sol_key,nsn,solicitation,issued,return_by,doc_posted_updated,fob,inspection,tech_data,purchase_requests,pdf_url,package_url,official_link,search_term,page,retrieved_utc,nsn_raw,nomenclature,amsc,naics,quantity_listed,approved_source,parse_issue,issued_dt,return_by_dt,found_by_terms,line_key,category,category_name,primary_keyword,keyword_tags,broad_only,group,review_flag,reason
SPE8E626T4783,4210-01-275-4084,SPE8E626T4783,09-30-2026,10-13-2026,2026-09-29 09:03:10,Destination,Destination,None,7018559347,https://dibbs2.bsm.dla.mil/Downloads/RFQ/3/SPE8E626T4783.PDF,https://www.dibbs.bsm.dla.mil/RFQ/RFQRec.aspx?sn=SPE8E626T4783,https://www.dibbs.bsm.dla.mil/rfq/rfqrec.aspx?sn=SPE8E626T4783,PANEL,1,20260930T154318Z,4210-01-275-4084,"MODULE,MATRIX PANEL",H,314999,1.0,,,2026-09-30,2026-10-13,OVERLAY; PANEL,DIBBS|SPE8E626T4783|4210-01-275-4084,C01,Integrated Control / Indicator / HMI Panels,PANEL,PANEL,True,core,broad keyword only,"Broad keyword only in modifier, item noun is 'MODULE'"
SPE4A726T802F,6210-00-299-4072,SPE4A726T802F,09-29-2026,10-06-2026,2026-09-28 08:07:01,Origin,Destination,None,7018413405,https://dibbs2.bsm.dla.mil/Downloads/RFQ/F/SPE4A726T802F.PDF,https://www.dibbs.bsm.dla.mil/RFQ/RFQRec.aspx?sn=SPE4A726T802F,https://www.dibbs.bsm.dla.mil/rfq/rfqrec.aspx?sn=SPE4A726T802F,PANEL,1,20260930T154318Z,6210-00-299-4072,"LIGHT,PANEL",Q,335139,10.0,1RCS4 | 1255-03 | 98897	618237-4	LOCKHEED MARTIN CORP,,2026-09-29,2026-10-06,LIGHTING; PANEL,DIBBS|SPE4A726T802F|6210-00-299-4072,C01,Integrated Control / Indicator / HMI Panels,PANEL,PANEL,True,core,broad keyword only,"Broad keyword only in modifier, item noun is 'LIGHT'"
SPE7L126T18R1,1005-01-660-3915,SPE7L126T18R1,09-29-2026,10-09-2026,2026-09-28 05:05:10,Destination,Origin,Tech,7018496206,https://dibbs2.bsm.dla.mil/Downloads/RFQ/1/SPE7L126T18R1.PDF,https://www.dibbs.bsm.dla.mil/RFQ/RFQRec.aspx?sn=SPE7L126T18R1,https://www.dibbs.bsm.dla.mil/rfq/rfqrec.aspx?sn=SPE7L126T18R1,PANEL,1,20260930T154318Z,1005-01-660-3915,"MANUAL,FIRING,PANEL",G,332994,63.0,,,2026-09-29,2026-10-09,PANEL,DIBBS|SPE7L126T18R1|1005-01-660-3915,C01,Integrated Control / Indicator / HMI Panels,PANEL,PANEL,True,core,broad keyword only,"Broad keyword only in modifier, item noun is 'MANUAL'"
SPE4A626T37PP,5305-01-411-5399,SPE4A626T37PP,09-29-2026,10-06-2026,2026-09-28 05:05:10,Origin,Destination,Tech,7018458660,https://dibbs2.bsm.dla.mil/Downloads/RFQ/P/SPE4A626T37PP.PDF,https://www.dibbs.bsm.dla.mil/RFQ/RFQRec.aspx?sn=SPE4A626T37PP,https://www.dibbs.bsm.dla.mil/rfq/rfqrec.aspx?sn=SPE4A626T37PP,PANEL,1,20260930T154318Z,5305-01-411-5399,"SCREW ASSEMBLY,PANEL",G,332722,443.0,,,2026-09-29,2026-10-06,PANEL,DIBBS|SPE4A626T37PP|5305-01-411-5399,C01,Integrated Control / Indicator / HMI Panels,PANEL,PANEL,True,core,broad keyword only,"Broad keyword only in modifier, item noun is 'SCREW ASSEMBLY'"
SPE4A626T31WL,5325-00-849-4001,SPE4A626T31WL,09-18-2026,09-30-2026,2026-09-25 06:33:53,Origin,Origin,Tech,7018389139,https://dibbs2.bsm.dla.mil/Downloads/RFQ/L/SPE4A626T31WL.PDF,https://www.dibbs.bsm.dla.mil/RFQ/RFQRec.aspx?sn=SPE4A626T31WL,https://www.dibbs.bsm.dla.mil/rfq/rfqrec.aspx?sn=SPE4A626T31WL,PANEL,1,20260930T154318Z,5325-00-849-4001,"INSERT,PANEL FASTENER",C,332510,24.0,83324 | 403SF1032-08-3 | HOWMET GLOBAL FASTENING SYSTEMS INC,,2026-09-18,2026-09-30,PANEL,DIBBS|SPE4A626T31WL|5325-00-849-4001,C01,Integrated Control / Indicator / HMI Panels,PANEL,PANEL,True,core,broad keyword only,"Broad keyword only in modifier, item noun is 'INSERT'"
SPE4A626T32MT,5305-01-578-1416,SPE4A626T32MT,09-18-2026,09-30-2026,2026-09-25 06:33:28,Origin,Destination,None,7018390397,https://dibbs2.bsm.dla.mil/Downloads/RFQ/T/SPE4A626T32MT.PDF,https://www.dibbs.bsm.dla.mil/RFQ/RFQRec.aspx?sn=SPE4A626T32MT,https://www.dibbs.bsm.dla.mil/rfq/rfqrec.aspx?sn=SPE4A626T32MT,PANEL,1,20260930T154318Z,5305-01-578-1416,"SCREW ASSEMBLY,PANEL",D,332722,38.0,29372 | CA28204-10HS | HOWMET GLOBAL FASTENING SYSTEMS INC,,2026-09-18,2026-09-30,PANEL,DIBBS|SPE4A626T32MT|5305-01-578-1416,C01,Integrated Control / Indicator / HMI Panels,PANEL,PANEL,True,core,broad keyword only,"Broad keyword only in modifier, item noun is 'SCREW ASSEMBLY'"
SPE4A626T31JU,5325-01-575-0988,SPE4A626T31JU,09-17-2026,09-29-2026,2026-09-24 07:22:10,Origin,Destination,None,7018376944,https://dibbs2.bsm.dla.mil/Downloads/RFQ/U/SPE4A626T31JU.PDF,https://www.dibbs.bsm.dla.mil/RFQ/RFQRec.aspx?sn=SPE4A626T31JU,https://www.dibbs.bsm.dla.mil/rfq/rfqrec.aspx?sn=SPE4A626T31JU,PANEL,1,20260930T154318Z,5325-01-575-0988,"INSERT,PANEL FASTENER",Z,332722,135.0,"51439 | FTR-4-1-1-.300-S | FATIGUE TECHNOLOGY, INC",,2026-09-17,2026-09-29,PANEL,DIBBS|SPE4A626T31JU|5325-01-575-0988,C01,Integrated Control / Indicator / HMI Panels,PANEL,PANEL,True,core,broad keyword only,"Broad keyword only in modifier, item noun is 'INSERT'"
SPE4A626T36VE,5325-00-123-2780,SPE4A626T36VE,09-25-2026,10-02-2026,2026-09-24 06:52:53,Origin,Origin,Tech,7018457831,https://dibbs2.bsm.dla.mil/Downloads/RFQ/E/SPE4A626T36VE.PDF,https://www.dibbs.bsm.dla.mil/RFQ/RFQRec.aspx?sn=SPE4A626T36VE,https://www.dibbs.bsm.dla.mil/rfq/rfqrec.aspx?sn=SPE4A626T36VE,PANEL,1,20260930T154318Z,5325-00-123-2780,"INSERT,PANEL FASTENER",G,332510,133.0,,,2026-09-25,2026-10-02,PANEL,DIBBS|SPE4A626T36VE|5325-00-123-2780,C01,Integrated Control / Indicator / HMI Panels,PANEL,PANEL,True,core,broad keyword only,"Broad keyword only in modifier, item noun is 'INSERT'"
SPE8E726T3970,6220-01-649-0872,SPE8E726T3970,09-25-2026,10-05-2026,2026-09-24 04:56:31,Origin,Destination,Tech,7017953488,https://dibbs2.bsm.dla.mil/Downloads/RFQ/0/SPE8E726T3970.PDF,https://www.dibbs.bsm.dla.mil/RFQ/RFQRec.aspx?sn=SPE8E726T3970,https://www.dibbs.bsm.dla.mil/rfq/rfqrec.aspx?sn=SPE8E726T3970,PANEL,1,20260930T154318Z,6220-01-649-0872,"LIGHT,PANEL",B,336320,130.0,"3R006 | 0X43778 | OXLEY,INC.",,2026-09-25,2026-10-05,PANEL,DIBBS|SPE8E726T3970|6220-01-649-0872,C01,Integrated Control / Indicator / HMI Panels,PANEL,PANEL,True,core,broad keyword only,"Broad keyword only in modifier, item noun is 'LIGHT'"
SPE4A626T36MZ,5325-01-672-9497,SPE4A626T36MZ,09-25-2026,10-02-2026,2026-09-24 11:05:34,Origin,Destination,None,7018459394,https://dibbs2.bsm.dla.mil/Downloads/RFQ/Z/SPE4A626T36MZ.PDF,https://www.dibbs.bsm.dla.mil/RFQ/RFQRec.aspx?sn=SPE4A626T36MZ,https://www.dibbs.bsm.dla.mil/rfq/rfqrec.aspx?sn=SPE4A626T36MZ,PANEL,2,20260930T154334Z,5325-01-672-9497,"INSERT,PANEL FASTENER",D,332722,138.0,"51439 | FTSRC-908-A-2-.300-S | FATIGUE TECHNOLOGY, INC",,2026-09-25,2026-10-02,PANEL,DIBBS|SPE4A626T36MZ|5325-01-672-9497,C01,Integrated Control / Indicator / HMI Panels,PANEL,PANEL,True,core,broad keyword only,"Broad keyword only in modifier, item noun is 'INSERT'"
SPE4A626U4398,5305-01-620-4959,SPE4A626U4398,09-23-2026,10-07-2026,2026-09-22 06:20:26,Origin,Destination,None,1000241602,https://dibbs2.bsm.dla.mil/Downloads/RFQ/8/SPE4A626U4398.PDF,https://www.dibbs.bsm.dla.mil/RFQ/RFQRec.aspx?sn=SPE4A626U4398,https://www.dibbs.bsm.dla.mil/rfq/rfqrec.aspx?sn=SPE4A626U4398,PANEL,2,20260930T154334Z,5305-01-620-4959,"SCREW ASSEMBLY,PANEL",C,336412,342.0,58794 | FTD7201HS0420 | FASTENER TECHNOLOGY CORP,,2026-09-23,2026-10-07,PANEL,DIBBS|SPE4A626U4398|5305-01-620-4959,C01,Integrated Control / Indicator / HMI Panels,PANEL,PANEL,True,core,broad keyword only,"Broad keyword only in modifier, item noun is 'SCREW ASSEMBLY'"
SPE4A726T785U,1560-00-611-0316,SPE4A726T785U,09-23-2026,09-30-2026,2026-09-22 08:49:23,Origin,Destination,None,7017696944,https://dibbs2.bsm.dla.mil/Downloads/RFQ/U/SPE4A726T785U.PDF,https://www.dibbs.bsm.dla.mil/RFQ/RFQRec.aspx?sn=SPE4A726T785U,https://www.dibbs.bsm.dla.mil/rfq/rfqrec.aspx?sn=SPE4A726T785U,PANEL,2,20260930T154334Z,1560-00-611-0316,"SEAL,PRESSURE PANEL",P,336413,65.0,"75345 | 375122-1 | KIRKHILL, INC.",,2026-09-23,2026-09-30,PANEL,DIBBS|SPE4A726T785U|1560-00-611-0316,C01,Integrated Control / Indicator / HMI Panels,PANEL,PANEL,True,core,broad keyword only,"Broad keyword only in modifier, item noun is 'SEAL'"
SPE4A626T35CJ,5305-01-124-5787,SPE4A626T35CJ,09-23-2026,09-30-2026,2026-09-22 03:47:56,Origin,Destination,None,7018457854,https://dibbs2.bsm.dla.mil/Downloads/RFQ/J/SPE4A626T35CJ.PDF,https://www.dibbs.bsm.dla.mil/RFQ/RFQRec.aspx?sn=SPE4A626T35CJ,https://www.dibbs.bsm.dla.mil/rfq/rfqrec.aspx?sn=SPE4A626T35CJ,PANEL,2,20260930T154334Z,5305-01-124-5787,"SCREW ASSEMBLY,PANEL",C,332722,35.0,"17446 | 965368-59C | HUCK INTERNATIONAL, INC",,2026-09-23,2026-09-30,PANEL,DIBBS|SPE4A626T35CJ|5305-01-124-5787,C01,Integrated Control / Indicator / HMI Panels,PANEL,PANEL,True,core,broad keyword only,"Broad keyword only in modifier, item noun is 'SCREW ASSEMBLY'"
SPE4A626T35FE,5305-01-330-7093,SPE4A626T35FE,09-23-2026,09-30-2026,2026-09-22 03:47:56,Origin,Destination,Tech,7018458757,https://dibbs2.bsm.dla.mil/Downloads/RFQ/E/SPE4A626T35FE.PDF,https://www.dibbs.bsm.dla.mil/RFQ/RFQRec.aspx?sn=SPE4A626T35FE,https://www.dibbs.bsm.dla.mil/rfq/rfqrec.aspx?sn=SPE4A626T35FE,PANEL,2,20260930T154334Z,5305-01-330-7093,"SCREW ASSEMBLY,PANEL",G,332722,15.0,,,2026-09-23,2026-09-30,PANEL,DIBBS|SPE4A626T35FE|5305-01-330-7093,C01,Integrated Control / Indicator / HMI Panels,PANEL,PANEL,True,core,broad keyword only,"Broad keyword only in modifier, item noun is 'SCREW ASSEMBLY'"
SPE7M126T364S,6117-01-721-8551,SPE7M126T364S,09-21-2026,10-01-2026,2026-09-21 12:15:48,Origin,Destination,None,7018126239,https://dibbs2.bsm.dla.mil/Downloads/RFQ/S/SPE7M126T364S.PDF,https://www.dibbs.bsm.dla.mil/RFQ/RFQRec.aspx?sn=SPE7M126T364S,https://www.dibbs.bsm.dla.mil/rfq/rfqrec.aspx?sn=SPE7M126T364S,PANEL,2,20260930T154334Z,6117-01-721-8551,"BAG,SOLAR PANEL ASS",D,221114,1.0,"32LP4 | SPOCK-360W-CASE | SBM SOLAR, INC.",,2026-09-21,2026-10-01,PANEL,DIBBS|SPE7M126T364S|6117-01-721-8551,C01,Integrated Control / Indicator / HMI Panels,PANEL,PANEL,True,core,broad keyword only,"Broad keyword only in modifier, item noun is 'BAG'"
SPE7L326T158C,2510-01-678-8813,SPE7L326T158C,08-07-2026,09-23-2026,2026-09-18 05:57:34,Origin,Destination,None,7017775511,https://dibbs2.bsm.dla.mil/Downloads/RFQ/C/SPE7L326T158C.PDF,https://www.dibbs.bsm.dla.mil/RFQ/RFQRec.aspx?sn=SPE7L326T158C,https://www.dibbs.bsm.dla.mil/rfq/rfqrec.aspx?sn=SPE7L326T158C,PANEL,2,20260930T154334Z,2510-01-678-8813,"HOUSING,PANEL,VEHICULA",D,332999,25.0,1PWR4 | 118242 | 75Q65	D015B647	OSHKOSH DEFENSE LLC,,2026-08-07,2026-09-23,HOUSING; PANEL,DIBBS|SPE7L326T158C|2510-01-678-8813,C01,Integrated Control / Indicator / HMI Panels,PANEL,PANEL,True,core,broad keyword only,"Broad keyword only in modifier, item noun is 'HOUSING'"
SPE4A626U4342,5325-00-716-3561,SPE4A626U4342,09-18-2026,10-02-2026,2026-09-17 07:15:21,Origin,Destination,Tech,1000241932,https://dibbs2.bsm.dla.mil/Downloads/RFQ/2/SPE4A626U4342.PDF,https://www.dibbs.bsm.dla.mil/RFQ/RFQRec.aspx?sn=SPE4A626U4342,https://www.dibbs.bsm.dla.mil/rfq/rfqrec.aspx?sn=SPE4A626U4342,PANEL,2,20260930T154334Z,5325-00-716-3561,"INSERT,PANEL FASTENER",G,332510,93.0,,,2026-09-18,2026-10-02,PANEL,DIBBS|SPE4A626U4342|5325-00-716-3561,C01,Integrated Control / Indicator / HMI Panels,PANEL,PANEL,True,core,broad keyword only,"Broad keyword only in modifier, item noun is 'INSERT'"
SPE4A626U3630,5325-01-439-8806,SPE4A626U3630,09-03-2026,09-22-2026,2026-09-17 07:13:40,Origin,Destination,Tech,1000241434,https://dibbs2.bsm.dla.mil/Downloads/RFQ/0/SPE4A626U3630.PDF,https://www.dibbs.bsm.dla.mil/RFQ/RFQRec.aspx?sn=SPE4A626U3630,https://www.dibbs.bsm.dla.mil/rfq/rfqrec.aspx?sn=SPE4A626U3630,PANEL,2,20260930T154334Z,5325-01-439-8806,"INSERT,PANEL FASTENER",G,332510,1809.0,,,2026-09-03,2026-09-22,PANEL,DIBBS|SPE4A626U3630|5325-01-439-8806,C01,Integrated Control / Indicator / HMI Panels,PANEL,PANEL,True,core,broad keyword only,"Broad keyword only in modifier, item noun is 'INSERT'"
SPE4A626T27PF,5305-01-177-9741,SPE4A626T27PF,09-10-2026,09-22-2026,2026-09-17 07:12:51,Origin,Destination,Tech,7018248452,https://dibbs2.bsm.dla.mil/Downloads/RFQ/F/SPE4A626T27PF.PDF,https://www.dibbs.bsm.dla.mil/RFQ/RFQRec.aspx?sn=SPE4A626T27PF,https://www.dibbs.bsm.dla.mil/rfq/rfqrec.aspx?sn=SPE4A626T27PF,PANEL,2,20260930T154334Z,5305-01-177-9741,"SCREW ASSEMBLY,PANEL",C,332722,230.0,29372 | CA28080-3B-10HS | HOWMET GLOBAL FASTENING SYSTEMS INC,,2026-09-10,2026-09-22,PANEL,DIBBS|SPE4A626T27PF|5305-01-177-9741,C01,Integrated Control / Indicator / HMI Panels,PANEL,PANEL,True,core,broad keyword only,"Broad keyword only in modifier, item noun is 'SCREW ASSEMBLY'"
SPE4A626T33BN,5305-01-690-2759,SPE4A626T33BN,09-18-2026,09-25-2026,2026-09-17 05:01:43,Origin,Destination,None,7014665989,https://dibbs2.bsm.dla.mil/Downloads/RFQ/N/SPE4A626T33BN.PDF,https://www.dibbs.bsm.dla.mil/RFQ/RFQRec.aspx?sn=SPE4A626T33BN,https://www.dibbs.bsm.dla.mil/rfq/rfqrec.aspx?sn=SPE4A626T33BN,PANEL,2,20260930T154334Z,5305-01-690-2759,"SCREW,PANEL FASTENE",R,332722,4.0,"0HDW7 | DCTL7900HS-4-B-3 | HUCK INTERNATIONAL, INC.",,2026-09-18,2026-09-25,PANEL,DIBBS|SPE4A626T33BN|5305-01-690-2759,C01,Integrated Control / Indicator / HMI Panels,PANEL,PANEL,True,core,broad keyword only,"Broad keyword only in modifier, item noun is 'SCREW'"
SPE4A626T32TH,5305-01-123-9794,SPE4A626T32TH,09-18-2026,09-25-2026,2026-09-17 10:40:21,Origin,Destination,Tech,7017696925,https://dibbs2.bsm.dla.mil/Downloads/RFQ/H/SPE4A626T32TH.PDF,https://www.dibbs.bsm.dla.mil/RFQ/RFQRec.aspx?sn=SPE4A626T32TH,https://www.dibbs.bsm.dla.mil/rfq/rfqrec.aspx?sn=SPE4A626T32TH,PANEL,2,20260930T154334Z,5305-01-123-9794,"SCREW ASSEMBLY,PANEL",B,332722,6.0,"58998 | CS3047-3A3 | FASTENER INNOVATION TECHNOLOGY, INC",,2026-09-18,2026-09-25,PANEL,DIBBS|SPE4A626T32TH|5305-01-123-9794,C01,Integrated Control / Indicator / HMI Panels,PANEL,PANEL,True,core,broad keyword only,"Broad keyword only in modifier, item noun is 'SCREW ASSEMBLY'"
SPE4A526T447D,4920-01-645-7812,SPE4A526T447D,09-18-2026,09-25-2026,2026-09-17 07:02:06,Origin,Destination,None,7018318965,https://dibbs2.bsm.dla.mil/Downloads/RFQ/D/SPE4A526T447D.PDF,https://www.dibbs.bsm.dla.mil/RFQ/RFQRec.aspx?sn=SPE4A526T447D,https://www.dibbs.bsm.dla.mil/rfq/rfqrec.aspx?sn=SPE4A526T447D,PANEL,2,20260930T154334Z,4920-01-645-7812,"NRP,FTIR REAR PANEL",P,334419,1.0,3WXJ7 | 714-206200 | THERMO ELECTRON NORTH AMERICA LLC,,2026-09-18,2026-09-25,PANEL,DIBBS|SPE4A526T447D|4920-01-645-7812,C01,Integrated Control / Indicator / HMI Panels,PANEL,PANEL,True,core,broad keyword only,"Broad keyword only in modifier, item noun is 'NRP'"
SPE4A626T32NT,5305-01-620-4959,SPE4A626T32NT,09-18-2026,09-25-2026,2026-09-17 04:43:22,Origin,Destination,None,7018392118,https://dibbs2.bsm.dla.mil/Downloads/RFQ/T/SPE4A626T32NT.PDF,https://www.dibbs.bsm.dla.mil/RFQ/RFQRec.aspx?sn=SPE4A626T32NT,https://www.dibbs.bsm.dla.mil/rfq/rfqrec.aspx?sn=SPE4A626T32NT,PANEL,2,20260930T154334Z,5305-01-620-4959,"SCREW ASSEMBLY,PANEL",C,336412,190.0,58794 | FTD7201HS0420 | FASTENER TECHNOLOGY CORP,,2026-09-18,2026-09-25,PANEL,DIBBS|SPE4A626T32NT|5305-01-620-4959,C01,Integrated Control / Indicator / HMI Panels,PANEL,PANEL,True,core,broad keyword only,"Broad keyword only in modifier, item noun is 'SCREW ASSEMBLY'"
SPE4A626T31ZZ,6220-01-510-9765,SPE4A626T31ZZ,09-18-2026,09-25-2026,2026-09-17 04:24:21,Origin,Destination,None,7018389017,https://dibbs2.bsm.dla.mil/Downloads/RFQ/Z/SPE4A626T31ZZ.PDF,https://www.dibbs.bsm.dla.mil/RFQ/RFQRec.aspx?sn=SPE4A626T31ZZ,https://www.dibbs.bsm.dla.mil/rfq/rfqrec.aspx?sn=SPE4A626T31ZZ,PANEL,2,20260930T154334Z,6220-01-510-9765,"LIGHT,PANEL",Q,336320,22.0,0VDA9 | 934-870-06 | LUMINATOR HOLDING L.P,,2026-09-18,2026-09-25,PANEL,DIBBS|SPE4A626T31ZZ|6220-01-510-9765,C01,Integrated Control / Indicator / HMI Panels,PANEL,PANEL,True,core,broad keyword only,"Broad keyword only in modifier, item noun is 'LIGHT'"
SPE4A526T437X,6210-01-696-0226,SPE4A526T437X,09-17-2026,09-24-2026,2026-09-16 09:49:21,Origin,Destination,None,7018305796,https://dibbs2.bsm.dla.mil/Downloads/RFQ/X/SPE4A526T437X.PDF,https://www.dibbs.bsm.dla.mil/RFQ/RFQRec.aspx?sn=SPE4A526T437X,https://www.dibbs.bsm.dla.mil/rfq/rfqrec.aspx?sn=SPE4A526T437X,PANEL,2,20260930T154334Z,6210-01-696-0226,"LIGHT,PANEL",D,000000,8.0,78286 | 06550-00829-111 | SIKORSKY AIRCRAFT CORPORATION,,2026-09-17,2026-09-24,PANEL,DIBBS|SPE4A526T437X|6210-01-696-0226,C01,Integrated Control / Indicator / HMI Panels,PANEL,PANEL,True,core,broad keyword only,"Broad keyword only in modifier, item noun is 'LIGHT'"
SPE4A626T31SK,5305-01-151-1034,SPE4A626T31SK,09-17-2026,09-24-2026,2026-09-16 09:49:21,Origin,Destination,Tech,7018380235,https://dibbs2.bsm.dla.mil/Downloads/RFQ/K/SPE4A626T31SK.PDF,https://www.dibbs.bsm.dla.mil/RFQ/RFQRec.aspx?sn=SPE4A626T31SK,https://www.dibbs.bsm.dla.mil/rfq/rfqrec.aspx?sn=SPE4A626T31SK,PANEL,2,20260930T154334Z,5305-01-151-1034,"SCREW ASSEMBLY,PANEL",C,332722,167.0,"0HDW7 | FRWS7500-4-B-2DL | HUCK INTERNATIONAL, INC.",,2026-09-17,2026-09-24,PANEL,DIBBS|SPE4A626T31SK|5305-01-151-1034,C01,Integrated Control / Indicator / HMI Panels,PANEL,PANEL,True,core,broad keyword only,"Broad keyword only in modifier, item noun is 'SCREW ASSEMBLY'"
SPE4A626T31JT,5325-01-660-3422,SPE4A626T31JT,09-17-2026,09-24-2026,2026-09-16 09:49:21,Origin,Destination,Tech,7018380361,https://dibbs2.bsm.dla.mil/Downloads/RFQ/T/SPE4A626T31JT.PDF,https://www.dibbs.bsm.dla.mil/RFQ/RFQRec.aspx?sn=SPE4A626T31JT,https://www.dibbs.bsm.dla.mil/rfq/rfqrec.aspx?sn=SPE4A626T31JT,PANEL,2,20260930T154334Z,5325-01-660-3422,"INSERT,PANEL FASTENER",B,332722,3.0,"56958 | 80-011-P7D2-6 | YOUNG ENGINEERS INC., THE",,2026-09-17,2026-09-24,PANEL,DIBBS|SPE4A626T31JT|5325-01-660-3422,C01,Integrated Control / Indicator / HMI Panels,PANEL,PANEL,True,core,broad keyword only,"Broad keyword only in modifier, item noun is 'INSERT'"
SPE4A626T30CY,5305-01-527-8571,SPE4A626T30CY,09-16-2026,09-23-2026,2026-09-15 03:50:49,Origin,Destination,None,7018342194,https://dibbs2.bsm.dla.mil/Downloads/RFQ/Y/SPE4A626T30CY.PDF,https://www.dibbs.bsm.dla.mil/RFQ/RFQRec.aspx?sn=SPE4A626T30CY,https://www.dibbs.bsm.dla.mil/rfq/rfqrec.aspx?sn=SPE4A626T30CY,PANEL,2,20260930T154334Z,5305-01-527-8571,"SCREW ASSEMBLY,PANEL",Q,332722,168.0,04939 | 79717005-004 | LOCKHEED MARTIN CORPORATION,,2026-09-16,2026-09-23,PANEL,DIBBS|SPE4A626T30CY|5305-01-527-8571,C01,Integrated Control / Indicator / HMI Panels,PANEL,PANEL,True,core,broad keyword only,"Broad keyword only in modifier, item noun is 'SCREW ASSEMBLY'"
SPE4A626T29VD,5305-01-281-7164,SPE4A626T29VD,09-16-2026,09-23-2026,2026-09-15 03:50:49,Origin,Destination,Tech,7018343766,https://dibbs2.bsm.dla.mil/Downloads/RFQ/D/SPE4A626T29VD.PDF,https://www.dibbs.bsm.dla.mil/RFQ/RFQRec.aspx?sn=SPE4A626T29VD,https://www.dibbs.bsm.dla.mil/rfq/rfqrec.aspx?sn=SPE4A626T29VD,PANEL,3,20260930T154351Z,5305-01-281-7164,"SCREW ASSEMBLY,PANEL",G,332722,83.0,,,2026-09-16,2026-09-23,PANEL,DIBBS|SPE4A626T29VD|5305-01-281-7164,C01,Integrated Control / Indicator / HMI Panels,PANEL,PANEL,True,core,broad keyword only,"Broad keyword only in modifier, item noun is 'SCREW ASSEMBLY'"
SPE4A626T29SU,5305-01-009-7364,SPE4A626T29SU,09-16-2026,09-23-2026,2026-09-15 03:50:49,Origin,Destination,None,7018342660,https://dibbs2.bsm.dla.mil/Downloads/RFQ/U/SPE4A626T29SU.PDF,https://www.dibbs.bsm.dla.mil/RFQ/RFQRec.aspx?sn=SPE4A626T29SU,https://www.dibbs.bsm.dla.mil/rfq/rfqrec.aspx?sn=SPE4A626T29SU,PANEL,3,20260930T154351Z,5305-01-009-7364,"SCREW ASSEMBLY,PANEL",C,332722,170.0,"0HDW7 | FRSS7500-8-B-3 | HUCK INTERNATIONAL, INC.",,2026-09-16,2026-09-23,PANEL,DIBBS|SPE4A626T29SU|5305-01-009-7364,C01,Integrated Control / Indicator / HMI Panels,PANEL,PANEL,True,core,broad keyword only,"Broad keyword only in modifier, item noun is 'SCREW ASSEMBLY'"
SPE8E726T3790,6220-12-348-5752,SPE8E726T3790,09-03-2026,09-17-2026,2026-09-14 06:38:59,Origin,Destination,None,7018161964,https://dibbs2.bsm.dla.mil/Downloads/RFQ/0/SPE8E726T3790.PDF,https://www.dibbs.bsm.dla.mil/RFQ/RFQRec.aspx?sn=SPE8E726T3790,https://www.dibbs.bsm.dla.mil/rfq/rfqrec.aspx?sn=SPE8E726T3790,PANEL,3,20260930T154351Z,6220-12-348-5752,"LIGHT,PANEL",D,336320,32.0,D0857 | 235.07.0001 | VINCORION POWER SYSTEMS GMBH,,2026-09-03,2026-09-17,PANEL,DIBBS|SPE8E726T3790|6220-12-348-5752,C01,Integrated Control / Indicator / HMI Panels,PANEL,PANEL,True,core,broad keyword only,"Broad keyword only in modifier, item noun is 'LIGHT'"
SPE4A626T29FB,5305-01-668-2993,SPE4A626T29FB,09-14-2026,09-21-2026,2026-09-13 03:47:14,Origin,Destination,None,7018305683,https://dibbs2.bsm.dla.mil/Downloads/RFQ/B/SPE4A626T29FB.PDF,https://www.dibbs.bsm.dla.mil/RFQ/RFQRec.aspx?sn=SPE4A626T29FB,https://www.dibbs.bsm.dla.mil/rfq/rfqrec.aspx?sn=SPE4A626T29FB,PANEL,3,20260930T154351Z,5305-01-668-2993,"SCREW ASSEMBLY,PANEL",C,488190,119.0,73197 | HST315YV6-4 | HI-SHEAR CORPORATION,,2026-09-14,2026-09-21,PANEL,DIBBS|SPE4A626T29FB|5305-01-668-2993,C01,Integrated Control / Indicator / HMI Panels,PANEL,PANEL,True,core,broad keyword only,"Broad keyword only in modifier, item noun is 'SCREW ASSEMBLY'"
SPE4A626T29EQ,5305-01-668-1702,SPE4A626T29EQ,09-14-2026,09-21-2026,2026-09-13 03:47:14,Origin,Destination,None,7018305659,https://dibbs2.bsm.dla.mil/Downloads/RFQ/Q/SPE4A626T29EQ.PDF,https://www.dibbs.bsm.dla.mil/RFQ/RFQRec.aspx?sn=SPE4A626T29EQ,https://www.dibbs.bsm.dla.mil/rfq/rfqrec.aspx?sn=SPE4A626T29EQ,PANEL,3,20260930T154351Z,5305-01-668-1702,"SCREW ASSEMBLY,PANEL",D,488190,115.0,73197 | HST10YV-6-7 | HI-SHEAR CORPORATION,,2026-09-14,2026-09-21,PANEL,DIBBS|SPE4A626T29EQ|5305-01-668-1702,C01,Integrated Control / Indicator / HMI Panels,PANEL,PANEL,True,core,broad keyword only,"Broad keyword only in modifier, item noun is 'SCREW ASSEMBLY'"
SPE4A626U4159,5305-01-667-3723,SPE4A626U4159,09-11-2026,09-25-2026,2026-09-10 08:10:05,Origin,Destination,None,1000243308,https://dibbs2.bsm.dla.mil/Downloads/RFQ/9/SPE4A626U4159.PDF,https://www.dibbs.bsm.dla.mil/RFQ/RFQRec.aspx?sn=SPE4A626U4159,https://www.dibbs.bsm.dla.mil/rfq/rfqrec.aspx?sn=SPE4A626U4159,PANEL,3,20260930T154351Z,5305-01-667-3723,"SCREW,PANEL FASTENER",D,332722,1814.0,58794 | FTF7295HS12C1-2 | FASTENER TECHNOLOGY CORP,,2026-09-11,2026-09-25,PANEL,DIBBS|SPE4A626U4159|5305-01-667-3723,C01,Integrated Control / Indicator / HMI Panels,PANEL,PANEL,True,core,broad keyword only,"Broad keyword only in modifier, item noun is 'SCREW'"
SPE4A626T28QP,5325-01-025-0589,SPE4A626T28QP,09-11-2026,09-18-2026,2026-09-10 08:10:05,Origin,Origin,Tech,7018225484,https://dibbs2.bsm.dla.mil/Downloads/RFQ/P/SPE4A626T28QP.PDF,https://www.dibbs.bsm.dla.mil/RFQ/RFQRec.aspx?sn=SPE4A626T28QP,https://www.dibbs.bsm.dla.mil/rfq/rfqrec.aspx?sn=SPE4A626T28QP,PANEL,3,20260930T154351Z,5325-01-025-0589,"INSERT,PANEL FASTENER",B,332510,1.0,"56958 | 80-013S4F14-9 | YOUNG ENGINEERS INC., THE",,2026-09-11,2026-09-18,PANEL,DIBBS|SPE4A626T28QP|5325-01-025-0589,C01,Integrated Control / Indicator / HMI Panels,PANEL,PANEL,True,core,broad keyword only,"Broad keyword only in modifier, item noun is 'INSERT'"
SPE4A726T707E,5342-00-671-4195,SPE4A726T707E,09-01-2026,09-11-2026,2026-09-09 12:17:54,Origin,Destination,Tech,7017940034,https://dibbs2.bsm.dla.mil/Downloads/RFQ/E/SPE4A726T707E.PDF,https://www.dibbs.bsm.dla.mil/RFQ/RFQRec.aspx?sn=SPE4A726T707E,https://www.dibbs.bsm.dla.mil/rfq/rfqrec.aspx?sn=SPE4A726T707E,PANEL,3,20260930T154351Z,5342-00-671-4195,"HINGE,PANEL,AERODYN",C,332994,3.0,"065R8 | 4-3924-1001 | PATRIOT MACHINE, INC.",,2026-09-01,2026-09-11,PANEL,DIBBS|SPE4A726T707E|5342-00-671-4195,C01,Integrated Control / Indicator / HMI Panels,PANEL,PANEL,True,core,broad keyword only,"Broad keyword only in modifier, item noun is 'HINGE'"
SPE4A626T24ZD,5325-01-628-8449,SPE4A626T24ZD,09-01-2026,09-08-2026,2026-08-31 06:09:36,Origin,Origin,Tech,7017996645,https://dibbs2.bsm.dla.mil/Downloads/RFQ/D/SPE4A626T24ZD.PDF,https://www.dibbs.bsm.dla.mil/RFQ/RFQRec.aspx?sn=SPE4A626T24ZD,https://www.dibbs.bsm.dla.mil/rfq/rfqrec.aspx?sn=SPE4A626T24ZD,PANEL,3,20260930T154351Z,5325-01-628-8449,"INSERT,PANEL FASTEN",G,332510,16.0,,,2026-09-01,2026-09-08,PANEL,DIBBS|SPE4A626T24ZD|5325-01-628-8449,C01,Integrated Control / Indicator / HMI Panels,PANEL,PANEL,True,core,broad keyword only,"Broad keyword only in modifier, item noun is 'INSERT'"
SPE4A626T24TR,5305-00-557-9614,SPE4A626T24TR,08-31-2026,09-08-2026,2026-08-30 03:26:25,Origin,Destination,None,7018066474,https://dibbs2.bsm.dla.mil/Downloads/RFQ/R/SPE4A626T24TR.PDF,https://www.dibbs.bsm.dla.mil/RFQ/RFQRec.aspx?sn=SPE4A626T24TR,https://www.dibbs.bsm.dla.mil/rfq/rfqrec.aspx?sn=SPE4A626T24TR,PANEL,3,20260930T154351Z,5305-00-557-9614,"SCREW ASSEMBLY,PANEL",C,332722,9.0,"05869 | 720217-33 | 0HDW7	FRB7500-10D3	HUCK INTERNATIONAL, INC.",,2026-08-31,2026-09-08,PANEL,DIBBS|SPE4A626T24TR|5305-00-557-9614,C01,Integrated Control / Indicator / HMI Panels,PANEL,PANEL,True,core,broad keyword only,"Broad keyword only in modifier, item noun is 'SCREW ASSEMBLY'"
SPE4A626T24AB,5305-01-212-6130,SPE4A626T24AB,08-28-2026,09-04-2026,2026-08-27 09:49:37,Origin,Origin,None,7018067113,https://dibbs2.bsm.dla.mil/Downloads/RFQ/B/SPE4A626T24AB.PDF,https://www.dibbs.bsm.dla.mil/RFQ/RFQRec.aspx?sn=SPE4A626T24AB,https://www.dibbs.bsm.dla.mil/rfq/rfqrec.aspx?sn=SPE4A626T24AB,PANEL,3,20260930T154351Z,5305-01-212-6130,"SCREW ASSEMBLY,PANEL",L,332722,124.0,46384 | PS-632-84 | PENN ENGINEERING & MANUFACTURING CO,,2026-08-28,2026-09-04,PANEL,DIBBS|SPE4A626T24AB|5305-01-212-6130,C01,Integrated Control / Indicator / HMI Panels,PANEL,PANEL,True,core,broad keyword only,"Broad keyword only in modifier, item noun is 'SCREW ASSEMBLY'"
SPE4A626T23NY,5305-01-481-0373,SPE4A626T23NY,08-27-2026,09-03-2026,2026-08-26 09:44:38,Origin,Origin,None,7018069440,https://dibbs2.bsm.dla.mil/Downloads/RFQ/Y/SPE4A626T23NY.PDF,https://www.dibbs.bsm.dla.mil/RFQ/RFQRec.aspx?sn=SPE4A626T23NY,https://www.dibbs.bsm.dla.mil/rfq/rfqrec.aspx?sn=SPE4A626T23NY,PANEL,3,20260930T154351Z,5305-01-481-0373,"SCREW,PANEL FASTENER",R,332722,19.0,"62228 | 397539-1 | MEGGITT DEFENSE SYSTEMS, INC.",,2026-08-27,2026-09-03,PANEL,DIBBS|SPE4A626T23NY|5305-01-481-0373,C01,Integrated Control / Indicator / HMI Panels,PANEL,PANEL,True,core,broad keyword only,"Broad keyword only in modifier, item noun is 'SCREW'"
SPE4A726T659A,6210-00-226-9264,SPE4A726T659A,08-17-2026,08-28-2026,2026-08-26 01:10:43,Origin,Destination,None,7017913188,https://dibbs2.bsm.dla.mil/Downloads/RFQ/A/SPE4A726T659A.PDF,https://www.dibbs.bsm.dla.mil/RFQ/RFQRec.aspx?sn=SPE4A726T659A,https://www.dibbs.bsm.dla.mil/rfq/rfqrec.aspx?sn=SPE4A726T659A,PANEL,3,20260930T154351Z,6210-00-226-9264,"LIGHT,PANEL",L,335139,6.0,"1SG29 | 950009-01 | PANELIGHT COMPONENTS GROUP, LLC",,2026-08-17,2026-08-28,PANEL,DIBBS|SPE4A726T659A|6210-00-226-9264,C01,Integrated Control / Indicator / HMI Panels,PANEL,PANEL,True,core,broad keyword only,"Broad keyword only in modifier, item noun is 'LIGHT'"
SPE4A726T658K,1560-00-023-9397,SPE4A726T658K,08-17-2026,08-28-2026,2026-08-26 01:10:09,Origin,Destination,None,7017915512,https://dibbs2.bsm.dla.mil/Downloads/RFQ/K/SPE4A726T658K.PDF,https://www.dibbs.bsm.dla.mil/RFQ/RFQRec.aspx?sn=SPE4A726T658K,https://www.dibbs.bsm.dla.mil/rfq/rfqrec.aspx?sn=SPE4A726T658K,PANEL,3,20260930T154351Z,1560-00-023-9397,"HINGE,NACELLE PANEL",C,336413,15.0,"2X974 | 65302-12003-114 | INSPIRNETICS, INC",,2026-08-17,2026-08-28,PANEL,DIBBS|SPE4A726T658K|1560-00-023-9397,C01,Integrated Control / Indicator / HMI Panels,PANEL,PANEL,True,core,broad keyword only,"Broad keyword only in modifier, item noun is 'HINGE'"
SPE4A626T18UU,5305-00-136-2968,SPE4A626T18UU,08-18-2026,08-28-2026,2026-08-26 11:34:59,Origin,Destination,None,7017912724,https://dibbs2.bsm.dla.mil/Downloads/RFQ/U/SPE4A626T18UU.PDF,https://www.dibbs.bsm.dla.mil/RFQ/RFQRec.aspx?sn=SPE4A626T18UU,https://www.dibbs.bsm.dla.mil/rfq/rfqrec.aspx?sn=SPE4A626T18UU,PANEL,3,20260930T154351Z,5305-00-136-2968,"SCREW ASSEMBLY,PANEL",C,332722,67.0,"0HDW7 | D7500-10-B-4 | HUCK INTERNATIONAL, INC.",,2026-08-18,2026-08-28,PANEL,DIBBS|SPE4A626T18UU|5305-00-136-2968,C01,Integrated Control / Indicator / HMI Panels,PANEL,PANEL,True,core,broad keyword only,"Broad keyword only in modifier, item noun is 'SCREW ASSEMBLY'"
SPE4A726T687Z,1680-01-599-1009,SPE4A726T687Z,08-25-2026,09-01-2026,2026-08-24 11:53:04,Origin,Origin,None,7017996695,https://dibbs2.bsm.dla.mil/Downloads/RFQ/Z/SPE4A726T687Z.PDF,https://www.dibbs.bsm.dla.mil/RFQ/RFQRec.aspx?sn=SPE4A726T687Z,https://www.dibbs.bsm.dla.mil/rfq/rfqrec.aspx?sn=SPE4A726T687Z,PANEL,4,20260930T154409Z,1680-01-599-1009,"NRP,PANEL FASTENERS",C,336413,2.0,,,2026-08-25,2026-09-01,PANEL,DIBBS|SPE4A726T687Z|1680-01-599-1009,C01,Integrated Control / Indicator / HMI Panels,PANEL,PANEL,True,core,broad keyword only,"Broad keyword only in modifier, item noun is 'NRP'"
SPE4A626T18WA,5305-01-232-9759,SPE4A626T18WA,08-18-2026,08-25-2026,2026-08-21 02:41:27,Origin,Origin,Tech,7017911833,https://dibbs2.bsm.dla.mil/Downloads/RFQ/A/SPE4A626T18WA.PDF,https://www.dibbs.bsm.dla.mil/RFQ/RFQRec.aspx?sn=SPE4A626T18WA,https://www.dibbs.bsm.dla.mil/rfq/rfqrec.aspx?sn=SPE4A626T18WA,PANEL,4,20260930T154409Z,5305-01-232-9759,"SCREW ASSEMBLY,PANEL",G,332722,24.0,,,2026-08-18,2026-08-25,PANEL,DIBBS|SPE4A626T18WA|5305-01-232-9759,C01,Integrated Control / Indicator / HMI Panels,PANEL,PANEL,True,core,broad keyword only,"Broad keyword only in modifier, item noun is 'SCREW ASSEMBLY'"
SPE7M226T2803,5305-01-200-1340,SPE7M226T2803,02-27-2026,03-09-2026,2026-08-21 02:41:27,Origin,Destination,None,7015330120,https://dibbs2.bsm.dla.mil/Downloads/RFQ/3/SPE7M226T2803.PDF,https://www.dibbs.bsm.dla.mil/RFQ/RFQRec.aspx?sn=SPE7M226T2803,https://www.dibbs.bsm.dla.mil/rfq/rfqrec.aspx?sn=SPE7M226T2803,PANEL,4,20260930T154409Z,5305-01-200-1340,"SCREW,PANEL FASTENE",P,332722,42.0,30086 | 876258T01 | L3HARRIS MARITIME POWER & ENERGY,,2026-02-27,2026-03-09,PANEL,DIBBS|SPE7M226T2803|5305-01-200-1340,C01,Integrated Control / Indicator / HMI Panels,PANEL,PANEL,True,core,broad keyword only,"Broad keyword only in modifier, item noun is 'SCREW'"
SPE4A625T583Y,5325-00-936-6134,SPE4A625T583Y,01-27-2025,02-03-2025,2026-08-21 02:41:27,Origin,Origin,None,7010757309,https://dibbs2.bsm.dla.mil/Downloads/RFQ/Y/SPE4A625T583Y.PDF,https://www.dibbs.bsm.dla.mil/RFQ/RFQRec.aspx?sn=SPE4A625T583Y,https://www.dibbs.bsm.dla.mil/rfq/rfqrec.aspx?sn=SPE4A625T583Y,PANEL,4,20260930T154409Z,5325-00-936-6134,"INSERT,PANEL FASTEN",R,332510,50.0,83324 | S104D1032-12 | HOWMET GLOBAL FASTENING SYSTEMS INC,,2025-01-27,2025-02-03,PANEL,DIBBS|SPE4A625T583Y|5325-00-936-6134,C01,Integrated Control / Indicator / HMI Panels,PANEL,PANEL,True,core,broad keyword only,"Broad keyword only in modifier, item noun is 'INSERT'"
SPE4A726T098E,6210-00-553-6233,SPE4A726T098E,03-17-2026,03-24-2026,2026-08-21 02:41:27,Origin,Origin,None,7015854374,https://dibbs2.bsm.dla.mil/Downloads/RFQ/E/SPE4A726T098E.PDF,https://www.dibbs.bsm.dla.mil/RFQ/RFQRec.aspx?sn=SPE4A726T098E,https://www.dibbs.bsm.dla.mil/rfq/rfqrec.aspx?sn=SPE4A726T098E,PANEL,4,20260930T154409Z,6210-00-553-6233,"LIGHT,PANEL",R,335139,109.0,"06097 | A9850-2 | HOFFMAN ENGINEERING, LLC",,2026-03-17,2026-03-24,PANEL,DIBBS|SPE4A726T098E|6210-00-553-6233,C01,Integrated Control / Indicator / HMI Panels,PANEL,PANEL,True,core,broad keyword only,"Broad keyword only in modifier, item noun is 'LIGHT'"
SPE4A626T66K6,5325-01-357-4720,SPE4A626T66K6,05-21-2026,05-28-2026,2026-08-21 02:41:27,Origin,Origin,Tech,7016844859,https://dibbs2.bsm.dla.mil/Downloads/RFQ/6/SPE4A626T66K6.PDF,https://www.dibbs.bsm.dla.mil/RFQ/RFQRec.aspx?sn=SPE4A626T66K6,https://www.dibbs.bsm.dla.mil/rfq/rfqrec.aspx?sn=SPE4A626T66K6,PANEL,4,20260930T154409Z,5325-01-357-4720,"INSERT,PANEL FASTEN",G,332510,190.0,,,2026-05-21,2026-05-28,PANEL,DIBBS|SPE4A626T66K6|5325-01-357-4720,C01,Integrated Control / Indicator / HMI Panels,PANEL,PANEL,True,core,broad keyword only,"Broad keyword only in modifier, item noun is 'INSERT'"
SPE4A626T651H,5305-01-359-1335,SPE4A626T651H,02-10-2026,02-17-2026,2026-08-21 02:41:27,Origin,Destination,Tech,7014871844,https://dibbs2.bsm.dla.mil/Downloads/RFQ/H/SPE4A626T651H.PDF,https://www.dibbs.bsm.dla.mil/RFQ/RFQRec.aspx?sn=SPE4A626T651H,https://www.dibbs.bsm.dla.mil/rfq/rfqrec.aspx?sn=SPE4A626T651H,PANEL,4,20260930T154409Z,5305-01-359-1335,"SCREW,PANEL FASTENE",C,332722,567.0,"06725 | AIC4488-3-6 | SPS TECHNOLOGIES, LLC",,2026-02-10,2026-02-17,PANEL,DIBBS|SPE4A626T651H|5305-01-359-1335,C01,Integrated Control / Indicator / HMI Panels,PANEL,PANEL,True,core,broad keyword only,"Broad keyword only in modifier, item noun is 'SCREW'"
SPE4A626T19LT,6220-01-548-0079,SPE4A626T19LT,08-19-2026,08-26-2026,2026-08-21 02:41:27,Origin,Destination,None,7017939461,https://dibbs2.bsm.dla.mil/Downloads/RFQ/T/SPE4A626T19LT.PDF,https://www.dibbs.bsm.dla.mil/RFQ/RFQRec.aspx?sn=SPE4A626T19LT,https://www.dibbs.bsm.dla.mil/rfq/rfqrec.aspx?sn=SPE4A626T19LT,PANEL,4,20260930T154409Z,6220-01-548-0079,"LIGHT,PANEL",D,488190,4.0,62810 | 20-0089-5 | ACE AERONAUTICS LLC,,2026-08-19,2026-08-26,PANEL,DIBBS|SPE4A626T19LT|6220-01-548-0079,C01,Integrated Control / Indicator / HMI Panels,PANEL,PANEL,True,core,broad keyword only,"Broad keyword only in modifier, item noun is 'LIGHT'"
SPE4A625T17AB,5325-01-698-4931,SPE4A625T17AB,07-23-2025,07-30-2025,2026-08-21 02:41:27,Origin,Destination,None,7013063256,https://dibbs2.bsm.dla.mil/Downloads/RFQ/B/SPE4A625T17AB.PDF,https://www.dibbs.bsm.dla.mil/RFQ/RFQRec.aspx?sn=SPE4A625T17AB,https://www.dibbs.bsm.dla.mil/rfq/rfqrec.aspx?sn=SPE4A625T17AB,PANEL,5,20260930T154426Z,5325-01-698-4931,"INSERT,PANEL FASTEN",D,332722,26.0,29372 | CA358036-10 | HOWMET GLOBAL FASTENING SYSTEMS INC,,2025-07-23,2025-07-30,PANEL,DIBBS|SPE4A625T17AB|5325-01-698-4931,C01,Integrated Control / Indicator / HMI Panels,PANEL,PANEL,True,core,broad keyword only,"Broad keyword only in modifier, item noun is 'INSERT'"
SPE4A626T9322,5305-01-481-0373,SPE4A626T9322,11-13-2025,11-20-2025,2026-08-21 02:41:27,Origin,Origin,None,7014462802,https://dibbs2.bsm.dla.mil/Downloads/RFQ/2/SPE4A626T9322.PDF,https://www.dibbs.bsm.dla.mil/RFQ/RFQRec.aspx?sn=SPE4A626T9322,https://www.dibbs.bsm.dla.mil/rfq/rfqrec.aspx?sn=SPE4A626T9322,PANEL,5,20260930T154426Z,5305-01-481-0373,"SCREW,PANEL FASTENER",R,332722,1.0,"62228 | 397539-1 | MEGGITT DEFENSE SYSTEMS, INC.",,2025-11-13,2025-11-20,PANEL,DIBBS|SPE4A626T9322|5305-01-481-0373,C01,Integrated Control / Indicator / HMI Panels,PANEL,PANEL,True,core,broad keyword only,"Broad keyword only in modifier, item noun is 'SCREW'"
SPE4A626T750E,5305-01-578-1416,SPE4A626T750E,02-20-2026,03-04-2026,2026-08-21 02:41:27,Origin,Destination,None,7015599618,https://dibbs2.bsm.dla.mil/Downloads/RFQ/E/SPE4A626T750E.PDF,https://www.dibbs.bsm.dla.mil/RFQ/RFQRec.aspx?sn=SPE4A626T750E,https://www.dibbs.bsm.dla.mil/rfq/rfqrec.aspx?sn=SPE4A626T750E,PANEL,5,20260930T154426Z,5305-01-578-1416,"SCREW ASSEMBLY,PANEL",D,332722,16.0,29372 | CA28204-10HS | HOWMET GLOBAL FASTENING SYSTEMS INC,,2026-02-20,2026-03-04,PANEL,DIBBS|SPE4A626T750E|5305-01-578-1416,C01,Integrated Control / Indicator / HMI Panels,PANEL,PANEL,True,core,broad keyword only,"Broad keyword only in modifier, item noun is 'SCREW ASSEMBLY'"
SPE4A126T1183,5325-00-944-5582,SPE4A126T1183,01-14-2026,01-26-2026,2026-08-21 02:41:27,Origin,Destination,None,7015110679,https://dibbs2.bsm.dla.mil/Downloads/RFQ/3/SPE4A126T1183.PDF,https://www.dibbs.bsm.dla.mil/RFQ/RFQRec.aspx?sn=SPE4A126T1183,https://www.dibbs.bsm.dla.mil/rfq/rfqrec.aspx?sn=SPE4A126T1183,PANEL,5,20260930T154426Z,5325-00-944-5582,"INSERT,PANEL FASTENER",L,332722,697.0,6XGY8 | SLF602D3-40-40 | ATF AEROSPACE LLC,,2026-01-14,2026-01-26,PANEL,DIBBS|SPE4A126T1183|5325-00-944-5582,C01,Integrated Control / Indicator / HMI Panels,PANEL,PANEL,True,core,broad keyword only,"Broad keyword only in modifier, item noun is 'INSERT'"
SPE4A626T56D3,6210-00-974-5841,SPE4A626T56D3,05-15-2026,05-28-2026,2026-08-21 02:41:27,Origin,Destination,None,7016787057,https://dibbs2.bsm.dla.mil/Downloads/RFQ/3/SPE4A626T56D3.PDF,https://www.dibbs.bsm.dla.mil/RFQ/RFQRec.aspx?sn=SPE4A626T56D3,https://www.dibbs.bsm.dla.mil/rfq/rfqrec.aspx?sn=SPE4A626T56D3,PANEL,5,20260930T154426Z,6210-00-974-5841,"LIGHT,PANEL",L,335139,86.0,71744 | 900-200 | 80X53	900-200	VISUAL COMMUNICATIONS COMPANY LLC,,2026-05-15,2026-05-28,LIGHTING; PANEL,DIBBS|SPE4A626T56D3|6210-00-974-5841,C01,Integrated Control / Indicator / HMI Panels,PANEL,PANEL,True,core,broad keyword only,"Broad keyword only in modifier, item noun is 'LIGHT'"
SPE7L126T907J,2510-01-687-5387,SPE7L126T907J,08-04-2026,08-14-2026,2026-08-21 02:41:27,Origin,Destination,None,7017673528,https://dibbs2.bsm.dla.mil/Downloads/RFQ/J/SPE7L126T907J.PDF,https://www.dibbs.bsm.dla.mil/RFQ/RFQRec.aspx?sn=SPE7L126T907J,https://www.dibbs.bsm.dla.mil/rfq/rfqrec.aspx?sn=SPE7L126T907J,PANEL,5,20260930T154426Z,2510-01-687-5387,"HOUSING,PANEL,VEHIC",D,332999,1.0,"0EYA6 | PAAJ040211 | DEFENSE MARITIME SOLUTIONS, INC.",,2026-08-04,2026-08-14,HOUSING; PANEL,DIBBS|SPE7L126T907J|2510-01-687-5387,C01,Integrated Control / Indicator / HMI Panels,PANEL,PANEL,True,core,broad keyword only,"Broad keyword only in modifier, item noun is 'HOUSING'"
SPE4A626T150F,5305-01-374-2285,SPE4A626T150F,11-26-2025,12-22-2025,2026-08-21 02:41:27,Origin,Destination,Tech,7014629952,https://dibbs2.bsm.dla.mil/Downloads/RFQ/F/SPE4A626T150F.PDF,https://www.dibbs.bsm.dla.mil/RFQ/RFQRec.aspx?sn=SPE4A626T150F,https://www.dibbs.bsm.dla.mil/rfq/rfqrec.aspx?sn=SPE4A626T150F,PANEL,5,20260930T154426Z,5305-01-374-2285,"SCREW,PANEL FASTENE",C,332722,43.0,"0HDW7 | HSG7900-3B3.5 | HUCK INTERNATIONAL, INC.",,2025-11-26,2025-12-22,PANEL,DIBBS|SPE4A626T150F|5305-01-374-2285,C01,Integrated Control / Indicator / HMI Panels,PANEL,PANEL,True,core,broad keyword only,"Broad keyword only in modifier, item noun is 'SCREW'"
SPE4A726T3792,5325-00-367-9238,SPE4A726T3792,11-18-2025,11-25-2025,2026-08-21 02:41:27,Origin,Origin,Tech,7014494867,https://dibbs2.bsm.dla.mil/Downloads/RFQ/2/SPE4A726T3792.PDF,https://www.dibbs.bsm.dla.mil/RFQ/RFQRec.aspx?sn=SPE4A726T3792,https://www.dibbs.bsm.dla.mil/rfq/rfqrec.aspx?sn=SPE4A726T3792,PANEL,5,20260930T154426Z,5325-00-367-9238,"INSERT,PANEL FASTEN",G,332510,270.0,,,2025-11-18,2025-11-25,PANEL,DIBBS|SPE4A726T3792|5325-00-367-9238,C01,Integrated Control / Indicator / HMI Panels,PANEL,PANEL,True,core,broad keyword only,"Broad keyword only in modifier, item noun is 'INSERT'"
SPE4A726T234N,6210-01-111-0119,SPE4A726T234N,04-10-2026,04-17-2026,2026-08-21 02:41:27,Origin,Destination,Tech,7016286069,https://dibbs2.bsm.dla.mil/Downloads/RFQ/N/SPE4A726T234N.PDF,https://www.dibbs.bsm.dla.mil/RFQ/RFQRec.aspx?sn=SPE4A726T234N,https://www.dibbs.bsm.dla.mil/rfq/rfqrec.aspx?sn=SPE4A726T234N,PANEL,5,20260930T154426Z,6210-01-111-0119,"LIGHT,PANEL",C,335139,9.0,72914 | 15-0471-1 | GRIMES AEROSPACE COMPANY,,2026-04-10,2026-04-17,PANEL,DIBBS|SPE4A726T234N|6210-01-111-0119,C01,Integrated Control / Indicator / HMI Panels,PANEL,PANEL,True,core,broad keyword only,"Broad keyword only in modifier, item noun is 'LIGHT'"
SPE4A726T004B,6210-01-099-1685,SPE4A726T004B,02-24-2026,03-03-2026,2026-08-21 02:41:27,Origin,Destination,None,7015610373,https://dibbs2.bsm.dla.mil/Downloads/RFQ/B/SPE4A726T004B.PDF,https://www.dibbs.bsm.dla.mil/RFQ/RFQRec.aspx?sn=SPE4A726T004B,https://www.dibbs.bsm.dla.mil/rfq/rfqrec.aspx?sn=SPE4A726T004B,PANEL,5,20260930T154426Z,6210-01-099-1685,"LIGHT,PANEL",Q,335139,9.0,"0EFD0 | 262-1501-010 | ROCKWELL COLLINS, INC.",,2026-02-24,2026-03-03,PANEL,DIBBS|SPE4A726T004B|6210-01-099-1685,C01,Integrated Control / Indicator / HMI Panels,PANEL,PANEL,True,core,broad keyword only,"Broad keyword only in modifier, item noun is 'LIGHT'"
SPE4A626T89K4,5325-00-849-4001,SPE4A626T89K4,06-15-2026,06-25-2026,2026-08-21 02:41:27,Origin,Origin,None,7017148648,https://dibbs2.bsm.dla.mil/Downloads/RFQ/4/SPE4A626T89K4.PDF,https://www.dibbs.bsm.dla.mil/RFQ/RFQRec.aspx?sn=SPE4A626T89K4,https://www.dibbs.bsm.dla.mil/rfq/rfqrec.aspx?sn=SPE4A626T89K4,PANEL,5,20260930T154426Z,5325-00-849-4001,"INS ERT,PANEL FASTEN",C,332510,192.0,83324 | 403SF1032-08-3 | HOWMET GLOBAL FASTENING SYSTEMS INC,,2026-06-15,2026-06-25,PANEL,DIBBS|SPE4A626T89K4|5325-00-849-4001,C01,Integrated Control / Indicator / HMI Panels,PANEL,PANEL,True,core,broad keyword only,"Broad keyword only in modifier, item noun is 'INS ERT'"
SPE4A626T646V,5325-01-623-2757,SPE4A626T646V,02-09-2026,02-17-2026,2026-08-21 02:41:27,Origin,Origin,None,7012081924,https://dibbs2.bsm.dla.mil/Downloads/RFQ/V/SPE4A626T646V.PDF,https://www.dibbs.bsm.dla.mil/RFQ/RFQRec.aspx?sn=SPE4A626T646V,https://www.dibbs.bsm.dla.mil/rfq/rfqrec.aspx?sn=SPE4A626T646V,PANEL,6,20260930T154443Z,5325-01-623-2757,"INSERT,PANEL FASTEN",C,332510,313.0,"56958 | 80-013-S2F1-9 | YOUNG ENGINEERS INC., THE",,2026-02-09,2026-02-17,PANEL,DIBBS|SPE4A626T646V|5325-01-623-2757,C01,Integrated Control / Indicator / HMI Panels,PANEL,PANEL,True,core,broad keyword only,"Broad keyword only in modifier, item noun is 'INSERT'"
SPE4A626T19FS,5305-01-144-0991,SPE4A626T19FS,08-19-2026,08-26-2026,2026-08-21 02:41:27,Origin,Destination,None,7017939536,https://dibbs2.bsm.dla.mil/Downloads/RFQ/S/SPE4A626T19FS.PDF,https://www.dibbs.bsm.dla.mil/RFQ/RFQRec.aspx?sn=SPE4A626T19FS,https://www.dibbs.bsm.dla.mil/rfq/rfqrec.aspx?sn=SPE4A626T19FS,PANEL,6,20260930T154443Z,5305-01-144-0991,"SCREW ASSEMBLY,PANEL",R,332722,16.0,"0HDW7 | FRB7500HS-10-E-5 | HUCK INTERNATIONAL, INC.",,2026-08-19,2026-08-26,PANEL,DIBBS|SPE4A626T19FS|5305-01-144-0991,C01,Integrated Control / Indicator / HMI Panels,PANEL,PANEL,True,core,broad keyword only,"Broad keyword only in modifier, item noun is 'SCREW ASSEMBLY'"
SPE4A626T13BP,5325-00-716-3561,SPE4A626T13BP,08-06-2026,08-13-2026,2026-08-21 02:41:27,Origin,Destination,Tech,7016473535,https://dibbs2.bsm.dla.mil/Downloads/RFQ/P/SPE4A626T13BP.PDF,https://www.dibbs.bsm.dla.mil/RFQ/RFQRec.aspx?sn=SPE4A626T13BP,https://www.dibbs.bsm.dla.mil/rfq/rfqrec.aspx?sn=SPE4A626T13BP,PANEL,6,20260930T154443Z,5325-00-716-3561,"INSERT,PANEL FASTEN",G,332510,4303.0,,,2026-08-06,2026-08-13,PANEL,DIBBS|SPE4A626T13BP|5325-00-716-3561,C01,Integrated Control / Indicator / HMI Panels,PANEL,PANEL,True,core,broad keyword only,"Broad keyword only in modifier, item noun is 'INSERT'"
SPE7L125Q0897,2510-01-603-2079,SPE7L125Q0897,02-13-2025,02-27-2025,2026-08-21 02:41:27,Origin,Origin,Tech,7010783317,https://dibbs2.bsm.dla.mil/Downloads/RFQ/7/SPE7L125Q0897.PDF,https://www.dibbs.bsm.dla.mil/RFQ/RFQRec.aspx?sn=SPE7L125Q0897,https://www.dibbs.bsm.dla.mil/rfq/rfqrec.aspx?sn=SPE7L125Q0897,PANEL,6,20260930T154443Z,2510-01-603-2079,"HOUSING,PANEL,VEHIC",R,332999,11.0,,,2025-02-13,2025-02-27,FUEL; HOUSING; PANEL,DIBBS|SPE7L125Q0897|2510-01-603-2079,C01,Integrated Control / Indicator / HMI Panels,PANEL,PANEL,True,core,broad keyword only,"Broad keyword only in modifier, item noun is 'HOUSING'"
SPE4A726T532B,1560-00-715-0196,SPE4A726T532B,06-25-2026,07-02-2026,2026-08-21 02:41:27,Origin,Origin,Tech,7016645969,https://dibbs2.bsm.dla.mil/Downloads/RFQ/B/SPE4A726T532B.PDF,https://www.dibbs.bsm.dla.mil/RFQ/RFQRec.aspx?sn=SPE4A726T532B,https://www.dibbs.bsm.dla.mil/rfq/rfqrec.aspx?sn=SPE4A726T532B,PANEL,6,20260930T154443Z,1560-00-715-0196,"GUARD,PANEL,INSTRUC",C,336413,2.0,"06DM5 | 25-8005 | INFINITY FABRICATION, INC.",,2026-06-25,2026-07-02,PANEL,DIBBS|SPE4A726T532B|1560-00-715-0196,C01,Integrated Control / Indicator / HMI Panels,PANEL,PANEL,True,core,broad keyword only,"Broad keyword only in modifier, item noun is 'GUARD'"
SPE4A524T468Y,6210-00-877-7898,SPE4A524T468Y,07-11-2024,10-10-2024,2026-08-21 02:41:27,Origin,Origin,None,7008293581,https://dibbs2.bsm.dla.mil/Downloads/RFQ/Y/SPE4A524T468Y.PDF,https://www.dibbs.bsm.dla.mil/RFQ/RFQRec.aspx?sn=SPE4A524T468Y,https://www.dibbs.bsm.dla.mil/rfq/rfqrec.aspx?sn=SPE4A524T468Y,PANEL,6,20260930T154443Z,6210-00-877-7898,"LIGHT,PANEL",D,335139,2.0,72914 | B8710B | GRIMES AEROSPACE COMPANY,,2024-07-11,2024-10-10,PANEL,DIBBS|SPE4A524T468Y|6210-00-877-7898,C01,Integrated Control / Indicator / HMI Panels,PANEL,PANEL,True,core,broad keyword only,"Broad keyword only in modifier, item noun is 'LIGHT'"
SPE4A626T50L1,5325-00-975-0531,SPE4A626T50L1,05-11-2026,05-18-2026,2026-08-21 02:41:27,Origin,Origin,Tech,7015852503,https://dibbs2.bsm.dla.mil/Downloads/RFQ/1/SPE4A626T50L1.PDF,https://www.dibbs.bsm.dla.mil/RFQ/RFQRec.aspx?sn=SPE4A626T50L1,https://www.dibbs.bsm.dla.mil/rfq/rfqrec.aspx?sn=SPE4A626T50L1,PANEL,6,20260930T154443Z,5325-00-975-0531,"INSERT,PANEL FASTEN",G,332510,599.0,,,2026-05-11,2026-05-18,PANEL,DIBBS|SPE4A626T50L1|5325-00-975-0531,C01,Integrated Control / Indicator / HMI Panels,PANEL,PANEL,True,core,broad keyword only,"Broad keyword only in modifier, item noun is 'INSERT'"
SPE4A626T13SU,5325-01-302-9517,SPE4A626T13SU,08-06-2026,08-13-2026,2026-08-21 02:41:27,Origin,Destination,Tech,7017572131,https://dibbs2.bsm.dla.mil/Downloads/RFQ/U/SPE4A626T13SU.PDF,https://www.dibbs.bsm.dla.mil/RFQ/RFQRec.aspx?sn=SPE4A626T13SU,https://www.dibbs.bsm.dla.mil/rfq/rfqrec.aspx?sn=SPE4A626T13SU,PANEL,6,20260930T154443Z,5325-01-302-9517,"INSERT,PANEL FASTENER",G,332510,424.0,,,2026-08-06,2026-08-13,PANEL,DIBBS|SPE4A626T13SU|5325-01-302-9517,C01,Integrated Control / Indicator / HMI Panels,PANEL,PANEL,True,core,broad keyword only,"Broad keyword only in modifier, item noun is 'INSERT'"
SPE4A726T524W,6210-00-299-4072,SPE4A726T524W,06-23-2026,06-30-2026,2026-08-21 02:41:27,Origin,Destination,None,7017148636,https://dibbs2.bsm.dla.mil/Downloads/RFQ/W/SPE4A726T524W.PDF,https://www.dibbs.bsm.dla.mil/RFQ/RFQRec.aspx?sn=SPE4A726T524W,https://www.dibbs.bsm.dla.mil/rfq/rfqrec.aspx?sn=SPE4A726T524W,PANEL,6,20260930T154443Z,6210-00-299-4072,"LIGHT,PANEL",Q,335139,11.0,1RCS4 | 1255-03 | 98897	618237-4	LOCKHEED MARTIN CORP,,2026-06-23,2026-06-30,LIGHTING; PANEL,DIBBS|SPE4A726T524W|6210-00-299-4072,C01,Integrated Control / Indicator / HMI Panels,PANEL,PANEL,True,core,broad keyword only,"Broad keyword only in modifier, item noun is 'LIGHT'"
SPE4A626T02WG,5305-01-503-3704,SPE4A626T02WG,07-06-2026,07-16-2026,2026-08-21 02:41:27,Origin,Destination,Tech,7017384049,https://dibbs2.bsm.dla.mil/Downloads/RFQ/G/SPE4A626T02WG.PDF,https://www.dibbs.bsm.dla.mil/RFQ/RFQRec.aspx?sn=SPE4A626T02WG,https://www.dibbs.bsm.dla.mil/rfq/rfqrec.aspx?sn=SPE4A626T02WG,PANEL,6,20260930T154443Z,5305-01-503-3704,"SCREW,PANEL FASTENE",G,332722,14.0,,,2026-07-06,2026-07-16,PANEL,DIBBS|SPE4A626T02WG|5305-01-503-3704,C01,Integrated Control / Indicator / HMI Panels,PANEL,PANEL,True,core,broad keyword only,"Broad keyword only in modifier, item noun is 'SCREW'"
SPE4A625T47JH,6210-00-299-3082,SPE4A625T47JH,09-26-2025,10-03-2025,2026-08-21 02:41:27,Origin,Destination,None,7013835026,https://dibbs2.bsm.dla.mil/Downloads/RFQ/H/SPE4A625T47JH.PDF,https://www.dibbs.bsm.dla.mil/RFQ/RFQRec.aspx?sn=SPE4A625T47JH,https://www.dibbs.bsm.dla.mil/rfq/rfqrec.aspx?sn=SPE4A625T47JH,PANEL,6,20260930T154443Z,6210-00-299-3082,"LIGHT,PANEL",L,335139,32.0,,,2025-09-26,2025-10-03,PANEL,DIBBS|SPE4A625T47JH|6210-00-299-3082,C01,Integrated Control / Indicator / HMI Panels,PANEL,PANEL,True,core,broad keyword only,"Broad keyword only in modifier, item noun is 'LIGHT'"
SPE4A725T650F,1680-01-315-9414,SPE4A725T650F,07-18-2025,07-30-2025,2026-08-21 02:41:27,Origin,Origin,Tech,7012985450,https://dibbs2.bsm.dla.mil/Downloads/RFQ/F/SPE4A725T650F.PDF,https://www.dibbs.bsm.dla.mil/RFQ/RFQRec.aspx?sn=SPE4A725T650F,https://www.dibbs.bsm.dla.mil/rfq/rfqrec.aspx?sn=SPE4A725T650F,PANEL,7,20260930T154458Z,1680-01-315-9414,"CHIP DETECTOR,PANEL",G,336413,1.0,,,2025-07-18,2025-07-30,PANEL,DIBBS|SPE4A725T650F|1680-01-315-9414,C01,Integrated Control / Indicator / HMI Panels,PANEL,PANEL,True,core,broad keyword only,"Broad keyword only in modifier, item noun is 'CHIP DETECTOR'"
SPE4A626T732M,5325-01-660-3422,SPE4A626T732M,02-20-2026,02-27-2026,2026-08-21 02:41:27,Origin,Destination,Tech,7015536302,https://dibbs2.bsm.dla.mil/Downloads/RFQ/M/SPE4A626T732M.PDF,https://www.dibbs.bsm.dla.mil/RFQ/RFQRec.aspx?sn=SPE4A626T732M,https://www.dibbs.bsm.dla.mil/rfq/rfqrec.aspx?sn=SPE4A626T732M,PANEL,7,20260930T154458Z,5325-01-660-3422,"INSERT,PANEL FASTEN",B,332722,2.0,"56958 | 80-011-P7D2-6 | YOUNG ENGINEERS INC., THE",,2026-02-20,2026-02-27,PANEL,DIBBS|SPE4A626T732M|5325-01-660-3422,C01,Integrated Control / Indicator / HMI Panels,PANEL,PANEL,True,core,broad keyword only,"Broad keyword only in modifier, item noun is 'INSERT'"
SPE4A026T1231,6210-00-877-7898,SPE4A026T1231,01-08-2026,01-27-2026,2026-08-21 02:41:27,Origin,Origin,None,7015040610,https://dibbs2.bsm.dla.mil/Downloads/RFQ/1/SPE4A026T1231.PDF,https://www.dibbs.bsm.dla.mil/RFQ/RFQRec.aspx?sn=SPE4A026T1231,https://www.dibbs.bsm.dla.mil/rfq/rfqrec.aspx?sn=SPE4A026T1231,PANEL,7,20260930T154458Z,6210-00-877-7898,"LIGHT,PANEL",D,335139,1.0,72914 | B8710B | GRIMES AEROSPACE COMPANY,,2026-01-08,2026-01-27,PANEL,DIBBS|SPE4A026T1231|6210-00-877-7898,C01,Integrated Control / Indicator / HMI Panels,PANEL,PANEL,True,core,broad keyword only,"Broad keyword only in modifier, item noun is 'LIGHT'"
SPE4A626T564D,5305-01-667-3723,SPE4A626T564D,01-23-2026,01-30-2026,2026-08-21 02:41:27,Origin,Destination,None,7015246699,https://dibbs2.bsm.dla.mil/Downloads/RFQ/D/SPE4A626T564D.PDF,https://www.dibbs.bsm.dla.mil/RFQ/RFQRec.aspx?sn=SPE4A626T564D,https://www.dibbs.bsm.dla.mil/rfq/rfqrec.aspx?sn=SPE4A626T564D,PANEL,7,20260930T154458Z,5305-01-667-3723,"SCREW,PANEL FASTENE",D,332722,71.0,58794 | FTF7295HS12C1-2 | FASTENER TECHNOLOGY CORP,,2026-01-23,2026-01-30,PANEL,DIBBS|SPE4A626T564D|5305-01-667-3723,C01,Integrated Control / Indicator / HMI Panels,PANEL,PANEL,True,core,broad keyword only,"Broad keyword only in modifier, item noun is 'SCREW'"
SPE4A626T368B,5325-01-561-9878,SPE4A626T368B,12-22-2025,12-29-2025,2026-08-21 02:41:27,Origin,Destination,None,7014920669,https://dibbs2.bsm.dla.mil/Downloads/RFQ/B/SPE4A626T368B.PDF,https://www.dibbs.bsm.dla.mil/RFQ/RFQRec.aspx?sn=SPE4A626T368B,https://www.dibbs.bsm.dla.mil/rfq/rfqrec.aspx?sn=SPE4A626T368B,PANEL,7,20260930T154458Z,5325-01-561-9878,"INSERT,PANEL FASTEN",R,332119,26.0,"51439 | FTR-4-0-1-.120-S | FATIGUE TECHNOLOGY, INC",,2025-12-22,2025-12-29,PANEL,DIBBS|SPE4A626T368B|5325-01-561-9878,C01,Integrated Control / Indicator / HMI Panels,PANEL,PANEL,True,core,broad keyword only,"Broad keyword only in modifier, item noun is 'INSERT'"
SPE7L326T185W,2510-01-687-5387,SPE7L326T185W,08-18-2026,08-28-2026,2026-08-21 02:41:27,Origin,Destination,None,7017778930,https://dibbs2.bsm.dla.mil/Downloads/RFQ/W/SPE7L326T185W.PDF,https://www.dibbs.bsm.dla.mil/RFQ/RFQRec.aspx?sn=SPE7L326T185W,https://www.dibbs.bsm.dla.mil/rfq/rfqrec.aspx?sn=SPE7L326T185W,PANEL,7,20260930T154458Z,2510-01-687-5387,"HOUSING,PANEL,VEHICULA",D,332999,2.0,"0EYA6 | PAAJ040211 | DEFENSE MARITIME SOLUTIONS, INC.",,2026-08-18,2026-08-28,HOUSING; PANEL,DIBBS|SPE7L326T185W|2510-01-687-5387,C01,Integrated Control / Indicator / HMI Panels,PANEL,PANEL,True,core,broad keyword only,"Broad keyword only in modifier, item noun is 'HOUSING'"
SPE4A626T08Z7,5305-01-667-3723,SPE4A626T08Z7,03-30-2026,04-06-2026,2026-08-21 02:41:27,Origin,Destination,None,7016081491,https://dibbs2.bsm.dla.mil/Downloads/RFQ/7/SPE4A626T08Z7.PDF,https://www.dibbs.bsm.dla.mil/RFQ/RFQRec.aspx?sn=SPE4A626T08Z7,https://www.dibbs.bsm.dla.mil/rfq/rfqrec.aspx?sn=SPE4A626T08Z7,PANEL,7,20260930T154458Z,5305-01-667-3723,"SCREW,PANEL FASTENE",D,332722,90.0,58794 | FTF7295HS12C1-2 | FASTENER TECHNOLOGY CORP,,2026-03-30,2026-04-06,PANEL,DIBBS|SPE4A626T08Z7|5305-01-667-3723,C01,Integrated Control / Indicator / HMI Panels,PANEL,PANEL,True,core,broad keyword only,"Broad keyword only in modifier, item noun is 'SCREW'"
SPE4A626T9818,5325-01-698-4931,SPE4A626T9818,11-14-2025,11-21-2025,2026-08-21 02:41:27,Origin,Destination,None,7014489188,https://dibbs2.bsm.dla.mil/Downloads/RFQ/8/SPE4A626T9818.PDF,https://www.dibbs.bsm.dla.mil/RFQ/RFQRec.aspx?sn=SPE4A626T9818,https://www.dibbs.bsm.dla.mil/rfq/rfqrec.aspx?sn=SPE4A626T9818,PANEL,7,20260930T154458Z,5325-01-698-4931,"INSERT,PANEL FASTEN",D,332722,75.0,29372 | CA358036-10 | HOWMET GLOBAL FASTENING SYSTEMS INC,,2025-11-14,2025-11-21,PANEL,DIBBS|SPE4A626T9818|5325-01-698-4931,C01,Integrated Control / Indicator / HMI Panels,PANEL,PANEL,True,core,broad keyword only,"Broad keyword only in modifier, item noun is 'INSERT'"
SPE4A524T741T,6210-00-877-7898,SPE4A524T741T,09-18-2024,09-25-2024,2026-08-21 02:41:27,Origin,Origin,None,7009237233,https://dibbs2.bsm.dla.mil/Downloads/RFQ/T/SPE4A524T741T.PDF,https://www.dibbs.bsm.dla.mil/RFQ/RFQRec.aspx?sn=SPE4A524T741T,https://www.dibbs.bsm.dla.mil/rfq/rfqrec.aspx?sn=SPE4A524T741T,PANEL,7,20260930T154458Z,6210-00-877-7898,"LIGHT,PANEL",D,335139,9.0,72914 | B8710B | GRIMES AEROSPACE COMPANY,,2024-09-18,2024-09-25,PANEL,DIBBS|SPE4A524T741T|6210-00-877-7898,C01,Integrated Control / Indicator / HMI Panels,PANEL,PANEL,True,core,broad keyword only,"Broad keyword only in modifier, item noun is 'LIGHT'"
SPE4A126T1373,5325-01-664-2251,SPE4A126T1373,02-18-2026,02-25-2026,2026-08-21 02:41:27,Origin,Destination,Tech,7015476282,https://dibbs2.bsm.dla.mil/Downloads/RFQ/3/SPE4A126T1373.PDF,https://www.dibbs.bsm.dla.mil/RFQ/RFQRec.aspx?sn=SPE4A126T1373,https://www.dibbs.bsm.dla.mil/rfq/rfqrec.aspx?sn=SPE4A126T1373,PANEL,7,20260930T154458Z,5325-01-664-2251,"INSERT,PANEL FASTEN",D,332119,283.0,97393 | SL6031-3SP2 | SPS TECHNOLOGIES LLC,,2026-02-18,2026-02-25,PANEL,DIBBS|SPE4A126T1373|5325-01-664-2251,C01,Integrated Control / Indicator / HMI Panels,PANEL,PANEL,True,core,broad keyword only,"Broad keyword only in modifier, item noun is 'INSERT'"
SPE4A626T665M,5325-01-339-6662,SPE4A626T665M,02-11-2026,02-23-2026,2026-08-21 02:41:27,Origin,Origin,Tech,7015475261,https://dibbs2.bsm.dla.mil/Downloads/RFQ/M/SPE4A626T665M.PDF,https://www.dibbs.bsm.dla.mil/RFQ/RFQRec.aspx?sn=SPE4A626T665M,https://www.dibbs.bsm.dla.mil/rfq/rfqrec.aspx?sn=SPE4A626T665M,PANEL,7,20260930T154458Z,5325-01-339-6662,"INS ERT,PANEL FASTEN",G,332722,237.0,,,2026-02-11,2026-02-23,PANEL,DIBBS|SPE4A626T665M|5325-01-339-6662,C01,Integrated Control / Indicator / HMI Panels,PANEL,PANEL,True,core,broad keyword only,"Broad keyword only in modifier, item noun is 'INS ERT'"
SPE4A626T18E7,5325-01-502-6792,SPE4A626T18E7,04-10-2026,04-17-2026,2026-08-21 02:41:27,Origin,Destination,Tech,7016286720,https://dibbs2.bsm.dla.mil/Downloads/RFQ/7/SPE4A626T18E7.PDF,https://www.dibbs.bsm.dla.mil/RFQ/RFQRec.aspx?sn=SPE4A626T18E7,https://www.dibbs.bsm.dla.mil/rfq/rfqrec.aspx?sn=SPE4A626T18E7,PANEL,8,20260930T154515Z,5325-01-502-6792,"INSERT,PANEL FASTEN",G,332510,10.0,,,2026-04-10,2026-04-17,PANEL,DIBBS|SPE4A626T18E7|5325-01-502-6792,C01,Integrated Control / Indicator / HMI Panels,PANEL,PANEL,True,core,broad keyword only,"Broad keyword only in modifier, item noun is 'INSERT'"
SPE7L026Q0064,2510-01-673-5435,SPE7L026Q0064,12-10-2025,12-24-2025,2026-08-21 02:41:27,Origin,Destination,Tech,7009873176,https://dibbs2.bsm.dla.mil/Downloads/RFQ/4/SPE7L026Q0064.PDF,https://www.dibbs.bsm.dla.mil/RFQ/RFQRec.aspx?sn=SPE7L026Q0064,https://www.dibbs.bsm.dla.mil/rfq/rfqrec.aspx?sn=SPE7L026Q0064,PANEL,8,20260930T154515Z,2510-01-673-5435,"HOUSING,PANEL,VEHIC",C,332999,1.0,,,2025-12-10,2025-12-24,FUEL; HOUSING; PANEL,DIBBS|SPE7L026Q0064|2510-01-673-5435,C01,Integrated Control / Indicator / HMI Panels,PANEL,PANEL,True,core,broad keyword only,"Broad keyword only in modifier, item noun is 'HOUSING'"
SPE4A625T89T5,5325-00-936-6134,SPE4A625T89T5,05-30-2025,06-06-2025,2026-08-21 02:41:27,Origin,Origin,None,7012448742,https://dibbs2.bsm.dla.mil/Downloads/RFQ/5/SPE4A625T89T5.PDF,https://www.dibbs.bsm.dla.mil/RFQ/RFQRec.aspx?sn=SPE4A625T89T5,https://www.dibbs.bsm.dla.mil/rfq/rfqrec.aspx?sn=SPE4A625T89T5,PANEL,8,20260930T154515Z,5325-00-936-6134,"INSERT,PANEL FASTEN",R,332510,50.0,83324 | S104D1032-12 | HOWMET GLOBAL FASTENING SYSTEMS INC,,2025-05-30,2025-06-06,PANEL,DIBBS|SPE4A625T89T5|5325-00-936-6134,C01,Integrated Control / Indicator / HMI Panels,PANEL,PANEL,True,core,broad keyword only,"Broad keyword only in modifier, item noun is 'INSERT'"
SPE4A726T213L,6210-01-503-8203,SPE4A726T213L,04-08-2026,04-22-2026,2026-08-21 02:41:27,Origin,Destination,None,7016227303,https://dibbs2.bsm.dla.mil/Downloads/RFQ/L/SPE4A726T213L.PDF,https://www.dibbs.bsm.dla.mil/RFQ/RFQRec.aspx?sn=SPE4A726T213L,https://www.dibbs.bsm.dla.mil/rfq/rfqrec.aspx?sn=SPE4A726T213L,PANEL,8,20260930T154515Z,6210-01-503-8203,"LIGHT,PANEL",C,335139,9.0,27520 | 2001055-001 | CONTROL PRODUCTS CORPORATION,,2026-04-08,2026-04-22,PANEL,DIBBS|SPE4A726T213L|6210-01-503-8203,C01,Integrated Control / Indicator / HMI Panels,PANEL,PANEL,True,core,broad keyword only,"Broad keyword only in modifier, item noun is 'LIGHT'"
SPE4A726T007X,5342-00-251-4423,SPE4A726T007X,02-25-2026,03-04-2026,2026-08-21 02:41:27,Origin,Destination,None,7015657209,https://dibbs2.bsm.dla.mil/Downloads/RFQ/X/SPE4A726T007X.PDF,https://www.dibbs.bsm.dla.mil/RFQ/RFQRec.aspx?sn=SPE4A726T007X,https://www.dibbs.bsm.dla.mil/rfq/rfqrec.aspx?sn=SPE4A726T007X,PANEL,8,20260930T154515Z,5342-00-251-4423,"RETAINER,PANEL SCRE",Q,332994,48.0,,,2026-02-25,2026-03-04,PANEL,DIBBS|SPE4A726T007X|5342-00-251-4423,C01,Integrated Control / Indicator / HMI Panels,PANEL,PANEL,True,core,broad keyword only,"Broad keyword only in modifier, item noun is 'RETAINER'"
SPE4A626T870R,5310-01-512-8329,SPE4A626T870R,03-03-2026,03-13-2026,2026-08-21 02:41:27,Origin,Destination,None,7015602362,https://dibbs2.bsm.dla.mil/Downloads/RFQ/R/SPE4A626T870R.PDF,https://www.dibbs.bsm.dla.mil/RFQ/RFQRec.aspx?sn=SPE4A626T870R,https://www.dibbs.bsm.dla.mil/rfq/rfqrec.aspx?sn=SPE4A626T870R,PANEL,8,20260930T154515Z,5310-01-512-8329,"WASHER,PANEL FASTEN",C,332722,30.0,"84256 | RTW8P | AVIBANK MFG., INC.",,2026-03-03,2026-03-13,PANEL,DIBBS|SPE4A626T870R|5310-01-512-8329,C01,Integrated Control / Indicator / HMI Panels,PANEL,PANEL,True,core,broad keyword only,"Broad keyword only in modifier, item noun is 'WASHER'"
SPE7M226T3409,5305-01-728-1726,SPE7M226T3409,04-03-2026,04-13-2026,2026-08-21 02:41:27,Origin,Destination,None,7016179031,https://dibbs2.bsm.dla.mil/Downloads/RFQ/9/SPE7M226T3409.PDF,https://www.dibbs.bsm.dla.mil/RFQ/RFQRec.aspx?sn=SPE7M226T3409,https://www.dibbs.bsm.dla.mil/rfq/rfqrec.aspx?sn=SPE7M226T3409,PANEL,8,20260930T154515Z,5305-01-728-1726,"SCREW,PANEL FASTENE",D,332722,18.0,94271 | 140174-3 | LOCKHEED MARTIN CORP,,2026-04-03,2026-04-13,PANEL,DIBBS|SPE7M226T3409|5305-01-728-1726,C01,Integrated Control / Indicator / HMI Panels,PANEL,PANEL,True,core,broad keyword only,"Broad keyword only in modifier, item noun is 'SCREW'"
SPE4A626T854K,5325-00-849-4001,SPE4A626T854K,02-27-2026,03-11-2026,2026-08-21 02:41:27,Origin,Origin,Tech,7015602814,https://dibbs2.bsm.dla.mil/Downloads/RFQ/K/SPE4A626T854K.PDF,https://www.dibbs.bsm.dla.mil/RFQ/RFQRec.aspx?sn=SPE4A626T854K,https://www.dibbs.bsm.dla.mil/rfq/rfqrec.aspx?sn=SPE4A626T854K,PANEL,8,20260930T154515Z,5325-00-849-4001,"INS ERT,PANEL FASTEN",C,332510,517.0,83324 | 403SF1032-08-3 | HOWMET GLOBAL FASTENING SYSTEMS INC,,2026-02-27,2026-03-11,PANEL,DIBBS|SPE4A626T854K|5325-00-849-4001,C01,Integrated Control / Indicator / HMI Panels,PANEL,PANEL,True,core,broad keyword only,"Broad keyword only in modifier, item noun is 'INS ERT'"
SPE4A626T01EX,6220-01-510-9765,SPE4A626T01EX,06-26-2026,07-06-2026,2026-08-21 02:41:27,Origin,Destination,None,7017149699,https://dibbs2.bsm.dla.mil/Downloads/RFQ/X/SPE4A626T01EX.PDF,https://www.dibbs.bsm.dla.mil/RFQ/RFQRec.aspx?sn=SPE4A626T01EX,https://www.dibbs.bsm.dla.mil/rfq/rfqrec.aspx?sn=SPE4A626T01EX,PANEL,8,20260930T154515Z,6220-01-510-9765,"LIGHT,PANEL",Q,336320,19.0,0VDA9 | 934-870-06 | LUMINATOR HOLDING L.P,,2026-06-26,2026-07-06,PANEL,DIBBS|SPE4A626T01EX|6220-01-510-9765,C01,Integrated Control / Indicator / HMI Panels,PANEL,PANEL,True,core,broad keyword only,"Broad keyword only in modifier, item noun is 'LIGHT'"
SPE4A525T438X,6210-00-877-7898,SPE4A525T438X,06-04-2025,06-11-2025,2026-08-21 02:41:27,Origin,Origin,None,7012492377,https://dibbs2.bsm.dla.mil/Downloads/RFQ/X/SPE4A525T438X.PDF,https://www.dibbs.bsm.dla.mil/RFQ/RFQRec.aspx?sn=SPE4A525T438X,https://www.dibbs.bsm.dla.mil/rfq/rfqrec.aspx?sn=SPE4A525T438X,PANEL,9,20260930T154532Z,6210-00-877-7898,"LIGHT,PANEL",D,335139,13.0,72914 | B8710B | GRIMES AEROSPACE COMPANY,,2025-06-04,2025-06-11,PANEL,DIBBS|SPE4A525T438X|6210-00-877-7898,C01,Integrated Control / Indicator / HMI Panels,PANEL,PANEL,True,core,broad keyword only,"Broad keyword only in modifier, item noun is 'LIGHT'"
SPE4A626T99Q7,5325-00-916-4926,SPE4A626T99Q7,06-23-2026,06-30-2026,2026-08-21 02:41:27,Origin,Destination,None,7011764640,https://dibbs2.bsm.dla.mil/Downloads/RFQ/7/SPE4A626T99Q7.PDF,https://www.dibbs.bsm.dla.mil/RFQ/RFQRec.aspx?sn=SPE4A626T99Q7,https://www.dibbs.bsm.dla.mil/rfq/rfqrec.aspx?sn=SPE4A626T99Q7,PANEL,9,20260930T154532Z,5325-00-916-4926,"INSERT,PANEL FASTEN",R,332722,304.0,26512 | GS500G3-34-3 | NORTHROP GRUMMAN SYSTEMS CORPORATIO,,2026-06-23,2026-06-30,PANEL,DIBBS|SPE4A626T99Q7|5325-00-916-4926,C01,Integrated Control / Indicator / HMI Panels,PANEL,PANEL,True,core,broad keyword only,"Broad keyword only in modifier, item noun is 'INSERT'"
SPE4A626T14BC,5305-01-164-8526,SPE4A626T14BC,08-07-2026,08-14-2026,2026-08-21 02:41:27,Destination,Destination,None,7017722153,https://dibbs2.bsm.dla.mil/Downloads/RFQ/C/SPE4A626T14BC.PDF,https://www.dibbs.bsm.dla.mil/RFQ/RFQRec.aspx?sn=SPE4A626T14BC,https://www.dibbs.bsm.dla.mil/rfq/rfqrec.aspx?sn=SPE4A626T14BC,PANEL,9,20260930T154532Z,5305-01-164-8526,"SCREW ASSEMBLY,PANEL",C,332722,1.0,"0HDW7 | FCRT | 7900L-8-B-3	HUCK INTERNATIONAL, INC.",,2026-08-07,2026-08-14,PANEL,DIBBS|SPE4A626T14BC|5305-01-164-8526,C01,Integrated Control / Indicator / HMI Panels,PANEL,PANEL,True,core,broad keyword only,"Broad keyword only in modifier, item noun is 'SCREW ASSEMBLY'"
SPE4A626T32V9,5325-01-476-4842,SPE4A626T32V9,04-23-2026,05-05-2026,2026-08-21 02:41:27,Origin,Destination,None,7016475685,https://dibbs2.bsm.dla.mil/Downloads/RFQ/9/SPE4A626T32V9.PDF,https://www.dibbs.bsm.dla.mil/RFQ/RFQRec.aspx?sn=SPE4A626T32V9,https://www.dibbs.bsm.dla.mil/rfq/rfqrec.aspx?sn=SPE4A626T32V9,PANEL,9,20260930T154532Z,5325-01-476-4842,"INSERT,PANEL FASTEN",L,332510,365.0,29372 | P102F4-0 | HOWMET GLOBAL FASTENING SYSTEMS INC,,2026-04-23,2026-05-05,PANEL,DIBBS|SPE4A626T32V9|5325-01-476-4842,C01,Integrated Control / Indicator / HMI Panels,PANEL,PANEL,True,core,broad keyword only,"Broad keyword only in modifier, item noun is 'INSERT'"
SPE4A626T105C,5325-00-849-4001,SPE4A626T105C,11-20-2025,12-04-2025,2026-08-21 02:41:27,Origin,Destination,Tech,7013429930,https://dibbs2.bsm.dla.mil/Downloads/RFQ/C/SPE4A626T105C.PDF,https://www.dibbs.bsm.dla.mil/RFQ/RFQRec.aspx?sn=SPE4A626T105C,https://www.dibbs.bsm.dla.mil/rfq/rfqrec.aspx?sn=SPE4A626T105C,PANEL,9,20260930T154532Z,5325-00-849-4001,"INS ERT,PANEL FASTEN",C,332510,434.0,83324 | 403SF1032-08-3 | HOWMET GLOBAL FASTENING SYSTEMS INC,,2025-11-20,2025-12-04,PANEL,DIBBS|SPE4A626T105C|5325-00-849-4001,C01,Integrated Control / Indicator / HMI Panels,PANEL,PANEL,True,core,broad keyword only,"Broad keyword only in modifier, item noun is 'INS ERT'"
SPE4A626T09XV,5325-00-526-0833,SPE4A626T09XV,07-28-2026,08-04-2026,2026-08-21 02:41:27,Origin,Origin,None,7016577246,https://dibbs2.bsm.dla.mil/Downloads/RFQ/V/SPE4A626T09XV.PDF,https://www.dibbs.bsm.dla.mil/RFQ/RFQRec.aspx?sn=SPE4A626T09XV,https://www.dibbs.bsm.dla.mil/rfq/rfqrec.aspx?sn=SPE4A626T09XV,PANEL,9,20260930T154532Z,5325-00-526-0833,"INSERT,PANEL FASTEN",C,332510,80.0,29372 | GS503A-PF10A | HOWMET GLOBAL FASTENING SYSTEMS INC,,2026-07-28,2026-08-04,PANEL,DIBBS|SPE4A626T09XV|5325-00-526-0833,C01,Integrated Control / Indicator / HMI Panels,PANEL,PANEL,True,core,broad keyword only,"Broad keyword only in modifier, item noun is 'INSERT'"
SPE4A626T37WZ,5305-01-724-2017,SPE4A626T37WZ,09-30-2026,10-07-2026,2026-09-29 05:15:56,Origin,Destination,None,7018502651,https://dibbs2.bsm.dla.mil/Downloads/RFQ/Z/SPE4A626T37WZ.PDF,https://www.dibbs.bsm.dla.mil/RFQ/RFQRec.aspx?sn=SPE4A626T37WZ,https://www.dibbs.bsm.dla.mil/rfq/rfqrec.aspx?sn=SPE4A626T37WZ,PANEL,9,20260930T154532Z,5305-01-724-2017,"SCREW ASSEMBLY,PANEL",D,332722,8.0,58794 | FTT7061HS10-2-5A | FASTENER TECHNOLOGY CORP,,2026-09-30,2026-10-07,OVERLAY; PANEL,DIBBS|SPE4A626T37WZ|5305-01-724-2017,C01,Integrated Control / Indicator / HMI Panels,PANEL,PANEL,True,core,broad keyword only,"Broad keyword only in modifier, item noun is 'SCREW ASSEMBLY'"
SPE4A626T33JA,5305-00-762-6211,SPE4A626T33JA,09-21-2026,10-01-2026,2026-09-28 07:25:30,Origin,Destination,None,7018413911,https://dibbs2.bsm.dla.mil/Downloads/RFQ/A/SPE4A626T33JA.PDF,https://www.dibbs.bsm.dla.mil/RFQ/RFQRec.aspx?sn=SPE4A626T33JA,https://www.dibbs.bsm.dla.mil/rfq/rfqrec.aspx?sn=SPE4A626T33JA,PANEL,9,20260930T154532Z,5305-00-762-6211,"SCREW ASSEMBLY,PANEL",C,332722,774.0,"0HDW7 | FRB7500-10B3 | HUCK INTERNATIONAL, INC.",,2026-09-21,2026-10-01,PANEL,DIBBS|SPE4A626T33JA|5305-00-762-6211,C01,Integrated Control / Indicator / HMI Panels,PANEL,PANEL,True,core,broad keyword only,"Broad keyword only in modifier, item noun is 'SCREW ASSEMBLY'"
SPE4A626T29QC,5305-00-245-5063,SPE4A626T29QC,09-16-2026,09-28-2026,2026-09-23 06:18:48,Origin,Destination,None,7018343190,https://dibbs2.bsm.dla.mil/Downloads/RFQ/C/SPE4A626T29QC.PDF,https://www.dibbs.bsm.dla.mil/RFQ/RFQRec.aspx?sn=SPE4A626T29QC,https://www.dibbs.bsm.dla.mil/rfq/rfqrec.aspx?sn=SPE4A626T29QC,PANEL,10,20260930T154548Z,5305-00-245-5063,"SCREW ASSEMBLY,PANEL",L,332722,3801.0,"0HDW7 | DLC7900-10B6 | HUCK INTERNATIONAL, INC.",,2026-09-16,2026-09-28,PANEL,DIBBS|SPE4A626T29QC|5305-00-245-5063,C01,Integrated Control / Indicator / HMI Panels,PANEL,PANEL,True,core,broad keyword only,"Broad keyword only in modifier, item noun is 'SCREW ASSEMBLY'"
SPE4A626U3942,5325-01-113-4341,SPE4A626U3942,09-03-2026,09-22-2026,2026-09-17 07:12:31,Origin,Destination,Tech,1000242266,https://dibbs2.bsm.dla.mil/Downloads/RFQ/2/SPE4A626U3942.PDF,https://www.dibbs.bsm.dla.mil/RFQ/RFQRec.aspx?sn=SPE4A626U3942,https://www.dibbs.bsm.dla.mil/rfq/rfqrec.aspx?sn=SPE4A626U3942,PANEL,10,20260930T154548Z,5325-01-113-4341,"INSERT,PANEL FASTENER",G,332510,931.0,,,2026-09-03,2026-09-22,PANEL,DIBBS|SPE4A626U3942|5325-01-113-4341,C01,Integrated Control / Indicator / HMI Panels,PANEL,PANEL,True,core,broad keyword only,"Broad keyword only in modifier, item noun is 'INSERT'"
SPE4A726T731W,5325-01-113-4341,SPE4A726T731W,09-11-2026,09-18-2026,2026-09-10 08:10:05,Origin,Origin,Tech,7018247380,https://dibbs2.bsm.dla.mil/Downloads/RFQ/W/SPE4A726T731W.PDF,https://www.dibbs.bsm.dla.mil/RFQ/RFQRec.aspx?sn=SPE4A726T731W,https://www.dibbs.bsm.dla.mil/rfq/rfqrec.aspx?sn=SPE4A726T731W,PANEL,10,20260930T154548Z,5325-01-113-4341,"INSERT,PANEL FASTENER",G,332510,944.0,,,2026-09-11,2026-09-18,PANEL,DIBBS|SPE4A726T731W|5325-01-113-4341,C01,Integrated Control / Indicator / HMI Panels,PANEL,PANEL,True,core,broad keyword only,"Broad keyword only in modifier, item noun is 'INSERT'"
SPE4A626T22HR,5305-00-245-5116,SPE4A626T22HR,08-26-2026,09-08-2026,2026-09-02 06:43:06,Origin,Destination,None,7017915013,https://dibbs2.bsm.dla.mil/Downloads/RFQ/R/SPE4A626T22HR.PDF,https://www.dibbs.bsm.dla.mil/RFQ/RFQRec.aspx?sn=SPE4A626T22HR,https://www.dibbs.bsm.dla.mil/rfq/rfqrec.aspx?sn=SPE4A626T22HR,PANEL,10,20260930T154548Z,5305-00-245-5116,"SCREW ASSEMBLY,PANEL",L,332722,1870.0,"0HDW7 | DLC7900-10B8 | HUCK INTERNATIONAL, INC.",,2026-08-26,2026-09-08,PANEL,DIBBS|SPE4A626T22HR|5305-00-245-5116,C01,Integrated Control / Indicator / HMI Panels,PANEL,PANEL,True,core,broad keyword only,"Broad keyword only in modifier, item noun is 'SCREW ASSEMBLY'"
SPE4A626T45E6,5325-01-121-5899,SPE4A626T45E6,05-06-2026,05-18-2026,2026-08-21 02:41:27,Origin,Origin,Tech,7016645045,https://dibbs2.bsm.dla.mil/Downloads/RFQ/6/SPE4A626T45E6.PDF,https://www.dibbs.bsm.dla.mil/RFQ/RFQRec.aspx?sn=SPE4A626T45E6,https://www.dibbs.bsm.dla.mil/rfq/rfqrec.aspx?sn=SPE4A626T45E6,PANEL,10,20260930T154548Z,5325-01-121-5899,"INS ERT,PANEL FASTEN",G,332510,266.0,,,2026-05-06,2026-05-18,PANEL,DIBBS|SPE4A626T45E6|5325-01-121-5899,C01,Integrated Control / Indicator / HMI Panels,PANEL,PANEL,True,core,broad keyword only,"Broad keyword only in modifier, item noun is 'INS ERT'"
SPE4A626T15FX,5305-01-620-5067,SPE4A626T15FX,08-12-2026,08-24-2026,2026-08-21 02:41:27,Origin,Destination,Tech,7017838189,https://dibbs2.bsm.dla.mil/Downloads/RFQ/X/SPE4A626T15FX.PDF,https://www.dibbs.bsm.dla.mil/RFQ/RFQRec.aspx?sn=SPE4A626T15FX,https://www.dibbs.bsm.dla.mil/rfq/rfqrec.aspx?sn=SPE4A626T15FX,PANEL,10,20260930T154548Z,5305-01-620-5067,"SCREW ASSEMBLY,PANEL",C,336412,130.0,58794 | FTD7201HS0180 | FASTENER TECHNOLOGY CORP,,2026-08-12,2026-08-24,PANEL,DIBBS|SPE4A626T15FX|5305-01-620-5067,C01,Integrated Control / Indicator / HMI Panels,PANEL,PANEL,True,core,broad keyword only,"Broad keyword only in modifier, item noun is 'SCREW ASSEMBLY'"
SPE4A126T1976,5325-00-522-4883,SPE4A126T1976,04-30-2026,05-07-2026,2026-08-21 02:41:27,Origin,Destination,Tech,7016474008,https://dibbs2.bsm.dla.mil/Downloads/RFQ/6/SPE4A126T1976.PDF,https://www.dibbs.bsm.dla.mil/RFQ/RFQRec.aspx?sn=SPE4A126T1976,https://www.dibbs.bsm.dla.mil/rfq/rfqrec.aspx?sn=SPE4A126T1976,PANEL,11,20260930T154605Z,5325-00-522-4883,"INSERT,PANEL FASTEN",C,332510,334.0,83324 | P102C10-2 | HOWMET GLOBAL FASTENING SYSTEMS INC,,2026-04-30,2026-05-07,PANEL,DIBBS|SPE4A126T1976|5325-00-522-4883,C01,Integrated Control / Indicator / HMI Panels,PANEL,PANEL,True,core,broad keyword only,"Broad keyword only in modifier, item noun is 'INSERT'"
SPE4A626T03RR,5305-00-245-5063,SPE4A626T03RR,07-08-2026,08-12-2026,2026-08-21 02:41:27,Origin,Destination,None,7017409080,https://dibbs2.bsm.dla.mil/Downloads/RFQ/R/SPE4A626T03RR.PDF,https://www.dibbs.bsm.dla.mil/RFQ/RFQRec.aspx?sn=SPE4A626T03RR,https://www.dibbs.bsm.dla.mil/rfq/rfqrec.aspx?sn=SPE4A626T03RR,PANEL,11,20260930T154605Z,5305-00-245-5063,"SCREW ASSEMBLY,PANEL",L,332722,671.0,"0HDW7 | DLC7900-10B6 | HUCK INTERNATIONAL, INC.",,2026-07-08,2026-08-12,PANEL,DIBBS|SPE4A626T03RR|5305-00-245-5063,C01,Integrated Control / Indicator / HMI Panels,PANEL,PANEL,True,core,broad keyword only,"Broad keyword only in modifier, item noun is 'SCREW ASSEMBLY'"
SPE4A626T03HS,5305-01-180-4759,SPE4A626T03HS,07-07-2026,07-14-2026,2026-08-21 02:41:27,Origin,Destination,None,7017384861,https://dibbs2.bsm.dla.mil/Downloads/RFQ/S/SPE4A626T03HS.PDF,https://www.dibbs.bsm.dla.mil/RFQ/RFQRec.aspx?sn=SPE4A626T03HS,https://www.dibbs.bsm.dla.mil/rfq/rfqrec.aspx?sn=SPE4A626T03HS,PANEL,11,20260930T154605Z,5305-01-180-4759,"SCREW ASSEMBLY,PANEL",L,332722,25.0,29372 | CA28080-08B-8HS | HOWMET GLOBAL FASTENING SYSTEMS INC,,2026-07-07,2026-07-14,PANEL,DIBBS|SPE4A626T03HS|5305-01-180-4759,C01,Integrated Control / Indicator / HMI Panels,PANEL,PANEL,True,core,broad keyword only,"Broad keyword only in modifier, item noun is 'SCREW ASSEMBLY'"
SPE7L326T181E,2510-01-233-1141,SPE7L326T181E,08-17-2026,08-27-2026,2026-08-21 02:41:27,Origin,Origin,Tech,7017236944,https://dibbs2.bsm.dla.mil/Downloads/RFQ/E/SPE7L326T181E.PDF,https://www.dibbs.bsm.dla.mil/RFQ/RFQRec.aspx?sn=SPE7L326T181E,https://www.dibbs.bsm.dla.mil/rfq/rfqrec.aspx?sn=SPE7L326T181E,PANEL,11,20260930T154605Z,2510-01-233-1141,"FRAME,WINDOW,VEHICU",G,336211,13.0,,,2026-08-17,2026-08-27,PANEL; WINDOW,DIBBS|SPE7L326T181E|2510-01-233-1141,C04,Lenses / Windows / Covers / Housings,WINDOW,WINDOW,True,core,broad keyword only,"Broad keyword only in modifier, item noun is 'FRAME'"
SPE4A625T25RW,5325-01-121-5899,SPE4A625T25RW,08-13-2025,08-20-2025,2026-08-21 02:41:27,Origin,Origin,Tech,7013333879,https://dibbs2.bsm.dla.mil/Downloads/RFQ/W/SPE4A625T25RW.PDF,https://www.dibbs.bsm.dla.mil/RFQ/RFQRec.aspx?sn=SPE4A625T25RW,https://www.dibbs.bsm.dla.mil/rfq/rfqrec.aspx?sn=SPE4A625T25RW,PANEL,11,20260930T154605Z,5325-01-121-5899,"INS ERT,PANEL FASTEN",G,332510,343.0,,,2025-08-13,2025-08-20,PANEL,DIBBS|SPE4A625T25RW|5325-01-121-5899,C01,Integrated Control / Indicator / HMI Panels,PANEL,PANEL,True,core,broad keyword only,"Broad keyword only in modifier, item noun is 'INS ERT'"
SPE4A526T142C,6210-00-243-8138,SPE4A526T142C,05-15-2026,05-22-2026,2026-08-21 02:41:27,Origin,Origin,None,7016786771,https://dibbs2.bsm.dla.mil/Downloads/RFQ/C/SPE4A526T142C.PDF,https://www.dibbs.bsm.dla.mil/RFQ/RFQRec.aspx?sn=SPE4A526T142C,https://www.dibbs.bsm.dla.mil/rfq/rfqrec.aspx?sn=SPE4A526T142C,PANEL,11,20260930T154605Z,6210-00-243-8138,"LIGHT,PANEL",R,335139,9.0,"0SML3 | B4755 | AERO INTERNATIONAL, LLC",,2026-05-15,2026-05-22,PANEL,DIBBS|SPE4A526T142C|6210-00-243-8138,C01,Integrated Control / Indicator / HMI Panels,PANEL,PANEL,True,core,broad keyword only,"Broad keyword only in modifier, item noun is 'LIGHT'"
SPE4A626T37ZB,5310-01-357-6237,SPE4A626T37ZB,09-30-2026,10-07-2026,2026-09-29 09:34:19,Origin,Destination,Tech,7018248414,https://dibbs2.bsm.dla.mil/Downloads/RFQ/B/SPE4A626T37ZB.PDF,https://www.dibbs.bsm.dla.mil/RFQ/RFQRec.aspx?sn=SPE4A626T37ZB,https://www.dibbs.bsm.dla.mil/rfq/rfqrec.aspx?sn=SPE4A626T37ZB,OVERLAY,2,20260930T154759Z,5310-01-357-6237,"NUT,SELF-LOCKING,PLATE",C,332722,97.0,15653 | 03A245-3-5 | HOWMET GLOBAL FASTENING SYSTEMS INC,,2026-09-30,2026-10-07,OVERLAY; PLATE,DIBBS|SPE4A626T37ZB|5310-01-357-6237,C08,Plates / Markings / Mounting / Misc,PLATE,PLATE,True,core-adjacent,broad keyword only,"Broad keyword only in modifier, item noun is 'NUT'"
SPE4A626T37XV,5970-12-428-4843,SPE4A626T37XV,09-30-2026,10-07-2026,2026-09-29 09:03:11,Origin,Origin,None,7018420950,https://dibbs2.bsm.dla.mil/Downloads/RFQ/V/SPE4A626T37XV.PDF,https://www.dibbs.bsm.dla.mil/RFQ/RFQRec.aspx?sn=SPE4A626T37XV,https://www.dibbs.bsm.dla.mil/rfq/rfqrec.aspx?sn=SPE4A626T37XV,OVERLAY,2,20260930T154759Z,5970-12-428-4843,"INSULATOR,PLATE",Q,335932,3.0,,,2026-09-30,2026-10-07,OVERLAY; PLATE,DIBBS|SPE4A626T37XV|5970-12-428-4843,C08,Plates / Markings / Mounting / Misc,PLATE,PLATE,True,core-adjacent,broad keyword only,"Broad keyword only in modifier, item noun is 'INSULATOR'"
SPE4A626T37XP,5310-01-714-6084,SPE4A626T37XP,09-30-2026,10-07-2026,2026-09-29 09:03:10,Origin,Destination,None,7018437121,https://dibbs2.bsm.dla.mil/Downloads/RFQ/P/SPE4A626T37XP.PDF,https://www.dibbs.bsm.dla.mil/RFQ/RFQRec.aspx?sn=SPE4A626T37XP,https://www.dibbs.bsm.dla.mil/rfq/rfqrec.aspx?sn=SPE4A626T37XP,OVERLAY,8,20260930T154952Z,5310-01-714-6084,"NUT,PLAIN,PLATE",D,332722,4.0,"7QAK7 | 12186-2580-01 | L3HARRIS GLOBAL COMMUNICATIONS, INC",,2026-09-30,2026-10-07,OVERLAY; PLATE,DIBBS|SPE4A626T37XP|5310-01-714-6084,C08,Plates / Markings / Mounting / Misc,PLATE,PLATE,True,core-adjacent,broad keyword only,"Broad keyword only in modifier, item noun is 'NUT'"
SPE7M026T108N,5365-01-617-4941,SPE7M026T108N,09-30-2026,10-07-2026,2026-09-29 09:03:10,Origin,Destination,Tech,7018504710,https://dibbs2.bsm.dla.mil/Downloads/RFQ/N/SPE7M026T108N.PDF,https://www.dibbs.bsm.dla.mil/RFQ/RFQRec.aspx?sn=SPE7M026T108N,https://www.dibbs.bsm.dla.mil/rfq/rfqrec.aspx?sn=SPE7M026T108N,OVERLAY,9,20260930T155012Z,5365-01-617-4941,"SPACER,PLATE",G,332999,4.0,,,2026-09-30,2026-10-07,OVERLAY; PLATE,DIBBS|SPE7M026T108N|5365-01-617-4941,C08,Plates / Markings / Mounting / Misc,PLATE,PLATE,True,core-adjacent,broad keyword only,"Broad keyword only in modifier, item noun is 'SPACER'"
SPE7M826T5639,5930-01-685-0717,SPE7M826T5639,07-30-2026,10-02-2026,2026-09-29 09:03:05,Origin,Origin,Tech,7012858456,https://dibbs2.bsm.dla.mil/Downloads/RFQ/9/SPE7M826T5639.PDF,https://www.dibbs.bsm.dla.mil/RFQ/RFQRec.aspx?sn=SPE7M826T5639,https://www.dibbs.bsm.dla.mil/rfq/rfqrec.aspx?sn=SPE7M826T5639,OVERLAY,9,20260930T155012Z,5930-01-685-0717,"ARM,SWITCH ACTUATOR",G,335313,2.0,,,2026-07-30,2026-10-02,ACTUATOR; OVERLAY; SWITCH,DIBBS|SPE7M826T5639|5930-01-685-0717,C07,Switches / Pushbuttons / Keyboards / Controls,ACTUATOR,ACTUATOR; SWITCH,True,core,broad keyword only,"Broad keyword only in modifier, item noun is 'ARM'"
SPE4A626U4195,5310-00-990-3447,SPE4A626U4195,09-15-2026,10-02-2026,2026-09-29 09:02:49,Origin,Destination,None,1000243353,https://dibbs2.bsm.dla.mil/Downloads/RFQ/5/SPE4A626U4195.PDF,https://www.dibbs.bsm.dla.mil/RFQ/RFQRec.aspx?sn=SPE4A626U4195,https://www.dibbs.bsm.dla.mil/rfq/rfqrec.aspx?sn=SPE4A626U4195,OVERLAY,10,20260930T155031Z,5310-00-990-3447,"NUT,SELF-LOCKING,PLATE",C,332722,901.0,,,2026-09-15,2026-10-02,OVERLAY; PLATE,DIBBS|SPE4A626U4195|5310-00-990-3447,C08,Plates / Markings / Mounting / Misc,PLATE,PLATE,True,core-adjacent,broad keyword only,"Broad keyword only in modifier, item noun is 'NUT'"
SPE4A626T34RP,5310-01-051-0652,SPE4A626T34RP,09-22-2026,10-02-2026,2026-09-29 09:01:40,Origin,Destination,Tech,7018378963,https://dibbs2.bsm.dla.mil/Downloads/RFQ/P/SPE4A626T34RP.PDF,https://www.dibbs.bsm.dla.mil/RFQ/RFQRec.aspx?sn=SPE4A626T34RP,https://www.dibbs.bsm.dla.mil/rfq/rfqrec.aspx?sn=SPE4A626T34RP,OVERLAY,11,20260930T155050Z,5310-01-051-0652,"NUT,SELF-LOCKING,PLATE",C,332722,87.0,52828 | NS202253-02-3 | 80539	NS202253-02-3,,2026-09-22,2026-10-02,OVERLAY; PLATE,DIBBS|SPE4A626T34RP|5310-01-051-0652,C08,Plates / Markings / Mounting / Misc,PLATE,PLATE,True,core-adjacent,broad keyword only,"Broad keyword only in modifier, item noun is 'NUT'"
SPE4A726T776P,5840-00-971-9226,SPE4A726T776P,09-21-2026,10-02-2026,2026-09-29 09:00:23,Origin,Destination,Tech,7018248692,https://dibbs2.bsm.dla.mil/Downloads/RFQ/P/SPE4A726T776P.PDF,https://www.dibbs.bsm.dla.mil/RFQ/RFQRec.aspx?sn=SPE4A726T776P,https://www.dibbs.bsm.dla.mil/rfq/rfqrec.aspx?sn=SPE4A726T776P,OVERLAY,11,20260930T155050Z,5840-00-971-9226,"CHOKE,PLATE AMPLIFI",G,334511,92.0,,,2026-09-21,2026-10-02,OVERLAY; PLATE,DIBBS|SPE4A726T776P|5840-00-971-9226,C08,Plates / Markings / Mounting / Misc,PLATE,PLATE,True,core-adjacent,broad keyword only,"Broad keyword only in modifier, item noun is 'CHOKE'"
SPE7M026T105S,5365-01-617-4938,SPE7M026T105S,09-30-2026,10-07-2026,2026-09-29 02:56:46,Origin,Destination,Tech,7018488547,https://dibbs2.bsm.dla.mil/Downloads/RFQ/S/SPE7M026T105S.PDF,https://www.dibbs.bsm.dla.mil/RFQ/RFQRec.aspx?sn=SPE7M026T105S,https://www.dibbs.bsm.dla.mil/rfq/rfqrec.aspx?sn=SPE7M026T105S,OVERLAY,15,20260930T155208Z,5365-01-617-4938,"SPACER,PLATE",G,332999,4.0,,,2026-09-30,2026-10-07,OVERLAY; PLATE,DIBBS|SPE7M026T105S|5365-01-617-4938,C08,Plates / Markings / Mounting / Misc,PLATE,PLATE,True,core-adjacent,broad keyword only,"Broad keyword only in modifier, item noun is 'SPACER'"
SPE4A626T37VM,5970-01-696-0068,SPE4A626T37VM,09-30-2026,10-07-2026,2026-09-29 02:56:46,Origin,Origin,Tech,7018377848,https://dibbs2.bsm.dla.mil/Downloads/RFQ/M/SPE4A626T37VM.PDF,https://www.dibbs.bsm.dla.mil/RFQ/RFQRec.aspx?sn=SPE4A626T37VM,https://www.dibbs.bsm.dla.mil/rfq/rfqrec.aspx?sn=SPE4A626T37VM,OVERLAY,15,20260930T155208Z,5970-01-696-0068,"INSULATOR,PLATE",G,335932,14.0,,,2026-09-30,2026-10-07,OVERLAY; PLATE,DIBBS|SPE4A626T37VM|5970-01-696-0068,C08,Plates / Markings / Mounting / Misc,PLATE,PLATE,True,core-adjacent,broad keyword only,"Broad keyword only in modifier, item noun is 'INSULATOR'"
SPE4A626T37VB,5310-00-772-3721,SPE4A626T37VB,09-30-2026,10-07-2026,2026-09-29 02:56:46,Origin,Destination,Tech,7018270405,https://dibbs2.bsm.dla.mil/Downloads/RFQ/B/SPE4A626T37VB.PDF,https://www.dibbs.bsm.dla.mil/RFQ/RFQRec.aspx?sn=SPE4A626T37VB,https://www.dibbs.bsm.dla.mil/rfq/rfqrec.aspx?sn=SPE4A626T37VB,OVERLAY,16,20260930T155228Z,5310-00-772-3721,"NUT,SELF-LOCKING,PLATE",G,332722,499.0,,,2026-09-30,2026-10-07,OVERLAY; PLATE,DIBBS|SPE4A626T37VB|5310-00-772-3721,C08,Plates / Markings / Mounting / Misc,PLATE,PLATE,True,core-adjacent,broad keyword only,"Broad keyword only in modifier, item noun is 'NUT'"
SPE4A626T37SU,5310-01-338-6831,SPE4A626T37SU,09-30-2026,10-07-2026,2026-09-29 08:38:57,Origin,Destination,None,7018248501,https://dibbs2.bsm.dla.mil/Downloads/RFQ/U/SPE4A626T37SU.PDF,https://www.dibbs.bsm.dla.mil/RFQ/RFQRec.aspx?sn=SPE4A626T37SU,https://www.dibbs.bsm.dla.mil/rfq/rfqrec.aspx?sn=SPE4A626T37SU,OVERLAY,19,20260930T155327Z,5310-01-338-6831,"NUT,SELF-LOCKING,PLATE",C,332722,217.0,15653 | F51751-3-4CD | HOWMET GLOBAL FASTENING SYSTEMS INC,,2026-09-30,2026-10-07,OVERLAY; PLATE,DIBBS|SPE4A626T37SU|5310-01-338-6831,C08,Plates / Markings / Mounting / Misc,PLATE,PLATE,True,core-adjacent,broad keyword only,"Broad keyword only in modifier, item noun is 'NUT'"
SPE2DS26T487X,6540-01-520-3552,SPE2DS26T487X,09-30-2026,10-05-2026,2026-09-29 02:32:12,Destination,Destination,None,7018541149,https://dibbs2.bsm.dla.mil/Downloads/RFQ/X/SPE2DS26T487X.PDF,https://www.dibbs.bsm.dla.mil/RFQ/RFQRec.aspx?sn=SPE2DS26T487X,https://www.dibbs.bsm.dla.mil/rfq/rfqrec.aspx?sn=SPE2DS26T487X,OVERLAY,20,20260930T155346Z,6540-01-520-3552,"GONIOLASER,LENS",Z,336611,1.0,1FF35 | G-4 | GONIO NF	VOLK OPTICAL INC,,2026-09-30,2026-10-05,LENS; OVERLAY,DIBBS|SPE2DS26T487X|6540-01-520-3552,C04,Lenses / Windows / Covers / Housings,LENS,LENS,True,core,broad keyword only,"Broad keyword only in modifier, item noun is 'GONIOLASER'"
SPE2DS26T487N,6640-01-459-4239,SPE2DS26T487N,09-30-2026,10-05-2026,2026-09-29 02:32:12,Destination,Destination,None,7018541463,https://dibbs2.bsm.dla.mil/Downloads/RFQ/N/SPE2DS26T487N.PDF,https://www.dibbs.bsm.dla.mil/RFQ/RFQRec.aspx?sn=SPE2DS26T487N,https://www.dibbs.bsm.dla.mil/rfq/rfqrec.aspx?sn=SPE2DS26T487N,OVERLAY,20,20260930T155346Z,6640-01-459-4239,"PAPER,LENS",Z,334515,7.0,"0LK40 | LP-46 | PECA PRODUCTS, INC.",,2026-09-30,2026-10-05,LENS; OVERLAY,DIBBS|SPE2DS26T487N|6640-01-459-4239,C04,Lenses / Windows / Covers / Housings,LENS,LENS,True,core,broad keyword only,"Broad keyword only in modifier, item noun is 'PAPER'"
SPE2DS26T469B,6540-01-600-6541,SPE2DS26T469B,09-25-2026,09-30-2026,2026-09-24 04:56:31,Destination,Destination,None,7018471924,https://dibbs2.bsm.dla.mil/Downloads/RFQ/B/SPE2DS26T469B.PDF,https://www.dibbs.bsm.dla.mil/RFQ/RFQRec.aspx?sn=SPE2DS26T469B,https://www.dibbs.bsm.dla.mil/rfq/rfqrec.aspx?sn=SPE2DS26T469B,LENS,1,20260930T155455Z,6540-01-600-6541,"CARRIER,LENS,PRESCRIPT",Z,336611,90.0,30VZ5 | 4-0436-9110 | REVISION MILITARY LIMITED,,2026-09-25,2026-09-30,LENS,DIBBS|SPE2DS26T469B|6540-01-600-6541,C04,Lenses / Windows / Covers / Housings,LENS,LENS,True,core,broad keyword only,"Broad keyword only in modifier, item noun is 'CARRIER'"
SPE2DH26T7034,6640-01-454-6834,SPE2DH26T7034,09-25-2026,10-01-2026,2026-09-24 04:56:31,Destination,Destination,None,7018477751,https://dibbs2.bsm.dla.mil/Downloads/RFQ/4/SPE2DH26T7034.PDF,https://www.dibbs.bsm.dla.mil/RFQ/RFQRec.aspx?sn=SPE2DH26T7034,https://www.dibbs.bsm.dla.mil/rfq/rfqrec.aspx?sn=SPE2DH26T7034,LENS,1,20260930T155455Z,6640-01-454-6834,"CLOTH,LENS",Z,333998,1.0,"12238 | 084-079-000 | BROWNELLS, INCORPORATED",,2026-09-25,2026-10-01,LENS,DIBBS|SPE2DH26T7034|6640-01-454-6834,C04,Lenses / Windows / Covers / Housings,LENS,LENS,True,core,broad keyword only,"Broad keyword only in modifier, item noun is 'CLOTH'"
SPE2DH26T6884,6640-01-454-6834,SPE2DH26T6884,09-18-2026,09-24-2026,2026-09-17 04:24:21,Destination,Destination,None,7018363555,https://dibbs2.bsm.dla.mil/Downloads/RFQ/4/SPE2DH26T6884.PDF,https://www.dibbs.bsm.dla.mil/RFQ/RFQRec.aspx?sn=SPE2DH26T6884,https://www.dibbs.bsm.dla.mil/rfq/rfqrec.aspx?sn=SPE2DH26T6884,LENS,1,20260930T155455Z,6640-01-454-6834,"CLOTH,LENS",Z,333998,1.0,"12238 | 084-079-000 | BROWNELLS, INCORPORATED",,2026-09-18,2026-09-24,LENS,DIBBS|SPE2DH26T6884|6640-01-454-6834,C04,Lenses / Windows / Covers / Housings,LENS,LENS,True,core,broad keyword only,"Broad keyword only in modifier, item noun is 'CLOTH'"
SPE2DH26T6753,6640-01-454-6834,SPE2DH26T6753,09-15-2026,09-21-2026,2026-09-14 11:38:44,Destination,Destination,None,7018302335,https://dibbs2.bsm.dla.mil/Downloads/RFQ/3/SPE2DH26T6753.PDF,https://www.dibbs.bsm.dla.mil/RFQ/RFQRec.aspx?sn=SPE2DH26T6753,https://www.dibbs.bsm.dla.mil/rfq/rfqrec.aspx?sn=SPE2DH26T6753,LENS,1,20260930T155455Z,6640-01-454-6834,"CLOTH,LENS",Z,333998,1.0,"12238 | 084-079-000 | BROWNELLS, INCORPORATED",,2026-09-15,2026-09-21,LENS,DIBBS|SPE2DH26T6753|6640-01-454-6834,C04,Lenses / Windows / Covers / Housings,LENS,LENS,True,core,broad keyword only,"Broad keyword only in modifier, item noun is 'CLOTH'"
SPE2DH26T5961,6640-01-454-6834,SPE2DH26T5961,08-13-2026,08-19-2026,2026-08-21 02:41:27,Destination,Destination,None,7017844464,https://dibbs2.bsm.dla.mil/Downloads/RFQ/1/SPE2DH26T5961.PDF,https://www.dibbs.bsm.dla.mil/RFQ/RFQRec.aspx?sn=SPE2DH26T5961,https://www.dibbs.bsm.dla.mil/rfq/rfqrec.aspx?sn=SPE2DH26T5961,LENS,1,20260930T155455Z,6640-01-454-6834,"CLOTH,LENS",Z,333998,3.0,"12238 | 084-079-000 | BROWNELLS, INCORPORATED",,2026-08-13,2026-08-19,LENS,DIBBS|SPE2DH26T5961|6640-01-454-6834,C04,Lenses / Windows / Covers / Housings,LENS,LENS,True,core,broad keyword only,"Broad keyword only in modifier, item noun is 'CLOTH'"
SPE2DH26T5510,6640-01-454-6834,SPE2DH26T5510,07-27-2026,08-03-2026,2026-08-21 02:41:27,Destination,Destination,None,7017612960,https://dibbs2.bsm.dla.mil/Downloads/RFQ/0/SPE2DH26T5510.PDF,https://www.dibbs.bsm.dla.mil/RFQ/RFQRec.aspx?sn=SPE2DH26T5510,https://www.dibbs.bsm.dla.mil/rfq/rfqrec.aspx?sn=SPE2DH26T5510,LENS,1,20260930T155455Z,6640-01-454-6834,"CLOTH,LENS",Z,333998,1.0,"12238 | 084-079-000 | BROWNELLS, INCORPORATED",,2026-07-27,2026-08-03,LENS,DIBBS|SPE2DH26T5510|6640-01-454-6834,C04,Lenses / Windows / Covers / Housings,LENS,LENS,True,core,broad keyword only,"Broad keyword only in modifier, item noun is 'CLOTH'"
SPE7L126U0803,6650-01-589-0551,SPE7L126U0803,09-28-2026,10-13-2026,2026-09-27 06:21:44,Origin,Destination,None,1000244894,https://dibbs2.bsm.dla.mil/Downloads/RFQ/3/SPE7L126U0803.PDF,https://www.dibbs.bsm.dla.mil/RFQ/RFQRec.aspx?sn=SPE7L126U0803,https://www.dibbs.bsm.dla.mil/rfq/rfqrec.aspx?sn=SPE7L126U0803,LENS,1,20260930T155455Z,6650-01-589-0551,"CAP,LENS",D,333310,1079.0,"51298 | 39118810-1 | OPTEX SYSTEMS, INC",,2026-09-28,2026-10-13,LENS,DIBBS|SPE7L126U0803|6650-01-589-0551,C04,Lenses / Windows / Covers / Housings,LENS,LENS,True,core,broad keyword only,"Broad keyword only in modifier, item noun is 'CAP'"
SPE2DH26T7084,6640-01-583-1520,SPE2DH26T7084,09-28-2026,10-05-2026,2026-09-27 06:21:43,Destination,Destination,None,7018502038,https://dibbs2.bsm.dla.mil/Downloads/RFQ/4/SPE2DH26T7084.PDF,https://www.dibbs.bsm.dla.mil/RFQ/RFQRec.aspx?sn=SPE2DH26T7084,https://www.dibbs.bsm.dla.mil/rfq/rfqrec.aspx?sn=SPE2DH26T7084,LENS,1,20260930T155455Z,6640-01-583-1520,"PAPER,LENS",Z,333998,1.0,01MX7 | 470005-600 | VWR INTERNATIONAL LLC,,2026-09-28,2026-10-05,LENS,DIBBS|SPE2DH26T7084|6640-01-583-1520,C04,Lenses / Windows / Covers / Housings,LENS,LENS,True,core,broad keyword only,"Broad keyword only in modifier, item noun is 'PAPER'"
SPE4A726T640B,5855-01-666-9264,SPE4A726T640B,08-12-2026,09-28-2026,2026-09-23 06:18:56,Origin,Destination,None,7017837066,https://dibbs2.bsm.dla.mil/Downloads/RFQ/B/SPE4A726T640B.PDF,https://www.dibbs.bsm.dla.mil/RFQ/RFQRec.aspx?sn=SPE4A726T640B,https://www.dibbs.bsm.dla.mil/rfq/rfqrec.aspx?sn=SPE4A726T640B,LENS,1,20260930T155455Z,5855-01-666-9264,"CAP,LENS",C,334511,3.0,32865 | 1026084-001 | DRS NETWORK & IMAGING SYSTEMS LLC,,2026-08-12,2026-09-28,LENS,DIBBS|SPE4A726T640B|5855-01-666-9264,C04,Lenses / Windows / Covers / Housings,LENS,LENS,True,core,broad keyword only,"Broad keyword only in modifier, item noun is 'CAP'"
SPE7LX26U007A,6650-20-012-9200,SPE7LX26U007A,09-23-2026,10-07-2026,2026-09-22 02:15:50,Origin,Destination,None,1000244743,https://dibbs2.bsm.dla.mil/Downloads/RFQ/A/SPE7LX26U007A.PDF,https://www.dibbs.bsm.dla.mil/RFQ/RFQRec.aspx?sn=SPE7LX26U007A,https://www.dibbs.bsm.dla.mil/rfq/rfqrec.aspx?sn=SPE7LX26U007A,LENS,1,20260930T155455Z,6650-20-012-9200,"CAP,LENS",D,333310,378.0,L0922 | UAC005-FCR-FP | ARMAMENT TECHNOLOGY INCORPORATED,,2026-09-23,2026-10-07,LENS,DIBBS|SPE7LX26U007A|6650-20-012-9200,C04,Lenses / Windows / Covers / Housings,LENS,LENS,True,core,broad keyword only,"Broad keyword only in modifier, item noun is 'CAP'"
SPE7L326T273G,5855-01-584-6138,SPE7L326T273G,09-23-2026,10-05-2026,2026-09-22 11:42:51,Origin,Destination,None,7014655475,https://dibbs2.bsm.dla.mil/Downloads/RFQ/G/SPE7L326T273G.PDF,https://www.dibbs.bsm.dla.mil/RFQ/RFQRec.aspx?sn=SPE7L326T273G,https://www.dibbs.bsm.dla.mil/rfq/rfqrec.aspx?sn=SPE7L326T273G,LENS,1,20260930T155455Z,5855-01-584-6138,"CAP,LENS",D,334511,160.0,81395 | 8398603-2 | BAE SYSTEMS INFORMATION AND ELECTRO,,2026-09-23,2026-10-05,LENS,DIBBS|SPE7L326T273G|5855-01-584-6138,C04,Lenses / Windows / Covers / Housings,LENS,LENS,True,core,broad keyword only,"Broad keyword only in modifier, item noun is 'CAP'"
SPE7L126U0771,6650-01-657-7657,SPE7L126U0771,09-22-2026,10-06-2026,2026-09-21 09:33:37,Origin,Destination,None,1000244688,https://dibbs2.bsm.dla.mil/Downloads/RFQ/1/SPE7L126U0771.PDF,https://www.dibbs.bsm.dla.mil/RFQ/RFQRec.aspx?sn=SPE7L126U0771,https://www.dibbs.bsm.dla.mil/rfq/rfqrec.aspx?sn=SPE7L126U0771,LENS,1,20260930T155455Z,6650-01-657-7657,"CAP,LENS",D,333310,1757.0,"0FL29 | AC11031 | TRIJICON, INC.",,2026-09-22,2026-10-06,LENS,DIBBS|SPE7L126U0771|6650-01-657-7657,C04,Lenses / Windows / Covers / Housings,LENS,LENS,True,core,broad keyword only,"Broad keyword only in modifier, item noun is 'CAP'"
SPE4A726T781R,5855-01-686-5242,SPE4A726T781R,09-22-2026,09-29-2026,2026-09-21 09:13:52,Origin,Destination,None,7018379677,https://dibbs2.bsm.dla.mil/Downloads/RFQ/R/SPE4A726T781R.PDF,https://www.dibbs.bsm.dla.mil/RFQ/RFQRec.aspx?sn=SPE4A726T781R,https://www.dibbs.bsm.dla.mil/rfq/rfqrec.aspx?sn=SPE4A726T781R,LENS,1,20260930T155455Z,5855-01-686-5242,"CAP,LENS",C,334511,161.0,13567 | 286880-1 | ELBIT SYSTEMS OF AMERICA - NIGHT VI,,2026-09-22,2026-09-29,LENS,DIBBS|SPE4A726T781R|5855-01-686-5242,C04,Lenses / Windows / Covers / Housings,LENS,LENS,True,core,broad keyword only,"Broad keyword only in modifier, item noun is 'CAP'"
SPE4A726T781P,5855-01-613-2823,SPE4A726T781P,09-22-2026,09-29-2026,2026-09-21 09:13:52,Origin,Destination,None,7018379056,https://dibbs2.bsm.dla.mil/Downloads/RFQ/P/SPE4A726T781P.PDF,https://www.dibbs.bsm.dla.mil/RFQ/RFQRec.aspx?sn=SPE4A726T781P,https://www.dibbs.bsm.dla.mil/rfq/rfqrec.aspx?sn=SPE4A726T781P,LENS,1,20260930T155455Z,5855-01-613-2823,"CAP,LENS",Z,334511,69.0,"0B107 | BNG-376 | L3 TECHNOLOGIES, INC.",,2026-09-22,2026-09-29,LENS,DIBBS|SPE4A726T781P|5855-01-613-2823,C04,Lenses / Windows / Covers / Housings,LENS,LENS,True,core,broad keyword only,"Broad keyword only in modifier, item noun is 'CAP'"
SPE4A726T721T,5895-01-174-2462,SPE4A726T721T,09-09-2026,09-21-2026,2026-09-16 09:47:08,Origin,Destination,Tech,7018067800,https://dibbs2.bsm.dla.mil/Downloads/RFQ/T/SPE4A726T721T.PDF,https://www.dibbs.bsm.dla.mil/RFQ/RFQRec.aspx?sn=SPE4A726T721T,https://www.dibbs.bsm.dla.mil/rfq/rfqrec.aspx?sn=SPE4A726T721T,LENS,1,20260930T155455Z,5895-01-174-2462,"CAP,LENS",G,334511,640.0,,,2026-09-09,2026-09-21,LENS,DIBBS|SPE4A726T721T|5895-01-174-2462,C04,Lenses / Windows / Covers / Housings,LENS,LENS,True,core,broad keyword only,"Broad keyword only in modifier, item noun is 'CAP'"
SPE4A726T747F,5855-20-012-7760,SPE4A726T747F,09-17-2026,09-24-2026,2026-09-16 12:32:07,Origin,Destination,None,7018341777,https://dibbs2.bsm.dla.mil/Downloads/RFQ/F/SPE4A726T747F.PDF,https://www.dibbs.bsm.dla.mil/RFQ/RFQRec.aspx?sn=SPE4A726T747F,https://www.dibbs.bsm.dla.mil/rfq/rfqrec.aspx?sn=SPE4A726T747F,LENS,1,20260930T155455Z,5855-20-012-7760,"CAP,LENS",R,334511,422.0,L0922 | 28MMFC-FCV-FP | ARMAMENT TECHNOLOGY INCORPORATED,,2026-09-17,2026-09-24,LENS,DIBBS|SPE4A726T747F|5855-20-012-7760,C04,Lenses / Windows / Covers / Housings,LENS,LENS,True,core,broad keyword only,"Broad keyword only in modifier, item noun is 'CAP'"
SPE4A726T745X,5855-01-609-5741,SPE4A726T745X,09-16-2026,09-23-2026,2026-09-15 05:42:54,Origin,Destination,None,7018247263,https://dibbs2.bsm.dla.mil/Downloads/RFQ/X/SPE4A726T745X.PDF,https://www.dibbs.bsm.dla.mil/RFQ/RFQRec.aspx?sn=SPE4A726T745X,https://www.dibbs.bsm.dla.mil/rfq/rfqrec.aspx?sn=SPE4A726T745X,LENS,1,20260930T155455Z,5855-01-609-5741,"CAP,LENS",Z,333310,1384.0,"0B107 | OFM-2490-A1 | L3 TECHNOLOGIES, INC.",,2026-09-16,2026-09-23,LENS,DIBBS|SPE4A726T745X|5855-01-609-5741,C04,Lenses / Windows / Covers / Housings,LENS,LENS,True,core,broad keyword only,"Broad keyword only in modifier, item noun is 'CAP'"
SPE2DS26T438J,6640-01-459-4239,SPE2DS26T438J,09-16-2026,09-21-2026,2026-09-15 10:39:27,Destination,Destination,None,7018330210,https://dibbs2.bsm.dla.mil/Downloads/RFQ/J/SPE2DS26T438J.PDF,https://www.dibbs.bsm.dla.mil/RFQ/RFQRec.aspx?sn=SPE2DS26T438J,https://www.dibbs.bsm.dla.mil/rfq/rfqrec.aspx?sn=SPE2DS26T438J,LENS,1,20260930T155455Z,6640-01-459-4239,"PAPER,LENS",Z,334515,1.0,"0LK40 | LP-46 | PECA PRODUCTS, INC.",,2026-09-16,2026-09-21,LENS,DIBBS|SPE2DS26T438J|6640-01-459-4239,C04,Lenses / Windows / Covers / Housings,LENS,LENS,True,core,broad keyword only,"Broad keyword only in modifier, item noun is 'PAPER'"
SPE4A726T3917,5895-01-174-2462,SPE4A726T3917,11-19-2025,09-16-2026,2026-09-11 05:46:44,Origin,Destination,Tech,7014544836,https://dibbs2.bsm.dla.mil/Downloads/RFQ/7/SPE4A726T3917.PDF,https://www.dibbs.bsm.dla.mil/RFQ/RFQRec.aspx?sn=SPE4A726T3917,https://www.dibbs.bsm.dla.mil/rfq/rfqrec.aspx?sn=SPE4A726T3917,LENS,1,20260930T155455Z,5895-01-174-2462,"CAP,LENS",G,334511,181.0,,,2025-11-19,2026-09-16,LENS,DIBBS|SPE4A726T3917|5895-01-174-2462,C04,Lenses / Windows / Covers / Housings,LENS,LENS,True,core,broad keyword only,"Broad keyword only in modifier, item noun is 'CAP'"
SPE4A726T715Z,5855-01-724-1755,SPE4A726T715Z,09-04-2026,09-11-2026,2026-09-03 12:50:11,Origin,Destination,Tech,7017837192,https://dibbs2.bsm.dla.mil/Downloads/RFQ/Z/SPE4A726T715Z.PDF,https://www.dibbs.bsm.dla.mil/RFQ/RFQRec.aspx?sn=SPE4A726T715Z,https://www.dibbs.bsm.dla.mil/rfq/rfqrec.aspx?sn=SPE4A726T715Z,LENS,1,20260930T155455Z,5855-01-724-1755,"CAP,LENS",B,334511,10.0,6KX34 | 13106635-C01 | N0013	1310323-501	KONGSBERG DEFENCE & AEROSPACE AS,,2026-09-04,2026-09-11,LENS,DIBBS|SPE4A726T715Z|5855-01-724-1755,C04,Lenses / Windows / Covers / Housings,LENS,LENS,True,core,broad keyword only,"Broad keyword only in modifier, item noun is 'CAP'"
SPE4A726T714D,5855-01-613-2823,SPE4A726T714D,09-03-2026,09-10-2026,2026-09-02 03:54:28,Origin,Destination,None,7018069658,https://dibbs2.bsm.dla.mil/Downloads/RFQ/D/SPE4A726T714D.PDF,https://www.dibbs.bsm.dla.mil/RFQ/RFQRec.aspx?sn=SPE4A726T714D,https://www.dibbs.bsm.dla.mil/rfq/rfqrec.aspx?sn=SPE4A726T714D,LENS,1,20260930T155455Z,5855-01-613-2823,"CAP,LENS",Z,334511,109.0,"0B107 | BNG-376 | L3 TECHNOLOGIES, INC.",,2026-09-03,2026-09-10,LENS,DIBBS|SPE4A726T714D|5855-01-613-2823,C04,Lenses / Windows / Covers / Housings,LENS,LENS,True,core,broad keyword only,"Broad keyword only in modifier, item noun is 'CAP'"
SPE7L726T5042,6650-01-734-3430,SPE7L726T5042,09-01-2026,09-11-2026,2026-08-31 11:51:12,Origin,Destination,None,7017385454,https://dibbs2.bsm.dla.mil/Downloads/RFQ/2/SPE7L726T5042.PDF,https://www.dibbs.bsm.dla.mil/RFQ/RFQRec.aspx?sn=SPE7L726T5042,https://www.dibbs.bsm.dla.mil/rfq/rfqrec.aspx?sn=SPE7L726T5042,LENS,1,20260930T155455Z,6650-01-734-3430,"CAP,LENS",D,333310,25.0,,,2026-09-01,2026-09-11,LENS,DIBBS|SPE7L726T5042|6650-01-734-3430,C04,Lenses / Windows / Covers / Housings,LENS,LENS,True,core,broad keyword only,"Broad keyword only in modifier, item noun is 'CAP'"
SPE8E726T3727,6210-01-379-0170,SPE8E726T3727,08-31-2026,09-10-2026,2026-08-30 03:26:26,Origin,Destination,None,7018086970,https://dibbs2.bsm.dla.mil/Downloads/RFQ/7/SPE8E726T3727.PDF,https://www.dibbs.bsm.dla.mil/RFQ/RFQRec.aspx?sn=SPE8E726T3727,https://www.dibbs.bsm.dla.mil/rfq/rfqrec.aspx?sn=SPE8E726T3727,LENS,1,20260930T155455Z,6210-01-379-0170,"SOLAR LIGHT,LENS",Z,335132,2.0,0XNL1 | PD-12 | 0XVR5	PD-12,,2026-08-31,2026-09-10,LENS; LIGHTING,DIBBS|SPE8E726T3727|6210-01-379-0170,C04,Lenses / Windows / Covers / Housings,LENS,LENS,True,core,broad keyword only,"Broad keyword only in modifier, item noun is 'SOLAR LIGHT'"
SPE4A726T698B,5855-01-529-2656,SPE4A726T698B,08-27-2026,09-03-2026,2026-08-26 09:44:38,Origin,Destination,None,7018069183,https://dibbs2.bsm.dla.mil/Downloads/RFQ/B/SPE4A726T698B.PDF,https://www.dibbs.bsm.dla.mil/RFQ/RFQRec.aspx?sn=SPE4A726T698B,https://www.dibbs.bsm.dla.mil/rfq/rfqrec.aspx?sn=SPE4A726T698B,LENS,1,20260930T155455Z,5855-01-529-2656,"CAP,LENS",P,333310,21.0,77969 | 21102202-102 | RUBBERCRAFT CORPORATION OF CALIFORN,,2026-08-27,2026-09-03,LENS,DIBBS|SPE4A726T698B|5855-01-529-2656,C04,Lenses / Windows / Covers / Housings,LENS,LENS,True,core,broad keyword only,"Broad keyword only in modifier, item noun is 'CAP'"
SPE4A726T679X,5855-01-609-6215,SPE4A726T679X,08-20-2026,08-27-2026,2026-08-21 02:41:27,Origin,Origin,None,7017964433,https://dibbs2.bsm.dla.mil/Downloads/RFQ/X/SPE4A726T679X.PDF,https://www.dibbs.bsm.dla.mil/RFQ/RFQRec.aspx?sn=SPE4A726T679X,https://www.dibbs.bsm.dla.mil/rfq/rfqrec.aspx?sn=SPE4A726T679X,LENS,2,20260930T155512Z,5855-01-609-6215,"CAP,LENS",D,333310,1453.0,6FQM4 | OFM-2546-A1 | INTELLIGENT MANUFACTURING SOLUTIONS,,2026-08-20,2026-08-27,LENS,DIBBS|SPE4A726T679X|5855-01-609-6215,C04,Lenses / Windows / Covers / Housings,LENS,LENS,True,core,broad keyword only,"Broad keyword only in modifier, item noun is 'CAP'"
SPE8EN26T2913,6760-01-556-4306,SPE8EN26T2913,08-13-2026,08-24-2026,2026-08-21 02:41:27,Origin,Destination,None,7017757112,https://dibbs2.bsm.dla.mil/Downloads/RFQ/3/SPE8EN26T2913.PDF,https://www.dibbs.bsm.dla.mil/RFQ/RFQRec.aspx?sn=SPE8EN26T2913,https://www.dibbs.bsm.dla.mil/rfq/rfqrec.aspx?sn=SPE8EN26T2913,LENS,2,20260930T155512Z,6760-01-556-4306,"THERMAL IMAGER,LENS TI",D,332991,895.0,"0B107 | 7B626 | L3 TECHNOLOGIES, INC.",,2026-08-13,2026-08-24,LENS,DIBBS|SPE8EN26T2913|6760-01-556-4306,C04,Lenses / Windows / Covers / Housings,LENS,LENS,True,core,broad keyword only,"Broad keyword only in modifier, item noun is 'THERMAL IMAGER'"
SPE8E726T3053,6220-01-225-6073,SPE8E726T3053,06-12-2026,06-25-2026,2026-08-21 02:41:27,Origin,Destination,None,7017123253,https://dibbs2.bsm.dla.mil/Downloads/RFQ/3/SPE8E726T3053.PDF,https://www.dibbs.bsm.dla.mil/RFQ/RFQRec.aspx?sn=SPE8E726T3053,https://www.dibbs.bsm.dla.mil/rfq/rfqrec.aspx?sn=SPE8E726T3053,LENS,2,20260930T155512Z,6220-01-225-6073,"RETAINER,LENS",G,336413,38.0,,,2026-06-12,2026-06-25,LENS,DIBBS|SPE8E726T3053|6220-01-225-6073,C04,Lenses / Windows / Covers / Housings,LENS,LENS,True,core,broad keyword only,"Broad keyword only in modifier, item noun is 'RETAINER'"
SPE7L726T4336,6650-01-734-3450,SPE7L726T4336,07-17-2026,07-27-2026,2026-08-21 02:41:27,Origin,Destination,None,7017315514,https://dibbs2.bsm.dla.mil/Downloads/RFQ/6/SPE7L726T4336.PDF,https://www.dibbs.bsm.dla.mil/RFQ/RFQRec.aspx?sn=SPE7L726T4336,https://www.dibbs.bsm.dla.mil/rfq/rfqrec.aspx?sn=SPE7L726T4336,LENS,2,20260930T155512Z,6650-01-734-3450,"CAP,LENS",D,333310,25.0,,,2026-07-17,2026-07-27,LENS,DIBBS|SPE7L726T4336|6650-01-734-3450,C04,Lenses / Windows / Covers / Housings,LENS,LENS,True,core,broad keyword only,"Broad keyword only in modifier, item noun is 'CAP'"
SPE7L726T2361,6650-01-590-5439,SPE7L726T2361,03-19-2026,04-13-2026,2026-08-21 02:41:27,Origin,Destination,None,7013657731,https://dibbs2.bsm.dla.mil/Downloads/RFQ/1/SPE7L726T2361.PDF,https://www.dibbs.bsm.dla.mil/RFQ/RFQRec.aspx?sn=SPE7L726T2361,https://www.dibbs.bsm.dla.mil/rfq/rfqrec.aspx?sn=SPE7L726T2361,LENS,2,20260930T155512Z,6650-01-590-5439,"CAP,LENS",D,333310,78.0,35848 | 55717 | LEUPOLD & STEVENS INC,,2026-03-19,2026-04-13,LENS,DIBBS|SPE7L726T2361|6650-01-590-5439,C04,Lenses / Windows / Covers / Housings,LENS,LENS,True,core,broad keyword only,"Broad keyword only in modifier, item noun is 'CAP'"
SPE4A725Q1500,5855-01-693-6306,SPE4A725Q1500,09-25-2025,10-09-2025,2026-08-21 02:41:27,Origin,Destination,None,7013430528,https://dibbs2.bsm.dla.mil/Downloads/RFQ/0/SPE4A725Q1500.PDF,https://www.dibbs.bsm.dla.mil/RFQ/RFQRec.aspx?sn=SPE4A725Q1500,https://www.dibbs.bsm.dla.mil/rfq/rfqrec.aspx?sn=SPE4A725Q1500,LENS,2,20260930T155512Z,5855-01-693-6306,"CAP,LENS",P,334511,422.0,"0B107 | OFB-2457-A1 | L3 TECHNOLOGIES, INC.",,2025-09-25,2025-10-09,BOX; FUEL; LENS; LIGHTING,DIBBS|SPE4A725Q1500|5855-01-693-6306,C04,Lenses / Windows / Covers / Housings,LENS,LENS,True,core,broad keyword only,"Broad keyword only in modifier, item noun is 'CAP'"
SPE4A626T78E1,6220-01-443-7662,SPE4A626T78E1,06-03-2026,06-10-2026,2026-08-21 02:41:27,Origin,Origin,Tech,7017010007,https://dibbs2.bsm.dla.mil/Downloads/RFQ/1/SPE4A626T78E1.PDF,https://www.dibbs.bsm.dla.mil/RFQ/RFQRec.aspx?sn=SPE4A626T78E1,https://www.dibbs.bsm.dla.mil/rfq/rfqrec.aspx?sn=SPE4A626T78E1,LENS,2,20260930T155512Z,6220-01-443-7662,"RETAINER,LENS",G,336320,3.0,,,2026-06-03,2026-06-10,LENS,DIBBS|SPE4A626T78E1|6220-01-443-7662,C04,Lenses / Windows / Covers / Housings,LENS,LENS,True,core,broad keyword only,"Broad keyword only in modifier, item noun is 'RETAINER'"
SPE4A626T13MZ,6220-01-443-7662,SPE4A626T13MZ,08-06-2026,08-13-2026,2026-08-21 02:41:27,Origin,Origin,Tech,7017409255,https://dibbs2.bsm.dla.mil/Downloads/RFQ/Z/SPE4A626T13MZ.PDF,https://www.dibbs.bsm.dla.mil/RFQ/RFQRec.aspx?sn=SPE4A626T13MZ,https://www.dibbs.bsm.dla.mil/rfq/rfqrec.aspx?sn=SPE4A626T13MZ,LENS,2,20260930T155512Z,6220-01-443-7662,"RETAINER,LENS",G,336320,2.0,,,2026-08-06,2026-08-13,LENS,DIBBS|SPE4A626T13MZ|6220-01-443-7662,C04,Lenses / Windows / Covers / Housings,LENS,LENS,True,core,broad keyword only,"Broad keyword only in modifier, item noun is 'RETAINER'"
SPE4A726T653C,5855-01-613-2823,SPE4A726T653C,08-14-2026,08-21-2026,2026-08-21 02:41:27,Origin,Destination,None,7017870292,https://dibbs2.bsm.dla.mil/Downloads/RFQ/C/SPE4A726T653C.PDF,https://www.dibbs.bsm.dla.mil/RFQ/RFQRec.aspx?sn=SPE4A726T653C,https://www.dibbs.bsm.dla.mil/rfq/rfqrec.aspx?sn=SPE4A726T653C,LENS,2,20260930T155512Z,5855-01-613-2823,"CAP,LENS",Z,334511,20.0,"0B107 | BNG-376 | L3 TECHNOLOGIES, INC.",,2026-08-14,2026-08-21,LENS,DIBBS|SPE4A726T653C|5855-01-613-2823,C04,Lenses / Windows / Covers / Housings,LENS,LENS,True,core,broad keyword only,"Broad keyword only in modifier, item noun is 'CAP'"
SPE4A726T606R,5855-01-666-9264,SPE4A726T606R,08-04-2026,08-11-2026,2026-08-21 02:41:27,Origin,Destination,None,7017673389,https://dibbs2.bsm.dla.mil/Downloads/RFQ/R/SPE4A726T606R.PDF,https://www.dibbs.bsm.dla.mil/RFQ/RFQRec.aspx?sn=SPE4A726T606R,https://www.dibbs.bsm.dla.mil/rfq/rfqrec.aspx?sn=SPE4A726T606R,LENS,2,20260930T155512Z,5855-01-666-9264,"CAP,LENS",C,334511,1.0,32865 | 1026084-001 | DRS NETWORK & IMAGING SYSTEMS LLC,,2026-08-04,2026-08-11,LENS,DIBBS|SPE4A726T606R|5855-01-666-9264,C04,Lenses / Windows / Covers / Housings,LENS,LENS,True,core,broad keyword only,"Broad keyword only in modifier, item noun is 'CAP'"
SPE4A726T437R,5855-01-714-4216,SPE4A726T437R,06-02-2026,06-16-2026,2026-08-21 02:41:27,Origin,Destination,Tech,7015689194,https://dibbs2.bsm.dla.mil/Downloads/RFQ/R/SPE4A726T437R.PDF,https://www.dibbs.bsm.dla.mil/RFQ/RFQRec.aspx?sn=SPE4A726T437R,https://www.dibbs.bsm.dla.mil/rfq/rfqrec.aspx?sn=SPE4A726T437R,LENS,2,20260930T155512Z,5855-01-714-4216,"CAP,LENS",B,334511,13.0,6KX34 | 60276858-00-C15-L00 | N0013	60276858-00-C15-L00	KONGSBERG DEFENCE & AEROSPACE AS,,2026-06-02,2026-06-16,LENS,DIBBS|SPE4A726T437R|5855-01-714-4216,C04,Lenses / Windows / Covers / Housings,LENS,LENS,True,core,broad keyword only,"Broad keyword only in modifier, item noun is 'CAP'"
SPE8E726T0714,6220-01-225-6073,SPE8E726T0714,11-17-2025,07-02-2026,2026-08-21 02:41:27,Origin,Destination,None,7014376281,https://dibbs2.bsm.dla.mil/Downloads/RFQ/4/SPE8E726T0714.PDF,https://www.dibbs.bsm.dla.mil/RFQ/RFQRec.aspx?sn=SPE8E726T0714,https://www.dibbs.bsm.dla.mil/rfq/rfqrec.aspx?sn=SPE8E726T0714,LENS,2,20260930T155512Z,6220-01-225-6073,"RETAINER,LENS",G,336413,43.0,,,2025-11-17,2026-07-02,LENS,DIBBS|SPE8E726T0714|6220-01-225-6073,C04,Lenses / Windows / Covers / Housings,LENS,LENS,True,core,broad keyword only,"Broad keyword only in modifier, item noun is 'RETAINER'"
SPE4A526T048J,6220-01-082-2901,SPE4A526T048J,04-08-2026,04-15-2026,2026-08-21 02:41:27,Origin,Destination,None,7016227189,https://dibbs2.bsm.dla.mil/Downloads/RFQ/J/SPE4A526T048J.PDF,https://www.dibbs.bsm.dla.mil/RFQ/RFQRec.aspx?sn=SPE4A526T048J,https://www.dibbs.bsm.dla.mil/rfq/rfqrec.aspx?sn=SPE4A526T048J,LENS,2,20260930T155512Z,6220-01-082-2901,"RETAINER,LENS",L,336320,10.0,3H889 | 2775683-101 | PARKER-HANNIFIN CORPORATION,,2026-04-08,2026-04-15,INDICATOR; LENS,DIBBS|SPE4A526T048J|6220-01-082-2901,C04,Lenses / Windows / Covers / Housings,LENS,LENS,True,core,broad keyword only,"Broad keyword only in modifier, item noun is 'RETAINER'"
SPE8EN26T2127,6760-01-675-7800,SPE8EN26T2127,06-02-2026,06-12-2026,2026-08-21 02:41:27,Origin,Destination,None,7016966869,https://dibbs2.bsm.dla.mil/Downloads/RFQ/7/SPE8EN26T2127.PDF,https://www.dibbs.bsm.dla.mil/RFQ/RFQRec.aspx?sn=SPE8EN26T2127,https://www.dibbs.bsm.dla.mil/rfq/rfqrec.aspx?sn=SPE8EN26T2127,LENS,2,20260930T155512Z,6760-01-675-7800,"CAP,LENS",L,333310,2.0,A008B | 27-04-13-32 | DOK-ING D.O.O.,,2026-06-02,2026-06-12,LENS,DIBBS|SPE8EN26T2127|6760-01-675-7800,C04,Lenses / Windows / Covers / Housings,LENS,LENS,True,core,broad keyword only,"Broad keyword only in modifier, item noun is 'CAP'"
SPE4A726T604E,5855-01-686-5242,SPE4A726T604E,07-31-2026,08-12-2026,2026-08-21 02:41:27,Origin,Destination,None,7017696822,https://dibbs2.bsm.dla.mil/Downloads/RFQ/E/SPE4A726T604E.PDF,https://www.dibbs.bsm.dla.mil/RFQ/RFQRec.aspx?sn=SPE4A726T604E,https://www.dibbs.bsm.dla.mil/rfq/rfqrec.aspx?sn=SPE4A726T604E,LENS,2,20260930T155512Z,5855-01-686-5242,"CAP,LENS",C,334511,108.0,13567 | 286880-1 | ELBIT SYSTEMS OF AMERICA - NIGHT VI,,2026-07-31,2026-08-12,LENS,DIBBS|SPE4A726T604E|5855-01-686-5242,C04,Lenses / Windows / Covers / Housings,LENS,LENS,True,core,broad keyword only,"Broad keyword only in modifier, item noun is 'CAP'"
SPE7L726T3975,6650-01-571-0304,SPE7L726T3975,06-18-2026,06-29-2026,2026-08-21 02:41:27,Origin,Destination,None,7017225858,https://dibbs2.bsm.dla.mil/Downloads/RFQ/5/SPE7L726T3975.PDF,https://www.dibbs.bsm.dla.mil/RFQ/RFQRec.aspx?sn=SPE7L726T3975,https://www.dibbs.bsm.dla.mil/rfq/rfqrec.aspx?sn=SPE7L726T3975,LENS,2,20260930T155512Z,6650-01-571-0304,"CAP,LENS",D,333310,18.0,04939 | 76502405-019 | LOCKHEED MARTIN CORPORATION,,2026-06-18,2026-06-29,LENS,DIBBS|SPE7L726T3975|6650-01-571-0304,C04,Lenses / Windows / Covers / Housings,LENS,LENS,True,core,broad keyword only,"Broad keyword only in modifier, item noun is 'CAP'"
SPE4A726T682E,5855-01-686-5242,SPE4A726T682E,08-20-2026,08-27-2026,2026-08-21 02:41:27,Origin,Destination,None,7017869098,https://dibbs2.bsm.dla.mil/Downloads/RFQ/E/SPE4A726T682E.PDF,https://www.dibbs.bsm.dla.mil/RFQ/RFQRec.aspx?sn=SPE4A726T682E,https://www.dibbs.bsm.dla.mil/rfq/rfqrec.aspx?sn=SPE4A726T682E,LENS,3,20260930T155528Z,5855-01-686-5242,"CAP,LENS",C,334511,32.0,13567 | 286880-1 | ELBIT SYSTEMS OF AMERICA - NIGHT VI,,2026-08-20,2026-08-27,LENS,DIBBS|SPE4A726T682E|5855-01-686-5242,C04,Lenses / Windows / Covers / Housings,LENS,LENS,True,core,broad keyword only,"Broad keyword only in modifier, item noun is 'CAP'"
SPE4A726T463T,5855-01-655-1805,SPE4A726T463T,06-08-2026,06-15-2026,2026-08-21 02:41:27,Origin,Destination,None,7017039725,https://dibbs2.bsm.dla.mil/Downloads/RFQ/T/SPE4A726T463T.PDF,https://www.dibbs.bsm.dla.mil/RFQ/RFQRec.aspx?sn=SPE4A726T463T,https://www.dibbs.bsm.dla.mil/rfq/rfqrec.aspx?sn=SPE4A726T463T,LENS,3,20260930T155528Z,5855-01-655-1805,"CAP,LENS",C,334511,29.0,3J629 | 200102 | AIMPOINT INC,,2026-06-08,2026-06-15,LENS,DIBBS|SPE4A726T463T|5855-01-655-1805,C04,Lenses / Windows / Covers / Housings,LENS,LENS,True,core,broad keyword only,"Broad keyword only in modifier, item noun is 'CAP'"
SPE7L726T4562,6650-01-734-3460,SPE7L726T4562,08-05-2026,08-17-2026,2026-08-21 02:41:27,Origin,Destination,None,7017315513,https://dibbs2.bsm.dla.mil/Downloads/RFQ/2/SPE7L726T4562.PDF,https://www.dibbs.bsm.dla.mil/RFQ/RFQRec.aspx?sn=SPE7L726T4562,https://www.dibbs.bsm.dla.mil/rfq/rfqrec.aspx?sn=SPE7L726T4562,LENS,3,20260930T155528Z,6650-01-734-3460,"CAP,LENS",D,333310,25.0,,,2026-08-05,2026-08-17,LENS,DIBBS|SPE7L726T4562|6650-01-734-3460,C04,Lenses / Windows / Covers / Housings,LENS,LENS,True,core,broad keyword only,"Broad keyword only in modifier, item noun is 'CAP'"
SPE4A726T4831,5855-01-733-3269,SPE4A726T4831,11-26-2025,12-03-2025,2026-08-21 02:41:27,Origin,Destination,None,7014544590,https://dibbs2.bsm.dla.mil/Downloads/RFQ/1/SPE4A726T4831.PDF,https://www.dibbs.bsm.dla.mil/RFQ/RFQRec.aspx?sn=SPE4A726T4831,https://www.dibbs.bsm.dla.mil/rfq/rfqrec.aspx?sn=SPE4A726T4831,LENS,3,20260930T155528Z,5855-01-733-3269,"CAP,LENS",P,000000,209.0,"8EDV1 | SAL-8002-SPR | ENVISION TECHNOLOGY, LLC",,2025-11-26,2025-12-03,LENS,DIBBS|SPE4A726T4831|5855-01-733-3269,C04,Lenses / Windows / Covers / Housings,LENS,LENS,True,core,broad keyword only,"Broad keyword only in modifier, item noun is 'CAP'"
SPE4A726T329E,5855-01-733-9263,SPE4A726T329E,05-08-2026,05-15-2026,2026-08-21 02:41:27,Origin,Destination,None,7016706934,https://dibbs2.bsm.dla.mil/Downloads/RFQ/E/SPE4A726T329E.PDF,https://www.dibbs.bsm.dla.mil/RFQ/RFQRec.aspx?sn=SPE4A726T329E,https://www.dibbs.bsm.dla.mil/rfq/rfqrec.aspx?sn=SPE4A726T329E,LENS,3,20260930T155528Z,5855-01-733-9263,"CAP,LENS",Q,334511,12.0,,,2026-05-08,2026-05-15,LENS,DIBBS|SPE4A726T329E|5855-01-733-9263,C04,Lenses / Windows / Covers / Housings,LENS,LENS,True,core,broad keyword only,"Broad keyword only in modifier, item noun is 'CAP'"
SPE4A626T55W5,6220-00-752-6020,SPE4A626T55W5,05-15-2026,05-28-2026,2026-08-21 02:41:27,Origin,Origin,Tech,7016785246,https://dibbs2.bsm.dla.mil/Downloads/RFQ/5/SPE4A626T55W5.PDF,https://www.dibbs.bsm.dla.mil/RFQ/RFQRec.aspx?sn=SPE4A626T55W5,https://www.dibbs.bsm.dla.mil/rfq/rfqrec.aspx?sn=SPE4A626T55W5,LENS,3,20260930T155528Z,6220-00-752-6020,"RETAINER,LENS",G,336320,152.0,,,2026-05-15,2026-05-28,LENS,DIBBS|SPE4A626T55W5|6220-00-752-6020,C04,Lenses / Windows / Covers / Housings,LENS,LENS,True,core,broad keyword only,"Broad keyword only in modifier, item noun is 'RETAINER'"
SPE4A626U1813,5855-01-686-9228,SPE4A626U1813,02-11-2026,03-02-2026,2026-08-21 02:41:27,Origin,Destination,None,1000224364,https://dibbs2.bsm.dla.mil/Downloads/RFQ/3/SPE4A626U1813.PDF,https://www.dibbs.bsm.dla.mil/RFQ/RFQRec.aspx?sn=SPE4A626U1813,https://www.dibbs.bsm.dla.mil/rfq/rfqrec.aspx?sn=SPE4A626U1813,LENS,3,20260930T155528Z,5855-01-686-9228,"CAP,LENS",Q,334511,130.0,"1YWM6 | 14245-1001 | SAFRAN DEFENSE & SPACE, INC.",,2026-02-11,2026-03-02,LENS,DIBBS|SPE4A626U1813|5855-01-686-9228,C04,Lenses / Windows / Covers / Housings,LENS,LENS,True,core,broad keyword only,"Broad keyword only in modifier, item noun is 'CAP'"
SPE4A524T739E,5855-01-441-3189,SPE4A524T739E,09-18-2024,09-25-2024,2026-08-21 02:41:27,Origin,Destination,None,7009237011,https://dibbs2.bsm.dla.mil/Downloads/RFQ/E/SPE4A524T739E.PDF,https://www.dibbs.bsm.dla.mil/RFQ/RFQRec.aspx?sn=SPE4A524T739E,https://www.dibbs.bsm.dla.mil/rfq/rfqrec.aspx?sn=SPE4A524T739E,LENS,3,20260930T155528Z,5855-01-441-3189,"CAP,LENS",P,334511,31.0,0PXV4 | 13265052 | THE BOEING COMPANY,,2024-09-18,2024-09-25,LENS,DIBBS|SPE4A524T739E|5855-01-441-3189,C04,Lenses / Windows / Covers / Housings,LENS,LENS,True,core,broad keyword only,"Broad keyword only in modifier, item noun is 'CAP'"
SPE4A525T1880,5855-01-441-3189,SPE4A525T1880,10-24-2024,10-31-2024,2026-08-21 02:41:27,Origin,Destination,None,7009682564,https://dibbs2.bsm.dla.mil/Downloads/RFQ/0/SPE4A525T1880.PDF,https://www.dibbs.bsm.dla.mil/RFQ/RFQRec.aspx?sn=SPE4A525T1880,https://www.dibbs.bsm.dla.mil/rfq/rfqrec.aspx?sn=SPE4A525T1880,LENS,3,20260930T155528Z,5855-01-441-3189,"CAP,LENS",P,334511,33.0,0PXV4 | 13265052 | THE BOEING COMPANY,,2024-10-24,2024-10-31,LENS,DIBBS|SPE4A525T1880|5855-01-441-3189,C04,Lenses / Windows / Covers / Housings,LENS,LENS,True,core,broad keyword only,"Broad keyword only in modifier, item noun is 'CAP'"
SPE4A726T615Z,5855-01-609-5741,SPE4A726T615Z,08-05-2026,08-12-2026,2026-08-21 02:41:27,Origin,Destination,None,7017739917,https://dibbs2.bsm.dla.mil/Downloads/RFQ/Z/SPE4A726T615Z.PDF,https://www.dibbs.bsm.dla.mil/RFQ/RFQRec.aspx?sn=SPE4A726T615Z,https://www.dibbs.bsm.dla.mil/rfq/rfqrec.aspx?sn=SPE4A726T615Z,LENS,3,20260930T155528Z,5855-01-609-5741,"CAP,LENS",Z,333310,1500.0,"0B107 | OFM-2490-A1 | L3 TECHNOLOGIES, INC.",,2026-08-05,2026-08-12,LENS,DIBBS|SPE4A726T615Z|5855-01-609-5741,C04,Lenses / Windows / Covers / Housings,LENS,LENS,True,core,broad keyword only,"Broad keyword only in modifier, item noun is 'CAP'"
SPE7L326T285Y,2510-01-607-0034,SPE7L326T285Y,09-25-2026,10-05-2026,2026-09-24 04:56:31,Origin,Destination,None,7018487260,https://dibbs2.bsm.dla.mil/Downloads/RFQ/Y/SPE7L326T285Y.PDF,https://www.dibbs.bsm.dla.mil/RFQ/RFQRec.aspx?sn=SPE7L326T285Y,https://www.dibbs.bsm.dla.mil/rfq/rfqrec.aspx?sn=SPE7L326T285Y,WINDOW,1,20260930T155539Z,2510-01-607-0034,"FRAME SECTION,WINDOW,V",D,332999,1.0,,,2026-09-25,2026-10-05,WINDOW,DIBBS|SPE7L326T285Y|2510-01-607-0034,C04,Lenses / Windows / Covers / Housings,WINDOW,WINDOW,True,core,broad keyword only,"Broad keyword only in modifier, item noun is 'FRAME SECTION'"
SPE4A726T794Q,1560-01-500-4439,SPE4A726T794Q,09-25-2026,10-02-2026,2026-09-24 02:36:43,Origin,Origin,Tech,7018248243,https://dibbs2.bsm.dla.mil/Downloads/RFQ/Q/SPE4A726T794Q.PDF,https://www.dibbs.bsm.dla.mil/RFQ/RFQRec.aspx?sn=SPE4A726T794Q,https://www.dibbs.bsm.dla.mil/rfq/rfqrec.aspx?sn=SPE4A726T794Q,WINDOW,1,20260930T155539Z,1560-01-500-4439,"FRAME,WINDOW,AIRCRAFT",G,336413,5.0,,,2026-09-25,2026-10-02,WINDOW,DIBBS|SPE4A726T794Q|1560-01-500-4439,C04,Lenses / Windows / Covers / Housings,WINDOW,WINDOW,True,core,broad keyword only,"Broad keyword only in modifier, item noun is 'FRAME'"
SPE4A526T459P,1680-01-646-9656,SPE4A526T459P,09-21-2026,09-28-2026,2026-09-21 12:15:48,Origin,Destination,None,7018185726,https://dibbs2.bsm.dla.mil/Downloads/RFQ/P/SPE4A526T459P.PDF,https://www.dibbs.bsm.dla.mil/RFQ/RFQRec.aspx?sn=SPE4A526T459P,https://www.dibbs.bsm.dla.mil/rfq/rfqrec.aspx?sn=SPE4A526T459P,WINDOW,1,20260930T155539Z,1680-01-646-9656,"RESERVOIR,WINDOW WASHE",D,336413,1.0,78286 | 70209-21000-050 | SIKORSKY AIRCRAFT CORPORATION,,2026-09-21,2026-09-28,WINDOW,DIBBS|SPE4A526T459P|1680-01-646-9656,C04,Lenses / Windows / Covers / Housings,WINDOW,WINDOW,True,core,broad keyword only,"Broad keyword only in modifier, item noun is 'RESERVOIR'"
SPE4A726T704K,1560-01-108-7277,SPE4A726T704K,08-31-2026,09-11-2026,2026-09-09 12:17:51,Origin,Origin,Tech,7017486759,https://dibbs2.bsm.dla.mil/Downloads/RFQ/K/SPE4A726T704K.PDF,https://www.dibbs.bsm.dla.mil/RFQ/RFQRec.aspx?sn=SPE4A726T704K,https://www.dibbs.bsm.dla.mil/rfq/rfqrec.aspx?sn=SPE4A726T704K,WINDOW,1,20260930T155539Z,1560-01-108-7277,"HANDLE,WINDOW",G,336413,44.0,,,2026-08-31,2026-09-11,WINDOW,DIBBS|SPE4A726T704K|1560-01-108-7277,C04,Lenses / Windows / Covers / Housings,WINDOW,WINDOW,True,core,broad keyword only,"Broad keyword only in modifier, item noun is 'HANDLE'"
SPE4A726T705Z,1680-00-782-9920,SPE4A726T705Z,09-01-2026,09-08-2026,2026-08-31 11:51:12,Origin,Origin,Tech,7017200454,https://dibbs2.bsm.dla.mil/Downloads/RFQ/Z/SPE4A726T705Z.PDF,https://www.dibbs.bsm.dla.mil/RFQ/RFQRec.aspx?sn=SPE4A726T705Z,https://www.dibbs.bsm.dla.mil/rfq/rfqrec.aspx?sn=SPE4A726T705Z,WINDOW,1,20260930T155539Z,1680-00-782-9920,"CURTAIN,WINDOW",G,336413,3.0,,,2026-09-01,2026-09-08,WINDOW,DIBBS|SPE4A726T705Z|1680-00-782-9920,C04,Lenses / Windows / Covers / Housings,WINDOW,WINDOW,True,core,broad keyword only,"Broad keyword only in modifier, item noun is 'CURTAIN'"
SPE4A626T24EQ,1560-01-015-0213,SPE4A626T24EQ,08-28-2026,09-04-2026,2026-08-27 11:49:44,Origin,Origin,None,7016753346,https://dibbs2.bsm.dla.mil/Downloads/RFQ/Q/SPE4A626T24EQ.PDF,https://www.dibbs.bsm.dla.mil/RFQ/RFQRec.aspx?sn=SPE4A626T24EQ,https://www.dibbs.bsm.dla.mil/rfq/rfqrec.aspx?sn=SPE4A626T24EQ,WINDOW,1,20260930T155539Z,1560-01-015-0213,"FITTING,WINDOW",P,336413,38.0,82918 | 69-36753-1 | THE BOEING COMPANY,,2026-08-28,2026-09-04,WINDOW,DIBBS|SPE4A626T24EQ|1560-01-015-0213,C04,Lenses / Windows / Covers / Housings,WINDOW,WINDOW,True,core,broad keyword only,"Broad keyword only in modifier, item noun is 'FITTING'"
SPE7L326T211J,2540-01-483-6927,SPE7L326T211J,08-27-2026,09-08-2026,2026-08-26 09:44:38,Origin,Destination,None,7018069448,https://dibbs2.bsm.dla.mil/Downloads/RFQ/J/SPE7L326T211J.PDF,https://www.dibbs.bsm.dla.mil/RFQ/RFQRec.aspx?sn=SPE7L326T211J,https://www.dibbs.bsm.dla.mil/rfq/rfqrec.aspx?sn=SPE7L326T211J,WINDOW,1,20260930T155539Z,2540-01-483-6927,"COVER,VEHICLE WINDOW",R,336390,17.0,,,2026-08-27,2026-09-08,WINDOW,DIBBS|SPE7L326T211J|2540-01-483-6927,C04,Lenses / Windows / Covers / Housings,WINDOW,WINDOW,True,core,broad keyword only,"Broad keyword only in modifier, item noun is 'COVER'"
SPE4A526T305M,1680-01-646-9656,SPE4A526T305M,07-23-2026,07-30-2026,2026-08-21 02:41:27,Origin,Origin,None,7017548750,https://dibbs2.bsm.dla.mil/Downloads/RFQ/M/SPE4A526T305M.PDF,https://www.dibbs.bsm.dla.mil/RFQ/RFQRec.aspx?sn=SPE4A526T305M,https://www.dibbs.bsm.dla.mil/rfq/rfqrec.aspx?sn=SPE4A526T305M,WINDOW,2,20260930T155556Z,1680-01-646-9656,"RESERVOIR,WINDOW WA",D,336413,1.0,78286 | 70209-21000-050 | SIKORSKY AIRCRAFT CORPORATION,,2026-07-23,2026-07-30,WINDOW,DIBBS|SPE4A526T305M|1680-01-646-9656,C04,Lenses / Windows / Covers / Housings,WINDOW,WINDOW,True,core,broad keyword only,"Broad keyword only in modifier, item noun is 'RESERVOIR'"
SPE7L126T709Q,2510-01-480-7906,SPE7L126T709Q,06-17-2026,06-29-2026,2026-08-21 02:41:27,Origin,Destination,None,7017180142,https://dibbs2.bsm.dla.mil/Downloads/RFQ/Q/SPE7L126T709Q.PDF,https://www.dibbs.bsm.dla.mil/RFQ/RFQRec.aspx?sn=SPE7L126T709Q,https://www.dibbs.bsm.dla.mil/rfq/rfqrec.aspx?sn=SPE7L126T709Q,WINDOW,2,20260930T155556Z,2510-01-480-7906,"FRAME,WINDOW,VEHICU",L,336211,1.0,,,2026-06-17,2026-06-29,WINDOW,DIBBS|SPE7L126T709Q|2510-01-480-7906,C04,Lenses / Windows / Covers / Housings,WINDOW,WINDOW,True,core,broad keyword only,"Broad keyword only in modifier, item noun is 'FRAME'"
SPE7L526T2898,2510-01-589-6145,SPE7L526T2898,04-10-2026,04-20-2026,2026-08-21 02:41:27,Origin,Destination,None,7016270444,https://dibbs2.bsm.dla.mil/Downloads/RFQ/8/SPE7L526T2898.PDF,https://www.dibbs.bsm.dla.mil/RFQ/RFQRec.aspx?sn=SPE7L526T2898,https://www.dibbs.bsm.dla.mil/rfq/rfqrec.aspx?sn=SPE7L526T2898,WINDOW,2,20260930T155556Z,2510-01-589-6145,"FRAME,WINDOW,VEHICU",C,332999,27.0,75Q65 | 3903249 | OSHKOSH DEFENSE LLC,,2026-04-10,2026-04-20,WINDOW,DIBBS|SPE7L526T2898|2510-01-589-6145,C04,Lenses / Windows / Covers / Housings,WINDOW,WINDOW,True,core,broad keyword only,"Broad keyword only in modifier, item noun is 'FRAME'"
SPE7L526T0315,2510-01-589-6145,SPE7L526T0315,10-15-2025,10-27-2025,2026-08-21 02:41:27,Origin,Destination,None,7013879493,https://dibbs2.bsm.dla.mil/Downloads/RFQ/5/SPE7L526T0315.PDF,https://www.dibbs.bsm.dla.mil/RFQ/RFQRec.aspx?sn=SPE7L526T0315,https://www.dibbs.bsm.dla.mil/rfq/rfqrec.aspx?sn=SPE7L526T0315,WINDOW,2,20260930T155556Z,2510-01-589-6145,"FRAME,WINDOW,VEHICU",C,332999,25.0,75Q65 | 3903249 | OSHKOSH DEFENSE LLC,,2025-10-15,2025-10-27,WINDOW,DIBBS|SPE7L526T0315|2510-01-589-6145,C04,Lenses / Windows / Covers / Housings,WINDOW,WINDOW,True,core,broad keyword only,"Broad keyword only in modifier, item noun is 'FRAME'"
SPE7L426T5739,2540-01-669-8155,SPE7L426T5739,07-23-2026,08-03-2026,2026-08-21 02:41:27,Origin,Origin,Tech,7017573989; 7017573990,https://dibbs2.bsm.dla.mil/Downloads/RFQ/9/SPE7L426T5739.PDF,https://www.dibbs.bsm.dla.mil/RFQ/RFQRec.aspx?sn=SPE7L426T5739,https://www.dibbs.bsm.dla.mil/rfq/rfqrec.aspx?sn=SPE7L426T5739,WINDOW,2,20260930T155556Z,2540-01-669-8155,"RESERVOIR,WINDOW WA",G,336360,2.0,,,2026-07-23,2026-08-03,BOX; WINDOW,DIBBS|SPE7L426T5739|2540-01-669-8155,C04,Lenses / Windows / Covers / Housings,WINDOW,WINDOW,True,core,broad keyword only,"Broad keyword only in modifier, item noun is 'RESERVOIR'"
SPE7L426T1801,2510-01-158-7090,SPE7L426T1801,12-15-2025,01-02-2026,2026-08-21 02:41:27,Origin,Origin,Tech,7011800773,https://dibbs2.bsm.dla.mil/Downloads/RFQ/1/SPE7L426T1801.PDF,https://www.dibbs.bsm.dla.mil/RFQ/RFQRec.aspx?sn=SPE7L426T1801,https://www.dibbs.bsm.dla.mil/rfq/rfqrec.aspx?sn=SPE7L426T1801,WINDOW,2,20260930T155556Z,2510-01-158-7090,"FRAME,WINDOW,VEHICU",G,336320,2.0,,,2025-12-15,2026-01-02,WINDOW,DIBBS|SPE7L426T1801|2510-01-158-7090,C04,Lenses / Windows / Covers / Housings,WINDOW,WINDOW,True,core,broad keyword only,"Broad keyword only in modifier, item noun is 'FRAME'"
SPE4A626T81N3,1680-01-602-2165,SPE4A626T81N3,06-05-2026,06-12-2026,2026-08-21 02:41:27,Origin,Origin,None,7017039127,https://dibbs2.bsm.dla.mil/Downloads/RFQ/3/SPE4A626T81N3.PDF,https://www.dibbs.bsm.dla.mil/RFQ/RFQRec.aspx?sn=SPE4A626T81N3,https://www.dibbs.bsm.dla.mil/rfq/rfqrec.aspx?sn=SPE4A626T81N3,WINDOW,2,20260930T155556Z,1680-01-602-2165,"NOZZLE,WINDOW WASHE",D,336413,17.0,,,2026-06-05,2026-06-12,WINDOW,DIBBS|SPE4A626T81N3|1680-01-602-2165,C04,Lenses / Windows / Covers / Housings,WINDOW,WINDOW,True,core,broad keyword only,"Broad keyword only in modifier, item noun is 'NOZZLE'"
SPE7MC25T1253,2040-01-150-3074,SPE7MC25T1253,10-21-2024,10-31-2024,2026-08-21 02:41:27,Origin,Destination,Tech,7009478918,https://dibbs2.bsm.dla.mil/Downloads/RFQ/3/SPE7MC25T1253.PDF,https://www.dibbs.bsm.dla.mil/RFQ/RFQRec.aspx?sn=SPE7MC25T1253,https://www.dibbs.bsm.dla.mil/rfq/rfqrec.aspx?sn=SPE7MC25T1253,WINDOW,2,20260930T155556Z,2040-01-150-3074,"LOCK,WINDOW",G,332510,24.0,,,2024-10-21,2024-10-31,WINDOW,DIBBS|SPE7MC25T1253|2040-01-150-3074,C04,Lenses / Windows / Covers / Housings,WINDOW,WINDOW,True,core,broad keyword only,"Broad keyword only in modifier, item noun is 'LOCK'"
SPE4A626T91Y7,5330-00-066-2907,SPE4A626T91Y7,06-15-2026,06-22-2026,2026-08-21 02:41:27,Origin,Destination,None,7015656884,https://dibbs2.bsm.dla.mil/Downloads/RFQ/7/SPE4A626T91Y7.PDF,https://www.dibbs.bsm.dla.mil/RFQ/RFQRec.aspx?sn=SPE4A626T91Y7,https://www.dibbs.bsm.dla.mil/rfq/rfqrec.aspx?sn=SPE4A626T91Y7,WINDOW,2,20260930T155556Z,5330-00-066-2907,"GASKET,WINDOW",Q,339991,30.0,70974 | 123B10484-15 | NORTHROP GRUMMAN SYSTEMS CORPORATIO,,2026-06-15,2026-06-22,WINDOW,DIBBS|SPE4A626T91Y7|5330-00-066-2907,C04,Lenses / Windows / Covers / Housings,WINDOW,WINDOW,True,core,broad keyword only,"Broad keyword only in modifier, item noun is 'GASKET'"
SPE4A526T305L,1680-01-646-9656,SPE4A526T305L,07-23-2026,07-30-2026,2026-08-21 02:41:27,Origin,Origin,None,7017548329,https://dibbs2.bsm.dla.mil/Downloads/RFQ/L/SPE4A526T305L.PDF,https://www.dibbs.bsm.dla.mil/RFQ/RFQRec.aspx?sn=SPE4A526T305L,https://www.dibbs.bsm.dla.mil/rfq/rfqrec.aspx?sn=SPE4A526T305L,WINDOW,3,20260930T155612Z,1680-01-646-9656,"RESERVOIR,WINDOW WA",D,336413,1.0,78286 | 70209-21000-050 | SIKORSKY AIRCRAFT CORPORATION,,2026-07-23,2026-07-30,WINDOW,DIBBS|SPE4A526T305L|1680-01-646-9656,C04,Lenses / Windows / Covers / Housings,WINDOW,WINDOW,True,core,broad keyword only,"Broad keyword only in modifier, item noun is 'RESERVOIR'"
SPE7L426T6835,2540-01-375-7316,SPE7L426T6835,09-11-2026,09-21-2026,2026-09-10 03:06:59,Origin,Origin,Tech,7018271000,https://dibbs2.bsm.dla.mil/Downloads/RFQ/5/SPE7L426T6835.PDF,https://www.dibbs.bsm.dla.mil/RFQ/RFQRec.aspx?sn=SPE7L426T6835,https://www.dibbs.bsm.dla.mil/rfq/rfqrec.aspx?sn=SPE7L426T6835,WINDOW,3,20260930T155612Z,2540-01-375-7316,"PUMP,WINDOW WASHER",G,336320,386.0,,,2026-09-11,2026-09-21,WINDOW,DIBBS|SPE7L426T6835|2540-01-375-7316,C04,Lenses / Windows / Covers / Housings,WINDOW,WINDOW,True,core,broad keyword only,"Broad keyword only in modifier, item noun is 'PUMP'"
SPE7M226T6782,5330-00-097-1087,SPE7M226T6782,09-11-2026,09-21-2026,2026-09-10 06:42:23,Origin,Destination,None,7018274827,https://dibbs2.bsm.dla.mil/Downloads/RFQ/2/SPE7M226T6782.PDF,https://www.dibbs.bsm.dla.mil/RFQ/RFQRec.aspx?sn=SPE7M226T6782,https://www.dibbs.bsm.dla.mil/rfq/rfqrec.aspx?sn=SPE7M226T6782,WINDOW,3,20260930T155612Z,5330-00-097-1087,"SEAL,WINDOW",L,339991,69.0,"21204 | KS16422 | CORNELL-CARR CO., INC.",,2026-09-11,2026-09-21,WINDOW,DIBBS|SPE7M226T6782|5330-00-097-1087,C04,Lenses / Windows / Covers / Housings,WINDOW,WINDOW,True,core,broad keyword only,"Broad keyword only in modifier, item noun is 'SEAL'"
SPE7L126T01F5,2510-01-110-4060,SPE7L126T01F5,08-21-2026,08-31-2026,2026-08-22 11:29:04,Origin,Origin,Tech,7017425443,https://dibbs2.bsm.dla.mil/Downloads/RFQ/5/SPE7L126T01F5.PDF,https://www.dibbs.bsm.dla.mil/RFQ/RFQRec.aspx?sn=SPE7L126T01F5,https://www.dibbs.bsm.dla.mil/rfq/rfqrec.aspx?sn=SPE7L126T01F5,WINDOW,3,20260930T155612Z,2510-01-110-4060,"FRAME,WINDOW,VEHICULAR",G,336211,3.0,,,2026-08-21,2026-08-31,WINDOW,DIBBS|SPE7L126T01F5|2510-01-110-4060,C04,Lenses / Windows / Covers / Housings,WINDOW,WINDOW,True,core,broad keyword only,"Broad keyword only in modifier, item noun is 'FRAME'"
SPE7L426T4069,2540-01-385-9031,SPE7L426T4069,04-28-2026,05-13-2026,2026-08-21 02:41:27,Origin,Destination,None,7016373394,https://dibbs2.bsm.dla.mil/Downloads/RFQ/9/SPE7L426T4069.PDF,https://www.dibbs.bsm.dla.mil/RFQ/RFQRec.aspx?sn=SPE7L426T4069,https://www.dibbs.bsm.dla.mil/rfq/rfqrec.aspx?sn=SPE7L426T4069,WINDOW,3,20260930T155612Z,2540-01-385-9031,"PUMP,WINDOW WASHER",C,336320,904.0,0DPV2 | 203500 | LAWRENCE TECHNOLOGIES INC,,2026-04-28,2026-05-13,WINDOW,DIBBS|SPE7L426T4069|2540-01-385-9031,C04,Lenses / Windows / Covers / Housings,WINDOW,WINDOW,True,core,broad keyword only,"Broad keyword only in modifier, item noun is 'PUMP'"
SPE7L426T5530,2540-01-415-2480,SPE7L426T5530,07-10-2026,07-20-2026,2026-08-21 02:41:27,Origin,Origin,Tech,7017439917,https://dibbs2.bsm.dla.mil/Downloads/RFQ/0/SPE7L426T5530.PDF,https://www.dibbs.bsm.dla.mil/RFQ/RFQRec.aspx?sn=SPE7L426T5530,https://www.dibbs.bsm.dla.mil/rfq/rfqrec.aspx?sn=SPE7L426T5530,WINDOW,3,20260930T155612Z,2540-01-415-2480,"RESERVOIR,WINDOW WASHE",G,336320,85.0,,,2026-07-10,2026-07-20,WINDOW,DIBBS|SPE7L426T5530|2540-01-415-2480,C04,Lenses / Windows / Covers / Housings,WINDOW,WINDOW,True,core,broad keyword only,"Broad keyword only in modifier, item noun is 'RESERVOIR'"
SPE7LX26U8776,2540-01-385-9031,SPE7LX26U8776,07-10-2026,07-24-2026,2026-08-21 02:41:27,Origin,Destination,None,1000236168,https://dibbs2.bsm.dla.mil/Downloads/RFQ/6/SPE7LX26U8776.PDF,https://www.dibbs.bsm.dla.mil/RFQ/RFQRec.aspx?sn=SPE7LX26U8776,https://www.dibbs.bsm.dla.mil/rfq/rfqrec.aspx?sn=SPE7LX26U8776,WINDOW,3,20260930T155612Z,2540-01-385-9031,"PUMP,WINDOW WASHER",C,336320,2624.0,0DPV2 | 203500 | LAWRENCE TECHNOLOGIES INC,,2026-07-10,2026-07-24,WINDOW,DIBBS|SPE7LX26U8776|2540-01-385-9031,C04,Lenses / Windows / Covers / Housings,WINDOW,WINDOW,True,core,broad keyword only,"Broad keyword only in modifier, item noun is 'PUMP'"
SPE7L426T5809,2540-01-547-6705,SPE7L426T5809,07-24-2026,08-03-2026,2026-08-21 02:41:27,Origin,Destination,None,7017589373,https://dibbs2.bsm.dla.mil/Downloads/RFQ/9/SPE7L426T5809.PDF,https://www.dibbs.bsm.dla.mil/RFQ/RFQRec.aspx?sn=SPE7L426T5809,https://www.dibbs.bsm.dla.mil/rfq/rfqrec.aspx?sn=SPE7L426T5809,WINDOW,3,20260930T155612Z,2540-01-547-6705,"NOZZLE,WINDOW WASHE",R,336320,2.0,SBC73 | 246 | 069 006 006 G,,2026-07-24,2026-08-03,WINDOW,DIBBS|SPE7L426T5809|2540-01-547-6705,C04,Lenses / Windows / Covers / Housings,WINDOW,WINDOW,True,core,broad keyword only,"Broad keyword only in modifier, item noun is 'NOZZLE'"
SPE4A726T775M,1680-00-566-2870,SPE4A726T775M,09-21-2026,10-01-2026,2026-09-28 08:04:57,Origin,Origin,None,7017409047,https://dibbs2.bsm.dla.mil/Downloads/RFQ/M/SPE4A726T775M.PDF,https://www.dibbs.bsm.dla.mil/RFQ/RFQRec.aspx?sn=SPE4A726T775M,https://www.dibbs.bsm.dla.mil/rfq/rfqrec.aspx?sn=SPE4A726T775M,HOUSING,1,20260930T155728Z,1680-00-566-2870,"HOUSING,ACTUATOR",P,336413,2.0,79318 | 108200 | MEGGITT NORTH HOLLYWOOD INC,,2026-09-21,2026-10-01,ACTUATOR; HOUSING,DIBBS|SPE4A726T775M|1680-00-566-2870,C07,Switches / Pushbuttons / Keyboards / Controls,ACTUATOR,ACTUATOR,True,core,broad keyword only,"Broad keyword only in modifier, item noun is 'HOUSING'"
SPE4A126T2961,1680-00-244-3572,SPE4A126T2961,09-28-2026,10-05-2026,2026-09-27 06:21:44,Origin,Destination,None,7018414110,https://dibbs2.bsm.dla.mil/Downloads/RFQ/1/SPE4A126T2961.PDF,https://www.dibbs.bsm.dla.mil/RFQ/RFQRec.aspx?sn=SPE4A126T2961,https://www.dibbs.bsm.dla.mil/rfq/rfqrec.aspx?sn=SPE4A126T2961,HOUSING,1,20260930T155728Z,1680-00-244-3572,"HOUSING,BRAKE ACTUATOR",P,336413,27.0,"45934 | 532151-3 | ONTIC ENGINEERING & MANUFACTURING,",,2026-09-28,2026-10-05,ACTUATOR; HOUSING,DIBBS|SPE4A126T2961|1680-00-244-3572,C07,Switches / Pushbuttons / Keyboards / Controls,ACTUATOR,ACTUATOR,True,core,broad keyword only,"Broad keyword only in modifier, item noun is 'HOUSING'"
SPE4A726T787M,1680-00-566-2870,SPE4A726T787M,09-24-2026,10-01-2026,2026-09-23 10:38:14,Origin,Origin,None,7017379572,https://dibbs2.bsm.dla.mil/Downloads/RFQ/M/SPE4A726T787M.PDF,https://www.dibbs.bsm.dla.mil/RFQ/RFQRec.aspx?sn=SPE4A726T787M,https://www.dibbs.bsm.dla.mil/rfq/rfqrec.aspx?sn=SPE4A726T787M,HOUSING,1,20260930T155728Z,1680-00-566-2870,"HOUSING,ACTUATOR",P,336413,1.0,79318 | 108200 | MEGGITT NORTH HOLLYWOOD INC,,2026-09-24,2026-10-01,ACTUATOR; HOUSING,DIBBS|SPE4A726T787M|1680-00-566-2870,C07,Switches / Pushbuttons / Keyboards / Controls,ACTUATOR,ACTUATOR,True,core,broad keyword only,"Broad keyword only in modifier, item noun is 'HOUSING'"
SPE4A526T377A,2915-00-544-1022,SPE4A526T377A,08-19-2026,08-26-2026,2026-08-21 02:41:27,Origin,Destination,None,7017914722,https://dibbs2.bsm.dla.mil/Downloads/RFQ/A/SPE4A526T377A.PDF,https://www.dibbs.bsm.dla.mil/RFQ/RFQRec.aspx?sn=SPE4A526T377A,https://www.dibbs.bsm.dla.mil/rfq/rfqrec.aspx?sn=SPE4A526T377A,HOUSING,2,20260930T155743Z,2915-00-544-1022,"HOUSING,ACTUATOR",P,336412,23.0,79318 | 151282 | MEGGITT NORTH HOLLYWOOD INC,,2026-08-19,2026-08-26,ACTUATOR; HOUSING,DIBBS|SPE4A526T377A|2915-00-544-1022,C07,Switches / Pushbuttons / Keyboards / Controls,ACTUATOR,ACTUATOR,True,core,broad keyword only,"Broad keyword only in modifier, item noun is 'HOUSING'"
SPE4A726T307L,1680-00-691-1193,SPE4A726T307L,05-04-2026,05-11-2026,2026-08-21 02:41:27,Origin,Origin,Tech,7015454235; 7015454236,https://dibbs2.bsm.dla.mil/Downloads/RFQ/L/SPE4A726T307L.PDF,https://www.dibbs.bsm.dla.mil/RFQ/RFQRec.aspx?sn=SPE4A726T307L,https://www.dibbs.bsm.dla.mil/rfq/rfqrec.aspx?sn=SPE4A726T307L,HOUSING,2,20260930T155743Z,1680-00-691-1193,"HOUSING,ACTUATOR CO",G,336413,2.0,,,2026-05-04,2026-05-11,ACTUATOR; HOUSING,DIBBS|SPE4A726T307L|1680-00-691-1193,C07,Switches / Pushbuttons / Keyboards / Controls,ACTUATOR,ACTUATOR,True,core,broad keyword only,"Broad keyword only in modifier, item noun is 'HOUSING'"
SPE4A726T290T,1680-00-691-1193,SPE4A726T290T,04-24-2026,05-01-2026,2026-08-21 02:41:27,Origin,Origin,Tech,7016049212,https://dibbs2.bsm.dla.mil/Downloads/RFQ/T/SPE4A726T290T.PDF,https://www.dibbs.bsm.dla.mil/RFQ/RFQRec.aspx?sn=SPE4A726T290T,https://www.dibbs.bsm.dla.mil/rfq/rfqrec.aspx?sn=SPE4A726T290T,HOUSING,2,20260930T155743Z,1680-00-691-1193,"HOUSING,ACTUATOR CO",G,336413,5.0,No | Data | found,,2026-04-24,2026-05-01,ACTUATOR; HOUSING,DIBBS|SPE4A726T290T|1680-00-691-1193,C07,Switches / Pushbuttons / Keyboards / Controls,ACTUATOR,ACTUATOR,True,core,broad keyword only,"Broad keyword only in modifier, item noun is 'HOUSING'"
SPE4A526T245Y,2915-00-544-1022,SPE4A526T245Y,06-17-2026,06-24-2026,2026-08-21 02:41:27,Origin,Destination,None,7012645410,https://dibbs2.bsm.dla.mil/Downloads/RFQ/Y/SPE4A526T245Y.PDF,https://www.dibbs.bsm.dla.mil/RFQ/RFQRec.aspx?sn=SPE4A526T245Y,https://www.dibbs.bsm.dla.mil/rfq/rfqrec.aspx?sn=SPE4A526T245Y,HOUSING,3,20260930T155800Z,2915-00-544-1022,"HOUSING,ACTUATOR",P,336412,41.0,79318 | 151282 | MEGGITT NORTH HOLLYWOOD INC,,2026-06-17,2026-06-24,ACTUATOR; HOUSING,DIBBS|SPE4A526T245Y|2915-00-544-1022,C07,Switches / Pushbuttons / Keyboards / Controls,ACTUATOR,ACTUATOR,True,core,broad keyword only,"Broad keyword only in modifier, item noun is 'HOUSING'"
SPE4A526T020K,1680-00-110-2427,SPE4A526T020K,03-20-2026,03-27-2026,2026-08-21 02:41:27,Origin,Origin,None,7013630644,https://dibbs2.bsm.dla.mil/Downloads/RFQ/K/SPE4A526T020K.PDF,https://www.dibbs.bsm.dla.mil/RFQ/RFQRec.aspx?sn=SPE4A526T020K,https://www.dibbs.bsm.dla.mil/rfq/rfqrec.aspx?sn=SPE4A526T020K,HOUSING,4,20260930T155817Z,1680-00-110-2427,"HOUSING,ACTUATOR",C,336413,18.0,12511 | A5155 | SIMMONDS PRECISION PRODUCTS INC,,2026-03-20,2026-03-27,ACTUATOR; HOUSING,DIBBS|SPE4A526T020K|1680-00-110-2427,C07,Switches / Pushbuttons / Keyboards / Controls,ACTUATOR,ACTUATOR,True,core,broad keyword only,"Broad keyword only in modifier, item noun is 'HOUSING'"
SPE4A526T339A,2995-00-974-2889,SPE4A526T339A,08-11-2026,08-21-2026,2026-08-21 02:41:27,Origin,Destination,None,7017696753,https://dibbs2.bsm.dla.mil/Downloads/RFQ/A/SPE4A526T339A.PDF,https://www.dibbs.bsm.dla.mil/RFQ/RFQRec.aspx?sn=SPE4A526T339A,https://www.dibbs.bsm.dla.mil/rfq/rfqrec.aspx?sn=SPE4A526T339A,HOUSING,5,20260930T155849Z,2995-00-974-2889,"HOUSING,ACTUATOR,SE",R,336412,15.0,59364 | 661777 | HONEYWELL INTERNATIONAL INC.,,2026-08-11,2026-08-21,ACTUATOR; HOUSING,DIBBS|SPE4A526T339A|2995-00-974-2889,C07,Switches / Pushbuttons / Keyboards / Controls,ACTUATOR,ACTUATOR,True,core,broad keyword only,"Broad keyword only in modifier, item noun is 'HOUSING'"
SPE4A626T543Q,1420-00-906-1247,SPE4A626T543Q,01-22-2026,01-29-2026,2026-08-21 02:41:27,Origin,Origin,Tech,7015220364,https://dibbs2.bsm.dla.mil/Downloads/RFQ/Q/SPE4A626T543Q.PDF,https://www.dibbs.bsm.dla.mil/RFQ/RFQRec.aspx?sn=SPE4A626T543Q,https://www.dibbs.bsm.dla.mil/rfq/rfqrec.aspx?sn=SPE4A626T543Q,HOUSING,7,20260930T155924Z,1420-00-906-1247,"SEAL,COVER PLATE",B,336415,40.0,83259 | 638112-1 | PARKER-HANNIFIN CORPORATION,,2026-01-22,2026-01-29,HOUSING; PLATE,DIBBS|SPE4A626T543Q|1420-00-906-1247,C08,Plates / Markings / Mounting / Misc,PLATE,PLATE,True,core-adjacent,broad keyword only,"Broad keyword only in modifier, item noun is 'SEAL'"
SPE8EE26T1469,4930-01-178-3420,SPE8EE26T1469,04-30-2026,05-11-2026,2026-08-21 02:41:27,Origin,Destination,None,7016566757,https://dibbs2.bsm.dla.mil/Downloads/RFQ/9/SPE8EE26T1469.PDF,https://www.dibbs.bsm.dla.mil/RFQ/RFQRec.aspx?sn=SPE8EE26T1469,https://www.dibbs.bsm.dla.mil/rfq/rfqrec.aspx?sn=SPE8EE26T1469,HOUSING,7,20260930T155924Z,4930-01-178-3420,"SPIDER,SWITCH HOUSI",H,333914,14.0,"59958 | T000412678009 | CLEVELAND GEAR COMPANY, INC.",,2026-04-30,2026-05-11,HOUSING; SWITCH,DIBBS|SPE8EE26T1469|4930-01-178-3420,C07,Switches / Pushbuttons / Keyboards / Controls,SWITCH,SWITCH,True,core,broad keyword only,"Broad keyword only in modifier, item noun is 'SPIDER'"
SPE4A626T19AW,6210-01-475-2993,SPE4A626T19AW,08-18-2026,08-25-2026,2026-08-21 02:41:27,Origin,Destination,Tech,7017914671,https://dibbs2.bsm.dla.mil/Downloads/RFQ/W/SPE4A626T19AW.PDF,https://www.dibbs.bsm.dla.mil/RFQ/RFQRec.aspx?sn=SPE4A626T19AW,https://www.dibbs.bsm.dla.mil/rfq/rfqrec.aspx?sn=SPE4A626T19AW,INDICATOR,8,20260930T160137Z,6210-01-475-2993,"INSERT,LEGEND,LIGHT IN",C,332510,3.0,81590 | 25550-001 | KORRY ELECTRONICS CO,,2026-08-18,2026-08-25,INDICATOR; LEGEND,DIBBS|SPE4A626T19AW|6210-01-475-2993,C08,Plates / Markings / Mounting / Misc,LEGEND,LEGEND,True,core-adjacent,broad keyword only,"Broad keyword only in modifier, item noun is 'INSERT'"
SPE4A626T04PQ,6210-01-415-4058,SPE4A626T04PQ,07-08-2026,07-15-2026,2026-08-21 02:41:27,Origin,Destination,None,7017409378,https://dibbs2.bsm.dla.mil/Downloads/RFQ/Q/SPE4A626T04PQ.PDF,https://www.dibbs.bsm.dla.mil/RFQ/RFQRec.aspx?sn=SPE4A626T04PQ,https://www.dibbs.bsm.dla.mil/rfq/rfqrec.aspx?sn=SPE4A626T04PQ,INDICATOR,13,20260930T160303Z,6210-01-415-4058,"INSERT,LEGEND,LIGHT",Q,323113,2.0,62810 | 90-0060-201 | ACE AERONAUTICS LLC,,2026-07-08,2026-07-15,INDICATOR; LEGEND,DIBBS|SPE4A626T04PQ|6210-01-415-4058,C08,Plates / Markings / Mounting / Misc,LEGEND,LEGEND,True,core-adjacent,broad keyword only,"Broad keyword only in modifier, item noun is 'INSERT'"
SPE4A626T09AR,6210-01-415-7615,SPE4A626T09AR,07-23-2026,07-30-2026,2026-08-21 02:41:27,Origin,Destination,Tech,7017572309,https://dibbs2.bsm.dla.mil/Downloads/RFQ/R/SPE4A626T09AR.PDF,https://www.dibbs.bsm.dla.mil/RFQ/RFQRec.aspx?sn=SPE4A626T09AR,https://www.dibbs.bsm.dla.mil/rfq/rfqrec.aspx?sn=SPE4A626T09AR,INDICATOR,13,20260930T160303Z,6210-01-415-7615,"INSERT,LEGEND,LIGHT",B,323113,4.0,62810 | 90-0060-203 | ACE AERONAUTICS LLC,,2026-07-23,2026-07-30,INDICATOR; LEGEND,DIBBS|SPE4A626T09AR|6210-01-415-7615,C08,Plates / Markings / Mounting / Misc,LEGEND,LEGEND,True,core-adjacent,broad keyword only,"Broad keyword only in modifier, item noun is 'INSERT'"
SPE4A626T744L,6210-01-415-7608,SPE4A626T744L,02-20-2026,02-27-2026,2026-08-21 02:41:27,Origin,Destination,None,7015603048,https://dibbs2.bsm.dla.mil/Downloads/RFQ/L/SPE4A626T744L.PDF,https://www.dibbs.bsm.dla.mil/RFQ/RFQRec.aspx?sn=SPE4A626T744L,https://www.dibbs.bsm.dla.mil/rfq/rfqrec.aspx?sn=SPE4A626T744L,INDICATOR,13,20260930T160303Z,6210-01-415-7608,"INSERT,LEGEND,LIGHT",L,323113,8.0,62810 | 90-0060-235 | ACE AERONAUTICS LLC,,2026-02-20,2026-02-27,INDICATOR; LEGEND,DIBBS|SPE4A626T744L|6210-01-415-7608,C08,Plates / Markings / Mounting / Misc,LEGEND,LEGEND,True,core-adjacent,broad keyword only,"Broad keyword only in modifier, item noun is 'INSERT'"
SPE4A626T03XB,6210-01-415-3358,SPE4A626T03XB,07-08-2026,07-15-2026,2026-08-21 02:41:27,Origin,Destination,None,7017409381,https://dibbs2.bsm.dla.mil/Downloads/RFQ/B/SPE4A626T03XB.PDF,https://www.dibbs.bsm.dla.mil/RFQ/RFQRec.aspx?sn=SPE4A626T03XB,https://www.dibbs.bsm.dla.mil/rfq/rfqrec.aspx?sn=SPE4A626T03XB,INDICATOR,14,20260930T160320Z,6210-01-415-3358,"INSERT,LEGEND,LIGHT IN",Q,323113,13.0,62810 | 90-0060-225 | ACE AERONAUTICS LLC,,2026-07-08,2026-07-15,INDICATOR; LEGEND,DIBBS|SPE4A626T03XB|6210-01-415-3358,C08,Plates / Markings / Mounting / Misc,LEGEND,LEGEND,True,core-adjacent,broad keyword only,"Broad keyword only in modifier, item noun is 'INSERT'"
SPE4A726Q0612,1680-01-138-8615,SPE4A726Q0612,04-15-2026,04-22-2026,2026-08-21 02:41:27,Origin,Origin,Tech,7015995040,https://dibbs2.bsm.dla.mil/Downloads/RFQ/2/SPE4A726Q0612.PDF,https://www.dibbs.bsm.dla.mil/RFQ/RFQRec.aspx?sn=SPE4A726Q0612,https://www.dibbs.bsm.dla.mil/rfq/rfqrec.aspx?sn=SPE4A726Q0612,LIGHTING,3,20260930T160427Z,1680-01-138-8615,"GREASER,ACTUATOR",B,336413,18.0,"06177 | 8056-5 | PNEUDRAULICS, INC.",,2026-04-15,2026-04-22,ACTUATOR; LIGHTING,DIBBS|SPE4A726Q0612|1680-01-138-8615,C07,Switches / Pushbuttons / Keyboards / Controls,ACTUATOR,ACTUATOR,True,core,broad keyword only,"Broad keyword only in modifier, item noun is 'GREASER'"
SPE4A726Q0566,5365-01-633-9776,SPE4A726Q0566,04-02-2026,04-09-2026,2026-08-21 02:41:27,Origin,Destination,None,7014628187,https://dibbs2.bsm.dla.mil/Downloads/RFQ/6/SPE4A726Q0566.PDF,https://www.dibbs.bsm.dla.mil/RFQ/RFQRec.aspx?sn=SPE4A726Q0566,https://www.dibbs.bsm.dla.mil/rfq/rfqrec.aspx?sn=SPE4A726Q0566,LIGHTING,4,20260930T160444Z,5365-01-633-9776,"SPACER,PLATE",R,332119,121.0,23386 | A13017-1 | THALES DEFENSE & SECURITY INC,,2026-04-02,2026-04-09,BOX; FUEL; LEGEND; LIGHTING; PLATE,DIBBS|SPE4A726Q0566|5365-01-633-9776,C08,Plates / Markings / Mounting / Misc,PLATE,PLATE,True,core-adjacent,broad keyword only,"Broad keyword only in modifier, item noun is 'SPACER'"
SPE4A626T94S1,5310-01-360-7509,SPE4A626T94S1,06-17-2026,06-24-2026,2026-08-21 02:41:27,Origin,Destination,None,7017200406,https://dibbs2.bsm.dla.mil/Downloads/RFQ/1/SPE4A626T94S1.PDF,https://www.dibbs.bsm.dla.mil/RFQ/RFQRec.aspx?sn=SPE4A626T94S1,https://www.dibbs.bsm.dla.mil/rfq/rfqrec.aspx?sn=SPE4A626T94S1,LIGHTING,4,20260930T160444Z,5310-01-360-7509,"NUT,PLAIN,PLATE",D,332722,19.0,D8095 | 9NM | 401 389-02	GOODRICH LIGHTING SYSTEMS GMBH & CO,,2026-06-17,2026-06-24,LIGHTING; PLATE,DIBBS|SPE4A626T94S1|5310-01-360-7509,C08,Plates / Markings / Mounting / Misc,PLATE,PLATE,True,core-adjacent,broad keyword only,"Broad keyword only in modifier, item noun is 'NUT'"
SPE4A626T09MW,5310-01-360-7509,SPE4A626T09MW,07-24-2026,07-31-2026,2026-08-21 02:41:27,Origin,Destination,None,7017571959,https://dibbs2.bsm.dla.mil/Downloads/RFQ/W/SPE4A626T09MW.PDF,https://www.dibbs.bsm.dla.mil/RFQ/RFQRec.aspx?sn=SPE4A626T09MW,https://www.dibbs.bsm.dla.mil/rfq/rfqrec.aspx?sn=SPE4A626T09MW,LIGHTING,5,20260930T160501Z,5310-01-360-7509,"NUT,PLAIN,PLATE",D,332722,15.0,D8095 | 9NM | 401 389-02	GOODRICH LIGHTING SYSTEMS GMBH & CO,,2026-07-24,2026-07-31,LIGHTING; PLATE,DIBBS|SPE4A626T09MW|5310-01-360-7509,C08,Plates / Markings / Mounting / Misc,PLATE,PLATE,True,core-adjacent,broad keyword only,"Broad keyword only in modifier, item noun is 'NUT'"
SPE7M026Q1278,5930-01-705-7710,SPE7M026Q1278,09-04-2026,09-10-2026,2026-09-03 02:12:35,Origin,Destination,None,7018121714; 7018121715,https://dibbs2.bsm.dla.mil/Downloads/RFQ/8/SPE7M026Q1278.PDF,https://www.dibbs.bsm.dla.mil/RFQ/RFQRec.aspx?sn=SPE7M026Q1278,https://www.dibbs.bsm.dla.mil/rfq/rfqrec.aspx?sn=SPE7M026Q1278,SWITCH,1,20260930T160653Z,5930-01-705-7710,"GUARD,SWITCH",C,335313,2.0,81579 | PM22831 | MASON ELECTRIC CO.,,2026-09-04,2026-09-10,BOX; FUEL; SWITCH,DIBBS|SPE7M026Q1278|5930-01-705-7710,C07,Switches / Pushbuttons / Keyboards / Controls,SWITCH,SWITCH,True,core,broad keyword only,"Broad keyword only in modifier, item noun is 'GUARD'"
SPE7M826T6936,5930-01-407-9689,SPE7M826T6936,09-29-2026,10-09-2026,2026-09-28 08:37:56,Origin,Destination,None,7005449635,https://dibbs2.bsm.dla.mil/Downloads/RFQ/6/SPE7M826T6936.PDF,https://www.dibbs.bsm.dla.mil/RFQ/RFQRec.aspx?sn=SPE7M826T6936,https://www.dibbs.bsm.dla.mil/rfq/rfqrec.aspx?sn=SPE7M826T6936,SWITCH,2,20260930T160710Z,5930-01-407-9689,"LATCH,SWITCH",R,335313,5.0,52374 | 01-435-0138-5 | REV D ITEM 156	FLOWSERVE CORP,,2026-09-29,2026-10-09,SWITCH,DIBBS|SPE7M826T6936|5930-01-407-9689,C07,Switches / Pushbuttons / Keyboards / Controls,SWITCH,SWITCH,True,core,broad keyword only,"Broad keyword only in modifier, item noun is 'LATCH'"
SPE7M526T536G,5930-01-108-3258,SPE7M526T536G,09-25-2026,10-05-2026,2026-09-24 07:23:47,Origin,Destination,None,7018273207,https://dibbs2.bsm.dla.mil/Downloads/RFQ/G/SPE7M526T536G.PDF,https://www.dibbs.bsm.dla.mil/RFQ/RFQRec.aspx?sn=SPE7M526T536G,https://www.dibbs.bsm.dla.mil/rfq/rfqrec.aspx?sn=SPE7M526T536G,SWITCH,2,20260930T160710Z,5930-01-108-3258,"ADAPTER,SWITCH ACTUATO",C,333613,94.0,04426 | 86-630922 | ILLINOIS TOOL WORKS INC,,2026-09-25,2026-10-05,ACTUATOR; SWITCH,DIBBS|SPE7M526T536G|5930-01-108-3258,C07,Switches / Pushbuttons / Keyboards / Controls,SWITCH,SWITCH,True,core,broad keyword only,"Broad keyword only in modifier, item noun is 'ADAPTER'"
SPE7M126U5753,5930-00-254-0368,SPE7M126U5753,09-10-2026,09-29-2026,2026-09-24 07:22:23,Origin,Destination,None,1000242749,https://dibbs2.bsm.dla.mil/Downloads/RFQ/3/SPE7M126U5753.PDF,https://www.dibbs.bsm.dla.mil/RFQ/RFQRec.aspx?sn=SPE7M126U5753,https://www.dibbs.bsm.dla.mil/rfq/rfqrec.aspx?sn=SPE7M126U5753,SWITCH,2,20260930T160710Z,5930-00-254-0368,"ADAPTER,SWITCH ACTUATO",T,335931,141.0,,,2026-09-10,2026-09-29,ACTUATOR; SWITCH,DIBBS|SPE7M126U5753|5930-00-254-0368,C07,Switches / Pushbuttons / Keyboards / Controls,SWITCH,SWITCH,True,core,broad keyword only,"Broad keyword only in modifier, item noun is 'ADAPTER'"
SPE7M826T6884,5930-01-047-3480,SPE7M826T6884,09-25-2026,10-05-2026,2026-09-24 12:30:29,Origin,Origin,Tech,7011413888,https://dibbs2.bsm.dla.mil/Downloads/RFQ/4/SPE7M826T6884.PDF,https://www.dibbs.bsm.dla.mil/RFQ/RFQRec.aspx?sn=SPE7M826T6884,https://www.dibbs.bsm.dla.mil/rfq/rfqrec.aspx?sn=SPE7M826T6884,SWITCH,2,20260930T160710Z,5930-01-047-3480,"ARM,SWITCH ACTUATOR",G,334413,10.0,,,2026-09-25,2026-10-05,ACTUATOR; SWITCH,DIBBS|SPE7M826T6884|5930-01-047-3480,C07,Switches / Pushbuttons / Keyboards / Controls,ACTUATOR,ACTUATOR; SWITCH,True,core,broad keyword only,"Broad keyword only in modifier, item noun is 'ARM'"
SPE7M826T6825,5930-01-123-6618,SPE7M826T6825,09-25-2026,10-05-2026,2026-09-24 06:42:59,Origin,Destination,None,7018495188,https://dibbs2.bsm.dla.mil/Downloads/RFQ/5/SPE7M826T6825.PDF,https://www.dibbs.bsm.dla.mil/RFQ/RFQRec.aspx?sn=SPE7M826T6825,https://www.dibbs.bsm.dla.mil/rfq/rfqrec.aspx?sn=SPE7M826T6825,SWITCH,3,20260930T160727Z,5930-01-123-6618,"ARM,SWITCH ACTUATOR",L,334413,47.0,91929 | LSZ-51B | HONEYWELL INTERNATIONAL INC.,,2026-09-25,2026-10-05,ACTUATOR; SWITCH,DIBBS|SPE7M826T6825|5930-01-123-6618,C07,Switches / Pushbuttons / Keyboards / Controls,ACTUATOR,ACTUATOR; SWITCH,True,core,broad keyword only,"Broad keyword only in modifier, item noun is 'ARM'"
SPE7M226T6999,5930-01-078-0137,SPE7M226T6999,09-25-2026,10-05-2026,2026-09-24 06:42:59,Origin,Destination,Tech,7018498304,https://dibbs2.bsm.dla.mil/Downloads/RFQ/9/SPE7M226T6999.PDF,https://www.dibbs.bsm.dla.mil/RFQ/RFQRec.aspx?sn=SPE7M226T6999,https://www.dibbs.bsm.dla.mil/rfq/rfqrec.aspx?sn=SPE7M226T6999,SWITCH,3,20260930T160727Z,5930-01-078-0137,"GUARD,SWITCH",G,335313,44.0,,,2026-09-25,2026-10-05,SWITCH,DIBBS|SPE7M226T6999|5930-01-078-0137,C07,Switches / Pushbuttons / Keyboards / Controls,SWITCH,SWITCH,True,core,broad keyword only,"Broad keyword only in modifier, item noun is 'GUARD'"
SPE7M126U6800,5985-01-603-9423,SPE7M126U6800,09-22-2026,10-06-2026,2026-09-21 09:13:52,Origin,Destination,None,1000244332,https://dibbs2.bsm.dla.mil/Downloads/RFQ/0/SPE7M126U6800.PDF,https://www.dibbs.bsm.dla.mil/RFQ/RFQRec.aspx?sn=SPE7M126U6800,https://www.dibbs.bsm.dla.mil/rfq/rfqrec.aspx?sn=SPE7M126U6800,SWITCH,4,20260930T160745Z,5985-01-603-9423,"NRP,SWITCH,RADIO FR",C,334220,32.0,21793 | 04951413 | ASTRONICS TEST SYSTEMS INC,,2026-09-22,2026-10-06,SWITCH,DIBBS|SPE7M126U6800|5985-01-603-9423,C07,Switches / Pushbuttons / Keyboards / Controls,SWITCH,SWITCH,True,core,broad keyword only,"Broad keyword only in modifier, item noun is 'NRP'"
SPE7M126U6802,5930-01-609-2664,SPE7M126U6802,09-22-2026,10-06-2026,2026-09-21 09:13:52,Origin,Destination,None,1000244409,https://dibbs2.bsm.dla.mil/Downloads/RFQ/2/SPE7M126U6802.PDF,https://www.dibbs.bsm.dla.mil/RFQ/RFQRec.aspx?sn=SPE7M126U6802,https://www.dibbs.bsm.dla.mil/rfq/rfqrec.aspx?sn=SPE7M126U6802,SWITCH,4,20260930T160745Z,5930-01-609-2664,"ADAPTER,SWITCH ACTUATO",C,335313,50.0,1HLQ3 | GMA161.1P | SIEMENS INDUSTRY INC,,2026-09-22,2026-10-06,ACTUATOR; SWITCH,DIBBS|SPE7M126U6802|5930-01-609-2664,C07,Switches / Pushbuttons / Keyboards / Controls,SWITCH,SWITCH,True,core,broad keyword only,"Broad keyword only in modifier, item noun is 'ADAPTER'"
SPE7M226T6795,5930-01-353-5281,SPE7M226T6795,09-11-2026,09-24-2026,2026-09-21 09:10:47,Origin,Destination,None,7018271117,https://dibbs2.bsm.dla.mil/Downloads/RFQ/5/SPE7M226T6795.PDF,https://www.dibbs.bsm.dla.mil/RFQ/RFQRec.aspx?sn=SPE7M226T6795,https://www.dibbs.bsm.dla.mil/rfq/rfqrec.aspx?sn=SPE7M226T6795,SWITCH,4,20260930T160745Z,5930-01-353-5281,"ARM,SWITCH ACTUATOR",C,334418,30.0,27192 | 24-4597 | DRS NAVAL POWER SYSTEMS INC,,2026-09-11,2026-09-24,ACTUATOR; SWITCH,DIBBS|SPE7M226T6795|5930-01-353-5281,C07,Switches / Pushbuttons / Keyboards / Controls,ACTUATOR,ACTUATOR; SWITCH,True,core,broad keyword only,"Broad keyword only in modifier, item noun is 'ARM'"
SPE7M826T6752,5930-01-695-8923,SPE7M826T6752,09-18-2026,09-28-2026,2026-09-17 02:24:36,Origin,Destination,Tech,7018368306,https://dibbs2.bsm.dla.mil/Downloads/RFQ/2/SPE7M826T6752.PDF,https://www.dibbs.bsm.dla.mil/RFQ/RFQRec.aspx?sn=SPE7M826T6752,https://www.dibbs.bsm.dla.mil/rfq/rfqrec.aspx?sn=SPE7M826T6752,SWITCH,4,20260930T160745Z,5930-01-695-8923,"HANDLE,SWITCH",B,335313,2.0,1P0Y9 | HH60WH9505-101 | AIR COMM CORPORATION LLC,,2026-09-18,2026-09-28,SWITCH,DIBBS|SPE7M826T6752|5930-01-695-8923,C07,Switches / Pushbuttons / Keyboards / Controls,SWITCH,SWITCH,True,core,broad keyword only,"Broad keyword only in modifier, item noun is 'HANDLE'"
SPE7M826T6745,5930-01-697-5647,SPE7M826T6745,09-18-2026,09-28-2026,2026-09-17 11:59:33,Origin,Destination,None,7018368511,https://dibbs2.bsm.dla.mil/Downloads/RFQ/5/SPE7M826T6745.PDF,https://www.dibbs.bsm.dla.mil/RFQ/RFQRec.aspx?sn=SPE7M826T6745,https://www.dibbs.bsm.dla.mil/rfq/rfqrec.aspx?sn=SPE7M826T6745,SWITCH,4,20260930T160745Z,5930-01-697-5647,"GUARD,SWITCH",D,335313,1.0,,,2026-09-18,2026-09-28,SWITCH,DIBBS|SPE7M826T6745|5930-01-697-5647,C07,Switches / Pushbuttons / Keyboards / Controls,SWITCH,SWITCH,True,core,broad keyword only,"Broad keyword only in modifier, item noun is 'GUARD'"
SPE4A526T446P,4920-01-620-5153,SPE4A526T446P,09-18-2026,09-25-2026,2026-09-17 04:43:22,Origin,Destination,None,7018392150,https://dibbs2.bsm.dla.mil/Downloads/RFQ/P/SPE4A526T446P.PDF,https://www.dibbs.bsm.dla.mil/RFQ/RFQRec.aspx?sn=SPE4A526T446P,https://www.dibbs.bsm.dla.mil/rfq/rfqrec.aspx?sn=SPE4A526T446P,SWITCH,4,20260930T160745Z,4920-01-620-5153,"NRP,FLOW SWITCH ASS",D,334419,11.0,"56529 | 051496-308 | HYDRAULICS INTERNATIONAL, INC.",,2026-09-18,2026-09-25,SWITCH,DIBBS|SPE4A526T446P|4920-01-620-5153,C07,Switches / Pushbuttons / Keyboards / Controls,SWITCH,SWITCH,True,core,broad keyword only,"Broad keyword only in modifier, item noun is 'NRP'"
SPE4A526T440B,6680-00-890-2920,SPE4A526T440B,09-18-2026,09-25-2026,2026-09-17 02:17:01,Origin,Destination,None,7018389944,https://dibbs2.bsm.dla.mil/Downloads/RFQ/B/SPE4A526T440B.PDF,https://www.dibbs.bsm.dla.mil/RFQ/RFQRec.aspx?sn=SPE4A526T440B,https://www.dibbs.bsm.dla.mil/rfq/rfqrec.aspx?sn=SPE4A526T440B,SWITCH,4,20260930T160745Z,6680-00-890-2920,"LOAD PACK,FLOAT SWITCH",L,334519,2.0,"04034 | 20173 | SETRA SYSTEMS, INC.",,2026-09-18,2026-09-25,SWITCH,DIBBS|SPE4A526T440B|6680-00-890-2920,C07,Switches / Pushbuttons / Keyboards / Controls,SWITCH,SWITCH,True,core,broad keyword only,"Broad keyword only in modifier, item noun is 'LOAD PACK'"
SPE7M826T6723,5930-01-441-7639,SPE7M826T6723,09-17-2026,09-28-2026,2026-09-16 09:49:21,Origin,Destination,None,7018379450,https://dibbs2.bsm.dla.mil/Downloads/RFQ/3/SPE7M826T6723.PDF,https://www.dibbs.bsm.dla.mil/RFQ/RFQRec.aspx?sn=SPE7M826T6723,https://www.dibbs.bsm.dla.mil/rfq/rfqrec.aspx?sn=SPE7M826T6723,SWITCH,4,20260930T160745Z,5930-01-441-7639,"GUARD,SWITCH",C,335932,21.0,"879B2 | 800-722-2 | SAFRAN ELECTRONICS & DEFENSE, AVION",,2026-09-17,2026-09-28,SWITCH,DIBBS|SPE7M826T6723|5930-01-441-7639,C07,Switches / Pushbuttons / Keyboards / Controls,SWITCH,SWITCH,True,core,broad keyword only,"Broad keyword only in modifier, item noun is 'GUARD'"
SPE7M426T415B,1680-01-119-0673,SPE7M426T415B,09-17-2026,09-28-2026,2026-09-16 05:29:45,Origin,Destination,None,7018378203,https://dibbs2.bsm.dla.mil/Downloads/RFQ/B/SPE7M426T415B.PDF,https://www.dibbs.bsm.dla.mil/RFQ/RFQRec.aspx?sn=SPE7M426T415B,https://www.dibbs.bsm.dla.mil/rfq/rfqrec.aspx?sn=SPE7M426T415B,SWITCH,5,20260930T160802Z,1680-01-119-0673,"BLOCK,SWITCH",C,336413,2.0,17472 | 409B129-1 | EATON AEROSPACE LLC,,2026-09-17,2026-09-28,SWITCH,DIBBS|SPE7M426T415B|1680-01-119-0673,C07,Switches / Pushbuttons / Keyboards / Controls,SWITCH,SWITCH,True,core,broad keyword only,"Broad keyword only in modifier, item noun is 'BLOCK'"
SPE4A526T426E,2835-00-548-8161,SPE4A526T426E,09-16-2026,09-23-2026,2026-09-15 03:50:49,Origin,Origin,None,7018343122,https://dibbs2.bsm.dla.mil/Downloads/RFQ/E/SPE4A526T426E.PDF,https://www.dibbs.bsm.dla.mil/RFQ/RFQRec.aspx?sn=SPE4A526T426E,https://www.dibbs.bsm.dla.mil/rfq/rfqrec.aspx?sn=SPE4A526T426E,SWITCH,5,20260930T160802Z,2835-00-548-8161,"LEVER,SWITCH",P,333611,3.0,99193 | 367127-1 | HONEYWELL INTERNATIONAL INC.,,2026-09-16,2026-09-23,SWITCH,DIBBS|SPE4A526T426E|2835-00-548-8161,C07,Switches / Pushbuttons / Keyboards / Controls,SWITCH,SWITCH,True,core,broad keyword only,"Broad keyword only in modifier, item noun is 'LEVER'"
SPE7M026T083F,5930-01-571-3064,SPE7M026T083F,09-15-2026,09-25-2026,2026-09-14 07:16:24,Origin,Destination,None,7018299074,https://dibbs2.bsm.dla.mil/Downloads/RFQ/F/SPE7M026T083F.PDF,https://www.dibbs.bsm.dla.mil/RFQ/RFQRec.aspx?sn=SPE7M026T083F,https://www.dibbs.bsm.dla.mil/rfq/rfqrec.aspx?sn=SPE7M026T083F,SWITCH,5,20260930T160802Z,5930-01-571-3064,"GUARD,SWITCH",C,335932,1.0,"67032 | 82-2796573-1 | GENERAL DYNAMICS MISSION SYSTEMS, I",,2026-09-15,2026-09-25,SWITCH,DIBBS|SPE7M026T083F|5930-01-571-3064,C07,Switches / Pushbuttons / Keyboards / Controls,SWITCH,SWITCH,True,core,broad keyword only,"Broad keyword only in modifier, item noun is 'GUARD'"
SPE7M826T6469,5930-01-439-3796,SPE7M826T6469,09-11-2026,09-21-2026,2026-09-10 04:44:47,Origin,Destination,None,7018268730,https://dibbs2.bsm.dla.mil/Downloads/RFQ/9/SPE7M826T6469.PDF,https://www.dibbs.bsm.dla.mil/RFQ/RFQRec.aspx?sn=SPE7M826T6469,https://www.dibbs.bsm.dla.mil/rfq/rfqrec.aspx?sn=SPE7M826T6469,SWITCH,6,20260930T160819Z,5930-01-439-3796,"ARM,SWITCH ACTUATOR",C,335313,6.0,98523 | C554DJ010 | JERED LLC,,2026-09-11,2026-09-21,ACTUATOR; SWITCH,DIBBS|SPE7M826T6469|5930-01-439-3796,C07,Switches / Pushbuttons / Keyboards / Controls,ACTUATOR,ACTUATOR; SWITCH,True,core,broad keyword only,"Broad keyword only in modifier, item noun is 'ARM'"
SPE7M826T6322,5930-00-776-6916,SPE7M826T6322,08-28-2026,09-11-2026,2026-09-09 12:18:31,Origin,Origin,Tech,7017984816,https://dibbs2.bsm.dla.mil/Downloads/RFQ/2/SPE7M826T6322.PDF,https://www.dibbs.bsm.dla.mil/RFQ/RFQRec.aspx?sn=SPE7M826T6322,https://www.dibbs.bsm.dla.mil/rfq/rfqrec.aspx?sn=SPE7M826T6322,SWITCH,6,20260930T160819Z,5930-00-776-6916,"GUARD,SWITCH",G,334419,144.0,,,2026-08-28,2026-09-11,SWITCH,DIBBS|SPE7M826T6322|5930-00-776-6916,C07,Switches / Pushbuttons / Keyboards / Controls,SWITCH,SWITCH,True,core,broad keyword only,"Broad keyword only in modifier, item noun is 'GUARD'"
SPE7M826T6188,5930-01-378-5241,SPE7M826T6188,08-24-2026,09-09-2026,2026-09-03 05:49:13,Origin,Destination,None,7017978216,https://dibbs2.bsm.dla.mil/Downloads/RFQ/8/SPE7M826T6188.PDF,https://www.dibbs.bsm.dla.mil/RFQ/RFQRec.aspx?sn=SPE7M826T6188,https://www.dibbs.bsm.dla.mil/rfq/rfqrec.aspx?sn=SPE7M826T6188,SWITCH,6,20260930T160819Z,5930-01-378-5241,"ADAPTER,SWITCH ACTU",R,335313,1.0,"34712 | 1213C2573-2 | LAKE SHORE SYSTEMS, INC.",,2026-08-24,2026-09-09,SWITCH,DIBBS|SPE7M826T6188|5930-01-378-5241,C07,Switches / Pushbuttons / Keyboards / Controls,SWITCH,SWITCH,True,core,broad keyword only,"Broad keyword only in modifier, item noun is 'ADAPTER'"
SPE7L426T6446,5930-01-457-7517,SPE7L426T6446,08-21-2026,09-03-2026,2026-08-31 11:28:11,Origin,Destination,None,7017984010,https://dibbs2.bsm.dla.mil/Downloads/RFQ/6/SPE7L426T6446.PDF,https://www.dibbs.bsm.dla.mil/RFQ/RFQRec.aspx?sn=SPE7L426T6446,https://www.dibbs.bsm.dla.mil/rfq/rfqrec.aspx?sn=SPE7L426T6446,SWITCH,6,20260930T160819Z,5930-01-457-7517,"SHIELD,SWITCH",C,335313,22.0,06085 | 12367037 | BAE SYSTEMS LAND & ARMAMENTS L.P.,,2026-08-21,2026-09-03,SWITCH,DIBBS|SPE7L426T6446|5930-01-457-7517,C07,Switches / Pushbuttons / Keyboards / Controls,SWITCH,SWITCH,True,core,broad keyword only,"Broad keyword only in modifier, item noun is 'SHIELD'"
SPE4A126T2582,5930-00-038-1770,SPE4A126T2582,08-14-2026,09-03-2026,2026-08-31 11:27:24,Origin,Destination,None,7017838365,https://dibbs2.bsm.dla.mil/Downloads/RFQ/2/SPE4A126T2582.PDF,https://www.dibbs.bsm.dla.mil/RFQ/RFQRec.aspx?sn=SPE4A126T2582,https://www.dibbs.bsm.dla.mil/rfq/rfqrec.aspx?sn=SPE4A126T2582,SWITCH,6,20260930T160819Z,5930-00-038-1770,"ADAPTER,SWITCH ACTUATO",L,335313,7.0,70210 | 34863 | HONEYWELL INTERNATIONAL INC.,,2026-08-14,2026-09-03,ACTUATOR; SWITCH,DIBBS|SPE4A126T2582|5930-00-038-1770,C07,Switches / Pushbuttons / Keyboards / Controls,SWITCH,SWITCH,True,core,broad keyword only,"Broad keyword only in modifier, item noun is 'ADAPTER'"
SPE7M826T6144,5930-01-535-9452,SPE7M826T6144,08-21-2026,09-03-2026,2026-08-31 10:58:16,Origin,Destination,None,7017986066,https://dibbs2.bsm.dla.mil/Downloads/RFQ/4/SPE7M826T6144.PDF,https://www.dibbs.bsm.dla.mil/RFQ/RFQRec.aspx?sn=SPE7M826T6144,https://www.dibbs.bsm.dla.mil/rfq/rfqrec.aspx?sn=SPE7M826T6144,SWITCH,6,20260930T160819Z,5930-01-535-9452,"SHIELD,SWITCH",R,335313,51.0,"04034 | 142964 | SETRA SYSTEMS, INC.",,2026-08-21,2026-09-03,SWITCH,DIBBS|SPE7M826T6144|5930-01-535-9452,C07,Switches / Pushbuttons / Keyboards / Controls,SWITCH,SWITCH,True,core,broad keyword only,"Broad keyword only in modifier, item noun is 'SHIELD'"
SPE7M826T6016,5930-01-240-5144,SPE7M826T6016,08-18-2026,09-02-2026,2026-08-30 07:10:55,Origin,Destination,Tech,7005356251,https://dibbs2.bsm.dla.mil/Downloads/RFQ/6/SPE7M826T6016.PDF,https://www.dibbs.bsm.dla.mil/RFQ/RFQRec.aspx?sn=SPE7M826T6016,https://www.dibbs.bsm.dla.mil/rfq/rfqrec.aspx?sn=SPE7M826T6016,SWITCH,6,20260930T160819Z,5930-01-240-5144,"ARM,SWITCH ACTUATOR",G,335313,6.0,,,2026-08-18,2026-09-02,ACTUATOR; SWITCH,DIBBS|SPE7M826T6016|5930-01-240-5144,C07,Switches / Pushbuttons / Keyboards / Controls,ACTUATOR,ACTUATOR; SWITCH,True,core,broad keyword only,"Broad keyword only in modifier, item noun is 'ARM'"
SPE7M526T414U,5930-00-488-5743,SPE7M526T414U,08-18-2026,09-02-2026,2026-08-29 11:09:16,Origin,Destination,None,7013984724,https://dibbs2.bsm.dla.mil/Downloads/RFQ/U/SPE7M526T414U.PDF,https://www.dibbs.bsm.dla.mil/RFQ/RFQRec.aspx?sn=SPE7M526T414U,https://www.dibbs.bsm.dla.mil/rfq/rfqrec.aspx?sn=SPE7M526T414U,SWITCH,7,20260930T160835Z,5930-00-488-5743,"GUARD,SWITCH",D,335313,21.0,03640 | 102A697 | LOCKHEED MARTIN CORPORATION,,2026-08-18,2026-09-02,SWITCH,DIBBS|SPE7M526T414U|5930-00-488-5743,C07,Switches / Pushbuttons / Keyboards / Controls,SWITCH,SWITCH,True,core,broad keyword only,"Broad keyword only in modifier, item noun is 'GUARD'"
SPE7M126U5131,5930-00-501-3883,SPE7M126U5131,08-13-2026,09-01-2026,2026-08-28 10:09:10,Origin,Destination,None,1000239753,https://dibbs2.bsm.dla.mil/Downloads/RFQ/1/SPE7M126U5131.PDF,https://www.dibbs.bsm.dla.mil/RFQ/RFQRec.aspx?sn=SPE7M126U5131,https://www.dibbs.bsm.dla.mil/rfq/rfqrec.aspx?sn=SPE7M126U5131,SWITCH,7,20260930T160835Z,5930-00-501-3883,"ADAPTER,SWITCH ACTUATO",D,335931,49.0,91929 | ADH3721R2 | HONEYWELL INTERNATIONAL INC.,,2026-08-13,2026-09-01,ACTUATOR; SWITCH,DIBBS|SPE7M126U5131|5930-00-501-3883,C07,Switches / Pushbuttons / Keyboards / Controls,SWITCH,SWITCH,True,core,broad keyword only,"Broad keyword only in modifier, item noun is 'ADAPTER'"
SPE7M826T6210,5930-01-301-9823,SPE7M826T6210,08-26-2026,09-08-2026,2026-08-25 08:33:11,Origin,Destination,None,7017986235,https://dibbs2.bsm.dla.mil/Downloads/RFQ/0/SPE7M826T6210.PDF,https://www.dibbs.bsm.dla.mil/RFQ/RFQRec.aspx?sn=SPE7M826T6210,https://www.dibbs.bsm.dla.mil/rfq/rfqrec.aspx?sn=SPE7M826T6210,SWITCH,7,20260930T160835Z,5930-01-301-9823,"GUARD,SWITCH",C,335313,139.0,08484 | EC-10025-1 | BREEZE-EASTERN LLC,,2026-08-26,2026-09-08,SWITCH,DIBBS|SPE7M826T6210|5930-01-301-9823,C07,Switches / Pushbuttons / Keyboards / Controls,SWITCH,SWITCH,True,core,broad keyword only,"Broad keyword only in modifier, item noun is 'GUARD'"
SPE4A125T3748,2915-01-221-1948,SPE4A125T3748,04-10-2025,04-17-2025,2026-08-21 02:41:27,Origin,Destination,None,7011551956,https://dibbs2.bsm.dla.mil/Downloads/RFQ/8/SPE4A125T3748.PDF,https://www.dibbs.bsm.dla.mil/RFQ/RFQRec.aspx?sn=SPE4A125T3748,https://www.dibbs.bsm.dla.mil/rfq/rfqrec.aspx?sn=SPE4A125T3748,SWITCH,8,20260930T160853Z,2915-01-221-1948,"CONNECTOR,SWITCH,AS",R,336412,6.0,06848 | 2671284 | HONEYWELL INTERNATIONAL INC,,2025-04-10,2025-04-17,SWITCH,DIBBS|SPE4A125T3748|2915-01-221-1948,C07,Switches / Pushbuttons / Keyboards / Controls,SWITCH,SWITCH,True,core,broad keyword only,"Broad keyword only in modifier, item noun is 'CONNECTOR'"
SPE7M526T411Q,4921-00-042-4415,SPE7M526T411Q,08-14-2026,08-24-2026,2026-08-21 02:41:27,Origin,Destination,Tech,7014889825,https://dibbs2.bsm.dla.mil/Downloads/RFQ/Q/SPE7M526T411Q.PDF,https://www.dibbs.bsm.dla.mil/RFQ/RFQRec.aspx?sn=SPE7M526T411Q,https://www.dibbs.bsm.dla.mil/rfq/rfqrec.aspx?sn=SPE7M526T411Q,SWITCH,8,20260930T160853Z,4921-00-042-4415,"ADAPTER,SWITCH",G,333310,1.0,,,2026-08-14,2026-08-24,SWITCH,DIBBS|SPE7M526T411Q|4921-00-042-4415,C07,Switches / Pushbuttons / Keyboards / Controls,SWITCH,SWITCH,True,core,broad keyword only,"Broad keyword only in modifier, item noun is 'ADAPTER'"
SPE7M826T3894,5930-01-350-7607,SPE7M826T3894,05-08-2026,05-18-2026,2026-08-21 02:41:27,Origin,Destination,None,7016692314,https://dibbs2.bsm.dla.mil/Downloads/RFQ/4/SPE7M826T3894.PDF,https://www.dibbs.bsm.dla.mil/RFQ/RFQRec.aspx?sn=SPE7M826T3894,https://www.dibbs.bsm.dla.mil/rfq/rfqrec.aspx?sn=SPE7M826T3894,SWITCH,8,20260930T160853Z,5930-01-350-7607,"ARM,SWITCH ACTUATOR",C,334413,17.0,79142 | EL060-55530 | DYNAPAR CORP,,2026-05-08,2026-05-18,ACTUATOR; SWITCH,DIBBS|SPE7M826T3894|5930-01-350-7607,C07,Switches / Pushbuttons / Keyboards / Controls,ACTUATOR,ACTUATOR; SWITCH,True,core,broad keyword only,"Broad keyword only in modifier, item noun is 'ARM'"
SPE7L726T4611,1005-01-111-5728,SPE7L726T4611,08-07-2026,08-17-2026,2026-08-21 02:41:27,Origin,Origin,Tech,7017780330,https://dibbs2.bsm.dla.mil/Downloads/RFQ/1/SPE7L726T4611.PDF,https://www.dibbs.bsm.dla.mil/RFQ/RFQRec.aspx?sn=SPE7L726T4611,https://www.dibbs.bsm.dla.mil/rfq/rfqrec.aspx?sn=SPE7L726T4611,SWITCH,8,20260930T160853Z,1005-01-111-5728,"LEVER,SWITCH",G,335313,20.0,,,2026-08-07,2026-08-17,SWITCH,DIBBS|SPE7L726T4611|1005-01-111-5728,C07,Switches / Pushbuttons / Keyboards / Controls,SWITCH,SWITCH,True,core,broad keyword only,"Broad keyword only in modifier, item noun is 'LEVER'"
SPE7M425T7528,4921-00-042-4415,SPE7M425T7528,02-24-2025,03-11-2025,2026-08-21 02:41:27,Origin,Destination,Tech,7011125332,https://dibbs2.bsm.dla.mil/Downloads/RFQ/8/SPE7M425T7528.PDF,https://www.dibbs.bsm.dla.mil/RFQ/RFQRec.aspx?sn=SPE7M425T7528,https://www.dibbs.bsm.dla.mil/rfq/rfqrec.aspx?sn=SPE7M425T7528,SWITCH,9,20260930T160910Z,4921-00-042-4415,"ADAPTER,SWITCH",G,333310,3.0,,,2025-02-24,2025-03-11,SWITCH,DIBBS|SPE7M425T7528|4921-00-042-4415,C07,Switches / Pushbuttons / Keyboards / Controls,SWITCH,SWITCH,True,core,broad keyword only,"Broad keyword only in modifier, item noun is 'ADAPTER'"
SPE4A526T058V,6680-01-472-0321,SPE4A526T058V,04-10-2026,04-17-2026,2026-08-21 02:41:27,Origin,Origin,Tech,7015656728,https://dibbs2.bsm.dla.mil/Downloads/RFQ/V/SPE4A526T058V.PDF,https://www.dibbs.bsm.dla.mil/RFQ/RFQRec.aspx?sn=SPE4A526T058V,https://www.dibbs.bsm.dla.mil/rfq/rfqrec.aspx?sn=SPE4A526T058V,SWITCH,9,20260930T160910Z,6680-01-472-0321,"FLOAT,SWITCH,LIQUID",B,334514,20.0,70210 | 2210383-1 | HONEYWELL INTERNATIONAL INC.,,2026-04-10,2026-04-17,SWITCH,DIBBS|SPE4A526T058V|6680-01-472-0321,C07,Switches / Pushbuttons / Keyboards / Controls,SWITCH,SWITCH,True,core,broad keyword only,"Broad keyword only in modifier, item noun is 'FLOAT'"
SPE4A626T56W2,4920-01-620-5155,SPE4A626T56W2,05-15-2026,05-28-2026,2026-08-21 02:41:27,Origin,Destination,None,7016786821,https://dibbs2.bsm.dla.mil/Downloads/RFQ/2/SPE4A626T56W2.PDF,https://www.dibbs.bsm.dla.mil/RFQ/RFQRec.aspx?sn=SPE4A626T56W2,https://www.dibbs.bsm.dla.mil/rfq/rfqrec.aspx?sn=SPE4A626T56W2,SWITCH,9,20260930T160910Z,4920-01-620-5155,"NRP,LEVEL SWITCH AS",D,334419,25.0,"56529 | 051496-305 | HYDRAULICS INTERNATIONAL, INC.",,2026-05-15,2026-05-28,SWITCH,DIBBS|SPE4A626T56W2|4920-01-620-5155,C07,Switches / Pushbuttons / Keyboards / Controls,SWITCH,SWITCH,True,core,broad keyword only,"Broad keyword only in modifier, item noun is 'NRP'"
SPE7M826T4452,5930-00-536-0782,SPE7M826T4452,05-22-2026,06-08-2026,2026-08-21 02:41:27,Origin,Origin,None,7016887912,https://dibbs2.bsm.dla.mil/Downloads/RFQ/2/SPE7M826T4452.PDF,https://www.dibbs.bsm.dla.mil/RFQ/RFQRec.aspx?sn=SPE7M826T4452,https://www.dibbs.bsm.dla.mil/rfq/rfqrec.aspx?sn=SPE7M826T4452,SWITCH,9,20260930T160910Z,5930-00-536-0782,"ADAPTER,SWITCH ACTU",P,335313,149.0,72914 | A6947 | GRIMES AEROSPACE COMPANY,,2026-05-22,2026-06-08,ACTUATOR; SWITCH,DIBBS|SPE7M826T4452|5930-00-536-0782,C07,Switches / Pushbuttons / Keyboards / Controls,SWITCH,SWITCH,True,core,broad keyword only,"Broad keyword only in modifier, item noun is 'ADAPTER'"
SPE7M826T4141,5930-01-695-8923,SPE7M826T4141,05-14-2026,05-26-2026,2026-08-21 02:41:27,Origin,Destination,Tech,7015496750,https://dibbs2.bsm.dla.mil/Downloads/RFQ/1/SPE7M826T4141.PDF,https://www.dibbs.bsm.dla.mil/RFQ/RFQRec.aspx?sn=SPE7M826T4141,https://www.dibbs.bsm.dla.mil/rfq/rfqrec.aspx?sn=SPE7M826T4141,SWITCH,9,20260930T160910Z,5930-01-695-8923,"HANDLE,SWITCH",B,335313,1.0,1P0Y9 | HH60WH9505-101 | AIR COMM CORPORATION LLC,,2026-05-14,2026-05-26,SWITCH,DIBBS|SPE7M826T4141|5930-01-695-8923,C07,Switches / Pushbuttons / Keyboards / Controls,SWITCH,SWITCH,True,core,broad keyword only,"Broad keyword only in modifier, item noun is 'HANDLE'"
SPE7M826T3062,5930-00-839-3928,SPE7M826T3062,04-02-2026,04-13-2026,2026-08-21 02:41:27,Origin,Destination,None,7015894375,https://dibbs2.bsm.dla.mil/Downloads/RFQ/2/SPE7M826T3062.PDF,https://www.dibbs.bsm.dla.mil/RFQ/RFQRec.aspx?sn=SPE7M826T3062,https://www.dibbs.bsm.dla.mil/rfq/rfqrec.aspx?sn=SPE7M826T3062,SWITCH,9,20260930T160910Z,5930-00-839-3928,"GUARD,SWITCH",L,335932,6.0,80205 | NAS1072-1 | 83014	H8334-1	HARTWELL CORPORATION,,2026-04-02,2026-04-13,SWITCH,DIBBS|SPE7M826T3062|5930-00-839-3928,C07,Switches / Pushbuttons / Keyboards / Controls,SWITCH,SWITCH,True,core,broad keyword only,"Broad keyword only in modifier, item noun is 'GUARD'"
SPE4A726T640T,1680-00-691-1265,SPE4A726T640T,08-12-2026,08-24-2026,2026-08-21 02:41:27,Origin,Origin,None,7017838312,https://dibbs2.bsm.dla.mil/Downloads/RFQ/T/SPE4A726T640T.PDF,https://www.dibbs.bsm.dla.mil/RFQ/RFQRec.aspx?sn=SPE4A726T640T,https://www.dibbs.bsm.dla.mil/rfq/rfqrec.aspx?sn=SPE4A726T640T,SWITCH,9,20260930T160910Z,1680-00-691-1265,"SHAFT ASSY,SWITCH",R,336413,3.0,"08719 | 3032 | DUCOMMUN LABARGE TECHNOLOGIES, INC",,2026-08-12,2026-08-24,SWITCH,DIBBS|SPE4A726T640T|1680-00-691-1265,C07,Switches / Pushbuttons / Keyboards / Controls,SWITCH,SWITCH,True,core,broad keyword only,"Broad keyword only in modifier, item noun is 'SHAFT ASSY'"
SPE7M026T7865,5930-01-397-6265,SPE7M026T7865,05-08-2026,05-18-2026,2026-08-21 02:41:27,Origin,Destination,None,7016687837,https://dibbs2.bsm.dla.mil/Downloads/RFQ/5/SPE7M026T7865.PDF,https://www.dibbs.bsm.dla.mil/RFQ/RFQRec.aspx?sn=SPE7M026T7865,https://www.dibbs.bsm.dla.mil/rfq/rfqrec.aspx?sn=SPE7M026T7865,SWITCH,9,20260930T160910Z,5930-01-397-6265,"ADAPTER,SWITCH ACTU",C,335313,2.0,"24930 | 253418-1 | L3HARRIS TECHNOLOGIES, INC",,2026-05-08,2026-05-18,SWITCH,DIBBS|SPE7M026T7865|5930-01-397-6265,C07,Switches / Pushbuttons / Keyboards / Controls,SWITCH,SWITCH,True,core,broad keyword only,"Broad keyword only in modifier, item noun is 'ADAPTER'"
SPE7M826Q0180,5930-01-653-3640,SPE7M826Q0180,06-16-2026,07-01-2026,2026-08-21 02:41:27,Origin,Destination,Tech,7016090416,https://dibbs2.bsm.dla.mil/Downloads/RFQ/0/SPE7M826Q0180.PDF,https://www.dibbs.bsm.dla.mil/RFQ/RFQRec.aspx?sn=SPE7M826Q0180,https://www.dibbs.bsm.dla.mil/rfq/rfqrec.aspx?sn=SPE7M826Q0180,SWITCH,10,20260930T160928Z,5930-01-653-3640,"LATCH,SWITCH",D,335313,8.0,,,2026-06-16,2026-07-01,FUEL; SWITCH,DIBBS|SPE7M826Q0180|5930-01-653-3640,C07,Switches / Pushbuttons / Keyboards / Controls,SWITCH,SWITCH,True,core,broad keyword only,"Broad keyword only in modifier, item noun is 'LATCH'"
SPE7M826T5417,5930-01-172-8789,SPE7M826T5417,07-17-2026,07-27-2026,2026-08-21 02:41:27,Origin,Destination,None,7017527635,https://dibbs2.bsm.dla.mil/Downloads/RFQ/7/SPE7M826T5417.PDF,https://www.dibbs.bsm.dla.mil/RFQ/RFQRec.aspx?sn=SPE7M826T5417,https://www.dibbs.bsm.dla.mil/rfq/rfqrec.aspx?sn=SPE7M826T5417,SWITCH,10,20260930T160928Z,5930-01-172-8789,"ADAPTER,SWITCH ACTUATO",C,335931,1.0,81579 | 714-261-1 | MASON ELECTRIC CO.,,2026-07-17,2026-07-27,ACTUATOR; SWITCH,DIBBS|SPE7M826T5417|5930-01-172-8789,C07,Switches / Pushbuttons / Keyboards / Controls,SWITCH,SWITCH,True,core,broad keyword only,"Broad keyword only in modifier, item noun is 'ADAPTER'"
SPE7M826T1861,5930-01-289-4254,SPE7M826T1861,01-23-2026,02-02-2026,2026-08-21 02:41:27,Origin,Destination,Tech,7015246695,https://dibbs2.bsm.dla.mil/Downloads/RFQ/1/SPE7M826T1861.PDF,https://www.dibbs.bsm.dla.mil/RFQ/RFQRec.aspx?sn=SPE7M826T1861,https://www.dibbs.bsm.dla.mil/rfq/rfqrec.aspx?sn=SPE7M826T1861,SWITCH,10,20260930T160928Z,5930-01-289-4254,"ARM,SWITCH ACTUATOR",C,335313,15.0,"05825 | 3235023 | OTSI, LLC",,2026-01-23,2026-02-02,ACTUATOR; SWITCH,DIBBS|SPE7M826T1861|5930-01-289-4254,C07,Switches / Pushbuttons / Keyboards / Controls,ACTUATOR,ACTUATOR; SWITCH,True,core,broad keyword only,"Broad keyword only in modifier, item noun is 'ARM'"
SPE7M426T245F,5930-01-226-8249,SPE7M426T245F,07-10-2026,07-20-2026,2026-08-21 02:41:27,Origin,Destination,None,7017440339,https://dibbs2.bsm.dla.mil/Downloads/RFQ/F/SPE7M426T245F.PDF,https://www.dibbs.bsm.dla.mil/RFQ/RFQRec.aspx?sn=SPE7M426T245F,https://www.dibbs.bsm.dla.mil/rfq/rfqrec.aspx?sn=SPE7M426T245F,SWITCH,10,20260930T160928Z,5930-01-226-8249,"ARM,SWITCH ACTUATOR",L,335313,5.0,17472 | 109230-1 | EATON AEROSPACE LLC,,2026-07-10,2026-07-20,ACTUATOR; SWITCH,DIBBS|SPE7M426T245F|5930-01-226-8249,C07,Switches / Pushbuttons / Keyboards / Controls,ACTUATOR,ACTUATOR; SWITCH,True,core,broad keyword only,"Broad keyword only in modifier, item noun is 'ARM'"
SPE7M826T5338,5930-01-607-1134,SPE7M826T5338,07-10-2026,07-20-2026,2026-08-21 02:41:27,Origin,Destination,Tech,7017440536,https://dibbs2.bsm.dla.mil/Downloads/RFQ/8/SPE7M826T5338.PDF,https://www.dibbs.bsm.dla.mil/RFQ/RFQRec.aspx?sn=SPE7M826T5338,https://www.dibbs.bsm.dla.mil/rfq/rfqrec.aspx?sn=SPE7M826T5338,SWITCH,10,20260930T160928Z,5930-01-607-1134,"KEY,SWITCH",L,335313,9.0,1LTU5 | 3007740-1 | NORTHROP GRUMMAN SYSTEMS CORP,,2026-07-10,2026-07-20,SWITCH,DIBBS|SPE7M826T5338|5930-01-607-1134,C07,Switches / Pushbuttons / Keyboards / Controls,SWITCH,SWITCH,True,core,broad keyword only,"Broad keyword only in modifier, item noun is 'KEY'"
SPE7L526T4782,6680-01-668-2555,SPE7L526T4782,08-07-2026,08-17-2026,2026-08-21 02:41:27,Origin,Destination,None,7017774455,https://dibbs2.bsm.dla.mil/Downloads/RFQ/2/SPE7L526T4782.PDF,https://www.dibbs.bsm.dla.mil/RFQ/RFQRec.aspx?sn=SPE7L526T4782,https://www.dibbs.bsm.dla.mil/rfq/rfqrec.aspx?sn=SPE7L526T4782,SWITCH,10,20260930T160928Z,6680-01-668-2555,"FLOAT,SWITCH,LIQUID",D,334514,20.0,75Q65 | 4080613 | OSHKOSH DEFENSE LLC,,2026-08-07,2026-08-17,SWITCH,DIBBS|SPE7L526T4782|6680-01-668-2555,C07,Switches / Pushbuttons / Keyboards / Controls,SWITCH,SWITCH,True,core,broad keyword only,"Broad keyword only in modifier, item noun is 'FLOAT'"
SPE7M826T3494,5930-00-929-7869,SPE7M826T3494,04-24-2026,05-11-2026,2026-08-21 02:41:27,Origin,Destination,None,7016483525,https://dibbs2.bsm.dla.mil/Downloads/RFQ/4/SPE7M826T3494.PDF,https://www.dibbs.bsm.dla.mil/RFQ/RFQRec.aspx?sn=SPE7M826T3494,https://www.dibbs.bsm.dla.mil/rfq/rfqrec.aspx?sn=SPE7M826T3494,SWITCH,11,20260930T160945Z,5930-00-929-7869,"ADAPTER,SWITCH ACTU",Z,335313,50.0,,,2026-04-24,2026-05-11,ACTUATOR; SWITCH,DIBBS|SPE7M826T3494|5930-00-929-7869,C07,Switches / Pushbuttons / Keyboards / Controls,SWITCH,SWITCH,True,core,broad keyword only,"Broad keyword only in modifier, item noun is 'ADAPTER'"
SPE4A625T61U1,5930-00-918-7112,SPE4A625T61U1,05-07-2025,05-14-2025,2026-08-21 02:41:27,Origin,Destination,None,7012148708,https://dibbs2.bsm.dla.mil/Downloads/RFQ/1/SPE4A625T61U1.PDF,https://www.dibbs.bsm.dla.mil/RFQ/RFQRec.aspx?sn=SPE4A625T61U1,https://www.dibbs.bsm.dla.mil/rfq/rfqrec.aspx?sn=SPE4A625T61U1,SWITCH,11,20260930T160945Z,5930-00-918-7112,"ADAPTER,SWITCH ACTU",D,334220,80.0,70210 | 1034011 | HONEYWELL INTERNATIONAL INC.,,2025-05-07,2025-05-14,SWITCH,DIBBS|SPE4A625T61U1|5930-00-918-7112,C07,Switches / Pushbuttons / Keyboards / Controls,SWITCH,SWITCH,True,core,broad keyword only,"Broad keyword only in modifier, item noun is 'ADAPTER'"
SPE7M426T305A,2995-00-105-9401,SPE7M426T305A,08-07-2026,08-17-2026,2026-08-21 02:41:27,Origin,Destination,None,7017774354,https://dibbs2.bsm.dla.mil/Downloads/RFQ/A/SPE7M426T305A.PDF,https://www.dibbs.bsm.dla.mil/RFQ/RFQRec.aspx?sn=SPE7M426T305A,https://www.dibbs.bsm.dla.mil/rfq/rfqrec.aspx?sn=SPE7M426T305A,SWITCH,11,20260930T160945Z,2995-00-105-9401,"PLUNGER,ACTUATOR,SWITC",C,336412,31.0,"62983 | 333664 | EATON AEROSPACE, LLC",,2026-08-07,2026-08-17,ACTUATOR; SWITCH,DIBBS|SPE7M426T305A|2995-00-105-9401,C07,Switches / Pushbuttons / Keyboards / Controls,ACTUATOR,ACTUATOR,True,core,broad keyword only,"Broad keyword only in modifier, item noun is 'PLUNGER'"
SPE4A126T2294,1660-00-164-4344,SPE4A126T2294,06-15-2026,06-25-2026,2026-08-21 02:41:27,Origin,Destination,None,7017147953,https://dibbs2.bsm.dla.mil/Downloads/RFQ/4/SPE4A126T2294.PDF,https://www.dibbs.bsm.dla.mil/RFQ/RFQRec.aspx?sn=SPE4A126T2294,https://www.dibbs.bsm.dla.mil/rfq/rfqrec.aspx?sn=SPE4A126T2294,SWITCH,11,20260930T160945Z,1660-00-164-4344,"ARM,SWITCH",D,336411,142.0,79318 | 151060 | MEGGITT NORTH HOLLYWOOD INC,,2026-06-15,2026-06-25,SWITCH,DIBBS|SPE4A126T2294|1660-00-164-4344,C07,Switches / Pushbuttons / Keyboards / Controls,SWITCH,SWITCH,True,core,broad keyword only,"Broad keyword only in modifier, item noun is 'ARM'"
SPE7M826T5980,5930-01-350-7607,SPE7M826T5980,08-14-2026,08-24-2026,2026-08-21 02:41:27,Origin,Destination,None,7017868320,https://dibbs2.bsm.dla.mil/Downloads/RFQ/0/SPE7M826T5980.PDF,https://www.dibbs.bsm.dla.mil/RFQ/RFQRec.aspx?sn=SPE7M826T5980,https://www.dibbs.bsm.dla.mil/rfq/rfqrec.aspx?sn=SPE7M826T5980,SWITCH,11,20260930T160945Z,5930-01-350-7607,"ARM,SWITCH ACTUATOR",C,334413,18.0,79142 | EL060-55530 | DYNAPAR CORP,,2026-08-14,2026-08-24,ACTUATOR; SWITCH,DIBBS|SPE7M826T5980|5930-01-350-7607,C07,Switches / Pushbuttons / Keyboards / Controls,ACTUATOR,ACTUATOR; SWITCH,True,core,broad keyword only,"Broad keyword only in modifier, item noun is 'ARM'"
SPE4A726T0752,1650-01-117-4865,SPE4A726T0752,10-16-2025,10-23-2025,2026-08-21 02:41:27,Origin,Origin,Tech,7014175559,https://dibbs2.bsm.dla.mil/Downloads/RFQ/2/SPE4A726T0752.PDF,https://www.dibbs.bsm.dla.mil/RFQ/RFQRec.aspx?sn=SPE4A726T0752,https://www.dibbs.bsm.dla.mil/rfq/rfqrec.aspx?sn=SPE4A726T0752,SWITCH,11,20260930T160945Z,1650-01-117-4865,"CAM,SWITCH,SPEED BR",C,336413,25.0,81755 | 16M220-14 | LOCKHEED MARTIN CORPORATION,,2025-10-16,2025-10-23,SWITCH,DIBBS|SPE4A726T0752|1650-01-117-4865,C07,Switches / Pushbuttons / Keyboards / Controls,SWITCH,SWITCH,True,core,broad keyword only,"Broad keyword only in modifier, item noun is 'CAM'"
SPE4A526T155D,6680-01-472-0321,SPE4A526T155D,05-19-2026,05-26-2026,2026-08-21 02:41:27,Origin,Origin,Tech,7016752043,https://dibbs2.bsm.dla.mil/Downloads/RFQ/D/SPE4A526T155D.PDF,https://www.dibbs.bsm.dla.mil/RFQ/RFQRec.aspx?sn=SPE4A526T155D,https://www.dibbs.bsm.dla.mil/rfq/rfqrec.aspx?sn=SPE4A526T155D,SWITCH,12,20260930T161003Z,6680-01-472-0321,"FLOAT,SWITCH,LIQUID",B,334514,12.0,70210 | 2210383-1 | HONEYWELL INTERNATIONAL INC.,,2026-05-19,2026-05-26,SWITCH,DIBBS|SPE4A526T155D|6680-01-472-0321,C07,Switches / Pushbuttons / Keyboards / Controls,SWITCH,SWITCH,True,core,broad keyword only,"Broad keyword only in modifier, item noun is 'FLOAT'"
SPE4A626T991B,6680-01-699-8299,SPE4A626T991B,03-18-2026,03-25-2026,2026-08-21 02:41:27,Origin,Destination,None,7014233343,https://dibbs2.bsm.dla.mil/Downloads/RFQ/B/SPE4A626T991B.PDF,https://www.dibbs.bsm.dla.mil/RFQ/RFQRec.aspx?sn=SPE4A626T991B,https://www.dibbs.bsm.dla.mil/rfq/rfqrec.aspx?sn=SPE4A626T991B,SWITCH,12,20260930T161003Z,6680-01-699-8299,"FLOAT,SWITCH,LIQUID",C,334514,2.0,4U143 | T3B-W04A-B0A | M S JACOBS & ASSOCIATES INC,,2026-03-18,2026-03-25,SWITCH,DIBBS|SPE4A626T991B|6680-01-699-8299,C07,Switches / Pushbuttons / Keyboards / Controls,SWITCH,SWITCH,True,core,broad keyword only,"Broad keyword only in modifier, item noun is 'FLOAT'"
SPE7M826T3404,5930-01-479-7863,SPE7M826T3404,04-21-2026,05-01-2026,2026-08-21 02:41:27,Origin,Destination,None,7014654671,https://dibbs2.bsm.dla.mil/Downloads/RFQ/4/SPE7M826T3404.PDF,https://www.dibbs.bsm.dla.mil/RFQ/RFQRec.aspx?sn=SPE7M826T3404,https://www.dibbs.bsm.dla.mil/rfq/rfqrec.aspx?sn=SPE7M826T3404,SWITCH,12,20260930T161003Z,5930-01-479-7863,"GUARD,SWITCH",R,334419,96.0,,,2026-04-21,2026-05-01,SWITCH,DIBBS|SPE7M826T3404|5930-01-479-7863,C07,Switches / Pushbuttons / Keyboards / Controls,SWITCH,SWITCH,True,core,broad keyword only,"Broad keyword only in modifier, item noun is 'GUARD'"
SPE4A526T3478,1660-00-464-3545,SPE4A526T3478,11-18-2025,11-25-2025,2026-08-21 02:41:27,Origin,Destination,None,7014493920,https://dibbs2.bsm.dla.mil/Downloads/RFQ/8/SPE4A526T3478.PDF,https://www.dibbs.bsm.dla.mil/RFQ/RFQRec.aspx?sn=SPE4A526T3478,https://www.dibbs.bsm.dla.mil/rfq/rfqrec.aspx?sn=SPE4A526T3478,SWITCH,12,20260930T161003Z,1660-00-464-3545,"CAM,SWITCH,ACTUATOR",D,336411,21.0,70210 | 531528-1 | HONEYWELL INTERNATIONAL INC.,,2025-11-18,2025-11-25,ACTUATOR; SWITCH,DIBBS|SPE4A526T3478|1660-00-464-3545,C07,Switches / Pushbuttons / Keyboards / Controls,ACTUATOR,ACTUATOR; SWITCH,True,core,broad keyword only,"Broad keyword only in modifier, item noun is 'CAM'"
SPE7M526T3180,5930-01-466-3561,SPE7M526T3180,11-18-2025,11-28-2025,2026-08-21 02:41:27,Origin,Destination,None,7014420338,https://dibbs2.bsm.dla.mil/Downloads/RFQ/0/SPE7M526T3180.PDF,https://www.dibbs.bsm.dla.mil/RFQ/RFQRec.aspx?sn=SPE7M526T3180,https://www.dibbs.bsm.dla.mil/rfq/rfqrec.aspx?sn=SPE7M526T3180,SWITCH,13,20260930T161020Z,5930-01-466-3561,"ADAPTER,SWITCH ACTU",R,335931,11.0,59462 | JM010UR0080LPU | 100,,2025-11-18,2025-11-28,ACTUATOR; SWITCH,DIBBS|SPE7M526T3180|5930-01-466-3561,C07,Switches / Pushbuttons / Keyboards / Controls,SWITCH,SWITCH,True,core,broad keyword only,"Broad keyword only in modifier, item noun is 'ADAPTER'"
SPE7M826T5123,5930-01-289-4254,SPE7M826T5123,06-30-2026,07-10-2026,2026-08-21 02:41:27,Origin,Destination,Tech,7017048187,https://dibbs2.bsm.dla.mil/Downloads/RFQ/3/SPE7M826T5123.PDF,https://www.dibbs.bsm.dla.mil/RFQ/RFQRec.aspx?sn=SPE7M826T5123,https://www.dibbs.bsm.dla.mil/rfq/rfqrec.aspx?sn=SPE7M826T5123,SWITCH,13,20260930T161020Z,5930-01-289-4254,"ARM,SWITCH ACTUATOR",C,335313,15.0,"05825 | 3235023 | OTSI, LLC",,2026-06-30,2026-07-10,ACTUATOR; SWITCH,DIBBS|SPE7M826T5123|5930-01-289-4254,C07,Switches / Pushbuttons / Keyboards / Controls,ACTUATOR,ACTUATOR; SWITCH,True,core,broad keyword only,"Broad keyword only in modifier, item noun is 'ARM'"
SPE4A526T5205,1610-00-652-9410,SPE4A526T5205,12-12-2025,12-29-2025,2026-08-21 02:41:27,Origin,Destination,None,7014815696,https://dibbs2.bsm.dla.mil/Downloads/RFQ/5/SPE4A526T5205.PDF,https://www.dibbs.bsm.dla.mil/RFQ/RFQRec.aspx?sn=SPE4A526T5205,https://www.dibbs.bsm.dla.mil/rfq/rfqrec.aspx?sn=SPE4A526T5205,SWITCH,13,20260930T161020Z,1610-00-652-9410,"SHIELD,SCREW,SWITCH",L,336413,41.0,73030 | 525365 | HAMILTON SUNDSTRAND CORPORATION,,2025-12-12,2025-12-29,SWITCH,DIBBS|SPE4A526T5205|1610-00-652-9410,C07,Switches / Pushbuttons / Keyboards / Controls,SWITCH,SWITCH,True,core,broad keyword only,"Broad keyword only in modifier, item noun is 'SHIELD'"
SPE4A626T59G4,5970-01-011-1725,SPE4A626T59G4,05-18-2026,05-26-2026,2026-08-21 02:41:27,Origin,Destination,None,7016708161,https://dibbs2.bsm.dla.mil/Downloads/RFQ/4/SPE4A626T59G4.PDF,https://www.dibbs.bsm.dla.mil/RFQ/RFQRec.aspx?sn=SPE4A626T59G4,https://www.dibbs.bsm.dla.mil/rfq/rfqrec.aspx?sn=SPE4A626T59G4,SWITCH,13,20260930T161020Z,5970-01-011-1725,"INSULATOR,PLATE",D,335999,169.0,,,2026-05-18,2026-05-26,PLATE; SWITCH,DIBBS|SPE4A626T59G4|5970-01-011-1725,C08,Plates / Markings / Mounting / Misc,PLATE,PLATE,True,core-adjacent,broad keyword only,"Broad keyword only in modifier, item noun is 'INSULATOR'"
SPE7M426Q0545,5970-00-907-2571,SPE7M426Q0545,03-23-2026,03-30-2026,2026-08-21 02:41:27,Origin,Destination,Tech,7004836701,https://dibbs2.bsm.dla.mil/Downloads/RFQ/5/SPE7M426Q0545.PDF,https://www.dibbs.bsm.dla.mil/RFQ/RFQRec.aspx?sn=SPE7M426Q0545,https://www.dibbs.bsm.dla.mil/rfq/rfqrec.aspx?sn=SPE7M426Q0545,SWITCH,13,20260930T161020Z,5970-00-907-2571,"INSULATOR,SWITCH",C,335999,1.0,,,2026-03-23,2026-03-30,SWITCH,DIBBS|SPE7M426Q0545|5970-00-907-2571,C07,Switches / Pushbuttons / Keyboards / Controls,SWITCH,SWITCH,True,core,broad keyword only,"Broad keyword only in modifier, item noun is 'INSULATOR'"
SPE7M526T121Q,5930-00-488-5743,SPE7M526T121Q,05-08-2026,05-21-2026,2026-08-21 02:41:27,Origin,Destination,None,7016686623,https://dibbs2.bsm.dla.mil/Downloads/RFQ/Q/SPE7M526T121Q.PDF,https://www.dibbs.bsm.dla.mil/RFQ/RFQRec.aspx?sn=SPE7M526T121Q,https://www.dibbs.bsm.dla.mil/rfq/rfqrec.aspx?sn=SPE7M526T121Q,SWITCH,13,20260930T161020Z,5930-00-488-5743,"GUARD,SWITCH",D,335313,43.0,03640 | 102A697 | LOCKHEED MARTIN CORPORATION,,2026-05-08,2026-05-21,SWITCH,DIBBS|SPE7M526T121Q|5930-00-488-5743,C07,Switches / Pushbuttons / Keyboards / Controls,SWITCH,SWITCH,True,core,broad keyword only,"Broad keyword only in modifier, item noun is 'GUARD'"
SPE4A126T0702,2915-01-221-1948,SPE4A126T0702,11-24-2025,12-01-2025,2026-08-21 02:41:27,Origin,Destination,None,7014489304,https://dibbs2.bsm.dla.mil/Downloads/RFQ/2/SPE4A126T0702.PDF,https://www.dibbs.bsm.dla.mil/RFQ/RFQRec.aspx?sn=SPE4A126T0702,https://www.dibbs.bsm.dla.mil/rfq/rfqrec.aspx?sn=SPE4A126T0702,SWITCH,13,20260930T161020Z,2915-01-221-1948,"CONNECTOR,SWITCH,AS",R,336412,8.0,06848 | 2671284 | HONEYWELL INTERNATIONAL INC,,2025-11-24,2025-12-01,SWITCH,DIBBS|SPE4A126T0702|2915-01-221-1948,C07,Switches / Pushbuttons / Keyboards / Controls,SWITCH,SWITCH,True,core,broad keyword only,"Broad keyword only in modifier, item noun is 'CONNECTOR'"
SPE7M826T4837,5930-01-660-5060,SPE7M826T4837,06-17-2026,06-29-2026,2026-08-21 02:41:27,Origin,Destination,None,7017127341,https://dibbs2.bsm.dla.mil/Downloads/RFQ/7/SPE7M826T4837.PDF,https://www.dibbs.bsm.dla.mil/RFQ/RFQRec.aspx?sn=SPE7M826T4837,https://www.dibbs.bsm.dla.mil/rfq/rfqrec.aspx?sn=SPE7M826T4837,SWITCH,13,20260930T161020Z,5930-01-660-5060,"GUARD,SWITCH",Z,335313,2.0,,,2026-06-17,2026-06-29,SWITCH,DIBBS|SPE7M826T4837|5930-01-660-5060,C07,Switches / Pushbuttons / Keyboards / Controls,SWITCH,SWITCH,True,core,broad keyword only,"Broad keyword only in modifier, item noun is 'GUARD'"
SPE4A726T381J,1560-01-471-9451,SPE4A726T381J,05-20-2026,05-27-2026,2026-08-21 02:41:27,Origin,Destination,None,7016844710,https://dibbs2.bsm.dla.mil/Downloads/RFQ/J/SPE4A726T381J.PDF,https://www.dibbs.bsm.dla.mil/RFQ/RFQRec.aspx?sn=SPE4A726T381J,https://www.dibbs.bsm.dla.mil/rfq/rfqrec.aspx?sn=SPE4A726T381J,SWITCH,13,20260930T161020Z,1560-01-471-9451,"TRANSDUCER,SWITCH",C,336413,9.0,81579 | 805-5109 | MASON ELECTRIC CO.,,2026-05-20,2026-05-27,SWITCH; TRANSDUCER,DIBBS|SPE4A726T381J|1560-01-471-9451,C07,Switches / Pushbuttons / Keyboards / Controls,SWITCH,SWITCH,True,core,broad keyword only,"Broad keyword only in modifier, item noun is 'TRANSDUCER'"
SPE7M426T273B,4921-00-042-4415,SPE7M426T273B,07-23-2026,08-17-2026,2026-08-21 02:41:27,Origin,Destination,Tech,7017574001,https://dibbs2.bsm.dla.mil/Downloads/RFQ/B/SPE7M426T273B.PDF,https://www.dibbs.bsm.dla.mil/RFQ/RFQRec.aspx?sn=SPE7M426T273B,https://www.dibbs.bsm.dla.mil/rfq/rfqrec.aspx?sn=SPE7M426T273B,SWITCH,13,20260930T161020Z,4921-00-042-4415,"ADAPTER,SWITCH",G,333310,4.0,,,2026-07-23,2026-08-17,SWITCH,DIBBS|SPE7M426T273B|4921-00-042-4415,C07,Switches / Pushbuttons / Keyboards / Controls,SWITCH,SWITCH,True,core,broad keyword only,"Broad keyword only in modifier, item noun is 'ADAPTER'"
SPE4A624T00P0,5930-01-178-4403,SPE4A624T00P0,02-22-2024,02-29-2024,2026-08-21 02:41:27,Origin,Destination,None,7006517208,https://dibbs2.bsm.dla.mil/Downloads/RFQ/0/SPE4A624T00P0.PDF,https://www.dibbs.bsm.dla.mil/RFQ/RFQRec.aspx?sn=SPE4A624T00P0,https://www.dibbs.bsm.dla.mil/rfq/rfqrec.aspx?sn=SPE4A624T00P0,SWITCH,14,20260930T161037Z,5930-01-178-4403,"ADAPTER,SWITCH ACTU",C,335931,12.0,72914 | 46-1088-3 | GRIMES AEROSPACE COMPANY,,2024-02-22,2024-02-29,SWITCH,DIBBS|SPE4A624T00P0|5930-01-178-4403,C07,Switches / Pushbuttons / Keyboards / Controls,SWITCH,SWITCH,True,core,broad keyword only,"Broad keyword only in modifier, item noun is 'ADAPTER'"
SPE7M826T5931,5930-01-472-5978,SPE7M826T5931,08-11-2026,08-21-2026,2026-08-21 02:41:27,Origin,Destination,None,7017776977,https://dibbs2.bsm.dla.mil/Downloads/RFQ/1/SPE7M826T5931.PDF,https://www.dibbs.bsm.dla.mil/RFQ/RFQRec.aspx?sn=SPE7M826T5931,https://www.dibbs.bsm.dla.mil/rfq/rfqrec.aspx?sn=SPE7M826T5931,SWITCH,14,20260930T161037Z,5930-01-472-5978,"MODULE,SWITCH",C,335313,1.0,"12522 | 5M/0066 | STACO SYSTEMS, INC.",,2026-08-11,2026-08-21,SWITCH,DIBBS|SPE7M826T5931|5930-01-472-5978,C07,Switches / Pushbuttons / Keyboards / Controls,SWITCH,SWITCH,True,core,broad keyword only,"Broad keyword only in modifier, item noun is 'MODULE'"
SPE7M826T4844,5930-01-695-8923,SPE7M826T4844,06-18-2026,06-29-2026,2026-08-21 02:41:27,Origin,Destination,Tech,7017204089,https://dibbs2.bsm.dla.mil/Downloads/RFQ/4/SPE7M826T4844.PDF,https://www.dibbs.bsm.dla.mil/RFQ/RFQRec.aspx?sn=SPE7M826T4844,https://www.dibbs.bsm.dla.mil/rfq/rfqrec.aspx?sn=SPE7M826T4844,SWITCH,14,20260930T161037Z,5930-01-695-8923,"HANDLE,SWITCH",B,335313,1.0,1P0Y9 | HH60WH9505-101 | AIR COMM CORPORATION LLC,,2026-06-18,2026-06-29,SWITCH,DIBBS|SPE7M826T4844|5930-01-695-8923,C07,Switches / Pushbuttons / Keyboards / Controls,SWITCH,SWITCH,True,core,broad keyword only,"Broad keyword only in modifier, item noun is 'HANDLE'"
SPE7M026T087Y,5930-00-088-6004,SPE7M026T087Y,09-16-2026,09-28-2026,2026-09-15 04:55:30,Origin,Destination,None,7018319138,https://dibbs2.bsm.dla.mil/Downloads/RFQ/Y/SPE7M026T087Y.PDF,https://www.dibbs.bsm.dla.mil/RFQ/RFQRec.aspx?sn=SPE7M026T087Y,https://www.dibbs.bsm.dla.mil/rfq/rfqrec.aspx?sn=SPE7M026T087Y,SWITCH,14,20260930T161037Z,5930-00-088-6004,"HANDLE,SWITCH",Z,335313,4.0,89946 | 47A4446G21 | EATON CORPORATION,,2026-09-16,2026-09-28,SWITCH,DIBBS|SPE7M026T087Y|5930-00-088-6004,C07,Switches / Pushbuttons / Keyboards / Controls,SWITCH,SWITCH,True,core,broad keyword only,"Broad keyword only in modifier, item noun is 'HANDLE'"
SPE7L126T12B7,5340-01-413-9463,SPE7L126T12B7,09-16-2026,09-28-2026,2026-09-15 06:57:02,Origin,Destination,None,7018319090,https://dibbs2.bsm.dla.mil/Downloads/RFQ/7/SPE7L126T12B7.PDF,https://www.dibbs.bsm.dla.mil/RFQ/RFQRec.aspx?sn=SPE7L126T12B7,https://www.dibbs.bsm.dla.mil/rfq/rfqrec.aspx?sn=SPE7L126T12B7,SWITCH,14,20260930T161037Z,5340-01-413-9463,"GUARD,VALVE ACTUATOR",C,335932,1.0,00365 | 1011607 | TLD ACE CORP,,2026-09-16,2026-09-28,ACTUATOR; SWITCH,DIBBS|SPE7L126T12B7|5340-01-413-9463,C07,Switches / Pushbuttons / Keyboards / Controls,ACTUATOR,ACTUATOR,True,core,broad keyword only,"Broad keyword only in modifier, item noun is 'GUARD'"
SPE7M826T4075,5930-01-459-9925,SPE7M826T4075,05-12-2026,05-22-2026,2026-08-21 02:41:27,Origin,Destination,None,7016716747,https://dibbs2.bsm.dla.mil/Downloads/RFQ/5/SPE7M826T4075.PDF,https://www.dibbs.bsm.dla.mil/RFQ/RFQRec.aspx?sn=SPE7M826T4075,https://www.dibbs.bsm.dla.mil/rfq/rfqrec.aspx?sn=SPE7M826T4075,SWITCH,15,20260930T161055Z,5930-01-459-9925,"GUARD,SWITCH",R,332439,4.0,75Q65 | 1KK665 | OSHKOSH DEFENSE LLC,,2026-05-12,2026-05-22,SWITCH,DIBBS|SPE7M826T4075|5930-01-459-9925,C07,Switches / Pushbuttons / Keyboards / Controls,SWITCH,SWITCH,True,core,broad keyword only,"Broad keyword only in modifier, item noun is 'GUARD'"
SPE7MC26T4251,4820-00-904-2113,SPE7MC26T4251,01-15-2026,02-05-2026,2026-08-21 02:41:27,Origin,Destination,None,7015114854,https://dibbs2.bsm.dla.mil/Downloads/RFQ/1/SPE7MC26T4251.PDF,https://www.dibbs.bsm.dla.mil/RFQ/RFQRec.aspx?sn=SPE7MC26T4251,https://www.dibbs.bsm.dla.mil/rfq/rfqrec.aspx?sn=SPE7MC26T4251,SWITCH,15,20260930T161055Z,4820-00-904-2113,"DIAPHRAGM,ACTUATOR",R,332911,1.0,,,2026-01-15,2026-02-05,ACTUATOR; SWITCH,DIBBS|SPE7MC26T4251|4820-00-904-2113,C07,Switches / Pushbuttons / Keyboards / Controls,ACTUATOR,ACTUATOR,True,core,broad keyword only,"Broad keyword only in modifier, item noun is 'DIAPHRAGM'"
SPE4A625T229Y,1420-00-073-9307,SPE4A625T229Y,12-11-2024,12-18-2024,2026-08-21 02:41:27,Origin,Origin,Tech,7010288654,https://dibbs2.bsm.dla.mil/Downloads/RFQ/Y/SPE4A625T229Y.PDF,https://www.dibbs.bsm.dla.mil/RFQ/RFQRec.aspx?sn=SPE4A625T229Y,https://www.dibbs.bsm.dla.mil/rfq/rfqrec.aspx?sn=SPE4A625T229Y,ACTUATOR,1,20260930T161156Z,1420-00-073-9307,"BOOT,ACTUATOR,STAGE",G,336415,39.0,,,2024-12-11,2024-12-18,ACTUATOR,DIBBS|SPE4A625T229Y|1420-00-073-9307,C07,Switches / Pushbuttons / Keyboards / Controls,ACTUATOR,ACTUATOR,True,core,broad keyword only,"Broad keyword only in modifier, item noun is 'BOOT'"
SPE4A726T769X,1650-01-034-3727,SPE4A726T769X,09-21-2026,10-01-2026,2026-09-28 08:04:06,Origin,Destination,None,7018414439,https://dibbs2.bsm.dla.mil/Downloads/RFQ/X/SPE4A726T769X.PDF,https://www.dibbs.bsm.dla.mil/RFQ/RFQRec.aspx?sn=SPE4A726T769X,https://www.dibbs.bsm.dla.mil/rfq/rfqrec.aspx?sn=SPE4A726T769X,ACTUATOR,1,20260930T161156Z,1650-01-034-3727,"END ASSEMBLY,ACTUATOR",D,336413,11.0,"78062 | 1778D1 | SARGENT AEROSPACE & DEFENSE, LLC",,2026-09-21,2026-10-01,ACTUATOR,DIBBS|SPE4A726T769X|1650-01-034-3727,C07,Switches / Pushbuttons / Keyboards / Controls,ACTUATOR,ACTUATOR,True,core,broad keyword only,"Broad keyword only in modifier, item noun is 'END ASSEMBLY'"
SPE4A726T798G,2915-00-657-3581,SPE4A726T798G,09-28-2026,10-05-2026,2026-09-27 06:21:44,Origin,Destination,None,7018391437,https://dibbs2.bsm.dla.mil/Downloads/RFQ/G/SPE4A726T798G.PDF,https://www.dibbs.bsm.dla.mil/RFQ/RFQRec.aspx?sn=SPE4A726T798G,https://www.dibbs.bsm.dla.mil/rfq/rfqrec.aspx?sn=SPE4A726T798G,ACTUATOR,1,20260930T161156Z,2915-00-657-3581,"BASEPLATE,ACTUATOR",C,336412,14.0,79318 | 151261 | MEGGITT NORTH HOLLYWOOD INC,,2026-09-28,2026-10-05,ACTUATOR,DIBBS|SPE4A726T798G|2915-00-657-3581,C07,Switches / Pushbuttons / Keyboards / Controls,ACTUATOR,ACTUATOR,True,core,broad keyword only,"Broad keyword only in modifier, item noun is 'BASEPLATE'"
SPE4A626T35BK,4730-01-092-1978,SPE4A626T35BK,09-23-2026,09-30-2026,2026-09-22 03:47:56,Origin,Destination,None,7018458946,https://dibbs2.bsm.dla.mil/Downloads/RFQ/K/SPE4A626T35BK.PDF,https://www.dibbs.bsm.dla.mil/RFQ/RFQRec.aspx?sn=SPE4A626T35BK,https://www.dibbs.bsm.dla.mil/rfq/rfqrec.aspx?sn=SPE4A626T35BK,ACTUATOR,1,20260930T161156Z,4730-01-092-1978,"PLUG,ACTUATOR,FLIGH",C,332996,16.0,78286 | 70410-02515-102 | SIKORSKY AIRCRAFT CORPORATION,,2026-09-23,2026-09-30,ACTUATOR,DIBBS|SPE4A626T35BK|4730-01-092-1978,C07,Switches / Pushbuttons / Keyboards / Controls,ACTUATOR,ACTUATOR,True,core,broad keyword only,"Broad keyword only in modifier, item noun is 'PLUG'"
SPE4A726T737A,1560-01-309-8009,SPE4A726T737A,09-14-2026,09-24-2026,2026-09-21 09:13:06,Origin,Destination,Tech,7018318597,https://dibbs2.bsm.dla.mil/Downloads/RFQ/A/SPE4A726T737A.PDF,https://www.dibbs.bsm.dla.mil/RFQ/RFQRec.aspx?sn=SPE4A726T737A,https://www.dibbs.bsm.dla.mil/rfq/rfqrec.aspx?sn=SPE4A726T737A,ACTUATOR,1,20260930T161156Z,1560-01-309-8009,"FAIRING,TAB ACTUATOR",Q,336413,11.0,0BVP9 | 123CS11222-611 | CAPY MACHINE SHOP INC.,,2026-09-14,2026-09-24,ACTUATOR,DIBBS|SPE4A726T737A|1560-01-309-8009,C07,Switches / Pushbuttons / Keyboards / Controls,ACTUATOR,ACTUATOR,True,core,broad keyword only,"Broad keyword only in modifier, item noun is 'FAIRING'"
SPE4A526T454Y,4810-01-202-1144,SPE4A526T454Y,09-21-2026,09-28-2026,2026-09-21 12:15:48,Origin,Origin,None,7018413918,https://dibbs2.bsm.dla.mil/Downloads/RFQ/Y/SPE4A526T454Y.PDF,https://www.dibbs.bsm.dla.mil/RFQ/RFQRec.aspx?sn=SPE4A526T454Y,https://www.dibbs.bsm.dla.mil/rfq/rfqrec.aspx?sn=SPE4A526T454Y,ACTUATOR,1,20260930T161156Z,4810-01-202-1144,"DIAPHRAGM,ACTUATOR VAL",V,332912,128.0,59364 | 3169646-1 | HONEYWELL INTERNATIONAL INC.,,2026-09-21,2026-09-28,ACTUATOR,DIBBS|SPE4A526T454Y|4810-01-202-1144,C07,Switches / Pushbuttons / Keyboards / Controls,ACTUATOR,ACTUATOR,True,core,broad keyword only,"Broad keyword only in modifier, item noun is 'DIAPHRAGM'"
SPE4A726T777C,1650-01-033-9803,SPE4A726T777C,09-21-2026,09-28-2026,2026-09-21 12:15:48,Origin,Origin,None,7018379346,https://dibbs2.bsm.dla.mil/Downloads/RFQ/C/SPE4A726T777C.PDF,https://www.dibbs.bsm.dla.mil/RFQ/RFQRec.aspx?sn=SPE4A726T777C,https://www.dibbs.bsm.dla.mil/rfq/rfqrec.aspx?sn=SPE4A726T777C,ACTUATOR,1,20260930T161156Z,1650-01-033-9803,"FITTING,ACTUATOR",D,336413,2.0,"78062 | 1779D2 | SARGENT AEROSPACE & DEFENSE, LLC",,2026-09-21,2026-09-28,ACTUATOR,DIBBS|SPE4A726T777C|1650-01-033-9803,C07,Switches / Pushbuttons / Keyboards / Controls,ACTUATOR,ACTUATOR,True,core,broad keyword only,"Broad keyword only in modifier, item noun is 'FITTING'"
SPE4A726T770A,1650-01-034-1194,SPE4A726T770A,09-21-2026,09-28-2026,2026-09-21 12:15:48,Origin,Destination,None,7018414452,https://dibbs2.bsm.dla.mil/Downloads/RFQ/A/SPE4A726T770A.PDF,https://www.dibbs.bsm.dla.mil/RFQ/RFQRec.aspx?sn=SPE4A726T770A,https://www.dibbs.bsm.dla.mil/rfq/rfqrec.aspx?sn=SPE4A726T770A,ACTUATOR,1,20260930T161156Z,1650-01-034-1194,"CAP ASSEMBLY,ACTUATOR",Q,336413,2.0,"78062 | 1828D1 | SARGENT AEROSPACE & DEFENSE, LLC",,2026-09-21,2026-09-28,ACTUATOR,DIBBS|SPE4A726T770A|1650-01-034-1194,C07,Switches / Pushbuttons / Keyboards / Controls,ACTUATOR,ACTUATOR,True,core,broad keyword only,"Broad keyword only in modifier, item noun is 'CAP ASSEMBLY'"
SPE4A726T770H,1650-01-033-9808,SPE4A726T770H,09-21-2026,09-28-2026,2026-09-21 12:15:48,Origin,Destination,None,7018414453,https://dibbs2.bsm.dla.mil/Downloads/RFQ/H/SPE4A726T770H.PDF,https://www.dibbs.bsm.dla.mil/RFQ/RFQRec.aspx?sn=SPE4A726T770H,https://www.dibbs.bsm.dla.mil/rfq/rfqrec.aspx?sn=SPE4A726T770H,ACTUATOR,1,20260930T161156Z,1650-01-033-9808,"CYLINDER,ACTUATOR",D,336413,7.0,"78062 | 1675C2 | SARGENT AEROSPACE & DEFENSE, LLC",,2026-09-21,2026-09-28,ACTUATOR,DIBBS|SPE4A726T770H|1650-01-033-9808,C07,Switches / Pushbuttons / Keyboards / Controls,ACTUATOR,ACTUATOR,True,core,broad keyword only,"Broad keyword only in modifier, item noun is 'CYLINDER'"
SPE4A526T442X,1680-00-650-9158,SPE4A526T442X,09-18-2026,09-25-2026,2026-09-17 04:43:22,Origin,Origin,None,7018391288,https://dibbs2.bsm.dla.mil/Downloads/RFQ/X/SPE4A526T442X.PDF,https://www.dibbs.bsm.dla.mil/RFQ/RFQRec.aspx?sn=SPE4A526T442X,https://www.dibbs.bsm.dla.mil/rfq/rfqrec.aspx?sn=SPE4A526T442X,ACTUATOR,1,20260930T161156Z,1680-00-650-9158,"PARTS KIT,ACTUATOR,",D,336413,11.0,70210 | 590335-3 | HONEYWELL INTERNATIONAL INC.,,2026-09-18,2026-09-25,ACTUATOR,DIBBS|SPE4A526T442X|1680-00-650-9158,C07,Switches / Pushbuttons / Keyboards / Controls,ACTUATOR,ACTUATOR,True,core,broad keyword only,"Broad keyword only in modifier, item noun is 'PARTS KIT'"
SPE4A626T32BG,1660-00-176-3178,SPE4A626T32BG,09-18-2026,09-25-2026,2026-09-17 04:43:22,Origin,Destination,None,7018391361,https://dibbs2.bsm.dla.mil/Downloads/RFQ/G/SPE4A626T32BG.PDF,https://www.dibbs.bsm.dla.mil/RFQ/RFQRec.aspx?sn=SPE4A626T32BG,https://www.dibbs.bsm.dla.mil/rfq/rfqrec.aspx?sn=SPE4A626T32BG,ACTUATOR,1,20260930T161156Z,1660-00-176-3178,"PARTS KIT,ACTUATOR",P,336411,3.0,"2N935 | 593563-1 | BOEING DISTRIBUTION SERVICES X, INC",,2026-09-18,2026-09-25,ACTUATOR,DIBBS|SPE4A626T32BG|1660-00-176-3178,C07,Switches / Pushbuttons / Keyboards / Controls,ACTUATOR,ACTUATOR,True,core,broad keyword only,"Broad keyword only in modifier, item noun is 'PARTS KIT'"
SPE4A126T2838,4820-01-363-7666,SPE4A126T2838,09-18-2026,09-25-2026,2026-09-17 04:43:22,Origin,Destination,None,7018391734,https://dibbs2.bsm.dla.mil/Downloads/RFQ/8/SPE4A126T2838.PDF,https://www.dibbs.bsm.dla.mil/RFQ/RFQRec.aspx?sn=SPE4A126T2838,https://www.dibbs.bsm.dla.mil/rfq/rfqrec.aspx?sn=SPE4A126T2838,ACTUATOR,1,20260930T161156Z,4820-01-363-7666,"DIAPHRAGM,ACTUATOR VAL",R,332911,10.0,"64547 | 135666-2 | HONEYWELL INTERNATIONAL, INC",,2026-09-18,2026-09-25,ACTUATOR,DIBBS|SPE4A126T2838|4820-01-363-7666,C07,Switches / Pushbuttons / Keyboards / Controls,ACTUATOR,ACTUATOR,True,core,broad keyword only,"Broad keyword only in modifier, item noun is 'DIAPHRAGM'"
SPE4A726T759M,1680-00-808-0748,SPE4A726T759M,09-18-2026,09-25-2026,2026-09-17 04:43:22,Origin,Destination,None,7018390378,https://dibbs2.bsm.dla.mil/Downloads/RFQ/M/SPE4A726T759M.PDF,https://www.dibbs.bsm.dla.mil/RFQ/RFQRec.aspx?sn=SPE4A726T759M,https://www.dibbs.bsm.dla.mil/rfq/rfqrec.aspx?sn=SPE4A726T759M,ACTUATOR,1,20260930T161156Z,1680-00-808-0748,"PARTS KIT,ACTUATOR",D,336413,4.0,"45934 | 303262-01 | ONTIC ENGINEERING & MANUFACTURING,",,2026-09-18,2026-09-25,ACTUATOR,DIBBS|SPE4A726T759M|1680-00-808-0748,C07,Switches / Pushbuttons / Keyboards / Controls,ACTUATOR,ACTUATOR,True,core,broad keyword only,"Broad keyword only in modifier, item noun is 'PARTS KIT'"
SPE4A726T758J,1650-00-712-1687,SPE4A726T758J,09-18-2026,09-25-2026,2026-09-17 04:43:22,Origin,Destination,None,7018391809,https://dibbs2.bsm.dla.mil/Downloads/RFQ/J/SPE4A726T758J.PDF,https://www.dibbs.bsm.dla.mil/RFQ/RFQRec.aspx?sn=SPE4A726T758J,https://www.dibbs.bsm.dla.mil/rfq/rfqrec.aspx?sn=SPE4A726T758J,ACTUATOR,1,20260930T161156Z,1650-00-712-1687,"PARTS KIT,ACTUATOR,",L,336413,6.0,73760 | 104685AN | ITT AEROSPACE CONTROLS LLC,,2026-09-18,2026-09-25,ACTUATOR,DIBBS|SPE4A726T758J|1650-00-712-1687,C07,Switches / Pushbuttons / Keyboards / Controls,ACTUATOR,ACTUATOR,True,core,broad keyword only,"Broad keyword only in modifier, item noun is 'PARTS KIT'"
SPE4A526T440X,4820-01-238-0961,SPE4A526T440X,09-18-2026,09-25-2026,2026-09-17 03:11:11,Origin,Origin,None,7018389742,https://dibbs2.bsm.dla.mil/Downloads/RFQ/X/SPE4A526T440X.PDF,https://www.dibbs.bsm.dla.mil/RFQ/RFQRec.aspx?sn=SPE4A526T440X,https://www.dibbs.bsm.dla.mil/rfq/rfqrec.aspx?sn=SPE4A526T440X,ACTUATOR,1,20260930T161156Z,4820-01-238-0961,"DIAPHRAGM,ACTUATOR VAL",D,332911,22.0,59364 | 3169646-2 | HONEYWELL INTERNATIONAL INC.,,2026-09-18,2026-09-25,ACTUATOR,DIBBS|SPE4A526T440X|4820-01-238-0961,C07,Switches / Pushbuttons / Keyboards / Controls,ACTUATOR,ACTUATOR,True,core,broad keyword only,"Broad keyword only in modifier, item noun is 'DIAPHRAGM'"
SPE4A526T434R,1660-01-032-1208,SPE4A526T434R,09-17-2026,09-24-2026,2026-09-16 05:29:45,Origin,Destination,None,7018379343,https://dibbs2.bsm.dla.mil/Downloads/RFQ/R/SPE4A526T434R.PDF,https://www.dibbs.bsm.dla.mil/RFQ/RFQRec.aspx?sn=SPE4A526T434R,https://www.dibbs.bsm.dla.mil/rfq/rfqrec.aspx?sn=SPE4A526T434R,ACTUATOR,1,20260930T161156Z,1660-01-032-1208,"COVER,ACTUATOR",P,336411,2.0,73030 | 740532-2 | HAMILTON SUNDSTRAND CORPORATION,,2026-09-17,2026-09-24,ACTUATOR,DIBBS|SPE4A526T434R|1660-01-032-1208,C07,Switches / Pushbuttons / Keyboards / Controls,ACTUATOR,ACTUATOR,True,core,broad keyword only,"Broad keyword only in modifier, item noun is 'COVER'"
SPE4A726T732W,1680-00-480-4876,SPE4A726T732W,09-11-2026,09-18-2026,2026-09-10 08:10:05,Origin,Origin,Tech,7017939893,https://dibbs2.bsm.dla.mil/Downloads/RFQ/W/SPE4A726T732W.PDF,https://www.dibbs.bsm.dla.mil/RFQ/RFQRec.aspx?sn=SPE4A726T732W,https://www.dibbs.bsm.dla.mil/rfq/rfqrec.aspx?sn=SPE4A726T732W,ACTUATOR,1,20260930T161156Z,1680-00-480-4876,"FITTING,ACTUATOR LA",R,336413,1.0,"78062 | 279055 | SARGENT AEROSPACE & DEFENSE, LLC",,2026-09-11,2026-09-18,ACTUATOR,DIBBS|SPE4A726T732W|1680-00-480-4876,C07,Switches / Pushbuttons / Keyboards / Controls,ACTUATOR,ACTUATOR,True,core,broad keyword only,"Broad keyword only in modifier, item noun is 'FITTING'"
SPE4A526T418A,4810-01-330-2628,SPE4A526T418A,09-10-2026,09-17-2026,2026-09-09 01:35:11,Origin,Destination,None,7018248784,https://dibbs2.bsm.dla.mil/Downloads/RFQ/A/SPE4A526T418A.PDF,https://www.dibbs.bsm.dla.mil/RFQ/RFQRec.aspx?sn=SPE4A526T418A,https://www.dibbs.bsm.dla.mil/rfq/rfqrec.aspx?sn=SPE4A526T418A,ACTUATOR,2,20260930T161213Z,4810-01-330-2628,"DIAPHRAGM,ACTUATOR VAL",Q,332912,2.0,73030 | 793358-1 | HAMILTON SUNDSTRAND CORPORATION,,2026-09-10,2026-09-17,ACTUATOR,DIBBS|SPE4A526T418A|4810-01-330-2628,C07,Switches / Pushbuttons / Keyboards / Controls,ACTUATOR,ACTUATOR,True,core,broad keyword only,"Broad keyword only in modifier, item noun is 'DIAPHRAGM'"
SPE4A626T28GQ,4820-01-666-2349,SPE4A626T28GQ,09-10-2026,09-17-2026,2026-09-09 12:07:58,Origin,Destination,None,7018247571,https://dibbs2.bsm.dla.mil/Downloads/RFQ/Q/SPE4A626T28GQ.PDF,https://www.dibbs.bsm.dla.mil/RFQ/RFQRec.aspx?sn=SPE4A626T28GQ,https://www.dibbs.bsm.dla.mil/rfq/rfqrec.aspx?sn=SPE4A626T28GQ,ACTUATOR,2,20260930T161213Z,4820-01-666-2349,"CLAMP,ACTUATOR",D,332911,2.0,90099 | 388B108FN23 | NORTHROP GRUMMAN SYSTEMS CORPORATIO,,2026-09-10,2026-09-17,ACTUATOR,DIBBS|SPE4A626T28GQ|4820-01-666-2349,C07,Switches / Pushbuttons / Keyboards / Controls,ACTUATOR,ACTUATOR,True,core,broad keyword only,"Broad keyword only in modifier, item noun is 'CLAMP'"
SPE4A526T412D,1680-01-170-5233,SPE4A526T412D,09-10-2026,09-17-2026,2026-09-09 04:27:55,Origin,Destination,None,7018248482,https://dibbs2.bsm.dla.mil/Downloads/RFQ/D/SPE4A526T412D.PDF,https://www.dibbs.bsm.dla.mil/RFQ/RFQRec.aspx?sn=SPE4A526T412D,https://www.dibbs.bsm.dla.mil/rfq/rfqrec.aspx?sn=SPE4A526T412D,ACTUATOR,2,20260930T161213Z,1680-01-170-5233,"SHAFT,ACTUATOR,SWIT",Q,336413,5.0,8V613 | 7-311514084-11 | THE BOEING COMPANY,,2026-09-10,2026-09-17,ACTUATOR,DIBBS|SPE4A526T412D|1680-01-170-5233,C07,Switches / Pushbuttons / Keyboards / Controls,ACTUATOR,ACTUATOR,True,core,broad keyword only,"Broad keyword only in modifier, item noun is 'SHAFT'"
SPE4A726T722G,1680-00-564-0638,SPE4A726T722G,09-10-2026,09-17-2026,2026-09-09 03:19:40,Origin,Destination,None,7018247767,https://dibbs2.bsm.dla.mil/Downloads/RFQ/G/SPE4A726T722G.PDF,https://www.dibbs.bsm.dla.mil/RFQ/RFQRec.aspx?sn=SPE4A726T722G,https://www.dibbs.bsm.dla.mil/rfq/rfqrec.aspx?sn=SPE4A726T722G,ACTUATOR,2,20260930T161213Z,1680-00-564-0638,"BODY ASSY,ACTUATOR",H,336413,4.0,"98889 | 367158 | AEROCONTROLEX GROUP, INC.",,2026-09-10,2026-09-17,ACTUATOR,DIBBS|SPE4A726T722G|1680-00-564-0638,C07,Switches / Pushbuttons / Keyboards / Controls,ACTUATOR,ACTUATOR,True,core,broad keyword only,"Broad keyword only in modifier, item noun is 'BODY ASSY'"
SPE7MC26T253N,4810-01-702-4379,SPE7MC26T253N,09-09-2026,09-21-2026,2026-09-09 12:18:55,Origin,Destination,None,7018024100,https://dibbs2.bsm.dla.mil/Downloads/RFQ/N/SPE7MC26T253N.PDF,https://www.dibbs.bsm.dla.mil/RFQ/RFQRec.aspx?sn=SPE7MC26T253N,https://www.dibbs.bsm.dla.mil/rfq/rfqrec.aspx?sn=SPE7MC26T253N,ACTUATOR,2,20260930T161213Z,4810-01-702-4379,"PLUNGER,ACTUATOR",Q,332911,1.0,"11859 | 7508194 | HUNT VALVE COMPANY, INC.",,2026-09-09,2026-09-21,ACTUATOR,DIBBS|SPE7MC26T253N|4810-01-702-4379,C07,Switches / Pushbuttons / Keyboards / Controls,ACTUATOR,ACTUATOR,True,core,broad keyword only,"Broad keyword only in modifier, item noun is 'PLUNGER'"
SPE7M226T6683,1720-00-536-4816,SPE7M226T6683,09-04-2026,09-14-2026,2026-09-03 03:38:38,Origin,Destination,Tech,7017441713,https://dibbs2.bsm.dla.mil/Downloads/RFQ/3/SPE7M226T6683.PDF,https://www.dibbs.bsm.dla.mil/RFQ/RFQRec.aspx?sn=SPE7M226T6683,https://www.dibbs.bsm.dla.mil/rfq/rfqrec.aspx?sn=SPE7M226T6683,ACTUATOR,2,20260930T161213Z,1720-00-536-4816,"LEVER,ACTUATOR,HYDRAUL",G,333998,3.0,,,2026-09-04,2026-09-14,ACTUATOR,DIBBS|SPE7M226T6683|1720-00-536-4816,C07,Switches / Pushbuttons / Keyboards / Controls,ACTUATOR,ACTUATOR,True,core,broad keyword only,"Broad keyword only in modifier, item noun is 'LEVER'"
SPE7MC26T246Y,4820-01-483-8762,SPE7MC26T246Y,09-02-2026,09-14-2026,2026-09-01 11:39:16,Origin,Destination,None,7018069449,https://dibbs2.bsm.dla.mil/Downloads/RFQ/Y/SPE7MC26T246Y.PDF,https://www.dibbs.bsm.dla.mil/RFQ/RFQRec.aspx?sn=SPE7MC26T246Y,https://www.dibbs.bsm.dla.mil/rfq/rfqrec.aspx?sn=SPE7MC26T246Y,ACTUATOR,2,20260930T161213Z,4820-01-483-8762,"DIAPHRAGM,ACTUATOR VAL",D,332911,42.0,"5DS05 | 1001-81 | HOUSE OF SCUBA, INC.",,2026-09-02,2026-09-14,ACTUATOR,DIBBS|SPE7MC26T246Y|4820-01-483-8762,C07,Switches / Pushbuttons / Keyboards / Controls,ACTUATOR,ACTUATOR,True,core,broad keyword only,"Broad keyword only in modifier, item noun is 'DIAPHRAGM'"
SPE7M026T064E,4820-01-666-2349,SPE7M026T064E,08-31-2026,09-08-2026,2026-08-30 03:26:26,Origin,Destination,None,7018016243,https://dibbs2.bsm.dla.mil/Downloads/RFQ/E/SPE7M026T064E.PDF,https://www.dibbs.bsm.dla.mil/RFQ/RFQRec.aspx?sn=SPE7M026T064E,https://www.dibbs.bsm.dla.mil/rfq/rfqrec.aspx?sn=SPE7M026T064E,ACTUATOR,2,20260930T161213Z,4820-01-666-2349,"CLAMP,ACTUATOR",D,332911,2.0,90099 | 388B108FN23 | NORTHROP GRUMMAN SYSTEMS CORPORATIO,,2026-08-31,2026-09-08,ACTUATOR,DIBBS|SPE7M026T064E|4820-01-666-2349,C07,Switches / Pushbuttons / Keyboards / Controls,ACTUATOR,ACTUATOR,True,core,broad keyword only,"Broad keyword only in modifier, item noun is 'CLAMP'"
SPE4A726T704H,1660-01-020-0476,SPE4A726T704H,08-31-2026,09-08-2026,2026-08-30 03:26:25,Origin,Origin,Tech,7016470238,https://dibbs2.bsm.dla.mil/Downloads/RFQ/H/SPE4A726T704H.PDF,https://www.dibbs.bsm.dla.mil/RFQ/RFQRec.aspx?sn=SPE4A726T704H,https://www.dibbs.bsm.dla.mil/rfq/rfqrec.aspx?sn=SPE4A726T704H,ACTUATOR,2,20260930T161213Z,1660-01-020-0476,"PARTS KIT,ACTUATOR",G,336411,2.0,,,2026-08-31,2026-09-08,ACTUATOR; BOX,DIBBS|SPE4A726T704H|1660-01-020-0476,C07,Switches / Pushbuttons / Keyboards / Controls,ACTUATOR,ACTUATOR,True,core,broad keyword only,"Broad keyword only in modifier, item noun is 'PARTS KIT'"
SPE4A526T357J,2915-00-445-6622,SPE4A526T357J,08-17-2026,08-28-2026,2026-08-26 11:54:21,Origin,Destination,None,7017912076,https://dibbs2.bsm.dla.mil/Downloads/RFQ/J/SPE4A526T357J.PDF,https://www.dibbs.bsm.dla.mil/RFQ/RFQRec.aspx?sn=SPE4A526T357J,https://www.dibbs.bsm.dla.mil/rfq/rfqrec.aspx?sn=SPE4A526T357J,ACTUATOR,2,20260930T161213Z,2915-00-445-6622,"PARTS KIT,ACTUATOR",P,336412,30.0,79318 | 50497-2 | MEGGITT NORTH HOLLYWOOD INC,,2026-08-17,2026-08-28,ACTUATOR,DIBBS|SPE4A526T357J|2915-00-445-6622,C07,Switches / Pushbuttons / Keyboards / Controls,ACTUATOR,ACTUATOR,True,core,broad keyword only,"Broad keyword only in modifier, item noun is 'PARTS KIT'"
SPE7MC26T205G,4820-00-757-2970,SPE7MC26T205G,08-21-2026,08-31-2026,2026-08-22 11:29:04,Origin,Destination,None,7017984730,https://dibbs2.bsm.dla.mil/Downloads/RFQ/G/SPE7MC26T205G.PDF,https://www.dibbs.bsm.dla.mil/RFQ/RFQRec.aspx?sn=SPE7MC26T205G,https://www.dibbs.bsm.dla.mil/rfq/rfqrec.aspx?sn=SPE7MC26T205G,ACTUATOR,2,20260930T161213Z,4820-00-757-2970,"DIAPHRAGM,ACTUATOR VAL",D,332911,60.0,"35795 | 29708 | LESLIE CONTROLS, INC.",,2026-08-21,2026-08-31,ACTUATOR,DIBBS|SPE7MC26T205G|4820-00-757-2970,C07,Switches / Pushbuttons / Keyboards / Controls,ACTUATOR,ACTUATOR,True,core,broad keyword only,"Broad keyword only in modifier, item noun is 'DIAPHRAGM'"
SPE7MC26T205D,4820-00-678-8528,SPE7MC26T205D,08-21-2026,08-31-2026,2026-08-22 11:29:04,Origin,Destination,None,7017983360,https://dibbs2.bsm.dla.mil/Downloads/RFQ/D/SPE7MC26T205D.PDF,https://www.dibbs.bsm.dla.mil/RFQ/RFQRec.aspx?sn=SPE7MC26T205D,https://www.dibbs.bsm.dla.mil/rfq/rfqrec.aspx?sn=SPE7MC26T205D,ACTUATOR,2,20260930T161213Z,4820-00-678-8528,"DIAPHRAGM,ACTUATOR VAL",C,332911,18.0,"35795 | 3602694 | LESLIE CONTROLS, INC.",,2026-08-21,2026-08-31,ACTUATOR,DIBBS|SPE7MC26T205D|4820-00-678-8528,C07,Switches / Pushbuttons / Keyboards / Controls,ACTUATOR,ACTUATOR,True,core,broad keyword only,"Broad keyword only in modifier, item noun is 'DIAPHRAGM'"
SPE4A526T3798,4810-01-214-3708,SPE4A526T3798,11-19-2025,11-26-2025,2026-08-21 02:41:27,Origin,Destination,Tech,7014486977,https://dibbs2.bsm.dla.mil/Downloads/RFQ/8/SPE4A526T3798.PDF,https://www.dibbs.bsm.dla.mil/RFQ/RFQRec.aspx?sn=SPE4A526T3798,https://www.dibbs.bsm.dla.mil/rfq/rfqrec.aspx?sn=SPE4A526T3798,ACTUATOR,2,20260930T161213Z,4810-01-214-3708,"DIAPHRAGM,ACTUATOR",B,332912,33.0,73030 | 597875 | HAMILTON SUNDSTRAND CORPORATION,,2025-11-19,2025-11-26,ACTUATOR,DIBBS|SPE4A526T3798|4810-01-214-3708,C07,Switches / Pushbuttons / Keyboards / Controls,ACTUATOR,ACTUATOR,True,core,broad keyword only,"Broad keyword only in modifier, item noun is 'DIAPHRAGM'"
SPE7L025Q0064,5330-01-190-0903,SPE7L025Q0064,11-25-2024,12-02-2024,2026-08-21 02:41:27,Origin,Destination,None,7008752007,https://dibbs2.bsm.dla.mil/Downloads/RFQ/4/SPE7L025Q0064.PDF,https://www.dibbs.bsm.dla.mil/RFQ/RFQRec.aspx?sn=SPE7L025Q0064,https://www.dibbs.bsm.dla.mil/rfq/rfqrec.aspx?sn=SPE7L025Q0064,ACTUATOR,2,20260930T161213Z,5330-01-190-0903,"SEAL,TUBE,ACTUATOR",R,339991,6.0,70236 | 367471-112-01 | TACTAIR FLUID CONTROLS INC,,2024-11-25,2024-12-02,ACTUATOR; FUEL,DIBBS|SPE7L025Q0064|5330-01-190-0903,C07,Switches / Pushbuttons / Keyboards / Controls,ACTUATOR,ACTUATOR,True,core,broad keyword only,"Broad keyword only in modifier, item noun is 'SEAL'"
SPE4A526T355H,1650-01-013-2872,SPE4A526T355H,08-14-2026,08-21-2026,2026-08-21 02:41:27,Origin,Destination,None,7017837361,https://dibbs2.bsm.dla.mil/Downloads/RFQ/H/SPE4A526T355H.PDF,https://www.dibbs.bsm.dla.mil/RFQ/RFQRec.aspx?sn=SPE4A526T355H,https://www.dibbs.bsm.dla.mil/rfq/rfqrec.aspx?sn=SPE4A526T355H,ACTUATOR,2,20260930T161213Z,1650-01-013-2872,"SEAT,ACTUATOR",C,336413,18.0,82106 | 2712560 | PARKER-HANNIFIN CORPORATION,,2026-08-14,2026-08-21,ACTUATOR,DIBBS|SPE4A526T355H|1650-01-013-2872,C07,Switches / Pushbuttons / Keyboards / Controls,ACTUATOR,ACTUATOR,True,core,broad keyword only,"Broad keyword only in modifier, item noun is 'SEAT'"
SPE7MC26T9204,4820-00-316-3716,SPE7MC26T9204,05-04-2026,05-14-2026,2026-08-21 02:41:27,Origin,Origin,None,7015905082,https://dibbs2.bsm.dla.mil/Downloads/RFQ/4/SPE7MC26T9204.PDF,https://www.dibbs.bsm.dla.mil/RFQ/RFQRec.aspx?sn=SPE7MC26T9204,https://www.dibbs.bsm.dla.mil/rfq/rfqrec.aspx?sn=SPE7MC26T9204,ACTUATOR,2,20260930T161213Z,4820-00-316-3716,"DIAPHRAGM,ACTUATOR",P,332911,21.0,00198 | 3103347-01 | PRATT & WHITNEY CANADA CORP,,2026-05-04,2026-05-14,ACTUATOR,DIBBS|SPE7MC26T9204|4820-00-316-3716,C07,Switches / Pushbuttons / Keyboards / Controls,ACTUATOR,ACTUATOR,True,core,broad keyword only,"Broad keyword only in modifier, item noun is 'DIAPHRAGM'"
SPE7MC26T8637,4810-00-389-4579,SPE7MC26T8637,04-24-2026,05-04-2026,2026-08-21 02:41:27,Origin,Destination,None,7016486061,https://dibbs2.bsm.dla.mil/Downloads/RFQ/7/SPE7MC26T8637.PDF,https://www.dibbs.bsm.dla.mil/RFQ/RFQRec.aspx?sn=SPE7MC26T8637,https://www.dibbs.bsm.dla.mil/rfq/rfqrec.aspx?sn=SPE7MC26T8637,ACTUATOR,2,20260930T161213Z,4810-00-389-4579,"DIAPHRAGM,ACTUATOR",D,332912,32.0,"35795 | N11091 | LESLIE CONTROLS, INC.",,2026-04-24,2026-05-04,ACTUATOR,DIBBS|SPE7MC26T8637|4810-00-389-4579,C07,Switches / Pushbuttons / Keyboards / Controls,ACTUATOR,ACTUATOR,True,core,broad keyword only,"Broad keyword only in modifier, item noun is 'DIAPHRAGM'"
SPE7MC26T6024,4810-01-600-7433,SPE7MC26T6024,02-26-2026,03-09-2026,2026-08-21 02:41:27,Origin,Origin,Tech,7015688620,https://dibbs2.bsm.dla.mil/Downloads/RFQ/4/SPE7MC26T6024.PDF,https://www.dibbs.bsm.dla.mil/RFQ/RFQRec.aspx?sn=SPE7MC26T6024,https://www.dibbs.bsm.dla.mil/rfq/rfqrec.aspx?sn=SPE7MC26T6024,ACTUATOR,2,20260930T161213Z,4810-01-600-7433,"PLUNGER,ACTUATOR",G,332919,3.0,,,2026-02-26,2026-03-09,ACTUATOR,DIBBS|SPE7MC26T6024|4810-01-600-7433,C07,Switches / Pushbuttons / Keyboards / Controls,ACTUATOR,ACTUATOR,True,core,broad keyword only,"Broad keyword only in modifier, item noun is 'PLUNGER'"
SPE7L526T4735,4730-00-549-3599,SPE7L526T4735,08-03-2026,08-13-2026,2026-08-21 02:41:27,Origin,Destination,None,7014261117,https://dibbs2.bsm.dla.mil/Downloads/RFQ/5/SPE7L526T4735.PDF,https://www.dibbs.bsm.dla.mil/RFQ/RFQRec.aspx?sn=SPE7L526T4735,https://www.dibbs.bsm.dla.mil/rfq/rfqrec.aspx?sn=SPE7L526T4735,ACTUATOR,2,20260930T161213Z,4730-00-549-3599,"PLUG,ACTUATOR",C,332996,50.0,81873 | 41001053 | WOODWARD HRT INC,,2026-08-03,2026-08-13,ACTUATOR,DIBBS|SPE7L526T4735|4730-00-549-3599,C07,Switches / Pushbuttons / Keyboards / Controls,ACTUATOR,ACTUATOR,True,core,broad keyword only,"Broad keyword only in modifier, item noun is 'PLUG'"
SPE7L426T3904,1005-01-507-7351,SPE7L426T3904,04-23-2026,05-04-2026,2026-08-21 02:41:27,Origin,Origin,Tech,7015891933,https://dibbs2.bsm.dla.mil/Downloads/RFQ/4/SPE7L426T3904.PDF,https://www.dibbs.bsm.dla.mil/RFQ/RFQRec.aspx?sn=SPE7L426T3904,https://www.dibbs.bsm.dla.mil/rfq/rfqrec.aspx?sn=SPE7L426T3904,ACTUATOR,2,20260930T161213Z,1005-01-507-7351,"ARM,ACTUATOR",G,332994,10.0,,,2026-04-23,2026-05-04,ACTUATOR,DIBBS|SPE7L426T3904|1005-01-507-7351,C07,Switches / Pushbuttons / Keyboards / Controls,ACTUATOR,ACTUATOR,True,core,broad keyword only,"Broad keyword only in modifier, item noun is 'ARM'"
SPE7M326T7514,4730-00-548-2586,SPE7M326T7514,07-17-2026,07-27-2026,2026-08-21 02:41:27,Origin,Origin,None,7014958354,https://dibbs2.bsm.dla.mil/Downloads/RFQ/4/SPE7M326T7514.PDF,https://www.dibbs.bsm.dla.mil/RFQ/RFQRec.aspx?sn=SPE7M326T7514,https://www.dibbs.bsm.dla.mil/rfq/rfqrec.aspx?sn=SPE7M326T7514,ACTUATOR,2,20260930T161213Z,4730-00-548-2586,"PLUG,ACTUATOR",P,332996,2.0,81873 | 41001558 | WOODWARD HRT INC,,2026-07-17,2026-07-27,ACTUATOR,DIBBS|SPE7M326T7514|4730-00-548-2586,C07,Switches / Pushbuttons / Keyboards / Controls,ACTUATOR,ACTUATOR,True,core,broad keyword only,"Broad keyword only in modifier, item noun is 'PLUG'"
SPE4A725T816B,1650-01-033-9831,SPE4A725T816B,09-04-2025,09-11-2025,2026-08-21 02:41:27,Origin,Destination,None,7013065240,https://dibbs2.bsm.dla.mil/Downloads/RFQ/B/SPE4A725T816B.PDF,https://www.dibbs.bsm.dla.mil/RFQ/RFQRec.aspx?sn=SPE4A725T816B,https://www.dibbs.bsm.dla.mil/rfq/rfqrec.aspx?sn=SPE4A725T816B,ACTUATOR,2,20260930T161213Z,1650-01-033-9831,"FITTING,ACTUATOR",R,336413,2.0,"78062 | 1778D4-1 | SARGENT AEROSPACE & DEFENSE, LLC",,2025-09-04,2025-09-11,ACTUATOR,DIBBS|SPE4A725T816B|1650-01-033-9831,C07,Switches / Pushbuttons / Keyboards / Controls,ACTUATOR,ACTUATOR,True,core,broad keyword only,"Broad keyword only in modifier, item noun is 'FITTING'"
SPE7MC26T8368,4820-00-781-0343,SPE7MC26T8368,04-21-2026,05-01-2026,2026-08-21 02:41:27,Origin,Destination,None,7011992606,https://dibbs2.bsm.dla.mil/Downloads/RFQ/8/SPE7MC26T8368.PDF,https://www.dibbs.bsm.dla.mil/RFQ/RFQRec.aspx?sn=SPE7MC26T8368,https://www.dibbs.bsm.dla.mil/rfq/rfqrec.aspx?sn=SPE7MC26T8368,ACTUATOR,2,20260930T161213Z,4820-00-781-0343,"DIAPHRAGM,ACTUATOR",C,332911,12.0,99193 | 2-160-288-05 | HONEYWELL INTERNATIONAL INC.,,2026-04-21,2026-05-01,ACTUATOR,DIBBS|SPE7MC26T8368|4820-00-781-0343,C07,Switches / Pushbuttons / Keyboards / Controls,ACTUATOR,ACTUATOR,True,core,broad keyword only,"Broad keyword only in modifier, item noun is 'DIAPHRAGM'"
SPE7MC26T6798,4820-00-316-3716,SPE7MC26T6798,03-18-2026,03-30-2026,2026-08-21 02:41:27,Origin,Origin,None,7012716010,https://dibbs2.bsm.dla.mil/Downloads/RFQ/8/SPE7MC26T6798.PDF,https://www.dibbs.bsm.dla.mil/RFQ/RFQRec.aspx?sn=SPE7MC26T6798,https://www.dibbs.bsm.dla.mil/rfq/rfqrec.aspx?sn=SPE7MC26T6798,ACTUATOR,2,20260930T161213Z,4820-00-316-3716,"DIAPHRAGM,ACTUATOR",P,332911,38.0,00198 | 3103347-01 | PRATT & WHITNEY CANADA CORP,,2026-03-18,2026-03-30,ACTUATOR,DIBBS|SPE7MC26T6798|4820-00-316-3716,C07,Switches / Pushbuttons / Keyboards / Controls,ACTUATOR,ACTUATOR,True,core,broad keyword only,"Broad keyword only in modifier, item noun is 'DIAPHRAGM'"
SPE7MC26T092Y,4820-01-389-0366,SPE7MC26T092Y,06-22-2026,07-02-2026,2026-08-21 02:41:27,Origin,Destination,None,7004818679,https://dibbs2.bsm.dla.mil/Downloads/RFQ/Y/SPE7MC26T092Y.PDF,https://www.dibbs.bsm.dla.mil/RFQ/RFQRec.aspx?sn=SPE7MC26T092Y,https://www.dibbs.bsm.dla.mil/rfq/rfqrec.aspx?sn=SPE7MC26T092Y,ACTUATOR,3,20260930T161230Z,4820-01-389-0366,"DIAPHRAGM,ACTUATOR",L,332911,6.0,"35795 | N42831 | LESLIE CONTROLS, INC.",,2026-06-22,2026-07-02,ACTUATOR,DIBBS|SPE7MC26T092Y|4820-01-389-0366,C07,Switches / Pushbuttons / Keyboards / Controls,ACTUATOR,ACTUATOR,True,core,broad keyword only,"Broad keyword only in modifier, item noun is 'DIAPHRAGM'"
SPE7M426T184Q,4320-01-218-6090,SPE7M426T184Q,06-16-2026,07-13-2026,2026-08-21 02:41:27,Origin,Destination,None,7017189561,https://dibbs2.bsm.dla.mil/Downloads/RFQ/Q/SPE7M426T184Q.PDF,https://www.dibbs.bsm.dla.mil/RFQ/RFQRec.aspx?sn=SPE7M426T184Q,https://www.dibbs.bsm.dla.mil/rfq/rfqrec.aspx?sn=SPE7M426T184Q,ACTUATOR,3,20260930T161230Z,4320-01-218-6090,"SLEEVE,ACTUATOR PIS",D,333914,68.0,"62983 | 622750 | EATON AEROSPACE, LLC",,2026-06-16,2026-07-13,ACTUATOR,DIBBS|SPE7M426T184Q|4320-01-218-6090,C07,Switches / Pushbuttons / Keyboards / Controls,ACTUATOR,ACTUATOR,True,core,broad keyword only,"Broad keyword only in modifier, item noun is 'SLEEVE'"
SPE4A626T14XC,1650-01-036-6461,SPE4A626T14XC,08-12-2026,08-19-2026,2026-08-21 02:41:27,Origin,Origin,None,7017837671,https://dibbs2.bsm.dla.mil/Downloads/RFQ/C/SPE4A626T14XC.PDF,https://www.dibbs.bsm.dla.mil/RFQ/RFQRec.aspx?sn=SPE4A626T14XC,https://www.dibbs.bsm.dla.mil/rfq/rfqrec.aspx?sn=SPE4A626T14XC,ACTUATOR,3,20260930T161230Z,1650-01-036-6461,"TUBE,ACTUATOR,HYDRA",D,336413,4.0,"78062 | 1674B1-1 | SARGENT AEROSPACE & DEFENSE, LLC",,2026-08-12,2026-08-19,ACTUATOR,DIBBS|SPE4A626T14XC|1650-01-036-6461,C07,Switches / Pushbuttons / Keyboards / Controls,ACTUATOR,ACTUATOR,True,core,broad keyword only,"Broad keyword only in modifier, item noun is 'TUBE'"
SPE4A526T371Z,1560-00-759-6895,SPE4A526T371Z,08-19-2026,08-26-2026,2026-08-21 02:41:27,Origin,Destination,None,7017940092,https://dibbs2.bsm.dla.mil/Downloads/RFQ/Z/SPE4A526T371Z.PDF,https://www.dibbs.bsm.dla.mil/RFQ/RFQRec.aspx?sn=SPE4A526T371Z,https://www.dibbs.bsm.dla.mil/rfq/rfqrec.aspx?sn=SPE4A526T371Z,ACTUATOR,3,20260930T161230Z,1560-00-759-6895,"RIB,ACTUATOR,INBOARD S",P,336413,3.0,81205 | 5-84003-504 | THE BOEING COMPANY,,2026-08-19,2026-08-26,ACTUATOR,DIBBS|SPE4A526T371Z|1560-00-759-6895,C07,Switches / Pushbuttons / Keyboards / Controls,ACTUATOR,ACTUATOR,True,core,broad keyword only,"Broad keyword only in modifier, item noun is 'RIB'"
SPE4A726T568U,1680-00-332-6388,SPE4A726T568U,07-15-2026,07-22-2026,2026-08-21 02:41:27,Origin,Origin,None,7017487386,https://dibbs2.bsm.dla.mil/Downloads/RFQ/U/SPE4A726T568U.PDF,https://www.dibbs.bsm.dla.mil/RFQ/RFQRec.aspx?sn=SPE4A726T568U,https://www.dibbs.bsm.dla.mil/rfq/rfqrec.aspx?sn=SPE4A726T568U,ACTUATOR,3,20260930T161230Z,1680-00-332-6388,"YOKE,ACTUATOR",P,336413,3.0,,,2026-07-15,2026-07-22,ACTUATOR,DIBBS|SPE4A726T568U|1680-00-332-6388,C07,Switches / Pushbuttons / Keyboards / Controls,ACTUATOR,ACTUATOR,True,core,broad keyword only,"Broad keyword only in modifier, item noun is 'YOKE'"
SPE4A526T6728,1680-00-798-9384,SPE4A526T6728,01-14-2026,01-21-2026,2026-08-21 02:41:27,Origin,Destination,None,7015111467,https://dibbs2.bsm.dla.mil/Downloads/RFQ/8/SPE4A526T6728.PDF,https://www.dibbs.bsm.dla.mil/RFQ/RFQRec.aspx?sn=SPE4A526T6728,https://www.dibbs.bsm.dla.mil/rfq/rfqrec.aspx?sn=SPE4A526T6728,ACTUATOR,3,20260930T161230Z,1680-00-798-9384,"PARTS KIT,ACTUATOR,",R,336413,3.0,"0SML3 | 590414-3 | AERO INTERNATIONAL, LLC",,2026-01-14,2026-01-21,ACTUATOR,DIBBS|SPE4A526T6728|1680-00-798-9384,C07,Switches / Pushbuttons / Keyboards / Controls,ACTUATOR,ACTUATOR,True,core,broad keyword only,"Broad keyword only in modifier, item noun is 'PARTS KIT'"
SPE4A526T242E,1660-00-968-8623,SPE4A526T242E,06-17-2026,06-24-2026,2026-08-21 02:41:27,Origin,Destination,None,7017200247,https://dibbs2.bsm.dla.mil/Downloads/RFQ/E/SPE4A526T242E.PDF,https://www.dibbs.bsm.dla.mil/RFQ/RFQRec.aspx?sn=SPE4A526T242E,https://www.dibbs.bsm.dla.mil/rfq/rfqrec.aspx?sn=SPE4A526T242E,ACTUATOR,3,20260930T161230Z,1660-00-968-8623,"BODY,ACTUATOR",P,336411,3.0,59364 | 112761-1 | HONEYWELL INTERNATIONAL INC.,,2026-06-17,2026-06-24,ACTUATOR,DIBBS|SPE4A526T242E|1660-00-968-8623,C07,Switches / Pushbuttons / Keyboards / Controls,ACTUATOR,ACTUATOR,True,core,broad keyword only,"Broad keyword only in modifier, item noun is 'BODY'"
SPE7MC26T162R,4810-01-600-7433,SPE7MC26T162R,07-31-2026,08-10-2026,2026-08-21 02:41:27,Origin,Origin,Tech,7017697685,https://dibbs2.bsm.dla.mil/Downloads/RFQ/R/SPE7MC26T162R.PDF,https://www.dibbs.bsm.dla.mil/RFQ/RFQRec.aspx?sn=SPE7MC26T162R,https://www.dibbs.bsm.dla.mil/rfq/rfqrec.aspx?sn=SPE7MC26T162R,ACTUATOR,3,20260930T161230Z,4810-01-600-7433,"PLUNGER,ACTUATOR",G,332919,24.0,,,2026-07-31,2026-08-10,ACTUATOR,DIBBS|SPE7MC26T162R|4810-01-600-7433,C07,Switches / Pushbuttons / Keyboards / Controls,ACTUATOR,ACTUATOR,True,core,broad keyword only,"Broad keyword only in modifier, item noun is 'PLUNGER'"
SPE7MC26T0239,4820-00-630-9271,SPE7MC26T0239,10-10-2025,10-20-2025,2026-08-21 02:41:27,Origin,Destination,None,7014131872,https://dibbs2.bsm.dla.mil/Downloads/RFQ/9/SPE7MC26T0239.PDF,https://www.dibbs.bsm.dla.mil/RFQ/RFQRec.aspx?sn=SPE7MC26T0239,https://www.dibbs.bsm.dla.mil/rfq/rfqrec.aspx?sn=SPE7MC26T0239,ACTUATOR,3,20260930T161230Z,4820-00-630-9271,"DIAPHRAGM,ACTUATOR",C,332911,2.0,"35795 | 3780994 | LESLIE CONTROLS, INC.",,2025-10-10,2025-10-20,ACTUATOR,DIBBS|SPE7MC26T0239|4820-00-630-9271,C07,Switches / Pushbuttons / Keyboards / Controls,ACTUATOR,ACTUATOR,True,core,broad keyword only,"Broad keyword only in modifier, item noun is 'DIAPHRAGM'"
SPE7L126T383N,4810-01-196-6147,SPE7L126T383N,04-17-2026,04-27-2026,2026-08-21 02:41:27,Origin,Origin,Tech,7003232591,https://dibbs2.bsm.dla.mil/Downloads/RFQ/N/SPE7L126T383N.PDF,https://www.dibbs.bsm.dla.mil/RFQ/RFQRec.aspx?sn=SPE7L126T383N,https://www.dibbs.bsm.dla.mil/rfq/rfqrec.aspx?sn=SPE7L126T383N,ACTUATOR,3,20260930T161230Z,4810-01-196-6147,"DIAPHRAGM,ACTUATOR",G,332912,385.0,,,2026-04-17,2026-04-27,ACTUATOR,DIBBS|SPE7L126T383N|4810-01-196-6147,C07,Switches / Pushbuttons / Keyboards / Controls,ACTUATOR,ACTUATOR,True,core,broad keyword only,"Broad keyword only in modifier, item noun is 'DIAPHRAGM'"
SPE4A726T8153,1680-00-632-4815,SPE4A726T8153,01-23-2026,01-30-2026,2026-08-21 02:41:27,Origin,Origin,None,7007980421,https://dibbs2.bsm.dla.mil/Downloads/RFQ/3/SPE4A726T8153.PDF,https://www.dibbs.bsm.dla.mil/RFQ/RFQRec.aspx?sn=SPE4A726T8153,https://www.dibbs.bsm.dla.mil/rfq/rfqrec.aspx?sn=SPE4A726T8153,ACTUATOR,3,20260930T161230Z,1680-00-632-4815,"PARTS KIT,ACTUATOR,",D,333995,9.0,"45934 | 125965-01 | ONTIC ENGINEERING & MANUFACTURING,",,2026-01-23,2026-01-30,ACTUATOR,DIBBS|SPE4A726T8153|1680-00-632-4815,C07,Switches / Pushbuttons / Keyboards / Controls,ACTUATOR,ACTUATOR,True,core,broad keyword only,"Broad keyword only in modifier, item noun is 'PARTS KIT'"
SPE4A726T616U,1620-01-161-8350,SPE4A726T616U,08-05-2026,08-12-2026,2026-08-21 02:41:27,Origin,Destination,Tech,7017740860,https://dibbs2.bsm.dla.mil/Downloads/RFQ/U/SPE4A726T616U.PDF,https://www.dibbs.bsm.dla.mil/RFQ/RFQRec.aspx?sn=SPE4A726T616U,https://www.dibbs.bsm.dla.mil/rfq/rfqrec.aspx?sn=SPE4A726T616U,ACTUATOR,3,20260930T161230Z,1620-01-161-8350,"ADAPTER,ACTUATOR",C,336413,25.0,"45934 | 2012A76 | ONTIC ENGINEERING & MANUFACTURING,",,2026-08-05,2026-08-12,ACTUATOR,DIBBS|SPE4A726T616U|1620-01-161-8350,C07,Switches / Pushbuttons / Keyboards / Controls,ACTUATOR,ACTUATOR,True,core,broad keyword only,"Broad keyword only in modifier, item noun is 'ADAPTER'"
SPE4A726T528R,1680-00-691-6748,SPE4A726T528R,06-24-2026,07-07-2026,2026-08-21 02:41:27,Origin,Origin,None,7017272042,https://dibbs2.bsm.dla.mil/Downloads/RFQ/R/SPE4A726T528R.PDF,https://www.dibbs.bsm.dla.mil/RFQ/RFQRec.aspx?sn=SPE4A726T528R,https://www.dibbs.bsm.dla.mil/rfq/rfqrec.aspx?sn=SPE4A726T528R,ACTUATOR,3,20260930T161230Z,1680-00-691-6748,"SHAFT ASSY,ACTUATOR",D,336413,2.0,"08719 | 3034 | DUCOMMUN LABARGE TECHNOLOGIES, INC",,2026-06-24,2026-07-07,ACTUATOR,DIBBS|SPE4A726T528R|1680-00-691-6748,C07,Switches / Pushbuttons / Keyboards / Controls,ACTUATOR,ACTUATOR,True,core,broad keyword only,"Broad keyword only in modifier, item noun is 'SHAFT ASSY'"
SPE4A526T217H,1680-00-075-3638,SPE4A526T217H,06-09-2026,06-16-2026,2026-08-21 02:41:27,Origin,Origin,Tech,7016846435,https://dibbs2.bsm.dla.mil/Downloads/RFQ/H/SPE4A526T217H.PDF,https://www.dibbs.bsm.dla.mil/RFQ/RFQRec.aspx?sn=SPE4A526T217H,https://www.dibbs.bsm.dla.mil/rfq/rfqrec.aspx?sn=SPE4A526T217H,ACTUATOR,3,20260930T161230Z,1680-00-075-3638,"POWERNUT,ACTUATOR",P,336413,24.0,70210 | 528808 | HONEYWELL INTERNATIONAL INC.,,2026-06-09,2026-06-16,ACTUATOR,DIBBS|SPE4A526T217H|1680-00-075-3638,C07,Switches / Pushbuttons / Keyboards / Controls,ACTUATOR,ACTUATOR,True,core,broad keyword only,"Broad keyword only in modifier, item noun is 'POWERNUT'"
SPE7MC26T2404,4820-01-599-1699,SPE7MC26T2404,11-21-2025,08-04-2026,2026-08-21 02:41:27,Origin,Destination,None,7011807185,https://dibbs2.bsm.dla.mil/Downloads/RFQ/4/SPE7MC26T2404.PDF,https://www.dibbs.bsm.dla.mil/RFQ/RFQRec.aspx?sn=SPE7MC26T2404,https://www.dibbs.bsm.dla.mil/rfq/rfqrec.aspx?sn=SPE7MC26T2404,ACTUATOR,3,20260930T161230Z,4820-01-599-1699,"NRP,ACTUATOR,1P VSV",Q,332911,2.0,"07309 | 9908-023 | BIRD-JOHNSON PROPELLER COMPANY, LLC",,2025-11-21,2026-08-04,ACTUATOR,DIBBS|SPE7MC26T2404|4820-01-599-1699,C07,Switches / Pushbuttons / Keyboards / Controls,ACTUATOR,ACTUATOR,True,core,broad keyword only,"Broad keyword only in modifier, item noun is 'NRP'"
SPE7MC26T2334,4810-01-641-9472,SPE7MC26T2334,11-21-2025,12-09-2025,2026-08-21 02:41:27,Origin,Destination,None,7014582447,https://dibbs2.bsm.dla.mil/Downloads/RFQ/4/SPE7MC26T2334.PDF,https://www.dibbs.bsm.dla.mil/RFQ/RFQRec.aspx?sn=SPE7MC26T2334,https://www.dibbs.bsm.dla.mil/rfq/rfqrec.aspx?sn=SPE7MC26T2334,ACTUATOR,3,20260930T161230Z,4810-01-641-9472,"PLUNGER,ACTUATOR",D,336310,74.0,96487 | V44703-329-1 | VALCOR ENGINEERING CORPORATION,,2025-11-21,2025-12-09,ACTUATOR,DIBBS|SPE7MC26T2334|4810-01-641-9472,C07,Switches / Pushbuttons / Keyboards / Controls,ACTUATOR,ACTUATOR,True,core,broad keyword only,"Broad keyword only in modifier, item noun is 'PLUNGER'"
SPE7L326T124A,3010-01-084-9596,SPE7L326T124A,07-21-2026,07-31-2026,2026-08-21 02:41:27,Origin,Destination,None,7017440116,https://dibbs2.bsm.dla.mil/Downloads/RFQ/A/SPE7L326T124A.PDF,https://www.dibbs.bsm.dla.mil/RFQ/RFQRec.aspx?sn=SPE7L326T124A,https://www.dibbs.bsm.dla.mil/rfq/rfqrec.aspx?sn=SPE7L326T124A,ACTUATOR,3,20260930T161230Z,3010-01-084-9596,"BODY,ACTUATOR",D,333612,3.0,96169 | 87553-5010 | ITEM 3	ELECTRIC BOAT CORPORATION,,2026-07-21,2026-07-31,ACTUATOR,DIBBS|SPE7L326T124A|3010-01-084-9596,C07,Switches / Pushbuttons / Keyboards / Controls,ACTUATOR,ACTUATOR,True,core,broad keyword only,"Broad keyword only in modifier, item noun is 'BODY'"
SPE7M426T239S,4820-01-201-6903,SPE7M426T239S,07-10-2026,07-20-2026,2026-08-21 02:41:27,Origin,Destination,None,7017436942,https://dibbs2.bsm.dla.mil/Downloads/RFQ/S/SPE7M426T239S.PDF,https://www.dibbs.bsm.dla.mil/RFQ/RFQRec.aspx?sn=SPE7M426T239S,https://www.dibbs.bsm.dla.mil/rfq/rfqrec.aspx?sn=SPE7M426T239S,ACTUATOR,3,20260930T161230Z,4820-01-201-6903,"DIAPHRAGM,ACTUATOR",C,332911,14.0,04577 | 2852-0116-1 | MISSION SYSTEMS ORCHARD PARK INC,,2026-07-10,2026-07-20,ACTUATOR,DIBBS|SPE7M426T239S|4820-01-201-6903,C07,Switches / Pushbuttons / Keyboards / Controls,ACTUATOR,ACTUATOR,True,core,broad keyword only,"Broad keyword only in modifier, item noun is 'DIAPHRAGM'"
SPE4A726T6804,1680-00-630-2598,SPE4A726T6804,12-30-2025,01-14-2026,2026-08-21 02:41:27,Origin,Origin,None,7014863251,https://dibbs2.bsm.dla.mil/Downloads/RFQ/4/SPE4A726T6804.PDF,https://www.dibbs.bsm.dla.mil/RFQ/RFQRec.aspx?sn=SPE4A726T6804,https://www.dibbs.bsm.dla.mil/rfq/rfqrec.aspx?sn=SPE4A726T6804,ACTUATOR,3,20260930T161230Z,1680-00-630-2598,"PARTS KIT,ACTUATOR",D,336413,60.0,79318 | 50044 | MEGGITT NORTH HOLLYWOOD INC,,2025-12-30,2026-01-14,ACTUATOR,DIBBS|SPE4A726T6804|1680-00-630-2598,C07,Switches / Pushbuttons / Keyboards / Controls,ACTUATOR,ACTUATOR,True,core,broad keyword only,"Broad keyword only in modifier, item noun is 'PARTS KIT'"
SPE4A726T9548,1560-00-394-5801,SPE4A726T9548,02-20-2026,02-27-2026,2026-08-21 02:41:27,Origin,Origin,Tech,7009862783,https://dibbs2.bsm.dla.mil/Downloads/RFQ/8/SPE4A726T9548.PDF,https://www.dibbs.bsm.dla.mil/RFQ/RFQRec.aspx?sn=SPE4A726T9548,https://www.dibbs.bsm.dla.mil/rfq/rfqrec.aspx?sn=SPE4A726T9548,ACTUATOR,3,20260930T161230Z,1560-00-394-5801,"ROD,ACTUATOR,FLAP,T",G,336413,20.0,,,2026-02-20,2026-02-27,ACTUATOR,DIBBS|SPE4A726T9548|1560-00-394-5801,C07,Switches / Pushbuttons / Keyboards / Controls,ACTUATOR,ACTUATOR,True,core,broad keyword only,"Broad keyword only in modifier, item noun is 'ROD'"
SPE4A726T6670,2915-00-400-3833,SPE4A726T6670,12-23-2025,12-30-2025,2026-08-21 02:41:27,Origin,Origin,None,7014106016,https://dibbs2.bsm.dla.mil/Downloads/RFQ/0/SPE4A726T6670.PDF,https://www.dibbs.bsm.dla.mil/RFQ/RFQRec.aspx?sn=SPE4A726T6670,https://www.dibbs.bsm.dla.mil/rfq/rfqrec.aspx?sn=SPE4A726T6670,ACTUATOR,3,20260930T161230Z,2915-00-400-3833,"SHAFT,ACTUATOR OUTP",P,336412,43.0,73760 | 9778CB | ITT AEROSPACE CONTROLS LLC,,2025-12-23,2025-12-30,ACTUATOR,DIBBS|SPE4A726T6670|2915-00-400-3833,C07,Switches / Pushbuttons / Keyboards / Controls,ACTUATOR,ACTUATOR,True,core,broad keyword only,"Broad keyword only in modifier, item noun is 'SHAFT'"
SPE4A726T521Z,1650-01-036-2863,SPE4A726T521Z,06-22-2026,07-02-2026,2026-08-21 02:41:27,Origin,Origin,None,7016439179,https://dibbs2.bsm.dla.mil/Downloads/RFQ/Z/SPE4A726T521Z.PDF,https://www.dibbs.bsm.dla.mil/RFQ/RFQRec.aspx?sn=SPE4A726T521Z,https://www.dibbs.bsm.dla.mil/rfq/rfqrec.aspx?sn=SPE4A726T521Z,ACTUATOR,3,20260930T161230Z,1650-01-036-2863,"GUIDE,ACTUATOR,HYDR",D,336413,23.0,73760 | 40121A | ITT AEROSPACE CONTROLS LLC,,2026-06-22,2026-07-02,ACTUATOR,DIBBS|SPE4A726T521Z|1650-01-036-2863,C07,Switches / Pushbuttons / Keyboards / Controls,ACTUATOR,ACTUATOR,True,core,broad keyword only,"Broad keyword only in modifier, item noun is 'GUIDE'"
SPE4A626T03YZ,4920-01-501-6763,SPE4A626T03YZ,07-08-2026,07-15-2026,2026-08-21 02:41:27,Origin,Destination,None,7017408718,https://dibbs2.bsm.dla.mil/Downloads/RFQ/Z/SPE4A626T03YZ.PDF,https://www.dibbs.bsm.dla.mil/RFQ/RFQRec.aspx?sn=SPE4A626T03YZ,https://www.dibbs.bsm.dla.mil/rfq/rfqrec.aspx?sn=SPE4A626T03YZ,ACTUATOR,3,20260930T161230Z,4920-01-501-6763,"PIN,ACTUATOR,AIRCRA",D,332710,20.0,"5U072 | C1510C | MOTION INDUSTRIES, INC.",,2026-07-08,2026-07-15,ACTUATOR,DIBBS|SPE4A626T03YZ|4920-01-501-6763,C07,Switches / Pushbuttons / Keyboards / Controls,ACTUATOR,ACTUATOR,True,core,broad keyword only,"Broad keyword only in modifier, item noun is 'PIN'"
SPE4A725T073S,1680-01-173-2159,SPE4A725T073S,03-12-2025,03-19-2025,2026-08-21 02:41:27,Origin,Origin,None,7011369042,https://dibbs2.bsm.dla.mil/Downloads/RFQ/S/SPE4A725T073S.PDF,https://www.dibbs.bsm.dla.mil/RFQ/RFQRec.aspx?sn=SPE4A725T073S,https://www.dibbs.bsm.dla.mil/rfq/rfqrec.aspx?sn=SPE4A725T073S,ACTUATOR,3,20260930T161230Z,1680-01-173-2159,"SEAL,ACTUATOR ROD",D,336413,79.0,5F573 | 7116FT972P3 | GREENE TWEED & CO INC,,2025-03-12,2025-03-19,ACTUATOR,DIBBS|SPE4A725T073S|1680-01-173-2159,C07,Switches / Pushbuttons / Keyboards / Controls,ACTUATOR,ACTUATOR,True,core,broad keyword only,"Broad keyword only in modifier, item noun is 'SEAL'"
SPE4A525T766F,1680-00-798-9384,SPE4A525T766F,09-17-2025,09-24-2025,2026-08-21 02:41:27,Origin,Destination,None,7013833275,https://dibbs2.bsm.dla.mil/Downloads/RFQ/F/SPE4A525T766F.PDF,https://www.dibbs.bsm.dla.mil/RFQ/RFQRec.aspx?sn=SPE4A525T766F,https://www.dibbs.bsm.dla.mil/rfq/rfqrec.aspx?sn=SPE4A525T766F,ACTUATOR,3,20260930T161230Z,1680-00-798-9384,"PARTS KIT,ACTUATOR,",R,336413,211.0,"0SML3 | 590414-3 | AERO INTERNATIONAL, LLC",,2025-09-17,2025-09-24,ACTUATOR,DIBBS|SPE4A525T766F|1680-00-798-9384,C07,Switches / Pushbuttons / Keyboards / Controls,ACTUATOR,ACTUATOR,True,core,broad keyword only,"Broad keyword only in modifier, item noun is 'PARTS KIT'"
SPE7MC26T0718,4820-01-389-0366,SPE7MC26T0718,10-15-2025,10-27-2025,2026-08-21 02:41:27,Origin,Destination,None,7013984106,https://dibbs2.bsm.dla.mil/Downloads/RFQ/8/SPE7MC26T0718.PDF,https://www.dibbs.bsm.dla.mil/RFQ/RFQRec.aspx?sn=SPE7MC26T0718,https://www.dibbs.bsm.dla.mil/rfq/rfqrec.aspx?sn=SPE7MC26T0718,ACTUATOR,3,20260930T161230Z,4820-01-389-0366,"DIAPHRAGM,ACTUATOR",L,332911,4.0,"35795 | N42831 | LESLIE CONTROLS, INC.",,2025-10-15,2025-10-27,ACTUATOR,DIBBS|SPE7MC26T0718|4820-01-389-0366,C07,Switches / Pushbuttons / Keyboards / Controls,ACTUATOR,ACTUATOR,True,core,broad keyword only,"Broad keyword only in modifier, item noun is 'DIAPHRAGM'"
SPE4A126T2057,1650-01-013-2883,SPE4A126T2057,05-11-2026,05-18-2026,2026-08-21 02:41:27,Origin,Destination,None,7016646261,https://dibbs2.bsm.dla.mil/Downloads/RFQ/7/SPE4A126T2057.PDF,https://www.dibbs.bsm.dla.mil/RFQ/RFQRec.aspx?sn=SPE4A126T2057,https://www.dibbs.bsm.dla.mil/rfq/rfqrec.aspx?sn=SPE4A126T2057,ACTUATOR,3,20260930T161230Z,1650-01-013-2883,"SLEEVE,ACTUATOR",P,336413,31.0,82106 | 2733579 | PARKER-HANNIFIN CORPORATION,,2026-05-11,2026-05-18,ACTUATOR,DIBBS|SPE4A126T2057|1650-01-013-2883,C07,Switches / Pushbuttons / Keyboards / Controls,ACTUATOR,ACTUATOR,True,core,broad keyword only,"Broad keyword only in modifier, item noun is 'SLEEVE'"
SPE4A126T1537,1650-01-182-5076,SPE4A126T1537,03-04-2026,03-11-2026,2026-08-21 02:41:27,Origin,Origin,None,7015679929,https://dibbs2.bsm.dla.mil/Downloads/RFQ/7/SPE4A126T1537.PDF,https://www.dibbs.bsm.dla.mil/RFQ/RFQRec.aspx?sn=SPE4A126T1537,https://www.dibbs.bsm.dla.mil/rfq/rfqrec.aspx?sn=SPE4A126T1537,ACTUATOR,3,20260930T161230Z,1650-01-182-5076,"TRUNNION ASSY,ACTUATOR",P,336413,2.0,81873 | 41006128-101 | WOODWARD HRT INC,,2026-03-04,2026-03-11,ACTUATOR,DIBBS|SPE4A126T1537|1650-01-182-5076,C07,Switches / Pushbuttons / Keyboards / Controls,ACTUATOR,ACTUATOR,True,core,broad keyword only,"Broad keyword only in modifier, item noun is 'TRUNNION ASSY'"
SPE7M426T311G,4810-01-203-5628,SPE7M426T311G,08-07-2026,08-17-2026,2026-08-21 02:41:27,Origin,Destination,None,7017775490,https://dibbs2.bsm.dla.mil/Downloads/RFQ/G/SPE7M426T311G.PDF,https://www.dibbs.bsm.dla.mil/RFQ/RFQRec.aspx?sn=SPE7M426T311G,https://www.dibbs.bsm.dla.mil/rfq/rfqrec.aspx?sn=SPE7M426T311G,ACTUATOR,3,20260930T161230Z,4810-01-203-5628,"DIAPHRAGM,ACTUATOR",C,332912,95.0,01170 | 1A-375-225-DVB | BELLOFRAM CORPORATION,,2026-08-07,2026-08-17,ACTUATOR,DIBBS|SPE7M426T311G|4810-01-203-5628,C07,Switches / Pushbuttons / Keyboards / Controls,ACTUATOR,ACTUATOR,True,core,broad keyword only,"Broad keyword only in modifier, item noun is 'DIAPHRAGM'"
SPE4A526T368L,1680-01-170-5233,SPE4A526T368L,08-18-2026,08-25-2026,2026-08-21 02:41:27,Origin,Destination,None,7017821934,https://dibbs2.bsm.dla.mil/Downloads/RFQ/L/SPE4A526T368L.PDF,https://www.dibbs.bsm.dla.mil/RFQ/RFQRec.aspx?sn=SPE4A526T368L,https://www.dibbs.bsm.dla.mil/rfq/rfqrec.aspx?sn=SPE4A526T368L,ACTUATOR,3,20260930T161230Z,1680-01-170-5233,"SHAFT,ACTUATOR,SWIT",Q,336413,3.0,8V613 | 7-311514084-11 | THE BOEING COMPANY,,2026-08-18,2026-08-25,ACTUATOR,DIBBS|SPE4A526T368L|1680-01-170-5233,C07,Switches / Pushbuttons / Keyboards / Controls,ACTUATOR,ACTUATOR,True,core,broad keyword only,"Broad keyword only in modifier, item noun is 'SHAFT'"
SPE7L126T395L,5330-00-737-5627,SPE7L126T395L,04-21-2026,05-01-2026,2026-08-21 02:41:27,Origin,Destination,None,0090199146,https://dibbs2.bsm.dla.mil/Downloads/RFQ/L/SPE7L126T395L.PDF,https://www.dibbs.bsm.dla.mil/RFQ/RFQRec.aspx?sn=SPE7L126T395L,https://www.dibbs.bsm.dla.mil/rfq/rfqrec.aspx?sn=SPE7L126T395L,ACTUATOR,3,20260930T161230Z,5330-00-737-5627,"SEAL,ACTUATOR ASSEM",L,339991,130.0,"07060 | CEC4-5497 | C. E. CONOVER & CO., INC.",,2026-04-21,2026-05-01,ACTUATOR,DIBBS|SPE7L126T395L|5330-00-737-5627,C07,Switches / Pushbuttons / Keyboards / Controls,ACTUATOR,ACTUATOR,True,core,broad keyword only,"Broad keyword only in modifier, item noun is 'SEAL'"
SPE4A726T590T,1680-00-492-0817,SPE4A726T590T,07-23-2026,07-30-2026,2026-08-21 02:41:27,Origin,Destination,None,7017572998,https://dibbs2.bsm.dla.mil/Downloads/RFQ/T/SPE4A726T590T.PDF,https://www.dibbs.bsm.dla.mil/RFQ/RFQRec.aspx?sn=SPE4A726T590T,https://www.dibbs.bsm.dla.mil/rfq/rfqrec.aspx?sn=SPE4A726T590T,ACTUATOR,3,20260930T161230Z,1680-00-492-0817,"LINER,ACTUATOR",R,336413,14.0,0A335 | 292340 | LINEAR MOTION LLC,,2026-07-23,2026-07-30,ACTUATOR,DIBBS|SPE4A726T590T|1680-00-492-0817,C07,Switches / Pushbuttons / Keyboards / Controls,ACTUATOR,ACTUATOR,True,core,broad keyword only,"Broad keyword only in modifier, item noun is 'LINER'"
SPE4A726T3802,1560-00-689-8348,SPE4A726T3802,11-18-2025,11-25-2025,2026-08-21 02:41:27,Origin,Origin,Tech,7014494734,https://dibbs2.bsm.dla.mil/Downloads/RFQ/2/SPE4A726T3802.PDF,https://www.dibbs.bsm.dla.mil/RFQ/RFQRec.aspx?sn=SPE4A726T3802,https://www.dibbs.bsm.dla.mil/rfq/rfqrec.aspx?sn=SPE4A726T3802,ACTUATOR,3,20260930T161230Z,1560-00-689-8348,"FITTING,ACTUATOR",G,336413,1.0,,,2025-11-18,2025-11-25,ACTUATOR,DIBBS|SPE4A726T3802|1560-00-689-8348,C07,Switches / Pushbuttons / Keyboards / Controls,ACTUATOR,ACTUATOR,True,core,broad keyword only,"Broad keyword only in modifier, item noun is 'FITTING'"
SPE7MC25T252W,4820-00-761-2242,SPE7MC25T252W,09-16-2025,10-01-2025,2026-08-21 02:41:27,Origin,Origin,Tech,7013627043,https://dibbs2.bsm.dla.mil/Downloads/RFQ/W/SPE7MC25T252W.PDF,https://www.dibbs.bsm.dla.mil/RFQ/RFQRec.aspx?sn=SPE7MC25T252W,https://www.dibbs.bsm.dla.mil/rfq/rfqrec.aspx?sn=SPE7MC25T252W,ACTUATOR,3,20260930T161230Z,4820-00-761-2242,"DIAPHRAGM,ACTUATOR",G,332911,5.0,,,2025-09-16,2025-10-01,ACTUATOR,DIBBS|SPE7MC25T252W|4820-00-761-2242,C07,Switches / Pushbuttons / Keyboards / Controls,ACTUATOR,ACTUATOR,True,core,broad keyword only,"Broad keyword only in modifier, item noun is 'DIAPHRAGM'"
SPE7L126T754R,3010-01-084-9596,SPE7L126T754R,06-25-2026,07-06-2026,2026-08-21 02:41:27,Origin,Destination,None,7017274960,https://dibbs2.bsm.dla.mil/Downloads/RFQ/R/SPE7L126T754R.PDF,https://www.dibbs.bsm.dla.mil/RFQ/RFQRec.aspx?sn=SPE7L126T754R,https://www.dibbs.bsm.dla.mil/rfq/rfqrec.aspx?sn=SPE7L126T754R,ACTUATOR,4,20260930T161247Z,3010-01-084-9596,"BODY,ACTUATOR",D,333612,1.0,96169 | 87553-5010 | ITEM 3	ELECTRIC BOAT CORPORATION,,2026-06-25,2026-07-06,ACTUATOR,DIBBS|SPE7L126T754R|3010-01-084-9596,C07,Switches / Pushbuttons / Keyboards / Controls,ACTUATOR,ACTUATOR,True,core,broad keyword only,"Broad keyword only in modifier, item noun is 'BODY'"
SPE4A726U0039,1620-01-095-6984,SPE4A726U0039,06-09-2026,06-26-2026,2026-08-21 02:41:27,Origin,Origin,None,1000181157,https://dibbs2.bsm.dla.mil/Downloads/RFQ/9/SPE4A726U0039.PDF,https://www.dibbs.bsm.dla.mil/RFQ/RFQRec.aspx?sn=SPE4A726U0039,https://www.dibbs.bsm.dla.mil/rfq/rfqrec.aspx?sn=SPE4A726U0039,ACTUATOR,4,20260930T161247Z,1620-01-095-6984,"ADAPTER,ACTUATOR,TA",G,336413,28.0,,,2026-06-09,2026-06-26,ACTUATOR,DIBBS|SPE4A726U0039|1620-01-095-6984,C07,Switches / Pushbuttons / Keyboards / Controls,ACTUATOR,ACTUATOR,True,core,broad keyword only,"Broad keyword only in modifier, item noun is 'ADAPTER'"
SPE4A726T7123,1680-00-613-8646,SPE4A726T7123,01-07-2026,01-14-2026,2026-08-21 02:41:27,Origin,Origin,None,7014495636,https://dibbs2.bsm.dla.mil/Downloads/RFQ/3/SPE4A726T7123.PDF,https://www.dibbs.bsm.dla.mil/RFQ/RFQRec.aspx?sn=SPE4A726T7123,https://www.dibbs.bsm.dla.mil/rfq/rfqrec.aspx?sn=SPE4A726T7123,ACTUATOR,4,20260930T161247Z,1680-00-613-8646,"DOG STOP,ACTUATOR",R,336413,19.0,"3V697 | CA67787-001 | 45934	CA67787-001	ONTIC ENGINEERING & MANUFACTURING,",,2026-01-07,2026-01-14,ACTUATOR,DIBBS|SPE4A726T7123|1680-00-613-8646,C07,Switches / Pushbuttons / Keyboards / Controls,ACTUATOR,ACTUATOR,True,core,broad keyword only,"Broad keyword only in modifier, item noun is 'DOG STOP'"
SPE4A726T663R,1680-01-138-8615,SPE4A726T663R,08-17-2026,08-24-2026,2026-08-21 02:41:27,Origin,Origin,Tech,7017915573,https://dibbs2.bsm.dla.mil/Downloads/RFQ/R/SPE4A726T663R.PDF,https://www.dibbs.bsm.dla.mil/RFQ/RFQRec.aspx?sn=SPE4A726T663R,https://www.dibbs.bsm.dla.mil/rfq/rfqrec.aspx?sn=SPE4A726T663R,ACTUATOR,4,20260930T161247Z,1680-01-138-8615,"GREASER,ACTUATOR",B,336413,3.0,"06177 | 8056-5 | PNEUDRAULICS, INC.",,2026-08-17,2026-08-24,ACTUATOR,DIBBS|SPE4A726T663R|1680-01-138-8615,C07,Switches / Pushbuttons / Keyboards / Controls,ACTUATOR,ACTUATOR,True,core,broad keyword only,"Broad keyword only in modifier, item noun is 'GREASER'"
SPE4A726T654K,1680-00-318-8449,SPE4A726T654K,08-14-2026,08-21-2026,2026-08-21 02:41:27,Origin,Origin,Tech,7017742032,https://dibbs2.bsm.dla.mil/Downloads/RFQ/K/SPE4A726T654K.PDF,https://www.dibbs.bsm.dla.mil/RFQ/RFQRec.aspx?sn=SPE4A726T654K,https://www.dibbs.bsm.dla.mil/rfq/rfqrec.aspx?sn=SPE4A726T654K,ACTUATOR,4,20260930T161247Z,1680-00-318-8449,"CAP,DROOP ACTUATOR",G,336413,14.0,,,2026-08-14,2026-08-21,ACTUATOR,DIBBS|SPE4A726T654K|1680-00-318-8449,C07,Switches / Pushbuttons / Keyboards / Controls,ACTUATOR,ACTUATOR,True,core,broad keyword only,"Broad keyword only in modifier, item noun is 'CAP'"
SPE4A526T4512,4810-00-924-3188,SPE4A526T4512,11-28-2025,12-05-2025,2026-08-21 02:41:27,Origin,Destination,None,7014627411,https://dibbs2.bsm.dla.mil/Downloads/RFQ/2/SPE4A526T4512.PDF,https://www.dibbs.bsm.dla.mil/RFQ/RFQRec.aspx?sn=SPE4A526T4512,https://www.dibbs.bsm.dla.mil/rfq/rfqrec.aspx?sn=SPE4A526T4512,ACTUATOR,4,20260930T161247Z,4810-00-924-3188,"DIAPHRAGM,ACTUATOR",P,332912,21.0,99193 | 135277-3 | HONEYWELL INTERNATIONAL INC.,,2025-11-28,2025-12-05,ACTUATOR,DIBBS|SPE4A526T4512|4810-00-924-3188,C07,Switches / Pushbuttons / Keyboards / Controls,ACTUATOR,ACTUATOR,True,core,broad keyword only,"Broad keyword only in modifier, item noun is 'DIAPHRAGM'"
SPE7MC26T6586,4820-01-678-4891,SPE7MC26T6586,03-13-2026,03-23-2026,2026-08-21 02:41:27,Origin,Origin,Tech,7015896762,https://dibbs2.bsm.dla.mil/Downloads/RFQ/6/SPE7MC26T6586.PDF,https://www.dibbs.bsm.dla.mil/RFQ/RFQRec.aspx?sn=SPE7MC26T6586,https://www.dibbs.bsm.dla.mil/rfq/rfqrec.aspx?sn=SPE7MC26T6586,ACTUATOR,4,20260930T161247Z,4820-01-678-4891,"DIAPHRAGM,ACTUATOR",G,332911,3.0,,,2026-03-13,2026-03-23,ACTUATOR,DIBBS|SPE7MC26T6586|4820-01-678-4891,C07,Switches / Pushbuttons / Keyboards / Controls,ACTUATOR,ACTUATOR,True,core,broad keyword only,"Broad keyword only in modifier, item noun is 'DIAPHRAGM'"
SPE7MC26T158S,4810-01-153-8102,SPE7MC26T158S,07-30-2026,08-10-2026,2026-08-21 02:41:27,Origin,Destination,None,7014645376,https://dibbs2.bsm.dla.mil/Downloads/RFQ/S/SPE7MC26T158S.PDF,https://www.dibbs.bsm.dla.mil/RFQ/RFQRec.aspx?sn=SPE7MC26T158S,https://www.dibbs.bsm.dla.mil/rfq/rfqrec.aspx?sn=SPE7MC26T158S,ACTUATOR,4,20260930T161247Z,4810-01-153-8102,"BODY,ACTUATOR",D,332911,1.0,07270 | 14-28350 | ITEM 12	MOOG INC.,,2026-07-30,2026-08-10,ACTUATOR,DIBBS|SPE7MC26T158S|4810-01-153-8102,C07,Switches / Pushbuttons / Keyboards / Controls,ACTUATOR,ACTUATOR,True,core,broad keyword only,"Broad keyword only in modifier, item noun is 'BODY'"
SPE7M126T210R,4820-01-398-8475,SPE7M126T210R,07-15-2026,07-27-2026,2026-08-21 02:41:27,Origin,Origin,None,7017473429,https://dibbs2.bsm.dla.mil/Downloads/RFQ/R/SPE7M126T210R.PDF,https://www.dibbs.bsm.dla.mil/RFQ/RFQRec.aspx?sn=SPE7M126T210R,https://www.dibbs.bsm.dla.mil/rfq/rfqrec.aspx?sn=SPE7M126T210R,ACTUATOR,4,20260930T161247Z,4820-01-398-8475,"DIAPHRAGM,ACTUATOR",D,332911,4.0,"35795 | 60024 | LESLIE CONTROLS, INC.",,2026-07-15,2026-07-27,ACTUATOR,DIBBS|SPE7M126T210R|4820-01-398-8475,C07,Switches / Pushbuttons / Keyboards / Controls,ACTUATOR,ACTUATOR,True,core,broad keyword only,"Broad keyword only in modifier, item noun is 'DIAPHRAGM'"
SPE7M326T6338,4730-00-548-2586,SPE7M326T6338,06-03-2026,06-15-2026,2026-08-21 02:41:27,Origin,Origin,None,7017008772,https://dibbs2.bsm.dla.mil/Downloads/RFQ/8/SPE7M326T6338.PDF,https://www.dibbs.bsm.dla.mil/RFQ/RFQRec.aspx?sn=SPE7M326T6338,https://www.dibbs.bsm.dla.mil/rfq/rfqrec.aspx?sn=SPE7M326T6338,ACTUATOR,4,20260930T161247Z,4730-00-548-2586,"PLUG,ACTUATOR",P,332996,3.0,81873 | 41001558 | WOODWARD HRT INC,,2026-06-03,2026-06-15,ACTUATOR,DIBBS|SPE7M326T6338|4730-00-548-2586,C07,Switches / Pushbuttons / Keyboards / Controls,ACTUATOR,ACTUATOR,True,core,broad keyword only,"Broad keyword only in modifier, item noun is 'PLUG'"
SPE4A726T342Z,1680-00-816-8312,SPE4A726T342Z,05-13-2026,05-26-2026,2026-08-21 02:41:27,Origin,Origin,None,7016752834,https://dibbs2.bsm.dla.mil/Downloads/RFQ/Z/SPE4A726T342Z.PDF,https://www.dibbs.bsm.dla.mil/RFQ/RFQRec.aspx?sn=SPE4A726T342Z,https://www.dibbs.bsm.dla.mil/rfq/rfqrec.aspx?sn=SPE4A726T342Z,ACTUATOR,4,20260930T161247Z,1680-00-816-8312,"PARTS KIT,ACTUATOR",D,336413,9.0,"81039 | E40005 | WHIPPANY ACTUATION SYSTEMS, LLC",,2026-05-13,2026-05-26,ACTUATOR; BOX,DIBBS|SPE4A726T342Z|1680-00-816-8312,C07,Switches / Pushbuttons / Keyboards / Controls,ACTUATOR,ACTUATOR,True,core,broad keyword only,"Broad keyword only in modifier, item noun is 'PARTS KIT'"
SPE7L126T349S,4940-15-030-8345,SPE7L126T349S,04-10-2026,04-20-2026,2026-08-21 02:41:27,Origin,Destination,None,7007830619,https://dibbs2.bsm.dla.mil/Downloads/RFQ/S/SPE7L126T349S.PDF,https://www.dibbs.bsm.dla.mil/RFQ/RFQRec.aspx?sn=SPE7L126T349S,https://www.dibbs.bsm.dla.mil/rfq/rfqrec.aspx?sn=SPE7L126T349S,ACTUATOR,4,20260930T161247Z,4940-15-030-8345,"PILOT PIN,ACTUATOR",R,334419,53.0,A4249 | 5803013829 | IVECO DEFENCE VEHICLES S.P.A.,,2026-04-10,2026-04-20,ACTUATOR,DIBBS|SPE7L126T349S|4940-15-030-8345,C07,Switches / Pushbuttons / Keyboards / Controls,ACTUATOR,ACTUATOR,True,core,broad keyword only,"Broad keyword only in modifier, item noun is 'PILOT PIN'"
SPE4A526T8450,1620-00-120-0573,SPE4A526T8450,02-20-2026,02-27-2026,2026-08-21 02:41:27,Origin,Destination,None,7015608844,https://dibbs2.bsm.dla.mil/Downloads/RFQ/0/SPE4A526T8450.PDF,https://www.dibbs.bsm.dla.mil/RFQ/RFQRec.aspx?sn=SPE4A526T8450,https://www.dibbs.bsm.dla.mil/rfq/rfqrec.aspx?sn=SPE4A526T8450,ACTUATOR,4,20260930T161247Z,1620-00-120-0573,"COVER,ACTUATOR,LAND",D,336413,2.0,12511 | S1958 | SIMMONDS PRECISION PRODUCTS INC,,2026-02-20,2026-02-27,ACTUATOR,DIBBS|SPE4A526T8450|1620-00-120-0573,C07,Switches / Pushbuttons / Keyboards / Controls,ACTUATOR,ACTUATOR,True,core,broad keyword only,"Broad keyword only in modifier, item noun is 'COVER'"
SPE7MC26Q0413,4810-01-384-1252,SPE7MC26Q0413,08-14-2026,08-25-2026,2026-08-21 02:41:27,Origin,Destination,None,0094916657,https://dibbs2.bsm.dla.mil/Downloads/RFQ/3/SPE7MC26Q0413.PDF,https://www.dibbs.bsm.dla.mil/RFQ/RFQRec.aspx?sn=SPE7MC26Q0413,https://www.dibbs.bsm.dla.mil/rfq/rfqrec.aspx?sn=SPE7MC26Q0413,ACTUATOR,4,20260930T161247Z,4810-01-384-1252,"PLUNGER,ACTUATOR",R,332912,18.0,99517 | S1D10025 | ITEM 10	VACCO INDUSTRIES,,2026-08-14,2026-08-25,ACTUATOR; FUEL,DIBBS|SPE7MC26Q0413|4810-01-384-1252,C07,Switches / Pushbuttons / Keyboards / Controls,ACTUATOR,ACTUATOR,True,core,broad keyword only,"Broad keyword only in modifier, item noun is 'PLUNGER'"
SPE4A726T590Q,1680-00-705-3619,SPE4A726T590Q,07-23-2026,08-20-2026,2026-08-21 02:41:27,Origin,Origin,Tech,7017200091,https://dibbs2.bsm.dla.mil/Downloads/RFQ/Q/SPE4A726T590Q.PDF,https://www.dibbs.bsm.dla.mil/RFQ/RFQRec.aspx?sn=SPE4A726T590Q,https://www.dibbs.bsm.dla.mil/rfq/rfqrec.aspx?sn=SPE4A726T590Q,ACTUATOR,4,20260930T161247Z,1680-00-705-3619,"PARTS KIT,ACTUATOR",G,336320,13.0,,,2026-07-23,2026-08-20,ACTUATOR,DIBBS|SPE4A726T590Q|1680-00-705-3619,C07,Switches / Pushbuttons / Keyboards / Controls,ACTUATOR,ACTUATOR,True,core,broad keyword only,"Broad keyword only in modifier, item noun is 'PARTS KIT'"
SPE7MC26T302D,4820-00-124-5803,SPE7MC26T302D,09-28-2026,10-08-2026,2026-09-27 05:49:59,Origin,Origin,None,7018517079,https://dibbs2.bsm.dla.mil/Downloads/RFQ/D/SPE7MC26T302D.PDF,https://www.dibbs.bsm.dla.mil/RFQ/RFQRec.aspx?sn=SPE7MC26T302D,https://www.dibbs.bsm.dla.mil/rfq/rfqrec.aspx?sn=SPE7MC26T302D,ACTUATOR,4,20260930T161247Z,4820-00-124-5803,"DIAPHRAGM,ACTUATOR VAL",L,332911,5.0,1UQT2 | 010271-049-686 | FCX PERFORMANCE INC,,2026-09-28,2026-10-08,ACTUATOR,DIBBS|SPE7MC26T302D|4820-00-124-5803,C07,Switches / Pushbuttons / Keyboards / Controls,ACTUATOR,ACTUATOR,True,core,broad keyword only,"Broad keyword only in modifier, item noun is 'DIAPHRAGM'"
SPE7MC26T291T,4820-00-195-0128,SPE7MC26T291T,09-25-2026,10-05-2026,2026-09-24 06:42:59,Origin,Origin,Tech,7018498614,https://dibbs2.bsm.dla.mil/Downloads/RFQ/T/SPE7MC26T291T.PDF,https://www.dibbs.bsm.dla.mil/RFQ/RFQRec.aspx?sn=SPE7MC26T291T,https://www.dibbs.bsm.dla.mil/rfq/rfqrec.aspx?sn=SPE7MC26T291T,ACTUATOR,4,20260930T161247Z,4820-00-195-0128,"DIAPHRAGM,ACTUATOR VAL",B,332911,152.0,"41620 | 8800-20-14 | 94120	1037-32	AQUALUNG USA, INC",,2026-09-25,2026-10-05,ACTUATOR,DIBBS|SPE7MC26T291T|4820-00-195-0128,C07,Switches / Pushbuttons / Keyboards / Controls,ACTUATOR,ACTUATOR,True,core,broad keyword only,"Broad keyword only in modifier, item noun is 'DIAPHRAGM'"
SPE4A726T787X,4820-00-619-1594,SPE4A726T787X,09-24-2026,10-01-2026,2026-09-23 03:22:18,Origin,Destination,None,7018413344,https://dibbs2.bsm.dla.mil/Downloads/RFQ/X/SPE4A726T787X.PDF,https://www.dibbs.bsm.dla.mil/RFQ/RFQRec.aspx?sn=SPE4A726T787X,https://www.dibbs.bsm.dla.mil/rfq/rfqrec.aspx?sn=SPE4A726T787X,ACTUATOR,4,20260930T161247Z,4820-00-619-1594,"DIAPHRAGM,ACTUATOR VAL",C,332911,2.0,73030 | 740946-1 | HAMILTON SUNDSTRAND CORPORATION,,2026-09-24,2026-10-01,ACTUATOR,DIBBS|SPE4A726T787X|4820-00-619-1594,C07,Switches / Pushbuttons / Keyboards / Controls,ACTUATOR,ACTUATOR,True,core,broad keyword only,"Broad keyword only in modifier, item noun is 'DIAPHRAGM'"
SPE7MC26T284R,4820-01-264-0585,SPE7MC26T284R,09-18-2026,09-28-2026,2026-09-17 06:34:15,Origin,Destination,None,7018268481,https://dibbs2.bsm.dla.mil/Downloads/RFQ/R/SPE7MC26T284R.PDF,https://www.dibbs.bsm.dla.mil/RFQ/RFQRec.aspx?sn=SPE7MC26T284R,https://www.dibbs.bsm.dla.mil/rfq/rfqrec.aspx?sn=SPE7MC26T284R,ACTUATOR,4,20260930T161247Z,4820-01-264-0585,"DIAPHRAGM,ACTUATOR VAL",L,332911,38.0,"35795 | 60668 | LESLIE CONTROLS, INC.",,2026-09-18,2026-09-28,ACTUATOR,DIBBS|SPE7MC26T284R|4820-01-264-0585,C07,Switches / Pushbuttons / Keyboards / Controls,ACTUATOR,ACTUATOR,True,core,broad keyword only,"Broad keyword only in modifier, item noun is 'DIAPHRAGM'"
SPE4A526T435Q,2915-01-366-7071,SPE4A526T435Q,09-17-2026,09-24-2026,2026-09-16 09:49:21,Origin,Destination,None,7018380085,https://dibbs2.bsm.dla.mil/Downloads/RFQ/Q/SPE4A526T435Q.PDF,https://www.dibbs.bsm.dla.mil/RFQ/RFQRec.aspx?sn=SPE4A526T435Q,https://www.dibbs.bsm.dla.mil/rfq/rfqrec.aspx?sn=SPE4A526T435Q,ACTUATOR,4,20260930T161247Z,2915-01-366-7071,"DIAPHRAGM,ACTUATOR VAL",P,336412,3.0,3H889 | 2832013-101 | PARKER-HANNIFIN CORPORATION,,2026-09-17,2026-09-24,ACTUATOR,DIBBS|SPE4A526T435Q|2915-01-366-7071,C07,Switches / Pushbuttons / Keyboards / Controls,ACTUATOR,ACTUATOR,True,core,broad keyword only,"Broad keyword only in modifier, item noun is 'DIAPHRAGM'"
SPE7MC26T271J,4820-00-670-2485,SPE7MC26T271J,09-14-2026,09-24-2026,2026-09-13 03:47:14,Origin,Destination,None,7018268667,https://dibbs2.bsm.dla.mil/Downloads/RFQ/J/SPE7MC26T271J.PDF,https://www.dibbs.bsm.dla.mil/RFQ/RFQRec.aspx?sn=SPE7MC26T271J,https://www.dibbs.bsm.dla.mil/rfq/rfqrec.aspx?sn=SPE7MC26T271J,ACTUATOR,4,20260930T161247Z,4820-00-670-2485,"DIAPHRAGM,ACTUATOR VAL",R,332911,18.0,"35795 | 37810 | LESLIE CONTROLS, INC.",,2026-09-14,2026-09-24,ACTUATOR,DIBBS|SPE7MC26T271J|4820-00-670-2485,C07,Switches / Pushbuttons / Keyboards / Controls,ACTUATOR,ACTUATOR,True,core,broad keyword only,"Broad keyword only in modifier, item noun is 'DIAPHRAGM'"
SPE7MC26T201E,4810-00-013-4261,SPE7MC26T201E,08-19-2026,09-04-2026,2026-09-01 05:37:41,Origin,Destination,None,7014190061,https://dibbs2.bsm.dla.mil/Downloads/RFQ/E/SPE7MC26T201E.PDF,https://www.dibbs.bsm.dla.mil/RFQ/RFQRec.aspx?sn=SPE7MC26T201E,https://www.dibbs.bsm.dla.mil/rfq/rfqrec.aspx?sn=SPE7MC26T201E,ACTUATOR,4,20260930T161247Z,4810-00-013-4261,"DIAPHRAGM,ACTUATOR",D,336413,7.0,18350 | AB3258-6D7 | PALL AEROPOWER CORPORATION,,2026-08-19,2026-09-04,ACTUATOR,DIBBS|SPE7MC26T201E|4810-00-013-4261,C07,Switches / Pushbuttons / Keyboards / Controls,ACTUATOR,ACTUATOR,True,core,broad keyword only,"Broad keyword only in modifier, item noun is 'DIAPHRAGM'"
SPE7MC26T201F,4810-00-013-4261,SPE7MC26T201F,08-19-2026,09-03-2026,2026-08-31 10:58:22,Origin,Destination,None,7017915180,https://dibbs2.bsm.dla.mil/Downloads/RFQ/F/SPE7MC26T201F.PDF,https://www.dibbs.bsm.dla.mil/RFQ/RFQRec.aspx?sn=SPE7MC26T201F,https://www.dibbs.bsm.dla.mil/rfq/rfqrec.aspx?sn=SPE7MC26T201F,ACTUATOR,4,20260930T161247Z,4810-00-013-4261,"DIAPHRAGM,ACTUATOR",D,336413,3.0,18350 | AB3258-6D7 | PALL AEROPOWER CORPORATION,,2026-08-19,2026-09-03,ACTUATOR,DIBBS|SPE7MC26T201F|4810-00-013-4261,C07,Switches / Pushbuttons / Keyboards / Controls,ACTUATOR,ACTUATOR,True,core,broad keyword only,"Broad keyword only in modifier, item noun is 'DIAPHRAGM'"
SPE7M226U0352,4810-00-013-4261,SPE7M226U0352,08-28-2026,09-11-2026,2026-08-27 01:57:12,Origin,Destination,None,1000240487,https://dibbs2.bsm.dla.mil/Downloads/RFQ/2/SPE7M226U0352.PDF,https://www.dibbs.bsm.dla.mil/RFQ/RFQRec.aspx?sn=SPE7M226U0352,https://www.dibbs.bsm.dla.mil/rfq/rfqrec.aspx?sn=SPE7M226U0352,ACTUATOR,5,20260930T161304Z,4810-00-013-4261,"DIAPHRAGM,ACTUATOR VAL",D,336413,18.0,18350 | AB3258-6D7 | PALL AEROPOWER CORPORATION,,2026-08-28,2026-09-11,ACTUATOR,DIBBS|SPE7M226U0352|4810-00-013-4261,C07,Switches / Pushbuttons / Keyboards / Controls,ACTUATOR,ACTUATOR,True,core,broad keyword only,"Broad keyword only in modifier, item noun is 'DIAPHRAGM'"
SPE7MC26T205H,4820-00-670-2485,SPE7MC26T205H,08-21-2026,08-31-2026,2026-08-22 11:29:04,Origin,Destination,None,7017983263,https://dibbs2.bsm.dla.mil/Downloads/RFQ/H/SPE7MC26T205H.PDF,https://www.dibbs.bsm.dla.mil/RFQ/RFQRec.aspx?sn=SPE7MC26T205H,https://www.dibbs.bsm.dla.mil/rfq/rfqrec.aspx?sn=SPE7MC26T205H,ACTUATOR,5,20260930T161304Z,4820-00-670-2485,"DIAPHRAGM,ACTUATOR VAL",R,332911,13.0,"35795 | 37810 | LESLIE CONTROLS, INC.",,2026-08-21,2026-08-31,ACTUATOR,DIBBS|SPE7MC26T205H|4820-00-670-2485,C07,Switches / Pushbuttons / Keyboards / Controls,ACTUATOR,ACTUATOR,True,core,broad keyword only,"Broad keyword only in modifier, item noun is 'DIAPHRAGM'"
SPE7MC26T204R,4820-00-306-1332,SPE7MC26T204R,08-21-2026,08-31-2026,2026-08-22 11:29:04,Origin,Destination,None,7017984576,https://dibbs2.bsm.dla.mil/Downloads/RFQ/R/SPE7MC26T204R.PDF,https://www.dibbs.bsm.dla.mil/RFQ/RFQRec.aspx?sn=SPE7MC26T204R,https://www.dibbs.bsm.dla.mil/rfq/rfqrec.aspx?sn=SPE7MC26T204R,ACTUATOR,5,20260930T161304Z,4820-00-306-1332,"DIAPHRAGM,ACTUATOR VAL",L,332911,82.0,"35795 | N28135 | LESLIE CONTROLS, INC.",,2026-08-21,2026-08-31,ACTUATOR,DIBBS|SPE7MC26T204R|4820-00-306-1332,C07,Switches / Pushbuttons / Keyboards / Controls,ACTUATOR,ACTUATOR,True,core,broad keyword only,"Broad keyword only in modifier, item noun is 'DIAPHRAGM'"
SPE7M125T281S,4820-01-199-1936,SPE7M125T281S,08-22-2025,09-02-2025,2026-08-21 02:41:27,Origin,Destination,None,7013471557,https://dibbs2.bsm.dla.mil/Downloads/RFQ/S/SPE7M125T281S.PDF,https://www.dibbs.bsm.dla.mil/RFQ/RFQRec.aspx?sn=SPE7M125T281S,https://www.dibbs.bsm.dla.mil/rfq/rfqrec.aspx?sn=SPE7M125T281S,ACTUATOR,5,20260930T161304Z,4820-01-199-1936,"DIAPHRAGM,ACTUATOR",R,332911,12.0,,,2025-08-22,2025-09-02,ACTUATOR,DIBBS|SPE7M125T281S|4820-01-199-1936,C07,Switches / Pushbuttons / Keyboards / Controls,ACTUATOR,ACTUATOR,True,core,broad keyword only,"Broad keyword only in modifier, item noun is 'DIAPHRAGM'"
SPE7M126T180W,4820-00-124-5803,SPE7M126T180W,07-01-2026,07-13-2026,2026-08-21 02:41:27,Origin,Origin,None,7017353021,https://dibbs2.bsm.dla.mil/Downloads/RFQ/W/SPE7M126T180W.PDF,https://www.dibbs.bsm.dla.mil/RFQ/RFQRec.aspx?sn=SPE7M126T180W,https://www.dibbs.bsm.dla.mil/rfq/rfqrec.aspx?sn=SPE7M126T180W,ACTUATOR,5,20260930T161304Z,4820-00-124-5803,"DIAPHRAGM,ACTUATOR",L,332911,2.0,1UQT2 | 010271-049-686 | FCX PERFORMANCE INC,,2026-07-01,2026-07-13,ACTUATOR,DIBBS|SPE7M126T180W|4820-00-124-5803,C07,Switches / Pushbuttons / Keyboards / Controls,ACTUATOR,ACTUATOR,True,core,broad keyword only,"Broad keyword only in modifier, item noun is 'DIAPHRAGM'"
SPE7MC26T9515,4820-00-306-1332,SPE7MC26T9515,05-08-2026,05-18-2026,2026-08-21 02:41:27,Origin,Destination,None,7016690317,https://dibbs2.bsm.dla.mil/Downloads/RFQ/5/SPE7MC26T9515.PDF,https://www.dibbs.bsm.dla.mil/RFQ/RFQRec.aspx?sn=SPE7MC26T9515,https://www.dibbs.bsm.dla.mil/rfq/rfqrec.aspx?sn=SPE7MC26T9515,ACTUATOR,5,20260930T161304Z,4820-00-306-1332,"DIAPHRAGM,ACTUATOR",L,332911,83.0,"35795 | N28135 | LESLIE CONTROLS, INC.",,2026-05-08,2026-05-18,ACTUATOR,DIBBS|SPE7MC26T9515|4820-00-306-1332,C07,Switches / Pushbuttons / Keyboards / Controls,ACTUATOR,ACTUATOR,True,core,broad keyword only,"Broad keyword only in modifier, item noun is 'DIAPHRAGM'"
SPE7MC26T097S,4820-01-264-0585,SPE7MC26T097S,06-22-2026,07-02-2026,2026-08-21 02:41:27,Origin,Destination,None,7012188259,https://dibbs2.bsm.dla.mil/Downloads/RFQ/S/SPE7MC26T097S.PDF,https://www.dibbs.bsm.dla.mil/RFQ/RFQRec.aspx?sn=SPE7MC26T097S,https://www.dibbs.bsm.dla.mil/rfq/rfqrec.aspx?sn=SPE7MC26T097S,ACTUATOR,5,20260930T161304Z,4820-01-264-0585,"DIAPHRAGM,ACTUATOR",L,332911,20.0,"35795 | 60668 | LESLIE CONTROLS, INC.",,2026-06-22,2026-07-02,ACTUATOR,DIBBS|SPE7MC26T097S|4820-01-264-0585,C07,Switches / Pushbuttons / Keyboards / Controls,ACTUATOR,ACTUATOR,True,core,broad keyword only,"Broad keyword only in modifier, item noun is 'DIAPHRAGM'"
SPE7L426T4169,4810-00-878-0385,SPE7L426T4169,05-05-2026,06-08-2026,2026-08-21 02:41:27,Origin,Destination,None,7005358985,https://dibbs2.bsm.dla.mil/Downloads/RFQ/9/SPE7L426T4169.PDF,https://www.dibbs.bsm.dla.mil/RFQ/RFQRec.aspx?sn=SPE7L426T4169,https://www.dibbs.bsm.dla.mil/rfq/rfqrec.aspx?sn=SPE7L426T4169,ACTUATOR,5,20260930T161304Z,4810-00-878-0385,"DIAPHRAGM,ACTUATOR",L,332912,31.0,26505 | 090-03008 | 26505	8228,,2026-05-05,2026-06-08,ACTUATOR,DIBBS|SPE7L426T4169|4810-00-878-0385,C07,Switches / Pushbuttons / Keyboards / Controls,ACTUATOR,ACTUATOR,True,core,broad keyword only,"Broad keyword only in modifier, item noun is 'DIAPHRAGM'"
SPE7MC26T035G,4810-01-150-0970,SPE7MC26T035G,05-26-2026,06-10-2026,2026-08-21 02:41:27,Origin,Destination,None,7014261734,https://dibbs2.bsm.dla.mil/Downloads/RFQ/G/SPE7MC26T035G.PDF,https://www.dibbs.bsm.dla.mil/RFQ/RFQRec.aspx?sn=SPE7MC26T035G,https://www.dibbs.bsm.dla.mil/rfq/rfqrec.aspx?sn=SPE7MC26T035G,ACTUATOR,5,20260930T161304Z,4810-01-150-0970,"DIAPHRAGM,ACTUATOR",D,332912,85.0,59364 | 3168337-1 | HONEYWELL INTERNATIONAL INC.,,2026-05-26,2026-06-10,ACTUATOR,DIBBS|SPE7MC26T035G|4810-01-150-0970,C07,Switches / Pushbuttons / Keyboards / Controls,ACTUATOR,ACTUATOR,True,core,broad keyword only,"Broad keyword only in modifier, item noun is 'DIAPHRAGM'"
SPE7MC26T4674,4820-00-670-2485,SPE7MC26T4674,01-23-2026,05-22-2026,2026-08-21 02:41:27,Origin,Destination,None,7013880472,https://dibbs2.bsm.dla.mil/Downloads/RFQ/4/SPE7MC26T4674.PDF,https://www.dibbs.bsm.dla.mil/RFQ/RFQRec.aspx?sn=SPE7MC26T4674,https://www.dibbs.bsm.dla.mil/rfq/rfqrec.aspx?sn=SPE7MC26T4674,ACTUATOR,5,20260930T161304Z,4820-00-670-2485,"DIAPHRAGM,ACTUATOR",R,332911,53.0,"35795 | 37810 | LESLIE CONTROLS, INC.",,2026-01-23,2026-05-22,ACTUATOR,DIBBS|SPE7MC26T4674|4820-00-670-2485,C07,Switches / Pushbuttons / Keyboards / Controls,ACTUATOR,ACTUATOR,True,core,broad keyword only,"Broad keyword only in modifier, item noun is 'DIAPHRAGM'"
SPE7MC26T8185,4820-00-670-2485,SPE7MC26T8185,04-14-2026,04-24-2026,2026-08-21 02:41:27,Origin,Destination,None,7015050361,https://dibbs2.bsm.dla.mil/Downloads/RFQ/5/SPE7MC26T8185.PDF,https://www.dibbs.bsm.dla.mil/RFQ/RFQRec.aspx?sn=SPE7MC26T8185,https://www.dibbs.bsm.dla.mil/rfq/rfqrec.aspx?sn=SPE7MC26T8185,ACTUATOR,5,20260930T161304Z,4820-00-670-2485,"DIAPHRAGM,ACTUATOR",R,332911,84.0,"35795 | 37810 | LESLIE CONTROLS, INC.",,2026-04-14,2026-04-24,ACTUATOR,DIBBS|SPE7MC26T8185|4820-00-670-2485,C07,Switches / Pushbuttons / Keyboards / Controls,ACTUATOR,ACTUATOR,True,core,broad keyword only,"Broad keyword only in modifier, item noun is 'DIAPHRAGM'"
SPE7MC26T006Q,4810-00-013-4261,SPE7MC26T006Q,05-15-2026,08-21-2026,2026-08-21 02:41:27,Origin,Destination,None,7016786082,https://dibbs2.bsm.dla.mil/Downloads/RFQ/Q/SPE7MC26T006Q.PDF,https://www.dibbs.bsm.dla.mil/RFQ/RFQRec.aspx?sn=SPE7MC26T006Q,https://www.dibbs.bsm.dla.mil/rfq/rfqrec.aspx?sn=SPE7MC26T006Q,ACTUATOR,5,20260930T161304Z,4810-00-013-4261,"DIAPHRAGM,ACTUATOR",D,336413,17.0,18350 | AB3258-6D7 | PALL AEROPOWER CORPORATION,,2026-05-15,2026-08-21,ACTUATOR,DIBBS|SPE7MC26T006Q|4810-00-013-4261,C07,Switches / Pushbuttons / Keyboards / Controls,ACTUATOR,ACTUATOR,True,core,broad keyword only,"Broad keyword only in modifier, item noun is 'DIAPHRAGM'"
SPE4A525T204U,4810-01-202-3654,SPE4A525T204U,03-25-2025,04-01-2025,2026-08-21 02:41:27,Origin,Destination,None,7011549454,https://dibbs2.bsm.dla.mil/Downloads/RFQ/U/SPE4A525T204U.PDF,https://www.dibbs.bsm.dla.mil/RFQ/RFQRec.aspx?sn=SPE4A525T204U,https://www.dibbs.bsm.dla.mil/rfq/rfqrec.aspx?sn=SPE4A525T204U,ACTUATOR,5,20260930T161304Z,4810-01-202-3654,"DIAPHRAGM,ACTUATOR",P,332912,60.0,59364 | 3171915-2 | HONEYWELL INTERNATIONAL INC.,,2025-03-25,2025-04-01,ACTUATOR,DIBBS|SPE4A525T204U|4810-01-202-3654,C07,Switches / Pushbuttons / Keyboards / Controls,ACTUATOR,ACTUATOR,True,core,broad keyword only,"Broad keyword only in modifier, item noun is 'DIAPHRAGM'"
SPE7M126T191J,4810-00-056-9003,SPE7M126T191J,07-08-2026,07-20-2026,2026-08-21 02:41:27,Origin,Origin,None,7017300376,https://dibbs2.bsm.dla.mil/Downloads/RFQ/J/SPE7M126T191J.PDF,https://www.dibbs.bsm.dla.mil/RFQ/RFQRec.aspx?sn=SPE7M126T191J,https://www.dibbs.bsm.dla.mil/rfq/rfqrec.aspx?sn=SPE7M126T191J,ACTUATOR,5,20260930T161304Z,4810-00-056-9003,"DIAPHRAGM,ACTUATOR",U,333611,4.0,8FGX3 | 277008 | CURTISS-WRIGHT ELECTRO-MECHANICAL C,,2026-07-08,2026-07-20,ACTUATOR,DIBBS|SPE7M126T191J|4810-00-056-9003,C07,Switches / Pushbuttons / Keyboards / Controls,ACTUATOR,ACTUATOR,True,core,broad keyword only,"Broad keyword only in modifier, item noun is 'DIAPHRAGM'"
SPE7MC26T097G,4820-00-670-2485,SPE7MC26T097G,06-22-2026,07-02-2026,2026-08-21 02:41:27,Origin,Destination,None,7012191977,https://dibbs2.bsm.dla.mil/Downloads/RFQ/G/SPE7MC26T097G.PDF,https://www.dibbs.bsm.dla.mil/RFQ/RFQRec.aspx?sn=SPE7MC26T097G,https://www.dibbs.bsm.dla.mil/rfq/rfqrec.aspx?sn=SPE7MC26T097G,ACTUATOR,5,20260930T161304Z,4820-00-670-2485,"DIAPHRAGM,ACTUATOR",R,332911,34.0,"35795 | 37810 | LESLIE CONTROLS, INC.",,2026-06-22,2026-07-02,ACTUATOR,DIBBS|SPE7MC26T097G|4820-00-670-2485,C07,Switches / Pushbuttons / Keyboards / Controls,ACTUATOR,ACTUATOR,True,core,broad keyword only,"Broad keyword only in modifier, item noun is 'DIAPHRAGM'"
SPE8E926T3609,1730-00-542-5003,SPE8E926T3609,08-31-2026,09-18-2026,2026-09-15 05:42:01,Origin,Origin,Tech,7018087024,https://dibbs2.bsm.dla.mil/Downloads/RFQ/9/SPE8E926T3609.PDF,https://www.dibbs.bsm.dla.mil/RFQ/RFQRec.aspx?sn=SPE8E926T3609,https://www.dibbs.bsm.dla.mil/rfq/rfqrec.aspx?sn=SPE8E926T3609,PLATE,1,20260930T161322Z,1730-00-542-5003,"COVER,END PLATE,RET",G,336413,2.0,,,2026-08-31,2026-09-18,PLATE,DIBBS|SPE8E926T3609|1730-00-542-5003,C08,Plates / Markings / Mounting / Misc,PLATE,PLATE,True,core-adjacent,broad keyword only,"Broad keyword only in modifier, item noun is 'COVER'"
SPE4A726Q0795,5365-01-693-7016,SPE4A726Q0795,07-09-2026,07-17-2026,2026-08-21 02:41:27,Origin,Origin,Tech,7016707806,https://dibbs2.bsm.dla.mil/Downloads/RFQ/5/SPE4A726Q0795.PDF,https://www.dibbs.bsm.dla.mil/RFQ/RFQRec.aspx?sn=SPE4A726Q0795,https://www.dibbs.bsm.dla.mil/rfq/rfqrec.aspx?sn=SPE4A726Q0795,PLATE,1,20260930T161322Z,5365-01-693-7016,"SPACER,PLATE",R,332119,16.0,No | Data | found,,2026-07-09,2026-07-17,FUEL; PLATE,DIBBS|SPE4A726Q0795|5365-01-693-7016,C08,Plates / Markings / Mounting / Misc,PLATE,PLATE,True,core-adjacent,broad keyword only,"Broad keyword only in modifier, item noun is 'SPACER'"
SPE4A726T628B,5365-01-080-9526,SPE4A726T628B,08-07-2026,08-14-2026,2026-08-21 02:41:27,Origin,Destination,None,7017739966,https://dibbs2.bsm.dla.mil/Downloads/RFQ/B/SPE4A726T628B.PDF,https://www.dibbs.bsm.dla.mil/RFQ/RFQRec.aspx?sn=SPE4A726T628B,https://www.dibbs.bsm.dla.mil/rfq/rfqrec.aspx?sn=SPE4A726T628B,PLATE,1,20260930T161322Z,5365-01-080-9526,"SPACER,PLATE",L,332999,5.0,82402 | 42292C74 | TRIUMPH GEAR SYSTEMS INC,,2026-08-07,2026-08-14,PLATE,DIBBS|SPE4A726T628B|5365-01-080-9526,C08,Plates / Markings / Mounting / Misc,PLATE,PLATE,True,core-adjacent,broad keyword only,"Broad keyword only in modifier, item noun is 'SPACER'"
SPE4A726Q0560,5365-01-384-5391,SPE4A726Q0560,03-31-2026,04-07-2026,2026-08-21 02:41:27,Origin,Destination,None,7012491373,https://dibbs2.bsm.dla.mil/Downloads/RFQ/0/SPE4A726Q0560.PDF,https://www.dibbs.bsm.dla.mil/RFQ/RFQRec.aspx?sn=SPE4A726Q0560,https://www.dibbs.bsm.dla.mil/rfq/rfqrec.aspx?sn=SPE4A726Q0560,PLATE,1,20260930T161322Z,5365-01-384-5391,"SPACER,PLATE",D,332510,1.0,"0EYA6 | H47856 | DEFENSE MARITIME SOLUTIONS, INC.",,2026-03-31,2026-04-07,FUEL; PLATE,DIBBS|SPE4A726Q0560|5365-01-384-5391,C08,Plates / Markings / Mounting / Misc,PLATE,PLATE,True,core-adjacent,broad keyword only,"Broad keyword only in modifier, item noun is 'SPACER'"
SPE4A726T3293,5365-01-055-6448,SPE4A726T3293,11-14-2025,11-21-2025,2026-08-21 02:41:27,Origin,Origin,Tech,7014491252,https://dibbs2.bsm.dla.mil/Downloads/RFQ/3/SPE4A726T3293.PDF,https://www.dibbs.bsm.dla.mil/RFQ/RFQRec.aspx?sn=SPE4A726T3293,https://www.dibbs.bsm.dla.mil/rfq/rfqrec.aspx?sn=SPE4A726T3293,PLATE,1,20260930T161322Z,5365-01-055-6448,"SPACER,PLATE",G,332510,1144.0,,,2025-11-14,2025-11-21,PLATE,DIBBS|SPE4A726T3293|5365-01-055-6448,C08,Plates / Markings / Mounting / Misc,PLATE,PLATE,True,core-adjacent,broad keyword only,"Broad keyword only in modifier, item noun is 'SPACER'"
SPE4A726Q0764,5365-01-695-9025,SPE4A726Q0764,06-30-2026,07-07-2026,2026-08-21 02:41:27,Origin,Destination,None,7017198927,https://dibbs2.bsm.dla.mil/Downloads/RFQ/4/SPE4A726Q0764.PDF,https://www.dibbs.bsm.dla.mil/RFQ/RFQRec.aspx?sn=SPE4A726Q0764,https://www.dibbs.bsm.dla.mil/rfq/rfqrec.aspx?sn=SPE4A726Q0764,PLATE,1,20260930T161322Z,5365-01-695-9025,"SPACER,PLATE",R,332119,5844.0,8Y233 | R102133-01 | NORTHROP GRUMMAN SYSTEMS CORPORATIO,,2026-06-30,2026-07-07,PLATE,DIBBS|SPE4A726Q0764|5365-01-695-9025,C08,Plates / Markings / Mounting / Misc,PLATE,PLATE,True,core-adjacent,broad keyword only,"Broad keyword only in modifier, item noun is 'SPACER'"
SPE4A526T9596,5310-01-326-4927,SPE4A526T9596,03-11-2026,03-18-2026,2026-08-21 02:41:27,Origin,Destination,None,7015854871,https://dibbs2.bsm.dla.mil/Downloads/RFQ/6/SPE4A526T9596.PDF,https://www.dibbs.bsm.dla.mil/RFQ/RFQRec.aspx?sn=SPE4A526T9596,https://www.dibbs.bsm.dla.mil/rfq/rfqrec.aspx?sn=SPE4A526T9596,PLATE,1,20260930T161322Z,5310-01-326-4927,"NUT,PLAIN,PLATE",C,332722,5.0,76301 | 466-77347-501 | THE BOEING COMPANY,,2026-03-11,2026-03-18,PLATE,DIBBS|SPE4A526T9596|5310-01-326-4927,C08,Plates / Markings / Mounting / Misc,PLATE,PLATE,True,core-adjacent,broad keyword only,"Broad keyword only in modifier, item noun is 'NUT'"
SPE4A726T802L,5365-01-063-1196,SPE4A726T802L,09-29-2026,10-06-2026,2026-09-28 08:07:01,Origin,Destination,None,7018414555,https://dibbs2.bsm.dla.mil/Downloads/RFQ/L/SPE4A726T802L.PDF,https://www.dibbs.bsm.dla.mil/RFQ/RFQRec.aspx?sn=SPE4A726T802L,https://www.dibbs.bsm.dla.mil/rfq/rfqrec.aspx?sn=SPE4A726T802L,PLATE,2,20260930T161339Z,5365-01-063-1196,"SPACER,PLATE",L,332510,57.0,0UBG9 | 11201-B-18A | CURTISS-WRIGHT ELECTRO-MECHANICAL,,2026-09-29,2026-10-06,PLATE,DIBBS|SPE4A726T802L|5365-01-063-1196,C08,Plates / Markings / Mounting / Misc,PLATE,PLATE,True,core-adjacent,broad keyword only,"Broad keyword only in modifier, item noun is 'SPACER'"
SPE4A626T33KX,5310-00-990-3447,SPE4A626T33KX,09-21-2026,10-01-2026,2026-09-28 07:25:36,Origin,Destination,None,7018414610,https://dibbs2.bsm.dla.mil/Downloads/RFQ/X/SPE4A626T33KX.PDF,https://www.dibbs.bsm.dla.mil/RFQ/RFQRec.aspx?sn=SPE4A626T33KX,https://www.dibbs.bsm.dla.mil/rfq/rfqrec.aspx?sn=SPE4A626T33KX,PLATE,2,20260930T161339Z,5310-00-990-3447,"NUT,SELF-LOCKING,PLATE",C,332722,614.0,,,2026-09-21,2026-10-01,PLATE,DIBBS|SPE4A626T33KX|5310-00-990-3447,C08,Plates / Markings / Mounting / Misc,PLATE,PLATE,True,core-adjacent,broad keyword only,"Broad keyword only in modifier, item noun is 'NUT'"
SPE4A626T37PR,5310-01-155-2573,SPE4A626T37PR,09-29-2026,10-06-2026,2026-09-28 05:05:10,Origin,Destination,Tech,7018343681,https://dibbs2.bsm.dla.mil/Downloads/RFQ/R/SPE4A626T37PR.PDF,https://www.dibbs.bsm.dla.mil/RFQ/RFQRec.aspx?sn=SPE4A626T37PR,https://www.dibbs.bsm.dla.mil/rfq/rfqrec.aspx?sn=SPE4A626T37PR,PLATE,2,20260930T161339Z,5310-01-155-2573,"NUT,SELF-LOCKING,PLATE",G,332722,1771.0,,,2026-09-29,2026-10-06,PLATE,DIBBS|SPE4A626T37PR|5310-01-155-2573,C08,Plates / Markings / Mounting / Misc,PLATE,PLATE,True,core-adjacent,broad keyword only,"Broad keyword only in modifier, item noun is 'NUT'"
SPE4A626T37LN,5310-00-369-1711,SPE4A626T37LN,09-29-2026,10-06-2026,2026-09-28 02:46:49,Origin,Destination,Tech,7017966359,https://dibbs2.bsm.dla.mil/Downloads/RFQ/N/SPE4A626T37LN.PDF,https://www.dibbs.bsm.dla.mil/RFQ/RFQRec.aspx?sn=SPE4A626T37LN,https://www.dibbs.bsm.dla.mil/rfq/rfqrec.aspx?sn=SPE4A626T37LN,PLATE,2,20260930T161339Z,5310-00-369-1711,"NUT,SELF-LOCKING,PLATE",C,332722,367.0,15653 | K50236-3 | HOWMET GLOBAL FASTENING SYSTEMS INC,,2026-09-29,2026-10-06,PLATE,DIBBS|SPE4A626T37LN|5310-00-369-1711,C08,Plates / Markings / Mounting / Misc,PLATE,PLATE,True,core-adjacent,broad keyword only,"Broad keyword only in modifier, item noun is 'NUT'"
SPE4A626T37LC,5310-01-024-3327,SPE4A626T37LC,09-29-2026,10-06-2026,2026-09-28 01:34:01,Origin,Destination,Tech,7018249047,https://dibbs2.bsm.dla.mil/Downloads/RFQ/C/SPE4A626T37LC.PDF,https://www.dibbs.bsm.dla.mil/RFQ/RFQRec.aspx?sn=SPE4A626T37LC,https://www.dibbs.bsm.dla.mil/rfq/rfqrec.aspx?sn=SPE4A626T37LC,PLATE,2,20260930T161339Z,5310-01-024-3327,"NUT,SELF-LOCKING,PLATE",C,332722,2508.0,15653 | F50339-3-1 | HOWMET GLOBAL FASTENING SYSTEMS INC,,2026-09-29,2026-10-06,PLATE,DIBBS|SPE4A626T37LC|5310-01-024-3327,C08,Plates / Markings / Mounting / Misc,PLATE,PLATE,True,core-adjacent,broad keyword only,"Broad keyword only in modifier, item noun is 'NUT'"
SPE4A626T37JD,5970-01-421-6950,SPE4A626T37JD,09-29-2026,10-06-2026,2026-09-28 08:37:57,Origin,Origin,None,7018555482,https://dibbs2.bsm.dla.mil/Downloads/RFQ/D/SPE4A626T37JD.PDF,https://www.dibbs.bsm.dla.mil/RFQ/RFQRec.aspx?sn=SPE4A626T37JD,https://www.dibbs.bsm.dla.mil/rfq/rfqrec.aspx?sn=SPE4A626T37JD,PLATE,2,20260930T161339Z,5970-01-421-6950,"INSULATOR,PLATE",L,334413,4.0,35351 | 7461100213 | GE AVIATION SYSTEMS LLC,,2026-09-29,2026-10-06,PLATE,DIBBS|SPE4A626T37JD|5970-01-421-6950,C08,Plates / Markings / Mounting / Misc,PLATE,PLATE,True,core-adjacent,broad keyword only,"Broad keyword only in modifier, item noun is 'INSULATOR'"
SPE4A726T798S,5365-01-288-1502,SPE4A726T798S,09-29-2026,10-06-2026,2026-09-28 08:37:56,Origin,Destination,None,7017199804,https://dibbs2.bsm.dla.mil/Downloads/RFQ/S/SPE4A726T798S.PDF,https://www.dibbs.bsm.dla.mil/RFQ/RFQRec.aspx?sn=SPE4A726T798S,https://www.dibbs.bsm.dla.mil/rfq/rfqrec.aspx?sn=SPE4A726T798S,PLATE,2,20260930T161339Z,5365-01-288-1502,"SPACER,PLATE",D,332722,14.0,"98255 | SW25336 | DRS SUSTAINMENT SYSTEMS, INC",,2026-09-29,2026-10-06,PLATE,DIBBS|SPE4A726T798S|5365-01-288-1502,C08,Plates / Markings / Mounting / Misc,PLATE,PLATE,True,core-adjacent,broad keyword only,"Broad keyword only in modifier, item noun is 'SPACER'"
SPE4A626T37EC,5310-00-762-2887,SPE4A626T37EC,09-28-2026,10-05-2026,2026-09-27 06:21:44,Origin,Destination,Tech,7018458505,https://dibbs2.bsm.dla.mil/Downloads/RFQ/C/SPE4A626T37EC.PDF,https://www.dibbs.bsm.dla.mil/RFQ/RFQRec.aspx?sn=SPE4A626T37EC,https://www.dibbs.bsm.dla.mil/rfq/rfqrec.aspx?sn=SPE4A626T37EC,PLATE,2,20260930T161339Z,5310-00-762-2887,"NUT,SELF-LOCKING,PLATE",G,332722,7881.0,,,2026-09-28,2026-10-05,PLATE,DIBBS|SPE4A626T37EC|5310-00-762-2887,C08,Plates / Markings / Mounting / Misc,PLATE,PLATE,True,core-adjacent,broad keyword only,"Broad keyword only in modifier, item noun is 'NUT'"
SPE4A726T764U,5365-01-579-4066,SPE4A726T764U,09-18-2026,09-30-2026,2026-09-25 06:33:12,Origin,Origin,Tech,7018390473,https://dibbs2.bsm.dla.mil/Downloads/RFQ/U/SPE4A726T764U.PDF,https://www.dibbs.bsm.dla.mil/RFQ/RFQRec.aspx?sn=SPE4A726T764U,https://www.dibbs.bsm.dla.mil/rfq/rfqrec.aspx?sn=SPE4A726T764U,PLATE,2,20260930T161339Z,5365-01-579-4066,"SPACER,PLATE",G,332999,25.0,,,2026-09-18,2026-09-30,PLATE,DIBBS|SPE4A726T764U|5365-01-579-4066,C08,Plates / Markings / Mounting / Misc,PLATE,PLATE,True,core-adjacent,broad keyword only,"Broad keyword only in modifier, item noun is 'SPACER'"
SPE4A626U4132,5310-01-332-8208,SPE4A626U4132,09-11-2026,09-30-2026,2026-09-25 06:33:10,Origin,Destination,None,1000243364,https://dibbs2.bsm.dla.mil/Downloads/RFQ/2/SPE4A626U4132.PDF,https://www.dibbs.bsm.dla.mil/RFQ/RFQRec.aspx?sn=SPE4A626U4132,https://www.dibbs.bsm.dla.mil/rfq/rfqrec.aspx?sn=SPE4A626U4132,PLATE,2,20260930T161339Z,5310-01-332-8208,"NUT,SELF-LOCKING,PLATE",R,332722,1138.0,15653 | F52891-4-2 | HOWMET GLOBAL FASTENING SYSTEMS INC,,2026-09-11,2026-09-30,PLATE,DIBBS|SPE4A626U4132|5310-01-332-8208,C08,Plates / Markings / Mounting / Misc,PLATE,PLATE,True,core-adjacent,broad keyword only,"Broad keyword only in modifier, item noun is 'NUT'"
SPE4A626U4137,5310-01-321-2425,SPE4A626U4137,09-11-2026,09-30-2026,2026-09-25 06:32:56,Origin,Destination,Tech,1000243289,https://dibbs2.bsm.dla.mil/Downloads/RFQ/7/SPE4A626U4137.PDF,https://www.dibbs.bsm.dla.mil/RFQ/RFQRec.aspx?sn=SPE4A626U4137,https://www.dibbs.bsm.dla.mil/rfq/rfqrec.aspx?sn=SPE4A626U4137,PLATE,2,20260930T161339Z,5310-01-321-2425,"NUT,SELF-LOCKING,PLATE",C,332722,1607.0,15653 | F52890-3-1 | HOWMET GLOBAL FASTENING SYSTEMS INC,,2026-09-11,2026-09-30,PLATE,DIBBS|SPE4A626U4137|5310-01-321-2425,C08,Plates / Markings / Mounting / Misc,PLATE,PLATE,True,core-adjacent,broad keyword only,"Broad keyword only in modifier, item noun is 'NUT'"
SPE4A726T749V,5365-01-282-1563,SPE4A726T749V,09-17-2026,09-29-2026,2026-09-24 07:22:43,Origin,Origin,Tech,7018343764,https://dibbs2.bsm.dla.mil/Downloads/RFQ/V/SPE4A726T749V.PDF,https://www.dibbs.bsm.dla.mil/RFQ/RFQRec.aspx?sn=SPE4A726T749V,https://www.dibbs.bsm.dla.mil/rfq/rfqrec.aspx?sn=SPE4A726T749V,PLATE,2,20260930T161339Z,5365-01-282-1563,"SPACER,PLATE",G,332510,5.0,,,2026-09-17,2026-09-29,PLATE,DIBBS|SPE4A726T749V|5365-01-282-1563,C08,Plates / Markings / Mounting / Misc,PLATE,PLATE,True,core-adjacent,broad keyword only,"Broad keyword only in modifier, item noun is 'SPACER'"
SPE4A526T438E,5310-01-690-3788,SPE4A526T438E,09-17-2026,09-29-2026,2026-09-24 07:22:09,Origin,Destination,None,7018377379,https://dibbs2.bsm.dla.mil/Downloads/RFQ/E/SPE4A526T438E.PDF,https://www.dibbs.bsm.dla.mil/RFQ/RFQRec.aspx?sn=SPE4A526T438E,https://www.dibbs.bsm.dla.mil/rfq/rfqrec.aspx?sn=SPE4A526T438E,PLATE,2,20260930T161339Z,5310-01-690-3788,"NUT,SELF-LOCKING,PLATE",Z,332722,49.0,81205 | BACN10YF43CD | THE BOEING COMPANY,,2026-09-17,2026-09-29,PLATE,DIBBS|SPE4A526T438E|5310-01-690-3788,C08,Plates / Markings / Mounting / Misc,PLATE,PLATE,True,core-adjacent,broad keyword only,"Broad keyword only in modifier, item noun is 'NUT'"
SPE4A626T20PL,5310-01-665-5751,SPE4A626T20PL,08-20-2026,09-29-2026,2026-09-24 07:21:52,Origin,Destination,None,7014545198,https://dibbs2.bsm.dla.mil/Downloads/RFQ/L/SPE4A626T20PL.PDF,https://www.dibbs.bsm.dla.mil/RFQ/RFQRec.aspx?sn=SPE4A626T20PL,https://www.dibbs.bsm.dla.mil/rfq/rfqrec.aspx?sn=SPE4A626T20PL,PLATE,2,20260930T161339Z,5310-01-665-5751,"NUT SPACER,PLATE",D,332722,42.0,05259 | 19C055-5 | CONTAINER RESEARCH CORP,,2026-08-20,2026-09-29,PLATE,DIBBS|SPE4A626T20PL|5310-01-665-5751,C08,Plates / Markings / Mounting / Misc,PLATE,PLATE,True,core-adjacent,broad keyword only,"Broad keyword only in modifier, item noun is 'NUT SPACER'"
SPE4A626T36TZ,5310-00-582-9171,SPE4A626T36TZ,09-25-2026,10-02-2026,2026-09-24 04:56:31,Origin,Destination,Tech,7018376189,https://dibbs2.bsm.dla.mil/Downloads/RFQ/Z/SPE4A626T36TZ.PDF,https://www.dibbs.bsm.dla.mil/RFQ/RFQRec.aspx?sn=SPE4A626T36TZ,https://www.dibbs.bsm.dla.mil/rfq/rfqrec.aspx?sn=SPE4A626T36TZ,PLATE,2,20260930T161339Z,5310-00-582-9171,"NUT,SELF-LOCKING,PLATE",B,332722,242.0,15653 | F1972-3-4 | HOWMET GLOBAL FASTENING SYSTEMS INC,,2026-09-25,2026-10-02,PLATE,DIBBS|SPE4A626T36TZ|5310-00-582-9171,C08,Plates / Markings / Mounting / Misc,PLATE,PLATE,True,core-adjacent,broad keyword only,"Broad keyword only in modifier, item noun is 'NUT'"
SPE4A026T5018,5365-01-326-1141,SPE4A026T5018,09-25-2026,10-02-2026,2026-09-24 01:24:20,Origin,Destination,None,7018421111,https://dibbs2.bsm.dla.mil/Downloads/RFQ/8/SPE4A026T5018.PDF,https://www.dibbs.bsm.dla.mil/RFQ/RFQRec.aspx?sn=SPE4A026T5018,https://www.dibbs.bsm.dla.mil/rfq/rfqrec.aspx?sn=SPE4A026T5018,PLATE,2,20260930T161339Z,5365-01-326-1141,"SPACER,PLATE",D,332510,2.0,98897 | LS35128B027E034 | LOCKHEED MARTIN CORP,,2026-09-25,2026-10-02,PLATE,DIBBS|SPE4A026T5018|5365-01-326-1141,C08,Plates / Markings / Mounting / Misc,PLATE,PLATE,True,core-adjacent,broad keyword only,"Broad keyword only in modifier, item noun is 'SPACER'"
SPE4A026T5012,5365-01-342-8607,SPE4A026T5012,09-25-2026,10-02-2026,2026-09-24 11:47:12,Origin,Destination,None,7018437134,https://dibbs2.bsm.dla.mil/Downloads/RFQ/2/SPE4A026T5012.PDF,https://www.dibbs.bsm.dla.mil/RFQ/RFQRec.aspx?sn=SPE4A026T5012,https://www.dibbs.bsm.dla.mil/rfq/rfqrec.aspx?sn=SPE4A026T5012,PLATE,2,20260930T161339Z,5365-01-342-8607,"SPACER,PLATE",L,332510,1.0,"98255 | SW26639 | DRS SUSTAINMENT SYSTEMS, INC",,2026-09-25,2026-10-02,PLATE,DIBBS|SPE4A026T5012|5365-01-342-8607,C08,Plates / Markings / Mounting / Misc,PLATE,PLATE,True,core-adjacent,broad keyword only,"Broad keyword only in modifier, item noun is 'SPACER'"
SPE4A726T792L,5365-00-849-2105,SPE4A726T792L,09-25-2026,10-02-2026,2026-09-24 11:47:12,Origin,Origin,None,7018068789,https://dibbs2.bsm.dla.mil/Downloads/RFQ/L/SPE4A726T792L.PDF,https://www.dibbs.bsm.dla.mil/RFQ/RFQRec.aspx?sn=SPE4A726T792L,https://www.dibbs.bsm.dla.mil/rfq/rfqrec.aspx?sn=SPE4A726T792L,PLATE,2,20260930T161339Z,5365-00-849-2105,"SPACER,PLATE",D,332119,715.0,72582 | 5119395 | ROLLS-ROYCE SOLUTIONS AMERICA INC,,2026-09-25,2026-10-02,PLATE,DIBBS|SPE4A726T792L|5365-00-849-2105,C08,Plates / Markings / Mounting / Misc,PLATE,PLATE,True,core-adjacent,broad keyword only,"Broad keyword only in modifier, item noun is 'SPACER'"
SPE4A626T36PG,5310-01-543-8577,SPE4A626T36PG,09-25-2026,10-02-2026,2026-09-24 11:47:12,Origin,Destination,None,7018458082,https://dibbs2.bsm.dla.mil/Downloads/RFQ/G/SPE4A626T36PG.PDF,https://www.dibbs.bsm.dla.mil/RFQ/RFQRec.aspx?sn=SPE4A626T36PG,https://www.dibbs.bsm.dla.mil/rfq/rfqrec.aspx?sn=SPE4A626T36PG,PLATE,2,20260930T161339Z,5310-01-543-8577,"NUT,PLAIN,PLATE",D,332722,65.0,66530 | CB3000CRA3-12P750 | CLICK BOND INC,,2026-09-25,2026-10-02,PLATE,DIBBS|SPE4A626T36PG|5310-01-543-8577,C08,Plates / Markings / Mounting / Misc,PLATE,PLATE,True,core-adjacent,broad keyword only,"Broad keyword only in modifier, item noun is 'NUT'"
SPE4A526T474W,5310-01-667-2692,SPE4A526T474W,09-25-2026,10-02-2026,2026-09-24 11:47:12,Origin,Destination,None,7018305653,https://dibbs2.bsm.dla.mil/Downloads/RFQ/W/SPE4A526T474W.PDF,https://www.dibbs.bsm.dla.mil/RFQ/RFQRec.aspx?sn=SPE4A526T474W,https://www.dibbs.bsm.dla.mil/rfq/rfqrec.aspx?sn=SPE4A526T474W,PLATE,2,20260930T161339Z,5310-01-667-2692,"NUT,PLAIN,PLATE",C,000000,26.0,"1Y921 | 513-026-00 | ONBOARD SYSTEMS INTERNATIONAL, LLC",,2026-09-25,2026-10-02,PLATE,DIBBS|SPE4A526T474W|5310-01-667-2692,C08,Plates / Markings / Mounting / Misc,PLATE,PLATE,True,core-adjacent,broad keyword only,"Broad keyword only in modifier, item noun is 'NUT'"
SPE7M026T099L,5365-01-617-4944,SPE7M026T099L,09-25-2026,10-02-2026,2026-09-24 11:05:34,Origin,Destination,Tech,7018420953,https://dibbs2.bsm.dla.mil/Downloads/RFQ/L/SPE7M026T099L.PDF,https://www.dibbs.bsm.dla.mil/RFQ/RFQRec.aspx?sn=SPE7M026T099L,https://www.dibbs.bsm.dla.mil/rfq/rfqrec.aspx?sn=SPE7M026T099L,PLATE,2,20260930T161339Z,5365-01-617-4944,"SPACER,PLATE",G,332999,8.0,,,2026-09-25,2026-10-02,PLATE,DIBBS|SPE7M026T099L|5365-01-617-4944,C08,Plates / Markings / Mounting / Misc,PLATE,PLATE,True,core-adjacent,broad keyword only,"Broad keyword only in modifier, item noun is 'SPACER'"
SPE4A526T474Q,1560-00-004-3816,SPE4A526T474Q,09-25-2026,10-02-2026,2026-09-24 10:45:12,Origin,Destination,None,7018413064,https://dibbs2.bsm.dla.mil/Downloads/RFQ/Q/SPE4A526T474Q.PDF,https://www.dibbs.bsm.dla.mil/RFQ/RFQRec.aspx?sn=SPE4A526T474Q,https://www.dibbs.bsm.dla.mil/rfq/rfqrec.aspx?sn=SPE4A526T474Q,PLATE,2,20260930T161339Z,1560-00-004-3816,"RETAINER,PLATE",R,336413,6.0,97499 | 212-060-792-003 | BELL TEXTRON INC,,2026-09-25,2026-10-02,PLATE,DIBBS|SPE4A526T474Q|1560-00-004-3816,C08,Plates / Markings / Mounting / Misc,PLATE,PLATE,True,core-adjacent,broad keyword only,"Broad keyword only in modifier, item noun is 'RETAINER'"
SPE7M026T099J,5365-01-617-4915,SPE7M026T099J,09-25-2026,10-02-2026,2026-09-24 09:35:24,Origin,Destination,Tech,7018420954,https://dibbs2.bsm.dla.mil/Downloads/RFQ/J/SPE7M026T099J.PDF,https://www.dibbs.bsm.dla.mil/RFQ/RFQRec.aspx?sn=SPE7M026T099J,https://www.dibbs.bsm.dla.mil/rfq/rfqrec.aspx?sn=SPE7M026T099J,PLATE,2,20260930T161339Z,5365-01-617-4915,"SPACER,PLATE",G,332999,8.0,,,2026-09-25,2026-10-02,PLATE,DIBBS|SPE7M026T099J|5365-01-617-4915,C08,Plates / Markings / Mounting / Misc,PLATE,PLATE,True,core-adjacent,broad keyword only,"Broad keyword only in modifier, item noun is 'SPACER'"
SPE4A726T791M,5365-01-255-9493,SPE4A726T791M,09-25-2026,10-02-2026,2026-09-24 09:35:24,Origin,Destination,None,7018434560,https://dibbs2.bsm.dla.mil/Downloads/RFQ/M/SPE4A726T791M.PDF,https://www.dibbs.bsm.dla.mil/RFQ/RFQRec.aspx?sn=SPE4A726T791M,https://www.dibbs.bsm.dla.mil/rfq/rfqrec.aspx?sn=SPE4A726T791M,PLATE,2,20260930T161339Z,5365-01-255-9493,"SPACER,PLATE",Q,332510,1.0,21439 | 152A1267-1 | CURTISS-WRIGHT FLOW CONTROL SERVICE,,2026-09-25,2026-10-02,PLATE,DIBBS|SPE4A726T791M|5365-01-255-9493,C08,Plates / Markings / Mounting / Misc,PLATE,PLATE,True,core-adjacent,broad keyword only,"Broad keyword only in modifier, item noun is 'SPACER'"
SPE4A626T36GY,5310-00-772-3721,SPE4A626T36GY,09-25-2026,10-02-2026,2026-09-24 06:42:59,Origin,Destination,Tech,7018497219,https://dibbs2.bsm.dla.mil/Downloads/RFQ/Y/SPE4A626T36GY.PDF,https://www.dibbs.bsm.dla.mil/RFQ/RFQRec.aspx?sn=SPE4A626T36GY,https://www.dibbs.bsm.dla.mil/rfq/rfqrec.aspx?sn=SPE4A626T36GY,PLATE,3,20260930T161357Z,5310-00-772-3721,"NUT,SELF-LOCKING,PLATE",G,332722,2626.0,,,2026-09-25,2026-10-02,PLATE,DIBBS|SPE4A626T36GY|5310-00-772-3721,C08,Plates / Markings / Mounting / Misc,PLATE,PLATE,True,core-adjacent,broad keyword only,"Broad keyword only in modifier, item noun is 'NUT'"
SPE7L726T5450,1005-00-624-3607,SPE7L726T5450,09-25-2026,10-05-2026,2026-09-24 06:42:59,Origin,Origin,Tech,7018496394,https://dibbs2.bsm.dla.mil/Downloads/RFQ/0/SPE7L726T5450.PDF,https://www.dibbs.bsm.dla.mil/RFQ/RFQRec.aspx?sn=SPE7L726T5450,https://www.dibbs.bsm.dla.mil/rfq/rfqrec.aspx?sn=SPE7L726T5450,PLATE,3,20260930T161357Z,1005-00-624-3607,"SPRING,BACK PLATE LATC",G,332439,318.0,,,2026-09-25,2026-10-05,PLATE,DIBBS|SPE7L726T5450|1005-00-624-3607,C08,Plates / Markings / Mounting / Misc,PLATE,PLATE,True,core-adjacent,broad keyword only,"Broad keyword only in modifier, item noun is 'SPRING'"
SPE4A626T30BR,5970-01-658-2567,SPE4A626T30BR,09-16-2026,09-28-2026,2026-09-23 06:19:04,Origin,Destination,None,7018341422,https://dibbs2.bsm.dla.mil/Downloads/RFQ/R/SPE4A626T30BR.PDF,https://www.dibbs.bsm.dla.mil/RFQ/RFQRec.aspx?sn=SPE4A626T30BR,https://www.dibbs.bsm.dla.mil/rfq/rfqrec.aspx?sn=SPE4A626T30BR,PLATE,3,20260930T161357Z,5970-01-658-2567,"INSULATOR,PLATE",D,335932,3.0,55820 | 4951902-2 | RTX CORPORATION,,2026-09-16,2026-09-28,PLATE,DIBBS|SPE4A626T30BR|5970-01-658-2567,C08,Plates / Markings / Mounting / Misc,PLATE,PLATE,True,core-adjacent,broad keyword only,"Broad keyword only in modifier, item noun is 'INSULATOR'"
SPE4A726T788Y,5365-01-531-4254,SPE4A726T788Y,09-24-2026,10-01-2026,2026-09-23 04:54:56,Origin,Destination,Tech,7017695883,https://dibbs2.bsm.dla.mil/Downloads/RFQ/Y/SPE4A726T788Y.PDF,https://www.dibbs.bsm.dla.mil/RFQ/RFQRec.aspx?sn=SPE4A726T788Y,https://www.dibbs.bsm.dla.mil/rfq/rfqrec.aspx?sn=SPE4A726T788Y,PLATE,3,20260930T161357Z,5365-01-531-4254,"SPACER,PLATE",G,332999,12.0,,,2026-09-24,2026-10-01,PLATE,DIBBS|SPE4A726T788Y|5365-01-531-4254,C08,Plates / Markings / Mounting / Misc,PLATE,PLATE,True,core-adjacent,broad keyword only,"Broad keyword only in modifier, item noun is 'SPACER'"
SPE4A726T787T,5365-00-307-1829,SPE4A726T787T,09-24-2026,10-01-2026,2026-09-23 03:22:18,Origin,Origin,Tech,7018413401,https://dibbs2.bsm.dla.mil/Downloads/RFQ/T/SPE4A726T787T.PDF,https://www.dibbs.bsm.dla.mil/RFQ/RFQRec.aspx?sn=SPE4A726T787T,https://www.dibbs.bsm.dla.mil/rfq/rfqrec.aspx?sn=SPE4A726T787T,PLATE,3,20260930T161357Z,5365-00-307-1829,"SPACER,PLATE",G,332510,367.0,,,2026-09-24,2026-10-01,PLATE,DIBBS|SPE4A726T787T|5365-00-307-1829,C08,Plates / Markings / Mounting / Misc,PLATE,PLATE,True,core-adjacent,broad keyword only,"Broad keyword only in modifier, item noun is 'SPACER'"
SPE4A626T35XV,5970-01-658-9159,SPE4A626T35XV,09-24-2026,10-01-2026,2026-09-23 01:35:28,Origin,Destination,None,7018306501,https://dibbs2.bsm.dla.mil/Downloads/RFQ/V/SPE4A626T35XV.PDF,https://www.dibbs.bsm.dla.mil/RFQ/RFQRec.aspx?sn=SPE4A626T35XV,https://www.dibbs.bsm.dla.mil/rfq/rfqrec.aspx?sn=SPE4A626T35XV,PLATE,3,20260930T161357Z,5970-01-658-9159,"INSULATOR,PLATE",D,335932,1.0,7KJ69 | 4208724 | TELEDYNE FLIR UNMANNED GROUND SYSTE,,2026-09-24,2026-10-01,PLATE,DIBBS|SPE4A626T35XV|5970-01-658-9159,C08,Plates / Markings / Mounting / Misc,PLATE,PLATE,True,core-adjacent,broad keyword only,"Broad keyword only in modifier, item noun is 'INSULATOR'"
SPE4A726T738J,5365-00-533-6657,SPE4A726T738J,09-15-2026,09-25-2026,2026-09-22 06:19:34,Origin,Origin,Tech,7017226111,https://dibbs2.bsm.dla.mil/Downloads/RFQ/J/SPE4A726T738J.PDF,https://www.dibbs.bsm.dla.mil/RFQ/RFQRec.aspx?sn=SPE4A726T738J,https://www.dibbs.bsm.dla.mil/rfq/rfqrec.aspx?sn=SPE4A726T738J,PLATE,3,20260930T161357Z,5365-00-533-6657,"SPACER,PLATE",G,332510,394.0,,,2026-09-15,2026-09-25,PLATE,DIBBS|SPE4A726T738J|5365-00-533-6657,C08,Plates / Markings / Mounting / Misc,PLATE,PLATE,True,core-adjacent,broad keyword only,"Broad keyword only in modifier, item noun is 'SPACER'"
SPE4A726T738H,5365-00-533-6657,SPE4A726T738H,09-15-2026,09-25-2026,2026-09-22 06:19:25,Origin,Origin,Tech,7017040105,https://dibbs2.bsm.dla.mil/Downloads/RFQ/H/SPE4A726T738H.PDF,https://www.dibbs.bsm.dla.mil/RFQ/RFQRec.aspx?sn=SPE4A726T738H,https://www.dibbs.bsm.dla.mil/rfq/rfqrec.aspx?sn=SPE4A726T738H,PLATE,3,20260930T161357Z,5365-00-533-6657,"SPACER,PLATE",G,332510,394.0,,,2026-09-15,2026-09-25,PLATE,DIBBS|SPE4A726T738H|5365-00-533-6657,C08,Plates / Markings / Mounting / Misc,PLATE,PLATE,True,core-adjacent,broad keyword only,"Broad keyword only in modifier, item noun is 'SPACER'"
SPE4A726T787C,5365-99-979-8712,SPE4A726T787C,09-23-2026,09-30-2026,2026-09-22 05:57:44,Origin,Destination,None,7017493650,https://dibbs2.bsm.dla.mil/Downloads/RFQ/C/SPE4A726T787C.PDF,https://www.dibbs.bsm.dla.mil/RFQ/RFQRec.aspx?sn=SPE4A726T787C,https://www.dibbs.bsm.dla.mil/rfq/rfqrec.aspx?sn=SPE4A726T787C,PLATE,3,20260930T161357Z,5365-99-979-8712,"SPACER,PLATE",R,332510,8.0,K7705 | G415/4695/35 | KNDS DEFENCE UK LIMITED,,2026-09-23,2026-09-30,PLATE,DIBBS|SPE4A726T787C|5365-99-979-8712,C08,Plates / Markings / Mounting / Misc,PLATE,PLATE,True,core-adjacent,broad keyword only,"Broad keyword only in modifier, item noun is 'SPACER'"
SPE4A626T35TR,5310-01-309-4791,SPE4A626T35TR,09-23-2026,09-30-2026,2026-09-22 11:42:51,Origin,Destination,Tech,7018458647,https://dibbs2.bsm.dla.mil/Downloads/RFQ/R/SPE4A626T35TR.PDF,https://www.dibbs.bsm.dla.mil/RFQ/RFQRec.aspx?sn=SPE4A626T35TR,https://www.dibbs.bsm.dla.mil/rfq/rfqrec.aspx?sn=SPE4A626T35TR,PLATE,3,20260930T161357Z,5310-01-309-4791,"NUT,SELF-LOCKING,PLATE",G,332722,960.0,,,2026-09-23,2026-09-30,PLATE,DIBBS|SPE4A626T35TR|5310-01-309-4791,C08,Plates / Markings / Mounting / Misc,PLATE,PLATE,True,core-adjacent,broad keyword only,"Broad keyword only in modifier, item noun is 'NUT'"
SPE4A726T785Z,5365-01-317-3406,SPE4A726T785Z,09-23-2026,09-30-2026,2026-09-22 10:43:03,Origin,Origin,Tech,7016129676,https://dibbs2.bsm.dla.mil/Downloads/RFQ/Z/SPE4A726T785Z.PDF,https://www.dibbs.bsm.dla.mil/RFQ/RFQRec.aspx?sn=SPE4A726T785Z,https://www.dibbs.bsm.dla.mil/rfq/rfqrec.aspx?sn=SPE4A726T785Z,PLATE,3,20260930T161357Z,5365-01-317-3406,"SPACER,PLATE",G,332510,10.0,,,2026-09-23,2026-09-30,PLATE,DIBBS|SPE4A726T785Z|5365-01-317-3406,C08,Plates / Markings / Mounting / Misc,PLATE,PLATE,True,core-adjacent,broad keyword only,"Broad keyword only in modifier, item noun is 'SPACER'"
SPE4A626T35DF,5310-01-248-8389,SPE4A626T35DF,09-23-2026,09-30-2026,2026-09-22 03:47:56,Origin,Destination,Tech,7018458442,https://dibbs2.bsm.dla.mil/Downloads/RFQ/F/SPE4A626T35DF.PDF,https://www.dibbs.bsm.dla.mil/RFQ/RFQRec.aspx?sn=SPE4A626T35DF,https://www.dibbs.bsm.dla.mil/rfq/rfqrec.aspx?sn=SPE4A626T35DF,PLATE,3,20260930T161357Z,5310-01-248-8389,"NUT,SELF-LOCKING,PLATE",B,332722,100.0,"019L2 | 101F9213-2-3 | ESNA, LLC",,2026-09-23,2026-09-30,PLATE,DIBBS|SPE4A626T35DF|5310-01-248-8389,C08,Plates / Markings / Mounting / Misc,PLATE,PLATE,True,core-adjacent,broad keyword only,"Broad keyword only in modifier, item noun is 'NUT'"
SPE4A626T35KP,5310-01-615-6396,SPE4A626T35KP,09-23-2026,09-30-2026,2026-09-22 03:47:56,Origin,Destination,Tech,7018458199,https://dibbs2.bsm.dla.mil/Downloads/RFQ/P/SPE4A626T35KP.PDF,https://www.dibbs.bsm.dla.mil/RFQ/RFQRec.aspx?sn=SPE4A626T35KP,https://www.dibbs.bsm.dla.mil/rfq/rfqrec.aspx?sn=SPE4A626T35KP,PLATE,3,20260930T161357Z,5310-01-615-6396,"NUT,SELF-LOCKING,PLATE",G,332722,103.0,,,2026-09-23,2026-09-30,PLATE,DIBBS|SPE4A626T35KP|5310-01-615-6396,C08,Plates / Markings / Mounting / Misc,PLATE,PLATE,True,core-adjacent,broad keyword only,"Broad keyword only in modifier, item noun is 'NUT'"
SPE4A726T784B,5365-01-390-5882,SPE4A726T784B,09-23-2026,09-30-2026,2026-09-22 03:47:56,Origin,Destination,None,7018458705,https://dibbs2.bsm.dla.mil/Downloads/RFQ/B/SPE4A726T784B.PDF,https://www.dibbs.bsm.dla.mil/RFQ/RFQRec.aspx?sn=SPE4A726T784B,https://www.dibbs.bsm.dla.mil/rfq/rfqrec.aspx?sn=SPE4A726T784B,PLATE,3,20260930T161357Z,5365-01-390-5882,"SPACER,PLATE",L,332722,43.0,076M6 | 29524397 | AMZ ALABAMA INC.,,2026-09-23,2026-09-30,PLATE,DIBBS|SPE4A726T784B|5365-01-390-5882,C08,Plates / Markings / Mounting / Misc,PLATE,PLATE,True,core-adjacent,broad keyword only,"Broad keyword only in modifier, item noun is 'SPACER'"
SPE4A626T35MW,5970-12-345-6186,SPE4A626T35MW,09-23-2026,09-30-2026,2026-09-22 03:47:56,Origin,Destination,None,7018457458,https://dibbs2.bsm.dla.mil/Downloads/RFQ/W/SPE4A626T35MW.PDF,https://www.dibbs.bsm.dla.mil/RFQ/RFQRec.aspx?sn=SPE4A626T35MW,https://www.dibbs.bsm.dla.mil/rfq/rfqrec.aspx?sn=SPE4A626T35MW,PLATE,3,20260930T161357Z,5970-12-345-6186,"INSULATOR,PLATE",L,335999,15.0,D0857 | 060.20.0093 | VINCORION POWER SYSTEMS GMBH,,2026-09-23,2026-09-30,PLATE,DIBBS|SPE4A626T35MW|5970-12-345-6186,C08,Plates / Markings / Mounting / Misc,PLATE,PLATE,True,core-adjacent,broad keyword only,"Broad keyword only in modifier, item noun is 'INSULATOR'"
SPE4A626T35HF,5310-01-332-7993,SPE4A626T35HF,09-23-2026,09-30-2026,2026-09-22 03:47:56,Origin,Destination,Tech,7018458755,https://dibbs2.bsm.dla.mil/Downloads/RFQ/F/SPE4A626T35HF.PDF,https://www.dibbs.bsm.dla.mil/RFQ/RFQRec.aspx?sn=SPE4A626T35HF,https://www.dibbs.bsm.dla.mil/rfq/rfqrec.aspx?sn=SPE4A626T35HF,PLATE,3,20260930T161357Z,5310-01-332-7993,"NUT,SELF-LOCKING,PLATE",G,332722,571.0,,,2026-09-23,2026-09-30,PLATE,DIBBS|SPE4A626T35HF|5310-01-332-7993,C08,Plates / Markings / Mounting / Misc,PLATE,PLATE,True,core-adjacent,broad keyword only,"Broad keyword only in modifier, item noun is 'NUT'"
SPE4A626T35AS,5310-00-855-5977,SPE4A626T35AS,09-23-2026,09-30-2026,2026-09-22 03:47:56,Origin,Destination,Tech,7018458368,https://dibbs2.bsm.dla.mil/Downloads/RFQ/S/SPE4A626T35AS.PDF,https://www.dibbs.bsm.dla.mil/RFQ/RFQRec.aspx?sn=SPE4A626T35AS,https://www.dibbs.bsm.dla.mil/rfq/rfqrec.aspx?sn=SPE4A626T35AS,PLATE,3,20260930T161357Z,5310-00-855-5977,"NUT SPACER,PLATE",G,332722,910.0,,,2026-09-23,2026-09-30,PLATE,DIBBS|SPE4A626T35AS|5310-00-855-5977,C08,Plates / Markings / Mounting / Misc,PLATE,PLATE,True,core-adjacent,broad keyword only,"Broad keyword only in modifier, item noun is 'NUT SPACER'"
SPE4A626T35EJ,5310-01-204-3095,SPE4A626T35EJ,09-23-2026,09-30-2026,2026-09-22 03:47:56,Origin,Destination,Tech,7018458606,https://dibbs2.bsm.dla.mil/Downloads/RFQ/J/SPE4A626T35EJ.PDF,https://www.dibbs.bsm.dla.mil/RFQ/RFQRec.aspx?sn=SPE4A626T35EJ,https://www.dibbs.bsm.dla.mil/rfq/rfqrec.aspx?sn=SPE4A626T35EJ,PLATE,3,20260930T161357Z,5310-01-204-3095,"WASHER,PLATE",C,332722,1673.0,0ACH0 | 119-5749340 | FIND 29	SMR ACQUISITION LLC,,2026-09-23,2026-09-30,PLATE,DIBBS|SPE4A626T35EJ|5310-01-204-3095,C08,Plates / Markings / Mounting / Misc,PLATE,PLATE,True,core-adjacent,broad keyword only,"Broad keyword only in modifier, item noun is 'WASHER'"
SPE4A626T34ZV,5310-00-811-6892,SPE4A626T34ZV,09-23-2026,09-30-2026,2026-09-22 03:47:56,Origin,Destination,None,7018458315,https://dibbs2.bsm.dla.mil/Downloads/RFQ/V/SPE4A626T34ZV.PDF,https://www.dibbs.bsm.dla.mil/RFQ/RFQRec.aspx?sn=SPE4A626T34ZV,https://www.dibbs.bsm.dla.mil/rfq/rfqrec.aspx?sn=SPE4A626T34ZV,PLATE,3,20260930T161357Z,5310-00-811-6892,"NUT,SELF-LOCKING,PLATE",C,332722,286.0,"019L2 | RM52LH3207B6-02 | ESNA, LLC",,2026-09-23,2026-09-30,PLATE,DIBBS|SPE4A626T34ZV|5310-00-811-6892,C08,Plates / Markings / Mounting / Misc,PLATE,PLATE,True,core-adjacent,broad keyword only,"Broad keyword only in modifier, item noun is 'NUT'"
SPE4A626T35AJ,5310-00-772-3721,SPE4A626T35AJ,09-23-2026,09-30-2026,2026-09-22 03:47:56,Origin,Destination,Tech,7018458359,https://dibbs2.bsm.dla.mil/Downloads/RFQ/J/SPE4A626T35AJ.PDF,https://www.dibbs.bsm.dla.mil/RFQ/RFQRec.aspx?sn=SPE4A626T35AJ,https://www.dibbs.bsm.dla.mil/rfq/rfqrec.aspx?sn=SPE4A626T35AJ,PLATE,3,20260930T161357Z,5310-00-772-3721,"NUT,SELF-LOCKING,PLATE",G,332722,175.0,,,2026-09-23,2026-09-30,PLATE,DIBBS|SPE4A626T35AJ|5310-00-772-3721,C08,Plates / Markings / Mounting / Misc,PLATE,PLATE,True,core-adjacent,broad keyword only,"Broad keyword only in modifier, item noun is 'NUT'"
SPE4A626T35DX,5310-01-178-2088,SPE4A626T35DX,09-23-2026,09-30-2026,2026-09-22 03:47:56,Origin,Destination,Tech,7018458533,https://dibbs2.bsm.dla.mil/Downloads/RFQ/X/SPE4A626T35DX.PDF,https://www.dibbs.bsm.dla.mil/RFQ/RFQRec.aspx?sn=SPE4A626T35DX,https://www.dibbs.bsm.dla.mil/rfq/rfqrec.aspx?sn=SPE4A626T35DX,PLATE,3,20260930T161357Z,5310-01-178-2088,"NUT,PLAIN,PLATE",C,332722,332.0,15653 | MF52348-3-2 | HOWMET GLOBAL FASTENING SYSTEMS INC,,2026-09-23,2026-09-30,PLATE,DIBBS|SPE4A626T35DX|5310-01-178-2088,C08,Plates / Markings / Mounting / Misc,PLATE,PLATE,True,core-adjacent,broad keyword only,"Broad keyword only in modifier, item noun is 'NUT'"
SPE4A626T29BN,5310-01-331-3802,SPE4A626T29BN,09-14-2026,09-24-2026,2026-09-21 09:11:51,Origin,Destination,Tech,7018227046,https://dibbs2.bsm.dla.mil/Downloads/RFQ/N/SPE4A626T29BN.PDF,https://www.dibbs.bsm.dla.mil/RFQ/RFQRec.aspx?sn=SPE4A626T29BN,https://www.dibbs.bsm.dla.mil/rfq/rfqrec.aspx?sn=SPE4A626T29BN,PLATE,3,20260930T161357Z,5310-01-331-3802,"NUT,SELF-LOCKING,PLATE",B,332722,29.0,15653 | F39044-3 | HOWMET GLOBAL FASTENING SYSTEMS INC,,2026-09-14,2026-09-24,PLATE,DIBBS|SPE4A626T29BN|5310-01-331-3802,C08,Plates / Markings / Mounting / Misc,PLATE,PLATE,True,core-adjacent,broad keyword only,"Broad keyword only in modifier, item noun is 'NUT'"
SPE4A526T463P,5365-01-205-5080,SPE4A526T463P,09-22-2026,09-29-2026,2026-09-21 01:22:12,Origin,Destination,None,7018392632,https://dibbs2.bsm.dla.mil/Downloads/RFQ/P/SPE4A526T463P.PDF,https://www.dibbs.bsm.dla.mil/RFQ/RFQRec.aspx?sn=SPE4A526T463P,https://www.dibbs.bsm.dla.mil/rfq/rfqrec.aspx?sn=SPE4A526T463P,PLATE,3,20260930T161357Z,5365-01-205-5080,"SPACER,PLATE",P,331110,7.0,73030 | 784727-1 | HAMILTON SUNDSTRAND CORPORATION,,2026-09-22,2026-09-29,PLATE,DIBBS|SPE4A526T463P|5365-01-205-5080,C08,Plates / Markings / Mounting / Misc,PLATE,PLATE,True,core-adjacent,broad keyword only,"Broad keyword only in modifier, item noun is 'SPACER'"
SPE4A726T778Z,5365-01-125-1714,SPE4A726T778Z,09-22-2026,09-29-2026,2026-09-21 12:15:49,Origin,Origin,Tech,7018414353,https://dibbs2.bsm.dla.mil/Downloads/RFQ/Z/SPE4A726T778Z.PDF,https://www.dibbs.bsm.dla.mil/RFQ/RFQRec.aspx?sn=SPE4A726T778Z,https://www.dibbs.bsm.dla.mil/rfq/rfqrec.aspx?sn=SPE4A726T778Z,PLATE,3,20260930T161357Z,5365-01-125-1714,"SPACER,PLATE",G,331110,10.0,,,2026-09-22,2026-09-29,PLATE,DIBBS|SPE4A726T778Z|5365-01-125-1714,C08,Plates / Markings / Mounting / Misc,PLATE,PLATE,True,core-adjacent,broad keyword only,"Broad keyword only in modifier, item noun is 'SPACER'"
SPE4A626T34PX,5310-01-113-0564,SPE4A626T34PX,09-22-2026,09-29-2026,2026-09-21 12:15:49,Origin,Destination,None,7018414237,https://dibbs2.bsm.dla.mil/Downloads/RFQ/X/SPE4A626T34PX.PDF,https://www.dibbs.bsm.dla.mil/RFQ/RFQRec.aspx?sn=SPE4A626T34PX,https://www.dibbs.bsm.dla.mil/rfq/rfqrec.aspx?sn=SPE4A626T34PX,PLATE,3,20260930T161357Z,5310-01-113-0564,"NUT,PLAIN,PLATE",C,332722,291.0,15653 | MF19058-3-5UTC | HOWMET GLOBAL FASTENING SYSTEMS INC,,2026-09-22,2026-09-29,PLATE,DIBBS|SPE4A626T34PX|5310-01-113-0564,C08,Plates / Markings / Mounting / Misc,PLATE,PLATE,True,core-adjacent,broad keyword only,"Broad keyword only in modifier, item noun is 'NUT'"
SPE4A726T778U,5365-01-651-3960,SPE4A726T778U,09-22-2026,09-29-2026,2026-09-21 12:15:49,Origin,Destination,Tech,7018413984,https://dibbs2.bsm.dla.mil/Downloads/RFQ/U/SPE4A726T778U.PDF,https://www.dibbs.bsm.dla.mil/RFQ/RFQRec.aspx?sn=SPE4A726T778U,https://www.dibbs.bsm.dla.mil/rfq/rfqrec.aspx?sn=SPE4A726T778U,PLATE,3,20260930T161357Z,5365-01-651-3960,"SPACER,PLATE",C,332119,9.0,1SR57 | W2F23706 | TRIUMPH ACTUATION SYSTEMS LLC,,2026-09-22,2026-09-29,PLATE,DIBBS|SPE4A726T778U|5365-01-651-3960,C08,Plates / Markings / Mounting / Misc,PLATE,PLATE,True,core-adjacent,broad keyword only,"Broad keyword only in modifier, item noun is 'SPACER'"
SPE4A726T779D,5365-00-704-0489,SPE4A726T779D,09-22-2026,09-29-2026,2026-09-21 12:15:49,Origin,Destination,Tech,7018412139,https://dibbs2.bsm.dla.mil/Downloads/RFQ/D/SPE4A726T779D.PDF,https://www.dibbs.bsm.dla.mil/RFQ/RFQRec.aspx?sn=SPE4A726T779D,https://www.dibbs.bsm.dla.mil/rfq/rfqrec.aspx?sn=SPE4A726T779D,PLATE,3,20260930T161357Z,5365-00-704-0489,"SPACER,PLATE",G,332722,84.0,,,2026-09-22,2026-09-29,PLATE,DIBBS|SPE4A726T779D|5365-00-704-0489,C08,Plates / Markings / Mounting / Misc,PLATE,PLATE,True,core-adjacent,broad keyword only,"Broad keyword only in modifier, item noun is 'SPACER'"
SPE4A626T34HZ,5310-01-016-8300,SPE4A626T34HZ,09-21-2026,09-28-2026,2026-09-21 12:15:49,Origin,Destination,Tech,7018414662,https://dibbs2.bsm.dla.mil/Downloads/RFQ/Z/SPE4A626T34HZ.PDF,https://www.dibbs.bsm.dla.mil/RFQ/RFQRec.aspx?sn=SPE4A626T34HZ,https://www.dibbs.bsm.dla.mil/rfq/rfqrec.aspx?sn=SPE4A626T34HZ,PLATE,3,20260930T161357Z,5310-01-016-8300,"NUT,SELF-LOCKING,PLATE",G,332722,17.0,,,2026-09-21,2026-09-28,PLATE,DIBBS|SPE4A626T34HZ|5310-01-016-8300,C08,Plates / Markings / Mounting / Misc,PLATE,PLATE,True,core-adjacent,broad keyword only,"Broad keyword only in modifier, item noun is 'NUT'"
SPE4A626T34ES,5310-01-081-0145,SPE4A626T34ES,09-21-2026,09-28-2026,2026-09-21 12:15:48,Origin,Destination,Tech,7018414468,https://dibbs2.bsm.dla.mil/Downloads/RFQ/S/SPE4A626T34ES.PDF,https://www.dibbs.bsm.dla.mil/RFQ/RFQRec.aspx?sn=SPE4A626T34ES,https://www.dibbs.bsm.dla.mil/rfq/rfqrec.aspx?sn=SPE4A626T34ES,PLATE,3,20260930T161357Z,5310-01-081-0145,"NUT,SELF-LOCKING,PLATE",G,332722,1415.0,,,2026-09-21,2026-09-28,PLATE,DIBBS|SPE4A626T34ES|5310-01-081-0145,C08,Plates / Markings / Mounting / Misc,PLATE,PLATE,True,core-adjacent,broad keyword only,"Broad keyword only in modifier, item noun is 'NUT'"
SPE4A626T34EW,5310-01-064-8794,SPE4A626T34EW,09-21-2026,09-28-2026,2026-09-21 12:15:48,Origin,Origin,Tech,7018389071,https://dibbs2.bsm.dla.mil/Downloads/RFQ/W/SPE4A626T34EW.PDF,https://www.dibbs.bsm.dla.mil/RFQ/RFQRec.aspx?sn=SPE4A626T34EW,https://www.dibbs.bsm.dla.mil/rfq/rfqrec.aspx?sn=SPE4A626T34EW,PLATE,3,20260930T161357Z,5310-01-064-8794,"NUT,SELF-LOCKING,PLATE",G,332722,179.0,,,2026-09-21,2026-09-28,PLATE,DIBBS|SPE4A626T34EW|5310-01-064-8794,C08,Plates / Markings / Mounting / Misc,PLATE,PLATE,True,core-adjacent,broad keyword only,"Broad keyword only in modifier, item noun is 'NUT'"
SPE4A526T456U,5970-01-535-8305,SPE4A526T456U,09-21-2026,09-28-2026,2026-09-21 12:15:48,Origin,Destination,None,7018412967,https://dibbs2.bsm.dla.mil/Downloads/RFQ/U/SPE4A526T456U.PDF,https://www.dibbs.bsm.dla.mil/RFQ/RFQRec.aspx?sn=SPE4A526T456U,https://www.dibbs.bsm.dla.mil/rfq/rfqrec.aspx?sn=SPE4A526T456U,PLATE,3,20260930T161357Z,5970-01-535-8305,"INSULATOR,PLATE",C,335999,134.0,79318 | 151268 | MEGGITT NORTH HOLLYWOOD INC,,2026-09-21,2026-09-28,PLATE,DIBBS|SPE4A526T456U|5970-01-535-8305,C08,Plates / Markings / Mounting / Misc,PLATE,PLATE,True,core-adjacent,broad keyword only,"Broad keyword only in modifier, item noun is 'INSULATOR'"
SPE4A626T32UW,5310-01-244-2258,SPE4A626T32UW,09-18-2026,09-25-2026,2026-09-17 11:39:19,Origin,Origin,Tech,7018389837,https://dibbs2.bsm.dla.mil/Downloads/RFQ/W/SPE4A626T32UW.PDF,https://www.dibbs.bsm.dla.mil/RFQ/RFQRec.aspx?sn=SPE4A626T32UW,https://www.dibbs.bsm.dla.mil/rfq/rfqrec.aspx?sn=SPE4A626T32UW,PLATE,4,20260930T161415Z,5310-01-244-2258,"NUT,SELF-LOCKING,PLATE",G,332722,234.0,,,2026-09-18,2026-09-25,PLATE,DIBBS|SPE4A626T32UW|5310-01-244-2258,C08,Plates / Markings / Mounting / Misc,PLATE,PLATE,True,core-adjacent,broad keyword only,"Broad keyword only in modifier, item noun is 'NUT'"
SPE4A626T32UR,5310-01-267-8510,SPE4A626T32UR,09-18-2026,09-25-2026,2026-09-17 11:39:19,Origin,Destination,Tech,7018390306,https://dibbs2.bsm.dla.mil/Downloads/RFQ/R/SPE4A626T32UR.PDF,https://www.dibbs.bsm.dla.mil/RFQ/RFQRec.aspx?sn=SPE4A626T32UR,https://www.dibbs.bsm.dla.mil/rfq/rfqrec.aspx?sn=SPE4A626T32UR,PLATE,4,20260930T161415Z,5310-01-267-8510,"NUT,SELF-LOCKING,PLATE",G,332722,9.0,,,2026-09-18,2026-09-25,PLATE,DIBBS|SPE4A626T32UR|5310-01-267-8510,C08,Plates / Markings / Mounting / Misc,PLATE,PLATE,True,core-adjacent,broad keyword only,"Broad keyword only in modifier, item noun is 'NUT'"
SPE4A626T32DJ,5310-00-688-1998,SPE4A626T32DJ,09-18-2026,09-25-2026,2026-09-17 04:43:22,Origin,Destination,Tech,7018392123,https://dibbs2.bsm.dla.mil/Downloads/RFQ/J/SPE4A626T32DJ.PDF,https://www.dibbs.bsm.dla.mil/RFQ/RFQRec.aspx?sn=SPE4A626T32DJ,https://www.dibbs.bsm.dla.mil/rfq/rfqrec.aspx?sn=SPE4A626T32DJ,PLATE,4,20260930T161415Z,5310-00-688-1998,"NUT,SELF-LOCKING,PLATE",G,332722,70.0,,,2026-09-18,2026-09-25,PLATE,DIBBS|SPE4A626T32DJ|5310-00-688-1998,C08,Plates / Markings / Mounting / Misc,PLATE,PLATE,True,core-adjacent,broad keyword only,"Broad keyword only in modifier, item noun is 'NUT'"
SPE4A626T32AE,5310-01-629-9758,SPE4A626T32AE,09-18-2026,09-25-2026,2026-09-17 04:24:21,Origin,Destination,Tech,7018388963,https://dibbs2.bsm.dla.mil/Downloads/RFQ/E/SPE4A626T32AE.PDF,https://www.dibbs.bsm.dla.mil/RFQ/RFQRec.aspx?sn=SPE4A626T32AE,https://www.dibbs.bsm.dla.mil/rfq/rfqrec.aspx?sn=SPE4A626T32AE,PLATE,4,20260930T161415Z,5310-01-629-9758,"NUT,SELF-LOCKING,PLATE",G,332722,25.0,,,2026-09-18,2026-09-25,PLATE,DIBBS|SPE4A626T32AE|5310-01-629-9758,C08,Plates / Markings / Mounting / Misc,PLATE,PLATE,True,core-adjacent,broad keyword only,"Broad keyword only in modifier, item noun is 'NUT'"
SPE4A726T757B,5365-01-240-1542,SPE4A726T757B,09-18-2026,09-25-2026,2026-09-17 04:24:21,Origin,Origin,Tech,7018389794,https://dibbs2.bsm.dla.mil/Downloads/RFQ/B/SPE4A726T757B.PDF,https://www.dibbs.bsm.dla.mil/RFQ/RFQRec.aspx?sn=SPE4A726T757B,https://www.dibbs.bsm.dla.mil/rfq/rfqrec.aspx?sn=SPE4A726T757B,PLATE,4,20260930T161415Z,5365-01-240-1542,"SPACER,PLATE",B,332510,8.0,99207 | 5060T32G01 | GENERAL ELECTRIC COMPANY,,2026-09-18,2026-09-25,PLATE,DIBBS|SPE4A726T757B|5365-01-240-1542,C08,Plates / Markings / Mounting / Misc,PLATE,PLATE,True,core-adjacent,broad keyword only,"Broad keyword only in modifier, item noun is 'SPACER'"
SPE4A626T31YJ,5310-01-187-7880,SPE4A626T31YJ,09-18-2026,09-25-2026,2026-09-17 03:11:11,Origin,Destination,None,7018389929,https://dibbs2.bsm.dla.mil/Downloads/RFQ/J/SPE4A626T31YJ.PDF,https://www.dibbs.bsm.dla.mil/RFQ/RFQRec.aspx?sn=SPE4A626T31YJ,https://www.dibbs.bsm.dla.mil/rfq/rfqrec.aspx?sn=SPE4A626T31YJ,PLATE,4,20260930T161415Z,5310-01-187-7880,"NUT,SELF-LOCKING,PLATE",P,332722,534.0,,,2026-09-18,2026-09-25,PLATE,DIBBS|SPE4A626T31YJ|5310-01-187-7880,C08,Plates / Markings / Mounting / Misc,PLATE,PLATE,True,core-adjacent,broad keyword only,"Broad keyword only in modifier, item noun is 'NUT'"
SPE4A726T753U,5365-00-133-8057,SPE4A726T753U,09-17-2026,09-24-2026,2026-09-16 09:49:21,Origin,Origin,Tech,7018342144,https://dibbs2.bsm.dla.mil/Downloads/RFQ/U/SPE4A726T753U.PDF,https://www.dibbs.bsm.dla.mil/RFQ/RFQRec.aspx?sn=SPE4A726T753U,https://www.dibbs.bsm.dla.mil/rfq/rfqrec.aspx?sn=SPE4A726T753U,PLATE,4,20260930T161415Z,5365-00-133-8057,"SPACER,PLATE",G,332510,78.0,,,2026-09-17,2026-09-24,PLATE,DIBBS|SPE4A726T753U|5365-00-133-8057,C08,Plates / Markings / Mounting / Misc,PLATE,PLATE,True,core-adjacent,broad keyword only,"Broad keyword only in modifier, item noun is 'SPACER'"
SPE4A726T754D,5365-01-193-0460,SPE4A726T754D,09-17-2026,09-24-2026,2026-09-16 09:49:20,Origin,Origin,None,7018343564,https://dibbs2.bsm.dla.mil/Downloads/RFQ/D/SPE4A726T754D.PDF,https://www.dibbs.bsm.dla.mil/RFQ/RFQRec.aspx?sn=SPE4A726T754D,https://www.dibbs.bsm.dla.mil/rfq/rfqrec.aspx?sn=SPE4A726T754D,PLATE,4,20260930T161415Z,5365-01-193-0460,"SPACER,PLATE",Q,332510,60.0,0UBG9 | 11295-B-18 | CURTISS-WRIGHT ELECTRO-MECHANICAL,,2026-09-17,2026-09-24,PLATE,DIBBS|SPE4A726T754D|5365-01-193-0460,C08,Plates / Markings / Mounting / Misc,PLATE,PLATE,True,core-adjacent,broad keyword only,"Broad keyword only in modifier, item noun is 'SPACER'"
SPE4A626T31RL,5310-01-338-4107,SPE4A626T31RL,09-17-2026,09-24-2026,2026-09-16 09:49:20,Origin,Destination,Tech,7018376848,https://dibbs2.bsm.dla.mil/Downloads/RFQ/L/SPE4A626T31RL.PDF,https://www.dibbs.bsm.dla.mil/RFQ/RFQRec.aspx?sn=SPE4A626T31RL,https://www.dibbs.bsm.dla.mil/rfq/rfqrec.aspx?sn=SPE4A626T31RL,PLATE,4,20260930T161415Z,5310-01-338-4107,"NUT,SELF-LOCKING,PLATE",C,332722,18.0,"019L2 | BACN10JP08ACD | ESNA, LLC",,2026-09-17,2026-09-24,PLATE,DIBBS|SPE4A626T31RL|5310-01-338-4107,C08,Plates / Markings / Mounting / Misc,PLATE,PLATE,True,core-adjacent,broad keyword only,"Broad keyword only in modifier, item noun is 'NUT'"
SPE4A626T30ZG,5310-01-164-6280,SPE4A626T30ZG,09-17-2026,09-24-2026,2026-09-16 09:12:12,Origin,Destination,Tech,7018380406,https://dibbs2.bsm.dla.mil/Downloads/RFQ/G/SPE4A626T30ZG.PDF,https://www.dibbs.bsm.dla.mil/RFQ/RFQRec.aspx?sn=SPE4A626T30ZG,https://www.dibbs.bsm.dla.mil/rfq/rfqrec.aspx?sn=SPE4A626T30ZG,PLATE,4,20260930T161415Z,5310-01-164-6280,"NUT,SELF-LOCKING,PLATE",B,332722,101.0,"56878 | F12277-4 | SPS TECHNOLOGIES, LLC",,2026-09-17,2026-09-24,PLATE,DIBBS|SPE4A626T30ZG|5310-01-164-6280,C08,Plates / Markings / Mounting / Misc,PLATE,PLATE,True,core-adjacent,broad keyword only,"Broad keyword only in modifier, item noun is 'NUT'"
SPE4A626T30YT,5310-01-109-1356,SPE4A626T30YT,09-17-2026,09-24-2026,2026-09-16 09:12:12,Origin,Origin,Tech,7018378018,https://dibbs2.bsm.dla.mil/Downloads/RFQ/T/SPE4A626T30YT.PDF,https://www.dibbs.bsm.dla.mil/RFQ/RFQRec.aspx?sn=SPE4A626T30YT,https://www.dibbs.bsm.dla.mil/rfq/rfqrec.aspx?sn=SPE4A626T30YT,PLATE,4,20260930T161415Z,5310-01-109-1356,"NUT,SELF-LOCKING,PLATE",C,332722,31.0,15653 | MF19058-5-4 | HOWMET GLOBAL FASTENING SYSTEMS INC,,2026-09-17,2026-09-24,PLATE,DIBBS|SPE4A626T30YT|5310-01-109-1356,C08,Plates / Markings / Mounting / Misc,PLATE,PLATE,True,core-adjacent,broad keyword only,"Broad keyword only in modifier, item noun is 'NUT'"
SPE4A626T30YQ,5310-01-102-1873,SPE4A626T30YQ,09-17-2026,09-24-2026,2026-09-16 09:12:12,Origin,Destination,None,7018378506,https://dibbs2.bsm.dla.mil/Downloads/RFQ/Q/SPE4A626T30YQ.PDF,https://www.dibbs.bsm.dla.mil/RFQ/RFQRec.aspx?sn=SPE4A626T30YQ,https://www.dibbs.bsm.dla.mil/rfq/rfqrec.aspx?sn=SPE4A626T30YQ,PLATE,4,20260930T161415Z,5310-01-102-1873,"NUT,PLAIN,PLATE",C,332722,6.0,15653 | CN50050-3 | HOWMET GLOBAL FASTENING SYSTEMS INC,,2026-09-17,2026-09-24,PLATE,DIBBS|SPE4A626T30YQ|5310-01-102-1873,C08,Plates / Markings / Mounting / Misc,PLATE,PLATE,True,core-adjacent,broad keyword only,"Broad keyword only in modifier, item noun is 'NUT'"
SPE4A626T09XU,5305-01-626-3828,SPE4A626T09XU,07-28-2026,09-18-2026,2026-09-15 05:42:40,Origin,Destination,Tech,7016846038,https://dibbs2.bsm.dla.mil/Downloads/RFQ/U/SPE4A626T09XU.PDF,https://www.dibbs.bsm.dla.mil/RFQ/RFQRec.aspx?sn=SPE4A626T09XU,https://www.dibbs.bsm.dla.mil/rfq/rfqrec.aspx?sn=SPE4A626T09XU,PLATE,4,20260930T161415Z,5305-01-626-3828,"SCREW,LOCK PLATE",G,336412,18.0,,,2026-07-28,2026-09-18,PLATE,DIBBS|SPE4A626T09XU|5305-01-626-3828,C08,Plates / Markings / Mounting / Misc,PLATE,PLATE,True,core-adjacent,broad keyword only,"Broad keyword only in modifier, item noun is 'SCREW'"
SPE4A526T430R,5365-01-700-8164,SPE4A526T430R,09-16-2026,09-23-2026,2026-09-15 11:42:39,Origin,Destination,None,7018305822,https://dibbs2.bsm.dla.mil/Downloads/RFQ/R/SPE4A526T430R.PDF,https://www.dibbs.bsm.dla.mil/RFQ/RFQRec.aspx?sn=SPE4A526T430R,https://www.dibbs.bsm.dla.mil/rfq/rfqrec.aspx?sn=SPE4A526T430R,PLATE,4,20260930T161415Z,5365-01-700-8164,"SPACER,PLATE",C,332119,5.0,78286 | 06550-08001-101 | SIKORSKY AIRCRAFT CORPORATION,,2026-09-16,2026-09-23,PLATE,DIBBS|SPE4A526T430R|5365-01-700-8164,C08,Plates / Markings / Mounting / Misc,PLATE,PLATE,True,core-adjacent,broad keyword only,"Broad keyword only in modifier, item noun is 'SPACER'"
SPE4A626T30HK,5310-00-777-5769,SPE4A626T30HK,09-16-2026,09-23-2026,2026-09-15 11:42:39,Origin,Destination,Tech,7018341728,https://dibbs2.bsm.dla.mil/Downloads/RFQ/K/SPE4A626T30HK.PDF,https://www.dibbs.bsm.dla.mil/RFQ/RFQRec.aspx?sn=SPE4A626T30HK,https://www.dibbs.bsm.dla.mil/rfq/rfqrec.aspx?sn=SPE4A626T30HK,PLATE,4,20260930T161415Z,5310-00-777-5769,"NUT,SELF-LOCKING,PLATE",G,332722,4495.0,,,2026-09-16,2026-09-23,PLATE,DIBBS|SPE4A626T30HK|5310-00-777-5769,C08,Plates / Markings / Mounting / Misc,PLATE,PLATE,True,core-adjacent,broad keyword only,"Broad keyword only in modifier, item noun is 'NUT'"
SPE4A626T30GM,5310-01-192-5764,SPE4A626T30GM,09-16-2026,09-23-2026,2026-09-15 10:39:27,Origin,Destination,None,7018343566,https://dibbs2.bsm.dla.mil/Downloads/RFQ/M/SPE4A626T30GM.PDF,https://www.dibbs.bsm.dla.mil/RFQ/RFQRec.aspx?sn=SPE4A626T30GM,https://www.dibbs.bsm.dla.mil/rfq/rfqrec.aspx?sn=SPE4A626T30GM,PLATE,4,20260930T161415Z,5310-01-192-5764,"NUT,SELF-LOCKING,PLATE",R,332722,7.0,,,2026-09-16,2026-09-23,PLATE,DIBBS|SPE4A626T30GM|5310-01-192-5764,C08,Plates / Markings / Mounting / Misc,PLATE,PLATE,True,core-adjacent,broad keyword only,"Broad keyword only in modifier, item noun is 'NUT'"
SPE4A726T741R,5365-01-334-3555,SPE4A726T741R,09-16-2026,09-23-2026,2026-09-15 03:50:49,Origin,Destination,None,7018342612,https://dibbs2.bsm.dla.mil/Downloads/RFQ/R/SPE4A726T741R.PDF,https://www.dibbs.bsm.dla.mil/RFQ/RFQRec.aspx?sn=SPE4A726T741R,https://www.dibbs.bsm.dla.mil/rfq/rfqrec.aspx?sn=SPE4A726T741R,PLATE,4,20260930T161415Z,5365-01-334-3555,"SPACER,PLATE",C,332510,62.0,17772 | 3314899-1 | AERO ENGINEERING & MANUFACTURING,,2026-09-16,2026-09-23,PLATE,DIBBS|SPE4A726T741R|5365-01-334-3555,C08,Plates / Markings / Mounting / Misc,PLATE,PLATE,True,core-adjacent,broad keyword only,"Broad keyword only in modifier, item noun is 'SPACER'"
SPE4A626T30DE,5310-01-731-6657,SPE4A626T30DE,09-16-2026,09-23-2026,2026-09-15 03:50:49,Origin,Destination,None,7018341594,https://dibbs2.bsm.dla.mil/Downloads/RFQ/E/SPE4A626T30DE.PDF,https://www.dibbs.bsm.dla.mil/RFQ/RFQRec.aspx?sn=SPE4A626T30DE,https://www.dibbs.bsm.dla.mil/rfq/rfqrec.aspx?sn=SPE4A626T30DE,PLATE,4,20260930T161415Z,5310-01-731-6657,"NUT,PLAIN,PLATE",Z,332722,28.0,,,2026-09-16,2026-09-23,PLATE,DIBBS|SPE4A626T30DE|5310-01-731-6657,C08,Plates / Markings / Mounting / Misc,PLATE,PLATE,True,core-adjacent,broad keyword only,"Broad keyword only in modifier, item noun is 'NUT'"
SPE4A626T29YM,5310-01-338-3366,SPE4A626T29YM,09-16-2026,09-23-2026,2026-09-15 03:50:49,Origin,Destination,None,7018342487,https://dibbs2.bsm.dla.mil/Downloads/RFQ/M/SPE4A626T29YM.PDF,https://www.dibbs.bsm.dla.mil/RFQ/RFQRec.aspx?sn=SPE4A626T29YM,https://www.dibbs.bsm.dla.mil/rfq/rfqrec.aspx?sn=SPE4A626T29YM,PLATE,4,20260930T161415Z,5310-01-338-3366,"NUT,SELF-LOCKING,PLATE",C,332722,582.0,15653 | F51747-3-3CD | HOWMET GLOBAL FASTENING SYSTEMS INC,,2026-09-16,2026-09-23,PLATE,DIBBS|SPE4A626T29YM|5310-01-338-3366,C08,Plates / Markings / Mounting / Misc,PLATE,PLATE,True,core-adjacent,broad keyword only,"Broad keyword only in modifier, item noun is 'NUT'"
SPE4A726T739M,5365-00-465-6465,SPE4A726T739M,09-16-2026,09-23-2026,2026-09-15 03:13:46,Origin,Destination,Tech,7018342949,https://dibbs2.bsm.dla.mil/Downloads/RFQ/M/SPE4A726T739M.PDF,https://www.dibbs.bsm.dla.mil/RFQ/RFQRec.aspx?sn=SPE4A726T739M,https://www.dibbs.bsm.dla.mil/rfq/rfqrec.aspx?sn=SPE4A726T739M,PLATE,4,20260930T161415Z,5365-00-465-6465,"SPACER,PLATE",G,332510,15.0,,,2026-09-16,2026-09-23,PLATE,DIBBS|SPE4A726T739M|5365-00-465-6465,C08,Plates / Markings / Mounting / Misc,PLATE,PLATE,True,core-adjacent,broad keyword only,"Broad keyword only in modifier, item noun is 'SPACER'"
SPE4A626T29LH,5310-01-129-2210,SPE4A626T29LH,09-15-2026,09-22-2026,2026-09-14 01:38:47,Origin,Destination,None,7018036846,https://dibbs2.bsm.dla.mil/Downloads/RFQ/H/SPE4A626T29LH.PDF,https://www.dibbs.bsm.dla.mil/RFQ/RFQRec.aspx?sn=SPE4A626T29LH,https://www.dibbs.bsm.dla.mil/rfq/rfqrec.aspx?sn=SPE4A626T29LH,PLATE,4,20260930T161415Z,5310-01-129-2210,"NUT,SELF-LOCKING,PLATE",C,332722,91.0,76301 | ST4M132-3-15 | THE BOEING COMPANY,,2026-09-15,2026-09-22,PLATE,DIBBS|SPE4A626T29LH|5310-01-129-2210,C08,Plates / Markings / Mounting / Misc,PLATE,PLATE,True,core-adjacent,broad keyword only,"Broad keyword only in modifier, item noun is 'NUT'"
SPE4A626T29DX,5310-01-330-5234,SPE4A626T29DX,09-14-2026,09-21-2026,2026-09-13 03:47:14,Origin,Destination,Tech,7018248783,https://dibbs2.bsm.dla.mil/Downloads/RFQ/X/SPE4A626T29DX.PDF,https://www.dibbs.bsm.dla.mil/RFQ/RFQRec.aspx?sn=SPE4A626T29DX,https://www.dibbs.bsm.dla.mil/rfq/rfqrec.aspx?sn=SPE4A626T29DX,PLATE,4,20260930T161415Z,5310-01-330-5234,"NUT,SELF-LOCKING,PLATE",G,332722,1039.0,,,2026-09-14,2026-09-21,PLATE,DIBBS|SPE4A626T29DX|5310-01-330-5234,C08,Plates / Markings / Mounting / Misc,PLATE,PLATE,True,core-adjacent,broad keyword only,"Broad keyword only in modifier, item noun is 'NUT'"
SPE4A026T4832,5365-01-409-0130,SPE4A026T4832,09-14-2026,09-21-2026,2026-09-13 03:47:14,Origin,Destination,Tech,7018216288,https://dibbs2.bsm.dla.mil/Downloads/RFQ/2/SPE4A026T4832.PDF,https://www.dibbs.bsm.dla.mil/RFQ/RFQRec.aspx?sn=SPE4A026T4832,https://www.dibbs.bsm.dla.mil/rfq/rfqrec.aspx?sn=SPE4A026T4832,PLATE,4,20260930T161415Z,5365-01-409-0130,"SPACER,PLATE",G,332510,1.0,,,2026-09-14,2026-09-21,PLATE,DIBBS|SPE4A026T4832|5365-01-409-0130,C08,Plates / Markings / Mounting / Misc,PLATE,PLATE,True,core-adjacent,broad keyword only,"Broad keyword only in modifier, item noun is 'SPACER'"
SPE4A726T734H,5365-01-725-5348,SPE4A726T734H,09-14-2026,09-21-2026,2026-09-13 03:47:13,Origin,Destination,None,7018220611,https://dibbs2.bsm.dla.mil/Downloads/RFQ/H/SPE4A726T734H.PDF,https://www.dibbs.bsm.dla.mil/RFQ/RFQRec.aspx?sn=SPE4A726T734H,https://www.dibbs.bsm.dla.mil/rfq/rfqrec.aspx?sn=SPE4A726T734H,PLATE,4,20260930T161415Z,5365-01-725-5348,"SPACER,PLATE",R,332119,3.0,7S553 | 4730-010-414 | ADVANCED TECHNOLOGY AND RESEARCH,,2026-09-14,2026-09-21,PLATE,DIBBS|SPE4A726T734H|5365-01-725-5348,C08,Plates / Markings / Mounting / Misc,PLATE,PLATE,True,core-adjacent,broad keyword only,"Broad keyword only in modifier, item noun is 'SPACER'"
SPE4A526T381H,5365-01-181-9683,SPE4A526T381H,08-21-2026,09-15-2026,2026-09-10 08:32:44,Origin,Destination,None,7017911020,https://dibbs2.bsm.dla.mil/Downloads/RFQ/H/SPE4A526T381H.PDF,https://www.dibbs.bsm.dla.mil/RFQ/RFQRec.aspx?sn=SPE4A526T381H,https://www.dibbs.bsm.dla.mil/rfq/rfqrec.aspx?sn=SPE4A526T381H,PLATE,4,20260930T161415Z,5365-01-181-9683,"SPACER,PLATE",D,332510,22.0,73030 | 784881-7 | HAMILTON SUNDSTRAND CORPORATION,,2026-08-21,2026-09-15,PLATE,DIBBS|SPE4A526T381H|5365-01-181-9683,C08,Plates / Markings / Mounting / Misc,PLATE,PLATE,True,core-adjacent,broad keyword only,"Broad keyword only in modifier, item noun is 'SPACER'"
SPE7L326T247U,5365-01-681-4151,SPE7L326T247U,09-11-2026,09-21-2026,2026-09-10 08:10:05,Origin,Destination,Tech,7016182770,https://dibbs2.bsm.dla.mil/Downloads/RFQ/U/SPE7L326T247U.PDF,https://www.dibbs.bsm.dla.mil/RFQ/RFQRec.aspx?sn=SPE7L326T247U,https://www.dibbs.bsm.dla.mil/rfq/rfqrec.aspx?sn=SPE7L326T247U,PLATE,4,20260930T161415Z,5365-01-681-4151,"SPACER,PLATE",G,332119,2.0,,,2026-09-11,2026-09-21,PLATE,DIBBS|SPE7L326T247U|5365-01-681-4151,C08,Plates / Markings / Mounting / Misc,PLATE,PLATE,True,core-adjacent,broad keyword only,"Broad keyword only in modifier, item noun is 'SPACER'"
SPE4A626U4176,5310-01-126-4750,SPE4A626U4176,09-11-2026,09-25-2026,2026-09-10 08:10:05,Origin,Origin,None,1000242309,https://dibbs2.bsm.dla.mil/Downloads/RFQ/6/SPE4A626U4176.PDF,https://www.dibbs.bsm.dla.mil/RFQ/RFQRec.aspx?sn=SPE4A626U4176,https://www.dibbs.bsm.dla.mil/rfq/rfqrec.aspx?sn=SPE4A626U4176,PLATE,4,20260930T161415Z,5310-01-126-4750,"NUT,SELF-LOCKING,PLATE",C,332722,22.0,26512 | S987DC4-3 | NORTHROP GRUMMAN SYSTEMS CORPORATIO,,2026-09-11,2026-09-25,PLATE,DIBBS|SPE4A626U4176|5310-01-126-4750,C08,Plates / Markings / Mounting / Misc,PLATE,PLATE,True,core-adjacent,broad keyword only,"Broad keyword only in modifier, item noun is 'NUT'"
SPE7L426T6851,5365-01-408-8539,SPE7L426T6851,09-11-2026,09-21-2026,2026-09-10 03:06:59,Origin,Destination,None,7018272942,https://dibbs2.bsm.dla.mil/Downloads/RFQ/1/SPE7L426T6851.PDF,https://www.dibbs.bsm.dla.mil/RFQ/RFQRec.aspx?sn=SPE7L426T6851,https://www.dibbs.bsm.dla.mil/rfq/rfqrec.aspx?sn=SPE7L426T6851,PLATE,4,20260930T161415Z,5365-01-408-8539,"SPACER,PLATE",P,332722,7.0,06085 | 12364786 | BAE SYSTEMS LAND & ARMAMENTS L.P.,,2026-09-11,2026-09-21,PLATE,DIBBS|SPE7L426T6851|5365-01-408-8539,C08,Plates / Markings / Mounting / Misc,PLATE,PLATE,True,core-adjacent,broad keyword only,"Broad keyword only in modifier, item noun is 'SPACER'"
SPE4A626U3344,5970-01-031-8473,SPE4A626U3344,08-26-2026,09-14-2026,2026-09-09 06:15:01,Origin,Origin,Tech,1000240542,https://dibbs2.bsm.dla.mil/Downloads/RFQ/4/SPE4A626U3344.PDF,https://www.dibbs.bsm.dla.mil/RFQ/RFQRec.aspx?sn=SPE4A626U3344,https://www.dibbs.bsm.dla.mil/rfq/rfqrec.aspx?sn=SPE4A626U3344,PLATE,5,20260930T161433Z,5970-01-031-8473,"INSULATOR,PLATE",G,335999,141.0,,,2026-08-26,2026-09-14,PLATE,DIBBS|SPE4A626U3344|5970-01-031-8473,C08,Plates / Markings / Mounting / Misc,PLATE,PLATE,True,core-adjacent,broad keyword only,"Broad keyword only in modifier, item noun is 'INSULATOR'"
SPE4A626T27XB,5310-01-579-4443,SPE4A626T27XB,09-10-2026,09-17-2026,2026-09-09 05:18:40,Origin,Origin,Tech,7018247912,https://dibbs2.bsm.dla.mil/Downloads/RFQ/B/SPE4A626T27XB.PDF,https://www.dibbs.bsm.dla.mil/RFQ/RFQRec.aspx?sn=SPE4A626T27XB,https://www.dibbs.bsm.dla.mil/rfq/rfqrec.aspx?sn=SPE4A626T27XB,PLATE,5,20260930T161433Z,5310-01-579-4443,"NUT,PLAIN,PLATE",B,332722,5840.0,73195 | 50339 | ACCURIDE CORPORATION,,2026-09-10,2026-09-17,PLATE,DIBBS|SPE4A626T27XB|5310-01-579-4443,C08,Plates / Markings / Mounting / Misc,PLATE,PLATE,True,core-adjacent,broad keyword only,"Broad keyword only in modifier, item noun is 'NUT'"
SPE4A626T27QR,5310-01-179-0834,SPE4A626T27QR,09-10-2026,09-17-2026,2026-09-09 05:18:39,Origin,Origin,None,7018248328,https://dibbs2.bsm.dla.mil/Downloads/RFQ/R/SPE4A626T27QR.PDF,https://www.dibbs.bsm.dla.mil/RFQ/RFQRec.aspx?sn=SPE4A626T27QR,https://www.dibbs.bsm.dla.mil/rfq/rfqrec.aspx?sn=SPE4A626T27QR,PLATE,5,20260930T161433Z,5310-01-179-0834,"NUT,SELF-LOCKING,PLATE",P,332722,728.0,,,2026-09-10,2026-09-17,PLATE,DIBBS|SPE4A626T27QR|5310-01-179-0834,C08,Plates / Markings / Mounting / Misc,PLATE,PLATE,True,core-adjacent,broad keyword only,"Broad keyword only in modifier, item noun is 'NUT'"
SPE4A626T27WW,5305-01-626-3828,SPE4A626T27WW,09-10-2026,09-17-2026,2026-09-09 05:18:39,Origin,Destination,Tech,7018248281,https://dibbs2.bsm.dla.mil/Downloads/RFQ/W/SPE4A626T27WW.PDF,https://www.dibbs.bsm.dla.mil/RFQ/RFQRec.aspx?sn=SPE4A626T27WW,https://www.dibbs.bsm.dla.mil/rfq/rfqrec.aspx?sn=SPE4A626T27WW,PLATE,5,20260930T161433Z,5305-01-626-3828,"SCREW,LOCK PLATE",G,336412,29.0,,,2026-09-10,2026-09-17,PLATE,DIBBS|SPE4A626T27WW|5305-01-626-3828,C08,Plates / Markings / Mounting / Misc,PLATE,PLATE,True,core-adjacent,broad keyword only,"Broad keyword only in modifier, item noun is 'SCREW'"
SPE4A726T724K,5365-01-333-9929,SPE4A726T724K,09-10-2026,09-17-2026,2026-09-09 05:18:39,Origin,Destination,Tech,7018248754,https://dibbs2.bsm.dla.mil/Downloads/RFQ/K/SPE4A726T724K.PDF,https://www.dibbs.bsm.dla.mil/RFQ/RFQRec.aspx?sn=SPE4A726T724K,https://www.dibbs.bsm.dla.mil/rfq/rfqrec.aspx?sn=SPE4A726T724K,PLATE,5,20260930T161433Z,5365-01-333-9929,"SPACER,PLATE",G,332510,793.0,,,2026-09-10,2026-09-17,PLATE,DIBBS|SPE4A726T724K|5365-01-333-9929,C08,Plates / Markings / Mounting / Misc,PLATE,PLATE,True,core-adjacent,broad keyword only,"Broad keyword only in modifier, item noun is 'SPACER'"
SPE4A626T27RQ,5310-01-331-5834,SPE4A626T27RQ,09-10-2026,09-17-2026,2026-09-09 05:18:39,Origin,Origin,Tech,7018248780,https://dibbs2.bsm.dla.mil/Downloads/RFQ/Q/SPE4A626T27RQ.PDF,https://www.dibbs.bsm.dla.mil/RFQ/RFQRec.aspx?sn=SPE4A626T27RQ,https://www.dibbs.bsm.dla.mil/rfq/rfqrec.aspx?sn=SPE4A626T27RQ,PLATE,5,20260930T161433Z,5310-01-331-5834,"NUT,SELF-LOCKING,PLATE",G,332722,373.0,,,2026-09-10,2026-09-17,PLATE,DIBBS|SPE4A626T27RQ|5310-01-331-5834,C08,Plates / Markings / Mounting / Misc,PLATE,PLATE,True,core-adjacent,broad keyword only,"Broad keyword only in modifier, item noun is 'NUT'"
SPE4A626T27MG,5310-01-070-9639,SPE4A626T27MG,09-10-2026,09-17-2026,2026-09-09 04:27:55,Origin,Origin,Tech,7018248797,https://dibbs2.bsm.dla.mil/Downloads/RFQ/G/SPE4A626T27MG.PDF,https://www.dibbs.bsm.dla.mil/RFQ/RFQRec.aspx?sn=SPE4A626T27MG,https://www.dibbs.bsm.dla.mil/rfq/rfqrec.aspx?sn=SPE4A626T27MG,PLATE,5,20260930T161433Z,5310-01-070-9639,"NUT,SELF-LOCKING,PLATE",G,332722,952.0,,,2026-09-10,2026-09-17,PLATE,DIBBS|SPE4A626T27MG|5310-01-070-9639,C08,Plates / Markings / Mounting / Misc,PLATE,PLATE,True,core-adjacent,broad keyword only,"Broad keyword only in modifier, item noun is 'NUT'"
SPE4A626T27KK,5310-00-514-9842,SPE4A626T27KK,09-10-2026,09-17-2026,2026-09-09 03:19:40,Origin,Origin,Tech,7018249354,https://dibbs2.bsm.dla.mil/Downloads/RFQ/K/SPE4A626T27KK.PDF,https://www.dibbs.bsm.dla.mil/RFQ/RFQRec.aspx?sn=SPE4A626T27KK,https://www.dibbs.bsm.dla.mil/rfq/rfqrec.aspx?sn=SPE4A626T27KK,PLATE,5,20260930T161433Z,5310-00-514-9842,"NUT,SELF-LOCKING,PLATE",C,332722,126.0,52661 | 314106 | RTX CORPORATION,,2026-09-10,2026-09-17,PLATE,DIBBS|SPE4A626T27KK|5310-00-514-9842,C08,Plates / Markings / Mounting / Misc,PLATE,PLATE,True,core-adjacent,broad keyword only,"Broad keyword only in modifier, item noun is 'NUT'"
SPE4A726T721Q,5365-99-850-1071,SPE4A726T721Q,09-09-2026,09-16-2026,2026-09-09 12:43:20,Origin,Destination,None,7017493655,https://dibbs2.bsm.dla.mil/Downloads/RFQ/Q/SPE4A726T721Q.PDF,https://www.dibbs.bsm.dla.mil/RFQ/RFQRec.aspx?sn=SPE4A726T721Q,https://www.dibbs.bsm.dla.mil/rfq/rfqrec.aspx?sn=SPE4A726T721Q,PLATE,5,20260930T161433Z,5365-99-850-1071,"SPACER,PLATE",R,332510,4.0,K7705 | G414/4652 | ITEM 2	KNDS DEFENCE UK LIMITED,,2026-09-09,2026-09-16,PLATE,DIBBS|SPE4A726T721Q|5365-99-850-1071,C08,Plates / Markings / Mounting / Misc,PLATE,PLATE,True,core-adjacent,broad keyword only,"Broad keyword only in modifier, item noun is 'SPACER'"
SPE4A626T27HV,5310-01-054-0840,SPE4A626T27HV,09-09-2026,09-16-2026,2026-09-09 12:43:20,Origin,Destination,Tech,7018105659,https://dibbs2.bsm.dla.mil/Downloads/RFQ/V/SPE4A626T27HV.PDF,https://www.dibbs.bsm.dla.mil/RFQ/RFQRec.aspx?sn=SPE4A626T27HV,https://www.dibbs.bsm.dla.mil/rfq/rfqrec.aspx?sn=SPE4A626T27HV,PLATE,5,20260930T161433Z,5310-01-054-0840,"NUT,SELF-LOCKING,PLATE",C,332722,1343.0,29372 | CA21021 | HOWMET GLOBAL FASTENING SYSTEMS INC,,2026-09-09,2026-09-16,PLATE,DIBBS|SPE4A626T27HV|5310-01-054-0840,C08,Plates / Markings / Mounting / Misc,PLATE,PLATE,True,core-adjacent,broad keyword only,"Broad keyword only in modifier, item noun is 'NUT'"
SPE4A726T721R,5365-99-700-5725,SPE4A726T721R,09-09-2026,09-16-2026,2026-09-09 12:43:20,Origin,Destination,None,7017493634,https://dibbs2.bsm.dla.mil/Downloads/RFQ/R/SPE4A726T721R.PDF,https://www.dibbs.bsm.dla.mil/RFQ/RFQRec.aspx?sn=SPE4A726T721R,https://www.dibbs.bsm.dla.mil/rfq/rfqrec.aspx?sn=SPE4A726T721R,PLATE,5,20260930T161433Z,5365-99-700-5725,"SPACER SET,PLATE",R,332510,12.0,K7705 | G415/4695/33 | KNDS DEFENCE UK LIMITED,,2026-09-09,2026-09-16,PLATE,DIBBS|SPE4A726T721R|5365-99-700-5725,C08,Plates / Markings / Mounting / Misc,PLATE,PLATE,True,core-adjacent,broad keyword only,"Broad keyword only in modifier, item noun is 'SPACER SET'"
SPE4A626T24VS,5310-01-697-3097,SPE4A626T24VS,08-31-2026,09-11-2026,2026-09-09 12:42:29,Origin,Destination,None,7017939073,https://dibbs2.bsm.dla.mil/Downloads/RFQ/S/SPE4A626T24VS.PDF,https://www.dibbs.bsm.dla.mil/RFQ/RFQRec.aspx?sn=SPE4A626T24VS,https://www.dibbs.bsm.dla.mil/rfq/rfqrec.aspx?sn=SPE4A626T24VS,PLATE,5,20260930T161433Z,5310-01-697-3097,"NUT,PLAIN,PLATE",C,332722,375.0,15653 | F56710C4-2LDL | HOWMET GLOBAL FASTENING SYSTEMS INC,,2026-08-31,2026-09-11,PLATE,DIBBS|SPE4A626T24VS|5310-01-697-3097,C08,Plates / Markings / Mounting / Misc,PLATE,PLATE,True,core-adjacent,broad keyword only,"Broad keyword only in modifier, item noun is 'NUT'"
SPE4A726T721M,5365-99-748-4276,SPE4A726T721M,09-09-2026,09-16-2026,2026-09-09 12:18:55,Origin,Destination,None,7017338136,https://dibbs2.bsm.dla.mil/Downloads/RFQ/M/SPE4A726T721M.PDF,https://www.dibbs.bsm.dla.mil/RFQ/RFQRec.aspx?sn=SPE4A726T721M,https://www.dibbs.bsm.dla.mil/rfq/rfqrec.aspx?sn=SPE4A726T721M,PLATE,5,20260930T161433Z,5365-99-748-4276,"SPACER,PLATE",R,332510,32.0,K7705 | G414/4582 | ITEM 18	KNDS DEFENCE UK LIMITED,,2026-09-09,2026-09-16,PLATE,DIBBS|SPE4A726T721M|5365-99-748-4276,C08,Plates / Markings / Mounting / Misc,PLATE,PLATE,True,core-adjacent,broad keyword only,"Broad keyword only in modifier, item noun is 'SPACER'"
SPE7L426U1123,5310-01-576-6332,SPE7L426U1123,08-24-2026,09-11-2026,2026-09-09 12:17:57,Origin,Destination,None,1000240445,https://dibbs2.bsm.dla.mil/Downloads/RFQ/3/SPE7L426U1123.PDF,https://www.dibbs.bsm.dla.mil/RFQ/RFQRec.aspx?sn=SPE7L426U1123,https://www.dibbs.bsm.dla.mil/rfq/rfqrec.aspx?sn=SPE7L426U1123,PLATE,5,20260930T161433Z,5310-01-576-6332,"NUT,PLAIN,PLATE",D,332722,81.0,64678 | A17-18107-000 | DAIMLER TRUCK NORTH AMERICA LLC,,2026-08-24,2026-09-11,PLATE,DIBBS|SPE7L426U1123|5310-01-576-6332,C08,Plates / Markings / Mounting / Misc,PLATE,PLATE,True,core-adjacent,broad keyword only,"Broad keyword only in modifier, item noun is 'NUT'"
SPE7L126T07E0,2590-01-239-7545,SPE7L126T07E0,09-08-2026,09-18-2026,2026-09-07 04:26:57,Origin,Destination,None,7018186408,https://dibbs2.bsm.dla.mil/Downloads/RFQ/0/SPE7L126T07E0.PDF,https://www.dibbs.bsm.dla.mil/RFQ/RFQRec.aspx?sn=SPE7L126T07E0,https://www.dibbs.bsm.dla.mil/rfq/rfqrec.aspx?sn=SPE7L126T07E0,PLATE,5,20260930T161433Z,2590-01-239-7545,"BRACKET,LICENSE PLATE",L,336992,10.0,,,2026-09-08,2026-09-18,PLATE,DIBBS|SPE7L126T07E0|2590-01-239-7545,C08,Plates / Markings / Mounting / Misc,PLATE,PLATE,True,core-adjacent,broad keyword only,"Broad keyword only in modifier, item noun is 'BRACKET'"
SPE4A726T710X,5365-01-109-2071,SPE4A726T710X,09-02-2026,09-09-2026,2026-09-01 05:38:05,Origin,Origin,Tech,7017675520,https://dibbs2.bsm.dla.mil/Downloads/RFQ/X/SPE4A726T710X.PDF,https://www.dibbs.bsm.dla.mil/RFQ/RFQRec.aspx?sn=SPE4A726T710X,https://www.dibbs.bsm.dla.mil/rfq/rfqrec.aspx?sn=SPE4A726T710X,PLATE,5,20260930T161433Z,5365-01-109-2071,"SPACER,PLATE",G,332510,1.0,,,2026-09-02,2026-09-09,PLATE,DIBBS|SPE4A726T710X|5365-01-109-2071,C08,Plates / Markings / Mounting / Misc,PLATE,PLATE,True,core-adjacent,broad keyword only,"Broad keyword only in modifier, item noun is 'SPACER'"
SPE4A626T21QR,5310-00-764-2395,SPE4A626T21QR,08-24-2026,09-04-2026,2026-09-01 05:37:47,Origin,Origin,Tech,7017940090,https://dibbs2.bsm.dla.mil/Downloads/RFQ/R/SPE4A626T21QR.PDF,https://www.dibbs.bsm.dla.mil/RFQ/RFQRec.aspx?sn=SPE4A626T21QR,https://www.dibbs.bsm.dla.mil/rfq/rfqrec.aspx?sn=SPE4A626T21QR,PLATE,5,20260930T161433Z,5310-00-764-2395,"NUT,SELF-LOCKING,PLATE",G,332722,160.0,,,2026-08-24,2026-09-04,PLATE,DIBBS|SPE4A626T21QR|5310-00-764-2395,C08,Plates / Markings / Mounting / Misc,PLATE,PLATE,True,core-adjacent,broad keyword only,"Broad keyword only in modifier, item noun is 'NUT'"
SPE4A726T710S,5365-01-358-3672,SPE4A726T710S,09-02-2026,09-09-2026,2026-09-01 03:50:58,Origin,Destination,Tech,7017960174,https://dibbs2.bsm.dla.mil/Downloads/RFQ/S/SPE4A726T710S.PDF,https://www.dibbs.bsm.dla.mil/RFQ/RFQRec.aspx?sn=SPE4A726T710S,https://www.dibbs.bsm.dla.mil/rfq/rfqrec.aspx?sn=SPE4A726T710S,PLATE,5,20260930T161433Z,5365-01-358-3672,"SPACER,PLATE",G,332510,2.0,,,2026-09-02,2026-09-09,PLATE,DIBBS|SPE4A726T710S|5365-01-358-3672,C08,Plates / Markings / Mounting / Misc,PLATE,PLATE,True,core-adjacent,broad keyword only,"Broad keyword only in modifier, item noun is 'SPACER'"
SPE4A626T20GZ,5310-01-023-7272,SPE4A626T20GZ,08-20-2026,09-03-2026,2026-08-31 11:27:27,Origin,Destination,Tech,7017837327,https://dibbs2.bsm.dla.mil/Downloads/RFQ/Z/SPE4A626T20GZ.PDF,https://www.dibbs.bsm.dla.mil/RFQ/RFQRec.aspx?sn=SPE4A626T20GZ,https://www.dibbs.bsm.dla.mil/rfq/rfqrec.aspx?sn=SPE4A626T20GZ,PLATE,5,20260930T161433Z,5310-01-023-7272,"NUT,SELF-LOCKING,PLATE",G,332722,429.0,,,2026-08-20,2026-09-03,PLATE,DIBBS|SPE4A626T20GZ|5310-01-023-7272,C08,Plates / Markings / Mounting / Misc,PLATE,PLATE,True,core-adjacent,broad keyword only,"Broad keyword only in modifier, item noun is 'NUT'"
SPE4A626T24QM,5310-01-272-2577,SPE4A626T24QM,08-31-2026,09-08-2026,2026-08-30 03:04:49,Origin,Destination,Tech,7017585809,https://dibbs2.bsm.dla.mil/Downloads/RFQ/M/SPE4A626T24QM.PDF,https://www.dibbs.bsm.dla.mil/RFQ/RFQRec.aspx?sn=SPE4A626T24QM,https://www.dibbs.bsm.dla.mil/rfq/rfqrec.aspx?sn=SPE4A626T24QM,PLATE,5,20260930T161433Z,5310-01-272-2577,"NUT,SELF-LOCKING,PLATE",C,332722,1128.0,29372 | FBL10021-4 | HOWMET GLOBAL FASTENING SYSTEMS INC,,2026-08-31,2026-09-08,PLATE,DIBBS|SPE4A626T24QM|5310-01-272-2577,C08,Plates / Markings / Mounting / Misc,PLATE,PLATE,True,core-adjacent,broad keyword only,"Broad keyword only in modifier, item noun is 'NUT'"
SPE4A726T703J,5365-15-120-2362,SPE4A726T703J,08-31-2026,09-08-2026,2026-08-30 03:04:49,Origin,Destination,None,7017821532,https://dibbs2.bsm.dla.mil/Downloads/RFQ/J/SPE4A726T703J.PDF,https://www.dibbs.bsm.dla.mil/RFQ/RFQRec.aspx?sn=SPE4A726T703J,https://www.dibbs.bsm.dla.mil/rfq/rfqrec.aspx?sn=SPE4A726T703J,PLATE,5,20260930T161433Z,5365-15-120-2362,"SPACER,PLATE",D,332119,1.0,A4249 | 60155143 | IVECO DEFENCE VEHICLES S.P.A.,,2026-08-31,2026-09-08,PLATE,DIBBS|SPE4A726T703J|5365-15-120-2362,C08,Plates / Markings / Mounting / Misc,PLATE,PLATE,True,core-adjacent,broad keyword only,"Broad keyword only in modifier, item noun is 'SPACER'"
SPE4A726T683T,5365-01-626-4744,SPE4A726T683T,08-21-2026,09-02-2026,2026-08-28 05:27:16,Origin,Origin,Tech,7017927386,https://dibbs2.bsm.dla.mil/Downloads/RFQ/T/SPE4A726T683T.PDF,https://www.dibbs.bsm.dla.mil/RFQ/RFQRec.aspx?sn=SPE4A726T683T,https://www.dibbs.bsm.dla.mil/rfq/rfqrec.aspx?sn=SPE4A726T683T,PLATE,5,20260930T161433Z,5365-01-626-4744,"SPACER,PLATE",G,332119,4.0,,,2026-08-21,2026-09-02,PLATE,DIBBS|SPE4A726T683T|5365-01-626-4744,C08,Plates / Markings / Mounting / Misc,PLATE,PLATE,True,core-adjacent,broad keyword only,"Broad keyword only in modifier, item noun is 'SPACER'"
SPE4A726T663V,5365-01-179-0896,SPE4A726T663V,08-17-2026,08-31-2026,2026-08-28 10:39:23,Origin,Origin,None,7017915155,https://dibbs2.bsm.dla.mil/Downloads/RFQ/V/SPE4A726T663V.PDF,https://www.dibbs.bsm.dla.mil/RFQ/RFQRec.aspx?sn=SPE4A726T663V,https://www.dibbs.bsm.dla.mil/rfq/rfqrec.aspx?sn=SPE4A726T663V,PLATE,5,20260930T161433Z,5365-01-179-0896,"SPACER,PLATE",P,332510,30.0,8V613 | 7-211160033 | THE BOEING COMPANY,,2026-08-17,2026-08-31,PLATE,DIBBS|SPE4A726T663V|5365-01-179-0896,C08,Plates / Markings / Mounting / Misc,PLATE,PLATE,True,core-adjacent,broad keyword only,"Broad keyword only in modifier, item noun is 'SPACER'"
SPE4A726T702Q,5365-01-338-3941,SPE4A726T702Q,08-28-2026,09-04-2026,2026-08-27 06:41:15,Origin,Destination,None,7017589205,https://dibbs2.bsm.dla.mil/Downloads/RFQ/Q/SPE4A726T702Q.PDF,https://www.dibbs.bsm.dla.mil/RFQ/RFQRec.aspx?sn=SPE4A726T702Q,https://www.dibbs.bsm.dla.mil/rfq/rfqrec.aspx?sn=SPE4A726T702Q,PLATE,5,20260930T161433Z,5365-01-338-3941,"SPACER,PLATE",D,332510,1.0,,,2026-08-28,2026-09-04,PLATE,DIBBS|SPE4A726T702Q|5365-01-338-3941,C08,Plates / Markings / Mounting / Misc,PLATE,PLATE,True,core-adjacent,broad keyword only,"Broad keyword only in modifier, item noun is 'SPACER'"
SPE7L126T04K7,5365-01-701-0572,SPE7L126T04K7,08-28-2026,09-04-2026,2026-08-27 09:49:37,Origin,Destination,None,7018068142,https://dibbs2.bsm.dla.mil/Downloads/RFQ/7/SPE7L126T04K7.PDF,https://www.dibbs.bsm.dla.mil/RFQ/RFQRec.aspx?sn=SPE7L126T04K7,https://www.dibbs.bsm.dla.mil/rfq/rfqrec.aspx?sn=SPE7L126T04K7,PLATE,6,20260930T161451Z,5365-01-701-0572,"SPACER,PLATE",D,332119,3.0,A4249 | 5802077613 | IVECO DEFENCE VEHICLES S.P.A.,,2026-08-28,2026-09-04,PLATE,DIBBS|SPE7L126T04K7|5365-01-701-0572,C08,Plates / Markings / Mounting / Misc,PLATE,PLATE,True,core-adjacent,broad keyword only,"Broad keyword only in modifier, item noun is 'SPACER'"
SPE4A626T23GY,5310-01-516-3000,SPE4A626T23GY,08-27-2026,09-03-2026,2026-08-26 08:45:16,Origin,Destination,None,7018066435,https://dibbs2.bsm.dla.mil/Downloads/RFQ/Y/SPE4A626T23GY.PDF,https://www.dibbs.bsm.dla.mil/RFQ/RFQRec.aspx?sn=SPE4A626T23GY,https://www.dibbs.bsm.dla.mil/rfq/rfqrec.aspx?sn=SPE4A626T23GY,PLATE,6,20260930T161451Z,5310-01-516-3000,"NUT,PLAIN,PLATE",C,332722,124.0,"51439 | FTSRC-483-A-0-.150-S | FATIGUE TECHNOLOGY, INC",,2026-08-27,2026-09-03,PLATE,DIBBS|SPE4A626T23GY|5310-01-516-3000,C08,Plates / Markings / Mounting / Misc,PLATE,PLATE,True,core-adjacent,broad keyword only,"Broad keyword only in modifier, item noun is 'NUT'"
SPE4A626T18NJ,5970-01-550-7407,SPE4A626T18NJ,08-17-2026,08-28-2026,2026-08-26 01:10:26,Origin,Destination,None,7017916391,https://dibbs2.bsm.dla.mil/Downloads/RFQ/J/SPE4A626T18NJ.PDF,https://www.dibbs.bsm.dla.mil/RFQ/RFQRec.aspx?sn=SPE4A626T18NJ,https://www.dibbs.bsm.dla.mil/rfq/rfqrec.aspx?sn=SPE4A626T18NJ,PLATE,6,20260930T161451Z,5970-01-550-7407,"INSULATOR,PLATE",R,335932,9.0,1UBL5 | GK2117-1 | CUSTOM FABRICATED PRODUCT LLC,,2026-08-17,2026-08-28,PLATE,DIBBS|SPE4A626T18NJ|5970-01-550-7407,C08,Plates / Markings / Mounting / Misc,PLATE,PLATE,True,core-adjacent,broad keyword only,"Broad keyword only in modifier, item noun is 'INSULATOR'"
SPE4A626T18ZA,5310-01-051-0652,SPE4A626T18ZA,08-18-2026,08-28-2026,2026-08-26 01:10:13,Origin,Destination,Tech,7017868549,https://dibbs2.bsm.dla.mil/Downloads/RFQ/A/SPE4A626T18ZA.PDF,https://www.dibbs.bsm.dla.mil/RFQ/RFQRec.aspx?sn=SPE4A626T18ZA,https://www.dibbs.bsm.dla.mil/rfq/rfqrec.aspx?sn=SPE4A626T18ZA,PLATE,6,20260930T161451Z,5310-01-051-0652,"NUT,SELF-LOCKING,PLATE",C,332722,45.0,52828 | NS202253-02-3 | 80539	NS202253-02-3,,2026-08-18,2026-08-28,PLATE,DIBBS|SPE4A626T18ZA|5310-01-051-0652,C08,Plates / Markings / Mounting / Misc,PLATE,PLATE,True,core-adjacent,broad keyword only,"Broad keyword only in modifier, item noun is 'NUT'"
SPE4A626T22HE,5365-01-349-5190,SPE4A626T22HE,08-26-2026,09-02-2026,2026-08-25 11:59:53,Origin,Destination,None,7015111389,https://dibbs2.bsm.dla.mil/Downloads/RFQ/E/SPE4A626T22HE.PDF,https://www.dibbs.bsm.dla.mil/RFQ/RFQRec.aspx?sn=SPE4A626T22HE,https://www.dibbs.bsm.dla.mil/rfq/rfqrec.aspx?sn=SPE4A626T22HE,PLATE,6,20260930T161451Z,5365-01-349-5190,"SPACER,PLATE",H,332510,12.0,73030 | 793409-5 | HAMILTON SUNDSTRAND CORPORATION,,2026-08-26,2026-09-02,PLATE,DIBBS|SPE4A626T22HE|5365-01-349-5190,C08,Plates / Markings / Mounting / Misc,PLATE,PLATE,True,core-adjacent,broad keyword only,"Broad keyword only in modifier, item noun is 'SPACER'"
SPE4A626T22FR,5310-00-728-5506,SPE4A626T22FR,08-26-2026,09-02-2026,2026-08-25 09:34:12,Origin,Origin,Tech,7018036460,https://dibbs2.bsm.dla.mil/Downloads/RFQ/R/SPE4A626T22FR.PDF,https://www.dibbs.bsm.dla.mil/RFQ/RFQRec.aspx?sn=SPE4A626T22FR,https://www.dibbs.bsm.dla.mil/rfq/rfqrec.aspx?sn=SPE4A626T22FR,PLATE,6,20260930T161451Z,5310-00-728-5506,"NUT,SELF-LOCKING,PLATE",G,332722,59.0,,,2026-08-26,2026-09-02,PLATE,DIBBS|SPE4A626T22FR|5310-00-728-5506,C08,Plates / Markings / Mounting / Misc,PLATE,PLATE,True,core-adjacent,broad keyword only,"Broad keyword only in modifier, item noun is 'NUT'"
SPE7M426T364Z,5365-01-121-2072,SPE7M426T364Z,08-26-2026,09-08-2026,2026-08-25 08:33:11,Origin,Destination,None,7017983673,https://dibbs2.bsm.dla.mil/Downloads/RFQ/Z/SPE7M426T364Z.PDF,https://www.dibbs.bsm.dla.mil/RFQ/RFQRec.aspx?sn=SPE7M426T364Z,https://www.dibbs.bsm.dla.mil/rfq/rfqrec.aspx?sn=SPE7M426T364Z,PLATE,6,20260930T161451Z,5365-01-121-2072,"SPACER,PLATE",Q,332510,90.0,,,2026-08-26,2026-09-08,PLATE,DIBBS|SPE7M426T364Z|5365-01-121-2072,C08,Plates / Markings / Mounting / Misc,PLATE,PLATE,True,core-adjacent,broad keyword only,"Broad keyword only in modifier, item noun is 'SPACER'"
SPE4A626T22BA,5310-01-097-4954,SPE4A626T22BA,08-25-2026,09-01-2026,2026-08-24 05:40:36,Origin,Origin,Tech,7017837590,https://dibbs2.bsm.dla.mil/Downloads/RFQ/A/SPE4A626T22BA.PDF,https://www.dibbs.bsm.dla.mil/RFQ/RFQRec.aspx?sn=SPE4A626T22BA,https://www.dibbs.bsm.dla.mil/rfq/rfqrec.aspx?sn=SPE4A626T22BA,PLATE,6,20260930T161451Z,5310-01-097-4954,"NUT,PLAIN,PLATE",G,332722,201.0,,,2026-08-25,2026-09-01,PLATE,DIBBS|SPE4A626T22BA|5310-01-097-4954,C08,Plates / Markings / Mounting / Misc,PLATE,PLATE,True,core-adjacent,broad keyword only,"Broad keyword only in modifier, item noun is 'NUT'"
SPE4A626T17UV,5310-00-671-4117,SPE4A626T17UV,08-17-2026,08-24-2026,2026-08-21 02:41:27,Origin,Destination,Tech,7017917656,https://dibbs2.bsm.dla.mil/Downloads/RFQ/V/SPE4A626T17UV.PDF,https://www.dibbs.bsm.dla.mil/RFQ/RFQRec.aspx?sn=SPE4A626T17UV,https://www.dibbs.bsm.dla.mil/rfq/rfqrec.aspx?sn=SPE4A626T17UV,PLATE,6,20260930T161451Z,5310-00-671-4117,"NUT,SELF-LOCKING,PLATE",P,332722,59.0,80539 | STSCF001-10 | 98897	STSCF001-10	LOCKHEED MARTIN CORP,,2026-08-17,2026-08-24,PLATE,DIBBS|SPE4A626T17UV|5310-00-671-4117,C08,Plates / Markings / Mounting / Misc,PLATE,PLATE,True,core-adjacent,broad keyword only,"Broad keyword only in modifier, item noun is 'NUT'"
SPE4A126T2217,5365-01-564-4193,SPE4A126T2217,06-04-2026,06-16-2026,2026-08-21 02:41:27,Origin,Destination,None,7017039602,https://dibbs2.bsm.dla.mil/Downloads/RFQ/7/SPE4A126T2217.PDF,https://www.dibbs.bsm.dla.mil/RFQ/RFQRec.aspx?sn=SPE4A126T2217,https://www.dibbs.bsm.dla.mil/rfq/rfqrec.aspx?sn=SPE4A126T2217,PLATE,6,20260930T161451Z,5365-01-564-4193,"SPACER,PLATE",Q,332999,14.0,78286 | 71202-21004-108 | SIKORSKY AIRCRAFT CORPORATION,,2026-06-04,2026-06-16,PLATE,DIBBS|SPE4A126T2217|5365-01-564-4193,C08,Plates / Markings / Mounting / Misc,PLATE,PLATE,True,core-adjacent,broad keyword only,"Broad keyword only in modifier, item noun is 'SPACER'"
SPE4A626T68X8,5310-01-170-8515,SPE4A626T68X8,05-22-2026,05-29-2026,2026-08-21 02:41:27,Origin,Origin,Tech,7016475835,https://dibbs2.bsm.dla.mil/Downloads/RFQ/8/SPE4A626T68X8.PDF,https://www.dibbs.bsm.dla.mil/RFQ/RFQRec.aspx?sn=SPE4A626T68X8,https://www.dibbs.bsm.dla.mil/rfq/rfqrec.aspx?sn=SPE4A626T68X8,PLATE,6,20260930T161451Z,5310-01-170-8515,"NUT,SELF-LOCKING,PLATE",G,332722,321.0,,,2026-05-22,2026-05-29,PLATE,DIBBS|SPE4A626T68X8|5310-01-170-8515,C08,Plates / Markings / Mounting / Misc,PLATE,PLATE,True,core-adjacent,broad keyword only,"Broad keyword only in modifier, item noun is 'NUT'"
SPE4A726T123T,5970-01-550-7407,SPE4A726T123T,03-20-2026,05-05-2026,2026-08-21 02:41:27,Origin,Destination,None,7015992642,https://dibbs2.bsm.dla.mil/Downloads/RFQ/T/SPE4A726T123T.PDF,https://www.dibbs.bsm.dla.mil/RFQ/RFQRec.aspx?sn=SPE4A726T123T,https://www.dibbs.bsm.dla.mil/rfq/rfqrec.aspx?sn=SPE4A726T123T,PLATE,6,20260930T161451Z,5970-01-550-7407,"INSULATOR,PLATE",R,335932,10.0,1UBL5 | GK2117-1 | CUSTOM FABRICATED PRODUCT LLC,,2026-03-20,2026-05-05,PLATE,DIBBS|SPE4A726T123T|5970-01-550-7407,C08,Plates / Markings / Mounting / Misc,PLATE,PLATE,True,core-adjacent,broad keyword only,"Broad keyword only in modifier, item noun is 'INSULATOR'"
SPE4A726T517H,5365-01-304-9392,SPE4A726T517H,06-18-2026,06-25-2026,2026-08-21 02:41:27,Origin,Destination,None,7017227461,https://dibbs2.bsm.dla.mil/Downloads/RFQ/H/SPE4A726T517H.PDF,https://www.dibbs.bsm.dla.mil/RFQ/RFQRec.aspx?sn=SPE4A726T517H,https://www.dibbs.bsm.dla.mil/rfq/rfqrec.aspx?sn=SPE4A726T517H,PLATE,6,20260930T161451Z,5365-01-304-9392,"SPACER,PLATE",D,332510,2.0,12190 | PB18303-9-2 | CURTISS-WRIGHT FLOW CONTROL CORPORA,,2026-06-18,2026-06-25,PLATE,DIBBS|SPE4A726T517H|5365-01-304-9392,C08,Plates / Markings / Mounting / Misc,PLATE,PLATE,True,core-adjacent,broad keyword only,"Broad keyword only in modifier, item noun is 'SPACER'"
SPE4A726T680K,5310-01-739-0272,SPE4A726T680K,08-20-2026,08-27-2026,2026-08-21 02:41:27,Origin,Destination,None,7017837119,https://dibbs2.bsm.dla.mil/Downloads/RFQ/K/SPE4A726T680K.PDF,https://www.dibbs.bsm.dla.mil/RFQ/RFQRec.aspx?sn=SPE4A726T680K,https://www.dibbs.bsm.dla.mil/rfq/rfqrec.aspx?sn=SPE4A726T680K,PLATE,6,20260930T161451Z,5310-01-739-0272,"NUT,PLAIN,PLATE",C,000000,50.0,97499 | 90-127C3-3 | BELL TEXTRON INC,,2026-08-20,2026-08-27,PLATE,DIBBS|SPE4A726T680K|5310-01-739-0272,C08,Plates / Markings / Mounting / Misc,PLATE,PLATE,True,core-adjacent,broad keyword only,"Broad keyword only in modifier, item noun is 'NUT'"
SPE4A626T04N7,5310-01-197-2298,SPE4A626T04N7,03-25-2026,04-06-2026,2026-08-21 02:41:27,Origin,Destination,None,7016048611,https://dibbs2.bsm.dla.mil/Downloads/RFQ/7/SPE4A626T04N7.PDF,https://www.dibbs.bsm.dla.mil/RFQ/RFQRec.aspx?sn=SPE4A626T04N7,https://www.dibbs.bsm.dla.mil/rfq/rfqrec.aspx?sn=SPE4A626T04N7,PLATE,6,20260930T161451Z,5310-01-197-2298,"NUT,SELF-LOCKING,PLATE",P,332722,164.0,,,2026-03-25,2026-04-06,PLATE,DIBBS|SPE4A626T04N7|5310-01-197-2298,C08,Plates / Markings / Mounting / Misc,PLATE,PLATE,True,core-adjacent,broad keyword only,"Broad keyword only in modifier, item noun is 'NUT'"
SPE4A626T16XH,5365-01-620-8064,SPE4A626T16XH,08-14-2026,08-21-2026,2026-08-21 02:41:27,Origin,Destination,None,7017867924,https://dibbs2.bsm.dla.mil/Downloads/RFQ/H/SPE4A626T16XH.PDF,https://www.dibbs.bsm.dla.mil/RFQ/RFQRec.aspx?sn=SPE4A626T16XH,https://www.dibbs.bsm.dla.mil/rfq/rfqrec.aspx?sn=SPE4A626T16XH,PLATE,6,20260930T161451Z,5365-01-620-8064,"SPACER,PLATE",D,332999,29.0,8V613 | 7-611115161-009 | THE BOEING COMPANY,,2026-08-14,2026-08-21,PLATE,DIBBS|SPE4A626T16XH|5365-01-620-8064,C08,Plates / Markings / Mounting / Misc,PLATE,PLATE,True,core-adjacent,broad keyword only,"Broad keyword only in modifier, item noun is 'SPACER'"
SPE4A626T14B7,5310-01-418-5222,SPE4A626T14B7,04-08-2026,04-20-2026,2026-08-21 02:41:27,Origin,Destination,Tech,7016228407,https://dibbs2.bsm.dla.mil/Downloads/RFQ/7/SPE4A626T14B7.PDF,https://www.dibbs.bsm.dla.mil/RFQ/RFQRec.aspx?sn=SPE4A626T14B7,https://www.dibbs.bsm.dla.mil/rfq/rfqrec.aspx?sn=SPE4A626T14B7,PLATE,6,20260930T161451Z,5310-01-418-5222,"NUT,SELF-LOCKING,PLATE",B,332722,7.0,15653 | LE114-0106-0006 | HOWMET GLOBAL FASTENING SYSTEMS INC,,2026-04-08,2026-04-20,PLATE,DIBBS|SPE4A626T14B7|5310-01-418-5222,C08,Plates / Markings / Mounting / Misc,PLATE,PLATE,True,core-adjacent,broad keyword only,"Broad keyword only in modifier, item noun is 'NUT'"
SPE4A626T33V6,5365-01-129-5376,SPE4A626T33V6,04-24-2026,05-01-2026,2026-08-21 02:41:27,Origin,Origin,Tech,7016041343,https://dibbs2.bsm.dla.mil/Downloads/RFQ/6/SPE4A626T33V6.PDF,https://www.dibbs.bsm.dla.mil/RFQ/RFQRec.aspx?sn=SPE4A626T33V6,https://www.dibbs.bsm.dla.mil/rfq/rfqrec.aspx?sn=SPE4A626T33V6,PLATE,6,20260930T161451Z,5365-01-129-5376,"SPACER,PLATE",C,332510,2.0,"24235 | 27614 | WILLIAMS INTERNATIONAL CO., L.L.C.",,2026-04-24,2026-05-01,PLATE,DIBBS|SPE4A626T33V6|5365-01-129-5376,C08,Plates / Markings / Mounting / Misc,PLATE,PLATE,True,core-adjacent,broad keyword only,"Broad keyword only in modifier, item noun is 'SPACER'"
SPE4A726T624K,5365-01-667-1307,SPE4A726T624K,08-06-2026,08-18-2026,2026-08-21 02:41:27,Origin,Destination,Tech,7017149017,https://dibbs2.bsm.dla.mil/Downloads/RFQ/K/SPE4A726T624K.PDF,https://www.dibbs.bsm.dla.mil/RFQ/RFQRec.aspx?sn=SPE4A726T624K,https://www.dibbs.bsm.dla.mil/rfq/rfqrec.aspx?sn=SPE4A726T624K,PLATE,6,20260930T161451Z,5365-01-667-1307,"SPACER,PLATE",G,332119,275.0,,,2026-08-06,2026-08-18,PLATE,DIBBS|SPE4A726T624K|5365-01-667-1307,C08,Plates / Markings / Mounting / Misc,PLATE,PLATE,True,core-adjacent,broad keyword only,"Broad keyword only in modifier, item noun is 'SPACER'"
SPE4A626T07S3,5365-01-525-0325,SPE4A626T07S3,03-27-2026,04-03-2026,2026-08-21 02:41:27,Origin,Destination,None,7016080492,https://dibbs2.bsm.dla.mil/Downloads/RFQ/3/SPE4A626T07S3.PDF,https://www.dibbs.bsm.dla.mil/RFQ/RFQRec.aspx?sn=SPE4A626T07S3,https://www.dibbs.bsm.dla.mil/rfq/rfqrec.aspx?sn=SPE4A626T07S3,PLATE,7,20260930T161509Z,5365-01-525-0325,"SPACER,PLATE",D,332510,47.0,03640 | 239A715-31 | LOCKHEED MARTIN CORPORATION,,2026-03-27,2026-04-03,PLATE,DIBBS|SPE4A626T07S3|5365-01-525-0325,C08,Plates / Markings / Mounting / Misc,PLATE,PLATE,True,core-adjacent,broad keyword only,"Broad keyword only in modifier, item noun is 'SPACER'"
SPE4A626U2533,5970-01-512-3769,SPE4A626U2533,04-09-2026,04-23-2026,2026-08-21 02:41:27,Origin,Destination,None,1000229540,https://dibbs2.bsm.dla.mil/Downloads/RFQ/3/SPE4A626U2533.PDF,https://www.dibbs.bsm.dla.mil/RFQ/RFQRec.aspx?sn=SPE4A626U2533,https://www.dibbs.bsm.dla.mil/rfq/rfqrec.aspx?sn=SPE4A626U2533,PLATE,7,20260930T161509Z,5970-01-512-3769,"INSULATOR,PLATE",P,335999,4.0,51435 | 433D2099-1 | EMS DEVELOPMENT CORPORATION,,2026-04-09,2026-04-23,PLATE,DIBBS|SPE4A626U2533|5970-01-512-3769,C08,Plates / Markings / Mounting / Misc,PLATE,PLATE,True,core-adjacent,broad keyword only,"Broad keyword only in modifier, item noun is 'INSULATOR'"
SPE4A726T475H,5365-01-227-9120,SPE4A726T475H,06-10-2026,06-23-2026,2026-08-21 02:41:27,Origin,Destination,Tech,7017101794,https://dibbs2.bsm.dla.mil/Downloads/RFQ/H/SPE4A726T475H.PDF,https://www.dibbs.bsm.dla.mil/RFQ/RFQRec.aspx?sn=SPE4A726T475H,https://www.dibbs.bsm.dla.mil/rfq/rfqrec.aspx?sn=SPE4A726T475H,PLATE,7,20260930T161509Z,5365-01-227-9120,"SPACER,PLATE",G,332510,85.0,,,2026-06-10,2026-06-23,PLATE,DIBBS|SPE4A726T475H|5365-01-227-9120,C08,Plates / Markings / Mounting / Misc,PLATE,PLATE,True,core-adjacent,broad keyword only,"Broad keyword only in modifier, item noun is 'SPACER'"
SPE7MC24T425Y,2040-01-690-2453,SPE7MC24T425Y,09-06-2024,09-16-2024,2026-08-21 02:41:27,Origin,Destination,Tech,7009051620,https://dibbs2.bsm.dla.mil/Downloads/RFQ/Y/SPE7MC24T425Y.PDF,https://www.dibbs.bsm.dla.mil/RFQ/RFQRec.aspx?sn=SPE7MC24T425Y,https://www.dibbs.bsm.dla.mil/rfq/rfqrec.aspx?sn=SPE7MC24T425Y,PLATE,7,20260930T161509Z,2040-01-690-2453,"ADAPTER KIT,PLATE,D",G,114119,5.0,,,2024-09-06,2024-09-16,PLATE,DIBBS|SPE7MC24T425Y|2040-01-690-2453,C08,Plates / Markings / Mounting / Misc,PLATE,PLATE,True,core-adjacent,broad keyword only,"Broad keyword only in modifier, item noun is 'ADAPTER KIT'"
SPE4A726T126A,5365-01-240-1542,SPE4A726T126A,03-20-2026,03-27-2026,2026-08-21 02:41:27,Origin,Origin,Tech,7015993499,https://dibbs2.bsm.dla.mil/Downloads/RFQ/A/SPE4A726T126A.PDF,https://www.dibbs.bsm.dla.mil/RFQ/RFQRec.aspx?sn=SPE4A726T126A,https://www.dibbs.bsm.dla.mil/rfq/rfqrec.aspx?sn=SPE4A726T126A,PLATE,7,20260930T161509Z,5365-01-240-1542,"SPACER,PLATE",B,332510,4.0,99207 | 5060T32G01 | GENERAL ELECTRIC COMPANY,,2026-03-20,2026-03-27,PLATE,DIBBS|SPE4A726T126A|5365-01-240-1542,C08,Plates / Markings / Mounting / Misc,PLATE,PLATE,True,core-adjacent,broad keyword only,"Broad keyword only in modifier, item noun is 'SPACER'"
SPE4A726T304Q,5365-01-179-0894,SPE4A726T304Q,04-30-2026,05-12-2026,2026-08-21 02:41:27,Origin,Origin,None,7015995159,https://dibbs2.bsm.dla.mil/Downloads/RFQ/Q/SPE4A726T304Q.PDF,https://www.dibbs.bsm.dla.mil/RFQ/RFQRec.aspx?sn=SPE4A726T304Q,https://www.dibbs.bsm.dla.mil/rfq/rfqrec.aspx?sn=SPE4A726T304Q,PLATE,7,20260930T161509Z,5365-01-179-0894,"SPACER,PLATE",P,332510,681.0,8V613 | 7-115116058-11 | THE BOEING COMPANY,,2026-04-30,2026-05-12,PLATE,DIBBS|SPE4A726T304Q|5365-01-179-0894,C08,Plates / Markings / Mounting / Misc,PLATE,PLATE,True,core-adjacent,broad keyword only,"Broad keyword only in modifier, item noun is 'SPACER'"
SPE4A626T71C9,5310-00-772-3718,SPE4A626T71C9,05-27-2026,06-08-2026,2026-08-21 02:41:27,Origin,Destination,Tech,7016787552,https://dibbs2.bsm.dla.mil/Downloads/RFQ/9/SPE4A626T71C9.PDF,https://www.dibbs.bsm.dla.mil/RFQ/RFQRec.aspx?sn=SPE4A626T71C9,https://www.dibbs.bsm.dla.mil/rfq/rfqrec.aspx?sn=SPE4A626T71C9,PLATE,7,20260930T161509Z,5310-00-772-3718,"NUT,SELF-LOCKING,PLATE",G,332722,617.0,,,2026-05-27,2026-06-08,PLATE,DIBBS|SPE4A626T71C9|5310-00-772-3718,C08,Plates / Markings / Mounting / Misc,PLATE,PLATE,True,core-adjacent,broad keyword only,"Broad keyword only in modifier, item noun is 'NUT'"
SPE4A525T581K,5365-01-273-6305,SPE4A525T581K,07-18-2025,07-25-2025,2026-08-21 02:41:27,Origin,Destination,Tech,7012984842,https://dibbs2.bsm.dla.mil/Downloads/RFQ/K/SPE4A525T581K.PDF,https://www.dibbs.bsm.dla.mil/RFQ/RFQRec.aspx?sn=SPE4A525T581K,https://www.dibbs.bsm.dla.mil/rfq/rfqrec.aspx?sn=SPE4A525T581K,PLATE,7,20260930T161509Z,5365-01-273-6305,"SPACER,PLATE",G,332510,28.0,,,2025-07-18,2025-07-25,PLATE,DIBBS|SPE4A525T581K|5365-01-273-6305,C08,Plates / Markings / Mounting / Misc,PLATE,PLATE,True,core-adjacent,broad keyword only,"Broad keyword only in modifier, item noun is 'SPACER'"
SPE4A626T20DA,5310-01-058-3972,SPE4A626T20DA,08-19-2026,08-26-2026,2026-08-21 02:41:27,Origin,Destination,Tech,7017916511,https://dibbs2.bsm.dla.mil/Downloads/RFQ/A/SPE4A626T20DA.PDF,https://www.dibbs.bsm.dla.mil/RFQ/RFQRec.aspx?sn=SPE4A626T20DA,https://www.dibbs.bsm.dla.mil/rfq/rfqrec.aspx?sn=SPE4A626T20DA,PLATE,7,20260930T161509Z,5310-01-058-3972,"NUT,SELF-LOCKING,PLATE",G,332722,1813.0,,,2026-08-19,2026-08-26,PLATE,DIBBS|SPE4A626T20DA|5310-01-058-3972,C08,Plates / Markings / Mounting / Misc,PLATE,PLATE,True,core-adjacent,broad keyword only,"Broad keyword only in modifier, item noun is 'NUT'"
SPE4A726T652B,5365-01-725-5348,SPE4A726T652B,08-14-2026,08-21-2026,2026-08-21 02:41:27,Origin,Destination,None,7016918653; 7016918665,https://dibbs2.bsm.dla.mil/Downloads/RFQ/B/SPE4A726T652B.PDF,https://www.dibbs.bsm.dla.mil/RFQ/RFQRec.aspx?sn=SPE4A726T652B,https://www.dibbs.bsm.dla.mil/rfq/rfqrec.aspx?sn=SPE4A726T652B,PLATE,7,20260930T161509Z,5365-01-725-5348,"SPACER,PLATE",R,332119,26.0,7S553 | 4730-010-414 | ADVANCED TECHNOLOGY AND RESEARCH,,2026-08-14,2026-08-21,PLATE,DIBBS|SPE4A726T652B|5365-01-725-5348,C08,Plates / Markings / Mounting / Misc,PLATE,PLATE,True,core-adjacent,broad keyword only,"Broad keyword only in modifier, item noun is 'SPACER'"
SPE7L126T602S,5365-01-585-8519,SPE7L126T602S,05-22-2026,06-01-2026,2026-08-21 02:41:27,Origin,Destination,None,7016870078,https://dibbs2.bsm.dla.mil/Downloads/RFQ/S/SPE7L126T602S.PDF,https://www.dibbs.bsm.dla.mil/RFQ/RFQRec.aspx?sn=SPE7L126T602S,https://www.dibbs.bsm.dla.mil/rfq/rfqrec.aspx?sn=SPE7L126T602S,PLATE,7,20260930T161509Z,5365-01-585-8519,"SPACER,PLATE",D,332999,1.0,11083 | 2861173 | CATERPILLAR INC,,2026-05-22,2026-06-01,PLATE,DIBBS|SPE7L126T602S|5365-01-585-8519,C08,Plates / Markings / Mounting / Misc,PLATE,PLATE,True,core-adjacent,broad keyword only,"Broad keyword only in modifier, item noun is 'SPACER'"
SPE4A626U2590,5970-12-345-6186,SPE4A626U2590,04-09-2026,04-23-2026,2026-08-21 02:41:27,Origin,Destination,None,1000229486,https://dibbs2.bsm.dla.mil/Downloads/RFQ/0/SPE4A626U2590.PDF,https://www.dibbs.bsm.dla.mil/RFQ/RFQRec.aspx?sn=SPE4A626U2590,https://www.dibbs.bsm.dla.mil/rfq/rfqrec.aspx?sn=SPE4A626U2590,PLATE,7,20260930T161509Z,5970-12-345-6186,"INSULATOR,PLATE",L,335999,1.0,D0857 | 060.20.0093 | VINCORION POWER SYSTEMS GMBH,,2026-04-09,2026-04-23,PLATE,DIBBS|SPE4A626U2590|5970-12-345-6186,C08,Plates / Markings / Mounting / Misc,PLATE,PLATE,True,core-adjacent,broad keyword only,"Broad keyword only in modifier, item noun is 'INSULATOR'"
SPE4A626T67M0,5970-12-324-4294,SPE4A626T67M0,05-21-2026,05-28-2026,2026-08-21 02:41:27,Origin,Destination,None,7016878750,https://dibbs2.bsm.dla.mil/Downloads/RFQ/0/SPE4A626T67M0.PDF,https://www.dibbs.bsm.dla.mil/RFQ/RFQRec.aspx?sn=SPE4A626T67M0,https://www.dibbs.bsm.dla.mil/rfq/rfqrec.aspx?sn=SPE4A626T67M0,PLATE,7,20260930T161509Z,5970-12-324-4294,"INSULATOR,PLATE",D,335999,7.0,1VD61 | 310.14.0001 | VINCORION LLC,,2026-05-21,2026-05-28,PLATE,DIBBS|SPE4A626T67M0|5970-12-324-4294,C08,Plates / Markings / Mounting / Misc,PLATE,PLATE,True,core-adjacent,broad keyword only,"Broad keyword only in modifier, item noun is 'INSULATOR'"
SPE7M426T160L,5365-01-122-1111,SPE7M426T160L,06-05-2026,06-15-2026,2026-08-21 02:41:27,Origin,Destination,None,7017048226,https://dibbs2.bsm.dla.mil/Downloads/RFQ/L/SPE7M426T160L.PDF,https://www.dibbs.bsm.dla.mil/RFQ/RFQRec.aspx?sn=SPE7M426T160L,https://www.dibbs.bsm.dla.mil/rfq/rfqrec.aspx?sn=SPE7M426T160L,PLATE,7,20260930T161509Z,5365-01-122-1111,"SPACER,PLATE",D,332510,134.0,,,2026-06-05,2026-06-15,PLATE,DIBBS|SPE7M426T160L|5365-01-122-1111,C08,Plates / Markings / Mounting / Misc,PLATE,PLATE,True,core-adjacent,broad keyword only,"Broad keyword only in modifier, item noun is 'SPACER'"
SPE4A726T349W,5365-01-725-7940,SPE4A726T349W,05-14-2026,05-21-2026,2026-08-21 02:41:27,Origin,Origin,Tech,7016081372,https://dibbs2.bsm.dla.mil/Downloads/RFQ/W/SPE4A726T349W.PDF,https://www.dibbs.bsm.dla.mil/RFQ/RFQRec.aspx?sn=SPE4A726T349W,https://www.dibbs.bsm.dla.mil/rfq/rfqrec.aspx?sn=SPE4A726T349W,PLATE,7,20260930T161509Z,5365-01-725-7940,"SPACER,PLATE",G,332119,50.0,,,2026-05-14,2026-05-21,PLATE,DIBBS|SPE4A726T349W|5365-01-725-7940,C08,Plates / Markings / Mounting / Misc,PLATE,PLATE,True,core-adjacent,broad keyword only,"Broad keyword only in modifier, item noun is 'SPACER'"
SPE4A726T217X,5365-01-691-7109,SPE4A726T217X,04-08-2026,04-15-2026,2026-08-21 02:41:27,Origin,Destination,Tech,7016182745,https://dibbs2.bsm.dla.mil/Downloads/RFQ/X/SPE4A726T217X.PDF,https://www.dibbs.bsm.dla.mil/RFQ/RFQRec.aspx?sn=SPE4A726T217X,https://www.dibbs.bsm.dla.mil/rfq/rfqrec.aspx?sn=SPE4A726T217X,PLATE,7,20260930T161509Z,5365-01-691-7109,"SPACER,PLATE",G,332119,2.0,,,2026-04-08,2026-04-15,PLATE,DIBBS|SPE4A726T217X|5365-01-691-7109,C08,Plates / Markings / Mounting / Misc,PLATE,PLATE,True,core-adjacent,broad keyword only,"Broad keyword only in modifier, item noun is 'SPACER'"
SPE4A626T17L8,5310-00-847-5715,SPE4A626T17L8,04-10-2026,04-17-2026,2026-08-21 02:41:27,Origin,Origin,Tech,7016227706,https://dibbs2.bsm.dla.mil/Downloads/RFQ/8/SPE4A626T17L8.PDF,https://www.dibbs.bsm.dla.mil/RFQ/RFQRec.aspx?sn=SPE4A626T17L8,https://www.dibbs.bsm.dla.mil/rfq/rfqrec.aspx?sn=SPE4A626T17L8,PLATE,7,20260930T161509Z,5310-00-847-5715,"NUT SPACER,PLATE",G,332722,834.0,,,2026-04-10,2026-04-17,PLATE,DIBBS|SPE4A626T17L8|5310-00-847-5715,C08,Plates / Markings / Mounting / Misc,PLATE,PLATE,True,core-adjacent,broad keyword only,"Broad keyword only in modifier, item noun is 'NUT SPACER'"
SPE4A625T23YG,5310-01-730-8865,SPE4A625T23YG,08-07-2025,08-14-2025,2026-08-21 02:41:27,Origin,Destination,None,7013233085,https://dibbs2.bsm.dla.mil/Downloads/RFQ/G/SPE4A625T23YG.PDF,https://www.dibbs.bsm.dla.mil/RFQ/RFQRec.aspx?sn=SPE4A625T23YG,https://www.dibbs.bsm.dla.mil/rfq/rfqrec.aspx?sn=SPE4A625T23YG,PLATE,7,20260930T161509Z,5310-01-730-8865,"NUT,PLAIN,PLATE",D,332722,100.0,81205 | BACN11F3-6CD | THE BOEING COMPANY,,2025-08-07,2025-08-14,PLATE,DIBBS|SPE4A625T23YG|5310-01-730-8865,C08,Plates / Markings / Mounting / Misc,PLATE,PLATE,True,core-adjacent,broad keyword only,"Broad keyword only in modifier, item noun is 'NUT'"
SPE7L426T3680,5365-01-406-3077,SPE7L426T3680,04-10-2026,04-20-2026,2026-08-21 02:41:27,Origin,Destination,None,7016286132,https://dibbs2.bsm.dla.mil/Downloads/RFQ/0/SPE7L426T3680.PDF,https://www.dibbs.bsm.dla.mil/RFQ/RFQRec.aspx?sn=SPE7L426T3680,https://www.dibbs.bsm.dla.mil/rfq/rfqrec.aspx?sn=SPE7L426T3680,PLATE,8,20260930T161527Z,5365-01-406-3077,"SPACER,PLATE",Q,332510,18.0,19397 | 176988-0002 | BAE SYSTEMS INFORMATION & ELECTRONI,,2026-04-10,2026-04-20,PLATE,DIBBS|SPE7L426T3680|5365-01-406-3077,C08,Plates / Markings / Mounting / Misc,PLATE,PLATE,True,core-adjacent,broad keyword only,"Broad keyword only in modifier, item noun is 'SPACER'"
SPE4A626T05GG,5365-01-527-3804,SPE4A626T05GG,07-10-2026,07-17-2026,2026-08-21 02:41:27,Origin,Destination,None,7016752931,https://dibbs2.bsm.dla.mil/Downloads/RFQ/G/SPE4A626T05GG.PDF,https://www.dibbs.bsm.dla.mil/RFQ/RFQRec.aspx?sn=SPE4A626T05GG,https://www.dibbs.bsm.dla.mil/rfq/rfqrec.aspx?sn=SPE4A626T05GG,PLATE,8,20260930T161527Z,5365-01-527-3804,"SPACER,PLATE",D,332510,41.0,73030 | 793216-1 | HAMILTON SUNDSTRAND CORPORATION,,2026-07-10,2026-07-17,PLATE,DIBBS|SPE4A626T05GG|5365-01-527-3804,C08,Plates / Markings / Mounting / Misc,PLATE,PLATE,True,core-adjacent,broad keyword only,"Broad keyword only in modifier, item noun is 'SPACER'"
SPE7M426T029M,5365-01-249-8604,SPE7M426T029M,04-24-2026,05-04-2026,2026-08-21 02:41:27,Origin,Destination,None,7016498034,https://dibbs2.bsm.dla.mil/Downloads/RFQ/M/SPE7M426T029M.PDF,https://www.dibbs.bsm.dla.mil/RFQ/RFQRec.aspx?sn=SPE7M426T029M,https://www.dibbs.bsm.dla.mil/rfq/rfqrec.aspx?sn=SPE7M426T029M,PLATE,8,20260930T161527Z,5365-01-249-8604,"SPACER,PLATE",P,332510,5.0,"62983 | 402715 | EATON AEROSPACE, LLC",,2026-04-24,2026-05-04,PLATE,DIBBS|SPE7M426T029M|5365-01-249-8604,C08,Plates / Markings / Mounting / Misc,PLATE,PLATE,True,core-adjacent,broad keyword only,"Broad keyword only in modifier, item noun is 'SPACER'"
SPE4A726T2264,5970-00-116-6034,SPE4A726T2264,10-31-2025,11-07-2025,2026-08-21 02:41:27,Origin,Destination,None,7014290480,https://dibbs2.bsm.dla.mil/Downloads/RFQ/4/SPE4A726T2264.PDF,https://www.dibbs.bsm.dla.mil/RFQ/RFQRec.aspx?sn=SPE4A726T2264,https://www.dibbs.bsm.dla.mil/rfq/rfqrec.aspx?sn=SPE4A726T2264,PLATE,8,20260930T161527Z,5970-00-116-6034,"INSULATOR,PLATE",L,335999,2.0,"13499 | 150-0684-060 | ROCKWELL COLLINS, INC.",,2025-10-31,2025-11-07,PLATE,DIBBS|SPE4A726T2264|5970-00-116-6034,C08,Plates / Markings / Mounting / Misc,PLATE,PLATE,True,core-adjacent,broad keyword only,"Broad keyword only in modifier, item noun is 'INSULATOR'"
SPE4A626T12TC,5310-00-486-0406,SPE4A626T12TC,08-06-2026,08-18-2026,2026-08-21 02:41:27,Origin,Origin,Tech,7017696853,https://dibbs2.bsm.dla.mil/Downloads/RFQ/C/SPE4A626T12TC.PDF,https://www.dibbs.bsm.dla.mil/RFQ/RFQRec.aspx?sn=SPE4A626T12TC,https://www.dibbs.bsm.dla.mil/rfq/rfqrec.aspx?sn=SPE4A626T12TC,PLATE,8,20260930T161527Z,5310-00-486-0406,"NUT,PLAIN,PLATE",G,332722,171.0,,,2026-08-06,2026-08-18,PLATE,DIBBS|SPE4A626T12TC|5310-00-486-0406,C08,Plates / Markings / Mounting / Misc,PLATE,PLATE,True,core-adjacent,broad keyword only,"Broad keyword only in modifier, item noun is 'NUT'"
SPE4A626T15DB,5310-01-182-5775,SPE4A626T15DB,08-12-2026,08-24-2026,2026-08-21 02:41:27,Origin,Destination,Tech,7017839040,https://dibbs2.bsm.dla.mil/Downloads/RFQ/B/SPE4A626T15DB.PDF,https://www.dibbs.bsm.dla.mil/RFQ/RFQRec.aspx?sn=SPE4A626T15DB,https://www.dibbs.bsm.dla.mil/rfq/rfqrec.aspx?sn=SPE4A626T15DB,PLATE,8,20260930T161527Z,5310-01-182-5775,"NUT,PLAIN,PLATE",C,332722,300.0,15653 | MF19058-4-7 | HOWMET GLOBAL FASTENING SYSTEMS INC,,2026-08-12,2026-08-24,PLATE,DIBBS|SPE4A626T15DB|5310-01-182-5775,C08,Plates / Markings / Mounting / Misc,PLATE,PLATE,True,core-adjacent,broad keyword only,"Broad keyword only in modifier, item noun is 'NUT'"
SPE4A626T20WC,5310-00-236-6670,SPE4A626T20WC,08-20-2026,08-27-2026,2026-08-21 02:41:27,Origin,Destination,Tech,7017838807,https://dibbs2.bsm.dla.mil/Downloads/RFQ/C/SPE4A626T20WC.PDF,https://www.dibbs.bsm.dla.mil/RFQ/RFQRec.aspx?sn=SPE4A626T20WC,https://www.dibbs.bsm.dla.mil/rfq/rfqrec.aspx?sn=SPE4A626T20WC,PLATE,8,20260930T161527Z,5310-00-236-6670,"NUT,SELF-LOCKING,PLATE",G,332722,138.0,,,2026-08-20,2026-08-27,PLATE,DIBBS|SPE4A626T20WC|5310-00-236-6670,C08,Plates / Markings / Mounting / Misc,PLATE,PLATE,True,core-adjacent,broad keyword only,"Broad keyword only in modifier, item noun is 'NUT'"
SPE4A626T15ZB,5310-01-035-9475,SPE4A626T15ZB,08-13-2026,08-20-2026,2026-08-21 02:41:27,Origin,Destination,Tech,7017837672,https://dibbs2.bsm.dla.mil/Downloads/RFQ/B/SPE4A626T15ZB.PDF,https://www.dibbs.bsm.dla.mil/RFQ/RFQRec.aspx?sn=SPE4A626T15ZB,https://www.dibbs.bsm.dla.mil/rfq/rfqrec.aspx?sn=SPE4A626T15ZB,PLATE,8,20260930T161527Z,5310-01-035-9475,"NUT,SELF-LOCKING,PLATE",C,332722,6.0,1J4P3 | 760423 | PARADIGM MANCHESTER INC.,,2026-08-13,2026-08-20,PLATE,DIBBS|SPE4A626T15ZB|5310-01-035-9475,C08,Plates / Markings / Mounting / Misc,PLATE,PLATE,True,core-adjacent,broad keyword only,"Broad keyword only in modifier, item noun is 'NUT'"
SPE4A726T651R,5365-99-384-0615,SPE4A726T651R,08-14-2026,08-21-2026,2026-08-21 02:41:27,Origin,Destination,None,7017809731,https://dibbs2.bsm.dla.mil/Downloads/RFQ/R/SPE4A726T651R.PDF,https://www.dibbs.bsm.dla.mil/RFQ/RFQRec.aspx?sn=SPE4A726T651R,https://www.dibbs.bsm.dla.mil/rfq/rfqrec.aspx?sn=SPE4A726T651R,PLATE,8,20260930T161527Z,5365-99-384-0615,"SPACER,PLATE",L,332510,32.0,K7705 | G415/4616/6 | KNDS DEFENCE UK LIMITED,,2026-08-14,2026-08-21,PLATE,DIBBS|SPE4A726T651R|5365-99-384-0615,C08,Plates / Markings / Mounting / Misc,PLATE,PLATE,True,core-adjacent,broad keyword only,"Broad keyword only in modifier, item noun is 'SPACER'"
SPE4A626T13VM,5315-00-809-0680,SPE4A626T13VM,08-06-2026,08-13-2026,2026-08-21 02:41:27,Origin,Origin,Tech,7017356009,https://dibbs2.bsm.dla.mil/Downloads/RFQ/M/SPE4A626T13VM.PDF,https://www.dibbs.bsm.dla.mil/RFQ/RFQRec.aspx?sn=SPE4A626T13VM,https://www.dibbs.bsm.dla.mil/rfq/rfqrec.aspx?sn=SPE4A626T13VM,PLATE,8,20260930T161527Z,5315-00-809-0680,"LOCK,BACK PLATE",G,332510,2.0,,,2026-08-06,2026-08-13,PLATE,DIBBS|SPE4A626T13VM|5315-00-809-0680,C08,Plates / Markings / Mounting / Misc,PLATE,PLATE,True,core-adjacent,broad keyword only,"Broad keyword only in modifier, item noun is 'LOCK'"
SPE4A526T145K,5365-01-364-0029,SPE4A526T145K,05-15-2026,05-22-2026,2026-08-21 02:41:27,Origin,Destination,None,7016785268,https://dibbs2.bsm.dla.mil/Downloads/RFQ/K/SPE4A526T145K.PDF,https://www.dibbs.bsm.dla.mil/RFQ/RFQRec.aspx?sn=SPE4A526T145K,https://www.dibbs.bsm.dla.mil/rfq/rfqrec.aspx?sn=SPE4A526T145K,PLATE,8,20260930T161527Z,5365-01-364-0029,"SPACER,PLATE",Q,331110,20.0,88277 | 17P6W7072-1 | THE BOEING COMPANY,,2026-05-15,2026-05-22,PLATE,DIBBS|SPE4A526T145K|5365-01-364-0029,C08,Plates / Markings / Mounting / Misc,PLATE,PLATE,True,core-adjacent,broad keyword only,"Broad keyword only in modifier, item noun is 'SPACER'"
SPE4A726T041A,5365-01-675-6100,SPE4A726T041A,03-04-2026,03-11-2026,2026-08-21 02:41:27,Origin,Destination,None,7015658549,https://dibbs2.bsm.dla.mil/Downloads/RFQ/A/SPE4A726T041A.PDF,https://www.dibbs.bsm.dla.mil/RFQ/RFQRec.aspx?sn=SPE4A726T041A,https://www.dibbs.bsm.dla.mil/rfq/rfqrec.aspx?sn=SPE4A726T041A,PLATE,8,20260930T161527Z,5365-01-675-6100,"SPACER,PLATE",D,332119,23.0,75Q65 | 12606086 | OSHKOSH DEFENSE LLC,,2026-03-04,2026-03-11,PLATE,DIBBS|SPE4A726T041A|5365-01-675-6100,C08,Plates / Markings / Mounting / Misc,PLATE,PLATE,True,core-adjacent,broad keyword only,"Broad keyword only in modifier, item noun is 'SPACER'"
SPE4A626T771A,5310-01-562-2893,SPE4A626T771A,02-20-2026,02-27-2026,2026-08-21 02:41:27,Origin,Destination,None,7015607885,https://dibbs2.bsm.dla.mil/Downloads/RFQ/A/SPE4A626T771A.PDF,https://www.dibbs.bsm.dla.mil/RFQ/RFQRec.aspx?sn=SPE4A626T771A,https://www.dibbs.bsm.dla.mil/rfq/rfqrec.aspx?sn=SPE4A626T771A,PLATE,8,20260930T161527Z,5310-01-562-2893,"NUT SPACER,PLATE",R,332722,346.0,10630 | 4M30D10CP125 | ANILLO INDUSTRIES LLC,,2026-02-20,2026-02-27,PLATE,DIBBS|SPE4A626T771A|5310-01-562-2893,C08,Plates / Markings / Mounting / Misc,PLATE,PLATE,True,core-adjacent,broad keyword only,"Broad keyword only in modifier, item noun is 'NUT SPACER'"
SPE4A726T579R,5365-01-643-2528,SPE4A726T579R,07-17-2026,07-24-2026,2026-08-21 02:41:27,Origin,Origin,Tech,7017331965,https://dibbs2.bsm.dla.mil/Downloads/RFQ/R/SPE4A726T579R.PDF,https://www.dibbs.bsm.dla.mil/RFQ/RFQRec.aspx?sn=SPE4A726T579R,https://www.dibbs.bsm.dla.mil/rfq/rfqrec.aspx?sn=SPE4A726T579R,PLATE,8,20260930T161527Z,5365-01-643-2528,"SPACER,PLATE",G,332119,1.0,,,2026-07-17,2026-07-24,PLATE,DIBBS|SPE4A726T579R|5365-01-643-2528,C08,Plates / Markings / Mounting / Misc,PLATE,PLATE,True,core-adjacent,broad keyword only,"Broad keyword only in modifier, item noun is 'SPACER'"
SPE4A626T13BU,5310-00-486-0406,SPE4A626T13BU,08-06-2026,08-18-2026,2026-08-21 02:41:27,Origin,Origin,Tech,7017101916,https://dibbs2.bsm.dla.mil/Downloads/RFQ/U/SPE4A626T13BU.PDF,https://www.dibbs.bsm.dla.mil/RFQ/RFQRec.aspx?sn=SPE4A626T13BU,https://www.dibbs.bsm.dla.mil/rfq/rfqrec.aspx?sn=SPE4A626T13BU,PLATE,8,20260930T161527Z,5310-00-486-0406,"NUT,PLAIN,PLATE",G,332722,345.0,,,2026-08-06,2026-08-18,PLATE,DIBBS|SPE4A626T13BU|5310-00-486-0406,C08,Plates / Markings / Mounting / Misc,PLATE,PLATE,True,core-adjacent,broad keyword only,"Broad keyword only in modifier, item noun is 'NUT'"
SPE4A126T1603,5940-00-801-9358,SPE4A126T1603,03-13-2026,03-20-2026,2026-08-21 02:41:27,Origin,Origin,Tech,0048717942,https://dibbs2.bsm.dla.mil/Downloads/RFQ/3/SPE4A126T1603.PDF,https://www.dibbs.bsm.dla.mil/RFQ/RFQRec.aspx?sn=SPE4A126T1603,https://www.dibbs.bsm.dla.mil/rfq/rfqrec.aspx?sn=SPE4A126T1603,PLATE,8,20260930T161527Z,5940-00-801-9358,"INSULATOR,PLATE",G,335999,165.0,,,2026-03-13,2026-03-20,PLATE,DIBBS|SPE4A126T1603|5940-00-801-9358,C08,Plates / Markings / Mounting / Misc,PLATE,PLATE,True,core-adjacent,broad keyword only,"Broad keyword only in modifier, item noun is 'INSULATOR'"
SPE4A726T010E,5365-01-419-5121,SPE4A726T010E,02-25-2026,03-09-2026,2026-08-21 02:41:27,Origin,Destination,None,7015658120,https://dibbs2.bsm.dla.mil/Downloads/RFQ/E/SPE4A726T010E.PDF,https://www.dibbs.bsm.dla.mil/RFQ/RFQRec.aspx?sn=SPE4A726T010E,https://www.dibbs.bsm.dla.mil/rfq/rfqrec.aspx?sn=SPE4A726T010E,PLATE,8,20260930T161527Z,5365-01-419-5121,"SPACER,PLATE",D,332510,5.0,99517 | F2C10543-NN | VACCO INDUSTRIES,,2026-02-25,2026-03-09,PLATE,DIBBS|SPE4A726T010E|5365-01-419-5121,C08,Plates / Markings / Mounting / Misc,PLATE,PLATE,True,core-adjacent,broad keyword only,"Broad keyword only in modifier, item noun is 'SPACER'"
SPE4A626U2923,5310-01-581-2136,SPE4A626U2923,04-28-2026,05-15-2026,2026-08-21 02:41:27,Origin,Destination,None,1000230979,https://dibbs2.bsm.dla.mil/Downloads/RFQ/3/SPE4A626U2923.PDF,https://www.dibbs.bsm.dla.mil/RFQ/RFQRec.aspx?sn=SPE4A626U2923,https://www.dibbs.bsm.dla.mil/rfq/rfqrec.aspx?sn=SPE4A626U2923,PLATE,8,20260930T161527Z,5310-01-581-2136,"NUT,PLAIN,PLATE",L,332722,2404.0,"3GEM4 | 03002A5509 | XACT TOOL, INC.",,2026-04-28,2026-05-15,PLATE,DIBBS|SPE4A626U2923|5310-01-581-2136,C08,Plates / Markings / Mounting / Misc,PLATE,PLATE,True,core-adjacent,broad keyword only,"Broad keyword only in modifier, item noun is 'NUT'"
SPE4A625T15ML,5310-01-664-2412,SPE4A625T15ML,07-21-2025,07-31-2025,2026-08-21 02:41:27,Origin,Destination,None,7012982818,https://dibbs2.bsm.dla.mil/Downloads/RFQ/L/SPE4A625T15ML.PDF,https://www.dibbs.bsm.dla.mil/RFQ/RFQRec.aspx?sn=SPE4A625T15ML,https://www.dibbs.bsm.dla.mil/rfq/rfqrec.aspx?sn=SPE4A625T15ML,PLATE,8,20260930T161527Z,5310-01-664-2412,"NUT,PLAIN,PLATE",R,332722,4.0,"51439 | FTSLR-A5-1-2-.410-A | FATIGUE TECHNOLOGY, INC",,2025-07-21,2025-07-31,PLATE,DIBBS|SPE4A625T15ML|5310-01-664-2412,C08,Plates / Markings / Mounting / Misc,PLATE,PLATE,True,core-adjacent,broad keyword only,"Broad keyword only in modifier, item noun is 'NUT'"
SPE4A626T05GV,5970-01-676-5459,SPE4A626T05GV,07-10-2026,07-17-2026,2026-08-21 02:41:27,Origin,Destination,None,7013720423,https://dibbs2.bsm.dla.mil/Downloads/RFQ/V/SPE4A626T05GV.PDF,https://www.dibbs.bsm.dla.mil/RFQ/RFQRec.aspx?sn=SPE4A626T05GV,https://www.dibbs.bsm.dla.mil/rfq/rfqrec.aspx?sn=SPE4A626T05GV,PLATE,8,20260930T161527Z,5970-01-676-5459,"INSULATOR,PLATE",D,335932,300.0,5D744 | 8604386-1 | RAYTHEON COMPANY,,2026-07-10,2026-07-17,PLATE,DIBBS|SPE4A626T05GV|5970-01-676-5459,C08,Plates / Markings / Mounting / Misc,PLATE,PLATE,True,core-adjacent,broad keyword only,"Broad keyword only in modifier, item noun is 'INSULATOR'"
SPE4A726U0042,5365-01-166-1754,SPE4A726U0042,06-09-2026,06-26-2026,2026-08-21 02:41:27,Origin,Destination,None,1000181193,https://dibbs2.bsm.dla.mil/Downloads/RFQ/2/SPE4A726U0042.PDF,https://www.dibbs.bsm.dla.mil/RFQ/RFQRec.aspx?sn=SPE4A726U0042,https://www.dibbs.bsm.dla.mil/rfq/rfqrec.aspx?sn=SPE4A726U0042,PLATE,8,20260930T161527Z,5365-01-166-1754,"SPACER,PLATE",G,332510,1906.0,,,2026-06-09,2026-06-26,PLATE,DIBBS|SPE4A726U0042|5365-01-166-1754,C08,Plates / Markings / Mounting / Misc,PLATE,PLATE,True,core-adjacent,broad keyword only,"Broad keyword only in modifier, item noun is 'SPACER'"
SPE4A726T589Y,5365-01-304-9392,SPE4A726T589Y,07-22-2026,07-29-2026,2026-08-21 02:41:27,Origin,Destination,None,7017528867,https://dibbs2.bsm.dla.mil/Downloads/RFQ/Y/SPE4A726T589Y.PDF,https://www.dibbs.bsm.dla.mil/RFQ/RFQRec.aspx?sn=SPE4A726T589Y,https://www.dibbs.bsm.dla.mil/rfq/rfqrec.aspx?sn=SPE4A726T589Y,PLATE,8,20260930T161527Z,5365-01-304-9392,"SPACER,PLATE",D,332510,4.0,12190 | PB18303-9-2 | CURTISS-WRIGHT FLOW CONTROL CORPORA,,2026-07-22,2026-07-29,PLATE,DIBBS|SPE4A726T589Y|5365-01-304-9392,C08,Plates / Markings / Mounting / Misc,PLATE,PLATE,True,core-adjacent,broad keyword only,"Broad keyword only in modifier, item noun is 'SPACER'"
SPE4A626T427K,5310-00-151-5490,SPE4A626T427K,01-07-2026,01-21-2026,2026-08-21 02:41:27,Origin,Origin,Tech,7014321176,https://dibbs2.bsm.dla.mil/Downloads/RFQ/K/SPE4A626T427K.PDF,https://www.dibbs.bsm.dla.mil/RFQ/RFQRec.aspx?sn=SPE4A626T427K,https://www.dibbs.bsm.dla.mil/rfq/rfqrec.aspx?sn=SPE4A626T427K,PLATE,9,20260930T161545Z,5310-00-151-5490,"NUT SPACER,PLATE",G,332722,5997.0,,,2026-01-07,2026-01-21,PLATE,DIBBS|SPE4A626T427K|5310-00-151-5490,C08,Plates / Markings / Mounting / Misc,PLATE,PLATE,True,core-adjacent,broad keyword only,"Broad keyword only in modifier, item noun is 'NUT SPACER'"
SPE4A626T06LB,5310-00-764-2396,SPE4A626T06LB,07-15-2026,07-22-2026,2026-08-21 02:41:27,Origin,Destination,Tech,7017486548,https://dibbs2.bsm.dla.mil/Downloads/RFQ/B/SPE4A626T06LB.PDF,https://www.dibbs.bsm.dla.mil/RFQ/RFQRec.aspx?sn=SPE4A626T06LB,https://www.dibbs.bsm.dla.mil/rfq/rfqrec.aspx?sn=SPE4A626T06LB,PLATE,9,20260930T161545Z,5310-00-764-2396,"NUT,SELF-LOCKING,PLATE",G,332722,1327.0,,,2026-07-15,2026-07-22,PLATE,DIBBS|SPE4A626T06LB|5310-00-764-2396,C08,Plates / Markings / Mounting / Misc,PLATE,PLATE,True,core-adjacent,broad keyword only,"Broad keyword only in modifier, item noun is 'NUT'"
SPE4A726T641T,5365-01-392-0779,SPE4A726T641T,08-12-2026,08-19-2026,2026-08-21 02:41:27,Origin,Destination,None,7017204192,https://dibbs2.bsm.dla.mil/Downloads/RFQ/T/SPE4A726T641T.PDF,https://www.dibbs.bsm.dla.mil/RFQ/RFQRec.aspx?sn=SPE4A726T641T,https://www.dibbs.bsm.dla.mil/rfq/rfqrec.aspx?sn=SPE4A726T641T,PLATE,9,20260930T161545Z,5365-01-392-0779,"SPACER,PLATE",R,332510,1.0,51802 | HAN4285-1 | HANSOME ENERGY SYSTEMS INC,,2026-08-12,2026-08-19,PLATE,DIBBS|SPE4A726T641T|5365-01-392-0779,C08,Plates / Markings / Mounting / Misc,PLATE,PLATE,True,core-adjacent,broad keyword only,"Broad keyword only in modifier, item noun is 'SPACER'"
SPE4A726U0028,5365-01-064-2770,SPE4A726U0028,06-09-2026,06-23-2026,2026-08-21 02:41:27,Origin,Destination,None,1000190446,https://dibbs2.bsm.dla.mil/Downloads/RFQ/8/SPE4A726U0028.PDF,https://www.dibbs.bsm.dla.mil/RFQ/RFQRec.aspx?sn=SPE4A726U0028,https://www.dibbs.bsm.dla.mil/rfq/rfqrec.aspx?sn=SPE4A726U0028,PLATE,9,20260930T161545Z,5365-01-064-2770,"SPACER,PLATE",Q,332510,46.0,0UBG9 | 11200-B-18A | CURTISS-WRIGHT ELECTRO-MECHANICAL,,2026-06-09,2026-06-23,PLATE,DIBBS|SPE4A726U0028|5365-01-064-2770,C08,Plates / Markings / Mounting / Misc,PLATE,PLATE,True,core-adjacent,broad keyword only,"Broad keyword only in modifier, item noun is 'SPACER'"
SPE4A626T12ZW,5365-00-272-6239,SPE4A626T12ZW,08-06-2026,08-13-2026,2026-08-21 02:41:27,Origin,Origin,Tech,7017272976,https://dibbs2.bsm.dla.mil/Downloads/RFQ/W/SPE4A626T12ZW.PDF,https://www.dibbs.bsm.dla.mil/RFQ/RFQRec.aspx?sn=SPE4A626T12ZW,https://www.dibbs.bsm.dla.mil/rfq/rfqrec.aspx?sn=SPE4A626T12ZW,PLATE,9,20260930T161545Z,5365-00-272-6239,"SPACER,PLATE",G,332510,323.0,,,2026-08-06,2026-08-13,PLATE,DIBBS|SPE4A626T12ZW|5365-00-272-6239,C08,Plates / Markings / Mounting / Misc,PLATE,PLATE,True,core-adjacent,broad keyword only,"Broad keyword only in modifier, item noun is 'SPACER'"
SPE4A626T54X8,5310-01-608-3764,SPE4A626T54X8,05-14-2026,06-30-2026,2026-08-21 02:41:27,Origin,Destination,Tech,7015649085,https://dibbs2.bsm.dla.mil/Downloads/RFQ/8/SPE4A626T54X8.PDF,https://www.dibbs.bsm.dla.mil/RFQ/RFQRec.aspx?sn=SPE4A626T54X8,https://www.dibbs.bsm.dla.mil/rfq/rfqrec.aspx?sn=SPE4A626T54X8,PLATE,9,20260930T161545Z,5310-01-608-3764,"NUT,PLAIN,PLATE",G,332722,8.0,,,2026-05-14,2026-06-30,PLATE,DIBBS|SPE4A626T54X8|5310-01-608-3764,C08,Plates / Markings / Mounting / Misc,PLATE,PLATE,True,core-adjacent,broad keyword only,"Broad keyword only in modifier, item noun is 'NUT'"
SPE4A626T11DN,5310-01-173-9547,SPE4A626T11DN,08-03-2026,08-21-2026,2026-08-21 02:41:27,Origin,Destination,None,7017659092,https://dibbs2.bsm.dla.mil/Downloads/RFQ/N/SPE4A626T11DN.PDF,https://www.dibbs.bsm.dla.mil/RFQ/RFQRec.aspx?sn=SPE4A626T11DN,https://www.dibbs.bsm.dla.mil/rfq/rfqrec.aspx?sn=SPE4A626T11DN,PLATE,9,20260930T161545Z,5310-01-173-9547,"NUT,SELF-LOCKING,PLATE",C,332722,1.0,29372 | CA35304-4-4 | HOWMET GLOBAL FASTENING SYSTEMS INC,,2026-08-03,2026-08-21,PLATE,DIBBS|SPE4A626T11DN|5310-01-173-9547,C08,Plates / Markings / Mounting / Misc,PLATE,PLATE,True,core-adjacent,broad keyword only,"Broad keyword only in modifier, item noun is 'NUT'"
SPE4A726T153S,5970-01-205-0155,SPE4A726T153S,03-26-2026,04-02-2026,2026-08-21 02:41:27,Origin,Destination,None,7015955509,https://dibbs2.bsm.dla.mil/Downloads/RFQ/S/SPE4A726T153S.PDF,https://www.dibbs.bsm.dla.mil/RFQ/RFQRec.aspx?sn=SPE4A726T153S,https://www.dibbs.bsm.dla.mil/rfq/rfqrec.aspx?sn=SPE4A726T153S,PLATE,9,20260930T161545Z,5970-01-205-0155,"INSULATOR,PLATE",P,335999,8.0,"98889 | 657149 | AEROCONTROLEX GROUP, INC.",,2026-03-26,2026-04-02,PLATE,DIBBS|SPE4A726T153S|5970-01-205-0155,C08,Plates / Markings / Mounting / Misc,PLATE,PLATE,True,core-adjacent,broad keyword only,"Broad keyword only in modifier, item noun is 'INSULATOR'"
SPE4A626T226U,5365-01-714-2560,SPE4A626T226U,12-04-2025,12-11-2025,2026-08-21 02:41:27,Origin,Destination,None,7014547659,https://dibbs2.bsm.dla.mil/Downloads/RFQ/U/SPE4A626T226U.PDF,https://www.dibbs.bsm.dla.mil/RFQ/RFQRec.aspx?sn=SPE4A626T226U,https://www.dibbs.bsm.dla.mil/rfq/rfqrec.aspx?sn=SPE4A626T226U,PLATE,9,20260930T161545Z,5365-01-714-2560,"SPACER,PLATE",C,332119,5.0,78286 | 06807-06023-110 | SIKORSKY AIRCRAFT CORPORATION,,2025-12-04,2025-12-11,PLATE,DIBBS|SPE4A626T226U|5365-01-714-2560,C08,Plates / Markings / Mounting / Misc,PLATE,PLATE,True,core-adjacent,broad keyword only,"Broad keyword only in modifier, item noun is 'SPACER'"
SPE4A626T865Q,5365-00-445-9457,SPE4A626T865Q,03-03-2026,03-16-2026,2026-08-21 02:41:27,Origin,Destination,None,7015669245,https://dibbs2.bsm.dla.mil/Downloads/RFQ/Q/SPE4A626T865Q.PDF,https://www.dibbs.bsm.dla.mil/RFQ/RFQRec.aspx?sn=SPE4A626T865Q,https://www.dibbs.bsm.dla.mil/rfq/rfqrec.aspx?sn=SPE4A626T865Q,PLATE,9,20260930T161545Z,5365-00-445-9457,"SPACER,PLATE",D,332510,66.0,52661 | 464229 | RTX CORPORATION,,2026-03-03,2026-03-16,PLATE,DIBBS|SPE4A626T865Q|5365-00-445-9457,C08,Plates / Markings / Mounting / Misc,PLATE,PLATE,True,core-adjacent,broad keyword only,"Broad keyword only in modifier, item noun is 'SPACER'"
SPE4A626T15JS,5310-01-330-5234,SPE4A626T15JS,08-12-2026,08-19-2026,2026-08-21 02:41:27,Origin,Destination,Tech,7017742044,https://dibbs2.bsm.dla.mil/Downloads/RFQ/S/SPE4A626T15JS.PDF,https://www.dibbs.bsm.dla.mil/RFQ/RFQRec.aspx?sn=SPE4A626T15JS,https://www.dibbs.bsm.dla.mil/rfq/rfqrec.aspx?sn=SPE4A626T15JS,PLATE,9,20260930T161545Z,5310-01-330-5234,"NUT,SELF-LOCKING,PLATE",G,332722,216.0,,,2026-08-12,2026-08-19,PLATE,DIBBS|SPE4A626T15JS|5310-01-330-5234,C08,Plates / Markings / Mounting / Misc,PLATE,PLATE,True,core-adjacent,broad keyword only,"Broad keyword only in modifier, item noun is 'NUT'"
SPE4A525T525D,5365-01-728-6269,SPE4A525T525D,06-27-2025,07-07-2025,2026-08-21 02:41:27,Origin,Destination,Tech,7012753424,https://dibbs2.bsm.dla.mil/Downloads/RFQ/D/SPE4A525T525D.PDF,https://www.dibbs.bsm.dla.mil/RFQ/RFQRec.aspx?sn=SPE4A525T525D,https://www.dibbs.bsm.dla.mil/rfq/rfqrec.aspx?sn=SPE4A525T525D,PLATE,9,20260930T161545Z,5365-01-728-6269,"SPACER,PLATE",C,332119,5.0,81205 | 842-349534-10 | THE BOEING COMPANY,,2025-06-27,2025-07-07,PLATE,DIBBS|SPE4A525T525D|5365-01-728-6269,C08,Plates / Markings / Mounting / Misc,PLATE,PLATE,True,core-adjacent,broad keyword only,"Broad keyword only in modifier, item noun is 'SPACER'"
SPE7L425T4724,5365-01-563-7961,SPE7L425T4724,05-08-2025,05-19-2025,2026-08-21 02:41:27,Origin,Destination,None,7012161801,https://dibbs2.bsm.dla.mil/Downloads/RFQ/4/SPE7L425T4724.PDF,https://www.dibbs.bsm.dla.mil/RFQ/RFQRec.aspx?sn=SPE7L425T4724,https://www.dibbs.bsm.dla.mil/rfq/rfqrec.aspx?sn=SPE7L425T4724,PLATE,9,20260930T161545Z,5365-01-563-7961,"SPACER,PLATE",D,332999,1.0,19397 | 12328 | BAE SYSTEMS INFORMATION & ELECTRONI,,2025-05-08,2025-05-19,PLATE,DIBBS|SPE7L425T4724|5365-01-563-7961,C08,Plates / Markings / Mounting / Misc,PLATE,PLATE,True,core-adjacent,broad keyword only,"Broad keyword only in modifier, item noun is 'SPACER'"
SPE4A726T6618,5365-01-451-9131,SPE4A726T6618,12-22-2025,12-29-2025,2026-08-21 02:41:27,Origin,Origin,Tech,7014493150,https://dibbs2.bsm.dla.mil/Downloads/RFQ/8/SPE4A726T6618.PDF,https://www.dibbs.bsm.dla.mil/RFQ/RFQRec.aspx?sn=SPE4A726T6618,https://www.dibbs.bsm.dla.mil/rfq/rfqrec.aspx?sn=SPE4A726T6618,PLATE,9,20260930T161545Z,5365-01-451-9131,"SPACER,PLATE",G,332510,4.0,,,2025-12-22,2025-12-29,PLATE,DIBBS|SPE4A726T6618|5365-01-451-9131,C08,Plates / Markings / Mounting / Misc,PLATE,PLATE,True,core-adjacent,broad keyword only,"Broad keyword only in modifier, item noun is 'SPACER'"
SPE4A526U0003,5365-01-695-9025,SPE4A526U0003,03-12-2026,03-26-2026,2026-08-21 02:41:27,Origin,Destination,None,1000227326,https://dibbs2.bsm.dla.mil/Downloads/RFQ/3/SPE4A526U0003.PDF,https://www.dibbs.bsm.dla.mil/RFQ/RFQRec.aspx?sn=SPE4A526U0003,https://www.dibbs.bsm.dla.mil/rfq/rfqrec.aspx?sn=SPE4A526U0003,PLATE,9,20260930T161545Z,5365-01-695-9025,"SPACER,PLATE",L,332119,7885.0,8Y233 | R102133-01 | NORTHROP GRUMMAN SYSTEMS CORPORATIO,,2026-03-12,2026-03-26,PLATE,DIBBS|SPE4A526U0003|5365-01-695-9025,C08,Plates / Markings / Mounting / Misc,PLATE,PLATE,True,core-adjacent,broad keyword only,"Broad keyword only in modifier, item noun is 'SPACER'"
SPE4A626T92G3,5310-01-671-1759,SPE4A626T92G3,06-15-2026,06-25-2026,2026-08-21 02:41:27,Origin,Origin,None,7017010475,https://dibbs2.bsm.dla.mil/Downloads/RFQ/3/SPE4A626T92G3.PDF,https://www.dibbs.bsm.dla.mil/RFQ/RFQRec.aspx?sn=SPE4A626T92G3,https://www.dibbs.bsm.dla.mil/rfq/rfqrec.aspx?sn=SPE4A626T92G3,PLATE,10,20260930T161603Z,5310-01-671-1759,"NUT,PLAIN,PLATE",G,332722,223.0,,,2026-06-15,2026-06-25,PLATE,DIBBS|SPE4A626T92G3|5310-01-671-1759,C08,Plates / Markings / Mounting / Misc,PLATE,PLATE,True,core-adjacent,broad keyword only,"Broad keyword only in modifier, item noun is 'NUT'"
SPE4A626T13GY,5310-01-233-8679,SPE4A626T13GY,08-06-2026,08-13-2026,2026-08-21 02:41:27,Origin,Origin,Tech,7017697826,https://dibbs2.bsm.dla.mil/Downloads/RFQ/Y/SPE4A626T13GY.PDF,https://www.dibbs.bsm.dla.mil/RFQ/RFQRec.aspx?sn=SPE4A626T13GY,https://www.dibbs.bsm.dla.mil/rfq/rfqrec.aspx?sn=SPE4A626T13GY,PLATE,10,20260930T161603Z,5310-01-233-8679,"NUT,SELF-LOCKING,PLATE",G,332722,355.0,,,2026-08-06,2026-08-13,PLATE,DIBBS|SPE4A626T13GY|5310-01-233-8679,C08,Plates / Markings / Mounting / Misc,PLATE,PLATE,True,core-adjacent,broad keyword only,"Broad keyword only in modifier, item noun is 'NUT'"
SPE7L126T140N,2520-01-705-3724,SPE7L126T140N,02-26-2026,03-09-2026,2026-08-21 02:41:27,Origin,Destination,None,7014720744,https://dibbs2.bsm.dla.mil/Downloads/RFQ/N/SPE7L126T140N.PDF,https://www.dibbs.bsm.dla.mil/RFQ/RFQRec.aspx?sn=SPE7L126T140N,https://www.dibbs.bsm.dla.mil/rfq/rfqrec.aspx?sn=SPE7L126T140N,PLATE,10,20260930T161603Z,2520-01-705-3724,"RING,DRIVE PLATE,TR",D,000000,1.0,73342 | 29541018 | ALLISON TRANSMISSION INC,,2026-02-26,2026-03-09,PLATE,DIBBS|SPE7L126T140N|2520-01-705-3724,C08,Plates / Markings / Mounting / Misc,PLATE,PLATE,True,core-adjacent,broad keyword only,"Broad keyword only in modifier, item noun is 'RING'"
SPE4A726T575U,5365-01-715-1767,SPE4A726T575U,07-17-2026,07-24-2026,2026-08-21 02:41:27,Origin,Destination,Tech,7017474765,https://dibbs2.bsm.dla.mil/Downloads/RFQ/U/SPE4A726T575U.PDF,https://www.dibbs.bsm.dla.mil/RFQ/RFQRec.aspx?sn=SPE4A726T575U,https://www.dibbs.bsm.dla.mil/rfq/rfqrec.aspx?sn=SPE4A726T575U,PLATE,10,20260930T161603Z,5365-01-715-1767,"SPACER,PLATE",G,332119,1.0,,,2026-07-17,2026-07-24,PLATE,DIBBS|SPE4A726T575U|5365-01-715-1767,C08,Plates / Markings / Mounting / Misc,PLATE,PLATE,True,core-adjacent,broad keyword only,"Broad keyword only in modifier, item noun is 'SPACER'"
SPE4A726T204G,5365-01-390-6507,SPE4A726T204G,04-07-2026,04-14-2026,2026-08-21 02:41:27,Origin,Destination,Tech,7015658436,https://dibbs2.bsm.dla.mil/Downloads/RFQ/G/SPE4A726T204G.PDF,https://www.dibbs.bsm.dla.mil/RFQ/RFQRec.aspx?sn=SPE4A726T204G,https://www.dibbs.bsm.dla.mil/rfq/rfqrec.aspx?sn=SPE4A726T204G,PLATE,10,20260930T161603Z,5365-01-390-6507,"SPACER,PLATE",G,332510,69.0,,,2026-04-07,2026-04-14,PLATE,DIBBS|SPE4A726T204G|5365-01-390-6507,C08,Plates / Markings / Mounting / Misc,PLATE,PLATE,True,core-adjacent,broad keyword only,"Broad keyword only in modifier, item noun is 'SPACER'"
SPE4A526T291N,5365-01-008-9492,SPE4A526T291N,07-16-2026,07-23-2026,2026-08-21 02:41:27,Origin,Destination,None,7017486848,https://dibbs2.bsm.dla.mil/Downloads/RFQ/N/SPE4A526T291N.PDF,https://www.dibbs.bsm.dla.mil/RFQ/RFQRec.aspx?sn=SPE4A526T291N,https://www.dibbs.bsm.dla.mil/rfq/rfqrec.aspx?sn=SPE4A526T291N,PLATE,10,20260930T161603Z,5365-01-008-9492,"SPACER,PLATE",C,332510,67.0,78286 | SS1058-6-23-12 | SIKORSKY AIRCRAFT CORPORATION,,2026-07-16,2026-07-23,PLATE,DIBBS|SPE4A526T291N|5365-01-008-9492,C08,Plates / Markings / Mounting / Misc,PLATE,PLATE,True,core-adjacent,broad keyword only,"Broad keyword only in modifier, item noun is 'SPACER'"
SPE4A626T9833,5310-01-530-2458,SPE4A626T9833,11-14-2025,11-21-2025,2026-08-21 02:41:27,Origin,Destination,None,7014487901,https://dibbs2.bsm.dla.mil/Downloads/RFQ/3/SPE4A626T9833.PDF,https://www.dibbs.bsm.dla.mil/RFQ/RFQRec.aspx?sn=SPE4A626T9833,https://www.dibbs.bsm.dla.mil/rfq/rfqrec.aspx?sn=SPE4A626T9833,PLATE,10,20260930T161603Z,5310-01-530-2458,"NUT SPACER,PLATE",R,332722,105.0,29372 | CA354054-2 | HOWMET GLOBAL FASTENING SYSTEMS INC,,2025-11-14,2025-11-21,PLATE,DIBBS|SPE4A626T9833|5310-01-530-2458,C08,Plates / Markings / Mounting / Misc,PLATE,PLATE,True,core-adjacent,broad keyword only,"Broad keyword only in modifier, item noun is 'NUT SPACER'"
SPE4A626T15LB,5310-00-945-0555,SPE4A626T15LB,08-12-2026,08-19-2026,2026-08-21 02:41:27,Origin,Destination,None,7017837320,https://dibbs2.bsm.dla.mil/Downloads/RFQ/B/SPE4A626T15LB.PDF,https://www.dibbs.bsm.dla.mil/RFQ/RFQRec.aspx?sn=SPE4A626T15LB,https://www.dibbs.bsm.dla.mil/rfq/rfqrec.aspx?sn=SPE4A626T15LB,PLATE,10,20260930T161603Z,5310-00-945-0555,"NUT,SELF-LOCKING,PLATE",R,332722,30.0,15653 | F5400-4 | HOWMET GLOBAL FASTENING SYSTEMS INC,,2026-08-12,2026-08-19,PLATE,DIBBS|SPE4A626T15LB|5310-00-945-0555,C08,Plates / Markings / Mounting / Misc,PLATE,PLATE,True,core-adjacent,broad keyword only,"Broad keyword only in modifier, item noun is 'NUT'"
SPE4A626T08NC,5310-01-465-2919,SPE4A626T08NC,07-22-2026,08-03-2026,2026-08-21 02:41:27,Origin,Origin,None,7017572206,https://dibbs2.bsm.dla.mil/Downloads/RFQ/C/SPE4A626T08NC.PDF,https://www.dibbs.bsm.dla.mil/RFQ/RFQRec.aspx?sn=SPE4A626T08NC,https://www.dibbs.bsm.dla.mil/rfq/rfqrec.aspx?sn=SPE4A626T08NC,PLATE,10,20260930T161603Z,5310-01-465-2919,"NUT,SELF-LOCKING,PLATE",R,332722,522.0,66530 | CB4011C3CR | CLICK BOND INC,,2026-07-22,2026-08-03,PLATE,DIBBS|SPE4A626T08NC|5310-01-465-2919,C08,Plates / Markings / Mounting / Misc,PLATE,PLATE,True,core-adjacent,broad keyword only,"Broad keyword only in modifier, item noun is 'NUT'"
SPE4A626T562Y,5365-01-564-4193,SPE4A626T562Y,01-23-2026,02-05-2026,2026-08-21 02:41:27,Origin,Destination,None,7015248120,https://dibbs2.bsm.dla.mil/Downloads/RFQ/Y/SPE4A626T562Y.PDF,https://www.dibbs.bsm.dla.mil/RFQ/RFQRec.aspx?sn=SPE4A626T562Y,https://www.dibbs.bsm.dla.mil/rfq/rfqrec.aspx?sn=SPE4A626T562Y,PLATE,10,20260930T161603Z,5365-01-564-4193,"SPACER,PLATE",Q,332999,8.0,78286 | 71202-21004-108 | SIKORSKY AIRCRAFT CORPORATION,,2026-01-23,2026-02-05,PLATE,DIBBS|SPE4A626T562Y|5365-01-564-4193,C08,Plates / Markings / Mounting / Misc,PLATE,PLATE,True,core-adjacent,broad keyword only,"Broad keyword only in modifier, item noun is 'SPACER'"
SPE4A726T4523,5365-00-792-9028,SPE4A726T4523,11-25-2025,12-05-2025,2026-08-21 02:41:27,Origin,Destination,None,7012250194,https://dibbs2.bsm.dla.mil/Downloads/RFQ/3/SPE4A726T4523.PDF,https://www.dibbs.bsm.dla.mil/RFQ/RFQRec.aspx?sn=SPE4A726T4523,https://www.dibbs.bsm.dla.mil/rfq/rfqrec.aspx?sn=SPE4A726T4523,PLATE,10,20260930T161603Z,5365-00-792-9028,"SPACER,PLATE",L,332510,2110.0,13841 | 33105 | 72582	5116198	ROLLS-ROYCE SOLUTIONS AMERICA INC,,2025-11-25,2025-12-05,PLATE,DIBBS|SPE4A726T4523|5365-00-792-9028,C08,Plates / Markings / Mounting / Misc,PLATE,PLATE,True,core-adjacent,broad keyword only,"Broad keyword only in modifier, item noun is 'SPACER'"
SPE4A626T2032,5310-01-239-9416,SPE4A626T2032,10-14-2025,10-24-2025,2026-08-21 02:41:27,Origin,Destination,Tech,7013943948,https://dibbs2.bsm.dla.mil/Downloads/RFQ/2/SPE4A626T2032.PDF,https://www.dibbs.bsm.dla.mil/RFQ/RFQRec.aspx?sn=SPE4A626T2032,https://www.dibbs.bsm.dla.mil/rfq/rfqrec.aspx?sn=SPE4A626T2032,PLATE,10,20260930T161603Z,5310-01-239-9416,"NUT SPACER,PLATE",C,332722,73.0,15653 | ST3M443-3D | HOWMET GLOBAL FASTENING SYSTEMS INC,,2025-10-14,2025-10-24,PLATE,DIBBS|SPE4A626T2032|5310-01-239-9416,C08,Plates / Markings / Mounting / Misc,PLATE,PLATE,True,core-adjacent,broad keyword only,"Broad keyword only in modifier, item noun is 'NUT SPACER'"
SPE4A626T414Y,5310-01-163-5818,SPE4A626T414Y,01-02-2026,01-09-2026,2026-08-21 02:41:27,Origin,Destination,Tech,7014382026,https://dibbs2.bsm.dla.mil/Downloads/RFQ/Y/SPE4A626T414Y.PDF,https://www.dibbs.bsm.dla.mil/RFQ/RFQRec.aspx?sn=SPE4A626T414Y,https://www.dibbs.bsm.dla.mil/rfq/rfqrec.aspx?sn=SPE4A626T414Y,PLATE,10,20260930T161603Z,5310-01-163-5818,"NUT,SELF-LOCKING,PLATE",C,332722,390.0,15653 | F49849-4-2 | HOWMET GLOBAL FASTENING SYSTEMS INC,,2026-01-02,2026-01-09,PLATE,DIBBS|SPE4A626T414Y|5310-01-163-5818,C08,Plates / Markings / Mounting / Misc,PLATE,PLATE,True,core-adjacent,broad keyword only,"Broad keyword only in modifier, item noun is 'NUT'"
SPE4A726T678G,5365-01-295-0120,SPE4A726T678G,08-19-2026,08-26-2026,2026-08-21 02:41:27,Origin,Destination,Tech,7017784198,https://dibbs2.bsm.dla.mil/Downloads/RFQ/G/SPE4A726T678G.PDF,https://www.dibbs.bsm.dla.mil/RFQ/RFQRec.aspx?sn=SPE4A726T678G,https://www.dibbs.bsm.dla.mil/rfq/rfqrec.aspx?sn=SPE4A726T678G,PLATE,10,20260930T161603Z,5365-01-295-0120,"SPACER,PLATE",G,332510,2.0,,,2026-08-19,2026-08-26,PLATE,DIBBS|SPE4A726T678G|5365-01-295-0120,C08,Plates / Markings / Mounting / Misc,PLATE,PLATE,True,core-adjacent,broad keyword only,"Broad keyword only in modifier, item noun is 'SPACER'"
SPE7L325T6100,2590-20-015-1143,SPE7L325T6100,01-15-2025,01-27-2025,2026-08-21 02:41:27,Origin,Destination,None,7010565551,https://dibbs2.bsm.dla.mil/Downloads/RFQ/0/SPE7L325T6100.PDF,https://www.dibbs.bsm.dla.mil/RFQ/RFQRec.aspx?sn=SPE7L325T6100,https://www.dibbs.bsm.dla.mil/rfq/rfqrec.aspx?sn=SPE7L325T6100,PLATE,10,20260930T161603Z,2590-20-015-1143,"SPACER,PLATE",P,000000,3.0,,,2025-01-15,2025-01-27,PLATE,DIBBS|SPE7L325T6100|2590-20-015-1143,C08,Plates / Markings / Mounting / Misc,PLATE,PLATE,True,core-adjacent,broad keyword only,"Broad keyword only in modifier, item noun is 'SPACER'"
SPE4A526T311J,5365-01-718-3545,SPE4A526T311J,07-29-2026,08-05-2026,2026-08-21 02:41:27,Origin,Destination,Tech,7014492183,https://dibbs2.bsm.dla.mil/Downloads/RFQ/J/SPE4A526T311J.PDF,https://www.dibbs.bsm.dla.mil/RFQ/RFQRec.aspx?sn=SPE4A526T311J,https://www.dibbs.bsm.dla.mil/rfq/rfqrec.aspx?sn=SPE4A526T311J,PLATE,10,20260930T161603Z,5365-01-718-3545,"SPACER,PLATE",C,332119,105.0,78286 | 06302-10180-108 | SIKORSKY AIRCRAFT CORPORATION,,2026-07-29,2026-08-05,PLATE,DIBBS|SPE4A526T311J|5365-01-718-3545,C08,Plates / Markings / Mounting / Misc,PLATE,PLATE,True,core-adjacent,broad keyword only,"Broad keyword only in modifier, item noun is 'SPACER'"
SPE4A626U2461,5365-01-162-9999,SPE4A626U2461,03-30-2026,04-16-2026,2026-08-21 02:41:27,Origin,Origin,Tech,1000228218,https://dibbs2.bsm.dla.mil/Downloads/RFQ/1/SPE4A626U2461.PDF,https://www.dibbs.bsm.dla.mil/RFQ/RFQRec.aspx?sn=SPE4A626U2461,https://www.dibbs.bsm.dla.mil/rfq/rfqrec.aspx?sn=SPE4A626U2461,PLATE,10,20260930T161603Z,5365-01-162-9999,"SPACER,PLATE",G,332510,1169.0,,,2026-03-30,2026-04-16,PLATE,DIBBS|SPE4A626U2461|5365-01-162-9999,C08,Plates / Markings / Mounting / Misc,PLATE,PLATE,True,core-adjacent,broad keyword only,"Broad keyword only in modifier, item noun is 'SPACER'"
SPE4A626T860C,5970-01-512-3769,SPE4A626T860C,03-02-2026,03-09-2026,2026-08-21 02:41:27,Origin,Destination,None,7013234885,https://dibbs2.bsm.dla.mil/Downloads/RFQ/C/SPE4A626T860C.PDF,https://www.dibbs.bsm.dla.mil/RFQ/RFQRec.aspx?sn=SPE4A626T860C,https://www.dibbs.bsm.dla.mil/rfq/rfqrec.aspx?sn=SPE4A626T860C,PLATE,10,20260930T161603Z,5970-01-512-3769,"INSULATOR,PLATE",P,335999,3.0,51435 | 433D2099-1 | EMS DEVELOPMENT CORPORATION,,2026-03-02,2026-03-09,PLATE,DIBBS|SPE4A626T860C|5970-01-512-3769,C08,Plates / Markings / Mounting / Misc,PLATE,PLATE,True,core-adjacent,broad keyword only,"Broad keyword only in modifier, item noun is 'INSULATOR'"
SPE4A526T9015,5365-01-205-5080,SPE4A526T9015,02-26-2026,03-05-2026,2026-08-21 02:41:27,Origin,Destination,None,7015600904,https://dibbs2.bsm.dla.mil/Downloads/RFQ/5/SPE4A526T9015.PDF,https://www.dibbs.bsm.dla.mil/RFQ/RFQRec.aspx?sn=SPE4A526T9015,https://www.dibbs.bsm.dla.mil/rfq/rfqrec.aspx?sn=SPE4A526T9015,PLATE,11,20260930T161621Z,5365-01-205-5080,"SPACER,PLATE",P,331110,1.0,73030 | 784727-1 | HAMILTON SUNDSTRAND CORPORATION,,2026-02-26,2026-03-05,PLATE,DIBBS|SPE4A526T9015|5365-01-205-5080,C08,Plates / Markings / Mounting / Misc,PLATE,PLATE,True,core-adjacent,broad keyword only,"Broad keyword only in modifier, item noun is 'SPACER'"
SPE4A726T470B,5365-01-044-8400,SPE4A726T470B,06-09-2026,06-16-2026,2026-08-21 02:41:27,Origin,Destination,Tech,7017102029,https://dibbs2.bsm.dla.mil/Downloads/RFQ/B/SPE4A726T470B.PDF,https://www.dibbs.bsm.dla.mil/RFQ/RFQRec.aspx?sn=SPE4A726T470B,https://www.dibbs.bsm.dla.mil/rfq/rfqrec.aspx?sn=SPE4A726T470B,PLATE,11,20260930T161621Z,5365-01-044-8400,"SPACER,PLATE",G,332722,328.0,,,2026-06-09,2026-06-16,PLATE,DIBBS|SPE4A726T470B|5365-01-044-8400,C08,Plates / Markings / Mounting / Misc,PLATE,PLATE,True,core-adjacent,broad keyword only,"Broad keyword only in modifier, item noun is 'SPACER'"
SPE4A626T11HN,5310-01-177-9752,SPE4A626T11HN,08-03-2026,08-10-2026,2026-08-21 02:41:27,Origin,Destination,Tech,7017539643,https://dibbs2.bsm.dla.mil/Downloads/RFQ/N/SPE4A626T11HN.PDF,https://www.dibbs.bsm.dla.mil/RFQ/RFQRec.aspx?sn=SPE4A626T11HN,https://www.dibbs.bsm.dla.mil/rfq/rfqrec.aspx?sn=SPE4A626T11HN,PLATE,11,20260930T161621Z,5310-01-177-9752,"NUT,SELF-LOCKING,PLATE",C,332722,4.0,29372 | CA35304-3-2 | HOWMET GLOBAL FASTENING SYSTEMS INC,,2026-08-03,2026-08-10,PLATE,DIBBS|SPE4A626T11HN|5310-01-177-9752,C08,Plates / Markings / Mounting / Misc,PLATE,PLATE,True,core-adjacent,broad keyword only,"Broad keyword only in modifier, item noun is 'NUT'"
SPE4A626U1780,5365-01-070-0437,SPE4A626U1780,02-11-2026,03-02-2026,2026-08-21 02:41:27,Origin,Destination,None,1000224343,https://dibbs2.bsm.dla.mil/Downloads/RFQ/0/SPE4A626U1780.PDF,https://www.dibbs.bsm.dla.mil/RFQ/RFQRec.aspx?sn=SPE4A626U1780,https://www.dibbs.bsm.dla.mil/rfq/rfqrec.aspx?sn=SPE4A626U1780,PLATE,11,20260930T161621Z,5365-01-070-0437,"SPACER,PLATE",L,332510,425.0,29372 | CA21035-1 | HOWMET GLOBAL FASTENING SYSTEMS INC,,2026-02-11,2026-03-02,PLATE,DIBBS|SPE4A626U1780|5365-01-070-0437,C08,Plates / Markings / Mounting / Misc,PLATE,PLATE,True,core-adjacent,broad keyword only,"Broad keyword only in modifier, item noun is 'SPACER'"
SPE4A626T6033,5310-00-772-3718,SPE4A626T6033,10-24-2025,11-05-2025,2026-08-21 02:41:27,Origin,Origin,Tech,7014218294,https://dibbs2.bsm.dla.mil/Downloads/RFQ/3/SPE4A626T6033.PDF,https://www.dibbs.bsm.dla.mil/RFQ/RFQRec.aspx?sn=SPE4A626T6033,https://www.dibbs.bsm.dla.mil/rfq/rfqrec.aspx?sn=SPE4A626T6033,PLATE,11,20260930T161621Z,5310-00-772-3718,"NUT,SELF-LOCKING,PLATE",G,332722,646.0,,,2025-10-24,2025-11-05,PLATE,DIBBS|SPE4A626T6033|5310-00-772-3718,C08,Plates / Markings / Mounting / Misc,PLATE,PLATE,True,core-adjacent,broad keyword only,"Broad keyword only in modifier, item noun is 'NUT'"
SPE4A626T19LL,5310-01-247-9379,SPE4A626T19LL,08-19-2026,08-26-2026,2026-08-21 02:41:27,Origin,Destination,Tech,7017940934,https://dibbs2.bsm.dla.mil/Downloads/RFQ/L/SPE4A626T19LL.PDF,https://www.dibbs.bsm.dla.mil/RFQ/RFQRec.aspx?sn=SPE4A626T19LL,https://www.dibbs.bsm.dla.mil/rfq/rfqrec.aspx?sn=SPE4A626T19LL,PLATE,11,20260930T161621Z,5310-01-247-9379,"NUT,SELF-LOCKING,PLATE",G,332722,153.0,,,2026-08-19,2026-08-26,PLATE,DIBBS|SPE4A626T19LL|5310-01-247-9379,C08,Plates / Markings / Mounting / Misc,PLATE,PLATE,True,core-adjacent,broad keyword only,"Broad keyword only in modifier, item noun is 'NUT'"
SPE4A626T07SA,5310-00-595-9695,SPE4A626T07SA,07-20-2026,07-30-2026,2026-08-21 02:41:27,Origin,Destination,Tech,7017486740,https://dibbs2.bsm.dla.mil/Downloads/RFQ/A/SPE4A626T07SA.PDF,https://www.dibbs.bsm.dla.mil/RFQ/RFQRec.aspx?sn=SPE4A626T07SA,https://www.dibbs.bsm.dla.mil/rfq/rfqrec.aspx?sn=SPE4A626T07SA,PLATE,11,20260930T161621Z,5310-00-595-9695,"NUT SPACER,PLATE",G,332722,1070.0,,,2026-07-20,2026-07-30,PLATE,DIBBS|SPE4A626T07SA|5310-00-595-9695,C08,Plates / Markings / Mounting / Misc,PLATE,PLATE,True,core-adjacent,broad keyword only,"Broad keyword only in modifier, item noun is 'NUT SPACER'"
SPE4A726T8957,5365-00-111-1461,SPE4A726T8957,02-11-2026,02-18-2026,2026-08-21 02:41:27,Origin,Destination,None,7015475235,https://dibbs2.bsm.dla.mil/Downloads/RFQ/7/SPE4A726T8957.PDF,https://www.dibbs.bsm.dla.mil/RFQ/RFQRec.aspx?sn=SPE4A726T8957,https://www.dibbs.bsm.dla.mil/rfq/rfqrec.aspx?sn=SPE4A726T8957,PLATE,11,20260930T161621Z,5365-00-111-1461,"SPACER,PLATE",H,332510,13.0,79318 | 25816517 | MEGGITT NORTH HOLLYWOOD INC,,2026-02-11,2026-02-18,PLATE,DIBBS|SPE4A726T8957|5365-00-111-1461,C08,Plates / Markings / Mounting / Misc,PLATE,PLATE,True,core-adjacent,broad keyword only,"Broad keyword only in modifier, item noun is 'SPACER'"
SPE4A626T11VA,5310-01-197-0938,SPE4A626T11VA,08-05-2026,08-12-2026,2026-08-21 02:41:27,Origin,Destination,None,7017742271,https://dibbs2.bsm.dla.mil/Downloads/RFQ/A/SPE4A626T11VA.PDF,https://www.dibbs.bsm.dla.mil/RFQ/RFQRec.aspx?sn=SPE4A626T11VA,https://www.dibbs.bsm.dla.mil/rfq/rfqrec.aspx?sn=SPE4A626T11VA,PLATE,11,20260930T161621Z,5310-01-197-0938,"NUT,SELF-LOCKING,PLATE",C,332722,54.0,29372 | CA35304-3-3 | HOWMET GLOBAL FASTENING SYSTEMS INC,,2026-08-05,2026-08-12,PLATE,DIBBS|SPE4A626T11VA|5310-01-197-0938,C08,Plates / Markings / Mounting / Misc,PLATE,PLATE,True,core-adjacent,broad keyword only,"Broad keyword only in modifier, item noun is 'NUT'"
SPE7M425T179S,2030-01-394-8458,SPE7M425T179S,06-09-2025,06-20-2025,2026-08-21 02:41:27,Origin,Destination,None,7012386657,https://dibbs2.bsm.dla.mil/Downloads/RFQ/S/SPE7M425T179S.PDF,https://www.dibbs.bsm.dla.mil/RFQ/RFQRec.aspx?sn=SPE7M425T179S,https://www.dibbs.bsm.dla.mil/rfq/rfqrec.aspx?sn=SPE7M425T179S,PLATE,11,20260930T161621Z,2030-01-394-8458,"TAIL,CAM PLATE,RH",D,333923,10.0,,,2025-06-09,2025-06-20,PLATE,DIBBS|SPE7M425T179S|2030-01-394-8458,C08,Plates / Markings / Mounting / Misc,PLATE,PLATE,True,core-adjacent,broad keyword only,"Broad keyword only in modifier, item noun is 'TAIL'"
SPE4A726T638H,5365-01-479-8419,SPE4A726T638H,08-11-2026,08-18-2026,2026-08-21 02:41:27,Origin,Destination,None,7017765824,https://dibbs2.bsm.dla.mil/Downloads/RFQ/H/SPE4A726T638H.PDF,https://www.dibbs.bsm.dla.mil/RFQ/RFQRec.aspx?sn=SPE4A726T638H,https://www.dibbs.bsm.dla.mil/rfq/rfqrec.aspx?sn=SPE4A726T638H,PLATE,11,20260930T161621Z,5365-01-479-8419,"SPACER,PLATE",C,332510,2.0,12361 | 6705170864 | GROVE U.S. LLC,,2026-08-11,2026-08-18,PLATE,DIBBS|SPE4A726T638H|5365-01-479-8419,C08,Plates / Markings / Mounting / Misc,PLATE,PLATE,True,core-adjacent,broad keyword only,"Broad keyword only in modifier, item noun is 'SPACER'"
SPE4A726T586K,5365-01-419-5121,SPE4A726T586K,07-22-2026,07-29-2026,2026-08-21 02:41:27,Origin,Destination,None,7017572382,https://dibbs2.bsm.dla.mil/Downloads/RFQ/K/SPE4A726T586K.PDF,https://www.dibbs.bsm.dla.mil/RFQ/RFQRec.aspx?sn=SPE4A726T586K,https://www.dibbs.bsm.dla.mil/rfq/rfqrec.aspx?sn=SPE4A726T586K,PLATE,11,20260930T161621Z,5365-01-419-5121,"SPACER,PLATE",D,332510,4.0,99517 | F2C10543-NN | VACCO INDUSTRIES,,2026-07-22,2026-07-29,PLATE,DIBBS|SPE4A726T586K|5365-01-419-5121,C08,Plates / Markings / Mounting / Misc,PLATE,PLATE,True,core-adjacent,broad keyword only,"Broad keyword only in modifier, item noun is 'SPACER'"
SPE4A626T296K,5365-01-714-2667,SPE4A626T296K,12-15-2025,12-22-2025,2026-08-21 02:41:27,Origin,Destination,None,7014546762,https://dibbs2.bsm.dla.mil/Downloads/RFQ/K/SPE4A626T296K.PDF,https://www.dibbs.bsm.dla.mil/RFQ/RFQRec.aspx?sn=SPE4A626T296K,https://www.dibbs.bsm.dla.mil/rfq/rfqrec.aspx?sn=SPE4A626T296K,PLATE,11,20260930T161621Z,5365-01-714-2667,"SPACER,PLATE",D,332119,5.0,78286 | 06202-02201-103 | SIKORSKY AIRCRAFT CORPORATION,,2025-12-15,2025-12-22,PLATE,DIBBS|SPE4A626T296K|5365-01-714-2667,C08,Plates / Markings / Mounting / Misc,PLATE,PLATE,True,core-adjacent,broad keyword only,"Broad keyword only in modifier, item noun is 'SPACER'"
SPE4A726T568D,5365-01-633-9776,SPE4A726T568D,07-14-2026,07-21-2026,2026-08-21 02:41:27,Origin,Destination,None,7017385100,https://dibbs2.bsm.dla.mil/Downloads/RFQ/D/SPE4A726T568D.PDF,https://www.dibbs.bsm.dla.mil/RFQ/RFQRec.aspx?sn=SPE4A726T568D,https://www.dibbs.bsm.dla.mil/rfq/rfqrec.aspx?sn=SPE4A726T568D,PLATE,11,20260930T161621Z,5365-01-633-9776,"SPACER,PLATE",R,332119,24.0,23386 | A13017-1 | THALES DEFENSE & SECURITY INC,,2026-07-14,2026-07-21,PLATE,DIBBS|SPE4A726T568D|5365-01-633-9776,C08,Plates / Markings / Mounting / Misc,PLATE,PLATE,True,core-adjacent,broad keyword only,"Broad keyword only in modifier, item noun is 'SPACER'"
SPE4A626T05YW,5310-01-172-8788,SPE4A626T05YW,07-15-2026,07-22-2026,2026-08-21 02:41:27,Origin,Destination,None,7017487088,https://dibbs2.bsm.dla.mil/Downloads/RFQ/W/SPE4A626T05YW.PDF,https://www.dibbs.bsm.dla.mil/RFQ/RFQRec.aspx?sn=SPE4A626T05YW,https://www.dibbs.bsm.dla.mil/rfq/rfqrec.aspx?sn=SPE4A626T05YW,PLATE,12,20260930T161638Z,5310-01-172-8788,"NUT,SELF-LOCKING,PLATE",P,332722,1281.0,,,2026-07-15,2026-07-22,PLATE,DIBBS|SPE4A626T05YW|5310-01-172-8788,C08,Plates / Markings / Mounting / Misc,PLATE,PLATE,True,core-adjacent,broad keyword only,"Broad keyword only in modifier, item noun is 'NUT'"
SPE4A126T2332,5365-01-649-7546,SPE4A126T2332,06-16-2026,06-23-2026,2026-08-21 02:41:27,Origin,Destination,Tech,7015245432,https://dibbs2.bsm.dla.mil/Downloads/RFQ/2/SPE4A126T2332.PDF,https://www.dibbs.bsm.dla.mil/RFQ/RFQRec.aspx?sn=SPE4A126T2332,https://www.dibbs.bsm.dla.mil/rfq/rfqrec.aspx?sn=SPE4A126T2332,PLATE,12,20260930T161638Z,5365-01-649-7546,"SPACER,PLATE",D,332119,274.0,77445 | 50A619 | RTX CORPORATION,,2026-06-16,2026-06-23,PLATE,DIBBS|SPE4A126T2332|5365-01-649-7546,C08,Plates / Markings / Mounting / Misc,PLATE,PLATE,True,core-adjacent,broad keyword only,"Broad keyword only in modifier, item noun is 'SPACER'"
SPE4A526T184M,5365-01-042-9855,SPE4A526T184M,05-26-2026,06-02-2026,2026-08-21 02:41:27,Origin,Destination,None,7016878766,https://dibbs2.bsm.dla.mil/Downloads/RFQ/M/SPE4A526T184M.PDF,https://www.dibbs.bsm.dla.mil/RFQ/RFQRec.aspx?sn=SPE4A526T184M,https://www.dibbs.bsm.dla.mil/rfq/rfqrec.aspx?sn=SPE4A526T184M,PLATE,12,20260930T161638Z,5365-01-042-9855,"SPACER,PLATE",D,332510,14.0,98897 | 16H2007-7 | LOCKHEED MARTIN CORP,,2026-05-26,2026-06-02,PLATE,DIBBS|SPE4A526T184M|5365-01-042-9855,C08,Plates / Markings / Mounting / Misc,PLATE,PLATE,True,core-adjacent,broad keyword only,"Broad keyword only in modifier, item noun is 'SPACER'"
SPE4A726T561K,5365-00-468-1081,SPE4A726T561K,07-09-2026,07-22-2026,2026-08-21 02:41:27,Origin,Destination,None,7017429722,https://dibbs2.bsm.dla.mil/Downloads/RFQ/K/SPE4A726T561K.PDF,https://www.dibbs.bsm.dla.mil/RFQ/RFQRec.aspx?sn=SPE4A726T561K,https://www.dibbs.bsm.dla.mil/rfq/rfqrec.aspx?sn=SPE4A726T561K,PLATE,12,20260930T161638Z,5365-00-468-1081,"SPACER,PLATE",D,332510,18.0,"25583 | 568-1009-01 | ACRON AVIATION, INC.",,2026-07-09,2026-07-22,PLATE,DIBBS|SPE4A726T561K|5365-00-468-1081,C08,Plates / Markings / Mounting / Misc,PLATE,PLATE,True,core-adjacent,broad keyword only,"Broad keyword only in modifier, item noun is 'SPACER'"
SPE4A626T05XQ,5310-01-173-1099,SPE4A626T05XQ,07-15-2026,07-22-2026,2026-08-21 02:41:27,Origin,Destination,None,7017487089,https://dibbs2.bsm.dla.mil/Downloads/RFQ/Q/SPE4A626T05XQ.PDF,https://www.dibbs.bsm.dla.mil/RFQ/RFQRec.aspx?sn=SPE4A626T05XQ,https://www.dibbs.bsm.dla.mil/rfq/rfqrec.aspx?sn=SPE4A626T05XQ,PLATE,12,20260930T161638Z,5310-01-173-1099,"NUT,SELF-LOCKING,PLATE",L,332722,125.0,15653 | F49831-4-3 | HOWMET GLOBAL FASTENING SYSTEMS INC,,2026-07-15,2026-07-22,PLATE,DIBBS|SPE4A626T05XQ|5310-01-173-1099,C08,Plates / Markings / Mounting / Misc,PLATE,PLATE,True,core-adjacent,broad keyword only,"Broad keyword only in modifier, item noun is 'NUT'"
SPE4A626T476E,5310-01-204-3095,SPE4A626T476E,01-14-2026,01-21-2026,2026-08-21 02:41:27,Origin,Destination,Tech,7015112127,https://dibbs2.bsm.dla.mil/Downloads/RFQ/E/SPE4A626T476E.PDF,https://www.dibbs.bsm.dla.mil/RFQ/RFQRec.aspx?sn=SPE4A626T476E,https://www.dibbs.bsm.dla.mil/rfq/rfqrec.aspx?sn=SPE4A626T476E,PLATE,12,20260930T161638Z,5310-01-204-3095,"WASHER,PLATE",C,332722,1194.0,0ACH0 | 119-5749340 | FIND 29	SMR ACQUISITION LLC,,2026-01-14,2026-01-21,PLATE,DIBBS|SPE4A626T476E|5310-01-204-3095,C08,Plates / Markings / Mounting / Misc,PLATE,PLATE,True,core-adjacent,broad keyword only,"Broad keyword only in modifier, item noun is 'WASHER'"
SPE4A626T02WN,5310-01-516-3000,SPE4A626T02WN,07-06-2026,07-13-2026,2026-08-21 02:41:27,Origin,Destination,None,7017384921,https://dibbs2.bsm.dla.mil/Downloads/RFQ/N/SPE4A626T02WN.PDF,https://www.dibbs.bsm.dla.mil/RFQ/RFQRec.aspx?sn=SPE4A626T02WN,https://www.dibbs.bsm.dla.mil/rfq/rfqrec.aspx?sn=SPE4A626T02WN,PLATE,12,20260930T161638Z,5310-01-516-3000,"NUT,PLAIN,PLATE",C,332722,56.0,"51439 | FTSRC-483-A-0-.150-S | FATIGUE TECHNOLOGY, INC",,2026-07-06,2026-07-13,PLATE,DIBBS|SPE4A626T02WN|5310-01-516-3000,C08,Plates / Markings / Mounting / Misc,PLATE,PLATE,True,core-adjacent,broad keyword only,"Broad keyword only in modifier, item noun is 'NUT'"
SPE7L326T9498,2590-01-680-6983,SPE7L326T9498,05-05-2026,05-15-2026,2026-08-21 02:41:27,Origin,Origin,Tech,7016029444,https://dibbs2.bsm.dla.mil/Downloads/RFQ/8/SPE7L326T9498.PDF,https://www.dibbs.bsm.dla.mil/RFQ/RFQRec.aspx?sn=SPE7L326T9498,https://www.dibbs.bsm.dla.mil/rfq/rfqrec.aspx?sn=SPE7L326T9498,PLATE,12,20260930T161638Z,2590-01-680-6983,"SPACER,PLATE",G,333310,1.0,,,2026-05-05,2026-05-15,PLATE,DIBBS|SPE7L326T9498|2590-01-680-6983,C08,Plates / Markings / Mounting / Misc,PLATE,PLATE,True,core-adjacent,broad keyword only,"Broad keyword only in modifier, item noun is 'SPACER'"
SPE7L126T777J,2590-01-669-9790,SPE7L126T777J,06-30-2026,07-10-2026,2026-08-21 02:41:27,Origin,Destination,None,7017318525,https://dibbs2.bsm.dla.mil/Downloads/RFQ/J/SPE7L126T777J.PDF,https://www.dibbs.bsm.dla.mil/RFQ/RFQRec.aspx?sn=SPE7L126T777J,https://www.dibbs.bsm.dla.mil/rfq/rfqrec.aspx?sn=SPE7L126T777J,PLATE,12,20260930T161638Z,2590-01-669-9790,"SPACER,PLATE",D,333310,1.0,54786 | 122778-1 | BAE SYSTEMS LAND & ARMAMENTS L.P.,,2026-06-30,2026-07-10,PLATE,DIBBS|SPE7L126T777J|2590-01-669-9790,C08,Plates / Markings / Mounting / Misc,PLATE,PLATE,True,core-adjacent,broad keyword only,"Broad keyword only in modifier, item noun is 'SPACER'"
SPE7L126T408Y,2590-01-680-6968,SPE7L126T408Y,04-23-2026,05-29-2026,2026-08-21 02:41:27,Origin,Destination,None,7016182760,https://dibbs2.bsm.dla.mil/Downloads/RFQ/Y/SPE7L126T408Y.PDF,https://www.dibbs.bsm.dla.mil/RFQ/RFQRec.aspx?sn=SPE7L126T408Y,https://www.dibbs.bsm.dla.mil/rfq/rfqrec.aspx?sn=SPE7L126T408Y,PLATE,12,20260930T161638Z,2590-01-680-6968,"SPACER,PLATE",D,333310,1.0,75Q65 | 12604288 | OSHKOSH DEFENSE LLC,,2026-04-23,2026-05-29,PLATE,DIBBS|SPE7L126T408Y|2590-01-680-6968,C08,Plates / Markings / Mounting / Misc,PLATE,PLATE,True,core-adjacent,broad keyword only,"Broad keyword only in modifier, item noun is 'SPACER'"
SPE4A626T900K,5310-01-068-1322,SPE4A626T900K,03-10-2026,03-17-2026,2026-08-21 02:41:27,Origin,Origin,Tech,7015212726,https://dibbs2.bsm.dla.mil/Downloads/RFQ/K/SPE4A626T900K.PDF,https://www.dibbs.bsm.dla.mil/RFQ/RFQRec.aspx?sn=SPE4A626T900K,https://www.dibbs.bsm.dla.mil/rfq/rfqrec.aspx?sn=SPE4A626T900K,PLATE,12,20260930T161638Z,5310-01-068-1322,"NUT,SELF-LOCKING,PLATE",P,332722,129.0,No | Data | found,,2026-03-10,2026-03-17,PLATE,DIBBS|SPE4A626T900K|5310-01-068-1322,C08,Plates / Markings / Mounting / Misc,PLATE,PLATE,True,core-adjacent,broad keyword only,"Broad keyword only in modifier, item noun is 'NUT'"
SPE4A626T19FD,5310-01-172-8788,SPE4A626T19FD,08-19-2026,08-26-2026,2026-08-21 02:41:27,Origin,Destination,None,7017940627,https://dibbs2.bsm.dla.mil/Downloads/RFQ/D/SPE4A626T19FD.PDF,https://www.dibbs.bsm.dla.mil/RFQ/RFQRec.aspx?sn=SPE4A626T19FD,https://www.dibbs.bsm.dla.mil/rfq/rfqrec.aspx?sn=SPE4A626T19FD,PLATE,12,20260930T161638Z,5310-01-172-8788,"NUT,SELF-LOCKING,PLATE",P,332722,1640.0,,,2026-08-19,2026-08-26,PLATE,DIBBS|SPE4A626T19FD|5310-01-172-8788,C08,Plates / Markings / Mounting / Misc,PLATE,PLATE,True,core-adjacent,broad keyword only,"Broad keyword only in modifier, item noun is 'NUT'"
SPE4A726T100R,5365-01-166-1754,SPE4A726T100R,03-18-2026,03-25-2026,2026-08-21 02:41:27,Origin,Destination,Tech,7015955740,https://dibbs2.bsm.dla.mil/Downloads/RFQ/R/SPE4A726T100R.PDF,https://www.dibbs.bsm.dla.mil/RFQ/RFQRec.aspx?sn=SPE4A726T100R,https://www.dibbs.bsm.dla.mil/rfq/rfqrec.aspx?sn=SPE4A726T100R,PLATE,12,20260930T161638Z,5365-01-166-1754,"SPACER,PLATE",G,332510,1821.0,No | Data | found,,2026-03-18,2026-03-25,PLATE,DIBBS|SPE4A726T100R|5365-01-166-1754,C08,Plates / Markings / Mounting / Misc,PLATE,PLATE,True,core-adjacent,broad keyword only,"Broad keyword only in modifier, item noun is 'SPACER'"
SPE4A726T599B,5365-01-442-0560,SPE4A726T599B,07-29-2026,08-05-2026,2026-08-21 02:41:27,Origin,Origin,None,7017409258,https://dibbs2.bsm.dla.mil/Downloads/RFQ/B/SPE4A726T599B.PDF,https://www.dibbs.bsm.dla.mil/RFQ/RFQRec.aspx?sn=SPE4A726T599B,https://www.dibbs.bsm.dla.mil/rfq/rfqrec.aspx?sn=SPE4A726T599B,PLATE,12,20260930T161638Z,5365-01-442-0560,"SPACER,PLATE",D,332119,272.0,,,2026-07-29,2026-08-05,PLATE,DIBBS|SPE4A726T599B|5365-01-442-0560,C08,Plates / Markings / Mounting / Misc,PLATE,PLATE,True,core-adjacent,broad keyword only,"Broad keyword only in modifier, item noun is 'SPACER'"
SPE4A726T009K,5365-01-276-1717,SPE4A726T009K,02-25-2026,03-04-2026,2026-08-21 02:41:27,Origin,Origin,Tech,7015657757,https://dibbs2.bsm.dla.mil/Downloads/RFQ/K/SPE4A726T009K.PDF,https://www.dibbs.bsm.dla.mil/RFQ/RFQRec.aspx?sn=SPE4A726T009K,https://www.dibbs.bsm.dla.mil/rfq/rfqrec.aspx?sn=SPE4A726T009K,PLATE,12,20260930T161638Z,5365-01-276-1717,"SPACER,PLATE",G,332510,8.0,,,2026-02-25,2026-03-04,PLATE,DIBBS|SPE4A726T009K|5365-01-276-1717,C08,Plates / Markings / Mounting / Misc,PLATE,PLATE,True,core-adjacent,broad keyword only,"Broad keyword only in modifier, item noun is 'SPACER'"
SPE4A726T8826,5365-01-310-3992,SPE4A726T8826,02-09-2026,02-17-2026,2026-08-21 02:41:27,Origin,Origin,Tech,7014630426,https://dibbs2.bsm.dla.mil/Downloads/RFQ/6/SPE4A726T8826.PDF,https://www.dibbs.bsm.dla.mil/RFQ/RFQRec.aspx?sn=SPE4A726T8826,https://www.dibbs.bsm.dla.mil/rfq/rfqrec.aspx?sn=SPE4A726T8826,PLATE,12,20260930T161638Z,5365-01-310-3992,"SPACER,PLATE",G,332510,23.0,,,2026-02-09,2026-02-17,PLATE,DIBBS|SPE4A726T8826|5365-01-310-3992,C08,Plates / Markings / Mounting / Misc,PLATE,PLATE,True,core-adjacent,broad keyword only,"Broad keyword only in modifier, item noun is 'SPACER'"
SPE4A626T971E,5310-01-418-5187,SPE4A626T971E,03-17-2026,03-24-2026,2026-08-21 02:41:27,Origin,Destination,Tech,7009681758,https://dibbs2.bsm.dla.mil/Downloads/RFQ/E/SPE4A626T971E.PDF,https://www.dibbs.bsm.dla.mil/RFQ/RFQRec.aspx?sn=SPE4A626T971E,https://www.dibbs.bsm.dla.mil/rfq/rfqrec.aspx?sn=SPE4A626T971E,PLATE,12,20260930T161638Z,5310-01-418-5187,"NUT,SELF-LOCKING,PLATE",C,332722,143.0,"0FGC4 | LE114-0026-0004 | SEY TEC, INC.",,2026-03-17,2026-03-24,PLATE,DIBBS|SPE4A626T971E|5310-01-418-5187,C08,Plates / Markings / Mounting / Misc,PLATE,PLATE,True,core-adjacent,broad keyword only,"Broad keyword only in modifier, item noun is 'NUT'"
SPE4A626T00B5,5310-01-720-7928,SPE4A626T00B5,03-19-2026,03-26-2026,2026-08-21 02:41:27,Origin,Destination,Tech,7015689134,https://dibbs2.bsm.dla.mil/Downloads/RFQ/5/SPE4A626T00B5.PDF,https://www.dibbs.bsm.dla.mil/RFQ/RFQRec.aspx?sn=SPE4A626T00B5,https://www.dibbs.bsm.dla.mil/rfq/rfqrec.aspx?sn=SPE4A626T00B5,PLATE,12,20260930T161638Z,5310-01-720-7928,"NUT,PLAIN,PLATE",B,332722,7.0,6ZWB1 | 8591663NG | SIG SAUER INC.,,2026-03-19,2026-03-26,PLATE,DIBBS|SPE4A626T00B5|5310-01-720-7928,C08,Plates / Markings / Mounting / Misc,PLATE,PLATE,True,core-adjacent,broad keyword only,"Broad keyword only in modifier, item noun is 'NUT'"
SPE4A626T60D5,5310-00-638-1220,SPE4A626T60D5,05-19-2026,05-29-2026,2026-08-21 02:41:27,Origin,Origin,Tech,7016752271,https://dibbs2.bsm.dla.mil/Downloads/RFQ/5/SPE4A626T60D5.PDF,https://www.dibbs.bsm.dla.mil/RFQ/RFQRec.aspx?sn=SPE4A626T60D5,https://www.dibbs.bsm.dla.mil/rfq/rfqrec.aspx?sn=SPE4A626T60D5,PLATE,12,20260930T161638Z,5310-00-638-1220,"NUT,PLAIN,PLATE",G,332722,96.0,,,2026-05-19,2026-05-29,PLATE,DIBBS|SPE4A626T60D5|5310-00-638-1220,C08,Plates / Markings / Mounting / Misc,PLATE,PLATE,True,core-adjacent,broad keyword only,"Broad keyword only in modifier, item noun is 'NUT'"
SPE4A726T8371,5365-01-205-5377,SPE4A726T8371,01-26-2026,02-05-2026,2026-08-21 02:41:27,Origin,Origin,Tech,7014630858,https://dibbs2.bsm.dla.mil/Downloads/RFQ/1/SPE4A726T8371.PDF,https://www.dibbs.bsm.dla.mil/RFQ/RFQRec.aspx?sn=SPE4A726T8371,https://www.dibbs.bsm.dla.mil/rfq/rfqrec.aspx?sn=SPE4A726T8371,PLATE,13,20260930T161656Z,5365-01-205-5377,"SPACER,PLATE",G,332510,298.0,,,2026-01-26,2026-02-05,PLATE,DIBBS|SPE4A726T8371|5365-01-205-5377,C08,Plates / Markings / Mounting / Misc,PLATE,PLATE,True,core-adjacent,broad keyword only,"Broad keyword only in modifier, item noun is 'SPACER'"
SPE4A726T033Y,5365-01-439-8166,SPE4A726T033Y,03-03-2026,03-10-2026,2026-08-21 02:41:27,Origin,Destination,Tech,7014544336,https://dibbs2.bsm.dla.mil/Downloads/RFQ/Y/SPE4A726T033Y.PDF,https://www.dibbs.bsm.dla.mil/RFQ/RFQRec.aspx?sn=SPE4A726T033Y,https://www.dibbs.bsm.dla.mil/rfq/rfqrec.aspx?sn=SPE4A726T033Y,PLATE,13,20260930T161656Z,5365-01-439-8166,"SPACER,PLATE",C,332510,4854.0,02978 | 8725170 | RENK AMERICA LLC,,2026-03-03,2026-03-10,PLATE,DIBBS|SPE4A726T033Y|5365-01-439-8166,C08,Plates / Markings / Mounting / Misc,PLATE,PLATE,True,core-adjacent,broad keyword only,"Broad keyword only in modifier, item noun is 'SPACER'"
SPE4A626T18EV,5310-01-452-3598,SPE4A626T18EV,08-17-2026,08-24-2026,2026-08-21 02:41:27,Origin,Destination,None,7017913517,https://dibbs2.bsm.dla.mil/Downloads/RFQ/V/SPE4A626T18EV.PDF,https://www.dibbs.bsm.dla.mil/RFQ/RFQRec.aspx?sn=SPE4A626T18EV,https://www.dibbs.bsm.dla.mil/rfq/rfqrec.aspx?sn=SPE4A626T18EV,PLATE,13,20260930T161656Z,5310-01-452-3598,"NUT,SELF-LOCKING,PLATE",C,332722,575.0,66530 | CB3009CR4CRA | CLICK BOND INC,,2026-08-17,2026-08-24,PLATE,DIBBS|SPE4A626T18EV|5310-01-452-3598,C08,Plates / Markings / Mounting / Misc,PLATE,PLATE,True,core-adjacent,broad keyword only,"Broad keyword only in modifier, item noun is 'NUT'"
SPE4A526T1229,5365-01-364-0029,SPE4A526T1229,10-20-2025,10-30-2025,2026-08-21 02:41:27,Origin,Destination,None,7014216148,https://dibbs2.bsm.dla.mil/Downloads/RFQ/9/SPE4A526T1229.PDF,https://www.dibbs.bsm.dla.mil/RFQ/RFQRec.aspx?sn=SPE4A526T1229,https://www.dibbs.bsm.dla.mil/rfq/rfqrec.aspx?sn=SPE4A526T1229,PLATE,13,20260930T161656Z,5365-01-364-0029,"SPACER,PLATE",Q,331110,73.0,88277 | 17P6W7072-1 | THE BOEING COMPANY,,2025-10-20,2025-10-30,PLATE,DIBBS|SPE4A526T1229|5365-01-364-0029,C08,Plates / Markings / Mounting / Misc,PLATE,PLATE,True,core-adjacent,broad keyword only,"Broad keyword only in modifier, item noun is 'SPACER'"
SPE4A626T066T,5310-01-195-7851,SPE4A626T066T,11-19-2025,11-26-2025,2026-08-21 02:41:27,Origin,Destination,None,7014544995,https://dibbs2.bsm.dla.mil/Downloads/RFQ/T/SPE4A626T066T.PDF,https://www.dibbs.bsm.dla.mil/RFQ/RFQRec.aspx?sn=SPE4A626T066T,https://www.dibbs.bsm.dla.mil/rfq/rfqrec.aspx?sn=SPE4A626T066T,PLATE,13,20260930T161656Z,5310-01-195-7851,"NUT,PLAIN,PLATE",P,332722,72.0,29372 | CA2145 | HOWMET GLOBAL FASTENING SYSTEMS INC,,2025-11-19,2025-11-26,PLATE,DIBBS|SPE4A626T066T|5310-01-195-7851,C08,Plates / Markings / Mounting / Misc,PLATE,PLATE,True,core-adjacent,broad keyword only,"Broad keyword only in modifier, item noun is 'NUT'"
SPE4A626T894A,5970-00-409-9188,SPE4A626T894A,03-09-2026,03-16-2026,2026-08-21 02:41:27,Origin,Origin,None,7014629195,https://dibbs2.bsm.dla.mil/Downloads/RFQ/A/SPE4A626T894A.PDF,https://www.dibbs.bsm.dla.mil/RFQ/RFQRec.aspx?sn=SPE4A626T894A,https://www.dibbs.bsm.dla.mil/rfq/rfqrec.aspx?sn=SPE4A626T894A,PLATE,13,20260930T161656Z,5970-00-409-9188,"INSULATOR,PLATE",Q,335999,27.0,98897 | 370097-2 | LOCKHEED MARTIN CORP,,2026-03-09,2026-03-16,PLATE,DIBBS|SPE4A626T894A|5970-00-409-9188,C08,Plates / Markings / Mounting / Misc,PLATE,PLATE,True,core-adjacent,broad keyword only,"Broad keyword only in modifier, item noun is 'INSULATOR'"
SPE8E526T3757,5620-00-472-1232,SPE8E526T3757,08-05-2026,08-17-2026,2026-08-21 02:41:27,Destination,Destination,None,7017727019,https://dibbs2.bsm.dla.mil/Downloads/RFQ/7/SPE8E526T3757.PDF,https://www.dibbs.bsm.dla.mil/RFQ/RFQRec.aspx?sn=SPE8E526T3757,https://www.dibbs.bsm.dla.mil/rfq/rfqrec.aspx?sn=SPE8E526T3757,PLATE,13,20260930T161656Z,5620-00-472-1232,"GLASS,PLATE",H,327211,2.0,12736 | UH8888 | CLAYTON MANUFACTURING COMPANY,,2026-08-05,2026-08-17,PLATE,DIBBS|SPE8E526T3757|5620-00-472-1232,C08,Plates / Markings / Mounting / Misc,PLATE,PLATE,True,core-adjacent,broad keyword only,"Broad keyword only in modifier, item noun is 'GLASS'"
SPE4A526T328S,5365-01-714-2675,SPE4A526T328S,08-05-2026,08-12-2026,2026-08-21 02:41:27,Origin,Destination,None,7014546766,https://dibbs2.bsm.dla.mil/Downloads/RFQ/S/SPE4A526T328S.PDF,https://www.dibbs.bsm.dla.mil/RFQ/RFQRec.aspx?sn=SPE4A526T328S,https://www.dibbs.bsm.dla.mil/rfq/rfqrec.aspx?sn=SPE4A526T328S,PLATE,13,20260930T161656Z,5365-01-714-2675,"SPACER,PLATE",Q,332119,5.0,78286 | 06202-02201-101 | SIKORSKY AIRCRAFT CORPORATION,,2026-08-05,2026-08-12,PLATE,DIBBS|SPE4A526T328S|5365-01-714-2675,C08,Plates / Markings / Mounting / Misc,PLATE,PLATE,True,core-adjacent,broad keyword only,"Broad keyword only in modifier, item noun is 'SPACER'"
SPE4A526T7666,5365-01-714-2677,SPE4A526T7666,02-06-2026,02-13-2026,2026-08-21 02:41:27,Origin,Destination,None,7014629691,https://dibbs2.bsm.dla.mil/Downloads/RFQ/6/SPE4A526T7666.PDF,https://www.dibbs.bsm.dla.mil/RFQ/RFQRec.aspx?sn=SPE4A526T7666,https://www.dibbs.bsm.dla.mil/rfq/rfqrec.aspx?sn=SPE4A526T7666,PLATE,13,20260930T161656Z,5365-01-714-2677,"SPACER,PLATE",Q,332119,5.0,78286 | 06202-02201-106 | SIKORSKY AIRCRAFT CORPORATION,,2026-02-06,2026-02-13,PLATE,DIBBS|SPE4A526T7666|5365-01-714-2677,C08,Plates / Markings / Mounting / Misc,PLATE,PLATE,True,core-adjacent,broad keyword only,"Broad keyword only in modifier, item noun is 'SPACER'"
SPE7L126T761H,5365-01-575-0861,SPE7L126T761H,06-25-2026,07-09-2026,2026-08-21 02:41:27,Origin,Destination,None,7014825998,https://dibbs2.bsm.dla.mil/Downloads/RFQ/H/SPE7L126T761H.PDF,https://www.dibbs.bsm.dla.mil/RFQ/RFQRec.aspx?sn=SPE7L126T761H,https://www.dibbs.bsm.dla.mil/rfq/rfqrec.aspx?sn=SPE7L126T761H,PLATE,13,20260930T161656Z,5365-01-575-0861,"SPACER,PLATE",D,332119,1.0,75Q65 | 3701136 | OSHKOSH DEFENSE LLC,,2026-06-25,2026-07-09,PLATE,DIBBS|SPE7L126T761H|5365-01-575-0861,C08,Plates / Markings / Mounting / Misc,PLATE,PLATE,True,core-adjacent,broad keyword only,"Broad keyword only in modifier, item noun is 'SPACER'"
SPE4A525T761U,5310-01-703-4455,SPE4A525T761U,09-15-2025,09-22-2025,2026-08-21 02:41:27,Origin,Destination,Tech,7013721118,https://dibbs2.bsm.dla.mil/Downloads/RFQ/U/SPE4A525T761U.PDF,https://www.dibbs.bsm.dla.mil/RFQ/RFQRec.aspx?sn=SPE4A525T761U,https://www.dibbs.bsm.dla.mil/rfq/rfqrec.aspx?sn=SPE4A525T761U,PLATE,13,20260930T161656Z,5310-01-703-4455,"NUT,PLAIN,PLATE",C,332722,73.0,15653 | BACN11P3A8C | HOWMET GLOBAL FASTENING SYSTEMS INC,,2025-09-15,2025-09-22,PLATE,DIBBS|SPE4A525T761U|5310-01-703-4455,C08,Plates / Markings / Mounting / Misc,PLATE,PLATE,True,core-adjacent,broad keyword only,"Broad keyword only in modifier, item noun is 'NUT'"
SPE4A626T00BK,5310-01-276-3341,SPE4A626T00BK,06-24-2026,07-07-2026,2026-08-21 02:41:27,Origin,Destination,None,7017271918,https://dibbs2.bsm.dla.mil/Downloads/RFQ/K/SPE4A626T00BK.PDF,https://www.dibbs.bsm.dla.mil/RFQ/RFQRec.aspx?sn=SPE4A626T00BK,https://www.dibbs.bsm.dla.mil/rfq/rfqrec.aspx?sn=SPE4A626T00BK,PLATE,13,20260930T161656Z,5310-01-276-3341,"NUT,SELF-LOCKING,PLATE",R,332722,3901.0,15653 | MF52829-4 | HOWMET GLOBAL FASTENING SYSTEMS INC,,2026-06-24,2026-07-07,PLATE,DIBBS|SPE4A626T00BK|5310-01-276-3341,C08,Plates / Markings / Mounting / Misc,PLATE,PLATE,True,core-adjacent,broad keyword only,"Broad keyword only in modifier, item noun is 'NUT'"
SPE4A626T263R,5365-01-714-2690,SPE4A626T263R,12-11-2025,12-18-2025,2026-08-21 02:41:27,Origin,Destination,None,7014629694,https://dibbs2.bsm.dla.mil/Downloads/RFQ/R/SPE4A626T263R.PDF,https://www.dibbs.bsm.dla.mil/RFQ/RFQRec.aspx?sn=SPE4A626T263R,https://www.dibbs.bsm.dla.mil/rfq/rfqrec.aspx?sn=SPE4A626T263R,PLATE,13,20260930T161656Z,5365-01-714-2690,"SPACER,PLATE",Q,332119,5.0,78286 | 06202-02201-108 | SIKORSKY AIRCRAFT CORPORATION,,2025-12-11,2025-12-18,PLATE,DIBBS|SPE4A626T263R|5365-01-714-2690,C08,Plates / Markings / Mounting / Misc,PLATE,PLATE,True,core-adjacent,broad keyword only,"Broad keyword only in modifier, item noun is 'SPACER'"
SPE7L326T3349,2590-01-727-8706,SPE7L326T3349,12-11-2025,12-22-2025,2026-08-21 02:41:27,Origin,Destination,None,7014129046,https://dibbs2.bsm.dla.mil/Downloads/RFQ/9/SPE7L326T3349.PDF,https://www.dibbs.bsm.dla.mil/RFQ/RFQRec.aspx?sn=SPE7L326T3349,https://www.dibbs.bsm.dla.mil/rfq/rfqrec.aspx?sn=SPE7L326T3349,PLATE,13,20260930T161656Z,2590-01-727-8706,"SPACER,PLATE",Z,333310,2.0,5B0A9 | 84422120 | ACAL UNIVERSAL GRINDING COMPANY,,2025-12-11,2025-12-22,PLATE,DIBBS|SPE7L326T3349|2590-01-727-8706,C08,Plates / Markings / Mounting / Misc,PLATE,PLATE,True,core-adjacent,broad keyword only,"Broad keyword only in modifier, item noun is 'SPACER'"
SPE4A626T263P,5365-01-714-2687,SPE4A626T263P,12-11-2025,12-18-2025,2026-08-21 02:41:27,Origin,Destination,None,7014629692,https://dibbs2.bsm.dla.mil/Downloads/RFQ/P/SPE4A626T263P.PDF,https://www.dibbs.bsm.dla.mil/RFQ/RFQRec.aspx?sn=SPE4A626T263P,https://www.dibbs.bsm.dla.mil/rfq/rfqrec.aspx?sn=SPE4A626T263P,PLATE,14,20260930T161714Z,5365-01-714-2687,"SPACER,PLATE",Q,332119,5.0,78286 | 06202-02201-107 | SIKORSKY AIRCRAFT CORPORATION,,2025-12-11,2025-12-18,PLATE,DIBBS|SPE4A626T263P|5365-01-714-2687,C08,Plates / Markings / Mounting / Misc,PLATE,PLATE,True,core-adjacent,broad keyword only,"Broad keyword only in modifier, item noun is 'SPACER'"
SPE7M426T7764,5970-00-098-5125,SPE7M426T7764,03-13-2026,03-23-2026,2026-08-21 02:41:27,Origin,Destination,None,7015897154,https://dibbs2.bsm.dla.mil/Downloads/RFQ/4/SPE7M426T7764.PDF,https://www.dibbs.bsm.dla.mil/RFQ/RFQRec.aspx?sn=SPE7M426T7764,https://www.dibbs.bsm.dla.mil/rfq/rfqrec.aspx?sn=SPE7M426T7764,PLATE,14,20260930T161714Z,5970-00-098-5125,"INSULATOR,PLATE",D,335999,14.0,17472 | A-4388 | EATON AEROSPACE LLC,,2026-03-13,2026-03-23,PLATE,DIBBS|SPE7M426T7764|5970-00-098-5125,C08,Plates / Markings / Mounting / Misc,PLATE,PLATE,True,core-adjacent,broad keyword only,"Broad keyword only in modifier, item noun is 'INSULATOR'"
SPE4A626T08YC,5970-01-676-5461,SPE4A626T08YC,07-22-2026,07-29-2026,2026-08-21 02:41:27,Origin,Destination,None,7017527707,https://dibbs2.bsm.dla.mil/Downloads/RFQ/C/SPE4A626T08YC.PDF,https://www.dibbs.bsm.dla.mil/RFQ/RFQRec.aspx?sn=SPE4A626T08YC,https://www.dibbs.bsm.dla.mil/rfq/rfqrec.aspx?sn=SPE4A626T08YC,PLATE,14,20260930T161714Z,5970-01-676-5461,"INSULATOR,PLATE",D,335932,7.0,5D744 | 8604388-1 | RAYTHEON COMPANY,,2026-07-22,2026-07-29,PLATE,DIBBS|SPE4A626T08YC|5970-01-676-5461,C08,Plates / Markings / Mounting / Misc,PLATE,PLATE,True,core-adjacent,broad keyword only,"Broad keyword only in modifier, item noun is 'INSULATOR'"
SPE4A626T18MA,5310-01-581-2136,SPE4A626T18MA,08-17-2026,08-24-2026,2026-08-21 02:41:27,Origin,Destination,None,7017914242,https://dibbs2.bsm.dla.mil/Downloads/RFQ/A/SPE4A626T18MA.PDF,https://www.dibbs.bsm.dla.mil/RFQ/RFQRec.aspx?sn=SPE4A626T18MA,https://www.dibbs.bsm.dla.mil/rfq/rfqrec.aspx?sn=SPE4A626T18MA,PLATE,14,20260930T161714Z,5310-01-581-2136,"NUT,PLAIN,PLATE",L,332722,545.0,"3GEM4 | 03002A5509 | XACT TOOL, INC.",,2026-08-17,2026-08-24,MARKING; PLATE,DIBBS|SPE4A626T18MA|5310-01-581-2136,C08,Plates / Markings / Mounting / Misc,PLATE,PLATE,True,core-adjacent,broad keyword only,"Broad keyword only in modifier, item noun is 'NUT'"
SPE4A625T65C4,5310-01-721-5601,SPE4A625T65C4,05-09-2025,10-07-2025,2026-08-21 02:41:27,Origin,Destination,Tech,7012149919,https://dibbs2.bsm.dla.mil/Downloads/RFQ/4/SPE4A625T65C4.PDF,https://www.dibbs.bsm.dla.mil/RFQ/RFQRec.aspx?sn=SPE4A625T65C4,https://www.dibbs.bsm.dla.mil/rfq/rfqrec.aspx?sn=SPE4A625T65C4,PLATE,14,20260930T161714Z,5310-01-721-5601,"NUT,PLAIN,PLATE",B,332722,7.0,97499 | 90-127C3-4 | BELL TEXTRON INC,,2025-05-09,2025-10-07,PLATE,DIBBS|SPE4A625T65C4|5310-01-721-5601,C08,Plates / Markings / Mounting / Misc,PLATE,PLATE,True,core-adjacent,broad keyword only,"Broad keyword only in modifier, item noun is 'NUT'"
SPE4A626U1897,5365-00-181-1265,SPE4A626U1897,02-13-2026,02-27-2026,2026-08-21 02:41:27,Origin,Origin,Tech,1000224405,https://dibbs2.bsm.dla.mil/Downloads/RFQ/7/SPE4A626U1897.PDF,https://www.dibbs.bsm.dla.mil/RFQ/RFQRec.aspx?sn=SPE4A626U1897,https://www.dibbs.bsm.dla.mil/rfq/rfqrec.aspx?sn=SPE4A626U1897,PLATE,14,20260930T161714Z,5365-00-181-1265,"SPACER,PLATE",C,332510,172.0,2Y923 | 205-062-659-1 | 31362	205-062-659-1,,2026-02-13,2026-02-27,PLATE,DIBBS|SPE4A626U1897|5365-00-181-1265,C08,Plates / Markings / Mounting / Misc,PLATE,PLATE,True,core-adjacent,broad keyword only,"Broad keyword only in modifier, item noun is 'SPACER'"
SPE4A626T08TM,5310-00-779-3517,SPE4A626T08TM,07-22-2026,07-29-2026,2026-08-21 02:41:27,Origin,Origin,Tech,7017572009,https://dibbs2.bsm.dla.mil/Downloads/RFQ/M/SPE4A626T08TM.PDF,https://www.dibbs.bsm.dla.mil/RFQ/RFQRec.aspx?sn=SPE4A626T08TM,https://www.dibbs.bsm.dla.mil/rfq/rfqrec.aspx?sn=SPE4A626T08TM,PLATE,14,20260930T161714Z,5310-00-779-3517,"NUT,SELF-LOCKING,PLATE",G,332722,701.0,,,2026-07-22,2026-07-29,PLATE,DIBBS|SPE4A626T08TM|5310-00-779-3517,C08,Plates / Markings / Mounting / Misc,PLATE,PLATE,True,core-adjacent,broad keyword only,"Broad keyword only in modifier, item noun is 'NUT'"
SPE4A625T21YC,5310-01-102-1873,SPE4A625T21YC,08-06-2025,08-13-2025,2026-08-21 02:41:27,Origin,Destination,None,7013232353,https://dibbs2.bsm.dla.mil/Downloads/RFQ/C/SPE4A625T21YC.PDF,https://www.dibbs.bsm.dla.mil/RFQ/RFQRec.aspx?sn=SPE4A625T21YC,https://www.dibbs.bsm.dla.mil/rfq/rfqrec.aspx?sn=SPE4A625T21YC,PLATE,14,20260930T161714Z,5310-01-102-1873,"NUT,PLAIN,PLATE",C,332722,16.0,15653 | CN50050-3 | HOWMET GLOBAL FASTENING SYSTEMS INC,,2025-08-06,2025-08-13,PLATE,DIBBS|SPE4A625T21YC|5310-01-102-1873,C08,Plates / Markings / Mounting / Misc,PLATE,PLATE,True,core-adjacent,broad keyword only,"Broad keyword only in modifier, item noun is 'NUT'"
SPE4A626T29VQ,5310-01-142-3563,SPE4A626T29VQ,09-16-2026,09-28-2026,2026-09-23 06:19:15,Origin,Destination,Tech,7018343626,https://dibbs2.bsm.dla.mil/Downloads/RFQ/Q/SPE4A626T29VQ.PDF,https://www.dibbs.bsm.dla.mil/RFQ/RFQRec.aspx?sn=SPE4A626T29VQ,https://www.dibbs.bsm.dla.mil/rfq/rfqrec.aspx?sn=SPE4A626T29VQ,PLATE,15,20260930T161732Z,5310-01-142-3563,"NUT,SELF-LOCKING,PLATE",C,332722,1197.0,15653 | MF19058-4-5 | HOWMET GLOBAL FASTENING SYSTEMS INC,,2026-09-16,2026-09-28,PLATE,DIBBS|SPE4A626T29VQ|5310-01-142-3563,C08,Plates / Markings / Mounting / Misc,PLATE,PLATE,True,core-adjacent,broad keyword only,"Broad keyword only in modifier, item noun is 'NUT'"
SPE4A626T36BB,5310-01-590-7084,SPE4A626T36BB,09-24-2026,10-01-2026,2026-09-23 04:54:56,Origin,Destination,None,7018457779,https://dibbs2.bsm.dla.mil/Downloads/RFQ/B/SPE4A626T36BB.PDF,https://www.dibbs.bsm.dla.mil/RFQ/RFQRec.aspx?sn=SPE4A626T36BB,https://www.dibbs.bsm.dla.mil/rfq/rfqrec.aspx?sn=SPE4A626T36BB,PLATE,15,20260930T161732Z,5310-01-590-7084,"NUT,SELF-LOCKING,PLATE",D,332722,43.0,1W025 | 03A163-3-60 | NORTHROP GRUMMAN SYSTEMS CORP,,2026-09-24,2026-10-01,PLATE,DIBBS|SPE4A626T36BB|5310-01-590-7084,C08,Plates / Markings / Mounting / Misc,PLATE,PLATE,True,core-adjacent,broad keyword only,"Broad keyword only in modifier, item noun is 'NUT'"
SPE4A626T35WT,5310-01-571-4354,SPE4A626T35WT,09-24-2026,10-01-2026,2026-09-23 07:34:27,Origin,Destination,None,7018420998; 7018421002,https://dibbs2.bsm.dla.mil/Downloads/RFQ/T/SPE4A626T35WT.PDF,https://www.dibbs.bsm.dla.mil/RFQ/RFQRec.aspx?sn=SPE4A626T35WT,https://www.dibbs.bsm.dla.mil/rfq/rfqrec.aspx?sn=SPE4A626T35WT,PLATE,15,20260930T161732Z,5310-01-571-4354,"NUT,SELF-LOCKING,PLATE",L,332722,2.0,"56529 | 040505-150-1 | HYDRAULICS INTERNATIONAL, INC.",,2026-09-24,2026-10-01,PLATE,DIBBS|SPE4A626T35WT|5310-01-571-4354,C08,Plates / Markings / Mounting / Misc,PLATE,PLATE,True,core-adjacent,broad keyword only,"Broad keyword only in modifier, item noun is 'NUT'"
SPE4A726T738M,5365-01-280-5862,SPE4A726T738M,09-15-2026,09-25-2026,2026-09-22 06:19:36,Origin,Origin,Tech,7017917213,https://dibbs2.bsm.dla.mil/Downloads/RFQ/M/SPE4A726T738M.PDF,https://www.dibbs.bsm.dla.mil/RFQ/RFQRec.aspx?sn=SPE4A726T738M,https://www.dibbs.bsm.dla.mil/rfq/rfqrec.aspx?sn=SPE4A726T738M,PLATE,15,20260930T161732Z,5365-01-280-5862,"SPACER,PLATE",G,332510,88.0,,,2026-09-15,2026-09-25,PLATE,DIBBS|SPE4A726T738M|5365-01-280-5862,C08,Plates / Markings / Mounting / Misc,PLATE,PLATE,True,core-adjacent,broad keyword only,"Broad keyword only in modifier, item noun is 'SPACER'"
SPE4A626T35DQ,5310-01-175-5383,SPE4A626T35DQ,09-23-2026,09-30-2026,2026-09-22 03:47:56,Origin,Destination,None,7018458536,https://dibbs2.bsm.dla.mil/Downloads/RFQ/Q/SPE4A626T35DQ.PDF,https://www.dibbs.bsm.dla.mil/RFQ/RFQRec.aspx?sn=SPE4A626T35DQ,https://www.dibbs.bsm.dla.mil/rfq/rfqrec.aspx?sn=SPE4A626T35DQ,PLATE,15,20260930T161732Z,5310-01-175-5383,"NUT,PLAIN,PLATE",C,332722,912.0,15653 | C062C048 | HOWMET GLOBAL FASTENING SYSTEMS INC,,2026-09-23,2026-09-30,PLATE,DIBBS|SPE4A626T35DQ|5310-01-175-5383,C08,Plates / Markings / Mounting / Misc,PLATE,PLATE,True,core-adjacent,broad keyword only,"Broad keyword only in modifier, item noun is 'NUT'"
SPE4A626T34KU,5310-20-004-2553,SPE4A626T34KU,09-22-2026,09-29-2026,2026-09-21 12:15:49,Origin,Destination,None,7018437685,https://dibbs2.bsm.dla.mil/Downloads/RFQ/U/SPE4A626T34KU.PDF,https://www.dibbs.bsm.dla.mil/RFQ/RFQRec.aspx?sn=SPE4A626T34KU,https://www.dibbs.bsm.dla.mil/rfq/rfqrec.aspx?sn=SPE4A626T34KU,PLATE,15,20260930T161732Z,5310-20-004-2553,"NUT,SELF-LOCKING,PLATE",D,332722,1.0,56161 | 10674279-001 | GENERAL DYNAMICS LAND SYSTEMS - CAN,,2026-09-22,2026-09-29,PLATE,DIBBS|SPE4A626T34KU|5310-20-004-2553,C08,Plates / Markings / Mounting / Misc,PLATE,PLATE,True,core-adjacent,broad keyword only,"Broad keyword only in modifier, item noun is 'NUT'"
SPE4A626T34LP,5310-20-004-2553,SPE4A626T34LP,09-22-2026,09-29-2026,2026-09-21 12:15:49,Origin,Destination,None,7018368336,https://dibbs2.bsm.dla.mil/Downloads/RFQ/P/SPE4A626T34LP.PDF,https://www.dibbs.bsm.dla.mil/RFQ/RFQRec.aspx?sn=SPE4A626T34LP,https://www.dibbs.bsm.dla.mil/rfq/rfqrec.aspx?sn=SPE4A626T34LP,PLATE,16,20260930T161750Z,5310-20-004-2553,"NUT,SELF-LOCKING,PLATE",D,332722,10.0,56161 | 10674279-001 | GENERAL DYNAMICS LAND SYSTEMS - CAN,,2026-09-22,2026-09-29,PLATE,DIBBS|SPE4A626T34LP|5310-20-004-2553,C08,Plates / Markings / Mounting / Misc,PLATE,PLATE,True,core-adjacent,broad keyword only,"Broad keyword only in modifier, item noun is 'NUT'"
SPE4A626T33CL,5310-00-621-5973,SPE4A626T33CL,09-18-2026,09-25-2026,2026-09-17 07:15:21,Origin,Destination,Tech,7018343206,https://dibbs2.bsm.dla.mil/Downloads/RFQ/L/SPE4A626T33CL.PDF,https://www.dibbs.bsm.dla.mil/RFQ/RFQRec.aspx?sn=SPE4A626T33CL,https://www.dibbs.bsm.dla.mil/rfq/rfqrec.aspx?sn=SPE4A626T33CL,PLATE,16,20260930T161750Z,5310-00-621-5973,"NUT,SELF-LOCKING,PLATE",C,332722,240.0,60119 | 5300014-55 | 76301	ST4M134-3-55	THE BOEING COMPANY,,2026-09-18,2026-09-25,PLATE,DIBBS|SPE4A626T33CL|5310-00-621-5973,C08,Plates / Markings / Mounting / Misc,PLATE,PLATE,True,core-adjacent,broad keyword only,"Broad keyword only in modifier, item noun is 'NUT'"
SPE4A626U4309,5310-01-270-1250,SPE4A626U4309,09-18-2026,10-02-2026,2026-09-17 07:15:21,Origin,Destination,None,1000241743,https://dibbs2.bsm.dla.mil/Downloads/RFQ/9/SPE4A626U4309.PDF,https://www.dibbs.bsm.dla.mil/RFQ/RFQRec.aspx?sn=SPE4A626U4309,https://www.dibbs.bsm.dla.mil/rfq/rfqrec.aspx?sn=SPE4A626U4309,PLATE,16,20260930T161750Z,5310-01-270-1250,"NUT,SELF-LOCKING,PLATE",C,332722,189.0,29372 | FBL10015-3-3 | HOWMET GLOBAL FASTENING SYSTEMS INC,,2026-09-18,2026-10-02,PLATE,DIBBS|SPE4A626U4309|5310-01-270-1250,C08,Plates / Markings / Mounting / Misc,PLATE,PLATE,True,core-adjacent,broad keyword only,"Broad keyword only in modifier, item noun is 'NUT'"
SPE4A626U3836,5310-01-475-6850,SPE4A626U3836,09-03-2026,09-22-2026,2026-09-17 07:12:22,Origin,Origin,None,1000242120,https://dibbs2.bsm.dla.mil/Downloads/RFQ/6/SPE4A626U3836.PDF,https://www.dibbs.bsm.dla.mil/RFQ/RFQRec.aspx?sn=SPE4A626U3836,https://www.dibbs.bsm.dla.mil/rfq/rfqrec.aspx?sn=SPE4A626U3836,PLATE,16,20260930T161750Z,5310-01-475-6850,"NUT,SELF-LOCKING,PLATE",R,332722,87.0,15653 | F53004-4L4 | HOWMET GLOBAL FASTENING SYSTEMS INC,,2026-09-03,2026-09-22,PLATE,DIBBS|SPE4A626U3836|5310-01-475-6850,C08,Plates / Markings / Mounting / Misc,PLATE,PLATE,True,core-adjacent,broad keyword only,"Broad keyword only in modifier, item noun is 'NUT'"
SPE4A626T28LB,5310-01-597-1830,SPE4A626T28LB,09-10-2026,09-22-2026,2026-09-17 07:12:05,Origin,Destination,None,7018248513,https://dibbs2.bsm.dla.mil/Downloads/RFQ/B/SPE4A626T28LB.PDF,https://www.dibbs.bsm.dla.mil/RFQ/RFQRec.aspx?sn=SPE4A626T28LB,https://www.dibbs.bsm.dla.mil/rfq/rfqrec.aspx?sn=SPE4A626T28LB,PLATE,16,20260930T161750Z,5310-01-597-1830,"NUT,SELF-LOCKING,PLATE",G,332722,1120.0,,,2026-09-10,2026-09-22,PLATE,DIBBS|SPE4A626T28LB|5310-01-597-1830,C08,Plates / Markings / Mounting / Misc,PLATE,PLATE,True,core-adjacent,broad keyword only,"Broad keyword only in modifier, item noun is 'NUT'"
SPE4A626T32WJ,5310-01-352-2193,SPE4A626T32WJ,09-18-2026,09-25-2026,2026-09-17 12:59:48,Origin,Destination,Tech,7018381080,https://dibbs2.bsm.dla.mil/Downloads/RFQ/J/SPE4A626T32WJ.PDF,https://www.dibbs.bsm.dla.mil/RFQ/RFQRec.aspx?sn=SPE4A626T32WJ,https://www.dibbs.bsm.dla.mil/rfq/rfqrec.aspx?sn=SPE4A626T32WJ,PLATE,16,20260930T161750Z,5310-01-352-2193,"NUT,SELF-LOCKING,PLATE",G,332722,289.0,,,2026-09-18,2026-09-25,PLATE,DIBBS|SPE4A626T32WJ|5310-01-352-2193,C08,Plates / Markings / Mounting / Misc,PLATE,PLATE,True,core-adjacent,broad keyword only,"Broad keyword only in modifier, item noun is 'NUT'"
SPE4A026T4895,5310-01-675-5193,SPE4A026T4895,09-18-2026,09-25-2026,2026-09-17 07:02:06,Origin,Destination,None,7018324108,https://dibbs2.bsm.dla.mil/Downloads/RFQ/5/SPE4A026T4895.PDF,https://www.dibbs.bsm.dla.mil/RFQ/RFQRec.aspx?sn=SPE4A026T4895,https://www.dibbs.bsm.dla.mil/rfq/rfqrec.aspx?sn=SPE4A026T4895,PLATE,16,20260930T161750Z,5310-01-675-5193,"NUT,SELF-LOCKING,PLATE",R,332722,1.0,54786 | 109706-16 | BAE SYSTEMS LAND & ARMAMENTS L.P.,,2026-09-18,2026-09-25,PLATE,DIBBS|SPE4A026T4895|5310-01-675-5193,C08,Plates / Markings / Mounting / Misc,PLATE,PLATE,True,core-adjacent,broad keyword only,"Broad keyword only in modifier, item noun is 'NUT'"
SPE4A726T744D,5365-00-151-7452,SPE4A726T744D,09-16-2026,09-23-2026,2026-09-15 11:42:39,Origin,Origin,Tech,7018342043,https://dibbs2.bsm.dla.mil/Downloads/RFQ/D/SPE4A726T744D.PDF,https://www.dibbs.bsm.dla.mil/RFQ/RFQRec.aspx?sn=SPE4A726T744D,https://www.dibbs.bsm.dla.mil/rfq/rfqrec.aspx?sn=SPE4A726T744D,PLATE,16,20260930T161750Z,5365-00-151-7452,"SPACER,PLATE",C,332510,48.0,"06959 | 532586 | 08244	532586	MOELLER MFG. COMPANY, LLC",,2026-09-16,2026-09-23,PLATE,DIBBS|SPE4A726T744D|5365-00-151-7452,C08,Plates / Markings / Mounting / Misc,PLATE,PLATE,True,core-adjacent,broad keyword only,"Broad keyword only in modifier, item noun is 'SPACER'"
SPE4A626T29ZY,5310-01-588-1654,SPE4A626T29ZY,09-16-2026,09-23-2026,2026-09-15 03:50:49,Origin,Destination,None,7018342555,https://dibbs2.bsm.dla.mil/Downloads/RFQ/Y/SPE4A626T29ZY.PDF,https://www.dibbs.bsm.dla.mil/RFQ/RFQRec.aspx?sn=SPE4A626T29ZY,https://www.dibbs.bsm.dla.mil/rfq/rfqrec.aspx?sn=SPE4A626T29ZY,PLATE,16,20260930T161750Z,5310-01-588-1654,"NUT,SELF-LOCKING,PLATE",Q,332722,5.0,"0EXU3 | 051-07668-000 | AQUA-CHEM, INC.",,2026-09-16,2026-09-23,PLATE,DIBBS|SPE4A626T29ZY|5310-01-588-1654,C08,Plates / Markings / Mounting / Misc,PLATE,PLATE,True,core-adjacent,broad keyword only,"Broad keyword only in modifier, item noun is 'NUT'"
SPE4A726T741V,5365-01-512-0059,SPE4A726T741V,09-16-2026,09-23-2026,2026-09-15 03:50:49,Origin,Destination,None,7018342161,https://dibbs2.bsm.dla.mil/Downloads/RFQ/V/SPE4A726T741V.PDF,https://www.dibbs.bsm.dla.mil/RFQ/RFQRec.aspx?sn=SPE4A726T741V,https://www.dibbs.bsm.dla.mil/rfq/rfqrec.aspx?sn=SPE4A726T741V,PLATE,16,20260930T161750Z,5365-01-512-0059,"SPACER,PLATE",D,332510,4.0,"7N931 | 99C621-05-DWG-13-A-0 | HHE SERVICES, INC.",,2026-09-16,2026-09-23,PLATE,DIBBS|SPE4A726T741V|5365-01-512-0059,C08,Plates / Markings / Mounting / Misc,PLATE,PLATE,True,core-adjacent,broad keyword only,"Broad keyword only in modifier, item noun is 'SPACER'"
SPE4A626T29ZQ,5310-01-502-1775,SPE4A626T29ZQ,09-16-2026,09-23-2026,2026-09-15 03:50:49,Origin,Destination,None,7018342132,https://dibbs2.bsm.dla.mil/Downloads/RFQ/Q/SPE4A626T29ZQ.PDF,https://www.dibbs.bsm.dla.mil/RFQ/RFQRec.aspx?sn=SPE4A626T29ZQ,https://www.dibbs.bsm.dla.mil/rfq/rfqrec.aspx?sn=SPE4A626T29ZQ,PLATE,16,20260930T161750Z,5310-01-502-1775,"NUT,SELF-LOCKING,PLATE",Z,332722,120.0,66530 | CB4009C3CRA | CLICK BOND INC,,2026-09-16,2026-09-23,PLATE,DIBBS|SPE4A626T29ZQ|5310-01-502-1775,C08,Plates / Markings / Mounting / Misc,PLATE,PLATE,True,core-adjacent,broad keyword only,"Broad keyword only in modifier, item noun is 'NUT'"
SPE4A626T29AK,5310-20-004-2553,SPE4A626T29AK,09-14-2026,09-21-2026,2026-09-13 03:47:13,Origin,Destination,None,7018216110,https://dibbs2.bsm.dla.mil/Downloads/RFQ/K/SPE4A626T29AK.PDF,https://www.dibbs.bsm.dla.mil/RFQ/RFQRec.aspx?sn=SPE4A626T29AK,https://www.dibbs.bsm.dla.mil/rfq/rfqrec.aspx?sn=SPE4A626T29AK,PLATE,16,20260930T161750Z,5310-20-004-2553,"NUT,SELF-LOCKING,PLATE",D,332722,4.0,56161 | 10674279-001 | GENERAL DYNAMICS LAND SYSTEMS - CAN,,2026-09-14,2026-09-21,PLATE,DIBBS|SPE4A626T29AK|5310-20-004-2553,C08,Plates / Markings / Mounting / Misc,PLATE,PLATE,True,core-adjacent,broad keyword only,"Broad keyword only in modifier, item noun is 'NUT'"
SPE4A626T22QV,5310-01-597-1830,SPE4A626T22QV,08-27-2026,09-09-2026,2026-09-03 05:49:14,Origin,Destination,None,7017827489,https://dibbs2.bsm.dla.mil/Downloads/RFQ/V/SPE4A626T22QV.PDF,https://www.dibbs.bsm.dla.mil/RFQ/RFQRec.aspx?sn=SPE4A626T22QV,https://www.dibbs.bsm.dla.mil/rfq/rfqrec.aspx?sn=SPE4A626T22QV,PLATE,17,20260930T161807Z,5310-01-597-1830,"NUT,SELF-LOCKING,PLATE",G,332722,255.0,,,2026-08-27,2026-09-09,PLATE,DIBBS|SPE4A626T22QV|5310-01-597-1830,C08,Plates / Markings / Mounting / Misc,PLATE,PLATE,True,core-adjacent,broad keyword only,"Broad keyword only in modifier, item noun is 'NUT'"
SPE4A626T24ZR,5365-99-891-6838,SPE4A626T24ZR,09-01-2026,09-08-2026,2026-08-31 09:41:31,Origin,Origin,None,7017493630,https://dibbs2.bsm.dla.mil/Downloads/RFQ/R/SPE4A626T24ZR.PDF,https://www.dibbs.bsm.dla.mil/RFQ/RFQRec.aspx?sn=SPE4A626T24ZR,https://www.dibbs.bsm.dla.mil/rfq/rfqrec.aspx?sn=SPE4A626T24ZR,PLATE,17,20260930T161807Z,5365-99-891-6838,"SPACER SET,PLATE",R,332510,24.0,K7705 | G415/4695/32 | KNDS DEFENCE UK LIMITED,,2026-09-01,2026-09-08,PLATE,DIBBS|SPE4A626T24ZR|5365-99-891-6838,C08,Plates / Markings / Mounting / Misc,PLATE,PLATE,True,core-adjacent,broad keyword only,"Broad keyword only in modifier, item noun is 'SPACER SET'"
SPE4A626T19HM,5365-01-119-4798,SPE4A626T19HM,08-19-2026,08-26-2026,2026-08-21 02:41:27,Origin,Destination,None,7017939530,https://dibbs2.bsm.dla.mil/Downloads/RFQ/M/SPE4A626T19HM.PDF,https://www.dibbs.bsm.dla.mil/RFQ/RFQRec.aspx?sn=SPE4A626T19HM,https://www.dibbs.bsm.dla.mil/rfq/rfqrec.aspx?sn=SPE4A626T19HM,PLATE,19,20260930T161842Z,5365-01-119-4798,"SPACER,PLATE",D,332510,115.0,99193 | 3846038-3 | HONEYWELL INTERNATIONAL INC.,,2026-08-19,2026-08-26,PLATE,DIBBS|SPE4A626T19HM|5365-01-119-4798,C08,Plates / Markings / Mounting / Misc,PLATE,PLATE,True,core-adjacent,broad keyword only,"Broad keyword only in modifier, item noun is 'SPACER'"
SPE4A626T08FX,5970-01-623-2525,SPE4A626T08FX,07-22-2026,07-29-2026,2026-08-21 02:41:27,Origin,Destination,None,7017571867,https://dibbs2.bsm.dla.mil/Downloads/RFQ/X/SPE4A626T08FX.PDF,https://www.dibbs.bsm.dla.mil/RFQ/RFQRec.aspx?sn=SPE4A626T08FX,https://www.dibbs.bsm.dla.mil/rfq/rfqrec.aspx?sn=SPE4A626T08FX,PLATE,19,20260930T161842Z,5970-01-623-2525,"INSULATOR,PLATE",P,335932,85.0,93346 | 4155300-1 | CAES SYSTEMS LLC,,2026-07-22,2026-07-29,PLATE,DIBBS|SPE4A626T08FX|5970-01-623-2525,C08,Plates / Markings / Mounting / Misc,PLATE,PLATE,True,core-adjacent,broad keyword only,"Broad keyword only in modifier, item noun is 'INSULATOR'"
SPE4A626T04B8,5310-01-175-5383,SPE4A626T04B8,03-25-2026,04-01-2026,2026-08-21 02:41:27,Origin,Destination,None,7016048716,https://dibbs2.bsm.dla.mil/Downloads/RFQ/8/SPE4A626T04B8.PDF,https://www.dibbs.bsm.dla.mil/RFQ/RFQRec.aspx?sn=SPE4A626T04B8,https://www.dibbs.bsm.dla.mil/rfq/rfqrec.aspx?sn=SPE4A626T04B8,PLATE,20,20260930T161900Z,5310-01-175-5383,"NUT,PLAIN,PLATE",C,332722,425.0,15653 | C062C048 | HOWMET GLOBAL FASTENING SYSTEMS INC,,2026-03-25,2026-04-01,PLATE,DIBBS|SPE4A626T04B8|5310-01-175-5383,C08,Plates / Markings / Mounting / Misc,PLATE,PLATE,True,core-adjacent,broad keyword only,"Broad keyword only in modifier, item noun is 'NUT'"
SPE7L326T146V,2590-01-659-7891,SPE7L326T146V,08-05-2026,08-17-2026,2026-08-21 02:41:27,Destination,Origin,Tech,7017730733,https://dibbs2.bsm.dla.mil/Downloads/RFQ/V/SPE7L326T146V.PDF,https://www.dibbs.bsm.dla.mil/RFQ/RFQRec.aspx?sn=SPE7L326T146V,https://www.dibbs.bsm.dla.mil/rfq/rfqrec.aspx?sn=SPE7L326T146V,PLATE,20,20260930T161900Z,2590-01-659-7891,"SPACER,PLATE",G,333310,2.0,,,2026-08-05,2026-08-17,PLATE,DIBBS|SPE7L326T146V|2590-01-659-7891,C08,Plates / Markings / Mounting / Misc,PLATE,PLATE,True,core-adjacent,broad keyword only,"Broad keyword only in modifier, item noun is 'SPACER'"
SPE4A726T010D,5365-01-494-8022,SPE4A726T010D,02-25-2026,03-04-2026,2026-08-21 02:41:27,Origin,Destination,None,7015657510,https://dibbs2.bsm.dla.mil/Downloads/RFQ/D/SPE4A726T010D.PDF,https://www.dibbs.bsm.dla.mil/RFQ/RFQRec.aspx?sn=SPE4A726T010D,https://www.dibbs.bsm.dla.mil/rfq/rfqrec.aspx?sn=SPE4A726T010D,PLATE,20,20260930T161900Z,5365-01-494-8022,"SPACER,PLATE",D,332510,16.0,"78062 | 52036-1021-1 | SARGENT AEROSPACE & DEFENSE, LLC",,2026-02-25,2026-03-04,PLATE,DIBBS|SPE4A726T010D|5365-01-494-8022,C08,Plates / Markings / Mounting / Misc,PLATE,PLATE,True,core-adjacent,broad keyword only,"Broad keyword only in modifier, item noun is 'SPACER'"
SPE4A025T3775,6210-01-448-9498,SPE4A025T3775,07-01-2025,07-08-2025,2026-08-21 02:41:27,Origin,Destination,None,7012728316,https://dibbs2.bsm.dla.mil/Downloads/RFQ/5/SPE4A025T3775.PDF,https://www.dibbs.bsm.dla.mil/RFQ/RFQRec.aspx?sn=SPE4A025T3775,https://www.dibbs.bsm.dla.mil/rfq/rfqrec.aspx?sn=SPE4A025T3775,LEGEND,1,20260930T161922Z,6210-01-448-9498,"INSERT,LEGEND,LIGHT",D,335132,2.0,"26687 | 837471-2-39 | TELEDYNE BROWN ENGINEERING, INC.",,2025-07-01,2025-07-08,LEGEND,DIBBS|SPE4A025T3775|6210-01-448-9498,C08,Plates / Markings / Mounting / Misc,LEGEND,LEGEND,True,core-adjacent,broad keyword only,"Broad keyword only in modifier, item noun is 'INSERT'"
