sol_key,nsn,solicitation,issued,return_by,doc_posted_updated,fob,inspection,tech_data,purchase_requests,pdf_url,package_url,official_link,search_term,page,retrieved_utc,nsn_raw,nomenclature,amsc,naics,quantity_listed,approved_source,parse_issue,issued_dt,return_by_dt,found_by_terms,line_key,category,category_name,primary_keyword,keyword_tags,broad_only,group,review_flag,reason
SPE4A726Q1084,1560-01-188-8707,SPE4A726Q1084,08-31-2026,09-07-2026,2026-08-31 09:41:29,Origin,Origin,Tech,7016227918,https://dibbs2.bsm.dla.mil/Downloads/RFQ/4/SPE4A726Q1084.PDF,https://www.dibbs.bsm.dla.mil/RFQ/RFQRec.aspx?sn=SPE4A726Q1084,https://www.dibbs.bsm.dla.mil/rfq/rfqrec.aspx?sn=SPE4A726Q1084,PANEL,1,20260930T154318Z,1560-01-188-8707,"PANEL,STRUCTURAL,AIRCR",G,336413,2.0,,,2026-08-31,2026-09-07,BOX; FUEL; PANEL; PLATE,DIBBS|SPE4A726Q1084|1560-01-188-8707,C01,Integrated Control / Indicator / HMI Panels,PANEL,PANEL,True,core,"broad keyword, but it is the item noun",Excluded: structural/airframe panel
SPE4A726T322N,1560-01-189-1501,SPE4A726T322N,05-07-2026,05-14-2026,2026-08-21 02:41:27,Origin,Origin,Tech,7015657382,https://dibbs2.bsm.dla.mil/Downloads/RFQ/N/SPE4A726T322N.PDF,https://www.dibbs.bsm.dla.mil/RFQ/RFQRec.aspx?sn=SPE4A726T322N,https://www.dibbs.bsm.dla.mil/rfq/rfqrec.aspx?sn=SPE4A726T322N,PANEL,1,20260930T154318Z,1560-01-189-1501,"PANEL,STRUCTURAL,AI",G,336413,5.0,,,2026-05-07,2026-05-14,PANEL,DIBBS|SPE4A726T322N|1560-01-189-1501,C01,Integrated Control / Indicator / HMI Panels,PANEL,PANEL,True,core,"broad keyword, but it is the item noun",Excluded: structural/airframe panel
SPE8E526T4539,5411-01-265-5017,SPE8E526T4539,09-30-2026,10-13-2026,2026-09-29 09:03:10,Origin,Destination,Tech,7018560342,https://dibbs2.bsm.dla.mil/Downloads/RFQ/9/SPE8E526T4539.PDF,https://www.dibbs.bsm.dla.mil/RFQ/RFQRec.aspx?sn=SPE8E526T4539,https://www.dibbs.bsm.dla.mil/rfq/rfqrec.aspx?sn=SPE8E526T4539,PANEL,1,20260930T154318Z,5411-01-265-5017,PANEL ASSEMBLY,G,332311,4.0,,,2026-09-30,2026-10-13,OVERLAY; PANEL,DIBBS|SPE8E526T4539|5411-01-265-5017,C01,Integrated Control / Indicator / HMI Panels,PANEL ASSEMBLY,PANEL; PANEL ASSEMBLY,False,core,,Excluded: structural/shelter/body panel (FSC 5411 = Rigid wall shelters)
SPE4A726T792Q,1560-01-711-0541,SPE4A726T792Q,09-25-2026,10-02-2026,2026-09-24 11:47:12,Origin,Origin,Tech,7018379682,https://dibbs2.bsm.dla.mil/Downloads/RFQ/Q/SPE4A726T792Q.PDF,https://www.dibbs.bsm.dla.mil/RFQ/RFQRec.aspx?sn=SPE4A726T792Q,https://www.dibbs.bsm.dla.mil/rfq/rfqrec.aspx?sn=SPE4A726T792Q,PANEL,1,20260930T154318Z,1560-01-711-0541,"PANEL,STRUCTURAL,AIRCR",G,336413,2.0,,,2026-09-25,2026-10-02,PANEL,DIBBS|SPE4A726T792Q|1560-01-711-0541,C01,Integrated Control / Indicator / HMI Panels,PANEL,PANEL,True,core,"broad keyword, but it is the item noun",Excluded: structural/airframe panel
SPE4A726T785S,1560-01-310-4911,SPE4A726T785S,09-23-2026,09-30-2026,2026-09-22 06:34:55,Origin,Origin,Tech,7018377766,https://dibbs2.bsm.dla.mil/Downloads/RFQ/S/SPE4A726T785S.PDF,https://www.dibbs.bsm.dla.mil/RFQ/RFQRec.aspx?sn=SPE4A726T785S,https://www.dibbs.bsm.dla.mil/rfq/rfqrec.aspx?sn=SPE4A726T785S,PANEL,1,20260930T154318Z,1560-01-310-4911,"PANEL,STRUCTURAL,AIRCR",G,336413,30.0,,,2026-09-23,2026-09-30,PANEL,DIBBS|SPE4A726T785S|1560-01-310-4911,C01,Integrated Control / Indicator / HMI Panels,PANEL,PANEL,True,core,"broad keyword, but it is the item noun",Excluded: structural/airframe panel
SPE8E526Q0441,5411-01-265-5017,SPE8E526Q0441,09-18-2026,09-25-2026,2026-09-18 10:41:44,Origin,Destination,Tech,7016178426,https://dibbs2.bsm.dla.mil/Downloads/RFQ/1/SPE8E526Q0441.PDF,https://www.dibbs.bsm.dla.mil/RFQ/RFQRec.aspx?sn=SPE8E526Q0441,https://www.dibbs.bsm.dla.mil/rfq/rfqrec.aspx?sn=SPE8E526Q0441,PANEL,1,20260930T154318Z,5411-01-265-5017,PANEL ASSEMBLY,G,332311,2.0,,,2026-09-18,2026-09-25,FUEL; PANEL,DIBBS|SPE8E526Q0441|5411-01-265-5017,C01,Integrated Control / Indicator / HMI Panels,PANEL ASSEMBLY,PANEL; PANEL ASSEMBLY,False,core,,Excluded: structural/shelter/body panel (FSC 5411 = Rigid wall shelters)
SPE4A626T32CS,1560-00-320-4962,SPE4A626T32CS,09-18-2026,09-25-2026,2026-09-17 04:43:22,Origin,Origin,Tech,7018390648,https://dibbs2.bsm.dla.mil/Downloads/RFQ/S/SPE4A626T32CS.PDF,https://www.dibbs.bsm.dla.mil/RFQ/RFQRec.aspx?sn=SPE4A626T32CS,https://www.dibbs.bsm.dla.mil/rfq/rfqrec.aspx?sn=SPE4A626T32CS,PANEL,1,20260930T154318Z,1560-00-320-4962,"PANEL,STRUCTURAL,AIRCR",C,336413,10.0,0CMM5 | 9-61963-4 | CRAFT MANUFACTURING AND TOOLING INC,,2026-09-18,2026-09-25,PANEL,DIBBS|SPE4A626T32CS|1560-00-320-4962,C01,Integrated Control / Indicator / HMI Panels,PANEL,PANEL,True,core,"broad keyword, but it is the item noun",Excluded: structural/airframe panel
SPE4A626T28MD,1560-01-183-4281,SPE4A626T28MD,09-10-2026,09-17-2026,2026-09-09 04:57:55,Origin,Origin,Tech,7017869411,https://dibbs2.bsm.dla.mil/Downloads/RFQ/D/SPE4A626T28MD.PDF,https://www.dibbs.bsm.dla.mil/RFQ/RFQRec.aspx?sn=SPE4A626T28MD,https://www.dibbs.bsm.dla.mil/rfq/rfqrec.aspx?sn=SPE4A626T28MD,PANEL,1,20260930T154318Z,1560-01-183-4281,"PANEL,STRUCTURAL,AIRCR",C,336413,3.0,059S2 | 4F11055-119A | AAR COMPONENT SERVICES - HOT SPRING,,2026-09-10,2026-09-17,PANEL,DIBBS|SPE4A626T28MD|1560-01-183-4281,C01,Integrated Control / Indicator / HMI Panels,PANEL,PANEL,True,core,"broad keyword, but it is the item noun",Excluded: structural/airframe panel
SPE4A726T695N,1560-01-697-8184,SPE4A726T695N,08-27-2026,09-10-2026,2026-09-04 05:34:47,Origin,Origin,Tech,7017487715,https://dibbs2.bsm.dla.mil/Downloads/RFQ/N/SPE4A726T695N.PDF,https://www.dibbs.bsm.dla.mil/RFQ/RFQRec.aspx?sn=SPE4A726T695N,https://www.dibbs.bsm.dla.mil/rfq/rfqrec.aspx?sn=SPE4A726T695N,PANEL,1,20260930T154318Z,1560-01-697-8184,"PANEL,STRUCTURAL,AI",C,336413,1.0,059S2 | 4F75980-108A | AAR COMPONENT SERVICES - HOT SPRING,,2026-08-27,2026-09-10,PANEL,DIBBS|SPE4A726T695N|1560-01-697-8184,C01,Integrated Control / Indicator / HMI Panels,PANEL,PANEL,True,core,"broad keyword, but it is the item noun",Excluded: structural/airframe panel
SPE8E526T4105,5411-01-265-5017,SPE8E526T4105,09-01-2026,09-11-2026,2026-08-31 11:29:25,Origin,Destination,Tech,7017964292,https://dibbs2.bsm.dla.mil/Downloads/RFQ/5/SPE8E526T4105.PDF,https://www.dibbs.bsm.dla.mil/RFQ/RFQRec.aspx?sn=SPE8E526T4105,https://www.dibbs.bsm.dla.mil/rfq/rfqrec.aspx?sn=SPE8E526T4105,PANEL,1,20260930T154318Z,5411-01-265-5017,PANEL ASSEMBLY,G,332311,16.0,,,2026-09-01,2026-09-11,PANEL,DIBBS|SPE8E526T4105|5411-01-265-5017,C01,Integrated Control / Indicator / HMI Panels,PANEL ASSEMBLY,PANEL; PANEL ASSEMBLY,False,core,,Excluded: structural/shelter/body panel (FSC 5411 = Rigid wall shelters)
SPE4A726T705K,1560-01-113-1933,SPE4A726T705K,09-01-2026,09-08-2026,2026-08-31 09:41:31,Origin,Origin,Tech,7017741021,https://dibbs2.bsm.dla.mil/Downloads/RFQ/K/SPE4A726T705K.PDF,https://www.dibbs.bsm.dla.mil/RFQ/RFQRec.aspx?sn=SPE4A726T705K,https://www.dibbs.bsm.dla.mil/rfq/rfqrec.aspx?sn=SPE4A726T705K,PANEL,1,20260930T154318Z,1560-01-113-1933,"PANEL,STRUCTURAL,AI",G,336413,1.0,,,2026-09-01,2026-09-08,PANEL,DIBBS|SPE4A726T705K|1560-01-113-1933,C01,Integrated Control / Indicator / HMI Panels,PANEL,PANEL,True,core,"broad keyword, but it is the item noun",Excluded: structural/airframe panel
SPE8E526T1289,5411-01-265-5017,SPE8E526T1289,01-08-2026,04-10-2026,2026-08-21 02:41:27,Origin,Destination,Tech,7014947069,https://dibbs2.bsm.dla.mil/Downloads/RFQ/9/SPE8E526T1289.PDF,https://www.dibbs.bsm.dla.mil/RFQ/RFQRec.aspx?sn=SPE8E526T1289,https://www.dibbs.bsm.dla.mil/rfq/rfqrec.aspx?sn=SPE8E526T1289,PANEL,1,20260930T154318Z,5411-01-265-5017,PANEL ASSEMBLY,G,332311,2.0,,,2026-01-08,2026-04-10,PANEL,DIBBS|SPE8E526T1289|5411-01-265-5017,C01,Integrated Control / Indicator / HMI Panels,PANEL ASSEMBLY,PANEL; PANEL ASSEMBLY,False,core,,Excluded: structural/shelter/body panel (FSC 5411 = Rigid wall shelters)
SPE8E526T1297,5411-01-265-5017,SPE8E526T1297,01-09-2026,04-10-2026,2026-08-21 02:41:27,Origin,Destination,Tech,7015032145,https://dibbs2.bsm.dla.mil/Downloads/RFQ/7/SPE8E526T1297.PDF,https://www.dibbs.bsm.dla.mil/RFQ/RFQRec.aspx?sn=SPE8E526T1297,https://www.dibbs.bsm.dla.mil/rfq/rfqrec.aspx?sn=SPE8E526T1297,PANEL,1,20260930T154318Z,5411-01-265-5017,PANEL ASSEMBLY,G,332311,1.0,,,2026-01-09,2026-04-10,PANEL,DIBBS|SPE8E526T1297|5411-01-265-5017,C01,Integrated Control / Indicator / HMI Panels,PANEL ASSEMBLY,PANEL; PANEL ASSEMBLY,False,core,,Excluded: structural/shelter/body panel (FSC 5411 = Rigid wall shelters)
SPE4A626T20WL,1560-00-566-5762,SPE4A626T20WL,08-20-2026,08-27-2026,2026-08-21 02:41:27,Origin,Origin,Tech,7017838526,https://dibbs2.bsm.dla.mil/Downloads/RFQ/L/SPE4A626T20WL.PDF,https://www.dibbs.bsm.dla.mil/RFQ/RFQRec.aspx?sn=SPE4A626T20WL,https://www.dibbs.bsm.dla.mil/rfq/rfqrec.aspx?sn=SPE4A626T20WL,PANEL,1,20260930T154318Z,1560-00-566-5762,"PANEL,STRUCTURAL,AI",C,336413,3.0,0CMM5 | 5-89819-43 | CRAFT MANUFACTURING AND TOOLING INC,,2026-08-20,2026-08-27,PANEL,DIBBS|SPE4A626T20WL|1560-00-566-5762,C01,Integrated Control / Indicator / HMI Panels,PANEL,PANEL,True,core,"broad keyword, but it is the item noun",Excluded: structural/airframe panel
SPE8E526T3493,5411-01-265-5017,SPE8E526T3493,07-02-2026,07-13-2026,2026-08-21 02:41:27,Origin,Destination,Tech,7017123091,https://dibbs2.bsm.dla.mil/Downloads/RFQ/3/SPE8E526T3493.PDF,https://www.dibbs.bsm.dla.mil/RFQ/RFQRec.aspx?sn=SPE8E526T3493,https://www.dibbs.bsm.dla.mil/rfq/rfqrec.aspx?sn=SPE8E526T3493,PANEL,1,20260930T154318Z,5411-01-265-5017,PANEL ASSEMBLY,G,332311,29.0,,,2026-07-02,2026-07-13,PANEL,DIBBS|SPE8E526T3493|5411-01-265-5017,C01,Integrated Control / Indicator / HMI Panels,PANEL ASSEMBLY,PANEL; PANEL ASSEMBLY,False,core,,Excluded: structural/shelter/body panel (FSC 5411 = Rigid wall shelters)
SPE4A726T016V,1560-00-162-7234,SPE4A726T016V,02-25-2026,03-04-2026,2026-08-21 02:41:27,Origin,Origin,Tech,7015606210,https://dibbs2.bsm.dla.mil/Downloads/RFQ/V/SPE4A726T016V.PDF,https://www.dibbs.bsm.dla.mil/RFQ/RFQRec.aspx?sn=SPE4A726T016V,https://www.dibbs.bsm.dla.mil/rfq/rfqrec.aspx?sn=SPE4A726T016V,PANEL,1,20260930T154318Z,1560-00-162-7234,"PANEL,STRUCTURAL,AI",C,336413,10.0,0CMM5 | 5-86512-4 | CRAFT MANUFACTURING AND TOOLING INC,,2026-02-25,2026-03-04,PANEL,DIBBS|SPE4A726T016V|1560-00-162-7234,C01,Integrated Control / Indicator / HMI Panels,PANEL,PANEL,True,core,"broad keyword, but it is the item noun",Excluded: structural/airframe panel
SPE4A626T16RK,1560-00-566-5762,SPE4A626T16RK,08-14-2026,08-21-2026,2026-08-21 02:41:27,Origin,Origin,Tech,7017010409,https://dibbs2.bsm.dla.mil/Downloads/RFQ/K/SPE4A626T16RK.PDF,https://www.dibbs.bsm.dla.mil/RFQ/RFQRec.aspx?sn=SPE4A626T16RK,https://www.dibbs.bsm.dla.mil/rfq/rfqrec.aspx?sn=SPE4A626T16RK,PANEL,1,20260930T154318Z,1560-00-566-5762,"PANEL,STRUCTURAL,AI",C,336413,2.0,0CMM5 | 5-89819-43 | CRAFT MANUFACTURING AND TOOLING INC,,2026-08-14,2026-08-21,PANEL,DIBBS|SPE4A626T16RK|1560-00-566-5762,C01,Integrated Control / Indicator / HMI Panels,PANEL,PANEL,True,core,"broad keyword, but it is the item noun",Excluded: structural/airframe panel
SPE4A726T295W,1560-01-183-2023,SPE4A726T295W,04-27-2026,05-07-2026,2026-08-21 02:41:27,Origin,Origin,Tech,7016285652,https://dibbs2.bsm.dla.mil/Downloads/RFQ/W/SPE4A726T295W.PDF,https://www.dibbs.bsm.dla.mil/RFQ/RFQRec.aspx?sn=SPE4A726T295W,https://www.dibbs.bsm.dla.mil/rfq/rfqrec.aspx?sn=SPE4A726T295W,PANEL,1,20260930T154318Z,1560-01-183-2023,"PANEL,STRUCTURAL,AI",C,336413,3.0,059S2 | 4F11055-125A | AAR COMPONENT SERVICES - HOT SPRING,,2026-04-27,2026-05-07,PANEL,DIBBS|SPE4A726T295W|1560-01-183-2023,C01,Integrated Control / Indicator / HMI Panels,PANEL,PANEL,True,core,"broad keyword, but it is the item noun",Excluded: structural/airframe panel
SPE4A726T489N,1560-01-057-5136,SPE4A726T489N,06-15-2026,06-22-2026,2026-08-21 02:41:27,Origin,Origin,Tech,7017149380,https://dibbs2.bsm.dla.mil/Downloads/RFQ/N/SPE4A726T489N.PDF,https://www.dibbs.bsm.dla.mil/RFQ/RFQRec.aspx?sn=SPE4A726T489N,https://www.dibbs.bsm.dla.mil/rfq/rfqrec.aspx?sn=SPE4A726T489N,PANEL,1,20260930T154318Z,1560-01-057-5136,"PANEL,ASSEMBLY UPPE",C,336413,11.0,0C7H8 | 90-3188-2 | D-J ENGINEERING INC,,2026-06-15,2026-06-22,PANEL,DIBBS|SPE4A726T489N|1560-01-057-5136,C01,Integrated Control / Indicator / HMI Panels,PANEL ASSEMBLY,PANEL; PANEL ASSEMBLY,False,core,,Excluded: structural/shelter/body panel (FSC 1560 = Airframe structural components)
SPE4A726Q0499,1560-00-859-7725,SPE4A726Q0499,03-09-2026,03-19-2026,2026-08-21 02:41:27,Origin,Origin,Tech,7014383035,https://dibbs2.bsm.dla.mil/Downloads/RFQ/9/SPE4A726Q0499.PDF,https://www.dibbs.bsm.dla.mil/RFQ/RFQRec.aspx?sn=SPE4A726Q0499,https://www.dibbs.bsm.dla.mil/rfq/rfqrec.aspx?sn=SPE4A726Q0499,PANEL,1,20260930T154318Z,1560-00-859-7725,"PANEL,WING TRAILING",C,336413,3.0,015P0 | 34-1280-521 | 030N1	34-1280-521,,2026-03-09,2026-03-19,PANEL,DIBBS|SPE4A726Q0499|1560-00-859-7725,C01,Integrated Control / Indicator / HMI Panels,PANEL,PANEL,True,core,"broad keyword, but it is the item noun",Excluded: structural/airframe panel
SPE4A726T805G,1560-00-976-0474,SPE4A726T805G,09-30-2026,10-07-2026,2026-09-29 09:03:10,Origin,Origin,Tech,7018342449,https://dibbs2.bsm.dla.mil/Downloads/RFQ/G/SPE4A726T805G.PDF,https://www.dibbs.bsm.dla.mil/RFQ/RFQRec.aspx?sn=SPE4A726T805G,https://www.dibbs.bsm.dla.mil/rfq/rfqrec.aspx?sn=SPE4A726T805G,PANEL,1,20260930T154318Z,1560-00-976-0474,"PANEL,STRUCTURAL,AIRCR",C,336413,3.0,015P0 | 35-18626-507 | 0JWH9	35-18626-507	AERO SPACE COMPOSITES LLC,,2026-09-30,2026-10-07,OVERLAY; PANEL,DIBBS|SPE4A726T805G|1560-00-976-0474,C01,Integrated Control / Indicator / HMI Panels,PANEL,PANEL,True,core,"broad keyword, but it is the item noun",Excluded: structural/airframe panel
SPE8ED26T1467,5410-01-117-8668,SPE8ED26T1467,09-30-2026,10-13-2026,2026-09-29 08:16:41,Origin,Destination,None,7018559348,https://dibbs2.bsm.dla.mil/Downloads/RFQ/7/SPE8ED26T1467.PDF,https://www.dibbs.bsm.dla.mil/RFQ/RFQRec.aspx?sn=SPE8ED26T1467,https://www.dibbs.bsm.dla.mil/rfq/rfqrec.aspx?sn=SPE8ED26T1467,PANEL,1,20260930T154318Z,5410-01-117-8668,"PANEL,BUILDING,PREF",Z,336412,5.0,36745 | 210 | 63550	210,,2026-09-30,2026-10-13,OVERLAY; PANEL,DIBBS|SPE8ED26T1467|5410-01-117-8668,C01,Integrated Control / Indicator / HMI Panels,PANEL,PANEL,True,core,"broad keyword, but it is the item noun",Excluded: structural/shelter/body panel (FSC 5410 = Prefabricated and portable buildings)
SPE4A726T804E,1560-00-774-2657,SPE4A726T804E,09-30-2026,10-07-2026,2026-09-29 11:32:09,Origin,Origin,Tech,7017915507,https://dibbs2.bsm.dla.mil/Downloads/RFQ/E/SPE4A726T804E.PDF,https://www.dibbs.bsm.dla.mil/RFQ/RFQRec.aspx?sn=SPE4A726T804E,https://www.dibbs.bsm.dla.mil/rfq/rfqrec.aspx?sn=SPE4A726T804E,PANEL,1,20260930T154318Z,1560-00-774-2657,"PANEL,FILLER TRAILING",G,336413,2.0,,,2026-09-30,2026-10-07,OVERLAY; PANEL,DIBBS|SPE4A726T804E|1560-00-774-2657,C01,Integrated Control / Indicator / HMI Panels,PANEL,PANEL,True,core,"broad keyword, but it is the item noun",Excluded: structural/shelter/body panel (FSC 1560 = Airframe structural components)
SPE4A726T801Z,1560-00-979-5257,SPE4A726T801Z,09-29-2026,10-06-2026,2026-09-28 08:07:01,Origin,Origin,Tech,7017837232,https://dibbs2.bsm.dla.mil/Downloads/RFQ/Z/SPE4A726T801Z.PDF,https://www.dibbs.bsm.dla.mil/RFQ/RFQRec.aspx?sn=SPE4A726T801Z,https://www.dibbs.bsm.dla.mil/rfq/rfqrec.aspx?sn=SPE4A726T801Z,PANEL,1,20260930T154318Z,1560-00-979-5257,"PANEL,STRUCTURAL,AI",C,336413,1.0,0CMM5 | 64-1101-7 | CRAFT MANUFACTURING AND TOOLING INC,,2026-09-29,2026-10-06,PANEL,DIBBS|SPE4A726T801Z|1560-00-979-5257,C01,Integrated Control / Indicator / HMI Panels,PANEL,PANEL,True,core,"broad keyword, but it is the item noun",Excluded: structural/airframe panel
SPE4A726T761E,1560-01-558-4324,SPE4A726T761E,09-18-2026,10-01-2026,2026-09-28 08:03:49,Origin,Origin,None,7018391212,https://dibbs2.bsm.dla.mil/Downloads/RFQ/E/SPE4A726T761E.PDF,https://www.dibbs.bsm.dla.mil/RFQ/RFQRec.aspx?sn=SPE4A726T761E,https://www.dibbs.bsm.dla.mil/rfq/rfqrec.aspx?sn=SPE4A726T761E,PANEL,1,20260930T154318Z,1560-01-558-4324,"WINDOW PANEL,AIRCRAFT",P,336413,13.0,"0J2J9 | P70216-133 | NORDAM GROUP LLC, THE",,2026-09-18,2026-10-01,PANEL; WINDOW,DIBBS|SPE4A726T761E|1560-01-558-4324,C04,Lenses / Windows / Covers / Housings,WINDOW,PANEL; WINDOW,True,core,"broad keyword, but it is the item noun",Excluded: structural/shelter/body panel (FSC 1560 = Airframe structural components)
SPE4A726T773J,1560-01-558-4326,SPE4A726T773J,09-21-2026,10-01-2026,2026-09-28 08:03:32,Origin,Origin,None,7018412596,https://dibbs2.bsm.dla.mil/Downloads/RFQ/J/SPE4A726T773J.PDF,https://www.dibbs.bsm.dla.mil/RFQ/RFQRec.aspx?sn=SPE4A726T773J,https://www.dibbs.bsm.dla.mil/rfq/rfqrec.aspx?sn=SPE4A726T773J,PANEL,1,20260930T154318Z,1560-01-558-4326,"WINDOW PANEL,AIRCRAFT",P,336413,7.0,"0J2J9 | P70216-144 | NORDAM GROUP LLC, THE",,2026-09-21,2026-10-01,PANEL; WINDOW,DIBBS|SPE4A726T773J|1560-01-558-4326,C04,Lenses / Windows / Covers / Housings,WINDOW,PANEL; WINDOW,True,core,"broad keyword, but it is the item noun",Excluded: structural/shelter/body panel (FSC 1560 = Airframe structural components)
SPE4A726T771C,1560-01-153-1022,SPE4A726T771C,09-21-2026,10-01-2026,2026-09-28 08:03:29,Origin,Origin,Tech,7018412186,https://dibbs2.bsm.dla.mil/Downloads/RFQ/C/SPE4A726T771C.PDF,https://www.dibbs.bsm.dla.mil/RFQ/RFQRec.aspx?sn=SPE4A726T771C,https://www.dibbs.bsm.dla.mil/rfq/rfqrec.aspx?sn=SPE4A726T771C,PANEL,1,20260930T154318Z,1560-01-153-1022,"PANEL,STRUCTURAL,AIRCR",C,336413,2.0,015P0 | 35-8287-502 | 0C7H8	35-8287-502	D-J ENGINEERING INC,,2026-09-21,2026-10-01,PANEL,DIBBS|SPE4A726T771C|1560-01-153-1022,C01,Integrated Control / Indicator / HMI Panels,PANEL,PANEL,True,core,"broad keyword, but it is the item noun",Excluded: structural/airframe panel
SPE4A026T5056,1560-01-583-6647,SPE4A026T5056,09-29-2026,10-06-2026,2026-09-28 05:05:09,Origin,Origin,None,7018318958; 7018318959,https://dibbs2.bsm.dla.mil/Downloads/RFQ/6/SPE4A026T5056.PDF,https://www.dibbs.bsm.dla.mil/RFQ/RFQRec.aspx?sn=SPE4A026T5056,https://www.dibbs.bsm.dla.mil/rfq/rfqrec.aspx?sn=SPE4A026T5056,PANEL,1,20260930T154318Z,1560-01-583-6647,"PANEL,LANDING,AIRCR",D,336413,100.0,02995 | MD80001-681 | OPPENHEIMER PRECISION PRODUCTS INC,,2026-09-29,2026-10-06,PANEL,DIBBS|SPE4A026T5056|1560-01-583-6647,C01,Integrated Control / Indicator / HMI Panels,PANEL,PANEL,True,core,"broad keyword, but it is the item noun",Excluded: structural/shelter/body panel (FSC 1560 = Airframe structural components)
SPE4A726T799Y,1560-01-196-4397,SPE4A726T799Y,09-29-2026,10-06-2026,2026-09-28 01:34:01,Origin,Origin,Tech,7015602293,https://dibbs2.bsm.dla.mil/Downloads/RFQ/Y/SPE4A726T799Y.PDF,https://www.dibbs.bsm.dla.mil/RFQ/RFQRec.aspx?sn=SPE4A726T799Y,https://www.dibbs.bsm.dla.mil/rfq/rfqrec.aspx?sn=SPE4A726T799Y,PANEL,1,20260930T154318Z,1560-01-196-4397,"PANEL,STRUCTURAL,AI",G,336413,1.0,,,2026-09-29,2026-10-06,PANEL,DIBBS|SPE4A726T799Y|1560-01-196-4397,C01,Integrated Control / Indicator / HMI Panels,PANEL,PANEL,True,core,"broad keyword, but it is the item noun",Excluded: structural/airframe panel
SPE4A626T37JW,1560-01-106-1782,SPE4A626T37JW,09-29-2026,10-06-2026,2026-09-28 10:39:50,Origin,Origin,Tech,7017917147,https://dibbs2.bsm.dla.mil/Downloads/RFQ/W/SPE4A626T37JW.PDF,https://www.dibbs.bsm.dla.mil/RFQ/RFQRec.aspx?sn=SPE4A626T37JW,https://www.dibbs.bsm.dla.mil/rfq/rfqrec.aspx?sn=SPE4A626T37JW,PANEL,1,20260930T154318Z,1560-01-106-1782,PANEL ASSEMBLY,C,336413,1.0,0CMM5 | 5-89347-17 | CRAFT MANUFACTURING AND TOOLING INC,,2026-09-29,2026-10-06,PANEL,DIBBS|SPE4A626T37JW|1560-01-106-1782,C01,Integrated Control / Indicator / HMI Panels,PANEL ASSEMBLY,PANEL; PANEL ASSEMBLY,False,core,,Excluded: structural/shelter/body panel (FSC 1560 = Airframe structural components)
SPE4A726T797T,1560-01-733-5643,SPE4A726T797T,09-28-2026,10-05-2026,2026-09-27 06:21:44,Origin,Origin,Tech,7014870723,https://dibbs2.bsm.dla.mil/Downloads/RFQ/T/SPE4A726T797T.PDF,https://www.dibbs.bsm.dla.mil/RFQ/RFQRec.aspx?sn=SPE4A726T797T,https://www.dibbs.bsm.dla.mil/rfq/rfqrec.aspx?sn=SPE4A726T797T,PANEL,1,20260930T154318Z,1560-01-733-5643,"PANEL,STRUCTURAL,AI",G,336413,25.0,,,2026-09-28,2026-10-05,PANEL,DIBBS|SPE4A726T797T|1560-01-733-5643,C01,Integrated Control / Indicator / HMI Panels,PANEL,PANEL,True,core,"broad keyword, but it is the item noun",Excluded: structural/airframe panel
SPE4A726T798H,1560-01-483-3215,SPE4A726T798H,09-28-2026,10-05-2026,2026-09-27 06:21:44,Origin,Origin,Tech,7018392155,https://dibbs2.bsm.dla.mil/Downloads/RFQ/H/SPE4A726T798H.PDF,https://www.dibbs.bsm.dla.mil/RFQ/RFQRec.aspx?sn=SPE4A726T798H,https://www.dibbs.bsm.dla.mil/rfq/rfqrec.aspx?sn=SPE4A726T798H,PANEL,1,20260930T154318Z,1560-01-483-3215,"WINDOW PANEL,AIRCRAFT",C,336413,4.0,"53117 | 338126-14 | PPG INDUSTRIES, INC.",,2026-09-28,2026-10-05,PANEL; WINDOW,DIBBS|SPE4A726T798H|1560-01-483-3215,C04,Lenses / Windows / Covers / Housings,WINDOW,PANEL; WINDOW,True,core,"broad keyword, but it is the item noun",Excluded: structural/shelter/body panel (FSC 1560 = Airframe structural components)
SPE4A726T797A,1560-00-839-4588,SPE4A726T797A,09-28-2026,10-05-2026,2026-09-27 06:21:44,Origin,Origin,Tech,7018389496,https://dibbs2.bsm.dla.mil/Downloads/RFQ/A/SPE4A726T797A.PDF,https://www.dibbs.bsm.dla.mil/RFQ/RFQRec.aspx?sn=SPE4A726T797A,https://www.dibbs.bsm.dla.mil/rfq/rfqrec.aspx?sn=SPE4A726T797A,PANEL,1,20260930T154318Z,1560-00-839-4588,"WINDSHIELD PANEL,AIRCR",C,336413,3.0,12035 | 4F11000-101A | SIERRACIN CORPORATION,,2026-09-28,2026-10-05,PANEL,DIBBS|SPE4A726T797A|1560-00-839-4588,C01,Integrated Control / Indicator / HMI Panels,PANEL,PANEL,True,core,"broad keyword, but it is the item noun",Excluded: structural/shelter/body panel (FSC 1560 = Airframe structural components)
SPE7L326T290E,2510-01-549-2709,SPE7L326T290E,09-28-2026,10-08-2026,2026-09-27 06:21:44,Origin,Destination,None,7018437150,https://dibbs2.bsm.dla.mil/Downloads/RFQ/E/SPE7L326T290E.PDF,https://www.dibbs.bsm.dla.mil/RFQ/RFQRec.aspx?sn=SPE7L326T290E,https://www.dibbs.bsm.dla.mil/rfq/rfqrec.aspx?sn=SPE7L326T290E,PANEL,1,20260930T154318Z,2510-01-549-2709,"PANEL,BODY,VEHICULAR",D,332999,1.0,10988 | 87444147 | CNH INDUSTRIAL AMERICA LLC,,2026-09-28,2026-10-08,PANEL,DIBBS|SPE7L326T290E|2510-01-549-2709,C01,Integrated Control / Indicator / HMI Panels,PANEL,PANEL,True,core,"broad keyword, but it is the item noun",Excluded: structural/airframe panel
SPE7L326T290X,2510-01-294-8390,SPE7L326T290X,09-28-2026,10-08-2026,2026-09-27 06:21:44,Origin,Origin,Tech,7017985076,https://dibbs2.bsm.dla.mil/Downloads/RFQ/X/SPE7L326T290X.PDF,https://www.dibbs.bsm.dla.mil/RFQ/RFQRec.aspx?sn=SPE7L326T290X,https://www.dibbs.bsm.dla.mil/rfq/rfqrec.aspx?sn=SPE7L326T290X,PANEL,1,20260930T154318Z,2510-01-294-8390,"PANEL,VEHICULAR OPERAT",G,336211,6.0,,,2026-09-28,2026-10-08,PANEL,DIBBS|SPE7L326T290X|2510-01-294-8390,C01,Integrated Control / Indicator / HMI Panels,PANEL,PANEL,True,core,"broad keyword, but it is the item noun","Excluded: structural/shelter/body panel (FSC 2510 = Vehicular cab, body and frame structural components)"
SPE7M426T450A,2040-01-657-9502,SPE7M426T450A,09-28-2026,10-08-2026,2026-09-27 06:21:44,Origin,Destination,None,7018504100,https://dibbs2.bsm.dla.mil/Downloads/RFQ/A/SPE7M426T450A.PDF,https://www.dibbs.bsm.dla.mil/RFQ/RFQRec.aspx?sn=SPE7M426T450A,https://www.dibbs.bsm.dla.mil/rfq/rfqrec.aspx?sn=SPE7M426T450A,PANEL,1,20260930T154318Z,2040-01-657-9502,PANEL FLOOR SECTION,D,336612,1.0,"1CAY9 | A3020111 | ATLANTIC DIVING SUPPLY, INC.",,2026-09-28,2026-10-08,PANEL,DIBBS|SPE7M426T450A|2040-01-657-9502,C01,Integrated Control / Indicator / HMI Panels,PANEL,PANEL,True,core,"broad keyword, but it is the item noun",Excluded: structural/airframe panel
SPE4A626T37CM,1560-01-336-0274,SPE4A626T37CM,09-28-2026,10-05-2026,2026-09-27 06:21:43,Origin,Origin,None,7018517058,https://dibbs2.bsm.dla.mil/Downloads/RFQ/M/SPE4A626T37CM.PDF,https://www.dibbs.bsm.dla.mil/RFQ/RFQRec.aspx?sn=SPE4A626T37CM,https://www.dibbs.bsm.dla.mil/rfq/rfqrec.aspx?sn=SPE4A626T37CM,PANEL,1,20260930T154318Z,1560-01-336-0274,"PANEL,STRUCTURAL,AIRCR",Q,336413,1.0,78286 | 70500-82103-048 | SIKORSKY AIRCRAFT CORPORATION,,2026-09-28,2026-10-05,PANEL,DIBBS|SPE4A626T37CM|1560-01-336-0274,C01,Integrated Control / Indicator / HMI Panels,PANEL,PANEL,True,core,"broad keyword, but it is the item noun",Excluded: structural/airframe panel
SPE7L326T206D,2510-01-713-9991,SPE7L326T206D,08-27-2026,09-30-2026,2026-09-25 06:32:49,Origin,Origin,Tech,7018038205,https://dibbs2.bsm.dla.mil/Downloads/RFQ/D/SPE7L326T206D.PDF,https://www.dibbs.bsm.dla.mil/RFQ/RFQRec.aspx?sn=SPE7L326T206D,https://www.dibbs.bsm.dla.mil/rfq/rfqrec.aspx?sn=SPE7L326T206D,PANEL,1,20260930T154318Z,2510-01-713-9991,"PANEL,BODY,VEHICULA",G,332999,1.0,,,2026-08-27,2026-09-30,PANEL,DIBBS|SPE7L326T206D|2510-01-713-9991,C01,Integrated Control / Indicator / HMI Panels,PANEL,PANEL,True,core,"broad keyword, but it is the item noun",Excluded: structural/airframe panel
SPE4A726T759E,1560-01-014-4484,SPE4A726T759E,09-18-2026,09-30-2026,2026-09-25 06:15:11,Origin,Origin,Tech,7018390154,https://dibbs2.bsm.dla.mil/Downloads/RFQ/E/SPE4A726T759E.PDF,https://www.dibbs.bsm.dla.mil/RFQ/RFQRec.aspx?sn=SPE4A726T759E,https://www.dibbs.bsm.dla.mil/rfq/rfqrec.aspx?sn=SPE4A726T759E,PANEL,1,20260930T154318Z,1560-01-014-4484,"PANEL,STRUCTURAL,AIRCR",C,336413,1.0,059S2 | 4J31115-126A | AAR COMPONENT SERVICES - HOT SPRING,,2026-09-18,2026-09-30,PANEL,DIBBS|SPE4A726T759E|1560-01-014-4484,C01,Integrated Control / Indicator / HMI Panels,PANEL,PANEL,True,core,"broad keyword, but it is the item noun",Excluded: structural/airframe panel
SPE4A526T476P,1560-00-181-3819,SPE4A526T476P,09-25-2026,10-02-2026,2026-09-24 06:52:53,Origin,Destination,None,7018391368,https://dibbs2.bsm.dla.mil/Downloads/RFQ/P/SPE4A526T476P.PDF,https://www.dibbs.bsm.dla.mil/RFQ/RFQRec.aspx?sn=SPE4A526T476P,https://www.dibbs.bsm.dla.mil/rfq/rfqrec.aspx?sn=SPE4A526T476P,PANEL,1,20260930T154318Z,1560-00-181-3819,"PANEL,BULKHEAD",C,336413,2.0,97499 | 205-030-247-029 | BELL TEXTRON INC,,2026-09-25,2026-10-02,PANEL,DIBBS|SPE4A526T476P|1560-00-181-3819,C01,Integrated Control / Indicator / HMI Panels,PANEL,PANEL,True,core,"broad keyword, but it is the item noun",Excluded: structural/shelter/body panel (FSC 1560 = Airframe structural components)
SPE4A726T795E,1560-00-630-6018,SPE4A726T795E,09-25-2026,10-02-2026,2026-09-24 06:52:53,Origin,Origin,Tech,7018036495,https://dibbs2.bsm.dla.mil/Downloads/RFQ/E/SPE4A726T795E.PDF,https://www.dibbs.bsm.dla.mil/RFQ/RFQRec.aspx?sn=SPE4A726T795E,https://www.dibbs.bsm.dla.mil/rfq/rfqrec.aspx?sn=SPE4A726T795E,PANEL,1,20260930T154318Z,1560-00-630-6018,"PANEL,LEADING EDGE",C,336413,5.0,0CMM5 | 5-88126-24 | CRAFT MANUFACTURING AND TOOLING INC,,2026-09-25,2026-10-02,PANEL,DIBBS|SPE4A726T795E|1560-00-630-6018,C01,Integrated Control / Indicator / HMI Panels,PANEL,PANEL,True,core,"broad keyword, but it is the item noun",Excluded: structural/shelter/body panel (FSC 1560 = Airframe structural components)
SPE7L326T250M,2510-01-365-7135,SPE7L326T250M,09-14-2026,09-29-2026,2026-09-24 06:52:43,Origin,Destination,None,7013469056,https://dibbs2.bsm.dla.mil/Downloads/RFQ/M/SPE7L326T250M.PDF,https://www.dibbs.bsm.dla.mil/RFQ/RFQRec.aspx?sn=SPE7L326T250M,https://www.dibbs.bsm.dla.mil/rfq/rfqrec.aspx?sn=SPE7L326T250M,PANEL,1,20260930T154318Z,2510-01-365-7135,"PANEL,VEHICULAR OPE",D,336211,47.0,64678 | 22-35018 | DAIMLER TRUCK NORTH AMERICA LLC,,2026-09-14,2026-09-29,PANEL,DIBBS|SPE7L326T250M|2510-01-365-7135,C01,Integrated Control / Indicator / HMI Panels,PANEL,PANEL,True,core,"broad keyword, but it is the item noun","Excluded: structural/shelter/body panel (FSC 2510 = Vehicular cab, body and frame structural components)"
SPE4A726T794T,1560-00-486-4936,SPE4A726T794T,09-25-2026,10-02-2026,2026-09-24 04:56:31,Origin,Origin,Tech,7018389362,https://dibbs2.bsm.dla.mil/Downloads/RFQ/T/SPE4A726T794T.PDF,https://www.dibbs.bsm.dla.mil/RFQ/RFQRec.aspx?sn=SPE4A726T794T,https://www.dibbs.bsm.dla.mil/rfq/rfqrec.aspx?sn=SPE4A726T794T,PANEL,1,20260930T154318Z,1560-00-486-4936,"PANEL,STRUCTURAL,AIRCR",C,336413,2.0,059S2 | 4J31109-127A | AAR COMPONENT SERVICES - HOT SPRING,,2026-09-25,2026-10-02,PANEL,DIBBS|SPE4A726T794T|1560-00-486-4936,C01,Integrated Control / Indicator / HMI Panels,PANEL,PANEL,True,core,"broad keyword, but it is the item noun",Excluded: structural/airframe panel
SPE4A726T794Y,1560-01-576-3458,SPE4A726T794Y,09-25-2026,10-02-2026,2026-09-24 04:56:31,Origin,Origin,Tech,7018390328,https://dibbs2.bsm.dla.mil/Downloads/RFQ/Y/SPE4A726T794Y.PDF,https://www.dibbs.bsm.dla.mil/RFQ/RFQRec.aspx?sn=SPE4A726T794Y,https://www.dibbs.bsm.dla.mil/rfq/rfqrec.aspx?sn=SPE4A726T794Y,PANEL,1,20260930T154318Z,1560-01-576-3458,"WINDSHIELD PANEL,AIRCR",B,336413,2.0,"53117 | 520-14072-3 | PPG INDUSTRIES, INC.",,2026-09-25,2026-10-02,PANEL,DIBBS|SPE4A726T794Y|1560-01-576-3458,C01,Integrated Control / Indicator / HMI Panels,PANEL,PANEL,True,core,"broad keyword, but it is the item noun",Excluded: structural/shelter/body panel (FSC 1560 = Airframe structural components)
SPE7L326T286H,2510-01-697-2629,SPE7L326T286H,09-25-2026,10-05-2026,2026-09-24 04:56:31,Origin,Destination,None,7018395865; 7018446349,https://dibbs2.bsm.dla.mil/Downloads/RFQ/H/SPE7L326T286H.PDF,https://www.dibbs.bsm.dla.mil/RFQ/RFQRec.aspx?sn=SPE7L326T286H,https://www.dibbs.bsm.dla.mil/rfq/rfqrec.aspx?sn=SPE7L326T286H,PANEL,1,20260930T154318Z,2510-01-697-2629,"PANEL,DASHBOARD",D,332999,6.0,,,2026-09-25,2026-10-05,PANEL,DIBBS|SPE7L326T286H|2510-01-697-2629,C01,Integrated Control / Indicator / HMI Panels,PANEL,PANEL,True,core,"broad keyword, but it is the item noun","Excluded: structural/shelter/body panel (FSC 2510 = Vehicular cab, body and frame structural components)"
SPE4A526T475Y,1560-01-655-7882,SPE4A526T475Y,09-25-2026,10-02-2026,2026-09-24 02:36:42,Origin,Destination,Tech,7018457978,https://dibbs2.bsm.dla.mil/Downloads/RFQ/Y/SPE4A526T475Y.PDF,https://www.dibbs.bsm.dla.mil/RFQ/RFQRec.aspx?sn=SPE4A526T475Y,https://www.dibbs.bsm.dla.mil/rfq/rfqrec.aspx?sn=SPE4A526T475Y,PANEL,1,20260930T154318Z,1560-01-655-7882,"PANEL,STRUCTURAL,AIRCR",C,336413,2.0,81205 | 143T4897-117 | THE BOEING COMPANY,,2026-09-25,2026-10-02,PANEL,DIBBS|SPE4A526T475Y|1560-01-655-7882,C01,Integrated Control / Indicator / HMI Panels,PANEL,PANEL,True,core,"broad keyword, but it is the item noun",Excluded: structural/airframe panel
SPE4A726T792E,1560-01-125-1533,SPE4A726T792E,09-25-2026,10-02-2026,2026-09-24 11:05:34,Origin,Origin,Tech,7018249156,https://dibbs2.bsm.dla.mil/Downloads/RFQ/E/SPE4A726T792E.PDF,https://www.dibbs.bsm.dla.mil/RFQ/RFQRec.aspx?sn=SPE4A726T792E,https://www.dibbs.bsm.dla.mil/rfq/rfqrec.aspx?sn=SPE4A726T792E,PANEL,2,20260930T154334Z,1560-01-125-1533,"PANEL,STRUCTURAL,AIRCR",G,336413,19.0,,,2026-09-25,2026-10-02,PANEL,DIBBS|SPE4A726T792E|1560-01-125-1533,C01,Integrated Control / Indicator / HMI Panels,PANEL,PANEL,True,core,"broad keyword, but it is the item noun",Excluded: structural/airframe panel
SPE4A526T474N,1560-01-694-4622,SPE4A526T474N,09-25-2026,10-02-2026,2026-09-24 09:35:24,Origin,Destination,Tech,7018378233,https://dibbs2.bsm.dla.mil/Downloads/RFQ/N/SPE4A526T474N.PDF,https://www.dibbs.bsm.dla.mil/RFQ/RFQRec.aspx?sn=SPE4A526T474N,https://www.dibbs.bsm.dla.mil/rfq/rfqrec.aspx?sn=SPE4A526T474N,PANEL,2,20260930T154334Z,1560-01-694-4622,"PANEL,STRUCTURAL,AIRCR",C,336413,1.0,81205 | 114T1410Y186 | THE BOEING COMPANY,,2026-09-25,2026-10-02,PANEL,DIBBS|SPE4A526T474N|1560-01-694-4622,C01,Integrated Control / Indicator / HMI Panels,PANEL,PANEL,True,core,"broad keyword, but it is the item noun",Excluded: structural/airframe panel
SPE7L326T281G,2510-01-519-5167,SPE7L326T281G,09-25-2026,10-05-2026,2026-09-24 07:06:10,Origin,Destination,None,7018497662,https://dibbs2.bsm.dla.mil/Downloads/RFQ/G/SPE7L326T281G.PDF,https://www.dibbs.bsm.dla.mil/RFQ/RFQRec.aspx?sn=SPE7L326T281G,https://www.dibbs.bsm.dla.mil/rfq/rfqrec.aspx?sn=SPE7L326T281G,PANEL,2,20260930T154334Z,2510-01-519-5167,"PANEL,VEHICULAR OPERAT",R,332999,22.0,1PWR4 | 101691 | 75Q65	3KK136	OSHKOSH DEFENSE LLC,,2026-09-25,2026-10-05,PANEL,DIBBS|SPE7L326T281G|2510-01-519-5167,C01,Integrated Control / Indicator / HMI Panels,PANEL,PANEL,True,core,"broad keyword, but it is the item noun","Excluded: structural/shelter/body panel (FSC 2510 = Vehicular cab, body and frame structural components)"
SPE7L426T7173,2510-01-446-7691,SPE7L426T7173,09-25-2026,10-05-2026,2026-09-24 06:42:59,Origin,Origin,Tech,7018495126,https://dibbs2.bsm.dla.mil/Downloads/RFQ/3/SPE7L426T7173.PDF,https://www.dibbs.bsm.dla.mil/RFQ/RFQRec.aspx?sn=SPE7L426T7173,https://www.dibbs.bsm.dla.mil/rfq/rfqrec.aspx?sn=SPE7L426T7173,PANEL,2,20260930T154334Z,2510-01-446-7691,"PANEL,BODY,VEHICULAR",G,336211,8.0,,,2026-09-25,2026-10-05,PANEL,DIBBS|SPE7L426T7173|2510-01-446-7691,C01,Integrated Control / Indicator / HMI Panels,PANEL,PANEL,True,core,"broad keyword, but it is the item noun",Excluded: structural/airframe panel
SPE7L426T7181,2510-01-470-6042,SPE7L426T7181,09-25-2026,10-05-2026,2026-09-24 06:42:59,Origin,Origin,Tech,7018496769,https://dibbs2.bsm.dla.mil/Downloads/RFQ/1/SPE7L426T7181.PDF,https://www.dibbs.bsm.dla.mil/RFQ/RFQRec.aspx?sn=SPE7L426T7181,https://www.dibbs.bsm.dla.mil/rfq/rfqrec.aspx?sn=SPE7L426T7181,PANEL,2,20260930T154334Z,2510-01-470-6042,"PANEL,VEHICULAR OPERAT",G,336211,12.0,,,2026-09-25,2026-10-05,PANEL,DIBBS|SPE7L426T7181|2510-01-470-6042,C01,Integrated Control / Indicator / HMI Panels,PANEL,PANEL,True,core,"broad keyword, but it is the item noun","Excluded: structural/shelter/body panel (FSC 2510 = Vehicular cab, body and frame structural components)"
SPE4A726T790U,1560-01-617-7567,SPE4A726T790U,09-24-2026,10-01-2026,2026-09-23 06:19:42,Origin,Origin,Tech,7018378197,https://dibbs2.bsm.dla.mil/Downloads/RFQ/U/SPE4A726T790U.PDF,https://www.dibbs.bsm.dla.mil/RFQ/RFQRec.aspx?sn=SPE4A726T790U,https://www.dibbs.bsm.dla.mil/rfq/rfqrec.aspx?sn=SPE4A726T790U,PANEL,2,20260930T154334Z,1560-01-617-7567,"PANEL,STRUCTURAL,AI",C,336413,8.0,030N1 | L3025013-011 | 0JWH9	L3025013-011	AERO SPACE COMPOSITES LLC,,2026-09-24,2026-10-01,PANEL,DIBBS|SPE4A726T790U|1560-01-617-7567,C01,Integrated Control / Indicator / HMI Panels,PANEL,PANEL,True,core,"broad keyword, but it is the item noun",Excluded: structural/airframe panel
SPE4A626T36EF,1560-00-766-6280,SPE4A626T36EF,09-24-2026,10-01-2026,2026-09-23 05:49:45,Origin,Origin,Tech,7017939002,https://dibbs2.bsm.dla.mil/Downloads/RFQ/F/SPE4A626T36EF.PDF,https://www.dibbs.bsm.dla.mil/RFQ/RFQRec.aspx?sn=SPE4A626T36EF,https://www.dibbs.bsm.dla.mil/rfq/rfqrec.aspx?sn=SPE4A626T36EF,PANEL,2,20260930T154334Z,1560-00-766-6280,"PANEL ASSEMBLY,ELEVATO",G,336413,2.0,,,2026-09-24,2026-10-01,PANEL,DIBBS|SPE4A626T36EF|1560-00-766-6280,C01,Integrated Control / Indicator / HMI Panels,PANEL ASSEMBLY,PANEL; PANEL ASSEMBLY,False,core,,Excluded: structural/shelter/body panel (FSC 1560 = Airframe structural components)
SPE4A726T788V,1560-01-296-9755,SPE4A726T788V,09-24-2026,10-01-2026,2026-09-23 04:54:57,Origin,Origin,None,7018342743,https://dibbs2.bsm.dla.mil/Downloads/RFQ/V/SPE4A726T788V.PDF,https://www.dibbs.bsm.dla.mil/RFQ/RFQRec.aspx?sn=SPE4A726T788V,https://www.dibbs.bsm.dla.mil/rfq/rfqrec.aspx?sn=SPE4A726T788V,PANEL,2,20260930T154334Z,1560-01-296-9755,"PANEL,STRUCTURAL,AIRCR",C,336413,5.0,79RG9 | 123P10425-9 | NORTHROP GRUMMAN SYSTEMS CORPORATIO,,2026-09-24,2026-10-01,INDICATOR; PANEL,DIBBS|SPE4A726T788V|1560-01-296-9755,C01,Integrated Control / Indicator / HMI Panels,PANEL,PANEL,True,core,"broad keyword, but it is the item noun",Excluded: structural/airframe panel
SPE4A726T787V,1560-00-141-8555,SPE4A726T787V,09-24-2026,10-01-2026,2026-09-23 03:22:18,Origin,Origin,Tech,7017837926,https://dibbs2.bsm.dla.mil/Downloads/RFQ/V/SPE4A726T787V.PDF,https://www.dibbs.bsm.dla.mil/RFQ/RFQRec.aspx?sn=SPE4A726T787V,https://www.dibbs.bsm.dla.mil/rfq/rfqrec.aspx?sn=SPE4A726T787V,PANEL,2,20260930T154334Z,1560-00-141-8555,"PANEL,STRUCTURAL,AI",C,336413,1.0,059S2 | 4W13520-107A | AAR COMPONENT SERVICES - HOT SPRING,,2026-09-24,2026-10-01,PANEL,DIBBS|SPE4A726T787V|1560-00-141-8555,C01,Integrated Control / Indicator / HMI Panels,PANEL,PANEL,True,core,"broad keyword, but it is the item noun",Excluded: structural/airframe panel
SPE7LX26U007X,2510-01-706-5857,SPE7LX26U007X,09-23-2026,10-07-2026,2026-09-22 02:15:50,Origin,Destination,None,1000244772,https://dibbs2.bsm.dla.mil/Downloads/RFQ/X/SPE7LX26U007X.PDF,https://www.dibbs.bsm.dla.mil/RFQ/RFQRec.aspx?sn=SPE7LX26U007X,https://www.dibbs.bsm.dla.mil/rfq/rfqrec.aspx?sn=SPE7LX26U007X,PANEL,2,20260930T154334Z,2510-01-706-5857,"PANEL,BODY,VEHICULAR",D,332999,6.0,3FP69 | 5458711-070 | POLARIS SALES INC,,2026-09-23,2026-10-07,PANEL,DIBBS|SPE7LX26U007X|2510-01-706-5857,C01,Integrated Control / Indicator / HMI Panels,PANEL,PANEL,True,core,"broad keyword, but it is the item noun",Excluded: structural/airframe panel
SPE4A727Q0004,1560-01-529-7053,SPE4A727Q0004,09-23-2026,10-07-2026,2026-09-22 07:32:54,Origin,Origin,None,7017765178,https://dibbs2.bsm.dla.mil/Downloads/RFQ/4/SPE4A727Q0004.PDF,https://www.dibbs.bsm.dla.mil/RFQ/RFQRec.aspx?sn=SPE4A727Q0004,https://www.dibbs.bsm.dla.mil/rfq/rfqrec.aspx?sn=SPE4A727Q0004,PANEL,2,20260930T154334Z,1560-01-529-7053,"WINDSHIELD PANEL,AI",C,336413,9.0,12035 | 171500-69 | SIERRACIN CORPORATION,,2026-09-23,2026-10-07,BOX; FUEL; INDICATOR; LEGEND; PANEL; PLATE,DIBBS|SPE4A727Q0004|1560-01-529-7053,C01,Integrated Control / Indicator / HMI Panels,PANEL,PANEL,True,core,"broad keyword, but it is the item noun",Excluded: structural/shelter/body panel (FSC 1560 = Airframe structural components)
SPE4A626T35CV,1560-01-383-9476,SPE4A626T35CV,09-23-2026,09-30-2026,2026-09-22 03:47:56,Origin,Destination,None,7018458563,https://dibbs2.bsm.dla.mil/Downloads/RFQ/V/SPE4A626T35CV.PDF,https://www.dibbs.bsm.dla.mil/RFQ/RFQRec.aspx?sn=SPE4A626T35CV,https://www.dibbs.bsm.dla.mil/rfq/rfqrec.aspx?sn=SPE4A626T35CV,PANEL,2,20260930T154334Z,1560-01-383-9476,"WINDSHIELD PANEL,AIRCR",Q,336413,1.0,78286 | 70206-21202-047 | SIKORSKY AIRCRAFT CORPORATION,,2026-09-23,2026-09-30,PANEL,DIBBS|SPE4A626T35CV|1560-01-383-9476,C01,Integrated Control / Indicator / HMI Panels,PANEL,PANEL,True,core,"broad keyword, but it is the item noun",Excluded: structural/shelter/body panel (FSC 1560 = Airframe structural components)
SPE4A726T782N,1560-00-766-6276,SPE4A726T782N,09-23-2026,09-30-2026,2026-09-22 03:47:56,Origin,Origin,Tech,7018458502,https://dibbs2.bsm.dla.mil/Downloads/RFQ/N/SPE4A726T782N.PDF,https://www.dibbs.bsm.dla.mil/RFQ/RFQRec.aspx?sn=SPE4A726T782N,https://www.dibbs.bsm.dla.mil/rfq/rfqrec.aspx?sn=SPE4A726T782N,PANEL,2,20260930T154334Z,1560-00-766-6276,"PANEL ASSEMBLY,ELEVATO",G,336413,3.0,,,2026-09-23,2026-09-30,INDICATOR; PANEL,DIBBS|SPE4A726T782N|1560-00-766-6276,C01,Integrated Control / Indicator / HMI Panels,PANEL ASSEMBLY,PANEL; PANEL ASSEMBLY,False,core,,Excluded: structural/shelter/body panel (FSC 1560 = Airframe structural components)
SPE4A526T465B,1560-01-117-1081,SPE4A526T465B,09-23-2026,09-30-2026,2026-09-22 03:47:56,Origin,Destination,None,7018457635,https://dibbs2.bsm.dla.mil/Downloads/RFQ/B/SPE4A526T465B.PDF,https://www.dibbs.bsm.dla.mil/RFQ/RFQRec.aspx?sn=SPE4A526T465B,https://www.dibbs.bsm.dla.mil/rfq/rfqrec.aspx?sn=SPE4A526T465B,PANEL,2,20260930T154334Z,1560-01-117-1081,"PANEL,STRUCTURAL,AIRCR",D,336413,10.0,77272 | 114P8080-29 | THE BOEING COMPANY,,2026-09-23,2026-09-30,PANEL,DIBBS|SPE4A526T465B|1560-01-117-1081,C01,Integrated Control / Indicator / HMI Panels,PANEL,PANEL,True,core,"broad keyword, but it is the item noun",Excluded: structural/airframe panel
SPE4A726T782U,1560-01-152-1476,SPE4A726T782U,09-23-2026,09-30-2026,2026-09-22 03:47:56,Origin,Origin,Tech,7018457426,https://dibbs2.bsm.dla.mil/Downloads/RFQ/U/SPE4A726T782U.PDF,https://www.dibbs.bsm.dla.mil/RFQ/RFQRec.aspx?sn=SPE4A726T782U,https://www.dibbs.bsm.dla.mil/rfq/rfqrec.aspx?sn=SPE4A726T782U,PANEL,2,20260930T154334Z,1560-01-152-1476,"PANEL,STRUCTURAL,AIRCR",C,336413,9.0,0C7H8 | 25-2779-506 | D-J ENGINEERING INC,,2026-09-23,2026-09-30,PANEL,DIBBS|SPE4A726T782U|1560-01-152-1476,C01,Integrated Control / Indicator / HMI Panels,PANEL,PANEL,True,core,"broad keyword, but it is the item noun",Excluded: structural/airframe panel
SPE7L426T6735,2510-01-265-3283,SPE7L426T6735,09-08-2026,09-24-2026,2026-09-21 09:10:44,Origin,Origin,Tech,7017986512,https://dibbs2.bsm.dla.mil/Downloads/RFQ/5/SPE7L426T6735.PDF,https://www.dibbs.bsm.dla.mil/RFQ/RFQRec.aspx?sn=SPE7L426T6735,https://www.dibbs.bsm.dla.mil/rfq/rfqrec.aspx?sn=SPE7L426T6735,PANEL,2,20260930T154334Z,2510-01-265-3283,"PANEL,BODY,VEHICULAR",G,336211,36.0,,,2026-09-08,2026-09-24,PANEL,DIBBS|SPE7L426T6735|2510-01-265-3283,C01,Integrated Control / Indicator / HMI Panels,PANEL,PANEL,True,core,"broad keyword, but it is the item noun",Excluded: structural/airframe panel
SPE7L126T15B3,2510-01-662-2294,SPE7L126T15B3,09-22-2026,10-02-2026,2026-09-21 12:15:49,Origin,Destination,None,7018437689,https://dibbs2.bsm.dla.mil/Downloads/RFQ/3/SPE7L126T15B3.PDF,https://www.dibbs.bsm.dla.mil/RFQ/RFQRec.aspx?sn=SPE7L126T15B3,https://www.dibbs.bsm.dla.mil/rfq/rfqrec.aspx?sn=SPE7L126T15B3,PANEL,2,20260930T154334Z,2510-01-662-2294,"PANEL,DASHBOARD",D,332999,1.0,75Q65 | 4131998 | OSHKOSH DEFENSE LLC,,2026-09-22,2026-10-02,PANEL,DIBBS|SPE7L126T15B3|2510-01-662-2294,C01,Integrated Control / Indicator / HMI Panels,PANEL,PANEL,True,core,"broad keyword, but it is the item noun","Excluded: structural/shelter/body panel (FSC 2510 = Vehicular cab, body and frame structural components)"
SPE4A726T769T,1560-00-874-6326,SPE4A726T769T,09-21-2026,09-28-2026,2026-09-21 12:15:48,Origin,Origin,Tech,7018414253,https://dibbs2.bsm.dla.mil/Downloads/RFQ/T/SPE4A726T769T.PDF,https://www.dibbs.bsm.dla.mil/RFQ/RFQRec.aspx?sn=SPE4A726T769T,https://www.dibbs.bsm.dla.mil/rfq/rfqrec.aspx?sn=SPE4A726T769T,PANEL,2,20260930T154334Z,1560-00-874-6326,"PANEL,STRUCTURAL,AIRCR",C,336413,3.0,030N1 | 34-1263-522 | 0BDL0	34-1263-522,,2026-09-21,2026-09-28,PANEL,DIBBS|SPE4A726T769T|1560-00-874-6326,C01,Integrated Control / Indicator / HMI Panels,PANEL,PANEL,True,core,"broad keyword, but it is the item noun",Excluded: structural/airframe panel
SPE4A726T774L,1560-01-576-3498,SPE4A726T774L,09-21-2026,09-28-2026,2026-09-21 12:15:48,Origin,Origin,Tech,7018413369,https://dibbs2.bsm.dla.mil/Downloads/RFQ/L/SPE4A726T774L.PDF,https://www.dibbs.bsm.dla.mil/RFQ/RFQRec.aspx?sn=SPE4A726T774L,https://www.dibbs.bsm.dla.mil/rfq/rfqrec.aspx?sn=SPE4A726T774L,PANEL,2,20260930T154334Z,1560-01-576-3498,"WINDSHIELD PANEL,AIRCR",B,336413,1.0,"53117 | 520-14072-4 | PPG INDUSTRIES, INC.",,2026-09-21,2026-09-28,PANEL,DIBBS|SPE4A726T774L|1560-01-576-3498,C01,Integrated Control / Indicator / HMI Panels,PANEL,PANEL,True,core,"broad keyword, but it is the item noun",Excluded: structural/shelter/body panel (FSC 1560 = Airframe structural components)
SPE4A726T773E,1560-01-667-0942,SPE4A726T773E,09-21-2026,09-28-2026,2026-09-21 12:15:48,Origin,Origin,Tech,7018413546,https://dibbs2.bsm.dla.mil/Downloads/RFQ/E/SPE4A726T773E.PDF,https://www.dibbs.bsm.dla.mil/RFQ/RFQRec.aspx?sn=SPE4A726T773E,https://www.dibbs.bsm.dla.mil/rfq/rfqrec.aspx?sn=SPE4A726T773E,PANEL,2,20260930T154334Z,1560-01-667-0942,"PANEL,STRUCTURAL,AIRCR",C,336413,6.0,"06DM5 | 8-7846-14 | INFINITY FABRICATION, INC.",,2026-09-21,2026-09-28,PANEL,DIBBS|SPE4A726T773E|1560-01-667-0942,C01,Integrated Control / Indicator / HMI Panels,PANEL,PANEL,True,core,"broad keyword, but it is the item noun",Excluded: structural/airframe panel
SPE4A726T770C,1560-01-014-8034,SPE4A726T770C,09-21-2026,09-28-2026,2026-09-21 12:15:48,Origin,Origin,Tech,7018414669,https://dibbs2.bsm.dla.mil/Downloads/RFQ/C/SPE4A726T770C.PDF,https://www.dibbs.bsm.dla.mil/RFQ/RFQRec.aspx?sn=SPE4A726T770C,https://www.dibbs.bsm.dla.mil/rfq/rfqrec.aspx?sn=SPE4A726T770C,PANEL,2,20260930T154334Z,1560-01-014-8034,"PANEL,STRUCTURAL,AIRCR",C,336413,5.0,059S2 | 4J31118-148A | AAR COMPONENT SERVICES - HOT SPRING,,2026-09-21,2026-09-28,PANEL,DIBBS|SPE4A726T770C|1560-01-014-8034,C01,Integrated Control / Indicator / HMI Panels,PANEL,PANEL,True,core,"broad keyword, but it is the item noun",Excluded: structural/airframe panel
SPE4A526T452X,1560-01-115-3660,SPE4A526T452X,09-21-2026,09-28-2026,2026-09-21 12:15:48,Origin,Destination,None,7018414286,https://dibbs2.bsm.dla.mil/Downloads/RFQ/X/SPE4A526T452X.PDF,https://www.dibbs.bsm.dla.mil/RFQ/RFQRec.aspx?sn=SPE4A526T452X,https://www.dibbs.bsm.dla.mil/rfq/rfqrec.aspx?sn=SPE4A526T452X,PANEL,2,20260930T154334Z,1560-01-115-3660,"PANEL ASSY,CEILING",C,336413,4.0,78286 | 70500-02063-060 | SIKORSKY AIRCRAFT CORPORATION,,2026-09-21,2026-09-28,PANEL,DIBBS|SPE4A526T452X|1560-01-115-3660,C01,Integrated Control / Indicator / HMI Panels,PANEL ASSEMBLY,PANEL; PANEL ASSEMBLY,False,core,,Excluded: structural/shelter/body panel (FSC 1560 = Airframe structural components)
SPE4A726Q1094,1560-01-483-3167,SPE4A726Q1094,09-21-2026,10-02-2026,2026-09-21 12:12:25,Origin,Origin,Tech,7017837402,https://dibbs2.bsm.dla.mil/Downloads/RFQ/4/SPE4A726Q1094.PDF,https://www.dibbs.bsm.dla.mil/RFQ/RFQRec.aspx?sn=SPE4A726Q1094,https://www.dibbs.bsm.dla.mil/rfq/rfqrec.aspx?sn=SPE4A726Q1094,PANEL,2,20260930T154334Z,1560-01-483-3167,"WINDSHIELD PANEL,AIRCR",C,336413,87.0,"53117 | 338125-17 | PPG INDUSTRIES, INC.",,2026-09-21,2026-10-02,FUEL; PANEL,DIBBS|SPE4A726Q1094|1560-01-483-3167,C01,Integrated Control / Indicator / HMI Panels,PANEL,PANEL,True,core,"broad keyword, but it is the item noun",Excluded: structural/shelter/body panel (FSC 1560 = Airframe structural components)
SPE4A726T767B,1560-01-152-6333,SPE4A726T767B,09-18-2026,09-25-2026,2026-09-17 07:15:21,Origin,Origin,Tech,7018249173,https://dibbs2.bsm.dla.mil/Downloads/RFQ/B/SPE4A726T767B.PDF,https://www.dibbs.bsm.dla.mil/RFQ/RFQRec.aspx?sn=SPE4A726T767B,https://www.dibbs.bsm.dla.mil/rfq/rfqrec.aspx?sn=SPE4A726T767B,PANEL,2,20260930T154334Z,1560-01-152-6333,"PANEL,STRUCTURAL,AIRCR",C,336413,3.0,015P0 | 35-8286-502 | 0JWH9	35-8286-502	AERO SPACE COMPOSITES LLC,,2026-09-18,2026-09-25,PANEL,DIBBS|SPE4A726T767B|1560-01-152-6333,C01,Integrated Control / Indicator / HMI Panels,PANEL,PANEL,True,core,"broad keyword, but it is the item noun",Excluded: structural/airframe panel
SPE4A726T724G,1560-01-152-6332,SPE4A726T724G,09-10-2026,09-22-2026,2026-09-17 07:13:17,Origin,Origin,Tech,7018249174,https://dibbs2.bsm.dla.mil/Downloads/RFQ/G/SPE4A726T724G.PDF,https://www.dibbs.bsm.dla.mil/RFQ/RFQRec.aspx?sn=SPE4A726T724G,https://www.dibbs.bsm.dla.mil/rfq/rfqrec.aspx?sn=SPE4A726T724G,PANEL,2,20260930T154334Z,1560-01-152-6332,"PANEL,STRUCTURAL,AIRCR",C,336413,4.0,015P0 | 35-8286-501 | 0C7H8	35-8286-501	D-J ENGINEERING INC,,2026-09-10,2026-09-22,PANEL,DIBBS|SPE4A726T724G|1560-01-152-6332,C01,Integrated Control / Indicator / HMI Panels,PANEL,PANEL,True,core,"broad keyword, but it is the item noun",Excluded: structural/airframe panel
SPE4A726T730A,1560-00-976-0474,SPE4A726T730A,09-10-2026,09-22-2026,2026-09-17 07:11:54,Origin,Origin,Tech,7015052211,https://dibbs2.bsm.dla.mil/Downloads/RFQ/A/SPE4A726T730A.PDF,https://www.dibbs.bsm.dla.mil/RFQ/RFQRec.aspx?sn=SPE4A726T730A,https://www.dibbs.bsm.dla.mil/rfq/rfqrec.aspx?sn=SPE4A726T730A,PANEL,2,20260930T154334Z,1560-00-976-0474,"PANEL,STRUCTURAL,AI",C,336413,3.0,015P0 | 35-18626-507 | 0JWH9	35-18626-507	AERO SPACE COMPOSITES LLC,,2026-09-10,2026-09-22,PANEL,DIBBS|SPE4A726T730A|1560-00-976-0474,C01,Integrated Control / Indicator / HMI Panels,PANEL,PANEL,True,core,"broad keyword, but it is the item noun",Excluded: structural/airframe panel
SPE7L326T266T,1560-01-664-4104,SPE7L326T266T,09-18-2026,09-28-2026,2026-09-17 02:24:36,Origin,Destination,None,7017604127,https://dibbs2.bsm.dla.mil/Downloads/RFQ/T/SPE7L326T266T.PDF,https://www.dibbs.bsm.dla.mil/RFQ/RFQRec.aspx?sn=SPE7L326T266T,https://www.dibbs.bsm.dla.mil/rfq/rfqrec.aspx?sn=SPE7L326T266T,PANEL,2,20260930T154334Z,1560-01-664-4104,"PANEL,STRUCTURAL,AI",D,336413,2.0,54786 | 105539-1 | BAE SYSTEMS LAND & ARMAMENTS L.P.,,2026-09-18,2026-09-28,PANEL,DIBBS|SPE7L326T266T|1560-01-664-4104,C01,Integrated Control / Indicator / HMI Panels,PANEL,PANEL,True,core,"broad keyword, but it is the item noun",Excluded: structural/airframe panel
SPE4A726T759B,1560-01-007-5377,SPE4A726T759B,09-18-2026,09-25-2026,2026-09-17 04:43:22,Origin,Origin,Tech,7018390349,https://dibbs2.bsm.dla.mil/Downloads/RFQ/B/SPE4A726T759B.PDF,https://www.dibbs.bsm.dla.mil/RFQ/RFQRec.aspx?sn=SPE4A726T759B,https://www.dibbs.bsm.dla.mil/rfq/rfqrec.aspx?sn=SPE4A726T759B,PANEL,2,20260930T154334Z,1560-01-007-5377,"PANEL,STRUCTURAL,AIRCR",C,336413,2.0,0CMM5 | 5-89348-60 | CRAFT MANUFACTURING AND TOOLING INC,,2026-09-18,2026-09-25,PANEL,DIBBS|SPE4A726T759B|1560-01-007-5377,C01,Integrated Control / Indicator / HMI Panels,PANEL,PANEL,True,core,"broad keyword, but it is the item noun",Excluded: structural/airframe panel
SPE4A626T32MW,1560-01-646-5561,SPE4A626T32MW,09-18-2026,09-25-2026,2026-09-17 04:43:22,Origin,Origin,Tech,7018391038,https://dibbs2.bsm.dla.mil/Downloads/RFQ/W/SPE4A626T32MW.PDF,https://www.dibbs.bsm.dla.mil/RFQ/RFQRec.aspx?sn=SPE4A626T32MW,https://www.dibbs.bsm.dla.mil/rfq/rfqrec.aspx?sn=SPE4A626T32MW,PANEL,2,20260930T154334Z,1560-01-646-5561,"PANEL,STRUCTURAL,AIRCR",C,336413,4.0,"06DM5 | 4-5021-25 | INFINITY FABRICATION, INC.",,2026-09-18,2026-09-25,PANEL,DIBBS|SPE4A626T32MW|1560-01-646-5561,C01,Integrated Control / Indicator / HMI Panels,PANEL,PANEL,True,core,"broad keyword, but it is the item noun",Excluded: structural/airframe panel
SPE4A726T757S,1560-00-133-7158,SPE4A726T757S,09-18-2026,09-25-2026,2026-09-17 04:24:21,Origin,Origin,None,7018392146,https://dibbs2.bsm.dla.mil/Downloads/RFQ/S/SPE4A726T757S.PDF,https://www.dibbs.bsm.dla.mil/RFQ/RFQRec.aspx?sn=SPE4A726T757S,https://www.dibbs.bsm.dla.mil/rfq/rfqrec.aspx?sn=SPE4A726T757S,PANEL,2,20260930T154334Z,1560-00-133-7158,"WINDSHIELD PANEL,AIRCR",P,336413,2.0,"53117 | 114SS604-2 | PPG INDUSTRIES, INC.",,2026-09-18,2026-09-25,PANEL,DIBBS|SPE4A726T757S|1560-00-133-7158,C01,Integrated Control / Indicator / HMI Panels,PANEL,PANEL,True,core,"broad keyword, but it is the item noun",Excluded: structural/shelter/body panel (FSC 1560 = Airframe structural components)
SPE4A526T437M,1560-01-615-1491,SPE4A526T437M,09-17-2026,09-24-2026,2026-09-16 09:49:21,Origin,Destination,None,7018379150,https://dibbs2.bsm.dla.mil/Downloads/RFQ/M/SPE4A526T437M.PDF,https://www.dibbs.bsm.dla.mil/RFQ/RFQRec.aspx?sn=SPE4A526T437M,https://www.dibbs.bsm.dla.mil/rfq/rfqrec.aspx?sn=SPE4A526T437M,PANEL,2,20260930T154334Z,1560-01-615-1491,"PANEL,STRUCTURAL,AIRCR",C,336413,1.0,78286 | 71500-22104-058 | SIKORSKY AIRCRAFT CORPORATION,,2026-09-17,2026-09-24,PANEL,DIBBS|SPE4A526T437M|1560-01-615-1491,C01,Integrated Control / Indicator / HMI Panels,PANEL,PANEL,True,core,"broad keyword, but it is the item noun",Excluded: structural/airframe panel
SPE4A626T31GK,1560-01-523-5740,SPE4A626T31GK,09-17-2026,09-24-2026,2026-09-16 09:49:21,Origin,Destination,None,7018380326,https://dibbs2.bsm.dla.mil/Downloads/RFQ/K/SPE4A626T31GK.PDF,https://www.dibbs.bsm.dla.mil/RFQ/RFQRec.aspx?sn=SPE4A626T31GK,https://www.dibbs.bsm.dla.mil/rfq/rfqrec.aspx?sn=SPE4A626T31GK,PANEL,2,20260930T154334Z,1560-01-523-5740,"WINDOW PANEL,AIRCRAFT",Q,336411,6.0,70974 | 123BP52013-5 | NORTHROP GRUMMAN SYSTEMS CORPORATIO,,2026-09-17,2026-09-24,PANEL; WINDOW,DIBBS|SPE4A626T31GK|1560-01-523-5740,C04,Lenses / Windows / Covers / Housings,WINDOW,PANEL; WINDOW,True,core,"broad keyword, but it is the item noun",Excluded: structural/shelter/body panel (FSC 1560 = Airframe structural components)
SPE4A526T434P,1560-01-026-3876,SPE4A526T434P,09-17-2026,09-24-2026,2026-09-16 05:29:45,Origin,Destination,None,7018379228,https://dibbs2.bsm.dla.mil/Downloads/RFQ/P/SPE4A526T434P.PDF,https://www.dibbs.bsm.dla.mil/RFQ/RFQRec.aspx?sn=SPE4A526T434P,https://www.dibbs.bsm.dla.mil/rfq/rfqrec.aspx?sn=SPE4A526T434P,PANEL,2,20260930T154334Z,1560-01-026-3876,"PANEL,STRUCTURAL,AIRCR",D,336413,5.0,81205 | 50-7990-29S | THE BOEING COMPANY,,2026-09-17,2026-09-24,PANEL,DIBBS|SPE4A526T434P|1560-01-026-3876,C01,Integrated Control / Indicator / HMI Panels,PANEL,PANEL,True,core,"broad keyword, but it is the item noun",Excluded: structural/airframe panel
SPE7L126T12H8,2510-01-673-4265,SPE7L126T12H8,09-16-2026,09-28-2026,2026-09-15 09:58:10,Origin,Destination,None,7018220553,https://dibbs2.bsm.dla.mil/Downloads/RFQ/8/SPE7L126T12H8.PDF,https://www.dibbs.bsm.dla.mil/RFQ/RFQRec.aspx?sn=SPE7L126T12H8,https://www.dibbs.bsm.dla.mil/rfq/rfqrec.aspx?sn=SPE7L126T12H8,PANEL,2,20260930T154334Z,2510-01-673-4265,"PANEL,BODY,VEHICULAR",D,332999,2.0,"56529 | 153097-176-1 | HYDRAULICS INTERNATIONAL, INC.",,2026-09-16,2026-09-28,PANEL,DIBBS|SPE7L126T12H8|2510-01-673-4265,C01,Integrated Control / Indicator / HMI Panels,PANEL,PANEL,True,core,"broad keyword, but it is the item noun",Excluded: structural/airframe panel
SPE4A726T743T,1560-01-538-6241,SPE4A726T743T,09-16-2026,09-23-2026,2026-09-15 08:57:06,Origin,Destination,None,7018248149,https://dibbs2.bsm.dla.mil/Downloads/RFQ/T/SPE4A726T743T.PDF,https://www.dibbs.bsm.dla.mil/RFQ/RFQRec.aspx?sn=SPE4A726T743T,https://www.dibbs.bsm.dla.mil/rfq/rfqrec.aspx?sn=SPE4A726T743T,PANEL,2,20260930T154334Z,1560-01-538-6241,"PANEL,STRUCTURAL,AIRCR",C,336413,3.0,97499 | 901-032-807-105 | BELL TEXTRON INC,,2026-09-16,2026-09-23,PANEL,DIBBS|SPE4A726T743T|1560-01-538-6241,C01,Integrated Control / Indicator / HMI Panels,PANEL,PANEL,True,core,"broad keyword, but it is the item noun",Excluded: structural/airframe panel
SPE8ED26Q0684,5410-01-486-4328,SPE8ED26Q0684,09-14-2026,09-21-2026,2026-09-14 09:34:43,Origin,Destination,Tech,7017422402,https://dibbs2.bsm.dla.mil/Downloads/RFQ/4/SPE8ED26Q0684.PDF,https://www.dibbs.bsm.dla.mil/RFQ/RFQRec.aspx?sn=SPE8ED26Q0684,https://www.dibbs.bsm.dla.mil/rfq/rfqrec.aspx?sn=SPE8ED26Q0684,PANEL,3,20260930T154351Z,5410-01-486-4328,"PANEL,BUILDING,PREFABR",G,332311,17.0,,,2026-09-14,2026-09-21,FUEL; PANEL,DIBBS|SPE8ED26Q0684|5410-01-486-4328,C01,Integrated Control / Indicator / HMI Panels,PANEL,PANEL,True,core,"broad keyword, but it is the item noun",Excluded: structural/shelter/body panel (FSC 5410 = Prefabricated and portable buildings)
SPE7L326T250A,2510-01-083-5418,SPE7L326T250A,09-14-2026,09-24-2026,2026-09-13 03:47:14,Origin,Origin,Tech,7018269149,https://dibbs2.bsm.dla.mil/Downloads/RFQ/A/SPE7L326T250A.PDF,https://www.dibbs.bsm.dla.mil/RFQ/RFQRec.aspx?sn=SPE7L326T250A,https://www.dibbs.bsm.dla.mil/rfq/rfqrec.aspx?sn=SPE7L326T250A,PANEL,3,20260930T154351Z,2510-01-083-5418,"PANEL,VEHICULAR OPERAT",G,332999,14.0,,,2026-09-14,2026-09-24,PANEL,DIBBS|SPE7L326T250A|2510-01-083-5418,C01,Integrated Control / Indicator / HMI Panels,PANEL,PANEL,True,core,"broad keyword, but it is the item noun","Excluded: structural/shelter/body panel (FSC 2510 = Vehicular cab, body and frame structural components)"
SPE4A726Q0937,1560-01-576-3458,SPE4A726Q0937,09-14-2026,09-21-2026,2026-09-13 03:45:54,Origin,Origin,Tech,7017148754,https://dibbs2.bsm.dla.mil/Downloads/RFQ/7/SPE4A726Q0937.PDF,https://www.dibbs.bsm.dla.mil/RFQ/RFQRec.aspx?sn=SPE4A726Q0937,https://www.dibbs.bsm.dla.mil/rfq/rfqrec.aspx?sn=SPE4A726Q0937,PANEL,3,20260930T154351Z,1560-01-576-3458,"WINDSHIELD PANEL,AIRCR",B,336413,3.0,"53117 | 520-14072-3 | PPG INDUSTRIES, INC.",,2026-09-14,2026-09-21,FUEL; LEGEND; PANEL; PLATE,DIBBS|SPE4A726Q0937|1560-01-576-3458,C01,Integrated Control / Indicator / HMI Panels,PANEL,PANEL,True,core,"broad keyword, but it is the item noun",Excluded: structural/shelter/body panel (FSC 1560 = Airframe structural components)
SPE4A726T731F,1560-01-691-1918,SPE4A726T731F,09-11-2026,09-18-2026,2026-09-10 08:10:05,Origin,Origin,Tech,7017572790,https://dibbs2.bsm.dla.mil/Downloads/RFQ/F/SPE4A726T731F.PDF,https://www.dibbs.bsm.dla.mil/RFQ/RFQRec.aspx?sn=SPE4A726T731F,https://www.dibbs.bsm.dla.mil/rfq/rfqrec.aspx?sn=SPE4A726T731F,PANEL,3,20260930T154351Z,1560-01-691-1918,"PANEL,RADOME",C,336413,12.0,0C7H8 | 520-13732-2 | D-J ENGINEERING INC,,2026-09-11,2026-09-18,PANEL,DIBBS|SPE4A726T731F|1560-01-691-1918,C01,Integrated Control / Indicator / HMI Panels,PANEL,PANEL,True,core,"broad keyword, but it is the item noun",Excluded: structural/shelter/body panel (FSC 1560 = Airframe structural components)
SPE4A726T729Y,1560-01-230-4293,SPE4A726T729Y,09-10-2026,09-17-2026,2026-09-09 06:44:58,Origin,Origin,Tech,7017912377,https://dibbs2.bsm.dla.mil/Downloads/RFQ/Y/SPE4A726T729Y.PDF,https://www.dibbs.bsm.dla.mil/RFQ/RFQRec.aspx?sn=SPE4A726T729Y,https://www.dibbs.bsm.dla.mil/rfq/rfqrec.aspx?sn=SPE4A726T729Y,PANEL,3,20260930T154351Z,1560-01-230-4293,"PANEL,STRUCTURAL,AIRCR",C,336413,1.0,059S2 | 4F41272-135A | AAR COMPONENT SERVICES - HOT SPRING,,2026-09-10,2026-09-17,PANEL,DIBBS|SPE4A726T729Y|1560-01-230-4293,C01,Integrated Control / Indicator / HMI Panels,PANEL,PANEL,True,core,"broad keyword, but it is the item noun",Excluded: structural/airframe panel
SPE4A726T723S,1560-01-179-5638,SPE4A726T723S,09-10-2026,09-17-2026,2026-09-09 04:27:55,Origin,Origin,Tech,7018248327,https://dibbs2.bsm.dla.mil/Downloads/RFQ/S/SPE4A726T723S.PDF,https://www.dibbs.bsm.dla.mil/RFQ/RFQRec.aspx?sn=SPE4A726T723S,https://www.dibbs.bsm.dla.mil/rfq/rfqrec.aspx?sn=SPE4A726T723S,PANEL,3,20260930T154351Z,1560-01-179-5638,"PANEL,STRUCTURAL,AIRCR",G,336413,1.0,,,2026-09-10,2026-09-17,PANEL,DIBBS|SPE4A726T723S|1560-01-179-5638,C01,Integrated Control / Indicator / HMI Panels,PANEL,PANEL,True,core,"broad keyword, but it is the item noun",Excluded: structural/airframe panel
SPE4A526T398R,1560-01-688-2236,SPE4A526T398R,09-01-2026,09-11-2026,2026-09-09 12:42:07,Origin,Destination,None,7017910978,https://dibbs2.bsm.dla.mil/Downloads/RFQ/R/SPE4A526T398R.PDF,https://www.dibbs.bsm.dla.mil/RFQ/RFQRec.aspx?sn=SPE4A526T398R,https://www.dibbs.bsm.dla.mil/rfq/rfqrec.aspx?sn=SPE4A526T398R,PANEL,3,20260930T154351Z,1560-01-688-2236,"PANEL,STRUCTURAL,AI",C,336413,1.0,81205 | 113T1617Y103 | THE BOEING COMPANY,,2026-09-01,2026-09-11,PANEL,DIBBS|SPE4A526T398R|1560-01-688-2236,C01,Integrated Control / Indicator / HMI Panels,PANEL,PANEL,True,core,"broad keyword, but it is the item noun",Excluded: structural/airframe panel
SPE7L126T02X4,2510-01-713-9985,SPE7L126T02X4,08-27-2026,09-11-2026,2026-09-09 12:17:46,Origin,Origin,Tech,7018038204,https://dibbs2.bsm.dla.mil/Downloads/RFQ/4/SPE7L126T02X4.PDF,https://www.dibbs.bsm.dla.mil/RFQ/RFQRec.aspx?sn=SPE7L126T02X4,https://www.dibbs.bsm.dla.mil/rfq/rfqrec.aspx?sn=SPE7L126T02X4,PANEL,3,20260930T154351Z,2510-01-713-9985,"PANEL,BODY,VEHICULA",G,332999,1.0,,,2026-08-27,2026-09-11,PANEL,DIBBS|SPE7L126T02X4|2510-01-713-9985,C01,Integrated Control / Indicator / HMI Panels,PANEL,PANEL,True,core,"broad keyword, but it is the item noun",Excluded: structural/airframe panel
SPE7L126T07V3,2510-01-689-6089,SPE7L126T07V3,09-09-2026,09-21-2026,2026-09-08 09:41:54,Origin,Destination,None,7017722209,https://dibbs2.bsm.dla.mil/Downloads/RFQ/3/SPE7L126T07V3.PDF,https://www.dibbs.bsm.dla.mil/RFQ/RFQRec.aspx?sn=SPE7L126T07V3,https://www.dibbs.bsm.dla.mil/rfq/rfqrec.aspx?sn=SPE7L126T07V3,PANEL,3,20260930T154351Z,2510-01-689-6089,"PANEL,BODY,VEHICULA",D,332999,43.0,0F875 | SPAL4003248 | GENERAL DYNAMICS ORDNANCE AND TACTI,,2026-09-09,2026-09-21,PANEL,DIBBS|SPE7L126T07V3|2510-01-689-6089,C01,Integrated Control / Indicator / HMI Panels,PANEL,PANEL,True,core,"broad keyword, but it is the item noun",Excluded: structural/airframe panel
SPE4A726T718Z,1560-00-113-7857,SPE4A726T718Z,09-08-2026,09-15-2026,2026-09-07 04:26:58,Origin,Origin,None,7017915876,https://dibbs2.bsm.dla.mil/Downloads/RFQ/Z/SPE4A726T718Z.PDF,https://www.dibbs.bsm.dla.mil/RFQ/RFQRec.aspx?sn=SPE4A726T718Z,https://www.dibbs.bsm.dla.mil/rfq/rfqrec.aspx?sn=SPE4A726T718Z,PANEL,3,20260930T154351Z,1560-00-113-7857,"WINDSHIELD PANEL,AI",P,336413,24.0,12035 | 114SS605-1 | SIERRACIN CORPORATION,,2026-09-08,2026-09-15,PANEL,DIBBS|SPE4A726T718Z|1560-00-113-7857,C01,Integrated Control / Indicator / HMI Panels,PANEL,PANEL,True,core,"broad keyword, but it is the item noun",Excluded: structural/shelter/body panel (FSC 1560 = Airframe structural components)
SPE7L326T226W,2510-01-676-8348,SPE7L326T226W,09-08-2026,09-18-2026,2026-09-07 04:26:57,Origin,Origin,Tech,7017985963,https://dibbs2.bsm.dla.mil/Downloads/RFQ/W/SPE7L326T226W.PDF,https://www.dibbs.bsm.dla.mil/RFQ/RFQRec.aspx?sn=SPE7L326T226W,https://www.dibbs.bsm.dla.mil/rfq/rfqrec.aspx?sn=SPE7L326T226W,PANEL,3,20260930T154351Z,2510-01-676-8348,"PANEL,DASHBOARD",B,332999,13.0,,,2026-09-08,2026-09-18,PANEL,DIBBS|SPE7L326T226W|2510-01-676-8348,C01,Integrated Control / Indicator / HMI Panels,PANEL,PANEL,True,core,"broad keyword, but it is the item noun","Excluded: structural/shelter/body panel (FSC 2510 = Vehicular cab, body and frame structural components)"
SPE4A726T697L,1560-01-016-8051,SPE4A726T697L,08-27-2026,09-09-2026,2026-09-03 05:48:56,Origin,Origin,Tech,7018068632,https://dibbs2.bsm.dla.mil/Downloads/RFQ/L/SPE4A726T697L.PDF,https://www.dibbs.bsm.dla.mil/RFQ/RFQRec.aspx?sn=SPE4A726T697L,https://www.dibbs.bsm.dla.mil/rfq/rfqrec.aspx?sn=SPE4A726T697L,PANEL,3,20260930T154351Z,1560-01-016-8051,"PANEL,STRUCTURAL,AIRCR",C,336413,2.0,0C7H8 | 5-96302-3004 | D-J ENGINEERING INC,,2026-08-27,2026-09-09,PANEL,DIBBS|SPE4A726T697L|1560-01-016-8051,C01,Integrated Control / Indicator / HMI Panels,PANEL,PANEL,True,core,"broad keyword, but it is the item noun",Excluded: structural/airframe panel
SPE4A626T26LS,1560-00-908-1788,SPE4A626T26LS,09-04-2026,09-11-2026,2026-09-03 10:32:38,Origin,Origin,Tech,7016708103,https://dibbs2.bsm.dla.mil/Downloads/RFQ/S/SPE4A626T26LS.PDF,https://www.dibbs.bsm.dla.mil/RFQ/RFQRec.aspx?sn=SPE4A626T26LS,https://www.dibbs.bsm.dla.mil/rfq/rfqrec.aspx?sn=SPE4A626T26LS,PANEL,3,20260930T154351Z,1560-00-908-1788,"WINDSHIELD PANEL,AI",P,336413,10.0,76823 | 3-13100-17 | NORTHROP GRUMMAN SYSTEMS CORPORATIO,,2026-09-04,2026-09-11,PANEL,DIBBS|SPE4A626T26LS|1560-00-908-1788,C01,Integrated Control / Indicator / HMI Panels,PANEL,PANEL,True,core,"broad keyword, but it is the item noun",Excluded: structural/shelter/body panel (FSC 1560 = Airframe structural components)
SPE4A726T690T,1560-00-878-4450,SPE4A726T690T,08-26-2026,09-08-2026,2026-09-02 06:43:21,Origin,Origin,Tech,7017741702,https://dibbs2.bsm.dla.mil/Downloads/RFQ/T/SPE4A726T690T.PDF,https://www.dibbs.bsm.dla.mil/RFQ/RFQRec.aspx?sn=SPE4A726T690T,https://www.dibbs.bsm.dla.mil/rfq/rfqrec.aspx?sn=SPE4A726T690T,PANEL,3,20260930T154351Z,1560-00-878-4450,"PANEL,STRUCTURAL,AI",C,336413,2.0,059S2 | 4W13507-108A | AAR COMPONENT SERVICES - HOT SPRING,,2026-08-26,2026-09-08,PANEL,DIBBS|SPE4A726T690T|1560-00-878-4450,C01,Integrated Control / Indicator / HMI Panels,PANEL,PANEL,True,core,"broad keyword, but it is the item noun",Excluded: structural/airframe panel
SPE4A726T714N,1560-01-738-1025,SPE4A726T714N,09-03-2026,09-10-2026,2026-09-02 06:13:57,Origin,Destination,None,7016752370,https://dibbs2.bsm.dla.mil/Downloads/RFQ/N/SPE4A726T714N.PDF,https://www.dibbs.bsm.dla.mil/RFQ/RFQRec.aspx?sn=SPE4A726T714N,https://www.dibbs.bsm.dla.mil/rfq/rfqrec.aspx?sn=SPE4A726T714N,PANEL,3,20260930T154351Z,1560-01-738-1025,"PANEL,STRUCTURAL,AI",D,336413,15.0,78286 | 21E1829-1 | SIKORSKY AIRCRAFT CORPORATION,,2026-09-03,2026-09-10,PANEL,DIBBS|SPE4A726T714N|1560-01-738-1025,C01,Integrated Control / Indicator / HMI Panels,PANEL,PANEL,True,core,"broad keyword, but it is the item noun",Excluded: structural/airframe panel
SPE4A726T712Y,1560-00-400-0559,SPE4A726T712Y,09-03-2026,09-10-2026,2026-09-02 11:33:58,Origin,Origin,Tech,7018069357,https://dibbs2.bsm.dla.mil/Downloads/RFQ/Y/SPE4A726T712Y.PDF,https://www.dibbs.bsm.dla.mil/RFQ/RFQRec.aspx?sn=SPE4A726T712Y,https://www.dibbs.bsm.dla.mil/rfq/rfqrec.aspx?sn=SPE4A726T712Y,PANEL,3,20260930T154351Z,1560-00-400-0559,"WINDSHIELD PANEL,AIRCR",C,336413,7.0,12849 | 5003899 | TEXSTARS LLC,,2026-09-03,2026-09-10,PANEL,DIBBS|SPE4A726T712Y|1560-00-400-0559,C01,Integrated Control / Indicator / HMI Panels,PANEL,PANEL,True,core,"broad keyword, but it is the item noun",Excluded: structural/shelter/body panel (FSC 1560 = Airframe structural components)
SPE4A526T400P,1560-01-655-7882,SPE4A526T400P,09-02-2026,09-09-2026,2026-09-01 10:48:18,Origin,Destination,Tech,7017942805,https://dibbs2.bsm.dla.mil/Downloads/RFQ/P/SPE4A526T400P.PDF,https://www.dibbs.bsm.dla.mil/RFQ/RFQRec.aspx?sn=SPE4A526T400P,https://www.dibbs.bsm.dla.mil/rfq/rfqrec.aspx?sn=SPE4A526T400P,PANEL,3,20260930T154351Z,1560-01-655-7882,"PANEL,STRUCTURAL,AI",C,336413,1.0,81205 | 143T4897-117 | THE BOEING COMPANY,,2026-09-02,2026-09-09,PANEL,DIBBS|SPE4A526T400P|1560-01-655-7882,C01,Integrated Control / Indicator / HMI Panels,PANEL,PANEL,True,core,"broad keyword, but it is the item noun",Excluded: structural/airframe panel
SPE7L326T189L,2510-01-577-4005,SPE7L326T189L,08-21-2026,09-03-2026,2026-08-31 11:28:07,Origin,Destination,None,7017982369,https://dibbs2.bsm.dla.mil/Downloads/RFQ/L/SPE7L326T189L.PDF,https://www.dibbs.bsm.dla.mil/RFQ/RFQRec.aspx?sn=SPE7L326T189L,https://www.dibbs.bsm.dla.mil/rfq/rfqrec.aspx?sn=SPE7L326T189L,PANEL,3,20260930T154351Z,2510-01-577-4005,"PANEL,VEHICULAR OPE",C,336390,11.0,"0EUT9 | 10032151 | MCL INDUSTRIES, INC.",,2026-08-21,2026-09-03,PANEL,DIBBS|SPE7L326T189L|2510-01-577-4005,C01,Integrated Control / Indicator / HMI Panels,PANEL,PANEL,True,core,"broad keyword, but it is the item noun","Excluded: structural/shelter/body panel (FSC 2510 = Vehicular cab, body and frame structural components)"
SPE4A726T707X,1560-01-485-3954,SPE4A726T707X,09-01-2026,09-08-2026,2026-08-31 03:53:15,Origin,Origin,Tech,7017915639,https://dibbs2.bsm.dla.mil/Downloads/RFQ/X/SPE4A726T707X.PDF,https://www.dibbs.bsm.dla.mil/RFQ/RFQRec.aspx?sn=SPE4A726T707X,https://www.dibbs.bsm.dla.mil/rfq/rfqrec.aspx?sn=SPE4A726T707X,PANEL,3,20260930T154351Z,1560-01-485-3954,"WINDSHIELD PANEL,AIRCR",B,488190,3.0,3CAC5 | 21C1869-5 | LEE AEROSPACE INC,,2026-09-01,2026-09-08,PANEL,DIBBS|SPE4A726T707X|1560-01-485-3954,C01,Integrated Control / Indicator / HMI Panels,PANEL,PANEL,True,core,"broad keyword, but it is the item noun",Excluded: structural/shelter/body panel (FSC 1560 = Airframe structural components)
SPE4A726T706A,1560-01-187-8254,SPE4A726T706A,09-01-2026,09-08-2026,2026-08-31 11:51:12,Origin,Origin,Tech,7018059842,https://dibbs2.bsm.dla.mil/Downloads/RFQ/A/SPE4A726T706A.PDF,https://www.dibbs.bsm.dla.mil/RFQ/RFQRec.aspx?sn=SPE4A726T706A,https://www.dibbs.bsm.dla.mil/rfq/rfqrec.aspx?sn=SPE4A726T706A,PANEL,3,20260930T154351Z,1560-01-187-8254,"WINDOW PANEL,AIRCRAFT",C,336413,1.0,12035 | 164500-03 | SIERRACIN CORPORATION,,2026-09-01,2026-09-08,PANEL; WINDOW,DIBBS|SPE4A726T706A|1560-01-187-8254,C04,Lenses / Windows / Covers / Housings,WINDOW,PANEL; WINDOW,True,core,"broad keyword, but it is the item noun",Excluded: structural/shelter/body panel (FSC 1560 = Airframe structural components)
SPE8E526T3989,5411-01-226-4671,SPE8E526T3989,08-18-2026,09-02-2026,2026-08-29 11:09:19,Origin,Destination,Tech,7017423338,https://dibbs2.bsm.dla.mil/Downloads/RFQ/9/SPE8E526T3989.PDF,https://www.dibbs.bsm.dla.mil/RFQ/RFQRec.aspx?sn=SPE8E526T3989,https://www.dibbs.bsm.dla.mil/rfq/rfqrec.aspx?sn=SPE8E526T3989,PANEL,3,20260930T154351Z,5411-01-226-4671,CLOSEOUT PANEL ASSE,G,331315,10.0,,,2026-08-18,2026-09-02,PANEL,DIBBS|SPE8E526T3989|5411-01-226-4671,C01,Integrated Control / Indicator / HMI Panels,PANEL,PANEL,True,core,"broad keyword, but it is the item noun",Excluded: structural/shelter/body panel (FSC 5411 = Rigid wall shelters)
SPE4A526T371T,1560-00-418-3185,SPE4A526T371T,08-19-2026,08-31-2026,2026-08-27 11:10:35,Origin,Destination,None,7017939811,https://dibbs2.bsm.dla.mil/Downloads/RFQ/T/SPE4A526T371T.PDF,https://www.dibbs.bsm.dla.mil/RFQ/RFQRec.aspx?sn=SPE4A526T371T,https://www.dibbs.bsm.dla.mil/rfq/rfqrec.aspx?sn=SPE4A526T371T,PANEL,3,20260930T154351Z,1560-00-418-3185,"PANEL,DOOR,BULKHEAD",M,336413,6.0,97499 | 212-030-276-001 | BELL TEXTRON INC,,2026-08-19,2026-08-31,PANEL,DIBBS|SPE4A526T371T|1560-00-418-3185,C01,Integrated Control / Indicator / HMI Panels,PANEL,PANEL,True,core,"broad keyword, but it is the item noun",Excluded: structural/shelter/body panel (FSC 1560 = Airframe structural components)
SPE4A726T674K,1560-01-496-7186,SPE4A726T674K,08-19-2026,08-31-2026,2026-08-27 11:10:34,Origin,Origin,None,7017939565,https://dibbs2.bsm.dla.mil/Downloads/RFQ/K/SPE4A726T674K.PDF,https://www.dibbs.bsm.dla.mil/RFQ/RFQRec.aspx?sn=SPE4A726T674K,https://www.dibbs.bsm.dla.mil/rfq/rfqrec.aspx?sn=SPE4A726T674K,PANEL,3,20260930T154351Z,1560-01-496-7186,"WINDOW PANEL,AIRCRA",M,336413,22.0,"53117 | 338129-7 | PPG INDUSTRIES, INC.",,2026-08-19,2026-08-31,PANEL; WINDOW,DIBBS|SPE4A726T674K|1560-01-496-7186,C04,Lenses / Windows / Covers / Housings,WINDOW,PANEL; WINDOW,True,core,"broad keyword, but it is the item noun",Excluded: structural/shelter/body panel (FSC 1560 = Airframe structural components)
SPE4A626T20CB,1560-01-731-1573,SPE4A626T20CB,08-19-2026,08-31-2026,2026-08-27 11:10:33,Origin,Origin,None,7014177107,https://dibbs2.bsm.dla.mil/Downloads/RFQ/B/SPE4A626T20CB.PDF,https://www.dibbs.bsm.dla.mil/RFQ/RFQRec.aspx?sn=SPE4A626T20CB,https://www.dibbs.bsm.dla.mil/rfq/rfqrec.aspx?sn=SPE4A626T20CB,PANEL,3,20260930T154351Z,1560-01-731-1573,"PANEL,STRUCTURAL,AI",G,336413,3.0,,,2026-08-19,2026-08-31,PANEL,DIBBS|SPE4A626T20CB|1560-01-731-1573,C01,Integrated Control / Indicator / HMI Panels,PANEL,PANEL,True,core,"broad keyword, but it is the item noun",Excluded: structural/airframe panel
SPE4A526T393L,1560-01-718-9145,SPE4A526T393L,08-27-2026,09-03-2026,2026-08-26 10:10:55,Origin,Destination,None,7018068386,https://dibbs2.bsm.dla.mil/Downloads/RFQ/L/SPE4A526T393L.PDF,https://www.dibbs.bsm.dla.mil/RFQ/RFQRec.aspx?sn=SPE4A526T393L,https://www.dibbs.bsm.dla.mil/rfq/rfqrec.aspx?sn=SPE4A526T393L,PANEL,3,20260930T154351Z,1560-01-718-9145,"PANEL,STRUCTURAL,AI",C,336413,1.0,97499 | 901-060-850-113 | BELL TEXTRON INC,,2026-08-27,2026-09-03,PANEL,DIBBS|SPE4A526T393L|1560-01-718-9145,C01,Integrated Control / Indicator / HMI Panels,PANEL,PANEL,True,core,"broad keyword, but it is the item noun",Excluded: structural/airframe panel
SPE4A726T656Y,1560-00-778-5388,SPE4A726T656Y,08-17-2026,08-28-2026,2026-08-26 01:11:14,Origin,Origin,Tech,0077064241,https://dibbs2.bsm.dla.mil/Downloads/RFQ/Y/SPE4A726T656Y.PDF,https://www.dibbs.bsm.dla.mil/RFQ/RFQRec.aspx?sn=SPE4A726T656Y,https://www.dibbs.bsm.dla.mil/rfq/rfqrec.aspx?sn=SPE4A726T656Y,PANEL,3,20260930T154351Z,1560-00-778-5388,"PANEL ASSEMBLY,SKIN",G,336413,37.0,,,2026-08-17,2026-08-28,PANEL,DIBBS|SPE4A726T656Y|1560-00-778-5388,C01,Integrated Control / Indicator / HMI Panels,PANEL ASSEMBLY,PANEL; PANEL ASSEMBLY,False,core,,Excluded: structural/airframe panel
SPE4A726T658E,1560-01-496-7184,SPE4A726T658E,08-17-2026,08-28-2026,2026-08-26 01:10:55,Origin,Origin,None,7017912038,https://dibbs2.bsm.dla.mil/Downloads/RFQ/E/SPE4A726T658E.PDF,https://www.dibbs.bsm.dla.mil/RFQ/RFQRec.aspx?sn=SPE4A726T658E,https://www.dibbs.bsm.dla.mil/rfq/rfqrec.aspx?sn=SPE4A726T658E,PANEL,3,20260930T154351Z,1560-01-496-7184,"WINDOW PANEL,AIRCRA",M,336413,17.0,"53117 | 338127-11 | PPG INDUSTRIES, INC.",,2026-08-17,2026-08-28,PANEL; WINDOW,DIBBS|SPE4A726T658E|1560-01-496-7184,C04,Lenses / Windows / Covers / Housings,WINDOW,PANEL; WINDOW,True,core,"broad keyword, but it is the item noun",Excluded: structural/shelter/body panel (FSC 1560 = Airframe structural components)
SPE7L326T206Z,2510-01-361-8213,SPE7L326T206Z,08-27-2026,09-08-2026,2026-08-26 12:39:16,Origin,Origin,Tech,7017436931,https://dibbs2.bsm.dla.mil/Downloads/RFQ/Z/SPE7L326T206Z.PDF,https://www.dibbs.bsm.dla.mil/RFQ/RFQRec.aspx?sn=SPE7L326T206Z,https://www.dibbs.bsm.dla.mil/rfq/rfqrec.aspx?sn=SPE7L326T206Z,PANEL,3,20260930T154351Z,2510-01-361-8213,"PANEL,BODY,VEHICULAR",G,336211,22.0,,,2026-08-27,2026-09-08,PANEL,DIBBS|SPE7L326T206Z|2510-01-361-8213,C01,Integrated Control / Indicator / HMI Panels,PANEL,PANEL,True,core,"broad keyword, but it is the item noun",Excluded: structural/airframe panel
SPE4A726T694V,1560-00-592-4511,SPE4A726T694V,08-27-2026,09-03-2026,2026-08-26 12:39:16,Origin,Origin,Tech,7016847957,https://dibbs2.bsm.dla.mil/Downloads/RFQ/V/SPE4A726T694V.PDF,https://www.dibbs.bsm.dla.mil/RFQ/RFQRec.aspx?sn=SPE4A726T694V,https://www.dibbs.bsm.dla.mil/rfq/rfqrec.aspx?sn=SPE4A726T694V,PANEL,3,20260930T154351Z,1560-00-592-4511,"PANEL,TRAILING EDGE",C,336413,2.0,0CMM5 | 5-89348-58 | CRAFT MANUFACTURING AND TOOLING INC,,2026-08-27,2026-09-03,PANEL,DIBBS|SPE4A726T694V|1560-00-592-4511,C01,Integrated Control / Indicator / HMI Panels,PANEL,PANEL,True,core,"broad keyword, but it is the item noun",Excluded: structural/shelter/body panel (FSC 1560 = Airframe structural components)
SPE4A726T689N,1560-01-118-9892,SPE4A726T689N,08-25-2026,09-01-2026,2026-08-24 07:40:00,Origin,Origin,Tech,7017939531,https://dibbs2.bsm.dla.mil/Downloads/RFQ/N/SPE4A726T689N.PDF,https://www.dibbs.bsm.dla.mil/RFQ/RFQRec.aspx?sn=SPE4A726T689N,https://www.dibbs.bsm.dla.mil/rfq/rfqrec.aspx?sn=SPE4A726T689N,PANEL,4,20260930T154409Z,1560-01-118-9892,"PANEL,STRUCTURAL,AIRCR",M,336413,68.0,1XKR3 | 16F0171-81 | AEROSPACE & COMMERCIAL TECHNOLOGIES,,2026-08-25,2026-09-01,PANEL,DIBBS|SPE4A726T689N|1560-01-118-9892,C01,Integrated Control / Indicator / HMI Panels,PANEL,PANEL,True,core,"broad keyword, but it is the item noun",Excluded: structural/airframe panel
SPE4A526T386B,1560-01-707-3891,SPE4A526T386B,08-25-2026,09-01-2026,2026-08-24 07:40:00,Origin,Destination,None,7017939198,https://dibbs2.bsm.dla.mil/Downloads/RFQ/B/SPE4A526T386B.PDF,https://www.dibbs.bsm.dla.mil/RFQ/RFQRec.aspx?sn=SPE4A526T386B,https://www.dibbs.bsm.dla.mil/rfq/rfqrec.aspx?sn=SPE4A526T386B,PANEL,4,20260930T154409Z,1560-01-707-3891,"PANEL,STRUCTURAL,AI",R,336413,3.0,82918 | 520-19410-2 | THE BOEING COMPANY,,2026-08-25,2026-09-01,PANEL,DIBBS|SPE4A526T386B|1560-01-707-3891,C01,Integrated Control / Indicator / HMI Panels,PANEL,PANEL,True,core,"broad keyword, but it is the item noun",Excluded: structural/airframe panel
SPE4A726T688J,1560-01-196-8897,SPE4A726T688J,08-25-2026,09-01-2026,2026-08-24 01:45:00,Origin,Origin,Tech,7017108891,https://dibbs2.bsm.dla.mil/Downloads/RFQ/J/SPE4A726T688J.PDF,https://www.dibbs.bsm.dla.mil/RFQ/RFQRec.aspx?sn=SPE4A726T688J,https://www.dibbs.bsm.dla.mil/rfq/rfqrec.aspx?sn=SPE4A726T688J,PANEL,4,20260930T154409Z,1560-01-196-8897,"PANEL,STRUCTURAL,AI",G,336413,2.0,,,2026-08-25,2026-09-01,PANEL,DIBBS|SPE4A726T688J|1560-01-196-8897,C01,Integrated Control / Indicator / HMI Panels,PANEL,PANEL,True,core,"broad keyword, but it is the item noun",Excluded: structural/airframe panel
SPE4A626T21VV,1560-01-528-9580,SPE4A626T21VV,08-25-2026,09-01-2026,2026-08-24 11:14:27,Origin,Origin,Tech,7017939417,https://dibbs2.bsm.dla.mil/Downloads/RFQ/V/SPE4A626T21VV.PDF,https://www.dibbs.bsm.dla.mil/RFQ/RFQRec.aspx?sn=SPE4A626T21VV,https://www.dibbs.bsm.dla.mil/rfq/rfqrec.aspx?sn=SPE4A626T21VV,PANEL,4,20260930T154409Z,1560-01-528-9580,"PANEL,STRUCTURAL,AIRCR",C,336413,1.0,98897 | 4W12011-304A | LOCKHEED MARTIN CORP,,2026-08-25,2026-09-01,PANEL,DIBBS|SPE4A626T21VV|1560-01-528-9580,C01,Integrated Control / Indicator / HMI Panels,PANEL,PANEL,True,core,"broad keyword, but it is the item noun",Excluded: structural/airframe panel
SPE7L426T6462,2510-01-701-4686,SPE7L426T6462,08-21-2026,08-31-2026,2026-08-22 11:29:04,Origin,Origin,Tech,7017986191,https://dibbs2.bsm.dla.mil/Downloads/RFQ/2/SPE7L426T6462.PDF,https://www.dibbs.bsm.dla.mil/RFQ/RFQRec.aspx?sn=SPE7L426T6462,https://www.dibbs.bsm.dla.mil/rfq/rfqrec.aspx?sn=SPE7L426T6462,PANEL,4,20260930T154409Z,2510-01-701-4686,"PANEL,BODY,VEHICULA",G,332999,3.0,,,2026-08-21,2026-08-31,PANEL,DIBBS|SPE7L426T6462|2510-01-701-4686,C01,Integrated Control / Indicator / HMI Panels,PANEL,PANEL,True,core,"broad keyword, but it is the item noun",Excluded: structural/airframe panel
SPE7L326Q1302,2510-01-459-1662,SPE7L326Q1302,08-21-2026,08-28-2026,2026-08-22 11:26:14,Origin,Origin,Tech,7013880702,https://dibbs2.bsm.dla.mil/Downloads/RFQ/2/SPE7L326Q1302.PDF,https://www.dibbs.bsm.dla.mil/RFQ/RFQRec.aspx?sn=SPE7L326Q1302,https://www.dibbs.bsm.dla.mil/rfq/rfqrec.aspx?sn=SPE7L326Q1302,PANEL,4,20260930T154409Z,2510-01-459-1662,"PANEL,VEHICULAR OPE",G,336360,7.0,,,2026-08-21,2026-08-28,BOX; PANEL,DIBBS|SPE7L326Q1302|2510-01-459-1662,C01,Integrated Control / Indicator / HMI Panels,PANEL,PANEL,True,core,"broad keyword, but it is the item noun","Excluded: structural/shelter/body panel (FSC 2510 = Vehicular cab, body and frame structural components)"
SPE4A626T20WZ,1560-01-163-5182,SPE4A626T20WZ,08-20-2026,08-27-2026,2026-08-21 02:41:27,Origin,Destination,None,7017917716,https://dibbs2.bsm.dla.mil/Downloads/RFQ/Z/SPE4A626T20WZ.PDF,https://www.dibbs.bsm.dla.mil/RFQ/RFQRec.aspx?sn=SPE4A626T20WZ,https://www.dibbs.bsm.dla.mil/rfq/rfqrec.aspx?sn=SPE4A626T20WZ,PANEL,4,20260930T154409Z,1560-01-163-5182,"WINDSHIELD PANEL,AIRCR",P,336413,1.0,12035 | 7-311112015-11 | SIERRACIN CORPORATION,,2026-08-20,2026-08-27,PANEL,DIBBS|SPE4A626T20WZ|1560-01-163-5182,C01,Integrated Control / Indicator / HMI Panels,PANEL,PANEL,True,core,"broad keyword, but it is the item noun",Excluded: structural/shelter/body panel (FSC 1560 = Airframe structural components)
SPE4A726T679E,1560-01-283-4033,SPE4A726T679E,08-20-2026,08-27-2026,2026-08-21 02:41:27,Origin,Origin,Tech,7017271946,https://dibbs2.bsm.dla.mil/Downloads/RFQ/E/SPE4A726T679E.PDF,https://www.dibbs.bsm.dla.mil/RFQ/RFQRec.aspx?sn=SPE4A726T679E,https://www.dibbs.bsm.dla.mil/rfq/rfqrec.aspx?sn=SPE4A726T679E,PANEL,4,20260930T154409Z,1560-01-283-4033,"PANEL,STRUCTURAL,AI",G,336413,4.0,,,2026-08-20,2026-08-27,PANEL,DIBBS|SPE4A726T679E|1560-01-283-4033,C01,Integrated Control / Indicator / HMI Panels,PANEL,PANEL,True,core,"broad keyword, but it is the item noun",Excluded: structural/airframe panel
SPE7M426T206J,2040-01-543-9486,SPE7M426T206J,06-22-2026,07-02-2026,2026-08-21 02:41:27,Origin,Destination,None,7017207793,https://dibbs2.bsm.dla.mil/Downloads/RFQ/J/SPE7M426T206J.PDF,https://www.dibbs.bsm.dla.mil/RFQ/RFQRec.aspx?sn=SPE7M426T206J,https://www.dibbs.bsm.dla.mil/rfq/rfqrec.aspx?sn=SPE7M426T206J,PANEL,4,20260930T154409Z,2040-01-543-9486,PANEL FLOOR SECTION,C,336612,1.0,"60042 | 1201 | ZODIAC OF NORTH AMERICA, INC.",,2026-06-22,2026-07-02,PANEL,DIBBS|SPE7M426T206J|2040-01-543-9486,C01,Integrated Control / Indicator / HMI Panels,PANEL,PANEL,True,core,"broad keyword, but it is the item noun",Excluded: structural/airframe panel
SPE4A026T4311,1560-01-655-9303,SPE4A026T4311,08-17-2026,08-24-2026,2026-08-21 02:41:27,Origin,Destination,None,7017784243,https://dibbs2.bsm.dla.mil/Downloads/RFQ/1/SPE4A026T4311.PDF,https://www.dibbs.bsm.dla.mil/RFQ/RFQRec.aspx?sn=SPE4A026T4311,https://www.dibbs.bsm.dla.mil/rfq/rfqrec.aspx?sn=SPE4A026T4311,PANEL,4,20260930T154409Z,1560-01-655-9303,"PANEL,STRUCTURAL,AI",C,336413,1.0,81205 | 143T4897-127 | THE BOEING COMPANY,,2026-08-17,2026-08-24,PANEL,DIBBS|SPE4A026T4311|1560-01-655-9303,C01,Integrated Control / Indicator / HMI Panels,PANEL,PANEL,True,core,"broad keyword, but it is the item noun",Excluded: structural/airframe panel
SPE8E526T3394,5411-01-226-4671,SPE8E526T3394,06-25-2026,07-06-2026,2026-08-21 02:41:27,Origin,Destination,Tech,7017287961,https://dibbs2.bsm.dla.mil/Downloads/RFQ/4/SPE8E526T3394.PDF,https://www.dibbs.bsm.dla.mil/RFQ/RFQRec.aspx?sn=SPE8E526T3394,https://www.dibbs.bsm.dla.mil/rfq/rfqrec.aspx?sn=SPE8E526T3394,PANEL,4,20260930T154409Z,5411-01-226-4671,CLOSEOUT PANEL ASSE,G,331315,6.0,,,2026-06-25,2026-07-06,PANEL,DIBBS|SPE8E526T3394|5411-01-226-4671,C01,Integrated Control / Indicator / HMI Panels,PANEL,PANEL,True,core,"broad keyword, but it is the item noun",Excluded: structural/shelter/body panel (FSC 5411 = Rigid wall shelters)
SPE4A626T06UR,1560-01-528-9580,SPE4A626T06UR,07-16-2026,07-23-2026,2026-08-21 02:41:27,Origin,Origin,Tech,7017486633,https://dibbs2.bsm.dla.mil/Downloads/RFQ/R/SPE4A626T06UR.PDF,https://www.dibbs.bsm.dla.mil/RFQ/RFQRec.aspx?sn=SPE4A626T06UR,https://www.dibbs.bsm.dla.mil/rfq/rfqrec.aspx?sn=SPE4A626T06UR,PANEL,4,20260930T154409Z,1560-01-528-9580,"PANEL,STRUCTURAL,AIRCR",C,336413,1.0,98897 | 4W12011-304A | LOCKHEED MARTIN CORP,,2026-07-16,2026-07-23,PANEL,DIBBS|SPE4A626T06UR|1560-01-528-9580,C01,Integrated Control / Indicator / HMI Panels,PANEL,PANEL,True,core,"broad keyword, but it is the item noun",Excluded: structural/airframe panel
SPE4A726T656Z,1560-01-587-2251,SPE4A726T656Z,08-17-2026,08-24-2026,2026-08-21 02:41:27,Origin,Origin,None,0080683841,https://dibbs2.bsm.dla.mil/Downloads/RFQ/Z/SPE4A726T656Z.PDF,https://www.dibbs.bsm.dla.mil/RFQ/RFQRec.aspx?sn=SPE4A726T656Z,https://www.dibbs.bsm.dla.mil/rfq/rfqrec.aspx?sn=SPE4A726T656Z,PANEL,4,20260930T154409Z,1560-01-587-2251,"PANEL,STRUCTURAL,AI",C,336413,10.0,0U583 | AMS-C7438-2.6-5/32-1476-5056PAA | SAE INTERNATIONAL,,2026-08-17,2026-08-24,PANEL,DIBBS|SPE4A726T656Z|1560-01-587-2251,C01,Integrated Control / Indicator / HMI Panels,PANEL,PANEL,True,core,"broad keyword, but it is the item noun",Excluded: structural/airframe panel
SPE4A726T625G,1560-01-661-3539,SPE4A726T625G,08-06-2026,08-13-2026,2026-08-21 02:41:27,Origin,Origin,Tech,7017527946,https://dibbs2.bsm.dla.mil/Downloads/RFQ/G/SPE4A726T625G.PDF,https://www.dibbs.bsm.dla.mil/RFQ/RFQRec.aspx?sn=SPE4A726T625G,https://www.dibbs.bsm.dla.mil/rfq/rfqrec.aspx?sn=SPE4A726T625G,PANEL,4,20260930T154409Z,1560-01-661-3539,"PANEL,STRUCTURAL,AI",G,336413,3.0,,,2026-08-06,2026-08-13,PANEL,DIBBS|SPE4A726T625G|1560-01-661-3539,C01,Integrated Control / Indicator / HMI Panels,PANEL,PANEL,True,core,"broad keyword, but it is the item noun",Excluded: structural/airframe panel
SPE4A726T598X,1560-01-016-9996,SPE4A726T598X,07-29-2026,08-05-2026,2026-08-21 02:41:27,Origin,Origin,Tech,7017528830,https://dibbs2.bsm.dla.mil/Downloads/RFQ/X/SPE4A726T598X.PDF,https://www.dibbs.bsm.dla.mil/RFQ/RFQRec.aspx?sn=SPE4A726T598X,https://www.dibbs.bsm.dla.mil/rfq/rfqrec.aspx?sn=SPE4A726T598X,PANEL,4,20260930T154409Z,1560-01-016-9996,"PANEL,STRUCTURAL,AI",C,336413,2.0,0C7H8 | 5-96303-3004 | D-J ENGINEERING INC,,2026-07-29,2026-08-05,PANEL,DIBBS|SPE4A726T598X|1560-01-016-9996,C01,Integrated Control / Indicator / HMI Panels,PANEL,PANEL,True,core,"broad keyword, but it is the item noun",Excluded: structural/airframe panel
SPE7M126T108T,2090-01-284-4295,SPE7M126T108T,05-29-2026,06-08-2026,2026-08-21 02:41:27,Destination,Destination,Tech,7008653835,https://dibbs2.bsm.dla.mil/Downloads/RFQ/T/SPE7M126T108T.PDF,https://www.dibbs.bsm.dla.mil/RFQ/RFQRec.aspx?sn=SPE7M126T108T,https://www.dibbs.bsm.dla.mil/rfq/rfqrec.aspx?sn=SPE7M126T108T,PANEL,4,20260930T154409Z,2090-01-284-4295,"COVER PANEL,BERTH",G,336611,10.0,,,2026-05-29,2026-06-08,PANEL,DIBBS|SPE7M126T108T|2090-01-284-4295,C01,Integrated Control / Indicator / HMI Panels,PANEL,PANEL,True,core,"broad keyword, but it is the item noun",Excluded: COVER without SWITCH
SPE4A726T513E,1560-01-284-6430,SPE4A726T513E,06-17-2026,06-24-2026,2026-08-21 02:41:27,Origin,Origin,Tech,7017147821,https://dibbs2.bsm.dla.mil/Downloads/RFQ/E/SPE4A726T513E.PDF,https://www.dibbs.bsm.dla.mil/RFQ/RFQRec.aspx?sn=SPE4A726T513E,https://www.dibbs.bsm.dla.mil/rfq/rfqrec.aspx?sn=SPE4A726T513E,PANEL,4,20260930T154409Z,1560-01-284-6430,"PANEL,STRUCTURAL,AI",C,336413,1.0,0BT76 | 65-18441-10 | 0C7H8	65-18441-10	D-J ENGINEERING INC,,2026-06-17,2026-06-24,PANEL,DIBBS|SPE4A726T513E|1560-01-284-6430,C01,Integrated Control / Indicator / HMI Panels,PANEL,PANEL,True,core,"broad keyword, but it is the item noun",Excluded: structural/airframe panel
SPE4A726T4671,1560-01-662-2494,SPE4A726T4671,11-26-2025,12-03-2025,2026-08-21 02:41:27,Origin,Destination,Tech,7014629009,https://dibbs2.bsm.dla.mil/Downloads/RFQ/1/SPE4A726T4671.PDF,https://www.dibbs.bsm.dla.mil/RFQ/RFQRec.aspx?sn=SPE4A726T4671,https://www.dibbs.bsm.dla.mil/rfq/rfqrec.aspx?sn=SPE4A726T4671,PANEL,4,20260930T154409Z,1560-01-662-2494,"PANEL,STRUCTURAL,AI",C,336413,2.0,81205 | 114T2400-588 | THE BOEING COMPANY,,2025-11-26,2025-12-03,PANEL,DIBBS|SPE4A726T4671|1560-01-662-2494,C01,Integrated Control / Indicator / HMI Panels,PANEL,PANEL,True,core,"broad keyword, but it is the item noun",Excluded: structural/airframe panel
SPE4A726T392G,1560-01-196-4401,SPE4A726T392G,05-20-2026,05-27-2026,2026-08-21 02:41:27,Origin,Origin,Tech,7016751956,https://dibbs2.bsm.dla.mil/Downloads/RFQ/G/SPE4A726T392G.PDF,https://www.dibbs.bsm.dla.mil/RFQ/RFQRec.aspx?sn=SPE4A726T392G,https://www.dibbs.bsm.dla.mil/rfq/rfqrec.aspx?sn=SPE4A726T392G,PANEL,4,20260930T154409Z,1560-01-196-4401,"PANEL,STRUCTURAL,AI",C,336413,1.0,059S2 | 4F72629-107A | AAR COMPONENT SERVICES - HOT SPRING,,2026-05-20,2026-05-27,PANEL,DIBBS|SPE4A726T392G|1560-01-196-4401,C01,Integrated Control / Indicator / HMI Panels,PANEL,PANEL,True,core,"broad keyword, but it is the item noun",Excluded: structural/airframe panel
SPE4A726T383R,1560-01-694-3827,SPE4A726T383R,05-20-2026,05-27-2026,2026-08-21 02:41:27,Origin,Destination,None,7016844096,https://dibbs2.bsm.dla.mil/Downloads/RFQ/R/SPE4A726T383R.PDF,https://www.dibbs.bsm.dla.mil/RFQ/RFQRec.aspx?sn=SPE4A726T383R,https://www.dibbs.bsm.dla.mil/rfq/rfqrec.aspx?sn=SPE4A726T383R,PANEL,4,20260930T154409Z,1560-01-694-3827,"PANEL,STRUCTURAL,AI",D,336413,3.0,78286 | 78207-03002-047 | SIKORSKY AIRCRAFT CORPORATION,,2026-05-20,2026-05-27,PANEL,DIBBS|SPE4A726T383R|1560-01-694-3827,C01,Integrated Control / Indicator / HMI Panels,PANEL,PANEL,True,core,"broad keyword, but it is the item noun",Excluded: structural/airframe panel
SPE4A726T380L,1560-01-329-7504,SPE4A726T380L,05-20-2026,05-27-2026,2026-08-21 02:41:27,Origin,Origin,Tech,7016846264,https://dibbs2.bsm.dla.mil/Downloads/RFQ/L/SPE4A726T380L.PDF,https://www.dibbs.bsm.dla.mil/RFQ/RFQRec.aspx?sn=SPE4A726T380L,https://www.dibbs.bsm.dla.mil/rfq/rfqrec.aspx?sn=SPE4A726T380L,PANEL,4,20260930T154409Z,1560-01-329-7504,"PANEL,AIRCRAFT",G,336413,30.0,,,2026-05-20,2026-05-27,PANEL,DIBBS|SPE4A726T380L|1560-01-329-7504,C01,Integrated Control / Indicator / HMI Panels,PANEL,PANEL,True,core,"broad keyword, but it is the item noun",Excluded: structural/shelter/body panel (FSC 1560 = Airframe structural components)
SPE4A726T360A,1560-01-661-8823,SPE4A726T360A,05-15-2026,05-28-2026,2026-08-21 02:41:27,Origin,Destination,Tech,7016226684,https://dibbs2.bsm.dla.mil/Downloads/RFQ/A/SPE4A726T360A.PDF,https://www.dibbs.bsm.dla.mil/RFQ/RFQRec.aspx?sn=SPE4A726T360A,https://www.dibbs.bsm.dla.mil/rfq/rfqrec.aspx?sn=SPE4A726T360A,PANEL,4,20260930T154409Z,1560-01-661-8823,"PANEL,STRUCTURAL,AI",C,336413,1.0,81205 | 114T2400-590 | THE BOEING COMPANY,,2026-05-15,2026-05-28,PANEL,DIBBS|SPE4A726T360A|1560-01-661-8823,C01,Integrated Control / Indicator / HMI Panels,PANEL,PANEL,True,core,"broad keyword, but it is the item noun",Excluded: structural/airframe panel
SPE4A726T340U,1560-01-714-4324,SPE4A726T340U,05-13-2026,05-20-2026,2026-08-21 02:41:27,Origin,Origin,None,7016752527,https://dibbs2.bsm.dla.mil/Downloads/RFQ/U/SPE4A726T340U.PDF,https://www.dibbs.bsm.dla.mil/RFQ/RFQRec.aspx?sn=SPE4A726T340U,https://www.dibbs.bsm.dla.mil/rfq/rfqrec.aspx?sn=SPE4A726T340U,PANEL,4,20260930T154409Z,1560-01-714-4324,"PANEL,STRUCTURAL,AI",C,336413,3.0,78286 | 70500-02072-096 | SIKORSKY AIRCRAFT CORPORATION,,2026-05-13,2026-05-20,PANEL,DIBBS|SPE4A726T340U|1560-01-714-4324,C01,Integrated Control / Indicator / HMI Panels,PANEL,PANEL,True,core,"broad keyword, but it is the item noun",Excluded: structural/airframe panel
SPE4A726T338B,1560-01-396-0310,SPE4A726T338B,05-13-2026,05-20-2026,2026-08-21 02:41:27,Origin,Origin,None,7016753895,https://dibbs2.bsm.dla.mil/Downloads/RFQ/B/SPE4A726T338B.PDF,https://www.dibbs.bsm.dla.mil/RFQ/RFQRec.aspx?sn=SPE4A726T338B,https://www.dibbs.bsm.dla.mil/rfq/rfqrec.aspx?sn=SPE4A726T338B,PANEL,4,20260930T154409Z,1560-01-396-0310,"WINDOW PANEL,AIRCRA",Q,336413,40.0,86175 | 94009 | GKN AEROSPACE TRANSPARENCY SYSTEMS,,2026-05-13,2026-05-20,PANEL; WINDOW,DIBBS|SPE4A726T338B|1560-01-396-0310,C04,Lenses / Windows / Covers / Housings,WINDOW,PANEL; WINDOW,True,core,"broad keyword, but it is the item noun",Excluded: structural/shelter/body panel (FSC 1560 = Airframe structural components)
SPE4A725T340C,1560-01-707-3600,SPE4A725T340C,05-07-2025,05-14-2025,2026-08-21 02:41:27,Origin,Origin,Tech,7012146848,https://dibbs2.bsm.dla.mil/Downloads/RFQ/C/SPE4A725T340C.PDF,https://www.dibbs.bsm.dla.mil/RFQ/RFQRec.aspx?sn=SPE4A725T340C,https://www.dibbs.bsm.dla.mil/rfq/rfqrec.aspx?sn=SPE4A725T340C,PANEL,4,20260930T154409Z,1560-01-707-3600,"PANEL,STRUCTURAL,AI",C,336413,2.0,0FRC8 | 520-19410-1 | FORREST MACHINING LLC,,2025-05-07,2025-05-14,PANEL,DIBBS|SPE4A725T340C|1560-01-707-3600,C01,Integrated Control / Indicator / HMI Panels,PANEL,PANEL,True,core,"broad keyword, but it is the item noun",Excluded: structural/airframe panel
SPE4A526T354D,1560-01-690-7993,SPE4A526T354D,08-14-2026,08-21-2026,2026-08-21 02:41:27,Origin,Destination,None,7017868974,https://dibbs2.bsm.dla.mil/Downloads/RFQ/D/SPE4A526T354D.PDF,https://www.dibbs.bsm.dla.mil/RFQ/RFQRec.aspx?sn=SPE4A526T354D,https://www.dibbs.bsm.dla.mil/rfq/rfqrec.aspx?sn=SPE4A526T354D,PANEL,4,20260930T154409Z,1560-01-690-7993,"PANEL,STRUCTURAL,AI",R,336413,3.0,78286 | 70219-04500-054 | SIKORSKY AIRCRAFT CORPORATION,,2026-08-14,2026-08-21,PANEL,DIBBS|SPE4A526T354D|1560-01-690-7993,C01,Integrated Control / Indicator / HMI Panels,PANEL,PANEL,True,core,"broad keyword, but it is the item noun",Excluded: structural/airframe panel
SPE4A526T263Z,1560-01-552-5468,SPE4A526T263Z,06-25-2026,07-02-2026,2026-08-21 02:41:27,Origin,Origin,None,7017279537,https://dibbs2.bsm.dla.mil/Downloads/RFQ/Z/SPE4A526T263Z.PDF,https://www.dibbs.bsm.dla.mil/RFQ/RFQRec.aspx?sn=SPE4A526T263Z,https://www.dibbs.bsm.dla.mil/rfq/rfqrec.aspx?sn=SPE4A526T263Z,PANEL,4,20260930T154409Z,1560-01-552-5468,"PANEL,STRUCTURAL,AI",C,336413,1.0,78286 | 71500-22116-045 | SIKORSKY AIRCRAFT CORPORATION,,2026-06-25,2026-07-02,PANEL,DIBBS|SPE4A526T263Z|1560-01-552-5468,C01,Integrated Control / Indicator / HMI Panels,PANEL,PANEL,True,core,"broad keyword, but it is the item noun",Excluded: structural/airframe panel
SPE4A526T263Y,1560-01-552-5468,SPE4A526T263Y,06-25-2026,07-02-2026,2026-08-21 02:41:27,Origin,Origin,None,7017279539,https://dibbs2.bsm.dla.mil/Downloads/RFQ/Y/SPE4A526T263Y.PDF,https://www.dibbs.bsm.dla.mil/RFQ/RFQRec.aspx?sn=SPE4A526T263Y,https://www.dibbs.bsm.dla.mil/rfq/rfqrec.aspx?sn=SPE4A526T263Y,PANEL,4,20260930T154409Z,1560-01-552-5468,"PANEL,STRUCTURAL,AI",C,336413,1.0,78286 | 71500-22116-045 | SIKORSKY AIRCRAFT CORPORATION,,2026-06-25,2026-07-02,PANEL,DIBBS|SPE4A526T263Y|1560-01-552-5468,C01,Integrated Control / Indicator / HMI Panels,PANEL,PANEL,True,core,"broad keyword, but it is the item noun",Excluded: structural/airframe panel
SPE4A526T262Q,1560-01-714-4328,SPE4A526T262Q,06-24-2026,07-01-2026,2026-08-21 02:41:27,Origin,Origin,None,7017272945,https://dibbs2.bsm.dla.mil/Downloads/RFQ/Q/SPE4A526T262Q.PDF,https://www.dibbs.bsm.dla.mil/RFQ/RFQRec.aspx?sn=SPE4A526T262Q,https://www.dibbs.bsm.dla.mil/rfq/rfqrec.aspx?sn=SPE4A526T262Q,PANEL,4,20260930T154409Z,1560-01-714-4328,"PANEL,STRUCTURAL,AI",C,336413,1.0,78286 | 70500-02072-095 | SIKORSKY AIRCRAFT CORPORATION,,2026-06-24,2026-07-01,PANEL,DIBBS|SPE4A526T262Q|1560-01-714-4328,C01,Integrated Control / Indicator / HMI Panels,PANEL,PANEL,True,core,"broad keyword, but it is the item noun",Excluded: structural/airframe panel
SPE4A526T251R,1560-01-670-2982,SPE4A526T251R,06-18-2026,06-25-2026,2026-08-21 02:41:27,Origin,Destination,None,7017226108,https://dibbs2.bsm.dla.mil/Downloads/RFQ/R/SPE4A526T251R.PDF,https://www.dibbs.bsm.dla.mil/RFQ/RFQRec.aspx?sn=SPE4A526T251R,https://www.dibbs.bsm.dla.mil/rfq/rfqrec.aspx?sn=SPE4A526T251R,PANEL,4,20260930T154409Z,1560-01-670-2982,"PANEL,STRUCTURAL,AI",D,336413,5.0,81205 | 146A5810-615 | THE BOEING COMPANY,,2026-06-18,2026-06-25,PANEL,DIBBS|SPE4A526T251R|1560-01-670-2982,C01,Integrated Control / Indicator / HMI Panels,PANEL,PANEL,True,core,"broad keyword, but it is the item noun",Excluded: structural/airframe panel
SPE4A626T809X,1560-01-205-7218,SPE4A626T809X,02-25-2026,07-07-2026,2026-08-21 02:41:27,Origin,Destination,None,7015657856,https://dibbs2.bsm.dla.mil/Downloads/RFQ/X/SPE4A626T809X.PDF,https://www.dibbs.bsm.dla.mil/RFQ/RFQRec.aspx?sn=SPE4A626T809X,https://www.dibbs.bsm.dla.mil/rfq/rfqrec.aspx?sn=SPE4A626T809X,PANEL,4,20260930T154409Z,1560-01-205-7218,PANEL FIBERGLASS,C,336413,2.0,78286 | 70308-03603-103 | SIKORSKY AIRCRAFT CORPORATION,,2026-02-25,2026-07-07,PANEL,DIBBS|SPE4A626T809X|1560-01-205-7218,C01,Integrated Control / Indicator / HMI Panels,PANEL,PANEL,True,core,"broad keyword, but it is the item noun",Excluded: structural/shelter/body panel (FSC 1560 = Airframe structural components)
SPE4A626T79W5,1560-01-407-4381,SPE4A626T79W5,06-04-2026,06-11-2026,2026-08-21 02:41:27,Origin,Destination,None,7017038745,https://dibbs2.bsm.dla.mil/Downloads/RFQ/5/SPE4A626T79W5.PDF,https://www.dibbs.bsm.dla.mil/RFQ/RFQRec.aspx?sn=SPE4A626T79W5,https://www.dibbs.bsm.dla.mil/rfq/rfqrec.aspx?sn=SPE4A626T79W5,PANEL,4,20260930T154409Z,1560-01-407-4381,"PANEL,STRUCTURAL,AI",L,336413,1.0,78286 | 70500-22220-080 | SIKORSKY AIRCRAFT CORPORATION,,2026-06-04,2026-06-11,PANEL,DIBBS|SPE4A626T79W5|1560-01-407-4381,C01,Integrated Control / Indicator / HMI Panels,PANEL,PANEL,True,core,"broad keyword, but it is the item noun",Excluded: structural/airframe panel
SPE7L426T2318,2510-01-701-4686,SPE7L426T2318,01-23-2026,02-02-2026,2026-08-21 02:41:27,Origin,Origin,Tech,7015234764,https://dibbs2.bsm.dla.mil/Downloads/RFQ/8/SPE7L426T2318.PDF,https://www.dibbs.bsm.dla.mil/RFQ/RFQRec.aspx?sn=SPE7L426T2318,https://www.dibbs.bsm.dla.mil/rfq/rfqrec.aspx?sn=SPE7L426T2318,PANEL,4,20260930T154409Z,2510-01-701-4686,"PANEL,BODY,VEHICULA",G,332999,3.0,,,2026-01-23,2026-02-02,PANEL,DIBBS|SPE7L426T2318|2510-01-701-4686,C01,Integrated Control / Indicator / HMI Panels,PANEL,PANEL,True,core,"broad keyword, but it is the item noun",Excluded: structural/airframe panel
SPE4A626T68C5,1560-01-682-2207,SPE4A626T68C5,05-22-2026,06-15-2026,2026-08-21 02:41:27,Origin,Destination,None,7016751749,https://dibbs2.bsm.dla.mil/Downloads/RFQ/5/SPE4A626T68C5.PDF,https://www.dibbs.bsm.dla.mil/RFQ/RFQRec.aspx?sn=SPE4A626T68C5,https://www.dibbs.bsm.dla.mil/rfq/rfqrec.aspx?sn=SPE4A626T68C5,PANEL,4,20260930T154409Z,1560-01-682-2207,"PANEL,STRUCTURAL,AI",C,336413,3.0,78286 | 70219-04802-081 | SIKORSKY AIRCRAFT CORPORATION,,2026-05-22,2026-06-15,PANEL,DIBBS|SPE4A626T68C5|1560-01-682-2207,C01,Integrated Control / Indicator / HMI Panels,PANEL,PANEL,True,core,"broad keyword, but it is the item noun",Excluded: structural/airframe panel
SPE7L326T074P,2510-01-553-6870,SPE7L326T074P,06-18-2026,06-29-2026,2026-08-21 02:41:27,Origin,Destination,None,7017225842,https://dibbs2.bsm.dla.mil/Downloads/RFQ/P/SPE7L326T074P.PDF,https://www.dibbs.bsm.dla.mil/RFQ/RFQRec.aspx?sn=SPE7L326T074P,https://www.dibbs.bsm.dla.mil/rfq/rfqrec.aspx?sn=SPE7L326T074P,PANEL,4,20260930T154409Z,2510-01-553-6870,"PANEL,VEHICULAR OPE",D,332999,1.0,9W224 | 6678682 | 9W224	6688403,,2026-06-18,2026-06-29,PANEL,DIBBS|SPE7L326T074P|2510-01-553-6870,C01,Integrated Control / Indicator / HMI Panels,PANEL,PANEL,True,core,"broad keyword, but it is the item noun","Excluded: structural/shelter/body panel (FSC 2510 = Vehicular cab, body and frame structural components)"
SPE7L126T891C,2510-01-713-9991,SPE7L126T891C,07-30-2026,08-13-2026,2026-08-21 02:41:27,Origin,Origin,None,7008434131,https://dibbs2.bsm.dla.mil/Downloads/RFQ/C/SPE7L126T891C.PDF,https://www.dibbs.bsm.dla.mil/RFQ/RFQRec.aspx?sn=SPE7L126T891C,https://www.dibbs.bsm.dla.mil/rfq/rfqrec.aspx?sn=SPE7L126T891C,PANEL,4,20260930T154409Z,2510-01-713-9991,"PANEL,BODY,VEHICULA",G,332999,1.0,,,2026-07-30,2026-08-13,PANEL,DIBBS|SPE7L126T891C|2510-01-713-9991,C01,Integrated Control / Indicator / HMI Panels,PANEL,PANEL,True,core,"broad keyword, but it is the item noun",Excluded: structural/airframe panel
SPE7L126T883S,2510-01-662-7141,SPE7L126T883S,07-29-2026,08-10-2026,2026-08-21 02:41:27,Origin,Destination,None,7017643608,https://dibbs2.bsm.dla.mil/Downloads/RFQ/S/SPE7L126T883S.PDF,https://www.dibbs.bsm.dla.mil/RFQ/RFQRec.aspx?sn=SPE7L126T883S,https://www.dibbs.bsm.dla.mil/rfq/rfqrec.aspx?sn=SPE7L126T883S,PANEL,4,20260930T154409Z,2510-01-662-7141,"PANEL,VEHICULAR OPE",D,332999,1.0,,,2026-07-29,2026-08-10,PANEL,DIBBS|SPE7L126T883S|2510-01-662-7141,C01,Integrated Control / Indicator / HMI Panels,PANEL,PANEL,True,core,"broad keyword, but it is the item noun","Excluded: structural/shelter/body panel (FSC 2510 = Vehicular cab, body and frame structural components)"
SPE7L126T9933,2510-01-337-7548,SPE7L126T9933,01-14-2026,01-26-2026,2026-08-21 02:41:27,Origin,Destination,None,7014960445,https://dibbs2.bsm.dla.mil/Downloads/RFQ/3/SPE7L126T9933.PDF,https://www.dibbs.bsm.dla.mil/RFQ/RFQRec.aspx?sn=SPE7L126T9933,https://www.dibbs.bsm.dla.mil/rfq/rfqrec.aspx?sn=SPE7L126T9933,PANEL,4,20260930T154409Z,2510-01-337-7548,"PANEL,VEHICULAR OPE",L,336211,1.0,64678 | 18-22127-004 | DAIMLER TRUCK NORTH AMERICA LLC,,2026-01-14,2026-01-26,PANEL,DIBBS|SPE7L126T9933|2510-01-337-7548,C01,Integrated Control / Indicator / HMI Panels,PANEL,PANEL,True,core,"broad keyword, but it is the item noun","Excluded: structural/shelter/body panel (FSC 2510 = Vehicular cab, body and frame structural components)"
SPE7L126T629Y,2510-01-685-7116,SPE7L126T629Y,05-29-2026,06-08-2026,2026-08-21 02:41:27,Origin,Destination,Tech,7016197939,https://dibbs2.bsm.dla.mil/Downloads/RFQ/Y/SPE7L126T629Y.PDF,https://www.dibbs.bsm.dla.mil/RFQ/RFQRec.aspx?sn=SPE7L126T629Y,https://www.dibbs.bsm.dla.mil/rfq/rfqrec.aspx?sn=SPE7L126T629Y,PANEL,4,20260930T154409Z,2510-01-685-7116,"PANEL,BODY,VEHICULA",G,332999,1.0,,,2026-05-29,2026-06-08,PANEL,DIBBS|SPE7L126T629Y|2510-01-685-7116,C01,Integrated Control / Indicator / HMI Panels,PANEL,PANEL,True,core,"broad keyword, but it is the item noun",Excluded: structural/airframe panel
SPE7L126T415C,2510-01-660-5017,SPE7L126T415C,04-23-2026,05-04-2026,2026-08-21 02:41:27,Origin,Destination,None,7014367414,https://dibbs2.bsm.dla.mil/Downloads/RFQ/C/SPE7L126T415C.PDF,https://www.dibbs.bsm.dla.mil/RFQ/RFQRec.aspx?sn=SPE7L126T415C,https://www.dibbs.bsm.dla.mil/rfq/rfqrec.aspx?sn=SPE7L126T415C,PANEL,4,20260930T154409Z,2510-01-660-5017,"PANEL,DOOR,ROLLER C",D,332999,1.0,04664 | 4223358 | PIERCE MANUFACTURING INC,,2026-04-23,2026-05-04,PANEL,DIBBS|SPE7L126T415C|2510-01-660-5017,C01,Integrated Control / Indicator / HMI Panels,PANEL,PANEL,True,core,"broad keyword, but it is the item noun","Excluded: structural/shelter/body panel (FSC 2510 = Vehicular cab, body and frame structural components)"
SPE7L126T362A,2510-01-695-3223,SPE7L126T362A,04-13-2026,05-14-2026,2026-08-21 02:41:27,Origin,Origin,None,7016197926,https://dibbs2.bsm.dla.mil/Downloads/RFQ/A/SPE7L126T362A.PDF,https://www.dibbs.bsm.dla.mil/RFQ/RFQRec.aspx?sn=SPE7L126T362A,https://www.dibbs.bsm.dla.mil/rfq/rfqrec.aspx?sn=SPE7L126T362A,PANEL,4,20260930T154409Z,2510-01-695-3223,"PANEL,DASHBOARD",C,332999,1.0,32865 | A3381248-0 | DRS NETWORK & IMAGING SYSTEMS LLC,,2026-04-13,2026-05-14,PANEL,DIBBS|SPE7L126T362A|2510-01-695-3223,C01,Integrated Control / Indicator / HMI Panels,PANEL,PANEL,True,core,"broad keyword, but it is the item noun","Excluded: structural/shelter/body panel (FSC 2510 = Vehicular cab, body and frame structural components)"
SPE7L326T1881,2510-01-519-5167,SPE7L326T1881,11-07-2025,11-17-2025,2026-08-21 02:41:27,Origin,Destination,None,7014416841,https://dibbs2.bsm.dla.mil/Downloads/RFQ/1/SPE7L326T1881.PDF,https://www.dibbs.bsm.dla.mil/RFQ/RFQRec.aspx?sn=SPE7L326T1881,https://www.dibbs.bsm.dla.mil/rfq/rfqrec.aspx?sn=SPE7L326T1881,PANEL,4,20260930T154409Z,2510-01-519-5167,"PANEL,VEHICULAR OPE",R,332999,15.0,1PWR4 | 101691 | 75Q65	3KK136	OSHKOSH DEFENSE LLC,,2025-11-07,2025-11-17,PANEL,DIBBS|SPE7L326T1881|2510-01-519-5167,C01,Integrated Control / Indicator / HMI Panels,PANEL,PANEL,True,core,"broad keyword, but it is the item noun","Excluded: structural/shelter/body panel (FSC 2510 = Vehicular cab, body and frame structural components)"
SPE4A426T0152,1560-01-619-4989,SPE4A426T0152,06-16-2026,06-23-2026,2026-08-21 02:41:27,Origin,Destination,None,7011619616,https://dibbs2.bsm.dla.mil/Downloads/RFQ/2/SPE4A426T0152.PDF,https://www.dibbs.bsm.dla.mil/RFQ/RFQRec.aspx?sn=SPE4A426T0152,https://www.dibbs.bsm.dla.mil/rfq/rfqrec.aspx?sn=SPE4A426T0152,PANEL,4,20260930T154409Z,1560-01-619-4989,"PANEL,STRUCTURAL,AI",D,336413,1.0,1W025 | DAA3233A745-011 | NORTHROP GRUMMAN SYSTEMS CORP,,2026-06-16,2026-06-23,PANEL,DIBBS|SPE4A426T0152|1560-01-619-4989,C01,Integrated Control / Indicator / HMI Panels,PANEL,PANEL,True,core,"broad keyword, but it is the item noun",Excluded: structural/airframe panel
SPE4A726T514Q,1560-00-909-7048,SPE4A726T514Q,06-18-2026,06-25-2026,2026-08-21 02:41:27,Origin,Origin,Tech,7016336769,https://dibbs2.bsm.dla.mil/Downloads/RFQ/Q/SPE4A726T514Q.PDF,https://www.dibbs.bsm.dla.mil/RFQ/RFQRec.aspx?sn=SPE4A726T514Q,https://www.dibbs.bsm.dla.mil/rfq/rfqrec.aspx?sn=SPE4A726T514Q,PANEL,4,20260930T154409Z,1560-00-909-7048,"PANEL ASSEMBLY,FLOO",G,336413,1.0,,,2026-06-18,2026-06-25,PANEL,DIBBS|SPE4A726T514Q|1560-00-909-7048,C01,Integrated Control / Indicator / HMI Panels,PANEL ASSEMBLY,PANEL; PANEL ASSEMBLY,False,core,,Excluded: structural/shelter/body panel (FSC 1560 = Airframe structural components)
SPE4A726T4573,1560-01-142-6677,SPE4A726T4573,11-26-2025,12-03-2025,2026-08-21 02:41:27,Origin,Origin,Tech,7014629871,https://dibbs2.bsm.dla.mil/Downloads/RFQ/3/SPE4A726T4573.PDF,https://www.dibbs.bsm.dla.mil/RFQ/RFQRec.aspx?sn=SPE4A726T4573,https://www.dibbs.bsm.dla.mil/rfq/rfqrec.aspx?sn=SPE4A726T4573,PANEL,5,20260930T154426Z,1560-01-142-6677,"PANEL,STRUCTURAL,AI",G,336413,1.0,,,2025-11-26,2025-12-03,PANEL,DIBBS|SPE4A726T4573|1560-01-142-6677,C01,Integrated Control / Indicator / HMI Panels,PANEL,PANEL,True,core,"broad keyword, but it is the item noun",Excluded: structural/airframe panel
SPE4A625T93L0,1560-01-399-8079,SPE4A625T93L0,06-04-2025,06-11-2025,2026-08-21 02:41:27,Origin,Destination,None,7012491711,https://dibbs2.bsm.dla.mil/Downloads/RFQ/0/SPE4A625T93L0.PDF,https://www.dibbs.bsm.dla.mil/RFQ/RFQRec.aspx?sn=SPE4A625T93L0,https://www.dibbs.bsm.dla.mil/rfq/rfqrec.aspx?sn=SPE4A625T93L0,PANEL,5,20260930T154426Z,1560-01-399-8079,"PANEL,STRUCTURAL,AI",C,336413,2.0,98897 | 3341104-1 | LOCKHEED MARTIN CORP,,2025-06-04,2025-06-11,PANEL,DIBBS|SPE4A625T93L0|1560-01-399-8079,C01,Integrated Control / Indicator / HMI Panels,PANEL,PANEL,True,core,"broad keyword, but it is the item noun",Excluded: structural/airframe panel
SPE4A726T3112,1560-01-163-5182,SPE4A726T3112,11-14-2025,11-21-2025,2026-08-21 02:41:27,Origin,Destination,None,7014487440,https://dibbs2.bsm.dla.mil/Downloads/RFQ/2/SPE4A726T3112.PDF,https://www.dibbs.bsm.dla.mil/RFQ/RFQRec.aspx?sn=SPE4A726T3112,https://www.dibbs.bsm.dla.mil/rfq/rfqrec.aspx?sn=SPE4A726T3112,PANEL,5,20260930T154426Z,1560-01-163-5182,"WINDSHIELD PANEL,AI",P,336413,2.0,12035 | 7-311112015-11 | SIERRACIN CORPORATION,,2025-11-14,2025-11-21,PANEL,DIBBS|SPE4A726T3112|1560-01-163-5182,C01,Integrated Control / Indicator / HMI Panels,PANEL,PANEL,True,core,"broad keyword, but it is the item noun",Excluded: structural/shelter/body panel (FSC 1560 = Airframe structural components)
SPE4A726T264J,1560-01-707-3942,SPE4A726T264J,04-17-2026,04-24-2026,2026-08-21 02:41:27,Origin,Origin,Tech,7016337289,https://dibbs2.bsm.dla.mil/Downloads/RFQ/J/SPE4A726T264J.PDF,https://www.dibbs.bsm.dla.mil/RFQ/RFQRec.aspx?sn=SPE4A726T264J,https://www.dibbs.bsm.dla.mil/rfq/rfqrec.aspx?sn=SPE4A726T264J,PANEL,5,20260930T154426Z,1560-01-707-3942,"PANEL,STRUCTURAL,AI",C,336413,4.0,0C7H8 | 520-19408-2 | D-J ENGINEERING INC,,2026-04-17,2026-04-24,PANEL,DIBBS|SPE4A726T264J|1560-01-707-3942,C01,Integrated Control / Indicator / HMI Panels,PANEL,PANEL,True,core,"broad keyword, but it is the item noun",Excluded: structural/airframe panel
SPE4A726T143F,1560-01-662-2494,SPE4A726T143F,03-25-2026,04-01-2026,2026-08-21 02:41:27,Origin,Destination,Tech,7016048974,https://dibbs2.bsm.dla.mil/Downloads/RFQ/F/SPE4A726T143F.PDF,https://www.dibbs.bsm.dla.mil/RFQ/RFQRec.aspx?sn=SPE4A726T143F,https://www.dibbs.bsm.dla.mil/rfq/rfqrec.aspx?sn=SPE4A726T143F,PANEL,5,20260930T154426Z,1560-01-662-2494,"PANEL,STRUCTURAL,AI",C,336413,1.0,81205 | 114T2400-588 | THE BOEING COMPANY,,2026-03-25,2026-04-01,PANEL,DIBBS|SPE4A726T143F|1560-01-662-2494,C01,Integrated Control / Indicator / HMI Panels,PANEL,PANEL,True,core,"broad keyword, but it is the item noun",Excluded: structural/airframe panel
SPE4A526T9748,1560-00-441-7643,SPE4A526T9748,03-11-2026,03-23-2026,2026-08-21 02:41:27,Origin,Destination,None,7015854332,https://dibbs2.bsm.dla.mil/Downloads/RFQ/8/SPE4A526T9748.PDF,https://www.dibbs.bsm.dla.mil/RFQ/RFQRec.aspx?sn=SPE4A526T9748,https://www.dibbs.bsm.dla.mil/rfq/rfqrec.aspx?sn=SPE4A526T9748,PANEL,5,20260930T154426Z,1560-00-441-7643,"WINDOW PANEL,AIRCRA",P,336413,4.0,97499 | 212-030-076-001 | BELL TEXTRON INC,,2026-03-11,2026-03-23,PANEL; WINDOW,DIBBS|SPE4A526T9748|1560-00-441-7643,C04,Lenses / Windows / Covers / Housings,WINDOW,PANEL; WINDOW,True,core,"broad keyword, but it is the item noun",Excluded: structural/shelter/body panel (FSC 1560 = Airframe structural components)
SPE4A526T9479,1560-01-298-4518,SPE4A526T9479,03-10-2026,03-17-2026,2026-08-21 02:41:27,Origin,Origin,None,7015821361,https://dibbs2.bsm.dla.mil/Downloads/RFQ/9/SPE4A526T9479.PDF,https://www.dibbs.bsm.dla.mil/RFQ/RFQRec.aspx?sn=SPE4A526T9479,https://www.dibbs.bsm.dla.mil/rfq/rfqrec.aspx?sn=SPE4A526T9479,PANEL,5,20260930T154426Z,1560-01-298-4518,"PANEL,STRUCTURAL,AI",C,336413,1.0,76301 | 68A325500-2151 | THE BOEING COMPANY,,2026-03-10,2026-03-17,PANEL,DIBBS|SPE4A526T9479|1560-01-298-4518,C01,Integrated Control / Indicator / HMI Panels,PANEL,PANEL,True,core,"broad keyword, but it is the item noun",Excluded: structural/airframe panel
SPE4A526T5676,1560-01-007-5452,SPE4A526T5676,12-19-2025,12-26-2025,2026-08-21 02:41:27,Origin,Destination,None,7014902094,https://dibbs2.bsm.dla.mil/Downloads/RFQ/6/SPE4A526T5676.PDF,https://www.dibbs.bsm.dla.mil/RFQ/RFQRec.aspx?sn=SPE4A526T5676,https://www.dibbs.bsm.dla.mil/rfq/rfqrec.aspx?sn=SPE4A526T5676,PANEL,5,20260930T154426Z,1560-01-007-5452,"WINDOW PANEL,AIRCRA",C,336411,1.0,81205 | 5-89357-3023 | THE BOEING COMPANY,,2025-12-19,2025-12-26,PANEL; WINDOW,DIBBS|SPE4A526T5676|1560-01-007-5452,C04,Lenses / Windows / Covers / Housings,WINDOW,PANEL; WINDOW,True,core,"broad keyword, but it is the item noun",Excluded: structural/shelter/body panel (FSC 1560 = Airframe structural components)
SPE4A726T044N,1560-00-220-2883,SPE4A726T044N,03-05-2026,03-12-2026,2026-08-21 02:41:27,Origin,Origin,Tech,7015603083,https://dibbs2.bsm.dla.mil/Downloads/RFQ/N/SPE4A726T044N.PDF,https://www.dibbs.bsm.dla.mil/RFQ/RFQRec.aspx?sn=SPE4A726T044N,https://www.dibbs.bsm.dla.mil/rfq/rfqrec.aspx?sn=SPE4A726T044N,PANEL,5,20260930T154426Z,1560-00-220-2883,"PANEL,WING",G,336413,2.0,,,2026-03-05,2026-03-12,PANEL,DIBBS|SPE4A726T044N|1560-00-220-2883,C01,Integrated Control / Indicator / HMI Panels,PANEL,PANEL,True,core,"broad keyword, but it is the item noun",Excluded: structural/airframe panel
SPE4A726Q0680,1560-01-153-1024,SPE4A726Q0680,05-29-2026,06-12-2026,2026-08-21 02:41:27,Origin,Origin,Tech,7016751670,https://dibbs2.bsm.dla.mil/Downloads/RFQ/0/SPE4A726Q0680.PDF,https://www.dibbs.bsm.dla.mil/RFQ/RFQRec.aspx?sn=SPE4A726Q0680,https://www.dibbs.bsm.dla.mil/rfq/rfqrec.aspx?sn=SPE4A726Q0680,PANEL,5,20260930T154426Z,1560-01-153-1024,"PANEL,STRUCTURAL,AI",C,336413,13.0,0C7H8 | 35-8287-504 | D-J ENGINEERING INC,,2026-05-29,2026-06-12,BOX; PANEL,DIBBS|SPE4A726Q0680|1560-01-153-1024,C01,Integrated Control / Indicator / HMI Panels,PANEL,PANEL,True,core,"broad keyword, but it is the item noun",Excluded: structural/airframe panel
SPE4A725T9346,1560-01-719-7888,SPE4A725T9346,02-10-2025,02-18-2025,2026-08-21 02:41:27,Origin,Origin,None,7010531890,https://dibbs2.bsm.dla.mil/Downloads/RFQ/6/SPE4A725T9346.PDF,https://www.dibbs.bsm.dla.mil/RFQ/RFQRec.aspx?sn=SPE4A725T9346,https://www.dibbs.bsm.dla.mil/rfq/rfqrec.aspx?sn=SPE4A725T9346,PANEL,5,20260930T154426Z,1560-01-719-7888,"WINDOW PANEL,AIRCRA",P,336413,12.0,12035 | 120300-05 | SIERRACIN CORPORATION,,2025-02-10,2025-02-18,PANEL; WINDOW,DIBBS|SPE4A725T9346|1560-01-719-7888,C04,Lenses / Windows / Covers / Housings,WINDOW,PANEL; WINDOW,True,core,"broad keyword, but it is the item noun",Excluded: structural/shelter/body panel (FSC 1560 = Airframe structural components)
SPE4A725T7682,1560-01-720-7856,SPE4A725T7682,01-16-2025,01-23-2025,2026-08-21 02:41:27,Origin,Origin,None,7008631608,https://dibbs2.bsm.dla.mil/Downloads/RFQ/2/SPE4A725T7682.PDF,https://www.dibbs.bsm.dla.mil/RFQ/RFQRec.aspx?sn=SPE4A725T7682,https://www.dibbs.bsm.dla.mil/rfq/rfqrec.aspx?sn=SPE4A725T7682,PANEL,5,20260930T154426Z,1560-01-720-7856,"PANEL,STRUCTURAL,AI",P,336413,5.0,"51563 | 555-1505-501 | ROHR, INC.",,2025-01-16,2025-01-23,PANEL,DIBBS|SPE4A725T7682|1560-01-720-7856,C01,Integrated Control / Indicator / HMI Panels,PANEL,PANEL,True,core,"broad keyword, but it is the item noun",Excluded: structural/airframe panel
SPE4A526T331S,1560-00-987-5147,SPE4A526T331S,08-06-2026,08-13-2026,2026-08-21 02:41:27,Origin,Destination,None,7017741266,https://dibbs2.bsm.dla.mil/Downloads/RFQ/S/SPE4A526T331S.PDF,https://www.dibbs.bsm.dla.mil/RFQ/RFQRec.aspx?sn=SPE4A526T331S,https://www.dibbs.bsm.dla.mil/rfq/rfqrec.aspx?sn=SPE4A526T331S,PANEL,5,20260930T154426Z,1560-00-987-5147,"WINDOW PANEL,AIRCRA",P,336413,51.0,97499 | 205-030-285-002 | BELL TEXTRON INC,,2026-08-06,2026-08-13,PANEL; WINDOW,DIBBS|SPE4A526T331S|1560-00-987-5147,C04,Lenses / Windows / Covers / Housings,WINDOW,PANEL; WINDOW,True,core,"broad keyword, but it is the item noun",Excluded: structural/shelter/body panel (FSC 1560 = Airframe structural components)
SPE4A526T329Y,1560-01-729-3851,SPE4A526T329Y,08-05-2026,08-12-2026,2026-08-21 02:41:27,Origin,Destination,Tech,7017240093,https://dibbs2.bsm.dla.mil/Downloads/RFQ/Y/SPE4A526T329Y.PDF,https://www.dibbs.bsm.dla.mil/RFQ/RFQRec.aspx?sn=SPE4A526T329Y,https://www.dibbs.bsm.dla.mil/rfq/rfqrec.aspx?sn=SPE4A526T329Y,PANEL,5,20260930T154426Z,1560-01-729-3851,"PANEL,STRUCTURAL,AI",C,336413,1.0,81205 | 842-349545-13 | THE BOEING COMPANY,,2026-08-05,2026-08-12,PANEL,DIBBS|SPE4A526T329Y|1560-01-729-3851,C01,Integrated Control / Indicator / HMI Panels,PANEL,PANEL,True,core,"broad keyword, but it is the item noun",Excluded: structural/airframe panel
SPE7M426T286R,2040-01-715-9887,SPE7M426T286R,07-27-2026,08-11-2026,2026-08-21 02:41:27,Origin,Destination,None,7017559671,https://dibbs2.bsm.dla.mil/Downloads/RFQ/R/SPE7M426T286R.PDF,https://www.dibbs.bsm.dla.mil/RFQ/RFQRec.aspx?sn=SPE7M426T286R,https://www.dibbs.bsm.dla.mil/rfq/rfqrec.aspx?sn=SPE7M426T286R,PANEL,5,20260930T154426Z,2040-01-715-9887,"PANEL,FLOOR,WATERCR",Q,114119,2.0,1GTC0 | E8500145-GV-BARE | WING INFLATABLES INC,,2026-07-27,2026-08-11,PANEL,DIBBS|SPE7M426T286R|2040-01-715-9887,C01,Integrated Control / Indicator / HMI Panels,PANEL,PANEL,True,core,"broad keyword, but it is the item noun",Excluded: structural/airframe panel
SPE4A626T72Y2,1560-00-859-1683,SPE4A626T72Y2,05-28-2026,06-04-2026,2026-08-21 02:41:27,Origin,Origin,Tech,7016049801,https://dibbs2.bsm.dla.mil/Downloads/RFQ/2/SPE4A626T72Y2.PDF,https://www.dibbs.bsm.dla.mil/RFQ/RFQRec.aspx?sn=SPE4A626T72Y2,https://www.dibbs.bsm.dla.mil/rfq/rfqrec.aspx?sn=SPE4A626T72Y2,PANEL,5,20260930T154426Z,1560-00-859-1683,"PANEL,STRUCTURAL,AI",C,336413,7.0,"06DM5 | 4-5572-564 | INFINITY FABRICATION, INC.",,2026-05-28,2026-06-04,PANEL,DIBBS|SPE4A626T72Y2|1560-00-859-1683,C01,Integrated Control / Indicator / HMI Panels,PANEL,PANEL,True,core,"broad keyword, but it is the item noun",Excluded: structural/airframe panel
SPE4A626T6553,1560-01-285-0283,SPE4A626T6553,10-28-2025,11-04-2025,2026-08-21 02:41:27,Origin,Origin,None,7014288029,https://dibbs2.bsm.dla.mil/Downloads/RFQ/3/SPE4A626T6553.PDF,https://www.dibbs.bsm.dla.mil/RFQ/RFQRec.aspx?sn=SPE4A626T6553,https://www.dibbs.bsm.dla.mil/rfq/rfqrec.aspx?sn=SPE4A626T6553,PANEL,5,20260930T154426Z,1560-01-285-0283,"PANEL,STRUCTURAL,AI",Q,336413,5.0,78286 | 70500-22105-119 | SIKORSKY AIRCRAFT CORPORATION,,2025-10-28,2025-11-04,PANEL,DIBBS|SPE4A626T6553|1560-01-285-0283,C01,Integrated Control / Indicator / HMI Panels,PANEL,PANEL,True,core,"broad keyword, but it is the item noun",Excluded: structural/airframe panel
SPE4A626T367Q,1560-01-383-8985,SPE4A626T367Q,12-22-2025,12-29-2025,2026-08-21 02:41:27,Origin,Destination,None,7014919259,https://dibbs2.bsm.dla.mil/Downloads/RFQ/Q/SPE4A626T367Q.PDF,https://www.dibbs.bsm.dla.mil/RFQ/RFQRec.aspx?sn=SPE4A626T367Q,https://www.dibbs.bsm.dla.mil/rfq/rfqrec.aspx?sn=SPE4A626T367Q,PANEL,5,20260930T154426Z,1560-01-383-8985,"WINDSHIELD PANEL,AI",Q,336413,1.0,78286 | 70206-21202-046 | SIKORSKY AIRCRAFT CORPORATION,,2025-12-22,2025-12-29,PANEL,DIBBS|SPE4A626T367Q|1560-01-383-8985,C01,Integrated Control / Indicator / HMI Panels,PANEL,PANEL,True,core,"broad keyword, but it is the item noun",Excluded: structural/shelter/body panel (FSC 1560 = Airframe structural components)
SPE7L126T069K,2510-01-711-2166,SPE7L126T069K,02-05-2026,02-20-2026,2026-08-21 02:41:27,Origin,Origin,Tech,7015381776,https://dibbs2.bsm.dla.mil/Downloads/RFQ/K/SPE7L126T069K.PDF,https://www.dibbs.bsm.dla.mil/RFQ/RFQRec.aspx?sn=SPE7L126T069K,https://www.dibbs.bsm.dla.mil/rfq/rfqrec.aspx?sn=SPE7L126T069K,PANEL,5,20260930T154426Z,2510-01-711-2166,"PANEL,BODY,VEHICULA",G,332999,1.0,,,2026-02-05,2026-02-20,PANEL,DIBBS|SPE7L126T069K|2510-01-711-2166,C01,Integrated Control / Indicator / HMI Panels,PANEL,PANEL,True,core,"broad keyword, but it is the item noun",Excluded: structural/airframe panel
SPEFA326T0273,1560-LN-003-5520,SPEFA326T0273,05-27-2026,07-23-2026,2026-08-21 02:41:27,Destination,Destination,None,7016926969,https://dibbs2.bsm.dla.mil/Downloads/RFQ/3/SPEFA326T0273.PDF,https://www.dibbs.bsm.dla.mil/RFQ/RFQRec.aspx?sn=SPEFA326T0273,https://www.dibbs.bsm.dla.mil/rfq/rfqrec.aspx?sn=SPEFA326T0273,PANEL,5,20260930T154426Z,1560-LN-003-5520,PANEL,L,488190,3.0,76301 | 74A731258-2003 | THE BOEING COMPANY,,2026-05-27,2026-07-23,PANEL,DIBBS|SPEFA326T0273|1560-LN-003-5520,C01,Integrated Control / Indicator / HMI Panels,PANEL,PANEL,True,core,"broad keyword, but it is the item noun",Excluded: structural/shelter/body panel (FSC 1560 = Airframe structural components)
SPE4A726T8877,1560-01-618-5240,SPE4A726T8877,02-09-2026,02-20-2026,2026-08-21 02:41:27,Origin,Origin,Tech,7014870860,https://dibbs2.bsm.dla.mil/Downloads/RFQ/7/SPE4A726T8877.PDF,https://www.dibbs.bsm.dla.mil/RFQ/RFQRec.aspx?sn=SPE4A726T8877,https://www.dibbs.bsm.dla.mil/rfq/rfqrec.aspx?sn=SPE4A726T8877,PANEL,5,20260930T154426Z,1560-01-618-5240,"PANEL,STRUCTURAL,AI",C,336413,32.0,0C7H8 | L2400005-012 | D-J ENGINEERING INC,,2026-02-09,2026-02-20,PANEL,DIBBS|SPE4A726T8877|1560-01-618-5240,C01,Integrated Control / Indicator / HMI Panels,PANEL,PANEL,True,core,"broad keyword, but it is the item noun",Excluded: structural/airframe panel
SPE4A726T7863,1560-01-152-6332,SPE4A726T7863,01-16-2026,07-13-2026,2026-08-21 02:41:27,Origin,Origin,Tech,7014870859,https://dibbs2.bsm.dla.mil/Downloads/RFQ/3/SPE4A726T7863.PDF,https://www.dibbs.bsm.dla.mil/RFQ/RFQRec.aspx?sn=SPE4A726T7863,https://www.dibbs.bsm.dla.mil/rfq/rfqrec.aspx?sn=SPE4A726T7863,PANEL,5,20260930T154426Z,1560-01-152-6332,"PANEL,STRUCTURAL,AI",C,336413,2.0,015P0 | 35-8286-501 | 0C7H8	35-8286-501	D-J ENGINEERING INC,,2026-01-16,2026-07-13,PANEL,DIBBS|SPE4A726T7863|1560-01-152-6332,C01,Integrated Control / Indicator / HMI Panels,PANEL,PANEL,True,core,"broad keyword, but it is the item noun",Excluded: structural/airframe panel
SPE4A726T608U,1560-00-459-1041,SPE4A726T608U,08-05-2026,08-12-2026,2026-08-21 02:41:27,Origin,Origin,Tech,7017741039,https://dibbs2.bsm.dla.mil/Downloads/RFQ/U/SPE4A726T608U.PDF,https://www.dibbs.bsm.dla.mil/RFQ/RFQRec.aspx?sn=SPE4A726T608U,https://www.dibbs.bsm.dla.mil/rfq/rfqrec.aspx?sn=SPE4A726T608U,PANEL,5,20260930T154426Z,1560-00-459-1041,"PANEL,STRUCTURAL,AIRCR",G,336413,3.0,,,2026-08-05,2026-08-12,PANEL,DIBBS|SPE4A726T608U|1560-00-459-1041,C01,Integrated Control / Indicator / HMI Panels,PANEL,PANEL,True,core,"broad keyword, but it is the item noun",Excluded: structural/airframe panel
SPE4A726T607R,1560-01-549-8660,SPE4A726T607R,08-04-2026,08-11-2026,2026-08-21 02:41:27,Origin,Origin,Tech,7017695540,https://dibbs2.bsm.dla.mil/Downloads/RFQ/R/SPE4A726T607R.PDF,https://www.dibbs.bsm.dla.mil/RFQ/RFQRec.aspx?sn=SPE4A726T607R,https://www.dibbs.bsm.dla.mil/rfq/rfqrec.aspx?sn=SPE4A726T607R,PANEL,5,20260930T154426Z,1560-01-549-8660,"PANEL,STRUCTURAL,AI",G,336413,3.0,,,2026-08-04,2026-08-11,PANEL,DIBBS|SPE4A726T607R|1560-01-549-8660,C01,Integrated Control / Indicator / HMI Panels,PANEL,PANEL,True,core,"broad keyword, but it is the item noun",Excluded: structural/airframe panel
SPE4A726T585Q,1560-00-196-4225,SPE4A726T585Q,07-22-2026,07-29-2026,2026-08-21 02:41:27,Origin,Origin,Tech,7017572743,https://dibbs2.bsm.dla.mil/Downloads/RFQ/Q/SPE4A726T585Q.PDF,https://www.dibbs.bsm.dla.mil/RFQ/RFQRec.aspx?sn=SPE4A726T585Q,https://www.dibbs.bsm.dla.mil/rfq/rfqrec.aspx?sn=SPE4A726T585Q,PANEL,5,20260930T154426Z,1560-00-196-4225,"PANEL,RH POST ASSY",C,336413,7.0,"61125 | 205-030-277-081 | ECHELON SUPPLY AND SERVICE, INC.",,2026-07-22,2026-07-29,PANEL,DIBBS|SPE4A726T585Q|1560-00-196-4225,C01,Integrated Control / Indicator / HMI Panels,PANEL,PANEL,True,core,"broad keyword, but it is the item noun",Excluded: structural/shelter/body panel (FSC 1560 = Airframe structural components)
SPE4A726T305Z,1560-01-014-8034,SPE4A726T305Z,05-01-2026,05-13-2026,2026-08-21 02:41:27,Origin,Origin,Tech,7016374770,https://dibbs2.bsm.dla.mil/Downloads/RFQ/Z/SPE4A726T305Z.PDF,https://www.dibbs.bsm.dla.mil/RFQ/RFQRec.aspx?sn=SPE4A726T305Z,https://www.dibbs.bsm.dla.mil/rfq/rfqrec.aspx?sn=SPE4A726T305Z,PANEL,5,20260930T154426Z,1560-01-014-8034,"PANEL,STRUCTURAL,AI",C,336413,4.0,059S2 | 4J31118-148A | AAR COMPONENT SERVICES - HOT SPRING,,2026-05-01,2026-05-13,PANEL,DIBBS|SPE4A726T305Z|1560-01-014-8034,C01,Integrated Control / Indicator / HMI Panels,PANEL,PANEL,True,core,"broad keyword, but it is the item noun",Excluded: structural/airframe panel
SPE4A726T293F,1560-00-108-2073,SPE4A726T293F,04-27-2026,05-07-2026,2026-08-21 02:41:27,Origin,Origin,Tech,7016438343,https://dibbs2.bsm.dla.mil/Downloads/RFQ/F/SPE4A726T293F.PDF,https://www.dibbs.bsm.dla.mil/RFQ/RFQRec.aspx?sn=SPE4A726T293F,https://www.dibbs.bsm.dla.mil/rfq/rfqrec.aspx?sn=SPE4A726T293F,PANEL,5,20260930T154426Z,1560-00-108-2073,"PANEL,STRUCTURAL,AI",C,336413,1.0,059S2 | 4W12542-148A | AAR COMPONENT SERVICES - HOT SPRING,,2026-04-27,2026-05-07,PANEL,DIBBS|SPE4A726T293F|1560-00-108-2073,C01,Integrated Control / Indicator / HMI Panels,PANEL,PANEL,True,core,"broad keyword, but it is the item noun",Excluded: structural/airframe panel
SPE4A726T081N,1560-01-680-7029,SPE4A726T081N,03-13-2026,03-20-2026,2026-08-21 02:41:27,Origin,Destination,Tech,7015853972,https://dibbs2.bsm.dla.mil/Downloads/RFQ/N/SPE4A726T081N.PDF,https://www.dibbs.bsm.dla.mil/RFQ/RFQRec.aspx?sn=SPE4A726T081N,https://www.dibbs.bsm.dla.mil/rfq/rfqrec.aspx?sn=SPE4A726T081N,PANEL,5,20260930T154426Z,1560-01-680-7029,"PANEL,STRUCTURAL,AI",C,336413,1.0,81205 | 114T2400-873 | THE BOEING COMPANY,,2026-03-13,2026-03-20,PANEL,DIBBS|SPE4A726T081N|1560-01-680-7029,C01,Integrated Control / Indicator / HMI Panels,PANEL,PANEL,True,core,"broad keyword, but it is the item noun",Excluded: structural/airframe panel
SPE4A526T7903,1560-01-387-7044,SPE4A526T7903,02-11-2026,02-18-2026,2026-08-21 02:41:27,Origin,Origin,Tech,7015369438,https://dibbs2.bsm.dla.mil/Downloads/RFQ/3/SPE4A526T7903.PDF,https://www.dibbs.bsm.dla.mil/RFQ/RFQRec.aspx?sn=SPE4A526T7903,https://www.dibbs.bsm.dla.mil/rfq/rfqrec.aspx?sn=SPE4A526T7903,PANEL,5,20260930T154426Z,1560-01-387-7044,"PANEL,STRUCTURAL,AI",C,336413,1.0,97499 | 209-032-821-109 | BELL TEXTRON INC,,2026-02-11,2026-02-18,PANEL,DIBBS|SPE4A526T7903|1560-01-387-7044,C01,Integrated Control / Indicator / HMI Panels,PANEL,PANEL,True,core,"broad keyword, but it is the item noun",Excluded: structural/airframe panel
SPE8E426T1927,9535-01-569-2367,SPE8E426T1927,07-27-2026,08-06-2026,2026-08-21 02:41:27,Origin,Destination,None,7017624037,https://dibbs2.bsm.dla.mil/Downloads/RFQ/7/SPE8E426T1927.PDF,https://www.dibbs.bsm.dla.mil/RFQ/RFQRec.aspx?sn=SPE8E426T1927,https://www.dibbs.bsm.dla.mil/rfq/rfqrec.aspx?sn=SPE8E426T1927,PANEL,5,20260930T154426Z,9535-01-569-2367,ARMOR CMPST PANEL,D,332111,35.0,0FPA5 | 880173030 | SAFARILAND LLC,,2026-07-27,2026-08-06,PANEL,DIBBS|SPE8E426T1927|9535-01-569-2367,C01,Integrated Control / Indicator / HMI Panels,PANEL,PANEL,True,core,"broad keyword, but it is the item noun",Excluded: structural/airframe panel
SPE4A725T323J,1560-01-630-7540,SPE4A725T323J,05-02-2025,05-09-2025,2026-08-21 02:41:27,Origin,Origin,Tech,7011172920,https://dibbs2.bsm.dla.mil/Downloads/RFQ/J/SPE4A725T323J.PDF,https://www.dibbs.bsm.dla.mil/RFQ/RFQRec.aspx?sn=SPE4A725T323J,https://www.dibbs.bsm.dla.mil/rfq/rfqrec.aspx?sn=SPE4A725T323J,PANEL,5,20260930T154426Z,1560-01-630-7540,"PANEL,STRUCTURAL,AI",C,336413,8.0,0WTG1 | L3053644-045 | APPLIED COMPOSITES ENGINEERING INC,,2025-05-02,2025-05-09,PANEL,DIBBS|SPE4A725T323J|1560-01-630-7540,C01,Integrated Control / Indicator / HMI Panels,PANEL,PANEL,True,core,"broad keyword, but it is the item noun",Excluded: structural/airframe panel
SPE4A526T272X,1560-01-699-3576,SPE4A526T272X,07-06-2026,07-13-2026,2026-08-21 02:41:27,Origin,Origin,None,7017384336,https://dibbs2.bsm.dla.mil/Downloads/RFQ/X/SPE4A526T272X.PDF,https://www.dibbs.bsm.dla.mil/RFQ/RFQRec.aspx?sn=SPE4A526T272X,https://www.dibbs.bsm.dla.mil/rfq/rfqrec.aspx?sn=SPE4A526T272X,PANEL,5,20260930T154426Z,1560-01-699-3576,"PANEL,STRUCTURAL,AIRCR",P,336413,2.0,8V613 | 7-311141110-603 | THE BOEING COMPANY,,2026-07-06,2026-07-13,PANEL,DIBBS|SPE4A526T272X|1560-01-699-3576,C01,Integrated Control / Indicator / HMI Panels,PANEL,PANEL,True,core,"broad keyword, but it is the item noun",Excluded: structural/airframe panel
SPE4A526T226D,1560-01-654-6084,SPE4A526T226D,06-12-2026,06-25-2026,2026-08-21 02:41:27,Origin,Destination,None,7017108139,https://dibbs2.bsm.dla.mil/Downloads/RFQ/D/SPE4A526T226D.PDF,https://www.dibbs.bsm.dla.mil/RFQ/RFQRec.aspx?sn=SPE4A526T226D,https://www.dibbs.bsm.dla.mil/rfq/rfqrec.aspx?sn=SPE4A526T226D,PANEL,5,20260930T154426Z,1560-01-654-6084,"PANEL,STRUCTURAL,AI",C,336413,2.0,81205 | 232T1407-501 | THE BOEING COMPANY,,2026-06-12,2026-06-25,PANEL,DIBBS|SPE4A526T226D|1560-01-654-6084,C01,Integrated Control / Indicator / HMI Panels,PANEL,PANEL,True,core,"broad keyword, but it is the item noun",Excluded: structural/airframe panel
SPE4A526T176Z,1560-01-454-0033,SPE4A526T176Z,05-21-2026,05-28-2026,2026-08-21 02:41:27,Origin,Origin,None,7016701970,https://dibbs2.bsm.dla.mil/Downloads/RFQ/Z/SPE4A526T176Z.PDF,https://www.dibbs.bsm.dla.mil/RFQ/RFQRec.aspx?sn=SPE4A526T176Z,https://www.dibbs.bsm.dla.mil/rfq/rfqrec.aspx?sn=SPE4A526T176Z,PANEL,5,20260930T154426Z,1560-01-454-0033,"PANEL,STRUCTURAL,AI",D,336413,2.0,76301 | 68A325304-2241 | THE BOEING COMPANY,,2026-05-21,2026-05-28,PANEL,DIBBS|SPE4A526T176Z|1560-01-454-0033,C01,Integrated Control / Indicator / HMI Panels,PANEL,PANEL,True,core,"broad keyword, but it is the item noun",Excluded: structural/airframe panel
SPE4A526T089H,1560-01-616-5759,SPE4A526T089H,04-23-2026,04-30-2026,2026-08-21 02:41:27,Origin,Destination,None,7016471874,https://dibbs2.bsm.dla.mil/Downloads/RFQ/H/SPE4A526T089H.PDF,https://www.dibbs.bsm.dla.mil/RFQ/RFQRec.aspx?sn=SPE4A526T089H,https://www.dibbs.bsm.dla.mil/rfq/rfqrec.aspx?sn=SPE4A526T089H,PANEL,5,20260930T154426Z,1560-01-616-5759,"PANEL,STRUCTURAL,AI",P,336413,2.0,8V613 | 7-511150321-101 | THE BOEING COMPANY,,2026-04-23,2026-04-30,PANEL,DIBBS|SPE4A526T089H|1560-01-616-5759,C01,Integrated Control / Indicator / HMI Panels,PANEL,PANEL,True,core,"broad keyword, but it is the item noun",Excluded: structural/airframe panel
SPE4A525T588S,1560-01-688-1891,SPE4A525T588S,07-21-2025,07-28-2025,2026-08-21 02:41:27,Origin,Destination,Tech,7012898653,https://dibbs2.bsm.dla.mil/Downloads/RFQ/S/SPE4A525T588S.PDF,https://www.dibbs.bsm.dla.mil/RFQ/RFQRec.aspx?sn=SPE4A525T588S,https://www.dibbs.bsm.dla.mil/rfq/rfqrec.aspx?sn=SPE4A525T588S,PANEL,5,20260930T154426Z,1560-01-688-1891,"PANEL,STRUCTURAL,AI",C,336413,3.0,81205 | 654T0513-1512 | THE BOEING COMPANY,,2025-07-21,2025-07-28,PANEL,DIBBS|SPE4A525T588S|1560-01-688-1891,C01,Integrated Control / Indicator / HMI Panels,PANEL,PANEL,True,core,"broad keyword, but it is the item noun",Excluded: structural/airframe panel
SPE4A524T488E,1560-01-472-0612,SPE4A524T488E,07-17-2024,07-24-2024,2026-08-21 02:41:27,Origin,Destination,None,7008365679,https://dibbs2.bsm.dla.mil/Downloads/RFQ/E/SPE4A524T488E.PDF,https://www.dibbs.bsm.dla.mil/RFQ/RFQRec.aspx?sn=SPE4A524T488E,https://www.dibbs.bsm.dla.mil/rfq/rfqrec.aspx?sn=SPE4A524T488E,PANEL,5,20260930T154426Z,1560-01-472-0612,"PANEL ASSY,ACCESS",C,336413,5.0,77272 | 901-034-111-102 | THE BOEING COMPANY,,2024-07-17,2024-07-24,PANEL,DIBBS|SPE4A524T488E|1560-01-472-0612,C01,Integrated Control / Indicator / HMI Panels,PANEL ASSEMBLY,PANEL; PANEL ASSEMBLY,False,core,,Excluded: structural/shelter/body panel (FSC 1560 = Airframe structural components)
SPE7L326T6602,2510-01-713-9985,SPE7L326T6602,03-09-2026,03-24-2026,2026-08-21 02:41:27,Origin,Origin,Tech,7008434129; 7008434130,https://dibbs2.bsm.dla.mil/Downloads/RFQ/2/SPE7L326T6602.PDF,https://www.dibbs.bsm.dla.mil/RFQ/RFQRec.aspx?sn=SPE7L326T6602,https://www.dibbs.bsm.dla.mil/rfq/rfqrec.aspx?sn=SPE7L326T6602,PANEL,6,20260930T154443Z,2510-01-713-9985,"PANEL,BODY,VEHICULA",G,332999,2.0,,,2026-03-09,2026-03-24,PANEL,DIBBS|SPE7L326T6602|2510-01-713-9985,C01,Integrated Control / Indicator / HMI Panels,PANEL,PANEL,True,core,"broad keyword, but it is the item noun",Excluded: structural/airframe panel
SPE7L326T5204,2510-01-701-4686,SPE7L326T5204,01-23-2026,02-02-2026,2026-08-21 02:41:27,Origin,Origin,Tech,7013269510,https://dibbs2.bsm.dla.mil/Downloads/RFQ/4/SPE7L326T5204.PDF,https://www.dibbs.bsm.dla.mil/RFQ/RFQRec.aspx?sn=SPE7L326T5204,https://www.dibbs.bsm.dla.mil/rfq/rfqrec.aspx?sn=SPE7L326T5204,PANEL,6,20260930T154443Z,2510-01-701-4686,"PANEL,BODY,VEHICULA",G,332999,3.0,,,2026-01-23,2026-02-02,PANEL,DIBBS|SPE7L326T5204|2510-01-701-4686,C01,Integrated Control / Indicator / HMI Panels,PANEL,PANEL,True,core,"broad keyword, but it is the item noun",Excluded: structural/airframe panel
SPE7L126T875P,2510-01-713-9991,SPE7L126T875P,07-24-2026,08-06-2026,2026-08-21 02:41:27,Origin,Origin,Tech,7012197882,https://dibbs2.bsm.dla.mil/Downloads/RFQ/P/SPE7L126T875P.PDF,https://www.dibbs.bsm.dla.mil/RFQ/RFQRec.aspx?sn=SPE7L126T875P,https://www.dibbs.bsm.dla.mil/rfq/rfqrec.aspx?sn=SPE7L126T875P,PANEL,6,20260930T154443Z,2510-01-713-9991,"PANEL,BODY,VEHICULA",G,332999,1.0,,,2026-07-24,2026-08-06,PANEL,DIBBS|SPE7L126T875P|2510-01-713-9991,C01,Integrated Control / Indicator / HMI Panels,PANEL,PANEL,True,core,"broad keyword, but it is the item noun",Excluded: structural/airframe panel
SPE7L326T2404,2510-01-509-1326,SPE7L326T2404,11-12-2025,11-24-2025,2026-08-21 02:41:27,Origin,Origin,Tech,7014421863,https://dibbs2.bsm.dla.mil/Downloads/RFQ/4/SPE7L326T2404.PDF,https://www.dibbs.bsm.dla.mil/RFQ/RFQRec.aspx?sn=SPE7L326T2404,https://www.dibbs.bsm.dla.mil/rfq/rfqrec.aspx?sn=SPE7L326T2404,PANEL,6,20260930T154443Z,2510-01-509-1326,"PANEL,VEHICULAR OPE",G,332999,1.0,,,2025-11-12,2025-11-24,LAMP; PANEL,DIBBS|SPE7L326T2404|2510-01-509-1326,C01,Integrated Control / Indicator / HMI Panels,PANEL,PANEL,True,core,"broad keyword, but it is the item noun","Excluded: structural/shelter/body panel (FSC 2510 = Vehicular cab, body and frame structural components)"
SPE4A726T618U,1560-01-476-7327,SPE4A726T618U,08-06-2026,08-13-2026,2026-08-21 02:41:27,Origin,Origin,Tech,7017739993,https://dibbs2.bsm.dla.mil/Downloads/RFQ/U/SPE4A726T618U.PDF,https://www.dibbs.bsm.dla.mil/RFQ/RFQRec.aspx?sn=SPE4A726T618U,https://www.dibbs.bsm.dla.mil/rfq/rfqrec.aspx?sn=SPE4A726T618U,PANEL,6,20260930T154443Z,1560-01-476-7327,"WINDOW PANEL,AIRCRA",C,336413,37.0,8P093 | 209-030-507-103 | LLAMAS PLASTICS INC,,2026-08-06,2026-08-13,PANEL; WINDOW,DIBBS|SPE4A726T618U|1560-01-476-7327,C04,Lenses / Windows / Covers / Housings,WINDOW,PANEL; WINDOW,True,core,"broad keyword, but it is the item noun",Excluded: structural/shelter/body panel (FSC 1560 = Airframe structural components)
SPE4A726T615F,1560-14-546-8327,SPE4A726T615F,08-05-2026,08-12-2026,2026-08-21 02:41:27,Origin,Origin,None,7017741048,https://dibbs2.bsm.dla.mil/Downloads/RFQ/F/SPE4A726T615F.PDF,https://www.dibbs.bsm.dla.mil/RFQ/RFQRec.aspx?sn=SPE4A726T615F,https://www.dibbs.bsm.dla.mil/rfq/rfqrec.aspx?sn=SPE4A726T615F,PANEL,6,20260930T154443Z,1560-14-546-8327,"WINDOW PANEL,AIRCRA",P,336413,2.0,,,2026-08-05,2026-08-12,PANEL; WINDOW,DIBBS|SPE4A726T615F|1560-14-546-8327,C04,Lenses / Windows / Covers / Housings,WINDOW,PANEL; WINDOW,True,core,"broad keyword, but it is the item noun",Excluded: structural/shelter/body panel (FSC 1560 = Airframe structural components)
SPE4A726T560L,1560-01-737-7295,SPE4A726T560L,07-09-2026,07-16-2026,2026-08-21 02:41:27,Origin,Origin,None,7016645661,https://dibbs2.bsm.dla.mil/Downloads/RFQ/L/SPE4A726T560L.PDF,https://www.dibbs.bsm.dla.mil/RFQ/RFQRec.aspx?sn=SPE4A726T560L,https://www.dibbs.bsm.dla.mil/rfq/rfqrec.aspx?sn=SPE4A726T560L,PANEL,6,20260930T154443Z,1560-01-737-7295,"WINDOW PANEL,AIRCRA",P,336413,10.0,08484 | BL-19802-1 | BREEZE-EASTERN LLC,,2026-07-09,2026-07-16,PANEL; WINDOW,DIBBS|SPE4A726T560L|1560-01-737-7295,C04,Lenses / Windows / Covers / Housings,WINDOW,PANEL; WINDOW,True,core,"broad keyword, but it is the item noun",Excluded: structural/shelter/body panel (FSC 1560 = Airframe structural components)
SPE4A726T516E,1560-01-554-3006,SPE4A726T516E,06-18-2026,06-25-2026,2026-08-21 02:41:27,Origin,Origin,Tech,7017199611,https://dibbs2.bsm.dla.mil/Downloads/RFQ/E/SPE4A726T516E.PDF,https://www.dibbs.bsm.dla.mil/RFQ/RFQRec.aspx?sn=SPE4A726T516E,https://www.dibbs.bsm.dla.mil/rfq/rfqrec.aspx?sn=SPE4A726T516E,PANEL,6,20260930T154443Z,1560-01-554-3006,"WINDOW PANEL,AIRCRA",C,336413,8.0,12035 | 4F11103-104A | SIERRACIN CORPORATION,,2026-06-18,2026-06-25,PANEL; WINDOW,DIBBS|SPE4A726T516E|1560-01-554-3006,C04,Lenses / Windows / Covers / Housings,WINDOW,PANEL; WINDOW,True,core,"broad keyword, but it is the item noun",Excluded: structural/shelter/body panel (FSC 1560 = Airframe structural components)
SPE4A526T329B,1560-01-707-4614,SPE4A526T329B,08-05-2026,08-12-2026,2026-08-21 02:41:27,Origin,Destination,None,7017571303,https://dibbs2.bsm.dla.mil/Downloads/RFQ/B/SPE4A526T329B.PDF,https://www.dibbs.bsm.dla.mil/RFQ/RFQRec.aspx?sn=SPE4A526T329B,https://www.dibbs.bsm.dla.mil/rfq/rfqrec.aspx?sn=SPE4A526T329B,PANEL,6,20260930T154443Z,1560-01-707-4614,"PANEL,STRUCTURAL,AI",R,336413,1.0,82918 | 520-19415-501 | THE BOEING COMPANY,,2026-08-05,2026-08-12,PANEL,DIBBS|SPE4A526T329B|1560-01-707-4614,C01,Integrated Control / Indicator / HMI Panels,PANEL,PANEL,True,core,"broad keyword, but it is the item noun",Excluded: structural/airframe panel
SPE4A526T303Z,1560-01-615-1491,SPE4A526T303Z,07-22-2026,07-29-2026,2026-08-21 02:41:27,Origin,Destination,None,7017529485,https://dibbs2.bsm.dla.mil/Downloads/RFQ/Z/SPE4A526T303Z.PDF,https://www.dibbs.bsm.dla.mil/RFQ/RFQRec.aspx?sn=SPE4A526T303Z,https://www.dibbs.bsm.dla.mil/rfq/rfqrec.aspx?sn=SPE4A526T303Z,PANEL,6,20260930T154443Z,1560-01-615-1491,"PANEL,STRUCTURAL,AIRCR",C,336413,3.0,78286 | 71500-22104-058 | SIKORSKY AIRCRAFT CORPORATION,,2026-07-22,2026-07-29,PANEL,DIBBS|SPE4A526T303Z|1560-01-615-1491,C01,Integrated Control / Indicator / HMI Panels,PANEL,PANEL,True,core,"broad keyword, but it is the item noun",Excluded: structural/airframe panel
SPE4A526T290M,1560-00-470-5357,SPE4A526T290M,07-15-2026,07-22-2026,2026-08-21 02:41:27,Origin,Origin,None,7017408961,https://dibbs2.bsm.dla.mil/Downloads/RFQ/M/SPE4A526T290M.PDF,https://www.dibbs.bsm.dla.mil/RFQ/RFQRec.aspx?sn=SPE4A526T290M,https://www.dibbs.bsm.dla.mil/rfq/rfqrec.aspx?sn=SPE4A526T290M,PANEL,6,20260930T154443Z,1560-00-470-5357,"PANEL,STRUCTURAL,AI",C,336413,1.0,97499 | 205-030-407-445 | BELL TEXTRON INC,,2026-07-15,2026-07-22,PANEL,DIBBS|SPE4A526T290M|1560-00-470-5357,C01,Integrated Control / Indicator / HMI Panels,PANEL,PANEL,True,core,"broad keyword, but it is the item noun",Excluded: structural/airframe panel
SPE4A526T278N,1560-01-603-0250,SPE4A526T278N,07-08-2026,07-15-2026,2026-08-21 02:41:27,Origin,Destination,None,7013632335,https://dibbs2.bsm.dla.mil/Downloads/RFQ/N/SPE4A526T278N.PDF,https://www.dibbs.bsm.dla.mil/RFQ/RFQRec.aspx?sn=SPE4A526T278N,https://www.dibbs.bsm.dla.mil/rfq/rfqrec.aspx?sn=SPE4A526T278N,PANEL,6,20260930T154443Z,1560-01-603-0250,"PANEL,STRUCTURAL,AI",C,336413,10.0,97499 | 449-030-228-127 | BELL TEXTRON INC,,2026-07-08,2026-07-15,PANEL,DIBBS|SPE4A526T278N|1560-01-603-0250,C01,Integrated Control / Indicator / HMI Panels,PANEL,PANEL,True,core,"broad keyword, but it is the item noun",Excluded: structural/airframe panel
SPE4A526T204V,1560-01-566-9361,SPE4A526T204V,06-03-2026,06-10-2026,2026-08-21 02:41:27,Origin,Destination,None,7017011381,https://dibbs2.bsm.dla.mil/Downloads/RFQ/V/SPE4A526T204V.PDF,https://www.dibbs.bsm.dla.mil/RFQ/RFQRec.aspx?sn=SPE4A526T204V,https://www.dibbs.bsm.dla.mil/rfq/rfqrec.aspx?sn=SPE4A526T204V,PANEL,6,20260930T154443Z,1560-01-566-9361,"PANEL,STRUCTURAL,AI",C,336413,7.0,78286 | 96209-01011-108 | SIKORSKY AIRCRAFT CORPORATION,,2026-06-03,2026-06-10,PANEL,DIBBS|SPE4A526T204V|1560-01-566-9361,C01,Integrated Control / Indicator / HMI Panels,PANEL,PANEL,True,core,"broad keyword, but it is the item noun",Excluded: structural/airframe panel
SPE4A526T173N,1560-01-707-4614,SPE4A526T173N,05-20-2026,05-27-2026,2026-08-21 02:41:27,Origin,Destination,Tech,7016752563,https://dibbs2.bsm.dla.mil/Downloads/RFQ/N/SPE4A526T173N.PDF,https://www.dibbs.bsm.dla.mil/RFQ/RFQRec.aspx?sn=SPE4A526T173N,https://www.dibbs.bsm.dla.mil/rfq/rfqrec.aspx?sn=SPE4A526T173N,PANEL,6,20260930T154443Z,1560-01-707-4614,"PANEL,STRUCTURAL,AI",R,336413,1.0,82918 | 520-19415-501 | THE BOEING COMPANY,,2026-05-20,2026-05-27,PANEL,DIBBS|SPE4A526T173N|1560-01-707-4614,C01,Integrated Control / Indicator / HMI Panels,PANEL,PANEL,True,core,"broad keyword, but it is the item noun",Excluded: structural/airframe panel
SPE4A526T103P,1560-01-723-6117,SPE4A526T103P,04-29-2026,05-06-2026,2026-08-21 02:41:27,Origin,Destination,Tech,7016471972,https://dibbs2.bsm.dla.mil/Downloads/RFQ/P/SPE4A526T103P.PDF,https://www.dibbs.bsm.dla.mil/RFQ/RFQRec.aspx?sn=SPE4A526T103P,https://www.dibbs.bsm.dla.mil/rfq/rfqrec.aspx?sn=SPE4A526T103P,PANEL,6,20260930T154443Z,1560-01-723-6117,"PANEL,STRUCTURAL,AI",C,336413,3.0,81205 | 411T3481-58B | THE BOEING COMPANY,,2026-04-29,2026-05-06,PANEL,DIBBS|SPE4A526T103P|1560-01-723-6117,C01,Integrated Control / Indicator / HMI Panels,PANEL,PANEL,True,core,"broad keyword, but it is the item noun",Excluded: structural/airframe panel
SPE7L526T3369,2510-01-480-0373,SPE7L526T3369,05-08-2026,05-18-2026,2026-08-21 02:41:27,Origin,Destination,None,7016691056,https://dibbs2.bsm.dla.mil/Downloads/RFQ/9/SPE7L526T3369.PDF,https://www.dibbs.bsm.dla.mil/RFQ/RFQRec.aspx?sn=SPE7L526T3369,https://www.dibbs.bsm.dla.mil/rfq/rfqrec.aspx?sn=SPE7L526T3369,PANEL,6,20260930T154443Z,2510-01-480-0373,"PANEL,DASH",D,332999,33.0,75Q65 | 9HB648 | OSHKOSH DEFENSE LLC,,2026-05-08,2026-05-18,PANEL,DIBBS|SPE7L526T3369|2510-01-480-0373,C01,Integrated Control / Indicator / HMI Panels,PANEL,PANEL,True,core,"broad keyword, but it is the item noun","Excluded: structural/shelter/body panel (FSC 2510 = Vehicular cab, body and frame structural components)"
SPE4A626T87H0,1560-01-459-5173,SPE4A626T87H0,06-11-2026,06-18-2026,2026-08-21 02:41:27,Origin,Destination,None,7014178336,https://dibbs2.bsm.dla.mil/Downloads/RFQ/0/SPE4A626T87H0.PDF,https://www.dibbs.bsm.dla.mil/RFQ/RFQRec.aspx?sn=SPE4A626T87H0,https://www.dibbs.bsm.dla.mil/rfq/rfqrec.aspx?sn=SPE4A626T87H0,PANEL,6,20260930T154443Z,1560-01-459-5173,"PANEL,STRUCTURAL,AI",C,336413,5.0,70974 | 123W10697-612 | NORTHROP GRUMMAN SYSTEMS CORPORATIO,,2026-06-11,2026-06-18,PANEL,DIBBS|SPE4A626T87H0|1560-01-459-5173,C01,Integrated Control / Indicator / HMI Panels,PANEL,PANEL,True,core,"broad keyword, but it is the item noun",Excluded: structural/airframe panel
SPE4A525T647Q,1560-01-602-7867,SPE4A525T647Q,08-11-2025,08-18-2025,2026-08-21 02:41:27,Origin,Origin,Tech,7013232733,https://dibbs2.bsm.dla.mil/Downloads/RFQ/Q/SPE4A525T647Q.PDF,https://www.dibbs.bsm.dla.mil/RFQ/RFQRec.aspx?sn=SPE4A525T647Q,https://www.dibbs.bsm.dla.mil/rfq/rfqrec.aspx?sn=SPE4A525T647Q,PANEL,6,20260930T154443Z,1560-01-602-7867,"WINDOW PANEL,AIRCRA",C,336413,1.0,78286 | 70206-21202-051 | SIKORSKY AIRCRAFT CORPORATION,,2025-08-11,2025-08-18,PANEL; WINDOW,DIBBS|SPE4A525T647Q|1560-01-602-7867,C04,Lenses / Windows / Covers / Housings,WINDOW,PANEL; WINDOW,True,core,"broad keyword, but it is the item noun",Excluded: structural/shelter/body panel (FSC 1560 = Airframe structural components)
SPE4A525T564V,1560-01-373-1810,SPE4A525T564V,07-17-2025,07-24-2025,2026-08-21 02:41:27,Origin,Origin,Tech,7012985401,https://dibbs2.bsm.dla.mil/Downloads/RFQ/V/SPE4A525T564V.PDF,https://www.dibbs.bsm.dla.mil/RFQ/RFQRec.aspx?sn=SPE4A525T564V,https://www.dibbs.bsm.dla.mil/rfq/rfqrec.aspx?sn=SPE4A525T564V,PANEL,6,20260930T154443Z,1560-01-373-1810,"PANEL,STRUCTURAL,AI",G,336413,1.0,,,2025-07-17,2025-07-24,PANEL,DIBBS|SPE4A525T564V|1560-01-373-1810,C01,Integrated Control / Indicator / HMI Panels,PANEL,PANEL,True,core,"broad keyword, but it is the item noun",Excluded: structural/airframe panel
SPE4A525T451P,1560-01-710-7743,SPE4A525T451P,06-05-2025,06-12-2025,2026-08-21 02:41:27,Origin,Destination,None,7011172589,https://dibbs2.bsm.dla.mil/Downloads/RFQ/P/SPE4A525T451P.PDF,https://www.dibbs.bsm.dla.mil/RFQ/RFQRec.aspx?sn=SPE4A525T451P,https://www.dibbs.bsm.dla.mil/rfq/rfqrec.aspx?sn=SPE4A525T451P,PANEL,6,20260930T154443Z,1560-01-710-7743,"PANEL,STRUCTURAL,AI",D,336413,4.0,78286 | 70219-04500-053 | SIKORSKY AIRCRAFT CORPORATION,,2025-06-05,2025-06-12,PANEL,DIBBS|SPE4A525T451P|1560-01-710-7743,C01,Integrated Control / Indicator / HMI Panels,PANEL,PANEL,True,core,"broad keyword, but it is the item noun",Excluded: structural/airframe panel
SPE7L326T167M,2510-01-680-8026,SPE7L326T167M,08-07-2026,08-17-2026,2026-08-21 02:41:27,Origin,Origin,Tech,7017275376,https://dibbs2.bsm.dla.mil/Downloads/RFQ/M/SPE7L326T167M.PDF,https://www.dibbs.bsm.dla.mil/RFQ/RFQRec.aspx?sn=SPE7L326T167M,https://www.dibbs.bsm.dla.mil/rfq/rfqrec.aspx?sn=SPE7L326T167M,PANEL,6,20260930T154443Z,2510-01-680-8026,"PANEL,BODY,VEHICULA",G,332999,1.0,,,2026-08-07,2026-08-17,PANEL,DIBBS|SPE7L326T167M|2510-01-680-8026,C01,Integrated Control / Indicator / HMI Panels,PANEL,PANEL,True,core,"broad keyword, but it is the item noun",Excluded: structural/airframe panel
SPE7L326T157Q,2510-01-590-8346,SPE7L326T157Q,08-07-2026,08-20-2026,2026-08-21 02:41:27,Origin,Destination,None,7017777338,https://dibbs2.bsm.dla.mil/Downloads/RFQ/Q/SPE7L326T157Q.PDF,https://www.dibbs.bsm.dla.mil/RFQ/RFQRec.aspx?sn=SPE7L326T157Q,https://www.dibbs.bsm.dla.mil/rfq/rfqrec.aspx?sn=SPE7L326T157Q,PANEL,6,20260930T154443Z,2510-01-590-8346,"PANEL,VEHICULAR OPERAT",D,332999,2.0,80195 | 5252096 | ED ETNYRE & CO,,2026-08-07,2026-08-20,PANEL,DIBBS|SPE7L326T157Q|2510-01-590-8346,C01,Integrated Control / Indicator / HMI Panels,PANEL,PANEL,True,core,"broad keyword, but it is the item noun","Excluded: structural/shelter/body panel (FSC 2510 = Vehicular cab, body and frame structural components)"
SPE4A626T71U5,1560-01-272-3087,SPE4A626T71U5,05-27-2026,06-03-2026,2026-08-21 02:41:27,Origin,Origin,Tech,7016646824,https://dibbs2.bsm.dla.mil/Downloads/RFQ/5/SPE4A626T71U5.PDF,https://www.dibbs.bsm.dla.mil/RFQ/RFQRec.aspx?sn=SPE4A626T71U5,https://www.dibbs.bsm.dla.mil/rfq/rfqrec.aspx?sn=SPE4A626T71U5,PANEL,6,20260930T154443Z,1560-01-272-3087,"PANEL,STRUCTURAL,AI",G,336413,4.0,,,2026-05-27,2026-06-03,PANEL,DIBBS|SPE4A626T71U5|1560-01-272-3087,C01,Integrated Control / Indicator / HMI Panels,PANEL,PANEL,True,core,"broad keyword, but it is the item noun",Excluded: structural/airframe panel
SPE4A626T475H,1560-00-690-7289,SPE4A626T475H,01-14-2026,01-21-2026,2026-08-21 02:41:27,Origin,Origin,Tech,7015111084,https://dibbs2.bsm.dla.mil/Downloads/RFQ/H/SPE4A626T475H.PDF,https://www.dibbs.bsm.dla.mil/RFQ/RFQRec.aspx?sn=SPE4A626T475H,https://www.dibbs.bsm.dla.mil/rfq/rfqrec.aspx?sn=SPE4A626T475H,PANEL,6,20260930T154443Z,1560-00-690-7289,"WINDOW PANEL,AIRCRAFT",C,336413,32.0,97499 | 204-030-770-2 | BELL TEXTRON INC,,2026-01-14,2026-01-21,PANEL; WINDOW,DIBBS|SPE4A626T475H|1560-00-690-7289,C04,Lenses / Windows / Covers / Housings,WINDOW,PANEL; WINDOW,True,core,"broad keyword, but it is the item noun",Excluded: structural/shelter/body panel (FSC 1560 = Airframe structural components)
SPE4A726T673X,1560-01-196-8898,SPE4A726T673X,08-19-2026,08-26-2026,2026-08-21 02:41:27,Origin,Origin,Tech,7017940492,https://dibbs2.bsm.dla.mil/Downloads/RFQ/X/SPE4A726T673X.PDF,https://www.dibbs.bsm.dla.mil/RFQ/RFQRec.aspx?sn=SPE4A726T673X,https://www.dibbs.bsm.dla.mil/rfq/rfqrec.aspx?sn=SPE4A726T673X,PANEL,6,20260930T154443Z,1560-01-196-8898,"PANEL,STRUCTURAL,AIRCR",G,336413,1.0,,,2026-08-19,2026-08-26,PANEL,DIBBS|SPE4A726T673X|1560-01-196-8898,C01,Integrated Control / Indicator / HMI Panels,PANEL,PANEL,True,core,"broad keyword, but it is the item noun",Excluded: structural/airframe panel
SPE4A626T19SF,1560-01-690-1376,SPE4A626T19SF,08-19-2026,08-26-2026,2026-08-21 02:41:27,Origin,Destination,None,7017939151,https://dibbs2.bsm.dla.mil/Downloads/RFQ/F/SPE4A626T19SF.PDF,https://www.dibbs.bsm.dla.mil/RFQ/RFQRec.aspx?sn=SPE4A626T19SF,https://www.dibbs.bsm.dla.mil/rfq/rfqrec.aspx?sn=SPE4A626T19SF,PANEL,6,20260930T154443Z,1560-01-690-1376,"PANEL,STRUCTURAL,AI",Q,336413,4.0,78286 | 96203-85204-111 | SIKORSKY AIRCRAFT CORPORATION,,2026-08-19,2026-08-26,PANEL,DIBBS|SPE4A626T19SF|1560-01-690-1376,C01,Integrated Control / Indicator / HMI Panels,PANEL,PANEL,True,core,"broad keyword, but it is the item noun",Excluded: structural/airframe panel
SPE7L126T983X,2510-01-477-5171,SPE7L126T983X,08-19-2026,08-31-2026,2026-08-21 02:41:27,Origin,Destination,None,7017919328,https://dibbs2.bsm.dla.mil/Downloads/RFQ/X/SPE7L126T983X.PDF,https://www.dibbs.bsm.dla.mil/RFQ/RFQRec.aspx?sn=SPE7L126T983X,https://www.dibbs.bsm.dla.mil/rfq/rfqrec.aspx?sn=SPE7L126T983X,PANEL,6,20260930T154443Z,2510-01-477-5171,"PANEL,BODY,VEHICULA",L,336211,1.0,12361 | 2140800976 | GROVE U.S. LLC,,2026-08-19,2026-08-31,PANEL,DIBBS|SPE7L126T983X|2510-01-477-5171,C01,Integrated Control / Indicator / HMI Panels,PANEL,PANEL,True,core,"broad keyword, but it is the item noun",Excluded: structural/airframe panel
SPE4A726T677A,1560-01-092-3129,SPE4A726T677A,08-19-2026,08-26-2026,2026-08-21 02:41:27,Origin,Origin,Tech,7014216175,https://dibbs2.bsm.dla.mil/Downloads/RFQ/A/SPE4A726T677A.PDF,https://www.dibbs.bsm.dla.mil/RFQ/RFQRec.aspx?sn=SPE4A726T677A,https://www.dibbs.bsm.dla.mil/rfq/rfqrec.aspx?sn=SPE4A726T677A,PANEL,6,20260930T154443Z,1560-01-092-3129,PANEL INSTALLATION,C,336413,6.0,0CMM5 | 5-96734-3 | CRAFT MANUFACTURING AND TOOLING INC,,2026-08-19,2026-08-26,PANEL,DIBBS|SPE4A726T677A|1560-01-092-3129,C01,Integrated Control / Indicator / HMI Panels,PANEL,PANEL,True,core,"broad keyword, but it is the item noun",Excluded: structural/shelter/body panel (FSC 1560 = Airframe structural components)
SPE7L126T159M,2510-01-570-4961,SPE7L126T159M,03-02-2026,03-12-2026,2026-08-21 02:41:27,Origin,Origin,None,7015546222,https://dibbs2.bsm.dla.mil/Downloads/RFQ/M/SPE7L126T159M.PDF,https://www.dibbs.bsm.dla.mil/RFQ/RFQRec.aspx?sn=SPE7L126T159M,https://www.dibbs.bsm.dla.mil/rfq/rfqrec.aspx?sn=SPE7L126T159M,PANEL,6,20260930T154443Z,2510-01-570-4961,"PANEL,BODY,VEHICULA",C,336370,23.0,076M6 | MRP22312-004 | AMZ ALABAMA INC.,,2026-03-02,2026-03-12,PANEL,DIBBS|SPE7L126T159M|2510-01-570-4961,C01,Integrated Control / Indicator / HMI Panels,PANEL,PANEL,True,core,"broad keyword, but it is the item noun",Excluded: structural/airframe panel
SPE4A726T7680,1560-00-608-7397,SPE4A726T7680,01-15-2026,01-22-2026,2026-08-21 02:41:27,Origin,Origin,Tech,7014230297,https://dibbs2.bsm.dla.mil/Downloads/RFQ/0/SPE4A726T7680.PDF,https://www.dibbs.bsm.dla.mil/RFQ/RFQRec.aspx?sn=SPE4A726T7680,https://www.dibbs.bsm.dla.mil/rfq/rfqrec.aspx?sn=SPE4A726T7680,PANEL,6,20260930T154443Z,1560-00-608-7397,"PANEL ASSEMBLY,LOWE",C,336413,9.0,0CMM5 | 5-86506-65 | CRAFT MANUFACTURING AND TOOLING INC,,2026-01-15,2026-01-22,PANEL,DIBBS|SPE4A726T7680|1560-00-608-7397,C01,Integrated Control / Indicator / HMI Panels,PANEL ASSEMBLY,PANEL; PANEL ASSEMBLY,False,core,,Excluded: structural/shelter/body panel (FSC 1560 = Airframe structural components)
SPE4A726T644Z,1560-01-691-1906,SPE4A726T644Z,08-12-2026,08-19-2026,2026-08-21 02:41:27,Origin,Origin,Tech,7017199315,https://dibbs2.bsm.dla.mil/Downloads/RFQ/Z/SPE4A726T644Z.PDF,https://www.dibbs.bsm.dla.mil/RFQ/RFQRec.aspx?sn=SPE4A726T644Z,https://www.dibbs.bsm.dla.mil/rfq/rfqrec.aspx?sn=SPE4A726T644Z,PANEL,6,20260930T154443Z,1560-01-691-1906,"PANEL,RADOME",C,336413,24.0,No | Data | found,,2026-08-12,2026-08-19,PANEL,DIBBS|SPE4A726T644Z|1560-01-691-1906,C01,Integrated Control / Indicator / HMI Panels,PANEL,PANEL,True,core,"broad keyword, but it is the item noun",Excluded: structural/shelter/body panel (FSC 1560 = Airframe structural components)
SPE4A726T633E,1560-01-196-4395,SPE4A726T633E,08-10-2026,08-17-2026,2026-08-21 02:41:27,Origin,Origin,Tech,7017487529,https://dibbs2.bsm.dla.mil/Downloads/RFQ/E/SPE4A726T633E.PDF,https://www.dibbs.bsm.dla.mil/RFQ/RFQRec.aspx?sn=SPE4A726T633E,https://www.dibbs.bsm.dla.mil/rfq/rfqrec.aspx?sn=SPE4A726T633E,PANEL,6,20260930T154443Z,1560-01-196-4395,"PANEL,STRUCTURAL,AI",G,336413,2.0,,,2026-08-10,2026-08-17,PANEL,DIBBS|SPE4A726T633E|1560-01-196-4395,C01,Integrated Control / Indicator / HMI Panels,PANEL,PANEL,True,core,"broad keyword, but it is the item noun",Excluded: structural/airframe panel
SPE4A726T573J,1560-01-014-4484,SPE4A726T573J,07-15-2026,07-27-2026,2026-08-21 02:41:27,Origin,Origin,Tech,7016849454,https://dibbs2.bsm.dla.mil/Downloads/RFQ/J/SPE4A726T573J.PDF,https://www.dibbs.bsm.dla.mil/RFQ/RFQRec.aspx?sn=SPE4A726T573J,https://www.dibbs.bsm.dla.mil/rfq/rfqrec.aspx?sn=SPE4A726T573J,PANEL,6,20260930T154443Z,1560-01-014-4484,"PANEL,STRUCTURAL,AI",C,336413,1.0,059S2 | 4J31115-126A | AAR COMPONENT SERVICES - HOT SPRING,,2026-07-15,2026-07-27,PANEL,DIBBS|SPE4A726T573J|1560-01-014-4484,C01,Integrated Control / Indicator / HMI Panels,PANEL,PANEL,True,core,"broad keyword, but it is the item noun",Excluded: structural/airframe panel
SPE4A726T409L,1560-01-013-4734,SPE4A726T409L,05-26-2026,06-02-2026,2026-08-21 02:41:27,Origin,Origin,Tech,7016335507,https://dibbs2.bsm.dla.mil/Downloads/RFQ/L/SPE4A726T409L.PDF,https://www.dibbs.bsm.dla.mil/RFQ/RFQRec.aspx?sn=SPE4A726T409L,https://www.dibbs.bsm.dla.mil/rfq/rfqrec.aspx?sn=SPE4A726T409L,PANEL,6,20260930T154443Z,1560-01-013-4734,"PANEL,INTERIOR TRIM",G,336413,3.0,,,2026-05-26,2026-06-02,PANEL,DIBBS|SPE4A726T409L|1560-01-013-4734,C01,Integrated Control / Indicator / HMI Panels,PANEL,PANEL,True,core,"broad keyword, but it is the item noun",Excluded: structural/shelter/body panel (FSC 1560 = Airframe structural components)
SPE4A726T401K,1560-01-116-1954,SPE4A726T401K,05-22-2026,05-29-2026,2026-08-21 02:41:27,Origin,Origin,Tech,7016708600,https://dibbs2.bsm.dla.mil/Downloads/RFQ/K/SPE4A726T401K.PDF,https://www.dibbs.bsm.dla.mil/RFQ/RFQRec.aspx?sn=SPE4A726T401K,https://www.dibbs.bsm.dla.mil/rfq/rfqrec.aspx?sn=SPE4A726T401K,PANEL,6,20260930T154443Z,1560-01-116-1954,"PANEL,STRUCTURAL,AI",G,336413,8.0,,,2026-05-22,2026-05-29,PANEL,DIBBS|SPE4A726T401K|1560-01-116-1954,C01,Integrated Control / Indicator / HMI Panels,PANEL,PANEL,True,core,"broad keyword, but it is the item noun",Excluded: structural/airframe panel
SPE4A726T326L,1560-01-231-2352,SPE4A726T326L,05-08-2026,05-27-2026,2026-08-21 02:41:27,Origin,Origin,Tech,7016438954,https://dibbs2.bsm.dla.mil/Downloads/RFQ/L/SPE4A726T326L.PDF,https://www.dibbs.bsm.dla.mil/RFQ/RFQRec.aspx?sn=SPE4A726T326L,https://www.dibbs.bsm.dla.mil/rfq/rfqrec.aspx?sn=SPE4A726T326L,PANEL,6,20260930T154443Z,1560-01-231-2352,"PANEL,STRUCTURAL,AI",C,336413,3.0,059S2 | 4F41271-139B | AAR COMPONENT SERVICES - HOT SPRING,,2026-05-08,2026-05-27,PANEL,DIBBS|SPE4A726T326L|1560-01-231-2352,C01,Integrated Control / Indicator / HMI Panels,PANEL,PANEL,True,core,"broad keyword, but it is the item noun",Excluded: structural/airframe panel
SPE4A726T258S,1560-01-114-7154,SPE4A726T258S,04-16-2026,04-23-2026,2026-08-21 02:41:27,Origin,Origin,Tech,7016285653,https://dibbs2.bsm.dla.mil/Downloads/RFQ/S/SPE4A726T258S.PDF,https://www.dibbs.bsm.dla.mil/RFQ/RFQRec.aspx?sn=SPE4A726T258S,https://www.dibbs.bsm.dla.mil/rfq/rfqrec.aspx?sn=SPE4A726T258S,PANEL,6,20260930T154443Z,1560-01-114-7154,"PANEL,AILERON",G,336413,1.0,,,2026-04-16,2026-04-23,PANEL,DIBBS|SPE4A726T258S|1560-01-114-7154,C01,Integrated Control / Indicator / HMI Panels,PANEL,PANEL,True,core,"broad keyword, but it is the item noun",Excluded: structural/shelter/body panel (FSC 1560 = Airframe structural components)
SPE4A726T254Z,1560-01-263-4341,SPE4A726T254Z,04-15-2026,04-27-2026,2026-08-21 02:41:27,Origin,Origin,Tech,7016337473,https://dibbs2.bsm.dla.mil/Downloads/RFQ/Z/SPE4A726T254Z.PDF,https://www.dibbs.bsm.dla.mil/RFQ/RFQRec.aspx?sn=SPE4A726T254Z,https://www.dibbs.bsm.dla.mil/rfq/rfqrec.aspx?sn=SPE4A726T254Z,PANEL,6,20260930T154443Z,1560-01-263-4341,"WINDOW PANEL,AIRCRA",G,336411,4.0,,,2026-04-15,2026-04-27,PANEL; WINDOW,DIBBS|SPE4A726T254Z|1560-01-263-4341,C04,Lenses / Windows / Covers / Housings,WINDOW,PANEL; WINDOW,True,core,"broad keyword, but it is the item noun",Excluded: structural/shelter/body panel (FSC 1560 = Airframe structural components)
SPE4A726T187A,1560-01-183-0127,SPE4A726T187A,04-02-2026,04-14-2026,2026-08-21 02:41:27,Origin,Origin,Tech,7014870604,https://dibbs2.bsm.dla.mil/Downloads/RFQ/A/SPE4A726T187A.PDF,https://www.dibbs.bsm.dla.mil/RFQ/RFQRec.aspx?sn=SPE4A726T187A,https://www.dibbs.bsm.dla.mil/rfq/rfqrec.aspx?sn=SPE4A726T187A,PANEL,6,20260930T154443Z,1560-01-183-0127,"PANEL,STRUCTURAL,AI",G,336413,2.0,,,2026-04-02,2026-04-14,PANEL,DIBBS|SPE4A726T187A|1560-01-183-0127,C01,Integrated Control / Indicator / HMI Panels,PANEL,PANEL,True,core,"broad keyword, but it is the item noun",Excluded: structural/airframe panel
SPE4A726T027X,1560-01-661-3539,SPE4A726T027X,02-27-2026,03-06-2026,2026-08-21 02:41:27,Origin,Origin,Tech,7015688743,https://dibbs2.bsm.dla.mil/Downloads/RFQ/X/SPE4A726T027X.PDF,https://www.dibbs.bsm.dla.mil/RFQ/RFQRec.aspx?sn=SPE4A726T027X,https://www.dibbs.bsm.dla.mil/rfq/rfqrec.aspx?sn=SPE4A726T027X,PANEL,7,20260930T154458Z,1560-01-661-3539,"PANEL,STRUCTURAL,AI",G,336413,2.0,,,2026-02-27,2026-03-06,PANEL,DIBBS|SPE4A726T027X|1560-01-661-3539,C01,Integrated Control / Indicator / HMI Panels,PANEL,PANEL,True,core,"broad keyword, but it is the item noun",Excluded: structural/airframe panel
SPE4A726Q0583,1560-01-152-6332,SPE4A726Q0583,04-08-2026,04-17-2026,2026-08-21 02:41:27,Origin,Origin,Tech,7015852611,https://dibbs2.bsm.dla.mil/Downloads/RFQ/3/SPE4A726Q0583.PDF,https://www.dibbs.bsm.dla.mil/RFQ/RFQRec.aspx?sn=SPE4A726Q0583,https://www.dibbs.bsm.dla.mil/rfq/rfqrec.aspx?sn=SPE4A726Q0583,PANEL,7,20260930T154458Z,1560-01-152-6332,"PANEL,STRUCTURAL,AI",C,336413,15.0,015P0 | 35-8286-501 | 0C7H8	35-8286-501	D-J ENGINEERING INC,,2026-04-08,2026-04-17,FUEL; LIGHTING; PANEL,DIBBS|SPE4A726Q0583|1560-01-152-6332,C01,Integrated Control / Indicator / HMI Panels,PANEL,PANEL,True,core,"broad keyword, but it is the item noun",Excluded: structural/airframe panel
SPE4A725T806X,1560-01-343-8941,SPE4A725T806X,09-04-2025,09-11-2025,2026-08-21 02:41:27,Origin,Destination,None,7013631572,https://dibbs2.bsm.dla.mil/Downloads/RFQ/X/SPE4A725T806X.PDF,https://www.dibbs.bsm.dla.mil/RFQ/RFQRec.aspx?sn=SPE4A725T806X,https://www.dibbs.bsm.dla.mil/rfq/rfqrec.aspx?sn=SPE4A725T806X,PANEL,7,20260930T154458Z,1560-01-343-8941,"WINDOW PANEL,AIRCRA",R,336411,1.0,78286 | 70207-22202-048 | SIKORSKY AIRCRAFT CORPORATION,,2025-09-04,2025-09-11,PANEL; WINDOW,DIBBS|SPE4A725T806X|1560-01-343-8941,C04,Lenses / Windows / Covers / Housings,WINDOW,PANEL; WINDOW,True,core,"broad keyword, but it is the item noun",Excluded: structural/shelter/body panel (FSC 1560 = Airframe structural components)
SPE4A526T5520,1560-01-343-8941,SPE4A526T5520,12-17-2025,12-24-2025,2026-08-21 02:41:27,Origin,Destination,None,7014871715,https://dibbs2.bsm.dla.mil/Downloads/RFQ/0/SPE4A526T5520.PDF,https://www.dibbs.bsm.dla.mil/RFQ/RFQRec.aspx?sn=SPE4A526T5520,https://www.dibbs.bsm.dla.mil/rfq/rfqrec.aspx?sn=SPE4A526T5520,PANEL,7,20260930T154458Z,1560-01-343-8941,"WINDOW PANEL,AIRCRA",R,336411,1.0,78286 | 70207-22202-048 | SIKORSKY AIRCRAFT CORPORATION,,2025-12-17,2025-12-24,PANEL; WINDOW,DIBBS|SPE4A526T5520|1560-01-343-8941,C04,Lenses / Windows / Covers / Housings,WINDOW,PANEL; WINDOW,True,core,"broad keyword, but it is the item noun",Excluded: structural/shelter/body panel (FSC 1560 = Airframe structural components)
SPE4A526T3531,1560-01-655-9743,SPE4A526T3531,11-19-2025,12-02-2025,2026-08-21 02:41:27,Origin,Destination,Tech,7014493840,https://dibbs2.bsm.dla.mil/Downloads/RFQ/1/SPE4A526T3531.PDF,https://www.dibbs.bsm.dla.mil/RFQ/RFQRec.aspx?sn=SPE4A526T3531,https://www.dibbs.bsm.dla.mil/rfq/rfqrec.aspx?sn=SPE4A526T3531,PANEL,7,20260930T154458Z,1560-01-655-9743,"PANEL,STRUCTURAL,AI",C,336413,2.0,81205 | 149T7124-46 | THE BOEING COMPANY,,2025-11-19,2025-12-02,PANEL,DIBBS|SPE4A526T3531|1560-01-655-9743,C01,Integrated Control / Indicator / HMI Panels,PANEL,PANEL,True,core,"broad keyword, but it is the item noun",Excluded: structural/airframe panel
SPE4A626T82J6,1560-01-287-5478,SPE4A626T82J6,06-08-2026,06-18-2026,2026-08-21 02:41:27,Origin,Origin,None,7006646169,https://dibbs2.bsm.dla.mil/Downloads/RFQ/6/SPE4A626T82J6.PDF,https://www.dibbs.bsm.dla.mil/RFQ/RFQRec.aspx?sn=SPE4A626T82J6,https://www.dibbs.bsm.dla.mil/rfq/rfqrec.aspx?sn=SPE4A626T82J6,PANEL,7,20260930T154458Z,1560-01-287-5478,"PANEL,STRUCTURAL,AI",C,336413,1.0,70974 | 123ABP50149-7 | NORTHROP GRUMMAN SYSTEMS CORPORATIO,,2026-06-08,2026-06-18,PANEL,DIBBS|SPE4A626T82J6|1560-01-287-5478,C01,Integrated Control / Indicator / HMI Panels,PANEL,PANEL,True,core,"broad keyword, but it is the item noun",Excluded: structural/airframe panel
SPE4A525T9154,1560-01-407-4381,SPE4A525T9154,01-23-2025,01-30-2025,2026-08-21 02:41:27,Origin,Destination,None,7010529124,https://dibbs2.bsm.dla.mil/Downloads/RFQ/4/SPE4A525T9154.PDF,https://www.dibbs.bsm.dla.mil/RFQ/RFQRec.aspx?sn=SPE4A525T9154,https://www.dibbs.bsm.dla.mil/rfq/rfqrec.aspx?sn=SPE4A525T9154,PANEL,7,20260930T154458Z,1560-01-407-4381,"PANEL,STRUCTURAL,AI",L,336413,6.0,78286 | 70500-22220-080 | SIKORSKY AIRCRAFT CORPORATION,,2025-01-23,2025-01-30,PANEL,DIBBS|SPE4A525T9154|1560-01-407-4381,C01,Integrated Control / Indicator / HMI Panels,PANEL,PANEL,True,core,"broad keyword, but it is the item noun",Excluded: structural/airframe panel
SPE7L426T0319,2510-01-548-6993,SPE7L426T0319,10-15-2025,10-27-2025,2026-08-21 02:41:27,Origin,Destination,None,7013469419,https://dibbs2.bsm.dla.mil/Downloads/RFQ/9/SPE7L426T0319.PDF,https://www.dibbs.bsm.dla.mil/RFQ/RFQRec.aspx?sn=SPE7L426T0319,https://www.dibbs.bsm.dla.mil/rfq/rfqrec.aspx?sn=SPE7L426T0319,PANEL,7,20260930T154458Z,2510-01-548-6993,"PANEL,VEHICULAR OPE",L,332999,12.0,64678 | A06-18114-001 | DAIMLER TRUCK NORTH AMERICA LLC,,2025-10-15,2025-10-27,PANEL,DIBBS|SPE7L426T0319|2510-01-548-6993,C01,Integrated Control / Indicator / HMI Panels,PANEL,PANEL,True,core,"broad keyword, but it is the item noun","Excluded: structural/shelter/body panel (FSC 2510 = Vehicular cab, body and frame structural components)"
SPE4A125T5191,1560-01-357-4302,SPE4A125T5191,07-10-2025,07-17-2025,2026-08-21 02:41:27,Origin,Origin,None,7012898090,https://dibbs2.bsm.dla.mil/Downloads/RFQ/1/SPE4A125T5191.PDF,https://www.dibbs.bsm.dla.mil/RFQ/RFQRec.aspx?sn=SPE4A125T5191,https://www.dibbs.bsm.dla.mil/rfq/rfqrec.aspx?sn=SPE4A125T5191,PANEL,7,20260930T154458Z,1560-01-357-4302,"PANEL,STRUCTURAL,AI",C,336413,3.0,78286 | 70500-24009-067 | SIKORSKY AIRCRAFT CORPORATION,,2025-07-10,2025-07-17,PANEL,DIBBS|SPE4A125T5191|1560-01-357-4302,C01,Integrated Control / Indicator / HMI Panels,PANEL,PANEL,True,core,"broad keyword, but it is the item noun",Excluded: structural/airframe panel
SPE7L326T176X,2510-01-574-8401,SPE7L326T176X,08-13-2026,08-24-2026,2026-08-21 02:41:27,Origin,Destination,None,7017870231,https://dibbs2.bsm.dla.mil/Downloads/RFQ/X/SPE7L326T176X.PDF,https://www.dibbs.bsm.dla.mil/RFQ/RFQRec.aspx?sn=SPE7L326T176X,https://www.dibbs.bsm.dla.mil/rfq/rfqrec.aspx?sn=SPE7L326T176X,PANEL,7,20260930T154458Z,2510-01-574-8401,"PANEL,BODY,VEHICULA",C,332999,21.0,92878 | 500K3171-1 | HDT EXPEDITIONARY SYSTEMS INC,,2026-08-13,2026-08-24,PANEL,DIBBS|SPE7L326T176X|2510-01-574-8401,C01,Integrated Control / Indicator / HMI Panels,PANEL,PANEL,True,core,"broad keyword, but it is the item noun",Excluded: structural/airframe panel
SPE7L326T176R,2510-01-558-8155,SPE7L326T176R,08-13-2026,08-24-2026,2026-08-21 02:41:27,Origin,Origin,Tech,7017870044,https://dibbs2.bsm.dla.mil/Downloads/RFQ/R/SPE7L326T176R.PDF,https://www.dibbs.bsm.dla.mil/RFQ/RFQRec.aspx?sn=SPE7L326T176R,https://www.dibbs.bsm.dla.mil/rfq/rfqrec.aspx?sn=SPE7L326T176R,PANEL,7,20260930T154458Z,2510-01-558-8155,"PANEL,VEHICULAR OPE",G,332999,3.0,,,2026-08-13,2026-08-24,PANEL,DIBBS|SPE7L326T176R|2510-01-558-8155,C01,Integrated Control / Indicator / HMI Panels,PANEL,PANEL,True,core,"broad keyword, but it is the item noun","Excluded: structural/shelter/body panel (FSC 2510 = Vehicular cab, body and frame structural components)"
SPE7L326T060T,2510-01-695-3223,SPE7L326T060T,06-09-2026,06-25-2026,2026-08-21 02:41:27,Origin,Origin,None,7009213141,https://dibbs2.bsm.dla.mil/Downloads/RFQ/T/SPE7L326T060T.PDF,https://www.dibbs.bsm.dla.mil/RFQ/RFQRec.aspx?sn=SPE7L326T060T,https://www.dibbs.bsm.dla.mil/rfq/rfqrec.aspx?sn=SPE7L326T060T,PANEL,7,20260930T154458Z,2510-01-695-3223,"PANEL,DASHBOARD",C,332999,1.0,32865 | A3381248-0 | DRS NETWORK & IMAGING SYSTEMS LLC,,2026-06-09,2026-06-25,PANEL,DIBBS|SPE7L326T060T|2510-01-695-3223,C01,Integrated Control / Indicator / HMI Panels,PANEL,PANEL,True,core,"broad keyword, but it is the item noun","Excluded: structural/shelter/body panel (FSC 2510 = Vehicular cab, body and frame structural components)"
SPE7L326T037B,2510-01-680-8026,SPE7L326T037B,05-28-2026,06-08-2026,2026-08-21 02:41:27,Origin,Origin,Tech,7016052208; 7016182762,https://dibbs2.bsm.dla.mil/Downloads/RFQ/B/SPE7L326T037B.PDF,https://www.dibbs.bsm.dla.mil/RFQ/RFQRec.aspx?sn=SPE7L326T037B,https://www.dibbs.bsm.dla.mil/rfq/rfqrec.aspx?sn=SPE7L326T037B,PANEL,7,20260930T154458Z,2510-01-680-8026,"PANEL,BODY,VEHICULA",G,332999,2.0,,,2026-05-28,2026-06-08,PANEL,DIBBS|SPE7L326T037B|2510-01-680-8026,C01,Integrated Control / Indicator / HMI Panels,PANEL,PANEL,True,core,"broad keyword, but it is the item noun",Excluded: structural/airframe panel
SPE4A626T435G,1560-01-717-8486,SPE4A626T435G,01-07-2026,01-14-2026,2026-08-21 02:41:27,Origin,Destination,None,7014630639,https://dibbs2.bsm.dla.mil/Downloads/RFQ/G/SPE4A626T435G.PDF,https://www.dibbs.bsm.dla.mil/RFQ/RFQRec.aspx?sn=SPE4A626T435G,https://www.dibbs.bsm.dla.mil/rfq/rfqrec.aspx?sn=SPE4A626T435G,PANEL,7,20260930T154458Z,1560-01-717-8486,"PANEL,STRUCTURAL,AI",D,336413,5.0,78286 | 06302-10875-109 | SIKORSKY AIRCRAFT CORPORATION,,2026-01-07,2026-01-14,PANEL,DIBBS|SPE4A626T435G|1560-01-717-8486,C01,Integrated Control / Indicator / HMI Panels,PANEL,PANEL,True,core,"broad keyword, but it is the item noun",Excluded: structural/airframe panel
SPE4A626T16VU,1560-01-407-4381,SPE4A626T16VU,08-14-2026,08-21-2026,2026-08-21 02:41:27,Origin,Destination,None,7017869556,https://dibbs2.bsm.dla.mil/Downloads/RFQ/U/SPE4A626T16VU.PDF,https://www.dibbs.bsm.dla.mil/RFQ/RFQRec.aspx?sn=SPE4A626T16VU,https://www.dibbs.bsm.dla.mil/rfq/rfqrec.aspx?sn=SPE4A626T16VU,PANEL,7,20260930T154458Z,1560-01-407-4381,"PANEL,STRUCTURAL,AI",L,336413,2.0,78286 | 70500-22220-080 | SIKORSKY AIRCRAFT CORPORATION,,2026-08-14,2026-08-21,PANEL,DIBBS|SPE4A626T16VU|1560-01-407-4381,C01,Integrated Control / Indicator / HMI Panels,PANEL,PANEL,True,core,"broad keyword, but it is the item noun",Excluded: structural/airframe panel
SPE4A626T20KX,1560-01-343-3770,SPE4A626T20KX,08-20-2026,08-27-2026,2026-08-21 02:41:27,Origin,Destination,None,7017868395,https://dibbs2.bsm.dla.mil/Downloads/RFQ/X/SPE4A626T20KX.PDF,https://www.dibbs.bsm.dla.mil/RFQ/RFQRec.aspx?sn=SPE4A626T20KX,https://www.dibbs.bsm.dla.mil/rfq/rfqrec.aspx?sn=SPE4A626T20KX,PANEL,7,20260930T154458Z,1560-01-343-3770,"PANEL,STRUCTURAL,AI",Q,336413,8.0,78286 | 70500-82214-052 | SIKORSKY AIRCRAFT CORPORATION,,2026-08-20,2026-08-27,PANEL,DIBBS|SPE4A626T20KX|1560-01-343-3770,C01,Integrated Control / Indicator / HMI Panels,PANEL,PANEL,True,core,"broad keyword, but it is the item noun",Excluded: structural/airframe panel
SPE7L126T638T,2510-01-711-2166,SPE7L126T638T,06-03-2026,06-18-2026,2026-08-21 02:41:27,Origin,Origin,Tech,7016997420,https://dibbs2.bsm.dla.mil/Downloads/RFQ/T/SPE7L126T638T.PDF,https://www.dibbs.bsm.dla.mil/RFQ/RFQRec.aspx?sn=SPE7L126T638T,https://www.dibbs.bsm.dla.mil/rfq/rfqrec.aspx?sn=SPE7L126T638T,PANEL,7,20260930T154458Z,2510-01-711-2166,"PANEL,BODY,VEHICULA",G,332999,1.0,,,2026-06-03,2026-06-18,PANEL,DIBBS|SPE7L126T638T|2510-01-711-2166,C01,Integrated Control / Indicator / HMI Panels,PANEL,PANEL,True,core,"broad keyword, but it is the item noun",Excluded: structural/airframe panel
SPE4A626T15KN,1560-01-116-5662,SPE4A626T15KN,08-12-2026,08-19-2026,2026-08-21 02:41:27,Origin,Origin,Tech,7017838244,https://dibbs2.bsm.dla.mil/Downloads/RFQ/N/SPE4A626T15KN.PDF,https://www.dibbs.bsm.dla.mil/RFQ/RFQRec.aspx?sn=SPE4A626T15KN,https://www.dibbs.bsm.dla.mil/rfq/rfqrec.aspx?sn=SPE4A626T15KN,PANEL,7,20260930T154458Z,1560-01-116-5662,PANEL ASSEMBLY,G,336413,1.0,,,2026-08-12,2026-08-19,PANEL,DIBBS|SPE4A626T15KN|1560-01-116-5662,C01,Integrated Control / Indicator / HMI Panels,PANEL ASSEMBLY,PANEL; PANEL ASSEMBLY,False,core,,Excluded: structural/shelter/body panel (FSC 1560 = Airframe structural components)
SPE4A526T373K,1560-01-677-5899,SPE4A526T373K,08-19-2026,08-26-2026,2026-08-21 02:41:27,Origin,Destination,None,7017940730,https://dibbs2.bsm.dla.mil/Downloads/RFQ/K/SPE4A526T373K.PDF,https://www.dibbs.bsm.dla.mil/RFQ/RFQRec.aspx?sn=SPE4A526T373K,https://www.dibbs.bsm.dla.mil/rfq/rfqrec.aspx?sn=SPE4A526T373K,PANEL,7,20260930T154458Z,1560-01-677-5899,"PANEL,STRUCTURAL,AIRCR",C,336413,14.0,76301 | 74A801671-1013 | THE BOEING COMPANY,,2026-08-19,2026-08-26,PANEL,DIBBS|SPE4A526T373K|1560-01-677-5899,C01,Integrated Control / Indicator / HMI Panels,PANEL,PANEL,True,core,"broad keyword, but it is the item noun",Excluded: structural/airframe panel
SPE4A626T12HS,1560-01-598-6936,SPE4A626T12HS,08-05-2026,08-12-2026,2026-08-21 02:41:27,Origin,Destination,None,7017739985,https://dibbs2.bsm.dla.mil/Downloads/RFQ/S/SPE4A626T12HS.PDF,https://www.dibbs.bsm.dla.mil/RFQ/RFQRec.aspx?sn=SPE4A626T12HS,https://www.dibbs.bsm.dla.mil/rfq/rfqrec.aspx?sn=SPE4A626T12HS,PANEL,7,20260930T154458Z,1560-01-598-6936,"PANEL,STRUCTURAL,AI",P,336413,1.0,98897 | 3355997-2 | LOCKHEED MARTIN CORP,,2026-08-05,2026-08-12,PANEL,DIBBS|SPE4A626T12HS|1560-01-598-6936,C01,Integrated Control / Indicator / HMI Panels,PANEL,PANEL,True,core,"broad keyword, but it is the item noun",Excluded: structural/airframe panel
SPE4A626T08XS,1560-01-644-7520,SPE4A626T08XS,07-22-2026,07-29-2026,2026-08-21 02:41:27,Origin,Destination,Tech,7016771651; 7016771652,https://dibbs2.bsm.dla.mil/Downloads/RFQ/S/SPE4A626T08XS.PDF,https://www.dibbs.bsm.dla.mil/RFQ/RFQRec.aspx?sn=SPE4A626T08XS,https://www.dibbs.bsm.dla.mil/rfq/rfqrec.aspx?sn=SPE4A626T08XS,PANEL,7,20260930T154458Z,1560-01-644-7520,"PANEL,STRUCTURAL,AI",P,336413,2.0,76823 | 3-23289-507 | NORTHROP GRUMMAN SYSTEMS CORPORATIO,,2026-07-22,2026-07-29,PANEL,DIBBS|SPE4A626T08XS|1560-01-644-7520,C01,Integrated Control / Indicator / HMI Panels,PANEL,PANEL,True,core,"broad keyword, but it is the item noun",Excluded: structural/airframe panel
SPE4A726T6703,1560-01-153-1023,SPE4A726T6703,12-23-2025,12-30-2025,2026-08-21 02:41:27,Origin,Origin,Tech,7014810721,https://dibbs2.bsm.dla.mil/Downloads/RFQ/3/SPE4A726T6703.PDF,https://www.dibbs.bsm.dla.mil/RFQ/RFQRec.aspx?sn=SPE4A726T6703,https://www.dibbs.bsm.dla.mil/rfq/rfqrec.aspx?sn=SPE4A726T6703,PANEL,7,20260930T154458Z,1560-01-153-1023,"PANEL,STRUCTURAL,AI",C,336413,17.0,015P0 | 35-8287-503 | 0C7H8	35-8287-503	D-J ENGINEERING INC,,2025-12-23,2025-12-30,PANEL,DIBBS|SPE4A726T6703|1560-01-153-1023,C01,Integrated Control / Indicator / HMI Panels,PANEL,PANEL,True,core,"broad keyword, but it is the item noun",Excluded: structural/airframe panel
SPEFA126Q0074,1560-LN-003-4010,SPEFA126Q0074,06-24-2026,06-25-2026,2026-08-21 02:41:27,Destination,Destination,None,7017241119,https://dibbs2.bsm.dla.mil/Downloads/RFQ/4/SPEFA126Q0074.PDF,https://www.dibbs.bsm.dla.mil/RFQ/RFQRec.aspx?sn=SPEFA126Q0074,https://www.dibbs.bsm.dla.mil/rfq/rfqrec.aspx?sn=SPEFA126Q0074,PANEL,7,20260930T154458Z,1560-LN-003-4010,PANEL ASSEMBLY,L,488190,3.0,26512 | 123AVP93307-1 | NORTHROP GRUMMAN SYSTEMS CORPORATIO,,2026-06-24,2026-06-25,PANEL,DIBBS|SPEFA126Q0074|1560-LN-003-4010,C01,Integrated Control / Indicator / HMI Panels,PANEL ASSEMBLY,PANEL; PANEL ASSEMBLY,False,core,,Excluded: structural/shelter/body panel (FSC 1560 = Airframe structural components)
SPE4A726T6932,1560-01-717-8510,SPE4A726T6932,12-31-2025,01-07-2026,2026-08-21 02:41:27,Origin,Destination,None,7014382988,https://dibbs2.bsm.dla.mil/Downloads/RFQ/2/SPE4A726T6932.PDF,https://www.dibbs.bsm.dla.mil/RFQ/RFQRec.aspx?sn=SPE4A726T6932,https://www.dibbs.bsm.dla.mil/rfq/rfqrec.aspx?sn=SPE4A726T6932,PANEL,7,20260930T154458Z,1560-01-717-8510,"PANEL,STRUCTURAL,AI",D,336413,5.0,78286 | 06302-10875-103 | SIKORSKY AIRCRAFT CORPORATION,,2025-12-31,2026-01-07,PANEL,DIBBS|SPE4A726T6932|1560-01-717-8510,C01,Integrated Control / Indicator / HMI Panels,PANEL,PANEL,True,core,"broad keyword, but it is the item noun",Excluded: structural/airframe panel
SPE4A726T634F,1560-00-766-6241,SPE4A726T634F,08-10-2026,08-17-2026,2026-08-21 02:41:27,Origin,Origin,Tech,7017272161,https://dibbs2.bsm.dla.mil/Downloads/RFQ/F/SPE4A726T634F.PDF,https://www.dibbs.bsm.dla.mil/RFQ/RFQRec.aspx?sn=SPE4A726T634F,https://www.dibbs.bsm.dla.mil/rfq/rfqrec.aspx?sn=SPE4A726T634F,PANEL,7,20260930T154458Z,1560-00-766-6241,"PANEL ASSEMBLY,ELEV",G,336413,3.0,,,2026-08-10,2026-08-17,PANEL,DIBBS|SPE4A726T634F|1560-00-766-6241,C01,Integrated Control / Indicator / HMI Panels,PANEL ASSEMBLY,PANEL; PANEL ASSEMBLY,False,core,,Excluded: structural/shelter/body panel (FSC 1560 = Airframe structural components)
SPE4A726T623X,1560-01-221-9347,SPE4A726T623X,08-06-2026,08-18-2026,2026-08-21 02:41:27,Origin,Origin,Tech,7017384448,https://dibbs2.bsm.dla.mil/Downloads/RFQ/X/SPE4A726T623X.PDF,https://www.dibbs.bsm.dla.mil/RFQ/RFQRec.aspx?sn=SPE4A726T623X,https://www.dibbs.bsm.dla.mil/rfq/rfqrec.aspx?sn=SPE4A726T623X,PANEL,7,20260930T154458Z,1560-01-221-9347,"PANEL,STRUCTURAL,AI",G,336413,3.0,,,2026-08-06,2026-08-18,PANEL,DIBBS|SPE4A726T623X|1560-01-221-9347,C01,Integrated Control / Indicator / HMI Panels,PANEL,PANEL,True,core,"broad keyword, but it is the item noun",Excluded: structural/airframe panel
SPE4A726T589E,1560-01-396-0310,SPE4A726T589E,07-22-2026,07-29-2026,2026-08-21 02:41:27,Origin,Origin,None,7017571846,https://dibbs2.bsm.dla.mil/Downloads/RFQ/E/SPE4A726T589E.PDF,https://www.dibbs.bsm.dla.mil/RFQ/RFQRec.aspx?sn=SPE4A726T589E,https://www.dibbs.bsm.dla.mil/rfq/rfqrec.aspx?sn=SPE4A726T589E,PANEL,7,20260930T154458Z,1560-01-396-0310,"WINDOW PANEL,AIRCRAFT",Q,336413,15.0,86175 | 94009 | GKN AEROSPACE TRANSPARENCY SYSTEMS,,2026-07-22,2026-07-29,PANEL; WINDOW,DIBBS|SPE4A726T589E|1560-01-396-0310,C04,Lenses / Windows / Covers / Housings,WINDOW,PANEL; WINDOW,True,core,"broad keyword, but it is the item noun",Excluded: structural/shelter/body panel (FSC 1560 = Airframe structural components)
SPE4A726T531S,1560-01-717-8482,SPE4A726T531S,06-25-2026,07-02-2026,2026-08-21 02:41:27,Origin,Origin,Tech,7014630638,https://dibbs2.bsm.dla.mil/Downloads/RFQ/S/SPE4A726T531S.PDF,https://www.dibbs.bsm.dla.mil/RFQ/RFQRec.aspx?sn=SPE4A726T531S,https://www.dibbs.bsm.dla.mil/rfq/rfqrec.aspx?sn=SPE4A726T531S,PANEL,7,20260930T154458Z,1560-01-717-8482,"PANEL,STRUCTURAL,AI",B,336413,5.0,,,2026-06-25,2026-07-02,PANEL,DIBBS|SPE4A726T531S|1560-01-717-8482,C01,Integrated Control / Indicator / HMI Panels,PANEL,PANEL,True,core,"broad keyword, but it is the item noun",Excluded: structural/airframe panel
SPE4A726T501Y,1560-01-426-1907,SPE4A726T501Y,06-16-2026,06-26-2026,2026-08-21 02:41:27,Origin,Origin,None,7017147436,https://dibbs2.bsm.dla.mil/Downloads/RFQ/Y/SPE4A726T501Y.PDF,https://www.dibbs.bsm.dla.mil/RFQ/RFQRec.aspx?sn=SPE4A726T501Y,https://www.dibbs.bsm.dla.mil/rfq/rfqrec.aspx?sn=SPE4A726T501Y,PANEL,7,20260930T154458Z,1560-01-426-1907,"WINDSHIELD PANEL,AI",C,336413,29.0,"53117 | 338135-11 | PPG INDUSTRIES, INC.",,2026-06-16,2026-06-26,PANEL,DIBBS|SPE4A726T501Y|1560-01-426-1907,C01,Integrated Control / Indicator / HMI Panels,PANEL,PANEL,True,core,"broad keyword, but it is the item noun",Excluded: structural/shelter/body panel (FSC 1560 = Airframe structural components)
SPE4A625T71X4,1560-01-457-8808,SPE4A625T71X4,05-15-2025,05-22-2025,2026-08-21 02:41:27,Origin,Destination,None,7012148391,https://dibbs2.bsm.dla.mil/Downloads/RFQ/4/SPE4A625T71X4.PDF,https://www.dibbs.bsm.dla.mil/RFQ/RFQRec.aspx?sn=SPE4A625T71X4,https://www.dibbs.bsm.dla.mil/rfq/rfqrec.aspx?sn=SPE4A625T71X4,PANEL,7,20260930T154458Z,1560-01-457-8808,"PANEL,STRUCTURAL,AI",D,336413,2.0,43999 | L3004088-002 | THE BOEING COMPANY,,2025-05-15,2025-05-22,PANEL,DIBBS|SPE4A625T71X4|1560-01-457-8808,C01,Integrated Control / Indicator / HMI Panels,PANEL,PANEL,True,core,"broad keyword, but it is the item noun",Excluded: structural/airframe panel
SPE4A726T4272,1560-00-333-7106,SPE4A726T4272,11-21-2025,11-28-2025,2026-08-21 02:41:27,Origin,Origin,Tech,7013429613,https://dibbs2.bsm.dla.mil/Downloads/RFQ/2/SPE4A726T4272.PDF,https://www.dibbs.bsm.dla.mil/RFQ/RFQRec.aspx?sn=SPE4A726T4272,https://www.dibbs.bsm.dla.mil/rfq/rfqrec.aspx?sn=SPE4A726T4272,PANEL,7,20260930T154458Z,1560-00-333-7106,"PANEL ASSEMBLY,COCK",G,336413,4.0,,,2025-11-21,2025-11-28,COCKPIT; PANEL,DIBBS|SPE4A726T4272|1560-00-333-7106,C01,Integrated Control / Indicator / HMI Panels,PANEL ASSEMBLY,PANEL; PANEL ASSEMBLY,False,core,,Excluded: structural/shelter/body panel (FSC 1560 = Airframe structural components)
SPE4A726T417K,1560-00-400-3904,SPE4A726T417K,05-27-2026,06-08-2026,2026-08-21 02:41:27,Origin,Origin,Tech,7016753700,https://dibbs2.bsm.dla.mil/Downloads/RFQ/K/SPE4A726T417K.PDF,https://www.dibbs.bsm.dla.mil/RFQ/RFQRec.aspx?sn=SPE4A726T417K,https://www.dibbs.bsm.dla.mil/rfq/rfqrec.aspx?sn=SPE4A726T417K,PANEL,7,20260930T154458Z,1560-00-400-3904,"PANEL ASSEMBLY,FAIR",C,336413,2.0,059S2 | 4W13506-108A | AAR COMPONENT SERVICES - HOT SPRING,,2026-05-27,2026-06-08,PANEL,DIBBS|SPE4A726T417K|1560-00-400-3904,C01,Integrated Control / Indicator / HMI Panels,PANEL ASSEMBLY,PANEL; PANEL ASSEMBLY,False,core,,Excluded: structural/shelter/body panel (FSC 1560 = Airframe structural components)
SPE4A726T388N,1560-00-450-2676,SPE4A726T388N,05-20-2026,05-27-2026,2026-08-21 02:41:27,Origin,Origin,Tech,7016847921,https://dibbs2.bsm.dla.mil/Downloads/RFQ/N/SPE4A726T388N.PDF,https://www.dibbs.bsm.dla.mil/RFQ/RFQRec.aspx?sn=SPE4A726T388N,https://www.dibbs.bsm.dla.mil/rfq/rfqrec.aspx?sn=SPE4A726T388N,PANEL,7,20260930T154458Z,1560-00-450-2676,"PANEL ASSEMBLY,FUSE",G,336413,1.0,,,2026-05-20,2026-05-27,PANEL,DIBBS|SPE4A726T388N|1560-00-450-2676,C01,Integrated Control / Indicator / HMI Panels,PANEL ASSEMBLY,PANEL; PANEL ASSEMBLY,False,core,,Excluded: structural/shelter/body panel (FSC 1560 = Airframe structural components)
SPE4A726T372Z,1560-01-528-9580,SPE4A726T372Z,05-19-2026,05-26-2026,2026-08-21 02:41:27,Origin,Origin,Tech,7016644448,https://dibbs2.bsm.dla.mil/Downloads/RFQ/Z/SPE4A726T372Z.PDF,https://www.dibbs.bsm.dla.mil/RFQ/RFQRec.aspx?sn=SPE4A726T372Z,https://www.dibbs.bsm.dla.mil/rfq/rfqrec.aspx?sn=SPE4A726T372Z,PANEL,7,20260930T154458Z,1560-01-528-9580,"PANEL,STRUCTURAL,AI",C,336413,1.0,98897 | 4W12011-304A | LOCKHEED MARTIN CORP,,2026-05-19,2026-05-26,PANEL,DIBBS|SPE4A726T372Z|1560-01-528-9580,C01,Integrated Control / Indicator / HMI Panels,PANEL,PANEL,True,core,"broad keyword, but it is the item noun",Excluded: structural/airframe panel
SPE4A726T280Q,1560-01-680-7029,SPE4A726T280Q,04-22-2026,04-29-2026,2026-08-21 02:41:27,Origin,Destination,Tech,7016336400,https://dibbs2.bsm.dla.mil/Downloads/RFQ/Q/SPE4A726T280Q.PDF,https://www.dibbs.bsm.dla.mil/RFQ/RFQRec.aspx?sn=SPE4A726T280Q,https://www.dibbs.bsm.dla.mil/rfq/rfqrec.aspx?sn=SPE4A726T280Q,PANEL,7,20260930T154458Z,1560-01-680-7029,"PANEL,STRUCTURAL,AI",C,336413,1.0,81205 | 114T2400-873 | THE BOEING COMPANY,,2026-04-22,2026-04-29,PANEL,DIBBS|SPE4A726T280Q|1560-01-680-7029,C01,Integrated Control / Indicator / HMI Panels,PANEL,PANEL,True,core,"broad keyword, but it is the item noun",Excluded: structural/airframe panel
SPE4A726T279C,1560-01-179-5638,SPE4A726T279C,04-22-2026,04-29-2026,2026-08-21 02:41:27,Origin,Origin,Tech,7016336276,https://dibbs2.bsm.dla.mil/Downloads/RFQ/C/SPE4A726T279C.PDF,https://www.dibbs.bsm.dla.mil/RFQ/RFQRec.aspx?sn=SPE4A726T279C,https://www.dibbs.bsm.dla.mil/rfq/rfqrec.aspx?sn=SPE4A726T279C,PANEL,7,20260930T154458Z,1560-01-179-5638,"PANEL,STRUCTURAL,AI",G,336413,1.0,,,2026-04-22,2026-04-29,PANEL,DIBBS|SPE4A726T279C|1560-01-179-5638,C01,Integrated Control / Indicator / HMI Panels,PANEL,PANEL,True,core,"broad keyword, but it is the item noun",Excluded: structural/airframe panel
SPE4A726Q0822,1560-01-207-7485,SPE4A726Q0822,07-30-2026,08-11-2026,2026-08-21 02:41:27,Origin,Origin,Tech,7016849597,https://dibbs2.bsm.dla.mil/Downloads/RFQ/2/SPE4A726Q0822.PDF,https://www.dibbs.bsm.dla.mil/RFQ/RFQRec.aspx?sn=SPE4A726Q0822,https://www.dibbs.bsm.dla.mil/rfq/rfqrec.aspx?sn=SPE4A726Q0822,PANEL,7,20260930T154458Z,1560-01-207-7485,"WINDSHIELD PANEL,AIRCR",B,336413,128.0,"53117 | 70216-01009-101 | PPG INDUSTRIES, INC.",,2026-07-30,2026-08-11,PANEL,DIBBS|SPE4A726Q0822|1560-01-207-7485,C01,Integrated Control / Indicator / HMI Panels,PANEL,PANEL,True,core,"broad keyword, but it is the item noun",Excluded: structural/shelter/body panel (FSC 1560 = Airframe structural components)
SPE4A526T4460,1560-01-724-2949,SPE4A526T4460,11-28-2025,12-05-2025,2026-08-21 02:41:27,Origin,Destination,None,7014490902,https://dibbs2.bsm.dla.mil/Downloads/RFQ/0/SPE4A526T4460.PDF,https://www.dibbs.bsm.dla.mil/RFQ/RFQRec.aspx?sn=SPE4A526T4460,https://www.dibbs.bsm.dla.mil/rfq/rfqrec.aspx?sn=SPE4A526T4460,PANEL,7,20260930T154458Z,1560-01-724-2949,"PANEL,STRUCTURAL,AI",C,336413,5.0,78286 | 06308-10101-164 | SIKORSKY AIRCRAFT CORPORATION,,2025-11-28,2025-12-05,PANEL,DIBBS|SPE4A526T4460|1560-01-724-2949,C01,Integrated Control / Indicator / HMI Panels,PANEL,PANEL,True,core,"broad keyword, but it is the item noun",Excluded: structural/airframe panel
SPE4A525T766K,1560-01-107-4387,SPE4A525T766K,09-17-2025,09-24-2025,2026-08-21 02:41:27,Origin,Destination,None,7013832119,https://dibbs2.bsm.dla.mil/Downloads/RFQ/K/SPE4A525T766K.PDF,https://www.dibbs.bsm.dla.mil/RFQ/RFQRec.aspx?sn=SPE4A525T766K,https://www.dibbs.bsm.dla.mil/rfq/rfqrec.aspx?sn=SPE4A525T766K,PANEL,7,20260930T154458Z,1560-01-107-4387,"PANEL,STRUCTURAL,AI",C,336413,15.0,78286 | 70219-03002-041 | SIKORSKY AIRCRAFT CORPORATION,,2025-09-17,2025-09-24,PANEL,DIBBS|SPE4A525T766K|1560-01-107-4387,C01,Integrated Control / Indicator / HMI Panels,PANEL,PANEL,True,core,"broad keyword, but it is the item noun",Excluded: structural/airframe panel
SPE4A525T6841,1560-01-433-5925,SPE4A525T6841,12-23-2024,12-30-2024,2026-08-21 02:41:27,Origin,Origin,Tech,7010190165,https://dibbs2.bsm.dla.mil/Downloads/RFQ/1/SPE4A525T6841.PDF,https://www.dibbs.bsm.dla.mil/RFQ/RFQRec.aspx?sn=SPE4A525T6841,https://www.dibbs.bsm.dla.mil/rfq/rfqrec.aspx?sn=SPE4A525T6841,PANEL,7,20260930T154458Z,1560-01-433-5925,"WINDOW PANEL,AIRCRA",B,336411,2.0,78286 | 70207-82803-101 | SIKORSKY AIRCRAFT CORPORATION,,2024-12-23,2024-12-30,PANEL; WINDOW,DIBBS|SPE4A525T6841|1560-01-433-5925,C04,Lenses / Windows / Covers / Housings,WINDOW,PANEL; WINDOW,True,core,"broad keyword, but it is the item noun",Excluded: structural/shelter/body panel (FSC 1560 = Airframe structural components)
SPE4A525T439F,1560-01-026-3877,SPE4A525T439F,06-04-2025,06-11-2025,2026-08-21 02:41:27,Origin,Destination,None,7012493064,https://dibbs2.bsm.dla.mil/Downloads/RFQ/F/SPE4A525T439F.PDF,https://www.dibbs.bsm.dla.mil/RFQ/RFQRec.aspx?sn=SPE4A525T439F,https://www.dibbs.bsm.dla.mil/rfq/rfqrec.aspx?sn=SPE4A525T439F,PANEL,7,20260930T154458Z,1560-01-026-3877,"PANEL,STRUCTURAL,AI",Q,336413,5.0,81205 | 50-7990-83S | THE BOEING COMPANY,,2025-06-04,2025-06-11,PANEL,DIBBS|SPE4A525T439F|1560-01-026-3877,C01,Integrated Control / Indicator / HMI Panels,PANEL,PANEL,True,core,"broad keyword, but it is the item noun",Excluded: structural/airframe panel
SPE4A525T330Z,1560-01-205-7218,SPE4A525T330Z,05-07-2025,05-14-2025,2026-08-21 02:41:27,Origin,Destination,None,7012148333,https://dibbs2.bsm.dla.mil/Downloads/RFQ/Z/SPE4A525T330Z.PDF,https://www.dibbs.bsm.dla.mil/RFQ/RFQRec.aspx?sn=SPE4A525T330Z,https://www.dibbs.bsm.dla.mil/rfq/rfqrec.aspx?sn=SPE4A525T330Z,PANEL,7,20260930T154458Z,1560-01-205-7218,PANEL FIBERGLASS,C,336413,2.0,78286 | 70308-03603-103 | SIKORSKY AIRCRAFT CORPORATION,,2025-05-07,2025-05-14,PANEL,DIBBS|SPE4A525T330Z|1560-01-205-7218,C01,Integrated Control / Indicator / HMI Panels,PANEL,PANEL,True,core,"broad keyword, but it is the item noun",Excluded: structural/shelter/body panel (FSC 1560 = Airframe structural components)
SPE4A126T0981,1560-01-516-7101,SPE4A126T0981,12-16-2025,12-23-2025,2026-08-21 02:41:27,Origin,Destination,None,7014811750,https://dibbs2.bsm.dla.mil/Downloads/RFQ/1/SPE4A126T0981.PDF,https://www.dibbs.bsm.dla.mil/RFQ/RFQRec.aspx?sn=SPE4A126T0981,https://www.dibbs.bsm.dla.mil/rfq/rfqrec.aspx?sn=SPE4A126T0981,PANEL,7,20260930T154458Z,1560-01-516-7101,"PANEL,STRUCTURAL,AI",C,336413,9.0,78286 | 70219-04619-051 | SIKORSKY AIRCRAFT CORPORATION,,2025-12-16,2025-12-23,PANEL,DIBBS|SPE4A126T0981|1560-01-516-7101,C01,Integrated Control / Indicator / HMI Panels,PANEL,PANEL,True,core,"broad keyword, but it is the item noun",Excluded: structural/airframe panel
SPE7L326T148W,2510-01-083-5418,SPE7L326T148W,08-06-2026,08-20-2026,2026-08-21 02:41:27,Origin,Origin,Tech,7017527710,https://dibbs2.bsm.dla.mil/Downloads/RFQ/W/SPE7L326T148W.PDF,https://www.dibbs.bsm.dla.mil/RFQ/RFQRec.aspx?sn=SPE7L326T148W,https://www.dibbs.bsm.dla.mil/rfq/rfqrec.aspx?sn=SPE7L326T148W,PANEL,7,20260930T154458Z,2510-01-083-5418,"PANEL,VEHICULAR OPE",G,332999,2.0,,,2026-08-06,2026-08-20,PANEL,DIBBS|SPE7L326T148W|2510-01-083-5418,C01,Integrated Control / Indicator / HMI Panels,PANEL,PANEL,True,core,"broad keyword, but it is the item noun","Excluded: structural/shelter/body panel (FSC 2510 = Vehicular cab, body and frame structural components)"
SPE4A626T33Z9,1560-01-472-0612,SPE4A626T33Z9,04-24-2026,05-01-2026,2026-08-21 02:41:27,Origin,Destination,None,7016229082,https://dibbs2.bsm.dla.mil/Downloads/RFQ/9/SPE4A626T33Z9.PDF,https://www.dibbs.bsm.dla.mil/RFQ/RFQRec.aspx?sn=SPE4A626T33Z9,https://www.dibbs.bsm.dla.mil/rfq/rfqrec.aspx?sn=SPE4A626T33Z9,PANEL,7,20260930T154458Z,1560-01-472-0612,"PANEL ASSY,ACCESS",C,336413,5.0,77272 | 901-034-111-102 | THE BOEING COMPANY,,2026-04-24,2026-05-01,PANEL,DIBBS|SPE4A626T33Z9|1560-01-472-0612,C01,Integrated Control / Indicator / HMI Panels,PANEL ASSEMBLY,PANEL; PANEL ASSEMBLY,False,core,,Excluded: structural/shelter/body panel (FSC 1560 = Airframe structural components)
SPE8ED25T0586,5410-01-486-6074,SPE8ED25T0586,01-15-2025,01-27-2025,2026-08-21 02:41:27,Origin,Origin,Tech,7010309284,https://dibbs2.bsm.dla.mil/Downloads/RFQ/6/SPE8ED25T0586.PDF,https://www.dibbs.bsm.dla.mil/RFQ/RFQRec.aspx?sn=SPE8ED25T0586,https://www.dibbs.bsm.dla.mil/rfq/rfqrec.aspx?sn=SPE8ED25T0586,PANEL,8,20260930T154515Z,5410-01-486-6074,"PANEL,BUILDING,PREF",G,336412,6.0,,,2025-01-15,2025-01-27,PANEL,DIBBS|SPE8ED25T0586|5410-01-486-6074,C01,Integrated Control / Indicator / HMI Panels,PANEL,PANEL,True,core,"broad keyword, but it is the item noun",Excluded: structural/shelter/body panel (FSC 5410 = Prefabricated and portable buildings)
SPE4A526T369M,1560-01-119-7631,SPE4A526T369M,08-18-2026,08-25-2026,2026-08-21 02:41:27,Origin,Destination,None,7017912735,https://dibbs2.bsm.dla.mil/Downloads/RFQ/M/SPE4A526T369M.PDF,https://www.dibbs.bsm.dla.mil/RFQ/RFQRec.aspx?sn=SPE4A526T369M,https://www.dibbs.bsm.dla.mil/rfq/rfqrec.aspx?sn=SPE4A526T369M,PANEL,8,20260930T154515Z,1560-01-119-7631,"WINDOW PANEL,AIRCRAFT",R,336413,12.0,78286 | 70216-01000-042 | SIKORSKY AIRCRAFT CORPORATION,,2026-08-18,2026-08-25,PANEL; WINDOW,DIBBS|SPE4A526T369M|1560-01-119-7631,C04,Lenses / Windows / Covers / Housings,WINDOW,PANEL; WINDOW,True,core,"broad keyword, but it is the item noun",Excluded: structural/shelter/body panel (FSC 1560 = Airframe structural components)
SPEFA326T0255,1560-LN-003-4029,SPEFA326T0255,05-05-2026,05-15-2026,2026-08-21 02:41:27,Destination,Destination,None,7016632086,https://dibbs2.bsm.dla.mil/Downloads/RFQ/5/SPEFA326T0255.PDF,https://www.dibbs.bsm.dla.mil/RFQ/RFQRec.aspx?sn=SPEFA326T0255,https://www.dibbs.bsm.dla.mil/rfq/rfqrec.aspx?sn=SPEFA326T0255,PANEL,8,20260930T154515Z,1560-LN-003-4029,PANEL,L,488190,5.0,76301 | 74A731258-2002 | THE BOEING COMPANY,,2026-05-05,2026-05-15,PANEL,DIBBS|SPEFA326T0255|1560-LN-003-4029,C01,Integrated Control / Indicator / HMI Panels,PANEL,PANEL,True,core,"broad keyword, but it is the item noun",Excluded: structural/shelter/body panel (FSC 1560 = Airframe structural components)
SPE4A626T19VF,1560-01-219-6812,SPE4A626T19VF,08-19-2026,08-26-2026,2026-08-21 02:41:27,Origin,Destination,None,7017917506,https://dibbs2.bsm.dla.mil/Downloads/RFQ/F/SPE4A626T19VF.PDF,https://www.dibbs.bsm.dla.mil/RFQ/RFQRec.aspx?sn=SPE4A626T19VF,https://www.dibbs.bsm.dla.mil/rfq/rfqrec.aspx?sn=SPE4A626T19VF,PANEL,8,20260930T154515Z,1560-01-219-6812,"PANEL,ASSY,FAIRING",C,336413,4.0,78286 | 70215-42409-042 | SIKORSKY AIRCRAFT CORPORATION,,2026-08-19,2026-08-26,PANEL,DIBBS|SPE4A626T19VF|1560-01-219-6812,C01,Integrated Control / Indicator / HMI Panels,PANEL ASSEMBLY,PANEL; PANEL ASSEMBLY,False,core,,Excluded: structural/shelter/body panel (FSC 1560 = Airframe structural components)
SPE4A726T9918,1560-01-733-7600,SPE4A726T9918,02-20-2026,02-27-2026,2026-08-21 02:41:27,Origin,Destination,None,7014381305,https://dibbs2.bsm.dla.mil/Downloads/RFQ/8/SPE4A726T9918.PDF,https://www.dibbs.bsm.dla.mil/RFQ/RFQRec.aspx?sn=SPE4A726T9918,https://www.dibbs.bsm.dla.mil/rfq/rfqrec.aspx?sn=SPE4A726T9918,PANEL,8,20260930T154515Z,1560-01-733-7600,"PANEL,STRUCTURAL,AI",D,000000,2.0,81205 | 842-349724-7 | THE BOEING COMPANY,,2026-02-20,2026-02-27,PANEL,DIBBS|SPE4A726T9918|1560-01-733-7600,C01,Integrated Control / Indicator / HMI Panels,PANEL,PANEL,True,core,"broad keyword, but it is the item noun",Excluded: structural/airframe panel
SPE4A726T634D,1560-00-442-3827,SPE4A726T634D,08-10-2026,08-17-2026,2026-08-21 02:41:27,Origin,Origin,Tech,7017272850,https://dibbs2.bsm.dla.mil/Downloads/RFQ/D/SPE4A726T634D.PDF,https://www.dibbs.bsm.dla.mil/RFQ/RFQRec.aspx?sn=SPE4A726T634D,https://www.dibbs.bsm.dla.mil/rfq/rfqrec.aspx?sn=SPE4A726T634D,PANEL,8,20260930T154515Z,1560-00-442-3827,"PANEL,OVERHEAD TRIM",G,336413,2.0,,,2026-08-10,2026-08-17,INDICATOR; PANEL,DIBBS|SPE4A726T634D|1560-00-442-3827,C01,Integrated Control / Indicator / HMI Panels,PANEL,PANEL,True,core,"broad keyword, but it is the item noun",Excluded: structural/shelter/body panel (FSC 1560 = Airframe structural components)
SPE4A726T621Y,1560-00-878-4444,SPE4A726T621Y,08-06-2026,08-18-2026,2026-08-21 02:41:27,Origin,Origin,Tech,7016846231,https://dibbs2.bsm.dla.mil/Downloads/RFQ/Y/SPE4A726T621Y.PDF,https://www.dibbs.bsm.dla.mil/RFQ/RFQRec.aspx?sn=SPE4A726T621Y,https://www.dibbs.bsm.dla.mil/rfq/rfqrec.aspx?sn=SPE4A726T621Y,PANEL,8,20260930T154515Z,1560-00-878-4444,"PANEL,STRUCTURAL,AI",C,336413,1.0,059S2 | 4W13506-107A | AAR COMPONENT SERVICES - HOT SPRING,,2026-08-06,2026-08-18,PANEL,DIBBS|SPE4A726T621Y|1560-00-878-4444,C01,Integrated Control / Indicator / HMI Panels,PANEL,PANEL,True,core,"broad keyword, but it is the item noun",Excluded: structural/airframe panel
SPE4A726T572Q,1560-01-007-5377,SPE4A726T572Q,07-15-2026,07-22-2026,2026-08-21 02:41:27,Origin,Origin,Tech,7017149511,https://dibbs2.bsm.dla.mil/Downloads/RFQ/Q/SPE4A726T572Q.PDF,https://www.dibbs.bsm.dla.mil/RFQ/RFQRec.aspx?sn=SPE4A726T572Q,https://www.dibbs.bsm.dla.mil/rfq/rfqrec.aspx?sn=SPE4A726T572Q,PANEL,8,20260930T154515Z,1560-01-007-5377,"PANEL,STRUCTURAL,AI",C,336413,1.0,0CMM5 | 5-89348-60 | CRAFT MANUFACTURING AND TOOLING INC,,2026-07-15,2026-07-22,PANEL,DIBBS|SPE4A726T572Q|1560-01-007-5377,C01,Integrated Control / Indicator / HMI Panels,PANEL,PANEL,True,core,"broad keyword, but it is the item noun",Excluded: structural/airframe panel
SPE4A726T563E,1560-01-162-7537,SPE4A726T563E,07-10-2026,07-17-2026,2026-08-21 02:41:27,Origin,Origin,Tech,7017147499,https://dibbs2.bsm.dla.mil/Downloads/RFQ/E/SPE4A726T563E.PDF,https://www.dibbs.bsm.dla.mil/RFQ/RFQRec.aspx?sn=SPE4A726T563E,https://www.dibbs.bsm.dla.mil/rfq/rfqrec.aspx?sn=SPE4A726T563E,PANEL,8,20260930T154515Z,1560-01-162-7537,"WINDOW PANEL,AIRCRA",G,336413,5.0,,,2026-07-10,2026-07-17,PANEL; WINDOW,DIBBS|SPE4A726T563E|1560-01-162-7537,C04,Lenses / Windows / Covers / Housings,WINDOW,PANEL; WINDOW,True,core,"broad keyword, but it is the item noun",Excluded: structural/shelter/body panel (FSC 1560 = Airframe structural components)
SPE4A726T522P,1560-00-862-2180,SPE4A726T522P,06-22-2026,07-02-2026,2026-08-21 02:41:27,Origin,Origin,Tech,7017148985,https://dibbs2.bsm.dla.mil/Downloads/RFQ/P/SPE4A726T522P.PDF,https://www.dibbs.bsm.dla.mil/RFQ/RFQRec.aspx?sn=SPE4A726T522P,https://www.dibbs.bsm.dla.mil/rfq/rfqrec.aspx?sn=SPE4A726T522P,PANEL,8,20260930T154515Z,1560-00-862-2180,"PANEL ASSEMBLY,WING",C,336413,1.0,015P0 | 34-1194-518 | 0JWH9	34-1194-518	AERO SPACE COMPOSITES LLC,,2026-06-22,2026-07-02,PANEL,DIBBS|SPE4A726T522P|1560-00-862-2180,C01,Integrated Control / Indicator / HMI Panels,PANEL ASSEMBLY,PANEL; PANEL ASSEMBLY,False,core,,Excluded: structural/airframe panel
SPE4A726T486K,1560-00-007-5903,SPE4A726T486K,06-15-2026,06-25-2026,2026-08-21 02:41:27,Origin,Origin,None,7017148225,https://dibbs2.bsm.dla.mil/Downloads/RFQ/K/SPE4A726T486K.PDF,https://www.dibbs.bsm.dla.mil/RFQ/RFQRec.aspx?sn=SPE4A726T486K,https://www.dibbs.bsm.dla.mil/rfq/rfqrec.aspx?sn=SPE4A726T486K,PANEL,8,20260930T154515Z,1560-00-007-5903,"PANEL,STRUCTURAL,AI",C,336413,2.0,"3H339 | 205-031-257-67 | RADIUS AEROSPACE, INC.",,2026-06-15,2026-06-25,PANEL,DIBBS|SPE4A726T486K|1560-00-007-5903,C01,Integrated Control / Indicator / HMI Panels,PANEL,PANEL,True,core,"broad keyword, but it is the item noun",Excluded: structural/airframe panel
SPE4A726T433G,1560-01-717-6782,SPE4A726T433G,06-01-2026,06-08-2026,2026-08-21 02:41:27,Origin,Origin,None,7014630280,https://dibbs2.bsm.dla.mil/Downloads/RFQ/G/SPE4A726T433G.PDF,https://www.dibbs.bsm.dla.mil/RFQ/RFQRec.aspx?sn=SPE4A726T433G,https://www.dibbs.bsm.dla.mil/rfq/rfqrec.aspx?sn=SPE4A726T433G,PANEL,8,20260930T154515Z,1560-01-717-6782,"PANEL,STRUCTURAL,AI",D,336413,5.0,,,2026-06-01,2026-06-08,PANEL,DIBBS|SPE4A726T433G|1560-01-717-6782,C01,Integrated Control / Indicator / HMI Panels,PANEL,PANEL,True,core,"broad keyword, but it is the item noun",Excluded: structural/airframe panel
SPE4A726T419Z,1560-00-442-3827,SPE4A726T419Z,05-28-2026,06-04-2026,2026-08-21 02:41:27,Origin,Origin,Tech,7016848671,https://dibbs2.bsm.dla.mil/Downloads/RFQ/Z/SPE4A726T419Z.PDF,https://www.dibbs.bsm.dla.mil/RFQ/RFQRec.aspx?sn=SPE4A726T419Z,https://www.dibbs.bsm.dla.mil/rfq/rfqrec.aspx?sn=SPE4A726T419Z,PANEL,8,20260930T154515Z,1560-00-442-3827,"PANEL,OVERHEAD TRIM",G,336413,2.0,,,2026-05-28,2026-06-04,INDICATOR; PANEL,DIBBS|SPE4A726T419Z|1560-00-442-3827,C01,Integrated Control / Indicator / HMI Panels,PANEL,PANEL,True,core,"broad keyword, but it is the item noun",Excluded: structural/shelter/body panel (FSC 1560 = Airframe structural components)
SPE4A726T393N,1560-00-839-4588,SPE4A726T393N,05-21-2026,05-28-2026,2026-08-21 02:41:27,Origin,Origin,Tech,7016846408,https://dibbs2.bsm.dla.mil/Downloads/RFQ/N/SPE4A726T393N.PDF,https://www.dibbs.bsm.dla.mil/RFQ/RFQRec.aspx?sn=SPE4A726T393N,https://www.dibbs.bsm.dla.mil/rfq/rfqrec.aspx?sn=SPE4A726T393N,PANEL,8,20260930T154515Z,1560-00-839-4588,"WINDSHIELD PANEL,AI",C,336413,2.0,12035 | 4F11000-101A | SIERRACIN CORPORATION,,2026-05-21,2026-05-28,PANEL,DIBBS|SPE4A726T393N|1560-00-839-4588,C01,Integrated Control / Indicator / HMI Panels,PANEL,PANEL,True,core,"broad keyword, but it is the item noun",Excluded: structural/shelter/body panel (FSC 1560 = Airframe structural components)
SPE4A726T167V,1560-01-608-7251,SPE4A726T167V,03-27-2026,04-08-2026,2026-08-21 02:41:27,Origin,Origin,Tech,7016086257,https://dibbs2.bsm.dla.mil/Downloads/RFQ/V/SPE4A726T167V.PDF,https://www.dibbs.bsm.dla.mil/RFQ/RFQRec.aspx?sn=SPE4A726T167V,https://www.dibbs.bsm.dla.mil/rfq/rfqrec.aspx?sn=SPE4A726T167V,PANEL,8,20260930T154515Z,1560-01-608-7251,"PANEL,STRUCTURAL,AI",C,336413,21.0,"06DM5 | L2100164-037 | INFINITY FABRICATION, INC.",,2026-03-27,2026-04-08,PANEL,DIBBS|SPE4A726T167V|1560-01-608-7251,C01,Integrated Control / Indicator / HMI Panels,PANEL,PANEL,True,core,"broad keyword, but it is the item noun",Excluded: structural/airframe panel
SPE4A726Q0681,1560-01-153-1021,SPE4A726Q0681,05-28-2026,06-12-2026,2026-08-21 02:41:27,Origin,Origin,Tech,7016751671,https://dibbs2.bsm.dla.mil/Downloads/RFQ/1/SPE4A726Q0681.PDF,https://www.dibbs.bsm.dla.mil/RFQ/RFQRec.aspx?sn=SPE4A726Q0681,https://www.dibbs.bsm.dla.mil/rfq/rfqrec.aspx?sn=SPE4A726Q0681,PANEL,8,20260930T154515Z,1560-01-153-1021,"PANEL,STRUCTURAL,AI",C,336413,14.0,"015P0 | 35-8287-501 | 06DM5	35-8287-501	INFINITY FABRICATION, INC.",,2026-05-28,2026-06-12,FUEL; PANEL,DIBBS|SPE4A726Q0681|1560-01-153-1021,C01,Integrated Control / Indicator / HMI Panels,PANEL,PANEL,True,core,"broad keyword, but it is the item noun",Excluded: structural/airframe panel
SPE4A725T802M,1560-01-288-2245,SPE4A725T802M,09-03-2025,03-19-2026,2026-08-21 02:41:27,Origin,Origin,Tech,7012687666,https://dibbs2.bsm.dla.mil/Downloads/RFQ/M/SPE4A725T802M.PDF,https://www.dibbs.bsm.dla.mil/RFQ/RFQRec.aspx?sn=SPE4A725T802M,https://www.dibbs.bsm.dla.mil/rfq/rfqrec.aspx?sn=SPE4A725T802M,PANEL,8,20260930T154515Z,1560-01-288-2245,"PANEL,STRUCTURAL,AI",C,336413,3.0,015P0 | L3060150-011 | 030N1	L3060150-011,,2025-09-03,2026-03-19,PANEL,DIBBS|SPE4A725T802M|1560-01-288-2245,C01,Integrated Control / Indicator / HMI Panels,PANEL,PANEL,True,core,"broad keyword, but it is the item noun",Excluded: structural/airframe panel
SPE4A725T544J,1560-01-716-2743,SPE4A725T544J,06-20-2025,06-27-2025,2026-08-21 02:41:27,Origin,Destination,None,7012686338,https://dibbs2.bsm.dla.mil/Downloads/RFQ/J/SPE4A725T544J.PDF,https://www.dibbs.bsm.dla.mil/RFQ/RFQRec.aspx?sn=SPE4A725T544J,https://www.dibbs.bsm.dla.mil/rfq/rfqrec.aspx?sn=SPE4A725T544J,PANEL,8,20260930T154515Z,1560-01-716-2743,"PANEL,STRUCTURAL,AI",D,336413,3.0,,,2025-06-20,2025-06-27,PANEL,DIBBS|SPE4A725T544J|1560-01-716-2743,C01,Integrated Control / Indicator / HMI Panels,PANEL,PANEL,True,core,"broad keyword, but it is the item noun",Excluded: structural/airframe panel
SPE4A725Q0684,1560-01-554-3064,SPE4A725Q0684,03-07-2025,03-17-2025,2026-08-21 02:41:27,Origin,Origin,Tech,7010890300,https://dibbs2.bsm.dla.mil/Downloads/RFQ/4/SPE4A725Q0684.PDF,https://www.dibbs.bsm.dla.mil/RFQ/RFQRec.aspx?sn=SPE4A725Q0684,https://www.dibbs.bsm.dla.mil/rfq/rfqrec.aspx?sn=SPE4A725Q0684,PANEL,8,20260930T154515Z,1560-01-554-3064,"WINDOW PANEL,AIRCRA",C,336413,12.0,12035 | 4F11101-103A | SIERRACIN CORPORATION,,2025-03-07,2025-03-17,BOX; FUEL; INDICATOR; LEGEND; MARKING; PANEL; WINDOW,DIBBS|SPE4A725Q0684|1560-01-554-3064,C04,Lenses / Windows / Covers / Housings,WINDOW,PANEL; WINDOW,True,core,"broad keyword, but it is the item noun",Excluded: structural/shelter/body panel (FSC 1560 = Airframe structural components)
SPE4A526T337Y,1560-00-129-8850,SPE4A526T337Y,08-10-2026,08-17-2026,2026-08-21 02:41:27,Origin,Destination,None,7017688164,https://dibbs2.bsm.dla.mil/Downloads/RFQ/Y/SPE4A526T337Y.PDF,https://www.dibbs.bsm.dla.mil/RFQ/RFQRec.aspx?sn=SPE4A526T337Y,https://www.dibbs.bsm.dla.mil/rfq/rfqrec.aspx?sn=SPE4A526T337Y,PANEL,8,20260930T154515Z,1560-00-129-8850,"PANEL ASSEMBLY,FAIR",C,336413,1.0,98897 | 4W12024-104B | LOCKHEED MARTIN CORP,,2026-08-10,2026-08-17,PANEL,DIBBS|SPE4A526T337Y|1560-00-129-8850,C01,Integrated Control / Indicator / HMI Panels,PANEL ASSEMBLY,PANEL; PANEL ASSEMBLY,False,core,,Excluded: structural/shelter/body panel (FSC 1560 = Airframe structural components)
SPE7M426T336P,2040-01-660-9865,SPE7M426T336P,08-13-2026,08-24-2026,2026-08-21 02:41:27,Origin,Destination,None,7017868324,https://dibbs2.bsm.dla.mil/Downloads/RFQ/P/SPE7M426T336P.PDF,https://www.dibbs.bsm.dla.mil/RFQ/RFQRec.aspx?sn=SPE7M426T336P,https://www.dibbs.bsm.dla.mil/rfq/rfqrec.aspx?sn=SPE7M426T336P,PANEL,8,20260930T154515Z,2040-01-660-9865,PANEL FLOOR SECTION,Z,332510,16.0,1LL51 | 6748 | STRONGWELL CORPORATION,,2026-08-13,2026-08-24,PANEL,DIBBS|SPE7M426T336P|2040-01-660-9865,C01,Integrated Control / Indicator / HMI Panels,PANEL,PANEL,True,core,"broad keyword, but it is the item noun",Excluded: structural/airframe panel
SPE7L326T8518,2510-00-782-1177,SPE7L326T8518,04-15-2026,04-30-2026,2026-08-21 02:41:27,Origin,Origin,Tech,7015247352,https://dibbs2.bsm.dla.mil/Downloads/RFQ/8/SPE7L326T8518.PDF,https://www.dibbs.bsm.dla.mil/RFQ/RFQRec.aspx?sn=SPE7L326T8518,https://www.dibbs.bsm.dla.mil/rfq/rfqrec.aspx?sn=SPE7L326T8518,PANEL,8,20260930T154515Z,2510-00-782-1177,"PANEL,VEHICULAR OPE",G,336211,12.0,,,2026-04-15,2026-04-30,PANEL,DIBBS|SPE7L326T8518|2510-00-782-1177,C01,Integrated Control / Indicator / HMI Panels,PANEL,PANEL,True,core,"broad keyword, but it is the item noun","Excluded: structural/shelter/body panel (FSC 2510 = Vehicular cab, body and frame structural components)"
SPE7L526T3032,2510-01-480-4005,SPE7L526T3032,04-20-2026,04-30-2026,2026-08-21 02:41:27,Origin,Destination,None,7016373991,https://dibbs2.bsm.dla.mil/Downloads/RFQ/2/SPE7L526T3032.PDF,https://www.dibbs.bsm.dla.mil/RFQ/RFQRec.aspx?sn=SPE7L526T3032,https://www.dibbs.bsm.dla.mil/rfq/rfqrec.aspx?sn=SPE7L526T3032,PANEL,8,20260930T154515Z,2510-01-480-4005,INSTRUMENT PANEL,D,332999,7.0,75Q65 | 9HB634 | OSHKOSH DEFENSE LLC,,2026-04-20,2026-04-30,PANEL,DIBBS|SPE7L526T3032|2510-01-480-4005,C01,Integrated Control / Indicator / HMI Panels,INSTRUMENT PANEL,INSTRUMENT PANEL; PANEL,False,core,,"Excluded: structural/shelter/body panel (FSC 2510 = Vehicular cab, body and frame structural components)"
SPE7L426T1542,2510-01-692-2787,SPE7L426T1542,11-28-2025,12-08-2025,2026-08-21 02:41:27,Origin,Origin,Tech,7014656253,https://dibbs2.bsm.dla.mil/Downloads/RFQ/2/SPE7L426T1542.PDF,https://www.dibbs.bsm.dla.mil/RFQ/RFQRec.aspx?sn=SPE7L426T1542,https://www.dibbs.bsm.dla.mil/rfq/rfqrec.aspx?sn=SPE7L426T1542,PANEL,8,20260930T154515Z,2510-01-692-2787,"PANEL,VEHICULAR OPE",G,332999,8.0,,,2025-11-28,2025-12-08,PANEL,DIBBS|SPE7L426T1542|2510-01-692-2787,C01,Integrated Control / Indicator / HMI Panels,PANEL,PANEL,True,core,"broad keyword, but it is the item noun","Excluded: structural/shelter/body panel (FSC 2510 = Vehicular cab, body and frame structural components)"
SPE4A726T524Z,1560-01-396-0310,SPE4A726T524Z,06-23-2026,06-30-2026,2026-08-21 02:41:27,Origin,Origin,None,7017200141,https://dibbs2.bsm.dla.mil/Downloads/RFQ/Z/SPE4A726T524Z.PDF,https://www.dibbs.bsm.dla.mil/RFQ/RFQRec.aspx?sn=SPE4A726T524Z,https://www.dibbs.bsm.dla.mil/rfq/rfqrec.aspx?sn=SPE4A726T524Z,PANEL,8,20260930T154515Z,1560-01-396-0310,"WINDOW PANEL,AIRCRA",Q,336413,5.0,86175 | 94009 | GKN AEROSPACE TRANSPARENCY SYSTEMS,,2026-06-23,2026-06-30,PANEL; WINDOW,DIBBS|SPE4A726T524Z|1560-01-396-0310,C04,Lenses / Windows / Covers / Housings,WINDOW,PANEL; WINDOW,True,core,"broad keyword, but it is the item noun",Excluded: structural/shelter/body panel (FSC 1560 = Airframe structural components)
SPE4A726T514X,1560-01-655-4521,SPE4A726T514X,06-18-2026,06-25-2026,2026-08-21 02:41:27,Origin,Destination,Tech,7017200868,https://dibbs2.bsm.dla.mil/Downloads/RFQ/X/SPE4A726T514X.PDF,https://www.dibbs.bsm.dla.mil/RFQ/RFQRec.aspx?sn=SPE4A726T514X,https://www.dibbs.bsm.dla.mil/rfq/rfqrec.aspx?sn=SPE4A726T514X,PANEL,8,20260930T154515Z,1560-01-655-4521,"PANEL,STRUCTURAL,AI",C,336413,2.0,81205 | 232T1458-16B | THE BOEING COMPANY,,2026-06-18,2026-06-25,PANEL,DIBBS|SPE4A726T514X|1560-01-655-4521,C01,Integrated Control / Indicator / HMI Panels,PANEL,PANEL,True,core,"broad keyword, but it is the item noun",Excluded: structural/airframe panel
SPE4A726T514N,1560-01-714-4324,SPE4A726T514N,06-18-2026,06-25-2026,2026-08-21 02:41:27,Origin,Origin,None,7017199355,https://dibbs2.bsm.dla.mil/Downloads/RFQ/N/SPE4A726T514N.PDF,https://www.dibbs.bsm.dla.mil/RFQ/RFQRec.aspx?sn=SPE4A726T514N,https://www.dibbs.bsm.dla.mil/rfq/rfqrec.aspx?sn=SPE4A726T514N,PANEL,8,20260930T154515Z,1560-01-714-4324,"PANEL,STRUCTURAL,AI",C,336413,1.0,78286 | 70500-02072-096 | SIKORSKY AIRCRAFT CORPORATION,,2026-06-18,2026-06-25,PANEL,DIBBS|SPE4A726T514N|1560-01-714-4324,C01,Integrated Control / Indicator / HMI Panels,PANEL,PANEL,True,core,"broad keyword, but it is the item noun",Excluded: structural/airframe panel
SPE4A726T458E,1560-01-283-4029,SPE4A726T458E,06-05-2026,06-12-2026,2026-08-21 02:41:27,Origin,Origin,Tech,7016846574,https://dibbs2.bsm.dla.mil/Downloads/RFQ/E/SPE4A726T458E.PDF,https://www.dibbs.bsm.dla.mil/RFQ/RFQRec.aspx?sn=SPE4A726T458E,https://www.dibbs.bsm.dla.mil/rfq/rfqrec.aspx?sn=SPE4A726T458E,PANEL,8,20260930T154515Z,1560-01-283-4029,"PANEL,STRUCTURAL,AI",G,336413,2.0,,,2026-06-05,2026-06-12,PANEL,DIBBS|SPE4A726T458E|1560-01-283-4029,C01,Integrated Control / Indicator / HMI Panels,PANEL,PANEL,True,core,"broad keyword, but it is the item noun",Excluded: structural/airframe panel
SPE4A726T2255,1560-00-239-0343,SPE4A726T2255,10-31-2025,11-13-2025,2026-08-21 02:41:27,Origin,Origin,None,7013371155,https://dibbs2.bsm.dla.mil/Downloads/RFQ/5/SPE4A726T2255.PDF,https://www.dibbs.bsm.dla.mil/RFQ/RFQRec.aspx?sn=SPE4A726T2255,https://www.dibbs.bsm.dla.mil/rfq/rfqrec.aspx?sn=SPE4A726T2255,PANEL,8,20260930T154515Z,1560-00-239-0343,"PANEL,HEATED WINDSH",C,336413,13.0,12035 | 943536-110 | SIERRACIN CORPORATION,,2025-10-31,2025-11-13,PANEL,DIBBS|SPE4A726T2255|1560-00-239-0343,C01,Integrated Control / Indicator / HMI Panels,PANEL,PANEL,True,core,"broad keyword, but it is the item noun",Excluded: structural/shelter/body panel (FSC 1560 = Airframe structural components)
SPE7L126T597D,2510-01-547-8718,SPE7L126T597D,05-22-2026,06-01-2026,2026-08-21 02:41:27,Origin,Destination,None,7016888064,https://dibbs2.bsm.dla.mil/Downloads/RFQ/D/SPE7L126T597D.PDF,https://www.dibbs.bsm.dla.mil/RFQ/RFQRec.aspx?sn=SPE7L126T597D,https://www.dibbs.bsm.dla.mil/rfq/rfqrec.aspx?sn=SPE7L126T597D,PANEL,8,20260930T154515Z,2510-01-547-8718,"PANEL,VEHICULAR OPE",L,332999,1.0,0KMP4 | 9593-0236 | THUEMLING INDUSTRIAL PRODUCTS INC,,2026-05-22,2026-06-01,PANEL,DIBBS|SPE7L126T597D|2510-01-547-8718,C01,Integrated Control / Indicator / HMI Panels,PANEL,PANEL,True,core,"broad keyword, but it is the item noun","Excluded: structural/shelter/body panel (FSC 2510 = Vehicular cab, body and frame structural components)"
SPE7L126Q1316,2510-01-713-9991,SPE7L126Q1316,07-16-2026,07-24-2026,2026-08-21 02:41:27,Origin,Destination,Tech,7008434132,https://dibbs2.bsm.dla.mil/Downloads/RFQ/6/SPE7L126Q1316.PDF,https://www.dibbs.bsm.dla.mil/RFQ/RFQRec.aspx?sn=SPE7L126Q1316,https://www.dibbs.bsm.dla.mil/rfq/rfqrec.aspx?sn=SPE7L126Q1316,PANEL,8,20260930T154515Z,2510-01-713-9991,"PANEL,BODY,VEHICULA",G,332999,1.0,,,2026-07-16,2026-07-24,PANEL,DIBBS|SPE7L126Q1316|2510-01-713-9991,C01,Integrated Control / Indicator / HMI Panels,PANEL,PANEL,True,core,"broad keyword, but it is the item noun",Excluded: structural/airframe panel
SPE4A726T8036,1560-01-396-0310,SPE4A726T8036,01-22-2026,01-29-2026,2026-08-21 02:41:27,Origin,Origin,None,7015213569,https://dibbs2.bsm.dla.mil/Downloads/RFQ/6/SPE4A726T8036.PDF,https://www.dibbs.bsm.dla.mil/RFQ/RFQRec.aspx?sn=SPE4A726T8036,https://www.dibbs.bsm.dla.mil/rfq/rfqrec.aspx?sn=SPE4A726T8036,PANEL,8,20260930T154515Z,1560-01-396-0310,"WINDOW PANEL,AIRCRA",Q,336413,9.0,86175 | 94009 | GKN AEROSPACE TRANSPARENCY SYSTEMS,,2026-01-22,2026-01-29,PANEL; WINDOW,DIBBS|SPE4A726T8036|1560-01-396-0310,C04,Lenses / Windows / Covers / Housings,WINDOW,PANEL; WINDOW,True,core,"broad keyword, but it is the item noun",Excluded: structural/shelter/body panel (FSC 1560 = Airframe structural components)
SPE4A726T7358,1560-01-661-8823,SPE4A726T7358,01-09-2026,01-16-2026,2026-08-21 02:41:27,Origin,Destination,Tech,7014634077,https://dibbs2.bsm.dla.mil/Downloads/RFQ/8/SPE4A726T7358.PDF,https://www.dibbs.bsm.dla.mil/RFQ/RFQRec.aspx?sn=SPE4A726T7358,https://www.dibbs.bsm.dla.mil/rfq/rfqrec.aspx?sn=SPE4A726T7358,PANEL,8,20260930T154515Z,1560-01-661-8823,"PANEL,STRUCTURAL,AI",C,336413,1.0,81205 | 114T2400-590 | THE BOEING COMPANY,,2026-01-09,2026-01-16,PANEL,DIBBS|SPE4A726T7358|1560-01-661-8823,C01,Integrated Control / Indicator / HMI Panels,PANEL,PANEL,True,core,"broad keyword, but it is the item noun",Excluded: structural/airframe panel
SPE4A726T628U,1560-01-600-2806,SPE4A726T628U,08-07-2026,08-14-2026,2026-08-21 02:41:27,Origin,Origin,None,7015213100,https://dibbs2.bsm.dla.mil/Downloads/RFQ/U/SPE4A726T628U.PDF,https://www.dibbs.bsm.dla.mil/RFQ/RFQRec.aspx?sn=SPE4A726T628U,https://www.dibbs.bsm.dla.mil/rfq/rfqrec.aspx?sn=SPE4A726T628U,PANEL,8,20260930T154515Z,1560-01-600-2806,ARMOR ASSY PANEL AI,P,336413,7.0,1LEW5 | 10018377 | AVON PROTECTION SYSTEMS INCORPORATE,,2026-08-07,2026-08-14,PANEL,DIBBS|SPE4A726T628U|1560-01-600-2806,C01,Integrated Control / Indicator / HMI Panels,PANEL,PANEL,True,core,"broad keyword, but it is the item noun",Excluded: structural/airframe panel
SPE4A726T589C,1560-01-072-2343,SPE4A726T589C,07-22-2026,07-29-2026,2026-08-21 02:41:27,Origin,Origin,None,7017527740,https://dibbs2.bsm.dla.mil/Downloads/RFQ/C/SPE4A726T589C.PDF,https://www.dibbs.bsm.dla.mil/RFQ/RFQRec.aspx?sn=SPE4A726T589C,https://www.dibbs.bsm.dla.mil/rfq/rfqrec.aspx?sn=SPE4A726T589C,PANEL,8,20260930T154515Z,1560-01-072-2343,"SAFETY WALK PANEL,C",D,336413,777.0,"3H683 | 375986-5 | INTERNATIONAL PRECISION, INC",,2026-07-22,2026-07-29,PANEL,DIBBS|SPE4A726T589C|1560-01-072-2343,C01,Integrated Control / Indicator / HMI Panels,PANEL,PANEL,True,core,"broad keyword, but it is the item noun",Excluded: structural/shelter/body panel (FSC 1560 = Airframe structural components)
SPE4A626T765R,1560-01-496-7286,SPE4A626T765R,02-20-2026,02-27-2026,2026-08-21 02:41:27,Origin,Destination,None,7015607861,https://dibbs2.bsm.dla.mil/Downloads/RFQ/R/SPE4A626T765R.PDF,https://www.dibbs.bsm.dla.mil/RFQ/RFQRec.aspx?sn=SPE4A626T765R,https://www.dibbs.bsm.dla.mil/rfq/rfqrec.aspx?sn=SPE4A626T765R,PANEL,8,20260930T154515Z,1560-01-496-7286,"PANEL,STRUCTURAL,AI",C,336413,3.0,78286 | 70500-02072-047 | SIKORSKY AIRCRAFT CORPORATION,,2026-02-20,2026-02-27,PANEL,DIBBS|SPE4A626T765R|1560-01-496-7286,C01,Integrated Control / Indicator / HMI Panels,PANEL,PANEL,True,core,"broad keyword, but it is the item noun",Excluded: structural/airframe panel
SPE4A726T163R,1560-01-152-6334,SPE4A726T163R,03-27-2026,04-03-2026,2026-08-21 02:41:27,Origin,Origin,Tech,7015852610,https://dibbs2.bsm.dla.mil/Downloads/RFQ/R/SPE4A726T163R.PDF,https://www.dibbs.bsm.dla.mil/RFQ/RFQRec.aspx?sn=SPE4A726T163R,https://www.dibbs.bsm.dla.mil/rfq/rfqrec.aspx?sn=SPE4A726T163R,PANEL,8,20260930T154515Z,1560-01-152-6334,"PANEL,STRUCTURAL,AI",C,336413,15.0,"06DM5 | 35-8286-503 | INFINITY FABRICATION, INC.",,2026-03-27,2026-04-03,PANEL,DIBBS|SPE4A726T163R|1560-01-152-6334,C01,Integrated Control / Indicator / HMI Panels,PANEL,PANEL,True,core,"broad keyword, but it is the item noun",Excluded: structural/airframe panel
SPE4A726T099J,1560-00-108-2073,SPE4A726T099J,03-18-2026,03-25-2026,2026-08-21 02:41:27,Origin,Origin,Tech,7015956199,https://dibbs2.bsm.dla.mil/Downloads/RFQ/J/SPE4A726T099J.PDF,https://www.dibbs.bsm.dla.mil/RFQ/RFQRec.aspx?sn=SPE4A726T099J,https://www.dibbs.bsm.dla.mil/rfq/rfqrec.aspx?sn=SPE4A726T099J,PANEL,8,20260930T154515Z,1560-00-108-2073,"PANEL,STRUCTURAL,AI",C,336413,2.0,059S2 | 4W12542-148A | AAR COMPONENT SERVICES - HOT SPRING,,2026-03-18,2026-03-25,PANEL,DIBBS|SPE4A726T099J|1560-00-108-2073,C01,Integrated Control / Indicator / HMI Panels,PANEL,PANEL,True,core,"broad keyword, but it is the item noun",Excluded: structural/airframe panel
SPE4A726T055D,1560-00-979-5215,SPE4A726T055D,03-10-2026,03-17-2026,2026-08-21 02:41:27,Origin,Origin,Tech,7015606935,https://dibbs2.bsm.dla.mil/Downloads/RFQ/D/SPE4A726T055D.PDF,https://www.dibbs.bsm.dla.mil/RFQ/RFQRec.aspx?sn=SPE4A726T055D,https://www.dibbs.bsm.dla.mil/rfq/rfqrec.aspx?sn=SPE4A726T055D,PANEL,8,20260930T154515Z,1560-00-979-5215,"PANEL,STRUCTURAL,AI",C,336413,3.0,0C7H8 | 65-28205-4 | D-J ENGINEERING INC,,2026-03-10,2026-03-17,PANEL,DIBBS|SPE4A726T055D|1560-00-979-5215,C01,Integrated Control / Indicator / HMI Panels,PANEL,PANEL,True,core,"broad keyword, but it is the item noun",Excluded: structural/airframe panel
SPE4A725T339Y,1560-01-549-2201,SPE4A725T339Y,05-07-2025,05-23-2025,2026-08-21 02:41:27,Origin,Destination,None,7012147116,https://dibbs2.bsm.dla.mil/Downloads/RFQ/Y/SPE4A725T339Y.PDF,https://www.dibbs.bsm.dla.mil/RFQ/RFQRec.aspx?sn=SPE4A725T339Y,https://www.dibbs.bsm.dla.mil/rfq/rfqrec.aspx?sn=SPE4A725T339Y,PANEL,8,20260930T154515Z,1560-01-549-2201,"PANEL,STRUCTURAL,AI",C,336413,15.0,56540 | 74A110844-2005 | ASSOCIATED AIRCRAFT MANUFACTURING &,,2025-05-07,2025-05-23,PANEL,DIBBS|SPE4A725T339Y|1560-01-549-2201,C01,Integrated Control / Indicator / HMI Panels,PANEL,PANEL,True,core,"broad keyword, but it is the item noun",Excluded: structural/airframe panel
SPE4A725Q1040,1560-01-163-5182,SPE4A725Q1040,06-05-2025,06-19-2025,2026-08-21 02:41:27,Origin,Origin,None,7008403722,https://dibbs2.bsm.dla.mil/Downloads/RFQ/0/SPE4A725Q1040.PDF,https://www.dibbs.bsm.dla.mil/RFQ/RFQRec.aspx?sn=SPE4A725Q1040,https://www.dibbs.bsm.dla.mil/rfq/rfqrec.aspx?sn=SPE4A725Q1040,PANEL,8,20260930T154515Z,1560-01-163-5182,"WINDSHIELD PANEL,AI",P,336413,91.0,12035 | 7-311112015-11 | SIERRACIN CORPORATION,,2025-06-05,2025-06-19,FUEL; PANEL,DIBBS|SPE4A725Q1040|1560-01-163-5182,C01,Integrated Control / Indicator / HMI Panels,PANEL,PANEL,True,core,"broad keyword, but it is the item noun",Excluded: structural/shelter/body panel (FSC 1560 = Airframe structural components)
SPE4A626T8960,1560-01-205-7218,SPE4A626T8960,11-10-2025,11-17-2025,2026-08-21 02:41:27,Origin,Destination,None,7014381090,https://dibbs2.bsm.dla.mil/Downloads/RFQ/0/SPE4A626T8960.PDF,https://www.dibbs.bsm.dla.mil/RFQ/RFQRec.aspx?sn=SPE4A626T8960,https://www.dibbs.bsm.dla.mil/rfq/rfqrec.aspx?sn=SPE4A626T8960,PANEL,8,20260930T154515Z,1560-01-205-7218,PANEL FIBERGLASS,C,336413,2.0,78286 | 70308-03603-103 | SIKORSKY AIRCRAFT CORPORATION,,2025-11-10,2025-11-17,PANEL,DIBBS|SPE4A626T8960|1560-01-205-7218,C01,Integrated Control / Indicator / HMI Panels,PANEL,PANEL,True,core,"broad keyword, but it is the item noun",Excluded: structural/shelter/body panel (FSC 1560 = Airframe structural components)
SPE4A626T87B2,1560-01-459-5171,SPE4A626T87B2,06-11-2026,06-18-2026,2026-08-21 02:41:27,Origin,Destination,None,7010046494,https://dibbs2.bsm.dla.mil/Downloads/RFQ/2/SPE4A626T87B2.PDF,https://www.dibbs.bsm.dla.mil/RFQ/RFQRec.aspx?sn=SPE4A626T87B2,https://www.dibbs.bsm.dla.mil/rfq/rfqrec.aspx?sn=SPE4A626T87B2,PANEL,8,20260930T154515Z,1560-01-459-5171,"PANEL,STRUCTURAL,AI",C,336413,7.0,70974 | 123W10697-611 | NORTHROP GRUMMAN SYSTEMS CORPORATIO,,2026-06-11,2026-06-18,PANEL,DIBBS|SPE4A626T87B2|1560-01-459-5171,C01,Integrated Control / Indicator / HMI Panels,PANEL,PANEL,True,core,"broad keyword, but it is the item noun",Excluded: structural/airframe panel
SPE4A626T24Z6,1560-01-737-8647,SPE4A626T24Z6,04-17-2026,04-24-2026,2026-08-21 02:41:27,Origin,Destination,None,7016335600,https://dibbs2.bsm.dla.mil/Downloads/RFQ/6/SPE4A626T24Z6.PDF,https://www.dibbs.bsm.dla.mil/RFQ/RFQRec.aspx?sn=SPE4A626T24Z6,https://www.dibbs.bsm.dla.mil/rfq/rfqrec.aspx?sn=SPE4A626T24Z6,PANEL,8,20260930T154515Z,1560-01-737-8647,"PANEL,STRUCTURAL,AI",C,336413,1.0,76301 | 74A803616-1005 | THE BOEING COMPANY,,2026-04-17,2026-04-24,PANEL,DIBBS|SPE4A626T24Z6|1560-01-737-8647,C01,Integrated Control / Indicator / HMI Panels,PANEL,PANEL,True,core,"broad keyword, but it is the item noun",Excluded: structural/airframe panel
SPE4A525T343N,1560-01-205-7217,SPE4A525T343N,05-07-2025,05-19-2025,2026-08-21 02:41:27,Origin,Destination,None,7012148331,https://dibbs2.bsm.dla.mil/Downloads/RFQ/N/SPE4A525T343N.PDF,https://www.dibbs.bsm.dla.mil/RFQ/RFQRec.aspx?sn=SPE4A525T343N,https://www.dibbs.bsm.dla.mil/rfq/rfqrec.aspx?sn=SPE4A525T343N,PANEL,9,20260930T154532Z,1560-01-205-7217,"PANEL,STRUCTURAL,AI",C,336413,2.0,78286 | 70308-03603-043 | SIKORSKY AIRCRAFT CORPORATION,,2025-05-07,2025-05-19,PANEL,DIBBS|SPE4A525T343N|1560-01-205-7217,C01,Integrated Control / Indicator / HMI Panels,PANEL,PANEL,True,core,"broad keyword, but it is the item noun",Excluded: structural/airframe panel
SPE4A526T173M,1560-00-592-5201,SPE4A526T173M,05-20-2026,05-27-2026,2026-08-21 02:41:27,Origin,Destination,None,7016847959,https://dibbs2.bsm.dla.mil/Downloads/RFQ/M/SPE4A526T173M.PDF,https://www.dibbs.bsm.dla.mil/RFQ/RFQRec.aspx?sn=SPE4A526T173M,https://www.dibbs.bsm.dla.mil/rfq/rfqrec.aspx?sn=SPE4A526T173M,PANEL,9,20260930T154532Z,1560-00-592-5201,"PANEL,TRAILING EDGE",C,336413,3.0,81205 | 5-89348-57 | THE BOEING COMPANY,,2026-05-20,2026-05-27,PANEL,DIBBS|SPE4A526T173M|1560-00-592-5201,C01,Integrated Control / Indicator / HMI Panels,PANEL,PANEL,True,core,"broad keyword, but it is the item noun",Excluded: structural/shelter/body panel (FSC 1560 = Airframe structural components)
SPE4A526T138G,1560-01-422-3096,SPE4A526T138G,05-13-2026,05-20-2026,2026-08-21 02:41:27,Origin,Destination,None,7016708650,https://dibbs2.bsm.dla.mil/Downloads/RFQ/G/SPE4A526T138G.PDF,https://www.dibbs.bsm.dla.mil/RFQ/RFQRec.aspx?sn=SPE4A526T138G,https://www.dibbs.bsm.dla.mil/rfq/rfqrec.aspx?sn=SPE4A526T138G,PANEL,9,20260930T154532Z,1560-01-422-3096,"PANEL,STRUCTURAL,AI",Q,336413,2.0,76301 | 68A250666-2055 | THE BOEING COMPANY,,2026-05-13,2026-05-20,PANEL,DIBBS|SPE4A526T138G|1560-01-422-3096,C01,Integrated Control / Indicator / HMI Panels,PANEL,PANEL,True,core,"broad keyword, but it is the item noun",Excluded: structural/airframe panel
SPE4A525T475W,1560-01-728-2692,SPE4A525T475W,06-12-2025,06-20-2025,2026-08-21 02:41:27,Origin,Destination,None,7012492777,https://dibbs2.bsm.dla.mil/Downloads/RFQ/W/SPE4A525T475W.PDF,https://www.dibbs.bsm.dla.mil/RFQ/RFQRec.aspx?sn=SPE4A525T475W,https://www.dibbs.bsm.dla.mil/rfq/rfqrec.aspx?sn=SPE4A525T475W,PANEL,9,20260930T154532Z,1560-01-728-2692,"PANEL,STRUCTURAL,AI",C,336413,3.0,98897 | 3359614-1 | LOCKHEED MARTIN CORP,,2025-06-12,2025-06-20,PANEL,DIBBS|SPE4A525T475W|1560-01-728-2692,C01,Integrated Control / Indicator / HMI Panels,PANEL,PANEL,True,core,"broad keyword, but it is the item noun",Excluded: structural/airframe panel
SPE8ED25T0588,5410-01-486-6074,SPE8ED25T0588,01-15-2025,01-27-2025,2026-08-21 02:41:27,Origin,Origin,Tech,7009964473,https://dibbs2.bsm.dla.mil/Downloads/RFQ/8/SPE8ED25T0588.PDF,https://www.dibbs.bsm.dla.mil/RFQ/RFQRec.aspx?sn=SPE8ED25T0588,https://www.dibbs.bsm.dla.mil/rfq/rfqrec.aspx?sn=SPE8ED25T0588,PANEL,9,20260930T154532Z,5410-01-486-6074,"PANEL,BUILDING,PREF",G,336412,9.0,,,2025-01-15,2025-01-27,PANEL,DIBBS|SPE8ED25T0588|5410-01-486-6074,C01,Integrated Control / Indicator / HMI Panels,PANEL,PANEL,True,core,"broad keyword, but it is the item noun",Excluded: structural/shelter/body panel (FSC 5410 = Prefabricated and portable buildings)
SPE4A726T680S,1560-01-459-2464,SPE4A726T680S,08-20-2026,08-27-2026,2026-08-21 02:41:27,Origin,Origin,Tech,7017838726,https://dibbs2.bsm.dla.mil/Downloads/RFQ/S/SPE4A726T680S.PDF,https://www.dibbs.bsm.dla.mil/RFQ/RFQRec.aspx?sn=SPE4A726T680S,https://www.dibbs.bsm.dla.mil/rfq/rfqrec.aspx?sn=SPE4A726T680S,PANEL,9,20260930T154532Z,1560-01-459-2464,"WINDOW PANEL,AIRCRA",G,336411,4.0,,,2026-08-20,2026-08-27,PANEL; WINDOW,DIBBS|SPE4A726T680S|1560-01-459-2464,C04,Lenses / Windows / Covers / Housings,WINDOW,PANEL; WINDOW,True,core,"broad keyword, but it is the item noun",Excluded: structural/shelter/body panel (FSC 1560 = Airframe structural components)
SPE7LX26U7179,2510-01-589-6198,SPE7LX26U7179,05-06-2026,05-20-2026,2026-08-21 02:41:27,Origin,Destination,None,1000232400,https://dibbs2.bsm.dla.mil/Downloads/RFQ/9/SPE7LX26U7179.PDF,https://www.dibbs.bsm.dla.mil/RFQ/RFQRec.aspx?sn=SPE7LX26U7179,https://www.dibbs.bsm.dla.mil/rfq/rfqrec.aspx?sn=SPE7LX26U7179,PANEL,9,20260930T154532Z,2510-01-589-6198,"PANEL,VEHICULAR OPE",C,332999,24.0,"0EUT9 | 3886018 | MCL INDUSTRIES, INC.",,2026-05-06,2026-05-20,PANEL,DIBBS|SPE7LX26U7179|2510-01-589-6198,C01,Integrated Control / Indicator / HMI Panels,PANEL,PANEL,True,core,"broad keyword, but it is the item noun","Excluded: structural/shelter/body panel (FSC 2510 = Vehicular cab, body and frame structural components)"
SPE7L426T3394,2510-01-566-9715,SPE7L426T3394,03-27-2026,04-06-2026,2026-08-21 02:41:27,Origin,Destination,None,7016080922,https://dibbs2.bsm.dla.mil/Downloads/RFQ/4/SPE7L426T3394.PDF,https://www.dibbs.bsm.dla.mil/RFQ/RFQRec.aspx?sn=SPE7L426T3394,https://www.dibbs.bsm.dla.mil/rfq/rfqrec.aspx?sn=SPE7L426T3394,PANEL,9,20260930T154532Z,2510-01-566-9715,"PANEL,VEHICULAR OPE",D,332999,8.0,076M6 | 4299978 | AMZ ALABAMA INC.,,2026-03-27,2026-04-06,PANEL,DIBBS|SPE7L426T3394|2510-01-566-9715,C01,Integrated Control / Indicator / HMI Panels,PANEL,PANEL,True,core,"broad keyword, but it is the item noun","Excluded: structural/shelter/body panel (FSC 2510 = Vehicular cab, body and frame structural components)"
SPE7L326T086M,2510-01-662-2294,SPE7L326T086M,06-22-2026,07-02-2026,2026-08-21 02:41:27,Origin,Destination,None,7017221037,https://dibbs2.bsm.dla.mil/Downloads/RFQ/M/SPE7L326T086M.PDF,https://www.dibbs.bsm.dla.mil/RFQ/RFQRec.aspx?sn=SPE7L326T086M,https://www.dibbs.bsm.dla.mil/rfq/rfqrec.aspx?sn=SPE7L326T086M,PANEL,9,20260930T154532Z,2510-01-662-2294,"PANEL,DASHBOARD",D,332999,1.0,75Q65 | 4131998 | OSHKOSH DEFENSE LLC,,2026-06-22,2026-07-02,PANEL,DIBBS|SPE7L326T086M|2510-01-662-2294,C01,Integrated Control / Indicator / HMI Panels,PANEL,PANEL,True,core,"broad keyword, but it is the item noun","Excluded: structural/shelter/body panel (FSC 2510 = Vehicular cab, body and frame structural components)"
SPE4A726T2806,1560-00-239-0342,SPE4A726T2806,11-07-2025,11-19-2025,2026-08-21 02:41:27,Origin,Origin,None,7012644428,https://dibbs2.bsm.dla.mil/Downloads/RFQ/6/SPE4A726T2806.PDF,https://www.dibbs.bsm.dla.mil/RFQ/RFQRec.aspx?sn=SPE4A726T2806,https://www.dibbs.bsm.dla.mil/rfq/rfqrec.aspx?sn=SPE4A726T2806,PANEL,9,20260930T154532Z,1560-00-239-0342,"PANEL,HEATED WINDSH",C,336413,6.0,86175 | 943536-109 | GKN AEROSPACE TRANSPARENCY SYSTEMS,,2025-11-07,2025-11-19,PANEL,DIBBS|SPE4A726T2806|1560-00-239-0342,C01,Integrated Control / Indicator / HMI Panels,PANEL,PANEL,True,core,"broad keyword, but it is the item noun",Excluded: structural/shelter/body panel (FSC 1560 = Airframe structural components)
SPE4A726Q0656,1560-00-176-1090,SPE4A726Q0656,05-12-2026,05-26-2026,2026-08-21 02:41:27,Destination,Origin,None,7016049922,https://dibbs2.bsm.dla.mil/Downloads/RFQ/6/SPE4A726Q0656.PDF,https://www.dibbs.bsm.dla.mil/RFQ/RFQRec.aspx?sn=SPE4A726Q0656,https://www.dibbs.bsm.dla.mil/rfq/rfqrec.aspx?sn=SPE4A726Q0656,PANEL,9,20260930T154532Z,1560-00-176-1090,"PANEL ASSEMBLY,LOWE",D,336413,2.0,97499 | 205-031-282-069 | BELL TEXTRON INC,,2026-05-12,2026-05-26,FUEL; PANEL,DIBBS|SPE4A726Q0656|1560-00-176-1090,C01,Integrated Control / Indicator / HMI Panels,PANEL ASSEMBLY,PANEL; PANEL ASSEMBLY,False,core,,Excluded: structural/shelter/body panel (FSC 1560 = Airframe structural components)
SPE4A726T9400,1560-01-196-6050,SPE4A726T9400,02-18-2026,02-25-2026,2026-08-21 02:41:27,Origin,Origin,Tech,7014870527,https://dibbs2.bsm.dla.mil/Downloads/RFQ/0/SPE4A726T9400.PDF,https://www.dibbs.bsm.dla.mil/RFQ/RFQRec.aspx?sn=SPE4A726T9400,https://www.dibbs.bsm.dla.mil/rfq/rfqrec.aspx?sn=SPE4A726T9400,PANEL,9,20260930T154532Z,1560-01-196-6050,"PANEL,STRUCTURAL,AI",G,336413,3.0,,,2026-02-18,2026-02-25,PANEL,DIBBS|SPE4A726T9400|1560-01-196-6050,C01,Integrated Control / Indicator / HMI Panels,PANEL,PANEL,True,core,"broad keyword, but it is the item noun",Excluded: structural/airframe panel
SPE4A726T607U,1560-01-560-5397,SPE4A726T607U,08-04-2026,08-11-2026,2026-08-21 02:41:27,Origin,Destination,Tech,7017486355,https://dibbs2.bsm.dla.mil/Downloads/RFQ/U/SPE4A726T607U.PDF,https://www.dibbs.bsm.dla.mil/RFQ/RFQRec.aspx?sn=SPE4A726T607U,https://www.dibbs.bsm.dla.mil/rfq/rfqrec.aspx?sn=SPE4A726T607U,PANEL,9,20260930T154532Z,1560-01-560-5397,"PANEL ASSY,KICK,AIR",C,336413,7.0,76301 | 74A800671-1032 | THE BOEING COMPANY,,2026-08-04,2026-08-11,INDICATOR; PANEL,DIBBS|SPE4A726T607U|1560-01-560-5397,C01,Integrated Control / Indicator / HMI Panels,PANEL ASSEMBLY,PANEL; PANEL ASSEMBLY,False,core,,Excluded: structural/shelter/body panel (FSC 1560 = Airframe structural components)
SPE4A726T515T,1560-01-005-2717,SPE4A726T515T,06-18-2026,06-25-2026,2026-08-21 02:41:27,Origin,Origin,Tech,7016752622,https://dibbs2.bsm.dla.mil/Downloads/RFQ/T/SPE4A726T515T.PDF,https://www.dibbs.bsm.dla.mil/RFQ/RFQRec.aspx?sn=SPE4A726T515T,https://www.dibbs.bsm.dla.mil/rfq/rfqrec.aspx?sn=SPE4A726T515T,PANEL,9,20260930T154532Z,1560-01-005-2717,"PANEL,STRUCTURAL,AI",C,336413,2.0,"29957 | 35-33087-6 | NORDAM GROUP LLC, THE",,2026-06-18,2026-06-25,PANEL,DIBBS|SPE4A726T515T|1560-01-005-2717,C01,Integrated Control / Indicator / HMI Panels,PANEL,PANEL,True,core,"broad keyword, but it is the item noun",Excluded: structural/airframe panel
SPE4A726T484G,1560-01-242-6557,SPE4A726T484G,06-12-2026,06-22-2026,2026-08-21 02:41:27,Origin,Origin,Tech,7015247642,https://dibbs2.bsm.dla.mil/Downloads/RFQ/G/SPE4A726T484G.PDF,https://www.dibbs.bsm.dla.mil/RFQ/RFQRec.aspx?sn=SPE4A726T484G,https://www.dibbs.bsm.dla.mil/rfq/rfqrec.aspx?sn=SPE4A726T484G,PANEL,9,20260930T154532Z,1560-01-242-6557,DOOR PANEL ACCESS,C,336413,29.0,"06DM5 | L3052923-003 | INFINITY FABRICATION, INC.",,2026-06-12,2026-06-22,PANEL,DIBBS|SPE4A726T484G|1560-01-242-6557,C01,Integrated Control / Indicator / HMI Panels,PANEL,PANEL,True,core,"broad keyword, but it is the item noun",Excluded: structural/shelter/body panel (FSC 1560 = Airframe structural components)
SPE4A726T347B,1560-01-446-4343,SPE4A726T347B,05-14-2026,05-21-2026,2026-08-21 02:41:27,Origin,Origin,Tech,7016708684,https://dibbs2.bsm.dla.mil/Downloads/RFQ/B/SPE4A726T347B.PDF,https://www.dibbs.bsm.dla.mil/RFQ/RFQRec.aspx?sn=SPE4A726T347B,https://www.dibbs.bsm.dla.mil/rfq/rfqrec.aspx?sn=SPE4A726T347B,PANEL,9,20260930T154532Z,1560-01-446-4343,"PANEL,STRUCTURAL,AI",G,336413,5.0,,,2026-05-14,2026-05-21,PANEL,DIBBS|SPE4A726T347B|1560-01-446-4343,C01,Integrated Control / Indicator / HMI Panels,PANEL,PANEL,True,core,"broad keyword, but it is the item noun",Excluded: structural/airframe panel
SPE4A726T316W,1560-01-660-7296,SPE4A726T316W,05-06-2026,05-13-2026,2026-08-21 02:41:27,Origin,Origin,Tech,7016644649,https://dibbs2.bsm.dla.mil/Downloads/RFQ/W/SPE4A726T316W.PDF,https://www.dibbs.bsm.dla.mil/RFQ/RFQRec.aspx?sn=SPE4A726T316W,https://www.dibbs.bsm.dla.mil/rfq/rfqrec.aspx?sn=SPE4A726T316W,PANEL,9,20260930T154532Z,1560-01-660-7296,"PANEL,STRUCTURAL,AI",G,336413,1.0,,,2026-05-06,2026-05-13,PANEL,DIBBS|SPE4A726T316W|1560-01-660-7296,C01,Integrated Control / Indicator / HMI Panels,PANEL,PANEL,True,core,"broad keyword, but it is the item noun",Excluded: structural/airframe panel
SPE4A626T18FW,1560-01-383-8985,SPE4A626T18FW,08-17-2026,08-24-2026,2026-08-21 02:41:27,Origin,Destination,None,7017914354,https://dibbs2.bsm.dla.mil/Downloads/RFQ/W/SPE4A626T18FW.PDF,https://www.dibbs.bsm.dla.mil/RFQ/RFQRec.aspx?sn=SPE4A626T18FW,https://www.dibbs.bsm.dla.mil/rfq/rfqrec.aspx?sn=SPE4A626T18FW,PANEL,9,20260930T154532Z,1560-01-383-8985,"WINDSHIELD PANEL,AI",Q,336413,7.0,78286 | 70206-21202-046 | SIKORSKY AIRCRAFT CORPORATION,,2026-08-17,2026-08-24,PANEL,DIBBS|SPE4A626T18FW|1560-01-383-8985,C01,Integrated Control / Indicator / HMI Panels,PANEL,PANEL,True,core,"broad keyword, but it is the item noun",Excluded: structural/shelter/body panel (FSC 1560 = Airframe structural components)
SPE4A626T78T5,1560-01-554-3064,SPE4A626T78T5,06-04-2026,06-11-2026,2026-08-21 02:41:27,Origin,Origin,Tech,7017010655,https://dibbs2.bsm.dla.mil/Downloads/RFQ/5/SPE4A626T78T5.PDF,https://www.dibbs.bsm.dla.mil/RFQ/RFQRec.aspx?sn=SPE4A626T78T5,https://www.dibbs.bsm.dla.mil/rfq/rfqrec.aspx?sn=SPE4A626T78T5,PANEL,9,20260930T154532Z,1560-01-554-3064,"WINDOW PANEL,AIRCRA",C,336413,10.0,12035 | 4F11101-103A | SIERRACIN CORPORATION,,2026-06-04,2026-06-11,PANEL; WINDOW,DIBBS|SPE4A626T78T5|1560-01-554-3064,C04,Lenses / Windows / Covers / Housings,WINDOW,PANEL; WINDOW,True,core,"broad keyword, but it is the item noun",Excluded: structural/shelter/body panel (FSC 1560 = Airframe structural components)
SPE4A524T714Y,1560-01-542-9226,SPE4A524T714Y,09-13-2024,09-20-2024,2026-08-21 02:41:27,Origin,Destination,None,7009030511,https://dibbs2.bsm.dla.mil/Downloads/RFQ/Y/SPE4A524T714Y.PDF,https://www.dibbs.bsm.dla.mil/RFQ/RFQRec.aspx?sn=SPE4A524T714Y,https://www.dibbs.bsm.dla.mil/rfq/rfqrec.aspx?sn=SPE4A524T714Y,PANEL,9,20260930T154532Z,1560-01-542-9226,"PANEL,STRUCTURAL,AI",D,336413,1.0,77272 | 901-031-274-103 | THE BOEING COMPANY,,2024-09-13,2024-09-20,PANEL,DIBBS|SPE4A524T714Y|1560-01-542-9226,C01,Integrated Control / Indicator / HMI Panels,PANEL,PANEL,True,core,"broad keyword, but it is the item noun",Excluded: structural/airframe panel
SPE4A526T258F,1560-01-598-5032,SPE4A526T258F,06-24-2026,07-01-2026,2026-08-21 02:41:27,Origin,Destination,None,7017271515,https://dibbs2.bsm.dla.mil/Downloads/RFQ/F/SPE4A526T258F.PDF,https://www.dibbs.bsm.dla.mil/RFQ/RFQRec.aspx?sn=SPE4A526T258F,https://www.dibbs.bsm.dla.mil/rfq/rfqrec.aspx?sn=SPE4A526T258F,PANEL,9,20260930T154532Z,1560-01-598-5032,"PANEL,STRUCTURAL,AIRCR",D,336413,27.0,78286 | 70500-52068-065 | SIKORSKY AIRCRAFT CORPORATION,,2026-06-24,2026-07-01,PANEL,DIBBS|SPE4A526T258F|1560-01-598-5032,C01,Integrated Control / Indicator / HMI Panels,PANEL,PANEL,True,core,"broad keyword, but it is the item noun",Excluded: structural/airframe panel
SPE4A526T290K,1560-00-690-7288,SPE4A526T290K,07-15-2026,07-22-2026,2026-08-21 02:41:27,Origin,Destination,None,7017486611,https://dibbs2.bsm.dla.mil/Downloads/RFQ/K/SPE4A526T290K.PDF,https://www.dibbs.bsm.dla.mil/RFQ/RFQRec.aspx?sn=SPE4A526T290K,https://www.dibbs.bsm.dla.mil/rfq/rfqrec.aspx?sn=SPE4A526T290K,PANEL,9,20260930T154532Z,1560-00-690-7288,"WINDOW PANEL,AIRCRAFT",P,336411,14.0,97499 | 204-030-770-1 | BELL TEXTRON INC,,2026-07-15,2026-07-22,PANEL; WINDOW,DIBBS|SPE4A526T290K|1560-00-690-7288,C04,Lenses / Windows / Covers / Housings,WINDOW,PANEL; WINDOW,True,core,"broad keyword, but it is the item noun",Excluded: structural/shelter/body panel (FSC 1560 = Airframe structural components)
SPE4A526T327Z,1560-01-538-7003,SPE4A526T327Z,08-05-2026,08-12-2026,2026-08-21 02:41:27,Origin,Destination,None,7017696112,https://dibbs2.bsm.dla.mil/Downloads/RFQ/Z/SPE4A526T327Z.PDF,https://www.dibbs.bsm.dla.mil/RFQ/RFQRec.aspx?sn=SPE4A526T327Z,https://www.dibbs.bsm.dla.mil/rfq/rfqrec.aspx?sn=SPE4A526T327Z,PANEL,9,20260930T154532Z,1560-01-538-7003,"PANEL,STRUCTURAL,AIRCR",C,336413,2.0,97499 | 901-032-819-109 | BELL TEXTRON INC,,2026-08-05,2026-08-12,PANEL,DIBBS|SPE4A526T327Z|1560-01-538-7003,C01,Integrated Control / Indicator / HMI Panels,PANEL,PANEL,True,core,"broad keyword, but it is the item noun",Excluded: structural/airframe panel
SPE4A526T328T,1560-01-688-9785,SPE4A526T328T,08-05-2026,08-12-2026,2026-08-21 02:41:27,Origin,Destination,Tech,7017696780,https://dibbs2.bsm.dla.mil/Downloads/RFQ/T/SPE4A526T328T.PDF,https://www.dibbs.bsm.dla.mil/RFQ/RFQRec.aspx?sn=SPE4A526T328T,https://www.dibbs.bsm.dla.mil/rfq/rfqrec.aspx?sn=SPE4A526T328T,PANEL,9,20260930T154532Z,1560-01-688-9785,"PANEL,STRUCTURAL,AI",C,336413,1.0,81205 | 453T7328-87B | THE BOEING COMPANY,,2026-08-05,2026-08-12,PANEL,DIBBS|SPE4A526T328T|1560-01-688-9785,C01,Integrated Control / Indicator / HMI Panels,PANEL,PANEL,True,core,"broad keyword, but it is the item noun",Excluded: structural/airframe panel
SPE4A726T771B,1560-01-267-3211,SPE4A726T771B,09-21-2026,10-01-2026,2026-09-28 08:03:12,Origin,Destination,None,7018412223,https://dibbs2.bsm.dla.mil/Downloads/RFQ/B/SPE4A726T771B.PDF,https://www.dibbs.bsm.dla.mil/RFQ/RFQRec.aspx?sn=SPE4A726T771B,https://www.dibbs.bsm.dla.mil/rfq/rfqrec.aspx?sn=SPE4A726T771B,PANEL,9,20260930T154532Z,1560-01-267-3211,"WINDOW PANEL,AIRCRAFT",Q,336413,10.0,"0J2J9 | 70206-21202-123 | NORDAM GROUP LLC, THE",,2026-09-21,2026-10-01,PANEL; WINDOW,DIBBS|SPE4A726T771B|1560-01-267-3211,C04,Lenses / Windows / Covers / Housings,WINDOW,PANEL; WINDOW,True,core,"broad keyword, but it is the item noun",Excluded: structural/shelter/body panel (FSC 1560 = Airframe structural components)
SPE4A726Q1119,1560-00-924-8250,SPE4A726Q1119,09-20-2026,10-01-2026,2026-09-22 08:03:56,Origin,Origin,None,7017741599,https://dibbs2.bsm.dla.mil/Downloads/RFQ/9/SPE4A726Q1119.PDF,https://www.dibbs.bsm.dla.mil/RFQ/RFQRec.aspx?sn=SPE4A726Q1119,https://www.dibbs.bsm.dla.mil/rfq/rfqrec.aspx?sn=SPE4A726Q1119,PANEL,10,20260930T154548Z,1560-00-924-8250,"PANEL,STRUCTURAL,AIRCR",G,336413,1.0,,,2026-09-20,2026-10-01,FUEL; PANEL,DIBBS|SPE4A726Q1119|1560-00-924-8250,C01,Integrated Control / Indicator / HMI Panels,PANEL,PANEL,True,core,"broad keyword, but it is the item noun",Excluded: structural/airframe panel
SPE4A726T731B,1560-01-016-1575,SPE4A726T731B,09-11-2026,09-18-2026,2026-09-10 08:10:05,Origin,Origin,Tech,7017410198,https://dibbs2.bsm.dla.mil/Downloads/RFQ/B/SPE4A726T731B.PDF,https://www.dibbs.bsm.dla.mil/RFQ/RFQRec.aspx?sn=SPE4A726T731B,https://www.dibbs.bsm.dla.mil/rfq/rfqrec.aspx?sn=SPE4A726T731B,PANEL,10,20260930T154548Z,1560-01-016-1575,"PANEL,STRUCTURAL,AI",G,336413,2.0,,,2026-09-11,2026-09-18,PANEL,DIBBS|SPE4A726T731B|1560-01-016-1575,C01,Integrated Control / Indicator / HMI Panels,PANEL,PANEL,True,core,"broad keyword, but it is the item noun",Excluded: structural/airframe panel
SPE4A726T715E,1560-00-938-9590,SPE4A726T715E,09-04-2026,09-11-2026,2026-09-03 06:42:21,Origin,Origin,Tech,7017914913,https://dibbs2.bsm.dla.mil/Downloads/RFQ/E/SPE4A726T715E.PDF,https://www.dibbs.bsm.dla.mil/RFQ/RFQRec.aspx?sn=SPE4A726T715E,https://www.dibbs.bsm.dla.mil/rfq/rfqrec.aspx?sn=SPE4A726T715E,PANEL,10,20260930T154548Z,1560-00-938-9590,"WINDOW PANEL,AIRCRAFT",C,336413,13.0,"3T949 | 65206-01007-101 | L.P. AERO PLASTICS, INC",,2026-09-04,2026-09-11,PANEL; WINDOW,DIBBS|SPE4A726T715E|1560-00-938-9590,C04,Lenses / Windows / Covers / Housings,WINDOW,PANEL; WINDOW,True,core,"broad keyword, but it is the item noun",Excluded: structural/shelter/body panel (FSC 1560 = Airframe structural components)
SPE4A726T306A,1560-01-335-9657,SPE4A726T306A,05-01-2026,05-08-2026,2026-08-21 02:41:27,Origin,Origin,Tech,7016439279,https://dibbs2.bsm.dla.mil/Downloads/RFQ/A/SPE4A726T306A.PDF,https://www.dibbs.bsm.dla.mil/RFQ/RFQRec.aspx?sn=SPE4A726T306A,https://www.dibbs.bsm.dla.mil/rfq/rfqrec.aspx?sn=SPE4A726T306A,PANEL,10,20260930T154548Z,1560-01-335-9657,"PANEL,STRUCTURAL,AI",G,336413,5.0,,,2026-05-01,2026-05-08,PANEL,DIBBS|SPE4A726T306A|1560-01-335-9657,C01,Integrated Control / Indicator / HMI Panels,PANEL,PANEL,True,core,"broad keyword, but it is the item noun",Excluded: structural/airframe panel
SPE4A525T9256,1560-01-357-4305,SPE4A525T9256,01-24-2025,02-05-2025,2026-08-21 02:41:27,Origin,Origin,None,7010591180,https://dibbs2.bsm.dla.mil/Downloads/RFQ/6/SPE4A525T9256.PDF,https://www.dibbs.bsm.dla.mil/RFQ/RFQRec.aspx?sn=SPE4A525T9256,https://www.dibbs.bsm.dla.mil/rfq/rfqrec.aspx?sn=SPE4A525T9256,PANEL,11,20260930T154605Z,1560-01-357-4305,"PANEL,STRUCTURAL,AI",Q,336413,5.0,78286 | 70500-82103-070 | SIKORSKY AIRCRAFT CORPORATION,,2025-01-24,2025-02-05,PANEL,DIBBS|SPE4A525T9256|1560-01-357-4305,C01,Integrated Control / Indicator / HMI Panels,PANEL,PANEL,True,core,"broad keyword, but it is the item noun",Excluded: structural/airframe panel
SPE4A526T361A,1560-01-116-4335,SPE4A526T361A,08-17-2026,08-24-2026,2026-08-21 02:41:27,Origin,Destination,None,7017913914,https://dibbs2.bsm.dla.mil/Downloads/RFQ/A/SPE4A526T361A.PDF,https://www.dibbs.bsm.dla.mil/RFQ/RFQRec.aspx?sn=SPE4A526T361A,https://www.dibbs.bsm.dla.mil/rfq/rfqrec.aspx?sn=SPE4A526T361A,PANEL,11,20260930T154605Z,1560-01-116-4335,"WINDOW PANEL,AIRCRAFT",D,336413,67.0,78286 | 70216-01000-041 | SIKORSKY AIRCRAFT CORPORATION,,2026-08-17,2026-08-24,PANEL; WINDOW,DIBBS|SPE4A526T361A|1560-01-116-4335,C04,Lenses / Windows / Covers / Housings,WINDOW,PANEL; WINDOW,True,core,"broad keyword, but it is the item noun",Excluded: structural/shelter/body panel (FSC 1560 = Airframe structural components)
SPE4A626T86Z9,1560-01-219-3170,SPE4A626T86Z9,06-11-2026,06-18-2026,2026-08-21 02:41:27,Origin,Destination,Tech,7013233708,https://dibbs2.bsm.dla.mil/Downloads/RFQ/9/SPE4A626T86Z9.PDF,https://www.dibbs.bsm.dla.mil/RFQ/RFQRec.aspx?sn=SPE4A626T86Z9,https://www.dibbs.bsm.dla.mil/rfq/rfqrec.aspx?sn=SPE4A626T86Z9,PANEL,11,20260930T154605Z,1560-01-219-3170,"WINDOW PANEL,AIRCRA",C,336413,15.0,70974 | 123ABP10086-513 | NORTHROP GRUMMAN SYSTEMS CORPORATIO,,2026-06-11,2026-06-18,PANEL; WINDOW,DIBBS|SPE4A626T86Z9|1560-01-219-3170,C04,Lenses / Windows / Covers / Housings,WINDOW,PANEL; WINDOW,True,core,"broad keyword, but it is the item noun",Excluded: structural/shelter/body panel (FSC 1560 = Airframe structural components)
SPE4A526T109B,2510-01-681-8055,SPE4A526T109B,05-04-2026,05-11-2026,2026-08-21 02:41:27,Origin,Origin,Tech,7016438541,https://dibbs2.bsm.dla.mil/Downloads/RFQ/B/SPE4A526T109B.PDF,https://www.dibbs.bsm.dla.mil/RFQ/RFQRec.aspx?sn=SPE4A526T109B,https://www.dibbs.bsm.dla.mil/rfq/rfqrec.aspx?sn=SPE4A526T109B,PANEL,11,20260930T154605Z,2510-01-681-8055,"PANEL,VEHICULAR OPE",B,332999,2.0,05BU0 | 476136 | KIDDE TECHNOLOGIES INC,,2026-05-04,2026-05-11,PANEL,DIBBS|SPE4A526T109B|2510-01-681-8055,C01,Integrated Control / Indicator / HMI Panels,PANEL,PANEL,True,core,"broad keyword, but it is the item noun","Excluded: structural/shelter/body panel (FSC 2510 = Vehicular cab, body and frame structural components)"
SPE4A526T272Q,1560-01-696-4965,SPE4A526T272Q,07-06-2026,07-13-2026,2026-08-21 02:41:27,Origin,Destination,None,7017384170,https://dibbs2.bsm.dla.mil/Downloads/RFQ/Q/SPE4A526T272Q.PDF,https://www.dibbs.bsm.dla.mil/RFQ/RFQRec.aspx?sn=SPE4A526T272Q,https://www.dibbs.bsm.dla.mil/rfq/rfqrec.aspx?sn=SPE4A526T272Q,PANEL,11,20260930T154605Z,1560-01-696-4965,"PANEL,STRUCTURAL,AI",R,336413,4.0,78286 | 78550-02422-041 | SIKORSKY AIRCRAFT CORPORATION,,2026-07-06,2026-07-13,PANEL,DIBBS|SPE4A526T272Q|1560-01-696-4965,C01,Integrated Control / Indicator / HMI Panels,PANEL,PANEL,True,core,"broad keyword, but it is the item noun",Excluded: structural/airframe panel
SPE4A726T337G,1560-01-108-3707,SPE4A726T337G,05-13-2026,05-20-2026,2026-08-21 02:41:27,Origin,Origin,Tech,7016751815,https://dibbs2.bsm.dla.mil/Downloads/RFQ/G/SPE4A726T337G.PDF,https://www.dibbs.bsm.dla.mil/RFQ/RFQRec.aspx?sn=SPE4A726T337G,https://www.dibbs.bsm.dla.mil/rfq/rfqrec.aspx?sn=SPE4A726T337G,PANEL,11,20260930T154605Z,1560-01-108-3707,"PANEL,STRUCTURAL,AI",G,336411,15.0,,,2026-05-13,2026-05-20,PANEL,DIBBS|SPE4A726T337G|1560-01-108-3707,C01,Integrated Control / Indicator / HMI Panels,PANEL,PANEL,True,core,"broad keyword, but it is the item noun",Excluded: structural/airframe panel
SPE8E626T4028,4240-01-500-4894,SPE8E626T4028,08-06-2026,08-17-2026,2026-08-21 02:41:27,Origin,Destination,None,7017757498,https://dibbs2.bsm.dla.mil/Downloads/RFQ/8/SPE8E626T4028.PDF,https://www.dibbs.bsm.dla.mil/RFQ/RFQRec.aspx?sn=SPE8E626T4028,https://www.dibbs.bsm.dla.mil/rfq/rfqrec.aspx?sn=SPE8E626T4028,LENS,1,20260930T155455Z,4240-01-500-4894,"LENS COVER,RESPIRAT",Z,315990,45.0,09729 | 20LCL | E. D. BULLARD COMPANY,,2026-08-06,2026-08-17,LENS,DIBBS|SPE8E626T4028|4240-01-500-4894,C04,Lenses / Windows / Covers / Housings,LENS,LENS,True,core,"broad keyword, but it is the item noun",Excluded: COVER without SWITCH
SPE7L126T06K8,2990-00-079-8611,SPE7L126T06K8,09-03-2026,09-14-2026,2026-09-02 06:41:43,Origin,Origin,None,7018164318,https://dibbs2.bsm.dla.mil/Downloads/RFQ/8/SPE7L126T06K8.PDF,https://www.dibbs.bsm.dla.mil/RFQ/RFQRec.aspx?sn=SPE7L126T06K8,https://www.dibbs.bsm.dla.mil/rfq/rfqrec.aspx?sn=SPE7L126T06K8,HOUSING,2,20260930T155743Z,2990-00-079-8611,"PLATE,HOUSING COVER",C,336390,1.0,72582 | 5134914 | ROLLS-ROYCE SOLUTIONS AMERICA INC,,2026-09-03,2026-09-14,HOUSING; PLATE,DIBBS|SPE7L126T06K8|2990-00-079-8611,C08,Plates / Markings / Mounting / Misc,PLATE,PLATE,True,core-adjacent,"broad keyword, but it is the item noun",Excluded: COVER without SWITCH
SPE7MC26Q0428,4820-01-475-2968,SPE7MC26Q0428,09-04-2026,09-16-2026,2026-09-03 10:55:07,Origin,Origin,None,7009461689,https://dibbs2.bsm.dla.mil/Downloads/RFQ/8/SPE7MC26Q0428.PDF,https://www.dibbs.bsm.dla.mil/RFQ/RFQRec.aspx?sn=SPE7MC26Q0428,https://www.dibbs.bsm.dla.mil/rfq/rfqrec.aspx?sn=SPE7MC26Q0428,PLATE,1,20260930T161322Z,4820-01-475-2968,"COVER PLATE,VALVE",C,332911,46.0,92555 | FSHX0512400B | THE LEE CO,,2026-09-04,2026-09-16,BOX; FUEL; PLATE,DIBBS|SPE7MC26Q0428|4820-01-475-2968,C08,Plates / Markings / Mounting / Misc,PLATE,PLATE,True,core-adjacent,"broad keyword, but it is the item noun",Excluded: COVER without SWITCH
SPE7MC26T273E,4810-01-622-9331,SPE7MC26T273E,09-15-2026,09-30-2026,2026-09-25 06:15:07,Origin,Destination,None,7014416142,https://dibbs2.bsm.dla.mil/Downloads/RFQ/E/SPE7MC26T273E.PDF,https://www.dibbs.bsm.dla.mil/RFQ/RFQRec.aspx?sn=SPE7MC26T273E,https://www.dibbs.bsm.dla.mil/rfq/rfqrec.aspx?sn=SPE7MC26T273E,PLATE,2,20260930T161339Z,4810-01-622-9331,"COVER PLATE,VALVE",D,336310,3.0,"1KWT0 | 056721 | SAUER COMPRESSORS USA, INC.",,2026-09-15,2026-09-30,PLATE,DIBBS|SPE7MC26T273E|4810-01-622-9331,C08,Plates / Markings / Mounting / Misc,PLATE,PLATE,True,core-adjacent,"broad keyword, but it is the item noun",Excluded: COVER without SWITCH
SPE7MC26T299W,4810-01-617-6057,SPE7MC26T299W,09-25-2026,10-05-2026,2026-09-24 08:49:10,Origin,Origin,Tech,7017781260,https://dibbs2.bsm.dla.mil/Downloads/RFQ/W/SPE7MC26T299W.PDF,https://www.dibbs.bsm.dla.mil/RFQ/RFQRec.aspx?sn=SPE7MC26T299W,https://www.dibbs.bsm.dla.mil/rfq/rfqrec.aspx?sn=SPE7MC26T299W,PLATE,2,20260930T161339Z,4810-01-617-6057,"COVER PLATE,VALVE",G,332919,17.0,,,2026-09-25,2026-10-05,PLATE,DIBBS|SPE7MC26T299W|4810-01-617-6057,C08,Plates / Markings / Mounting / Misc,PLATE,PLATE,True,core-adjacent,"broad keyword, but it is the item noun",Excluded: COVER without SWITCH
SPE7M526T467N,4810-01-621-6381,SPE7M526T467N,09-10-2026,09-24-2026,2026-09-21 09:10:10,Origin,Destination,None,7015231815,https://dibbs2.bsm.dla.mil/Downloads/RFQ/N/SPE7M526T467N.PDF,https://www.dibbs.bsm.dla.mil/RFQ/RFQRec.aspx?sn=SPE7M526T467N,https://www.dibbs.bsm.dla.mil/rfq/rfqrec.aspx?sn=SPE7M526T467N,PLATE,3,20260930T161357Z,4810-01-621-6381,"COVER PLATE,VALVE",D,332912,8.0,"1KWT0 | 064820 | SAUER COMPRESSORS USA, INC.",,2026-09-10,2026-09-24,PLATE,DIBBS|SPE7M526T467N|4810-01-621-6381,C08,Plates / Markings / Mounting / Misc,PLATE,PLATE,True,core-adjacent,"broad keyword, but it is the item noun",Excluded: COVER without SWITCH
SPE7M126T051L,4820-01-723-0671,SPE7M126T051L,05-08-2026,09-18-2026,2026-09-15 05:42:25,Origin,Destination,None,7016095124,https://dibbs2.bsm.dla.mil/Downloads/RFQ/L/SPE7M126T051L.PDF,https://www.dibbs.bsm.dla.mil/RFQ/RFQRec.aspx?sn=SPE7M126T051L,https://www.dibbs.bsm.dla.mil/rfq/rfqrec.aspx?sn=SPE7M126T051L,PLATE,4,20260930T161415Z,4820-01-723-0671,"COVER PLATE,VALVE",D,332911,1.0,"78062 | 21201-1003-1 | SARGENT AEROSPACE & DEFENSE, LLC",,2026-05-08,2026-09-18,PLATE,DIBBS|SPE7M126T051L|4820-01-723-0671,C08,Plates / Markings / Mounting / Misc,PLATE,PLATE,True,core-adjacent,"broad keyword, but it is the item noun",Excluded: COVER without SWITCH
SPE7MC26T225G,4810-01-621-0764,SPE7MC26T225G,08-26-2026,09-18-2026,2026-09-15 05:42:04,Origin,Destination,Tech,7016269868,https://dibbs2.bsm.dla.mil/Downloads/RFQ/G/SPE7MC26T225G.PDF,https://www.dibbs.bsm.dla.mil/RFQ/RFQRec.aspx?sn=SPE7MC26T225G,https://www.dibbs.bsm.dla.mil/rfq/rfqrec.aspx?sn=SPE7MC26T225G,PLATE,4,20260930T161415Z,4810-01-621-0764,"COVER PLATE,VALVE",G,332912,78.0,,,2026-08-26,2026-09-18,PLATE,DIBBS|SPE7MC26T225G|4810-01-621-0764,C08,Plates / Markings / Mounting / Misc,PLATE,PLATE,True,core-adjacent,"broad keyword, but it is the item noun",Excluded: COVER without SWITCH
SPE7MC26T267U,4810-01-622-5366,SPE7MC26T267U,09-11-2026,09-21-2026,2026-09-10 06:37:17,Origin,Destination,None,7018272726,https://dibbs2.bsm.dla.mil/Downloads/RFQ/U/SPE7MC26T267U.PDF,https://www.dibbs.bsm.dla.mil/RFQ/RFQRec.aspx?sn=SPE7MC26T267U,https://www.dibbs.bsm.dla.mil/rfq/rfqrec.aspx?sn=SPE7MC26T267U,PLATE,4,20260930T161415Z,4810-01-622-5366,"COVER PLATE,VALVE",D,332912,11.0,"0NEM2 | 12215366 | SZCZYPSKI, MICHAEL",,2026-09-11,2026-09-21,PLATE,DIBBS|SPE7MC26T267U|4810-01-622-5366,C08,Plates / Markings / Mounting / Misc,PLATE,PLATE,True,core-adjacent,"broad keyword, but it is the item noun",Excluded: COVER without SWITCH
SPE4A526T187B,1560-01-500-1829,SPE4A526T187B,05-27-2026,06-08-2026,2026-08-21 02:41:27,Origin,Destination,None,7016848372,https://dibbs2.bsm.dla.mil/Downloads/RFQ/B/SPE4A526T187B.PDF,https://www.dibbs.bsm.dla.mil/RFQ/RFQRec.aspx?sn=SPE4A526T187B,https://www.dibbs.bsm.dla.mil/rfq/rfqrec.aspx?sn=SPE4A526T187B,PLATE,7,20260930T161509Z,1560-01-500-1829,"PLATE,COVER,FUEL",Q,336413,2.0,78286 | 70307-84700-101 | SIKORSKY AIRCRAFT CORPORATION,,2026-05-27,2026-06-08,PLATE,DIBBS|SPE4A526T187B|1560-01-500-1829,C08,Plates / Markings / Mounting / Misc,PLATE,PLATE,True,core-adjacent,"broad keyword, but it is the item noun",Excluded: COVER without SWITCH
SPE7MC26T185R,4810-01-722-2978,SPE7MC26T185R,08-07-2026,08-17-2026,2026-08-21 02:41:27,Origin,Destination,Tech,7017204182,https://dibbs2.bsm.dla.mil/Downloads/RFQ/R/SPE7MC26T185R.PDF,https://www.dibbs.bsm.dla.mil/RFQ/RFQRec.aspx?sn=SPE7MC26T185R,https://www.dibbs.bsm.dla.mil/rfq/rfqrec.aspx?sn=SPE7MC26T185R,PLATE,8,20260930T161527Z,4810-01-722-2978,"COVER PLATE,VALVE",G,332911,1.0,,,2026-08-07,2026-08-17,PLATE,DIBBS|SPE7MC26T185R|4810-01-722-2978,C08,Plates / Markings / Mounting / Misc,PLATE,PLATE,True,core-adjacent,"broad keyword, but it is the item noun",Excluded: COVER without SWITCH
SPE7MC26T2557,4820-01-645-5533,SPE7MC26T2557,11-28-2025,12-08-2025,2026-08-21 02:41:27,Origin,Destination,None,7005358495,https://dibbs2.bsm.dla.mil/Downloads/RFQ/7/SPE7MC26T2557.PDF,https://www.dibbs.bsm.dla.mil/RFQ/RFQRec.aspx?sn=SPE7MC26T2557,https://www.dibbs.bsm.dla.mil/rfq/rfqrec.aspx?sn=SPE7MC26T2557,PLATE,8,20260930T161527Z,4820-01-645-5533,"COVER PLATE,VALVE",Q,332911,9.0,44674 | L722811M354 | THE OILGEAR COMPANY,,2025-11-28,2025-12-08,PLATE,DIBBS|SPE7MC26T2557|4820-01-645-5533,C08,Plates / Markings / Mounting / Misc,PLATE,PLATE,True,core-adjacent,"broad keyword, but it is the item noun",Excluded: COVER without SWITCH
SPE7MC26T6872,4820-01-721-0855,SPE7MC26T6872,03-19-2026,03-30-2026,2026-08-21 02:41:27,Origin,Destination,None,7015313377,https://dibbs2.bsm.dla.mil/Downloads/RFQ/2/SPE7MC26T6872.PDF,https://www.dibbs.bsm.dla.mil/RFQ/RFQRec.aspx?sn=SPE7MC26T6872,https://www.dibbs.bsm.dla.mil/rfq/rfqrec.aspx?sn=SPE7MC26T6872,PLATE,8,20260930T161527Z,4820-01-721-0855,"COVER PLATE,VALVE",Q,332911,1.0,96169 | ERH737-6005B54-1 | ELECTRIC BOAT CORPORATION,,2026-03-19,2026-03-30,PLATE,DIBBS|SPE7MC26T6872|4820-01-721-0855,C08,Plates / Markings / Mounting / Misc,PLATE,PLATE,True,core-adjacent,"broad keyword, but it is the item noun",Excluded: COVER without SWITCH
SPE7MC25T096B,4820-01-521-6373,SPE7MC25T096B,06-06-2025,06-16-2025,2026-08-21 02:41:27,Origin,Destination,None,7012538634,https://dibbs2.bsm.dla.mil/Downloads/RFQ/B/SPE7MC25T096B.PDF,https://www.dibbs.bsm.dla.mil/RFQ/RFQRec.aspx?sn=SPE7MC25T096B,https://www.dibbs.bsm.dla.mil/rfq/rfqrec.aspx?sn=SPE7MC25T096B,PLATE,9,20260930T161545Z,4820-01-521-6373,"COVER PLATE,VALVE",L,332911,4.0,96169 | 2620-613 | ASSY J	ELECTRIC BOAT CORPORATION,,2025-06-06,2025-06-16,PLATE,DIBBS|SPE7MC25T096B|4820-01-521-6373,C08,Plates / Markings / Mounting / Misc,PLATE,PLATE,True,core-adjacent,"broad keyword, but it is the item noun",Excluded: COVER without SWITCH
SPE7L126T8281,4810-01-524-9688,SPE7L126T8281,01-06-2026,01-16-2026,2026-08-21 02:41:27,Origin,Destination,None,7010564569,https://dibbs2.bsm.dla.mil/Downloads/RFQ/1/SPE7L126T8281.PDF,https://www.dibbs.bsm.dla.mil/RFQ/RFQRec.aspx?sn=SPE7L126T8281,https://www.dibbs.bsm.dla.mil/rfq/rfqrec.aspx?sn=SPE7L126T8281,PLATE,11,20260930T161621Z,4810-01-524-9688,"COVER PLATE,VALVE",D,336310,25.0,25693 | 904732-09 | MEGGITT SAFETY SYSTEMS INC,,2026-01-06,2026-01-16,PLATE,DIBBS|SPE7L126T8281|4810-01-524-9688,C08,Plates / Markings / Mounting / Misc,PLATE,PLATE,True,core-adjacent,"broad keyword, but it is the item noun",Excluded: COVER without SWITCH
SPE7MC26T8143,4820-01-668-2578,SPE7MC26T8143,04-14-2026,04-24-2026,2026-08-21 02:41:27,Destination,Destination,None,7016209586,https://dibbs2.bsm.dla.mil/Downloads/RFQ/3/SPE7MC26T8143.PDF,https://www.dibbs.bsm.dla.mil/RFQ/RFQRec.aspx?sn=SPE7MC26T8143,https://www.dibbs.bsm.dla.mil/rfq/rfqrec.aspx?sn=SPE7MC26T8143,PLATE,12,20260930T161638Z,4820-01-668-2578,"COVER PLATE,VALVE",D,332911,1.0,8KP69 | 762-2330 | NORTHROP GRUMMAN SYSTEMS CORP,,2026-04-14,2026-04-24,PLATE,DIBBS|SPE7MC26T8143|4820-01-668-2578,C08,Plates / Markings / Mounting / Misc,PLATE,PLATE,True,core-adjacent,"broad keyword, but it is the item noun",Excluded: COVER without SWITCH
SPE7MC26T8407,4820-01-668-2578,SPE7MC26T8407,04-21-2026,05-01-2026,2026-08-21 02:41:27,Origin,Destination,None,7016267098,https://dibbs2.bsm.dla.mil/Downloads/RFQ/7/SPE7MC26T8407.PDF,https://www.dibbs.bsm.dla.mil/RFQ/RFQRec.aspx?sn=SPE7MC26T8407,https://www.dibbs.bsm.dla.mil/rfq/rfqrec.aspx?sn=SPE7MC26T8407,PLATE,12,20260930T161638Z,4820-01-668-2578,"COVER PLATE,VALVE",D,332911,2.0,8KP69 | 762-2330 | NORTHROP GRUMMAN SYSTEMS CORP,,2026-04-21,2026-05-01,PLATE,DIBBS|SPE7MC26T8407|4820-01-668-2578,C08,Plates / Markings / Mounting / Misc,PLATE,PLATE,True,core-adjacent,"broad keyword, but it is the item noun",Excluded: COVER without SWITCH
SPE4A526T262L,1560-01-500-1829,SPE4A526T262L,06-24-2026,07-07-2026,2026-08-21 02:41:27,Origin,Destination,None,7017271574,https://dibbs2.bsm.dla.mil/Downloads/RFQ/L/SPE4A526T262L.PDF,https://www.dibbs.bsm.dla.mil/RFQ/RFQRec.aspx?sn=SPE4A526T262L,https://www.dibbs.bsm.dla.mil/rfq/rfqrec.aspx?sn=SPE4A526T262L,PLATE,13,20260930T161656Z,1560-01-500-1829,"PLATE,COVER,FUEL",Q,336413,4.0,78286 | 70307-84700-101 | SIKORSKY AIRCRAFT CORPORATION,,2026-06-24,2026-07-07,PLATE,DIBBS|SPE4A526T262L|1560-01-500-1829,C08,Plates / Markings / Mounting / Misc,PLATE,PLATE,True,core-adjacent,"broad keyword, but it is the item noun",Excluded: COVER without SWITCH
SPE7M126T312C,4810-01-621-0764,SPE7M126T312C,08-27-2026,09-18-2026,2026-09-15 05:42:34,Origin,Destination,Tech,7018047986,https://dibbs2.bsm.dla.mil/Downloads/RFQ/C/SPE7M126T312C.PDF,https://www.dibbs.bsm.dla.mil/RFQ/RFQRec.aspx?sn=SPE7M126T312C,https://www.dibbs.bsm.dla.mil/rfq/rfqrec.aspx?sn=SPE7M126T312C,PLATE,16,20260930T161750Z,4810-01-621-0764,"COVER PLATE,VALVE",G,332912,1.0,,,2026-08-27,2026-09-18,PLATE,DIBBS|SPE7M126T312C|4810-01-621-0764,C08,Plates / Markings / Mounting / Misc,PLATE,PLATE,True,core-adjacent,"broad keyword, but it is the item noun",Excluded: COVER without SWITCH
SPE4A526T396Z,2840-00-076-0324,SPE4A526T396Z,08-31-2026,09-08-2026,2026-08-30 03:26:25,Origin,Origin,None,7018104452,https://dibbs2.bsm.dla.mil/Downloads/RFQ/Z/SPE4A526T396Z.PDF,https://www.dibbs.bsm.dla.mil/RFQ/RFQRec.aspx?sn=SPE4A526T396Z,https://www.dibbs.bsm.dla.mil/rfq/rfqrec.aspx?sn=SPE4A526T396Z,TORQUEMETER,1,20260930T162638Z,2840-00-076-0324,"COVER,TORQUEMETER",C,336412,4.0,63005 | 6800317 | ROLLS-ROYCE CORPORATION,,2026-08-31,2026-09-08,TORQUEMETER,DIBBS|SPE4A526T396Z|2840-00-076-0324,C09,Aircraft Instruments / Gauges / Sensors (INSCO),TORQUEMETER,TORQUEMETER,False,INSCO,,Excluded: COVER without SWITCH
