sol_key,nsn,solicitation,issued,return_by,doc_posted_updated,fob,inspection,tech_data,purchase_requests,pdf_url,package_url,official_link,search_term,page,retrieved_utc,nsn_raw,nomenclature,amsc,naics,quantity_listed,approved_source,parse_issue,issued_dt,return_by_dt,found_by_terms,line_key,reason
SPE4A726Q1084,0001S00000052,SPE4A726Q1084,08-31-2026,09-07-2026,2026-08-31 09:41:29,Origin,Origin,Tech,7016227918,https://dibbs2.bsm.dla.mil/Downloads/RFQ/4/SPE4A726Q1084.PDF,https://www.dibbs.bsm.dla.mil/RFQ/RFQRec.aspx?sn=SPE4A726Q1084,https://www.dibbs.bsm.dla.mil/rfq/rfqrec.aspx?sn=SPE4A726Q1084,PANEL,1,20260930T154318Z,0001S00000052,GOVERNMENT FIRST ARTIC,G,336413,1.0,,,2026-08-31,2026-09-07,BOX; FUEL; PANEL; PLATE,DIBBS|SPE4A726Q1084|0001S00000052,First article test line - not a product line
SPE4A726T322N,0001S00000053,SPE4A726T322N,05-07-2026,05-14-2026,2026-08-21 02:41:27,Origin,Origin,Tech,7015657382,https://dibbs2.bsm.dla.mil/Downloads/RFQ/N/SPE4A726T322N.PDF,https://www.dibbs.bsm.dla.mil/RFQ/RFQRec.aspx?sn=SPE4A726T322N,https://www.dibbs.bsm.dla.mil/rfq/rfqrec.aspx?sn=SPE4A726T322N,PANEL,1,20260930T154318Z,0001S00000053,CONTRACTOR FIRST ARTIC,G,______,1.0,,,2026-05-07,2026-05-14,PANEL,DIBBS|SPE4A726T322N|0001S00000053,First article test line - not a product line
SPE4A726T792Q,0001S00000052,SPE4A726T792Q,09-25-2026,10-02-2026,2026-09-24 11:47:12,Origin,Origin,Tech,7018379682,https://dibbs2.bsm.dla.mil/Downloads/RFQ/Q/SPE4A726T792Q.PDF,https://www.dibbs.bsm.dla.mil/RFQ/RFQRec.aspx?sn=SPE4A726T792Q,https://www.dibbs.bsm.dla.mil/rfq/rfqrec.aspx?sn=SPE4A726T792Q,PANEL,1,20260930T154318Z,0001S00000052,GOVERNMENT FIRST ARTIC,G,______,1.0,,,2026-09-25,2026-10-02,PANEL,DIBBS|SPE4A726T792Q|0001S00000052,First article test line - not a product line
SPE4A726T785S,0001S00000052,SPE4A726T785S,09-23-2026,09-30-2026,2026-09-22 06:34:55,Origin,Origin,Tech,7018377766,https://dibbs2.bsm.dla.mil/Downloads/RFQ/S/SPE4A726T785S.PDF,https://www.dibbs.bsm.dla.mil/RFQ/RFQRec.aspx?sn=SPE4A726T785S,https://www.dibbs.bsm.dla.mil/rfq/rfqrec.aspx?sn=SPE4A726T785S,PANEL,1,20260930T154318Z,0001S00000052,GOVERNMENT FIRST ARTIC,G,______,1.0,,,2026-09-23,2026-09-30,PANEL,DIBBS|SPE4A726T785S|0001S00000052,First article test line - not a product line
SPE4A726T705K,0001S00000052,SPE4A726T705K,09-01-2026,09-08-2026,2026-08-31 09:41:31,Origin,Origin,Tech,7017741021,https://dibbs2.bsm.dla.mil/Downloads/RFQ/K/SPE4A726T705K.PDF,https://www.dibbs.bsm.dla.mil/RFQ/RFQRec.aspx?sn=SPE4A726T705K,https://www.dibbs.bsm.dla.mil/rfq/rfqrec.aspx?sn=SPE4A726T705K,PANEL,1,20260930T154318Z,0001S00000052,GOVERNMENT FIRST ARTIC,G,______,1.0,,,2026-09-01,2026-09-08,PANEL,DIBBS|SPE4A726T705K|0001S00000052,First article test line - not a product line
SPE7M026T9763,0001S00000053,SPE7M026T9763,07-01-2026,07-13-2026,2026-08-21 02:41:27,Origin,Origin,None,7017334193,https://dibbs2.bsm.dla.mil/Downloads/RFQ/3/SPE7M026T9763.PDF,https://www.dibbs.bsm.dla.mil/RFQ/RFQRec.aspx?sn=SPE7M026T9763,https://www.dibbs.bsm.dla.mil/rfq/rfqrec.aspx?sn=SPE7M026T9763,PANEL,1,20260930T154318Z,0001S00000053,CONTRACTOR FIRST ARTIC,G,______,1.0,,,2026-07-01,2026-07-13,PANEL,DIBBS|SPE7M026T9763|0001S00000053,First article test line - not a product line
SPE7M125Q0802,0001S00000046,SPE7M125Q0802,04-17-2025,05-02-2025,2026-08-21 02:41:27,Origin,Origin,Tech,7010567474,https://dibbs2.bsm.dla.mil/Downloads/RFQ/2/SPE7M125Q0802.PDF,https://www.dibbs.bsm.dla.mil/RFQ/RFQRec.aspx?sn=SPE7M125Q0802,https://www.dibbs.bsm.dla.mil/rfq/rfqrec.aspx?sn=SPE7M125Q0802,PANEL,1,20260930T154318Z,0001S00000046,MISCELLANEOUS,C,444190,2.0,36334 | 212676 | INDAL TECHNOLOGIES INC.,,2025-04-17,2025-05-02,BOX; FUEL; PANEL,DIBBS|SPE7M125Q0802|0001S00000046,First article test line - not a product line
SPE7M125Q0802,0001S00000053,SPE7M125Q0802,04-17-2025,05-02-2025,2026-08-21 02:41:27,Origin,Origin,Tech,7010567474,https://dibbs2.bsm.dla.mil/Downloads/RFQ/2/SPE7M125Q0802.PDF,https://www.dibbs.bsm.dla.mil/RFQ/RFQRec.aspx?sn=SPE7M125Q0802,https://www.dibbs.bsm.dla.mil/rfq/rfqrec.aspx?sn=SPE7M125Q0802,PANEL,1,20260930T154318Z,0001S00000053,CONTRACTOR FIRST ARTIC,C,000000,1.0,36334 | 212676 | INDAL TECHNOLOGIES INC.,,2025-04-17,2025-05-02,BOX; FUEL; PANEL,DIBBS|SPE7M125Q0802|0001S00000053,First article test line - not a product line
SPE4A726Q0499,0001S00000052,SPE4A726Q0499,03-09-2026,03-19-2026,2026-08-21 02:41:27,Origin,Origin,Tech,7014383035,https://dibbs2.bsm.dla.mil/Downloads/RFQ/9/SPE4A726Q0499.PDF,https://www.dibbs.bsm.dla.mil/RFQ/RFQRec.aspx?sn=SPE4A726Q0499,https://www.dibbs.bsm.dla.mil/rfq/rfqrec.aspx?sn=SPE4A726Q0499,PANEL,1,20260930T154318Z,0001S00000052,GOVERNMENT FIRST ARTIC,C,000000,1.0,015P0 | 34-1280-521 | 030N1	34-1280-521,,2026-03-09,2026-03-19,PANEL,DIBBS|SPE4A726Q0499|0001S00000052,First article test line - not a product line
SPE4A726Q0811,0001S00000052,SPE4A726Q0811,09-30-2026,10-14-2026,2026-09-29 05:15:03,Origin,Origin,Tech,7014545232,https://dibbs2.bsm.dla.mil/Downloads/RFQ/1/SPE4A726Q0811.PDF,https://www.dibbs.bsm.dla.mil/RFQ/RFQRec.aspx?sn=SPE4A726Q0811,https://www.dibbs.bsm.dla.mil/rfq/rfqrec.aspx?sn=SPE4A726Q0811,PANEL,1,20260930T154318Z,0001S00000052,GOVERNMENT FIRST ARTIC,B,000000,1.0,81205 | 400-11197-5 | THE BOEING COMPANY,,2026-09-30,2026-10-14,BOX; FUEL; PANEL; PLATE,DIBBS|SPE4A726Q0811|0001S00000052,First article test line - not a product line
SPE4A626T37VG,0001S00000052,SPE4A626T37VG,09-30-2026,10-07-2026,2026-09-29 02:56:46,Origin,Origin,Tech,7018341974,https://dibbs2.bsm.dla.mil/Downloads/RFQ/G/SPE4A626T37VG.PDF,https://www.dibbs.bsm.dla.mil/RFQ/RFQRec.aspx?sn=SPE4A626T37VG,https://www.dibbs.bsm.dla.mil/rfq/rfqrec.aspx?sn=SPE4A626T37VG,PANEL,1,20260930T154318Z,0001S00000052,GOVERNMENT FIRST ARTIC,G,______,1.0,,,2026-09-30,2026-10-07,OVERLAY; PANEL,DIBBS|SPE4A626T37VG|0001S00000052,First article test line - not a product line
SPE4A726T799Y,0001S00000052,SPE4A726T799Y,09-29-2026,10-06-2026,2026-09-28 01:34:01,Origin,Origin,Tech,7015602293,https://dibbs2.bsm.dla.mil/Downloads/RFQ/Y/SPE4A726T799Y.PDF,https://www.dibbs.bsm.dla.mil/RFQ/RFQRec.aspx?sn=SPE4A726T799Y,https://www.dibbs.bsm.dla.mil/rfq/rfqrec.aspx?sn=SPE4A726T799Y,PANEL,1,20260930T154318Z,0001S00000052,GOVERNMENT FIRST ARTIC,G,______,1.0,,,2026-09-29,2026-10-06,PANEL,DIBBS|SPE4A726T799Y|0001S00000052,First article test line - not a product line
SPE4A726T797T,0001S00000052,SPE4A726T797T,09-28-2026,10-05-2026,2026-09-27 06:21:44,Origin,Origin,Tech,7014870723,https://dibbs2.bsm.dla.mil/Downloads/RFQ/T/SPE4A726T797T.PDF,https://www.dibbs.bsm.dla.mil/RFQ/RFQRec.aspx?sn=SPE4A726T797T,https://www.dibbs.bsm.dla.mil/rfq/rfqrec.aspx?sn=SPE4A726T797T,PANEL,1,20260930T154318Z,0001S00000052,GOVERNMENT FIRST ARTIC,G,______,1.0,,,2026-09-28,2026-10-05,PANEL,DIBBS|SPE4A726T797T|0001S00000052,First article test line - not a product line
SPE4A726T792E,0001S00000052,SPE4A726T792E,09-25-2026,10-02-2026,2026-09-24 11:05:34,Origin,Origin,Tech,7018249156,https://dibbs2.bsm.dla.mil/Downloads/RFQ/E/SPE4A726T792E.PDF,https://www.dibbs.bsm.dla.mil/RFQ/RFQRec.aspx?sn=SPE4A726T792E,https://www.dibbs.bsm.dla.mil/rfq/rfqrec.aspx?sn=SPE4A726T792E,PANEL,2,20260930T154334Z,0001S00000052,GOVERNMENT FIRST ARTIC,G,______,1.0,,,2026-09-25,2026-10-02,PANEL,DIBBS|SPE4A726T792E|0001S00000052,First article test line - not a product line
SPE4A726T790U,0001S00000052,SPE4A726T790U,09-24-2026,10-01-2026,2026-09-23 06:19:42,Origin,Origin,Tech,7018378197,https://dibbs2.bsm.dla.mil/Downloads/RFQ/U/SPE4A726T790U.PDF,https://www.dibbs.bsm.dla.mil/RFQ/RFQRec.aspx?sn=SPE4A726T790U,https://www.dibbs.bsm.dla.mil/rfq/rfqrec.aspx?sn=SPE4A726T790U,PANEL,2,20260930T154334Z,0001S00000052,GOVERNMENT FIRST ARTIC,C,______,1.0,030N1 | L3025013-011 | 0JWH9	L3025013-011	AERO SPACE COMPOSITES LLC,,2026-09-24,2026-10-01,PANEL,DIBBS|SPE4A726T790U|0001S00000052,First article test line - not a product line
SPE4A626T36EF,0001S00000052,SPE4A626T36EF,09-24-2026,10-01-2026,2026-09-23 05:49:45,Origin,Origin,Tech,7017939002,https://dibbs2.bsm.dla.mil/Downloads/RFQ/F/SPE4A626T36EF.PDF,https://www.dibbs.bsm.dla.mil/RFQ/RFQRec.aspx?sn=SPE4A626T36EF,https://www.dibbs.bsm.dla.mil/rfq/rfqrec.aspx?sn=SPE4A626T36EF,PANEL,2,20260930T154334Z,0001S00000052,GOVERNMENT FIRST ARTIC,G,______,1.0,,,2026-09-24,2026-10-01,PANEL,DIBBS|SPE4A626T36EF|0001S00000052,First article test line - not a product line
SPE4A726T782N,0001S00000052,SPE4A726T782N,09-23-2026,09-30-2026,2026-09-22 03:47:56,Origin,Origin,Tech,7018458502,https://dibbs2.bsm.dla.mil/Downloads/RFQ/N/SPE4A726T782N.PDF,https://www.dibbs.bsm.dla.mil/RFQ/RFQRec.aspx?sn=SPE4A726T782N,https://www.dibbs.bsm.dla.mil/rfq/rfqrec.aspx?sn=SPE4A726T782N,PANEL,2,20260930T154334Z,0001S00000052,GOVERNMENT FIRST ARTIC,G,______,1.0,,,2026-09-23,2026-09-30,INDICATOR; PANEL,DIBBS|SPE4A726T782N|0001S00000052,First article test line - not a product line
SPE4A726T782U,0001S00000052,SPE4A726T782U,09-23-2026,09-30-2026,2026-09-22 03:47:56,Origin,Origin,Tech,7018457426,https://dibbs2.bsm.dla.mil/Downloads/RFQ/U/SPE4A726T782U.PDF,https://www.dibbs.bsm.dla.mil/RFQ/RFQRec.aspx?sn=SPE4A726T782U,https://www.dibbs.bsm.dla.mil/rfq/rfqrec.aspx?sn=SPE4A726T782U,PANEL,2,20260930T154334Z,0001S00000052,GOVERNMENT FIRST ARTIC,C,______,1.0,0C7H8 | 25-2779-506 | D-J ENGINEERING INC,,2026-09-23,2026-09-30,PANEL,DIBBS|SPE4A726T782U|0001S00000052,First article test line - not a product line
SPE8E726T3856,0001S00000052,SPE8E726T3856,09-15-2026,09-25-2026,2026-09-14 11:38:44,Origin,Origin,Tech,7018161692,https://dibbs2.bsm.dla.mil/Downloads/RFQ/6/SPE8E726T3856.PDF,https://www.dibbs.bsm.dla.mil/RFQ/RFQRec.aspx?sn=SPE8E726T3856,https://www.dibbs.bsm.dla.mil/rfq/rfqrec.aspx?sn=SPE8E726T3856,PANEL,3,20260930T154351Z,0001S00000052,GOVERNMENT FIRST ARTIC,G,______,1.0,,,2026-09-15,2026-09-25,PANEL,DIBBS|SPE8E726T3856|0001S00000052,First article test line - not a product line
SPE4A726T731F,0001S00000052,SPE4A726T731F,09-11-2026,09-18-2026,2026-09-10 08:10:05,Origin,Origin,Tech,7017572790,https://dibbs2.bsm.dla.mil/Downloads/RFQ/F/SPE4A726T731F.PDF,https://www.dibbs.bsm.dla.mil/RFQ/RFQRec.aspx?sn=SPE4A726T731F,https://www.dibbs.bsm.dla.mil/rfq/rfqrec.aspx?sn=SPE4A726T731F,PANEL,3,20260930T154351Z,0001S00000052,GOVERNMENT FIRST ARTIC,C,______,1.0,0C7H8 | 520-13732-2 | D-J ENGINEERING INC,,2026-09-11,2026-09-18,PANEL,DIBBS|SPE4A726T731F|0001S00000052,First article test line - not a product line
SPE4A726T723S,0001S00000052,SPE4A726T723S,09-10-2026,09-17-2026,2026-09-09 04:27:55,Origin,Origin,Tech,7018248327,https://dibbs2.bsm.dla.mil/Downloads/RFQ/S/SPE4A726T723S.PDF,https://www.dibbs.bsm.dla.mil/RFQ/RFQRec.aspx?sn=SPE4A726T723S,https://www.dibbs.bsm.dla.mil/rfq/rfqrec.aspx?sn=SPE4A726T723S,PANEL,3,20260930T154351Z,0001S00000052,GOVERNMENT FIRST ARTIC,G,______,1.0,,,2026-09-10,2026-09-17,PANEL,DIBBS|SPE4A726T723S|0001S00000052,First article test line - not a product line
SPE4A626T26LS,0001S00000052,SPE4A626T26LS,09-04-2026,09-11-2026,2026-09-03 10:32:38,Origin,Origin,Tech,7016708103,https://dibbs2.bsm.dla.mil/Downloads/RFQ/S/SPE4A626T26LS.PDF,https://www.dibbs.bsm.dla.mil/RFQ/RFQRec.aspx?sn=SPE4A626T26LS,https://www.dibbs.bsm.dla.mil/rfq/rfqrec.aspx?sn=SPE4A626T26LS,PANEL,3,20260930T154351Z,0001S00000052,GOVERNMENT FIRST ARTIC,P,______,1.0,76823 | 3-13100-17 | NORTHROP GRUMMAN SYSTEMS CORPORATIO,,2026-09-04,2026-09-11,PANEL,DIBBS|SPE4A626T26LS|0001S00000052,First article test line - not a product line
SPE4A726T712Y,0001S00000052,SPE4A726T712Y,09-03-2026,09-10-2026,2026-09-02 11:33:58,Origin,Origin,Tech,7018069357,https://dibbs2.bsm.dla.mil/Downloads/RFQ/Y/SPE4A726T712Y.PDF,https://www.dibbs.bsm.dla.mil/RFQ/RFQRec.aspx?sn=SPE4A726T712Y,https://www.dibbs.bsm.dla.mil/rfq/rfqrec.aspx?sn=SPE4A726T712Y,PANEL,3,20260930T154351Z,0001S00000052,GOVERNMENT FIRST ARTIC,C,______,1.0,12849 | 5003899 | TEXSTARS LLC,,2026-09-03,2026-09-10,PANEL,DIBBS|SPE4A726T712Y|0001S00000052,First article test line - not a product line
SPE7M126T325T,0001S00000052,SPE7M126T325T,09-03-2026,09-14-2026,2026-09-02 09:29:57,Origin,Origin,Tech,7018067569,https://dibbs2.bsm.dla.mil/Downloads/RFQ/T/SPE7M126T325T.PDF,https://www.dibbs.bsm.dla.mil/RFQ/RFQRec.aspx?sn=SPE7M126T325T,https://www.dibbs.bsm.dla.mil/rfq/rfqrec.aspx?sn=SPE7M126T325T,PANEL,3,20260930T154351Z,0001S00000052,GOVERNMENT FIRST ARTIC,G,______,1.0,,,2026-09-03,2026-09-14,PANEL,DIBBS|SPE7M126T325T|0001S00000052,First article test line - not a product line
SPE4A726Q1090,0001S00000053,SPE4A726Q1090,09-02-2026,09-16-2026,2026-09-02 08:45:14,Origin,Origin,Tech,7014106585,https://dibbs2.bsm.dla.mil/Downloads/RFQ/0/SPE4A726Q1090.PDF,https://www.dibbs.bsm.dla.mil/RFQ/RFQRec.aspx?sn=SPE4A726Q1090,https://www.dibbs.bsm.dla.mil/rfq/rfqrec.aspx?sn=SPE4A726Q1090,PANEL,3,20260930T154351Z,0001S00000053,CONTRACTOR FIRST ARTIC,C,336413,1.0,"30842 | L5308171-041 | KIT PACK, LLC",,2026-09-02,2026-09-16,BOX; FUEL; INDICATOR; LEGEND; MARKING; PANEL,DIBBS|SPE4A726Q1090|0001S00000053,First article test line - not a product line
SPE4A726T707X,0001S00000053,SPE4A726T707X,09-01-2026,09-08-2026,2026-08-31 03:53:15,Origin,Origin,Tech,7017915639,https://dibbs2.bsm.dla.mil/Downloads/RFQ/X/SPE4A726T707X.PDF,https://www.dibbs.bsm.dla.mil/RFQ/RFQRec.aspx?sn=SPE4A726T707X,https://www.dibbs.bsm.dla.mil/rfq/rfqrec.aspx?sn=SPE4A726T707X,PANEL,3,20260930T154351Z,0001S00000053,CONTRACTOR FIRST ARTIC,B,______,1.0,3CAC5 | 21C1869-5 | LEE AEROSPACE INC,,2026-09-01,2026-09-08,PANEL,DIBBS|SPE4A726T707X|0001S00000053,First article test line - not a product line
SPE4A726T707X,0001S00000062,SPE4A726T707X,09-01-2026,09-08-2026,2026-08-31 03:53:15,Origin,Origin,Tech,7017915639,https://dibbs2.bsm.dla.mil/Downloads/RFQ/X/SPE4A726T707X.PDF,https://www.dibbs.bsm.dla.mil/RFQ/RFQRec.aspx?sn=SPE4A726T707X,https://www.dibbs.bsm.dla.mil/rfq/rfqrec.aspx?sn=SPE4A726T707X,PANEL,3,20260930T154351Z,0001S00000062,PRODUCTION LOT TESTING,B,______,1.0,3CAC5 | 21C1869-5 | LEE AEROSPACE INC,,2026-09-01,2026-09-08,PANEL,DIBBS|SPE4A726T707X|0001S00000062,First article test line - not a product line
SPE7M526T454A,0001S00000061,SPE7M526T454A,09-01-2026,09-11-2026,2026-08-31 10:48:16,Origin,Origin,Tech,7009463281,https://dibbs2.bsm.dla.mil/Downloads/RFQ/A/SPE7M526T454A.PDF,https://www.dibbs.bsm.dla.mil/RFQ/RFQRec.aspx?sn=SPE7M526T454A,https://www.dibbs.bsm.dla.mil/rfq/rfqrec.aspx?sn=SPE7M526T454A,PANEL,3,20260930T154351Z,0001S00000061,PRODUCTION LOT TESTING,G,______,1.0,,,2026-09-01,2026-09-11,PANEL,DIBBS|SPE7M526T454A|0001S00000061,First article test line - not a product line
SPE4A726T701D,0001S00000052,SPE4A726T701D,08-28-2026,09-04-2026,2026-08-27 12:47:11,Origin,Origin,Tech,7017940245,https://dibbs2.bsm.dla.mil/Downloads/RFQ/D/SPE4A726T701D.PDF,https://www.dibbs.bsm.dla.mil/RFQ/RFQRec.aspx?sn=SPE4A726T701D,https://www.dibbs.bsm.dla.mil/rfq/rfqrec.aspx?sn=SPE4A726T701D,PANEL,3,20260930T154351Z,0001S00000052,GOVERNMENT FIRST ARTIC,G,______,1.0,,,2026-08-28,2026-09-04,PANEL,DIBBS|SPE4A726T701D|0001S00000052,First article test line - not a product line
SPE4A626T23LN,0001S00000052,SPE4A626T23LN,08-27-2026,09-03-2026,2026-08-26 09:44:38,Origin,Origin,Tech,7018068359,https://dibbs2.bsm.dla.mil/Downloads/RFQ/N/SPE4A626T23LN.PDF,https://www.dibbs.bsm.dla.mil/RFQ/RFQRec.aspx?sn=SPE4A626T23LN,https://www.dibbs.bsm.dla.mil/rfq/rfqrec.aspx?sn=SPE4A626T23LN,PANEL,3,20260930T154351Z,0001S00000052,GOVERNMENT FIRST ARTIC,C,______,1.0,"01FX2 | 3-60332-501 | AERO DYNAMIX, INC.",,2026-08-27,2026-09-03,PANEL,DIBBS|SPE4A626T23LN|0001S00000052,First article test line - not a product line
SPE4A626T23NY,0001S00000052,SPE4A626T23NY,08-27-2026,09-03-2026,2026-08-26 09:44:38,Origin,Origin,None,7018069440,https://dibbs2.bsm.dla.mil/Downloads/RFQ/Y/SPE4A626T23NY.PDF,https://www.dibbs.bsm.dla.mil/RFQ/RFQRec.aspx?sn=SPE4A626T23NY,https://www.dibbs.bsm.dla.mil/rfq/rfqrec.aspx?sn=SPE4A626T23NY,PANEL,3,20260930T154351Z,0001S00000052,GOVERNMENT FIRST ARTIC,R,______,1.0,"62228 | 397539-1 | MEGGITT DEFENSE SYSTEMS, INC.",,2026-08-27,2026-09-03,PANEL,DIBBS|SPE4A626T23NY|0001S00000052,First article test line - not a product line
SPE7L326T206Z,0001S00000053,SPE7L326T206Z,08-27-2026,09-08-2026,2026-08-26 12:39:16,Origin,Origin,Tech,7017436931,https://dibbs2.bsm.dla.mil/Downloads/RFQ/Z/SPE7L326T206Z.PDF,https://www.dibbs.bsm.dla.mil/RFQ/RFQRec.aspx?sn=SPE7L326T206Z,https://www.dibbs.bsm.dla.mil/rfq/rfqrec.aspx?sn=SPE7L326T206Z,PANEL,3,20260930T154351Z,0001S00000053,CONTRACTOR FIRST ARTIC,G,______,1.0,,,2026-08-27,2026-09-08,PANEL,DIBBS|SPE7L326T206Z|0001S00000053,First article test line - not a product line
SPE4A726T689N,0001S00000052,SPE4A726T689N,08-25-2026,09-01-2026,2026-08-24 07:40:00,Origin,Origin,Tech,7017939531,https://dibbs2.bsm.dla.mil/Downloads/RFQ/N/SPE4A726T689N.PDF,https://www.dibbs.bsm.dla.mil/RFQ/RFQRec.aspx?sn=SPE4A726T689N,https://www.dibbs.bsm.dla.mil/rfq/rfqrec.aspx?sn=SPE4A726T689N,PANEL,4,20260930T154409Z,0001S00000052,GOVERNMENT FIRST ARTIC,M,______,1.0,1XKR3 | 16F0171-81 | AEROSPACE & COMMERCIAL TECHNOLOGIES,,2026-08-25,2026-09-01,PANEL,DIBBS|SPE4A726T689N|0001S00000052,First article test line - not a product line
SPE4A726T688J,0001S00000052,SPE4A726T688J,08-25-2026,09-01-2026,2026-08-24 01:45:00,Origin,Origin,Tech,7017108891,https://dibbs2.bsm.dla.mil/Downloads/RFQ/J/SPE4A726T688J.PDF,https://www.dibbs.bsm.dla.mil/RFQ/RFQRec.aspx?sn=SPE4A726T688J,https://www.dibbs.bsm.dla.mil/rfq/rfqrec.aspx?sn=SPE4A726T688J,PANEL,4,20260930T154409Z,0001S00000052,GOVERNMENT FIRST ARTIC,G,______,1.0,,,2026-08-25,2026-09-01,PANEL,DIBBS|SPE4A726T688J|0001S00000052,First article test line - not a product line
SPE7L326Q1302,0001S00000053,SPE7L326Q1302,08-21-2026,08-28-2026,2026-08-22 11:26:14,Origin,Origin,Tech,7013880702,https://dibbs2.bsm.dla.mil/Downloads/RFQ/2/SPE7L326Q1302.PDF,https://www.dibbs.bsm.dla.mil/RFQ/RFQRec.aspx?sn=SPE7L326Q1302,https://www.dibbs.bsm.dla.mil/rfq/rfqrec.aspx?sn=SPE7L326Q1302,PANEL,4,20260930T154409Z,0001S00000053,CONTRACTOR FIRST ARTIC,G,000000,1.0,,,2026-08-21,2026-08-28,BOX; PANEL,DIBBS|SPE7L326Q1302|0001S00000053,First article test line - not a product line
SPE8E726T3067,0001S00000053,SPE8E726T3067,06-15-2026,06-25-2026,2026-08-21 02:41:27,Origin,Origin,Tech,7017122827,https://dibbs2.bsm.dla.mil/Downloads/RFQ/7/SPE8E726T3067.PDF,https://www.dibbs.bsm.dla.mil/RFQ/RFQRec.aspx?sn=SPE8E726T3067,https://www.dibbs.bsm.dla.mil/rfq/rfqrec.aspx?sn=SPE8E726T3067,PANEL,4,20260930T154409Z,0001S00000053,CONTRACTOR FIRST ARTIC,T,______,1.0,,,2026-06-15,2026-06-25,PANEL,DIBBS|SPE8E726T3067|0001S00000053,First article test line - not a product line
SPE8E726T2517,0001S00000052,SPE8E726T2517,05-08-2026,05-18-2026,2026-08-21 02:41:27,Origin,Origin,Tech,7016565358,https://dibbs2.bsm.dla.mil/Downloads/RFQ/7/SPE8E726T2517.PDF,https://www.dibbs.bsm.dla.mil/RFQ/RFQRec.aspx?sn=SPE8E726T2517,https://www.dibbs.bsm.dla.mil/rfq/rfqrec.aspx?sn=SPE8E726T2517,PANEL,4,20260930T154409Z,0001S00000052,GOVERNMENT FIRST ARTIC,G,______,1.0,,,2026-05-08,2026-05-18,PANEL,DIBBS|SPE8E726T2517|0001S00000052,First article test line - not a product line
SPE4A726T340U,0001S00000053,SPE4A726T340U,05-13-2026,05-20-2026,2026-08-21 02:41:27,Origin,Origin,None,7016752527,https://dibbs2.bsm.dla.mil/Downloads/RFQ/U/SPE4A726T340U.PDF,https://www.dibbs.bsm.dla.mil/RFQ/RFQRec.aspx?sn=SPE4A726T340U,https://www.dibbs.bsm.dla.mil/rfq/rfqrec.aspx?sn=SPE4A726T340U,PANEL,4,20260930T154409Z,0001S00000053,CONTRACTOR FIRST ARTIC,C,______,1.0,78286 | 70500-02072-096 | SIKORSKY AIRCRAFT CORPORATION,,2026-05-13,2026-05-20,PANEL,DIBBS|SPE4A726T340U|0001S00000053,First article test line - not a product line
SPE4A726T098E,0001S00000052,SPE4A726T098E,03-17-2026,03-24-2026,2026-08-21 02:41:27,Origin,Origin,None,7015854374,https://dibbs2.bsm.dla.mil/Downloads/RFQ/E/SPE4A726T098E.PDF,https://www.dibbs.bsm.dla.mil/RFQ/RFQRec.aspx?sn=SPE4A726T098E,https://www.dibbs.bsm.dla.mil/rfq/rfqrec.aspx?sn=SPE4A726T098E,PANEL,4,20260930T154409Z,0001S00000052,GOVERNMENT FIRST ARTIC,R,______,1.0,"06097 | A9850-2 | HOFFMAN ENGINEERING, LLC",,2026-03-17,2026-03-24,PANEL,DIBBS|SPE4A726T098E|0001S00000052,First article test line - not a product line
SPE4A725T340C,0001S00000052,SPE4A725T340C,05-07-2025,05-14-2025,2026-08-21 02:41:27,Origin,Origin,Tech,7012146848,https://dibbs2.bsm.dla.mil/Downloads/RFQ/C/SPE4A725T340C.PDF,https://www.dibbs.bsm.dla.mil/RFQ/RFQRec.aspx?sn=SPE4A725T340C,https://www.dibbs.bsm.dla.mil/rfq/rfqrec.aspx?sn=SPE4A725T340C,PANEL,4,20260930T154409Z,0001S00000052,GOVERNMENT FIRST ARTIC,C,______,1.0,0FRC8 | 520-19410-1 | FORREST MACHINING LLC,,2025-05-07,2025-05-14,PANEL,DIBBS|SPE4A725T340C|0001S00000052,First article test line - not a product line
SPE4A526T262Q,0001S00000053,SPE4A526T262Q,06-24-2026,07-01-2026,2026-08-21 02:41:27,Origin,Origin,None,7017272945,https://dibbs2.bsm.dla.mil/Downloads/RFQ/Q/SPE4A526T262Q.PDF,https://www.dibbs.bsm.dla.mil/RFQ/RFQRec.aspx?sn=SPE4A526T262Q,https://www.dibbs.bsm.dla.mil/rfq/rfqrec.aspx?sn=SPE4A526T262Q,PANEL,4,20260930T154409Z,0001S00000053,CONTRACTOR FIRST ARTIC,C,______,1.0,78286 | 70500-02072-095 | SIKORSKY AIRCRAFT CORPORATION,,2026-06-24,2026-07-01,PANEL,DIBBS|SPE4A526T262Q|0001S00000053,First article test line - not a product line
SPE7M126T063J,0001S00000053,SPE7M126T063J,05-13-2026,05-26-2026,2026-08-21 02:41:27,Destination,Origin,Tech,7016732203,https://dibbs2.bsm.dla.mil/Downloads/RFQ/J/SPE7M126T063J.PDF,https://www.dibbs.bsm.dla.mil/RFQ/RFQRec.aspx?sn=SPE7M126T063J,https://www.dibbs.bsm.dla.mil/rfq/rfqrec.aspx?sn=SPE7M126T063J,PANEL,4,20260930T154409Z,0001S00000053,CONTRACTOR FIRST ARTIC,G,______,1.0,,,2026-05-13,2026-05-26,PANEL,DIBBS|SPE7M126T063J|0001S00000053,First article test line - not a product line
SPE4A726T4573,0001S00000052,SPE4A726T4573,11-26-2025,12-03-2025,2026-08-21 02:41:27,Origin,Origin,Tech,7014629871,https://dibbs2.bsm.dla.mil/Downloads/RFQ/3/SPE4A726T4573.PDF,https://www.dibbs.bsm.dla.mil/RFQ/RFQRec.aspx?sn=SPE4A726T4573,https://www.dibbs.bsm.dla.mil/rfq/rfqrec.aspx?sn=SPE4A726T4573,PANEL,5,20260930T154426Z,0001S00000052,GOVERNMENT FIRST ARTIC,G,______,1.0,,,2025-11-26,2025-12-03,PANEL,DIBBS|SPE4A726T4573|0001S00000052,First article test line - not a product line
SPE8E726T2642,0001S00000052,SPE8E726T2642,05-15-2026,05-26-2026,2026-08-21 02:41:27,Origin,Destination,Tech,7016779109,https://dibbs2.bsm.dla.mil/Downloads/RFQ/2/SPE8E726T2642.PDF,https://www.dibbs.bsm.dla.mil/RFQ/RFQRec.aspx?sn=SPE8E726T2642,https://www.dibbs.bsm.dla.mil/rfq/rfqrec.aspx?sn=SPE8E726T2642,PANEL,5,20260930T154426Z,0001S00000052,GOVERNMENT FIRST ARTIC,G,______,1.0,,,2026-05-15,2026-05-26,PANEL,DIBBS|SPE8E726T2642|0001S00000052,First article test line - not a product line
SPE4A726T264J,0001S00000052,SPE4A726T264J,04-17-2026,04-24-2026,2026-08-21 02:41:27,Origin,Origin,Tech,7016337289,https://dibbs2.bsm.dla.mil/Downloads/RFQ/J/SPE4A726T264J.PDF,https://www.dibbs.bsm.dla.mil/RFQ/RFQRec.aspx?sn=SPE4A726T264J,https://www.dibbs.bsm.dla.mil/rfq/rfqrec.aspx?sn=SPE4A726T264J,PANEL,5,20260930T154426Z,0001S00000052,GOVERNMENT FIRST ARTIC,C,______,1.0,0C7H8 | 520-19408-2 | D-J ENGINEERING INC,,2026-04-17,2026-04-24,PANEL,DIBBS|SPE4A726T264J|0001S00000052,First article test line - not a product line
SPE4A726T044N,0001S00000052,SPE4A726T044N,03-05-2026,03-12-2026,2026-08-21 02:41:27,Origin,Origin,Tech,7015603083,https://dibbs2.bsm.dla.mil/Downloads/RFQ/N/SPE4A726T044N.PDF,https://www.dibbs.bsm.dla.mil/RFQ/RFQRec.aspx?sn=SPE4A726T044N,https://www.dibbs.bsm.dla.mil/rfq/rfqrec.aspx?sn=SPE4A726T044N,PANEL,5,20260930T154426Z,0001S00000052,GOVERNMENT FIRST ARTIC,G,______,1.0,,,2026-03-05,2026-03-12,PANEL,DIBBS|SPE4A726T044N|0001S00000052,First article test line - not a product line
SPE4A726Q0680,0001S00000052,SPE4A726Q0680,05-29-2026,06-12-2026,2026-08-21 02:41:27,Origin,Origin,Tech,7016751670,https://dibbs2.bsm.dla.mil/Downloads/RFQ/0/SPE4A726Q0680.PDF,https://www.dibbs.bsm.dla.mil/RFQ/RFQRec.aspx?sn=SPE4A726Q0680,https://www.dibbs.bsm.dla.mil/rfq/rfqrec.aspx?sn=SPE4A726Q0680,PANEL,5,20260930T154426Z,0001S00000052,GOVERNMENT FIRST ARTIC,C,000000,1.0,0C7H8 | 35-8287-504 | D-J ENGINEERING INC,,2026-05-29,2026-06-12,BOX; PANEL,DIBBS|SPE4A726Q0680|0001S00000052,First article test line - not a product line
SPE4A526T331S,0001S00000053,SPE4A526T331S,08-06-2026,08-13-2026,2026-08-21 02:41:27,Origin,Destination,None,7017741266,https://dibbs2.bsm.dla.mil/Downloads/RFQ/S/SPE4A526T331S.PDF,https://www.dibbs.bsm.dla.mil/RFQ/RFQRec.aspx?sn=SPE4A526T331S,https://www.dibbs.bsm.dla.mil/rfq/rfqrec.aspx?sn=SPE4A526T331S,PANEL,5,20260930T154426Z,0001S00000053,CONTRACTOR FIRST ARTIC,P,______,1.0,97499 | 205-030-285-002 | BELL TEXTRON INC,,2026-08-06,2026-08-13,PANEL; WINDOW,DIBBS|SPE4A526T331S|0001S00000053,First article test line - not a product line
SPE4A626T9322,0001S00000052,SPE4A626T9322,11-13-2025,11-20-2025,2026-08-21 02:41:27,Origin,Origin,None,7014462802,https://dibbs2.bsm.dla.mil/Downloads/RFQ/2/SPE4A626T9322.PDF,https://www.dibbs.bsm.dla.mil/RFQ/RFQRec.aspx?sn=SPE4A626T9322,https://www.dibbs.bsm.dla.mil/rfq/rfqrec.aspx?sn=SPE4A626T9322,PANEL,5,20260930T154426Z,0001S00000052,GOVERNMENT FIRST ARTIC,R,______,1.0,"62228 | 397539-1 | MEGGITT DEFENSE SYSTEMS, INC.",,2025-11-13,2025-11-20,PANEL,DIBBS|SPE4A626T9322|0001S00000052,First article test line - not a product line
SPE4A726T662S,0001S00000052,SPE4A726T662S,08-17-2026,08-24-2026,2026-08-21 02:41:27,Origin,Origin,Tech,7017913761,https://dibbs2.bsm.dla.mil/Downloads/RFQ/S/SPE4A726T662S.PDF,https://www.dibbs.bsm.dla.mil/RFQ/RFQRec.aspx?sn=SPE4A726T662S,https://www.dibbs.bsm.dla.mil/rfq/rfqrec.aspx?sn=SPE4A726T662S,PANEL,5,20260930T154426Z,0001S00000052,GOVERNMENT FIRST ARTIC,T,______,1.0,,,2026-08-17,2026-08-24,PANEL,DIBBS|SPE4A726T662S|0001S00000052,First article test line - not a product line
SPE4A726T608U,0001S00000052,SPE4A726T608U,08-05-2026,08-12-2026,2026-08-21 02:41:27,Origin,Origin,Tech,7017741039,https://dibbs2.bsm.dla.mil/Downloads/RFQ/U/SPE4A726T608U.PDF,https://www.dibbs.bsm.dla.mil/RFQ/RFQRec.aspx?sn=SPE4A726T608U,https://www.dibbs.bsm.dla.mil/rfq/rfqrec.aspx?sn=SPE4A726T608U,PANEL,5,20260930T154426Z,0001S00000052,GOVERNMENT FIRST ARTIC,G,______,1.0,,,2026-08-05,2026-08-12,PANEL,DIBBS|SPE4A726T608U|0001S00000052,First article test line - not a product line
SPE4A726T607R,0001S00000052,SPE4A726T607R,08-04-2026,08-11-2026,2026-08-21 02:41:27,Origin,Origin,Tech,7017695540,https://dibbs2.bsm.dla.mil/Downloads/RFQ/R/SPE4A726T607R.PDF,https://www.dibbs.bsm.dla.mil/RFQ/RFQRec.aspx?sn=SPE4A726T607R,https://www.dibbs.bsm.dla.mil/rfq/rfqrec.aspx?sn=SPE4A726T607R,PANEL,5,20260930T154426Z,0001S00000052,GOVERNMENT FIRST ARTIC,G,______,1.0,,,2026-08-04,2026-08-11,PANEL,DIBBS|SPE4A726T607R|0001S00000052,First article test line - not a product line
SPE4A726T585Q,0001S00000053,SPE4A726T585Q,07-22-2026,07-29-2026,2026-08-21 02:41:27,Origin,Origin,Tech,7017572743,https://dibbs2.bsm.dla.mil/Downloads/RFQ/Q/SPE4A726T585Q.PDF,https://www.dibbs.bsm.dla.mil/RFQ/RFQRec.aspx?sn=SPE4A726T585Q,https://www.dibbs.bsm.dla.mil/rfq/rfqrec.aspx?sn=SPE4A726T585Q,PANEL,5,20260930T154426Z,0001S00000053,CONTRACTOR FIRST ARTIC,C,______,1.0,"61125 | 205-030-277-081 | ECHELON SUPPLY AND SERVICE, INC.",,2026-07-22,2026-07-29,PANEL,DIBBS|SPE4A726T585Q|0001S00000053,First article test line - not a product line
SPE4A726T585Q,0001S00000062,SPE4A726T585Q,07-22-2026,07-29-2026,2026-08-21 02:41:27,Origin,Origin,Tech,7017572743,https://dibbs2.bsm.dla.mil/Downloads/RFQ/Q/SPE4A726T585Q.PDF,https://www.dibbs.bsm.dla.mil/RFQ/RFQRec.aspx?sn=SPE4A726T585Q,https://www.dibbs.bsm.dla.mil/rfq/rfqrec.aspx?sn=SPE4A726T585Q,PANEL,5,20260930T154426Z,0001S00000062,PRODUCTION LOT TESTING,C,______,1.0,"61125 | 205-030-277-081 | ECHELON SUPPLY AND SERVICE, INC.",,2026-07-22,2026-07-29,PANEL,DIBBS|SPE4A726T585Q|0001S00000062,First article test line - not a product line
SPE7M126T231N,0001S00000052,SPE7M126T231N,07-24-2026,08-03-2026,2026-08-21 02:41:27,Origin,Origin,Tech,7014637663,https://dibbs2.bsm.dla.mil/Downloads/RFQ/N/SPE7M126T231N.PDF,https://www.dibbs.bsm.dla.mil/RFQ/RFQRec.aspx?sn=SPE7M126T231N,https://www.dibbs.bsm.dla.mil/rfq/rfqrec.aspx?sn=SPE7M126T231N,PANEL,5,20260930T154426Z,0001S00000052,GOVERNMENT FIRST ARTIC,G,______,1.0,,,2026-07-24,2026-08-03,PANEL,DIBBS|SPE7M126T231N|0001S00000052,First article test line - not a product line
SPE4A526T272X,0001S00000053,SPE4A526T272X,07-06-2026,07-13-2026,2026-08-21 02:41:27,Origin,Origin,None,7017384336,https://dibbs2.bsm.dla.mil/Downloads/RFQ/X/SPE4A526T272X.PDF,https://www.dibbs.bsm.dla.mil/RFQ/RFQRec.aspx?sn=SPE4A526T272X,https://www.dibbs.bsm.dla.mil/rfq/rfqrec.aspx?sn=SPE4A526T272X,PANEL,5,20260930T154426Z,0001S00000053,CONTRACTOR FIRST ARTIC,P,______,1.0,8V613 | 7-311141110-603 | THE BOEING COMPANY,,2026-07-06,2026-07-13,PANEL,DIBBS|SPE4A526T272X|0001S00000053,First article test line - not a product line
SPE7L326T2404,0001S00000053,SPE7L326T2404,11-12-2025,11-24-2025,2026-08-21 02:41:27,Origin,Origin,Tech,7014421863,https://dibbs2.bsm.dla.mil/Downloads/RFQ/4/SPE7L326T2404.PDF,https://www.dibbs.bsm.dla.mil/RFQ/RFQRec.aspx?sn=SPE7L326T2404,https://www.dibbs.bsm.dla.mil/rfq/rfqrec.aspx?sn=SPE7L326T2404,PANEL,6,20260930T154443Z,0001S00000053,CONTRACTOR FIRST ARTIC,G,______,1.0,,,2025-11-12,2025-11-24,LAMP; PANEL,DIBBS|SPE7L326T2404|0001S00000053,First article test line - not a product line
SPE4A726T680J,0001S00000052,SPE4A726T680J,08-20-2026,08-27-2026,2026-08-21 02:41:27,Origin,Origin,Tech,7017740626,https://dibbs2.bsm.dla.mil/Downloads/RFQ/J/SPE4A726T680J.PDF,https://www.dibbs.bsm.dla.mil/RFQ/RFQRec.aspx?sn=SPE4A726T680J,https://www.dibbs.bsm.dla.mil/rfq/rfqrec.aspx?sn=SPE4A726T680J,PANEL,6,20260930T154443Z,0001S00000052,GOVERNMENT FIRST ARTIC,G,______,1.0,,,2026-08-20,2026-08-27,PANEL,DIBBS|SPE4A726T680J|0001S00000052,First article test line - not a product line
SPE4A726T618U,0001S00000052,SPE4A726T618U,08-06-2026,08-13-2026,2026-08-21 02:41:27,Origin,Origin,Tech,7017739993,https://dibbs2.bsm.dla.mil/Downloads/RFQ/U/SPE4A726T618U.PDF,https://www.dibbs.bsm.dla.mil/RFQ/RFQRec.aspx?sn=SPE4A726T618U,https://www.dibbs.bsm.dla.mil/rfq/rfqrec.aspx?sn=SPE4A726T618U,PANEL,6,20260930T154443Z,0001S00000052,GOVERNMENT FIRST ARTIC,C,______,1.0,8P093 | 209-030-507-103 | LLAMAS PLASTICS INC,,2026-08-06,2026-08-13,PANEL; WINDOW,DIBBS|SPE4A726T618U|0001S00000052,First article test line - not a product line
SPE4A726T516E,0001S00000052,SPE4A726T516E,06-18-2026,06-25-2026,2026-08-21 02:41:27,Origin,Origin,Tech,7017199611,https://dibbs2.bsm.dla.mil/Downloads/RFQ/E/SPE4A726T516E.PDF,https://www.dibbs.bsm.dla.mil/RFQ/RFQRec.aspx?sn=SPE4A726T516E,https://www.dibbs.bsm.dla.mil/rfq/rfqrec.aspx?sn=SPE4A726T516E,PANEL,6,20260930T154443Z,0001S00000052,GOVERNMENT FIRST ARTIC,C,______,1.0,12035 | 4F11103-104A | SIERRACIN CORPORATION,,2026-06-18,2026-06-25,PANEL; WINDOW,DIBBS|SPE4A726T516E|0001S00000052,First article test line - not a product line
SPE4A525T564V,0001S00000052,SPE4A525T564V,07-17-2025,07-24-2025,2026-08-21 02:41:27,Origin,Origin,Tech,7012985401,https://dibbs2.bsm.dla.mil/Downloads/RFQ/V/SPE4A525T564V.PDF,https://www.dibbs.bsm.dla.mil/RFQ/RFQRec.aspx?sn=SPE4A525T564V,https://www.dibbs.bsm.dla.mil/rfq/rfqrec.aspx?sn=SPE4A525T564V,PANEL,6,20260930T154443Z,0001S00000052,GOVERNMENT FIRST ARTIC,G,______,1.0,,,2025-07-17,2025-07-24,PANEL,DIBBS|SPE4A525T564V|0001S00000052,First article test line - not a product line
SPE4A626T50L1,0001S00000053,SPE4A626T50L1,05-11-2026,05-18-2026,2026-08-21 02:41:27,Origin,Origin,Tech,7015852503,https://dibbs2.bsm.dla.mil/Downloads/RFQ/1/SPE4A626T50L1.PDF,https://www.dibbs.bsm.dla.mil/RFQ/RFQRec.aspx?sn=SPE4A626T50L1,https://www.dibbs.bsm.dla.mil/rfq/rfqrec.aspx?sn=SPE4A626T50L1,PANEL,6,20260930T154443Z,0001S00000053,CONTRACTOR FIRST ARTIC,G,______,1.0,,,2026-05-11,2026-05-18,PANEL,DIBBS|SPE4A626T50L1|0001S00000053,First article test line - not a product line
SPE4A626T475H,0001S00000052,SPE4A626T475H,01-14-2026,01-21-2026,2026-08-21 02:41:27,Origin,Origin,Tech,7015111084,https://dibbs2.bsm.dla.mil/Downloads/RFQ/H/SPE4A626T475H.PDF,https://www.dibbs.bsm.dla.mil/RFQ/RFQRec.aspx?sn=SPE4A626T475H,https://www.dibbs.bsm.dla.mil/rfq/rfqrec.aspx?sn=SPE4A626T475H,PANEL,6,20260930T154443Z,0001S00000052,GOVERNMENT FIRST ARTIC,C,______,1.0,97499 | 204-030-770-2 | BELL TEXTRON INC,,2026-01-14,2026-01-21,PANEL; WINDOW,DIBBS|SPE4A626T475H|0001S00000052,First article test line - not a product line
SPE4A726T673X,0001S00000052,SPE4A726T673X,08-19-2026,08-26-2026,2026-08-21 02:41:27,Origin,Origin,Tech,7017940492,https://dibbs2.bsm.dla.mil/Downloads/RFQ/X/SPE4A726T673X.PDF,https://www.dibbs.bsm.dla.mil/RFQ/RFQRec.aspx?sn=SPE4A726T673X,https://www.dibbs.bsm.dla.mil/rfq/rfqrec.aspx?sn=SPE4A726T673X,PANEL,6,20260930T154443Z,0001S00000052,GOVERNMENT FIRST ARTIC,G,______,1.0,,,2026-08-19,2026-08-26,PANEL,DIBBS|SPE4A726T673X|0001S00000052,First article test line - not a product line
SPE4A726T644Z,0001S00000052,SPE4A726T644Z,08-12-2026,08-19-2026,2026-08-21 02:41:27,Origin,Origin,Tech,7017199315,https://dibbs2.bsm.dla.mil/Downloads/RFQ/Z/SPE4A726T644Z.PDF,https://www.dibbs.bsm.dla.mil/RFQ/RFQRec.aspx?sn=SPE4A726T644Z,https://www.dibbs.bsm.dla.mil/rfq/rfqrec.aspx?sn=SPE4A726T644Z,PANEL,6,20260930T154443Z,0001S00000052,GOVERNMENT FIRST ARTIC,C,______,1.0,No | Data | found,,2026-08-12,2026-08-19,PANEL,DIBBS|SPE4A726T644Z|0001S00000052,First article test line - not a product line
SPE4A726T409L,0001S00000052,SPE4A726T409L,05-26-2026,06-02-2026,2026-08-21 02:41:27,Origin,Origin,Tech,7016335507,https://dibbs2.bsm.dla.mil/Downloads/RFQ/L/SPE4A726T409L.PDF,https://www.dibbs.bsm.dla.mil/RFQ/RFQRec.aspx?sn=SPE4A726T409L,https://www.dibbs.bsm.dla.mil/rfq/rfqrec.aspx?sn=SPE4A726T409L,PANEL,6,20260930T154443Z,0001S00000052,GOVERNMENT FIRST ARTIC,G,______,1.0,,,2026-05-26,2026-06-02,PANEL,DIBBS|SPE4A726T409L|0001S00000052,First article test line - not a product line
SPE4A726T401K,0001S00000052,SPE4A726T401K,05-22-2026,05-29-2026,2026-08-21 02:41:27,Origin,Origin,Tech,7016708600,https://dibbs2.bsm.dla.mil/Downloads/RFQ/K/SPE4A726T401K.PDF,https://www.dibbs.bsm.dla.mil/RFQ/RFQRec.aspx?sn=SPE4A726T401K,https://www.dibbs.bsm.dla.mil/rfq/rfqrec.aspx?sn=SPE4A726T401K,PANEL,6,20260930T154443Z,0001S00000052,GOVERNMENT FIRST ARTIC,G,______,1.0,,,2026-05-22,2026-05-29,PANEL,DIBBS|SPE4A726T401K|0001S00000052,First article test line - not a product line
SPE7M124T034M,0001S00000053,SPE7M124T034M,06-14-2024,06-24-2024,2026-08-21 02:41:27,Origin,Origin,Tech,7008012180,https://dibbs2.bsm.dla.mil/Downloads/RFQ/M/SPE7M124T034M.PDF,https://www.dibbs.bsm.dla.mil/RFQ/RFQRec.aspx?sn=SPE7M124T034M,https://www.dibbs.bsm.dla.mil/rfq/rfqrec.aspx?sn=SPE7M124T034M,PANEL,6,20260930T154443Z,0001S00000053,CONTRACTOR FIRST ARTIC,G,______,1.0,,,2024-06-14,2024-06-24,PANEL,DIBBS|SPE7M124T034M|0001S00000053,First article test line - not a product line
SPE4A726T307A,0001S00000053,SPE4A726T307A,05-01-2026,05-08-2026,2026-08-21 02:41:27,Origin,Origin,Tech,7016470537,https://dibbs2.bsm.dla.mil/Downloads/RFQ/A/SPE4A726T307A.PDF,https://www.dibbs.bsm.dla.mil/RFQ/RFQRec.aspx?sn=SPE4A726T307A,https://www.dibbs.bsm.dla.mil/rfq/rfqrec.aspx?sn=SPE4A726T307A,PANEL,6,20260930T154443Z,0001S00000053,CONTRACTOR FIRST ARTIC,C,______,1.0,"30842 | L5308171-041 | KIT PACK, LLC",,2026-05-01,2026-05-08,INDICATOR; PANEL,DIBBS|SPE4A726T307A|0001S00000053,First article test line - not a product line
SPE4A726T258S,0001S00000052,SPE4A726T258S,04-16-2026,04-23-2026,2026-08-21 02:41:27,Origin,Origin,Tech,7016285653,https://dibbs2.bsm.dla.mil/Downloads/RFQ/S/SPE4A726T258S.PDF,https://www.dibbs.bsm.dla.mil/RFQ/RFQRec.aspx?sn=SPE4A726T258S,https://www.dibbs.bsm.dla.mil/rfq/rfqrec.aspx?sn=SPE4A726T258S,PANEL,6,20260930T154443Z,0001S00000052,GOVERNMENT FIRST ARTIC,G,______,1.0,,,2026-04-16,2026-04-23,PANEL,DIBBS|SPE4A726T258S|0001S00000052,First article test line - not a product line
SPE4A726T215C,0001S00000053,SPE4A726T215C,04-08-2026,04-15-2026,2026-08-21 02:41:27,Origin,Origin,Tech,7016227265,https://dibbs2.bsm.dla.mil/Downloads/RFQ/C/SPE4A726T215C.PDF,https://www.dibbs.bsm.dla.mil/RFQ/RFQRec.aspx?sn=SPE4A726T215C,https://www.dibbs.bsm.dla.mil/rfq/rfqrec.aspx?sn=SPE4A726T215C,PANEL,6,20260930T154443Z,0001S00000053,CONTRACTOR FIRST ARTIC,B,______,1.0,"08719 | 1-0595-01 | DUCOMMUN LABARGE TECHNOLOGIES, INC",,2026-04-08,2026-04-15,PANEL,DIBBS|SPE4A726T215C|0001S00000053,First article test line - not a product line
SPE4A725Q1205,0001S00000052,SPE4A725Q1205,06-27-2025,07-25-2025,2026-08-21 02:41:27,Origin,Origin,Tech,7012491340,https://dibbs2.bsm.dla.mil/Downloads/RFQ/5/SPE4A725Q1205.PDF,https://www.dibbs.bsm.dla.mil/RFQ/RFQRec.aspx?sn=SPE4A725Q1205,https://www.dibbs.bsm.dla.mil/rfq/rfqrec.aspx?sn=SPE4A725Q1205,PANEL,7,20260930T154458Z,0001S00000052,GOVERNMENT FIRST ARTIC,T,000000,1.0,,,2025-06-27,2025-07-25,FUEL; PANEL; PLATE,DIBBS|SPE4A725Q1205|0001S00000052,First article test line - not a product line
SPE4A725Q1205,0001S00000061,SPE4A725Q1205,06-27-2025,07-25-2025,2026-08-21 02:41:27,Origin,Origin,Tech,7012491340,https://dibbs2.bsm.dla.mil/Downloads/RFQ/5/SPE4A725Q1205.PDF,https://www.dibbs.bsm.dla.mil/RFQ/RFQRec.aspx?sn=SPE4A725Q1205,https://www.dibbs.bsm.dla.mil/rfq/rfqrec.aspx?sn=SPE4A725Q1205,PANEL,7,20260930T154458Z,0001S00000061,PRODUCTION LOT TESTING,T,000000,1.0,,,2025-06-27,2025-07-25,FUEL; PANEL; PLATE,DIBBS|SPE4A725Q1205|0001S00000061,First article test line - not a product line
SPE7M526T406B,0001S00000053,SPE7M526T406B,08-13-2026,08-24-2026,2026-08-21 02:41:27,Destination,Origin,None,7014850620; 7014850621,https://dibbs2.bsm.dla.mil/Downloads/RFQ/B/SPE7M526T406B.PDF,https://www.dibbs.bsm.dla.mil/RFQ/RFQRec.aspx?sn=SPE7M526T406B,https://www.dibbs.bsm.dla.mil/rfq/rfqrec.aspx?sn=SPE7M526T406B,PANEL,7,20260930T154458Z,0001S00000053,CONTRACTOR FIRST ARTIC,G,______,1.0,,,2026-08-13,2026-08-24,BOX; PANEL,DIBBS|SPE7M526T406B|0001S00000053,First article test line - not a product line
SPE4A626T15KN,0001S00000052,SPE4A626T15KN,08-12-2026,08-19-2026,2026-08-21 02:41:27,Origin,Origin,Tech,7017838244,https://dibbs2.bsm.dla.mil/Downloads/RFQ/N/SPE4A626T15KN.PDF,https://www.dibbs.bsm.dla.mil/RFQ/RFQRec.aspx?sn=SPE4A626T15KN,https://www.dibbs.bsm.dla.mil/rfq/rfqrec.aspx?sn=SPE4A626T15KN,PANEL,7,20260930T154458Z,0001S00000052,GOVERNMENT FIRST ARTIC,G,______,1.0,,,2026-08-12,2026-08-19,PANEL,DIBBS|SPE4A626T15KN|0001S00000052,First article test line - not a product line
SPE4A726T634F,0001S00000052,SPE4A726T634F,08-10-2026,08-17-2026,2026-08-21 02:41:27,Origin,Origin,Tech,7017272161,https://dibbs2.bsm.dla.mil/Downloads/RFQ/F/SPE4A726T634F.PDF,https://www.dibbs.bsm.dla.mil/RFQ/RFQRec.aspx?sn=SPE4A726T634F,https://www.dibbs.bsm.dla.mil/rfq/rfqrec.aspx?sn=SPE4A726T634F,PANEL,7,20260930T154458Z,0001S00000052,GOVERNMENT FIRST ARTIC,G,______,1.0,,,2026-08-10,2026-08-17,PANEL,DIBBS|SPE4A726T634F|0001S00000052,First article test line - not a product line
SPE4A726T4272,0001S00000052,SPE4A726T4272,11-21-2025,11-28-2025,2026-08-21 02:41:27,Origin,Origin,Tech,7013429613,https://dibbs2.bsm.dla.mil/Downloads/RFQ/2/SPE4A726T4272.PDF,https://www.dibbs.bsm.dla.mil/RFQ/RFQRec.aspx?sn=SPE4A726T4272,https://www.dibbs.bsm.dla.mil/rfq/rfqrec.aspx?sn=SPE4A726T4272,PANEL,7,20260930T154458Z,0001S00000052,GOVERNMENT FIRST ARTIC,G,______,1.0,,,2025-11-21,2025-11-28,COCKPIT; PANEL,DIBBS|SPE4A726T4272|0001S00000052,First article test line - not a product line
SPE4A726T388N,0001S00000053,SPE4A726T388N,05-20-2026,05-27-2026,2026-08-21 02:41:27,Origin,Origin,Tech,7016847921,https://dibbs2.bsm.dla.mil/Downloads/RFQ/N/SPE4A726T388N.PDF,https://www.dibbs.bsm.dla.mil/RFQ/RFQRec.aspx?sn=SPE4A726T388N,https://www.dibbs.bsm.dla.mil/rfq/rfqrec.aspx?sn=SPE4A726T388N,PANEL,7,20260930T154458Z,0001S00000053,CONTRACTOR FIRST ARTIC,G,______,1.0,,,2026-05-20,2026-05-27,PANEL,DIBBS|SPE4A726T388N|0001S00000053,First article test line - not a product line
SPE4A726T279C,0001S00000052,SPE4A726T279C,04-22-2026,04-29-2026,2026-08-21 02:41:27,Origin,Origin,Tech,7016336276,https://dibbs2.bsm.dla.mil/Downloads/RFQ/C/SPE4A726T279C.PDF,https://www.dibbs.bsm.dla.mil/RFQ/RFQRec.aspx?sn=SPE4A726T279C,https://www.dibbs.bsm.dla.mil/rfq/rfqrec.aspx?sn=SPE4A726T279C,PANEL,7,20260930T154458Z,0001S00000052,GOVERNMENT FIRST ARTIC,G,______,1.0,,,2026-04-22,2026-04-29,PANEL,DIBBS|SPE4A726T279C|0001S00000052,First article test line - not a product line
SPE7M125T049Y,0001S00000053,SPE7M125T049Y,05-09-2025,05-19-2025,2026-08-21 02:41:27,Origin,Origin,None,7012190370,https://dibbs2.bsm.dla.mil/Downloads/RFQ/Y/SPE7M125T049Y.PDF,https://www.dibbs.bsm.dla.mil/RFQ/RFQRec.aspx?sn=SPE7M125T049Y,https://www.dibbs.bsm.dla.mil/rfq/rfqrec.aspx?sn=SPE7M125T049Y,PANEL,7,20260930T154458Z,0001S00000053,CONTRACTOR FIRST ARTIC,G,______,1.0,,,2025-05-09,2025-05-19,PANEL,DIBBS|SPE7M125T049Y|0001S00000053,First article test line - not a product line
SPE4A626T9626,0001S00000052,SPE4A626T9626,11-14-2025,11-21-2025,2026-08-21 02:41:27,Origin,Origin,Tech,7014490215,https://dibbs2.bsm.dla.mil/Downloads/RFQ/6/SPE4A626T9626.PDF,https://www.dibbs.bsm.dla.mil/RFQ/RFQRec.aspx?sn=SPE4A626T9626,https://www.dibbs.bsm.dla.mil/rfq/rfqrec.aspx?sn=SPE4A626T9626,PANEL,7,20260930T154458Z,0001S00000052,GOVERNMENT FIRST ARTIC,G,______,1.0,,,2025-11-14,2025-11-21,PANEL,DIBBS|SPE4A626T9626|0001S00000052,First article test line - not a product line
SPE4A726T634D,0001S00000052,SPE4A726T634D,08-10-2026,08-17-2026,2026-08-21 02:41:27,Origin,Origin,Tech,7017272850,https://dibbs2.bsm.dla.mil/Downloads/RFQ/D/SPE4A726T634D.PDF,https://www.dibbs.bsm.dla.mil/RFQ/RFQRec.aspx?sn=SPE4A726T634D,https://www.dibbs.bsm.dla.mil/rfq/rfqrec.aspx?sn=SPE4A726T634D,PANEL,8,20260930T154515Z,0001S00000052,GOVERNMENT FIRST ARTIC,G,______,1.0,,,2026-08-10,2026-08-17,INDICATOR; PANEL,DIBBS|SPE4A726T634D|0001S00000052,First article test line - not a product line
SPE4A726T419Z,0001S00000052,SPE4A726T419Z,05-28-2026,06-04-2026,2026-08-21 02:41:27,Origin,Origin,Tech,7016848671,https://dibbs2.bsm.dla.mil/Downloads/RFQ/Z/SPE4A726T419Z.PDF,https://www.dibbs.bsm.dla.mil/RFQ/RFQRec.aspx?sn=SPE4A726T419Z,https://www.dibbs.bsm.dla.mil/rfq/rfqrec.aspx?sn=SPE4A726T419Z,PANEL,8,20260930T154515Z,0001S00000052,GOVERNMENT FIRST ARTIC,G,______,1.0,,,2026-05-28,2026-06-04,INDICATOR; PANEL,DIBBS|SPE4A726T419Z|0001S00000052,First article test line - not a product line
SPE4A725Q0684,0001S00000052,SPE4A725Q0684,03-07-2025,03-17-2025,2026-08-21 02:41:27,Origin,Origin,Tech,7010890300,https://dibbs2.bsm.dla.mil/Downloads/RFQ/4/SPE4A725Q0684.PDF,https://www.dibbs.bsm.dla.mil/RFQ/RFQRec.aspx?sn=SPE4A725Q0684,https://www.dibbs.bsm.dla.mil/rfq/rfqrec.aspx?sn=SPE4A725Q0684,PANEL,8,20260930T154515Z,0001S00000052,GOVERNMENT FIRST ARTIC,C,336413,1.0,12035 | 4F11101-103A | SIERRACIN CORPORATION,,2025-03-07,2025-03-17,BOX; FUEL; INDICATOR; LEGEND; MARKING; PANEL; WINDOW,DIBBS|SPE4A725Q0684|0001S00000052,First article test line - not a product line
SPE7L426T1542,0001S00000053,SPE7L426T1542,11-28-2025,12-08-2025,2026-08-21 02:41:27,Origin,Origin,Tech,7014656253,https://dibbs2.bsm.dla.mil/Downloads/RFQ/2/SPE7L426T1542.PDF,https://www.dibbs.bsm.dla.mil/RFQ/RFQRec.aspx?sn=SPE7L426T1542,https://www.dibbs.bsm.dla.mil/rfq/rfqrec.aspx?sn=SPE7L426T1542,PANEL,8,20260930T154515Z,0001S00000053,CONTRACTOR FIRST ARTIC,G,______,1.0,,,2025-11-28,2025-12-08,PANEL,DIBBS|SPE7L426T1542|0001S00000053,First article test line - not a product line
SPE4A726T578G,0001S00000053,SPE4A726T578G,07-17-2026,07-24-2026,2026-08-21 02:41:27,Origin,Origin,Tech,7017529501,https://dibbs2.bsm.dla.mil/Downloads/RFQ/G/SPE4A726T578G.PDF,https://www.dibbs.bsm.dla.mil/RFQ/RFQRec.aspx?sn=SPE4A726T578G,https://www.dibbs.bsm.dla.mil/rfq/rfqrec.aspx?sn=SPE4A726T578G,PANEL,8,20260930T154515Z,0001S00000053,CONTRACTOR FIRST ARTIC,C,______,1.0,"1KXU6 | 202432978-10 | HUGHES CIRCUITS, INC.",,2026-07-17,2026-07-24,PANEL,DIBBS|SPE4A726T578G|0001S00000053,First article test line - not a product line
SPE4A726T514N,0001S00000053,SPE4A726T514N,06-18-2026,06-25-2026,2026-08-21 02:41:27,Origin,Origin,None,7017199355,https://dibbs2.bsm.dla.mil/Downloads/RFQ/N/SPE4A726T514N.PDF,https://www.dibbs.bsm.dla.mil/RFQ/RFQRec.aspx?sn=SPE4A726T514N,https://www.dibbs.bsm.dla.mil/rfq/rfqrec.aspx?sn=SPE4A726T514N,PANEL,8,20260930T154515Z,0001S00000053,CONTRACTOR FIRST ARTIC,C,______,1.0,78286 | 70500-02072-096 | SIKORSKY AIRCRAFT CORPORATION,,2026-06-18,2026-06-25,PANEL,DIBBS|SPE4A726T514N|0001S00000053,First article test line - not a product line
SPE4A726T588T,0001S00000052,SPE4A726T588T,07-22-2026,07-29-2026,2026-08-21 02:41:27,Origin,Origin,Tech,7017408183,https://dibbs2.bsm.dla.mil/Downloads/RFQ/T/SPE4A726T588T.PDF,https://www.dibbs.bsm.dla.mil/RFQ/RFQRec.aspx?sn=SPE4A726T588T,https://www.dibbs.bsm.dla.mil/rfq/rfqrec.aspx?sn=SPE4A726T588T,PANEL,8,20260930T154515Z,0001S00000052,GOVERNMENT FIRST ARTIC,C,______,1.0,No | Data | found,,2026-07-22,2026-07-29,PANEL,DIBBS|SPE4A726T588T|0001S00000052,First article test line - not a product line
SPE7M126T6561,0001S00000052,SPE7M126T6561,02-27-2026,03-09-2026,2026-08-21 02:41:27,Origin,Origin,Tech,7014415093,https://dibbs2.bsm.dla.mil/Downloads/RFQ/1/SPE7M126T6561.PDF,https://www.dibbs.bsm.dla.mil/RFQ/RFQRec.aspx?sn=SPE7M126T6561,https://www.dibbs.bsm.dla.mil/rfq/rfqrec.aspx?sn=SPE7M126T6561,PANEL,9,20260930T154532Z,0001S00000052,GOVERNMENT FIRST ARTIC,G,______,1.0,,,2026-02-27,2026-03-09,PANEL,DIBBS|SPE7M126T6561|0001S00000052,First article test line - not a product line
SPE7M126T125G,0001S00000053,SPE7M126T125G,06-05-2026,06-15-2026,2026-08-21 02:41:27,Origin,Destination,None,7017047009,https://dibbs2.bsm.dla.mil/Downloads/RFQ/G/SPE7M126T125G.PDF,https://www.dibbs.bsm.dla.mil/RFQ/RFQRec.aspx?sn=SPE7M126T125G,https://www.dibbs.bsm.dla.mil/rfq/rfqrec.aspx?sn=SPE7M126T125G,PANEL,9,20260930T154532Z,0001S00000053,CONTRACTOR FIRST ARTIC,G,______,1.0,,,2026-06-05,2026-06-15,PANEL,DIBBS|SPE7M126T125G|0001S00000053,First article test line - not a product line
SPE4A726T9400,0001S00000052,SPE4A726T9400,02-18-2026,02-25-2026,2026-08-21 02:41:27,Origin,Origin,Tech,7014870527,https://dibbs2.bsm.dla.mil/Downloads/RFQ/0/SPE4A726T9400.PDF,https://www.dibbs.bsm.dla.mil/RFQ/RFQRec.aspx?sn=SPE4A726T9400,https://www.dibbs.bsm.dla.mil/rfq/rfqrec.aspx?sn=SPE4A726T9400,PANEL,9,20260930T154532Z,0001S00000052,GOVERNMENT FIRST ARTIC,G,______,1.0,,,2026-02-18,2026-02-25,PANEL,DIBBS|SPE4A726T9400|0001S00000052,First article test line - not a product line
SPE4A726T8330,0001S00000052,SPE4A726T8330,01-23-2026,01-30-2026,2026-08-21 02:41:27,Origin,Origin,Tech,7015213131,https://dibbs2.bsm.dla.mil/Downloads/RFQ/0/SPE4A726T8330.PDF,https://www.dibbs.bsm.dla.mil/RFQ/RFQRec.aspx?sn=SPE4A726T8330,https://www.dibbs.bsm.dla.mil/rfq/rfqrec.aspx?sn=SPE4A726T8330,PANEL,9,20260930T154532Z,0001S00000052,GOVERNMENT FIRST ARTIC,C,______,1.0,02995 | 39-24300-501 | OPPENHEIMER PRECISION PRODUCTS INC,,2026-01-23,2026-01-30,PANEL,DIBBS|SPE4A726T8330|0001S00000052,First article test line - not a product line
SPE4A726T561P,0001S00000053,SPE4A726T561P,07-09-2026,07-16-2026,2026-08-21 02:41:27,Origin,Destination,Tech,7013756435,https://dibbs2.bsm.dla.mil/Downloads/RFQ/P/SPE4A726T561P.PDF,https://www.dibbs.bsm.dla.mil/RFQ/RFQRec.aspx?sn=SPE4A726T561P,https://www.dibbs.bsm.dla.mil/rfq/rfqrec.aspx?sn=SPE4A726T561P,PANEL,9,20260930T154532Z,0001S00000053,CONTRACTOR FIRST ARTIC,B,______,1.0,78286 | 70902-01972-105 | SIKORSKY AIRCRAFT CORPORATION,,2026-07-09,2026-07-16,PANEL,DIBBS|SPE4A726T561P|0001S00000053,First article test line - not a product line
SPE4A726T347B,0001S00000052,SPE4A726T347B,05-14-2026,05-21-2026,2026-08-21 02:41:27,Origin,Origin,Tech,7016708684,https://dibbs2.bsm.dla.mil/Downloads/RFQ/B/SPE4A726T347B.PDF,https://www.dibbs.bsm.dla.mil/RFQ/RFQRec.aspx?sn=SPE4A726T347B,https://www.dibbs.bsm.dla.mil/rfq/rfqrec.aspx?sn=SPE4A726T347B,PANEL,9,20260930T154532Z,0001S00000052,GOVERNMENT FIRST ARTIC,G,______,1.0,,,2026-05-14,2026-05-21,PANEL,DIBBS|SPE4A726T347B|0001S00000052,First article test line - not a product line
SPE4A726T316W,0001S00000052,SPE4A726T316W,05-06-2026,05-13-2026,2026-08-21 02:41:27,Origin,Origin,Tech,7016644649,https://dibbs2.bsm.dla.mil/Downloads/RFQ/W/SPE4A726T316W.PDF,https://www.dibbs.bsm.dla.mil/RFQ/RFQRec.aspx?sn=SPE4A726T316W,https://www.dibbs.bsm.dla.mil/rfq/rfqrec.aspx?sn=SPE4A726T316W,PANEL,9,20260930T154532Z,0001S00000052,GOVERNMENT FIRST ARTIC,G,______,1.0,,,2026-05-06,2026-05-13,PANEL,DIBBS|SPE4A726T316W|0001S00000052,First article test line - not a product line
SPE4A726T732E,0001S00000052,SPE4A726T732E,09-11-2026,09-18-2026,2026-09-10 08:10:05,Origin,Origin,Tech,7017272501,https://dibbs2.bsm.dla.mil/Downloads/RFQ/E/SPE4A726T732E.PDF,https://www.dibbs.bsm.dla.mil/RFQ/RFQRec.aspx?sn=SPE4A726T732E,https://www.dibbs.bsm.dla.mil/rfq/rfqrec.aspx?sn=SPE4A726T732E,PANEL,10,20260930T154548Z,0001S00000052,GOVERNMENT FIRST ARTIC,G,______,1.0,,,2026-09-11,2026-09-18,PANEL,DIBBS|SPE4A726T732E|0001S00000052,First article test line - not a product line
SPE4A726T715E,0001S00000053,SPE4A726T715E,09-04-2026,09-11-2026,2026-09-03 06:42:21,Origin,Origin,Tech,7017914913,https://dibbs2.bsm.dla.mil/Downloads/RFQ/E/SPE4A726T715E.PDF,https://www.dibbs.bsm.dla.mil/RFQ/RFQRec.aspx?sn=SPE4A726T715E,https://www.dibbs.bsm.dla.mil/rfq/rfqrec.aspx?sn=SPE4A726T715E,PANEL,10,20260930T154548Z,0001S00000053,CONTRACTOR FIRST ARTIC,C,______,1.0,"3T949 | 65206-01007-101 | L.P. AERO PLASTICS, INC",,2026-09-04,2026-09-11,PANEL; WINDOW,DIBBS|SPE4A726T715E|0001S00000053,First article test line - not a product line
SPE7L126T05F2,0001S00000053,SPE7L126T05F2,08-31-2026,09-10-2026,2026-08-30 03:26:26,Origin,Origin,Tech,7017984366,https://dibbs2.bsm.dla.mil/Downloads/RFQ/2/SPE7L126T05F2.PDF,https://www.dibbs.bsm.dla.mil/RFQ/RFQRec.aspx?sn=SPE7L126T05F2,https://www.dibbs.bsm.dla.mil/rfq/rfqrec.aspx?sn=SPE7L126T05F2,PANEL,10,20260930T154548Z,0001S00000053,CONTRACTOR FIRST ARTIC,G,______,1.0,,,2026-08-31,2026-09-10,PANEL,DIBBS|SPE7L126T05F2|0001S00000053,First article test line - not a product line
SPE4A726T117B,0001S00000052,SPE4A726T117B,03-19-2026,03-26-2026,2026-08-21 02:41:27,Origin,Origin,Tech,7014384357,https://dibbs2.bsm.dla.mil/Downloads/RFQ/B/SPE4A726T117B.PDF,https://www.dibbs.bsm.dla.mil/RFQ/RFQRec.aspx?sn=SPE4A726T117B,https://www.dibbs.bsm.dla.mil/rfq/rfqrec.aspx?sn=SPE4A726T117B,PANEL,10,20260930T154548Z,0001S00000052,GOVERNMENT FIRST ARTIC,M,______,1.0,1XKR3 | 16B5533-5 | AEROSPACE & COMMERCIAL TECHNOLOGIES,,2026-03-19,2026-03-26,PANEL,DIBBS|SPE4A726T117B|0001S00000052,First article test line - not a product line
SPE4A726T306A,0001S00000052,SPE4A726T306A,05-01-2026,05-08-2026,2026-08-21 02:41:27,Origin,Origin,Tech,7016439279,https://dibbs2.bsm.dla.mil/Downloads/RFQ/A/SPE4A726T306A.PDF,https://www.dibbs.bsm.dla.mil/RFQ/RFQRec.aspx?sn=SPE4A726T306A,https://www.dibbs.bsm.dla.mil/rfq/rfqrec.aspx?sn=SPE4A726T306A,PANEL,10,20260930T154548Z,0001S00000052,GOVERNMENT FIRST ARTIC,G,______,1.0,,,2026-05-01,2026-05-08,PANEL,DIBBS|SPE4A726T306A|0001S00000052,First article test line - not a product line
SPE7L126Q0757,0001S00000053,SPE7L126Q0757,02-10-2026,02-16-2026,2026-08-21 02:41:27,Origin,Origin,Tech,7015054617,https://dibbs2.bsm.dla.mil/Downloads/RFQ/7/SPE7L126Q0757.PDF,https://www.dibbs.bsm.dla.mil/RFQ/RFQRec.aspx?sn=SPE7L126Q0757,https://www.dibbs.bsm.dla.mil/rfq/rfqrec.aspx?sn=SPE7L126Q0757,PANEL,11,20260930T154605Z,0001S00000053,CONTRACTOR FIRST ARTIC,G,000000,1.0,,,2026-02-10,2026-02-16,BOX; LIGHTING; PANEL,DIBBS|SPE7L126Q0757|0001S00000053,First article test line - not a product line
SPE7L126T739E,0001S00000053,SPE7L126T739E,06-22-2026,07-02-2026,2026-08-21 02:41:27,Origin,Origin,None,7017237013,https://dibbs2.bsm.dla.mil/Downloads/RFQ/E/SPE7L126T739E.PDF,https://www.dibbs.bsm.dla.mil/RFQ/RFQRec.aspx?sn=SPE7L126T739E,https://www.dibbs.bsm.dla.mil/rfq/rfqrec.aspx?sn=SPE7L126T739E,PANEL,11,20260930T154605Z,0001S00000053,CONTRACTOR FIRST ARTIC,G,______,1.0,,,2026-06-22,2026-07-02,PANEL,DIBBS|SPE7L126T739E|0001S00000053,First article test line - not a product line
SPE4A726T159H,0001S00000052,SPE4A726T159H,03-26-2026,04-02-2026,2026-08-21 02:41:27,Origin,Origin,Tech,7016082178,https://dibbs2.bsm.dla.mil/Downloads/RFQ/H/SPE4A726T159H.PDF,https://www.dibbs.bsm.dla.mil/RFQ/RFQRec.aspx?sn=SPE4A726T159H,https://www.dibbs.bsm.dla.mil/rfq/rfqrec.aspx?sn=SPE4A726T159H,BEZEL,1,20260930T154658Z,0001S00000052,GOVERNMENT FIRST ARTIC,G,______,1.0,,,2026-03-26,2026-04-02,BEZEL,DIBBS|SPE4A726T159H|0001S00000052,First article test line - not a product line
SPE4A526T342N,0001S00000053,SPE4A526T342N,08-12-2026,08-19-2026,2026-08-21 02:41:27,Origin,Origin,Tech,7017838935,https://dibbs2.bsm.dla.mil/Downloads/RFQ/N/SPE4A526T342N.PDF,https://www.dibbs.bsm.dla.mil/RFQ/RFQRec.aspx?sn=SPE4A526T342N,https://www.dibbs.bsm.dla.mil/rfq/rfqrec.aspx?sn=SPE4A526T342N,BEZEL,1,20260930T154658Z,0001S00000053,CONTRACTOR FIRST ARTIC,C,______,1.0,27520 | 600224-001 | CONTROL PRODUCTS CORPORATION,,2026-08-12,2026-08-19,BEZEL,DIBBS|SPE4A526T342N|0001S00000053,First article test line - not a product line
SPE8E626T4106,0001S00000053,SPE8E626T4106,08-06-2026,08-17-2026,2026-08-21 02:41:27,Origin,Origin,Tech,7016179631,https://dibbs2.bsm.dla.mil/Downloads/RFQ/6/SPE8E626T4106.PDF,https://www.dibbs.bsm.dla.mil/RFQ/RFQRec.aspx?sn=SPE8E626T4106,https://www.dibbs.bsm.dla.mil/rfq/rfqrec.aspx?sn=SPE8E626T4106,FACE PLATE,1,20260930T154716Z,0001S00000053,CONTRACTOR FIRST ARTIC,G,______,1.0,,,2026-08-06,2026-08-17,FACE PLATE; PLATE,DIBBS|SPE8E626T4106|0001S00000053,First article test line - not a product line
SPE8E626Q0633,0001S00000053,SPE8E626Q0633,08-10-2026,08-17-2026,2026-08-21 02:41:27,Origin,Origin,Tech,7016927385,https://dibbs2.bsm.dla.mil/Downloads/RFQ/3/SPE8E626Q0633.PDF,https://www.dibbs.bsm.dla.mil/RFQ/RFQRec.aspx?sn=SPE8E626Q0633,https://www.dibbs.bsm.dla.mil/rfq/rfqrec.aspx?sn=SPE8E626Q0633,FACE PLATE,1,20260930T154716Z,0001S00000053,CONTRACTOR FIRST ARTIC,G,000000,1.0,,,2026-08-10,2026-08-17,FACE PLATE; INDICATOR; PLATE,DIBBS|SPE8E626Q0633|0001S00000053,First article test line - not a product line
SPE8E626Q0633,0001S00000062,SPE8E626Q0633,08-10-2026,08-17-2026,2026-08-21 02:41:27,Origin,Origin,Tech,7016927385,https://dibbs2.bsm.dla.mil/Downloads/RFQ/3/SPE8E626Q0633.PDF,https://www.dibbs.bsm.dla.mil/RFQ/RFQRec.aspx?sn=SPE8E626Q0633,https://www.dibbs.bsm.dla.mil/rfq/rfqrec.aspx?sn=SPE8E626Q0633,FACE PLATE,1,20260930T154716Z,0001S00000062,PRODUCTION LOT TESTING,G,000000,1.0,,,2026-08-10,2026-08-17,FACE PLATE; INDICATOR; PLATE,DIBBS|SPE8E626Q0633|0001S00000062,First article test line - not a product line
SPE7M526T9069,0001S00000053,SPE7M526T9069,03-17-2026,03-27-2026,2026-08-21 02:41:27,Origin,Origin,Tech,7015233764,https://dibbs2.bsm.dla.mil/Downloads/RFQ/9/SPE7M526T9069.PDF,https://www.dibbs.bsm.dla.mil/RFQ/RFQRec.aspx?sn=SPE7M526T9069,https://www.dibbs.bsm.dla.mil/rfq/rfqrec.aspx?sn=SPE7M526T9069,OVERLAY,1,20260930T154739Z,0001S00000053,CONTRACTOR FIRST ARTIC,G,______,1.0,,,2026-03-17,2026-03-27,OVERLAY,DIBBS|SPE7M526T9069|0001S00000053,First article test line - not a product line
SPE4A626T37YX,0001S00000053,SPE4A626T37YX,09-30-2026,10-07-2026,2026-09-29 09:03:11,Origin,Origin,Tech,7018186518,https://dibbs2.bsm.dla.mil/Downloads/RFQ/X/SPE4A626T37YX.PDF,https://www.dibbs.bsm.dla.mil/RFQ/RFQRec.aspx?sn=SPE4A626T37YX,https://www.dibbs.bsm.dla.mil/rfq/rfqrec.aspx?sn=SPE4A626T37YX,OVERLAY,2,20260930T154759Z,0001S00000053,CONTRACTOR FIRST ARTIC,G,______,1.0,,,2026-09-30,2026-10-07,OVERLAY,DIBBS|SPE4A626T37YX|0001S00000053,First article test line - not a product line
SPE8E626T4798,0001S00000053,SPE8E626T4798,09-30-2026,10-13-2026,2026-09-29 09:03:11,Origin,Origin,Tech,7018561283,https://dibbs2.bsm.dla.mil/Downloads/RFQ/8/SPE8E626T4798.PDF,https://www.dibbs.bsm.dla.mil/RFQ/RFQRec.aspx?sn=SPE8E626T4798,https://www.dibbs.bsm.dla.mil/rfq/rfqrec.aspx?sn=SPE8E626T4798,OVERLAY,4,20260930T154836Z,0001S00000053,CONTRACTOR FIRST ARTIC,G,______,1.0,,,2026-09-30,2026-10-13,OVERLAY,DIBBS|SPE8E626T4798|0001S00000053,First article test line - not a product line
SPE8E526T4546,0001S00000052,SPE8E526T4546,09-30-2026,10-13-2026,2026-09-29 09:03:10,Origin,Origin,Tech,7018560313,https://dibbs2.bsm.dla.mil/Downloads/RFQ/6/SPE8E526T4546.PDF,https://www.dibbs.bsm.dla.mil/RFQ/RFQRec.aspx?sn=SPE8E526T4546,https://www.dibbs.bsm.dla.mil/rfq/rfqrec.aspx?sn=SPE8E526T4546,OVERLAY,6,20260930T154914Z,0001S00000052,GOVERNMENT FIRST ARTIC,G,______,1.0,,,2026-09-30,2026-10-13,OVERLAY,DIBBS|SPE8E526T4546|0001S00000052,First article test line - not a product line
SPE4A626T37XH,0001S00000052,SPE4A626T37XH,09-30-2026,10-07-2026,2026-09-29 09:03:10,Origin,Origin,Tech,7018505031,https://dibbs2.bsm.dla.mil/Downloads/RFQ/H/SPE4A626T37XH.PDF,https://www.dibbs.bsm.dla.mil/RFQ/RFQRec.aspx?sn=SPE4A626T37XH,https://www.dibbs.bsm.dla.mil/rfq/rfqrec.aspx?sn=SPE4A626T37XH,OVERLAY,6,20260930T154914Z,0001S00000052,GOVERNMENT FIRST ARTIC,C,______,1.0,"0SCY9 | 70103-11014-102 | GRACE MACHINE COMPANY, LLC",,2026-09-30,2026-10-07,OVERLAY,DIBBS|SPE4A626T37XH|0001S00000052,First article test line - not a product line
SPE4A626T37XH,0001S00000061,SPE4A626T37XH,09-30-2026,10-07-2026,2026-09-29 09:03:10,Origin,Origin,Tech,7018505031,https://dibbs2.bsm.dla.mil/Downloads/RFQ/H/SPE4A626T37XH.PDF,https://www.dibbs.bsm.dla.mil/RFQ/RFQRec.aspx?sn=SPE4A626T37XH,https://www.dibbs.bsm.dla.mil/rfq/rfqrec.aspx?sn=SPE4A626T37XH,OVERLAY,6,20260930T154914Z,0001S00000061,PRODUCTION LOT TESTING,C,______,1.0,"0SCY9 | 70103-11014-102 | GRACE MACHINE COMPANY, LLC",,2026-09-30,2026-10-07,OVERLAY,DIBBS|SPE4A626T37XH|0001S00000061,First article test line - not a product line
SPE7M026T107K,0001S00000053,SPE7M026T107K,09-30-2026,10-13-2026,2026-09-29 09:03:10,Origin,Origin,Tech,7018560027,https://dibbs2.bsm.dla.mil/Downloads/RFQ/K/SPE7M026T107K.PDF,https://www.dibbs.bsm.dla.mil/RFQ/RFQRec.aspx?sn=SPE7M026T107K,https://www.dibbs.bsm.dla.mil/rfq/rfqrec.aspx?sn=SPE7M026T107K,OVERLAY,7,20260930T154933Z,0001S00000053,CONTRACTOR FIRST ARTIC,G,______,1.0,,,2026-09-30,2026-10-13,OVERLAY,DIBBS|SPE7M026T107K|0001S00000053,First article test line - not a product line
SPE8E626T4801,0001S00000053,SPE8E626T4801,09-30-2026,10-13-2026,2026-09-29 09:03:10,Origin,Origin,Tech,7018559522,https://dibbs2.bsm.dla.mil/Downloads/RFQ/1/SPE8E626T4801.PDF,https://www.dibbs.bsm.dla.mil/RFQ/RFQRec.aspx?sn=SPE8E626T4801,https://www.dibbs.bsm.dla.mil/rfq/rfqrec.aspx?sn=SPE8E626T4801,OVERLAY,7,20260930T154933Z,0001S00000053,CONTRACTOR FIRST ARTIC,G,______,1.0,,,2026-09-30,2026-10-13,OVERLAY,DIBBS|SPE8E626T4801|0001S00000053,First article test line - not a product line
SPE8E626T4821,0001S00000052,SPE8E626T4821,09-30-2026,10-13-2026,2026-09-29 09:03:10,Origin,Destination,Tech,7018559329; 7018559339; 7018559340; 7018559341,https://dibbs2.bsm.dla.mil/Downloads/RFQ/1/SPE8E626T4821.PDF,https://www.dibbs.bsm.dla.mil/RFQ/RFQRec.aspx?sn=SPE8E626T4821,https://www.dibbs.bsm.dla.mil/rfq/rfqrec.aspx?sn=SPE8E626T4821,OVERLAY,8,20260930T154952Z,0001S00000052,GOVERNMENT FIRST ARTIC,G,______,1.0,,,2026-09-30,2026-10-13,OVERLAY,DIBBS|SPE8E626T4821|0001S00000052,First article test line - not a product line
SPE7M526T543J,0001S00000053,SPE7M526T543J,09-30-2026,10-13-2026,2026-09-29 09:03:10,Origin,Destination,Tech,7018495986,https://dibbs2.bsm.dla.mil/Downloads/RFQ/J/SPE7M526T543J.PDF,https://www.dibbs.bsm.dla.mil/RFQ/RFQRec.aspx?sn=SPE7M526T543J,https://www.dibbs.bsm.dla.mil/rfq/rfqrec.aspx?sn=SPE7M526T543J,OVERLAY,8,20260930T154952Z,0001S00000053,CONTRACTOR FIRST ARTIC,G,______,1.0,,,2026-09-30,2026-10-13,OVERLAY,DIBBS|SPE7M526T543J|0001S00000053,First article test line - not a product line
SPE4A526T482Y,0001S00000052,SPE4A526T482Y,09-30-2026,10-07-2026,2026-09-29 09:03:10,Origin,Origin,Tech,7018343484,https://dibbs2.bsm.dla.mil/Downloads/RFQ/Y/SPE4A526T482Y.PDF,https://www.dibbs.bsm.dla.mil/RFQ/RFQRec.aspx?sn=SPE4A526T482Y,https://www.dibbs.bsm.dla.mil/rfq/rfqrec.aspx?sn=SPE4A526T482Y,OVERLAY,8,20260930T154952Z,0001S00000052,GOVERNMENT FIRST ARTIC,C,______,1.0,07482 | J593P06 | GENERAL ELECTRIC COMPANY,,2026-09-30,2026-10-07,OVERLAY,DIBBS|SPE4A526T482Y|0001S00000052,First article test line - not a product line
SPE7L026T0489,0001S00000053,SPE7L026T0489,09-30-2026,10-13-2026,2026-09-29 09:03:10,Origin,Origin,Tech,7018530553,https://dibbs2.bsm.dla.mil/Downloads/RFQ/9/SPE7L026T0489.PDF,https://www.dibbs.bsm.dla.mil/RFQ/RFQRec.aspx?sn=SPE7L026T0489,https://www.dibbs.bsm.dla.mil/rfq/rfqrec.aspx?sn=SPE7L026T0489,OVERLAY,8,20260930T154952Z,0001S00000053,CONTRACTOR FIRST ARTIC,G,______,1.0,,,2026-09-30,2026-10-13,OVERLAY,DIBBS|SPE7L026T0489|0001S00000053,First article test line - not a product line
SPE7L326T295F,0001S00000053,SPE7L326T295F,09-30-2026,10-13-2026,2026-09-29 09:03:10,Origin,Origin,Tech,7018496047,https://dibbs2.bsm.dla.mil/Downloads/RFQ/F/SPE7L326T295F.PDF,https://www.dibbs.bsm.dla.mil/RFQ/RFQRec.aspx?sn=SPE7L326T295F,https://www.dibbs.bsm.dla.mil/rfq/rfqrec.aspx?sn=SPE7L326T295F,OVERLAY,9,20260930T155012Z,0001S00000053,CONTRACTOR FIRST ARTIC,G,______,1.0,,,2026-09-30,2026-10-13,OVERLAY,DIBBS|SPE7L326T295F|0001S00000053,First article test line - not a product line
SPE7M826T6957,0001S00000053,SPE7M826T6957,09-30-2026,10-13-2026,2026-09-29 09:03:10,Origin,Origin,Tech,7017603674,https://dibbs2.bsm.dla.mil/Downloads/RFQ/7/SPE7M826T6957.PDF,https://www.dibbs.bsm.dla.mil/RFQ/RFQRec.aspx?sn=SPE7M826T6957,https://www.dibbs.bsm.dla.mil/rfq/rfqrec.aspx?sn=SPE7M826T6957,OVERLAY,9,20260930T155012Z,0001S00000053,CONTRACTOR FIRST ARTIC,C,______,1.0,0VSA4 | 5190437 | PRINCETON MICROWAVE TECHNOLOGY INC,,2026-09-30,2026-10-13,OVERLAY; SWITCH,DIBBS|SPE7M826T6957|0001S00000053,First article test line - not a product line
SPE8EF26T1843,0001S00000052,SPE8EF26T1843,09-30-2026,10-13-2026,2026-09-29 08:16:41,Origin,Origin,Tech,7018561670,https://dibbs2.bsm.dla.mil/Downloads/RFQ/3/SPE8EF26T1843.PDF,https://www.dibbs.bsm.dla.mil/RFQ/RFQRec.aspx?sn=SPE8EF26T1843,https://www.dibbs.bsm.dla.mil/rfq/rfqrec.aspx?sn=SPE8EF26T1843,OVERLAY,11,20260930T155050Z,0001S00000052,GOVERNMENT FIRST ARTIC,G,______,1.0,,,2026-09-30,2026-10-13,OVERLAY,DIBBS|SPE8EF26T1843|0001S00000052,First article test line - not a product line
SPE8E626T4774,0001S00000062,SPE8E626T4774,09-30-2026,10-13-2026,2026-09-29 08:16:41,Origin,Origin,Tech,7018560679,https://dibbs2.bsm.dla.mil/Downloads/RFQ/4/SPE8E626T4774.PDF,https://www.dibbs.bsm.dla.mil/RFQ/RFQRec.aspx?sn=SPE8E626T4774,https://www.dibbs.bsm.dla.mil/rfq/rfqrec.aspx?sn=SPE8E626T4774,OVERLAY,11,20260930T155050Z,0001S00000062,PRODUCTION LOT TESTING,G,______,1.0,,,2026-09-30,2026-10-13,OVERLAY; PLATE,DIBBS|SPE8E626T4774|0001S00000062,First article test line - not a product line
SPE8E826T5777,0001S00000053,SPE8E826T5777,09-30-2026,10-13-2026,2026-09-29 08:16:41,Destination,Origin,Tech,7018560097,https://dibbs2.bsm.dla.mil/Downloads/RFQ/7/SPE8E826T5777.PDF,https://www.dibbs.bsm.dla.mil/RFQ/RFQRec.aspx?sn=SPE8E826T5777,https://www.dibbs.bsm.dla.mil/rfq/rfqrec.aspx?sn=SPE8E826T5777,OVERLAY,12,20260930T155110Z,0001S00000053,CONTRACTOR FIRST ARTIC,G,______,1.0,,,2026-09-30,2026-10-13,OVERLAY,DIBBS|SPE8E826T5777|0001S00000053,First article test line - not a product line
SPE7M026T106L,0001S00000053,SPE7M026T106L,09-30-2026,10-13-2026,2026-09-29 05:15:56,Origin,Origin,Tech,7018558517,https://dibbs2.bsm.dla.mil/Downloads/RFQ/L/SPE7M026T106L.PDF,https://www.dibbs.bsm.dla.mil/RFQ/RFQRec.aspx?sn=SPE7M026T106L,https://www.dibbs.bsm.dla.mil/rfq/rfqrec.aspx?sn=SPE7M026T106L,OVERLAY,12,20260930T155110Z,0001S00000053,CONTRACTOR FIRST ARTIC,G,______,1.0,,,2026-09-30,2026-10-13,OVERLAY,DIBBS|SPE7M026T106L|0001S00000053,First article test line - not a product line
SPE4A626T37WR,0001S00000053,SPE4A626T37WR,09-30-2026,10-07-2026,2026-09-29 05:15:56,Origin,Origin,Tech,7018368260,https://dibbs2.bsm.dla.mil/Downloads/RFQ/R/SPE4A626T37WR.PDF,https://www.dibbs.bsm.dla.mil/RFQ/RFQRec.aspx?sn=SPE4A626T37WR,https://www.dibbs.bsm.dla.mil/rfq/rfqrec.aspx?sn=SPE4A626T37WR,OVERLAY,13,20260930T155129Z,0001S00000053,CONTRACTOR FIRST ARTIC,G,______,1.0,,,2026-09-30,2026-10-07,OVERLAY,DIBBS|SPE4A626T37WR|0001S00000053,First article test line - not a product line
SPE7L326T294H,0001S00000052,SPE7L326T294H,09-30-2026,10-13-2026,2026-09-29 05:15:56,Origin,Origin,Tech,7017046315,https://dibbs2.bsm.dla.mil/Downloads/RFQ/H/SPE7L326T294H.PDF,https://www.dibbs.bsm.dla.mil/RFQ/RFQRec.aspx?sn=SPE7L326T294H,https://www.dibbs.bsm.dla.mil/rfq/rfqrec.aspx?sn=SPE7L326T294H,OVERLAY,14,20260930T155149Z,0001S00000052,GOVERNMENT FIRST ARTIC,C,______,1.0,"72166 | S23119-604 | B.W. ELLIOTT MANUFACTURING CO., LLC",,2026-09-30,2026-10-13,OVERLAY,DIBBS|SPE7L326T294H|0001S00000052,First article test line - not a product line
SPE7L326T294H,0001S00000061,SPE7L326T294H,09-30-2026,10-13-2026,2026-09-29 05:15:56,Origin,Origin,Tech,7017046315,https://dibbs2.bsm.dla.mil/Downloads/RFQ/H/SPE7L326T294H.PDF,https://www.dibbs.bsm.dla.mil/RFQ/RFQRec.aspx?sn=SPE7L326T294H,https://www.dibbs.bsm.dla.mil/rfq/rfqrec.aspx?sn=SPE7L326T294H,OVERLAY,14,20260930T155149Z,0001S00000061,PRODUCTION LOT TESTING,C,______,1.0,"72166 | S23119-604 | B.W. ELLIOTT MANUFACTURING CO., LLC",,2026-09-30,2026-10-13,OVERLAY,DIBBS|SPE7L326T294H|0001S00000061,First article test line - not a product line
SPE7L726T5560,0001S00000052,SPE7L726T5560,09-30-2026,10-13-2026,2026-09-29 05:15:56,Destination,Origin,Tech,7018496946,https://dibbs2.bsm.dla.mil/Downloads/RFQ/0/SPE7L726T5560.PDF,https://www.dibbs.bsm.dla.mil/RFQ/RFQRec.aspx?sn=SPE7L726T5560,https://www.dibbs.bsm.dla.mil/rfq/rfqrec.aspx?sn=SPE7L726T5560,OVERLAY,14,20260930T155149Z,0001S00000052,GOVERNMENT FIRST ARTIC,G,______,1.0,,,2026-09-30,2026-10-13,OVERLAY,DIBBS|SPE7L726T5560|0001S00000052,First article test line - not a product line
SPE7L726T5560,0001S00000061,SPE7L726T5560,09-30-2026,10-13-2026,2026-09-29 05:15:56,Destination,Origin,Tech,7018496946,https://dibbs2.bsm.dla.mil/Downloads/RFQ/0/SPE7L726T5560.PDF,https://www.dibbs.bsm.dla.mil/RFQ/RFQRec.aspx?sn=SPE7L726T5560,https://www.dibbs.bsm.dla.mil/rfq/rfqrec.aspx?sn=SPE7L726T5560,OVERLAY,14,20260930T155149Z,0001S00000061,PRODUCTION LOT TESTING,G,______,1.0,,,2026-09-30,2026-10-13,OVERLAY,DIBBS|SPE7L726T5560|0001S00000061,First article test line - not a product line
SPE7L326T294D,0001S00000053,SPE7L326T294D,09-30-2026,10-13-2026,2026-09-29 05:15:56,Origin,Origin,Tech,7018495284,https://dibbs2.bsm.dla.mil/Downloads/RFQ/D/SPE7L326T294D.PDF,https://www.dibbs.bsm.dla.mil/RFQ/RFQRec.aspx?sn=SPE7L326T294D,https://www.dibbs.bsm.dla.mil/rfq/rfqrec.aspx?sn=SPE7L326T294D,OVERLAY,14,20260930T155149Z,0001S00000053,CONTRACTOR FIRST ARTIC,G,______,1.0,,,2026-09-30,2026-10-13,OVERLAY,DIBBS|SPE7L326T294D|0001S00000053,First article test line - not a product line
SPE7L326T294E,0001S00000053,SPE7L326T294E,09-30-2026,10-13-2026,2026-09-29 05:15:56,Origin,Origin,Tech,7018498186,https://dibbs2.bsm.dla.mil/Downloads/RFQ/E/SPE7L326T294E.PDF,https://www.dibbs.bsm.dla.mil/RFQ/RFQRec.aspx?sn=SPE7L326T294E,https://www.dibbs.bsm.dla.mil/rfq/rfqrec.aspx?sn=SPE7L326T294E,OVERLAY,14,20260930T155149Z,0001S00000053,CONTRACTOR FIRST ARTIC,C,______,1.0,No | Data | found,,2026-09-30,2026-10-13,OVERLAY,DIBBS|SPE7L326T294E|0001S00000053,First article test line - not a product line
SPE7L326T294E,0001S00000061,SPE7L326T294E,09-30-2026,10-13-2026,2026-09-29 05:15:56,Origin,Origin,Tech,7018498186,https://dibbs2.bsm.dla.mil/Downloads/RFQ/E/SPE7L326T294E.PDF,https://www.dibbs.bsm.dla.mil/RFQ/RFQRec.aspx?sn=SPE7L326T294E,https://www.dibbs.bsm.dla.mil/rfq/rfqrec.aspx?sn=SPE7L326T294E,OVERLAY,14,20260930T155149Z,0001S00000061,PRODUCTION LOT TESTING,C,______,1.0,No | Data | found,,2026-09-30,2026-10-13,OVERLAY,DIBBS|SPE7L326T294E|0001S00000061,First article test line - not a product line
SPE7M826T6956,0001S00000053,SPE7M826T6956,09-30-2026,10-13-2026,2026-09-29 02:56:46,Origin,Origin,Tech,7018494633,https://dibbs2.bsm.dla.mil/Downloads/RFQ/6/SPE7M826T6956.PDF,https://www.dibbs.bsm.dla.mil/RFQ/RFQRec.aspx?sn=SPE7M826T6956,https://www.dibbs.bsm.dla.mil/rfq/rfqrec.aspx?sn=SPE7M826T6956,OVERLAY,15,20260930T155208Z,0001S00000053,CONTRACTOR FIRST ARTIC,G,______,1.0,,,2026-09-30,2026-10-13,OVERLAY; SWITCH,DIBBS|SPE7M826T6956|0001S00000053,First article test line - not a product line
SPE7L326T293U,0001S00000053,SPE7L326T293U,09-30-2026,10-13-2026,2026-09-29 02:56:46,Origin,Origin,None,7018496730,https://dibbs2.bsm.dla.mil/Downloads/RFQ/U/SPE7L326T293U.PDF,https://www.dibbs.bsm.dla.mil/RFQ/RFQRec.aspx?sn=SPE7L326T293U,https://www.dibbs.bsm.dla.mil/rfq/rfqrec.aspx?sn=SPE7L326T293U,OVERLAY,16,20260930T155228Z,0001S00000053,CONTRACTOR FIRST ARTIC,C,______,1.0,No | Data | found,,2026-09-30,2026-10-13,OVERLAY,DIBBS|SPE7L326T293U|0001S00000053,First article test line - not a product line
SPE7L326T293U,0001S00000061,SPE7L326T293U,09-30-2026,10-13-2026,2026-09-29 02:56:46,Origin,Origin,None,7018496730,https://dibbs2.bsm.dla.mil/Downloads/RFQ/U/SPE7L326T293U.PDF,https://www.dibbs.bsm.dla.mil/RFQ/RFQRec.aspx?sn=SPE7L326T293U,https://www.dibbs.bsm.dla.mil/rfq/rfqrec.aspx?sn=SPE7L326T293U,OVERLAY,16,20260930T155228Z,0001S00000061,PRODUCTION LOT TESTING,C,______,1.0,No | Data | found,,2026-09-30,2026-10-13,OVERLAY,DIBBS|SPE7L326T293U|0001S00000061,First article test line - not a product line
SPE7L526T5684,0001S00000053,SPE7L526T5684,09-30-2026,10-13-2026,2026-09-29 11:32:09,Origin,Origin,Tech,7017777410,https://dibbs2.bsm.dla.mil/Downloads/RFQ/4/SPE7L526T5684.PDF,https://www.dibbs.bsm.dla.mil/RFQ/RFQRec.aspx?sn=SPE7L526T5684,https://www.dibbs.bsm.dla.mil/rfq/rfqrec.aspx?sn=SPE7L526T5684,OVERLAY,16,20260930T155228Z,0001S00000053,CONTRACTOR FIRST ARTIC,B,______,1.0,"45X75 | FK7707EEE0175AA | DANFOSS POWER SOLUTIONS II, LLC",,2026-09-30,2026-10-13,OVERLAY,DIBBS|SPE7L526T5684|0001S00000053,First article test line - not a product line
SPE4A626T37UQ,0001S00000052,SPE4A626T37UQ,09-30-2026,10-07-2026,2026-09-29 11:32:09,Origin,Origin,None,7017199622,https://dibbs2.bsm.dla.mil/Downloads/RFQ/Q/SPE4A626T37UQ.PDF,https://www.dibbs.bsm.dla.mil/RFQ/RFQRec.aspx?sn=SPE4A626T37UQ,https://www.dibbs.bsm.dla.mil/rfq/rfqrec.aspx?sn=SPE4A626T37UQ,OVERLAY,16,20260930T155228Z,0001S00000052,GOVERNMENT FIRST ARTIC,G,______,1.0,,,2026-09-30,2026-10-07,HOUSING; OVERLAY,DIBBS|SPE4A626T37UQ|0001S00000052,First article test line - not a product line
SPE4A026T5074,0001S00000053,SPE4A026T5074,09-30-2026,10-07-2026,2026-09-29 11:32:09,Origin,Origin,Tech,7018469892,https://dibbs2.bsm.dla.mil/Downloads/RFQ/4/SPE4A026T5074.PDF,https://www.dibbs.bsm.dla.mil/RFQ/RFQRec.aspx?sn=SPE4A026T5074,https://www.dibbs.bsm.dla.mil/rfq/rfqrec.aspx?sn=SPE4A026T5074,OVERLAY,17,20260930T155248Z,0001S00000053,CONTRACTOR FIRST ARTIC,G,______,1.0,,,2026-09-30,2026-10-07,HARNESS; OVERLAY,DIBBS|SPE4A026T5074|0001S00000053,First article test line - not a product line
SPE7MC26T307W,0001S00000053,SPE7MC26T307W,09-30-2026,10-13-2026,2026-09-29 10:51:58,Origin,Origin,Tech,7017780566,https://dibbs2.bsm.dla.mil/Downloads/RFQ/W/SPE7MC26T307W.PDF,https://www.dibbs.bsm.dla.mil/RFQ/RFQRec.aspx?sn=SPE7MC26T307W,https://www.dibbs.bsm.dla.mil/rfq/rfqrec.aspx?sn=SPE7MC26T307W,OVERLAY,17,20260930T155248Z,0001S00000053,CONTRACTOR FIRST ARTIC,G,______,1.0,,,2026-09-30,2026-10-13,OVERLAY; PLATE,DIBBS|SPE7MC26T307W|0001S00000053,First article test line - not a product line
SPE4A626T37TM,0001S00000053,SPE4A626T37TM,09-30-2026,10-07-2026,2026-09-29 10:51:58,Origin,Origin,Tech,7018471256,https://dibbs2.bsm.dla.mil/Downloads/RFQ/M/SPE4A626T37TM.PDF,https://www.dibbs.bsm.dla.mil/RFQ/RFQRec.aspx?sn=SPE4A626T37TM,https://www.dibbs.bsm.dla.mil/rfq/rfqrec.aspx?sn=SPE4A626T37TM,OVERLAY,18,20260930T155307Z,0001S00000053,CONTRACTOR FIRST ARTIC,G,______,1.0,,,2026-09-30,2026-10-07,OVERLAY,DIBBS|SPE4A626T37TM|0001S00000053,First article test line - not a product line
SPE4A626T37TM,0001S00000062,SPE4A626T37TM,09-30-2026,10-07-2026,2026-09-29 10:51:58,Origin,Origin,Tech,7018471256,https://dibbs2.bsm.dla.mil/Downloads/RFQ/M/SPE4A626T37TM.PDF,https://www.dibbs.bsm.dla.mil/RFQ/RFQRec.aspx?sn=SPE4A626T37TM,https://www.dibbs.bsm.dla.mil/rfq/rfqrec.aspx?sn=SPE4A626T37TM,OVERLAY,18,20260930T155307Z,0001S00000062,PRODUCTION LOT TESTING,G,______,1.0,,,2026-09-30,2026-10-07,OVERLAY,DIBBS|SPE4A626T37TM|0001S00000062,First article test line - not a product line
SPE4A526T481R,0001S00000053,SPE4A526T481R,09-30-2026,10-07-2026,2026-09-29 10:03:41,Origin,Origin,Tech,7018502708,https://dibbs2.bsm.dla.mil/Downloads/RFQ/R/SPE4A526T481R.PDF,https://www.dibbs.bsm.dla.mil/RFQ/RFQRec.aspx?sn=SPE4A526T481R,https://www.dibbs.bsm.dla.mil/rfq/rfqrec.aspx?sn=SPE4A526T481R,OVERLAY,18,20260930T155307Z,0001S00000053,CONTRACTOR FIRST ARTIC,G,______,1.0,,,2026-09-30,2026-10-07,OVERLAY,DIBBS|SPE4A526T481R|0001S00000053,First article test line - not a product line
SPE7MC26T307Q,0001S00000053,SPE7MC26T307Q,09-30-2026,10-13-2026,2026-09-29 10:03:41,Origin,Origin,Tech,7018498076,https://dibbs2.bsm.dla.mil/Downloads/RFQ/Q/SPE7MC26T307Q.PDF,https://www.dibbs.bsm.dla.mil/RFQ/RFQRec.aspx?sn=SPE7MC26T307Q,https://www.dibbs.bsm.dla.mil/rfq/rfqrec.aspx?sn=SPE7MC26T307Q,OVERLAY,18,20260930T155307Z,0001S00000053,CONTRACTOR FIRST ARTIC,B,______,1.0,06853 | 279000N | BENDIX COMMERCIAL VEHICLE SYSTEMS L,,2026-09-30,2026-10-13,OVERLAY,DIBBS|SPE7MC26T307Q|0001S00000053,First article test line - not a product line
SPE7M026T104R,0001S00000061,SPE7M026T104R,09-30-2026,10-13-2026,2026-09-29 10:03:41,Origin,Origin,Tech,7018543901,https://dibbs2.bsm.dla.mil/Downloads/RFQ/R/SPE7M026T104R.PDF,https://www.dibbs.bsm.dla.mil/RFQ/RFQRec.aspx?sn=SPE7M026T104R,https://www.dibbs.bsm.dla.mil/rfq/rfqrec.aspx?sn=SPE7M026T104R,OVERLAY,18,20260930T155307Z,0001S00000061,PRODUCTION LOT TESTING,G,______,1.0,,,2026-09-30,2026-10-13,OVERLAY,DIBBS|SPE7M026T104R|0001S00000061,First article test line - not a product line
SPE7M526T541J,0001S00000052,SPE7M526T541J,09-30-2026,10-13-2026,2026-09-29 10:03:41,Origin,Origin,Tech,7013274156,https://dibbs2.bsm.dla.mil/Downloads/RFQ/J/SPE7M526T541J.PDF,https://www.dibbs.bsm.dla.mil/RFQ/RFQRec.aspx?sn=SPE7M526T541J,https://www.dibbs.bsm.dla.mil/rfq/rfqrec.aspx?sn=SPE7M526T541J,OVERLAY,18,20260930T155307Z,0001S00000052,GOVERNMENT FIRST ARTIC,G,______,1.0,,,2026-09-30,2026-10-13,OVERLAY,DIBBS|SPE7M526T541J|0001S00000052,First article test line - not a product line
SPE7M526T541G,0001S00000053,SPE7M526T541G,09-30-2026,10-13-2026,2026-09-29 09:41:30,Origin,Origin,Tech,7018495989,https://dibbs2.bsm.dla.mil/Downloads/RFQ/G/SPE7M526T541G.PDF,https://www.dibbs.bsm.dla.mil/RFQ/RFQRec.aspx?sn=SPE7M526T541G,https://www.dibbs.bsm.dla.mil/rfq/rfqrec.aspx?sn=SPE7M526T541G,OVERLAY,19,20260930T155327Z,0001S00000053,CONTRACTOR FIRST ARTIC,G,______,1.0,,,2026-09-30,2026-10-13,OVERLAY,DIBBS|SPE7M526T541G|0001S00000053,First article test line - not a product line
SPE7M326T9546,0001S00000053,SPE7M326T9546,09-30-2026,10-13-2026,2026-09-29 08:38:57,Origin,Origin,Tech,7018389632,https://dibbs2.bsm.dla.mil/Downloads/RFQ/6/SPE7M326T9546.PDF,https://www.dibbs.bsm.dla.mil/RFQ/RFQRec.aspx?sn=SPE7M326T9546,https://www.dibbs.bsm.dla.mil/rfq/rfqrec.aspx?sn=SPE7M326T9546,OVERLAY,19,20260930T155327Z,0001S00000053,CONTRACTOR FIRST ARTIC,C,______,1.0,00624 | AE80109E | EATON AEROQUIP LLC,,2026-09-30,2026-10-13,OVERLAY,DIBBS|SPE7M326T9546|0001S00000053,First article test line - not a product line
SPE7M326T9546,0001S00000062,SPE7M326T9546,09-30-2026,10-13-2026,2026-09-29 08:38:57,Origin,Origin,Tech,7018389632,https://dibbs2.bsm.dla.mil/Downloads/RFQ/6/SPE7M326T9546.PDF,https://www.dibbs.bsm.dla.mil/RFQ/RFQRec.aspx?sn=SPE7M326T9546,https://www.dibbs.bsm.dla.mil/rfq/rfqrec.aspx?sn=SPE7M326T9546,OVERLAY,19,20260930T155327Z,0001S00000062,PRODUCTION LOT TESTING,C,______,1.0,00624 | AE80109E | EATON AEROQUIP LLC,,2026-09-30,2026-10-13,OVERLAY,DIBBS|SPE7M326T9546|0001S00000062,First article test line - not a product line
SPE7M526T541C,0001S00000052,SPE7M526T541C,09-30-2026,10-13-2026,2026-09-29 08:38:57,Origin,Destination,Tech,7018497706,https://dibbs2.bsm.dla.mil/Downloads/RFQ/C/SPE7M526T541C.PDF,https://www.dibbs.bsm.dla.mil/RFQ/RFQRec.aspx?sn=SPE7M526T541C,https://www.dibbs.bsm.dla.mil/rfq/rfqrec.aspx?sn=SPE7M526T541C,OVERLAY,19,20260930T155327Z,0001S00000052,GOVERNMENT FIRST ARTIC,G,______,1.0,,,2026-09-30,2026-10-13,OVERLAY,DIBBS|SPE7M526T541C|0001S00000052,First article test line - not a product line
SPE4A126T2966,0001S00000052,SPE4A126T2966,09-30-2026,10-07-2026,2026-09-29 08:38:57,Origin,Origin,Tech,7017487265,https://dibbs2.bsm.dla.mil/Downloads/RFQ/6/SPE4A126T2966.PDF,https://www.dibbs.bsm.dla.mil/RFQ/RFQRec.aspx?sn=SPE4A126T2966,https://www.dibbs.bsm.dla.mil/rfq/rfqrec.aspx?sn=SPE4A126T2966,OVERLAY,19,20260930T155327Z,0001S00000052,GOVERNMENT FIRST ARTIC,G,______,1.0,,,2026-09-30,2026-10-07,OVERLAY,DIBBS|SPE4A126T2966|0001S00000052,First article test line - not a product line
SPE4A626T37SM,0001S00000052,SPE4A626T37SM,09-30-2026,10-07-2026,2026-09-29 06:33:33,Origin,Origin,Tech,7018488634,https://dibbs2.bsm.dla.mil/Downloads/RFQ/M/SPE4A626T37SM.PDF,https://www.dibbs.bsm.dla.mil/RFQ/RFQRec.aspx?sn=SPE4A626T37SM,https://www.dibbs.bsm.dla.mil/rfq/rfqrec.aspx?sn=SPE4A626T37SM,OVERLAY,20,20260930T155346Z,0001S00000052,GOVERNMENT FIRST ARTIC,C,______,1.0,"27238 | SS5086C06S | BRISTOL INDUSTRIES, LLC",,2026-09-30,2026-10-07,OVERLAY; PLATE,DIBBS|SPE4A626T37SM|0001S00000052,First article test line - not a product line
SPE4A626T37SM,0001S00000061,SPE4A626T37SM,09-30-2026,10-07-2026,2026-09-29 06:33:33,Origin,Origin,Tech,7018488634,https://dibbs2.bsm.dla.mil/Downloads/RFQ/M/SPE4A626T37SM.PDF,https://www.dibbs.bsm.dla.mil/RFQ/RFQRec.aspx?sn=SPE4A626T37SM,https://www.dibbs.bsm.dla.mil/rfq/rfqrec.aspx?sn=SPE4A626T37SM,OVERLAY,20,20260930T155346Z,0001S00000061,PRODUCTION LOT TESTING,C,______,1.0,"27238 | SS5086C06S | BRISTOL INDUSTRIES, LLC",,2026-09-30,2026-10-07,OVERLAY; PLATE,DIBBS|SPE4A626T37SM|0001S00000061,First article test line - not a product line
SPE4A626T37SN,0001S00000052,SPE4A626T37SN,09-30-2026,10-07-2026,2026-09-29 06:33:33,Origin,Origin,Tech,7018488635,https://dibbs2.bsm.dla.mil/Downloads/RFQ/N/SPE4A626T37SN.PDF,https://www.dibbs.bsm.dla.mil/RFQ/RFQRec.aspx?sn=SPE4A626T37SN,https://www.dibbs.bsm.dla.mil/rfq/rfqrec.aspx?sn=SPE4A626T37SN,OVERLAY,20,20260930T155346Z,0001S00000052,GOVERNMENT FIRST ARTIC,C,______,1.0,"27238 | SS5086C06S | BRISTOL INDUSTRIES, LLC",,2026-09-30,2026-10-07,MARKING; OVERLAY; PLATE,DIBBS|SPE4A626T37SN|0001S00000052,First article test line - not a product line
SPE4A626T37SN,0001S00000061,SPE4A626T37SN,09-30-2026,10-07-2026,2026-09-29 06:33:33,Origin,Origin,Tech,7018488635,https://dibbs2.bsm.dla.mil/Downloads/RFQ/N/SPE4A626T37SN.PDF,https://www.dibbs.bsm.dla.mil/RFQ/RFQRec.aspx?sn=SPE4A626T37SN,https://www.dibbs.bsm.dla.mil/rfq/rfqrec.aspx?sn=SPE4A626T37SN,OVERLAY,20,20260930T155346Z,0001S00000061,PRODUCTION LOT TESTING,C,______,1.0,"27238 | SS5086C06S | BRISTOL INDUSTRIES, LLC",,2026-09-30,2026-10-07,MARKING; OVERLAY; PLATE,DIBBS|SPE4A626T37SN|0001S00000061,First article test line - not a product line
SPE4A626T37SP,0001S00000052,SPE4A626T37SP,09-30-2026,10-07-2026,2026-09-29 06:33:33,Origin,Origin,Tech,7018492101,https://dibbs2.bsm.dla.mil/Downloads/RFQ/P/SPE4A626T37SP.PDF,https://www.dibbs.bsm.dla.mil/RFQ/RFQRec.aspx?sn=SPE4A626T37SP,https://www.dibbs.bsm.dla.mil/rfq/rfqrec.aspx?sn=SPE4A626T37SP,OVERLAY,20,20260930T155346Z,0001S00000052,GOVERNMENT FIRST ARTIC,C,______,1.0,"27238 | SS5086C06S | BRISTOL INDUSTRIES, LLC",,2026-09-30,2026-10-07,MARKING; OVERLAY; PLATE,DIBBS|SPE4A626T37SP|0001S00000052,First article test line - not a product line
SPE4A626T37SP,0001S00000061,SPE4A626T37SP,09-30-2026,10-07-2026,2026-09-29 06:33:33,Origin,Origin,Tech,7018492101,https://dibbs2.bsm.dla.mil/Downloads/RFQ/P/SPE4A626T37SP.PDF,https://www.dibbs.bsm.dla.mil/RFQ/RFQRec.aspx?sn=SPE4A626T37SP,https://www.dibbs.bsm.dla.mil/rfq/rfqrec.aspx?sn=SPE4A626T37SP,OVERLAY,20,20260930T155346Z,0001S00000061,PRODUCTION LOT TESTING,C,______,1.0,"27238 | SS5086C06S | BRISTOL INDUSTRIES, LLC",,2026-09-30,2026-10-07,MARKING; OVERLAY; PLATE,DIBBS|SPE4A626T37SP|0001S00000061,First article test line - not a product line
SPE4A626T37SQ,0001S00000052,SPE4A626T37SQ,09-30-2026,10-07-2026,2026-09-29 06:33:33,Origin,Origin,Tech,7018488633,https://dibbs2.bsm.dla.mil/Downloads/RFQ/Q/SPE4A626T37SQ.PDF,https://www.dibbs.bsm.dla.mil/RFQ/RFQRec.aspx?sn=SPE4A626T37SQ,https://www.dibbs.bsm.dla.mil/rfq/rfqrec.aspx?sn=SPE4A626T37SQ,OVERLAY,20,20260930T155346Z,0001S00000052,GOVERNMENT FIRST ARTIC,C,______,1.0,"27238 | SS5086C06S | BRISTOL INDUSTRIES, LLC",,2026-09-30,2026-10-07,MARKING; OVERLAY; PLATE,DIBBS|SPE4A626T37SQ|0001S00000052,First article test line - not a product line
SPE4A626T37SQ,0001S00000061,SPE4A626T37SQ,09-30-2026,10-07-2026,2026-09-29 06:33:33,Origin,Origin,Tech,7018488633,https://dibbs2.bsm.dla.mil/Downloads/RFQ/Q/SPE4A626T37SQ.PDF,https://www.dibbs.bsm.dla.mil/RFQ/RFQRec.aspx?sn=SPE4A626T37SQ,https://www.dibbs.bsm.dla.mil/rfq/rfqrec.aspx?sn=SPE4A626T37SQ,OVERLAY,20,20260930T155346Z,0001S00000061,PRODUCTION LOT TESTING,C,______,1.0,"27238 | SS5086C06S | BRISTOL INDUSTRIES, LLC",,2026-09-30,2026-10-07,MARKING; OVERLAY; PLATE,DIBBS|SPE4A626T37SQ|0001S00000061,First article test line - not a product line
SPE4A526T481A,0001S00000053,SPE4A526T481A,09-29-2026,10-06-2026,2026-09-28 05:05:10,Destination,Origin,None,7018487332,https://dibbs2.bsm.dla.mil/Downloads/RFQ/A/SPE4A526T481A.PDF,https://www.dibbs.bsm.dla.mil/RFQ/RFQRec.aspx?sn=SPE4A526T481A,https://www.dibbs.bsm.dla.mil/rfq/rfqrec.aspx?sn=SPE4A526T481A,DIAL,1,20260930T155356Z,0001S00000053,CONTRACTOR FIRST ARTIC,G,______,1.0,,,2026-09-29,2026-10-06,DIAL,DIBBS|SPE4A526T481A|0001S00000053,First article test line - not a product line
SPE4A726T795H,0001S00000053,SPE4A726T795H,09-25-2026,10-02-2026,2026-09-24 06:52:53,Origin,Origin,None,7018458687,https://dibbs2.bsm.dla.mil/Downloads/RFQ/H/SPE4A726T795H.PDF,https://www.dibbs.bsm.dla.mil/RFQ/RFQRec.aspx?sn=SPE4A726T795H,https://www.dibbs.bsm.dla.mil/rfq/rfqrec.aspx?sn=SPE4A726T795H,DIAL,1,20260930T155356Z,0001S00000053,CONTRACTOR FIRST ARTIC,G,______,1.0,,,2026-09-25,2026-10-02,DIAL,DIBBS|SPE4A726T795H|0001S00000053,First article test line - not a product line
SPE4A526T475G,0001S00000053,SPE4A526T475G,09-25-2026,10-02-2026,2026-09-24 12:30:29,Origin,Origin,None,7018458878,https://dibbs2.bsm.dla.mil/Downloads/RFQ/G/SPE4A526T475G.PDF,https://www.dibbs.bsm.dla.mil/RFQ/RFQRec.aspx?sn=SPE4A526T475G,https://www.dibbs.bsm.dla.mil/rfq/rfqrec.aspx?sn=SPE4A526T475G,DIAL,1,20260930T155356Z,0001S00000053,CONTRACTOR FIRST ARTIC,G,______,1.0,,,2026-09-25,2026-10-02,DIAL,DIBBS|SPE4A526T475G|0001S00000053,First article test line - not a product line
SPE4A526T469W,0001S00000053,SPE4A526T469W,09-23-2026,09-30-2026,2026-09-22 11:42:51,Origin,Origin,None,7018458567,https://dibbs2.bsm.dla.mil/Downloads/RFQ/W/SPE4A526T469W.PDF,https://www.dibbs.bsm.dla.mil/RFQ/RFQRec.aspx?sn=SPE4A526T469W,https://www.dibbs.bsm.dla.mil/rfq/rfqrec.aspx?sn=SPE4A526T469W,DIAL,1,20260930T155356Z,0001S00000053,CONTRACTOR FIRST ARTIC,G,______,1.0,,,2026-09-23,2026-09-30,DIAL,DIBBS|SPE4A526T469W|0001S00000053,First article test line - not a product line
SPE4A626T35HB,0001S00000052,SPE4A626T35HB,09-23-2026,09-30-2026,2026-09-22 03:47:56,Origin,Origin,None,7018458793,https://dibbs2.bsm.dla.mil/Downloads/RFQ/B/SPE4A626T35HB.PDF,https://www.dibbs.bsm.dla.mil/RFQ/RFQRec.aspx?sn=SPE4A626T35HB,https://www.dibbs.bsm.dla.mil/rfq/rfqrec.aspx?sn=SPE4A626T35HB,DIAL,1,20260930T155356Z,0001S00000052,GOVERNMENT FIRST ARTIC,G,______,1.0,,,2026-09-23,2026-09-30,DIAL,DIBBS|SPE4A626T35HB|0001S00000052,First article test line - not a product line
SPE4A726T784H,0001S00000053,SPE4A726T784H,09-23-2026,09-30-2026,2026-09-22 03:47:56,Origin,Origin,Tech,7018458081,https://dibbs2.bsm.dla.mil/Downloads/RFQ/H/SPE4A726T784H.PDF,https://www.dibbs.bsm.dla.mil/RFQ/RFQRec.aspx?sn=SPE4A726T784H,https://www.dibbs.bsm.dla.mil/rfq/rfqrec.aspx?sn=SPE4A726T784H,DIAL,1,20260930T155356Z,0001S00000053,CONTRACTOR FIRST ARTIC,G,______,1.0,,,2026-09-23,2026-09-30,DIAL,DIBBS|SPE4A726T784H|0001S00000053,First article test line - not a product line
SPE4A526T466F,0001S00000053,SPE4A526T466F,09-23-2026,09-30-2026,2026-09-22 03:47:56,Origin,Origin,None,7018458879,https://dibbs2.bsm.dla.mil/Downloads/RFQ/F/SPE4A526T466F.PDF,https://www.dibbs.bsm.dla.mil/RFQ/RFQRec.aspx?sn=SPE4A526T466F,https://www.dibbs.bsm.dla.mil/rfq/rfqrec.aspx?sn=SPE4A526T466F,DIAL,1,20260930T155356Z,0001S00000053,CONTRACTOR FIRST ARTIC,G,______,1.0,,,2026-09-23,2026-09-30,DIAL,DIBBS|SPE4A526T466F|0001S00000053,First article test line - not a product line
SPE4A626T34YU,0001S00000053,SPE4A626T34YU,09-23-2026,09-30-2026,2026-09-22 03:06:59,Origin,Origin,None,7018458230,https://dibbs2.bsm.dla.mil/Downloads/RFQ/U/SPE4A626T34YU.PDF,https://www.dibbs.bsm.dla.mil/RFQ/RFQRec.aspx?sn=SPE4A626T34YU,https://www.dibbs.bsm.dla.mil/rfq/rfqrec.aspx?sn=SPE4A626T34YU,DIAL,1,20260930T155356Z,0001S00000053,CONTRACTOR FIRST ARTIC,G,______,1.0,,,2026-09-23,2026-09-30,DIAL,DIBBS|SPE4A626T34YU|0001S00000053,First article test line - not a product line
SPE4A626T31BG,0001S00000053,SPE4A626T31BG,09-17-2026,09-24-2026,2026-09-16 09:49:21,Origin,Origin,None,7018380355,https://dibbs2.bsm.dla.mil/Downloads/RFQ/G/SPE4A626T31BG.PDF,https://www.dibbs.bsm.dla.mil/RFQ/RFQRec.aspx?sn=SPE4A626T31BG,https://www.dibbs.bsm.dla.mil/rfq/rfqrec.aspx?sn=SPE4A626T31BG,DIAL,1,20260930T155356Z,0001S00000053,CONTRACTOR FIRST ARTIC,G,______,1.0,,,2026-09-17,2026-09-24,DIAL,DIBBS|SPE4A626T31BG|0001S00000053,First article test line - not a product line
SPE4A626T31CF,0001S00000053,SPE4A626T31CF,09-17-2026,09-24-2026,2026-09-16 09:49:21,Origin,Origin,None,7018378046,https://dibbs2.bsm.dla.mil/Downloads/RFQ/F/SPE4A626T31CF.PDF,https://www.dibbs.bsm.dla.mil/RFQ/RFQRec.aspx?sn=SPE4A626T31CF,https://www.dibbs.bsm.dla.mil/rfq/rfqrec.aspx?sn=SPE4A626T31CF,DIAL,1,20260930T155356Z,0001S00000053,CONTRACTOR FIRST ARTIC,G,______,1.0,,,2026-09-17,2026-09-24,DIAL,DIBBS|SPE4A626T31CF|0001S00000053,First article test line - not a product line
SPE4A626T30XY,0001S00000053,SPE4A626T30XY,09-17-2026,09-24-2026,2026-09-16 05:29:45,Origin,Origin,None,7018378873,https://dibbs2.bsm.dla.mil/Downloads/RFQ/Y/SPE4A626T30XY.PDF,https://www.dibbs.bsm.dla.mil/RFQ/RFQRec.aspx?sn=SPE4A626T30XY,https://www.dibbs.bsm.dla.mil/rfq/rfqrec.aspx?sn=SPE4A626T30XY,DIAL,1,20260930T155356Z,0001S00000053,CONTRACTOR FIRST ARTIC,G,______,1.0,,,2026-09-17,2026-09-24,DIAL,DIBBS|SPE4A626T30XY|0001S00000053,First article test line - not a product line
SPE7L326T254Q,0001S00000053,SPE7L326T254Q,09-16-2026,09-28-2026,2026-09-15 02:20:23,Origin,Origin,Tech,7018068861,https://dibbs2.bsm.dla.mil/Downloads/RFQ/Q/SPE7L326T254Q.PDF,https://www.dibbs.bsm.dla.mil/RFQ/RFQRec.aspx?sn=SPE7L326T254Q,https://www.dibbs.bsm.dla.mil/rfq/rfqrec.aspx?sn=SPE7L326T254Q,DIAL,1,20260930T155356Z,0001S00000053,CONTRACTOR FIRST ARTIC,G,______,1.0,,,2026-09-16,2026-09-28,DIAL,DIBBS|SPE7L326T254Q|0001S00000053,First article test line - not a product line
SPE4A526T428D,0001S00000061,SPE4A526T428D,09-16-2026,09-23-2026,2026-09-15 03:50:49,Origin,Origin,Tech,7018342191,https://dibbs2.bsm.dla.mil/Downloads/RFQ/D/SPE4A526T428D.PDF,https://www.dibbs.bsm.dla.mil/RFQ/RFQRec.aspx?sn=SPE4A526T428D,https://www.dibbs.bsm.dla.mil/rfq/rfqrec.aspx?sn=SPE4A526T428D,DIAL,1,20260930T155356Z,0001S00000061,PRODUCTION LOT TESTING,C,______,1.0,"1V4T7 | 164422 | DREAMFIND, INC.",,2026-09-16,2026-09-23,DIAL,DIBBS|SPE4A526T428D|0001S00000061,First article test line - not a product line
SPE4A526T428B,0001S00000053,SPE4A526T428B,09-16-2026,09-23-2026,2026-09-15 03:50:49,Origin,Origin,Tech,7018342172,https://dibbs2.bsm.dla.mil/Downloads/RFQ/B/SPE4A526T428B.PDF,https://www.dibbs.bsm.dla.mil/RFQ/RFQRec.aspx?sn=SPE4A526T428B,https://www.dibbs.bsm.dla.mil/rfq/rfqrec.aspx?sn=SPE4A526T428B,DIAL,1,20260930T155356Z,0001S00000053,CONTRACTOR FIRST ARTIC,G,______,1.0,,,2026-09-16,2026-09-23,DIAL,DIBBS|SPE4A526T428B|0001S00000053,First article test line - not a product line
SPE4A726T739W,0001S00000053,SPE4A726T739W,09-16-2026,09-23-2026,2026-09-15 03:13:46,Origin,Origin,None,7018342911,https://dibbs2.bsm.dla.mil/Downloads/RFQ/W/SPE4A726T739W.PDF,https://www.dibbs.bsm.dla.mil/RFQ/RFQRec.aspx?sn=SPE4A726T739W,https://www.dibbs.bsm.dla.mil/rfq/rfqrec.aspx?sn=SPE4A726T739W,DIAL,1,20260930T155356Z,0001S00000053,CONTRACTOR FIRST ARTIC,G,______,1.0,,,2026-09-16,2026-09-23,DIAL,DIBBS|SPE4A726T739W|0001S00000053,First article test line - not a product line
SPE4A526T425K,0001S00000053,SPE4A526T425K,09-15-2026,09-22-2026,2026-09-14 07:06:57,Origin,Origin,None,7018336022,https://dibbs2.bsm.dla.mil/Downloads/RFQ/K/SPE4A526T425K.PDF,https://www.dibbs.bsm.dla.mil/RFQ/RFQRec.aspx?sn=SPE4A526T425K,https://www.dibbs.bsm.dla.mil/rfq/rfqrec.aspx?sn=SPE4A526T425K,DIAL,1,20260930T155356Z,0001S00000053,CONTRACTOR FIRST ARTIC,G,______,1.0,,,2026-09-15,2026-09-22,DIAL,DIBBS|SPE4A526T425K|0001S00000053,First article test line - not a product line
SPE4A626T29MM,0001S00000053,SPE4A626T29MM,09-15-2026,09-22-2026,2026-09-14 03:36:17,Destination,Origin,None,7018121780,https://dibbs2.bsm.dla.mil/Downloads/RFQ/M/SPE4A626T29MM.PDF,https://www.dibbs.bsm.dla.mil/RFQ/RFQRec.aspx?sn=SPE4A626T29MM,https://www.dibbs.bsm.dla.mil/rfq/rfqrec.aspx?sn=SPE4A626T29MM,DIAL,1,20260930T155356Z,0001S00000053,CONTRACTOR FIRST ARTIC,G,______,1.0,,,2026-09-15,2026-09-22,DIAL,DIBBS|SPE4A626T29MM|0001S00000053,First article test line - not a product line
SPE4A526T417E,0001S00000053,SPE4A526T417E,09-10-2026,09-17-2026,2026-09-09 12:07:58,Origin,Origin,None,7018247810,https://dibbs2.bsm.dla.mil/Downloads/RFQ/E/SPE4A526T417E.PDF,https://www.dibbs.bsm.dla.mil/RFQ/RFQRec.aspx?sn=SPE4A526T417E,https://www.dibbs.bsm.dla.mil/rfq/rfqrec.aspx?sn=SPE4A526T417E,DIAL,1,20260930T155356Z,0001S00000053,CONTRACTOR FIRST ARTIC,G,______,1.0,,,2026-09-10,2026-09-17,DIAL,DIBBS|SPE4A526T417E|0001S00000053,First article test line - not a product line
SPE4A626T27LG,0001S00000053,SPE4A626T27LG,09-10-2026,09-17-2026,2026-09-09 03:19:40,Origin,Origin,None,7018248690,https://dibbs2.bsm.dla.mil/Downloads/RFQ/G/SPE4A626T27LG.PDF,https://www.dibbs.bsm.dla.mil/RFQ/RFQRec.aspx?sn=SPE4A626T27LG,https://www.dibbs.bsm.dla.mil/rfq/rfqrec.aspx?sn=SPE4A626T27LG,DIAL,1,20260930T155356Z,0001S00000053,CONTRACTOR FIRST ARTIC,G,______,1.0,,,2026-09-10,2026-09-17,DIAL,DIBBS|SPE4A626T27LG|0001S00000053,First article test line - not a product line
SPE4A026T4664,0001S00000053,SPE4A026T4664,09-04-2026,09-11-2026,2026-09-03 08:32:45,Origin,Origin,None,7017727153; 7017800024,https://dibbs2.bsm.dla.mil/Downloads/RFQ/4/SPE4A026T4664.PDF,https://www.dibbs.bsm.dla.mil/RFQ/RFQRec.aspx?sn=SPE4A026T4664,https://www.dibbs.bsm.dla.mil/rfq/rfqrec.aspx?sn=SPE4A026T4664,DIAL,1,20260930T155356Z,0001S00000053,CONTRACTOR FIRST ARTIC,G,______,1.0,,,2026-09-04,2026-09-11,DIAL,DIBBS|SPE4A026T4664|0001S00000053,First article test line - not a product line
SPE4A626T24ZK,0001S00000053,SPE4A626T24ZK,09-01-2026,09-08-2026,2026-08-31 08:42:30,Origin,Origin,None,7018067850,https://dibbs2.bsm.dla.mil/Downloads/RFQ/K/SPE4A626T24ZK.PDF,https://www.dibbs.bsm.dla.mil/RFQ/RFQRec.aspx?sn=SPE4A626T24ZK,https://www.dibbs.bsm.dla.mil/rfq/rfqrec.aspx?sn=SPE4A626T24ZK,DIAL,1,20260930T155356Z,0001S00000053,CONTRACTOR FIRST ARTIC,G,______,1.0,,,2026-09-01,2026-09-08,DIAL,DIBBS|SPE4A626T24ZK|0001S00000053,First article test line - not a product line
SPE4A626T24XF,0001S00000053,SPE4A626T24XF,08-31-2026,09-08-2026,2026-08-30 03:26:26,Origin,Origin,None,7017939681,https://dibbs2.bsm.dla.mil/Downloads/RFQ/F/SPE4A626T24XF.PDF,https://www.dibbs.bsm.dla.mil/RFQ/RFQRec.aspx?sn=SPE4A626T24XF,https://www.dibbs.bsm.dla.mil/rfq/rfqrec.aspx?sn=SPE4A626T24XF,DIAL,2,20260930T155413Z,0001S00000053,CONTRACTOR FIRST ARTIC,G,______,1.0,,,2026-08-31,2026-09-08,DIAL,DIBBS|SPE4A626T24XF|0001S00000053,First article test line - not a product line
SPE4A526T389M,0001S00000053,SPE4A526T389M,08-27-2026,09-03-2026,2026-08-26 09:10:07,Origin,Destination,None,7012345664,https://dibbs2.bsm.dla.mil/Downloads/RFQ/M/SPE4A526T389M.PDF,https://www.dibbs.bsm.dla.mil/RFQ/RFQRec.aspx?sn=SPE4A526T389M,https://www.dibbs.bsm.dla.mil/rfq/rfqrec.aspx?sn=SPE4A526T389M,DIAL,2,20260930T155413Z,0001S00000053,CONTRACTOR FIRST ARTIC,G,______,1.0,,,2026-08-27,2026-09-03,DIAL,DIBBS|SPE4A526T389M|0001S00000053,First article test line - not a product line
SPE4A525T776T,0001S00000052,SPE4A525T776T,09-19-2025,09-26-2025,2026-08-21 02:41:27,Origin,Origin,Tech,7013609159,https://dibbs2.bsm.dla.mil/Downloads/RFQ/T/SPE4A525T776T.PDF,https://www.dibbs.bsm.dla.mil/RFQ/RFQRec.aspx?sn=SPE4A525T776T,https://www.dibbs.bsm.dla.mil/rfq/rfqrec.aspx?sn=SPE4A525T776T,DIAL,2,20260930T155413Z,0001S00000052,GOVERNMENT FIRST ARTIC,G,______,1.0,,,2025-09-19,2025-09-26,DIAL,DIBBS|SPE4A525T776T|0001S00000052,First article test line - not a product line
SPE4A626T19JA,0001S00000053,SPE4A626T19JA,08-19-2026,08-26-2026,2026-08-21 02:41:27,Origin,Origin,None,7017940751,https://dibbs2.bsm.dla.mil/Downloads/RFQ/A/SPE4A626T19JA.PDF,https://www.dibbs.bsm.dla.mil/RFQ/RFQRec.aspx?sn=SPE4A626T19JA,https://www.dibbs.bsm.dla.mil/rfq/rfqrec.aspx?sn=SPE4A626T19JA,DIAL,2,20260930T155413Z,0001S00000053,CONTRACTOR FIRST ARTIC,G,______,1.0,,,2026-08-19,2026-08-26,DIAL,DIBBS|SPE4A626T19JA|0001S00000053,First article test line - not a product line
SPE4A726T587M,0001S00000053,SPE4A726T587M,07-22-2026,07-29-2026,2026-08-21 02:41:27,Origin,Origin,None,7017486304,https://dibbs2.bsm.dla.mil/Downloads/RFQ/M/SPE4A726T587M.PDF,https://www.dibbs.bsm.dla.mil/RFQ/RFQRec.aspx?sn=SPE4A726T587M,https://www.dibbs.bsm.dla.mil/rfq/rfqrec.aspx?sn=SPE4A726T587M,DIAL,2,20260930T155413Z,0001S00000053,CONTRACTOR FIRST ARTIC,G,______,1.0,,,2026-07-22,2026-07-29,DIAL,DIBBS|SPE4A726T587M|0001S00000053,First article test line - not a product line
SPE4A526T6109,0001S00000052,SPE4A526T6109,12-30-2025,01-06-2026,2026-08-21 02:41:27,Origin,Origin,Tech,7014728453,https://dibbs2.bsm.dla.mil/Downloads/RFQ/9/SPE4A526T6109.PDF,https://www.dibbs.bsm.dla.mil/RFQ/RFQRec.aspx?sn=SPE4A526T6109,https://www.dibbs.bsm.dla.mil/rfq/rfqrec.aspx?sn=SPE4A526T6109,DIAL,2,20260930T155413Z,0001S00000052,GOVERNMENT FIRST ARTIC,G,______,1.0,,,2025-12-30,2026-01-06,DIAL,DIBBS|SPE4A526T6109|0001S00000052,First article test line - not a product line
SPE4A526T345G,0001S00000053,SPE4A526T345G,08-12-2026,08-19-2026,2026-08-21 02:41:27,Origin,Origin,Tech,7017837595,https://dibbs2.bsm.dla.mil/Downloads/RFQ/G/SPE4A526T345G.PDF,https://www.dibbs.bsm.dla.mil/RFQ/RFQRec.aspx?sn=SPE4A526T345G,https://www.dibbs.bsm.dla.mil/rfq/rfqrec.aspx?sn=SPE4A526T345G,DIAL,2,20260930T155413Z,0001S00000053,CONTRACTOR FIRST ARTIC,G,______,1.0,,,2026-08-12,2026-08-19,DIAL,DIBBS|SPE4A526T345G|0001S00000053,First article test line - not a product line
SPE4A626T94R5,0001S00000053,SPE4A626T94R5,06-17-2026,06-24-2026,2026-08-21 02:41:27,Origin,Origin,None,7017200559,https://dibbs2.bsm.dla.mil/Downloads/RFQ/5/SPE4A626T94R5.PDF,https://www.dibbs.bsm.dla.mil/RFQ/RFQRec.aspx?sn=SPE4A626T94R5,https://www.dibbs.bsm.dla.mil/rfq/rfqrec.aspx?sn=SPE4A626T94R5,DIAL,2,20260930T155413Z,0001S00000053,CONTRACTOR FIRST ARTIC,G,______,1.0,,,2026-06-17,2026-06-24,DIAL,DIBBS|SPE4A626T94R5|0001S00000053,First article test line - not a product line
SPE4A626T85X3,0001S00000053,SPE4A626T85X3,06-10-2026,06-17-2026,2026-08-21 02:41:27,Origin,Origin,None,7017109386,https://dibbs2.bsm.dla.mil/Downloads/RFQ/3/SPE4A626T85X3.PDF,https://www.dibbs.bsm.dla.mil/RFQ/RFQRec.aspx?sn=SPE4A626T85X3,https://www.dibbs.bsm.dla.mil/rfq/rfqrec.aspx?sn=SPE4A626T85X3,DIAL,2,20260930T155413Z,0001S00000053,CONTRACTOR FIRST ARTIC,G,______,1.0,,,2026-06-10,2026-06-17,DIAL,DIBBS|SPE4A626T85X3|0001S00000053,First article test line - not a product line
SPE4A026T4157,0001S00000053,SPE4A026T4157,08-05-2026,08-12-2026,2026-08-21 02:41:27,Origin,Origin,None,7017688194,https://dibbs2.bsm.dla.mil/Downloads/RFQ/7/SPE4A026T4157.PDF,https://www.dibbs.bsm.dla.mil/RFQ/RFQRec.aspx?sn=SPE4A026T4157,https://www.dibbs.bsm.dla.mil/rfq/rfqrec.aspx?sn=SPE4A026T4157,DIAL,2,20260930T155413Z,0001S00000053,CONTRACTOR FIRST ARTIC,G,______,1.0,,,2026-08-05,2026-08-12,DIAL,DIBBS|SPE4A026T4157|0001S00000053,First article test line - not a product line
SPE4A626T14NX,0001S00000053,SPE4A626T14NX,08-10-2026,08-17-2026,2026-08-21 02:41:27,Origin,Origin,None,7017486954,https://dibbs2.bsm.dla.mil/Downloads/RFQ/X/SPE4A626T14NX.PDF,https://www.dibbs.bsm.dla.mil/RFQ/RFQRec.aspx?sn=SPE4A626T14NX,https://www.dibbs.bsm.dla.mil/rfq/rfqrec.aspx?sn=SPE4A626T14NX,DIAL,2,20260930T155413Z,0001S00000053,CONTRACTOR FIRST ARTIC,G,______,1.0,,,2026-08-10,2026-08-17,DIAL,DIBBS|SPE4A626T14NX|0001S00000053,First article test line - not a product line
SPE4A526T284Q,0001S00000053,SPE4A526T284Q,07-13-2026,07-20-2026,2026-08-21 02:41:27,Destination,Origin,None,7017413496,https://dibbs2.bsm.dla.mil/Downloads/RFQ/Q/SPE4A526T284Q.PDF,https://www.dibbs.bsm.dla.mil/RFQ/RFQRec.aspx?sn=SPE4A526T284Q,https://www.dibbs.bsm.dla.mil/rfq/rfqrec.aspx?sn=SPE4A526T284Q,DIAL,2,20260930T155413Z,0001S00000053,CONTRACTOR FIRST ARTIC,G,______,1.0,,,2026-07-13,2026-07-20,DIAL,DIBBS|SPE4A526T284Q|0001S00000053,First article test line - not a product line
SPE4A526T058G,0001S00000053,SPE4A526T058G,04-10-2026,04-17-2026,2026-08-21 02:41:27,Origin,Origin,Tech,7016226715,https://dibbs2.bsm.dla.mil/Downloads/RFQ/G/SPE4A526T058G.PDF,https://www.dibbs.bsm.dla.mil/RFQ/RFQRec.aspx?sn=SPE4A526T058G,https://www.dibbs.bsm.dla.mil/rfq/rfqrec.aspx?sn=SPE4A526T058G,DIAL,2,20260930T155413Z,0001S00000053,CONTRACTOR FIRST ARTIC,G,______,1.0,,,2026-04-10,2026-04-17,DIAL,DIBBS|SPE4A526T058G|0001S00000053,First article test line - not a product line
SPE4A526T003R,0001S00000053,SPE4A526T003R,03-18-2026,03-25-2026,2026-08-21 02:41:27,Origin,Origin,None,7015954660,https://dibbs2.bsm.dla.mil/Downloads/RFQ/R/SPE4A526T003R.PDF,https://www.dibbs.bsm.dla.mil/RFQ/RFQRec.aspx?sn=SPE4A526T003R,https://www.dibbs.bsm.dla.mil/rfq/rfqrec.aspx?sn=SPE4A526T003R,DIAL,2,20260930T155413Z,0001S00000053,CONTRACTOR FIRST ARTIC,G,______,1.0,,,2026-03-18,2026-03-25,DIAL,DIBBS|SPE4A526T003R|0001S00000053,First article test line - not a product line
SPE4A525T743U,0001S00000053,SPE4A525T743U,09-10-2025,09-17-2025,2026-08-21 02:41:27,Origin,Origin,None,7013721652,https://dibbs2.bsm.dla.mil/Downloads/RFQ/U/SPE4A525T743U.PDF,https://www.dibbs.bsm.dla.mil/RFQ/RFQRec.aspx?sn=SPE4A525T743U,https://www.dibbs.bsm.dla.mil/rfq/rfqrec.aspx?sn=SPE4A525T743U,DIAL,2,20260930T155413Z,0001S00000053,CONTRACTOR FIRST ARTIC,G,______,1.0,,,2025-09-10,2025-09-17,DIAL,DIBBS|SPE4A525T743U|0001S00000053,First article test line - not a product line
SPE4A626T554N,0001S00000053,SPE4A626T554N,01-23-2026,01-30-2026,2026-08-21 02:41:27,Origin,Origin,None,7015246032,https://dibbs2.bsm.dla.mil/Downloads/RFQ/N/SPE4A626T554N.PDF,https://www.dibbs.bsm.dla.mil/RFQ/RFQRec.aspx?sn=SPE4A626T554N,https://www.dibbs.bsm.dla.mil/rfq/rfqrec.aspx?sn=SPE4A626T554N,DIAL,2,20260930T155413Z,0001S00000053,CONTRACTOR FIRST ARTIC,C,______,1.0,03WY2 | 10-2 | OCENCO INC,,2026-01-23,2026-01-30,DIAL,DIBBS|SPE4A626T554N|0001S00000053,First article test line - not a product line
SPE4A626T05UZ,0001S00000053,SPE4A626T05UZ,07-15-2026,07-22-2026,2026-08-21 02:41:27,Origin,Origin,None,7017487280,https://dibbs2.bsm.dla.mil/Downloads/RFQ/Z/SPE4A626T05UZ.PDF,https://www.dibbs.bsm.dla.mil/RFQ/RFQRec.aspx?sn=SPE4A626T05UZ,https://www.dibbs.bsm.dla.mil/rfq/rfqrec.aspx?sn=SPE4A626T05UZ,DIAL,2,20260930T155413Z,0001S00000053,CONTRACTOR FIRST ARTIC,G,______,1.0,,,2026-07-15,2026-07-22,DIAL,DIBBS|SPE4A626T05UZ|0001S00000053,First article test line - not a product line
SPE4A526T001C,0001S00000053,SPE4A526T001C,03-17-2026,03-24-2026,2026-08-21 02:41:27,Origin,Origin,None,7015658208,https://dibbs2.bsm.dla.mil/Downloads/RFQ/C/SPE4A526T001C.PDF,https://www.dibbs.bsm.dla.mil/RFQ/RFQRec.aspx?sn=SPE4A526T001C,https://www.dibbs.bsm.dla.mil/rfq/rfqrec.aspx?sn=SPE4A526T001C,DIAL,2,20260930T155413Z,0001S00000053,CONTRACTOR FIRST ARTIC,G,______,1.0,,,2026-03-17,2026-03-24,DIAL,DIBBS|SPE4A526T001C|0001S00000053,First article test line - not a product line
SPE4A626T554J,0001S00000053,SPE4A626T554J,01-23-2026,01-30-2026,2026-08-21 02:41:27,Origin,Origin,None,7015246034,https://dibbs2.bsm.dla.mil/Downloads/RFQ/J/SPE4A626T554J.PDF,https://www.dibbs.bsm.dla.mil/RFQ/RFQRec.aspx?sn=SPE4A626T554J,https://www.dibbs.bsm.dla.mil/rfq/rfqrec.aspx?sn=SPE4A626T554J,DIAL,2,20260930T155413Z,0001S00000053,CONTRACTOR FIRST ARTIC,C,______,1.0,03WY2 | 10-2 | OCENCO INC,,2026-01-23,2026-01-30,DIAL,DIBBS|SPE4A626T554J|0001S00000053,First article test line - not a product line
SPE4A526T327J,0001S00000053,SPE4A526T327J,08-05-2026,08-12-2026,2026-08-21 02:41:27,Origin,Origin,Tech,7017740346,https://dibbs2.bsm.dla.mil/Downloads/RFQ/J/SPE4A526T327J.PDF,https://www.dibbs.bsm.dla.mil/RFQ/RFQRec.aspx?sn=SPE4A526T327J,https://www.dibbs.bsm.dla.mil/rfq/rfqrec.aspx?sn=SPE4A526T327J,DIAL,2,20260930T155413Z,0001S00000053,CONTRACTOR FIRST ARTIC,G,______,1.0,,,2026-08-05,2026-08-12,DIAL,DIBBS|SPE4A526T327J|0001S00000053,First article test line - not a product line
SPE8E526T3009,0001S00000052,SPE8E526T3009,06-01-2026,06-11-2026,2026-08-21 02:41:27,Origin,Origin,Tech,7016966855,https://dibbs2.bsm.dla.mil/Downloads/RFQ/9/SPE8E526T3009.PDF,https://www.dibbs.bsm.dla.mil/RFQ/RFQRec.aspx?sn=SPE8E526T3009,https://www.dibbs.bsm.dla.mil/rfq/rfqrec.aspx?sn=SPE8E526T3009,DIAL,2,20260930T155413Z,0001S00000052,GOVERNMENT FIRST ARTIC,G,______,1.0,,,2026-06-01,2026-06-11,DIAL; INDICATOR,DIBBS|SPE8E526T3009|0001S00000052,First article test line - not a product line
SPE4A526T207B,0001S00000053,SPE4A526T207B,06-03-2026,06-10-2026,2026-08-21 02:41:27,Origin,Origin,None,7017012026,https://dibbs2.bsm.dla.mil/Downloads/RFQ/B/SPE4A526T207B.PDF,https://www.dibbs.bsm.dla.mil/RFQ/RFQRec.aspx?sn=SPE4A526T207B,https://www.dibbs.bsm.dla.mil/rfq/rfqrec.aspx?sn=SPE4A526T207B,DIAL,2,20260930T155413Z,0001S00000053,CONTRACTOR FIRST ARTIC,G,______,1.0,,,2026-06-03,2026-06-10,DIAL,DIBBS|SPE4A526T207B|0001S00000053,First article test line - not a product line
SPE4A526T203F,0001S00000053,SPE4A526T203F,06-03-2026,06-10-2026,2026-08-21 02:41:27,Origin,Origin,Tech,7017010927,https://dibbs2.bsm.dla.mil/Downloads/RFQ/F/SPE4A526T203F.PDF,https://www.dibbs.bsm.dla.mil/RFQ/RFQRec.aspx?sn=SPE4A526T203F,https://www.dibbs.bsm.dla.mil/rfq/rfqrec.aspx?sn=SPE4A526T203F,DIAL,2,20260930T155413Z,0001S00000053,CONTRACTOR FIRST ARTIC,G,______,1.0,,,2026-06-03,2026-06-10,DIAL,DIBBS|SPE4A526T203F|0001S00000053,First article test line - not a product line
SPE4A526T350G,0001S00000053,SPE4A526T350G,08-13-2026,08-20-2026,2026-08-21 02:41:27,Origin,Origin,Tech,7017869144,https://dibbs2.bsm.dla.mil/Downloads/RFQ/G/SPE4A526T350G.PDF,https://www.dibbs.bsm.dla.mil/RFQ/RFQRec.aspx?sn=SPE4A526T350G,https://www.dibbs.bsm.dla.mil/rfq/rfqrec.aspx?sn=SPE4A526T350G,DIAL,3,20260930T155430Z,0001S00000053,CONTRACTOR FIRST ARTIC,G,______,1.0,,,2026-08-13,2026-08-20,DIAL,DIBBS|SPE4A526T350G|0001S00000053,First article test line - not a product line
SPE4A526T082Y,0001S00000053,SPE4A526T082Y,04-22-2026,04-29-2026,2026-08-21 02:41:27,Origin,Origin,Tech,7016437828,https://dibbs2.bsm.dla.mil/Downloads/RFQ/Y/SPE4A526T082Y.PDF,https://www.dibbs.bsm.dla.mil/RFQ/RFQRec.aspx?sn=SPE4A526T082Y,https://www.dibbs.bsm.dla.mil/rfq/rfqrec.aspx?sn=SPE4A526T082Y,DIAL,3,20260930T155430Z,0001S00000053,CONTRACTOR FIRST ARTIC,G,______,1.0,,,2026-04-22,2026-04-29,DIAL,DIBBS|SPE4A526T082Y|0001S00000053,First article test line - not a product line
SPE4A524T590K,0001S00000053,SPE4A524T590K,08-12-2024,08-19-2024,2026-08-21 02:41:27,Origin,Origin,Tech,7008472047,https://dibbs2.bsm.dla.mil/Downloads/RFQ/K/SPE4A524T590K.PDF,https://www.dibbs.bsm.dla.mil/RFQ/RFQRec.aspx?sn=SPE4A524T590K,https://www.dibbs.bsm.dla.mil/rfq/rfqrec.aspx?sn=SPE4A524T590K,DIAL,3,20260930T155430Z,0001S00000053,CONTRACTOR FIRST ARTIC,G,______,1.0,,,2024-08-12,2024-08-19,DIAL,DIBBS|SPE4A524T590K|0001S00000053,First article test line - not a product line
SPE4A526T306F,0001S00000053,SPE4A526T306F,07-24-2026,07-31-2026,2026-08-21 02:41:27,Destination,Origin,None,7017559746,https://dibbs2.bsm.dla.mil/Downloads/RFQ/F/SPE4A526T306F.PDF,https://www.dibbs.bsm.dla.mil/RFQ/RFQRec.aspx?sn=SPE4A526T306F,https://www.dibbs.bsm.dla.mil/rfq/rfqrec.aspx?sn=SPE4A526T306F,DIAL,3,20260930T155430Z,0001S00000053,CONTRACTOR FIRST ARTIC,G,______,1.0,,,2026-07-24,2026-07-31,DIAL,DIBBS|SPE4A526T306F|0001S00000053,First article test line - not a product line
SPE4A526T207A,0001S00000052,SPE4A526T207A,06-03-2026,06-10-2026,2026-08-21 02:41:27,Origin,Origin,None,7017010926,https://dibbs2.bsm.dla.mil/Downloads/RFQ/A/SPE4A526T207A.PDF,https://www.dibbs.bsm.dla.mil/RFQ/RFQRec.aspx?sn=SPE4A526T207A,https://www.dibbs.bsm.dla.mil/rfq/rfqrec.aspx?sn=SPE4A526T207A,DIAL,3,20260930T155430Z,0001S00000052,GOVERNMENT FIRST ARTIC,G,______,1.0,,,2026-06-03,2026-06-10,DIAL,DIBBS|SPE4A526T207A|0001S00000052,First article test line - not a product line
SPE4A526T182Q,0001S00000053,SPE4A526T182Q,05-26-2026,06-02-2026,2026-08-21 02:41:27,Origin,Origin,None,7016846280,https://dibbs2.bsm.dla.mil/Downloads/RFQ/Q/SPE4A526T182Q.PDF,https://www.dibbs.bsm.dla.mil/RFQ/RFQRec.aspx?sn=SPE4A526T182Q,https://www.dibbs.bsm.dla.mil/rfq/rfqrec.aspx?sn=SPE4A526T182Q,DIAL,3,20260930T155430Z,0001S00000053,CONTRACTOR FIRST ARTIC,G,______,1.0,,,2026-05-26,2026-06-02,DIAL,DIBBS|SPE4A526T182Q|0001S00000053,First article test line - not a product line
SPE4A526T198N,0001S00000053,SPE4A526T198N,06-02-2026,06-09-2026,2026-08-21 02:41:27,Origin,Origin,None,7016790125,https://dibbs2.bsm.dla.mil/Downloads/RFQ/N/SPE4A526T198N.PDF,https://www.dibbs.bsm.dla.mil/RFQ/RFQRec.aspx?sn=SPE4A526T198N,https://www.dibbs.bsm.dla.mil/rfq/rfqrec.aspx?sn=SPE4A526T198N,DIAL,3,20260930T155430Z,0001S00000053,CONTRACTOR FIRST ARTIC,G,______,1.0,,,2026-06-02,2026-06-09,DIAL,DIBBS|SPE4A526T198N|0001S00000053,First article test line - not a product line
SPE4A626T79S1,0001S00000053,SPE4A626T79S1,06-04-2026,06-11-2026,2026-08-21 02:41:27,Origin,Origin,None,7017039917,https://dibbs2.bsm.dla.mil/Downloads/RFQ/1/SPE4A626T79S1.PDF,https://www.dibbs.bsm.dla.mil/RFQ/RFQRec.aspx?sn=SPE4A626T79S1,https://www.dibbs.bsm.dla.mil/rfq/rfqrec.aspx?sn=SPE4A626T79S1,DIAL,3,20260930T155430Z,0001S00000053,CONTRACTOR FIRST ARTIC,G,______,1.0,,,2026-06-04,2026-06-11,DIAL,DIBBS|SPE4A626T79S1|0001S00000053,First article test line - not a product line
SPE4A526T129H,0001S00000053,SPE4A526T129H,05-13-2026,05-20-2026,2026-08-21 02:41:27,Origin,Origin,None,7016753641,https://dibbs2.bsm.dla.mil/Downloads/RFQ/H/SPE4A526T129H.PDF,https://www.dibbs.bsm.dla.mil/RFQ/RFQRec.aspx?sn=SPE4A526T129H,https://www.dibbs.bsm.dla.mil/rfq/rfqrec.aspx?sn=SPE4A526T129H,DIAL,3,20260930T155430Z,0001S00000053,CONTRACTOR FIRST ARTIC,G,______,1.0,,,2026-05-13,2026-05-20,DIAL,DIBBS|SPE4A526T129H|0001S00000053,First article test line - not a product line
SPE4A626T554K,0001S00000053,SPE4A626T554K,01-23-2026,01-30-2026,2026-08-21 02:41:27,Origin,Origin,None,7015246033,https://dibbs2.bsm.dla.mil/Downloads/RFQ/K/SPE4A626T554K.PDF,https://www.dibbs.bsm.dla.mil/RFQ/RFQRec.aspx?sn=SPE4A626T554K,https://www.dibbs.bsm.dla.mil/rfq/rfqrec.aspx?sn=SPE4A626T554K,DIAL,3,20260930T155430Z,0001S00000053,CONTRACTOR FIRST ARTIC,C,______,1.0,03WY2 | 10-2 | OCENCO INC,,2026-01-23,2026-01-30,DIAL,DIBBS|SPE4A626T554K|0001S00000053,First article test line - not a product line
SPE4A626T19GX,0001S00000052,SPE4A626T19GX,08-19-2026,08-26-2026,2026-08-21 02:41:27,Origin,Origin,None,7017940728,https://dibbs2.bsm.dla.mil/Downloads/RFQ/X/SPE4A626T19GX.PDF,https://www.dibbs.bsm.dla.mil/RFQ/RFQRec.aspx?sn=SPE4A626T19GX,https://www.dibbs.bsm.dla.mil/rfq/rfqrec.aspx?sn=SPE4A626T19GX,DIAL,3,20260930T155430Z,0001S00000052,GOVERNMENT FIRST ARTIC,G,______,1.0,,,2026-08-19,2026-08-26,DIAL,DIBBS|SPE4A626T19GX|0001S00000052,First article test line - not a product line
SPE4A626T84P9,0001S00000052,SPE4A626T84P9,06-10-2026,06-17-2026,2026-08-21 02:41:27,Origin,Origin,Tech,7017108714,https://dibbs2.bsm.dla.mil/Downloads/RFQ/9/SPE4A626T84P9.PDF,https://www.dibbs.bsm.dla.mil/RFQ/RFQRec.aspx?sn=SPE4A626T84P9,https://www.dibbs.bsm.dla.mil/rfq/rfqrec.aspx?sn=SPE4A626T84P9,DIAL,3,20260930T155430Z,0001S00000052,GOVERNMENT FIRST ARTIC,G,______,1.0,,,2026-06-10,2026-06-17,DIAL,DIBBS|SPE4A626T84P9|0001S00000052,First article test line - not a product line
SPE4A525T9934,0001S00000053,SPE4A525T9934,02-05-2025,02-12-2025,2026-08-21 02:41:27,Origin,Origin,None,7010889830,https://dibbs2.bsm.dla.mil/Downloads/RFQ/4/SPE4A525T9934.PDF,https://www.dibbs.bsm.dla.mil/RFQ/RFQRec.aspx?sn=SPE4A525T9934,https://www.dibbs.bsm.dla.mil/rfq/rfqrec.aspx?sn=SPE4A525T9934,DIAL,3,20260930T155430Z,0001S00000053,CONTRACTOR FIRST ARTIC,G,______,1.0,,,2025-02-05,2025-02-12,DIAL,DIBBS|SPE4A525T9934|0001S00000053,First article test line - not a product line
SPE4A526T129N,0001S00000053,SPE4A526T129N,05-13-2026,05-20-2026,2026-08-21 02:41:27,Origin,Origin,None,7016753230,https://dibbs2.bsm.dla.mil/Downloads/RFQ/N/SPE4A526T129N.PDF,https://www.dibbs.bsm.dla.mil/RFQ/RFQRec.aspx?sn=SPE4A526T129N,https://www.dibbs.bsm.dla.mil/rfq/rfqrec.aspx?sn=SPE4A526T129N,DIAL,3,20260930T155430Z,0001S00000053,CONTRACTOR FIRST ARTIC,G,______,1.0,,,2026-05-13,2026-05-20,DIAL,DIBBS|SPE4A526T129N|0001S00000053,First article test line - not a product line
SPE4A526T139E,0001S00000053,SPE4A526T139E,05-14-2026,05-21-2026,2026-08-21 02:41:27,Origin,Origin,None,7016644085,https://dibbs2.bsm.dla.mil/Downloads/RFQ/E/SPE4A526T139E.PDF,https://www.dibbs.bsm.dla.mil/RFQ/RFQRec.aspx?sn=SPE4A526T139E,https://www.dibbs.bsm.dla.mil/rfq/rfqrec.aspx?sn=SPE4A526T139E,DIAL,3,20260930T155430Z,0001S00000053,CONTRACTOR FIRST ARTIC,G,______,1.0,,,2026-05-14,2026-05-21,DIAL,DIBBS|SPE4A526T139E|0001S00000053,First article test line - not a product line
SPE4A526T244A,0001S00000053,SPE4A526T244A,06-17-2026,06-24-2026,2026-08-21 02:41:27,Origin,Origin,None,7017200380,https://dibbs2.bsm.dla.mil/Downloads/RFQ/A/SPE4A526T244A.PDF,https://www.dibbs.bsm.dla.mil/RFQ/RFQRec.aspx?sn=SPE4A526T244A,https://www.dibbs.bsm.dla.mil/rfq/rfqrec.aspx?sn=SPE4A526T244A,DIAL,3,20260930T155430Z,0001S00000053,CONTRACTOR FIRST ARTIC,G,______,1.0,,,2026-06-17,2026-06-24,DIAL,DIBBS|SPE4A526T244A|0001S00000053,First article test line - not a product line
SPE4A526T250L,0001S00000053,SPE4A526T250L,06-18-2026,06-25-2026,2026-08-21 02:41:27,Origin,Origin,None,7017227220,https://dibbs2.bsm.dla.mil/Downloads/RFQ/L/SPE4A526T250L.PDF,https://www.dibbs.bsm.dla.mil/RFQ/RFQRec.aspx?sn=SPE4A526T250L,https://www.dibbs.bsm.dla.mil/rfq/rfqrec.aspx?sn=SPE4A526T250L,DIAL,3,20260930T155430Z,0001S00000053,CONTRACTOR FIRST ARTIC,G,______,1.0,,,2026-06-18,2026-06-25,DIAL,DIBBS|SPE4A526T250L|0001S00000053,First article test line - not a product line
SPE4A526T333A,0001S00000053,SPE4A526T333A,08-06-2026,08-13-2026,2026-08-21 02:41:27,Origin,Origin,None,7017742200,https://dibbs2.bsm.dla.mil/Downloads/RFQ/A/SPE4A526T333A.PDF,https://www.dibbs.bsm.dla.mil/RFQ/RFQRec.aspx?sn=SPE4A526T333A,https://www.dibbs.bsm.dla.mil/rfq/rfqrec.aspx?sn=SPE4A526T333A,DIAL,3,20260930T155430Z,0001S00000053,CONTRACTOR FIRST ARTIC,G,______,1.0,,,2026-08-06,2026-08-13,DIAL,DIBBS|SPE4A526T333A|0001S00000053,First article test line - not a product line
SPE4A726T789E,0001S00000053,SPE4A726T789E,09-24-2026,10-01-2026,2026-09-23 04:54:57,Origin,Origin,None,7018391138,https://dibbs2.bsm.dla.mil/Downloads/RFQ/E/SPE4A726T789E.PDF,https://www.dibbs.bsm.dla.mil/RFQ/RFQRec.aspx?sn=SPE4A726T789E,https://www.dibbs.bsm.dla.mil/rfq/rfqrec.aspx?sn=SPE4A726T789E,DIAL,3,20260930T155430Z,0001S00000053,CONTRACTOR FIRST ARTIC,R,______,1.0,049X3 | EA24-3PRF-RWBO(SE) | ASHCROFT INC,,2026-09-24,2026-10-01,DIAL,DIBBS|SPE4A726T789E|0001S00000053,First article test line - not a product line
SPE4A526T428K,0001S00000053,SPE4A526T428K,09-16-2026,09-23-2026,2026-09-15 03:50:49,Origin,Origin,None,7018342306,https://dibbs2.bsm.dla.mil/Downloads/RFQ/K/SPE4A526T428K.PDF,https://www.dibbs.bsm.dla.mil/RFQ/RFQRec.aspx?sn=SPE4A526T428K,https://www.dibbs.bsm.dla.mil/rfq/rfqrec.aspx?sn=SPE4A526T428K,DIAL,4,20260930T155446Z,0001S00000053,CONTRACTOR FIRST ARTIC,G,______,1.0,,,2026-09-16,2026-09-23,DIAL,DIBBS|SPE4A526T428K|0001S00000053,First article test line - not a product line
SPE4A526T417H,0001S00000053,SPE4A526T417H,09-10-2026,09-17-2026,2026-09-09 12:07:58,Origin,Origin,None,7018248375,https://dibbs2.bsm.dla.mil/Downloads/RFQ/H/SPE4A526T417H.PDF,https://www.dibbs.bsm.dla.mil/RFQ/RFQRec.aspx?sn=SPE4A526T417H,https://www.dibbs.bsm.dla.mil/rfq/rfqrec.aspx?sn=SPE4A526T417H,DIAL,4,20260930T155446Z,0001S00000053,CONTRACTOR FIRST ARTIC,G,______,1.0,,,2026-09-10,2026-09-17,DIAL,DIBBS|SPE4A526T417H|0001S00000053,First article test line - not a product line
SPE4A526T411N,0001S00000053,SPE4A526T411N,09-10-2026,09-17-2026,2026-09-09 04:27:55,Origin,Origin,Tech,7018249048,https://dibbs2.bsm.dla.mil/Downloads/RFQ/N/SPE4A526T411N.PDF,https://www.dibbs.bsm.dla.mil/RFQ/RFQRec.aspx?sn=SPE4A526T411N,https://www.dibbs.bsm.dla.mil/rfq/rfqrec.aspx?sn=SPE4A526T411N,DIAL,4,20260930T155446Z,0001S00000053,CONTRACTOR FIRST ARTIC,G,______,1.0,,,2026-09-10,2026-09-17,DIAL,DIBBS|SPE4A526T411N|0001S00000053,First article test line - not a product line
SPE4A526T408L,0001S00000053,SPE4A526T408L,09-08-2026,09-15-2026,2026-09-07 04:26:58,Origin,Origin,Tech,7018068643,https://dibbs2.bsm.dla.mil/Downloads/RFQ/L/SPE4A526T408L.PDF,https://www.dibbs.bsm.dla.mil/RFQ/RFQRec.aspx?sn=SPE4A526T408L,https://www.dibbs.bsm.dla.mil/rfq/rfqrec.aspx?sn=SPE4A526T408L,DIAL,4,20260930T155446Z,0001S00000053,CONTRACTOR FIRST ARTIC,G,______,1.0,,,2026-09-08,2026-09-15,DIAL,DIBBS|SPE4A526T408L|0001S00000053,First article test line - not a product line
SPE4A526T405D,0001S00000053,SPE4A526T405D,09-04-2026,09-11-2026,2026-09-03 11:43:59,Origin,Destination,None,7017572055,https://dibbs2.bsm.dla.mil/Downloads/RFQ/D/SPE4A526T405D.PDF,https://www.dibbs.bsm.dla.mil/RFQ/RFQRec.aspx?sn=SPE4A526T405D,https://www.dibbs.bsm.dla.mil/rfq/rfqrec.aspx?sn=SPE4A526T405D,DIAL,4,20260930T155446Z,0001S00000053,CONTRACTOR FIRST ARTIC,G,______,1.0,,,2026-09-04,2026-09-11,DIAL,DIBBS|SPE4A526T405D|0001S00000053,First article test line - not a product line
SPE4A526T402A,0001S00000053,SPE4A526T402A,09-02-2026,09-09-2026,2026-09-01 11:24:09,Origin,Origin,None,7017836885,https://dibbs2.bsm.dla.mil/Downloads/RFQ/A/SPE4A526T402A.PDF,https://www.dibbs.bsm.dla.mil/RFQ/RFQRec.aspx?sn=SPE4A526T402A,https://www.dibbs.bsm.dla.mil/rfq/rfqrec.aspx?sn=SPE4A526T402A,DIAL,4,20260930T155446Z,0001S00000053,CONTRACTOR FIRST ARTIC,G,______,1.0,,,2026-09-02,2026-09-09,DIAL,DIBBS|SPE4A526T402A|0001S00000053,First article test line - not a product line
SPE4A626T59V0,0001S00000053,SPE4A626T59V0,05-19-2026,05-26-2026,2026-08-21 02:41:27,Destination,Origin,None,7016771852,https://dibbs2.bsm.dla.mil/Downloads/RFQ/0/SPE4A626T59V0.PDF,https://www.dibbs.bsm.dla.mil/RFQ/RFQRec.aspx?sn=SPE4A626T59V0,https://www.dibbs.bsm.dla.mil/rfq/rfqrec.aspx?sn=SPE4A626T59V0,DIAL,4,20260930T155446Z,0001S00000053,CONTRACTOR FIRST ARTIC,G,______,1.0,,,2026-05-19,2026-05-26,DIAL,DIBBS|SPE4A626T59V0|0001S00000053,First article test line - not a product line
SPE4A526T206H,0001S00000053,SPE4A526T206H,06-03-2026,06-10-2026,2026-08-21 02:41:27,Origin,Destination,None,7017011689,https://dibbs2.bsm.dla.mil/Downloads/RFQ/H/SPE4A526T206H.PDF,https://www.dibbs.bsm.dla.mil/RFQ/RFQRec.aspx?sn=SPE4A526T206H,https://www.dibbs.bsm.dla.mil/rfq/rfqrec.aspx?sn=SPE4A526T206H,DIAL,4,20260930T155446Z,0001S00000053,CONTRACTOR FIRST ARTIC,G,______,1.0,,,2026-06-03,2026-06-10,DIAL,DIBBS|SPE4A526T206H|0001S00000053,First article test line - not a product line
SPE4A526T221U,0001S00000053,SPE4A526T221U,06-10-2026,06-17-2026,2026-08-21 02:41:27,Origin,Origin,None,7017108466,https://dibbs2.bsm.dla.mil/Downloads/RFQ/U/SPE4A526T221U.PDF,https://www.dibbs.bsm.dla.mil/RFQ/RFQRec.aspx?sn=SPE4A526T221U,https://www.dibbs.bsm.dla.mil/rfq/rfqrec.aspx?sn=SPE4A526T221U,DIAL,4,20260930T155446Z,0001S00000053,CONTRACTOR FIRST ARTIC,G,______,1.0,,,2026-06-10,2026-06-17,DIAL,DIBBS|SPE4A526T221U|0001S00000053,First article test line - not a product line
SPE4A526T175J,0001S00000053,SPE4A526T175J,05-21-2026,05-28-2026,2026-08-21 02:41:27,Origin,Origin,Tech,7016878914,https://dibbs2.bsm.dla.mil/Downloads/RFQ/J/SPE4A526T175J.PDF,https://www.dibbs.bsm.dla.mil/RFQ/RFQRec.aspx?sn=SPE4A526T175J,https://www.dibbs.bsm.dla.mil/rfq/rfqrec.aspx?sn=SPE4A526T175J,DIAL,4,20260930T155446Z,0001S00000053,CONTRACTOR FIRST ARTIC,G,______,1.0,,,2026-05-21,2026-05-28,DIAL,DIBBS|SPE4A526T175J|0001S00000053,First article test line - not a product line
SPE4A526T203L,0001S00000053,SPE4A526T203L,06-03-2026,06-10-2026,2026-08-21 02:41:27,Origin,Origin,Tech,7017011484,https://dibbs2.bsm.dla.mil/Downloads/RFQ/L/SPE4A526T203L.PDF,https://www.dibbs.bsm.dla.mil/RFQ/RFQRec.aspx?sn=SPE4A526T203L,https://www.dibbs.bsm.dla.mil/rfq/rfqrec.aspx?sn=SPE4A526T203L,DIAL,4,20260930T155446Z,0001S00000053,CONTRACTOR FIRST ARTIC,G,______,1.0,,,2026-06-03,2026-06-10,DIAL,DIBBS|SPE4A526T203L|0001S00000053,First article test line - not a product line
SPE4A726T314X,0001S00000053,SPE4A726T314X,05-06-2026,05-13-2026,2026-08-21 02:41:27,Origin,Origin,None,7016644694,https://dibbs2.bsm.dla.mil/Downloads/RFQ/X/SPE4A726T314X.PDF,https://www.dibbs.bsm.dla.mil/RFQ/RFQRec.aspx?sn=SPE4A726T314X,https://www.dibbs.bsm.dla.mil/rfq/rfqrec.aspx?sn=SPE4A726T314X,DIAL,4,20260930T155446Z,0001S00000053,CONTRACTOR FIRST ARTIC,G,______,1.0,,,2026-05-06,2026-05-13,DIAL,DIBBS|SPE4A726T314X|0001S00000053,First article test line - not a product line
SPE4A526T249X,0001S00000053,SPE4A526T249X,06-18-2026,06-25-2026,2026-08-21 02:41:27,Origin,Origin,Tech,7017200362,https://dibbs2.bsm.dla.mil/Downloads/RFQ/X/SPE4A526T249X.PDF,https://www.dibbs.bsm.dla.mil/RFQ/RFQRec.aspx?sn=SPE4A526T249X,https://www.dibbs.bsm.dla.mil/rfq/rfqrec.aspx?sn=SPE4A526T249X,DIAL,4,20260930T155446Z,0001S00000053,CONTRACTOR FIRST ARTIC,G,______,1.0,,,2026-06-18,2026-06-25,DIAL; INDICATOR,DIBBS|SPE4A526T249X|0001S00000053,First article test line - not a product line
SPE4A726T9604,0001S00000053,SPE4A726T9604,02-20-2026,02-27-2026,2026-08-21 02:41:27,Origin,Origin,None,7015599830,https://dibbs2.bsm.dla.mil/Downloads/RFQ/4/SPE4A726T9604.PDF,https://www.dibbs.bsm.dla.mil/RFQ/RFQRec.aspx?sn=SPE4A726T9604,https://www.dibbs.bsm.dla.mil/rfq/rfqrec.aspx?sn=SPE4A726T9604,DIAL,4,20260930T155446Z,0001S00000053,CONTRACTOR FIRST ARTIC,G,______,1.0,,,2026-02-20,2026-02-27,DIAL,DIBBS|SPE4A726T9604|0001S00000053,First article test line - not a product line
SPE4A526T301Z,0001S00000053,SPE4A526T301Z,07-22-2026,07-29-2026,2026-08-21 02:41:27,Origin,Origin,Tech,7017572864,https://dibbs2.bsm.dla.mil/Downloads/RFQ/Z/SPE4A526T301Z.PDF,https://www.dibbs.bsm.dla.mil/RFQ/RFQRec.aspx?sn=SPE4A526T301Z,https://www.dibbs.bsm.dla.mil/rfq/rfqrec.aspx?sn=SPE4A526T301Z,DIAL,4,20260930T155446Z,0001S00000053,CONTRACTOR FIRST ARTIC,G,______,1.0,,,2026-07-22,2026-07-29,DIAL; INDICATOR,DIBBS|SPE4A526T301Z|0001S00000053,First article test line - not a product line
SPE4A526T6459,0001S00000053,SPE4A526T6459,01-09-2026,01-16-2026,2026-08-21 02:41:27,Origin,Origin,None,7015050108,https://dibbs2.bsm.dla.mil/Downloads/RFQ/9/SPE4A526T6459.PDF,https://www.dibbs.bsm.dla.mil/RFQ/RFQRec.aspx?sn=SPE4A526T6459,https://www.dibbs.bsm.dla.mil/rfq/rfqrec.aspx?sn=SPE4A526T6459,DIAL,4,20260930T155446Z,0001S00000053,CONTRACTOR FIRST ARTIC,G,______,1.0,,,2026-01-09,2026-01-16,DIAL,DIBBS|SPE4A526T6459|0001S00000053,First article test line - not a product line
SPE4A525T072N,0001S00000053,SPE4A525T072N,02-21-2025,02-28-2025,2026-08-21 02:41:27,Origin,Origin,None,7010892663,https://dibbs2.bsm.dla.mil/Downloads/RFQ/N/SPE4A525T072N.PDF,https://www.dibbs.bsm.dla.mil/RFQ/RFQRec.aspx?sn=SPE4A525T072N,https://www.dibbs.bsm.dla.mil/rfq/rfqrec.aspx?sn=SPE4A525T072N,DIAL,4,20260930T155446Z,0001S00000053,CONTRACTOR FIRST ARTIC,G,______,1.0,,,2025-02-21,2025-02-28,DIAL,DIBBS|SPE4A525T072N|0001S00000053,First article test line - not a product line
SPE7M226Q0285,0001S00000046,SPE7M226Q0285,02-05-2026,02-18-2026,2026-08-21 02:41:27,Origin,Origin,Tech,7014263979,https://dibbs2.bsm.dla.mil/Downloads/RFQ/5/SPE7M226Q0285.PDF,https://www.dibbs.bsm.dla.mil/RFQ/RFQRec.aspx?sn=SPE7M226Q0285,https://www.dibbs.bsm.dla.mil/rfq/rfqrec.aspx?sn=SPE7M226Q0285,LENS,1,20260930T155455Z,0001S00000046,MISCELLANEOUS,C,444190,2.0,"85213 | 516534-1 | L.C.DOANE COMPANY,THE",,2026-02-05,2026-02-18,BOX; LENS; LIGHTING,DIBBS|SPE7M226Q0285|0001S00000046,First article test line - not a product line
SPE7M226Q0285,0001S00000053,SPE7M226Q0285,02-05-2026,02-18-2026,2026-08-21 02:41:27,Origin,Origin,Tech,7014263979,https://dibbs2.bsm.dla.mil/Downloads/RFQ/5/SPE7M226Q0285.PDF,https://www.dibbs.bsm.dla.mil/RFQ/RFQRec.aspx?sn=SPE7M226Q0285,https://www.dibbs.bsm.dla.mil/rfq/rfqrec.aspx?sn=SPE7M226Q0285,LENS,1,20260930T155455Z,0001S00000053,CONTRACTOR FIRST ARTIC,C,000000,1.0,"85213 | 516534-1 | L.C.DOANE COMPANY,THE",,2026-02-05,2026-02-18,BOX; LENS; LIGHTING,DIBBS|SPE7M226Q0285|0001S00000053,First article test line - not a product line
SPE7L726T5256,0001S00000053,SPE7L726T5256,09-15-2026,09-25-2026,2026-09-14 10:36:31,Origin,Origin,Tech,7017048324,https://dibbs2.bsm.dla.mil/Downloads/RFQ/6/SPE7L726T5256.PDF,https://www.dibbs.bsm.dla.mil/RFQ/RFQRec.aspx?sn=SPE7L726T5256,https://www.dibbs.bsm.dla.mil/rfq/rfqrec.aspx?sn=SPE7L726T5256,LENS,1,20260930T155455Z,0001S00000053,CONTRACTOR FIRST ARTIC,G,______,1.0,,,2026-09-15,2026-09-25,LENS,DIBBS|SPE7L726T5256|0001S00000053,First article test line - not a product line
SPE7L726T5099,0001S00000053,SPE7L726T5099,09-03-2026,09-14-2026,2026-09-02 03:08:23,Origin,Origin,Tech,7015896359,https://dibbs2.bsm.dla.mil/Downloads/RFQ/9/SPE7L726T5099.PDF,https://www.dibbs.bsm.dla.mil/RFQ/RFQRec.aspx?sn=SPE7L726T5099,https://www.dibbs.bsm.dla.mil/rfq/rfqrec.aspx?sn=SPE7L726T5099,LENS,1,20260930T155455Z,0001S00000053,CONTRACTOR FIRST ARTIC,G,______,1.0,,,2026-09-03,2026-09-14,LENS,DIBBS|SPE7L726T5099|0001S00000053,First article test line - not a product line
SPE7L726T4945,0001S00000053,SPE7L726T4945,08-26-2026,09-08-2026,2026-08-25 01:29:17,Origin,Origin,Tech,7016755672,https://dibbs2.bsm.dla.mil/Downloads/RFQ/5/SPE7L726T4945.PDF,https://www.dibbs.bsm.dla.mil/RFQ/RFQRec.aspx?sn=SPE7L726T4945,https://www.dibbs.bsm.dla.mil/rfq/rfqrec.aspx?sn=SPE7L726T4945,LENS,1,20260930T155455Z,0001S00000053,CONTRACTOR FIRST ARTIC,G,______,1.0,,,2026-08-26,2026-09-08,LENS,DIBBS|SPE7L726T4945|0001S00000053,First article test line - not a product line
SPE4A626T21XK,0001S00000053,SPE4A626T21XK,08-25-2026,09-01-2026,2026-08-24 01:14:36,Origin,Origin,None,7014870755,https://dibbs2.bsm.dla.mil/Downloads/RFQ/K/SPE4A626T21XK.PDF,https://www.dibbs.bsm.dla.mil/RFQ/RFQRec.aspx?sn=SPE4A626T21XK,https://www.dibbs.bsm.dla.mil/rfq/rfqrec.aspx?sn=SPE4A626T21XK,LENS,1,20260930T155455Z,0001S00000053,CONTRACTOR FIRST ARTIC,G,______,1.0,,,2026-08-25,2026-09-01,LENS,DIBBS|SPE4A626T21XK|0001S00000053,First article test line - not a product line
SPE4A726T679X,0001S00000062,SPE4A726T679X,08-20-2026,08-27-2026,2026-08-21 02:41:27,Origin,Origin,None,7017964433,https://dibbs2.bsm.dla.mil/Downloads/RFQ/X/SPE4A726T679X.PDF,https://www.dibbs.bsm.dla.mil/RFQ/RFQRec.aspx?sn=SPE4A726T679X,https://www.dibbs.bsm.dla.mil/rfq/rfqrec.aspx?sn=SPE4A726T679X,LENS,2,20260930T155512Z,0001S00000062,PRODUCTION LOT TESTING,D,______,1.0,6FQM4 | OFM-2546-A1 | INTELLIGENT MANUFACTURING SOLUTIONS,,2026-08-20,2026-08-27,LENS,DIBBS|SPE4A726T679X|0001S00000062,First article test line - not a product line
SPE4A726T085Y,0001S00000052,SPE4A726T085Y,03-13-2026,03-20-2026,2026-08-21 02:41:27,Origin,Origin,Tech,7015904872,https://dibbs2.bsm.dla.mil/Downloads/RFQ/Y/SPE4A726T085Y.PDF,https://www.dibbs.bsm.dla.mil/RFQ/RFQRec.aspx?sn=SPE4A726T085Y,https://www.dibbs.bsm.dla.mil/rfq/rfqrec.aspx?sn=SPE4A726T085Y,LENS,2,20260930T155512Z,0001S00000052,GOVERNMENT FIRST ARTIC,C,______,1.0,27520 | 4100116-001 | CONTROL PRODUCTS CORPORATION,,2026-03-13,2026-03-20,LENS,DIBBS|SPE4A726T085Y|0001S00000052,First article test line - not a product line
SPE4A626T78E1,0001S00000052,SPE4A626T78E1,06-03-2026,06-10-2026,2026-08-21 02:41:27,Origin,Origin,Tech,7017010007,https://dibbs2.bsm.dla.mil/Downloads/RFQ/1/SPE4A626T78E1.PDF,https://www.dibbs.bsm.dla.mil/RFQ/RFQRec.aspx?sn=SPE4A626T78E1,https://www.dibbs.bsm.dla.mil/rfq/rfqrec.aspx?sn=SPE4A626T78E1,LENS,2,20260930T155512Z,0001S00000052,GOVERNMENT FIRST ARTIC,G,______,1.0,,,2026-06-03,2026-06-10,LENS,DIBBS|SPE4A626T78E1|0001S00000052,First article test line - not a product line
SPE4A626T13MZ,0001S00000052,SPE4A626T13MZ,08-06-2026,08-13-2026,2026-08-21 02:41:27,Origin,Origin,Tech,7017409255,https://dibbs2.bsm.dla.mil/Downloads/RFQ/Z/SPE4A626T13MZ.PDF,https://www.dibbs.bsm.dla.mil/RFQ/RFQRec.aspx?sn=SPE4A626T13MZ,https://www.dibbs.bsm.dla.mil/rfq/rfqrec.aspx?sn=SPE4A626T13MZ,LENS,2,20260930T155512Z,0001S00000052,GOVERNMENT FIRST ARTIC,G,______,1.0,,,2026-08-06,2026-08-13,LENS,DIBBS|SPE4A626T13MZ|0001S00000052,First article test line - not a product line
SPE4A626T10WM,0001S00000052,SPE4A626T10WM,07-31-2026,08-07-2026,2026-08-21 02:41:27,Origin,Origin,Tech,7017697894,https://dibbs2.bsm.dla.mil/Downloads/RFQ/M/SPE4A626T10WM.PDF,https://www.dibbs.bsm.dla.mil/RFQ/RFQRec.aspx?sn=SPE4A626T10WM,https://www.dibbs.bsm.dla.mil/rfq/rfqrec.aspx?sn=SPE4A626T10WM,LENS,2,20260930T155512Z,0001S00000052,GOVERNMENT FIRST ARTIC,C,______,1.0,27520 | 4100116-001 | CONTROL PRODUCTS CORPORATION,,2026-07-31,2026-08-07,LENS,DIBBS|SPE4A626T10WM|0001S00000052,First article test line - not a product line
SPE7L726T4141,0001S00000053,SPE7L726T4141,07-02-2026,07-13-2026,2026-08-21 02:41:27,Origin,Origin,Tech,7017367472,https://dibbs2.bsm.dla.mil/Downloads/RFQ/1/SPE7L726T4141.PDF,https://www.dibbs.bsm.dla.mil/RFQ/RFQRec.aspx?sn=SPE7L726T4141,https://www.dibbs.bsm.dla.mil/rfq/rfqrec.aspx?sn=SPE7L726T4141,LENS,2,20260930T155512Z,0001S00000053,CONTRACTOR FIRST ARTIC,G,______,1.0,,,2026-07-02,2026-07-13,LENS,DIBBS|SPE7L726T4141|0001S00000053,First article test line - not a product line
SPE4A626T97Z1,0001S00000053,SPE4A626T97Z1,06-18-2026,06-25-2026,2026-08-21 02:41:27,Origin,Origin,Tech,7017038857,https://dibbs2.bsm.dla.mil/Downloads/RFQ/1/SPE4A626T97Z1.PDF,https://www.dibbs.bsm.dla.mil/RFQ/RFQRec.aspx?sn=SPE4A626T97Z1,https://www.dibbs.bsm.dla.mil/rfq/rfqrec.aspx?sn=SPE4A626T97Z1,LENS,3,20260930T155528Z,0001S00000053,CONTRACTOR FIRST ARTIC,G,______,1.0,,,2026-06-18,2026-06-25,LENS,DIBBS|SPE4A626T97Z1|0001S00000053,First article test line - not a product line
SPE4A626T88Y8,0001S00000052,SPE4A626T88Y8,06-12-2026,06-22-2026,2026-08-21 02:41:27,Origin,Origin,Tech,7017011734,https://dibbs2.bsm.dla.mil/Downloads/RFQ/8/SPE4A626T88Y8.PDF,https://www.dibbs.bsm.dla.mil/RFQ/RFQRec.aspx?sn=SPE4A626T88Y8,https://www.dibbs.bsm.dla.mil/rfq/rfqrec.aspx?sn=SPE4A626T88Y8,LENS,3,20260930T155528Z,0001S00000052,GOVERNMENT FIRST ARTIC,G,______,1.0,,,2026-06-12,2026-06-22,LENS,DIBBS|SPE4A626T88Y8|0001S00000052,First article test line - not a product line
SPE4A526T399A,0001S00000053,SPE4A526T399A,09-01-2026,09-08-2026,2026-08-31 01:52:40,Origin,Origin,Tech,7017732324,https://dibbs2.bsm.dla.mil/Downloads/RFQ/A/SPE4A526T399A.PDF,https://www.dibbs.bsm.dla.mil/RFQ/RFQRec.aspx?sn=SPE4A526T399A,https://www.dibbs.bsm.dla.mil/rfq/rfqrec.aspx?sn=SPE4A526T399A,LENS,3,20260930T155528Z,0001S00000053,CONTRACTOR FIRST ARTIC,G,______,1.0,,,2026-09-01,2026-09-08,LENS; TACHOMETER,DIBBS|SPE4A526T399A|0001S00000053,First article test line - not a product line
SPE7L327Q0010,0001S00000114,SPE7L327Q0010,09-28-2026,10-13-2026,2026-09-28 02:04:52,Origin,Origin,Tech,7018205223; 7018304981; 7018304983; 7018305020; 7018306347; 7018312252; 7018363382; 7018403209,https://dibbs2.bsm.dla.mil/Downloads/RFQ/0/SPE7L327Q0010.PDF,https://www.dibbs.bsm.dla.mil/RFQ/RFQRec.aspx?sn=SPE7L327Q0010,https://www.dibbs.bsm.dla.mil/rfq/rfqrec.aspx?sn=SPE7L327Q0010,WINDOW,1,20260930T155539Z,0001S00000114,PRODUCTION CONTROL TES,C,000000,2.0,"4ZJC3 | HPL706660-01 | ENDURANCE DEFENSE, LLC",,2026-09-28,2026-10-13,MARKING; WINDOW,DIBBS|SPE7L327Q0010|0001S00000114,First article test line - not a product line
SPE7L326Q1287,0001S00000053,SPE7L326Q1287,08-17-2026,08-31-2026,2026-08-21 02:41:27,Origin,Origin,Tech,7017600444,https://dibbs2.bsm.dla.mil/Downloads/RFQ/7/SPE7L326Q1287.PDF,https://www.dibbs.bsm.dla.mil/RFQ/RFQRec.aspx?sn=SPE7L326Q1287,https://www.dibbs.bsm.dla.mil/rfq/rfqrec.aspx?sn=SPE7L326Q1287,WINDOW,1,20260930T155539Z,0001S00000053,CONTRACTOR FIRST ARTIC,G,327211,1.0,,,2026-08-17,2026-08-31,BOX; WINDOW,DIBBS|SPE7L326Q1287|0001S00000053,First article test line - not a product line
SPE7L326Q1287,0001S00000060,SPE7L326Q1287,08-17-2026,08-31-2026,2026-08-21 02:41:27,Origin,Origin,Tech,7017600444,https://dibbs2.bsm.dla.mil/Downloads/RFQ/7/SPE7L326Q1287.PDF,https://www.dibbs.bsm.dla.mil/RFQ/RFQRec.aspx?sn=SPE7L326Q1287,https://www.dibbs.bsm.dla.mil/rfq/rfqrec.aspx?sn=SPE7L326Q1287,WINDOW,1,20260930T155539Z,0001S00000060,GOVERNMENT FIT VERIFIC,G,327211,1.0,,,2026-08-17,2026-08-31,BOX; WINDOW,DIBBS|SPE7L326Q1287|0001S00000060,First article test line - not a product line
SPE7L326Q1287,0001S00000114,SPE7L326Q1287,08-17-2026,08-31-2026,2026-08-21 02:41:27,Origin,Origin,Tech,7017600444,https://dibbs2.bsm.dla.mil/Downloads/RFQ/7/SPE7L326Q1287.PDF,https://www.dibbs.bsm.dla.mil/RFQ/RFQRec.aspx?sn=SPE7L326Q1287,https://www.dibbs.bsm.dla.mil/rfq/rfqrec.aspx?sn=SPE7L326Q1287,WINDOW,1,20260930T155539Z,0001S00000114,PRODUCTION CONTROL TES,G,327211,2.0,,,2026-08-17,2026-08-31,BOX; WINDOW,DIBBS|SPE7L326Q1287|0001S00000114,First article test line - not a product line
SPE7L327Q0002,0001S00000053,SPE7L327Q0002,09-28-2026,10-06-2026,2026-09-28 10:39:47,Origin,Origin,Tech,7017440575,https://dibbs2.bsm.dla.mil/Downloads/RFQ/2/SPE7L327Q0002.PDF,https://www.dibbs.bsm.dla.mil/RFQ/RFQRec.aspx?sn=SPE7L327Q0002,https://www.dibbs.bsm.dla.mil/rfq/rfqrec.aspx?sn=SPE7L327Q0002,WINDOW,1,20260930T155539Z,0001S00000053,CONTRACTOR FIRST ARTIC,G,332999,1.0,,,2026-09-28,2026-10-06,BOX; WINDOW,DIBBS|SPE7L327Q0002|0001S00000053,First article test line - not a product line
SPE7L327Q0002,0001S00000060,SPE7L327Q0002,09-28-2026,10-06-2026,2026-09-28 10:39:47,Origin,Origin,Tech,7017440575,https://dibbs2.bsm.dla.mil/Downloads/RFQ/2/SPE7L327Q0002.PDF,https://www.dibbs.bsm.dla.mil/RFQ/RFQRec.aspx?sn=SPE7L327Q0002,https://www.dibbs.bsm.dla.mil/rfq/rfqrec.aspx?sn=SPE7L327Q0002,WINDOW,1,20260930T155539Z,0001S00000060,GOVERNMENT FIT VERIFIC,G,000000,1.0,,,2026-09-28,2026-10-06,BOX; WINDOW,DIBBS|SPE7L327Q0002|0001S00000060,First article test line - not a product line
SPE7L327Q0002,0001S00000114,SPE7L327Q0002,09-28-2026,10-06-2026,2026-09-28 10:39:47,Origin,Origin,Tech,7017440575,https://dibbs2.bsm.dla.mil/Downloads/RFQ/2/SPE7L327Q0002.PDF,https://www.dibbs.bsm.dla.mil/RFQ/RFQRec.aspx?sn=SPE7L327Q0002,https://www.dibbs.bsm.dla.mil/rfq/rfqrec.aspx?sn=SPE7L327Q0002,WINDOW,1,20260930T155539Z,0001S00000114,PRODUCTION CONTROL TES,G,000000,2.0,,,2026-09-28,2026-10-06,BOX; WINDOW,DIBBS|SPE7L327Q0002|0001S00000114,First article test line - not a product line
SPE7L326Q1320,0001S00000053,SPE7L326Q1320,09-22-2026,10-06-2026,2026-09-22 06:19:38,Origin,Origin,Tech,7017868590,https://dibbs2.bsm.dla.mil/Downloads/RFQ/0/SPE7L326Q1320.PDF,https://www.dibbs.bsm.dla.mil/RFQ/RFQRec.aspx?sn=SPE7L326Q1320,https://www.dibbs.bsm.dla.mil/rfq/rfqrec.aspx?sn=SPE7L326Q1320,WINDOW,1,20260930T155539Z,0001S00000053,CONTRACTOR FIRST ARTIC,G,336211,1.0,,,2026-09-22,2026-10-06,BOX; WINDOW,DIBBS|SPE7L326Q1320|0001S00000053,First article test line - not a product line
SPE7L326Q1320,0001S00000060,SPE7L326Q1320,09-22-2026,10-06-2026,2026-09-22 06:19:38,Origin,Origin,Tech,7017868590,https://dibbs2.bsm.dla.mil/Downloads/RFQ/0/SPE7L326Q1320.PDF,https://www.dibbs.bsm.dla.mil/RFQ/RFQRec.aspx?sn=SPE7L326Q1320,https://www.dibbs.bsm.dla.mil/rfq/rfqrec.aspx?sn=SPE7L326Q1320,WINDOW,1,20260930T155539Z,0001S00000060,GOVERNMENT FIT VERIFIC,G,336211,1.0,,,2026-09-22,2026-10-06,BOX; WINDOW,DIBBS|SPE7L326Q1320|0001S00000060,First article test line - not a product line
SPE7L326Q1320,0001S00000114,SPE7L326Q1320,09-22-2026,10-06-2026,2026-09-22 06:19:38,Origin,Origin,Tech,7017868590,https://dibbs2.bsm.dla.mil/Downloads/RFQ/0/SPE7L326Q1320.PDF,https://www.dibbs.bsm.dla.mil/RFQ/RFQRec.aspx?sn=SPE7L326Q1320,https://www.dibbs.bsm.dla.mil/rfq/rfqrec.aspx?sn=SPE7L326Q1320,WINDOW,1,20260930T155539Z,0001S00000114,PRODUCTION CONTROL TES,G,336211,2.0,,,2026-09-22,2026-10-06,BOX; WINDOW,DIBBS|SPE7L326Q1320|0001S00000114,First article test line - not a product line
SPE7L326Q1348,0001S00000114,SPE7L326Q1348,09-22-2026,10-06-2026,2026-09-22 04:49:59,Origin,Origin,Tech,7017604090,https://dibbs2.bsm.dla.mil/Downloads/RFQ/8/SPE7L326Q1348.PDF,https://www.dibbs.bsm.dla.mil/RFQ/RFQRec.aspx?sn=SPE7L326Q1348,https://www.dibbs.bsm.dla.mil/rfq/rfqrec.aspx?sn=SPE7L326Q1348,WINDOW,1,20260930T155539Z,0001S00000114,PRODUCTION CONTROL TES,C,336390,2.0,"3RRM7 | HGW4874 | HAWKINS GLASS WHOLESALERS, L.L.C",,2026-09-22,2026-10-06,WINDOW,DIBBS|SPE7L326Q1348|0001S00000114,First article test line - not a product line
SPE7L326Q1327,0001S00000053,SPE7L326Q1327,09-10-2026,09-18-2026,2026-09-10 08:33:28,Origin,Origin,Tech,7017603785,https://dibbs2.bsm.dla.mil/Downloads/RFQ/7/SPE7L326Q1327.PDF,https://www.dibbs.bsm.dla.mil/RFQ/RFQRec.aspx?sn=SPE7L326Q1327,https://www.dibbs.bsm.dla.mil/rfq/rfqrec.aspx?sn=SPE7L326Q1327,WINDOW,1,20260930T155539Z,0001S00000053,CONTRACTOR FIRST ARTIC,G,336390,1.0,,,2026-09-10,2026-09-18,BOX; WINDOW,DIBBS|SPE7L326Q1327|0001S00000053,First article test line - not a product line
SPE7L326Q1327,0001S00000114,SPE7L326Q1327,09-10-2026,09-18-2026,2026-09-10 08:33:28,Origin,Origin,Tech,7017603785,https://dibbs2.bsm.dla.mil/Downloads/RFQ/7/SPE7L326Q1327.PDF,https://www.dibbs.bsm.dla.mil/RFQ/RFQRec.aspx?sn=SPE7L326Q1327,https://www.dibbs.bsm.dla.mil/rfq/rfqrec.aspx?sn=SPE7L326Q1327,WINDOW,1,20260930T155539Z,0001S00000114,PRODUCTION CONTROL TES,G,336390,2.0,,,2026-09-10,2026-09-18,BOX; WINDOW,DIBBS|SPE7L326Q1327|0001S00000114,First article test line - not a product line
SPE7L326Q1325,0001S00000053,SPE7L326Q1325,09-10-2026,09-25-2026,2026-09-10 08:07:38,Origin,Origin,Tech,7017603121,https://dibbs2.bsm.dla.mil/Downloads/RFQ/5/SPE7L326Q1325.PDF,https://www.dibbs.bsm.dla.mil/RFQ/RFQRec.aspx?sn=SPE7L326Q1325,https://www.dibbs.bsm.dla.mil/rfq/rfqrec.aspx?sn=SPE7L326Q1325,WINDOW,1,20260930T155539Z,0001S00000053,CONTRACTOR FIRST ARTIC,G,336390,1.0,,,2026-09-10,2026-09-25,BOX; WINDOW,DIBBS|SPE7L326Q1325|0001S00000053,First article test line - not a product line
SPE7L326Q1325,0001S00000060,SPE7L326Q1325,09-10-2026,09-25-2026,2026-09-10 08:07:38,Origin,Origin,Tech,7017603121,https://dibbs2.bsm.dla.mil/Downloads/RFQ/5/SPE7L326Q1325.PDF,https://www.dibbs.bsm.dla.mil/RFQ/RFQRec.aspx?sn=SPE7L326Q1325,https://www.dibbs.bsm.dla.mil/rfq/rfqrec.aspx?sn=SPE7L326Q1325,WINDOW,1,20260930T155539Z,0001S00000060,GOVERNMENT FIT VERIFIC,G,336390,1.0,,,2026-09-10,2026-09-25,BOX; WINDOW,DIBBS|SPE7L326Q1325|0001S00000060,First article test line - not a product line
SPE7L326Q1325,0001S00000114,SPE7L326Q1325,09-10-2026,09-25-2026,2026-09-10 08:07:38,Origin,Origin,Tech,7017603121,https://dibbs2.bsm.dla.mil/Downloads/RFQ/5/SPE7L326Q1325.PDF,https://www.dibbs.bsm.dla.mil/RFQ/RFQRec.aspx?sn=SPE7L326Q1325,https://www.dibbs.bsm.dla.mil/rfq/rfqrec.aspx?sn=SPE7L326Q1325,WINDOW,1,20260930T155539Z,0001S00000114,PRODUCTION CONTROL TES,G,336390,2.0,,,2026-09-10,2026-09-25,BOX; WINDOW,DIBBS|SPE7L326Q1325|0001S00000114,First article test line - not a product line
SPE7L426T6595,0001S00000053,SPE7L426T6595,08-27-2026,09-08-2026,2026-08-26 09:44:38,Origin,Origin,Tech,7018069469,https://dibbs2.bsm.dla.mil/Downloads/RFQ/5/SPE7L426T6595.PDF,https://www.dibbs.bsm.dla.mil/RFQ/RFQRec.aspx?sn=SPE7L426T6595,https://www.dibbs.bsm.dla.mil/rfq/rfqrec.aspx?sn=SPE7L426T6595,WINDOW,1,20260930T155539Z,0001S00000053,CONTRACTOR FIRST ARTIC,G,______,1.0,,,2026-08-27,2026-09-08,PLATE; WINDOW,DIBBS|SPE7L426T6595|0001S00000053,First article test line - not a product line
SPE8E526T2551,0001S00000052,SPE8E526T2551,04-23-2026,05-04-2026,2026-08-21 02:41:27,Origin,Origin,Tech,7016179075,https://dibbs2.bsm.dla.mil/Downloads/RFQ/1/SPE8E526T2551.PDF,https://www.dibbs.bsm.dla.mil/RFQ/RFQRec.aspx?sn=SPE8E526T2551,https://www.dibbs.bsm.dla.mil/rfq/rfqrec.aspx?sn=SPE8E526T2551,WINDOW,2,20260930T155556Z,0001S00000052,GOVERNMENT FIRST ARTIC,G,______,1.0,,,2026-04-23,2026-05-04,WINDOW,DIBBS|SPE8E526T2551|0001S00000052,First article test line - not a product line
SPE7M126Q1235,0001S00000053,SPE7M126Q1235,07-13-2026,08-13-2026,2026-08-21 02:41:27,Origin,Origin,Tech,7014419324,https://dibbs2.bsm.dla.mil/Downloads/RFQ/5/SPE7M126Q1235.PDF,https://www.dibbs.bsm.dla.mil/RFQ/RFQRec.aspx?sn=SPE7M126Q1235,https://www.dibbs.bsm.dla.mil/rfq/rfqrec.aspx?sn=SPE7M126Q1235,WINDOW,2,20260930T155556Z,0001S00000053,CONTRACTOR FIRST ARTIC,G,000000,1.0,,,2026-07-13,2026-08-13,WINDOW,DIBBS|SPE7M126Q1235|0001S00000053,First article test line - not a product line
SPE8E526T4024,0001S00000053,SPE8E526T4024,08-20-2026,08-31-2026,2026-08-21 02:41:27,Origin,Origin,Tech,7017964092,https://dibbs2.bsm.dla.mil/Downloads/RFQ/4/SPE8E526T4024.PDF,https://www.dibbs.bsm.dla.mil/RFQ/RFQRec.aspx?sn=SPE8E526T4024,https://www.dibbs.bsm.dla.mil/rfq/rfqrec.aspx?sn=SPE8E526T4024,WINDOW,2,20260930T155556Z,0001S00000053,CONTRACTOR FIRST ARTIC,G,______,1.0,,,2026-08-20,2026-08-31,WINDOW,DIBBS|SPE8E526T4024|0001S00000053,First article test line - not a product line
SPE8E526T2248,0001S00000053,SPE8E526T2248,04-03-2026,04-13-2026,2026-08-21 02:41:27,Origin,Origin,Tech,7016178497,https://dibbs2.bsm.dla.mil/Downloads/RFQ/8/SPE8E526T2248.PDF,https://www.dibbs.bsm.dla.mil/RFQ/RFQRec.aspx?sn=SPE8E526T2248,https://www.dibbs.bsm.dla.mil/rfq/rfqrec.aspx?sn=SPE8E526T2248,WINDOW,2,20260930T155556Z,0001S00000053,CONTRACTOR FIRST ARTIC,G,______,1.0,,,2026-04-03,2026-04-13,WINDOW,DIBBS|SPE8E526T2248|0001S00000053,First article test line - not a product line
SPE7L326Q1285,0001S00000053,SPE7L326Q1285,08-17-2026,08-31-2026,2026-08-21 02:41:27,Origin,Origin,Tech,7017778801,https://dibbs2.bsm.dla.mil/Downloads/RFQ/5/SPE7L326Q1285.PDF,https://www.dibbs.bsm.dla.mil/RFQ/RFQRec.aspx?sn=SPE7L326Q1285,https://www.dibbs.bsm.dla.mil/rfq/rfqrec.aspx?sn=SPE7L326Q1285,WINDOW,2,20260930T155556Z,0001S00000053,CONTRACTOR FIRST ARTIC,G,336390,1.0,,,2026-08-17,2026-08-31,BOX; WINDOW,DIBBS|SPE7L326Q1285|0001S00000053,First article test line - not a product line
SPE7L326Q1285,0001S00000114,SPE7L326Q1285,08-17-2026,08-31-2026,2026-08-21 02:41:27,Origin,Origin,Tech,7017778801,https://dibbs2.bsm.dla.mil/Downloads/RFQ/5/SPE7L326Q1285.PDF,https://www.dibbs.bsm.dla.mil/RFQ/RFQRec.aspx?sn=SPE7L326Q1285,https://www.dibbs.bsm.dla.mil/rfq/rfqrec.aspx?sn=SPE7L326Q1285,WINDOW,2,20260930T155556Z,0001S00000114,PRODUCTION CONTROL TES,G,336390,2.0,,,2026-08-17,2026-08-31,BOX; WINDOW,DIBBS|SPE7L326Q1285|0001S00000114,First article test line - not a product line
SPE8E526T3769,0001S00000052,SPE8E526T3769,08-05-2026,08-17-2026,2026-08-21 02:41:27,Origin,Destination,Tech,7017746467,https://dibbs2.bsm.dla.mil/Downloads/RFQ/9/SPE8E526T3769.PDF,https://www.dibbs.bsm.dla.mil/RFQ/RFQRec.aspx?sn=SPE8E526T3769,https://www.dibbs.bsm.dla.mil/rfq/rfqrec.aspx?sn=SPE8E526T3769,WINDOW,2,20260930T155556Z,0001S00000052,GOVERNMENT FIRST ARTIC,M,______,1.0,No | Data | found,,2026-08-05,2026-08-17,WINDOW,DIBBS|SPE8E526T3769|0001S00000052,First article test line - not a product line
SPE8E526T3224,0001S00000053,SPE8E526T3224,06-11-2026,06-22-2026,2026-08-21 02:41:27,Origin,Origin,Tech,7017122576,https://dibbs2.bsm.dla.mil/Downloads/RFQ/4/SPE8E526T3224.PDF,https://www.dibbs.bsm.dla.mil/RFQ/RFQRec.aspx?sn=SPE8E526T3224,https://www.dibbs.bsm.dla.mil/rfq/rfqrec.aspx?sn=SPE8E526T3224,WINDOW,3,20260930T155612Z,0001S00000053,CONTRACTOR FIRST ARTIC,G,______,1.0,,,2026-06-11,2026-06-22,WINDOW,DIBBS|SPE8E526T3224|0001S00000053,First article test line - not a product line
SPE8E526T3361,0001S00000052,SPE8E526T3361,06-22-2026,07-02-2026,2026-08-21 02:41:27,Origin,Origin,None,7017122748,https://dibbs2.bsm.dla.mil/Downloads/RFQ/1/SPE8E526T3361.PDF,https://www.dibbs.bsm.dla.mil/RFQ/RFQRec.aspx?sn=SPE8E526T3361,https://www.dibbs.bsm.dla.mil/rfq/rfqrec.aspx?sn=SPE8E526T3361,WINDOW,3,20260930T155612Z,0001S00000052,GOVERNMENT FIRST ARTIC,G,______,1.0,,,2026-06-22,2026-07-02,WINDOW,DIBBS|SPE8E526T3361|0001S00000052,First article test line - not a product line
SPE7L426T4915,0001S00000053,SPE7L426T4915,06-05-2026,06-15-2026,2026-08-21 02:41:27,Origin,Origin,Tech,7017045542,https://dibbs2.bsm.dla.mil/Downloads/RFQ/5/SPE7L426T4915.PDF,https://www.dibbs.bsm.dla.mil/RFQ/RFQRec.aspx?sn=SPE7L426T4915,https://www.dibbs.bsm.dla.mil/rfq/rfqrec.aspx?sn=SPE7L426T4915,WINDOW,3,20260930T155612Z,0001S00000053,CONTRACTOR FIRST ARTIC,G,______,1.0,,,2026-06-05,2026-06-15,WINDOW,DIBBS|SPE7L426T4915|0001S00000053,First article test line - not a product line
SPE7L326Q1351,0001S00000053,SPE7L326Q1351,09-29-2026,10-13-2026,2026-09-29 09:01:37,Origin,Origin,Tech,7017601991,https://dibbs2.bsm.dla.mil/Downloads/RFQ/1/SPE7L326Q1351.PDF,https://www.dibbs.bsm.dla.mil/RFQ/RFQRec.aspx?sn=SPE7L326Q1351,https://www.dibbs.bsm.dla.mil/rfq/rfqrec.aspx?sn=SPE7L326Q1351,WINDOW,3,20260930T155612Z,0001S00000053,CONTRACTOR FIRST ARTIC,G,336992,1.0,,,2026-09-29,2026-10-13,BOX; WINDOW,DIBBS|SPE7L326Q1351|0001S00000053,First article test line - not a product line
SPE7L326Q1351,0001S00000114,SPE7L326Q1351,09-29-2026,10-13-2026,2026-09-29 09:01:37,Origin,Origin,Tech,7017601991,https://dibbs2.bsm.dla.mil/Downloads/RFQ/1/SPE7L326Q1351.PDF,https://www.dibbs.bsm.dla.mil/RFQ/RFQRec.aspx?sn=SPE7L326Q1351,https://www.dibbs.bsm.dla.mil/rfq/rfqrec.aspx?sn=SPE7L326Q1351,WINDOW,3,20260930T155612Z,0001S00000114,PRODUCTION CONTROL TES,G,336992,2.0,,,2026-09-29,2026-10-13,BOX; WINDOW,DIBBS|SPE7L326Q1351|0001S00000114,First article test line - not a product line
SPE7L326Q1364,0001S00000053,SPE7L326Q1364,09-25-2026,10-09-2026,2026-09-28 07:35:21,Origin,Origin,Tech,7017604398,https://dibbs2.bsm.dla.mil/Downloads/RFQ/4/SPE7L326Q1364.PDF,https://www.dibbs.bsm.dla.mil/RFQ/RFQRec.aspx?sn=SPE7L326Q1364,https://www.dibbs.bsm.dla.mil/rfq/rfqrec.aspx?sn=SPE7L326Q1364,WINDOW,3,20260930T155612Z,0001S00000053,CONTRACTOR FIRST ARTIC,G,336390,1.0,,,2026-09-25,2026-10-09,BOX; WINDOW,DIBBS|SPE7L326Q1364|0001S00000053,First article test line - not a product line
SPE7L326Q1364,0001S00000114,SPE7L326Q1364,09-25-2026,10-09-2026,2026-09-28 07:35:21,Origin,Origin,Tech,7017604398,https://dibbs2.bsm.dla.mil/Downloads/RFQ/4/SPE7L326Q1364.PDF,https://www.dibbs.bsm.dla.mil/RFQ/RFQRec.aspx?sn=SPE7L326Q1364,https://www.dibbs.bsm.dla.mil/rfq/rfqrec.aspx?sn=SPE7L326Q1364,WINDOW,3,20260930T155612Z,0001S00000114,PRODUCTION CONTROL TES,G,336390,2.0,,,2026-09-25,2026-10-09,BOX; WINDOW,DIBBS|SPE7L326Q1364|0001S00000114,First article test line - not a product line
SPE7L326Q1319,0001S00000114,SPE7L326Q1319,09-15-2026,09-29-2026,2026-09-16 07:14:25,Origin,Origin,Tech,7017698100,https://dibbs2.bsm.dla.mil/Downloads/RFQ/9/SPE7L326Q1319.PDF,https://www.dibbs.bsm.dla.mil/RFQ/RFQRec.aspx?sn=SPE7L326Q1319,https://www.dibbs.bsm.dla.mil/rfq/rfqrec.aspx?sn=SPE7L326Q1319,WINDOW,3,20260930T155612Z,0001S00000114,PRODUCTION CONTROL TES,C,336390,2.0,"3RRM7 | HGW9179 | HAWKINS GLASS WHOLESALERS, L.L.C",,2026-09-15,2026-09-29,WINDOW,DIBBS|SPE7L326Q1319|0001S00000114,First article test line - not a product line
SPE7L326Q1328,0001S00000053,SPE7L326Q1328,09-11-2026,09-28-2026,2026-09-11 09:43:01,Origin,Origin,Tech,7017604125,https://dibbs2.bsm.dla.mil/Downloads/RFQ/8/SPE7L326Q1328.PDF,https://www.dibbs.bsm.dla.mil/RFQ/RFQRec.aspx?sn=SPE7L326Q1328,https://www.dibbs.bsm.dla.mil/rfq/rfqrec.aspx?sn=SPE7L326Q1328,WINDOW,3,20260930T155612Z,0001S00000053,CONTRACTOR FIRST ARTIC,G,336390,1.0,,,2026-09-11,2026-09-28,BOX; WINDOW,DIBBS|SPE7L326Q1328|0001S00000053,First article test line - not a product line
SPE7L326Q1328,0001S00000060,SPE7L326Q1328,09-11-2026,09-28-2026,2026-09-11 09:43:01,Origin,Origin,Tech,7017604125,https://dibbs2.bsm.dla.mil/Downloads/RFQ/8/SPE7L326Q1328.PDF,https://www.dibbs.bsm.dla.mil/RFQ/RFQRec.aspx?sn=SPE7L326Q1328,https://www.dibbs.bsm.dla.mil/rfq/rfqrec.aspx?sn=SPE7L326Q1328,WINDOW,3,20260930T155612Z,0001S00000060,GOVERNMENT FIT VERIFIC,G,336390,1.0,,,2026-09-11,2026-09-28,BOX; WINDOW,DIBBS|SPE7L326Q1328|0001S00000060,First article test line - not a product line
SPE7L326Q1328,0001S00000114,SPE7L326Q1328,09-11-2026,09-28-2026,2026-09-11 09:43:01,Origin,Origin,Tech,7017604125,https://dibbs2.bsm.dla.mil/Downloads/RFQ/8/SPE7L326Q1328.PDF,https://www.dibbs.bsm.dla.mil/RFQ/RFQRec.aspx?sn=SPE7L326Q1328,https://www.dibbs.bsm.dla.mil/rfq/rfqrec.aspx?sn=SPE7L326Q1328,WINDOW,3,20260930T155612Z,0001S00000114,PRODUCTION CONTROL TES,G,336390,2.0,,,2026-09-11,2026-09-28,BOX; WINDOW,DIBBS|SPE7L326Q1328|0001S00000114,First article test line - not a product line
SPE7L426T6835,0001S00000053,SPE7L426T6835,09-11-2026,09-21-2026,2026-09-10 03:06:59,Origin,Origin,Tech,7018271000,https://dibbs2.bsm.dla.mil/Downloads/RFQ/5/SPE7L426T6835.PDF,https://www.dibbs.bsm.dla.mil/RFQ/RFQRec.aspx?sn=SPE7L426T6835,https://www.dibbs.bsm.dla.mil/rfq/rfqrec.aspx?sn=SPE7L426T6835,WINDOW,3,20260930T155612Z,0001S00000053,CONTRACTOR FIRST ARTIC,G,______,1.0,,,2026-09-11,2026-09-21,WINDOW,DIBBS|SPE7L426T6835|0001S00000053,First article test line - not a product line
SPE7L326Q1117,0001S00000053,SPE7L326Q1117,06-22-2026,07-07-2026,2026-08-21 02:41:27,Origin,Origin,None,7016266713,https://dibbs2.bsm.dla.mil/Downloads/RFQ/7/SPE7L326Q1117.PDF,https://www.dibbs.bsm.dla.mil/RFQ/RFQRec.aspx?sn=SPE7L326Q1117,https://www.dibbs.bsm.dla.mil/rfq/rfqrec.aspx?sn=SPE7L326Q1117,WINDOW,3,20260930T155612Z,0001S00000053,CONTRACTOR FIRST ARTIC,G,332999,1.0,,,2026-06-22,2026-07-07,BOX; WINDOW,DIBBS|SPE7L326Q1117|0001S00000053,First article test line - not a product line
SPE7L326Q1117,0001S00000060,SPE7L326Q1117,06-22-2026,07-07-2026,2026-08-21 02:41:27,Origin,Origin,None,7016266713,https://dibbs2.bsm.dla.mil/Downloads/RFQ/7/SPE7L326Q1117.PDF,https://www.dibbs.bsm.dla.mil/RFQ/RFQRec.aspx?sn=SPE7L326Q1117,https://www.dibbs.bsm.dla.mil/rfq/rfqrec.aspx?sn=SPE7L326Q1117,WINDOW,3,20260930T155612Z,0001S00000060,GOVERNMENT FIT VERIFIC,G,332999,1.0,,,2026-06-22,2026-07-07,BOX; WINDOW,DIBBS|SPE7L326Q1117|0001S00000060,First article test line - not a product line
SPE7L326Q1117,0001S00000114,SPE7L326Q1117,06-22-2026,07-07-2026,2026-08-21 02:41:27,Origin,Origin,None,7016266713,https://dibbs2.bsm.dla.mil/Downloads/RFQ/7/SPE7L326Q1117.PDF,https://www.dibbs.bsm.dla.mil/RFQ/RFQRec.aspx?sn=SPE7L326Q1117,https://www.dibbs.bsm.dla.mil/rfq/rfqrec.aspx?sn=SPE7L326Q1117,WINDOW,3,20260930T155612Z,0001S00000114,PRODUCTION CONTROL TES,G,332999,2.0,,,2026-06-22,2026-07-07,BOX; WINDOW,DIBBS|SPE7L326Q1117|0001S00000114,First article test line - not a product line
SPE7L326Q1286,0001S00000053,SPE7L326Q1286,08-17-2026,08-31-2026,2026-08-21 02:41:27,Origin,Origin,Tech,7017603276,https://dibbs2.bsm.dla.mil/Downloads/RFQ/6/SPE7L326Q1286.PDF,https://www.dibbs.bsm.dla.mil/RFQ/RFQRec.aspx?sn=SPE7L326Q1286,https://www.dibbs.bsm.dla.mil/rfq/rfqrec.aspx?sn=SPE7L326Q1286,WINDOW,3,20260930T155612Z,0001S00000053,CONTRACTOR FIRST ARTIC,G,000000,1.0,,,2026-08-17,2026-08-31,BOX; WINDOW,DIBBS|SPE7L326Q1286|0001S00000053,First article test line - not a product line
SPE7L326Q1286,0001S00000114,SPE7L326Q1286,08-17-2026,08-31-2026,2026-08-21 02:41:27,Origin,Origin,Tech,7017603276,https://dibbs2.bsm.dla.mil/Downloads/RFQ/6/SPE7L326Q1286.PDF,https://www.dibbs.bsm.dla.mil/RFQ/RFQRec.aspx?sn=SPE7L326Q1286,https://www.dibbs.bsm.dla.mil/rfq/rfqrec.aspx?sn=SPE7L326Q1286,WINDOW,3,20260930T155612Z,0001S00000114,PRODUCTION CONTROL TES,G,336390,2.0,,,2026-08-17,2026-08-31,BOX; WINDOW,DIBBS|SPE7L326Q1286|0001S00000114,First article test line - not a product line
SPE7L426T5530,0001S00000053,SPE7L426T5530,07-10-2026,07-20-2026,2026-08-21 02:41:27,Origin,Origin,Tech,7017439917,https://dibbs2.bsm.dla.mil/Downloads/RFQ/0/SPE7L426T5530.PDF,https://www.dibbs.bsm.dla.mil/RFQ/RFQRec.aspx?sn=SPE7L426T5530,https://www.dibbs.bsm.dla.mil/rfq/rfqrec.aspx?sn=SPE7L426T5530,WINDOW,3,20260930T155612Z,0001S00000053,CONTRACTOR FIRST ARTIC,G,______,1.0,,,2026-07-10,2026-07-20,WINDOW,DIBBS|SPE7L426T5530|0001S00000053,First article test line - not a product line
SPE4A626T37SE,0001S00000052,SPE4A626T37SE,09-30-2026,10-07-2026,2026-09-29 12:32:30,Origin,Origin,Tech,7016753457,https://dibbs2.bsm.dla.mil/Downloads/RFQ/E/SPE4A626T37SE.PDF,https://www.dibbs.bsm.dla.mil/RFQ/RFQRec.aspx?sn=SPE4A626T37SE,https://www.dibbs.bsm.dla.mil/rfq/rfqrec.aspx?sn=SPE4A626T37SE,LAMP,1,20260930T155630Z,0001S00000052,GOVERNMENT FIRST ARTIC,C,______,1.0,"1Q8F4 | 16VP011-1 | 63127	16VP011-1	NEWVAC, LLC",,2026-09-30,2026-10-07,LAMP,DIBBS|SPE4A626T37SE|0001S00000052,First article test line - not a product line
SPE4A726T758Y,0001S00000053,SPE4A726T758Y,09-18-2026,09-25-2026,2026-09-17 04:43:22,Origin,Destination,Tech,7018390510,https://dibbs2.bsm.dla.mil/Downloads/RFQ/Y/SPE4A726T758Y.PDF,https://www.dibbs.bsm.dla.mil/RFQ/RFQRec.aspx?sn=SPE4A726T758Y,https://www.dibbs.bsm.dla.mil/rfq/rfqrec.aspx?sn=SPE4A726T758Y,LAMP,1,20260930T155630Z,0001S00000053,CONTRACTOR FIRST ARTIC,G,______,1.0,,,2026-09-18,2026-09-25,LAMP,DIBBS|SPE4A726T758Y|0001S00000053,First article test line - not a product line
SPE4A626T37SJ,0001S00000052,SPE4A626T37SJ,09-30-2026,10-07-2026,2026-09-29 01:21:15,Origin,Origin,Tech,7016844375,https://dibbs2.bsm.dla.mil/Downloads/RFQ/J/SPE4A626T37SJ.PDF,https://www.dibbs.bsm.dla.mil/RFQ/RFQRec.aspx?sn=SPE4A626T37SJ,https://www.dibbs.bsm.dla.mil/rfq/rfqrec.aspx?sn=SPE4A626T37SJ,LAMP,1,20260930T155630Z,0001S00000052,GOVERNMENT FIRST ARTIC,G,______,1.0,,,2026-09-30,2026-10-07,LAMP,DIBBS|SPE4A626T37SJ|0001S00000052,First article test line - not a product line
SPE4A626T33TL,0001S00000052,SPE4A626T33TL,09-21-2026,09-28-2026,2026-09-21 12:15:48,Origin,Origin,Tech,7018412114,https://dibbs2.bsm.dla.mil/Downloads/RFQ/L/SPE4A626T33TL.PDF,https://www.dibbs.bsm.dla.mil/RFQ/RFQRec.aspx?sn=SPE4A626T33TL,https://www.dibbs.bsm.dla.mil/rfq/rfqrec.aspx?sn=SPE4A626T33TL,LAMP,1,20260930T155630Z,0001S00000052,GOVERNMENT FIRST ARTIC,G,______,1.0,,,2026-09-21,2026-09-28,LAMP,DIBBS|SPE4A626T33TL|0001S00000052,First article test line - not a product line
SPE4A626T29QY,0001S00000053,SPE4A626T29QY,09-16-2026,09-23-2026,2026-09-15 03:50:49,Origin,Origin,None,7018342713,https://dibbs2.bsm.dla.mil/Downloads/RFQ/Y/SPE4A626T29QY.PDF,https://www.dibbs.bsm.dla.mil/RFQ/RFQRec.aspx?sn=SPE4A626T29QY,https://www.dibbs.bsm.dla.mil/rfq/rfqrec.aspx?sn=SPE4A626T29QY,LAMP,2,20260930T155647Z,0001S00000053,CONTRACTOR FIRST ARTIC,G,______,1.0,,,2026-09-16,2026-09-23,LAMP; NAVIGATIONAL,DIBBS|SPE4A626T29QY|0001S00000053,First article test line - not a product line
SPE4A626T23GZ,0001S00000052,SPE4A626T23GZ,08-27-2026,09-03-2026,2026-08-26 08:45:16,Origin,Origin,None,7018066629,https://dibbs2.bsm.dla.mil/Downloads/RFQ/Z/SPE4A626T23GZ.PDF,https://www.dibbs.bsm.dla.mil/RFQ/RFQRec.aspx?sn=SPE4A626T23GZ,https://www.dibbs.bsm.dla.mil/rfq/rfqrec.aspx?sn=SPE4A626T23GZ,LAMP,2,20260930T155647Z,0001S00000052,GOVERNMENT FIRST ARTIC,C,______,1.0,"14550 | 89-00248-003 | LUMINESCENT SYSTEMS, INC",,2026-08-27,2026-09-03,LAMP,DIBBS|SPE4A626T23GZ|0001S00000052,First article test line - not a product line
SPE4A626T65P4,0001S00000053,SPE4A626T65P4,05-20-2026,05-27-2026,2026-08-21 02:41:27,Origin,Origin,None,7015212368,https://dibbs2.bsm.dla.mil/Downloads/RFQ/4/SPE4A626T65P4.PDF,https://www.dibbs.bsm.dla.mil/RFQ/RFQRec.aspx?sn=SPE4A626T65P4,https://www.dibbs.bsm.dla.mil/rfq/rfqrec.aspx?sn=SPE4A626T65P4,LAMP,2,20260930T155647Z,0001S00000053,CONTRACTOR FIRST ARTIC,G,______,1.0,,,2026-05-20,2026-05-27,LAMP,DIBBS|SPE4A626T65P4|0001S00000053,First article test line - not a product line
SPE7L126T18Q8,0001S00000052,SPE7L126T18Q8,09-29-2026,10-09-2026,2026-09-28 05:05:10,Origin,Origin,Tech,7018495768,https://dibbs2.bsm.dla.mil/Downloads/RFQ/8/SPE7L126T18Q8.PDF,https://www.dibbs.bsm.dla.mil/RFQ/RFQRec.aspx?sn=SPE7L126T18Q8,https://www.dibbs.bsm.dla.mil/rfq/rfqrec.aspx?sn=SPE7L126T18Q8,HOUSING,1,20260930T155728Z,0001S00000052,GOVERNMENT FIRST ARTIC,C,______,1.0,"05606 | 12599985 | GENERAL DYNAMICS-OTS, INC.",,2026-09-29,2026-10-09,HOUSING,DIBBS|SPE7L126T18Q8|0001S00000052,First article test line - not a product line
SPE7L126T17M7,0001S00000053,SPE7L126T17M7,09-25-2026,10-05-2026,2026-09-24 02:36:43,Origin,Origin,Tech,7018496710,https://dibbs2.bsm.dla.mil/Downloads/RFQ/7/SPE7L126T17M7.PDF,https://www.dibbs.bsm.dla.mil/RFQ/RFQRec.aspx?sn=SPE7L126T17M7,https://www.dibbs.bsm.dla.mil/rfq/rfqrec.aspx?sn=SPE7L126T17M7,HOUSING,1,20260930T155728Z,0001S00000053,CONTRACTOR FIRST ARTIC,G,______,1.0,,,2026-09-25,2026-10-05,HOUSING,DIBBS|SPE7L126T17M7|0001S00000053,First article test line - not a product line
SPE7L126T17K4,0001S00000053,SPE7L126T17K4,09-25-2026,10-05-2026,2026-09-24 12:30:29,Origin,Origin,Tech,7018495500,https://dibbs2.bsm.dla.mil/Downloads/RFQ/4/SPE7L126T17K4.PDF,https://www.dibbs.bsm.dla.mil/RFQ/RFQRec.aspx?sn=SPE7L126T17K4,https://www.dibbs.bsm.dla.mil/rfq/rfqrec.aspx?sn=SPE7L126T17K4,HOUSING,1,20260930T155728Z,0001S00000053,CONTRACTOR FIRST ARTIC,G,______,1.0,,,2026-09-25,2026-10-05,HOUSING,DIBBS|SPE7L126T17K4|0001S00000053,First article test line - not a product line
SPE8E526T4453,0001S00000053,SPE8E526T4453,09-25-2026,10-05-2026,2026-09-24 12:30:29,Origin,Origin,Tech,7018161162,https://dibbs2.bsm.dla.mil/Downloads/RFQ/3/SPE8E526T4453.PDF,https://www.dibbs.bsm.dla.mil/RFQ/RFQRec.aspx?sn=SPE8E526T4453,https://www.dibbs.bsm.dla.mil/rfq/rfqrec.aspx?sn=SPE8E526T4453,HOUSING,1,20260930T155728Z,0001S00000053,CONTRACTOR FIRST ARTIC,G,______,1.0,,,2026-09-25,2026-10-05,HOUSING,DIBBS|SPE8E526T4453|0001S00000053,First article test line - not a product line
SPE7L326T283R,0001S00000053,SPE7L326T283R,09-25-2026,10-05-2026,2026-09-24 11:05:34,Origin,Origin,Tech,7017039000,https://dibbs2.bsm.dla.mil/Downloads/RFQ/R/SPE7L326T283R.PDF,https://www.dibbs.bsm.dla.mil/RFQ/RFQRec.aspx?sn=SPE7L326T283R,https://www.dibbs.bsm.dla.mil/rfq/rfqrec.aspx?sn=SPE7L326T283R,HOUSING,1,20260930T155728Z,0001S00000053,CONTRACTOR FIRST ARTIC,G,______,1.0,,,2026-09-25,2026-10-05,HOUSING,DIBBS|SPE7L326T283R|0001S00000053,First article test line - not a product line
SPE4A626T36BC,0001S00000053,SPE4A626T36BC,09-24-2026,10-01-2026,2026-09-23 04:54:57,Origin,Origin,Tech,7018248249,https://dibbs2.bsm.dla.mil/Downloads/RFQ/C/SPE4A626T36BC.PDF,https://www.dibbs.bsm.dla.mil/RFQ/RFQRec.aspx?sn=SPE4A626T36BC,https://www.dibbs.bsm.dla.mil/rfq/rfqrec.aspx?sn=SPE4A626T36BC,HOUSING,1,20260930T155728Z,0001S00000053,CONTRACTOR FIRST ARTIC,C,______,1.0,No | Data | found,,2026-09-24,2026-10-01,HOUSING,DIBBS|SPE4A626T36BC|0001S00000053,First article test line - not a product line
SPE8E626T4679,0001S00000052,SPE8E626T4679,09-18-2026,09-28-2026,2026-09-17 11:39:19,Origin,Origin,Tech,7012667861,https://dibbs2.bsm.dla.mil/Downloads/RFQ/9/SPE8E626T4679.PDF,https://www.dibbs.bsm.dla.mil/RFQ/RFQRec.aspx?sn=SPE8E626T4679,https://www.dibbs.bsm.dla.mil/rfq/rfqrec.aspx?sn=SPE8E626T4679,HOUSING,1,20260930T155728Z,0001S00000052,GOVERNMENT FIRST ARTIC,G,______,1.0,,,2026-09-18,2026-09-28,HOUSING,DIBBS|SPE8E626T4679|0001S00000052,First article test line - not a product line
SPE4A726T759Z,0001S00000053,SPE4A726T759Z,09-18-2026,09-25-2026,2026-09-17 04:43:22,Origin,Origin,Tech,7018391484,https://dibbs2.bsm.dla.mil/Downloads/RFQ/Z/SPE4A726T759Z.PDF,https://www.dibbs.bsm.dla.mil/RFQ/RFQRec.aspx?sn=SPE4A726T759Z,https://www.dibbs.bsm.dla.mil/rfq/rfqrec.aspx?sn=SPE4A726T759Z,HOUSING,1,20260930T155728Z,0001S00000053,CONTRACTOR FIRST ARTIC,G,______,1.0,,,2026-09-18,2026-09-25,HOUSING,DIBBS|SPE4A726T759Z|0001S00000053,First article test line - not a product line
SPE7L126T13P9,0001S00000053,SPE7L126T13P9,09-17-2026,09-28-2026,2026-09-16 09:49:21,Origin,Origin,Tech,7018380936,https://dibbs2.bsm.dla.mil/Downloads/RFQ/9/SPE7L126T13P9.PDF,https://www.dibbs.bsm.dla.mil/RFQ/RFQRec.aspx?sn=SPE7L126T13P9,https://www.dibbs.bsm.dla.mil/rfq/rfqrec.aspx?sn=SPE7L126T13P9,HOUSING,1,20260930T155728Z,0001S00000053,CONTRACTOR FIRST ARTIC,G,______,1.0,,,2026-09-17,2026-09-28,ACTUATOR; HOUSING,DIBBS|SPE7L126T13P9|0001S00000053,First article test line - not a product line
SPE7L326T257P,0001S00000052,SPE7L326T257P,09-17-2026,09-28-2026,2026-09-16 05:29:45,Origin,Origin,Tech,7018378765,https://dibbs2.bsm.dla.mil/Downloads/RFQ/P/SPE7L326T257P.PDF,https://www.dibbs.bsm.dla.mil/RFQ/RFQRec.aspx?sn=SPE7L326T257P,https://www.dibbs.bsm.dla.mil/rfq/rfqrec.aspx?sn=SPE7L326T257P,HOUSING,2,20260930T155743Z,0001S00000052,GOVERNMENT FIRST ARTIC,G,______,1.0,,,2026-09-17,2026-09-28,HOUSING,DIBBS|SPE7L326T257P|0001S00000052,First article test line - not a product line
SPE7M526Q1019,0001S00000053,SPE7M526Q1019,09-14-2026,09-21-2026,2026-09-13 03:45:24,Origin,Destination,Tech,7011636434,https://dibbs2.bsm.dla.mil/Downloads/RFQ/9/SPE7M526Q1019.PDF,https://www.dibbs.bsm.dla.mil/RFQ/RFQRec.aspx?sn=SPE7M526Q1019,https://www.dibbs.bsm.dla.mil/rfq/rfqrec.aspx?sn=SPE7M526Q1019,HOUSING,2,20260930T155743Z,0001S00000053,CONTRACTOR FIRST ARTIC,G,000000,1.0,,,2026-09-14,2026-09-21,BOX; FUEL; HOUSING,DIBBS|SPE7M526Q1019|0001S00000053,First article test line - not a product line
SPE7MC26T4267,0001S00000052,SPE7MC26T4267,01-15-2026,01-26-2026,2026-08-21 02:41:27,Origin,Origin,Tech,7012189811,https://dibbs2.bsm.dla.mil/Downloads/RFQ/7/SPE7MC26T4267.PDF,https://www.dibbs.bsm.dla.mil/RFQ/RFQRec.aspx?sn=SPE7MC26T4267,https://www.dibbs.bsm.dla.mil/rfq/rfqrec.aspx?sn=SPE7MC26T4267,HOUSING,2,20260930T155743Z,0001S00000052,GOVERNMENT FIRST ARTIC,G,______,1.0,,,2026-01-15,2026-01-26,HOUSING,DIBBS|SPE7MC26T4267|0001S00000052,First article test line - not a product line
SPE4A726T307L,0001S00000052,SPE4A726T307L,05-04-2026,05-11-2026,2026-08-21 02:41:27,Origin,Origin,Tech,7015454235; 7015454236,https://dibbs2.bsm.dla.mil/Downloads/RFQ/L/SPE4A726T307L.PDF,https://www.dibbs.bsm.dla.mil/RFQ/RFQRec.aspx?sn=SPE4A726T307L,https://www.dibbs.bsm.dla.mil/rfq/rfqrec.aspx?sn=SPE4A726T307L,HOUSING,2,20260930T155743Z,0001S00000052,GOVERNMENT FIRST ARTIC,G,______,1.0,,,2026-05-04,2026-05-11,ACTUATOR; HOUSING,DIBBS|SPE4A726T307L|0001S00000052,First article test line - not a product line
SPE4A726T290T,0001S00000052,SPE4A726T290T,04-24-2026,05-01-2026,2026-08-21 02:41:27,Origin,Origin,Tech,7016049212,https://dibbs2.bsm.dla.mil/Downloads/RFQ/T/SPE4A726T290T.PDF,https://www.dibbs.bsm.dla.mil/RFQ/RFQRec.aspx?sn=SPE4A726T290T,https://www.dibbs.bsm.dla.mil/rfq/rfqrec.aspx?sn=SPE4A726T290T,HOUSING,2,20260930T155743Z,0001S00000052,GOVERNMENT FIRST ARTIC,G,______,1.0,No | Data | found,,2026-04-24,2026-05-01,ACTUATOR; HOUSING,DIBBS|SPE4A726T290T|0001S00000052,First article test line - not a product line
SPE4A726T203H,0001S00000053,SPE4A726T203H,04-07-2026,04-14-2026,2026-08-21 02:41:27,Origin,Origin,None,7015680243,https://dibbs2.bsm.dla.mil/Downloads/RFQ/H/SPE4A726T203H.PDF,https://www.dibbs.bsm.dla.mil/RFQ/RFQRec.aspx?sn=SPE4A726T203H,https://www.dibbs.bsm.dla.mil/rfq/rfqrec.aspx?sn=SPE4A726T203H,HOUSING,2,20260930T155743Z,0001S00000053,CONTRACTOR FIRST ARTIC,Q,______,1.0,86329 | 32-54004-0051-1 | PARKER-HANNIFIN CORPORATION,,2026-04-07,2026-04-14,HOUSING,DIBBS|SPE4A726T203H|0001S00000053,First article test line - not a product line
SPE7M426T8253,0001S00000052,SPE7M426T8253,03-17-2026,03-27-2026,2026-08-21 02:41:27,Origin,Origin,Tech,7015895154,https://dibbs2.bsm.dla.mil/Downloads/RFQ/3/SPE7M426T8253.PDF,https://www.dibbs.bsm.dla.mil/RFQ/RFQRec.aspx?sn=SPE7M426T8253,https://www.dibbs.bsm.dla.mil/rfq/rfqrec.aspx?sn=SPE7M426T8253,HOUSING,3,20260930T155800Z,0001S00000052,GOVERNMENT FIRST ARTIC,C,______,1.0,"5H860 | 5-57246-2 | THOMAS INSTRUMENT, INCORPORATED",,2026-03-17,2026-03-27,HOUSING,DIBBS|SPE7M426T8253|0001S00000052,First article test line - not a product line
SPE7L126T775T,0001S00000053,SPE7L126T775T,06-29-2026,07-09-2026,2026-08-21 02:41:27,Origin,Origin,Tech,7017322407,https://dibbs2.bsm.dla.mil/Downloads/RFQ/T/SPE7L126T775T.PDF,https://www.dibbs.bsm.dla.mil/RFQ/RFQRec.aspx?sn=SPE7L126T775T,https://www.dibbs.bsm.dla.mil/rfq/rfqrec.aspx?sn=SPE7L126T775T,HOUSING,3,20260930T155800Z,0001S00000053,CONTRACTOR FIRST ARTIC,G,______,1.0,,,2026-06-29,2026-07-09,HOUSING,DIBBS|SPE7L126T775T|0001S00000053,First article test line - not a product line
SPE4A726T295E,0001S00000052,SPE4A726T295E,04-27-2026,05-04-2026,2026-08-21 02:41:27,Origin,Origin,Tech,7015852203,https://dibbs2.bsm.dla.mil/Downloads/RFQ/E/SPE4A726T295E.PDF,https://www.dibbs.bsm.dla.mil/RFQ/RFQRec.aspx?sn=SPE4A726T295E,https://www.dibbs.bsm.dla.mil/rfq/rfqrec.aspx?sn=SPE4A726T295E,HOUSING,3,20260930T155800Z,0001S00000052,GOVERNMENT FIRST ARTIC,C,______,1.0,0JRC1 | 14-51101-1 | 0NNH0	14-51101-1	JJET ENTERPRISES,,2026-04-27,2026-05-04,HOUSING,DIBBS|SPE4A726T295E|0001S00000052,First article test line - not a product line
SPE4A625T00LS,0001S00000052,SPE4A625T00LS,06-11-2025,06-18-2025,2026-08-21 02:41:27,Origin,Origin,Tech,7012593251,https://dibbs2.bsm.dla.mil/Downloads/RFQ/S/SPE4A625T00LS.PDF,https://www.dibbs.bsm.dla.mil/RFQ/RFQRec.aspx?sn=SPE4A625T00LS,https://www.dibbs.bsm.dla.mil/rfq/rfqrec.aspx?sn=SPE4A625T00LS,HOUSING,3,20260930T155800Z,0001S00000052,GOVERNMENT FIRST ARTIC,G,______,1.0,,,2025-06-11,2025-06-18,HOUSING,DIBBS|SPE4A625T00LS|0001S00000052,First article test line - not a product line
SPE8E526T0815,0001S00000053,SPE8E526T0815,11-19-2025,12-01-2025,2026-08-21 02:41:27,Origin,Origin,Tech,7014494825,https://dibbs2.bsm.dla.mil/Downloads/RFQ/5/SPE8E526T0815.PDF,https://www.dibbs.bsm.dla.mil/RFQ/RFQRec.aspx?sn=SPE8E526T0815,https://www.dibbs.bsm.dla.mil/rfq/rfqrec.aspx?sn=SPE8E526T0815,HOUSING,3,20260930T155800Z,0001S00000053,CONTRACTOR FIRST ARTIC,G,______,1.0,,,2025-11-19,2025-12-01,HOUSING,DIBBS|SPE8E526T0815|0001S00000053,First article test line - not a product line
SPE7M426T211T,0001S00000053,SPE7M426T211T,06-26-2026,07-06-2026,2026-08-21 02:41:27,Origin,Origin,Tech,7016691675,https://dibbs2.bsm.dla.mil/Downloads/RFQ/T/SPE7M426T211T.PDF,https://www.dibbs.bsm.dla.mil/RFQ/RFQRec.aspx?sn=SPE7M426T211T,https://www.dibbs.bsm.dla.mil/rfq/rfqrec.aspx?sn=SPE7M426T211T,HOUSING,3,20260930T155800Z,0001S00000053,CONTRACTOR FIRST ARTIC,C,______,1.0,"5H860 | 5-57243 | THOMAS INSTRUMENT, INCORPORATED",,2026-06-26,2026-07-06,HOUSING,DIBBS|SPE7M426T211T|0001S00000053,First article test line - not a product line
SPE7L126T097D,0001S00000053,SPE7L126T097D,02-13-2026,02-23-2026,2026-08-21 02:41:27,Origin,Origin,Tech,7013590303,https://dibbs2.bsm.dla.mil/Downloads/RFQ/D/SPE7L126T097D.PDF,https://www.dibbs.bsm.dla.mil/RFQ/RFQRec.aspx?sn=SPE7L126T097D,https://www.dibbs.bsm.dla.mil/rfq/rfqrec.aspx?sn=SPE7L126T097D,HOUSING,3,20260930T155800Z,0001S00000053,CONTRACTOR FIRST ARTIC,G,______,1.0,,,2026-02-13,2026-02-23,HOUSING,DIBBS|SPE7L126T097D|0001S00000053,First article test line - not a product line
SPE7L026T0312,0001S00000053,SPE7L026T0312,05-21-2026,06-01-2026,2026-08-21 02:41:27,Origin,Origin,Tech,7016859051,https://dibbs2.bsm.dla.mil/Downloads/RFQ/2/SPE7L026T0312.PDF,https://www.dibbs.bsm.dla.mil/RFQ/RFQRec.aspx?sn=SPE7L026T0312,https://www.dibbs.bsm.dla.mil/rfq/rfqrec.aspx?sn=SPE7L026T0312,HOUSING,3,20260930T155800Z,0001S00000053,CONTRACTOR FIRST ARTIC,G,______,1.0,,,2026-05-21,2026-06-01,HOUSING,DIBBS|SPE7L026T0312|0001S00000053,First article test line - not a product line
SPE4A625T05DD,0001S00000053,SPE4A625T05DD,06-23-2025,06-30-2025,2026-08-21 02:41:27,Origin,Origin,Tech,7012687973,https://dibbs2.bsm.dla.mil/Downloads/RFQ/D/SPE4A625T05DD.PDF,https://www.dibbs.bsm.dla.mil/RFQ/RFQRec.aspx?sn=SPE4A625T05DD,https://www.dibbs.bsm.dla.mil/rfq/rfqrec.aspx?sn=SPE4A625T05DD,HOUSING,3,20260930T155800Z,0001S00000053,CONTRACTOR FIRST ARTIC,C,______,1.0,78286 | 70351-38122-102 | SIKORSKY AIRCRAFT CORPORATION,,2025-06-23,2025-06-30,HOUSING,DIBBS|SPE4A625T05DD|0001S00000053,First article test line - not a product line
SPE4A625T05DD,0001S00000062,SPE4A625T05DD,06-23-2025,06-30-2025,2026-08-21 02:41:27,Origin,Origin,Tech,7012687973,https://dibbs2.bsm.dla.mil/Downloads/RFQ/D/SPE4A625T05DD.PDF,https://www.dibbs.bsm.dla.mil/RFQ/RFQRec.aspx?sn=SPE4A625T05DD,https://www.dibbs.bsm.dla.mil/rfq/rfqrec.aspx?sn=SPE4A625T05DD,HOUSING,3,20260930T155800Z,0001S00000062,PRODUCTION LOT TESTING,C,______,1.0,78286 | 70351-38122-102 | SIKORSKY AIRCRAFT CORPORATION,,2025-06-23,2025-06-30,HOUSING,DIBBS|SPE4A625T05DD|0001S00000062,First article test line - not a product line
SPE4A526T356X,0001S00000053,SPE4A526T356X,08-17-2026,08-24-2026,2026-08-21 02:41:27,Origin,Origin,None,7017740910,https://dibbs2.bsm.dla.mil/Downloads/RFQ/X/SPE4A526T356X.PDF,https://www.dibbs.bsm.dla.mil/RFQ/RFQRec.aspx?sn=SPE4A526T356X,https://www.dibbs.bsm.dla.mil/rfq/rfqrec.aspx?sn=SPE4A526T356X,HOUSING,3,20260930T155800Z,0001S00000053,CONTRACTOR FIRST ARTIC,P,______,1.0,"45934 | 174163 | ONTIC ENGINEERING & MANUFACTURING,",,2026-08-17,2026-08-24,HOUSING,DIBBS|SPE4A526T356X|0001S00000053,First article test line - not a product line
SPE4A526T356X,0001S00000062,SPE4A526T356X,08-17-2026,08-24-2026,2026-08-21 02:41:27,Origin,Origin,None,7017740910,https://dibbs2.bsm.dla.mil/Downloads/RFQ/X/SPE4A526T356X.PDF,https://www.dibbs.bsm.dla.mil/RFQ/RFQRec.aspx?sn=SPE4A526T356X,https://www.dibbs.bsm.dla.mil/rfq/rfqrec.aspx?sn=SPE4A526T356X,HOUSING,3,20260930T155800Z,0001S00000062,PRODUCTION LOT TESTING,P,______,1.0,"45934 | 174163 | ONTIC ENGINEERING & MANUFACTURING,",,2026-08-17,2026-08-24,HOUSING,DIBBS|SPE4A526T356X|0001S00000062,First article test line - not a product line
SPE4A725T675T,0001S00000053,SPE4A725T675T,07-23-2025,07-30-2025,2026-08-21 02:41:27,Origin,Origin,Tech,7011474738,https://dibbs2.bsm.dla.mil/Downloads/RFQ/T/SPE4A725T675T.PDF,https://www.dibbs.bsm.dla.mil/RFQ/RFQRec.aspx?sn=SPE4A725T675T,https://www.dibbs.bsm.dla.mil/rfq/rfqrec.aspx?sn=SPE4A725T675T,HOUSING,3,20260930T155800Z,0001S00000053,CONTRACTOR FIRST ARTIC,P,______,1.0,33068 | 145H6605-1 | TRIUMPH ACTUATION SYSTEMS -,,2025-07-23,2025-07-30,HOUSING,DIBBS|SPE4A725T675T|0001S00000053,First article test line - not a product line
SPE7L426T5256,0001S00000052,SPE7L426T5256,06-23-2026,07-06-2026,2026-08-21 02:41:27,Origin,Origin,None,7016691024,https://dibbs2.bsm.dla.mil/Downloads/RFQ/6/SPE7L426T5256.PDF,https://www.dibbs.bsm.dla.mil/RFQ/RFQRec.aspx?sn=SPE7L426T5256,https://www.dibbs.bsm.dla.mil/rfq/rfqrec.aspx?sn=SPE7L426T5256,HOUSING,4,20260930T155817Z,0001S00000052,GOVERNMENT FIRST ARTIC,C,______,1.0,"32067 | 549AS128 | MARVIN ENGINEERING CO, INC",,2026-06-23,2026-07-06,HOUSING,DIBBS|SPE7L426T5256|0001S00000052,First article test line - not a product line
SPE7L426T5256,0001S00000061,SPE7L426T5256,06-23-2026,07-06-2026,2026-08-21 02:41:27,Origin,Origin,None,7016691024,https://dibbs2.bsm.dla.mil/Downloads/RFQ/6/SPE7L426T5256.PDF,https://www.dibbs.bsm.dla.mil/RFQ/RFQRec.aspx?sn=SPE7L426T5256,https://www.dibbs.bsm.dla.mil/rfq/rfqrec.aspx?sn=SPE7L426T5256,HOUSING,4,20260930T155817Z,0001S00000061,PRODUCTION LOT TESTING,C,______,1.0,"32067 | 549AS128 | MARVIN ENGINEERING CO, INC",,2026-06-23,2026-07-06,HOUSING,DIBBS|SPE7L426T5256|0001S00000061,First article test line - not a product line
SPE7L326T7950,0001S00000053,SPE7L326T7950,04-07-2026,04-17-2026,2026-08-21 02:41:27,Origin,Origin,Tech,7014839295,https://dibbs2.bsm.dla.mil/Downloads/RFQ/0/SPE7L326T7950.PDF,https://www.dibbs.bsm.dla.mil/RFQ/RFQRec.aspx?sn=SPE7L326T7950,https://www.dibbs.bsm.dla.mil/rfq/rfqrec.aspx?sn=SPE7L326T7950,HOUSING,4,20260930T155817Z,0001S00000053,CONTRACTOR FIRST ARTIC,G,______,1.0,,,2026-04-07,2026-04-17,HOUSING,DIBBS|SPE7L326T7950|0001S00000053,First article test line - not a product line
SPE7M426T249H,0001S00000053,SPE7M426T249H,07-10-2026,07-20-2026,2026-08-21 02:41:27,Origin,Origin,Tech,7017438571,https://dibbs2.bsm.dla.mil/Downloads/RFQ/H/SPE7M426T249H.PDF,https://www.dibbs.bsm.dla.mil/RFQ/RFQRec.aspx?sn=SPE7M426T249H,https://www.dibbs.bsm.dla.mil/rfq/rfqrec.aspx?sn=SPE7M426T249H,HOUSING,4,20260930T155817Z,0001S00000053,CONTRACTOR FIRST ARTIC,C,______,1.0,"5H860 | 5-57243 | THOMAS INSTRUMENT, INCORPORATED",,2026-07-10,2026-07-20,HOUSING,DIBBS|SPE7M426T249H|0001S00000053,First article test line - not a product line
SPE7L126T884S,0001S00000052,SPE7L126T884S,07-29-2026,08-10-2026,2026-08-21 02:41:27,Origin,Origin,Tech,7013269983,https://dibbs2.bsm.dla.mil/Downloads/RFQ/S/SPE7L126T884S.PDF,https://www.dibbs.bsm.dla.mil/RFQ/RFQRec.aspx?sn=SPE7L126T884S,https://www.dibbs.bsm.dla.mil/rfq/rfqrec.aspx?sn=SPE7L126T884S,HOUSING,4,20260930T155817Z,0001S00000052,GOVERNMENT FIRST ARTIC,G,______,1.0,,,2026-07-29,2026-08-10,HOUSING,DIBBS|SPE7L126T884S|0001S00000052,First article test line - not a product line
SPE7L126T707X,0001S00000052,SPE7L126T707X,06-16-2026,06-26-2026,2026-08-21 02:41:27,Destination,Origin,Tech,7017047665,https://dibbs2.bsm.dla.mil/Downloads/RFQ/X/SPE7L126T707X.PDF,https://www.dibbs.bsm.dla.mil/RFQ/RFQRec.aspx?sn=SPE7L126T707X,https://www.dibbs.bsm.dla.mil/rfq/rfqrec.aspx?sn=SPE7L126T707X,HOUSING,4,20260930T155817Z,0001S00000052,GOVERNMENT FIRST ARTIC,G,______,1.0,,,2026-06-16,2026-06-26,HOUSING,DIBBS|SPE7L126T707X|0001S00000052,First article test line - not a product line
SPE4A726T8795,0001S00000053,SPE4A726T8795,02-06-2026,02-13-2026,2026-08-21 02:41:27,Origin,Origin,Tech,7014384140,https://dibbs2.bsm.dla.mil/Downloads/RFQ/5/SPE4A726T8795.PDF,https://www.dibbs.bsm.dla.mil/RFQ/RFQRec.aspx?sn=SPE4A726T8795,https://www.dibbs.bsm.dla.mil/rfq/rfqrec.aspx?sn=SPE4A726T8795,HOUSING,4,20260930T155817Z,0001S00000053,CONTRACTOR FIRST ARTIC,C,______,1.0,0ZWK8 | 2040446-1 | MOOG MILITARY AIRCRAFT LLC,,2026-02-06,2026-02-13,HOUSING,DIBBS|SPE4A726T8795|0001S00000053,First article test line - not a product line
SPE4A726T8425,0001S00000052,SPE4A726T8425,01-26-2026,02-02-2026,2026-08-21 02:41:27,Origin,Origin,Tech,7014488952,https://dibbs2.bsm.dla.mil/Downloads/RFQ/5/SPE4A726T8425.PDF,https://www.dibbs.bsm.dla.mil/RFQ/RFQRec.aspx?sn=SPE4A726T8425,https://www.dibbs.bsm.dla.mil/rfq/rfqrec.aspx?sn=SPE4A726T8425,HOUSING,4,20260930T155817Z,0001S00000052,GOVERNMENT FIRST ARTIC,C,______,1.0,07482 | 1796M86G05 | GENERAL ELECTRIC COMPANY,,2026-01-26,2026-02-02,HOUSING,DIBBS|SPE4A726T8425|0001S00000052,First article test line - not a product line
SPE4A625T43QJ,0001S00000053,SPE4A625T43QJ,09-18-2025,09-25-2025,2026-08-21 02:41:27,Origin,Origin,Tech,7013832151,https://dibbs2.bsm.dla.mil/Downloads/RFQ/J/SPE4A625T43QJ.PDF,https://www.dibbs.bsm.dla.mil/RFQ/RFQRec.aspx?sn=SPE4A625T43QJ,https://www.dibbs.bsm.dla.mil/rfq/rfqrec.aspx?sn=SPE4A625T43QJ,HOUSING,4,20260930T155817Z,0001S00000053,CONTRACTOR FIRST ARTIC,C,______,1.0,78286 | 70351-08002-044 | SIKORSKY AIRCRAFT CORPORATION,,2025-09-18,2025-09-25,HOUSING,DIBBS|SPE4A625T43QJ|0001S00000053,First article test line - not a product line
SPE4A625T43QJ,0001S00000061,SPE4A625T43QJ,09-18-2025,09-25-2025,2026-08-21 02:41:27,Origin,Origin,Tech,7013832151,https://dibbs2.bsm.dla.mil/Downloads/RFQ/J/SPE4A625T43QJ.PDF,https://www.dibbs.bsm.dla.mil/RFQ/RFQRec.aspx?sn=SPE4A625T43QJ,https://www.dibbs.bsm.dla.mil/rfq/rfqrec.aspx?sn=SPE4A625T43QJ,HOUSING,4,20260930T155817Z,0001S00000061,PRODUCTION LOT TESTING,C,______,1.0,78286 | 70351-08002-044 | SIKORSKY AIRCRAFT CORPORATION,,2025-09-18,2025-09-25,HOUSING,DIBBS|SPE4A625T43QJ|0001S00000061,First article test line - not a product line
SPE7L326T4471,0001S00000053,SPE7L326T4471,01-13-2026,01-23-2026,2026-08-21 02:41:27,Origin,Origin,Tech,7014793679,https://dibbs2.bsm.dla.mil/Downloads/RFQ/1/SPE7L326T4471.PDF,https://www.dibbs.bsm.dla.mil/RFQ/RFQRec.aspx?sn=SPE7L326T4471,https://www.dibbs.bsm.dla.mil/rfq/rfqrec.aspx?sn=SPE7L326T4471,HOUSING,4,20260930T155817Z,0001S00000053,CONTRACTOR FIRST ARTIC,G,______,1.0,,,2026-01-13,2026-01-23,HOUSING,DIBBS|SPE7L326T4471|0001S00000053,First article test line - not a product line
SPE7M426T084R,0001S00000052,SPE7M426T084R,05-08-2026,05-18-2026,2026-08-21 02:41:27,Origin,Origin,Tech,7016691677,https://dibbs2.bsm.dla.mil/Downloads/RFQ/R/SPE7M426T084R.PDF,https://www.dibbs.bsm.dla.mil/RFQ/RFQRec.aspx?sn=SPE7M426T084R,https://www.dibbs.bsm.dla.mil/rfq/rfqrec.aspx?sn=SPE7M426T084R,HOUSING,4,20260930T155817Z,0001S00000052,GOVERNMENT FIRST ARTIC,C,______,1.0,"5H860 | 5-57246-2 | THOMAS INSTRUMENT, INCORPORATED",,2026-05-08,2026-05-18,HOUSING,DIBBS|SPE7M426T084R|0001S00000052,First article test line - not a product line
SPE4A726T647N,0001S00000052,SPE4A726T647N,08-13-2026,08-20-2026,2026-08-21 02:41:27,Origin,Origin,Tech,7017838674,https://dibbs2.bsm.dla.mil/Downloads/RFQ/N/SPE4A726T647N.PDF,https://www.dibbs.bsm.dla.mil/RFQ/RFQRec.aspx?sn=SPE4A726T647N,https://www.dibbs.bsm.dla.mil/rfq/rfqrec.aspx?sn=SPE4A726T647N,HOUSING,4,20260930T155817Z,0001S00000052,GOVERNMENT FIRST ARTIC,G,______,1.0,,,2026-08-13,2026-08-20,HOUSING,DIBBS|SPE4A726T647N|0001S00000052,First article test line - not a product line
SPE4A526T6883,0001S00000053,SPE4A526T6883,01-15-2026,01-22-2026,2026-08-21 02:41:27,Origin,Origin,Tech,7015111202,https://dibbs2.bsm.dla.mil/Downloads/RFQ/3/SPE4A526T6883.PDF,https://www.dibbs.bsm.dla.mil/RFQ/RFQRec.aspx?sn=SPE4A526T6883,https://www.dibbs.bsm.dla.mil/rfq/rfqrec.aspx?sn=SPE4A526T6883,HOUSING,4,20260930T155817Z,0001S00000053,CONTRACTOR FIRST ARTIC,C,______,1.0,78286 | 70351-08002-044 | SIKORSKY AIRCRAFT CORPORATION,,2026-01-15,2026-01-22,HOUSING,DIBBS|SPE4A526T6883|0001S00000053,First article test line - not a product line
SPE4A526T6883,0001S00000061,SPE4A526T6883,01-15-2026,01-22-2026,2026-08-21 02:41:27,Origin,Origin,Tech,7015111202,https://dibbs2.bsm.dla.mil/Downloads/RFQ/3/SPE4A526T6883.PDF,https://www.dibbs.bsm.dla.mil/RFQ/RFQRec.aspx?sn=SPE4A526T6883,https://www.dibbs.bsm.dla.mil/rfq/rfqrec.aspx?sn=SPE4A526T6883,HOUSING,4,20260930T155817Z,0001S00000061,PRODUCTION LOT TESTING,C,______,1.0,78286 | 70351-08002-044 | SIKORSKY AIRCRAFT CORPORATION,,2026-01-15,2026-01-22,HOUSING,DIBBS|SPE4A526T6883|0001S00000061,First article test line - not a product line
SPE7L726T1392,0001S00000053,SPE7L726T1392,01-09-2026,01-20-2026,2026-08-21 02:41:27,Origin,Origin,Tech,7014998915,https://dibbs2.bsm.dla.mil/Downloads/RFQ/2/SPE7L726T1392.PDF,https://www.dibbs.bsm.dla.mil/RFQ/RFQRec.aspx?sn=SPE7L726T1392,https://www.dibbs.bsm.dla.mil/rfq/rfqrec.aspx?sn=SPE7L726T1392,HOUSING,4,20260930T155817Z,0001S00000053,CONTRACTOR FIRST ARTIC,G,______,1.0,,,2026-01-09,2026-01-20,HOUSING,DIBBS|SPE7L726T1392|0001S00000053,First article test line - not a product line
SPE7L326T147W,0001S00000052,SPE7L326T147W,08-05-2026,08-17-2026,2026-08-21 02:41:27,Origin,Origin,Tech,7017233993,https://dibbs2.bsm.dla.mil/Downloads/RFQ/W/SPE7L326T147W.PDF,https://www.dibbs.bsm.dla.mil/RFQ/RFQRec.aspx?sn=SPE7L326T147W,https://www.dibbs.bsm.dla.mil/rfq/rfqrec.aspx?sn=SPE7L326T147W,HOUSING,4,20260930T155817Z,0001S00000052,GOVERNMENT FIRST ARTIC,G,______,1.0,,,2026-08-05,2026-08-17,HOUSING,DIBBS|SPE7L326T147W|0001S00000052,First article test line - not a product line
SPE4A626T06LU,0001S00000053,SPE4A626T06LU,07-15-2026,07-22-2026,2026-08-21 02:41:27,Origin,Origin,None,7017486596,https://dibbs2.bsm.dla.mil/Downloads/RFQ/U/SPE4A626T06LU.PDF,https://www.dibbs.bsm.dla.mil/RFQ/RFQRec.aspx?sn=SPE4A626T06LU,https://www.dibbs.bsm.dla.mil/rfq/rfqrec.aspx?sn=SPE4A626T06LU,HOUSING,4,20260930T155817Z,0001S00000053,CONTRACTOR FIRST ARTIC,C,______,1.0,78286 | 70351-08002-044 | SIKORSKY AIRCRAFT CORPORATION,,2026-07-15,2026-07-22,HOUSING,DIBBS|SPE4A626T06LU|0001S00000053,First article test line - not a product line
SPE4A626T06LU,0001S00000061,SPE4A626T06LU,07-15-2026,07-22-2026,2026-08-21 02:41:27,Origin,Origin,None,7017486596,https://dibbs2.bsm.dla.mil/Downloads/RFQ/U/SPE4A626T06LU.PDF,https://www.dibbs.bsm.dla.mil/RFQ/RFQRec.aspx?sn=SPE4A626T06LU,https://www.dibbs.bsm.dla.mil/rfq/rfqrec.aspx?sn=SPE4A626T06LU,HOUSING,4,20260930T155817Z,0001S00000061,PRODUCTION LOT TESTING,C,______,1.0,78286 | 70351-08002-044 | SIKORSKY AIRCRAFT CORPORATION,,2026-07-15,2026-07-22,HOUSING,DIBBS|SPE4A626T06LU|0001S00000061,First article test line - not a product line
SPE4A726Q0406,0001S00000052,SPE4A726Q0406,02-05-2026,02-12-2026,2026-08-21 02:41:27,Origin,Origin,Tech,7014176358,https://dibbs2.bsm.dla.mil/Downloads/RFQ/6/SPE4A726Q0406.PDF,https://www.dibbs.bsm.dla.mil/RFQ/RFQRec.aspx?sn=SPE4A726Q0406,https://www.dibbs.bsm.dla.mil/rfq/rfqrec.aspx?sn=SPE4A726Q0406,HOUSING,5,20260930T155849Z,0001S00000052,GOVERNMENT FIRST ARTIC,C,000000,1.0,29372 | 43625-11 | HOWMET GLOBAL FASTENING SYSTEMS INC,,2026-02-05,2026-02-12,HOUSING,DIBBS|SPE4A726Q0406|0001S00000052,First article test line - not a product line
SPE8E526T2374,0001S00000053,SPE8E526T2374,04-08-2026,04-20-2026,2026-08-21 02:41:27,Origin,Origin,Tech,7016179395,https://dibbs2.bsm.dla.mil/Downloads/RFQ/4/SPE8E526T2374.PDF,https://www.dibbs.bsm.dla.mil/RFQ/RFQRec.aspx?sn=SPE8E526T2374,https://www.dibbs.bsm.dla.mil/rfq/rfqrec.aspx?sn=SPE8E526T2374,HOUSING,5,20260930T155849Z,0001S00000053,CONTRACTOR FIRST ARTIC,G,______,1.0,,,2026-04-08,2026-04-20,HOUSING,DIBBS|SPE8E526T2374|0001S00000053,First article test line - not a product line
SPE7L726T3365,0001S00000053,SPE7L726T3365,05-13-2026,05-26-2026,2026-08-21 02:41:27,Origin,Origin,Tech,7014496340,https://dibbs2.bsm.dla.mil/Downloads/RFQ/5/SPE7L726T3365.PDF,https://www.dibbs.bsm.dla.mil/RFQ/RFQRec.aspx?sn=SPE7L726T3365,https://www.dibbs.bsm.dla.mil/rfq/rfqrec.aspx?sn=SPE7L726T3365,HOUSING,5,20260930T155849Z,0001S00000053,CONTRACTOR FIRST ARTIC,G,______,1.0,,,2026-05-13,2026-05-26,HOUSING,DIBBS|SPE7L726T3365|0001S00000053,First article test line - not a product line
SPE7M426T249M,0001S00000052,SPE7M426T249M,07-10-2026,07-20-2026,2026-08-21 02:41:27,Origin,Origin,Tech,7017438570,https://dibbs2.bsm.dla.mil/Downloads/RFQ/M/SPE7M426T249M.PDF,https://www.dibbs.bsm.dla.mil/RFQ/RFQRec.aspx?sn=SPE7M426T249M,https://www.dibbs.bsm.dla.mil/rfq/rfqrec.aspx?sn=SPE7M426T249M,HOUSING,5,20260930T155849Z,0001S00000052,GOVERNMENT FIRST ARTIC,C,______,1.0,"5H860 | 5-57246-2 | THOMAS INSTRUMENT, INCORPORATED",,2026-07-10,2026-07-20,HOUSING,DIBBS|SPE7M426T249M|0001S00000052,First article test line - not a product line
SPE4A626T15Q0,0001S00000053,SPE4A626T15Q0,04-08-2026,04-15-2026,2026-08-21 02:41:27,Origin,Origin,Tech,7016227075,https://dibbs2.bsm.dla.mil/Downloads/RFQ/0/SPE4A626T15Q0.PDF,https://www.dibbs.bsm.dla.mil/RFQ/RFQRec.aspx?sn=SPE4A626T15Q0,https://www.dibbs.bsm.dla.mil/rfq/rfqrec.aspx?sn=SPE4A626T15Q0,HOUSING,5,20260930T155849Z,0001S00000053,CONTRACTOR FIRST ARTIC,G,______,1.0,,,2026-04-08,2026-04-15,HOUSING,DIBBS|SPE4A626T15Q0|0001S00000053,First article test line - not a product line
SPE4A726Q0802,0001S00000053,SPE4A726Q0802,07-10-2026,07-17-2026,2026-08-21 02:41:27,Origin,Origin,None,7012493028,https://dibbs2.bsm.dla.mil/Downloads/RFQ/2/SPE4A726Q0802.PDF,https://www.dibbs.bsm.dla.mil/RFQ/RFQRec.aspx?sn=SPE4A726Q0802,https://www.dibbs.bsm.dla.mil/rfq/rfqrec.aspx?sn=SPE4A726Q0802,HOUSING,5,20260930T155849Z,0001S00000053,CONTRACTOR FIRST ARTIC,P,000000,1.0,3PQR2 | 114L2321-2 | 50601	114L2321-2,,2026-07-10,2026-07-17,BOX; HOUSING,DIBBS|SPE4A726Q0802|0001S00000053,First article test line - not a product line
SPE7L426T6006,0001S00000053,SPE7L426T6006,08-06-2026,08-17-2026,2026-08-21 02:41:27,Origin,Origin,Tech,7017604524,https://dibbs2.bsm.dla.mil/Downloads/RFQ/6/SPE7L426T6006.PDF,https://www.dibbs.bsm.dla.mil/RFQ/RFQRec.aspx?sn=SPE7L426T6006,https://www.dibbs.bsm.dla.mil/rfq/rfqrec.aspx?sn=SPE7L426T6006,HOUSING,5,20260930T155849Z,0001S00000053,CONTRACTOR FIRST ARTIC,G,______,1.0,,,2026-08-06,2026-08-17,HOUSING,DIBBS|SPE7L426T6006|0001S00000053,First article test line - not a product line
SPE4A626T773F,0001S00000052,SPE4A626T773F,02-23-2026,03-02-2026,2026-08-21 02:41:27,Origin,Origin,Tech,7015537957,https://dibbs2.bsm.dla.mil/Downloads/RFQ/F/SPE4A626T773F.PDF,https://www.dibbs.bsm.dla.mil/RFQ/RFQRec.aspx?sn=SPE4A626T773F,https://www.dibbs.bsm.dla.mil/rfq/rfqrec.aspx?sn=SPE4A626T773F,HOUSING,5,20260930T155849Z,0001S00000052,GOVERNMENT FIRST ARTIC,G,______,1.0,,,2026-02-23,2026-03-02,HOUSING,DIBBS|SPE4A626T773F|0001S00000052,First article test line - not a product line
SPE7L526T3283,0001S00000052,SPE7L526T3283,05-06-2026,05-18-2026,2026-08-21 02:41:27,Origin,Destination,None,7015891646,https://dibbs2.bsm.dla.mil/Downloads/RFQ/3/SPE7L526T3283.PDF,https://www.dibbs.bsm.dla.mil/RFQ/RFQRec.aspx?sn=SPE7L526T3283,https://www.dibbs.bsm.dla.mil/rfq/rfqrec.aspx?sn=SPE7L526T3283,HOUSING,6,20260930T155906Z,0001S00000052,GOVERNMENT FIRST ARTIC,R,______,1.0,70210 | 48329-1 | HONEYWELL INTERNATIONAL INC.,,2026-05-06,2026-05-18,HOUSING,DIBBS|SPE7L526T3283|0001S00000052,First article test line - not a product line
SPE4A726T267Y,0001S00000052,SPE4A726T267Y,04-20-2026,04-27-2026,2026-08-21 02:41:27,Origin,Origin,Tech,7016286221,https://dibbs2.bsm.dla.mil/Downloads/RFQ/Y/SPE4A726T267Y.PDF,https://www.dibbs.bsm.dla.mil/RFQ/RFQRec.aspx?sn=SPE4A726T267Y,https://www.dibbs.bsm.dla.mil/rfq/rfqrec.aspx?sn=SPE4A726T267Y,HOUSING,6,20260930T155906Z,0001S00000052,GOVERNMENT FIRST ARTIC,G,______,1.0,,,2026-04-20,2026-04-27,HOUSING,DIBBS|SPE4A726T267Y|0001S00000052,First article test line - not a product line
SPE4A726T377U,0001S00000052,SPE4A726T377U,05-20-2026,05-27-2026,2026-08-21 02:41:27,Origin,Origin,Tech,7016846801,https://dibbs2.bsm.dla.mil/Downloads/RFQ/U/SPE4A726T377U.PDF,https://www.dibbs.bsm.dla.mil/RFQ/RFQRec.aspx?sn=SPE4A726T377U,https://www.dibbs.bsm.dla.mil/rfq/rfqrec.aspx?sn=SPE4A726T377U,HOUSING,6,20260930T155906Z,0001S00000052,GOVERNMENT FIRST ARTIC,G,______,1.0,,,2026-05-20,2026-05-27,HOUSING,DIBBS|SPE4A726T377U|0001S00000052,First article test line - not a product line
SPE4A626T678R,0001S00000052,SPE4A626T678R,02-12-2026,02-19-2026,2026-08-21 02:41:27,Origin,Destination,Tech,7015245252,https://dibbs2.bsm.dla.mil/Downloads/RFQ/R/SPE4A626T678R.PDF,https://www.dibbs.bsm.dla.mil/RFQ/RFQRec.aspx?sn=SPE4A626T678R,https://www.dibbs.bsm.dla.mil/rfq/rfqrec.aspx?sn=SPE4A626T678R,HOUSING,6,20260930T155906Z,0001S00000052,GOVERNMENT FIRST ARTIC,P,______,1.0,63005 | 6723137-1 | ROLLS-ROYCE CORPORATION,,2026-02-12,2026-02-19,HOUSING,DIBBS|SPE4A626T678R|0001S00000052,First article test line - not a product line
SPE4A625T32GT,0001S00000052,SPE4A625T32GT,08-22-2025,08-29-2025,2026-08-21 02:41:27,Origin,Origin,Tech,7013332641,https://dibbs2.bsm.dla.mil/Downloads/RFQ/T/SPE4A625T32GT.PDF,https://www.dibbs.bsm.dla.mil/RFQ/RFQRec.aspx?sn=SPE4A625T32GT,https://www.dibbs.bsm.dla.mil/rfq/rfqrec.aspx?sn=SPE4A625T32GT,HOUSING,6,20260930T155906Z,0001S00000052,GOVERNMENT FIRST ARTIC,C,______,1.0,"24235 | 49338 | WILLIAMS INTERNATIONAL CO., L.L.C.",,2025-08-22,2025-08-29,HOUSING,DIBBS|SPE4A625T32GT|0001S00000052,First article test line - not a product line
SPE4A626T34MW,0001S00000052,SPE4A626T34MW,09-22-2026,09-29-2026,2026-09-21 12:15:49,Origin,Origin,Tech,7017838362,https://dibbs2.bsm.dla.mil/Downloads/RFQ/W/SPE4A626T34MW.PDF,https://www.dibbs.bsm.dla.mil/RFQ/RFQRec.aspx?sn=SPE4A626T34MW,https://www.dibbs.bsm.dla.mil/rfq/rfqrec.aspx?sn=SPE4A626T34MW,HOUSING,6,20260930T155906Z,0001S00000052,GOVERNMENT FIRST ARTIC,G,______,1.0,,,2026-09-22,2026-09-29,HOUSING,DIBBS|SPE4A626T34MW|0001S00000052,First article test line - not a product line
SPE4A726T753L,0001S00000053,SPE4A726T753L,09-17-2026,09-24-2026,2026-09-16 09:49:21,Origin,Origin,None,7018379833,https://dibbs2.bsm.dla.mil/Downloads/RFQ/L/SPE4A726T753L.PDF,https://www.dibbs.bsm.dla.mil/RFQ/RFQRec.aspx?sn=SPE4A726T753L,https://www.dibbs.bsm.dla.mil/rfq/rfqrec.aspx?sn=SPE4A726T753L,HOUSING,6,20260930T155906Z,0001S00000053,CONTRACTOR FIRST ARTIC,P,______,1.0,"0B107 | OFB-2056-A2 | L3 TECHNOLOGIES, INC.",,2026-09-17,2026-09-24,HOUSING,DIBBS|SPE4A726T753L|0001S00000053,First article test line - not a product line
SPE7M426T412W,0001S00000053,SPE7M426T412W,09-16-2026,09-28-2026,2026-09-15 03:20:52,Origin,Origin,Tech,7018274184,https://dibbs2.bsm.dla.mil/Downloads/RFQ/W/SPE7M426T412W.PDF,https://www.dibbs.bsm.dla.mil/RFQ/RFQRec.aspx?sn=SPE7M426T412W,https://www.dibbs.bsm.dla.mil/rfq/rfqrec.aspx?sn=SPE7M426T412W,HOUSING,6,20260930T155906Z,0001S00000053,CONTRACTOR FIRST ARTIC,C,______,1.0,6K4C8 | 990505-11 | GOODRICH CORPORATION,,2026-09-16,2026-09-28,HOUSING,DIBBS|SPE7M426T412W|0001S00000053,First article test line - not a product line
SPE4A626T30LQ,0001S00000052,SPE4A626T30LQ,09-16-2026,09-23-2026,2026-09-15 02:43:24,Origin,Origin,Tech,7018249086,https://dibbs2.bsm.dla.mil/Downloads/RFQ/Q/SPE4A626T30LQ.PDF,https://www.dibbs.bsm.dla.mil/RFQ/RFQRec.aspx?sn=SPE4A626T30LQ,https://www.dibbs.bsm.dla.mil/rfq/rfqrec.aspx?sn=SPE4A626T30LQ,HOUSING,6,20260930T155906Z,0001S00000052,GOVERNMENT FIRST ARTIC,G,______,1.0,,,2026-09-16,2026-09-23,HOUSING,DIBBS|SPE4A626T30LQ|0001S00000052,First article test line - not a product line
SPE4A726T744F,0001S00000052,SPE4A726T744F,09-16-2026,09-23-2026,2026-09-15 11:42:39,Origin,Origin,Tech,7017272699,https://dibbs2.bsm.dla.mil/Downloads/RFQ/F/SPE4A726T744F.PDF,https://www.dibbs.bsm.dla.mil/RFQ/RFQRec.aspx?sn=SPE4A726T744F,https://www.dibbs.bsm.dla.mil/rfq/rfqrec.aspx?sn=SPE4A726T744F,HOUSING,6,20260930T155906Z,0001S00000052,GOVERNMENT FIRST ARTIC,G,______,1.0,,,2026-09-16,2026-09-23,HOUSING,DIBBS|SPE4A726T744F|0001S00000052,First article test line - not a product line
SPE7L426T6811,0001S00000053,SPE7L426T6811,09-11-2026,09-21-2026,2026-09-10 04:44:48,Origin,Origin,Tech,7018269602,https://dibbs2.bsm.dla.mil/Downloads/RFQ/1/SPE7L426T6811.PDF,https://www.dibbs.bsm.dla.mil/RFQ/RFQRec.aspx?sn=SPE7L426T6811,https://www.dibbs.bsm.dla.mil/rfq/rfqrec.aspx?sn=SPE7L426T6811,HOUSING,6,20260930T155906Z,0001S00000053,CONTRACTOR FIRST ARTIC,G,______,1.0,,,2026-09-11,2026-09-21,HOUSING,DIBBS|SPE7L426T6811|0001S00000053,First article test line - not a product line
SPE4A726T725Y,0001S00000052,SPE4A726T725Y,09-10-2026,09-17-2026,2026-09-09 05:18:39,Origin,Origin,Tech,7018248069,https://dibbs2.bsm.dla.mil/Downloads/RFQ/Y/SPE4A726T725Y.PDF,https://www.dibbs.bsm.dla.mil/RFQ/RFQRec.aspx?sn=SPE4A726T725Y,https://www.dibbs.bsm.dla.mil/rfq/rfqrec.aspx?sn=SPE4A726T725Y,HOUSING,6,20260930T155906Z,0001S00000052,GOVERNMENT FIRST ARTIC,C,______,1.0,"0HSD0 | 200625380-10 | AVANS MACHINE, INC",,2026-09-10,2026-09-17,HOUSING,DIBBS|SPE4A726T725Y|0001S00000052,First article test line - not a product line
SPE4A626T27CA,0001S00000052,SPE4A626T27CA,09-08-2026,09-15-2026,2026-09-07 04:26:58,Origin,Origin,Tech,7017109288,https://dibbs2.bsm.dla.mil/Downloads/RFQ/A/SPE4A626T27CA.PDF,https://www.dibbs.bsm.dla.mil/RFQ/RFQRec.aspx?sn=SPE4A626T27CA,https://www.dibbs.bsm.dla.mil/rfq/rfqrec.aspx?sn=SPE4A626T27CA,HOUSING,6,20260930T155906Z,0001S00000052,GOVERNMENT FIRST ARTIC,G,______,1.0,,,2026-09-08,2026-09-15,HOUSING,DIBBS|SPE4A626T27CA|0001S00000052,First article test line - not a product line
SPE7L326T224E,0001S00000053,SPE7L326T224E,09-04-2026,09-14-2026,2026-09-03 08:32:45,Origin,Origin,Tech,7017238324,https://dibbs2.bsm.dla.mil/Downloads/RFQ/E/SPE7L326T224E.PDF,https://www.dibbs.bsm.dla.mil/RFQ/RFQRec.aspx?sn=SPE7L326T224E,https://www.dibbs.bsm.dla.mil/rfq/rfqrec.aspx?sn=SPE7L326T224E,HOUSING,6,20260930T155906Z,0001S00000053,CONTRACTOR FIRST ARTIC,G,______,1.0,,,2026-09-04,2026-09-14,HOUSING,DIBBS|SPE7L326T224E|0001S00000053,First article test line - not a product line
SPE4A626T25PB,0001S00000052,SPE4A626T25PB,09-02-2026,09-09-2026,2026-09-01 11:39:16,Origin,Origin,Tech,7015853166,https://dibbs2.bsm.dla.mil/Downloads/RFQ/B/SPE4A626T25PB.PDF,https://www.dibbs.bsm.dla.mil/RFQ/RFQRec.aspx?sn=SPE4A626T25PB,https://www.dibbs.bsm.dla.mil/rfq/rfqrec.aspx?sn=SPE4A626T25PB,HOUSING,6,20260930T155906Z,0001S00000052,GOVERNMENT FIRST ARTIC,G,______,1.0,,,2026-09-02,2026-09-09,HOUSING,DIBBS|SPE4A626T25PB|0001S00000052,First article test line - not a product line
SPE4A526T0101,0001S00000052,SPE4A526T0101,10-06-2025,10-14-2025,2026-08-21 02:41:27,Origin,Origin,None,7005298432,https://dibbs2.bsm.dla.mil/Downloads/RFQ/1/SPE4A526T0101.PDF,https://www.dibbs.bsm.dla.mil/RFQ/RFQRec.aspx?sn=SPE4A526T0101,https://www.dibbs.bsm.dla.mil/rfq/rfqrec.aspx?sn=SPE4A526T0101,HOUSING,6,20260930T155906Z,0001S00000052,GOVERNMENT FIRST ARTIC,R,______,1.0,81205 | 25-75778-1 | THE BOEING COMPANY,,2025-10-06,2025-10-14,HOUSING,DIBBS|SPE4A526T0101|0001S00000052,First article test line - not a product line
SPE4A626T7093,0001S00000052,SPE4A626T7093,10-31-2025,11-07-2025,2026-08-21 02:41:27,Origin,Origin,None,7014303001,https://dibbs2.bsm.dla.mil/Downloads/RFQ/3/SPE4A626T7093.PDF,https://www.dibbs.bsm.dla.mil/RFQ/RFQRec.aspx?sn=SPE4A626T7093,https://www.dibbs.bsm.dla.mil/rfq/rfqrec.aspx?sn=SPE4A626T7093,HOUSING,6,20260930T155906Z,0001S00000052,GOVERNMENT FIRST ARTIC,R,______,1.0,2W138 | B-83242 | AWS INDUSTRIES INC,,2025-10-31,2025-11-07,HOUSING,DIBBS|SPE4A626T7093|0001S00000052,First article test line - not a product line
SPE4A526T355G,0001S00000052,SPE4A526T355G,08-14-2026,08-21-2026,2026-08-21 02:41:27,Origin,Origin,Tech,7017741030,https://dibbs2.bsm.dla.mil/Downloads/RFQ/G/SPE4A526T355G.PDF,https://www.dibbs.bsm.dla.mil/RFQ/RFQRec.aspx?sn=SPE4A526T355G,https://www.dibbs.bsm.dla.mil/rfq/rfqrec.aspx?sn=SPE4A526T355G,HOUSING,7,20260930T155924Z,0001S00000052,GOVERNMENT FIRST ARTIC,R,______,1.0,81205 | 25-75778-1 | THE BOEING COMPANY,,2026-08-14,2026-08-21,HOUSING,DIBBS|SPE4A526T355G|0001S00000052,First article test line - not a product line
SPE4A625T04GY,0001S00000052,SPE4A625T04GY,06-18-2025,06-25-2025,2026-08-21 02:41:27,Origin,Origin,Tech,7012676185,https://dibbs2.bsm.dla.mil/Downloads/RFQ/Y/SPE4A625T04GY.PDF,https://www.dibbs.bsm.dla.mil/RFQ/RFQRec.aspx?sn=SPE4A625T04GY,https://www.dibbs.bsm.dla.mil/rfq/rfqrec.aspx?sn=SPE4A625T04GY,HOUSING,7,20260930T155924Z,0001S00000052,GOVERNMENT FIRST ARTIC,C,______,1.0,"05DN8 | 704AS10899 | KLUNE INDUSTRIES, INC.",,2025-06-18,2025-06-25,HOUSING,DIBBS|SPE4A625T04GY|0001S00000052,First article test line - not a product line
SPE4A625T04GY,0001S00000061,SPE4A625T04GY,06-18-2025,06-25-2025,2026-08-21 02:41:27,Origin,Origin,Tech,7012676185,https://dibbs2.bsm.dla.mil/Downloads/RFQ/Y/SPE4A625T04GY.PDF,https://www.dibbs.bsm.dla.mil/RFQ/RFQRec.aspx?sn=SPE4A625T04GY,https://www.dibbs.bsm.dla.mil/rfq/rfqrec.aspx?sn=SPE4A625T04GY,HOUSING,7,20260930T155924Z,0001S00000061,PRODUCTION LOT TESTING,C,______,1.0,"05DN8 | 704AS10899 | KLUNE INDUSTRIES, INC.",,2025-06-18,2025-06-25,HOUSING,DIBBS|SPE4A625T04GY|0001S00000061,First article test line - not a product line
SPE4A626T11G5,0001S00000052,SPE4A626T11G5,04-03-2026,04-10-2026,2026-08-21 02:41:27,Origin,Origin,Tech,7016180342,https://dibbs2.bsm.dla.mil/Downloads/RFQ/5/SPE4A626T11G5.PDF,https://www.dibbs.bsm.dla.mil/RFQ/RFQRec.aspx?sn=SPE4A626T11G5,https://www.dibbs.bsm.dla.mil/rfq/rfqrec.aspx?sn=SPE4A626T11G5,HOUSING,7,20260930T155924Z,0001S00000052,GOVERNMENT FIRST ARTIC,G,______,1.0,,,2026-04-03,2026-04-10,HOUSING,DIBBS|SPE4A626T11G5|0001S00000052,First article test line - not a product line
SPE4A626T543Q,0001S00000052,SPE4A626T543Q,01-22-2026,01-29-2026,2026-08-21 02:41:27,Origin,Origin,Tech,7015220364,https://dibbs2.bsm.dla.mil/Downloads/RFQ/Q/SPE4A626T543Q.PDF,https://www.dibbs.bsm.dla.mil/RFQ/RFQRec.aspx?sn=SPE4A626T543Q,https://www.dibbs.bsm.dla.mil/rfq/rfqrec.aspx?sn=SPE4A626T543Q,HOUSING,7,20260930T155924Z,0001S00000052,GOVERNMENT FIRST ARTIC,B,______,1.0,83259 | 638112-1 | PARKER-HANNIFIN CORPORATION,,2026-01-22,2026-01-29,HOUSING; PLATE,DIBBS|SPE4A626T543Q|0001S00000052,First article test line - not a product line
SPE4A626T58H9,0001S00000052,SPE4A626T58H9,05-15-2026,05-22-2026,2026-08-21 02:41:27,Origin,Origin,Tech,7016752793,https://dibbs2.bsm.dla.mil/Downloads/RFQ/9/SPE4A626T58H9.PDF,https://www.dibbs.bsm.dla.mil/RFQ/RFQRec.aspx?sn=SPE4A626T58H9,https://www.dibbs.bsm.dla.mil/rfq/rfqrec.aspx?sn=SPE4A626T58H9,HOUSING,7,20260930T155924Z,0001S00000052,GOVERNMENT FIRST ARTIC,G,______,1.0,,,2026-05-15,2026-05-22,HOUSING,DIBBS|SPE4A626T58H9|0001S00000052,First article test line - not a product line
SPE4A625T39QZ,0001S00000052,SPE4A625T39QZ,09-10-2025,09-17-2025,2026-08-21 02:41:27,Origin,Origin,Tech,7013561623,https://dibbs2.bsm.dla.mil/Downloads/RFQ/Z/SPE4A625T39QZ.PDF,https://www.dibbs.bsm.dla.mil/RFQ/RFQRec.aspx?sn=SPE4A625T39QZ,https://www.dibbs.bsm.dla.mil/rfq/rfqrec.aspx?sn=SPE4A625T39QZ,HOUSING,7,20260930T155924Z,0001S00000052,GOVERNMENT FIRST ARTIC,C,______,1.0,00QR4 | 60034-315-11 | EDEL ENGINEERING DEVELOPMENT CO.,,2025-09-10,2025-09-17,HOUSING; SWITCH,DIBBS|SPE4A625T39QZ|0001S00000052,First article test line - not a product line
SPE4A625T39YA,0001S00000052,SPE4A625T39YA,09-10-2025,09-17-2025,2026-08-21 02:41:27,Origin,Origin,Tech,7013430185,https://dibbs2.bsm.dla.mil/Downloads/RFQ/A/SPE4A625T39YA.PDF,https://www.dibbs.bsm.dla.mil/RFQ/RFQRec.aspx?sn=SPE4A625T39YA,https://www.dibbs.bsm.dla.mil/rfq/rfqrec.aspx?sn=SPE4A625T39YA,HOUSING,7,20260930T155924Z,0001S00000052,GOVERNMENT FIRST ARTIC,G,______,1.0,,,2025-09-10,2025-09-17,HOUSING,DIBBS|SPE4A625T39YA|0001S00000052,First article test line - not a product line
SPE4A726T459J,0001S00000052,SPE4A726T459J,06-05-2026,06-12-2026,2026-08-21 02:41:27,Origin,Origin,Tech,7017011311,https://dibbs2.bsm.dla.mil/Downloads/RFQ/J/SPE4A726T459J.PDF,https://www.dibbs.bsm.dla.mil/RFQ/RFQRec.aspx?sn=SPE4A726T459J,https://www.dibbs.bsm.dla.mil/rfq/rfqrec.aspx?sn=SPE4A726T459J,HOUSING,7,20260930T155924Z,0001S00000052,GOVERNMENT FIRST ARTIC,G,______,1.0,,,2026-06-05,2026-06-12,HOUSING,DIBBS|SPE4A726T459J|0001S00000052,First article test line - not a product line
SPE4A626T11P3,0001S00000052,SPE4A626T11P3,04-03-2026,04-10-2026,2026-08-21 02:41:27,Origin,Origin,Tech,7014545058,https://dibbs2.bsm.dla.mil/Downloads/RFQ/3/SPE4A626T11P3.PDF,https://www.dibbs.bsm.dla.mil/RFQ/RFQRec.aspx?sn=SPE4A626T11P3,https://www.dibbs.bsm.dla.mil/rfq/rfqrec.aspx?sn=SPE4A626T11P3,HOUSING,7,20260930T155924Z,0001S00000052,GOVERNMENT FIRST ARTIC,G,______,1.0,,,2026-04-03,2026-04-10,HOUSING,DIBBS|SPE4A626T11P3|0001S00000052,First article test line - not a product line
SPE4A626T12Q0,0001S00000052,SPE4A626T12Q0,04-07-2026,04-14-2026,2026-08-21 02:41:27,Origin,Origin,Tech,7016195546,https://dibbs2.bsm.dla.mil/Downloads/RFQ/0/SPE4A626T12Q0.PDF,https://www.dibbs.bsm.dla.mil/RFQ/RFQRec.aspx?sn=SPE4A626T12Q0,https://www.dibbs.bsm.dla.mil/rfq/rfqrec.aspx?sn=SPE4A626T12Q0,HOUSING,7,20260930T155924Z,0001S00000052,GOVERNMENT FIRST ARTIC,G,______,1.0,,,2026-04-07,2026-04-14,HOUSING,DIBBS|SPE4A626T12Q0|0001S00000052,First article test line - not a product line
SPE4A626T26Y1,0001S00000052,SPE4A626T26Y1,04-21-2026,04-28-2026,2026-08-21 02:41:27,Origin,Origin,Tech,7016336067,https://dibbs2.bsm.dla.mil/Downloads/RFQ/1/SPE4A626T26Y1.PDF,https://www.dibbs.bsm.dla.mil/RFQ/RFQRec.aspx?sn=SPE4A626T26Y1,https://www.dibbs.bsm.dla.mil/rfq/rfqrec.aspx?sn=SPE4A626T26Y1,HOUSING,7,20260930T155924Z,0001S00000052,GOVERNMENT FIRST ARTIC,G,______,1.0,,,2026-04-21,2026-04-28,HOUSING,DIBBS|SPE4A626T26Y1|0001S00000052,First article test line - not a product line
SPE4A626T5528,0001S00000052,SPE4A626T5528,10-22-2025,10-29-2025,2026-08-21 02:41:27,Origin,Origin,Tech,7014232997,https://dibbs2.bsm.dla.mil/Downloads/RFQ/8/SPE4A626T5528.PDF,https://www.dibbs.bsm.dla.mil/RFQ/RFQRec.aspx?sn=SPE4A626T5528,https://www.dibbs.bsm.dla.mil/rfq/rfqrec.aspx?sn=SPE4A626T5528,HOUSING,7,20260930T155924Z,0001S00000052,GOVERNMENT FIRST ARTIC,G,______,1.0,,,2025-10-22,2025-10-29,HOUSING,DIBBS|SPE4A626T5528|0001S00000052,First article test line - not a product line
SPE4A626T60P6,0001S00000052,SPE4A626T60P6,05-19-2026,05-26-2026,2026-08-21 02:41:27,Origin,Origin,Tech,7016677001,https://dibbs2.bsm.dla.mil/Downloads/RFQ/6/SPE4A626T60P6.PDF,https://www.dibbs.bsm.dla.mil/RFQ/RFQRec.aspx?sn=SPE4A626T60P6,https://www.dibbs.bsm.dla.mil/rfq/rfqrec.aspx?sn=SPE4A626T60P6,HOUSING,7,20260930T155924Z,0001S00000052,GOVERNMENT FIRST ARTIC,G,______,1.0,,,2026-05-19,2026-05-26,HOUSING,DIBBS|SPE4A626T60P6|0001S00000052,First article test line - not a product line
SPE4A626T6916,0001S00000052,SPE4A626T6916,10-30-2025,11-06-2025,2026-08-21 02:41:27,Origin,Origin,Tech,7014321579,https://dibbs2.bsm.dla.mil/Downloads/RFQ/6/SPE4A626T6916.PDF,https://www.dibbs.bsm.dla.mil/RFQ/RFQRec.aspx?sn=SPE4A626T6916,https://www.dibbs.bsm.dla.mil/rfq/rfqrec.aspx?sn=SPE4A626T6916,HOUSING,7,20260930T155924Z,0001S00000052,GOVERNMENT FIRST ARTIC,G,______,1.0,,,2025-10-30,2025-11-06,HOUSING,DIBBS|SPE4A626T6916|0001S00000052,First article test line - not a product line
SPE7M126Q1090,0001S00000052,SPE7M126Q1090,06-16-2026,06-30-2026,2026-08-21 02:41:27,Origin,Origin,Tech,7009806403,https://dibbs2.bsm.dla.mil/Downloads/RFQ/0/SPE7M126Q1090.PDF,https://www.dibbs.bsm.dla.mil/RFQ/RFQRec.aspx?sn=SPE7M126Q1090,https://www.dibbs.bsm.dla.mil/rfq/rfqrec.aspx?sn=SPE7M126Q1090,HOUSING,7,20260930T155924Z,0001S00000052,GOVERNMENT FIRST ARTIC,C,000000,1.0,79318 | 320135 | MEGGITT NORTH HOLLYWOOD INC,,2026-06-16,2026-06-30,HOUSING; MARKING,DIBBS|SPE7M126Q1090|0001S00000052,First article test line - not a product line
SPE4A626T16VF,0001S00000053,SPE4A626T16VF,08-14-2026,08-21-2026,2026-08-21 02:41:27,Origin,Origin,Tech,7017408821,https://dibbs2.bsm.dla.mil/Downloads/RFQ/F/SPE4A626T16VF.PDF,https://www.dibbs.bsm.dla.mil/RFQ/RFQRec.aspx?sn=SPE4A626T16VF,https://www.dibbs.bsm.dla.mil/rfq/rfqrec.aspx?sn=SPE4A626T16VF,HOUSING,7,20260930T155924Z,0001S00000053,CONTRACTOR FIRST ARTIC,G,______,1.0,,,2026-08-14,2026-08-21,HOUSING,DIBBS|SPE4A626T16VF|0001S00000053,First article test line - not a product line
SPE4A726T203F,0001S00000052,SPE4A726T203F,04-07-2026,04-14-2026,2026-08-21 02:41:27,Origin,Origin,Tech,7015954965,https://dibbs2.bsm.dla.mil/Downloads/RFQ/F/SPE4A726T203F.PDF,https://www.dibbs.bsm.dla.mil/RFQ/RFQRec.aspx?sn=SPE4A726T203F,https://www.dibbs.bsm.dla.mil/rfq/rfqrec.aspx?sn=SPE4A726T203F,HOUSING,7,20260930T155924Z,0001S00000052,GOVERNMENT FIRST ARTIC,G,______,1.0,,,2026-04-07,2026-04-14,HOUSING,DIBBS|SPE4A726T203F|0001S00000052,First article test line - not a product line
SPE4A526T080D,0001S00000052,SPE4A526T080D,04-21-2026,04-28-2026,2026-08-21 02:41:27,Origin,Origin,Tech,7016336864,https://dibbs2.bsm.dla.mil/Downloads/RFQ/D/SPE4A526T080D.PDF,https://www.dibbs.bsm.dla.mil/RFQ/RFQRec.aspx?sn=SPE4A526T080D,https://www.dibbs.bsm.dla.mil/rfq/rfqrec.aspx?sn=SPE4A526T080D,HOUSING,7,20260930T155924Z,0001S00000052,GOVERNMENT FIRST ARTIC,G,______,1.0,,,2026-04-21,2026-04-28,HOUSING,DIBBS|SPE4A526T080D|0001S00000052,First article test line - not a product line
SPE4A626T01WH,0001S00000052,SPE4A626T01WH,06-30-2026,07-07-2026,2026-08-21 02:41:27,Origin,Origin,None,7016327542,https://dibbs2.bsm.dla.mil/Downloads/RFQ/H/SPE4A626T01WH.PDF,https://www.dibbs.bsm.dla.mil/RFQ/RFQRec.aspx?sn=SPE4A626T01WH,https://www.dibbs.bsm.dla.mil/rfq/rfqrec.aspx?sn=SPE4A626T01WH,HOUSING,7,20260930T155924Z,0001S00000052,GOVERNMENT FIRST ARTIC,R,______,1.0,81205 | 29-46772-7 | THE BOEING COMPANY,,2026-06-30,2026-07-07,HOUSING,DIBBS|SPE4A626T01WH|0001S00000052,First article test line - not a product line
SPE4A626T16D8,0001S00000052,SPE4A626T16D8,04-09-2026,04-16-2026,2026-08-21 02:41:27,Origin,Origin,Tech,7016049897,https://dibbs2.bsm.dla.mil/Downloads/RFQ/8/SPE4A626T16D8.PDF,https://www.dibbs.bsm.dla.mil/RFQ/RFQRec.aspx?sn=SPE4A626T16D8,https://www.dibbs.bsm.dla.mil/rfq/rfqrec.aspx?sn=SPE4A626T16D8,HOUSING,7,20260930T155924Z,0001S00000052,GOVERNMENT FIRST ARTIC,G,______,1.0,,,2026-04-09,2026-04-16,HOUSING,DIBBS|SPE4A626T16D8|0001S00000052,First article test line - not a product line
SPE7L725T5589,0001S00000053,SPE7L725T5589,08-04-2025,08-14-2025,2026-08-21 02:41:27,Origin,Origin,Tech,7012718930,https://dibbs2.bsm.dla.mil/Downloads/RFQ/9/SPE7L725T5589.PDF,https://www.dibbs.bsm.dla.mil/RFQ/RFQRec.aspx?sn=SPE7L725T5589,https://www.dibbs.bsm.dla.mil/rfq/rfqrec.aspx?sn=SPE7L725T5589,HOUSING,7,20260930T155924Z,0001S00000053,CONTRACTOR FIRST ARTIC,G,______,1.0,,,2025-08-04,2025-08-14,HOUSING,DIBBS|SPE7L725T5589|0001S00000053,First article test line - not a product line
SPE4A125T5054,0001S00000052,SPE4A125T5054,06-27-2025,07-07-2025,2026-08-21 02:41:27,Origin,Origin,Tech,7012763900,https://dibbs2.bsm.dla.mil/Downloads/RFQ/4/SPE4A125T5054.PDF,https://www.dibbs.bsm.dla.mil/RFQ/RFQRec.aspx?sn=SPE4A125T5054,https://www.dibbs.bsm.dla.mil/rfq/rfqrec.aspx?sn=SPE4A125T5054,HOUSING,7,20260930T155924Z,0001S00000052,GOVERNMENT FIRST ARTIC,C,______,1.0,"56878 | BE1218-3-00 | SPS TECHNOLOGIES, LLC",,2025-06-27,2025-07-07,HOUSING,DIBBS|SPE4A125T5054|0001S00000052,First article test line - not a product line
SPE4A626T722C,0001S00000052,SPE4A626T722C,02-18-2026,02-25-2026,2026-08-21 02:41:27,Origin,Origin,Tech,7015546268,https://dibbs2.bsm.dla.mil/Downloads/RFQ/C/SPE4A626T722C.PDF,https://www.dibbs.bsm.dla.mil/RFQ/RFQRec.aspx?sn=SPE4A626T722C,https://www.dibbs.bsm.dla.mil/rfq/rfqrec.aspx?sn=SPE4A626T722C,HOUSING,7,20260930T155924Z,0001S00000052,GOVERNMENT FIRST ARTIC,G,______,1.0,,,2026-02-18,2026-02-25,HOUSING,DIBBS|SPE4A626T722C|0001S00000052,First article test line - not a product line
SPE4A526T042B,0001S00000052,SPE4A526T042B,04-01-2026,04-08-2026,2026-08-21 02:41:27,Origin,Origin,Tech,7015854242,https://dibbs2.bsm.dla.mil/Downloads/RFQ/B/SPE4A526T042B.PDF,https://www.dibbs.bsm.dla.mil/RFQ/RFQRec.aspx?sn=SPE4A526T042B,https://www.dibbs.bsm.dla.mil/rfq/rfqrec.aspx?sn=SPE4A526T042B,HOUSING,7,20260930T155924Z,0001S00000052,GOVERNMENT FIRST ARTIC,R,______,1.0,81205 | 25-75778-1 | THE BOEING COMPANY,,2026-04-01,2026-04-08,HOUSING,DIBBS|SPE4A526T042B|0001S00000052,First article test line - not a product line
SPE4A526T3477,0001S00000052,SPE4A526T3477,11-18-2025,11-25-2025,2026-08-21 02:41:27,Origin,Origin,Tech,7014490110,https://dibbs2.bsm.dla.mil/Downloads/RFQ/7/SPE4A526T3477.PDF,https://www.dibbs.bsm.dla.mil/RFQ/RFQRec.aspx?sn=SPE4A526T3477,https://www.dibbs.bsm.dla.mil/rfq/rfqrec.aspx?sn=SPE4A526T3477,HOUSING,7,20260930T155924Z,0001S00000052,GOVERNMENT FIRST ARTIC,G,______,1.0,,,2025-11-18,2025-11-25,HOUSING,DIBBS|SPE4A526T3477|0001S00000052,First article test line - not a product line
SPE4A726T631W,0001S00000052,SPE4A726T631W,08-10-2026,08-17-2026,2026-08-21 02:41:27,Origin,Origin,Tech,7017720750,https://dibbs2.bsm.dla.mil/Downloads/RFQ/W/SPE4A726T631W.PDF,https://www.dibbs.bsm.dla.mil/RFQ/RFQRec.aspx?sn=SPE4A726T631W,https://www.dibbs.bsm.dla.mil/rfq/rfqrec.aspx?sn=SPE4A726T631W,HOUSING,7,20260930T155924Z,0001S00000052,GOVERNMENT FIRST ARTIC,C,______,1.0,3R930 | 990024-105 | RIPA ENGINEERING CORP,,2026-08-10,2026-08-17,HOUSING,DIBBS|SPE4A726T631W|0001S00000052,First article test line - not a product line
SPE7MC26T143U,0001S00000052,SPE7MC26T143U,07-22-2026,08-03-2026,2026-08-21 02:41:27,Origin,Origin,None,7009696990,https://dibbs2.bsm.dla.mil/Downloads/RFQ/U/SPE7MC26T143U.PDF,https://www.dibbs.bsm.dla.mil/RFQ/RFQRec.aspx?sn=SPE7MC26T143U,https://www.dibbs.bsm.dla.mil/rfq/rfqrec.aspx?sn=SPE7MC26T143U,HOUSING,7,20260930T155924Z,0001S00000052,GOVERNMENT FIRST ARTIC,R,______,1.0,"1Y249 | 26468-1 | AAR SUPPLY CHAIN, INC",,2026-07-22,2026-08-03,HOUSING,DIBBS|SPE7MC26T143U|0001S00000052,First article test line - not a product line
SPE4A626Q1508,0001S00000053,SPE4A626Q1508,09-29-2026,10-10-2026,2026-09-29 10:03:39,Origin,Origin,Tech,7016845494,https://dibbs2.bsm.dla.mil/Downloads/RFQ/8/SPE4A626Q1508.PDF,https://www.dibbs.bsm.dla.mil/RFQ/RFQRec.aspx?sn=SPE4A626Q1508,https://www.dibbs.bsm.dla.mil/rfq/rfqrec.aspx?sn=SPE4A626Q1508,INDICATOR,1,20260930T155938Z,0001S00000053,CONTRACTOR FIRST ARTIC,P,332722,1.0,"56878 | BACB30ST12-39 | SPS TECHNOLOGIES, LLC",,2026-09-29,2026-10-10,BOX; FUEL; INDICATOR; PLATE,DIBBS|SPE4A626Q1508|0001S00000053,First article test line - not a product line
SPE8EG26Q0010,0001S00000052,SPE8EG26Q0010,09-25-2026,10-26-2026,2026-09-25 09:17:01,Origin,Origin,Tech,7014488387,https://dibbs2.bsm.dla.mil/Downloads/RFQ/0/SPE8EG26Q0010.PDF,https://www.dibbs.bsm.dla.mil/RFQ/RFQRec.aspx?sn=SPE8EG26Q0010,https://www.dibbs.bsm.dla.mil/rfq/rfqrec.aspx?sn=SPE8EG26Q0010,INDICATOR,1,20260930T155938Z,0001S00000052,GOVERNMENT FIRST ARTIC,G,000000,1.0,,,2026-09-25,2026-10-26,BOX; FUEL; INDICATOR; MARKING,DIBBS|SPE8EG26Q0010|0001S00000052,First article test line - not a product line
SPE8EG26Q0010,0001S00000061,SPE8EG26Q0010,09-25-2026,10-26-2026,2026-09-25 09:17:01,Origin,Origin,Tech,7014488387,https://dibbs2.bsm.dla.mil/Downloads/RFQ/0/SPE8EG26Q0010.PDF,https://www.dibbs.bsm.dla.mil/RFQ/RFQRec.aspx?sn=SPE8EG26Q0010,https://www.dibbs.bsm.dla.mil/rfq/rfqrec.aspx?sn=SPE8EG26Q0010,INDICATOR,1,20260930T155938Z,0001S00000061,PRODUCTION LOT TESTING,G,000000,1.0,,,2026-09-25,2026-10-26,BOX; FUEL; INDICATOR; MARKING,DIBBS|SPE8EG26Q0010|0001S00000061,First article test line - not a product line
SPE4A627Q0005,0001S00000053,SPE4A627Q0005,09-25-2026,10-09-2026,2026-09-24 01:47:17,Origin,Origin,None,7017356948,https://dibbs2.bsm.dla.mil/Downloads/RFQ/5/SPE4A627Q0005.PDF,https://www.dibbs.bsm.dla.mil/RFQ/RFQRec.aspx?sn=SPE4A627Q0005,https://www.dibbs.bsm.dla.mil/rfq/rfqrec.aspx?sn=SPE4A627Q0005,INDICATOR,1,20260930T155938Z,0001S00000053,CONTRACTOR FIRST ARTIC,C,000000,1.0,"2T575 | 4009841P15 | PARAMOUNT MACHINE COMPANY, INC.",,2026-09-25,2026-10-09,FUEL; INDICATOR,DIBBS|SPE4A627Q0005|0001S00000053,First article test line - not a product line
SPE4A726Q1125,0001S00000052,SPE4A726Q1125,09-23-2026,10-02-2026,2026-09-23 09:03:02,Origin,Origin,Tech,7017528757,https://dibbs2.bsm.dla.mil/Downloads/RFQ/5/SPE4A726Q1125.PDF,https://www.dibbs.bsm.dla.mil/RFQ/RFQRec.aspx?sn=SPE4A726Q1125,https://www.dibbs.bsm.dla.mil/rfq/rfqrec.aspx?sn=SPE4A726Q1125,INDICATOR,1,20260930T155938Z,0001S00000052,GOVERNMENT FIRST ARTIC,C,336413,1.0,"06DM5 | L2100041-008 | INFINITY FABRICATION, INC.",,2026-09-23,2026-10-02,BOX; FUEL; INDICATOR; LEGEND,DIBBS|SPE4A726Q1125|0001S00000052,First article test line - not a product line
SPE7M226Q0818,0001S00000046,SPE7M226Q0818,09-23-2026,10-06-2026,2026-09-22 04:50:00,Origin,Origin,None,7017983411,https://dibbs2.bsm.dla.mil/Downloads/RFQ/8/SPE7M226Q0818.PDF,https://www.dibbs.bsm.dla.mil/RFQ/RFQRec.aspx?sn=SPE7M226Q0818,https://www.dibbs.bsm.dla.mil/rfq/rfqrec.aspx?sn=SPE7M226Q0818,INDICATOR,1,20260930T155938Z,0001S00000046,MISCELLANEOUS,C,444190,3.0,"58078 | 12-42268-2 | AIRTRONICS, LLC",,2026-09-23,2026-10-06,BOX; FUEL; INDICATOR; MARKING,DIBBS|SPE7M226Q0818|0001S00000046,First article test line - not a product line
SPE7M226Q0818,0001S00000053,SPE7M226Q0818,09-23-2026,10-06-2026,2026-09-22 04:50:00,Origin,Origin,None,7017983411,https://dibbs2.bsm.dla.mil/Downloads/RFQ/8/SPE7M226Q0818.PDF,https://www.dibbs.bsm.dla.mil/RFQ/RFQRec.aspx?sn=SPE7M226Q0818,https://www.dibbs.bsm.dla.mil/rfq/rfqrec.aspx?sn=SPE7M226Q0818,INDICATOR,1,20260930T155938Z,0001S00000053,CONTRACTOR FIRST ARTIC,C,000000,1.0,"58078 | 12-42268-2 | AIRTRONICS, LLC",,2026-09-23,2026-10-06,BOX; FUEL; INDICATOR; MARKING,DIBBS|SPE7M226Q0818|0001S00000053,First article test line - not a product line
SPE7M226Q0817,0001S00000046,SPE7M226Q0817,09-23-2026,10-06-2026,2026-09-22 02:34:38,Origin,Origin,Tech,7017982486,https://dibbs2.bsm.dla.mil/Downloads/RFQ/7/SPE7M226Q0817.PDF,https://www.dibbs.bsm.dla.mil/RFQ/RFQRec.aspx?sn=SPE7M226Q0817,https://www.dibbs.bsm.dla.mil/rfq/rfqrec.aspx?sn=SPE7M226Q0817,INDICATOR,1,20260930T155938Z,0001S00000046,MISCELLANEOUS,C,444190,2.0,"55560 | 524686-1 | CONNECTICUT VALLEY INDUSTRIES, LLC",,2026-09-23,2026-10-06,BOX; FUEL; INDICATOR; MARKING,DIBBS|SPE7M226Q0817|0001S00000046,First article test line - not a product line
SPE7M226Q0817,0001S00000053,SPE7M226Q0817,09-23-2026,10-06-2026,2026-09-22 02:34:38,Origin,Origin,Tech,7017982486,https://dibbs2.bsm.dla.mil/Downloads/RFQ/7/SPE7M226Q0817.PDF,https://www.dibbs.bsm.dla.mil/RFQ/RFQRec.aspx?sn=SPE7M226Q0817,https://www.dibbs.bsm.dla.mil/rfq/rfqrec.aspx?sn=SPE7M226Q0817,INDICATOR,1,20260930T155938Z,0001S00000053,CONTRACTOR FIRST ARTIC,C,000000,1.0,"55560 | 524686-1 | CONNECTICUT VALLEY INDUSTRIES, LLC",,2026-09-23,2026-10-06,BOX; FUEL; INDICATOR; MARKING,DIBBS|SPE7M226Q0817|0001S00000053,First article test line - not a product line
SPE7L526Q0176,0001S00000053,SPE7L526Q0176,09-22-2026,10-01-2026,2026-09-22 02:34:38,Origin,Origin,None,7017777568,https://dibbs2.bsm.dla.mil/Downloads/RFQ/6/SPE7L526Q0176.PDF,https://www.dibbs.bsm.dla.mil/RFQ/RFQRec.aspx?sn=SPE7L526Q0176,https://www.dibbs.bsm.dla.mil/rfq/rfqrec.aspx?sn=SPE7L526Q0176,INDICATOR,1,20260930T155938Z,0001S00000053,CONTRACTOR FIRST ARTIC,R,333612,1.0,06848 | 2686159 | HONEYWELL INTERNATIONAL INC,,2026-09-22,2026-10-01,BOX; INDICATOR,DIBBS|SPE7L526Q0176|0001S00000053,First article test line - not a product line
SPE4A626Q1468,0001S00000052,SPE4A626Q1468,09-22-2026,09-24-2026,2026-09-22 11:04:19,Origin,Origin,Tech,7016880270; 7017010904; 7017571738,https://dibbs2.bsm.dla.mil/Downloads/RFQ/8/SPE4A626Q1468.PDF,https://www.dibbs.bsm.dla.mil/RFQ/RFQRec.aspx?sn=SPE4A626Q1468,https://www.dibbs.bsm.dla.mil/rfq/rfqrec.aspx?sn=SPE4A626Q1468,INDICATOR,1,20260930T155938Z,0001S00000052,GOVERNMENT FIRST ARTIC,C,000000,3.0,0DR48 | 5099599 | ALEKTRONICS INC,,2026-09-22,2026-09-24,BOX; CABLE ASSEMBLY; FUEL; INDICATOR; MARKING,DIBBS|SPE4A626Q1468|0001S00000052,First article test line - not a product line
SPE4A726Q1118,0001S00000052,SPE4A726Q1118,09-20-2026,10-01-2026,2026-09-22 08:03:56,Origin,Origin,None,7017712393,https://dibbs2.bsm.dla.mil/Downloads/RFQ/8/SPE4A726Q1118.PDF,https://www.dibbs.bsm.dla.mil/RFQ/RFQRec.aspx?sn=SPE4A726Q1118,https://www.dibbs.bsm.dla.mil/rfq/rfqrec.aspx?sn=SPE4A726Q1118,INDICATOR,1,20260930T155938Z,0001S00000052,GOVERNMENT FIRST ARTIC,G,336413,1.0,,,2026-09-20,2026-10-01,BOX; FUEL; INDICATOR; LEGEND; MARKING,DIBBS|SPE4A726Q1118|0001S00000052,First article test line - not a product line
SPE7M226Q0815,0001S00000046,SPE7M226Q0815,09-22-2026,10-02-2026,2026-09-21 12:48:52,Origin,Origin,Tech,7017986053,https://dibbs2.bsm.dla.mil/Downloads/RFQ/5/SPE7M226Q0815.PDF,https://www.dibbs.bsm.dla.mil/RFQ/RFQRec.aspx?sn=SPE7M226Q0815,https://www.dibbs.bsm.dla.mil/rfq/rfqrec.aspx?sn=SPE7M226Q0815,INDICATOR,1,20260930T155938Z,0001S00000046,MISCELLANEOUS,C,444190,7.0,No | Data | found,,2026-09-22,2026-10-02,BOX; FUEL; INDICATOR; MARKING,DIBBS|SPE7M226Q0815|0001S00000046,First article test line - not a product line
SPE7M226Q0815,0001S00000053,SPE7M226Q0815,09-22-2026,10-02-2026,2026-09-21 12:48:52,Origin,Origin,Tech,7017986053,https://dibbs2.bsm.dla.mil/Downloads/RFQ/5/SPE7M226Q0815.PDF,https://www.dibbs.bsm.dla.mil/RFQ/RFQRec.aspx?sn=SPE7M226Q0815,https://www.dibbs.bsm.dla.mil/rfq/rfqrec.aspx?sn=SPE7M226Q0815,INDICATOR,1,20260930T155938Z,0001S00000053,CONTRACTOR FIRST ARTIC,C,000000,1.0,No | Data | found,,2026-09-22,2026-10-02,BOX; FUEL; INDICATOR; MARKING,DIBBS|SPE7M226Q0815|0001S00000053,First article test line - not a product line
SPE7M226Q0806,0001S00000046,SPE7M226Q0806,09-18-2026,10-01-2026,2026-09-17 10:40:11,Origin,Origin,Tech,7016269718,https://dibbs2.bsm.dla.mil/Downloads/RFQ/6/SPE7M226Q0806.PDF,https://www.dibbs.bsm.dla.mil/RFQ/RFQRec.aspx?sn=SPE7M226Q0806,https://www.dibbs.bsm.dla.mil/rfq/rfqrec.aspx?sn=SPE7M226Q0806,INDICATOR,1,20260930T155938Z,0001S00000046,MISCELLANEOUS,B,444190,2.0,00624 | AE94063M | EATON AEROQUIP LLC,,2026-09-18,2026-10-01,BOX; FUEL; INDICATOR; MARKING,DIBBS|SPE7M226Q0806|0001S00000046,First article test line - not a product line
SPE7M226Q0806,0001S00000053,SPE7M226Q0806,09-18-2026,10-01-2026,2026-09-17 10:40:11,Origin,Origin,Tech,7016269718,https://dibbs2.bsm.dla.mil/Downloads/RFQ/6/SPE7M226Q0806.PDF,https://www.dibbs.bsm.dla.mil/RFQ/RFQRec.aspx?sn=SPE7M226Q0806,https://www.dibbs.bsm.dla.mil/rfq/rfqrec.aspx?sn=SPE7M226Q0806,INDICATOR,1,20260930T155938Z,0001S00000053,CONTRACTOR FIRST ARTIC,B,000000,1.0,00624 | AE94063M | EATON AEROQUIP LLC,,2026-09-18,2026-10-01,BOX; FUEL; INDICATOR; MARKING,DIBBS|SPE7M226Q0806|0001S00000053,First article test line - not a product line
SPE4A726Q1108,0001S00000052,SPE4A726Q1108,09-15-2026,09-29-2026,2026-09-15 01:22:44,Origin,Origin,Tech,7014871375,https://dibbs2.bsm.dla.mil/Downloads/RFQ/8/SPE4A726Q1108.PDF,https://www.dibbs.bsm.dla.mil/RFQ/RFQRec.aspx?sn=SPE4A726Q1108,https://www.dibbs.bsm.dla.mil/rfq/rfqrec.aspx?sn=SPE4A726Q1108,INDICATOR,1,20260930T155938Z,0001S00000052,GOVERNMENT FIRST ARTIC,C,336413,1.0,015P0 | L1201019-002 | 030N1	L1201019-002,,2026-09-15,2026-09-29,BOX; FUEL; INDICATOR; LEGEND; MARKING,DIBBS|SPE4A726Q1108|0001S00000052,First article test line - not a product line
SPE7L126Q1638,0001S00000053,SPE7L126Q1638,09-14-2026,09-22-2026,2026-09-14 10:56:54,Origin,Origin,Tech,7011114418,https://dibbs2.bsm.dla.mil/Downloads/RFQ/8/SPE7L126Q1638.PDF,https://www.dibbs.bsm.dla.mil/RFQ/RFQRec.aspx?sn=SPE7L126Q1638,https://www.dibbs.bsm.dla.mil/rfq/rfqrec.aspx?sn=SPE7L126Q1638,INDICATOR,1,20260930T155938Z,0001S00000053,CONTRACTOR FIRST ARTIC,C,333613,1.0,No | Data | found,,2026-09-14,2026-09-22,INDICATOR; MARKING,DIBBS|SPE7L126Q1638|0001S00000053,First article test line - not a product line
SPE7L126Q1638,0001S00000061,SPE7L126Q1638,09-14-2026,09-22-2026,2026-09-14 10:56:54,Origin,Origin,Tech,7011114418,https://dibbs2.bsm.dla.mil/Downloads/RFQ/8/SPE7L126Q1638.PDF,https://www.dibbs.bsm.dla.mil/RFQ/RFQRec.aspx?sn=SPE7L126Q1638,https://www.dibbs.bsm.dla.mil/rfq/rfqrec.aspx?sn=SPE7L126Q1638,INDICATOR,1,20260930T155938Z,0001S00000061,PRODUCTION LOT TESTING,C,333613,1.0,No | Data | found,,2026-09-14,2026-09-22,INDICATOR; MARKING,DIBBS|SPE7L126Q1638|0001S00000061,First article test line - not a product line
SPE4A726Q1069,0001S00000052,SPE4A726Q1069,09-10-2026,09-15-2026,2026-09-11 07:12:50,Origin,Origin,None,7017409812,https://dibbs2.bsm.dla.mil/Downloads/RFQ/9/SPE4A726Q1069.PDF,https://www.dibbs.bsm.dla.mil/RFQ/RFQRec.aspx?sn=SPE4A726Q1069,https://www.dibbs.bsm.dla.mil/rfq/rfqrec.aspx?sn=SPE4A726Q1069,INDICATOR,1,20260930T155938Z,0001S00000052,GOVERNMENT FIRST ARTIC,C,336419,1.0,64537 | 11442554 | CAES SYSTEMS LLC,,2026-09-10,2026-09-15,BOX; FUEL; INDICATOR; MARKING,DIBBS|SPE4A726Q1069|0001S00000052,First article test line - not a product line
SPE4A726Q1069,0001S00000061,SPE4A726Q1069,09-10-2026,09-15-2026,2026-09-11 07:12:50,Origin,Origin,None,7017409812,https://dibbs2.bsm.dla.mil/Downloads/RFQ/9/SPE4A726Q1069.PDF,https://www.dibbs.bsm.dla.mil/RFQ/RFQRec.aspx?sn=SPE4A726Q1069,https://www.dibbs.bsm.dla.mil/rfq/rfqrec.aspx?sn=SPE4A726Q1069,INDICATOR,1,20260930T155938Z,0001S00000061,PRODUCTION LOT TESTING,C,336418,1.0,64537 | 11442554 | CAES SYSTEMS LLC,,2026-09-10,2026-09-15,BOX; FUEL; INDICATOR; MARKING,DIBBS|SPE4A726Q1069|0001S00000061,First article test line - not a product line
SPE4A626Q1402,0001S00000052,SPE4A626Q1402,09-01-2026,09-08-2026,2026-09-01 11:39:14,Origin,Origin,Tech,7012147025,https://dibbs2.bsm.dla.mil/Downloads/RFQ/2/SPE4A626Q1402.PDF,https://www.dibbs.bsm.dla.mil/RFQ/RFQRec.aspx?sn=SPE4A626Q1402,https://www.dibbs.bsm.dla.mil/rfq/rfqrec.aspx?sn=SPE4A626Q1402,INDICATOR,1,20260930T155938Z,0001S00000052,GOVERNMENT FIRST ARTIC,C,000000,1.0,No | Data | found,,2026-09-01,2026-09-08,BOX; FUEL; INDICATOR,DIBBS|SPE4A626Q1402|0001S00000052,First article test line - not a product line
SPE4A726Q1087,0001S00000052,SPE4A726Q1087,09-01-2026,09-10-2026,2026-09-01 07:45:00,Origin,Origin,None,7017838899,https://dibbs2.bsm.dla.mil/Downloads/RFQ/7/SPE4A726Q1087.PDF,https://www.dibbs.bsm.dla.mil/RFQ/RFQRec.aspx?sn=SPE4A726Q1087,https://www.dibbs.bsm.dla.mil/rfq/rfqrec.aspx?sn=SPE4A726Q1087,INDICATOR,1,20260930T155938Z,0001S00000052,GOVERNMENT FIRST ARTIC,C,000000,1.0,64537 | 11442554 | CAES SYSTEMS LLC,,2026-09-01,2026-09-10,FUEL; INDICATOR; MARKING,DIBBS|SPE4A726Q1087|0001S00000052,First article test line - not a product line
SPE4A726Q1087,0001S00000061,SPE4A726Q1087,09-01-2026,09-10-2026,2026-09-01 07:45:00,Origin,Origin,None,7017838899,https://dibbs2.bsm.dla.mil/Downloads/RFQ/7/SPE4A726Q1087.PDF,https://www.dibbs.bsm.dla.mil/RFQ/RFQRec.aspx?sn=SPE4A726Q1087,https://www.dibbs.bsm.dla.mil/rfq/rfqrec.aspx?sn=SPE4A726Q1087,INDICATOR,1,20260930T155938Z,0001S00000061,PRODUCTION LOT TESTING,C,000000,1.0,64537 | 11442554 | CAES SYSTEMS LLC,,2026-09-01,2026-09-10,FUEL; INDICATOR; MARKING,DIBBS|SPE4A726Q1087|0001S00000061,First article test line - not a product line
SPE7L126Q1566,0001S00000053,SPE7L126Q1566,08-28-2026,09-04-2026,2026-08-27 01:10:22,Origin,Origin,Tech,7017985997,https://dibbs2.bsm.dla.mil/Downloads/RFQ/6/SPE7L126Q1566.PDF,https://www.dibbs.bsm.dla.mil/RFQ/RFQRec.aspx?sn=SPE7L126Q1566,https://www.dibbs.bsm.dla.mil/rfq/rfqrec.aspx?sn=SPE7L126Q1566,INDICATOR,1,20260930T155938Z,0001S00000053,CONTRACTOR FIRST ARTIC,C,000000,1.0,No | Data | found,,2026-08-28,2026-09-04,BOX; INDICATOR,DIBBS|SPE7L126Q1566|0001S00000053,First article test line - not a product line
SPE7L126Q1566,0001S00000061,SPE7L126Q1566,08-28-2026,09-04-2026,2026-08-27 01:10:22,Origin,Origin,Tech,7017985997,https://dibbs2.bsm.dla.mil/Downloads/RFQ/6/SPE7L126Q1566.PDF,https://www.dibbs.bsm.dla.mil/RFQ/RFQRec.aspx?sn=SPE7L126Q1566,https://www.dibbs.bsm.dla.mil/rfq/rfqrec.aspx?sn=SPE7L126Q1566,INDICATOR,1,20260930T155938Z,0001S00000061,PRODUCTION LOT TESTING,C,000000,1.0,No | Data | found,,2026-08-28,2026-09-04,BOX; INDICATOR,DIBBS|SPE7L126Q1566|0001S00000061,First article test line - not a product line
SPE7M126Q1432,0001S00000061,SPE7M126Q1432,08-27-2026,09-18-2026,2026-08-27 10:11:59,Origin,Origin,Tech,7010415781,https://dibbs2.bsm.dla.mil/Downloads/RFQ/2/SPE7M126Q1432.PDF,https://www.dibbs.bsm.dla.mil/RFQ/RFQRec.aspx?sn=SPE7M126Q1432,https://www.dibbs.bsm.dla.mil/rfq/rfqrec.aspx?sn=SPE7M126Q1432,INDICATOR,1,20260930T155938Z,0001S00000061,PRODUCTION LOT TESTING,B,000000,1.0,0PXV4 | 7M484-1 | THE BOEING COMPANY,,2026-08-27,2026-09-18,INDICATOR,DIBBS|SPE7M126Q1432|0001S00000061,First article test line - not a product line
SPE7M226Q0675,0001S00000046,SPE7M226Q0675,08-12-2026,08-27-2026,2026-08-21 02:41:27,Origin,Origin,Tech,7017436795,https://dibbs2.bsm.dla.mil/Downloads/RFQ/5/SPE7M226Q0675.PDF,https://www.dibbs.bsm.dla.mil/RFQ/RFQRec.aspx?sn=SPE7M226Q0675,https://www.dibbs.bsm.dla.mil/rfq/rfqrec.aspx?sn=SPE7M226Q0675,INDICATOR,2,20260930T155955Z,0001S00000046,MISCELLANEOUS,C,444190,2.0,05201 | 622266-3 | ADVANCE DEVELOPMENT & MANUFACTURING,,2026-08-12,2026-08-27,BOX; FUEL; INDICATOR; MARKING,DIBBS|SPE7M226Q0675|0001S00000046,First article test line - not a product line
SPE7M226Q0675,0001S00000053,SPE7M226Q0675,08-12-2026,08-27-2026,2026-08-21 02:41:27,Origin,Origin,Tech,7017436795,https://dibbs2.bsm.dla.mil/Downloads/RFQ/5/SPE7M226Q0675.PDF,https://www.dibbs.bsm.dla.mil/RFQ/RFQRec.aspx?sn=SPE7M226Q0675,https://www.dibbs.bsm.dla.mil/rfq/rfqrec.aspx?sn=SPE7M226Q0675,INDICATOR,2,20260930T155955Z,0001S00000053,CONTRACTOR FIRST ARTIC,C,000000,1.0,05201 | 622266-3 | ADVANCE DEVELOPMENT & MANUFACTURING,,2026-08-12,2026-08-27,BOX; FUEL; INDICATOR; MARKING,DIBBS|SPE7M226Q0675|0001S00000053,First article test line - not a product line
SPE4AK26Q0005,0001S00000052,SPE4AK26Q0005,06-12-2026,06-15-2026,2026-08-21 02:41:27,Origin,Origin,Tech,7017095465,https://dibbs2.bsm.dla.mil/Downloads/RFQ/5/SPE4AK26Q0005.PDF,https://www.dibbs.bsm.dla.mil/RFQ/RFQRec.aspx?sn=SPE4AK26Q0005,https://www.dibbs.bsm.dla.mil/rfq/rfqrec.aspx?sn=SPE4AK26Q0005,INDICATOR,2,20260930T155955Z,0001S00000052,GOVERNMENT FIRST ARTIC,D,000000,1.0,"09257 | XSZUDG1726N | TRELLEBORG SEALING SOLUTIONS US, IN",,2026-06-12,2026-06-15,BOX; INDICATOR; LEGEND; MARKING,DIBBS|SPE4AK26Q0005|0001S00000052,First article test line - not a product line
SPE4AK26Q0005,0001S00000061,SPE4AK26Q0005,06-12-2026,06-15-2026,2026-08-21 02:41:27,Origin,Origin,Tech,7017095465,https://dibbs2.bsm.dla.mil/Downloads/RFQ/5/SPE4AK26Q0005.PDF,https://www.dibbs.bsm.dla.mil/RFQ/RFQRec.aspx?sn=SPE4AK26Q0005,https://www.dibbs.bsm.dla.mil/rfq/rfqrec.aspx?sn=SPE4AK26Q0005,INDICATOR,2,20260930T155955Z,0001S00000061,PRODUCTION LOT TESTING,D,000000,1.0,"09257 | XSZUDG1726N | TRELLEBORG SEALING SOLUTIONS US, IN",,2026-06-12,2026-06-15,BOX; INDICATOR; LEGEND; MARKING,DIBBS|SPE4AK26Q0005|0001S00000061,First article test line - not a product line
SPE8EF26Q0043,0001S00000052,SPE8EF26Q0043,02-18-2026,02-27-2026,2026-08-21 02:41:27,Origin,Origin,Tech,7013079665,https://dibbs2.bsm.dla.mil/Downloads/RFQ/3/SPE8EF26Q0043.PDF,https://www.dibbs.bsm.dla.mil/RFQ/RFQRec.aspx?sn=SPE8EF26Q0043,https://www.dibbs.bsm.dla.mil/rfq/rfqrec.aspx?sn=SPE8EF26Q0043,INDICATOR,2,20260930T155955Z,0001S00000052,GOVERNMENT FIRST ARTIC,G,333922,1.0,,,2026-02-18,2026-02-27,INDICATOR; LIGHTING,DIBBS|SPE8EF26Q0043|0001S00000052,First article test line - not a product line
SPE7M126Q1396,0001S00000052,SPE7M126Q1396,08-19-2026,09-04-2026,2026-08-21 02:41:27,Origin,Origin,Tech,7011409444,https://dibbs2.bsm.dla.mil/Downloads/RFQ/6/SPE7M126Q1396.PDF,https://www.dibbs.bsm.dla.mil/RFQ/RFQRec.aspx?sn=SPE7M126Q1396,https://www.dibbs.bsm.dla.mil/rfq/rfqrec.aspx?sn=SPE7M126Q1396,INDICATOR,2,20260930T155955Z,0001S00000052,GOVERNMENT FIRST ARTIC,C,000000,1.0,79318 | ZEE-43E-6K-DT6 | MEGGITT NORTH HOLLYWOOD INC,,2026-08-19,2026-09-04,INDICATOR,DIBBS|SPE7M126Q1396|0001S00000052,First article test line - not a product line
SPE7M125Q0743,0001S00000053,SPE7M125Q0743,04-16-2025,04-30-2025,2026-08-21 02:41:27,Origin,Origin,Tech,7010167631,https://dibbs2.bsm.dla.mil/Downloads/RFQ/3/SPE7M125Q0743.PDF,https://www.dibbs.bsm.dla.mil/RFQ/RFQRec.aspx?sn=SPE7M125Q0743,https://www.dibbs.bsm.dla.mil/rfq/rfqrec.aspx?sn=SPE7M125Q0743,INDICATOR,2,20260930T155955Z,0001S00000053,CONTRACTOR FIRST ARTIC,C,339999,1.0,99932 | 704AS4055 | MOOG INC.,,2025-04-16,2025-04-30,BOX; FUEL; INDICATOR; MARKING; PLATE,DIBBS|SPE7M125Q0743|0001S00000053,First article test line - not a product line
SPE7M125Q0743,0001S00000062,SPE7M125Q0743,04-16-2025,04-30-2025,2026-08-21 02:41:27,Origin,Origin,Tech,7010167631,https://dibbs2.bsm.dla.mil/Downloads/RFQ/3/SPE7M125Q0743.PDF,https://www.dibbs.bsm.dla.mil/RFQ/RFQRec.aspx?sn=SPE7M125Q0743,https://www.dibbs.bsm.dla.mil/rfq/rfqrec.aspx?sn=SPE7M125Q0743,INDICATOR,2,20260930T155955Z,0001S00000062,PRODUCTION LOT TESTING,C,000000,1.0,99932 | 704AS4055 | MOOG INC.,,2025-04-16,2025-04-30,BOX; FUEL; INDICATOR; MARKING; PLATE,DIBBS|SPE7M125Q0743|0001S00000062,First article test line - not a product line
SPE4A726Q0657,0001S00000053,SPE4A726Q0657,06-08-2026,06-15-2026,2026-08-21 02:41:27,Origin,Origin,Tech,7015853465,https://dibbs2.bsm.dla.mil/Downloads/RFQ/7/SPE4A726Q0657.PDF,https://www.dibbs.bsm.dla.mil/RFQ/RFQRec.aspx?sn=SPE4A726Q0657,https://www.dibbs.bsm.dla.mil/rfq/rfqrec.aspx?sn=SPE4A726Q0657,INDICATOR,2,20260930T155955Z,0001S00000053,CONTRACTOR FIRST ARTIC,G,336611,1.0,,,2026-06-08,2026-06-15,BOX; INDICATOR; LIGHTING; MARKING,DIBBS|SPE4A726Q0657|0001S00000053,First article test line - not a product line
SPE8E526Q0302,0001S00000052,SPE8E526Q0302,06-11-2026,06-18-2026,2026-08-21 02:41:27,Origin,Origin,Tech,7016769224,https://dibbs2.bsm.dla.mil/Downloads/RFQ/2/SPE8E526Q0302.PDF,https://www.dibbs.bsm.dla.mil/RFQ/RFQRec.aspx?sn=SPE8E526Q0302,https://www.dibbs.bsm.dla.mil/rfq/rfqrec.aspx?sn=SPE8E526Q0302,INDICATOR,2,20260930T155955Z,0001S00000052,GOVERNMENT FIRST ARTIC,B,000000,1.0,"08407 | C-50980 | MIRADA RESEARCH & MANUFACTURING, IN",,2026-06-11,2026-06-18,BOX; FUEL; INDICATOR,DIBBS|SPE8E526Q0302|0001S00000052,First article test line - not a product line
SPE7MC26Q0323,0001S00000053,SPE7MC26Q0323,05-04-2026,05-18-2026,2026-08-21 02:41:27,Destination,Origin,None,7013475812,https://dibbs2.bsm.dla.mil/Downloads/RFQ/3/SPE7MC26Q0323.PDF,https://www.dibbs.bsm.dla.mil/RFQ/RFQRec.aspx?sn=SPE7MC26Q0323,https://www.dibbs.bsm.dla.mil/rfq/rfqrec.aspx?sn=SPE7MC26Q0323,INDICATOR,2,20260930T155955Z,0001S00000053,CONTRACTOR FIRST ARTIC,G,000000,1.0,,,2026-05-04,2026-05-18,INDICATOR; PLATE,DIBBS|SPE7MC26Q0323|0001S00000053,First article test line - not a product line
SPE7L126Q1085,0001S00000053,SPE7L126Q1085,05-19-2026,06-03-2026,2026-08-21 02:41:27,Origin,Origin,None,7015680455,https://dibbs2.bsm.dla.mil/Downloads/RFQ/5/SPE7L126Q1085.PDF,https://www.dibbs.bsm.dla.mil/RFQ/RFQRec.aspx?sn=SPE7L126Q1085,https://www.dibbs.bsm.dla.mil/rfq/rfqrec.aspx?sn=SPE7L126Q1085,INDICATOR,2,20260930T155955Z,0001S00000053,CONTRACTOR FIRST ARTIC,C,000000,1.0,73030 | 751141-3 | HAMILTON SUNDSTRAND CORPORATION,,2026-05-19,2026-06-03,BOX; FUEL; INDICATOR; LEGEND; MARKING,DIBBS|SPE7L126Q1085|0001S00000053,First article test line - not a product line
SPE4A726Q0848,0001S00000052,SPE4A726Q0848,07-17-2026,07-29-2026,2026-08-21 02:41:27,Origin,Origin,Tech,7017308677,https://dibbs2.bsm.dla.mil/Downloads/RFQ/8/SPE4A726Q0848.PDF,https://www.dibbs.bsm.dla.mil/RFQ/RFQRec.aspx?sn=SPE4A726Q0848,https://www.dibbs.bsm.dla.mil/rfq/rfqrec.aspx?sn=SPE4A726Q0848,INDICATOR,2,20260930T155955Z,0001S00000052,GOVERNMENT FIRST ARTIC,G,336413,1.0,,,2026-07-17,2026-07-29,BOX; INDICATOR,DIBBS|SPE4A726Q0848|0001S00000052,First article test line - not a product line
SPE4A726Q0167,0001S00000052,SPE4A726Q0167,02-03-2026,02-13-2026,2026-08-21 02:41:27,Origin,Origin,Tech,7008406149,https://dibbs2.bsm.dla.mil/Downloads/RFQ/7/SPE4A726Q0167.PDF,https://www.dibbs.bsm.dla.mil/RFQ/RFQRec.aspx?sn=SPE4A726Q0167,https://www.dibbs.bsm.dla.mil/rfq/rfqrec.aspx?sn=SPE4A726Q0167,INDICATOR,2,20260930T155955Z,0001S00000052,GOVERNMENT FIRST ARTIC,C,333618,1.0,"45934 | 9850118G002 | ONTIC ENGINEERING & MANUFACTURING,",,2026-02-03,2026-02-13,BOX; INDICATOR; LEGEND; LIGHTING; MARKING,DIBBS|SPE4A726Q0167|0001S00000052,First article test line - not a product line
SPE7M526Q0290,0001S00000052,SPE7M526Q0290,01-22-2026,02-07-2026,2026-08-21 02:41:27,Origin,Origin,Tech,7014134779,https://dibbs2.bsm.dla.mil/Downloads/RFQ/0/SPE7M526Q0290.PDF,https://www.dibbs.bsm.dla.mil/RFQ/RFQRec.aspx?sn=SPE7M526Q0290,https://www.dibbs.bsm.dla.mil/rfq/rfqrec.aspx?sn=SPE7M526Q0290,INDICATOR,2,20260930T155955Z,0001S00000052,GOVERNMENT FIRST ARTIC,G,334419,1.0,,,2026-01-22,2026-02-07,BOX; FUEL; INDICATOR; LIGHTING; MARKING,DIBBS|SPE7M526Q0290|0001S00000052,First article test line - not a product line
SPE7L126Q1099,0001S00000053,SPE7L126Q1099,05-29-2026,06-08-2026,2026-08-21 02:41:27,Origin,Origin,Tech,7016691231,https://dibbs2.bsm.dla.mil/Downloads/RFQ/9/SPE7L126Q1099.PDF,https://www.dibbs.bsm.dla.mil/RFQ/RFQRec.aspx?sn=SPE7L126Q1099,https://www.dibbs.bsm.dla.mil/rfq/rfqrec.aspx?sn=SPE7L126Q1099,INDICATOR,2,20260930T155955Z,0001S00000053,CONTRACTOR FIRST ARTIC,G,332994,1.0,,,2026-05-29,2026-06-08,BOX; FUEL; INDICATOR; LEGEND; MARKING,DIBBS|SPE7L126Q1099|0001S00000053,First article test line - not a product line
SPE4A726Q0699,0001S00000052,SPE4A726Q0699,06-01-2026,06-10-2026,2026-08-21 02:41:27,Origin,Origin,Tech,7015246727,https://dibbs2.bsm.dla.mil/Downloads/RFQ/9/SPE4A726Q0699.PDF,https://www.dibbs.bsm.dla.mil/RFQ/RFQRec.aspx?sn=SPE4A726Q0699,https://www.dibbs.bsm.dla.mil/rfq/rfqrec.aspx?sn=SPE4A726Q0699,INDICATOR,2,20260930T155955Z,0001S00000052,GOVERNMENT FIRST ARTIC,C,000000,1.0,No | Data | found,,2026-06-01,2026-06-10,BOX; INDICATOR; MARKING; PLATE,DIBBS|SPE4A726Q0699|0001S00000052,First article test line - not a product line
SPE4A726Q0459,0001S00000053,SPE4A726Q0459,02-23-2026,03-02-2026,2026-08-21 02:41:27,Origin,Origin,Tech,7012685756,https://dibbs2.bsm.dla.mil/Downloads/RFQ/9/SPE4A726Q0459.PDF,https://www.dibbs.bsm.dla.mil/RFQ/RFQRec.aspx?sn=SPE4A726Q0459,https://www.dibbs.bsm.dla.mil/rfq/rfqrec.aspx?sn=SPE4A726Q0459,INDICATOR,2,20260930T155955Z,0001S00000053,CONTRACTOR FIRST ARTIC,C,336413,1.0,79RG9 | 123CM12021-601 | NORTHROP GRUMMAN SYSTEMS CORPORATIO,,2026-02-23,2026-03-02,BOX; INDICATOR; MARKING,DIBBS|SPE4A726Q0459|0001S00000053,First article test line - not a product line
SPE4A726Q0459,0001S00000062,SPE4A726Q0459,02-23-2026,03-02-2026,2026-08-21 02:41:27,Origin,Origin,Tech,7012685756,https://dibbs2.bsm.dla.mil/Downloads/RFQ/9/SPE4A726Q0459.PDF,https://www.dibbs.bsm.dla.mil/RFQ/RFQRec.aspx?sn=SPE4A726Q0459,https://www.dibbs.bsm.dla.mil/rfq/rfqrec.aspx?sn=SPE4A726Q0459,INDICATOR,2,20260930T155955Z,0001S00000062,PRODUCTION LOT TESTING,C,336413,1.0,79RG9 | 123CM12021-601 | NORTHROP GRUMMAN SYSTEMS CORPORATIO,,2026-02-23,2026-03-02,BOX; INDICATOR; MARKING,DIBBS|SPE4A726Q0459|0001S00000062,First article test line - not a product line
SPE7MC26Q0174,0001S00000053,SPE7MC26Q0174,01-30-2026,02-27-2026,2026-08-21 02:41:27,Origin,Origin,Tech,7007474141,https://dibbs2.bsm.dla.mil/Downloads/RFQ/4/SPE7MC26Q0174.PDF,https://www.dibbs.bsm.dla.mil/RFQ/RFQRec.aspx?sn=SPE7MC26Q0174,https://www.dibbs.bsm.dla.mil/rfq/rfqrec.aspx?sn=SPE7MC26Q0174,INDICATOR,2,20260930T155955Z,0001S00000053,CONTRACTOR FIRST ARTIC,C,000000,1.0,,,2026-01-30,2026-02-27,BOX; FUEL; INDICATOR; LIGHTING,DIBBS|SPE7MC26Q0174|0001S00000053,First article test line - not a product line
SPE7M426Q0490,0001S00000052,SPE7M426Q0490,03-05-2026,03-19-2026,2026-08-21 02:41:27,Origin,Origin,Tech,7009900754,https://dibbs2.bsm.dla.mil/Downloads/RFQ/0/SPE7M426Q0490.PDF,https://www.dibbs.bsm.dla.mil/RFQ/RFQRec.aspx?sn=SPE7M426Q0490,https://www.dibbs.bsm.dla.mil/rfq/rfqrec.aspx?sn=SPE7M426Q0490,INDICATOR,2,20260930T155955Z,0001S00000052,GOVERNMENT FIRST ARTIC,G,336413,1.0,,,2026-03-05,2026-03-19,BOX; FUEL; INDICATOR; LIGHTING; PLATE,DIBBS|SPE7M426Q0490|0001S00000052,First article test line - not a product line
SPE7M226Q0366,0001S00000046,SPE7M226Q0366,03-27-2026,04-08-2026,2026-08-21 02:41:27,Destination,Origin,Tech,7015698787,https://dibbs2.bsm.dla.mil/Downloads/RFQ/6/SPE7M226Q0366.PDF,https://www.dibbs.bsm.dla.mil/RFQ/RFQRec.aspx?sn=SPE7M226Q0366,https://www.dibbs.bsm.dla.mil/rfq/rfqrec.aspx?sn=SPE7M226Q0366,INDICATOR,2,20260930T155955Z,0001S00000046,MISCELLANEOUS,C,444190,9.0,"1QX62 | 511302-2L | INDUSTRIAL MARINE, INC.",,2026-03-27,2026-04-08,BOX; FUEL; INDICATOR; LIGHTING; MARKING,DIBBS|SPE7M226Q0366|0001S00000046,First article test line - not a product line
SPE7M226Q0366,0001S00000052,SPE7M226Q0366,03-27-2026,04-08-2026,2026-08-21 02:41:27,Destination,Origin,Tech,7015698787,https://dibbs2.bsm.dla.mil/Downloads/RFQ/6/SPE7M226Q0366.PDF,https://www.dibbs.bsm.dla.mil/RFQ/RFQRec.aspx?sn=SPE7M226Q0366,https://www.dibbs.bsm.dla.mil/rfq/rfqrec.aspx?sn=SPE7M226Q0366,INDICATOR,2,20260930T155955Z,0001S00000052,GOVERNMENT FIRST ARTIC,C,000000,1.0,"1QX62 | 511302-2L | INDUSTRIAL MARINE, INC.",,2026-03-27,2026-04-08,BOX; FUEL; INDICATOR; LIGHTING; MARKING,DIBBS|SPE7M226Q0366|0001S00000052,First article test line - not a product line
SPE7M225Q0737,0001S00000046,SPE7M225Q0737,05-21-2025,06-06-2025,2026-08-21 02:41:27,Destination,Origin,Tech,7012191667,https://dibbs2.bsm.dla.mil/Downloads/RFQ/7/SPE7M225Q0737.PDF,https://www.dibbs.bsm.dla.mil/RFQ/RFQRec.aspx?sn=SPE7M225Q0737,https://www.dibbs.bsm.dla.mil/rfq/rfqrec.aspx?sn=SPE7M225Q0737,INDICATOR,2,20260930T155955Z,0001S00000046,MISCELLANEOUS,C,444190,2.0,21439 | 3596AS619-1 | CURTISS-WRIGHT FLOW CONTROL SERVICE,,2025-05-21,2025-06-06,BOX; FUEL; INDICATOR; MARKING,DIBBS|SPE7M225Q0737|0001S00000046,First article test line - not a product line
SPE7M225Q0737,0001S00000052,SPE7M225Q0737,05-21-2025,06-06-2025,2026-08-21 02:41:27,Destination,Origin,Tech,7012191667,https://dibbs2.bsm.dla.mil/Downloads/RFQ/7/SPE7M225Q0737.PDF,https://www.dibbs.bsm.dla.mil/RFQ/RFQRec.aspx?sn=SPE7M225Q0737,https://www.dibbs.bsm.dla.mil/rfq/rfqrec.aspx?sn=SPE7M225Q0737,INDICATOR,2,20260930T155955Z,0001S00000052,GOVERNMENT FIRST ARTIC,C,000000,1.0,21439 | 3596AS619-1 | CURTISS-WRIGHT FLOW CONTROL SERVICE,,2025-05-21,2025-06-06,BOX; FUEL; INDICATOR; MARKING,DIBBS|SPE7M225Q0737|0001S00000052,First article test line - not a product line
SPE4A626Q0508,0001S00000052,SPE4A626Q0508,01-23-2026,01-30-2026,2026-08-21 02:41:27,Origin,Origin,Tech,7014740324,https://dibbs2.bsm.dla.mil/Downloads/RFQ/8/SPE4A626Q0508.PDF,https://www.dibbs.bsm.dla.mil/RFQ/RFQRec.aspx?sn=SPE4A626Q0508,https://www.dibbs.bsm.dla.mil/rfq/rfqrec.aspx?sn=SPE4A626Q0508,INDICATOR,2,20260930T155955Z,0001S00000052,GOVERNMENT FIRST ARTIC,C,000000,1.0,"06710 | MS21297-12048 | 06725	MS21297-12048	SPS TECHNOLOGIES, LLC",,2026-01-23,2026-01-30,BOX; FUEL; HARNESS; INDICATOR; MARKING,DIBBS|SPE4A626Q0508|0001S00000052,First article test line - not a product line
SPE4A626Q0287,0001S00000053,SPE4A626Q0287,03-17-2026,03-31-2026,2026-08-21 02:41:27,Destination,Origin,Tech,7014492104,https://dibbs2.bsm.dla.mil/Downloads/RFQ/7/SPE4A626Q0287.PDF,https://www.dibbs.bsm.dla.mil/RFQ/RFQRec.aspx?sn=SPE4A626Q0287,https://www.dibbs.bsm.dla.mil/rfq/rfqrec.aspx?sn=SPE4A626Q0287,INDICATOR,2,20260930T155955Z,0001S00000053,CONTRACTOR FIRST ARTIC,B,000000,1.0,76005 | LB4-1034-17-1 | LORD CORPORATION,,2026-03-17,2026-03-31,BOX; INDICATOR; LEGEND; LIGHTING; MARKING,DIBBS|SPE4A626Q0287|0001S00000053,First article test line - not a product line
SPE7L726Q2086,0001S00000061,SPE7L726Q2086,08-05-2026,08-14-2026,2026-08-21 02:41:27,Destination,Origin,Tech,7016690380; 7017047269,https://dibbs2.bsm.dla.mil/Downloads/RFQ/6/SPE7L726Q2086.PDF,https://www.dibbs.bsm.dla.mil/RFQ/RFQRec.aspx?sn=SPE7L726Q2086,https://www.dibbs.bsm.dla.mil/rfq/rfqrec.aspx?sn=SPE7L726Q2086,INDICATOR,2,20260930T155955Z,0001S00000061,PRODUCTION LOT TESTING,T,334417,1.0,,,2026-08-05,2026-08-14,INDICATOR; MARKING,DIBBS|SPE7L726Q2086|0001S00000061,First article test line - not a product line
SPE7M226Q0535,0001S00000046,SPE7M226Q0535,05-30-2026,06-12-2026,2026-08-21 02:41:27,Origin,Origin,Tech,7016483279,https://dibbs2.bsm.dla.mil/Downloads/RFQ/5/SPE7M226Q0535.PDF,https://www.dibbs.bsm.dla.mil/RFQ/RFQRec.aspx?sn=SPE7M226Q0535,https://www.dibbs.bsm.dla.mil/rfq/rfqrec.aspx?sn=SPE7M226Q0535,INDICATOR,2,20260930T155955Z,0001S00000046,MISCELLANEOUS,C,444190,2.0,"47UU4 | 3429AS4145-2 | TEYA TECHNOLOGIES, LLC",,2026-05-30,2026-06-12,BOX; INDICATOR; MARKING,DIBBS|SPE7M226Q0535|0001S00000046,First article test line - not a product line
SPE7M226Q0535,0001S00000053,SPE7M226Q0535,05-30-2026,06-12-2026,2026-08-21 02:41:27,Origin,Origin,Tech,7016483279,https://dibbs2.bsm.dla.mil/Downloads/RFQ/5/SPE7M226Q0535.PDF,https://www.dibbs.bsm.dla.mil/RFQ/RFQRec.aspx?sn=SPE7M226Q0535,https://www.dibbs.bsm.dla.mil/rfq/rfqrec.aspx?sn=SPE7M226Q0535,INDICATOR,2,20260930T155955Z,0001S00000053,CONTRACTOR FIRST ARTIC,C,000000,1.0,"47UU4 | 3429AS4145-2 | TEYA TECHNOLOGIES, LLC",,2026-05-30,2026-06-12,BOX; INDICATOR; MARKING,DIBBS|SPE7M226Q0535|0001S00000053,First article test line - not a product line
SPE7M226Q0143,0001S00000046,SPE7M226Q0143,11-25-2025,12-09-2025,2026-08-21 02:41:27,Destination,Origin,Tech,7014130139,https://dibbs2.bsm.dla.mil/Downloads/RFQ/3/SPE7M226Q0143.PDF,https://www.dibbs.bsm.dla.mil/RFQ/RFQRec.aspx?sn=SPE7M226Q0143,https://www.dibbs.bsm.dla.mil/rfq/rfqrec.aspx?sn=SPE7M226Q0143,INDICATOR,2,20260930T155955Z,0001S00000046,MISCELLANEOUS,C,444190,2.0,20722 | 613380-3 | THE ENTWISTLE COMPANY LLC,,2025-11-25,2025-12-09,BOX; INDICATOR; LIGHTING; MARKING,DIBBS|SPE7M226Q0143|0001S00000046,First article test line - not a product line
SPE7M226Q0143,0001S00000053,SPE7M226Q0143,11-25-2025,12-09-2025,2026-08-21 02:41:27,Destination,Origin,Tech,7014130139,https://dibbs2.bsm.dla.mil/Downloads/RFQ/3/SPE7M226Q0143.PDF,https://www.dibbs.bsm.dla.mil/RFQ/RFQRec.aspx?sn=SPE7M226Q0143,https://www.dibbs.bsm.dla.mil/rfq/rfqrec.aspx?sn=SPE7M226Q0143,INDICATOR,2,20260930T155955Z,0001S00000053,CONTRACTOR FIRST ARTIC,C,000000,1.0,20722 | 613380-3 | THE ENTWISTLE COMPANY LLC,,2025-11-25,2025-12-09,BOX; INDICATOR; LIGHTING; MARKING,DIBBS|SPE7M226Q0143|0001S00000053,First article test line - not a product line
SPE7L126Q1406,0001S00000053,SPE7L126Q1406,07-31-2026,08-07-2026,2026-08-21 02:41:27,Origin,Origin,Tech,7017384481,https://dibbs2.bsm.dla.mil/Downloads/RFQ/6/SPE7L126Q1406.PDF,https://www.dibbs.bsm.dla.mil/RFQ/RFQRec.aspx?sn=SPE7L126Q1406,https://www.dibbs.bsm.dla.mil/rfq/rfqrec.aspx?sn=SPE7L126Q1406,INDICATOR,2,20260930T155955Z,0001S00000053,CONTRACTOR FIRST ARTIC,C,000000,1.0,06848 | 2667133 | HONEYWELL INTERNATIONAL INC,,2026-07-31,2026-08-07,BOX; INDICATOR,DIBBS|SPE7L126Q1406|0001S00000053,First article test line - not a product line
SPE7M226Q0465,0001S00000046,SPE7M226Q0465,05-15-2026,05-28-2026,2026-08-21 02:41:27,Origin,Origin,Tech,7015894613,https://dibbs2.bsm.dla.mil/Downloads/RFQ/5/SPE7M226Q0465.PDF,https://www.dibbs.bsm.dla.mil/RFQ/RFQRec.aspx?sn=SPE7M226Q0465,https://www.dibbs.bsm.dla.mil/rfq/rfqrec.aspx?sn=SPE7M226Q0465,INDICATOR,3,20260930T160013Z,0001S00000046,MISCELLANEOUS,C,444190,2.0,"97415 | 7-0620-3 | TRIUMPH ACTUATION SYSTEMS - YAKIMA,",,2026-05-15,2026-05-28,BOX; FUEL; INDICATOR; LIGHTING; MARKING,DIBBS|SPE7M226Q0465|0001S00000046,First article test line - not a product line
SPE7M226Q0465,0001S00000053,SPE7M226Q0465,05-15-2026,05-28-2026,2026-08-21 02:41:27,Origin,Origin,Tech,7015894613,https://dibbs2.bsm.dla.mil/Downloads/RFQ/5/SPE7M226Q0465.PDF,https://www.dibbs.bsm.dla.mil/RFQ/RFQRec.aspx?sn=SPE7M226Q0465,https://www.dibbs.bsm.dla.mil/rfq/rfqrec.aspx?sn=SPE7M226Q0465,INDICATOR,3,20260930T160013Z,0001S00000053,CONTRACTOR FIRST ARTIC,C,000000,1.0,"97415 | 7-0620-3 | TRIUMPH ACTUATION SYSTEMS - YAKIMA,",,2026-05-15,2026-05-28,BOX; FUEL; INDICATOR; LIGHTING; MARKING,DIBBS|SPE7M226Q0465|0001S00000053,First article test line - not a product line
SPE7M226Q0141,0001S00000046,SPE7M226Q0141,11-25-2025,12-10-2025,2026-08-21 02:41:27,Origin,Origin,Tech,7002200879,https://dibbs2.bsm.dla.mil/Downloads/RFQ/1/SPE7M226Q0141.PDF,https://www.dibbs.bsm.dla.mil/RFQ/RFQRec.aspx?sn=SPE7M226Q0141,https://www.dibbs.bsm.dla.mil/rfq/rfqrec.aspx?sn=SPE7M226Q0141,INDICATOR,3,20260930T160013Z,0001S00000046,MISCELLANEOUS,C,444190,2.0,"05617 | C508682-30 | 2B195	C508682-30	MARINE AIR SUPPLY CO., INC.",,2025-11-25,2025-12-10,INDICATOR; LIGHTING; MARKING; SWITCH,DIBBS|SPE7M226Q0141|0001S00000046,First article test line - not a product line
SPE7M226Q0141,0001S00000062,SPE7M226Q0141,11-25-2025,12-10-2025,2026-08-21 02:41:27,Origin,Origin,Tech,7002200879,https://dibbs2.bsm.dla.mil/Downloads/RFQ/1/SPE7M226Q0141.PDF,https://www.dibbs.bsm.dla.mil/RFQ/RFQRec.aspx?sn=SPE7M226Q0141,https://www.dibbs.bsm.dla.mil/rfq/rfqrec.aspx?sn=SPE7M226Q0141,INDICATOR,3,20260930T160013Z,0001S00000062,PRODUCTION LOT TESTING,C,000000,1.0,"05617 | C508682-30 | 2B195	C508682-30	MARINE AIR SUPPLY CO., INC.",,2025-11-25,2025-12-10,INDICATOR; LIGHTING; MARKING; SWITCH,DIBBS|SPE7M226Q0141|0001S00000062,First article test line - not a product line
SPE7L126Q1251,0001S00000053,SPE7L126Q1251,07-01-2026,07-13-2026,2026-08-21 02:41:27,Origin,Origin,Tech,7017045731,https://dibbs2.bsm.dla.mil/Downloads/RFQ/1/SPE7L126Q1251.PDF,https://www.dibbs.bsm.dla.mil/RFQ/RFQRec.aspx?sn=SPE7L126Q1251,https://www.dibbs.bsm.dla.mil/rfq/rfqrec.aspx?sn=SPE7L126Q1251,INDICATOR,3,20260930T160013Z,0001S00000053,CONTRACTOR FIRST ARTIC,C,332994,1.0,"05606 | 9916499-10 | GENERAL DYNAMICS-OTS, INC.",,2026-07-01,2026-07-13,BOX; FUEL; INDICATOR; LEGEND; MARKING,DIBBS|SPE7L126Q1251|0001S00000053,First article test line - not a product line
SPE4A625Q1158,0001S00000052,SPE4A625Q1158,05-07-2025,05-26-2025,2026-08-21 02:41:27,Origin,Origin,Tech,7011181475,https://dibbs2.bsm.dla.mil/Downloads/RFQ/8/SPE4A625Q1158.PDF,https://www.dibbs.bsm.dla.mil/RFQ/RFQRec.aspx?sn=SPE4A625Q1158,https://www.dibbs.bsm.dla.mil/rfq/rfqrec.aspx?sn=SPE4A625Q1158,INDICATOR,3,20260930T160013Z,0001S00000052,GOVERNMENT FIRST ARTIC,C,332111,1.0,"05DN8 | 1534AS7136-2 | KLUNE INDUSTRIES, INC.",,2025-05-07,2025-05-26,BOX; INDICATOR; LIGHTING; PLATE,DIBBS|SPE4A625Q1158|0001S00000052,First article test line - not a product line
SPE4A625Q1158,0001S00000061,SPE4A625Q1158,05-07-2025,05-26-2025,2026-08-21 02:41:27,Origin,Origin,Tech,7011181475,https://dibbs2.bsm.dla.mil/Downloads/RFQ/8/SPE4A625Q1158.PDF,https://www.dibbs.bsm.dla.mil/RFQ/RFQRec.aspx?sn=SPE4A625Q1158,https://www.dibbs.bsm.dla.mil/rfq/rfqrec.aspx?sn=SPE4A625Q1158,INDICATOR,3,20260930T160013Z,0001S00000061,PRODUCTION LOT TESTING,C,332111,1.0,"05DN8 | 1534AS7136-2 | KLUNE INDUSTRIES, INC.",,2025-05-07,2025-05-26,BOX; INDICATOR; LIGHTING; PLATE,DIBBS|SPE4A625Q1158|0001S00000061,First article test line - not a product line
SPE7M126Q1284,0001S00000052,SPE7M126Q1284,07-27-2026,08-11-2026,2026-08-21 02:41:27,Origin,Origin,Tech,7015417527,https://dibbs2.bsm.dla.mil/Downloads/RFQ/4/SPE7M126Q1284.PDF,https://www.dibbs.bsm.dla.mil/RFQ/RFQRec.aspx?sn=SPE7M126Q1284,https://www.dibbs.bsm.dla.mil/rfq/rfqrec.aspx?sn=SPE7M126Q1284,INDICATOR,3,20260930T160013Z,0001S00000052,GOVERNMENT FIRST ARTIC,C,000000,1.0,6L817 | M9146DCD001 | NATIONAL MACHINE COMPANY,,2026-07-27,2026-08-11,INDICATOR,DIBBS|SPE7M126Q1284|0001S00000052,First article test line - not a product line
SPE4A726Q1017,0001S00000052,SPE4A726Q1017,08-06-2026,08-13-2026,2026-08-21 02:41:27,Origin,Origin,Tech,7017741204,https://dibbs2.bsm.dla.mil/Downloads/RFQ/7/SPE4A726Q1017.PDF,https://www.dibbs.bsm.dla.mil/RFQ/RFQRec.aspx?sn=SPE4A726Q1017,https://www.dibbs.bsm.dla.mil/rfq/rfqrec.aspx?sn=SPE4A726Q1017,INDICATOR,3,20260930T160013Z,0001S00000052,GOVERNMENT FIRST ARTIC,C,336413,1.0,"1DDX0 | 4G14564-101A | MACHINE SPECIALTIES, LLC",,2026-08-06,2026-08-13,BOX; FUEL; INDICATOR,DIBBS|SPE4A726Q1017|0001S00000052,First article test line - not a product line
SPE4A726Q0862,0001S00000053,SPE4A726Q0862,08-12-2026,08-19-2026,2026-08-21 02:41:27,Origin,Origin,None,7017012022,https://dibbs2.bsm.dla.mil/Downloads/RFQ/2/SPE4A726Q0862.PDF,https://www.dibbs.bsm.dla.mil/RFQ/RFQRec.aspx?sn=SPE4A726Q0862,https://www.dibbs.bsm.dla.mil/rfq/rfqrec.aspx?sn=SPE4A726Q0862,INDICATOR,3,20260930T160013Z,0001S00000053,CONTRACTOR FIRST ARTIC,P,000000,1.0,97499 | 212-011-102-105 | BELL TEXTRON INC,,2026-08-12,2026-08-19,INDICATOR; LEGEND; MARKING,DIBBS|SPE4A726Q0862|0001S00000053,First article test line - not a product line
SPE8EG25Q0005,0001S00000052,SPE8EG25Q0005,08-27-2025,09-26-2025,2026-08-21 02:41:27,Origin,Origin,Tech,1000200993,https://dibbs2.bsm.dla.mil/Downloads/RFQ/5/SPE8EG25Q0005.PDF,https://www.dibbs.bsm.dla.mil/RFQ/RFQRec.aspx?sn=SPE8EG25Q0005,https://www.dibbs.bsm.dla.mil/rfq/rfqrec.aspx?sn=SPE8EG25Q0005,INDICATOR,3,20260930T160013Z,0001S00000052,GOVERNMENT FIRST ARTIC,G,000000,2.0,,,2025-08-27,2025-09-26,BOX; FUEL; INDICATOR; LIGHTING; MARKING,DIBBS|SPE8EG25Q0005|0001S00000052,First article test line - not a product line
SPE8EG25Q0005,0001S00000061,SPE8EG25Q0005,08-27-2025,09-26-2025,2026-08-21 02:41:27,Origin,Origin,Tech,1000200993,https://dibbs2.bsm.dla.mil/Downloads/RFQ/5/SPE8EG25Q0005.PDF,https://www.dibbs.bsm.dla.mil/RFQ/RFQRec.aspx?sn=SPE8EG25Q0005,https://www.dibbs.bsm.dla.mil/rfq/rfqrec.aspx?sn=SPE8EG25Q0005,INDICATOR,3,20260930T160013Z,0001S00000061,PRODUCTION LOT TESTING,G,000000,2.0,,,2025-08-27,2025-09-26,BOX; FUEL; INDICATOR; LIGHTING; MARKING,DIBBS|SPE8EG25Q0005|0001S00000061,First article test line - not a product line
SPE4A625Q1613,0001S00000052,SPE4A625Q1613,08-05-2025,08-12-2025,2026-08-21 02:41:27,Origin,Origin,Tech,7009237252,https://dibbs2.bsm.dla.mil/Downloads/RFQ/3/SPE4A625Q1613.PDF,https://www.dibbs.bsm.dla.mil/RFQ/RFQRec.aspx?sn=SPE4A625Q1613,https://www.dibbs.bsm.dla.mil/rfq/rfqrec.aspx?sn=SPE4A625Q1613,INDICATOR,3,20260930T160013Z,0001S00000052,GOVERNMENT FIRST ARTIC,C,000000,1.0,0A0B7 | 34682 | MAINSTREAM ENGINEERING CORP,,2025-08-05,2025-08-12,BOX; FUEL; INDICATOR; MARKING,DIBBS|SPE4A625Q1613|0001S00000052,First article test line - not a product line
SPE4A726Q0788,0001S00000052,SPE4A726Q0788,07-09-2026,07-20-2026,2026-08-21 02:41:27,Origin,Origin,Tech,7017272675,https://dibbs2.bsm.dla.mil/Downloads/RFQ/8/SPE4A726Q0788.PDF,https://www.dibbs.bsm.dla.mil/RFQ/RFQRec.aspx?sn=SPE4A726Q0788,https://www.dibbs.bsm.dla.mil/rfq/rfqrec.aspx?sn=SPE4A726Q0788,INDICATOR,3,20260930T160013Z,0001S00000052,GOVERNMENT FIRST ARTIC,C,000000,1.0,0FRC8 | 342986-19 | FORREST MACHINING LLC,,2026-07-09,2026-07-20,BOX; FUEL; INDICATOR; MARKING,DIBBS|SPE4A726Q0788|0001S00000052,First article test line - not a product line
SPE4A726Q0788,0001S00000061,SPE4A726Q0788,07-09-2026,07-20-2026,2026-08-21 02:41:27,Origin,Origin,Tech,7017272675,https://dibbs2.bsm.dla.mil/Downloads/RFQ/8/SPE4A726Q0788.PDF,https://www.dibbs.bsm.dla.mil/RFQ/RFQRec.aspx?sn=SPE4A726Q0788,https://www.dibbs.bsm.dla.mil/rfq/rfqrec.aspx?sn=SPE4A726Q0788,INDICATOR,3,20260930T160013Z,0001S00000061,PRODUCTION LOT TESTING,C,000000,1.0,0FRC8 | 342986-19 | FORREST MACHINING LLC,,2026-07-09,2026-07-20,BOX; FUEL; INDICATOR; MARKING,DIBBS|SPE4A726Q0788|0001S00000061,First article test line - not a product line
SPE4A726Q0698,0001S00000052,SPE4A726Q0698,06-01-2026,06-10-2026,2026-08-21 02:41:27,Origin,Origin,Tech,7015905446,https://dibbs2.bsm.dla.mil/Downloads/RFQ/8/SPE4A726Q0698.PDF,https://www.dibbs.bsm.dla.mil/RFQ/RFQRec.aspx?sn=SPE4A726Q0698,https://www.dibbs.bsm.dla.mil/rfq/rfqrec.aspx?sn=SPE4A726Q0698,INDICATOR,3,20260930T160013Z,0001S00000052,GOVERNMENT FIRST ARTIC,C,000000,1.0,No | Data | found,,2026-06-01,2026-06-10,BOX; INDICATOR; MARKING; PLATE,DIBBS|SPE4A726Q0698|0001S00000052,First article test line - not a product line
SPE7L126Q1004,0001S00000053,SPE7L126Q1004,04-29-2026,05-08-2026,2026-08-21 02:41:27,Origin,Origin,Tech,7016266302,https://dibbs2.bsm.dla.mil/Downloads/RFQ/4/SPE7L126Q1004.PDF,https://www.dibbs.bsm.dla.mil/RFQ/RFQRec.aspx?sn=SPE7L126Q1004,https://www.dibbs.bsm.dla.mil/rfq/rfqrec.aspx?sn=SPE7L126Q1004,INDICATOR,3,20260930T160013Z,0001S00000053,CONTRACTOR FIRST ARTIC,G,332994,1.0,,,2026-04-29,2026-05-08,BOX; INDICATOR; LEGEND; LIGHTING; MARKING,DIBBS|SPE7L126Q1004|0001S00000053,First article test line - not a product line
SPE7L126Q1004,0001S00000062,SPE7L126Q1004,04-29-2026,05-08-2026,2026-08-21 02:41:27,Origin,Origin,Tech,7016266302,https://dibbs2.bsm.dla.mil/Downloads/RFQ/4/SPE7L126Q1004.PDF,https://www.dibbs.bsm.dla.mil/RFQ/RFQRec.aspx?sn=SPE7L126Q1004,https://www.dibbs.bsm.dla.mil/rfq/rfqrec.aspx?sn=SPE7L126Q1004,INDICATOR,3,20260930T160013Z,0001S00000062,PRODUCTION LOT TESTING,G,332994,1.0,,,2026-04-29,2026-05-08,BOX; INDICATOR; LEGEND; LIGHTING; MARKING,DIBBS|SPE7L126Q1004|0001S00000062,First article test line - not a product line
SPE4A726Q0758,0001S00000052,SPE4A726Q0758,06-29-2026,07-13-2026,2026-08-21 02:41:27,Origin,Origin,Tech,7016848440,https://dibbs2.bsm.dla.mil/Downloads/RFQ/8/SPE4A726Q0758.PDF,https://www.dibbs.bsm.dla.mil/RFQ/RFQRec.aspx?sn=SPE4A726Q0758,https://www.dibbs.bsm.dla.mil/rfq/rfqrec.aspx?sn=SPE4A726Q0758,INDICATOR,3,20260930T160013Z,0001S00000052,GOVERNMENT FIRST ARTIC,C,336413,1.0,"053E4 | 25-4618-511 | AIM AEROSPACE SUMNER, INC.",,2026-06-29,2026-07-13,BOX; INDICATOR,DIBBS|SPE4A726Q0758|0001S00000052,First article test line - not a product line
SPE4A626Q1291,0001S00000053,SPE4A626Q1291,08-18-2026,09-01-2026,2026-08-21 02:41:27,Origin,Origin,Tech,7016336775,https://dibbs2.bsm.dla.mil/Downloads/RFQ/1/SPE4A626Q1291.PDF,https://www.dibbs.bsm.dla.mil/RFQ/RFQRec.aspx?sn=SPE4A626Q1291,https://www.dibbs.bsm.dla.mil/rfq/rfqrec.aspx?sn=SPE4A626Q1291,INDICATOR,3,20260930T160013Z,0001S00000053,CONTRACTOR FIRST ARTIC,C,000000,1.0,No | Data | found,,2026-08-18,2026-09-01,BOX; INDICATOR; LEGEND; MARKING,DIBBS|SPE4A626Q1291|0001S00000053,First article test line - not a product line
SPE4A626Q1291,0001S00000061,SPE4A626Q1291,08-18-2026,09-01-2026,2026-08-21 02:41:27,Origin,Origin,Tech,7016336775,https://dibbs2.bsm.dla.mil/Downloads/RFQ/1/SPE4A626Q1291.PDF,https://www.dibbs.bsm.dla.mil/RFQ/RFQRec.aspx?sn=SPE4A626Q1291,https://www.dibbs.bsm.dla.mil/rfq/rfqrec.aspx?sn=SPE4A626Q1291,INDICATOR,3,20260930T160013Z,0001S00000061,PRODUCTION LOT TESTING,C,000000,1.0,No | Data | found,,2026-08-18,2026-09-01,BOX; INDICATOR; LEGEND; MARKING,DIBBS|SPE4A626Q1291|0001S00000061,First article test line - not a product line
SPE4A626Q0318,0001S00000052,SPE4A626Q0318,01-23-2026,01-29-2026,2026-08-21 02:41:27,Origin,Origin,Tech,7010287944,https://dibbs2.bsm.dla.mil/Downloads/RFQ/8/SPE4A626Q0318.PDF,https://www.dibbs.bsm.dla.mil/RFQ/RFQRec.aspx?sn=SPE4A626Q0318,https://www.dibbs.bsm.dla.mil/rfq/rfqrec.aspx?sn=SPE4A626Q0318,INDICATOR,3,20260930T160013Z,0001S00000052,GOVERNMENT FIRST ARTIC,C,000000,1.0,"56878 | SS5032-12-74 | SPS TECHNOLOGIES, LLC",,2026-01-23,2026-01-29,BOX; FUEL; INDICATOR; MARKING,DIBBS|SPE4A626Q0318|0001S00000052,First article test line - not a product line
SPE4A626Q0318,0001S00000061,SPE4A626Q0318,01-23-2026,01-29-2026,2026-08-21 02:41:27,Origin,Origin,Tech,7010287944,https://dibbs2.bsm.dla.mil/Downloads/RFQ/8/SPE4A626Q0318.PDF,https://www.dibbs.bsm.dla.mil/RFQ/RFQRec.aspx?sn=SPE4A626Q0318,https://www.dibbs.bsm.dla.mil/rfq/rfqrec.aspx?sn=SPE4A626Q0318,INDICATOR,3,20260930T160013Z,0001S00000061,PRODUCTION LOT TESTING,C,000000,1.0,"56878 | SS5032-12-74 | SPS TECHNOLOGIES, LLC",,2026-01-23,2026-01-29,BOX; FUEL; INDICATOR; MARKING,DIBBS|SPE4A626Q0318|0001S00000061,First article test line - not a product line
SPE4A525Q1486,0001S00000053,SPE4A525Q1486,09-16-2025,09-23-2025,2026-08-21 02:41:27,Origin,Origin,Tech,7012687281,https://dibbs2.bsm.dla.mil/Downloads/RFQ/6/SPE4A525Q1486.PDF,https://www.dibbs.bsm.dla.mil/RFQ/RFQRec.aspx?sn=SPE4A525Q1486,https://www.dibbs.bsm.dla.mil/rfq/rfqrec.aspx?sn=SPE4A525Q1486,INDICATOR,3,20260930T160013Z,0001S00000053,CONTRACTOR FIRST ARTIC,D,000000,1.0,99193 | 2-100-026-09 | HONEYWELL INTERNATIONAL INC.,,2025-09-16,2025-09-23,BOX; FUEL; INDICATOR; LIGHTING; MARKING,DIBBS|SPE4A525Q1486|0001S00000053,First article test line - not a product line
SPE4A525Q1486,0001S00000061,SPE4A525Q1486,09-16-2025,09-23-2025,2026-08-21 02:41:27,Origin,Origin,Tech,7012687281,https://dibbs2.bsm.dla.mil/Downloads/RFQ/6/SPE4A525Q1486.PDF,https://www.dibbs.bsm.dla.mil/RFQ/RFQRec.aspx?sn=SPE4A525Q1486,https://www.dibbs.bsm.dla.mil/rfq/rfqrec.aspx?sn=SPE4A525Q1486,INDICATOR,3,20260930T160013Z,0001S00000061,PRODUCTION LOT TESTING,D,000000,1.0,99193 | 2-100-026-09 | HONEYWELL INTERNATIONAL INC.,,2025-09-16,2025-09-23,BOX; FUEL; INDICATOR; LIGHTING; MARKING,DIBBS|SPE4A525Q1486|0001S00000061,First article test line - not a product line
SPE7M425Q1115,0001S00000052,SPE7M425Q1115,08-25-2025,08-30-2025,2026-08-21 02:41:27,Origin,Origin,Tech,7005359831,https://dibbs2.bsm.dla.mil/Downloads/RFQ/5/SPE7M425Q1115.PDF,https://www.dibbs.bsm.dla.mil/RFQ/RFQRec.aspx?sn=SPE7M425Q1115,https://www.dibbs.bsm.dla.mil/rfq/rfqrec.aspx?sn=SPE7M425Q1115,INDICATOR,3,20260930T160013Z,0001S00000052,GOVERNMENT FIRST ARTIC,B,000000,1.0,00624 | 1544M41P13 | EATON AEROQUIP LLC,,2025-08-25,2025-08-30,INDICATOR,DIBBS|SPE7M425Q1115|0001S00000052,First article test line - not a product line
SPE7M226Q0611,0001S00000046,SPE7M226Q0611,07-07-2026,07-20-2026,2026-08-21 02:41:27,Destination,Origin,None,7017237250,https://dibbs2.bsm.dla.mil/Downloads/RFQ/1/SPE7M226Q0611.PDF,https://www.dibbs.bsm.dla.mil/RFQ/RFQRec.aspx?sn=SPE7M226Q0611,https://www.dibbs.bsm.dla.mil/rfq/rfqrec.aspx?sn=SPE7M226Q0611,INDICATOR,3,20260930T160013Z,0001S00000046,MISCELLANEOUS,C,444190,2.0,0JC12 | B88097-21 | BEC SYSTEMS LLC,,2026-07-07,2026-07-20,BOX; INDICATOR; MARKING,DIBBS|SPE7M226Q0611|0001S00000046,First article test line - not a product line
SPE7M226Q0611,0001S00000052,SPE7M226Q0611,07-07-2026,07-20-2026,2026-08-21 02:41:27,Destination,Origin,None,7017237250,https://dibbs2.bsm.dla.mil/Downloads/RFQ/1/SPE7M226Q0611.PDF,https://www.dibbs.bsm.dla.mil/RFQ/RFQRec.aspx?sn=SPE7M226Q0611,https://www.dibbs.bsm.dla.mil/rfq/rfqrec.aspx?sn=SPE7M226Q0611,INDICATOR,3,20260930T160013Z,0001S00000052,GOVERNMENT FIRST ARTIC,C,000000,1.0,0JC12 | B88097-21 | BEC SYSTEMS LLC,,2026-07-07,2026-07-20,BOX; INDICATOR; MARKING,DIBBS|SPE7M226Q0611|0001S00000052,First article test line - not a product line
SPE7M226Q0590,0001S00000046,SPE7M226Q0590,06-23-2026,07-06-2026,2026-08-21 02:41:27,Origin,Origin,None,7017038310,https://dibbs2.bsm.dla.mil/Downloads/RFQ/0/SPE7M226Q0590.PDF,https://www.dibbs.bsm.dla.mil/RFQ/RFQRec.aspx?sn=SPE7M226Q0590,https://www.dibbs.bsm.dla.mil/rfq/rfqrec.aspx?sn=SPE7M226Q0590,INDICATOR,3,20260930T160013Z,0001S00000046,MISCELLANEOUS,C,444190,9.0,1EV05 | 522370-1 | JOHN R. BROMILEY COMPANY INC.,,2026-06-23,2026-07-06,BOX; INDICATOR; MARKING,DIBBS|SPE7M226Q0590|0001S00000046,First article test line - not a product line
SPE7M226Q0590,0001S00000053,SPE7M226Q0590,06-23-2026,07-06-2026,2026-08-21 02:41:27,Origin,Origin,None,7017038310,https://dibbs2.bsm.dla.mil/Downloads/RFQ/0/SPE7M226Q0590.PDF,https://www.dibbs.bsm.dla.mil/RFQ/RFQRec.aspx?sn=SPE7M226Q0590,https://www.dibbs.bsm.dla.mil/rfq/rfqrec.aspx?sn=SPE7M226Q0590,INDICATOR,3,20260930T160013Z,0001S00000053,CONTRACTOR FIRST ARTIC,C,000000,1.0,1EV05 | 522370-1 | JOHN R. BROMILEY COMPANY INC.,,2026-06-23,2026-07-06,BOX; INDICATOR; MARKING,DIBBS|SPE7M226Q0590|0001S00000053,First article test line - not a product line
SPE7M226Q0395,0001S00000046,SPE7M226Q0395,04-25-2026,05-12-2026,2026-08-21 02:41:27,Destination,Origin,Tech,7015604381,https://dibbs2.bsm.dla.mil/Downloads/RFQ/5/SPE7M226Q0395.PDF,https://www.dibbs.bsm.dla.mil/RFQ/RFQRec.aspx?sn=SPE7M226Q0395,https://www.dibbs.bsm.dla.mil/rfq/rfqrec.aspx?sn=SPE7M226Q0395,INDICATOR,3,20260930T160013Z,0001S00000046,MISCELLANEOUS,C,444190,2.0,"1QX62 | 626963-1R | INDUSTRIAL MARINE, INC.",,2026-04-25,2026-05-12,BOX; FUEL; INDICATOR; LIGHTING; MARKING,DIBBS|SPE7M226Q0395|0001S00000046,First article test line - not a product line
SPE7M226Q0395,0001S00000052,SPE7M226Q0395,04-25-2026,05-12-2026,2026-08-21 02:41:27,Destination,Origin,Tech,7015604381,https://dibbs2.bsm.dla.mil/Downloads/RFQ/5/SPE7M226Q0395.PDF,https://www.dibbs.bsm.dla.mil/RFQ/RFQRec.aspx?sn=SPE7M226Q0395,https://www.dibbs.bsm.dla.mil/rfq/rfqrec.aspx?sn=SPE7M226Q0395,INDICATOR,3,20260930T160013Z,0001S00000052,GOVERNMENT FIRST ARTIC,C,000000,1.0,"1QX62 | 626963-1R | INDUSTRIAL MARINE, INC.",,2026-04-25,2026-05-12,BOX; FUEL; INDICATOR; LIGHTING; MARKING,DIBBS|SPE7M226Q0395|0001S00000052,First article test line - not a product line
SPE4A626T35CC,0001S00000061,SPE4A626T35CC,09-23-2026,09-30-2026,2026-09-22 03:47:56,Origin,Origin,Tech,7018457609,https://dibbs2.bsm.dla.mil/Downloads/RFQ/C/SPE4A626T35CC.PDF,https://www.dibbs.bsm.dla.mil/RFQ/RFQRec.aspx?sn=SPE4A626T35CC,https://www.dibbs.bsm.dla.mil/rfq/rfqrec.aspx?sn=SPE4A626T35CC,INDICATOR,4,20260930T160029Z,0001S00000061,PRODUCTION LOT TESTING,B,______,1.0,82829 | 9407011.8 | ALLEN AIRCRAFT PRODUCTS INC,,2026-09-23,2026-09-30,INDICATOR,DIBBS|SPE4A626T35CC|0001S00000061,First article test line - not a product line
SPE4A526T410D,0001S00000053,SPE4A526T410D,09-09-2026,09-16-2026,2026-09-08 03:44:27,Origin,Origin,None,7015954999,https://dibbs2.bsm.dla.mil/Downloads/RFQ/D/SPE4A526T410D.PDF,https://www.dibbs.bsm.dla.mil/RFQ/RFQRec.aspx?sn=SPE4A526T410D,https://www.dibbs.bsm.dla.mil/rfq/rfqrec.aspx?sn=SPE4A526T410D,INDICATOR,5,20260930T160046Z,0001S00000053,CONTRACTOR FIRST ARTIC,P,______,1.0,04638 | 32600-5 | TRANSDIGM INC,,2026-09-09,2026-09-16,INDICATOR,DIBBS|SPE4A526T410D|0001S00000053,First article test line - not a product line
SPE4A626T24KK,0001S00000053,SPE4A626T24KK,08-28-2026,09-04-2026,2026-08-27 03:33:33,Origin,Origin,Tech,7018067841,https://dibbs2.bsm.dla.mil/Downloads/RFQ/K/SPE4A626T24KK.PDF,https://www.dibbs.bsm.dla.mil/RFQ/RFQRec.aspx?sn=SPE4A626T24KK,https://www.dibbs.bsm.dla.mil/rfq/rfqrec.aspx?sn=SPE4A626T24KK,INDICATOR,6,20260930T160104Z,0001S00000053,CONTRACTOR FIRST ARTIC,G,______,1.0,,,2026-08-28,2026-09-04,HARNESS; INDICATOR,DIBBS|SPE4A626T24KK|0001S00000053,First article test line - not a product line
SPE4A626T24KK,0001S00000062,SPE4A626T24KK,08-28-2026,09-04-2026,2026-08-27 03:33:33,Origin,Origin,Tech,7018067841,https://dibbs2.bsm.dla.mil/Downloads/RFQ/K/SPE4A626T24KK.PDF,https://www.dibbs.bsm.dla.mil/RFQ/RFQRec.aspx?sn=SPE4A626T24KK,https://www.dibbs.bsm.dla.mil/rfq/rfqrec.aspx?sn=SPE4A626T24KK,INDICATOR,6,20260930T160104Z,0001S00000062,PRODUCTION LOT TESTING,G,______,1.0,,,2026-08-28,2026-09-04,HARNESS; INDICATOR,DIBBS|SPE4A626T24KK|0001S00000062,First article test line - not a product line
SPE4A726T235C,0001S00000052,SPE4A726T235C,04-10-2026,04-17-2026,2026-08-21 02:41:27,Origin,Origin,Tech,7016286625,https://dibbs2.bsm.dla.mil/Downloads/RFQ/C/SPE4A726T235C.PDF,https://www.dibbs.bsm.dla.mil/RFQ/RFQRec.aspx?sn=SPE4A726T235C,https://www.dibbs.bsm.dla.mil/rfq/rfqrec.aspx?sn=SPE4A726T235C,INDICATOR,6,20260930T160104Z,0001S00000052,GOVERNMENT FIRST ARTIC,C,______,1.0,81590 | 42597-001 | KORRY ELECTRONICS CO,,2026-04-10,2026-04-17,INDICATOR,DIBBS|SPE4A726T235C|0001S00000052,First article test line - not a product line
SPE4A626T473D,0001S00000053,SPE4A626T473D,01-13-2026,01-20-2026,2026-08-21 02:41:27,Origin,Origin,Tech,7015053246,https://dibbs2.bsm.dla.mil/Downloads/RFQ/D/SPE4A626T473D.PDF,https://www.dibbs.bsm.dla.mil/RFQ/RFQRec.aspx?sn=SPE4A626T473D,https://www.dibbs.bsm.dla.mil/rfq/rfqrec.aspx?sn=SPE4A626T473D,INDICATOR,7,20260930T160121Z,0001S00000053,CONTRACTOR FIRST ARTIC,G,______,1.0,,,2026-01-13,2026-01-20,HARNESS; INDICATOR,DIBBS|SPE4A626T473D|0001S00000053,First article test line - not a product line
SPE4A626T473D,0001S00000062,SPE4A626T473D,01-13-2026,01-20-2026,2026-08-21 02:41:27,Origin,Origin,Tech,7015053246,https://dibbs2.bsm.dla.mil/Downloads/RFQ/D/SPE4A626T473D.PDF,https://www.dibbs.bsm.dla.mil/RFQ/RFQRec.aspx?sn=SPE4A626T473D,https://www.dibbs.bsm.dla.mil/rfq/rfqrec.aspx?sn=SPE4A626T473D,INDICATOR,7,20260930T160121Z,0001S00000062,PRODUCTION LOT TESTING,G,______,1.0,,,2026-01-13,2026-01-20,HARNESS; INDICATOR,DIBBS|SPE4A626T473D|0001S00000062,First article test line - not a product line
SPE7M924T2003,0001S00000062,SPE7M924T2003,02-02-2024,02-12-2024,2026-08-21 02:41:27,Origin,Origin,Tech,7005355228,https://dibbs2.bsm.dla.mil/Downloads/RFQ/3/SPE7M924T2003.PDF,https://www.dibbs.bsm.dla.mil/RFQ/RFQRec.aspx?sn=SPE7M924T2003,https://www.dibbs.bsm.dla.mil/rfq/rfqrec.aspx?sn=SPE7M924T2003,INDICATOR,7,20260930T160121Z,0001S00000062,PRODUCTION LOT TESTING,G,______,1.0,,,2024-02-02,2024-02-12,INDICATOR,DIBBS|SPE7M924T2003|0001S00000062,First article test line - not a product line
SPE4A626T97C5,0001S00000052,SPE4A626T97C5,06-18-2026,06-25-2026,2026-08-21 02:41:27,Origin,Origin,Tech,7017226961,https://dibbs2.bsm.dla.mil/Downloads/RFQ/5/SPE4A626T97C5.PDF,https://www.dibbs.bsm.dla.mil/RFQ/RFQRec.aspx?sn=SPE4A626T97C5,https://www.dibbs.bsm.dla.mil/rfq/rfqrec.aspx?sn=SPE4A626T97C5,INDICATOR,7,20260930T160121Z,0001S00000052,GOVERNMENT FIRST ARTIC,C,______,1.0,09959 | 8430035 | AIRCRAFT INSTRUMENTS CO,,2026-06-18,2026-06-25,INDICATOR,DIBBS|SPE4A626T97C5|0001S00000052,First article test line - not a product line
SPE4A726T158Z,0001S00000052,SPE4A726T158Z,03-26-2026,04-02-2026,2026-08-21 02:41:27,Origin,Origin,Tech,7016081815,https://dibbs2.bsm.dla.mil/Downloads/RFQ/Z/SPE4A726T158Z.PDF,https://www.dibbs.bsm.dla.mil/RFQ/RFQRec.aspx?sn=SPE4A726T158Z,https://www.dibbs.bsm.dla.mil/rfq/rfqrec.aspx?sn=SPE4A726T158Z,INDICATOR,8,20260930T160137Z,0001S00000052,GOVERNMENT FIRST ARTIC,C,______,1.0,0ZBE8 | C2196-34 | TRIMAN INDUSTRIES INC,,2026-03-26,2026-04-02,INDICATOR,DIBBS|SPE4A726T158Z|0001S00000052,First article test line - not a product line
SPE4A626T72N9,0001S00000052,SPE4A626T72N9,05-28-2026,06-04-2026,2026-08-21 02:41:27,Origin,Origin,Tech,7016708572,https://dibbs2.bsm.dla.mil/Downloads/RFQ/9/SPE4A626T72N9.PDF,https://www.dibbs.bsm.dla.mil/RFQ/RFQRec.aspx?sn=SPE4A626T72N9,https://www.dibbs.bsm.dla.mil/rfq/rfqrec.aspx?sn=SPE4A626T72N9,INDICATOR,8,20260930T160137Z,0001S00000052,GOVERNMENT FIRST ARTIC,C,______,1.0,09959 | 8430035 | AIRCRAFT INSTRUMENTS CO,,2026-05-28,2026-06-04,INDICATOR,DIBBS|SPE4A626T72N9|0001S00000052,First article test line - not a product line
SPE4A526T332W,0001S00000052,SPE4A526T332W,08-06-2026,08-13-2026,2026-08-21 02:41:27,Origin,Origin,Tech,7017696856,https://dibbs2.bsm.dla.mil/Downloads/RFQ/W/SPE4A526T332W.PDF,https://www.dibbs.bsm.dla.mil/RFQ/RFQRec.aspx?sn=SPE4A526T332W,https://www.dibbs.bsm.dla.mil/rfq/rfqrec.aspx?sn=SPE4A526T332W,INDICATOR,8,20260930T160137Z,0001S00000052,GOVERNMENT FIRST ARTIC,G,______,1.0,,,2026-08-06,2026-08-13,INDICATOR,DIBBS|SPE4A526T332W|0001S00000052,First article test line - not a product line
SPE4A626T6330,0001S00000053,SPE4A626T6330,10-27-2025,11-03-2025,2026-08-21 02:41:27,Origin,Origin,Tech,7014173843,https://dibbs2.bsm.dla.mil/Downloads/RFQ/0/SPE4A626T6330.PDF,https://www.dibbs.bsm.dla.mil/RFQ/RFQRec.aspx?sn=SPE4A626T6330,https://www.dibbs.bsm.dla.mil/rfq/rfqrec.aspx?sn=SPE4A626T6330,INDICATOR,9,20260930T160154Z,0001S00000053,CONTRACTOR FIRST ARTIC,G,______,1.0,,,2025-10-27,2025-11-03,INDICATOR,DIBBS|SPE4A626T6330|0001S00000053,First article test line - not a product line
SPE7M326T5113,0001S00000053,SPE7M326T5113,04-27-2026,05-07-2026,2026-08-21 02:41:27,Origin,Origin,Tech,7009380710,https://dibbs2.bsm.dla.mil/Downloads/RFQ/3/SPE7M326T5113.PDF,https://www.dibbs.bsm.dla.mil/RFQ/RFQRec.aspx?sn=SPE7M326T5113,https://www.dibbs.bsm.dla.mil/rfq/rfqrec.aspx?sn=SPE7M326T5113,INDICATOR,9,20260930T160154Z,0001S00000053,CONTRACTOR FIRST ARTIC,B,______,1.0,"1V662 | 7M483-1 | KMI, INC",,2026-04-27,2026-05-07,INDICATOR,DIBBS|SPE7M326T5113|0001S00000053,First article test line - not a product line
SPE7M326T5113,0001S00000062,SPE7M326T5113,04-27-2026,05-07-2026,2026-08-21 02:41:27,Origin,Origin,Tech,7009380710,https://dibbs2.bsm.dla.mil/Downloads/RFQ/3/SPE7M326T5113.PDF,https://www.dibbs.bsm.dla.mil/RFQ/RFQRec.aspx?sn=SPE7M326T5113,https://www.dibbs.bsm.dla.mil/rfq/rfqrec.aspx?sn=SPE7M326T5113,INDICATOR,9,20260930T160154Z,0001S00000062,PRODUCTION LOT TESTING,B,______,1.0,"1V662 | 7M483-1 | KMI, INC",,2026-04-27,2026-05-07,INDICATOR,DIBBS|SPE7M326T5113|0001S00000062,First article test line - not a product line
SPE4A526T2019,0001S00000052,SPE4A526T2019,10-30-2025,11-06-2025,2026-08-21 02:41:27,Origin,Origin,None,7014106407,https://dibbs2.bsm.dla.mil/Downloads/RFQ/9/SPE4A526T2019.PDF,https://www.dibbs.bsm.dla.mil/RFQ/RFQRec.aspx?sn=SPE4A526T2019,https://www.dibbs.bsm.dla.mil/rfq/rfqrec.aspx?sn=SPE4A526T2019,INDICATOR,9,20260930T160154Z,0001S00000052,GOVERNMENT FIRST ARTIC,R,______,1.0,"22830 | 706005-502 | SYMETRICS INDUSTRIES, LLC",,2025-10-30,2025-11-06,INDICATOR,DIBBS|SPE4A526T2019|0001S00000052,First article test line - not a product line
SPE7L126Q1060,0001S00000053,SPE7L126Q1060,06-03-2026,06-15-2026,2026-08-21 02:41:27,Destination,Origin,None,7015892448,https://dibbs2.bsm.dla.mil/Downloads/RFQ/0/SPE7L126Q1060.PDF,https://www.dibbs.bsm.dla.mil/RFQ/RFQRec.aspx?sn=SPE7L126Q1060,https://www.dibbs.bsm.dla.mil/rfq/rfqrec.aspx?sn=SPE7L126Q1060,INDICATOR,11,20260930T160228Z,0001S00000053,CONTRACTOR FIRST ARTIC,C,000000,1.0,54786 | 0111200-3 | BAE SYSTEMS LAND & ARMAMENTS L.P.,,2026-06-03,2026-06-15,BOX; FUEL; INDICATOR,DIBBS|SPE7L126Q1060|0001S00000053,First article test line - not a product line
SPE7L126Q1060,0001S00000062,SPE7L126Q1060,06-03-2026,06-15-2026,2026-08-21 02:41:27,Destination,Origin,None,7015892448,https://dibbs2.bsm.dla.mil/Downloads/RFQ/0/SPE7L126Q1060.PDF,https://www.dibbs.bsm.dla.mil/RFQ/RFQRec.aspx?sn=SPE7L126Q1060,https://www.dibbs.bsm.dla.mil/rfq/rfqrec.aspx?sn=SPE7L126Q1060,INDICATOR,11,20260930T160228Z,0001S00000062,PRODUCTION LOT TESTING,C,000000,1.0,54786 | 0111200-3 | BAE SYSTEMS LAND & ARMAMENTS L.P.,,2026-06-03,2026-06-15,BOX; FUEL; INDICATOR,DIBBS|SPE7L126Q1060|0001S00000062,First article test line - not a product line
SPE4A726T633L,0001S00000053,SPE4A726T633L,08-10-2026,08-17-2026,2026-08-21 02:41:27,Origin,Origin,Tech,7017739978,https://dibbs2.bsm.dla.mil/Downloads/RFQ/L/SPE4A726T633L.PDF,https://www.dibbs.bsm.dla.mil/RFQ/RFQRec.aspx?sn=SPE4A726T633L,https://www.dibbs.bsm.dla.mil/rfq/rfqrec.aspx?sn=SPE4A726T633L,INDICATOR,11,20260930T160228Z,0001S00000053,CONTRACTOR FIRST ARTIC,G,______,1.0,,,2026-08-10,2026-08-17,INDICATOR,DIBBS|SPE4A726T633L|0001S00000053,First article test line - not a product line
SPE4A626T71Z5,0001S00000053,SPE4A626T71Z5,05-28-2026,06-04-2026,2026-08-21 02:41:27,Origin,Origin,None,7016849495,https://dibbs2.bsm.dla.mil/Downloads/RFQ/5/SPE4A626T71Z5.PDF,https://www.dibbs.bsm.dla.mil/RFQ/RFQRec.aspx?sn=SPE4A626T71Z5,https://www.dibbs.bsm.dla.mil/rfq/rfqrec.aspx?sn=SPE4A626T71Z5,INDICATOR,11,20260930T160228Z,0001S00000053,CONTRACTOR FIRST ARTIC,G,______,1.0,,,2026-05-28,2026-06-04,INDICATOR,DIBBS|SPE4A626T71Z5|0001S00000053,First article test line - not a product line
SPE4A626T37DW,0001S00000053,SPE4A626T37DW,09-28-2026,10-05-2026,2026-09-27 06:21:44,Origin,Origin,None,7018458392,https://dibbs2.bsm.dla.mil/Downloads/RFQ/W/SPE4A626T37DW.PDF,https://www.dibbs.bsm.dla.mil/RFQ/RFQRec.aspx?sn=SPE4A626T37DW,https://www.dibbs.bsm.dla.mil/rfq/rfqrec.aspx?sn=SPE4A626T37DW,INDICATOR,11,20260930T160228Z,0001S00000053,CONTRACTOR FIRST ARTIC,G,______,1.0,,,2026-09-28,2026-10-05,INDICATOR,DIBBS|SPE4A626T37DW|0001S00000053,First article test line - not a product line
SPE4A626T30WM,0001S00000052,SPE4A626T30WM,09-17-2026,09-24-2026,2026-09-16 05:29:45,Origin,Origin,Tech,7018161252,https://dibbs2.bsm.dla.mil/Downloads/RFQ/M/SPE4A626T30WM.PDF,https://www.dibbs.bsm.dla.mil/RFQ/RFQRec.aspx?sn=SPE4A626T30WM,https://www.dibbs.bsm.dla.mil/rfq/rfqrec.aspx?sn=SPE4A626T30WM,INDICATOR,12,20260930T160246Z,0001S00000052,GOVERNMENT FIRST ARTIC,G,______,1.0,,,2026-09-17,2026-09-24,INDICATOR,DIBBS|SPE4A626T30WM|0001S00000052,First article test line - not a product line
SPE4A726T747B,0001S00000052,SPE4A726T747B,09-17-2026,09-24-2026,2026-09-16 12:32:07,Origin,Origin,Tech,7018249294,https://dibbs2.bsm.dla.mil/Downloads/RFQ/B/SPE4A726T747B.PDF,https://www.dibbs.bsm.dla.mil/RFQ/RFQRec.aspx?sn=SPE4A726T747B,https://www.dibbs.bsm.dla.mil/rfq/rfqrec.aspx?sn=SPE4A726T747B,INDICATOR,12,20260930T160246Z,0001S00000052,GOVERNMENT FIRST ARTIC,G,______,1.0,,,2026-09-17,2026-09-24,INDICATOR,DIBBS|SPE4A726T747B|0001S00000052,First article test line - not a product line
SPE4A726T746S,0001S00000052,SPE4A726T746S,09-17-2026,09-24-2026,2026-09-16 10:38:18,Origin,Origin,Tech,7018342688,https://dibbs2.bsm.dla.mil/Downloads/RFQ/S/SPE4A726T746S.PDF,https://www.dibbs.bsm.dla.mil/RFQ/RFQRec.aspx?sn=SPE4A726T746S,https://www.dibbs.bsm.dla.mil/rfq/rfqrec.aspx?sn=SPE4A726T746S,INDICATOR,12,20260930T160246Z,0001S00000052,GOVERNMENT FIRST ARTIC,P,______,1.0,"51992 | 217010 | UNION MACHINE COMPANY OF LYNN, INC",,2026-09-17,2026-09-24,INDICATOR,DIBBS|SPE4A726T746S|0001S00000052,First article test line - not a product line
SPE4A726T705H,0001S00000052,SPE4A726T705H,09-01-2026,09-08-2026,2026-08-31 09:11:51,Origin,Origin,Tech,7017740389,https://dibbs2.bsm.dla.mil/Downloads/RFQ/H/SPE4A726T705H.PDF,https://www.dibbs.bsm.dla.mil/RFQ/RFQRec.aspx?sn=SPE4A726T705H,https://www.dibbs.bsm.dla.mil/rfq/rfqrec.aspx?sn=SPE4A726T705H,INDICATOR,12,20260930T160246Z,0001S00000052,GOVERNMENT FIRST ARTIC,G,______,1.0,,,2026-09-01,2026-09-08,INDICATOR,DIBBS|SPE4A726T705H|0001S00000052,First article test line - not a product line
SPE4A626T21UR,0001S00000052,SPE4A626T21UR,08-25-2026,09-01-2026,2026-08-24 08:44:15,Origin,Origin,Tech,7017487500,https://dibbs2.bsm.dla.mil/Downloads/RFQ/R/SPE4A626T21UR.PDF,https://www.dibbs.bsm.dla.mil/RFQ/RFQRec.aspx?sn=SPE4A626T21UR,https://www.dibbs.bsm.dla.mil/rfq/rfqrec.aspx?sn=SPE4A626T21UR,INDICATOR,12,20260930T160246Z,0001S00000052,GOVERNMENT FIRST ARTIC,G,______,1.0,,,2026-08-25,2026-09-01,INDICATOR,DIBBS|SPE4A626T21UR|0001S00000052,First article test line - not a product line
SPE4A726T406C,0001S00000052,SPE4A726T406C,05-26-2026,06-02-2026,2026-08-21 02:41:27,Origin,Origin,Tech,7016846186,https://dibbs2.bsm.dla.mil/Downloads/RFQ/C/SPE4A726T406C.PDF,https://www.dibbs.bsm.dla.mil/RFQ/RFQRec.aspx?sn=SPE4A726T406C,https://www.dibbs.bsm.dla.mil/rfq/rfqrec.aspx?sn=SPE4A726T406C,INDICATOR,12,20260930T160246Z,0001S00000052,GOVERNMENT FIRST ARTIC,G,______,1.0,,,2026-05-26,2026-06-02,INDICATOR,DIBBS|SPE4A726T406C|0001S00000052,First article test line - not a product line
SPE7M526T397T,0001S00000052,SPE7M526T397T,08-10-2026,08-20-2026,2026-08-21 02:41:27,Origin,Origin,None,7013277079,https://dibbs2.bsm.dla.mil/Downloads/RFQ/T/SPE7M526T397T.PDF,https://www.dibbs.bsm.dla.mil/RFQ/RFQRec.aspx?sn=SPE7M526T397T,https://www.dibbs.bsm.dla.mil/rfq/rfqrec.aspx?sn=SPE7M526T397T,INDICATOR,12,20260930T160246Z,0001S00000052,GOVERNMENT FIRST ARTIC,C,______,1.0,82686 | 9A84 | TRANSICOIL LLC,,2026-08-10,2026-08-20,INDICATOR,DIBBS|SPE7M526T397T|0001S00000052,First article test line - not a product line
SPE7L126T361P,0001S00000052,SPE7L126T361P,04-13-2026,04-23-2026,2026-08-21 02:41:27,Origin,Origin,Tech,7015536537,https://dibbs2.bsm.dla.mil/Downloads/RFQ/P/SPE7L126T361P.PDF,https://www.dibbs.bsm.dla.mil/RFQ/RFQRec.aspx?sn=SPE7L126T361P,https://www.dibbs.bsm.dla.mil/rfq/rfqrec.aspx?sn=SPE7L126T361P,INDICATOR,12,20260930T160246Z,0001S00000052,GOVERNMENT FIRST ARTIC,G,______,1.0,,,2026-04-13,2026-04-23,INDICATOR,DIBBS|SPE7L126T361P|0001S00000052,First article test line - not a product line
SPE7M126T160N,0001S00000052,SPE7M126T160N,06-22-2026,07-02-2026,2026-08-21 02:41:27,Origin,Origin,None,7017237237,https://dibbs2.bsm.dla.mil/Downloads/RFQ/N/SPE7M126T160N.PDF,https://www.dibbs.bsm.dla.mil/RFQ/RFQRec.aspx?sn=SPE7M126T160N,https://www.dibbs.bsm.dla.mil/rfq/rfqrec.aspx?sn=SPE7M126T160N,INDICATOR,13,20260930T160303Z,0001S00000052,GOVERNMENT FIRST ARTIC,C,______,1.0,82686 | 9A84 | TRANSICOIL LLC,,2026-06-22,2026-07-02,INDICATOR,DIBBS|SPE7M126T160N|0001S00000052,First article test line - not a product line
SPE4A626T0650,0001S00000052,SPE4A626T0650,10-07-2025,10-14-2025,2026-08-21 02:41:27,Origin,Origin,Tech,7012148637,https://dibbs2.bsm.dla.mil/Downloads/RFQ/0/SPE4A626T0650.PDF,https://www.dibbs.bsm.dla.mil/RFQ/RFQRec.aspx?sn=SPE4A626T0650,https://www.dibbs.bsm.dla.mil/rfq/rfqrec.aspx?sn=SPE4A626T0650,INDICATOR,13,20260930T160303Z,0001S00000052,GOVERNMENT FIRST ARTIC,G,______,1.0,,,2025-10-07,2025-10-14,ANNUNCIATOR; INDICATOR,DIBBS|SPE4A626T0650|0001S00000052,First article test line - not a product line
SPE7MC26T043G,0001S00000052,SPE7MC26T043G,06-01-2026,06-11-2026,2026-08-21 02:41:27,Origin,Origin,Tech,7015689532,https://dibbs2.bsm.dla.mil/Downloads/RFQ/G/SPE7MC26T043G.PDF,https://www.dibbs.bsm.dla.mil/RFQ/RFQRec.aspx?sn=SPE7MC26T043G,https://www.dibbs.bsm.dla.mil/rfq/rfqrec.aspx?sn=SPE7MC26T043G,INDICATOR,13,20260930T160303Z,0001S00000052,GOVERNMENT FIRST ARTIC,B,______,1.0,2K384 | 1557002 | METALLIZED CARBON CORP,,2026-06-01,2026-06-11,INDICATOR,DIBBS|SPE7MC26T043G|0001S00000052,First article test line - not a product line
SPE4A726T579G,0001S00000053,SPE4A726T579G,07-17-2026,07-24-2026,2026-08-21 02:41:27,Origin,Origin,None,7017408741,https://dibbs2.bsm.dla.mil/Downloads/RFQ/G/SPE4A726T579G.PDF,https://www.dibbs.bsm.dla.mil/RFQ/RFQRec.aspx?sn=SPE4A726T579G,https://www.dibbs.bsm.dla.mil/rfq/rfqrec.aspx?sn=SPE4A726T579G,INDICATOR,13,20260930T160303Z,0001S00000053,CONTRACTOR FIRST ARTIC,P,______,1.0,"08844 | 114SS670-12 | MARATHONNORCO AEROSPACE, INC.",,2026-07-17,2026-07-24,INDICATOR,DIBBS|SPE4A726T579G|0001S00000053,First article test line - not a product line
SPE8ED26T0706,0001S00000062,SPE8ED26T0706,04-03-2026,04-13-2026,2026-08-21 02:41:27,Origin,Origin,Tech,7016179315,https://dibbs2.bsm.dla.mil/Downloads/RFQ/6/SPE8ED26T0706.PDF,https://www.dibbs.bsm.dla.mil/RFQ/RFQRec.aspx?sn=SPE8ED26T0706,https://www.dibbs.bsm.dla.mil/rfq/rfqrec.aspx?sn=SPE8ED26T0706,INDICATOR,13,20260930T160303Z,0001S00000062,PRODUCTION LOT TESTING,G,______,1.0,,,2026-04-03,2026-04-13,INDICATOR,DIBBS|SPE8ED26T0706|0001S00000062,First article test line - not a product line
SPE4A626T06HW,0001S00000052,SPE4A626T06HW,07-15-2026,07-22-2026,2026-08-21 02:41:27,Origin,Origin,Tech,7017227325,https://dibbs2.bsm.dla.mil/Downloads/RFQ/W/SPE4A626T06HW.PDF,https://www.dibbs.bsm.dla.mil/RFQ/RFQRec.aspx?sn=SPE4A626T06HW,https://www.dibbs.bsm.dla.mil/rfq/rfqrec.aspx?sn=SPE4A626T06HW,INDICATOR,13,20260930T160303Z,0001S00000052,GOVERNMENT FIRST ARTIC,C,______,1.0,"14550 | 89-00172-003 | LUMINESCENT SYSTEMS, INC",,2026-07-15,2026-07-22,INDICATOR,DIBBS|SPE4A626T06HW|0001S00000052,First article test line - not a product line
SPE7M426T240H,0001S00000052,SPE7M426T240H,07-10-2026,07-20-2026,2026-08-21 02:41:27,Origin,Origin,Tech,7017437460,https://dibbs2.bsm.dla.mil/Downloads/RFQ/H/SPE7M426T240H.PDF,https://www.dibbs.bsm.dla.mil/RFQ/RFQRec.aspx?sn=SPE7M426T240H,https://www.dibbs.bsm.dla.mil/rfq/rfqrec.aspx?sn=SPE7M426T240H,INDICATOR,13,20260930T160303Z,0001S00000052,GOVERNMENT FIRST ARTIC,G,______,1.0,,,2026-07-10,2026-07-20,INDICATOR,DIBBS|SPE7M426T240H|0001S00000052,First article test line - not a product line
SPE7MC26T174N,0001S00000053,SPE7MC26T174N,08-07-2026,08-17-2026,2026-08-21 02:41:27,Origin,Origin,Tech,7017777276,https://dibbs2.bsm.dla.mil/Downloads/RFQ/N/SPE7MC26T174N.PDF,https://www.dibbs.bsm.dla.mil/RFQ/RFQRec.aspx?sn=SPE7MC26T174N,https://www.dibbs.bsm.dla.mil/rfq/rfqrec.aspx?sn=SPE7MC26T174N,INDICATOR,13,20260930T160303Z,0001S00000053,CONTRACTOR FIRST ARTIC,G,______,1.0,,,2026-08-07,2026-08-17,INDICATOR,DIBBS|SPE7MC26T174N|0001S00000053,First article test line - not a product line
SPE4A626Q1168,0001S00000052,SPE4A626Q1168,07-21-2026,07-28-2026,2026-08-21 02:41:27,Origin,Origin,None,7016335503,https://dibbs2.bsm.dla.mil/Downloads/RFQ/8/SPE4A626Q1168.PDF,https://www.dibbs.bsm.dla.mil/RFQ/RFQRec.aspx?sn=SPE4A626Q1168,https://www.dibbs.bsm.dla.mil/rfq/rfqrec.aspx?sn=SPE4A626Q1168,INDICATOR,14,20260930T160320Z,0001S00000052,GOVERNMENT FIRST ARTIC,C,336413,1.0,17765 | 50-11376-2 | THE BOEING COMPANY,,2026-07-21,2026-07-28,BOX; INDICATOR; PLATE,DIBBS|SPE4A626Q1168|0001S00000052,First article test line - not a product line
SPE8E626T2480,0001S00000053,SPE8E626T2480,04-17-2026,04-27-2026,2026-08-21 02:41:27,Origin,Origin,Tech,7016373964,https://dibbs2.bsm.dla.mil/Downloads/RFQ/0/SPE8E626T2480.PDF,https://www.dibbs.bsm.dla.mil/RFQ/RFQRec.aspx?sn=SPE8E626T2480,https://www.dibbs.bsm.dla.mil/rfq/rfqrec.aspx?sn=SPE8E626T2480,INDICATOR,14,20260930T160320Z,0001S00000053,CONTRACTOR FIRST ARTIC,G,______,1.0,,,2026-04-17,2026-04-27,INDICATOR,DIBBS|SPE8E626T2480|0001S00000053,First article test line - not a product line
SPE8ED26T0646,0001S00000062,SPE8ED26T0646,03-19-2026,03-30-2026,2026-08-21 02:41:27,Origin,Origin,Tech,7014947131,https://dibbs2.bsm.dla.mil/Downloads/RFQ/6/SPE8ED26T0646.PDF,https://www.dibbs.bsm.dla.mil/RFQ/RFQRec.aspx?sn=SPE8ED26T0646,https://www.dibbs.bsm.dla.mil/rfq/rfqrec.aspx?sn=SPE8ED26T0646,INDICATOR,14,20260930T160320Z,0001S00000062,PRODUCTION LOT TESTING,G,______,1.0,,,2026-03-19,2026-03-30,INDICATOR,DIBBS|SPE8ED26T0646|0001S00000062,First article test line - not a product line
SPE7L326T187L,0001S00000052,SPE7L326T187L,08-20-2026,08-31-2026,2026-08-21 02:41:27,Origin,Origin,Tech,7017601033,https://dibbs2.bsm.dla.mil/Downloads/RFQ/L/SPE7L326T187L.PDF,https://www.dibbs.bsm.dla.mil/RFQ/RFQRec.aspx?sn=SPE7L326T187L,https://www.dibbs.bsm.dla.mil/rfq/rfqrec.aspx?sn=SPE7L326T187L,INDICATOR,14,20260930T160320Z,0001S00000052,GOVERNMENT FIRST ARTIC,G,______,1.0,,,2026-08-20,2026-08-31,INDICATOR,DIBBS|SPE7L326T187L|0001S00000052,First article test line - not a product line
SPE4A626T28WP,0001S00000053,SPE4A626T28WP,09-11-2026,09-18-2026,2026-09-10 08:33:44,Origin,Origin,None,7017868442,https://dibbs2.bsm.dla.mil/Downloads/RFQ/P/SPE4A626T28WP.PDF,https://www.dibbs.bsm.dla.mil/RFQ/RFQRec.aspx?sn=SPE4A626T28WP,https://www.dibbs.bsm.dla.mil/rfq/rfqrec.aspx?sn=SPE4A626T28WP,LIGHTING,1,20260930T160352Z,0001S00000053,CONTRACTOR FIRST ARTIC,G,______,1.0,,,2026-09-11,2026-09-18,LIGHTING,DIBBS|SPE4A626T28WP|0001S00000053,First article test line - not a product line
SPE4A726T227U,0001S00000053,SPE4A726T227U,04-10-2026,04-17-2026,2026-08-21 02:41:27,Origin,Origin,None,7016227017,https://dibbs2.bsm.dla.mil/Downloads/RFQ/U/SPE4A726T227U.PDF,https://www.dibbs.bsm.dla.mil/RFQ/RFQRec.aspx?sn=SPE4A726T227U,https://www.dibbs.bsm.dla.mil/rfq/rfqrec.aspx?sn=SPE4A726T227U,LIGHTING,1,20260930T160352Z,0001S00000053,CONTRACTOR FIRST ARTIC,G,______,1.0,,,2026-04-10,2026-04-17,LIGHTING,DIBBS|SPE4A726T227U|0001S00000053,First article test line - not a product line
SPE4A626T09SQ,0001S00000053,SPE4A626T09SQ,07-27-2026,08-03-2026,2026-08-21 02:41:27,Origin,Origin,None,7015657541,https://dibbs2.bsm.dla.mil/Downloads/RFQ/Q/SPE4A626T09SQ.PDF,https://www.dibbs.bsm.dla.mil/RFQ/RFQRec.aspx?sn=SPE4A626T09SQ,https://www.dibbs.bsm.dla.mil/rfq/rfqrec.aspx?sn=SPE4A626T09SQ,LIGHTING,1,20260930T160352Z,0001S00000053,CONTRACTOR FIRST ARTIC,G,______,1.0,,,2026-07-27,2026-08-03,LIGHTING,DIBBS|SPE4A626T09SQ|0001S00000053,First article test line - not a product line
SPE4A626T97Y5,0001S00000053,SPE4A626T97Y5,06-18-2026,06-25-2026,2026-08-21 02:41:27,Origin,Destination,None,7017109240,https://dibbs2.bsm.dla.mil/Downloads/RFQ/5/SPE4A626T97Y5.PDF,https://www.dibbs.bsm.dla.mil/RFQ/RFQRec.aspx?sn=SPE4A626T97Y5,https://www.dibbs.bsm.dla.mil/rfq/rfqrec.aspx?sn=SPE4A626T97Y5,LIGHTING,1,20260930T160352Z,0001S00000053,CONTRACTOR FIRST ARTIC,G,______,1.0,,,2026-06-18,2026-06-25,LIGHTING,DIBBS|SPE4A626T97Y5|0001S00000053,First article test line - not a product line
SPE4A626T11PZ,0001S00000052,SPE4A626T11PZ,08-05-2026,08-12-2026,2026-08-21 02:41:27,Origin,Origin,None,7017740736,https://dibbs2.bsm.dla.mil/Downloads/RFQ/Z/SPE4A626T11PZ.PDF,https://www.dibbs.bsm.dla.mil/RFQ/RFQRec.aspx?sn=SPE4A626T11PZ,https://www.dibbs.bsm.dla.mil/rfq/rfqrec.aspx?sn=SPE4A626T11PZ,LIGHTING,1,20260930T160352Z,0001S00000052,GOVERNMENT FIRST ARTIC,G,______,1.0,,,2026-08-05,2026-08-12,LIGHTING; MARKING,DIBBS|SPE4A626T11PZ|0001S00000052,First article test line - not a product line
SPE4A626T50D3,0001S00000053,SPE4A626T50D3,05-11-2026,05-18-2026,2026-08-21 02:41:27,Origin,Origin,None,7016708532,https://dibbs2.bsm.dla.mil/Downloads/RFQ/3/SPE4A626T50D3.PDF,https://www.dibbs.bsm.dla.mil/RFQ/RFQRec.aspx?sn=SPE4A626T50D3,https://www.dibbs.bsm.dla.mil/rfq/rfqrec.aspx?sn=SPE4A626T50D3,LIGHTING,1,20260930T160352Z,0001S00000053,CONTRACTOR FIRST ARTIC,G,______,1.0,,,2026-05-11,2026-05-18,LIGHTING,DIBBS|SPE4A626T50D3|0001S00000053,First article test line - not a product line
SPE4A626T08ZQ,0001S00000053,SPE4A626T08ZQ,07-23-2026,07-30-2026,2026-08-21 02:41:27,Origin,Origin,None,7017571431,https://dibbs2.bsm.dla.mil/Downloads/RFQ/Q/SPE4A626T08ZQ.PDF,https://www.dibbs.bsm.dla.mil/RFQ/RFQRec.aspx?sn=SPE4A626T08ZQ,https://www.dibbs.bsm.dla.mil/rfq/rfqrec.aspx?sn=SPE4A626T08ZQ,LIGHTING,1,20260930T160352Z,0001S00000053,CONTRACTOR FIRST ARTIC,G,______,1.0,,,2026-07-23,2026-07-30,LIGHTING,DIBBS|SPE4A626T08ZQ|0001S00000053,First article test line - not a product line
SPE4A526T432F,0001S00000052,SPE4A526T432F,09-16-2026,09-23-2026,2026-09-15 05:42:54,Origin,Origin,Tech,7017940066,https://dibbs2.bsm.dla.mil/Downloads/RFQ/F/SPE4A526T432F.PDF,https://www.dibbs.bsm.dla.mil/RFQ/RFQRec.aspx?sn=SPE4A526T432F,https://www.dibbs.bsm.dla.mil/rfq/rfqrec.aspx?sn=SPE4A526T432F,LIGHTING,2,20260930T160409Z,0001S00000052,GOVERNMENT FIRST ARTIC,C,______,1.0,55438 | GE16026-2 | GOODRICH LIGHTING SYSTEMS INC,,2026-09-16,2026-09-23,LIGHTING,DIBBS|SPE4A526T432F|0001S00000052,First article test line - not a product line
SPE7M226Q0383,0001S00000046,SPE7M226Q0383,04-02-2026,04-13-2026,2026-08-21 02:41:27,Origin,Origin,Tech,7015536340,https://dibbs2.bsm.dla.mil/Downloads/RFQ/3/SPE7M226Q0383.PDF,https://www.dibbs.bsm.dla.mil/RFQ/RFQRec.aspx?sn=SPE7M226Q0383,https://www.dibbs.bsm.dla.mil/rfq/rfqrec.aspx?sn=SPE7M226Q0383,LIGHTING,2,20260930T160409Z,0001S00000046,MISCELLANEOUS,C,444190,2.0,"21856 | 212907-2 | CENTROID, INC.",,2026-04-02,2026-04-13,BOX; FUEL; LEGEND; LIGHTING,DIBBS|SPE7M226Q0383|0001S00000046,First article test line - not a product line
SPE7M226Q0383,0001S00000053,SPE7M226Q0383,04-02-2026,04-13-2026,2026-08-21 02:41:27,Origin,Origin,Tech,7015536340,https://dibbs2.bsm.dla.mil/Downloads/RFQ/3/SPE7M226Q0383.PDF,https://www.dibbs.bsm.dla.mil/RFQ/RFQRec.aspx?sn=SPE7M226Q0383,https://www.dibbs.bsm.dla.mil/rfq/rfqrec.aspx?sn=SPE7M226Q0383,LIGHTING,2,20260930T160409Z,0001S00000053,CONTRACTOR FIRST ARTIC,C,000000,1.0,"21856 | 212907-2 | CENTROID, INC.",,2026-04-02,2026-04-13,BOX; FUEL; LEGEND; LIGHTING,DIBBS|SPE7M226Q0383|0001S00000053,First article test line - not a product line
SPE7M025Q0645,0001S00000053,SPE7M025Q0645,07-24-2025,08-07-2025,2026-08-21 02:41:27,Origin,Origin,None,7013097511,https://dibbs2.bsm.dla.mil/Downloads/RFQ/5/SPE7M025Q0645.PDF,https://www.dibbs.bsm.dla.mil/RFQ/RFQRec.aspx?sn=SPE7M025Q0645,https://www.dibbs.bsm.dla.mil/rfq/rfqrec.aspx?sn=SPE7M025Q0645,LIGHTING,2,20260930T160409Z,0001S00000053,CONTRACTOR FIRST ARTIC,D,000000,1.0,0HHN4 | 007221-1 | CIRCLE PRIME MANUFACTURING INC,,2025-07-24,2025-08-07,BOX; FUEL; LIGHTING,DIBBS|SPE7M025Q0645|0001S00000053,First article test line - not a product line
SPE4A626Q0899,0001S00000052,SPE4A626Q0899,07-09-2026,07-17-2026,2026-08-21 02:41:27,Origin,Origin,Tech,7012594977,https://dibbs2.bsm.dla.mil/Downloads/RFQ/9/SPE4A626Q0899.PDF,https://www.dibbs.bsm.dla.mil/RFQ/RFQRec.aspx?sn=SPE4A626Q0899,https://www.dibbs.bsm.dla.mil/rfq/rfqrec.aspx?sn=SPE4A626Q0899,LIGHTING,2,20260930T160409Z,0001S00000052,GOVERNMENT FIRST ARTIC,G,000000,1.0,,,2026-07-09,2026-07-17,BOX; FUEL; LIGHTING,DIBBS|SPE4A626Q0899|0001S00000052,First article test line - not a product line
SPE4A726Q0181,0001S00000052,SPE4A726Q0181,11-17-2025,12-01-2025,2026-08-21 02:41:27,Destination,Origin,Tech,7011369112; 7012346578,https://dibbs2.bsm.dla.mil/Downloads/RFQ/1/SPE4A726Q0181.PDF,https://www.dibbs.bsm.dla.mil/RFQ/RFQRec.aspx?sn=SPE4A726Q0181,https://www.dibbs.bsm.dla.mil/rfq/rfqrec.aspx?sn=SPE4A726Q0181,LIGHTING,2,20260930T160409Z,0001S00000052,GOVERNMENT FIRST ARTIC,C,000000,1.0,"06DM5 | L3050220-012 | INFINITY FABRICATION, INC.",,2025-11-17,2025-12-01,BOX; LEGEND; LIGHTING; MARKING,DIBBS|SPE4A726Q0181|0001S00000052,First article test line - not a product line
SPE4A726Q0285,0001S00000052,SPE4A726Q0285,07-23-2026,08-06-2026,2026-08-21 02:41:27,Origin,Origin,Tech,7014870421,https://dibbs2.bsm.dla.mil/Downloads/RFQ/5/SPE4A726Q0285.PDF,https://www.dibbs.bsm.dla.mil/RFQ/RFQRec.aspx?sn=SPE4A726Q0285,https://www.dibbs.bsm.dla.mil/rfq/rfqrec.aspx?sn=SPE4A726Q0285,LIGHTING,2,20260930T160409Z,0001S00000052,GOVERNMENT FIRST ARTIC,G,000000,1.0,,,2026-07-23,2026-08-06,BOX; FUEL; LIGHTING; MARKING,DIBBS|SPE4A726Q0285|0001S00000052,First article test line - not a product line
SPE7L126Q1032,0001S00000053,SPE7L126Q1032,05-19-2026,05-29-2026,2026-08-21 02:41:27,Origin,Origin,Tech,7016285403,https://dibbs2.bsm.dla.mil/Downloads/RFQ/2/SPE7L126Q1032.PDF,https://www.dibbs.bsm.dla.mil/RFQ/RFQRec.aspx?sn=SPE7L126Q1032,https://www.dibbs.bsm.dla.mil/rfq/rfqrec.aspx?sn=SPE7L126Q1032,LIGHTING,2,20260930T160409Z,0001S00000053,CONTRACTOR FIRST ARTIC,G,332994,1.0,,,2026-05-19,2026-05-29,BOX; LEGEND; LIGHTING; MARKING,DIBBS|SPE7L126Q1032|0001S00000053,First article test line - not a product line
SPE7M025Q0646,0001S00000053,SPE7M025Q0646,07-24-2025,08-07-2025,2026-08-21 02:41:27,Origin,Origin,None,7013097512,https://dibbs2.bsm.dla.mil/Downloads/RFQ/6/SPE7M025Q0646.PDF,https://www.dibbs.bsm.dla.mil/RFQ/RFQRec.aspx?sn=SPE7M025Q0646,https://www.dibbs.bsm.dla.mil/rfq/rfqrec.aspx?sn=SPE7M025Q0646,LIGHTING,2,20260930T160409Z,0001S00000053,CONTRACTOR FIRST ARTIC,D,000000,1.0,0HHN4 | 007222-1 | CIRCLE PRIME MANUFACTURING INC,,2025-07-24,2025-08-07,BOX; FUEL; LIGHTING,DIBBS|SPE7M025Q0646|0001S00000053,First article test line - not a product line
SPE7M226Q0292,0001S00000046,SPE7M226Q0292,02-10-2026,02-17-2026,2026-08-21 02:41:27,Destination,Origin,Tech,7014583625,https://dibbs2.bsm.dla.mil/Downloads/RFQ/2/SPE7M226Q0292.PDF,https://www.dibbs.bsm.dla.mil/RFQ/RFQRec.aspx?sn=SPE7M226Q0292,https://www.dibbs.bsm.dla.mil/rfq/rfqrec.aspx?sn=SPE7M226Q0292,LIGHTING,2,20260930T160409Z,0001S00000046,MISCELLANEOUS,C,336413,9.0,"1TG13 | 519738-1 | CHALMERS & KUBECK, INC.",,2026-02-10,2026-02-17,BOX; LIGHTING,DIBBS|SPE7M226Q0292|0001S00000046,First article test line - not a product line
SPE7M226Q0292,0001S00000052,SPE7M226Q0292,02-10-2026,02-17-2026,2026-08-21 02:41:27,Destination,Origin,Tech,7014583625,https://dibbs2.bsm.dla.mil/Downloads/RFQ/2/SPE7M226Q0292.PDF,https://www.dibbs.bsm.dla.mil/RFQ/RFQRec.aspx?sn=SPE7M226Q0292,https://www.dibbs.bsm.dla.mil/rfq/rfqrec.aspx?sn=SPE7M226Q0292,LIGHTING,2,20260930T160409Z,0001S00000052,GOVERNMENT FIRST ARTIC,C,336413,1.0,"1TG13 | 519738-1 | CHALMERS & KUBECK, INC.",,2026-02-10,2026-02-17,BOX; LIGHTING,DIBBS|SPE7M226Q0292|0001S00000052,First article test line - not a product line
SPE7L726Q0915,0001S00000053,SPE7L726Q0915,02-19-2026,03-03-2026,2026-08-21 02:41:27,Destination,Origin,Tech,7013654031,https://dibbs2.bsm.dla.mil/Downloads/RFQ/5/SPE7L726Q0915.PDF,https://www.dibbs.bsm.dla.mil/RFQ/RFQRec.aspx?sn=SPE7L726Q0915,https://www.dibbs.bsm.dla.mil/rfq/rfqrec.aspx?sn=SPE7L726Q0915,LIGHTING,3,20260930T160427Z,0001S00000053,CONTRACTOR FIRST ARTIC,G,000000,1.0,,,2026-02-19,2026-03-03,LIGHTING,DIBBS|SPE7L726Q0915|0001S00000053,First article test line - not a product line
SPE7L726Q0915,0001S00000062,SPE7L726Q0915,02-19-2026,03-03-2026,2026-08-21 02:41:27,Destination,Origin,Tech,7013654031,https://dibbs2.bsm.dla.mil/Downloads/RFQ/5/SPE7L726Q0915.PDF,https://www.dibbs.bsm.dla.mil/RFQ/RFQRec.aspx?sn=SPE7L726Q0915,https://www.dibbs.bsm.dla.mil/rfq/rfqrec.aspx?sn=SPE7L726Q0915,LIGHTING,3,20260930T160427Z,0001S00000062,PRODUCTION LOT TESTING,G,000000,1.0,,,2026-02-19,2026-03-03,LIGHTING,DIBBS|SPE7L726Q0915|0001S00000062,First article test line - not a product line
SPE4A726Q0305,0001S00000052,SPE4A726Q0305,01-09-2026,01-23-2026,2026-08-21 02:41:27,Origin,Origin,Tech,7014870180,https://dibbs2.bsm.dla.mil/Downloads/RFQ/5/SPE4A726Q0305.PDF,https://www.dibbs.bsm.dla.mil/RFQ/RFQRec.aspx?sn=SPE4A726Q0305,https://www.dibbs.bsm.dla.mil/rfq/rfqrec.aspx?sn=SPE4A726Q0305,LIGHTING,3,20260930T160427Z,0001S00000052,GOVERNMENT FIRST ARTIC,G,000000,1.0,,,2026-01-09,2026-01-23,FUEL; LIGHTING,DIBBS|SPE4A726Q0305|0001S00000052,First article test line - not a product line
SPE7M126Q0896,0001S00000053,SPE7M126Q0896,06-04-2026,06-15-2026,2026-08-21 02:41:27,Origin,Origin,Tech,7016266686,https://dibbs2.bsm.dla.mil/Downloads/RFQ/6/SPE7M126Q0896.PDF,https://www.dibbs.bsm.dla.mil/RFQ/RFQRec.aspx?sn=SPE7M126Q0896,https://www.dibbs.bsm.dla.mil/rfq/rfqrec.aspx?sn=SPE7M126Q0896,LIGHTING,3,20260930T160427Z,0001S00000053,CONTRACTOR FIRST ARTIC,B,000000,1.0,"32498 | 12480779 | UUSI, LLC",,2026-06-04,2026-06-15,BOX; FUEL; LIGHTING,DIBBS|SPE7M126Q0896|0001S00000053,First article test line - not a product line
SPE7M425Q0978,0001S00000053,SPE7M425Q0978,07-21-2025,08-01-2025,2026-08-21 02:41:27,Origin,Origin,Tech,7012717853,https://dibbs2.bsm.dla.mil/Downloads/RFQ/8/SPE7M425Q0978.PDF,https://www.dibbs.bsm.dla.mil/RFQ/RFQRec.aspx?sn=SPE7M425Q0978,https://www.dibbs.bsm.dla.mil/rfq/rfqrec.aspx?sn=SPE7M425Q0978,LIGHTING,3,20260930T160427Z,0001S00000053,CONTRACTOR FIRST ARTIC,G,326122,1.0,,,2025-07-21,2025-08-01,BOX; FUEL; LIGHTING,DIBBS|SPE7M425Q0978|0001S00000053,First article test line - not a product line
SPE7M425Q0978,0001S00000062,SPE7M425Q0978,07-21-2025,08-01-2025,2026-08-21 02:41:27,Origin,Origin,Tech,7012717853,https://dibbs2.bsm.dla.mil/Downloads/RFQ/8/SPE7M425Q0978.PDF,https://www.dibbs.bsm.dla.mil/RFQ/RFQRec.aspx?sn=SPE7M425Q0978,https://www.dibbs.bsm.dla.mil/rfq/rfqrec.aspx?sn=SPE7M425Q0978,LIGHTING,3,20260930T160427Z,0001S00000062,PRODUCTION LOT TESTING,G,326122,1.0,,,2025-07-21,2025-08-01,BOX; FUEL; LIGHTING,DIBBS|SPE7M425Q0978|0001S00000062,First article test line - not a product line
SPE4A726Q0348,0001S00000052,SPE4A726Q0348,01-16-2026,01-28-2026,2026-08-21 02:41:27,Origin,Origin,Tech,7014813624,https://dibbs2.bsm.dla.mil/Downloads/RFQ/8/SPE4A726Q0348.PDF,https://www.dibbs.bsm.dla.mil/RFQ/RFQRec.aspx?sn=SPE4A726Q0348,https://www.dibbs.bsm.dla.mil/rfq/rfqrec.aspx?sn=SPE4A726Q0348,LIGHTING,3,20260930T160427Z,0001S00000052,GOVERNMENT FIRST ARTIC,G,000000,1.0,,,2026-01-16,2026-01-28,FUEL; LIGHTING,DIBBS|SPE4A726Q0348|0001S00000052,First article test line - not a product line
SPE4A726Q0433,0001S00000040,SPE4A726Q0433,02-12-2026,02-26-2026,2026-08-21 02:41:27,Origin,Origin,Tech,7014380900,https://dibbs2.bsm.dla.mil/Downloads/RFQ/3/SPE4A726Q0433.PDF,https://www.dibbs.bsm.dla.mil/RFQ/RFQRec.aspx?sn=SPE4A726Q0433,https://www.dibbs.bsm.dla.mil/rfq/rfqrec.aspx?sn=SPE4A726Q0433,LIGHTING,3,20260930T160427Z,0001S00000040,SPECIAL TESTING,T,000000,1.0,,,2026-02-12,2026-02-26,BOX; DROGUE; FUEL; LIGHTING; MARKING,DIBBS|SPE4A726Q0433|0001S00000040,First article test line - not a product line
SPE4A726Q0433,0001S00000052,SPE4A726Q0433,02-12-2026,02-26-2026,2026-08-21 02:41:27,Origin,Origin,Tech,7014380900,https://dibbs2.bsm.dla.mil/Downloads/RFQ/3/SPE4A726Q0433.PDF,https://www.dibbs.bsm.dla.mil/RFQ/RFQRec.aspx?sn=SPE4A726Q0433,https://www.dibbs.bsm.dla.mil/rfq/rfqrec.aspx?sn=SPE4A726Q0433,LIGHTING,3,20260930T160427Z,0001S00000052,GOVERNMENT FIRST ARTIC,T,000000,1.0,,,2026-02-12,2026-02-26,BOX; DROGUE; FUEL; LIGHTING; MARKING,DIBBS|SPE4A726Q0433|0001S00000052,First article test line - not a product line
SPE4A726Q0433,0001S00000061,SPE4A726Q0433,02-12-2026,02-26-2026,2026-08-21 02:41:27,Origin,Origin,Tech,7014380900,https://dibbs2.bsm.dla.mil/Downloads/RFQ/3/SPE4A726Q0433.PDF,https://www.dibbs.bsm.dla.mil/RFQ/RFQRec.aspx?sn=SPE4A726Q0433,https://www.dibbs.bsm.dla.mil/rfq/rfqrec.aspx?sn=SPE4A726Q0433,LIGHTING,3,20260930T160427Z,0001S00000061,PRODUCTION LOT TESTING,T,000000,1.0,,,2026-02-12,2026-02-26,BOX; DROGUE; FUEL; LIGHTING; MARKING,DIBBS|SPE4A726Q0433|0001S00000061,First article test line - not a product line
SPE4A726Q0498,0001S00000053,SPE4A726Q0498,03-09-2026,03-19-2026,2026-08-21 02:41:27,Origin,Origin,Tech,7015212463,https://dibbs2.bsm.dla.mil/Downloads/RFQ/8/SPE4A726Q0498.PDF,https://www.dibbs.bsm.dla.mil/RFQ/RFQRec.aspx?sn=SPE4A726Q0498,https://www.dibbs.bsm.dla.mil/rfq/rfqrec.aspx?sn=SPE4A726Q0498,LIGHTING,3,20260930T160427Z,0001S00000053,CONTRACTOR FIRST ARTIC,C,000000,1.0,"06DM5 | 1-75015-501 | INFINITY FABRICATION, INC.",,2026-03-09,2026-03-19,LIGHTING,DIBBS|SPE4A726Q0498|0001S00000053,First article test line - not a product line
SPE7M126Q0678,0001S00000052,SPE7M126Q0678,02-27-2026,03-03-2026,2026-08-21 02:41:27,Origin,Origin,None,7014414805,https://dibbs2.bsm.dla.mil/Downloads/RFQ/8/SPE7M126Q0678.PDF,https://www.dibbs.bsm.dla.mil/RFQ/RFQRec.aspx?sn=SPE7M126Q0678,https://www.dibbs.bsm.dla.mil/rfq/rfqrec.aspx?sn=SPE7M126Q0678,LIGHTING,3,20260930T160427Z,0001S00000052,GOVERNMENT FIRST ARTIC,C,000000,1.0,58657 | REHL-X9-4002 | LEACH INTERNATIONAL CORP,,2026-02-27,2026-03-03,BOX; LIGHTING; PLATE,DIBBS|SPE7M126Q0678|0001S00000052,First article test line - not a product line
SPE7M126Q0903,0001S00000046,SPE7M126Q0903,08-14-2026,08-27-2026,2026-08-21 02:41:27,Origin,Origin,Tech,7015697737,https://dibbs2.bsm.dla.mil/Downloads/RFQ/3/SPE7M126Q0903.PDF,https://www.dibbs.bsm.dla.mil/RFQ/RFQRec.aspx?sn=SPE7M126Q0903,https://www.dibbs.bsm.dla.mil/rfq/rfqrec.aspx?sn=SPE7M126Q0903,LIGHTING,3,20260930T160427Z,0001S00000046,MISCELLANEOUS,C,444190,2.0,072E5 | 3113AS1195-2 | V2X MODERNIZATION AND SUSTAINMENT L,,2026-08-14,2026-08-27,BOX; FUEL; LIGHTING,DIBBS|SPE7M126Q0903|0001S00000046,First article test line - not a product line
SPE7M126Q0903,0001S00000053,SPE7M126Q0903,08-14-2026,08-27-2026,2026-08-21 02:41:27,Origin,Origin,Tech,7015697737,https://dibbs2.bsm.dla.mil/Downloads/RFQ/3/SPE7M126Q0903.PDF,https://www.dibbs.bsm.dla.mil/RFQ/RFQRec.aspx?sn=SPE7M126Q0903,https://www.dibbs.bsm.dla.mil/rfq/rfqrec.aspx?sn=SPE7M126Q0903,LIGHTING,3,20260930T160427Z,0001S00000053,CONTRACTOR FIRST ARTIC,C,000000,1.0,072E5 | 3113AS1195-2 | V2X MODERNIZATION AND SUSTAINMENT L,,2026-08-14,2026-08-27,BOX; FUEL; LIGHTING,DIBBS|SPE7M126Q0903|0001S00000053,First article test line - not a product line
SPE4A625Q1899,0001S00000053,SPE4A625Q1899,09-25-2025,10-05-2025,2026-08-21 02:41:27,Origin,Origin,Tech,7013629978,https://dibbs2.bsm.dla.mil/Downloads/RFQ/9/SPE4A625Q1899.PDF,https://www.dibbs.bsm.dla.mil/RFQ/RFQRec.aspx?sn=SPE4A625Q1899,https://www.dibbs.bsm.dla.mil/rfq/rfqrec.aspx?sn=SPE4A625Q1899,LIGHTING,3,20260930T160427Z,0001S00000053,CONTRACTOR FIRST ARTIC,G,000000,1.0,,,2025-09-25,2025-10-05,BOX; FUEL; LIGHTING,DIBBS|SPE4A625Q1899|0001S00000053,First article test line - not a product line
SPE4A625Q1899,0001S00000062,SPE4A625Q1899,09-25-2025,10-05-2025,2026-08-21 02:41:27,Origin,Origin,Tech,7013629978,https://dibbs2.bsm.dla.mil/Downloads/RFQ/9/SPE4A625Q1899.PDF,https://www.dibbs.bsm.dla.mil/RFQ/RFQRec.aspx?sn=SPE4A625Q1899,https://www.dibbs.bsm.dla.mil/rfq/rfqrec.aspx?sn=SPE4A625Q1899,LIGHTING,3,20260930T160427Z,0001S00000062,PRODUCTION LOT TESTING,G,000000,1.0,,,2025-09-25,2025-10-05,BOX; FUEL; LIGHTING,DIBBS|SPE4A625Q1899|0001S00000062,First article test line - not a product line
SPE4A626Q0205,0001S00000053,SPE4A626Q0205,11-06-2025,11-13-2025,2026-08-21 02:41:27,Origin,Origin,Tech,7012755224,https://dibbs2.bsm.dla.mil/Downloads/RFQ/5/SPE4A626Q0205.PDF,https://www.dibbs.bsm.dla.mil/RFQ/RFQRec.aspx?sn=SPE4A626Q0205,https://www.dibbs.bsm.dla.mil/rfq/rfqrec.aspx?sn=SPE4A626Q0205,LIGHTING,3,20260930T160427Z,0001S00000053,CONTRACTOR FIRST ARTIC,Q,000000,1.0,78U39 | 2-300-933-03 | OZARK AEROWORKS LLC,,2025-11-06,2025-11-13,BOX; FUEL; LIGHTING,DIBBS|SPE4A626Q0205|0001S00000053,First article test line - not a product line
SPE4A626Q0205,0001S00000061,SPE4A626Q0205,11-06-2025,11-13-2025,2026-08-21 02:41:27,Origin,Origin,Tech,7012755224,https://dibbs2.bsm.dla.mil/Downloads/RFQ/5/SPE4A626Q0205.PDF,https://www.dibbs.bsm.dla.mil/RFQ/RFQRec.aspx?sn=SPE4A626Q0205,https://www.dibbs.bsm.dla.mil/rfq/rfqrec.aspx?sn=SPE4A626Q0205,LIGHTING,3,20260930T160427Z,0001S00000061,PRODUCTION LOT TESTING,Q,000000,1.0,78U39 | 2-300-933-03 | OZARK AEROWORKS LLC,,2025-11-06,2025-11-13,BOX; FUEL; LIGHTING,DIBBS|SPE4A626Q0205|0001S00000061,First article test line - not a product line
SPE4A626Q0705,0001S00000052,SPE4A626Q0705,03-10-2026,03-17-2026,2026-08-21 02:41:27,Origin,Origin,Tech,7008633964,https://dibbs2.bsm.dla.mil/Downloads/RFQ/5/SPE4A626Q0705.PDF,https://www.dibbs.bsm.dla.mil/RFQ/RFQRec.aspx?sn=SPE4A626Q0705,https://www.dibbs.bsm.dla.mil/rfq/rfqrec.aspx?sn=SPE4A626Q0705,LIGHTING,3,20260930T160427Z,0001S00000052,GOVERNMENT FIRST ARTIC,G,000000,1.0,,,2026-03-10,2026-03-17,LIGHTING,DIBBS|SPE4A626Q0705|0001S00000052,First article test line - not a product line
SPE7M426Q0395,0001S00000052,SPE7M426Q0395,02-06-2026,02-20-2026,2026-08-21 02:41:27,Origin,Origin,Tech,7012538196,https://dibbs2.bsm.dla.mil/Downloads/RFQ/5/SPE7M426Q0395.PDF,https://www.dibbs.bsm.dla.mil/RFQ/RFQRec.aspx?sn=SPE7M426Q0395,https://www.dibbs.bsm.dla.mil/rfq/rfqrec.aspx?sn=SPE7M426Q0395,LIGHTING,3,20260930T160427Z,0001S00000052,GOVERNMENT FIRST ARTIC,G,331210,1.0,,,2026-02-06,2026-02-20,BOX; LIGHTING,DIBBS|SPE7M426Q0395|0001S00000052,First article test line - not a product line
SPE7M326T4813,0001S00000052,SPE7M326T4813,04-20-2026,04-30-2026,2026-08-21 02:41:27,Origin,Origin,Tech,7012779903,https://dibbs2.bsm.dla.mil/Downloads/RFQ/3/SPE7M326T4813.PDF,https://www.dibbs.bsm.dla.mil/RFQ/RFQRec.aspx?sn=SPE7M326T4813,https://www.dibbs.bsm.dla.mil/rfq/rfqrec.aspx?sn=SPE7M326T4813,LIGHTING,3,20260930T160427Z,0001S00000052,GOVERNMENT FIRST ARTIC,G,______,1.0,,,2026-04-20,2026-04-30,LIGHTING,DIBBS|SPE7M326T4813|0001S00000052,First article test line - not a product line
SPE7M326Q0135,0001S00000052,SPE7M326Q0135,05-22-2026,06-01-2026,2026-08-21 02:41:27,Origin,Origin,Tech,7014261654,https://dibbs2.bsm.dla.mil/Downloads/RFQ/5/SPE7M326Q0135.PDF,https://www.dibbs.bsm.dla.mil/RFQ/RFQRec.aspx?sn=SPE7M326Q0135,https://www.dibbs.bsm.dla.mil/rfq/rfqrec.aspx?sn=SPE7M326Q0135,LIGHTING,3,20260930T160427Z,0001S00000052,GOVERNMENT FIRST ARTIC,G,000000,1.0,,,2026-05-22,2026-06-01,BOX; LIGHTING; PLATE,DIBBS|SPE7M326Q0135|0001S00000052,First article test line - not a product line
SPE7MC26Q0154,0001S00000052,SPE7MC26Q0154,01-27-2026,02-10-2026,2026-08-21 02:41:27,Origin,Origin,Tech,7013095906,https://dibbs2.bsm.dla.mil/Downloads/RFQ/4/SPE7MC26Q0154.PDF,https://www.dibbs.bsm.dla.mil/RFQ/RFQRec.aspx?sn=SPE7MC26Q0154,https://www.dibbs.bsm.dla.mil/rfq/rfqrec.aspx?sn=SPE7MC26Q0154,LIGHTING,3,20260930T160427Z,0001S00000052,GOVERNMENT FIRST ARTIC,C,000000,1.0,50601 | 5053L000-8 | 61898	30110	TRIUMPH ACTUATION SYSTEMS - VALENCI,,2026-01-27,2026-02-10,BOX; LIGHTING,DIBBS|SPE7MC26Q0154|0001S00000052,First article test line - not a product line
SPE4A526Q0319,0001S00000053,SPE4A526Q0319,05-15-2026,06-15-2026,2026-08-21 02:41:27,Origin,Origin,Tech,7013084917,https://dibbs2.bsm.dla.mil/Downloads/RFQ/9/SPE4A526Q0319.PDF,https://www.dibbs.bsm.dla.mil/RFQ/RFQRec.aspx?sn=SPE4A526Q0319,https://www.dibbs.bsm.dla.mil/rfq/rfqrec.aspx?sn=SPE4A526Q0319,LIGHTING,3,20260930T160427Z,0001S00000053,CONTRACTOR FIRST ARTIC,D,000000,1.0,99193 | 2-100-027-07 | HONEYWELL INTERNATIONAL INC.,,2026-05-15,2026-06-15,BOX; LIGHTING; PLATE,DIBBS|SPE4A526Q0319|0001S00000053,First article test line - not a product line
SPE4A526Q0319,0001S00000061,SPE4A526Q0319,05-15-2026,06-15-2026,2026-08-21 02:41:27,Origin,Origin,Tech,7013084917,https://dibbs2.bsm.dla.mil/Downloads/RFQ/9/SPE4A526Q0319.PDF,https://www.dibbs.bsm.dla.mil/RFQ/RFQRec.aspx?sn=SPE4A526Q0319,https://www.dibbs.bsm.dla.mil/rfq/rfqrec.aspx?sn=SPE4A526Q0319,LIGHTING,3,20260930T160427Z,0001S00000061,PRODUCTION LOT TESTING,D,000000,1.0,99193 | 2-100-027-07 | HONEYWELL INTERNATIONAL INC.,,2026-05-15,2026-06-15,BOX; LIGHTING; PLATE,DIBBS|SPE4A526Q0319|0001S00000061,First article test line - not a product line
SPE8E626Q5004,0001S00000053,SPE8E626Q5004,05-28-2026,06-08-2026,2026-08-21 02:41:27,Origin,Origin,Tech,7013249202,https://dibbs2.bsm.dla.mil/Downloads/RFQ/4/SPE8E626Q5004.PDF,https://www.dibbs.bsm.dla.mil/RFQ/RFQRec.aspx?sn=SPE8E626Q5004,https://www.dibbs.bsm.dla.mil/rfq/rfqrec.aspx?sn=SPE8E626Q5004,LIGHTING,4,20260930T160444Z,0001S00000053,CONTRACTOR FIRST ARTIC,B,000000,1.0,1LEW5 | 71013/1 | AVON PROTECTION SYSTEMS INCORPORATE,,2026-05-28,2026-06-08,BOX; LIGHTING,DIBBS|SPE8E626Q5004|0001S00000053,First article test line - not a product line
SPE8E626Q5004,0001S00000062,SPE8E626Q5004,05-28-2026,06-08-2026,2026-08-21 02:41:27,Origin,Origin,Tech,7013249202,https://dibbs2.bsm.dla.mil/Downloads/RFQ/4/SPE8E626Q5004.PDF,https://www.dibbs.bsm.dla.mil/RFQ/RFQRec.aspx?sn=SPE8E626Q5004,https://www.dibbs.bsm.dla.mil/rfq/rfqrec.aspx?sn=SPE8E626Q5004,LIGHTING,4,20260930T160444Z,0001S00000062,PRODUCTION LOT TESTING,B,000000,1.0,1LEW5 | 71013/1 | AVON PROTECTION SYSTEMS INCORPORATE,,2026-05-28,2026-06-08,BOX; LIGHTING,DIBBS|SPE8E626Q5004|0001S00000062,First article test line - not a product line
SPE4A726Q0303,0001S00000052,SPE4A726Q0303,01-16-2026,01-28-2026,2026-08-21 02:41:27,Origin,Origin,Tech,7014545573,https://dibbs2.bsm.dla.mil/Downloads/RFQ/3/SPE4A726Q0303.PDF,https://www.dibbs.bsm.dla.mil/RFQ/RFQRec.aspx?sn=SPE4A726Q0303,https://www.dibbs.bsm.dla.mil/rfq/rfqrec.aspx?sn=SPE4A726Q0303,LIGHTING,4,20260930T160444Z,0001S00000052,GOVERNMENT FIRST ARTIC,C,336413,1.0,76301 | 68A112105-2004 | THE BOEING COMPANY,,2026-01-16,2026-01-28,FUEL; LEGEND; LIGHTING; MARKING,DIBBS|SPE4A726Q0303|0001S00000052,First article test line - not a product line
SPE7M226Q0287,0001S00000046,SPE7M226Q0287,02-06-2026,02-19-2026,2026-08-21 02:41:27,Origin,Origin,Tech,7014579870,https://dibbs2.bsm.dla.mil/Downloads/RFQ/7/SPE7M226Q0287.PDF,https://www.dibbs.bsm.dla.mil/RFQ/RFQRec.aspx?sn=SPE7M226Q0287,https://www.dibbs.bsm.dla.mil/rfq/rfqrec.aspx?sn=SPE7M226Q0287,LIGHTING,4,20260930T160444Z,0001S00000046,MISCELLANEOUS,C,444190,2.0,48482 | K87772-8 | PARKER-HANNIFIN CORPORATION,,2026-02-06,2026-02-19,BOX; LIGHTING,DIBBS|SPE7M226Q0287|0001S00000046,First article test line - not a product line
SPE7M226Q0287,0001S00000053,SPE7M226Q0287,02-06-2026,02-19-2026,2026-08-21 02:41:27,Origin,Origin,Tech,7014579870,https://dibbs2.bsm.dla.mil/Downloads/RFQ/7/SPE7M226Q0287.PDF,https://www.dibbs.bsm.dla.mil/RFQ/RFQRec.aspx?sn=SPE7M226Q0287,https://www.dibbs.bsm.dla.mil/rfq/rfqrec.aspx?sn=SPE7M226Q0287,LIGHTING,4,20260930T160444Z,0001S00000053,CONTRACTOR FIRST ARTIC,C,000000,1.0,48482 | K87772-8 | PARKER-HANNIFIN CORPORATION,,2026-02-06,2026-02-19,BOX; LIGHTING,DIBBS|SPE7M226Q0287|0001S00000053,First article test line - not a product line
SPE4A626Q0178,0001S00000052,SPE4A626Q0178,11-24-2025,11-28-2025,2026-08-21 02:41:27,Origin,Origin,Tech,7014173468,https://dibbs2.bsm.dla.mil/Downloads/RFQ/8/SPE4A626Q0178.PDF,https://www.dibbs.bsm.dla.mil/RFQ/RFQRec.aspx?sn=SPE4A626Q0178,https://www.dibbs.bsm.dla.mil/rfq/rfqrec.aspx?sn=SPE4A626Q0178,LIGHTING,4,20260930T160444Z,0001S00000052,GOVERNMENT FIRST ARTIC,B,000000,1.0,52661 | 768412 | RTX CORPORATION,,2025-11-24,2025-11-28,LIGHTING; PLATE,DIBBS|SPE4A626Q0178|0001S00000052,First article test line - not a product line
SPE7M326Q0008,0001S00000053,SPE7M326Q0008,06-24-2026,07-02-2026,2026-08-21 02:41:27,Origin,Origin,Tech,7013656961,https://dibbs2.bsm.dla.mil/Downloads/RFQ/8/SPE7M326Q0008.PDF,https://www.dibbs.bsm.dla.mil/RFQ/RFQRec.aspx?sn=SPE7M326Q0008,https://www.dibbs.bsm.dla.mil/rfq/rfqrec.aspx?sn=SPE7M326Q0008,LIGHTING,4,20260930T160444Z,0001S00000053,CONTRACTOR FIRST ARTIC,G,000000,1.0,,,2026-06-24,2026-07-02,BOX; FUEL; LIGHTING,DIBBS|SPE7M326Q0008|0001S00000053,First article test line - not a product line
SPE7L126Q0961,0001S00000053,SPE7L126Q0961,04-22-2026,05-01-2026,2026-08-21 02:41:27,Origin,Origin,Tech,7012380139,https://dibbs2.bsm.dla.mil/Downloads/RFQ/1/SPE7L126Q0961.PDF,https://www.dibbs.bsm.dla.mil/RFQ/RFQRec.aspx?sn=SPE7L126Q0961,https://www.dibbs.bsm.dla.mil/rfq/rfqrec.aspx?sn=SPE7L126Q0961,LIGHTING,4,20260930T160444Z,0001S00000053,CONTRACTOR FIRST ARTIC,G,332994,1.0,,,2026-04-22,2026-05-01,BOX; LEGEND; LIGHTING; MARKING,DIBBS|SPE7L126Q0961|0001S00000053,First article test line - not a product line
SPE8E923Q0994,0001S00000052,SPE8E923Q0994,09-13-2023,09-18-2023,2026-08-21 02:41:27,Origin,Origin,Tech,1000158655,https://dibbs2.bsm.dla.mil/Downloads/RFQ/4/SPE8E923Q0994.PDF,https://www.dibbs.bsm.dla.mil/RFQ/RFQRec.aspx?sn=SPE8E923Q0994,https://www.dibbs.bsm.dla.mil/rfq/rfqrec.aspx?sn=SPE8E923Q0994,LIGHTING,4,20260930T160444Z,0001S00000052,GOVERNMENT FIRST ARTIC,G,000000,4.0,,,2023-09-13,2023-09-18,BOX; LIGHTING; MARKING,DIBBS|SPE8E923Q0994|0001S00000052,First article test line - not a product line
SPE4A525Q0917,0001S00000053,SPE4A525Q0917,05-05-2025,05-19-2025,2026-08-21 02:41:27,Origin,Origin,Tech,7011576336,https://dibbs2.bsm.dla.mil/Downloads/RFQ/7/SPE4A525Q0917.PDF,https://www.dibbs.bsm.dla.mil/RFQ/RFQRec.aspx?sn=SPE4A525Q0917,https://www.dibbs.bsm.dla.mil/rfq/rfqrec.aspx?sn=SPE4A525Q0917,LIGHTING,4,20260930T160444Z,0001S00000053,CONTRACTOR FIRST ARTIC,C,000000,1.0,99193 | 2-101-321-21 | HONEYWELL INTERNATIONAL INC.,,2025-05-05,2025-05-19,BOX; FUEL; LIGHTING; PLATE,DIBBS|SPE4A525Q0917|0001S00000053,First article test line - not a product line
SPE4A525Q0917,0001S00000061,SPE4A525Q0917,05-05-2025,05-19-2025,2026-08-21 02:41:27,Origin,Origin,Tech,7011576336,https://dibbs2.bsm.dla.mil/Downloads/RFQ/7/SPE4A525Q0917.PDF,https://www.dibbs.bsm.dla.mil/RFQ/RFQRec.aspx?sn=SPE4A525Q0917,https://www.dibbs.bsm.dla.mil/rfq/rfqrec.aspx?sn=SPE4A525Q0917,LIGHTING,4,20260930T160444Z,0001S00000061,PRODUCTION LOT TESTING,C,000000,1.0,99193 | 2-101-321-21 | HONEYWELL INTERNATIONAL INC.,,2025-05-05,2025-05-19,BOX; FUEL; LIGHTING; PLATE,DIBBS|SPE4A525Q0917|0001S00000061,First article test line - not a product line
SPE7M126Q0833,0001S00000053,SPE7M126Q0833,04-11-2026,04-24-2026,2026-08-21 02:41:27,Origin,Origin,Tech,7015535123,https://dibbs2.bsm.dla.mil/Downloads/RFQ/3/SPE7M126Q0833.PDF,https://www.dibbs.bsm.dla.mil/RFQ/RFQRec.aspx?sn=SPE7M126Q0833,https://www.dibbs.bsm.dla.mil/rfq/rfqrec.aspx?sn=SPE7M126Q0833,LIGHTING,4,20260930T160444Z,0001S00000053,CONTRACTOR FIRST ARTIC,G,000000,1.0,,,2026-04-11,2026-04-24,BOX; LIGHTING; PLATE,DIBBS|SPE7M126Q0833|0001S00000053,First article test line - not a product line
SPE8E526Q0101,0001S00000052,SPE8E526Q0101,02-06-2026,02-23-2026,2026-08-21 02:41:27,Origin,Origin,Tech,7010911239,https://dibbs2.bsm.dla.mil/Downloads/RFQ/1/SPE8E526Q0101.PDF,https://www.dibbs.bsm.dla.mil/RFQ/RFQRec.aspx?sn=SPE8E526Q0101,https://www.dibbs.bsm.dla.mil/rfq/rfqrec.aspx?sn=SPE8E526Q0101,LIGHTING,5,20260930T160501Z,0001S00000052,GOVERNMENT FIRST ARTIC,C,000000,1.0,43999 | L3223886-023 | THE BOEING COMPANY,,2026-02-06,2026-02-23,BOX; LIGHTING,DIBBS|SPE8E526Q0101|0001S00000052,First article test line - not a product line
SPE7M025Q0644,0001S00000053,SPE7M025Q0644,07-24-2025,08-07-2025,2026-08-21 02:41:27,Origin,Origin,None,7013097510,https://dibbs2.bsm.dla.mil/Downloads/RFQ/4/SPE7M025Q0644.PDF,https://www.dibbs.bsm.dla.mil/RFQ/RFQRec.aspx?sn=SPE7M025Q0644,https://www.dibbs.bsm.dla.mil/rfq/rfqrec.aspx?sn=SPE7M025Q0644,LIGHTING,5,20260930T160501Z,0001S00000053,CONTRACTOR FIRST ARTIC,P,000000,1.0,0HHN4 | 007218 | CIRCLE PRIME MANUFACTURING INC,,2025-07-24,2025-08-07,BOX; FUEL; LIGHTING,DIBBS|SPE7M025Q0644|0001S00000053,First article test line - not a product line
SPE4A625Q1710,0001S00000053,SPE4A625Q1710,09-23-2025,10-07-2025,2026-08-21 02:41:27,Destination,Origin,Tech,7012250852,https://dibbs2.bsm.dla.mil/Downloads/RFQ/0/SPE4A625Q1710.PDF,https://www.dibbs.bsm.dla.mil/RFQ/RFQRec.aspx?sn=SPE4A625Q1710,https://www.dibbs.bsm.dla.mil/rfq/rfqrec.aspx?sn=SPE4A625Q1710,LIGHTING,5,20260930T160501Z,0001S00000053,CONTRACTOR FIRST ARTIC,C,000000,1.0,No | Data | found,,2025-09-23,2025-10-07,BOX; FUEL; LEGEND; LIGHTING,DIBBS|SPE4A625Q1710|0001S00000053,First article test line - not a product line
SPE4A625Q1710,0001S00000061,SPE4A625Q1710,09-23-2025,10-07-2025,2026-08-21 02:41:27,Destination,Origin,Tech,7012250852,https://dibbs2.bsm.dla.mil/Downloads/RFQ/0/SPE4A625Q1710.PDF,https://www.dibbs.bsm.dla.mil/RFQ/RFQRec.aspx?sn=SPE4A625Q1710,https://www.dibbs.bsm.dla.mil/rfq/rfqrec.aspx?sn=SPE4A625Q1710,LIGHTING,5,20260930T160501Z,0001S00000061,PRODUCTION LOT TESTING,C,000000,1.0,No | Data | found,,2025-09-23,2025-10-07,BOX; FUEL; LEGEND; LIGHTING,DIBBS|SPE4A625Q1710|0001S00000061,First article test line - not a product line
SPE7M326T6643,0001S00000052,SPE7M326T6643,06-09-2026,06-22-2026,2026-08-21 02:41:27,Origin,Origin,Tech,7017048219,https://dibbs2.bsm.dla.mil/Downloads/RFQ/3/SPE7M326T6643.PDF,https://www.dibbs.bsm.dla.mil/RFQ/RFQRec.aspx?sn=SPE7M326T6643,https://www.dibbs.bsm.dla.mil/rfq/rfqrec.aspx?sn=SPE7M326T6643,LIGHTING,5,20260930T160501Z,0001S00000052,GOVERNMENT FIRST ARTIC,G,______,1.0,,,2026-06-09,2026-06-22,LIGHTING,DIBBS|SPE7M326T6643|0001S00000052,First article test line - not a product line
SPE7M126Q0707,0001S00000053,SPE7M126Q0707,04-06-2026,04-17-2026,2026-08-21 02:41:27,Origin,Origin,None,7011806317,https://dibbs2.bsm.dla.mil/Downloads/RFQ/7/SPE7M126Q0707.PDF,https://www.dibbs.bsm.dla.mil/RFQ/RFQRec.aspx?sn=SPE7M126Q0707,https://www.dibbs.bsm.dla.mil/rfq/rfqrec.aspx?sn=SPE7M126Q0707,LIGHTING,5,20260930T160501Z,0001S00000053,CONTRACTOR FIRST ARTIC,G,000000,1.0,,,2026-04-06,2026-04-17,BOX; LIGHTING,DIBBS|SPE7M126Q0707|0001S00000053,First article test line - not a product line
SPE4A626Q0222,0001S00000061,SPE4A626Q0222,01-08-2026,01-23-2026,2026-08-21 02:41:27,Destination,Origin,Tech,1000205598,https://dibbs2.bsm.dla.mil/Downloads/RFQ/2/SPE4A626Q0222.PDF,https://www.dibbs.bsm.dla.mil/RFQ/RFQRec.aspx?sn=SPE4A626Q0222,https://www.dibbs.bsm.dla.mil/rfq/rfqrec.aspx?sn=SPE4A626Q0222,LIGHTING,5,20260930T160501Z,0001S00000061,PRODUCTION LOT TESTING,B,000000,1.0,05716 | 11472159-5 | RAYTHEON COMPANY,,2026-01-08,2026-01-23,CABLE ASSEMBLY; LEGEND; LIGHTING,DIBBS|SPE4A626Q0222|0001S00000061,First article test line - not a product line
SPE4A626T31ZQ,0001S00000052,SPE4A626T31ZQ,09-18-2026,09-25-2026,2026-09-17 04:24:21,Origin,Origin,Tech,7018389468,https://dibbs2.bsm.dla.mil/Downloads/RFQ/Q/SPE4A626T31ZQ.PDF,https://www.dibbs.bsm.dla.mil/RFQ/RFQRec.aspx?sn=SPE4A626T31ZQ,https://www.dibbs.bsm.dla.mil/rfq/rfqrec.aspx?sn=SPE4A626T31ZQ,NAVIGATIONAL,1,20260930T160537Z,0001S00000052,GOVERNMENT FIRST ARTIC,C,______,1.0,"14550 | 87-00454-003 | LUMINESCENT SYSTEMS, INC",,2026-09-18,2026-09-25,NAVIGATIONAL,DIBBS|SPE4A626T31ZQ|0001S00000052,First article test line - not a product line
SPE4A626T18X5,0001S00000052,SPE4A626T18X5,04-13-2026,04-20-2026,2026-08-21 02:41:27,Origin,Origin,Tech,7014737002,https://dibbs2.bsm.dla.mil/Downloads/RFQ/5/SPE4A626T18X5.PDF,https://www.dibbs.bsm.dla.mil/RFQ/RFQRec.aspx?sn=SPE4A626T18X5,https://www.dibbs.bsm.dla.mil/rfq/rfqrec.aspx?sn=SPE4A626T18X5,NAVIGATIONAL,1,20260930T160537Z,0001S00000052,GOVERNMENT FIRST ARTIC,C,______,1.0,"14550 | 87-00454-003 | LUMINESCENT SYSTEMS, INC",,2026-04-13,2026-04-20,NAVIGATIONAL,DIBBS|SPE4A626T18X5|0001S00000052,First article test line - not a product line
SPE8E726T2878,0001S00000053,SPE8E726T2878,06-04-2026,06-15-2026,2026-08-21 02:41:27,Origin,Destination,Tech,7016937593,https://dibbs2.bsm.dla.mil/Downloads/RFQ/8/SPE8E726T2878.PDF,https://www.dibbs.bsm.dla.mil/RFQ/RFQRec.aspx?sn=SPE8E726T2878,https://www.dibbs.bsm.dla.mil/rfq/rfqrec.aspx?sn=SPE8E726T2878,NAVIGATIONAL,1,20260930T160537Z,0001S00000053,CONTRACTOR FIRST ARTIC,D,______,1.0,"32890 | 5420-17 | LUMINESCENT SYSTEMS, INC.",,2026-06-04,2026-06-15,NAVIGATIONAL,DIBBS|SPE8E726T2878|0001S00000053,First article test line - not a product line
SPE4A626T20QV,0001S00000053,SPE4A626T20QV,08-20-2026,08-27-2026,2026-08-21 02:41:27,Origin,Destination,None,7017940099,https://dibbs2.bsm.dla.mil/Downloads/RFQ/V/SPE4A626T20QV.PDF,https://www.dibbs.bsm.dla.mil/RFQ/RFQRec.aspx?sn=SPE4A626T20QV,https://www.dibbs.bsm.dla.mil/rfq/rfqrec.aspx?sn=SPE4A626T20QV,NAVIGATIONAL,1,20260930T160537Z,0001S00000053,CONTRACTOR FIRST ARTIC,G,______,1.0,,,2026-08-20,2026-08-27,NAVIGATIONAL,DIBBS|SPE4A626T20QV|0001S00000053,First article test line - not a product line
SPE4A626T98F9,0001S00000053,SPE4A626T98F9,06-22-2026,06-29-2026,2026-08-21 02:41:27,Origin,Origin,None,7017199661,https://dibbs2.bsm.dla.mil/Downloads/RFQ/9/SPE4A626T98F9.PDF,https://www.dibbs.bsm.dla.mil/RFQ/RFQRec.aspx?sn=SPE4A626T98F9,https://www.dibbs.bsm.dla.mil/rfq/rfqrec.aspx?sn=SPE4A626T98F9,NAVIGATIONAL,1,20260930T160537Z,0001S00000053,CONTRACTOR FIRST ARTIC,G,______,1.0,,,2026-06-22,2026-06-29,NAVIGATIONAL,DIBBS|SPE4A626T98F9|0001S00000053,First article test line - not a product line
SPE4A626T61Z3,0001S00000053,SPE4A626T61Z3,05-20-2026,05-27-2026,2026-08-21 02:41:27,Origin,Origin,None,7016845308,https://dibbs2.bsm.dla.mil/Downloads/RFQ/3/SPE4A626T61Z3.PDF,https://www.dibbs.bsm.dla.mil/RFQ/RFQRec.aspx?sn=SPE4A626T61Z3,https://www.dibbs.bsm.dla.mil/rfq/rfqrec.aspx?sn=SPE4A626T61Z3,NAVIGATIONAL,1,20260930T160537Z,0001S00000053,CONTRACTOR FIRST ARTIC,G,______,1.0,,,2026-05-20,2026-05-27,NAVIGATIONAL,DIBBS|SPE4A626T61Z3|0001S00000053,First article test line - not a product line
SPE4A626T05P4,0001S00000053,SPE4A626T05P4,03-25-2026,04-01-2026,2026-08-21 02:41:27,Origin,Origin,None,7014231278,https://dibbs2.bsm.dla.mil/Downloads/RFQ/4/SPE4A626T05P4.PDF,https://www.dibbs.bsm.dla.mil/RFQ/RFQRec.aspx?sn=SPE4A626T05P4,https://www.dibbs.bsm.dla.mil/rfq/rfqrec.aspx?sn=SPE4A626T05P4,NAVIGATIONAL,1,20260930T160537Z,0001S00000053,CONTRACTOR FIRST ARTIC,G,______,1.0,,,2026-03-25,2026-04-01,NAVIGATIONAL,DIBBS|SPE4A626T05P4|0001S00000053,First article test line - not a product line
SPE4A626T03TL,0001S00000053,SPE4A626T03TL,07-08-2026,07-15-2026,2026-08-21 02:41:27,Origin,Origin,None,7017408897,https://dibbs2.bsm.dla.mil/Downloads/RFQ/L/SPE4A626T03TL.PDF,https://www.dibbs.bsm.dla.mil/RFQ/RFQRec.aspx?sn=SPE4A626T03TL,https://www.dibbs.bsm.dla.mil/rfq/rfqrec.aspx?sn=SPE4A626T03TL,NAVIGATIONAL,1,20260930T160537Z,0001S00000053,CONTRACTOR FIRST ARTIC,G,______,1.0,,,2026-07-08,2026-07-15,NAVIGATIONAL,DIBBS|SPE4A626T03TL|0001S00000053,First article test line - not a product line
SPE4A626T90K2,0001S00000052,SPE4A626T90K2,06-15-2026,06-22-2026,2026-08-21 02:41:27,Origin,Origin,Tech,7017148088,https://dibbs2.bsm.dla.mil/Downloads/RFQ/2/SPE4A626T90K2.PDF,https://www.dibbs.bsm.dla.mil/RFQ/RFQRec.aspx?sn=SPE4A626T90K2,https://www.dibbs.bsm.dla.mil/rfq/rfqrec.aspx?sn=SPE4A626T90K2,NAVIGATIONAL,1,20260930T160537Z,0001S00000052,GOVERNMENT FIRST ARTIC,C,______,1.0,"14550 | 87-00454-003 | LUMINESCENT SYSTEMS, INC",,2026-06-15,2026-06-22,NAVIGATIONAL,DIBBS|SPE4A626T90K2|0001S00000052,First article test line - not a product line
SPE4A626T05R5,0001S00000053,SPE4A626T05R5,03-25-2026,04-01-2026,2026-08-21 02:41:27,Origin,Origin,None,7014214111,https://dibbs2.bsm.dla.mil/Downloads/RFQ/5/SPE4A626T05R5.PDF,https://www.dibbs.bsm.dla.mil/RFQ/RFQRec.aspx?sn=SPE4A626T05R5,https://www.dibbs.bsm.dla.mil/rfq/rfqrec.aspx?sn=SPE4A626T05R5,NAVIGATIONAL,1,20260930T160537Z,0001S00000053,CONTRACTOR FIRST ARTIC,G,______,1.0,,,2026-03-25,2026-04-01,NAVIGATIONAL,DIBBS|SPE4A626T05R5|0001S00000053,First article test line - not a product line
SPE7M227Q0002,0001S00000046,SPE7M227Q0002,09-18-2026,09-30-2026,2026-09-18 10:13:38,Origin,Origin,Tech,7017315588,https://dibbs2.bsm.dla.mil/Downloads/RFQ/2/SPE7M227Q0002.PDF,https://www.dibbs.bsm.dla.mil/RFQ/RFQRec.aspx?sn=SPE7M227Q0002,https://www.dibbs.bsm.dla.mil/rfq/rfqrec.aspx?sn=SPE7M227Q0002,SWITCH,1,20260930T160653Z,0001S00000046,MISCELLANEOUS,B,444190,2.0,"879B2 | 851-11622-137 | SAFRAN ELECTRONICS & DEFENSE, AVION",,2026-09-18,2026-09-30,BOX; FUEL; LEGEND; SWITCH,DIBBS|SPE7M227Q0002|0001S00000046,First article test line - not a product line
SPE7M227Q0002,0001S00000062,SPE7M227Q0002,09-18-2026,09-30-2026,2026-09-18 10:13:38,Origin,Origin,Tech,7017315588,https://dibbs2.bsm.dla.mil/Downloads/RFQ/2/SPE7M227Q0002.PDF,https://www.dibbs.bsm.dla.mil/RFQ/RFQRec.aspx?sn=SPE7M227Q0002,https://www.dibbs.bsm.dla.mil/rfq/rfqrec.aspx?sn=SPE7M227Q0002,SWITCH,1,20260930T160653Z,0001S00000062,PRODUCTION LOT TESTING,B,000000,1.0,"879B2 | 851-11622-137 | SAFRAN ELECTRONICS & DEFENSE, AVION",,2026-09-18,2026-09-30,BOX; FUEL; LEGEND; SWITCH,DIBBS|SPE7M227Q0002|0001S00000062,First article test line - not a product line
SPE7M826T6515,0001S00000062,SPE7M826T6515,09-11-2026,09-21-2026,2026-09-10 03:06:59,Origin,Origin,Tech,7018274865,https://dibbs2.bsm.dla.mil/Downloads/RFQ/5/SPE7M826T6515.PDF,https://www.dibbs.bsm.dla.mil/RFQ/RFQRec.aspx?sn=SPE7M826T6515,https://www.dibbs.bsm.dla.mil/rfq/rfqrec.aspx?sn=SPE7M826T6515,SWITCH,1,20260930T160653Z,0001S00000062,PRODUCTION LOT TESTING,C,______,1.0,"07126 | 69-T-0011 | ELECTRO SWITCH, LLC",,2026-09-11,2026-09-21,SWITCH,DIBBS|SPE7M826T6515|0001S00000062,First article test line - not a product line
SPE7M226Q0514,0001S00000046,SPE7M226Q0514,05-22-2026,06-02-2026,2026-08-21 02:41:27,Origin,Origin,Tech,7015891853,https://dibbs2.bsm.dla.mil/Downloads/RFQ/4/SPE7M226Q0514.PDF,https://www.dibbs.bsm.dla.mil/RFQ/RFQRec.aspx?sn=SPE7M226Q0514,https://www.dibbs.bsm.dla.mil/rfq/rfqrec.aspx?sn=SPE7M226Q0514,SWITCH,1,20260930T160653Z,0001S00000046,MISCELLANEOUS,C,444190,2.0,0VDA9 | 516992-1 | LUMINATOR HOLDING L.P,,2026-05-22,2026-06-02,BOX; FUEL; LEGEND; SWITCH,DIBBS|SPE7M226Q0514|0001S00000046,First article test line - not a product line
SPE7M226Q0514,0001S00000053,SPE7M226Q0514,05-22-2026,06-02-2026,2026-08-21 02:41:27,Origin,Origin,Tech,7015891853,https://dibbs2.bsm.dla.mil/Downloads/RFQ/4/SPE7M226Q0514.PDF,https://www.dibbs.bsm.dla.mil/RFQ/RFQRec.aspx?sn=SPE7M226Q0514,https://www.dibbs.bsm.dla.mil/rfq/rfqrec.aspx?sn=SPE7M226Q0514,SWITCH,1,20260930T160653Z,0001S00000053,CONTRACTOR FIRST ARTIC,C,334419,1.0,0VDA9 | 516992-1 | LUMINATOR HOLDING L.P,,2026-05-22,2026-06-02,BOX; FUEL; LEGEND; SWITCH,DIBBS|SPE7M226Q0514|0001S00000053,First article test line - not a product line
SPE7M126Q1035,0001S00000053,SPE7M126Q1035,07-09-2026,07-23-2026,2026-08-21 02:41:27,Origin,Origin,Tech,7016270201,https://dibbs2.bsm.dla.mil/Downloads/RFQ/5/SPE7M126Q1035.PDF,https://www.dibbs.bsm.dla.mil/RFQ/RFQRec.aspx?sn=SPE7M126Q1035,https://www.dibbs.bsm.dla.mil/rfq/rfqrec.aspx?sn=SPE7M126Q1035,SWITCH,1,20260930T160653Z,0001S00000053,CONTRACTOR FIRST ARTIC,G,000000,1.0,,,2026-07-09,2026-07-23,BOX; SWITCH,DIBBS|SPE7M126Q1035|0001S00000053,First article test line - not a product line
SPE7M226Q0594,0001S00000046,SPE7M226Q0594,06-23-2026,07-02-2026,2026-08-21 02:41:27,Origin,Origin,None,7017038245,https://dibbs2.bsm.dla.mil/Downloads/RFQ/4/SPE7M226Q0594.PDF,https://www.dibbs.bsm.dla.mil/RFQ/RFQRec.aspx?sn=SPE7M226Q0594,https://www.dibbs.bsm.dla.mil/rfq/rfqrec.aspx?sn=SPE7M226Q0594,SWITCH,1,20260930T160653Z,0001S00000046,MISCELLANEOUS,C,444190,2.0,"879B2 | C508682-26 | SAFRAN ELECTRONICS & DEFENSE, AVION",,2026-06-23,2026-07-02,BOX; FUEL; LEGEND; SWITCH,DIBBS|SPE7M226Q0594|0001S00000046,First article test line - not a product line
SPE7M226Q0594,0001S00000062,SPE7M226Q0594,06-23-2026,07-02-2026,2026-08-21 02:41:27,Origin,Origin,None,7017038245,https://dibbs2.bsm.dla.mil/Downloads/RFQ/4/SPE7M226Q0594.PDF,https://www.dibbs.bsm.dla.mil/RFQ/RFQRec.aspx?sn=SPE7M226Q0594,https://www.dibbs.bsm.dla.mil/rfq/rfqrec.aspx?sn=SPE7M226Q0594,SWITCH,1,20260930T160653Z,0001S00000062,PRODUCTION LOT TESTING,C,000000,1.0,"879B2 | C508682-26 | SAFRAN ELECTRONICS & DEFENSE, AVION",,2026-06-23,2026-07-02,BOX; FUEL; LEGEND; SWITCH,DIBBS|SPE7M226Q0594|0001S00000062,First article test line - not a product line
SPE7M826T5750,0001S00000053,SPE7M826T5750,08-07-2026,08-17-2026,2026-08-21 02:41:27,Origin,Origin,Tech,7017777717,https://dibbs2.bsm.dla.mil/Downloads/RFQ/0/SPE7M826T5750.PDF,https://www.dibbs.bsm.dla.mil/RFQ/RFQRec.aspx?sn=SPE7M826T5750,https://www.dibbs.bsm.dla.mil/rfq/rfqrec.aspx?sn=SPE7M826T5750,SWITCH,1,20260930T160653Z,0001S00000053,CONTRACTOR FIRST ARTIC,C,______,1.0,"07126 | 11444459 | ELECTRO SWITCH, LLC",,2026-08-07,2026-08-17,SWITCH,DIBBS|SPE7M826T5750|0001S00000053,First article test line - not a product line
SPE7M826T2373,0001S00000053,SPE7M826T2373,02-24-2026,03-06-2026,2026-08-21 02:41:27,Origin,Origin,None,7014265860,https://dibbs2.bsm.dla.mil/Downloads/RFQ/3/SPE7M826T2373.PDF,https://www.dibbs.bsm.dla.mil/RFQ/RFQRec.aspx?sn=SPE7M826T2373,https://www.dibbs.bsm.dla.mil/rfq/rfqrec.aspx?sn=SPE7M826T2373,SWITCH,1,20260930T160653Z,0001S00000053,CONTRACTOR FIRST ARTIC,Q,______,1.0,"3EM37 | 3174038-1 | SHERWOOD AVIONICS AND ACCESSORIES,",,2026-02-24,2026-03-06,SWITCH,DIBBS|SPE7M826T2373|0001S00000053,First article test line - not a product line
SPE7M826T6928,0001S00000052,SPE7M826T6928,09-28-2026,10-08-2026,2026-09-27 06:21:44,Origin,Origin,None,7017778497,https://dibbs2.bsm.dla.mil/Downloads/RFQ/8/SPE7M826T6928.PDF,https://www.dibbs.bsm.dla.mil/RFQ/RFQRec.aspx?sn=SPE7M826T6928,https://www.dibbs.bsm.dla.mil/rfq/rfqrec.aspx?sn=SPE7M826T6928,SWITCH,2,20260930T160710Z,0001S00000052,GOVERNMENT FIRST ARTIC,G,______,1.0,,,2026-09-28,2026-10-08,SWITCH,DIBBS|SPE7M826T6928|0001S00000052,First article test line - not a product line
SPE7M826T6916,0001S00000053,SPE7M826T6916,09-28-2026,10-08-2026,2026-09-27 06:21:43,Origin,Destination,Tech,7005354215,https://dibbs2.bsm.dla.mil/Downloads/RFQ/6/SPE7M826T6916.PDF,https://www.dibbs.bsm.dla.mil/RFQ/RFQRec.aspx?sn=SPE7M826T6916,https://www.dibbs.bsm.dla.mil/rfq/rfqrec.aspx?sn=SPE7M826T6916,SWITCH,2,20260930T160710Z,0001S00000053,CONTRACTOR FIRST ARTIC,G,______,1.0,,,2026-09-28,2026-10-08,SWITCH,DIBBS|SPE7M826T6916|0001S00000053,First article test line - not a product line
SPE7M826T6884,0001S00000053,SPE7M826T6884,09-25-2026,10-05-2026,2026-09-24 12:30:29,Origin,Origin,Tech,7011413888,https://dibbs2.bsm.dla.mil/Downloads/RFQ/4/SPE7M826T6884.PDF,https://www.dibbs.bsm.dla.mil/RFQ/RFQRec.aspx?sn=SPE7M826T6884,https://www.dibbs.bsm.dla.mil/rfq/rfqrec.aspx?sn=SPE7M826T6884,SWITCH,2,20260930T160710Z,0001S00000053,CONTRACTOR FIRST ARTIC,G,______,1.0,,,2026-09-25,2026-10-05,ACTUATOR; SWITCH,DIBBS|SPE7M826T6884|0001S00000053,First article test line - not a product line
SPE7M826T6864,0001S00000052,SPE7M826T6864,09-25-2026,10-05-2026,2026-09-24 07:06:11,Origin,Destination,Tech,7018498362,https://dibbs2.bsm.dla.mil/Downloads/RFQ/4/SPE7M826T6864.PDF,https://www.dibbs.bsm.dla.mil/RFQ/RFQRec.aspx?sn=SPE7M826T6864,https://www.dibbs.bsm.dla.mil/rfq/rfqrec.aspx?sn=SPE7M826T6864,SWITCH,2,20260930T160710Z,0001S00000052,GOVERNMENT FIRST ARTIC,G,______,1.0,,,2026-09-25,2026-10-05,SWITCH,DIBBS|SPE7M826T6864|0001S00000052,First article test line - not a product line
SPE7L126Q1682,0001S00000052,SPE7L126Q1682,09-22-2026,10-05-2026,2026-09-22 09:36:04,Origin,Origin,Tech,7018270948,https://dibbs2.bsm.dla.mil/Downloads/RFQ/2/SPE7L126Q1682.PDF,https://www.dibbs.bsm.dla.mil/RFQ/RFQRec.aspx?sn=SPE7L126Q1682,https://www.dibbs.bsm.dla.mil/rfq/rfqrec.aspx?sn=SPE7L126Q1682,SWITCH,4,20260930T160745Z,0001S00000052,GOVERNMENT FIRST ARTIC,G,336413,1.0,,,2026-09-22,2026-10-05,SWITCH,DIBBS|SPE7L126Q1682|0001S00000052,First article test line - not a product line
SPE7M526T516C,0001S00000053,SPE7M526T516C,09-21-2026,10-01-2026,2026-09-21 12:15:49,Origin,Origin,Tech,7018274672,https://dibbs2.bsm.dla.mil/Downloads/RFQ/C/SPE7M526T516C.PDF,https://www.dibbs.bsm.dla.mil/RFQ/RFQRec.aspx?sn=SPE7M526T516C,https://www.dibbs.bsm.dla.mil/rfq/rfqrec.aspx?sn=SPE7M526T516C,SWITCH,4,20260930T160745Z,0001S00000053,CONTRACTOR FIRST ARTIC,G,______,1.0,,,2026-09-21,2026-10-01,SWITCH,DIBBS|SPE7M526T516C|0001S00000053,First article test line - not a product line
SPE7M826T6767,0001S00000053,SPE7M826T6767,09-21-2026,10-01-2026,2026-09-21 12:15:49,Origin,Origin,Tech,7013984071,https://dibbs2.bsm.dla.mil/Downloads/RFQ/7/SPE7M826T6767.PDF,https://www.dibbs.bsm.dla.mil/RFQ/RFQRec.aspx?sn=SPE7M826T6767,https://www.dibbs.bsm.dla.mil/rfq/rfqrec.aspx?sn=SPE7M826T6767,SWITCH,4,20260930T160745Z,0001S00000053,CONTRACTOR FIRST ARTIC,B,______,1.0,73760 | 1173P0336 | ITT AEROSPACE CONTROLS LLC,,2026-09-21,2026-10-01,SWITCH,DIBBS|SPE7M826T6767|0001S00000053,First article test line - not a product line
SPE7M826T6768,0001S00000061,SPE7M826T6768,09-21-2026,10-01-2026,2026-09-21 12:15:48,Origin,Origin,Tech,7014264874,https://dibbs2.bsm.dla.mil/Downloads/RFQ/8/SPE7M826T6768.PDF,https://www.dibbs.bsm.dla.mil/RFQ/RFQRec.aspx?sn=SPE7M826T6768,https://www.dibbs.bsm.dla.mil/rfq/rfqrec.aspx?sn=SPE7M826T6768,SWITCH,4,20260930T160745Z,0001S00000061,PRODUCTION LOT TESTING,G,______,1.0,,,2026-09-21,2026-10-01,SWITCH,DIBBS|SPE7M826T6768|0001S00000061,First article test line - not a product line
SPE7M826T6747,0001S00000052,SPE7M826T6747,09-18-2026,09-28-2026,2026-09-17 12:59:48,Origin,Origin,None,7018269366,https://dibbs2.bsm.dla.mil/Downloads/RFQ/7/SPE7M826T6747.PDF,https://www.dibbs.bsm.dla.mil/RFQ/RFQRec.aspx?sn=SPE7M826T6747,https://www.dibbs.bsm.dla.mil/rfq/rfqrec.aspx?sn=SPE7M826T6747,SWITCH,4,20260930T160745Z,0001S00000052,GOVERNMENT FIRST ARTIC,G,______,1.0,,,2026-09-18,2026-09-28,SWITCH,DIBBS|SPE7M826T6747|0001S00000052,First article test line - not a product line
SPE7M826T6695,0001S00000053,SPE7M826T6695,09-17-2026,09-28-2026,2026-09-16 10:38:18,Origin,Origin,Tech,7013472816,https://dibbs2.bsm.dla.mil/Downloads/RFQ/5/SPE7M826T6695.PDF,https://www.dibbs.bsm.dla.mil/RFQ/RFQRec.aspx?sn=SPE7M826T6695,https://www.dibbs.bsm.dla.mil/rfq/rfqrec.aspx?sn=SPE7M826T6695,SWITCH,5,20260930T160802Z,0001S00000053,CONTRACTOR FIRST ARTIC,B,______,1.0,"09049 | 6150T43 | CUSTOM CONTROL SENSORS, LLC",,2026-09-17,2026-09-28,SWITCH,DIBBS|SPE7M826T6695|0001S00000053,First article test line - not a product line
SPE7M826Q0240,0001S00000053,SPE7M826Q0240,09-16-2026,09-29-2026,2026-09-15 07:57:56,Origin,Origin,Tech,7016088124,https://dibbs2.bsm.dla.mil/Downloads/RFQ/0/SPE7M826Q0240.PDF,https://www.dibbs.bsm.dla.mil/RFQ/RFQRec.aspx?sn=SPE7M826Q0240,https://www.dibbs.bsm.dla.mil/rfq/rfqrec.aspx?sn=SPE7M826Q0240,SWITCH,5,20260930T160802Z,0001S00000053,CONTRACTOR FIRST ARTIC,G,334419,1.0,,,2026-09-16,2026-09-29,BOX; FUEL; PLATE; SWITCH,DIBBS|SPE7M826Q0240|0001S00000053,First article test line - not a product line
SPE7M826T6670,0001S00000053,SPE7M826T6670,09-15-2026,09-25-2026,2026-09-14 03:36:17,Origin,Origin,Tech,7009379948,https://dibbs2.bsm.dla.mil/Downloads/RFQ/0/SPE7M826T6670.PDF,https://www.dibbs.bsm.dla.mil/RFQ/RFQRec.aspx?sn=SPE7M826T6670,https://www.dibbs.bsm.dla.mil/rfq/rfqrec.aspx?sn=SPE7M826T6670,SWITCH,5,20260930T160802Z,0001S00000053,CONTRACTOR FIRST ARTIC,C,______,1.0,0VSA4 | 5190438 | PRINCETON MICROWAVE TECHNOLOGY INC,,2026-09-15,2026-09-25,SWITCH,DIBBS|SPE7M826T6670|0001S00000053,First article test line - not a product line
SPE7M826T6670,0001S00000062,SPE7M826T6670,09-15-2026,09-25-2026,2026-09-14 03:36:17,Origin,Origin,Tech,7009379948,https://dibbs2.bsm.dla.mil/Downloads/RFQ/0/SPE7M826T6670.PDF,https://www.dibbs.bsm.dla.mil/RFQ/RFQRec.aspx?sn=SPE7M826T6670,https://www.dibbs.bsm.dla.mil/rfq/rfqrec.aspx?sn=SPE7M826T6670,SWITCH,5,20260930T160802Z,0001S00000062,PRODUCTION LOT TESTING,C,______,1.0,0VSA4 | 5190438 | PRINCETON MICROWAVE TECHNOLOGY INC,,2026-09-15,2026-09-25,SWITCH,DIBBS|SPE7M826T6670|0001S00000062,First article test line - not a product line
SPE7M826T6662,0001S00000053,SPE7M826T6662,09-15-2026,09-25-2026,2026-09-14 09:35:02,Origin,Origin,Tech,7018273074,https://dibbs2.bsm.dla.mil/Downloads/RFQ/2/SPE7M826T6662.PDF,https://www.dibbs.bsm.dla.mil/RFQ/RFQRec.aspx?sn=SPE7M826T6662,https://www.dibbs.bsm.dla.mil/rfq/rfqrec.aspx?sn=SPE7M826T6662,SWITCH,5,20260930T160802Z,0001S00000053,CONTRACTOR FIRST ARTIC,G,______,1.0,,,2026-09-15,2026-09-25,SWITCH,DIBBS|SPE7M826T6662|0001S00000053,First article test line - not a product line
SPE7M826T6635,0001S00000053,SPE7M826T6635,09-14-2026,09-24-2026,2026-09-13 03:47:14,Origin,Origin,Tech,7018270595,https://dibbs2.bsm.dla.mil/Downloads/RFQ/5/SPE7M826T6635.PDF,https://www.dibbs.bsm.dla.mil/RFQ/RFQRec.aspx?sn=SPE7M826T6635,https://www.dibbs.bsm.dla.mil/rfq/rfqrec.aspx?sn=SPE7M826T6635,SWITCH,5,20260930T160802Z,0001S00000053,CONTRACTOR FIRST ARTIC,G,______,1.0,,,2026-09-14,2026-09-24,SWITCH,DIBBS|SPE7M826T6635|0001S00000053,First article test line - not a product line
SPE7M526T477J,0001S00000053,SPE7M526T477J,09-11-2026,09-21-2026,2026-09-10 03:06:59,Origin,Origin,None,7018272319,https://dibbs2.bsm.dla.mil/Downloads/RFQ/J/SPE7M526T477J.PDF,https://www.dibbs.bsm.dla.mil/RFQ/RFQRec.aspx?sn=SPE7M526T477J,https://www.dibbs.bsm.dla.mil/rfq/rfqrec.aspx?sn=SPE7M526T477J,SWITCH,6,20260930T160819Z,0001S00000053,CONTRACTOR FIRST ARTIC,G,______,1.0,,,2026-09-11,2026-09-21,SWITCH,DIBBS|SPE7M526T477J|0001S00000053,First article test line - not a product line
SPE7M826T6534,0001S00000053,SPE7M826T6534,09-11-2026,09-21-2026,2026-09-10 03:06:59,Origin,Origin,Tech,7018271326,https://dibbs2.bsm.dla.mil/Downloads/RFQ/4/SPE7M826T6534.PDF,https://www.dibbs.bsm.dla.mil/RFQ/RFQRec.aspx?sn=SPE7M826T6534,https://www.dibbs.bsm.dla.mil/rfq/rfqrec.aspx?sn=SPE7M826T6534,SWITCH,6,20260930T160819Z,0001S00000053,CONTRACTOR FIRST ARTIC,G,______,1.0,,,2026-09-11,2026-09-21,SWITCH,DIBBS|SPE7M826T6534|0001S00000053,First article test line - not a product line
SPE7M826T6377,0001S00000053,SPE7M826T6377,09-01-2026,09-11-2026,2026-08-31 08:58:50,Origin,Origin,Tech,7017777182,https://dibbs2.bsm.dla.mil/Downloads/RFQ/7/SPE7M826T6377.PDF,https://www.dibbs.bsm.dla.mil/RFQ/RFQRec.aspx?sn=SPE7M826T6377,https://www.dibbs.bsm.dla.mil/rfq/rfqrec.aspx?sn=SPE7M826T6377,SWITCH,6,20260930T160819Z,0001S00000053,CONTRACTOR FIRST ARTIC,B,______,1.0,75Q65 | 12611641 | OSHKOSH DEFENSE LLC,,2026-09-01,2026-09-11,SWITCH,DIBBS|SPE7M826T6377|0001S00000053,First article test line - not a product line
SPE7M826T6252,0001S00000053,SPE7M826T6252,08-27-2026,09-08-2026,2026-08-26 05:09:28,Origin,Origin,Tech,7018038189,https://dibbs2.bsm.dla.mil/Downloads/RFQ/2/SPE7M826T6252.PDF,https://www.dibbs.bsm.dla.mil/RFQ/RFQRec.aspx?sn=SPE7M826T6252,https://www.dibbs.bsm.dla.mil/rfq/rfqrec.aspx?sn=SPE7M826T6252,SWITCH,7,20260930T160835Z,0001S00000053,CONTRACTOR FIRST ARTIC,G,______,1.0,,,2026-08-27,2026-09-08,SWITCH,DIBBS|SPE7M826T6252|0001S00000053,First article test line - not a product line
SPE7M826T4455,0001S00000053,SPE7M826T4455,05-22-2026,06-01-2026,2026-08-21 02:41:27,Origin,Destination,None,7013986782,https://dibbs2.bsm.dla.mil/Downloads/RFQ/5/SPE7M826T4455.PDF,https://www.dibbs.bsm.dla.mil/RFQ/RFQRec.aspx?sn=SPE7M826T4455,https://www.dibbs.bsm.dla.mil/rfq/rfqrec.aspx?sn=SPE7M826T4455,SWITCH,8,20260930T160853Z,0001S00000053,CONTRACTOR FIRST ARTIC,G,______,1.0,,,2026-05-22,2026-06-01,SWITCH,DIBBS|SPE7M826T4455|0001S00000053,First article test line - not a product line
SPE7M826T5901,0001S00000052,SPE7M826T5901,08-07-2026,08-17-2026,2026-08-21 02:41:27,Origin,Origin,None,7017778498,https://dibbs2.bsm.dla.mil/Downloads/RFQ/1/SPE7M826T5901.PDF,https://www.dibbs.bsm.dla.mil/RFQ/RFQRec.aspx?sn=SPE7M826T5901,https://www.dibbs.bsm.dla.mil/rfq/rfqrec.aspx?sn=SPE7M826T5901,SWITCH,8,20260930T160853Z,0001S00000052,GOVERNMENT FIRST ARTIC,G,______,1.0,,,2026-08-07,2026-08-17,SWITCH,DIBBS|SPE7M826T5901|0001S00000052,First article test line - not a product line
SPE7L726T4611,0001S00000053,SPE7L726T4611,08-07-2026,08-17-2026,2026-08-21 02:41:27,Origin,Origin,Tech,7017780330,https://dibbs2.bsm.dla.mil/Downloads/RFQ/1/SPE7L726T4611.PDF,https://www.dibbs.bsm.dla.mil/RFQ/RFQRec.aspx?sn=SPE7L726T4611,https://www.dibbs.bsm.dla.mil/rfq/rfqrec.aspx?sn=SPE7L726T4611,SWITCH,8,20260930T160853Z,0001S00000053,CONTRACTOR FIRST ARTIC,G,______,1.0,,,2026-08-07,2026-08-17,SWITCH,DIBBS|SPE7L726T4611|0001S00000053,First article test line - not a product line
SPE7M826T5819,0001S00000053,SPE7M826T5819,08-07-2026,08-17-2026,2026-08-21 02:41:27,Origin,Origin,Tech,7017775500,https://dibbs2.bsm.dla.mil/Downloads/RFQ/9/SPE7M826T5819.PDF,https://www.dibbs.bsm.dla.mil/RFQ/RFQRec.aspx?sn=SPE7M826T5819,https://www.dibbs.bsm.dla.mil/rfq/rfqrec.aspx?sn=SPE7M826T5819,SWITCH,8,20260930T160853Z,0001S00000053,CONTRACTOR FIRST ARTIC,G,______,1.0,,,2026-08-07,2026-08-17,SWITCH,DIBBS|SPE7M826T5819|0001S00000053,First article test line - not a product line
SPE7M825T6030,0001S00000052,SPE7M825T6030,08-07-2025,08-18-2025,2026-08-21 02:41:27,Origin,Origin,Tech,7013010169,https://dibbs2.bsm.dla.mil/Downloads/RFQ/0/SPE7M825T6030.PDF,https://www.dibbs.bsm.dla.mil/RFQ/RFQRec.aspx?sn=SPE7M825T6030,https://www.dibbs.bsm.dla.mil/rfq/rfqrec.aspx?sn=SPE7M825T6030,SWITCH,9,20260930T160910Z,0001S00000052,GOVERNMENT FIRST ARTIC,G,______,1.0,,,2025-08-07,2025-08-18,SWITCH,DIBBS|SPE7M825T6030|0001S00000052,First article test line - not a product line
SPE7M825T6030,0001S00000061,SPE7M825T6030,08-07-2025,08-18-2025,2026-08-21 02:41:27,Origin,Origin,Tech,7013010169,https://dibbs2.bsm.dla.mil/Downloads/RFQ/0/SPE7M825T6030.PDF,https://www.dibbs.bsm.dla.mil/RFQ/RFQRec.aspx?sn=SPE7M825T6030,https://www.dibbs.bsm.dla.mil/rfq/rfqrec.aspx?sn=SPE7M825T6030,SWITCH,9,20260930T160910Z,0001S00000061,PRODUCTION LOT TESTING,G,______,1.0,,,2025-08-07,2025-08-18,SWITCH,DIBBS|SPE7M825T6030|0001S00000061,First article test line - not a product line
SPE4A726T679V,0001S00000052,SPE4A726T679V,08-20-2026,08-27-2026,2026-08-21 02:41:27,Origin,Origin,Tech,7017837733,https://dibbs2.bsm.dla.mil/Downloads/RFQ/V/SPE4A726T679V.PDF,https://www.dibbs.bsm.dla.mil/RFQ/RFQRec.aspx?sn=SPE4A726T679V,https://www.dibbs.bsm.dla.mil/rfq/rfqrec.aspx?sn=SPE4A726T679V,SWITCH,9,20260930T160910Z,0001S00000052,GOVERNMENT FIRST ARTIC,G,______,1.0,,,2026-08-20,2026-08-27,SWITCH,DIBBS|SPE4A726T679V|0001S00000052,First article test line - not a product line
SPE7M526T008Q,0001S00000053,SPE7M526T008Q,04-02-2026,04-13-2026,2026-08-21 02:41:27,Origin,Origin,Tech,7015892596,https://dibbs2.bsm.dla.mil/Downloads/RFQ/Q/SPE7M526T008Q.PDF,https://www.dibbs.bsm.dla.mil/RFQ/RFQRec.aspx?sn=SPE7M526T008Q,https://www.dibbs.bsm.dla.mil/rfq/rfqrec.aspx?sn=SPE7M526T008Q,SWITCH,9,20260930T160910Z,0001S00000053,CONTRACTOR FIRST ARTIC,G,______,1.0,,,2026-04-02,2026-04-13,SWITCH,DIBBS|SPE7M526T008Q|0001S00000053,First article test line - not a product line
SPE7M826T5670,0001S00000052,SPE7M826T5670,07-31-2026,08-10-2026,2026-08-21 02:41:27,Origin,Origin,Tech,7017697892,https://dibbs2.bsm.dla.mil/Downloads/RFQ/0/SPE7M826T5670.PDF,https://www.dibbs.bsm.dla.mil/RFQ/RFQRec.aspx?sn=SPE7M826T5670,https://www.dibbs.bsm.dla.mil/rfq/rfqrec.aspx?sn=SPE7M826T5670,SWITCH,9,20260930T160910Z,0001S00000052,GOVERNMENT FIRST ARTIC,C,______,1.0,045F6 | 0534100 | REM PRODUCTS INC,,2026-07-31,2026-08-10,SWITCH,DIBBS|SPE7M826T5670|0001S00000052,First article test line - not a product line
SPE7M526T118T,0001S00000052,SPE7M526T118T,05-07-2026,05-18-2026,2026-08-21 02:41:27,Origin,Origin,Tech,7015893643,https://dibbs2.bsm.dla.mil/Downloads/RFQ/T/SPE7M526T118T.PDF,https://www.dibbs.bsm.dla.mil/RFQ/RFQRec.aspx?sn=SPE7M526T118T,https://www.dibbs.bsm.dla.mil/rfq/rfqrec.aspx?sn=SPE7M526T118T,SWITCH,9,20260930T160910Z,0001S00000052,GOVERNMENT FIRST ARTIC,G,______,1.0,,,2026-05-07,2026-05-18,SWITCH,DIBBS|SPE7M526T118T|0001S00000052,First article test line - not a product line
SPE7M826T0690,0001S00000052,SPE7M826T0690,11-07-2025,11-17-2025,2026-08-21 02:41:27,Origin,Destination,Tech,7014419346,https://dibbs2.bsm.dla.mil/Downloads/RFQ/0/SPE7M826T0690.PDF,https://www.dibbs.bsm.dla.mil/RFQ/RFQRec.aspx?sn=SPE7M826T0690,https://www.dibbs.bsm.dla.mil/rfq/rfqrec.aspx?sn=SPE7M826T0690,SWITCH,9,20260930T160910Z,0001S00000052,GOVERNMENT FIRST ARTIC,C,______,1.0,73949 | C8735-1 | GUARDIAN ELECTRIC MANUFACTURING CO,,2025-11-07,2025-11-17,SWITCH,DIBBS|SPE7M826T0690|0001S00000052,First article test line - not a product line
SPE7M026T7262,0001S00000053,SPE7M026T7262,04-24-2026,05-04-2026,2026-08-21 02:41:27,Origin,Origin,Tech,7016494246,https://dibbs2.bsm.dla.mil/Downloads/RFQ/2/SPE7M026T7262.PDF,https://www.dibbs.bsm.dla.mil/RFQ/RFQRec.aspx?sn=SPE7M026T7262,https://www.dibbs.bsm.dla.mil/rfq/rfqrec.aspx?sn=SPE7M026T7262,SWITCH,9,20260930T160910Z,0001S00000053,CONTRACTOR FIRST ARTIC,G,______,1.0,,,2026-04-24,2026-05-04,SWITCH,DIBBS|SPE7M026T7262|0001S00000053,First article test line - not a product line
SPE7M526T195X,0001S00000053,SPE7M526T195X,05-22-2026,06-01-2026,2026-08-21 02:41:27,Origin,Origin,Tech,7016888807,https://dibbs2.bsm.dla.mil/Downloads/RFQ/X/SPE7M526T195X.PDF,https://www.dibbs.bsm.dla.mil/RFQ/RFQRec.aspx?sn=SPE7M526T195X,https://www.dibbs.bsm.dla.mil/rfq/rfqrec.aspx?sn=SPE7M526T195X,SWITCH,9,20260930T160910Z,0001S00000053,CONTRACTOR FIRST ARTIC,G,______,1.0,,,2026-05-22,2026-06-01,SWITCH,DIBBS|SPE7M526T195X|0001S00000053,First article test line - not a product line
SPE7M826T5897,0001S00000053,SPE7M826T5897,08-07-2026,08-17-2026,2026-08-21 02:41:27,Origin,Origin,None,7017779374,https://dibbs2.bsm.dla.mil/Downloads/RFQ/7/SPE7M826T5897.PDF,https://www.dibbs.bsm.dla.mil/RFQ/RFQRec.aspx?sn=SPE7M826T5897,https://www.dibbs.bsm.dla.mil/rfq/rfqrec.aspx?sn=SPE7M826T5897,SWITCH,9,20260930T160910Z,0001S00000053,CONTRACTOR FIRST ARTIC,G,______,1.0,,,2026-08-07,2026-08-17,SWITCH,DIBBS|SPE7M826T5897|0001S00000053,First article test line - not a product line
SPE7M826T6046,0001S00000052,SPE7M826T6046,08-19-2026,08-31-2026,2026-08-21 02:41:27,Origin,Origin,Tech,7017869130,https://dibbs2.bsm.dla.mil/Downloads/RFQ/6/SPE7M826T6046.PDF,https://www.dibbs.bsm.dla.mil/RFQ/RFQRec.aspx?sn=SPE7M826T6046,https://www.dibbs.bsm.dla.mil/rfq/rfqrec.aspx?sn=SPE7M826T6046,SWITCH,9,20260930T160910Z,0001S00000052,GOVERNMENT FIRST ARTIC,C,______,1.0,21649 | P6-20101 | OTTO ENGINEERING INC,,2026-08-19,2026-08-31,SWITCH,DIBBS|SPE7M826T6046|0001S00000052,First article test line - not a product line
SPE7M126T115M,0001S00000052,SPE7M126T115M,06-03-2026,06-15-2026,2026-08-21 02:41:27,Origin,Origin,Tech,7012193018,https://dibbs2.bsm.dla.mil/Downloads/RFQ/M/SPE7M126T115M.PDF,https://www.dibbs.bsm.dla.mil/RFQ/RFQRec.aspx?sn=SPE7M126T115M,https://www.dibbs.bsm.dla.mil/rfq/rfqrec.aspx?sn=SPE7M126T115M,SWITCH,9,20260930T160910Z,0001S00000052,GOVERNMENT FIRST ARTIC,B,______,1.0,"3E5E2 | 6030 | MERCURY SYSTEMS, INC.",,2026-06-03,2026-06-15,SWITCH,DIBBS|SPE7M126T115M|0001S00000052,First article test line - not a product line
SPE7M026Q0855,0001S00000053,SPE7M026Q0855,06-02-2026,06-16-2026,2026-08-21 02:41:27,Origin,Origin,Tech,7015892853,https://dibbs2.bsm.dla.mil/Downloads/RFQ/5/SPE7M026Q0855.PDF,https://www.dibbs.bsm.dla.mil/RFQ/RFQRec.aspx?sn=SPE7M026Q0855,https://www.dibbs.bsm.dla.mil/rfq/rfqrec.aspx?sn=SPE7M026Q0855,SWITCH,9,20260930T160910Z,0001S00000053,CONTRACTOR FIRST ARTIC,G,000000,1.0,,,2026-06-02,2026-06-16,BOX; SWITCH,DIBBS|SPE7M026Q0855|0001S00000053,First article test line - not a product line
SPE7M826T5579,0001S00000061,SPE7M826T5579,07-24-2026,08-03-2026,2026-08-21 02:41:27,Origin,Origin,Tech,7017589341,https://dibbs2.bsm.dla.mil/Downloads/RFQ/9/SPE7M826T5579.PDF,https://www.dibbs.bsm.dla.mil/RFQ/RFQRec.aspx?sn=SPE7M826T5579,https://www.dibbs.bsm.dla.mil/rfq/rfqrec.aspx?sn=SPE7M826T5579,SWITCH,10,20260930T160928Z,0001S00000061,PRODUCTION LOT TESTING,G,______,1.0,,,2026-07-24,2026-08-03,SWITCH,DIBBS|SPE7M826T5579|0001S00000061,First article test line - not a product line
SPE7M526T2056,0001S00000061,SPE7M526T2056,11-06-2025,11-17-2025,2026-08-21 02:41:27,Origin,Origin,Tech,7013653354,https://dibbs2.bsm.dla.mil/Downloads/RFQ/6/SPE7M526T2056.PDF,https://www.dibbs.bsm.dla.mil/RFQ/RFQRec.aspx?sn=SPE7M526T2056,https://www.dibbs.bsm.dla.mil/rfq/rfqrec.aspx?sn=SPE7M526T2056,SWITCH,10,20260930T160928Z,0001S00000061,PRODUCTION LOT TESTING,G,______,1.0,,,2025-11-06,2025-11-17,SWITCH,DIBBS|SPE7M526T2056|0001S00000061,First article test line - not a product line
SPE7M826Q0211,0001S00000052,SPE7M826Q0211,08-06-2026,08-18-2026,2026-08-21 02:41:27,Origin,Destination,Tech,7016286166,https://dibbs2.bsm.dla.mil/Downloads/RFQ/1/SPE7M826Q0211.PDF,https://www.dibbs.bsm.dla.mil/RFQ/RFQRec.aspx?sn=SPE7M826Q0211,https://www.dibbs.bsm.dla.mil/rfq/rfqrec.aspx?sn=SPE7M826Q0211,SWITCH,10,20260930T160928Z,0001S00000052,GOVERNMENT FIRST ARTIC,C,335314,1.0,3H889 | 7027-1 | PARKER-HANNIFIN CORPORATION,,2026-08-06,2026-08-18,BOX; FUEL; SWITCH,DIBBS|SPE7M826Q0211|0001S00000052,First article test line - not a product line
SPE7M525Q0948,0001S00000053,SPE7M525Q0948,09-16-2025,10-08-2025,2026-08-21 02:41:27,Origin,Origin,Tech,7010232687,https://dibbs2.bsm.dla.mil/Downloads/RFQ/8/SPE7M525Q0948.PDF,https://www.dibbs.bsm.dla.mil/RFQ/RFQRec.aspx?sn=SPE7M525Q0948,https://www.dibbs.bsm.dla.mil/rfq/rfqrec.aspx?sn=SPE7M525Q0948,SWITCH,11,20260930T160945Z,0001S00000053,CONTRACTOR FIRST ARTIC,G,000000,1.0,,,2025-09-16,2025-10-08,SWITCH,DIBBS|SPE7M525Q0948|0001S00000053,First article test line - not a product line
SPE7M026T7442,0001S00000053,SPE7M026T7442,04-28-2026,05-08-2026,2026-08-21 02:41:27,Origin,Origin,Tech,7016540192,https://dibbs2.bsm.dla.mil/Downloads/RFQ/2/SPE7M026T7442.PDF,https://www.dibbs.bsm.dla.mil/RFQ/RFQRec.aspx?sn=SPE7M026T7442,https://www.dibbs.bsm.dla.mil/rfq/rfqrec.aspx?sn=SPE7M026T7442,SWITCH,11,20260930T160945Z,0001S00000053,CONTRACTOR FIRST ARTIC,G,______,1.0,,,2026-04-28,2026-05-08,SWITCH,DIBBS|SPE7M026T7442|0001S00000053,First article test line - not a product line
SPE7M826T5225,0001S00000061,SPE7M826T5225,07-09-2026,07-20-2026,2026-08-21 02:41:27,Origin,Origin,Tech,7017411156,https://dibbs2.bsm.dla.mil/Downloads/RFQ/5/SPE7M826T5225.PDF,https://www.dibbs.bsm.dla.mil/RFQ/RFQRec.aspx?sn=SPE7M826T5225,https://www.dibbs.bsm.dla.mil/rfq/rfqrec.aspx?sn=SPE7M826T5225,SWITCH,11,20260930T160945Z,0001S00000061,PRODUCTION LOT TESTING,G,______,1.0,,,2026-07-09,2026-07-20,SWITCH,DIBBS|SPE7M826T5225|0001S00000061,First article test line - not a product line
SPE7M826T5716,0001S00000052,SPE7M826T5716,08-06-2026,08-17-2026,2026-08-21 02:41:27,Origin,Origin,Tech,7017039909,https://dibbs2.bsm.dla.mil/Downloads/RFQ/6/SPE7M826T5716.PDF,https://www.dibbs.bsm.dla.mil/RFQ/RFQRec.aspx?sn=SPE7M826T5716,https://www.dibbs.bsm.dla.mil/rfq/rfqrec.aspx?sn=SPE7M826T5716,SWITCH,11,20260930T160945Z,0001S00000052,GOVERNMENT FIRST ARTIC,G,______,1.0,,,2026-08-06,2026-08-17,SWITCH,DIBBS|SPE7M826T5716|0001S00000052,First article test line - not a product line
SPE4A726T0752,0001S00000052,SPE4A726T0752,10-16-2025,10-23-2025,2026-08-21 02:41:27,Origin,Origin,Tech,7014175559,https://dibbs2.bsm.dla.mil/Downloads/RFQ/2/SPE4A726T0752.PDF,https://www.dibbs.bsm.dla.mil/RFQ/RFQRec.aspx?sn=SPE4A726T0752,https://www.dibbs.bsm.dla.mil/rfq/rfqrec.aspx?sn=SPE4A726T0752,SWITCH,11,20260930T160945Z,0001S00000052,GOVERNMENT FIRST ARTIC,C,______,1.0,81755 | 16M220-14 | LOCKHEED MARTIN CORPORATION,,2025-10-16,2025-10-23,SWITCH,DIBBS|SPE4A726T0752|0001S00000052,First article test line - not a product line
SPE7M026T7338,0001S00000053,SPE7M026T7338,04-27-2026,05-07-2026,2026-08-21 02:41:27,Origin,Origin,Tech,7016514533,https://dibbs2.bsm.dla.mil/Downloads/RFQ/8/SPE7M026T7338.PDF,https://www.dibbs.bsm.dla.mil/RFQ/RFQRec.aspx?sn=SPE7M026T7338,https://www.dibbs.bsm.dla.mil/rfq/rfqrec.aspx?sn=SPE7M026T7338,SWITCH,11,20260930T160945Z,0001S00000053,CONTRACTOR FIRST ARTIC,G,______,1.0,,,2026-04-27,2026-05-07,SWITCH,DIBBS|SPE7M026T7338|0001S00000053,First article test line - not a product line
SPE7M825Q0257,0001S00000053,SPE7M825Q0257,05-20-2025,05-31-2025,2026-08-21 02:41:27,Origin,Origin,Tech,7011117438,https://dibbs2.bsm.dla.mil/Downloads/RFQ/7/SPE7M825Q0257.PDF,https://www.dibbs.bsm.dla.mil/RFQ/RFQRec.aspx?sn=SPE7M825Q0257,https://www.dibbs.bsm.dla.mil/rfq/rfqrec.aspx?sn=SPE7M825Q0257,SWITCH,12,20260930T161003Z,0001S00000053,CONTRACTOR FIRST ARTIC,G,000000,1.0,,,2025-05-20,2025-05-31,BOX; FUEL; SWITCH,DIBBS|SPE7M825Q0257|0001S00000053,First article test line - not a product line
SPE7M826T5948,0001S00000052,SPE7M826T5948,08-12-2026,08-24-2026,2026-08-21 02:41:27,Origin,Origin,Tech,7017438062,https://dibbs2.bsm.dla.mil/Downloads/RFQ/8/SPE7M826T5948.PDF,https://www.dibbs.bsm.dla.mil/RFQ/RFQRec.aspx?sn=SPE7M826T5948,https://www.dibbs.bsm.dla.mil/rfq/rfqrec.aspx?sn=SPE7M826T5948,SWITCH,12,20260930T161003Z,0001S00000052,GOVERNMENT FIRST ARTIC,G,______,1.0,,,2026-08-12,2026-08-24,SWITCH,DIBBS|SPE7M826T5948|0001S00000052,First article test line - not a product line
SPE7M826T3632,0001S00000061,SPE7M826T3632,04-27-2026,05-07-2026,2026-08-21 02:41:27,Origin,Origin,Tech,7015602426,https://dibbs2.bsm.dla.mil/Downloads/RFQ/2/SPE7M826T3632.PDF,https://www.dibbs.bsm.dla.mil/RFQ/RFQRec.aspx?sn=SPE7M826T3632,https://www.dibbs.bsm.dla.mil/rfq/rfqrec.aspx?sn=SPE7M826T3632,SWITCH,12,20260930T161003Z,0001S00000061,PRODUCTION LOT TESTING,G,______,1.0,,,2026-04-27,2026-05-07,SWITCH,DIBBS|SPE7M826T3632|0001S00000061,First article test line - not a product line
SPE4A626T08LE,0001S00000053,SPE4A626T08LE,07-22-2026,07-29-2026,2026-08-21 02:41:27,Origin,Destination,Tech,7017572678,https://dibbs2.bsm.dla.mil/Downloads/RFQ/E/SPE4A626T08LE.PDF,https://www.dibbs.bsm.dla.mil/RFQ/RFQRec.aspx?sn=SPE4A626T08LE,https://www.dibbs.bsm.dla.mil/rfq/rfqrec.aspx?sn=SPE4A626T08LE,SWITCH,12,20260930T161003Z,0001S00000053,CONTRACTOR FIRST ARTIC,G,______,1.0,,,2026-07-22,2026-07-29,SWITCH,DIBBS|SPE4A626T08LE|0001S00000053,First article test line - not a product line
SPE7M826T4087,0001S00000052,SPE7M826T4087,05-12-2026,05-22-2026,2026-08-21 02:41:27,Origin,Origin,Tech,7016687117,https://dibbs2.bsm.dla.mil/Downloads/RFQ/7/SPE7M826T4087.PDF,https://www.dibbs.bsm.dla.mil/RFQ/RFQRec.aspx?sn=SPE7M826T4087,https://www.dibbs.bsm.dla.mil/rfq/rfqrec.aspx?sn=SPE7M826T4087,SWITCH,12,20260930T161003Z,0001S00000052,GOVERNMENT FIRST ARTIC,G,______,1.0,,,2026-05-12,2026-05-22,SWITCH,DIBBS|SPE7M826T4087|0001S00000052,First article test line - not a product line
SPE4A726T565Q,0001S00000053,SPE4A726T565Q,07-13-2026,07-20-2026,2026-08-21 02:41:27,Origin,Origin,Tech,7017399373,https://dibbs2.bsm.dla.mil/Downloads/RFQ/Q/SPE4A726T565Q.PDF,https://www.dibbs.bsm.dla.mil/RFQ/RFQRec.aspx?sn=SPE4A726T565Q,https://www.dibbs.bsm.dla.mil/rfq/rfqrec.aspx?sn=SPE4A726T565Q,SWITCH,13,20260930T161020Z,0001S00000053,CONTRACTOR FIRST ARTIC,G,______,1.0,,,2026-07-13,2026-07-20,SWITCH,DIBBS|SPE4A726T565Q|0001S00000053,First article test line - not a product line
SPE7M826T4535,0001S00000052,SPE7M826T4535,06-01-2026,06-11-2026,2026-08-21 02:41:27,Origin,Destination,Tech,7016090864,https://dibbs2.bsm.dla.mil/Downloads/RFQ/5/SPE7M826T4535.PDF,https://www.dibbs.bsm.dla.mil/RFQ/RFQRec.aspx?sn=SPE7M826T4535,https://www.dibbs.bsm.dla.mil/rfq/rfqrec.aspx?sn=SPE7M826T4535,SWITCH,13,20260930T161020Z,0001S00000052,GOVERNMENT FIRST ARTIC,G,______,1.0,,,2026-06-01,2026-06-11,SWITCH,DIBBS|SPE7M826T4535|0001S00000052,First article test line - not a product line
SPE7M826T4741,0001S00000053,SPE7M826T4741,06-08-2026,06-18-2026,2026-08-21 02:41:27,Origin,Origin,Tech,7017049256,https://dibbs2.bsm.dla.mil/Downloads/RFQ/1/SPE7M826T4741.PDF,https://www.dibbs.bsm.dla.mil/RFQ/RFQRec.aspx?sn=SPE7M826T4741,https://www.dibbs.bsm.dla.mil/rfq/rfqrec.aspx?sn=SPE7M826T4741,SWITCH,13,20260930T161020Z,0001S00000053,CONTRACTOR FIRST ARTIC,G,______,1.0,,,2026-06-08,2026-06-18,SWITCH,DIBBS|SPE7M826T4741|0001S00000053,First article test line - not a product line
SPE7M826T5142,0001S00000053,SPE7M826T5142,07-01-2026,07-13-2026,2026-08-21 02:41:27,Origin,Origin,Tech,7017314468,https://dibbs2.bsm.dla.mil/Downloads/RFQ/2/SPE7M826T5142.PDF,https://www.dibbs.bsm.dla.mil/RFQ/RFQRec.aspx?sn=SPE7M826T5142,https://www.dibbs.bsm.dla.mil/rfq/rfqrec.aspx?sn=SPE7M826T5142,SWITCH,14,20260930T161037Z,0001S00000053,CONTRACTOR FIRST ARTIC,C,______,1.0,0VSA4 | 5262713 | PRINCETON MICROWAVE TECHNOLOGY INC,,2026-07-01,2026-07-13,SWITCH,DIBBS|SPE7M826T5142|0001S00000053,First article test line - not a product line
SPE7M826T5142,0001S00000062,SPE7M826T5142,07-01-2026,07-13-2026,2026-08-21 02:41:27,Origin,Origin,Tech,7017314468,https://dibbs2.bsm.dla.mil/Downloads/RFQ/2/SPE7M826T5142.PDF,https://www.dibbs.bsm.dla.mil/RFQ/RFQRec.aspx?sn=SPE7M826T5142,https://www.dibbs.bsm.dla.mil/rfq/rfqrec.aspx?sn=SPE7M826T5142,SWITCH,14,20260930T161037Z,0001S00000062,PRODUCTION LOT TESTING,C,______,1.0,0VSA4 | 5262713 | PRINCETON MICROWAVE TECHNOLOGY INC,,2026-07-01,2026-07-13,SWITCH,DIBBS|SPE7M826T5142|0001S00000062,First article test line - not a product line
SPE7M826T4052,0001S00000053,SPE7M826T4052,05-11-2026,05-21-2026,2026-08-21 02:41:27,Origin,Origin,Tech,7016689617,https://dibbs2.bsm.dla.mil/Downloads/RFQ/2/SPE7M826T4052.PDF,https://www.dibbs.bsm.dla.mil/RFQ/RFQRec.aspx?sn=SPE7M826T4052,https://www.dibbs.bsm.dla.mil/rfq/rfqrec.aspx?sn=SPE7M826T4052,SWITCH,14,20260930T161037Z,0001S00000053,CONTRACTOR FIRST ARTIC,G,______,1.0,,,2026-05-11,2026-05-21,SWITCH,DIBBS|SPE7M826T4052|0001S00000053,First article test line - not a product line
SPE7M826Q0197,0001S00000052,SPE7M826Q0197,07-23-2026,08-06-2026,2026-08-21 02:41:27,Origin,Origin,None,7014134627,https://dibbs2.bsm.dla.mil/Downloads/RFQ/7/SPE7M826Q0197.PDF,https://www.dibbs.bsm.dla.mil/RFQ/RFQRec.aspx?sn=SPE7M826Q0197,https://www.dibbs.bsm.dla.mil/rfq/rfqrec.aspx?sn=SPE7M826Q0197,SWITCH,14,20260930T161037Z,0001S00000052,GOVERNMENT FIRST ARTIC,G,000000,1.0,,,2026-07-23,2026-08-06,SWITCH,DIBBS|SPE7M826Q0197|0001S00000052,First article test line - not a product line
SPE7M826Q0197,0001S00000061,SPE7M826Q0197,07-23-2026,08-06-2026,2026-08-21 02:41:27,Origin,Origin,None,7014134627,https://dibbs2.bsm.dla.mil/Downloads/RFQ/7/SPE7M826Q0197.PDF,https://www.dibbs.bsm.dla.mil/RFQ/RFQRec.aspx?sn=SPE7M826Q0197,https://www.dibbs.bsm.dla.mil/rfq/rfqrec.aspx?sn=SPE7M826Q0197,SWITCH,14,20260930T161037Z,0001S00000061,PRODUCTION LOT TESTING,G,000000,1.0,,,2026-07-23,2026-08-06,SWITCH,DIBBS|SPE7M826Q0197|0001S00000061,First article test line - not a product line
SPE7M826T1374,0001S00000052,SPE7M826T1374,12-23-2025,01-02-2026,2026-08-21 02:41:27,Origin,Destination,Tech,7014266054,https://dibbs2.bsm.dla.mil/Downloads/RFQ/4/SPE7M826T1374.PDF,https://www.dibbs.bsm.dla.mil/RFQ/RFQRec.aspx?sn=SPE7M826T1374,https://www.dibbs.bsm.dla.mil/rfq/rfqrec.aspx?sn=SPE7M826T1374,SWITCH,14,20260930T161037Z,0001S00000052,GOVERNMENT FIRST ARTIC,G,______,1.0,,,2025-12-23,2026-01-02,SWITCH,DIBBS|SPE7M826T1374|0001S00000052,First article test line - not a product line
SPE7M826T2336,0001S00000053,SPE7M826T2336,02-23-2026,03-05-2026,2026-08-21 02:41:27,Origin,Origin,Tech,7014132674,https://dibbs2.bsm.dla.mil/Downloads/RFQ/6/SPE7M826T2336.PDF,https://www.dibbs.bsm.dla.mil/RFQ/RFQRec.aspx?sn=SPE7M826T2336,https://www.dibbs.bsm.dla.mil/rfq/rfqrec.aspx?sn=SPE7M826T2336,SWITCH,14,20260930T161037Z,0001S00000053,CONTRACTOR FIRST ARTIC,B,______,1.0,75Q65 | 12611383 | OSHKOSH DEFENSE LLC,,2026-02-23,2026-03-05,SWITCH,DIBBS|SPE7M826T2336|0001S00000053,First article test line - not a product line
SPE7M526T525B,0001S00000053,SPE7M526T525B,09-25-2026,10-05-2026,2026-09-24 06:42:59,Origin,Origin,Tech,7018495190,https://dibbs2.bsm.dla.mil/Downloads/RFQ/B/SPE7M526T525B.PDF,https://www.dibbs.bsm.dla.mil/RFQ/RFQRec.aspx?sn=SPE7M526T525B,https://www.dibbs.bsm.dla.mil/rfq/rfqrec.aspx?sn=SPE7M526T525B,SWITCH,14,20260930T161037Z,0001S00000053,CONTRACTOR FIRST ARTIC,G,______,1.0,,,2026-09-25,2026-10-05,SWITCH,DIBBS|SPE7M526T525B|0001S00000053,First article test line - not a product line
SPE7L326T168X,0001S00000053,SPE7L326T168X,08-10-2026,08-20-2026,2026-08-21 02:41:27,Origin,Origin,Tech,7017780277,https://dibbs2.bsm.dla.mil/Downloads/RFQ/X/SPE7L326T168X.PDF,https://www.dibbs.bsm.dla.mil/RFQ/RFQRec.aspx?sn=SPE7L326T168X,https://www.dibbs.bsm.dla.mil/rfq/rfqrec.aspx?sn=SPE7L326T168X,SWITCH,15,20260930T161055Z,0001S00000053,CONTRACTOR FIRST ARTIC,G,______,1.0,,,2026-08-10,2026-08-20,SWITCH,DIBBS|SPE7L326T168X|0001S00000053,First article test line - not a product line
SPE4A726T569C,0001S00000053,SPE4A726T569C,07-15-2026,07-22-2026,2026-08-21 02:41:27,Origin,Origin,Tech,7017487000,https://dibbs2.bsm.dla.mil/Downloads/RFQ/C/SPE4A726T569C.PDF,https://www.dibbs.bsm.dla.mil/RFQ/RFQRec.aspx?sn=SPE4A726T569C,https://www.dibbs.bsm.dla.mil/rfq/rfqrec.aspx?sn=SPE4A726T569C,SWITCH,15,20260930T161055Z,0001S00000053,CONTRACTOR FIRST ARTIC,G,______,1.0,,,2026-07-15,2026-07-22,SWITCH,DIBBS|SPE4A726T569C|0001S00000053,First article test line - not a product line
SPE7M826T6640,0001S00000053,SPE7M826T6640,09-14-2026,09-24-2026,2026-09-13 03:47:14,Origin,Origin,Tech,7018274773,https://dibbs2.bsm.dla.mil/Downloads/RFQ/0/SPE7M826T6640.PDF,https://www.dibbs.bsm.dla.mil/RFQ/RFQRec.aspx?sn=SPE7M826T6640,https://www.dibbs.bsm.dla.mil/rfq/rfqrec.aspx?sn=SPE7M826T6640,PUSH BUTTON,1,20260930T161129Z,0001S00000053,CONTRACTOR FIRST ARTIC,G,______,1.0,,,2026-09-14,2026-09-24,BOX; PUSH BUTTON,DIBBS|SPE7M826T6640|0001S00000053,First article test line - not a product line
SPE7M826T2767,0001S00000052,SPE7M826T2767,03-19-2026,03-30-2026,2026-08-21 02:41:27,Origin,Origin,Tech,7008668655,https://dibbs2.bsm.dla.mil/Downloads/RFQ/7/SPE7M826T2767.PDF,https://www.dibbs.bsm.dla.mil/RFQ/RFQRec.aspx?sn=SPE7M826T2767,https://www.dibbs.bsm.dla.mil/rfq/rfqrec.aspx?sn=SPE7M826T2767,PUSH BUTTON,1,20260930T161129Z,0001S00000052,GOVERNMENT FIRST ARTIC,C,______,1.0,81755 | C8873-1 | LOCKHEED MARTIN CORPORATION,,2026-03-19,2026-03-30,PUSH BUTTON,DIBBS|SPE7M826T2767|0001S00000052,First article test line - not a product line
SPE4A625T229Y,0001S00000052,SPE4A625T229Y,12-11-2024,12-18-2024,2026-08-21 02:41:27,Origin,Origin,Tech,7010288654,https://dibbs2.bsm.dla.mil/Downloads/RFQ/Y/SPE4A625T229Y.PDF,https://www.dibbs.bsm.dla.mil/RFQ/RFQRec.aspx?sn=SPE4A625T229Y,https://www.dibbs.bsm.dla.mil/rfq/rfqrec.aspx?sn=SPE4A625T229Y,ACTUATOR,1,20260930T161156Z,0001S00000052,GOVERNMENT FIRST ARTIC,G,______,1.0,,,2024-12-11,2024-12-18,ACTUATOR,DIBBS|SPE4A625T229Y|0001S00000052,First article test line - not a product line
SPE4A726Q1113,0001S00000052,SPE4A726Q1113,09-17-2026,10-01-2026,2026-09-17 05:01:40,Origin,Origin,Tech,7016228029,https://dibbs2.bsm.dla.mil/Downloads/RFQ/3/SPE4A726Q1113.PDF,https://www.dibbs.bsm.dla.mil/RFQ/RFQRec.aspx?sn=SPE4A726Q1113,https://www.dibbs.bsm.dla.mil/rfq/rfqrec.aspx?sn=SPE4A726Q1113,ACTUATOR,1,20260930T161156Z,0001S00000052,GOVERNMENT FIRST ARTIC,B,000000,1.0,05624 | SYLC53519 | GE AVIATION SYSTEMS LLC,,2026-09-17,2026-10-01,ACTUATOR; BOX; FUEL; LEGEND; MARKING,DIBBS|SPE4A726Q1113|0001S00000052,First article test line - not a product line
SPE4A726Q1113,0001S00000062,SPE4A726Q1113,09-17-2026,10-01-2026,2026-09-17 05:01:40,Origin,Origin,Tech,7016228029,https://dibbs2.bsm.dla.mil/Downloads/RFQ/3/SPE4A726Q1113.PDF,https://www.dibbs.bsm.dla.mil/RFQ/RFQRec.aspx?sn=SPE4A726Q1113,https://www.dibbs.bsm.dla.mil/rfq/rfqrec.aspx?sn=SPE4A726Q1113,ACTUATOR,1,20260930T161156Z,0001S00000062,PRODUCTION LOT TESTING,B,000000,1.0,05624 | SYLC53519 | GE AVIATION SYSTEMS LLC,,2026-09-17,2026-10-01,ACTUATOR; BOX; FUEL; LEGEND; MARKING,DIBBS|SPE4A726Q1113|0001S00000062,First article test line - not a product line
SPE4A726T721D,0001S00000052,SPE4A726T721D,09-09-2026,09-16-2026,2026-09-08 02:48:49,Origin,Origin,Tech,7017940919,https://dibbs2.bsm.dla.mil/Downloads/RFQ/D/SPE4A726T721D.PDF,https://www.dibbs.bsm.dla.mil/RFQ/RFQRec.aspx?sn=SPE4A726T721D,https://www.dibbs.bsm.dla.mil/rfq/rfqrec.aspx?sn=SPE4A726T721D,ACTUATOR,2,20260930T161213Z,0001S00000052,GOVERNMENT FIRST ARTIC,G,______,1.0,,,2026-09-09,2026-09-16,ACTUATOR,DIBBS|SPE4A726T721D|0001S00000052,First article test line - not a product line
SPE4A526T394J,0001S00000052,SPE4A526T394J,08-28-2026,09-04-2026,2026-08-27 10:49:42,Origin,Origin,Tech,7018068007,https://dibbs2.bsm.dla.mil/Downloads/RFQ/J/SPE4A526T394J.PDF,https://www.dibbs.bsm.dla.mil/RFQ/RFQRec.aspx?sn=SPE4A526T394J,https://www.dibbs.bsm.dla.mil/rfq/rfqrec.aspx?sn=SPE4A526T394J,ACTUATOR,2,20260930T161213Z,0001S00000052,GOVERNMENT FIRST ARTIC,C,______,1.0,"167Y3 | 5004001 | SAFRAN ELECTRONICS & DEFENSE, AVION",,2026-08-28,2026-09-04,ACTUATOR,DIBBS|SPE4A526T394J|0001S00000052,First article test line - not a product line
SPE4A526T307E,0001S00000052,SPE4A526T307E,07-24-2026,07-31-2026,2026-08-21 02:41:27,Origin,Origin,Tech,7017572172,https://dibbs2.bsm.dla.mil/Downloads/RFQ/E/SPE4A526T307E.PDF,https://www.dibbs.bsm.dla.mil/RFQ/RFQRec.aspx?sn=SPE4A526T307E,https://www.dibbs.bsm.dla.mil/rfq/rfqrec.aspx?sn=SPE4A526T307E,ACTUATOR,2,20260930T161213Z,0001S00000052,GOVERNMENT FIRST ARTIC,B,______,1.0,62030 | 549AS446 | 99932	549AS446	MOOG INC.,,2026-07-24,2026-07-31,ACTUATOR,DIBBS|SPE4A526T307E|0001S00000052,First article test line - not a product line
SPE4A526T307E,0001S00000061,SPE4A526T307E,07-24-2026,07-31-2026,2026-08-21 02:41:27,Origin,Origin,Tech,7017572172,https://dibbs2.bsm.dla.mil/Downloads/RFQ/E/SPE4A526T307E.PDF,https://www.dibbs.bsm.dla.mil/RFQ/RFQRec.aspx?sn=SPE4A526T307E,https://www.dibbs.bsm.dla.mil/rfq/rfqrec.aspx?sn=SPE4A526T307E,ACTUATOR,2,20260930T161213Z,0001S00000061,PRODUCTION LOT TESTING,B,______,1.0,62030 | 549AS446 | 99932	549AS446	MOOG INC.,,2026-07-24,2026-07-31,ACTUATOR,DIBBS|SPE4A526T307E|0001S00000061,First article test line - not a product line
SPE7MC26T6024,0001S00000053,SPE7MC26T6024,02-26-2026,03-09-2026,2026-08-21 02:41:27,Origin,Origin,Tech,7015688620,https://dibbs2.bsm.dla.mil/Downloads/RFQ/4/SPE7MC26T6024.PDF,https://www.dibbs.bsm.dla.mil/RFQ/RFQRec.aspx?sn=SPE7MC26T6024,https://www.dibbs.bsm.dla.mil/rfq/rfqrec.aspx?sn=SPE7MC26T6024,ACTUATOR,2,20260930T161213Z,0001S00000053,CONTRACTOR FIRST ARTIC,G,______,1.0,,,2026-02-26,2026-03-09,ACTUATOR,DIBBS|SPE7MC26T6024|0001S00000053,First article test line - not a product line
SPE4A626T83U6,0001S00000052,SPE4A626T83U6,06-09-2026,06-16-2026,2026-08-21 02:41:27,Origin,Origin,Tech,7012491196,https://dibbs2.bsm.dla.mil/Downloads/RFQ/6/SPE4A626T83U6.PDF,https://www.dibbs.bsm.dla.mil/RFQ/RFQRec.aspx?sn=SPE4A626T83U6,https://www.dibbs.bsm.dla.mil/rfq/rfqrec.aspx?sn=SPE4A626T83U6,ACTUATOR,2,20260930T161213Z,0001S00000052,GOVERNMENT FIRST ARTIC,G,______,1.0,,,2026-06-09,2026-06-16,ACTUATOR,DIBBS|SPE4A626T83U6|0001S00000052,First article test line - not a product line
SPE7L426T3904,0001S00000052,SPE7L426T3904,04-23-2026,05-04-2026,2026-08-21 02:41:27,Origin,Origin,Tech,7015891933,https://dibbs2.bsm.dla.mil/Downloads/RFQ/4/SPE7L426T3904.PDF,https://www.dibbs.bsm.dla.mil/RFQ/RFQRec.aspx?sn=SPE7L426T3904,https://www.dibbs.bsm.dla.mil/rfq/rfqrec.aspx?sn=SPE7L426T3904,ACTUATOR,2,20260930T161213Z,0001S00000052,GOVERNMENT FIRST ARTIC,G,______,1.0,,,2026-04-23,2026-05-04,ACTUATOR,DIBBS|SPE7L426T3904|0001S00000052,First article test line - not a product line
SPE4A526T368B,0001S00000052,SPE4A526T368B,08-18-2026,08-25-2026,2026-08-21 02:41:27,Origin,Origin,Tech,7016879177,https://dibbs2.bsm.dla.mil/Downloads/RFQ/B/SPE4A526T368B.PDF,https://www.dibbs.bsm.dla.mil/RFQ/RFQRec.aspx?sn=SPE4A526T368B,https://www.dibbs.bsm.dla.mil/rfq/rfqrec.aspx?sn=SPE4A526T368B,ACTUATOR,2,20260930T161213Z,0001S00000052,GOVERNMENT FIRST ARTIC,C,______,1.0,"167Y3 | 5004001 | SAFRAN ELECTRONICS & DEFENSE, AVION",,2026-08-18,2026-08-25,ACTUATOR,DIBBS|SPE4A526T368B|0001S00000052,First article test line - not a product line
SPE7M426T9213,0001S00000053,SPE7M426T9213,04-03-2026,04-13-2026,2026-08-21 02:41:27,Origin,Origin,Tech,7011111798,https://dibbs2.bsm.dla.mil/Downloads/RFQ/3/SPE7M426T9213.PDF,https://www.dibbs.bsm.dla.mil/RFQ/RFQRec.aspx?sn=SPE7M426T9213,https://www.dibbs.bsm.dla.mil/rfq/rfqrec.aspx?sn=SPE7M426T9213,ACTUATOR,3,20260930T161230Z,0001S00000053,CONTRACTOR FIRST ARTIC,C,______,1.0,1HLQ3 | GMA126.1U | SIEMENS INDUSTRY INC,,2026-04-03,2026-04-13,ACTUATOR,DIBBS|SPE7M426T9213|0001S00000053,First article test line - not a product line
SPE7MC26T162R,0001S00000053,SPE7MC26T162R,07-31-2026,08-10-2026,2026-08-21 02:41:27,Origin,Origin,Tech,7017697685,https://dibbs2.bsm.dla.mil/Downloads/RFQ/R/SPE7MC26T162R.PDF,https://www.dibbs.bsm.dla.mil/RFQ/RFQRec.aspx?sn=SPE7MC26T162R,https://www.dibbs.bsm.dla.mil/rfq/rfqrec.aspx?sn=SPE7MC26T162R,ACTUATOR,3,20260930T161230Z,0001S00000053,CONTRACTOR FIRST ARTIC,G,______,1.0,,,2026-07-31,2026-08-10,ACTUATOR,DIBBS|SPE7MC26T162R|0001S00000053,First article test line - not a product line
SPE4A626T43T0,0001S00000052,SPE4A626T43T0,05-06-2026,05-13-2026,2026-08-21 02:41:27,Origin,Origin,Tech,7016645357,https://dibbs2.bsm.dla.mil/Downloads/RFQ/0/SPE4A626T43T0.PDF,https://www.dibbs.bsm.dla.mil/RFQ/RFQRec.aspx?sn=SPE4A626T43T0,https://www.dibbs.bsm.dla.mil/rfq/rfqrec.aspx?sn=SPE4A626T43T0,ACTUATOR,3,20260930T161230Z,0001S00000052,GOVERNMENT FIRST ARTIC,G,______,1.0,,,2026-05-06,2026-05-13,ACTUATOR,DIBBS|SPE4A626T43T0|0001S00000052,First article test line - not a product line
SPE7L126T383N,0001S00000052,SPE7L126T383N,04-17-2026,04-27-2026,2026-08-21 02:41:27,Origin,Origin,Tech,7003232591,https://dibbs2.bsm.dla.mil/Downloads/RFQ/N/SPE7L126T383N.PDF,https://www.dibbs.bsm.dla.mil/RFQ/RFQRec.aspx?sn=SPE7L126T383N,https://www.dibbs.bsm.dla.mil/rfq/rfqrec.aspx?sn=SPE7L126T383N,ACTUATOR,3,20260930T161230Z,0001S00000052,GOVERNMENT FIRST ARTIC,G,______,1.0,,,2026-04-17,2026-04-27,ACTUATOR,DIBBS|SPE7L126T383N|0001S00000052,First article test line - not a product line
SPE4A726T9548,0001S00000052,SPE4A726T9548,02-20-2026,02-27-2026,2026-08-21 02:41:27,Origin,Origin,Tech,7009862783,https://dibbs2.bsm.dla.mil/Downloads/RFQ/8/SPE4A726T9548.PDF,https://www.dibbs.bsm.dla.mil/RFQ/RFQRec.aspx?sn=SPE4A726T9548,https://www.dibbs.bsm.dla.mil/rfq/rfqrec.aspx?sn=SPE4A726T9548,ACTUATOR,3,20260930T161230Z,0001S00000052,GOVERNMENT FIRST ARTIC,G,______,1.0,,,2026-02-20,2026-02-27,ACTUATOR,DIBBS|SPE4A726T9548|0001S00000052,First article test line - not a product line
SPE4A726T3802,0001S00000053,SPE4A726T3802,11-18-2025,11-25-2025,2026-08-21 02:41:27,Origin,Origin,Tech,7014494734,https://dibbs2.bsm.dla.mil/Downloads/RFQ/2/SPE4A726T3802.PDF,https://www.dibbs.bsm.dla.mil/RFQ/RFQRec.aspx?sn=SPE4A726T3802,https://www.dibbs.bsm.dla.mil/rfq/rfqrec.aspx?sn=SPE4A726T3802,ACTUATOR,3,20260930T161230Z,0001S00000053,CONTRACTOR FIRST ARTIC,G,______,1.0,,,2025-11-18,2025-11-25,ACTUATOR,DIBBS|SPE4A726T3802|0001S00000053,First article test line - not a product line
SPE4A626T12TE,0001S00000053,SPE4A626T12TE,08-06-2026,08-13-2026,2026-08-21 02:41:27,Origin,Origin,Tech,7017741707,https://dibbs2.bsm.dla.mil/Downloads/RFQ/E/SPE4A626T12TE.PDF,https://www.dibbs.bsm.dla.mil/RFQ/RFQRec.aspx?sn=SPE4A626T12TE,https://www.dibbs.bsm.dla.mil/rfq/rfqrec.aspx?sn=SPE4A626T12TE,ACTUATOR,4,20260930T161247Z,0001S00000053,CONTRACTOR FIRST ARTIC,G,______,1.0,,,2026-08-06,2026-08-13,ACTUATOR,DIBBS|SPE4A626T12TE|0001S00000053,First article test line - not a product line
SPE4A726T7123,0001S00000052,SPE4A726T7123,01-07-2026,01-14-2026,2026-08-21 02:41:27,Origin,Origin,None,7014495636,https://dibbs2.bsm.dla.mil/Downloads/RFQ/3/SPE4A726T7123.PDF,https://www.dibbs.bsm.dla.mil/RFQ/RFQRec.aspx?sn=SPE4A726T7123,https://www.dibbs.bsm.dla.mil/rfq/rfqrec.aspx?sn=SPE4A726T7123,ACTUATOR,4,20260930T161247Z,0001S00000052,GOVERNMENT FIRST ARTIC,R,______,1.0,"3V697 | CA67787-001 | 45934	CA67787-001	ONTIC ENGINEERING & MANUFACTURING,",,2026-01-07,2026-01-14,ACTUATOR,DIBBS|SPE4A726T7123|0001S00000052,First article test line - not a product line
SPE4A526T388D,0001S00000053,SPE4A526T388D,08-26-2026,09-02-2026,2026-08-25 02:32:52,Origin,Origin,Tech,7017912204,https://dibbs2.bsm.dla.mil/Downloads/RFQ/D/SPE4A526T388D.PDF,https://www.dibbs.bsm.dla.mil/RFQ/RFQRec.aspx?sn=SPE4A526T388D,https://www.dibbs.bsm.dla.mil/rfq/rfqrec.aspx?sn=SPE4A526T388D,ACTUATOR,5,20260930T161304Z,0001S00000053,CONTRACTOR FIRST ARTIC,P,______,1.0,06848 | 2669845 | HONEYWELL INTERNATIONAL INC,,2026-08-26,2026-09-02,ACTUATOR,DIBBS|SPE4A526T388D|0001S00000053,First article test line - not a product line
SPE4A626T8572,0001S00000052,SPE4A626T8572,11-06-2025,11-13-2025,2026-08-21 02:41:27,Origin,Origin,Tech,7014409021,https://dibbs2.bsm.dla.mil/Downloads/RFQ/2/SPE4A626T8572.PDF,https://www.dibbs.bsm.dla.mil/RFQ/RFQRec.aspx?sn=SPE4A626T8572,https://www.dibbs.bsm.dla.mil/rfq/rfqrec.aspx?sn=SPE4A626T8572,ACTUATOR,5,20260930T161304Z,0001S00000052,GOVERNMENT FIRST ARTIC,G,______,1.0,,,2025-11-06,2025-11-13,ACTUATOR,DIBBS|SPE4A626T8572|0001S00000052,First article test line - not a product line
SPE7L126T980F,0001S00000052,SPE7L126T980F,08-18-2026,08-28-2026,2026-08-21 02:41:27,Origin,Origin,Tech,7012191892,https://dibbs2.bsm.dla.mil/Downloads/RFQ/F/SPE7L126T980F.PDF,https://www.dibbs.bsm.dla.mil/RFQ/RFQRec.aspx?sn=SPE7L126T980F,https://www.dibbs.bsm.dla.mil/rfq/rfqrec.aspx?sn=SPE7L126T980F,ACTUATOR,5,20260930T161304Z,0001S00000052,GOVERNMENT FIRST ARTIC,M,______,1.0,"3H339 | 16T9165-7 | RADIUS AEROSPACE, INC.",,2026-08-18,2026-08-28,ACTUATOR,DIBBS|SPE7L126T980F|0001S00000052,First article test line - not a product line
SPE4A725T369P,0001S00000052,SPE4A725T369P,05-14-2025,05-21-2025,2026-08-21 02:41:27,Origin,Origin,Tech,7012250258,https://dibbs2.bsm.dla.mil/Downloads/RFQ/P/SPE4A725T369P.PDF,https://www.dibbs.bsm.dla.mil/RFQ/RFQRec.aspx?sn=SPE4A725T369P,https://www.dibbs.bsm.dla.mil/rfq/rfqrec.aspx?sn=SPE4A725T369P,ACTUATOR,5,20260930T161304Z,0001S00000052,GOVERNMENT FIRST ARTIC,G,______,1.0,,,2025-05-14,2025-05-21,ACTUATOR,DIBBS|SPE4A725T369P|0001S00000052,First article test line - not a product line
SPE7L326T094Z,0001S00000053,SPE7L326T094Z,06-30-2026,07-10-2026,2026-08-21 02:41:27,Origin,Origin,Tech,7017315824,https://dibbs2.bsm.dla.mil/Downloads/RFQ/Z/SPE7L326T094Z.PDF,https://www.dibbs.bsm.dla.mil/RFQ/RFQRec.aspx?sn=SPE7L326T094Z,https://www.dibbs.bsm.dla.mil/rfq/rfqrec.aspx?sn=SPE7L326T094Z,ACTUATOR,5,20260930T161304Z,0001S00000053,CONTRACTOR FIRST ARTIC,G,______,1.0,,,2026-06-30,2026-07-10,ACTUATOR,DIBBS|SPE7L326T094Z|0001S00000053,First article test line - not a product line
SPE4A726T3089,0001S00000052,SPE4A726T3089,11-14-2025,11-21-2025,2026-08-21 02:41:27,Origin,Origin,Tech,7014487769,https://dibbs2.bsm.dla.mil/Downloads/RFQ/9/SPE4A726T3089.PDF,https://www.dibbs.bsm.dla.mil/RFQ/RFQRec.aspx?sn=SPE4A726T3089,https://www.dibbs.bsm.dla.mil/rfq/rfqrec.aspx?sn=SPE4A726T3089,ACTUATOR,5,20260930T161304Z,0001S00000052,GOVERNMENT FIRST ARTIC,G,______,1.0,,,2025-11-14,2025-11-21,ACTUATOR,DIBBS|SPE4A726T3089|0001S00000052,First article test line - not a product line
SPE7MC26Q0428,0001S00000053,SPE7MC26Q0428,09-04-2026,09-16-2026,2026-09-03 10:55:07,Origin,Origin,None,7009461689,https://dibbs2.bsm.dla.mil/Downloads/RFQ/8/SPE7MC26Q0428.PDF,https://www.dibbs.bsm.dla.mil/RFQ/RFQRec.aspx?sn=SPE7MC26Q0428,https://www.dibbs.bsm.dla.mil/rfq/rfqrec.aspx?sn=SPE7MC26Q0428,PLATE,1,20260930T161322Z,0001S00000053,CONTRACTOR FIRST ARTIC,C,000000,1.0,92555 | FSHX0512400B | THE LEE CO,,2026-09-04,2026-09-16,BOX; FUEL; PLATE,DIBBS|SPE7MC26Q0428|0001S00000053,First article test line - not a product line
SPE4A726T3293,0001S00000052,SPE4A726T3293,11-14-2025,11-21-2025,2026-08-21 02:41:27,Origin,Origin,Tech,7014491252,https://dibbs2.bsm.dla.mil/Downloads/RFQ/3/SPE4A726T3293.PDF,https://www.dibbs.bsm.dla.mil/RFQ/RFQRec.aspx?sn=SPE4A726T3293,https://www.dibbs.bsm.dla.mil/rfq/rfqrec.aspx?sn=SPE4A726T3293,PLATE,1,20260930T161322Z,0001S00000052,GOVERNMENT FIRST ARTIC,G,______,1.0,,,2025-11-14,2025-11-21,PLATE,DIBBS|SPE4A726T3293|0001S00000052,First article test line - not a product line
SPE4A726T800K,0001S00000053,SPE4A726T800K,09-29-2026,10-06-2026,2026-09-28 02:46:50,Origin,Origin,None,7018248532,https://dibbs2.bsm.dla.mil/Downloads/RFQ/K/SPE4A726T800K.PDF,https://www.dibbs.bsm.dla.mil/RFQ/RFQRec.aspx?sn=SPE4A726T800K,https://www.dibbs.bsm.dla.mil/rfq/rfqrec.aspx?sn=SPE4A726T800K,PLATE,2,20260930T161339Z,0001S00000053,CONTRACTOR FIRST ARTIC,C,______,1.0,0NFB8 | 4J12065-352A | DIALOGIC CORP,,2026-09-29,2026-10-06,PLATE,DIBBS|SPE4A726T800K|0001S00000053,First article test line - not a product line
SPE4A726T789B,0001S00000052,SPE4A726T789B,09-24-2026,10-01-2026,2026-09-23 04:54:57,Origin,Origin,Tech,7018458904,https://dibbs2.bsm.dla.mil/Downloads/RFQ/B/SPE4A726T789B.PDF,https://www.dibbs.bsm.dla.mil/RFQ/RFQRec.aspx?sn=SPE4A726T789B,https://www.dibbs.bsm.dla.mil/rfq/rfqrec.aspx?sn=SPE4A726T789B,PLATE,3,20260930T161357Z,0001S00000052,GOVERNMENT FIRST ARTIC,G,______,1.0,,,2026-09-24,2026-10-01,PLATE,DIBBS|SPE4A726T789B|0001S00000052,First article test line - not a product line
SPE4A726T785J,0001S00000052,SPE4A726T785J,09-23-2026,09-30-2026,2026-09-22 06:34:55,Origin,Origin,Tech,7018249465,https://dibbs2.bsm.dla.mil/Downloads/RFQ/J/SPE4A726T785J.PDF,https://www.dibbs.bsm.dla.mil/RFQ/RFQRec.aspx?sn=SPE4A726T785J,https://www.dibbs.bsm.dla.mil/rfq/rfqrec.aspx?sn=SPE4A726T785J,PLATE,3,20260930T161357Z,0001S00000052,GOVERNMENT FIRST ARTIC,G,______,1.0,,,2026-09-23,2026-09-30,PLATE,DIBBS|SPE4A726T785J|0001S00000052,First article test line - not a product line
SPE4A626T30YT,0001S00000052,SPE4A626T30YT,09-17-2026,09-24-2026,2026-09-16 09:12:12,Origin,Origin,Tech,7018378018,https://dibbs2.bsm.dla.mil/Downloads/RFQ/T/SPE4A626T30YT.PDF,https://www.dibbs.bsm.dla.mil/RFQ/RFQRec.aspx?sn=SPE4A626T30YT,https://www.dibbs.bsm.dla.mil/rfq/rfqrec.aspx?sn=SPE4A626T30YT,PLATE,4,20260930T161415Z,0001S00000052,GOVERNMENT FIRST ARTIC,C,______,1.0,15653 | MF19058-5-4 | HOWMET GLOBAL FASTENING SYSTEMS INC,,2026-09-17,2026-09-24,PLATE,DIBBS|SPE4A626T30YT|0001S00000052,First article test line - not a product line
SPE7L126T11M5,0001S00000053,SPE7L126T11M5,09-14-2026,09-24-2026,2026-09-13 03:47:14,Origin,Origin,Tech,7018274203,https://dibbs2.bsm.dla.mil/Downloads/RFQ/5/SPE7L126T11M5.PDF,https://www.dibbs.bsm.dla.mil/RFQ/RFQRec.aspx?sn=SPE7L126T11M5,https://www.dibbs.bsm.dla.mil/rfq/rfqrec.aspx?sn=SPE7L126T11M5,PLATE,4,20260930T161415Z,0001S00000053,CONTRACTOR FIRST ARTIC,G,______,1.0,,,2026-09-14,2026-09-24,PLATE,DIBBS|SPE7L126T11M5|0001S00000053,First article test line - not a product line
SPE7L326T250H,0001S00000053,SPE7L326T250H,09-14-2026,09-24-2026,2026-09-13 03:47:14,Origin,Origin,Tech,7014422417,https://dibbs2.bsm.dla.mil/Downloads/RFQ/H/SPE7L326T250H.PDF,https://www.dibbs.bsm.dla.mil/RFQ/RFQRec.aspx?sn=SPE7L326T250H,https://www.dibbs.bsm.dla.mil/rfq/rfqrec.aspx?sn=SPE7L326T250H,PLATE,4,20260930T161415Z,0001S00000053,CONTRACTOR FIRST ARTIC,G,______,1.0,,,2026-09-14,2026-09-24,PLATE,DIBBS|SPE7L326T250H|0001S00000053,First article test line - not a product line
SPE4A626T27XB,0001S00000053,SPE4A626T27XB,09-10-2026,09-17-2026,2026-09-09 05:18:40,Origin,Origin,Tech,7018247912,https://dibbs2.bsm.dla.mil/Downloads/RFQ/B/SPE4A626T27XB.PDF,https://www.dibbs.bsm.dla.mil/RFQ/RFQRec.aspx?sn=SPE4A626T27XB,https://www.dibbs.bsm.dla.mil/rfq/rfqrec.aspx?sn=SPE4A626T27XB,PLATE,5,20260930T161433Z,0001S00000053,CONTRACTOR FIRST ARTIC,B,______,1.0,73195 | 50339 | ACCURIDE CORPORATION,,2026-09-10,2026-09-17,PLATE,DIBBS|SPE4A626T27XB|0001S00000053,First article test line - not a product line
SPE4A726T724J,0001S00000052,SPE4A726T724J,09-10-2026,09-17-2026,2026-09-09 05:18:39,Origin,Origin,Tech,7018248534,https://dibbs2.bsm.dla.mil/Downloads/RFQ/J/SPE4A726T724J.PDF,https://www.dibbs.bsm.dla.mil/RFQ/RFQRec.aspx?sn=SPE4A726T724J,https://www.dibbs.bsm.dla.mil/rfq/rfqrec.aspx?sn=SPE4A726T724J,PLATE,5,20260930T161433Z,0001S00000052,GOVERNMENT FIRST ARTIC,C,______,1.0,0NFB8 | 4J12065-344A | DIALOGIC CORP,,2026-09-10,2026-09-17,PLATE,DIBBS|SPE4A726T724J|0001S00000052,First article test line - not a product line
SPE4A626T27KK,0001S00000052,SPE4A626T27KK,09-10-2026,09-17-2026,2026-09-09 03:19:40,Origin,Origin,Tech,7018249354,https://dibbs2.bsm.dla.mil/Downloads/RFQ/K/SPE4A626T27KK.PDF,https://www.dibbs.bsm.dla.mil/RFQ/RFQRec.aspx?sn=SPE4A626T27KK,https://www.dibbs.bsm.dla.mil/rfq/rfqrec.aspx?sn=SPE4A626T27KK,PLATE,5,20260930T161433Z,0001S00000052,GOVERNMENT FIRST ARTIC,C,______,1.0,52661 | 314106 | RTX CORPORATION,,2026-09-10,2026-09-17,PLATE,DIBBS|SPE4A626T27KK|0001S00000052,First article test line - not a product line
SPE7M426Q0977,0001S00000052,SPE7M426Q0977,09-04-2026,09-17-2026,2026-09-03 11:43:45,Origin,Origin,Tech,7017233333,https://dibbs2.bsm.dla.mil/Downloads/RFQ/7/SPE7M426Q0977.PDF,https://www.dibbs.bsm.dla.mil/RFQ/RFQRec.aspx?sn=SPE7M426Q0977,https://www.dibbs.bsm.dla.mil/rfq/rfqrec.aspx?sn=SPE7M426Q0977,PLATE,5,20260930T161433Z,0001S00000052,GOVERNMENT FIRST ARTIC,G,333310,1.0,,,2026-09-04,2026-09-17,FUEL; PLATE,DIBBS|SPE7M426Q0977|0001S00000052,First article test line - not a product line
SPE7M426Q0977,0001S00000061,SPE7M426Q0977,09-04-2026,09-17-2026,2026-09-03 11:43:45,Origin,Origin,Tech,7017233333,https://dibbs2.bsm.dla.mil/Downloads/RFQ/7/SPE7M426Q0977.PDF,https://www.dibbs.bsm.dla.mil/RFQ/RFQRec.aspx?sn=SPE7M426Q0977,https://www.dibbs.bsm.dla.mil/rfq/rfqrec.aspx?sn=SPE7M426Q0977,PLATE,5,20260930T161433Z,0001S00000061,PRODUCTION LOT TESTING,G,333310,1.0,,,2026-09-04,2026-09-17,FUEL; PLATE,DIBBS|SPE7M426Q0977|0001S00000061,First article test line - not a product line
SPE8E726T3751,0001S00000061,SPE8E726T3751,09-03-2026,09-14-2026,2026-09-02 02:37:37,Origin,Origin,Tech,7018161565,https://dibbs2.bsm.dla.mil/Downloads/RFQ/1/SPE8E726T3751.PDF,https://www.dibbs.bsm.dla.mil/RFQ/RFQRec.aspx?sn=SPE8E726T3751,https://www.dibbs.bsm.dla.mil/rfq/rfqrec.aspx?sn=SPE8E726T3751,PLATE,5,20260930T161433Z,0001S00000061,PRODUCTION LOT TESTING,G,______,1.0,,,2026-09-03,2026-09-14,PLATE,DIBBS|SPE8E726T3751|0001S00000061,First article test line - not a product line
SPE4A726T690R,0001S00000062,SPE4A726T690R,08-26-2026,09-02-2026,2026-08-25 11:59:53,Origin,Origin,Tech,7018036819,https://dibbs2.bsm.dla.mil/Downloads/RFQ/R/SPE4A726T690R.PDF,https://www.dibbs.bsm.dla.mil/RFQ/RFQRec.aspx?sn=SPE4A726T690R,https://www.dibbs.bsm.dla.mil/rfq/rfqrec.aspx?sn=SPE4A726T690R,PLATE,6,20260930T161451Z,0001S00000062,PRODUCTION LOT TESTING,G,______,1.0,,,2026-08-26,2026-09-02,PLATE,DIBBS|SPE4A726T690R|0001S00000062,First article test line - not a product line
SPE4A626T22BA,0001S00000053,SPE4A626T22BA,08-25-2026,09-01-2026,2026-08-24 05:40:36,Origin,Origin,Tech,7017837590,https://dibbs2.bsm.dla.mil/Downloads/RFQ/A/SPE4A626T22BA.PDF,https://www.dibbs.bsm.dla.mil/RFQ/RFQRec.aspx?sn=SPE4A626T22BA,https://www.dibbs.bsm.dla.mil/rfq/rfqrec.aspx?sn=SPE4A626T22BA,PLATE,6,20260930T161451Z,0001S00000053,CONTRACTOR FIRST ARTIC,G,______,1.0,,,2026-08-25,2026-09-01,PLATE,DIBBS|SPE4A626T22BA|0001S00000053,First article test line - not a product line
SPE4A726T402D,0001S00000052,SPE4A726T402D,05-22-2026,05-29-2026,2026-08-21 02:41:27,Origin,Origin,Tech,7015475498,https://dibbs2.bsm.dla.mil/Downloads/RFQ/D/SPE4A726T402D.PDF,https://www.dibbs.bsm.dla.mil/RFQ/RFQRec.aspx?sn=SPE4A726T402D,https://www.dibbs.bsm.dla.mil/rfq/rfqrec.aspx?sn=SPE4A726T402D,PLATE,6,20260930T161451Z,0001S00000052,GOVERNMENT FIRST ARTIC,C,______,1.0,0C7H8 | 35-16123-3 | D-J ENGINEERING INC,,2026-05-22,2026-05-29,PLATE,DIBBS|SPE4A726T402D|0001S00000052,First article test line - not a product line
SPE4A726T457Q,0001S00000052,SPE4A726T457Q,06-05-2026,06-12-2026,2026-08-21 02:41:27,Origin,Origin,Tech,7016787595,https://dibbs2.bsm.dla.mil/Downloads/RFQ/Q/SPE4A726T457Q.PDF,https://www.dibbs.bsm.dla.mil/RFQ/RFQRec.aspx?sn=SPE4A726T457Q,https://www.dibbs.bsm.dla.mil/rfq/rfqrec.aspx?sn=SPE4A726T457Q,PLATE,6,20260930T161451Z,0001S00000052,GOVERNMENT FIRST ARTIC,G,______,1.0,,,2026-06-05,2026-06-12,PLATE,DIBBS|SPE4A726T457Q|0001S00000052,First article test line - not a product line
SPE7L126T511X,0001S00000053,SPE7L126T511X,05-08-2026,05-18-2026,2026-08-21 02:41:27,Origin,Origin,Tech,7016690427,https://dibbs2.bsm.dla.mil/Downloads/RFQ/X/SPE7L126T511X.PDF,https://www.dibbs.bsm.dla.mil/RFQ/RFQRec.aspx?sn=SPE7L126T511X,https://www.dibbs.bsm.dla.mil/rfq/rfqrec.aspx?sn=SPE7L126T511X,PLATE,6,20260930T161451Z,0001S00000053,CONTRACTOR FIRST ARTIC,G,______,1.0,,,2026-05-08,2026-05-18,PLATE,DIBBS|SPE7L126T511X|0001S00000053,First article test line - not a product line
SPE7M526T105L,0001S00000052,SPE7M526T105L,05-01-2026,05-11-2026,2026-08-21 02:41:27,Origin,Origin,Tech,7015697190,https://dibbs2.bsm.dla.mil/Downloads/RFQ/L/SPE7M526T105L.PDF,https://www.dibbs.bsm.dla.mil/RFQ/RFQRec.aspx?sn=SPE7M526T105L,https://www.dibbs.bsm.dla.mil/rfq/rfqrec.aspx?sn=SPE7M526T105L,PLATE,6,20260930T161451Z,0001S00000052,GOVERNMENT FIRST ARTIC,G,______,1.0,,,2026-05-01,2026-05-11,PLATE,DIBBS|SPE7M526T105L|0001S00000052,First article test line - not a product line
SPE4A626T33V6,0001S00000052,SPE4A626T33V6,04-24-2026,05-01-2026,2026-08-21 02:41:27,Origin,Origin,Tech,7016041343,https://dibbs2.bsm.dla.mil/Downloads/RFQ/6/SPE4A626T33V6.PDF,https://www.dibbs.bsm.dla.mil/RFQ/RFQRec.aspx?sn=SPE4A626T33V6,https://www.dibbs.bsm.dla.mil/rfq/rfqrec.aspx?sn=SPE4A626T33V6,PLATE,6,20260930T161451Z,0001S00000052,GOVERNMENT FIRST ARTIC,C,______,1.0,"24235 | 27614 | WILLIAMS INTERNATIONAL CO., L.L.C.",,2026-04-24,2026-05-01,PLATE,DIBBS|SPE4A626T33V6|0001S00000052,First article test line - not a product line
SPE8E526T2881,0001S00000053,SPE8E526T2881,05-15-2026,05-26-2026,2026-08-21 02:41:27,Destination,Origin,Tech,7016771789,https://dibbs2.bsm.dla.mil/Downloads/RFQ/1/SPE8E526T2881.PDF,https://www.dibbs.bsm.dla.mil/RFQ/RFQRec.aspx?sn=SPE8E526T2881,https://www.dibbs.bsm.dla.mil/rfq/rfqrec.aspx?sn=SPE8E526T2881,PLATE,6,20260930T161451Z,0001S00000053,CONTRACTOR FIRST ARTIC,G,______,1.0,,,2026-05-15,2026-05-26,PLATE,DIBBS|SPE8E526T2881|0001S00000053,First article test line - not a product line
SPE7L126T628U,0001S00000053,SPE7L126T628U,05-29-2026,06-08-2026,2026-08-21 02:41:27,Origin,Origin,Tech,7012653504,https://dibbs2.bsm.dla.mil/Downloads/RFQ/U/SPE7L126T628U.PDF,https://www.dibbs.bsm.dla.mil/RFQ/RFQRec.aspx?sn=SPE7L126T628U,https://www.dibbs.bsm.dla.mil/rfq/rfqrec.aspx?sn=SPE7L126T628U,PLATE,7,20260930T161509Z,0001S00000053,CONTRACTOR FIRST ARTIC,G,______,1.0,,,2026-05-29,2026-06-08,PLATE,DIBBS|SPE7L126T628U|0001S00000053,First article test line - not a product line
SPE7L126T0946,0001S00000053,SPE7L126T0946,10-10-2025,10-20-2025,2026-08-21 02:41:27,Origin,Origin,Tech,7013312962,https://dibbs2.bsm.dla.mil/Downloads/RFQ/6/SPE7L126T0946.PDF,https://www.dibbs.bsm.dla.mil/RFQ/RFQRec.aspx?sn=SPE7L126T0946,https://www.dibbs.bsm.dla.mil/rfq/rfqrec.aspx?sn=SPE7L126T0946,PLATE,7,20260930T161509Z,0001S00000053,CONTRACTOR FIRST ARTIC,G,______,1.0,,,2025-10-10,2025-10-20,PLATE,DIBBS|SPE7L126T0946|0001S00000053,First article test line - not a product line
SPE4A726T359J,0001S00000052,SPE4A726T359J,05-15-2026,05-22-2026,2026-08-21 02:41:27,Origin,Origin,Tech,7016645154,https://dibbs2.bsm.dla.mil/Downloads/RFQ/J/SPE4A726T359J.PDF,https://www.dibbs.bsm.dla.mil/RFQ/RFQRec.aspx?sn=SPE4A726T359J,https://www.dibbs.bsm.dla.mil/rfq/rfqrec.aspx?sn=SPE4A726T359J,PLATE,7,20260930T161509Z,0001S00000052,GOVERNMENT FIRST ARTIC,G,______,1.0,,,2026-05-15,2026-05-22,PLATE,DIBBS|SPE4A726T359J|0001S00000052,First article test line - not a product line
SPE4A726T349W,0001S00000052,SPE4A726T349W,05-14-2026,05-21-2026,2026-08-21 02:41:27,Origin,Origin,Tech,7016081372,https://dibbs2.bsm.dla.mil/Downloads/RFQ/W/SPE4A726T349W.PDF,https://www.dibbs.bsm.dla.mil/RFQ/RFQRec.aspx?sn=SPE4A726T349W,https://www.dibbs.bsm.dla.mil/rfq/rfqrec.aspx?sn=SPE4A726T349W,PLATE,7,20260930T161509Z,0001S00000052,GOVERNMENT FIRST ARTIC,G,______,1.0,,,2026-05-14,2026-05-21,PLATE,DIBBS|SPE4A726T349W|0001S00000052,First article test line - not a product line
SPE4A726T3305,0001S00000053,SPE4A726T3305,11-14-2025,11-21-2025,2026-08-21 02:41:27,Origin,Origin,Tech,7014492557,https://dibbs2.bsm.dla.mil/Downloads/RFQ/5/SPE4A726T3305.PDF,https://www.dibbs.bsm.dla.mil/RFQ/RFQRec.aspx?sn=SPE4A726T3305,https://www.dibbs.bsm.dla.mil/rfq/rfqrec.aspx?sn=SPE4A726T3305,PLATE,8,20260930T161527Z,0001S00000053,CONTRACTOR FIRST ARTIC,C,______,1.0,"2T575 | 4058189 | PARAMOUNT MACHINE COMPANY, INC.",,2025-11-14,2025-11-21,PLATE,DIBBS|SPE4A726T3305|0001S00000053,First article test line - not a product line
SPE7L125T600S,0001S00000053,SPE7L125T600S,06-06-2025,06-16-2025,2026-08-21 02:41:27,Origin,Origin,Tech,7012540060,https://dibbs2.bsm.dla.mil/Downloads/RFQ/S/SPE7L125T600S.PDF,https://www.dibbs.bsm.dla.mil/RFQ/RFQRec.aspx?sn=SPE7L125T600S,https://www.dibbs.bsm.dla.mil/rfq/rfqrec.aspx?sn=SPE7L125T600S,PLATE,8,20260930T161527Z,0001S00000053,CONTRACTOR FIRST ARTIC,G,______,1.0,,,2025-06-06,2025-06-16,PLATE,DIBBS|SPE7L125T600S|0001S00000053,First article test line - not a product line
SPE8E426T1842,0001S00000053,SPE8E426T1842,06-18-2026,06-29-2026,2026-08-21 02:41:27,Origin,Origin,Tech,7016179945,https://dibbs2.bsm.dla.mil/Downloads/RFQ/2/SPE8E426T1842.PDF,https://www.dibbs.bsm.dla.mil/RFQ/RFQRec.aspx?sn=SPE8E426T1842,https://www.dibbs.bsm.dla.mil/rfq/rfqrec.aspx?sn=SPE8E426T1842,PLATE,8,20260930T161527Z,0001S00000053,CONTRACTOR FIRST ARTIC,G,______,1.0,,,2026-06-18,2026-06-29,PLATE,DIBBS|SPE8E426T1842|0001S00000053,First article test line - not a product line
SPE8E626T2266,0001S00000062,SPE8E626T2266,04-03-2026,04-13-2026,2026-08-21 02:41:27,Origin,Origin,Tech,7016179429,https://dibbs2.bsm.dla.mil/Downloads/RFQ/6/SPE8E626T2266.PDF,https://www.dibbs.bsm.dla.mil/RFQ/RFQRec.aspx?sn=SPE8E626T2266,https://www.dibbs.bsm.dla.mil/rfq/rfqrec.aspx?sn=SPE8E626T2266,PLATE,8,20260930T161527Z,0001S00000062,PRODUCTION LOT TESTING,G,______,1.0,,,2026-04-03,2026-04-13,PLATE,DIBBS|SPE8E626T2266|0001S00000062,First article test line - not a product line
SPE4A726T398N,0001S00000052,SPE4A726T398N,05-21-2026,05-28-2026,2026-08-21 02:41:27,Origin,Origin,Tech,7016880444,https://dibbs2.bsm.dla.mil/Downloads/RFQ/N/SPE4A726T398N.PDF,https://www.dibbs.bsm.dla.mil/RFQ/RFQRec.aspx?sn=SPE4A726T398N,https://www.dibbs.bsm.dla.mil/rfq/rfqrec.aspx?sn=SPE4A726T398N,PLATE,8,20260930T161527Z,0001S00000052,GOVERNMENT FIRST ARTIC,G,______,1.0,,,2026-05-21,2026-05-28,PLATE,DIBBS|SPE4A726T398N|0001S00000052,First article test line - not a product line
SPE4A626T13VM,0001S00000053,SPE4A626T13VM,08-06-2026,08-13-2026,2026-08-21 02:41:27,Origin,Origin,Tech,7017356009,https://dibbs2.bsm.dla.mil/Downloads/RFQ/M/SPE4A626T13VM.PDF,https://www.dibbs.bsm.dla.mil/RFQ/RFQRec.aspx?sn=SPE4A626T13VM,https://www.dibbs.bsm.dla.mil/rfq/rfqrec.aspx?sn=SPE4A626T13VM,PLATE,8,20260930T161527Z,0001S00000053,CONTRACTOR FIRST ARTIC,G,______,1.0,,,2026-08-06,2026-08-13,PLATE,DIBBS|SPE4A626T13VM|0001S00000053,First article test line - not a product line
SPE7L126T809C,0001S00000053,SPE7L126T809C,07-10-2026,07-20-2026,2026-08-21 02:41:27,Origin,Origin,Tech,7017436955,https://dibbs2.bsm.dla.mil/Downloads/RFQ/C/SPE7L126T809C.PDF,https://www.dibbs.bsm.dla.mil/RFQ/RFQRec.aspx?sn=SPE7L126T809C,https://www.dibbs.bsm.dla.mil/rfq/rfqrec.aspx?sn=SPE7L126T809C,PLATE,9,20260930T161545Z,0001S00000053,CONTRACTOR FIRST ARTIC,G,______,1.0,,,2026-07-10,2026-07-20,PLATE,DIBBS|SPE7L126T809C|0001S00000053,First article test line - not a product line
SPE7M426T240S,0001S00000053,SPE7M426T240S,07-10-2026,07-20-2026,2026-08-21 02:41:27,Origin,Origin,Tech,7017438049,https://dibbs2.bsm.dla.mil/Downloads/RFQ/S/SPE7M426T240S.PDF,https://www.dibbs.bsm.dla.mil/RFQ/RFQRec.aspx?sn=SPE7M426T240S,https://www.dibbs.bsm.dla.mil/rfq/rfqrec.aspx?sn=SPE7M426T240S,PLATE,9,20260930T161545Z,0001S00000053,CONTRACTOR FIRST ARTIC,G,______,1.0,,,2026-07-10,2026-07-20,PLATE,DIBBS|SPE7M426T240S|0001S00000053,First article test line - not a product line
SPE8E626Q0576,0001S00000053,SPE8E626Q0576,07-21-2026,07-28-2026,2026-08-21 02:41:27,Origin,Origin,Tech,7017368309,https://dibbs2.bsm.dla.mil/Downloads/RFQ/6/SPE8E626Q0576.PDF,https://www.dibbs.bsm.dla.mil/RFQ/RFQRec.aspx?sn=SPE8E626Q0576,https://www.dibbs.bsm.dla.mil/rfq/rfqrec.aspx?sn=SPE8E626Q0576,PLATE,9,20260930T161545Z,0001S00000053,CONTRACTOR FIRST ARTIC,C,000000,1.0,No | Data | found,,2026-07-21,2026-07-28,BOX; FUEL; PLATE,DIBBS|SPE8E626Q0576|0001S00000053,First article test line - not a product line
SPE4A726T573L,0001S00000052,SPE4A726T573L,07-16-2026,07-23-2026,2026-08-21 02:41:27,Origin,Origin,None,7017505911,https://dibbs2.bsm.dla.mil/Downloads/RFQ/L/SPE4A726T573L.PDF,https://www.dibbs.bsm.dla.mil/RFQ/RFQRec.aspx?sn=SPE4A726T573L,https://www.dibbs.bsm.dla.mil/rfq/rfqrec.aspx?sn=SPE4A726T573L,PLATE,9,20260930T161545Z,0001S00000052,GOVERNMENT FIRST ARTIC,M,______,1.0,81755 | 16S278-11 | LOCKHEED MARTIN CORPORATION,,2026-07-16,2026-07-23,PLATE,DIBBS|SPE4A726T573L|0001S00000052,First article test line - not a product line
SPE4A726T036X,0001S00000052,SPE4A726T036X,03-03-2026,03-10-2026,2026-08-21 02:41:27,Origin,Origin,Tech,7014383952,https://dibbs2.bsm.dla.mil/Downloads/RFQ/X/SPE4A726T036X.PDF,https://www.dibbs.bsm.dla.mil/RFQ/RFQRec.aspx?sn=SPE4A726T036X,https://www.dibbs.bsm.dla.mil/rfq/rfqrec.aspx?sn=SPE4A726T036X,PLATE,9,20260930T161545Z,0001S00000052,GOVERNMENT FIRST ARTIC,G,______,1.0,,,2026-03-03,2026-03-10,PLATE,DIBBS|SPE4A726T036X|0001S00000052,First article test line - not a product line
SPE7L126T9916,0001S00000053,SPE7L126T9916,01-14-2026,01-26-2026,2026-08-21 02:41:27,Origin,Origin,Tech,7015087605,https://dibbs2.bsm.dla.mil/Downloads/RFQ/6/SPE7L126T9916.PDF,https://www.dibbs.bsm.dla.mil/RFQ/RFQRec.aspx?sn=SPE7L126T9916,https://www.dibbs.bsm.dla.mil/rfq/rfqrec.aspx?sn=SPE7L126T9916,PLATE,10,20260930T161603Z,0001S00000053,CONTRACTOR FIRST ARTIC,G,______,1.0,,,2026-01-14,2026-01-26,PLATE,DIBBS|SPE7L126T9916|0001S00000053,First article test line - not a product line
SPE4A726T637U,0001S00000052,SPE4A726T637U,08-11-2026,08-18-2026,2026-08-21 02:41:27,Origin,Origin,Tech,7016846479,https://dibbs2.bsm.dla.mil/Downloads/RFQ/U/SPE4A726T637U.PDF,https://www.dibbs.bsm.dla.mil/RFQ/RFQRec.aspx?sn=SPE4A726T637U,https://www.dibbs.bsm.dla.mil/rfq/rfqrec.aspx?sn=SPE4A726T637U,PLATE,10,20260930T161603Z,0001S00000052,GOVERNMENT FIRST ARTIC,C,______,1.0,0NFB8 | 4J12065-344A | DIALOGIC CORP,,2026-08-11,2026-08-18,PLATE,DIBBS|SPE4A726T637U|0001S00000052,First article test line - not a product line
SPE4A126T0283,0001S00000053,SPE4A126T0283,10-23-2025,10-30-2025,2026-08-21 02:41:27,Origin,Origin,Tech,7010385897,https://dibbs2.bsm.dla.mil/Downloads/RFQ/3/SPE4A126T0283.PDF,https://www.dibbs.bsm.dla.mil/RFQ/RFQRec.aspx?sn=SPE4A126T0283,https://www.dibbs.bsm.dla.mil/rfq/rfqrec.aspx?sn=SPE4A126T0283,PLATE,10,20260930T161603Z,0001S00000053,CONTRACTOR FIRST ARTIC,C,______,1.0,99193 | 2-121-075-36 | HONEYWELL INTERNATIONAL INC.,,2025-10-23,2025-10-30,PLATE,DIBBS|SPE4A126T0283|0001S00000053,First article test line - not a product line
SPE4A126T0283,0001S00000061,SPE4A126T0283,10-23-2025,10-30-2025,2026-08-21 02:41:27,Origin,Origin,Tech,7010385897,https://dibbs2.bsm.dla.mil/Downloads/RFQ/3/SPE4A126T0283.PDF,https://www.dibbs.bsm.dla.mil/RFQ/RFQRec.aspx?sn=SPE4A126T0283,https://www.dibbs.bsm.dla.mil/rfq/rfqrec.aspx?sn=SPE4A126T0283,PLATE,10,20260930T161603Z,0001S00000061,PRODUCTION LOT TESTING,C,______,1.0,99193 | 2-121-075-36 | HONEYWELL INTERNATIONAL INC.,,2025-10-23,2025-10-30,PLATE,DIBBS|SPE4A126T0283|0001S00000061,First article test line - not a product line
SPE4A726T618M,0001S00000062,SPE4A726T618M,08-06-2026,08-13-2026,2026-08-21 02:41:27,Origin,Origin,Tech,7017200364,https://dibbs2.bsm.dla.mil/Downloads/RFQ/M/SPE4A726T618M.PDF,https://www.dibbs.bsm.dla.mil/RFQ/RFQRec.aspx?sn=SPE4A726T618M,https://www.dibbs.bsm.dla.mil/rfq/rfqrec.aspx?sn=SPE4A726T618M,PLATE,10,20260930T161603Z,0001S00000062,PRODUCTION LOT TESTING,G,______,1.0,,,2026-08-06,2026-08-13,PLATE,DIBBS|SPE4A726T618M|0001S00000062,First article test line - not a product line
SPE4A726T656H,0001S00000052,SPE4A726T656H,08-17-2026,08-24-2026,2026-08-21 02:41:27,Origin,Origin,Tech,7017869669,https://dibbs2.bsm.dla.mil/Downloads/RFQ/H/SPE4A726T656H.PDF,https://www.dibbs.bsm.dla.mil/RFQ/RFQRec.aspx?sn=SPE4A726T656H,https://www.dibbs.bsm.dla.mil/rfq/rfqrec.aspx?sn=SPE4A726T656H,PLATE,11,20260930T161621Z,0001S00000052,GOVERNMENT FIRST ARTIC,G,______,1.0,,,2026-08-17,2026-08-24,PLATE,DIBBS|SPE4A726T656H|0001S00000052,First article test line - not a product line
SPE7MC26Q0322,0001S00000053,SPE7MC26Q0322,05-04-2026,05-18-2026,2026-08-21 02:41:27,Destination,Origin,None,7013475811,https://dibbs2.bsm.dla.mil/Downloads/RFQ/2/SPE7MC26Q0322.PDF,https://www.dibbs.bsm.dla.mil/RFQ/RFQRec.aspx?sn=SPE7MC26Q0322,https://www.dibbs.bsm.dla.mil/rfq/rfqrec.aspx?sn=SPE7MC26Q0322,PLATE,11,20260930T161621Z,0001S00000053,CONTRACTOR FIRST ARTIC,G,332912,1.0,,,2026-05-04,2026-05-18,PLATE,DIBBS|SPE7MC26Q0322|0001S00000053,First article test line - not a product line
SPE4A625T38GC,0001S00000052,SPE4A625T38GC,09-08-2025,09-15-2025,2026-08-21 02:41:27,Origin,Origin,Tech,7013687928,https://dibbs2.bsm.dla.mil/Downloads/RFQ/C/SPE4A625T38GC.PDF,https://www.dibbs.bsm.dla.mil/RFQ/RFQRec.aspx?sn=SPE4A625T38GC,https://www.dibbs.bsm.dla.mil/rfq/rfqrec.aspx?sn=SPE4A625T38GC,PLATE,11,20260930T161621Z,0001S00000052,GOVERNMENT FIRST ARTIC,G,______,1.0,,,2025-09-08,2025-09-15,PLATE,DIBBS|SPE4A625T38GC|0001S00000052,First article test line - not a product line
SPE4A726T646D,0001S00000052,SPE4A726T646D,08-13-2026,08-20-2026,2026-08-21 02:41:27,Origin,Origin,Tech,7017697714,https://dibbs2.bsm.dla.mil/Downloads/RFQ/D/SPE4A726T646D.PDF,https://www.dibbs.bsm.dla.mil/RFQ/RFQRec.aspx?sn=SPE4A726T646D,https://www.dibbs.bsm.dla.mil/rfq/rfqrec.aspx?sn=SPE4A726T646D,PLATE,11,20260930T161621Z,0001S00000052,GOVERNMENT FIRST ARTIC,G,______,1.0,,,2026-08-13,2026-08-20,PLATE,DIBBS|SPE4A726T646D|0001S00000052,First article test line - not a product line
SPE4A726T567D,0001S00000052,SPE4A726T567D,07-14-2026,07-21-2026,2026-08-21 02:41:27,Origin,Origin,Tech,7016286092,https://dibbs2.bsm.dla.mil/Downloads/RFQ/D/SPE4A726T567D.PDF,https://www.dibbs.bsm.dla.mil/RFQ/RFQRec.aspx?sn=SPE4A726T567D,https://www.dibbs.bsm.dla.mil/rfq/rfqrec.aspx?sn=SPE4A726T567D,PLATE,11,20260930T161621Z,0001S00000052,GOVERNMENT FIRST ARTIC,M,______,1.0,1GWH1 | 16K0512-24 | LOCKHEED MARTIN CORPORATION,,2026-07-14,2026-07-21,PLATE,DIBBS|SPE4A726T567D|0001S00000052,First article test line - not a product line
SPE4A726T273V,0001S00000052,SPE4A726T273V,04-22-2026,04-29-2026,2026-08-21 02:41:27,Origin,Origin,Tech,7016438834,https://dibbs2.bsm.dla.mil/Downloads/RFQ/V/SPE4A726T273V.PDF,https://www.dibbs.bsm.dla.mil/RFQ/RFQRec.aspx?sn=SPE4A726T273V,https://www.dibbs.bsm.dla.mil/rfq/rfqrec.aspx?sn=SPE4A726T273V,PLATE,11,20260930T161621Z,0001S00000052,GOVERNMENT FIRST ARTIC,C,______,1.0,6K4C8 | 9-66148 | GOODRICH CORPORATION,,2026-04-22,2026-04-29,PLATE,DIBBS|SPE4A726T273V|0001S00000052,First article test line - not a product line
SPE8E526T3513,0001S00000053,SPE8E526T3513,07-06-2026,07-16-2026,2026-08-21 02:41:27,Destination,Origin,Tech,7017274431,https://dibbs2.bsm.dla.mil/Downloads/RFQ/3/SPE8E526T3513.PDF,https://www.dibbs.bsm.dla.mil/RFQ/RFQRec.aspx?sn=SPE8E526T3513,https://www.dibbs.bsm.dla.mil/rfq/rfqrec.aspx?sn=SPE8E526T3513,PLATE,12,20260930T161638Z,0001S00000053,CONTRACTOR FIRST ARTIC,G,______,1.0,,,2026-07-06,2026-07-16,PLATE,DIBBS|SPE8E526T3513|0001S00000053,First article test line - not a product line
SPE4A726T4563,0001S00000052,SPE4A726T4563,11-26-2025,12-03-2025,2026-08-21 02:41:27,Origin,Origin,Tech,7014629276,https://dibbs2.bsm.dla.mil/Downloads/RFQ/3/SPE4A726T4563.PDF,https://www.dibbs.bsm.dla.mil/RFQ/RFQRec.aspx?sn=SPE4A726T4563,https://www.dibbs.bsm.dla.mil/rfq/rfqrec.aspx?sn=SPE4A726T4563,PLATE,12,20260930T161638Z,0001S00000052,GOVERNMENT FIRST ARTIC,G,______,1.0,,,2025-11-26,2025-12-03,PLATE,DIBBS|SPE4A726T4563|0001S00000052,First article test line - not a product line
SPE4A726T673L,0001S00000053,SPE4A726T673L,08-19-2026,08-26-2026,2026-08-21 02:41:27,Origin,Destination,Tech,7017940995,https://dibbs2.bsm.dla.mil/Downloads/RFQ/L/SPE4A726T673L.PDF,https://www.dibbs.bsm.dla.mil/RFQ/RFQRec.aspx?sn=SPE4A726T673L,https://www.dibbs.bsm.dla.mil/rfq/rfqrec.aspx?sn=SPE4A726T673L,PLATE,12,20260930T161638Z,0001S00000053,CONTRACTOR FIRST ARTIC,G,______,1.0,,,2026-08-19,2026-08-26,PLATE,DIBBS|SPE4A726T673L|0001S00000053,First article test line - not a product line
SPE8E426T1936,0001S00000053,SPE8E426T1936,07-29-2026,08-10-2026,2026-08-21 02:41:27,Origin,Origin,Tech,7016178423,https://dibbs2.bsm.dla.mil/Downloads/RFQ/6/SPE8E426T1936.PDF,https://www.dibbs.bsm.dla.mil/RFQ/RFQRec.aspx?sn=SPE8E426T1936,https://www.dibbs.bsm.dla.mil/rfq/rfqrec.aspx?sn=SPE8E426T1936,PLATE,12,20260930T161638Z,0001S00000053,CONTRACTOR FIRST ARTIC,G,______,1.0,,,2026-07-29,2026-08-10,PLATE,DIBBS|SPE8E426T1936|0001S00000053,First article test line - not a product line
SPE7L726T4670,0001S00000052,SPE7L726T4670,08-10-2026,08-20-2026,2026-08-21 02:41:27,Origin,Origin,Tech,7016887831,https://dibbs2.bsm.dla.mil/Downloads/RFQ/0/SPE7L726T4670.PDF,https://www.dibbs.bsm.dla.mil/RFQ/RFQRec.aspx?sn=SPE7L726T4670,https://www.dibbs.bsm.dla.mil/rfq/rfqrec.aspx?sn=SPE7L726T4670,PLATE,13,20260930T161656Z,0001S00000052,GOVERNMENT FIRST ARTIC,G,______,1.0,,,2026-08-10,2026-08-20,PLATE,DIBBS|SPE7L726T4670|0001S00000052,First article test line - not a product line
SPE4A726T634Z,0001S00000052,SPE4A726T634Z,08-10-2026,08-17-2026,2026-08-21 02:41:27,Origin,Origin,Tech,7016846555,https://dibbs2.bsm.dla.mil/Downloads/RFQ/Z/SPE4A726T634Z.PDF,https://www.dibbs.bsm.dla.mil/RFQ/RFQRec.aspx?sn=SPE4A726T634Z,https://www.dibbs.bsm.dla.mil/rfq/rfqrec.aspx?sn=SPE4A726T634Z,PLATE,13,20260930T161656Z,0001S00000052,GOVERNMENT FIRST ARTIC,G,______,1.0,,,2026-08-10,2026-08-17,PLATE,DIBBS|SPE4A726T634Z|0001S00000052,First article test line - not a product line
SPE4A726T009M,0001S00000053,SPE4A726T009M,02-25-2026,03-04-2026,2026-08-21 02:41:27,Origin,Origin,Tech,7015657670,https://dibbs2.bsm.dla.mil/Downloads/RFQ/M/SPE4A726T009M.PDF,https://www.dibbs.bsm.dla.mil/RFQ/RFQRec.aspx?sn=SPE4A726T009M,https://www.dibbs.bsm.dla.mil/rfq/rfqrec.aspx?sn=SPE4A726T009M,PLATE,13,20260930T161656Z,0001S00000053,CONTRACTOR FIRST ARTIC,C,______,1.0,"48GV9 | 74A586558-2003 | RBH AEROSPACE, INC.",,2026-02-25,2026-03-04,PLATE,DIBBS|SPE4A726T009M|0001S00000053,First article test line - not a product line
SPE4A726T009M,0001S00000062,SPE4A726T009M,02-25-2026,03-04-2026,2026-08-21 02:41:27,Origin,Origin,Tech,7015657670,https://dibbs2.bsm.dla.mil/Downloads/RFQ/M/SPE4A726T009M.PDF,https://www.dibbs.bsm.dla.mil/RFQ/RFQRec.aspx?sn=SPE4A726T009M,https://www.dibbs.bsm.dla.mil/rfq/rfqrec.aspx?sn=SPE4A726T009M,PLATE,13,20260930T161656Z,0001S00000062,PRODUCTION LOT TESTING,C,______,1.0,"48GV9 | 74A586558-2003 | RBH AEROSPACE, INC.",,2026-02-25,2026-03-04,PLATE,DIBBS|SPE4A726T009M|0001S00000062,First article test line - not a product line
SPE4A726T301F,0001S00000052,SPE4A726T301F,04-29-2026,05-06-2026,2026-08-21 02:41:27,Origin,Origin,Tech,7016336761,https://dibbs2.bsm.dla.mil/Downloads/RFQ/F/SPE4A726T301F.PDF,https://www.dibbs.bsm.dla.mil/RFQ/RFQRec.aspx?sn=SPE4A726T301F,https://www.dibbs.bsm.dla.mil/rfq/rfqrec.aspx?sn=SPE4A726T301F,PLATE,13,20260930T161656Z,0001S00000052,GOVERNMENT FIRST ARTIC,G,______,1.0,,,2026-04-29,2026-05-06,PLATE,DIBBS|SPE4A726T301F|0001S00000052,First article test line - not a product line
SPE4A726T330Q,0001S00000053,SPE4A726T330Q,05-11-2026,05-18-2026,2026-08-21 02:41:27,Origin,Origin,Tech,7016468000,https://dibbs2.bsm.dla.mil/Downloads/RFQ/Q/SPE4A726T330Q.PDF,https://www.dibbs.bsm.dla.mil/RFQ/RFQRec.aspx?sn=SPE4A726T330Q,https://www.dibbs.bsm.dla.mil/rfq/rfqrec.aspx?sn=SPE4A726T330Q,PLATE,13,20260930T161656Z,0001S00000053,CONTRACTOR FIRST ARTIC,G,______,1.0,,,2026-05-11,2026-05-18,PLATE,DIBBS|SPE4A726T330Q|0001S00000053,First article test line - not a product line
SPE4A726T4387,0001S00000052,SPE4A726T4387,11-24-2025,12-01-2025,2026-08-21 02:41:27,Origin,Origin,Tech,7014546518,https://dibbs2.bsm.dla.mil/Downloads/RFQ/7/SPE4A726T4387.PDF,https://www.dibbs.bsm.dla.mil/RFQ/RFQRec.aspx?sn=SPE4A726T4387,https://www.dibbs.bsm.dla.mil/rfq/rfqrec.aspx?sn=SPE4A726T4387,PLATE,13,20260930T161656Z,0001S00000052,GOVERNMENT FIRST ARTIC,G,______,1.0,,,2025-11-24,2025-12-01,PLATE,DIBBS|SPE4A726T4387|0001S00000052,First article test line - not a product line
SPE4A525T7423,0001S00000053,SPE4A525T7423,12-31-2024,01-07-2025,2026-08-21 02:41:27,Origin,Origin,Tech,7010456057,https://dibbs2.bsm.dla.mil/Downloads/RFQ/3/SPE4A525T7423.PDF,https://www.dibbs.bsm.dla.mil/RFQ/RFQRec.aspx?sn=SPE4A525T7423,https://www.dibbs.bsm.dla.mil/rfq/rfqrec.aspx?sn=SPE4A525T7423,PLATE,14,20260930T161714Z,0001S00000053,CONTRACTOR FIRST ARTIC,C,______,1.0,99193 | 2-121-077-01 | HONEYWELL INTERNATIONAL INC.,,2024-12-31,2025-01-07,PLATE,DIBBS|SPE4A525T7423|0001S00000053,First article test line - not a product line
SPE7M526T153L,0001S00000052,SPE7M526T153L,05-11-2026,05-21-2026,2026-08-21 02:41:27,Origin,Origin,Tech,7016691287,https://dibbs2.bsm.dla.mil/Downloads/RFQ/L/SPE7M526T153L.PDF,https://www.dibbs.bsm.dla.mil/RFQ/RFQRec.aspx?sn=SPE7M526T153L,https://www.dibbs.bsm.dla.mil/rfq/rfqrec.aspx?sn=SPE7M526T153L,PLATE,14,20260930T161714Z,0001S00000052,GOVERNMENT FIRST ARTIC,G,______,1.0,,,2026-05-11,2026-05-21,PLATE,DIBBS|SPE7M526T153L|0001S00000052,First article test line - not a product line
SPE8E926Q0796,0001S00000053,SPE8E926Q0796,09-28-2026,10-05-2026,2026-09-28 10:39:46,Origin,Origin,None,7016942385,https://dibbs2.bsm.dla.mil/Downloads/RFQ/6/SPE8E926Q0796.PDF,https://www.dibbs.bsm.dla.mil/RFQ/RFQRec.aspx?sn=SPE8E926Q0796,https://www.dibbs.bsm.dla.mil/rfq/rfqrec.aspx?sn=SPE8E926Q0796,PLATE,14,20260930T161714Z,0001S00000053,CONTRACTOR FIRST ARTIC,G,000000,1.0,,,2026-09-28,2026-10-05,FUEL; PLATE,DIBBS|SPE8E926Q0796|0001S00000053,First article test line - not a product line
SPE8E926Q0794,0001S00000053,SPE8E926Q0794,09-28-2026,10-05-2026,2026-09-28 08:37:49,Origin,Origin,Tech,7016936749,https://dibbs2.bsm.dla.mil/Downloads/RFQ/4/SPE8E926Q0794.PDF,https://www.dibbs.bsm.dla.mil/RFQ/RFQRec.aspx?sn=SPE8E926Q0794,https://www.dibbs.bsm.dla.mil/rfq/rfqrec.aspx?sn=SPE8E926Q0794,PLATE,14,20260930T161714Z,0001S00000053,CONTRACTOR FIRST ARTIC,G,000000,1.0,,,2026-09-28,2026-10-05,FUEL; PLATE,DIBBS|SPE8E926Q0794|0001S00000053,First article test line - not a product line
SPE7L126T18B5,0001S00000053,SPE7L126T18B5,09-28-2026,10-08-2026,2026-09-27 06:21:44,Origin,Origin,Tech,7017395979,https://dibbs2.bsm.dla.mil/Downloads/RFQ/5/SPE7L126T18B5.PDF,https://www.dibbs.bsm.dla.mil/RFQ/RFQRec.aspx?sn=SPE7L126T18B5,https://www.dibbs.bsm.dla.mil/rfq/rfqrec.aspx?sn=SPE7L126T18B5,PLATE,14,20260930T161714Z,0001S00000053,CONTRACTOR FIRST ARTIC,G,______,1.0,,,2026-09-28,2026-10-08,PLATE,DIBBS|SPE7L126T18B5|0001S00000053,First article test line - not a product line
SPE7L126T16L2,0001S00000052,SPE7L126T16L2,09-25-2026,10-05-2026,2026-09-24 06:42:59,Origin,Origin,None,7018498603,https://dibbs2.bsm.dla.mil/Downloads/RFQ/2/SPE7L126T16L2.PDF,https://www.dibbs.bsm.dla.mil/RFQ/RFQRec.aspx?sn=SPE7L126T16L2,https://www.dibbs.bsm.dla.mil/rfq/rfqrec.aspx?sn=SPE7L126T16L2,PLATE,15,20260930T161732Z,0001S00000052,GOVERNMENT FIRST ARTIC,G,______,1.0,,,2026-09-25,2026-10-05,PLATE,DIBBS|SPE7L126T16L2|0001S00000052,First article test line - not a product line
SPE7MC26T290H,0001S00000053,SPE7MC26T290H,09-24-2026,10-05-2026,2026-09-23 04:54:57,Origin,Origin,Tech,7018269572,https://dibbs2.bsm.dla.mil/Downloads/RFQ/H/SPE7MC26T290H.PDF,https://www.dibbs.bsm.dla.mil/RFQ/RFQRec.aspx?sn=SPE7MC26T290H,https://www.dibbs.bsm.dla.mil/rfq/rfqrec.aspx?sn=SPE7MC26T290H,PLATE,15,20260930T161732Z,0001S00000053,CONTRACTOR FIRST ARTIC,G,______,1.0,,,2026-09-24,2026-10-05,BOX; PLATE,DIBBS|SPE7MC26T290H|0001S00000053,First article test line - not a product line
SPE4A626Q1477,0001S00000052,SPE4A626Q1477,09-23-2026,09-29-2026,2026-09-22 02:34:33,Origin,Origin,Tech,7015111229; 7016645434,https://dibbs2.bsm.dla.mil/Downloads/RFQ/7/SPE4A626Q1477.PDF,https://www.dibbs.bsm.dla.mil/RFQ/RFQRec.aspx?sn=SPE4A626Q1477,https://www.dibbs.bsm.dla.mil/rfq/rfqrec.aspx?sn=SPE4A626Q1477,PLATE,15,20260930T161732Z,0001S00000052,GOVERNMENT FIRST ARTIC,C,332722,1.0,99207 | 3032T44P02 | GENERAL ELECTRIC COMPANY,,2026-09-23,2026-09-29,BOX; FUEL; MARKING; PLATE,DIBBS|SPE4A626Q1477|0001S00000052,First article test line - not a product line
SPE8E426T2314,0001S00000052,SPE8E426T2314,09-23-2026,10-05-2026,2026-09-22 06:34:55,Origin,Origin,Tech,7018161232,https://dibbs2.bsm.dla.mil/Downloads/RFQ/4/SPE8E426T2314.PDF,https://www.dibbs.bsm.dla.mil/RFQ/RFQRec.aspx?sn=SPE8E426T2314,https://www.dibbs.bsm.dla.mil/rfq/rfqrec.aspx?sn=SPE8E426T2314,PLATE,15,20260930T161732Z,0001S00000052,GOVERNMENT FIRST ARTIC,G,______,1.0,,,2026-09-23,2026-10-05,PLATE,DIBBS|SPE8E426T2314|0001S00000052,First article test line - not a product line
SPE7M326T9277,0001S00000052,SPE7M326T9277,09-22-2026,10-02-2026,2026-09-21 12:15:49,Origin,Origin,Tech,7018273452,https://dibbs2.bsm.dla.mil/Downloads/RFQ/7/SPE7M326T9277.PDF,https://www.dibbs.bsm.dla.mil/RFQ/RFQRec.aspx?sn=SPE7M326T9277,https://www.dibbs.bsm.dla.mil/rfq/rfqrec.aspx?sn=SPE7M326T9277,PLATE,15,20260930T161732Z,0001S00000052,GOVERNMENT FIRST ARTIC,C,______,1.0,79318 | ZEE-42E-6-T6 | MEGGITT NORTH HOLLYWOOD INC,,2026-09-22,2026-10-02,PLATE,DIBBS|SPE7M326T9277|0001S00000052,First article test line - not a product line
SPE4A726Q0825,0001S00000052,SPE4A726Q0825,09-17-2026,10-01-2026,2026-09-17 07:02:02,Origin,Origin,Tech,7011954975,https://dibbs2.bsm.dla.mil/Downloads/RFQ/5/SPE4A726Q0825.PDF,https://www.dibbs.bsm.dla.mil/RFQ/RFQRec.aspx?sn=SPE4A726Q0825,https://www.dibbs.bsm.dla.mil/rfq/rfqrec.aspx?sn=SPE4A726Q0825,PLATE,16,20260930T161750Z,0001S00000052,GOVERNMENT FIRST ARTIC,C,000000,1.0,No | Data | found,,2026-09-17,2026-10-01,BOX; FUEL; PLATE,DIBBS|SPE4A726Q0825|0001S00000052,First article test line - not a product line
SPE7MC26T274Y,0001S00000053,SPE7MC26T274Y,09-16-2026,09-28-2026,2026-09-15 12:44:00,Destination,Origin,None,7014960332,https://dibbs2.bsm.dla.mil/Downloads/RFQ/Y/SPE7MC26T274Y.PDF,https://www.dibbs.bsm.dla.mil/RFQ/RFQRec.aspx?sn=SPE7MC26T274Y,https://www.dibbs.bsm.dla.mil/rfq/rfqrec.aspx?sn=SPE7MC26T274Y,PLATE,16,20260930T161750Z,0001S00000053,CONTRACTOR FIRST ARTIC,G,______,1.0,,,2026-09-16,2026-09-28,PLATE,DIBBS|SPE7MC26T274Y|0001S00000053,First article test line - not a product line
SPE4A726T744D,0001S00000052,SPE4A726T744D,09-16-2026,09-23-2026,2026-09-15 11:42:39,Origin,Origin,Tech,7018342043,https://dibbs2.bsm.dla.mil/Downloads/RFQ/D/SPE4A726T744D.PDF,https://www.dibbs.bsm.dla.mil/RFQ/RFQRec.aspx?sn=SPE4A726T744D,https://www.dibbs.bsm.dla.mil/rfq/rfqrec.aspx?sn=SPE4A726T744D,PLATE,16,20260930T161750Z,0001S00000052,GOVERNMENT FIRST ARTIC,C,______,1.0,"06959 | 532586 | 08244	532586	MOELLER MFG. COMPANY, LLC",,2026-09-16,2026-09-23,PLATE,DIBBS|SPE4A726T744D|0001S00000052,First article test line - not a product line
SPE4A126Q0127,0001S00000052,SPE4A126Q0127,09-15-2026,09-29-2026,2026-09-14 03:36:02,Origin,Origin,Tech,7014489297,https://dibbs2.bsm.dla.mil/Downloads/RFQ/7/SPE4A126Q0127.PDF,https://www.dibbs.bsm.dla.mil/RFQ/RFQRec.aspx?sn=SPE4A126Q0127,https://www.dibbs.bsm.dla.mil/rfq/rfqrec.aspx?sn=SPE4A126Q0127,PLATE,16,20260930T161750Z,0001S00000052,GOVERNMENT FIRST ARTIC,G,000000,1.0,,,2026-09-15,2026-09-29,BOX; FUEL; PLATE,DIBBS|SPE4A126Q0127|0001S00000052,First article test line - not a product line
SPE7MC26T271F,0001S00000053,SPE7MC26T271F,09-14-2026,09-24-2026,2026-09-13 03:47:14,Origin,Origin,None,7018269613,https://dibbs2.bsm.dla.mil/Downloads/RFQ/F/SPE7MC26T271F.PDF,https://www.dibbs.bsm.dla.mil/RFQ/RFQRec.aspx?sn=SPE7MC26T271F,https://www.dibbs.bsm.dla.mil/rfq/rfqrec.aspx?sn=SPE7MC26T271F,PLATE,16,20260930T161750Z,0001S00000053,CONTRACTOR FIRST ARTIC,G,______,1.0,,,2026-09-14,2026-09-24,PLATE,DIBBS|SPE7MC26T271F|0001S00000053,First article test line - not a product line
SPE7M326Q0191,0001S00000053,SPE7M326Q0191,09-11-2026,09-21-2026,2026-09-11 03:27:12,Origin,Origin,Tech,7015991872,https://dibbs2.bsm.dla.mil/Downloads/RFQ/1/SPE7M326Q0191.PDF,https://www.dibbs.bsm.dla.mil/RFQ/RFQRec.aspx?sn=SPE7M326Q0191,https://www.dibbs.bsm.dla.mil/rfq/rfqrec.aspx?sn=SPE7M326Q0191,PLATE,16,20260930T161750Z,0001S00000053,CONTRACTOR FIRST ARTIC,C,000000,1.0,00624 | AE80110H | EATON AEROQUIP LLC,,2026-09-11,2026-09-21,BOX; FUEL; PLATE,DIBBS|SPE7M326Q0191|0001S00000053,First article test line - not a product line
SPE7M326Q0191,0001S00000062,SPE7M326Q0191,09-11-2026,09-21-2026,2026-09-11 03:27:12,Origin,Origin,Tech,7015991872,https://dibbs2.bsm.dla.mil/Downloads/RFQ/1/SPE7M326Q0191.PDF,https://www.dibbs.bsm.dla.mil/RFQ/RFQRec.aspx?sn=SPE7M326Q0191,https://www.dibbs.bsm.dla.mil/rfq/rfqrec.aspx?sn=SPE7M326Q0191,PLATE,16,20260930T161750Z,0001S00000062,PRODUCTION LOT TESTING,C,000000,1.0,00624 | AE80110H | EATON AEROQUIP LLC,,2026-09-11,2026-09-21,BOX; FUEL; PLATE,DIBBS|SPE7M326Q0191|0001S00000062,First article test line - not a product line
SPE8E426T2214,0001S00000052,SPE8E426T2214,09-08-2026,09-18-2026,2026-09-07 04:26:58,Origin,Origin,Tech,7017757090,https://dibbs2.bsm.dla.mil/Downloads/RFQ/4/SPE8E426T2214.PDF,https://www.dibbs.bsm.dla.mil/RFQ/RFQRec.aspx?sn=SPE8E426T2214,https://www.dibbs.bsm.dla.mil/rfq/rfqrec.aspx?sn=SPE8E426T2214,PLATE,17,20260930T161807Z,0001S00000052,GOVERNMENT FIRST ARTIC,G,______,1.0,,,2026-09-08,2026-09-18,PLATE,DIBBS|SPE8E426T2214|0001S00000052,First article test line - not a product line
SPE4A626T26VH,0001S00000052,SPE4A626T26VH,09-08-2026,09-15-2026,2026-09-07 04:26:57,Origin,Origin,Tech,7016787573,https://dibbs2.bsm.dla.mil/Downloads/RFQ/H/SPE4A626T26VH.PDF,https://www.dibbs.bsm.dla.mil/RFQ/RFQRec.aspx?sn=SPE4A626T26VH,https://www.dibbs.bsm.dla.mil/rfq/rfqrec.aspx?sn=SPE4A626T26VH,PLATE,17,20260930T161807Z,0001S00000052,GOVERNMENT FIRST ARTIC,C,______,1.0,"27238 | SS5086C06S | BRISTOL INDUSTRIES, LLC",,2026-09-08,2026-09-15,PLATE,DIBBS|SPE4A626T26VH|0001S00000052,First article test line - not a product line
SPE4A626T26VH,0001S00000061,SPE4A626T26VH,09-08-2026,09-15-2026,2026-09-07 04:26:57,Origin,Origin,Tech,7016787573,https://dibbs2.bsm.dla.mil/Downloads/RFQ/H/SPE4A626T26VH.PDF,https://www.dibbs.bsm.dla.mil/RFQ/RFQRec.aspx?sn=SPE4A626T26VH,https://www.dibbs.bsm.dla.mil/rfq/rfqrec.aspx?sn=SPE4A626T26VH,PLATE,17,20260930T161807Z,0001S00000061,PRODUCTION LOT TESTING,C,______,1.0,"27238 | SS5086C06S | BRISTOL INDUSTRIES, LLC",,2026-09-08,2026-09-15,PLATE,DIBBS|SPE4A626T26VH|0001S00000061,First article test line - not a product line
SPE4A726Q0908,0001S00000053,SPE4A726Q0908,09-07-2026,09-16-2026,2026-09-06 12:09:04,Origin,Origin,Tech,7016229118,https://dibbs2.bsm.dla.mil/Downloads/RFQ/8/SPE4A726Q0908.PDF,https://www.dibbs.bsm.dla.mil/RFQ/RFQRec.aspx?sn=SPE4A726Q0908,https://www.dibbs.bsm.dla.mil/rfq/rfqrec.aspx?sn=SPE4A726Q0908,PLATE,17,20260930T161807Z,0001S00000053,CONTRACTOR FIRST ARTIC,G,000000,1.0,,,2026-09-07,2026-09-16,BOX; FUEL; PLATE,DIBBS|SPE4A726Q0908|0001S00000053,First article test line - not a product line
SPE4A126Q0118,0001S00000052,SPE4A126Q0118,08-31-2026,09-14-2026,2026-08-30 03:25:53,Origin,Origin,Tech,7017272856,https://dibbs2.bsm.dla.mil/Downloads/RFQ/8/SPE4A126Q0118.PDF,https://www.dibbs.bsm.dla.mil/RFQ/RFQRec.aspx?sn=SPE4A126Q0118,https://www.dibbs.bsm.dla.mil/rfq/rfqrec.aspx?sn=SPE4A126Q0118,PLATE,17,20260930T161807Z,0001S00000052,GOVERNMENT FIRST ARTIC,G,000000,1.0,,,2026-08-31,2026-09-14,BOX; FUEL; PLATE,DIBBS|SPE4A126Q0118|0001S00000052,First article test line - not a product line
SPE7MC26T239C,0001S00000053,SPE7MC26T239C,08-28-2026,09-08-2026,2026-08-27 03:33:33,Origin,Origin,Tech,7017780839,https://dibbs2.bsm.dla.mil/Downloads/RFQ/C/SPE7MC26T239C.PDF,https://www.dibbs.bsm.dla.mil/RFQ/RFQRec.aspx?sn=SPE7MC26T239C,https://www.dibbs.bsm.dla.mil/rfq/rfqrec.aspx?sn=SPE7MC26T239C,PLATE,17,20260930T161807Z,0001S00000053,CONTRACTOR FIRST ARTIC,G,______,1.0,,,2026-08-28,2026-09-08,PLATE,DIBBS|SPE7MC26T239C|0001S00000053,First article test line - not a product line
SPE4A526Q0724,0001S00000052,SPE4A526Q0724,08-27-2026,09-09-2026,2026-08-27 11:49:41,Origin,Origin,Tech,7017227915,https://dibbs2.bsm.dla.mil/Downloads/RFQ/4/SPE4A526Q0724.PDF,https://www.dibbs.bsm.dla.mil/RFQ/RFQRec.aspx?sn=SPE4A526Q0724,https://www.dibbs.bsm.dla.mil/rfq/rfqrec.aspx?sn=SPE4A526Q0724,PLATE,18,20260930T161825Z,0001S00000052,GOVERNMENT FIRST ARTIC,G,000000,1.0,,,2026-08-27,2026-09-09,BOX; FUEL; PLATE,DIBBS|SPE4A526Q0724|0001S00000052,First article test line - not a product line
SPE4A726T695Z,0001S00000052,SPE4A726T695Z,08-27-2026,09-03-2026,2026-08-26 07:22:04,Origin,Origin,None,7018067338,https://dibbs2.bsm.dla.mil/Downloads/RFQ/Z/SPE4A726T695Z.PDF,https://www.dibbs.bsm.dla.mil/RFQ/RFQRec.aspx?sn=SPE4A726T695Z,https://www.dibbs.bsm.dla.mil/rfq/rfqrec.aspx?sn=SPE4A726T695Z,PLATE,18,20260930T161825Z,0001S00000052,GOVERNMENT FIRST ARTIC,G,______,1.0,,,2026-08-27,2026-09-03,PLATE,DIBBS|SPE4A726T695Z|0001S00000052,First article test line - not a product line
SPE7MC26Q0396,0001S00000053,SPE7MC26Q0396,08-25-2026,09-09-2026,2026-08-25 09:53:52,Origin,Origin,None,7012381224,https://dibbs2.bsm.dla.mil/Downloads/RFQ/6/SPE7MC26Q0396.PDF,https://www.dibbs.bsm.dla.mil/RFQ/RFQRec.aspx?sn=SPE7MC26Q0396,https://www.dibbs.bsm.dla.mil/rfq/rfqrec.aspx?sn=SPE7MC26Q0396,PLATE,18,20260930T161825Z,0001S00000053,CONTRACTOR FIRST ARTIC,G,332911,1.0,,,2026-08-25,2026-09-09,FUEL; PLATE,DIBBS|SPE7MC26Q0396|0001S00000053,First article test line - not a product line
SPE7L726T4902,0001S00000053,SPE7L726T4902,08-24-2026,09-03-2026,2026-08-23 04:25:17,Origin,Origin,Tech,7017084510,https://dibbs2.bsm.dla.mil/Downloads/RFQ/2/SPE7L726T4902.PDF,https://www.dibbs.bsm.dla.mil/RFQ/RFQRec.aspx?sn=SPE7L726T4902,https://www.dibbs.bsm.dla.mil/rfq/rfqrec.aspx?sn=SPE7L726T4902,PLATE,18,20260930T161825Z,0001S00000053,CONTRACTOR FIRST ARTIC,G,______,1.0,,,2026-08-24,2026-09-03,PLATE,DIBBS|SPE7L726T4902|0001S00000053,First article test line - not a product line
SPE4A726T267S,0001S00000052,SPE4A726T267S,04-20-2026,04-27-2026,2026-08-21 02:41:27,Origin,Origin,Tech,7016335639,https://dibbs2.bsm.dla.mil/Downloads/RFQ/S/SPE4A726T267S.PDF,https://www.dibbs.bsm.dla.mil/RFQ/RFQRec.aspx?sn=SPE4A726T267S,https://www.dibbs.bsm.dla.mil/rfq/rfqrec.aspx?sn=SPE4A726T267S,PLATE,18,20260930T161825Z,0001S00000052,GOVERNMENT FIRST ARTIC,G,______,1.0,,,2026-04-20,2026-04-27,PLATE,DIBBS|SPE4A726T267S|0001S00000052,First article test line - not a product line
SPE4A726T267S,0001S00000061,SPE4A726T267S,04-20-2026,04-27-2026,2026-08-21 02:41:27,Origin,Origin,Tech,7016335639,https://dibbs2.bsm.dla.mil/Downloads/RFQ/S/SPE4A726T267S.PDF,https://www.dibbs.bsm.dla.mil/RFQ/RFQRec.aspx?sn=SPE4A726T267S,https://www.dibbs.bsm.dla.mil/rfq/rfqrec.aspx?sn=SPE4A726T267S,PLATE,18,20260930T161825Z,0001S00000061,PRODUCTION LOT TESTING,G,______,1.0,,,2026-04-20,2026-04-27,PLATE,DIBBS|SPE4A726T267S|0001S00000061,First article test line - not a product line
SPE8E926Q0396,0001S00000052,SPE8E926Q0396,04-27-2026,05-04-2026,2026-08-21 02:41:27,Origin,Origin,None,7016179944,https://dibbs2.bsm.dla.mil/Downloads/RFQ/6/SPE8E926Q0396.PDF,https://www.dibbs.bsm.dla.mil/RFQ/RFQRec.aspx?sn=SPE8E926Q0396,https://www.dibbs.bsm.dla.mil/rfq/rfqrec.aspx?sn=SPE8E926Q0396,PLATE,18,20260930T161825Z,0001S00000052,GOVERNMENT FIRST ARTIC,C,000000,1.0,09036 | 10-2110-506 | SONFARREL INC.,,2026-04-27,2026-05-04,BOX; PLATE,DIBBS|SPE8E926Q0396|0001S00000052,First article test line - not a product line
SPE8E926Q0543,0001S00000053,SPE8E926Q0543,07-14-2026,07-21-2026,2026-08-21 02:41:27,Origin,Origin,Tech,7016178470,https://dibbs2.bsm.dla.mil/Downloads/RFQ/3/SPE8E926Q0543.PDF,https://www.dibbs.bsm.dla.mil/RFQ/RFQRec.aspx?sn=SPE8E926Q0543,https://www.dibbs.bsm.dla.mil/rfq/rfqrec.aspx?sn=SPE8E926Q0543,PLATE,18,20260930T161825Z,0001S00000053,CONTRACTOR FIRST ARTIC,G,000000,1.0,,,2026-07-14,2026-07-21,PLATE,DIBBS|SPE8E926Q0543|0001S00000053,First article test line - not a product line
SPE7L726Q0194,0001S00000052,SPE7L726Q0194,02-17-2026,03-02-2026,2026-08-21 02:41:27,Origin,Origin,Tech,7014131508,https://dibbs2.bsm.dla.mil/Downloads/RFQ/4/SPE7L726Q0194.PDF,https://www.dibbs.bsm.dla.mil/RFQ/RFQRec.aspx?sn=SPE7L726Q0194,https://www.dibbs.bsm.dla.mil/rfq/rfqrec.aspx?sn=SPE7L726Q0194,PLATE,19,20260930T161842Z,0001S00000052,GOVERNMENT FIRST ARTIC,G,335910,1.0,,,2026-02-17,2026-03-02,BOX; PLATE,DIBBS|SPE7L726Q0194|0001S00000052,First article test line - not a product line
SPE7L726Q0194,0001S00000053,SPE7L726Q0194,02-17-2026,03-02-2026,2026-08-21 02:41:27,Origin,Origin,Tech,7014131508,https://dibbs2.bsm.dla.mil/Downloads/RFQ/4/SPE7L726Q0194.PDF,https://www.dibbs.bsm.dla.mil/RFQ/RFQRec.aspx?sn=SPE7L726Q0194,https://www.dibbs.bsm.dla.mil/rfq/rfqrec.aspx?sn=SPE7L726Q0194,PLATE,19,20260930T161842Z,0001S00000053,CONTRACTOR FIRST ARTIC,G,335910,1.0,,,2026-02-17,2026-03-02,BOX; PLATE,DIBBS|SPE7L726Q0194|0001S00000053,First article test line - not a product line
SPE7L726Q0194,0001S00000061,SPE7L726Q0194,02-17-2026,03-02-2026,2026-08-21 02:41:27,Origin,Origin,Tech,7014131508,https://dibbs2.bsm.dla.mil/Downloads/RFQ/4/SPE7L726Q0194.PDF,https://www.dibbs.bsm.dla.mil/RFQ/RFQRec.aspx?sn=SPE7L726Q0194,https://www.dibbs.bsm.dla.mil/rfq/rfqrec.aspx?sn=SPE7L726Q0194,PLATE,19,20260930T161842Z,0001S00000061,PRODUCTION LOT TESTING,G,335910,1.0,,,2026-02-17,2026-03-02,BOX; PLATE,DIBBS|SPE7L726Q0194|0001S00000061,First article test line - not a product line
SPE7L726Q0194,0001S00000062,SPE7L726Q0194,02-17-2026,03-02-2026,2026-08-21 02:41:27,Origin,Origin,Tech,7014131508,https://dibbs2.bsm.dla.mil/Downloads/RFQ/4/SPE7L726Q0194.PDF,https://www.dibbs.bsm.dla.mil/RFQ/RFQRec.aspx?sn=SPE7L726Q0194,https://www.dibbs.bsm.dla.mil/rfq/rfqrec.aspx?sn=SPE7L726Q0194,PLATE,19,20260930T161842Z,0001S00000062,PRODUCTION LOT TESTING,G,000000,1.0,,,2026-02-17,2026-03-02,BOX; PLATE,DIBBS|SPE7L726Q0194|0001S00000062,First article test line - not a product line
SPE7MC26T186X,0001S00000053,SPE7MC26T186X,08-10-2026,08-20-2026,2026-08-21 02:41:27,Origin,Origin,Tech,7017780568,https://dibbs2.bsm.dla.mil/Downloads/RFQ/X/SPE7MC26T186X.PDF,https://www.dibbs.bsm.dla.mil/RFQ/RFQRec.aspx?sn=SPE7MC26T186X,https://www.dibbs.bsm.dla.mil/rfq/rfqrec.aspx?sn=SPE7MC26T186X,PLATE,19,20260930T161842Z,0001S00000053,CONTRACTOR FIRST ARTIC,G,______,1.0,,,2026-08-10,2026-08-20,PLATE,DIBBS|SPE7MC26T186X|0001S00000053,First article test line - not a product line
SPE7L726Q2023,0001S00000053,SPE7L726Q2023,07-17-2026,07-30-2026,2026-08-21 02:41:27,Origin,Origin,Tech,7017235816,https://dibbs2.bsm.dla.mil/Downloads/RFQ/3/SPE7L726Q2023.PDF,https://www.dibbs.bsm.dla.mil/RFQ/RFQRec.aspx?sn=SPE7L726Q2023,https://www.dibbs.bsm.dla.mil/rfq/rfqrec.aspx?sn=SPE7L726Q2023,PLATE,19,20260930T161842Z,0001S00000053,CONTRACTOR FIRST ARTIC,G,000000,1.0,,,2026-07-17,2026-07-30,BOX; PLATE,DIBBS|SPE7L726Q2023|0001S00000053,First article test line - not a product line
SPE4A626T05JU,0001S00000052,SPE4A626T05JU,07-13-2026,07-20-2026,2026-08-21 02:41:27,Origin,Origin,Tech,7016849184,https://dibbs2.bsm.dla.mil/Downloads/RFQ/U/SPE4A626T05JU.PDF,https://www.dibbs.bsm.dla.mil/RFQ/RFQRec.aspx?sn=SPE4A626T05JU,https://www.dibbs.bsm.dla.mil/rfq/rfqrec.aspx?sn=SPE4A626T05JU,PLATE,19,20260930T161842Z,0001S00000052,GOVERNMENT FIRST ARTIC,C,______,1.0,15653 | F29333CD-3 | HOWMET GLOBAL FASTENING SYSTEMS INC,,2026-07-13,2026-07-20,PLATE,DIBBS|SPE4A626T05JU|0001S00000052,First article test line - not a product line
SPE4A625Q1177,0001S00000053,SPE4A625Q1177,05-19-2025,06-02-2025,2026-08-21 02:41:27,Destination,Origin,Tech,7011575233,https://dibbs2.bsm.dla.mil/Downloads/RFQ/7/SPE4A625Q1177.PDF,https://www.dibbs.bsm.dla.mil/RFQ/RFQRec.aspx?sn=SPE4A625Q1177,https://www.dibbs.bsm.dla.mil/rfq/rfqrec.aspx?sn=SPE4A625Q1177,PLATE,19,20260930T161842Z,0001S00000053,CONTRACTOR FIRST ARTIC,G,000000,1.0,,,2025-05-19,2025-06-02,BOX; FUEL; PLATE,DIBBS|SPE4A625Q1177|0001S00000053,First article test line - not a product line
SPE4A625Q1177,0001S00000062,SPE4A625Q1177,05-19-2025,06-02-2025,2026-08-21 02:41:27,Destination,Origin,Tech,7011575233,https://dibbs2.bsm.dla.mil/Downloads/RFQ/7/SPE4A625Q1177.PDF,https://www.dibbs.bsm.dla.mil/RFQ/RFQRec.aspx?sn=SPE4A625Q1177,https://www.dibbs.bsm.dla.mil/rfq/rfqrec.aspx?sn=SPE4A625Q1177,PLATE,19,20260930T161842Z,0001S00000062,PRODUCTION LOT TESTING,G,000000,1.0,,,2025-05-19,2025-06-02,BOX; FUEL; PLATE,DIBBS|SPE4A625Q1177|0001S00000062,First article test line - not a product line
SPE4A626T14XD,0001S00000052,SPE4A626T14XD,08-12-2026,08-19-2026,2026-08-21 02:41:27,Origin,Destination,None,7017836824,https://dibbs2.bsm.dla.mil/Downloads/RFQ/D/SPE4A626T14XD.PDF,https://www.dibbs.bsm.dla.mil/RFQ/RFQRec.aspx?sn=SPE4A626T14XD,https://www.dibbs.bsm.dla.mil/rfq/rfqrec.aspx?sn=SPE4A626T14XD,PLATE,19,20260930T161842Z,0001S00000052,GOVERNMENT FIRST ARTIC,C,______,1.0,15653 | C9757-4-2 | HOWMET GLOBAL FASTENING SYSTEMS INC,,2026-08-12,2026-08-19,PLATE,DIBBS|SPE4A626T14XD|0001S00000052,First article test line - not a product line
SPE4A726Q0757,0001S00000052,SPE4A726Q0757,06-29-2026,07-06-2026,2026-08-21 02:41:27,Origin,Origin,None,7015606909,https://dibbs2.bsm.dla.mil/Downloads/RFQ/7/SPE4A726Q0757.PDF,https://www.dibbs.bsm.dla.mil/RFQ/RFQRec.aspx?sn=SPE4A726Q0757,https://www.dibbs.bsm.dla.mil/rfq/rfqrec.aspx?sn=SPE4A726Q0757,PLATE,20,20260930T161900Z,0001S00000052,GOVERNMENT FIRST ARTIC,C,000000,1.0,10236 | 8501569-1 | ELECTRODYNAMICS INC,,2026-06-29,2026-07-06,LEGEND; MARKING; PLATE,DIBBS|SPE4A726Q0757|0001S00000052,First article test line - not a product line
SPE4A626T430T,0001S00000052,SPE4A626T430T,01-07-2026,01-14-2026,2026-08-21 02:41:27,Origin,Origin,Tech,7014544319,https://dibbs2.bsm.dla.mil/Downloads/RFQ/T/SPE4A626T430T.PDF,https://www.dibbs.bsm.dla.mil/RFQ/RFQRec.aspx?sn=SPE4A626T430T,https://www.dibbs.bsm.dla.mil/rfq/rfqrec.aspx?sn=SPE4A626T430T,PLATE,20,20260930T161900Z,0001S00000052,GOVERNMENT FIRST ARTIC,G,______,1.0,,,2026-01-07,2026-01-14,PLATE,DIBBS|SPE4A626T430T|0001S00000052,First article test line - not a product line
SPE7L726Q0910,0001S00000052,SPE7L726Q0910,02-17-2026,02-26-2026,2026-08-21 02:41:27,Destination,Origin,Tech,7014416603,https://dibbs2.bsm.dla.mil/Downloads/RFQ/0/SPE7L726Q0910.PDF,https://www.dibbs.bsm.dla.mil/RFQ/RFQRec.aspx?sn=SPE7L726Q0910,https://www.dibbs.bsm.dla.mil/rfq/rfqrec.aspx?sn=SPE7L726Q0910,PLATE,20,20260930T161900Z,0001S00000052,GOVERNMENT FIRST ARTIC,G,335910,1.0,,,2026-02-17,2026-02-26,BOX; PLATE,DIBBS|SPE7L726Q0910|0001S00000052,First article test line - not a product line
SPE7L726Q0910,0001S00000061,SPE7L726Q0910,02-17-2026,02-26-2026,2026-08-21 02:41:27,Destination,Origin,Tech,7014416603,https://dibbs2.bsm.dla.mil/Downloads/RFQ/0/SPE7L726Q0910.PDF,https://www.dibbs.bsm.dla.mil/RFQ/RFQRec.aspx?sn=SPE7L726Q0910,https://www.dibbs.bsm.dla.mil/rfq/rfqrec.aspx?sn=SPE7L726Q0910,PLATE,20,20260930T161900Z,0001S00000061,PRODUCTION LOT TESTING,G,335910,1.0,,,2026-02-17,2026-02-26,BOX; PLATE,DIBBS|SPE7L726Q0910|0001S00000061,First article test line - not a product line
SPE7L726Q0910,0001S00000062,SPE7L726Q0910,02-17-2026,02-26-2026,2026-08-21 02:41:27,Destination,Origin,Tech,7014416603,https://dibbs2.bsm.dla.mil/Downloads/RFQ/0/SPE7L726Q0910.PDF,https://www.dibbs.bsm.dla.mil/RFQ/RFQRec.aspx?sn=SPE7L726Q0910,https://www.dibbs.bsm.dla.mil/rfq/rfqrec.aspx?sn=SPE7L726Q0910,PLATE,20,20260930T161900Z,0001S00000062,PRODUCTION LOT TESTING,G,335910,1.0,,,2026-02-17,2026-02-26,BOX; PLATE,DIBBS|SPE7L726Q0910|0001S00000062,First article test line - not a product line
SPE4A626Q0226,0001S00000053,SPE4A626Q0226,12-23-2025,12-30-2025,2026-08-21 02:41:27,Origin,Origin,Tech,7013234836,https://dibbs2.bsm.dla.mil/Downloads/RFQ/6/SPE4A626Q0226.PDF,https://www.dibbs.bsm.dla.mil/RFQ/RFQRec.aspx?sn=SPE4A626Q0226,https://www.dibbs.bsm.dla.mil/rfq/rfqrec.aspx?sn=SPE4A626Q0226,PLATE,20,20260930T161900Z,0001S00000053,CONTRACTOR FIRST ARTIC,P,000000,1.0,77272 | 145DS011-11 | THE BOEING COMPANY,,2025-12-23,2025-12-30,PLATE,DIBBS|SPE4A626Q0226|0001S00000053,First article test line - not a product line
SPE4A626Q0226,0001S00000061,SPE4A626Q0226,12-23-2025,12-30-2025,2026-08-21 02:41:27,Origin,Origin,Tech,7013234836,https://dibbs2.bsm.dla.mil/Downloads/RFQ/6/SPE4A626Q0226.PDF,https://www.dibbs.bsm.dla.mil/RFQ/RFQRec.aspx?sn=SPE4A626Q0226,https://www.dibbs.bsm.dla.mil/rfq/rfqrec.aspx?sn=SPE4A626Q0226,PLATE,20,20260930T161900Z,0001S00000061,PRODUCTION LOT TESTING,P,000000,1.0,77272 | 145DS011-11 | THE BOEING COMPANY,,2025-12-23,2025-12-30,PLATE,DIBBS|SPE4A626Q0226|0001S00000061,First article test line - not a product line
SPE8EE26Q0424,0001S00000052,SPE8EE26Q0424,08-06-2026,08-13-2026,2026-08-21 02:41:27,Origin,Origin,Tech,7017122121,https://dibbs2.bsm.dla.mil/Downloads/RFQ/4/SPE8EE26Q0424.PDF,https://www.dibbs.bsm.dla.mil/RFQ/RFQRec.aspx?sn=SPE8EE26Q0424,https://www.dibbs.bsm.dla.mil/rfq/rfqrec.aspx?sn=SPE8EE26Q0424,NAMEPLATE,1,20260930T161908Z,0001S00000052,GOVERNMENT FIRST ARTIC,G,000000,1.0,,,2026-08-06,2026-08-13,BOX; FUEL; NAMEPLATE,DIBBS|SPE8EE26Q0424|0001S00000052,First article test line - not a product line
SPE7L126Q1695,0001S00000053,SPE7L126Q1695,09-29-2026,10-08-2026,2026-09-28 03:53:16,Origin,Origin,Tech,7017982520,https://dibbs2.bsm.dla.mil/Downloads/RFQ/5/SPE7L126Q1695.PDF,https://www.dibbs.bsm.dla.mil/RFQ/RFQRec.aspx?sn=SPE7L126Q1695,https://www.dibbs.bsm.dla.mil/rfq/rfqrec.aspx?sn=SPE7L126Q1695,LEGEND,1,20260930T161922Z,0001S00000053,CONTRACTOR FIRST ARTIC,G,332994,1.0,,,2026-09-29,2026-10-08,BOX; FUEL; LEGEND; MARKING,DIBBS|SPE7L126Q1695|0001S00000053,First article test line - not a product line
SPE7L126Q1641,0001S00000053,SPE7L126Q1641,09-29-2026,10-08-2026,2026-09-28 03:52:57,Origin,Origin,Tech,7017983761,https://dibbs2.bsm.dla.mil/Downloads/RFQ/1/SPE7L126Q1641.PDF,https://www.dibbs.bsm.dla.mil/RFQ/RFQRec.aspx?sn=SPE7L126Q1641,https://www.dibbs.bsm.dla.mil/rfq/rfqrec.aspx?sn=SPE7L126Q1641,LEGEND,1,20260930T161922Z,0001S00000053,CONTRACTOR FIRST ARTIC,G,332994,1.0,,,2026-09-29,2026-10-08,BOX; FUEL; LEGEND; MARKING,DIBBS|SPE7L126Q1641|0001S00000053,First article test line - not a product line
SPE7L126Q1627,0001S00000053,SPE7L126Q1627,09-11-2026,09-21-2026,2026-09-10 08:09:26,Origin,Origin,Tech,7017778447,https://dibbs2.bsm.dla.mil/Downloads/RFQ/7/SPE7L126Q1627.PDF,https://www.dibbs.bsm.dla.mil/RFQ/RFQRec.aspx?sn=SPE7L126Q1627,https://www.dibbs.bsm.dla.mil/rfq/rfqrec.aspx?sn=SPE7L126Q1627,LEGEND,1,20260930T161922Z,0001S00000053,CONTRACTOR FIRST ARTIC,G,332994,1.0,,,2026-09-11,2026-09-21,BOX; FUEL; LEGEND; MARKING,DIBBS|SPE7L126Q1627|0001S00000053,First article test line - not a product line
SPE4A726Q1093,0001S00000053,SPE4A726Q1093,09-03-2026,09-10-2026,2026-09-03 09:54:34,Origin,Origin,Tech,7017011836,https://dibbs2.bsm.dla.mil/Downloads/RFQ/3/SPE4A726Q1093.PDF,https://www.dibbs.bsm.dla.mil/RFQ/RFQRec.aspx?sn=SPE4A726Q1093,https://www.dibbs.bsm.dla.mil/rfq/rfqrec.aspx?sn=SPE4A726Q1093,LEGEND,1,20260930T161922Z,0001S00000053,CONTRACTOR FIRST ARTIC,G,000000,1.0,,,2026-09-03,2026-09-10,BOX; FUEL; LEGEND; MARKING,DIBBS|SPE4A726Q1093|0001S00000053,First article test line - not a product line
SPE4A726Q1085,0001S00000052,SPE4A726Q1085,08-31-2026,09-11-2026,2026-08-31 12:09:25,Origin,Origin,Tech,7013231031,https://dibbs2.bsm.dla.mil/Downloads/RFQ/5/SPE4A726Q1085.PDF,https://www.dibbs.bsm.dla.mil/RFQ/RFQRec.aspx?sn=SPE4A726Q1085,https://www.dibbs.bsm.dla.mil/rfq/rfqrec.aspx?sn=SPE4A726Q1085,LEGEND,1,20260930T161922Z,0001S00000052,GOVERNMENT FIRST ARTIC,G,000000,1.0,,,2026-08-31,2026-09-11,BOX; FUEL; LEGEND; MARKING,DIBBS|SPE4A726Q1085|0001S00000052,First article test line - not a product line
SPE7L126Q1442,0001S00000052,SPE7L126Q1442,08-05-2026,08-17-2026,2026-08-21 02:41:27,Origin,Origin,Tech,7017601723,https://dibbs2.bsm.dla.mil/Downloads/RFQ/2/SPE7L126Q1442.PDF,https://www.dibbs.bsm.dla.mil/RFQ/RFQRec.aspx?sn=SPE7L126Q1442,https://www.dibbs.bsm.dla.mil/rfq/rfqrec.aspx?sn=SPE7L126Q1442,LEGEND,1,20260930T161922Z,0001S00000052,GOVERNMENT FIRST ARTIC,G,332994,1.0,,,2026-08-05,2026-08-17,BOX; FUEL; LEGEND; MARKING,DIBBS|SPE7L126Q1442|0001S00000052,First article test line - not a product line
SPE7L126Q1437,0001S00000053,SPE7L126Q1437,08-11-2026,08-21-2026,2026-08-21 02:41:27,Origin,Origin,Tech,7016267913,https://dibbs2.bsm.dla.mil/Downloads/RFQ/7/SPE7L126Q1437.PDF,https://www.dibbs.bsm.dla.mil/RFQ/RFQRec.aspx?sn=SPE7L126Q1437,https://www.dibbs.bsm.dla.mil/rfq/rfqrec.aspx?sn=SPE7L126Q1437,LEGEND,1,20260930T161922Z,0001S00000053,CONTRACTOR FIRST ARTIC,G,332994,1.0,,,2026-08-11,2026-08-21,BOX; FUEL; LEGEND; MARKING,DIBBS|SPE7L126Q1437|0001S00000053,First article test line - not a product line
SPE7L326Q1223,0001S00000053,SPE7L326Q1223,07-29-2026,08-07-2026,2026-08-21 02:41:27,Origin,Origin,Document,7017237049,https://dibbs2.bsm.dla.mil/Downloads/RFQ/3/SPE7L326Q1223.PDF,https://www.dibbs.bsm.dla.mil/RFQ/RFQRec.aspx?sn=SPE7L326Q1223,https://www.dibbs.bsm.dla.mil/rfq/rfqrec.aspx?sn=SPE7L326Q1223,LEGEND,1,20260930T161922Z,0001S00000053,CONTRACTOR FIRST ARTIC,G,332994,1.0,,,2026-07-29,2026-08-07,BOX; LEGEND; MARKING,DIBBS|SPE7L326Q1223|0001S00000053,First article test line - not a product line
SPE7L126Q1295,0001S00000053,SPE7L126Q1295,07-29-2026,08-07-2026,2026-08-21 02:41:27,Origin,Origin,Tech,7017046173,https://dibbs2.bsm.dla.mil/Downloads/RFQ/5/SPE7L126Q1295.PDF,https://www.dibbs.bsm.dla.mil/RFQ/RFQRec.aspx?sn=SPE7L126Q1295,https://www.dibbs.bsm.dla.mil/rfq/rfqrec.aspx?sn=SPE7L126Q1295,LEGEND,1,20260930T161922Z,0001S00000053,CONTRACTOR FIRST ARTIC,G,332994,1.0,,,2026-07-29,2026-08-07,BOX; LEGEND; MARKING,DIBBS|SPE7L126Q1295|0001S00000053,First article test line - not a product line
SPE7M226Q0822,0001S00000046,SPE7M226Q0822,09-24-2026,09-24-2026,2026-09-24 09:34:54,Origin,Origin,Tech,7016888153,https://dibbs2.bsm.dla.mil/Downloads/RFQ/2/SPE7M226Q0822.PDF,https://www.dibbs.bsm.dla.mil/RFQ/RFQRec.aspx?sn=SPE7M226Q0822,https://www.dibbs.bsm.dla.mil/rfq/rfqrec.aspx?sn=SPE7M226Q0822,LEGEND,1,20260930T161922Z,0001S00000046,MISCELLANEOUS,C,444190,2.0,73680 | 416543-1 | GARLOCK SEALING TECHNOLOGIES LLC,,2026-09-24,2026-09-24,BOX; FUEL; LEGEND,DIBBS|SPE7M226Q0822|0001S00000046,First article test line - not a product line
SPE7M226Q0822,0001S00000062,SPE7M226Q0822,09-24-2026,09-24-2026,2026-09-24 09:34:54,Origin,Origin,Tech,7016888153,https://dibbs2.bsm.dla.mil/Downloads/RFQ/2/SPE7M226Q0822.PDF,https://www.dibbs.bsm.dla.mil/RFQ/RFQRec.aspx?sn=SPE7M226Q0822,https://www.dibbs.bsm.dla.mil/rfq/rfqrec.aspx?sn=SPE7M226Q0822,LEGEND,1,20260930T161922Z,0001S00000062,PRODUCTION LOT TESTING,C,000000,1.0,73680 | 416543-1 | GARLOCK SEALING TECHNOLOGIES LLC,,2026-09-24,2026-09-24,BOX; FUEL; LEGEND,DIBBS|SPE7M226Q0822|0001S00000062,First article test line - not a product line
SPE7M227Q0007,0001S00000046,SPE7M227Q0007,09-23-2026,10-06-2026,2026-09-23 10:03:58,Origin,Origin,Tech,7017984390,https://dibbs2.bsm.dla.mil/Downloads/RFQ/7/SPE7M227Q0007.PDF,https://www.dibbs.bsm.dla.mil/RFQ/RFQRec.aspx?sn=SPE7M227Q0007,https://www.dibbs.bsm.dla.mil/rfq/rfqrec.aspx?sn=SPE7M227Q0007,LEGEND,1,20260930T161922Z,0001S00000046,MISCELLANEOUS,C,444190,2.0,1UKP3 | 524238-1 | 2A832	524238-1	JMT MACHINE COMPANY,,2026-09-23,2026-10-06,BOX; FUEL; LEGEND,DIBBS|SPE7M227Q0007|0001S00000046,First article test line - not a product line
SPE7M227Q0007,0001S00000053,SPE7M227Q0007,09-23-2026,10-06-2026,2026-09-23 10:03:58,Origin,Origin,Tech,7017984390,https://dibbs2.bsm.dla.mil/Downloads/RFQ/7/SPE7M227Q0007.PDF,https://www.dibbs.bsm.dla.mil/RFQ/RFQRec.aspx?sn=SPE7M227Q0007,https://www.dibbs.bsm.dla.mil/rfq/rfqrec.aspx?sn=SPE7M227Q0007,LEGEND,1,20260930T161922Z,0001S00000053,CONTRACTOR FIRST ARTIC,C,000000,1.0,1UKP3 | 524238-1 | 2A832	524238-1	JMT MACHINE COMPANY,,2026-09-23,2026-10-06,BOX; FUEL; LEGEND,DIBBS|SPE7M227Q0007|0001S00000053,First article test line - not a product line
SPE7M227Q0006,0001S00000046,SPE7M227Q0006,09-23-2026,10-06-2026,2026-09-23 10:03:58,Origin,Origin,Tech,7017982459,https://dibbs2.bsm.dla.mil/Downloads/RFQ/6/SPE7M227Q0006.PDF,https://www.dibbs.bsm.dla.mil/RFQ/RFQRec.aspx?sn=SPE7M227Q0006,https://www.dibbs.bsm.dla.mil/rfq/rfqrec.aspx?sn=SPE7M227Q0006,LEGEND,1,20260930T161922Z,0001S00000046,MISCELLANEOUS,C,444190,2.0,17038 | 524685-2 | BOOZ ALLEN HAMILTON INC,,2026-09-23,2026-10-06,BOX; FUEL; LEGEND,DIBBS|SPE7M227Q0006|0001S00000046,First article test line - not a product line
SPE7M227Q0006,0001S00000053,SPE7M227Q0006,09-23-2026,10-06-2026,2026-09-23 10:03:58,Origin,Origin,Tech,7017982459,https://dibbs2.bsm.dla.mil/Downloads/RFQ/6/SPE7M227Q0006.PDF,https://www.dibbs.bsm.dla.mil/RFQ/RFQRec.aspx?sn=SPE7M227Q0006,https://www.dibbs.bsm.dla.mil/rfq/rfqrec.aspx?sn=SPE7M227Q0006,LEGEND,1,20260930T161922Z,0001S00000053,CONTRACTOR FIRST ARTIC,C,000000,1.0,17038 | 524685-2 | BOOZ ALLEN HAMILTON INC,,2026-09-23,2026-10-06,BOX; FUEL; LEGEND,DIBBS|SPE7M227Q0006|0001S00000053,First article test line - not a product line
SPE7M226Q0783,0001S00000046,SPE7M226Q0783,08-27-2026,09-10-2026,2026-08-27 09:11:00,Origin,Origin,Tech,7017438420,https://dibbs2.bsm.dla.mil/Downloads/RFQ/3/SPE7M226Q0783.PDF,https://www.dibbs.bsm.dla.mil/RFQ/RFQRec.aspx?sn=SPE7M226Q0783,https://www.dibbs.bsm.dla.mil/rfq/rfqrec.aspx?sn=SPE7M226Q0783,LEGEND,1,20260930T161922Z,0001S00000046,MISCELLANEOUS,C,444190,2.0,0RWS9 | 4062AF | 5F573	316297-7	GREENE TWEED & CO INC,,2026-08-27,2026-09-10,BOX; FUEL; LEGEND,DIBBS|SPE7M226Q0783|0001S00000046,First article test line - not a product line
SPE7M226Q0783,0001S00000053,SPE7M226Q0783,08-27-2026,09-10-2026,2026-08-27 09:11:00,Origin,Origin,Tech,7017438420,https://dibbs2.bsm.dla.mil/Downloads/RFQ/3/SPE7M226Q0783.PDF,https://www.dibbs.bsm.dla.mil/RFQ/RFQRec.aspx?sn=SPE7M226Q0783,https://www.dibbs.bsm.dla.mil/rfq/rfqrec.aspx?sn=SPE7M226Q0783,LEGEND,1,20260930T161922Z,0001S00000053,CONTRACTOR FIRST ARTIC,C,000000,1.0,0RWS9 | 4062AF | 5F573	316297-7	GREENE TWEED & CO INC,,2026-08-27,2026-09-10,BOX; FUEL; LEGEND,DIBBS|SPE7M226Q0783|0001S00000053,First article test line - not a product line
SPE7M226Q0781,0001S00000046,SPE7M226Q0781,08-26-2026,09-04-2026,2026-08-26 12:39:00,Origin,Origin,Tech,7016286271,https://dibbs2.bsm.dla.mil/Downloads/RFQ/1/SPE7M226Q0781.PDF,https://www.dibbs.bsm.dla.mil/RFQ/RFQRec.aspx?sn=SPE7M226Q0781,https://www.dibbs.bsm.dla.mil/rfq/rfqrec.aspx?sn=SPE7M226Q0781,LEGEND,1,20260930T161922Z,0001S00000046,MISCELLANEOUS,B,444190,2.0,"58156 | A402783-34 | FLEXITALLIC US, LLC",,2026-08-26,2026-09-04,BOX; FUEL; LEGEND,DIBBS|SPE7M226Q0781|0001S00000046,First article test line - not a product line
SPE7M226Q0781,0001S00000053,SPE7M226Q0781,08-26-2026,09-04-2026,2026-08-26 12:39:00,Origin,Origin,Tech,7016286271,https://dibbs2.bsm.dla.mil/Downloads/RFQ/1/SPE7M226Q0781.PDF,https://www.dibbs.bsm.dla.mil/RFQ/RFQRec.aspx?sn=SPE7M226Q0781,https://www.dibbs.bsm.dla.mil/rfq/rfqrec.aspx?sn=SPE7M226Q0781,LEGEND,1,20260930T161922Z,0001S00000053,CONTRACTOR FIRST ARTIC,B,000000,1.0,"58156 | A402783-34 | FLEXITALLIC US, LLC",,2026-08-26,2026-09-04,BOX; FUEL; LEGEND,DIBBS|SPE7M226Q0781|0001S00000053,First article test line - not a product line
SPE7M226Q0570,0001S00000046,SPE7M226Q0570,06-16-2026,06-25-2026,2026-08-21 02:41:27,Origin,Origin,Tech,7016888154,https://dibbs2.bsm.dla.mil/Downloads/RFQ/0/SPE7M226Q0570.PDF,https://www.dibbs.bsm.dla.mil/RFQ/RFQRec.aspx?sn=SPE7M226Q0570,https://www.dibbs.bsm.dla.mil/rfq/rfqrec.aspx?sn=SPE7M226Q0570,LEGEND,2,20260930T161939Z,0001S00000046,MISCELLANEOUS,C,444190,2.0,73680 | 416543-2 | GARLOCK SEALING TECHNOLOGIES LLC,,2026-06-16,2026-06-25,BOX; FUEL; LEGEND,DIBBS|SPE7M226Q0570|0001S00000046,First article test line - not a product line
SPE7M226Q0570,0001S00000062,SPE7M226Q0570,06-16-2026,06-25-2026,2026-08-21 02:41:27,Origin,Origin,Tech,7016888154,https://dibbs2.bsm.dla.mil/Downloads/RFQ/0/SPE7M226Q0570.PDF,https://www.dibbs.bsm.dla.mil/RFQ/RFQRec.aspx?sn=SPE7M226Q0570,https://www.dibbs.bsm.dla.mil/rfq/rfqrec.aspx?sn=SPE7M226Q0570,LEGEND,2,20260930T161939Z,0001S00000062,PRODUCTION LOT TESTING,C,000000,1.0,73680 | 416543-2 | GARLOCK SEALING TECHNOLOGIES LLC,,2026-06-16,2026-06-25,BOX; FUEL; LEGEND,DIBBS|SPE7M226Q0570|0001S00000062,First article test line - not a product line
SPE4A626Q0777,0001S00000053,SPE4A626Q0777,06-03-2026,06-17-2026,2026-08-21 02:41:27,Destination,Origin,Tech,7015853336,https://dibbs2.bsm.dla.mil/Downloads/RFQ/7/SPE4A626Q0777.PDF,https://www.dibbs.bsm.dla.mil/RFQ/RFQRec.aspx?sn=SPE4A626Q0777,https://www.dibbs.bsm.dla.mil/rfq/rfqrec.aspx?sn=SPE4A626Q0777,LEGEND,2,20260930T161939Z,0001S00000053,CONTRACTOR FIRST ARTIC,C,000000,1.0,76005 | SB7110-101 | LORD CORPORATION,,2026-06-03,2026-06-17,BOX; FUEL; LEGEND,DIBBS|SPE4A626Q0777|0001S00000053,First article test line - not a product line
SPE4A626Q0777,0001S00000061,SPE4A626Q0777,06-03-2026,06-17-2026,2026-08-21 02:41:27,Destination,Origin,Tech,7015853336,https://dibbs2.bsm.dla.mil/Downloads/RFQ/7/SPE4A626Q0777.PDF,https://www.dibbs.bsm.dla.mil/RFQ/RFQRec.aspx?sn=SPE4A626Q0777,https://www.dibbs.bsm.dla.mil/rfq/rfqrec.aspx?sn=SPE4A626Q0777,LEGEND,2,20260930T161939Z,0001S00000061,PRODUCTION LOT TESTING,C,000000,1.0,76005 | SB7110-101 | LORD CORPORATION,,2026-06-03,2026-06-17,BOX; FUEL; LEGEND,DIBBS|SPE4A626Q0777|0001S00000061,First article test line - not a product line
SPE7M226Q0699,0001S00000046,SPE7M226Q0699,07-30-2026,08-08-2026,2026-08-21 02:41:27,Origin,Origin,Tech,7017315702,https://dibbs2.bsm.dla.mil/Downloads/RFQ/9/SPE7M226Q0699.PDF,https://www.dibbs.bsm.dla.mil/RFQ/RFQRec.aspx?sn=SPE7M226Q0699,https://www.dibbs.bsm.dla.mil/rfq/rfqrec.aspx?sn=SPE7M226Q0699,LEGEND,2,20260930T161939Z,0001S00000046,MISCELLANEOUS,C,444190,2.0,"9J595 | 516579-2 | WECKWORTH MANUFACTURING, INC",,2026-07-30,2026-08-08,BOX; FUEL; LEGEND,DIBBS|SPE7M226Q0699|0001S00000046,First article test line - not a product line
SPE7M226Q0699,0001S00000053,SPE7M226Q0699,07-30-2026,08-08-2026,2026-08-21 02:41:27,Origin,Origin,Tech,7017315702,https://dibbs2.bsm.dla.mil/Downloads/RFQ/9/SPE7M226Q0699.PDF,https://www.dibbs.bsm.dla.mil/RFQ/RFQRec.aspx?sn=SPE7M226Q0699,https://www.dibbs.bsm.dla.mil/rfq/rfqrec.aspx?sn=SPE7M226Q0699,LEGEND,2,20260930T161939Z,0001S00000053,CONTRACTOR FIRST ARTIC,C,000000,1.0,"9J595 | 516579-2 | WECKWORTH MANUFACTURING, INC",,2026-07-30,2026-08-08,BOX; FUEL; LEGEND,DIBBS|SPE7M226Q0699|0001S00000053,First article test line - not a product line
SPE7M226Q0595,0001S00000046,SPE7M226Q0595,06-23-2026,07-02-2026,2026-08-21 02:41:27,Origin,Origin,None,7017038157,https://dibbs2.bsm.dla.mil/Downloads/RFQ/5/SPE7M226Q0595.PDF,https://www.dibbs.bsm.dla.mil/RFQ/RFQRec.aspx?sn=SPE7M226Q0595,https://www.dibbs.bsm.dla.mil/rfq/rfqrec.aspx?sn=SPE7M226Q0595,LEGEND,2,20260930T161939Z,0001S00000046,MISCELLANEOUS,C,444190,2.0,3DDL3 | 410410-1B | BILLET INDUSTRIES INC,,2026-06-23,2026-07-02,BOX; FUEL; LEGEND,DIBBS|SPE7M226Q0595|0001S00000046,First article test line - not a product line
SPE7M226Q0595,0001S00000053,SPE7M226Q0595,06-23-2026,07-02-2026,2026-08-21 02:41:27,Origin,Origin,None,7017038157,https://dibbs2.bsm.dla.mil/Downloads/RFQ/5/SPE7M226Q0595.PDF,https://www.dibbs.bsm.dla.mil/RFQ/RFQRec.aspx?sn=SPE7M226Q0595,https://www.dibbs.bsm.dla.mil/rfq/rfqrec.aspx?sn=SPE7M226Q0595,LEGEND,2,20260930T161939Z,0001S00000053,CONTRACTOR FIRST ARTIC,C,000000,1.0,3DDL3 | 410410-1B | BILLET INDUSTRIES INC,,2026-06-23,2026-07-02,BOX; FUEL; LEGEND,DIBBS|SPE7M226Q0595|0001S00000053,First article test line - not a product line
SPE7M226Q0741,0001S00000046,SPE7M226Q0741,08-11-2026,08-20-2026,2026-08-21 02:41:27,Origin,Origin,Tech,7017439233,https://dibbs2.bsm.dla.mil/Downloads/RFQ/1/SPE7M226Q0741.PDF,https://www.dibbs.bsm.dla.mil/RFQ/RFQRec.aspx?sn=SPE7M226Q0741,https://www.dibbs.bsm.dla.mil/rfq/rfqrec.aspx?sn=SPE7M226Q0741,LEGEND,2,20260930T161939Z,0001S00000046,MISCELLANEOUS,C,444190,2.0,No | Data | found,,2026-08-11,2026-08-20,LEGEND,DIBBS|SPE7M226Q0741|0001S00000046,First article test line - not a product line
SPE7M226Q0741,0001S00000053,SPE7M226Q0741,08-11-2026,08-20-2026,2026-08-21 02:41:27,Origin,Origin,Tech,7017439233,https://dibbs2.bsm.dla.mil/Downloads/RFQ/1/SPE7M226Q0741.PDF,https://www.dibbs.bsm.dla.mil/RFQ/RFQRec.aspx?sn=SPE7M226Q0741,https://www.dibbs.bsm.dla.mil/rfq/rfqrec.aspx?sn=SPE7M226Q0741,LEGEND,2,20260930T161939Z,0001S00000053,CONTRACTOR FIRST ARTIC,C,000000,1.0,No | Data | found,,2026-08-11,2026-08-20,LEGEND,DIBBS|SPE7M226Q0741|0001S00000053,First article test line - not a product line
SPE7M226Q0733,0001S00000046,SPE7M226Q0733,08-10-2026,08-20-2026,2026-08-21 02:41:27,Origin,Origin,Tech,7017604592,https://dibbs2.bsm.dla.mil/Downloads/RFQ/3/SPE7M226Q0733.PDF,https://www.dibbs.bsm.dla.mil/RFQ/RFQRec.aspx?sn=SPE7M226Q0733,https://www.dibbs.bsm.dla.mil/rfq/rfqrec.aspx?sn=SPE7M226Q0733,LEGEND,2,20260930T161939Z,0001S00000046,MISCELLANEOUS,C,444190,2.0,"1QX62 | 52-42284-1 | INDUSTRIAL MARINE, INC.",,2026-08-10,2026-08-20,LEGEND,DIBBS|SPE7M226Q0733|0001S00000046,First article test line - not a product line
SPE7M226Q0733,0001S00000053,SPE7M226Q0733,08-10-2026,08-20-2026,2026-08-21 02:41:27,Origin,Origin,Tech,7017604592,https://dibbs2.bsm.dla.mil/Downloads/RFQ/3/SPE7M226Q0733.PDF,https://www.dibbs.bsm.dla.mil/RFQ/RFQRec.aspx?sn=SPE7M226Q0733,https://www.dibbs.bsm.dla.mil/rfq/rfqrec.aspx?sn=SPE7M226Q0733,LEGEND,2,20260930T161939Z,0001S00000053,CONTRACTOR FIRST ARTIC,C,000000,1.0,"1QX62 | 52-42284-1 | INDUSTRIAL MARINE, INC.",,2026-08-10,2026-08-20,LEGEND,DIBBS|SPE7M226Q0733|0001S00000053,First article test line - not a product line
SPE7M226Q0161,0001S00000046,SPE7M226Q0161,12-03-2025,12-12-2025,2026-08-21 02:41:27,Origin,Origin,Tech,7014581542,https://dibbs2.bsm.dla.mil/Downloads/RFQ/1/SPE7M226Q0161.PDF,https://www.dibbs.bsm.dla.mil/RFQ/RFQRec.aspx?sn=SPE7M226Q0161,https://www.dibbs.bsm.dla.mil/rfq/rfqrec.aspx?sn=SPE7M226Q0161,LEGEND,2,20260930T161939Z,0001S00000046,MISCELLANEOUS,C,444190,2.0,36334 | 212819 | INDAL TECHNOLOGIES INC.,,2025-12-03,2025-12-12,LEGEND,DIBBS|SPE7M226Q0161|0001S00000046,First article test line - not a product line
SPE7M226Q0161,0001S00000053,SPE7M226Q0161,12-03-2025,12-12-2025,2026-08-21 02:41:27,Origin,Origin,Tech,7014581542,https://dibbs2.bsm.dla.mil/Downloads/RFQ/1/SPE7M226Q0161.PDF,https://www.dibbs.bsm.dla.mil/RFQ/RFQRec.aspx?sn=SPE7M226Q0161,https://www.dibbs.bsm.dla.mil/rfq/rfqrec.aspx?sn=SPE7M226Q0161,LEGEND,2,20260930T161939Z,0001S00000053,CONTRACTOR FIRST ARTIC,C,000000,1.0,36334 | 212819 | INDAL TECHNOLOGIES INC.,,2025-12-03,2025-12-12,LEGEND,DIBBS|SPE7M226Q0161|0001S00000053,First article test line - not a product line
SPE8E926Q0754,0001S00000053,SPE8E926Q0754,09-14-2026,09-21-2026,2026-09-14 12:57:27,Origin,Origin,Tech,7016768917,https://dibbs2.bsm.dla.mil/Downloads/RFQ/4/SPE8E926Q0754.PDF,https://www.dibbs.bsm.dla.mil/RFQ/RFQRec.aspx?sn=SPE8E926Q0754,https://www.dibbs.bsm.dla.mil/rfq/rfqrec.aspx?sn=SPE8E926Q0754,MARKING,1,20260930T161953Z,0001S00000053,CONTRACTOR FIRST ARTIC,B,000000,1.0,1LEW5 | 71009/2 | AVON PROTECTION SYSTEMS INCORPORATE,,2026-09-14,2026-09-21,BOX; FUEL; MARKING,DIBBS|SPE8E926Q0754|0001S00000053,First article test line - not a product line
SPE8E926Q0754,0001S00000062,SPE8E926Q0754,09-14-2026,09-21-2026,2026-09-14 12:57:27,Origin,Origin,Tech,7016768917,https://dibbs2.bsm.dla.mil/Downloads/RFQ/4/SPE8E926Q0754.PDF,https://www.dibbs.bsm.dla.mil/RFQ/RFQRec.aspx?sn=SPE8E926Q0754,https://www.dibbs.bsm.dla.mil/rfq/rfqrec.aspx?sn=SPE8E926Q0754,MARKING,1,20260930T161953Z,0001S00000062,PRODUCTION LOT TESTING,B,000000,1.0,1LEW5 | 71009/2 | AVON PROTECTION SYSTEMS INCORPORATE,,2026-09-14,2026-09-21,BOX; FUEL; MARKING,DIBBS|SPE8E926Q0754|0001S00000062,First article test line - not a product line
SPE7M226T6746,0001S00000062,SPE7M226T6746,09-10-2026,09-21-2026,2026-09-09 01:35:11,Origin,Destination,Tech,7018182683,https://dibbs2.bsm.dla.mil/Downloads/RFQ/6/SPE7M226T6746.PDF,https://www.dibbs.bsm.dla.mil/RFQ/RFQRec.aspx?sn=SPE7M226T6746,https://www.dibbs.bsm.dla.mil/rfq/rfqrec.aspx?sn=SPE7M226T6746,MARKING,2,20260930T162013Z,0001S00000062,PRODUCTION LOT TESTING,G,______,1.0,,,2026-09-10,2026-09-21,MARKING,DIBBS|SPE7M226T6746|0001S00000062,First article test line - not a product line
SPE7L726Q2317,0001S00000061,SPE7L726Q2317,08-28-2026,09-08-2026,2026-08-27 02:55:07,Destination,Origin,None,7017286010; 7017416601; 7017416602; 7017416605; 7017416606; 7017518105; 7017518106; 7017518107; 7017613674,https://dibbs2.bsm.dla.mil/Downloads/RFQ/7/SPE7L726Q2317.PDF,https://www.dibbs.bsm.dla.mil/RFQ/RFQRec.aspx?sn=SPE7L726Q2317,https://www.dibbs.bsm.dla.mil/rfq/rfqrec.aspx?sn=SPE7L726Q2317,MARKING,2,20260930T162013Z,0001S00000061,PRODUCTION LOT TESTING,T,000000,1.0,,,2026-08-28,2026-09-08,BOX; FUEL; MARKING,DIBBS|SPE7L726Q2317|0001S00000061,First article test line - not a product line
SPE4A626T20MQ,0001S00000052,SPE4A626T20MQ,08-20-2026,08-27-2026,2026-08-21 02:41:27,Origin,Origin,Tech,7017914894,https://dibbs2.bsm.dla.mil/Downloads/RFQ/Q/SPE4A626T20MQ.PDF,https://www.dibbs.bsm.dla.mil/RFQ/RFQRec.aspx?sn=SPE4A626T20MQ,https://www.dibbs.bsm.dla.mil/rfq/rfqrec.aspx?sn=SPE4A626T20MQ,MARKING,3,20260930T162033Z,0001S00000052,GOVERNMENT FIRST ARTIC,C,______,1.0,07482 | 9943M62G05 | GENERAL ELECTRIC COMPANY,,2026-08-20,2026-08-27,MARKING,DIBBS|SPE4A626T20MQ|0001S00000052,First article test line - not a product line
SPE7L126T944P,0001S00000053,SPE7L126T944P,08-10-2026,08-20-2026,2026-08-21 02:41:27,Origin,Origin,Tech,7017775854,https://dibbs2.bsm.dla.mil/Downloads/RFQ/P/SPE7L126T944P.PDF,https://www.dibbs.bsm.dla.mil/RFQ/RFQRec.aspx?sn=SPE7L126T944P,https://www.dibbs.bsm.dla.mil/rfq/rfqrec.aspx?sn=SPE7L126T944P,MARKING,4,20260930T162052Z,0001S00000053,CONTRACTOR FIRST ARTIC,C,______,1.0,No | Data | found,,2026-08-10,2026-08-20,MARKING,DIBBS|SPE7L126T944P|0001S00000053,First article test line - not a product line
SPE7L726Q2464,0001S00000052,SPE7L726Q2464,09-22-2026,10-01-2026,2026-09-22 11:04:19,Origin,Origin,Tech,7018059538; 7018059539; 7018060409,https://dibbs2.bsm.dla.mil/Downloads/RFQ/4/SPE7L726Q2464.PDF,https://www.dibbs.bsm.dla.mil/RFQ/RFQRec.aspx?sn=SPE7L726Q2464,https://www.dibbs.bsm.dla.mil/rfq/rfqrec.aspx?sn=SPE7L726Q2464,MARKING,5,20260930T162112Z,0001S00000052,GOVERNMENT FIRST ARTIC,G,000000,1.0,,,2026-09-22,2026-10-01,BOX; FUEL; MARKING,DIBBS|SPE7L726Q2464|0001S00000052,First article test line - not a product line
SPE7L726Q2464,0001S00000061,SPE7L726Q2464,09-22-2026,10-01-2026,2026-09-22 11:04:19,Origin,Origin,Tech,7018059538; 7018059539; 7018060409,https://dibbs2.bsm.dla.mil/Downloads/RFQ/4/SPE7L726Q2464.PDF,https://www.dibbs.bsm.dla.mil/RFQ/RFQRec.aspx?sn=SPE7L726Q2464,https://www.dibbs.bsm.dla.mil/rfq/rfqrec.aspx?sn=SPE7L726Q2464,MARKING,5,20260930T162112Z,0001S00000061,PRODUCTION LOT TESTING,G,000000,1.0,,,2026-09-22,2026-10-01,BOX; FUEL; MARKING,DIBBS|SPE7L726Q2464|0001S00000061,First article test line - not a product line
SPE7L726Q2463,0001S00000052,SPE7L726Q2463,09-22-2026,10-01-2026,2026-09-22 11:04:15,Origin,Origin,Tech,7018054896; 7018060690; 7018185632,https://dibbs2.bsm.dla.mil/Downloads/RFQ/3/SPE7L726Q2463.PDF,https://www.dibbs.bsm.dla.mil/RFQ/RFQRec.aspx?sn=SPE7L726Q2463,https://www.dibbs.bsm.dla.mil/rfq/rfqrec.aspx?sn=SPE7L726Q2463,MARKING,5,20260930T162112Z,0001S00000052,GOVERNMENT FIRST ARTIC,G,000000,1.0,,,2026-09-22,2026-10-01,FUEL; MARKING,DIBBS|SPE7L726Q2463|0001S00000052,First article test line - not a product line
SPE7L726Q2463,0001S00000061,SPE7L726Q2463,09-22-2026,10-01-2026,2026-09-22 11:04:15,Origin,Origin,Tech,7018054896; 7018060690; 7018185632,https://dibbs2.bsm.dla.mil/Downloads/RFQ/3/SPE7L726Q2463.PDF,https://www.dibbs.bsm.dla.mil/RFQ/RFQRec.aspx?sn=SPE7L726Q2463,https://www.dibbs.bsm.dla.mil/rfq/rfqrec.aspx?sn=SPE7L726Q2463,MARKING,5,20260930T162112Z,0001S00000061,PRODUCTION LOT TESTING,G,000000,1.0,,,2026-09-22,2026-10-01,FUEL; MARKING,DIBBS|SPE7L726Q2463|0001S00000061,First article test line - not a product line
SPE4A626T09JA,0001S00000053,SPE4A626T09JA,07-24-2026,07-31-2026,2026-08-21 02:41:27,Origin,Origin,Tech,7017571811,https://dibbs2.bsm.dla.mil/Downloads/RFQ/A/SPE4A626T09JA.PDF,https://www.dibbs.bsm.dla.mil/RFQ/RFQRec.aspx?sn=SPE4A626T09JA,https://www.dibbs.bsm.dla.mil/rfq/rfqrec.aspx?sn=SPE4A626T09JA,MARKING,6,20260930T162132Z,0001S00000053,CONTRACTOR FIRST ARTIC,C,______,1.0,78286 | 70400-08112-046 | SIKORSKY AIRCRAFT CORPORATION,,2026-07-24,2026-07-31,MARKING,DIBBS|SPE4A626T09JA|0001S00000053,First article test line - not a product line
SPE4A626T09JA,0001S00000061,SPE4A626T09JA,07-24-2026,07-31-2026,2026-08-21 02:41:27,Origin,Origin,Tech,7017571811,https://dibbs2.bsm.dla.mil/Downloads/RFQ/A/SPE4A626T09JA.PDF,https://www.dibbs.bsm.dla.mil/RFQ/RFQRec.aspx?sn=SPE4A626T09JA,https://www.dibbs.bsm.dla.mil/rfq/rfqrec.aspx?sn=SPE4A626T09JA,MARKING,6,20260930T162132Z,0001S00000061,PRODUCTION LOT TESTING,C,______,1.0,78286 | 70400-08112-046 | SIKORSKY AIRCRAFT CORPORATION,,2026-07-24,2026-07-31,MARKING,DIBBS|SPE4A626T09JA|0001S00000061,First article test line - not a product line
SPE7LX26T0838,0001S00000053,SPE7LX26T0838,08-05-2026,08-17-2026,2026-08-21 02:41:27,Destination,Origin,Tech,7017602281,https://dibbs2.bsm.dla.mil/Downloads/RFQ/8/SPE7LX26T0838.PDF,https://www.dibbs.bsm.dla.mil/RFQ/RFQRec.aspx?sn=SPE7LX26T0838,https://www.dibbs.bsm.dla.mil/rfq/rfqrec.aspx?sn=SPE7LX26T0838,MARKING,6,20260930T162132Z,0001S00000053,CONTRACTOR FIRST ARTIC,B,______,1.0,04055 | 9A34 | EAST PENN MANUFACTURING CO.,,2026-08-05,2026-08-17,MARKING,DIBBS|SPE7LX26T0838|0001S00000053,First article test line - not a product line
SPE7L326T199A,0001S00000053,SPE7L326T199A,08-21-2026,08-31-2026,2026-08-22 11:29:04,Origin,Origin,Tech,7017986585,https://dibbs2.bsm.dla.mil/Downloads/RFQ/A/SPE7L326T199A.PDF,https://www.dibbs.bsm.dla.mil/RFQ/RFQRec.aspx?sn=SPE7L326T199A,https://www.dibbs.bsm.dla.mil/rfq/rfqrec.aspx?sn=SPE7L326T199A,MARKING,7,20260930T162151Z,0001S00000053,CONTRACTOR FIRST ARTIC,G,______,1.0,,,2026-08-21,2026-08-31,MARKING,DIBBS|SPE7L326T199A|0001S00000053,First article test line - not a product line
SPE4A726T676K,0001S00000053,SPE4A726T676K,08-19-2026,08-26-2026,2026-08-21 02:41:27,Origin,Origin,Tech,7017940353,https://dibbs2.bsm.dla.mil/Downloads/RFQ/K/SPE4A726T676K.PDF,https://www.dibbs.bsm.dla.mil/RFQ/RFQRec.aspx?sn=SPE4A726T676K,https://www.dibbs.bsm.dla.mil/rfq/rfqrec.aspx?sn=SPE4A726T676K,MARKING,7,20260930T162151Z,0001S00000053,CONTRACTOR FIRST ARTIC,G,______,1.0,,,2026-08-19,2026-08-26,MARKING,DIBBS|SPE4A726T676K|0001S00000053,First article test line - not a product line
SPE4A726Q1055,0001S00000040,SPE4A726Q1055,08-14-2026,08-28-2026,2026-08-21 02:41:27,Origin,Origin,Tech,7017108455,https://dibbs2.bsm.dla.mil/Downloads/RFQ/5/SPE4A726Q1055.PDF,https://www.dibbs.bsm.dla.mil/RFQ/RFQRec.aspx?sn=SPE4A726Q1055,https://www.dibbs.bsm.dla.mil/rfq/rfqrec.aspx?sn=SPE4A726Q1055,MARKING,8,20260930T162211Z,0001S00000040,SPECIAL TESTING,T,000000,1.0,,,2026-08-14,2026-08-28,BOX; FUEL; MARKING,DIBBS|SPE4A726Q1055|0001S00000040,First article test line - not a product line
SPE4A726Q1055,0001S00000052,SPE4A726Q1055,08-14-2026,08-28-2026,2026-08-21 02:41:27,Origin,Origin,Tech,7017108455,https://dibbs2.bsm.dla.mil/Downloads/RFQ/5/SPE4A726Q1055.PDF,https://www.dibbs.bsm.dla.mil/RFQ/RFQRec.aspx?sn=SPE4A726Q1055,https://www.dibbs.bsm.dla.mil/rfq/rfqrec.aspx?sn=SPE4A726Q1055,MARKING,8,20260930T162211Z,0001S00000052,GOVERNMENT FIRST ARTIC,T,000000,1.0,,,2026-08-14,2026-08-28,BOX; FUEL; MARKING,DIBBS|SPE4A726Q1055|0001S00000052,First article test line - not a product line
SPE4A726Q1055,0001S00000061,SPE4A726Q1055,08-14-2026,08-28-2026,2026-08-21 02:41:27,Origin,Origin,Tech,7017108455,https://dibbs2.bsm.dla.mil/Downloads/RFQ/5/SPE4A726Q1055.PDF,https://www.dibbs.bsm.dla.mil/RFQ/RFQRec.aspx?sn=SPE4A726Q1055,https://www.dibbs.bsm.dla.mil/rfq/rfqrec.aspx?sn=SPE4A726Q1055,MARKING,8,20260930T162211Z,0001S00000061,PRODUCTION LOT TESTING,T,000000,1.0,,,2026-08-14,2026-08-28,BOX; FUEL; MARKING,DIBBS|SPE4A726Q1055|0001S00000061,First article test line - not a product line
SPE4A726Q1056,0001S00000040,SPE4A726Q1056,08-14-2026,08-28-2026,2026-08-21 02:41:27,Origin,Origin,Tech,7017486869,https://dibbs2.bsm.dla.mil/Downloads/RFQ/6/SPE4A726Q1056.PDF,https://www.dibbs.bsm.dla.mil/RFQ/RFQRec.aspx?sn=SPE4A726Q1056,https://www.dibbs.bsm.dla.mil/rfq/rfqrec.aspx?sn=SPE4A726Q1056,MARKING,8,20260930T162211Z,0001S00000040,SPECIAL TESTING,T,000000,1.0,,,2026-08-14,2026-08-28,BOX; FUEL; MARKING,DIBBS|SPE4A726Q1056|0001S00000040,First article test line - not a product line
SPE4A726Q1056,0001S00000052,SPE4A726Q1056,08-14-2026,08-28-2026,2026-08-21 02:41:27,Origin,Origin,Tech,7017486869,https://dibbs2.bsm.dla.mil/Downloads/RFQ/6/SPE4A726Q1056.PDF,https://www.dibbs.bsm.dla.mil/RFQ/RFQRec.aspx?sn=SPE4A726Q1056,https://www.dibbs.bsm.dla.mil/rfq/rfqrec.aspx?sn=SPE4A726Q1056,MARKING,8,20260930T162211Z,0001S00000052,GOVERNMENT FIRST ARTIC,T,000000,1.0,,,2026-08-14,2026-08-28,BOX; FUEL; MARKING,DIBBS|SPE4A726Q1056|0001S00000052,First article test line - not a product line
SPE4A726Q1056,0001S00000061,SPE4A726Q1056,08-14-2026,08-28-2026,2026-08-21 02:41:27,Origin,Origin,Tech,7017486869,https://dibbs2.bsm.dla.mil/Downloads/RFQ/6/SPE4A726Q1056.PDF,https://www.dibbs.bsm.dla.mil/RFQ/RFQRec.aspx?sn=SPE4A726Q1056,https://www.dibbs.bsm.dla.mil/rfq/rfqrec.aspx?sn=SPE4A726Q1056,MARKING,8,20260930T162211Z,0001S00000061,PRODUCTION LOT TESTING,T,000000,1.0,,,2026-08-14,2026-08-28,BOX; FUEL; MARKING,DIBBS|SPE4A726Q1056|0001S00000061,First article test line - not a product line
SPE4AN26T0063,0001S00000053,SPE4AN26T0063,06-01-2026,06-08-2026,2026-08-21 02:41:27,Destination,Destination,Tech,7016929185,https://dibbs2.bsm.dla.mil/Downloads/RFQ/3/SPE4AN26T0063.PDF,https://www.dibbs.bsm.dla.mil/RFQ/RFQRec.aspx?sn=SPE4AN26T0063,https://www.dibbs.bsm.dla.mil/rfq/rfqrec.aspx?sn=SPE4AN26T0063,MARKING,8,20260930T162211Z,0001S00000053,CONTRACTOR FIRST ARTIC,C,______,1.0,21540 | 70108-28058-101 | PRECISION GEAR INDUSTRIES LLC,,2026-06-01,2026-06-08,MARKING,DIBBS|SPE4AN26T0063|0001S00000053,First article test line - not a product line
SPE4AN26T0063,0001S00000062,SPE4AN26T0063,06-01-2026,06-08-2026,2026-08-21 02:41:27,Destination,Destination,Tech,7016929185,https://dibbs2.bsm.dla.mil/Downloads/RFQ/3/SPE4AN26T0063.PDF,https://www.dibbs.bsm.dla.mil/RFQ/RFQRec.aspx?sn=SPE4AN26T0063,https://www.dibbs.bsm.dla.mil/rfq/rfqrec.aspx?sn=SPE4AN26T0063,MARKING,8,20260930T162211Z,0001S00000062,PRODUCTION LOT TESTING,C,______,1.0,21540 | 70108-28058-101 | PRECISION GEAR INDUSTRIES LLC,,2026-06-01,2026-06-08,MARKING,DIBBS|SPE4AN26T0063|0001S00000062,First article test line - not a product line
SPE7M525T569X,0001S00000061,SPE7M525T569X,09-04-2025,09-15-2025,2026-08-21 02:41:27,Origin,Destination,None,0053175390,https://dibbs2.bsm.dla.mil/Downloads/RFQ/X/SPE7M525T569X.PDF,https://www.dibbs.bsm.dla.mil/RFQ/RFQRec.aspx?sn=SPE7M525T569X,https://www.dibbs.bsm.dla.mil/rfq/rfqrec.aspx?sn=SPE7M525T569X,MARKING,12,20260930T162329Z,0001S00000061,PRODUCTION LOT TESTING,C,______,1.0,3B150 | 710984-1 | RAYTHEON COMPANY,,2025-09-04,2025-09-15,MARKING,DIBBS|SPE7M525T569X|0001S00000061,First article test line - not a product line
SPE4A626T34JN,0001S00000053,SPE4A626T34JN,09-21-2026,09-28-2026,2026-09-21 12:15:49,Origin,Origin,None,7018390387,https://dibbs2.bsm.dla.mil/Downloads/RFQ/N/SPE4A626T34JN.PDF,https://www.dibbs.bsm.dla.mil/RFQ/RFQRec.aspx?sn=SPE4A626T34JN,https://www.dibbs.bsm.dla.mil/rfq/rfqrec.aspx?sn=SPE4A626T34JN,MARKING,13,20260930T162348Z,0001S00000053,CONTRACTOR FIRST ARTIC,C,______,1.0,"58078 | 70400-01612-044 | AIRTRONICS, LLC",,2026-09-21,2026-09-28,MARKING,DIBBS|SPE4A626T34JN|0001S00000053,First article test line - not a product line
SPE4A526T412Y,0001S00000053,SPE4A526T412Y,09-10-2026,09-17-2026,2026-09-09 05:18:39,Origin,Origin,Tech,7018248714,https://dibbs2.bsm.dla.mil/Downloads/RFQ/Y/SPE4A526T412Y.PDF,https://www.dibbs.bsm.dla.mil/RFQ/RFQRec.aspx?sn=SPE4A526T412Y,https://www.dibbs.bsm.dla.mil/rfq/rfqrec.aspx?sn=SPE4A526T412Y,MARKING,13,20260930T162348Z,0001S00000053,CONTRACTOR FIRST ARTIC,G,______,1.0,,,2026-09-10,2026-09-17,MARKING,DIBBS|SPE4A526T412Y|0001S00000053,First article test line - not a product line
SPE4A626T19YU,0001S00000053,SPE4A626T19YU,08-19-2026,08-26-2026,2026-08-21 02:41:27,Origin,Origin,None,7017914357,https://dibbs2.bsm.dla.mil/Downloads/RFQ/U/SPE4A626T19YU.PDF,https://www.dibbs.bsm.dla.mil/RFQ/RFQRec.aspx?sn=SPE4A626T19YU,https://www.dibbs.bsm.dla.mil/rfq/rfqrec.aspx?sn=SPE4A626T19YU,MARKING,14,20260930T162408Z,0001S00000053,CONTRACTOR FIRST ARTIC,C,______,1.0,"58078 | 70400-01612-044 | AIRTRONICS, LLC",,2026-08-19,2026-08-26,MARKING,DIBBS|SPE4A626T19YU|0001S00000053,First article test line - not a product line
SPE4A526T345F,0001S00000053,SPE4A526T345F,08-12-2026,08-19-2026,2026-08-21 02:41:27,Origin,Origin,Tech,7017742741,https://dibbs2.bsm.dla.mil/Downloads/RFQ/F/SPE4A526T345F.PDF,https://www.dibbs.bsm.dla.mil/RFQ/RFQRec.aspx?sn=SPE4A526T345F,https://www.dibbs.bsm.dla.mil/rfq/rfqrec.aspx?sn=SPE4A526T345F,MARKING,14,20260930T162408Z,0001S00000053,CONTRACTOR FIRST ARTIC,G,______,1.0,,,2026-08-12,2026-08-19,MARKING,DIBBS|SPE4A526T345F|0001S00000053,First article test line - not a product line
SPE4A625T21DN,0001S00000052,SPE4A625T21DN,08-04-2025,08-11-2025,2026-08-21 02:41:27,Origin,Origin,Tech,7010363116,https://dibbs2.bsm.dla.mil/Downloads/RFQ/N/SPE4A625T21DN.PDF,https://www.dibbs.bsm.dla.mil/RFQ/RFQRec.aspx?sn=SPE4A625T21DN,https://www.dibbs.bsm.dla.mil/rfq/rfqrec.aspx?sn=SPE4A625T21DN,MARKING,14,20260930T162408Z,0001S00000052,GOVERNMENT FIRST ARTIC,C,______,1.0,"05DN8 | 549AS122-1 | KLUNE INDUSTRIES, INC.",,2025-08-04,2025-08-11,MARKING,DIBBS|SPE4A625T21DN|0001S00000052,First article test line - not a product line
SPE4A625T21DN,0001S00000061,SPE4A625T21DN,08-04-2025,08-11-2025,2026-08-21 02:41:27,Origin,Origin,Tech,7010363116,https://dibbs2.bsm.dla.mil/Downloads/RFQ/N/SPE4A625T21DN.PDF,https://www.dibbs.bsm.dla.mil/RFQ/RFQRec.aspx?sn=SPE4A625T21DN,https://www.dibbs.bsm.dla.mil/rfq/rfqrec.aspx?sn=SPE4A625T21DN,MARKING,14,20260930T162408Z,0001S00000061,PRODUCTION LOT TESTING,C,______,1.0,"05DN8 | 549AS122-1 | KLUNE INDUSTRIES, INC.",,2025-08-04,2025-08-11,MARKING,DIBBS|SPE4A625T21DN|0001S00000061,First article test line - not a product line
SPE4A625T01M3,0001S00000052,SPE4A625T01M3,03-18-2025,03-25-2025,2026-08-21 02:41:27,Origin,Origin,Tech,7005771690,https://dibbs2.bsm.dla.mil/Downloads/RFQ/3/SPE4A625T01M3.PDF,https://www.dibbs.bsm.dla.mil/RFQ/RFQRec.aspx?sn=SPE4A625T01M3,https://www.dibbs.bsm.dla.mil/rfq/rfqrec.aspx?sn=SPE4A625T01M3,MARKING,14,20260930T162408Z,0001S00000052,GOVERNMENT FIRST ARTIC,C,______,1.0,"2V343 | 65130-07154-045 | APEX MANUFACTURING COMPANY, INC.",,2025-03-18,2025-03-25,MARKING,DIBBS|SPE4A625T01M3|0001S00000052,First article test line - not a product line
SPE4A625T01M3,0001S00000061,SPE4A625T01M3,03-18-2025,03-25-2025,2026-08-21 02:41:27,Origin,Origin,Tech,7005771690,https://dibbs2.bsm.dla.mil/Downloads/RFQ/3/SPE4A625T01M3.PDF,https://www.dibbs.bsm.dla.mil/RFQ/RFQRec.aspx?sn=SPE4A625T01M3,https://www.dibbs.bsm.dla.mil/rfq/rfqrec.aspx?sn=SPE4A625T01M3,MARKING,14,20260930T162408Z,0001S00000061,PRODUCTION LOT TESTING,C,______,1.0,"2V343 | 65130-07154-045 | APEX MANUFACTURING COMPANY, INC.",,2025-03-18,2025-03-25,MARKING,DIBBS|SPE4A625T01M3|0001S00000061,First article test line - not a product line
SPE4A726T797Z,0001S00000052,SPE4A726T797Z,09-28-2026,10-05-2026,2026-09-27 06:21:44,Destination,Origin,None,7018392311,https://dibbs2.bsm.dla.mil/Downloads/RFQ/Z/SPE4A726T797Z.PDF,https://www.dibbs.bsm.dla.mil/RFQ/RFQRec.aspx?sn=SPE4A726T797Z,https://www.dibbs.bsm.dla.mil/rfq/rfqrec.aspx?sn=SPE4A726T797Z,MARKING,15,20260930T162428Z,0001S00000052,GOVERNMENT FIRST ARTIC,C,______,1.0,10236 | 8501569-1 | ELECTRODYNAMICS INC,,2026-09-28,2026-10-05,MARKING,DIBBS|SPE4A726T797Z|0001S00000052,First article test line - not a product line
SPE7MC26T288S,0001S00000053,SPE7MC26T288S,09-23-2026,10-05-2026,2026-09-22 06:34:55,Origin,Origin,None,7018272221,https://dibbs2.bsm.dla.mil/Downloads/RFQ/S/SPE7MC26T288S.PDF,https://www.dibbs.bsm.dla.mil/RFQ/RFQRec.aspx?sn=SPE7MC26T288S,https://www.dibbs.bsm.dla.mil/rfq/rfqrec.aspx?sn=SPE7MC26T288S,MARKING,15,20260930T162428Z,0001S00000053,CONTRACTOR FIRST ARTIC,C,______,1.0,"19062 | 20C-0021-2 | ESSEX INDUSTRIES, INC.",,2026-09-23,2026-10-05,MARKING,DIBBS|SPE7MC26T288S|0001S00000053,First article test line - not a product line
SPE7L426T6812,0001S00000053,SPE7L426T6812,09-11-2026,09-21-2026,2026-09-10 04:44:48,Origin,Origin,Tech,7018268825,https://dibbs2.bsm.dla.mil/Downloads/RFQ/2/SPE7L426T6812.PDF,https://www.dibbs.bsm.dla.mil/RFQ/RFQRec.aspx?sn=SPE7L426T6812,https://www.dibbs.bsm.dla.mil/rfq/rfqrec.aspx?sn=SPE7L426T6812,MARKING,15,20260930T162428Z,0001S00000053,CONTRACTOR FIRST ARTIC,G,______,1.0,,,2026-09-11,2026-09-21,MARKING,DIBBS|SPE7L426T6812|0001S00000053,First article test line - not a product line
SPE7L326T163C,0001S00000053,SPE7L326T163C,08-07-2026,08-17-2026,2026-08-21 02:41:27,Origin,Origin,Tech,7017779333,https://dibbs2.bsm.dla.mil/Downloads/RFQ/C/SPE7L326T163C.PDF,https://www.dibbs.bsm.dla.mil/RFQ/RFQRec.aspx?sn=SPE7L326T163C,https://www.dibbs.bsm.dla.mil/rfq/rfqrec.aspx?sn=SPE7L326T163C,MARKING,16,20260930T162448Z,0001S00000053,CONTRACTOR FIRST ARTIC,G,______,1.0,,,2026-08-07,2026-08-17,MARKING,DIBBS|SPE7L326T163C|0001S00000053,First article test line - not a product line
SPE4A726Q0978,0001S00000052,SPE4A726Q0978,08-05-2026,09-02-2026,2026-08-21 02:41:27,Origin,Origin,Tech,7017226798,https://dibbs2.bsm.dla.mil/Downloads/RFQ/8/SPE4A726Q0978.PDF,https://www.dibbs.bsm.dla.mil/RFQ/RFQRec.aspx?sn=SPE4A726Q0978,https://www.dibbs.bsm.dla.mil/rfq/rfqrec.aspx?sn=SPE4A726Q0978,MARKING,16,20260930T162448Z,0001S00000052,GOVERNMENT FIRST ARTIC,G,000000,1.0,,,2026-08-05,2026-09-02,BOX; FUEL; MARKING,DIBBS|SPE4A726Q0978|0001S00000052,First article test line - not a product line
SPE4A726Q0978,0001S00000061,SPE4A726Q0978,08-05-2026,09-02-2026,2026-08-21 02:41:27,Origin,Origin,Tech,7017226798,https://dibbs2.bsm.dla.mil/Downloads/RFQ/8/SPE4A726Q0978.PDF,https://www.dibbs.bsm.dla.mil/RFQ/RFQRec.aspx?sn=SPE4A726Q0978,https://www.dibbs.bsm.dla.mil/rfq/rfqrec.aspx?sn=SPE4A726Q0978,MARKING,16,20260930T162448Z,0001S00000061,PRODUCTION LOT TESTING,G,000000,1.0,,,2026-08-05,2026-09-02,BOX; FUEL; MARKING,DIBBS|SPE4A726Q0978|0001S00000061,First article test line - not a product line
SPE4A626Q1292,0001S00000053,SPE4A626Q1292,08-05-2026,08-15-2026,2026-08-21 02:41:27,Origin,Origin,Tech,7017016949; 7017036551,https://dibbs2.bsm.dla.mil/Downloads/RFQ/2/SPE4A626Q1292.PDF,https://www.dibbs.bsm.dla.mil/RFQ/RFQRec.aspx?sn=SPE4A626Q1292,https://www.dibbs.bsm.dla.mil/rfq/rfqrec.aspx?sn=SPE4A626Q1292,MARKING,16,20260930T162448Z,0001S00000053,CONTRACTOR FIRST ARTIC,C,000000,1.0,32865 | 13588689 | DRS NETWORK & IMAGING SYSTEMS LLC,,2026-08-05,2026-08-15,BOX; FUEL; HARNESS; MARKING,DIBBS|SPE4A626Q1292|0001S00000053,First article test line - not a product line
SPE4A726Q0434,0001S00000040,SPE4A726Q0434,02-12-2026,02-26-2026,2026-08-21 02:41:27,Origin,Origin,Tech,7014488200,https://dibbs2.bsm.dla.mil/Downloads/RFQ/4/SPE4A726Q0434.PDF,https://www.dibbs.bsm.dla.mil/RFQ/RFQRec.aspx?sn=SPE4A726Q0434,https://www.dibbs.bsm.dla.mil/rfq/rfqrec.aspx?sn=SPE4A726Q0434,MARKING,16,20260930T162448Z,0001S00000040,SPECIAL TESTING,T,000000,1.0,,,2026-02-12,2026-02-26,BOX; FUEL; MARKING,DIBBS|SPE4A726Q0434|0001S00000040,First article test line - not a product line
SPE4A726Q0434,0001S00000052,SPE4A726Q0434,02-12-2026,02-26-2026,2026-08-21 02:41:27,Origin,Origin,Tech,7014488200,https://dibbs2.bsm.dla.mil/Downloads/RFQ/4/SPE4A726Q0434.PDF,https://www.dibbs.bsm.dla.mil/RFQ/RFQRec.aspx?sn=SPE4A726Q0434,https://www.dibbs.bsm.dla.mil/rfq/rfqrec.aspx?sn=SPE4A726Q0434,MARKING,16,20260930T162448Z,0001S00000052,GOVERNMENT FIRST ARTIC,T,000000,1.0,,,2026-02-12,2026-02-26,BOX; FUEL; MARKING,DIBBS|SPE4A726Q0434|0001S00000052,First article test line - not a product line
SPE4A726Q0434,0001S00000061,SPE4A726Q0434,02-12-2026,02-26-2026,2026-08-21 02:41:27,Origin,Origin,Tech,7014488200,https://dibbs2.bsm.dla.mil/Downloads/RFQ/4/SPE4A726Q0434.PDF,https://www.dibbs.bsm.dla.mil/RFQ/RFQRec.aspx?sn=SPE4A726Q0434,https://www.dibbs.bsm.dla.mil/rfq/rfqrec.aspx?sn=SPE4A726Q0434,MARKING,16,20260930T162448Z,0001S00000061,PRODUCTION LOT TESTING,T,000000,1.0,,,2026-02-12,2026-02-26,BOX; FUEL; MARKING,DIBBS|SPE4A726Q0434|0001S00000061,First article test line - not a product line
SPE8E626T3909,0001S00000053,SPE8E626T3909,07-29-2026,08-10-2026,2026-08-21 02:41:27,Origin,Origin,Tech,7017645983; 7017646031,https://dibbs2.bsm.dla.mil/Downloads/RFQ/9/SPE8E626T3909.PDF,https://www.dibbs.bsm.dla.mil/RFQ/RFQRec.aspx?sn=SPE8E626T3909,https://www.dibbs.bsm.dla.mil/rfq/rfqrec.aspx?sn=SPE8E626T3909,MARKING,16,20260930T162448Z,0001S00000053,CONTRACTOR FIRST ARTIC,G,______,1.0,,,2026-07-29,2026-08-10,MARKING,DIBBS|SPE8E626T3909|0001S00000053,First article test line - not a product line
SPE4A626T12TB,0001S00000052,SPE4A626T12TB,08-06-2026,08-13-2026,2026-08-21 02:41:27,Origin,Origin,Tech,7017649927,https://dibbs2.bsm.dla.mil/Downloads/RFQ/B/SPE4A626T12TB.PDF,https://www.dibbs.bsm.dla.mil/RFQ/RFQRec.aspx?sn=SPE4A626T12TB,https://www.dibbs.bsm.dla.mil/rfq/rfqrec.aspx?sn=SPE4A626T12TB,MARKING,16,20260930T162448Z,0001S00000052,GOVERNMENT FIRST ARTIC,C,______,1.0,0UCY9 | 70209-27007-105 | M.S. AEROSPACE INC.,,2026-08-06,2026-08-13,MARKING,DIBBS|SPE4A626T12TB|0001S00000052,First article test line - not a product line
SPE4A626T12TB,0001S00000061,SPE4A626T12TB,08-06-2026,08-13-2026,2026-08-21 02:41:27,Origin,Origin,Tech,7017649927,https://dibbs2.bsm.dla.mil/Downloads/RFQ/B/SPE4A626T12TB.PDF,https://www.dibbs.bsm.dla.mil/RFQ/RFQRec.aspx?sn=SPE4A626T12TB,https://www.dibbs.bsm.dla.mil/rfq/rfqrec.aspx?sn=SPE4A626T12TB,MARKING,16,20260930T162448Z,0001S00000061,PRODUCTION LOT TESTING,C,______,1.0,0UCY9 | 70209-27007-105 | M.S. AEROSPACE INC.,,2026-08-06,2026-08-13,MARKING,DIBBS|SPE4A626T12TB|0001S00000061,First article test line - not a product line
SPE7M426T256Q,0001S00000053,SPE7M426T256Q,07-14-2026,07-24-2026,2026-08-21 02:41:27,Origin,Origin,Tech,7011989887,https://dibbs2.bsm.dla.mil/Downloads/RFQ/Q/SPE7M426T256Q.PDF,https://www.dibbs.bsm.dla.mil/RFQ/RFQRec.aspx?sn=SPE7M426T256Q,https://www.dibbs.bsm.dla.mil/rfq/rfqrec.aspx?sn=SPE7M426T256Q,MARKING,17,20260930T162508Z,0001S00000053,CONTRACTOR FIRST ARTIC,G,______,1.0,,,2026-07-14,2026-07-24,MARKING,DIBBS|SPE7M426T256Q|0001S00000053,First article test line - not a product line
SPE4A726Q0440,0001S00000052,SPE4A726Q0440,02-13-2026,02-27-2026,2026-08-21 02:41:27,Origin,Origin,Tech,7015246463,https://dibbs2.bsm.dla.mil/Downloads/RFQ/0/SPE4A726Q0440.PDF,https://www.dibbs.bsm.dla.mil/RFQ/RFQRec.aspx?sn=SPE4A726Q0440,https://www.dibbs.bsm.dla.mil/rfq/rfqrec.aspx?sn=SPE4A726Q0440,MARKING,17,20260930T162508Z,0001S00000052,GOVERNMENT FIRST ARTIC,G,000000,1.0,,,2026-02-13,2026-02-27,MARKING,DIBBS|SPE4A726Q0440|0001S00000052,First article test line - not a product line
SPE4A726Q0440,0001S00000061,SPE4A726Q0440,02-13-2026,02-27-2026,2026-08-21 02:41:27,Origin,Origin,Tech,7015246463,https://dibbs2.bsm.dla.mil/Downloads/RFQ/0/SPE4A726Q0440.PDF,https://www.dibbs.bsm.dla.mil/RFQ/RFQRec.aspx?sn=SPE4A726Q0440,https://www.dibbs.bsm.dla.mil/rfq/rfqrec.aspx?sn=SPE4A726Q0440,MARKING,17,20260930T162508Z,0001S00000061,PRODUCTION LOT TESTING,G,000000,1.0,,,2026-02-13,2026-02-27,MARKING,DIBBS|SPE4A726Q0440|0001S00000061,First article test line - not a product line
SPE4A126T1438,0001S00000052,SPE4A126T1438,02-23-2026,03-02-2026,2026-08-21 02:41:27,Origin,Origin,Tech,7015598995,https://dibbs2.bsm.dla.mil/Downloads/RFQ/8/SPE4A126T1438.PDF,https://www.dibbs.bsm.dla.mil/RFQ/RFQRec.aspx?sn=SPE4A126T1438,https://www.dibbs.bsm.dla.mil/rfq/rfqrec.aspx?sn=SPE4A126T1438,MARKING,17,20260930T162508Z,0001S00000052,GOVERNMENT FIRST ARTIC,C,______,1.0,"27238 | SS5086C10 | BRISTOL INDUSTRIES, LLC",,2026-02-23,2026-03-02,MARKING,DIBBS|SPE4A126T1438|0001S00000052,First article test line - not a product line
SPE7L526Q0195,0001S00000053,SPE7L526Q0195,09-28-2026,10-05-2026,2026-09-28 10:39:43,Origin,Origin,Tech,7014136137,https://dibbs2.bsm.dla.mil/Downloads/RFQ/5/SPE7L526Q0195.PDF,https://www.dibbs.bsm.dla.mil/RFQ/RFQRec.aspx?sn=SPE7L526Q0195,https://www.dibbs.bsm.dla.mil/rfq/rfqrec.aspx?sn=SPE7L526Q0195,MARKING,17,20260930T162508Z,0001S00000053,CONTRACTOR FIRST ARTIC,B,333415,1.0,4F083 | 12460252 | ROSS EQUIPMENT INC,,2026-09-28,2026-10-05,BOX; FUEL; MARKING,DIBBS|SPE7L526Q0195|0001S00000053,First article test line - not a product line
SPE4A626T37HT,0001S00000052,SPE4A626T37HT,09-28-2026,10-05-2026,2026-09-27 06:21:44,Origin,Origin,Tech,7018161094,https://dibbs2.bsm.dla.mil/Downloads/RFQ/T/SPE4A626T37HT.PDF,https://www.dibbs.bsm.dla.mil/RFQ/RFQRec.aspx?sn=SPE4A626T37HT,https://www.dibbs.bsm.dla.mil/rfq/rfqrec.aspx?sn=SPE4A626T37HT,MARKING,17,20260930T162508Z,0001S00000052,GOVERNMENT FIRST ARTIC,C,______,1.0,"06725 | SS5211-4H12 | SPS TECHNOLOGIES, LLC",,2026-09-28,2026-10-05,MARKING,DIBBS|SPE4A626T37HT|0001S00000052,First article test line - not a product line
SPE4A626T37HT,0001S00000061,SPE4A626T37HT,09-28-2026,10-05-2026,2026-09-27 06:21:44,Origin,Origin,Tech,7018161094,https://dibbs2.bsm.dla.mil/Downloads/RFQ/T/SPE4A626T37HT.PDF,https://www.dibbs.bsm.dla.mil/RFQ/RFQRec.aspx?sn=SPE4A626T37HT,https://www.dibbs.bsm.dla.mil/rfq/rfqrec.aspx?sn=SPE4A626T37HT,MARKING,17,20260930T162508Z,0001S00000061,PRODUCTION LOT TESTING,C,______,1.0,"06725 | SS5211-4H12 | SPS TECHNOLOGIES, LLC",,2026-09-28,2026-10-05,MARKING,DIBBS|SPE4A626T37HT|0001S00000061,First article test line - not a product line
SPE4A726T796T,0001S00000052,SPE4A726T796T,09-28-2026,10-05-2026,2026-09-27 06:21:43,Origin,Origin,None,7018391820,https://dibbs2.bsm.dla.mil/Downloads/RFQ/T/SPE4A726T796T.PDF,https://www.dibbs.bsm.dla.mil/RFQ/RFQRec.aspx?sn=SPE4A726T796T,https://www.dibbs.bsm.dla.mil/rfq/rfqrec.aspx?sn=SPE4A726T796T,MARKING,17,20260930T162508Z,0001S00000052,GOVERNMENT FIRST ARTIC,P,______,1.0,02LU7 | 358029 | HONEYWELL INTERNATIONAL INC.,,2026-09-28,2026-10-05,MARKING,DIBBS|SPE4A726T796T|0001S00000052,First article test line - not a product line
SPE4A726T796T,0001S00000061,SPE4A726T796T,09-28-2026,10-05-2026,2026-09-27 06:21:43,Origin,Origin,None,7018391820,https://dibbs2.bsm.dla.mil/Downloads/RFQ/T/SPE4A726T796T.PDF,https://www.dibbs.bsm.dla.mil/RFQ/RFQRec.aspx?sn=SPE4A726T796T,https://www.dibbs.bsm.dla.mil/rfq/rfqrec.aspx?sn=SPE4A726T796T,MARKING,17,20260930T162508Z,0001S00000061,PRODUCTION LOT TESTING,P,______,1.0,02LU7 | 358029 | HONEYWELL INTERNATIONAL INC.,,2026-09-28,2026-10-05,MARKING,DIBBS|SPE4A726T796T|0001S00000061,First article test line - not a product line
SPE4A726T775Q,0001S00000052,SPE4A726T775Q,09-21-2026,09-28-2026,2026-09-21 12:15:48,Origin,Origin,Tech,7018248763,https://dibbs2.bsm.dla.mil/Downloads/RFQ/Q/SPE4A726T775Q.PDF,https://www.dibbs.bsm.dla.mil/RFQ/RFQRec.aspx?sn=SPE4A726T775Q,https://www.dibbs.bsm.dla.mil/rfq/rfqrec.aspx?sn=SPE4A726T775Q,MARKING,18,20260930T162527Z,0001S00000052,GOVERNMENT FIRST ARTIC,B,______,1.0,0UCY9 | SS5209-10-34 | M.S. AEROSPACE INC.,,2026-09-21,2026-09-28,MARKING,DIBBS|SPE4A726T775Q|0001S00000052,First article test line - not a product line
SPE4A726T775Q,0001S00000061,SPE4A726T775Q,09-21-2026,09-28-2026,2026-09-21 12:15:48,Origin,Origin,Tech,7018248763,https://dibbs2.bsm.dla.mil/Downloads/RFQ/Q/SPE4A726T775Q.PDF,https://www.dibbs.bsm.dla.mil/RFQ/RFQRec.aspx?sn=SPE4A726T775Q,https://www.dibbs.bsm.dla.mil/rfq/rfqrec.aspx?sn=SPE4A726T775Q,MARKING,18,20260930T162527Z,0001S00000061,PRODUCTION LOT TESTING,B,______,1.0,0UCY9 | SS5209-10-34 | M.S. AEROSPACE INC.,,2026-09-21,2026-09-28,MARKING,DIBBS|SPE4A726T775Q|0001S00000061,First article test line - not a product line
SPE4A726T775R,0001S00000052,SPE4A726T775R,09-21-2026,09-28-2026,2026-09-21 12:15:48,Origin,Origin,Tech,7018318610,https://dibbs2.bsm.dla.mil/Downloads/RFQ/R/SPE4A726T775R.PDF,https://www.dibbs.bsm.dla.mil/RFQ/RFQRec.aspx?sn=SPE4A726T775R,https://www.dibbs.bsm.dla.mil/rfq/rfqrec.aspx?sn=SPE4A726T775R,MARKING,18,20260930T162527Z,0001S00000052,GOVERNMENT FIRST ARTIC,B,______,1.0,0UCY9 | SS5209-10-34 | M.S. AEROSPACE INC.,,2026-09-21,2026-09-28,MARKING,DIBBS|SPE4A726T775R|0001S00000052,First article test line - not a product line
SPE4A726T775R,0001S00000061,SPE4A726T775R,09-21-2026,09-28-2026,2026-09-21 12:15:48,Origin,Origin,Tech,7018318610,https://dibbs2.bsm.dla.mil/Downloads/RFQ/R/SPE4A726T775R.PDF,https://www.dibbs.bsm.dla.mil/RFQ/RFQRec.aspx?sn=SPE4A726T775R,https://www.dibbs.bsm.dla.mil/rfq/rfqrec.aspx?sn=SPE4A726T775R,MARKING,18,20260930T162527Z,0001S00000061,PRODUCTION LOT TESTING,B,______,1.0,0UCY9 | SS5209-10-34 | M.S. AEROSPACE INC.,,2026-09-21,2026-09-28,MARKING,DIBBS|SPE4A726T775R|0001S00000061,First article test line - not a product line
SPE7L726T5203,0001S00000061,SPE7L726T5203,09-11-2026,09-21-2026,2026-09-10 08:10:05,Destination,Origin,None,7018140656; 7018147768,https://dibbs2.bsm.dla.mil/Downloads/RFQ/3/SPE7L726T5203.PDF,https://www.dibbs.bsm.dla.mil/RFQ/RFQRec.aspx?sn=SPE7L726T5203,https://www.dibbs.bsm.dla.mil/rfq/rfqrec.aspx?sn=SPE7L726T5203,MARKING,18,20260930T162527Z,0001S00000061,PRODUCTION LOT TESTING,T,______,1.0,,,2026-09-11,2026-09-21,MARKING,DIBBS|SPE7L726T5203|0001S00000061,First article test line - not a product line
SPE4A726T724W,0001S00000052,SPE4A726T724W,09-10-2026,09-17-2026,2026-09-09 05:18:39,Origin,Origin,Tech,7018247666,https://dibbs2.bsm.dla.mil/Downloads/RFQ/W/SPE4A726T724W.PDF,https://www.dibbs.bsm.dla.mil/RFQ/RFQRec.aspx?sn=SPE4A726T724W,https://www.dibbs.bsm.dla.mil/rfq/rfqrec.aspx?sn=SPE4A726T724W,MARKING,18,20260930T162527Z,0001S00000052,GOVERNMENT FIRST ARTIC,C,______,1.0,"64084 | 70850-22113-043 | PCX AEROSYSTEMS ENFIELD, LLC",,2026-09-10,2026-09-17,MARKING,DIBBS|SPE4A726T724W|0001S00000052,First article test line - not a product line
SPE4A726T724W,0001S00000061,SPE4A726T724W,09-10-2026,09-17-2026,2026-09-09 05:18:39,Origin,Origin,Tech,7018247666,https://dibbs2.bsm.dla.mil/Downloads/RFQ/W/SPE4A726T724W.PDF,https://www.dibbs.bsm.dla.mil/RFQ/RFQRec.aspx?sn=SPE4A726T724W,https://www.dibbs.bsm.dla.mil/rfq/rfqrec.aspx?sn=SPE4A726T724W,MARKING,18,20260930T162527Z,0001S00000061,PRODUCTION LOT TESTING,C,______,1.0,"64084 | 70850-22113-043 | PCX AEROSYSTEMS ENFIELD, LLC",,2026-09-10,2026-09-17,MARKING,DIBBS|SPE4A726T724W|0001S00000061,First article test line - not a product line
SPE4A726T720Z,0001S00000052,SPE4A726T720Z,09-09-2026,09-16-2026,2026-09-08 01:44:42,Origin,Origin,Tech,7018182742,https://dibbs2.bsm.dla.mil/Downloads/RFQ/Z/SPE4A726T720Z.PDF,https://www.dibbs.bsm.dla.mil/RFQ/RFQRec.aspx?sn=SPE4A726T720Z,https://www.dibbs.bsm.dla.mil/rfq/rfqrec.aspx?sn=SPE4A726T720Z,MARKING,18,20260930T162527Z,0001S00000052,GOVERNMENT FIRST ARTIC,B,______,1.0,0UCY9 | SS5209-10-34 | M.S. AEROSPACE INC.,,2026-09-09,2026-09-16,MARKING,DIBBS|SPE4A726T720Z|0001S00000052,First article test line - not a product line
SPE4A726T720Z,0001S00000061,SPE4A726T720Z,09-09-2026,09-16-2026,2026-09-08 01:44:42,Origin,Origin,Tech,7018182742,https://dibbs2.bsm.dla.mil/Downloads/RFQ/Z/SPE4A726T720Z.PDF,https://www.dibbs.bsm.dla.mil/RFQ/RFQRec.aspx?sn=SPE4A726T720Z,https://www.dibbs.bsm.dla.mil/rfq/rfqrec.aspx?sn=SPE4A726T720Z,MARKING,18,20260930T162527Z,0001S00000061,PRODUCTION LOT TESTING,B,______,1.0,0UCY9 | SS5209-10-34 | M.S. AEROSPACE INC.,,2026-09-09,2026-09-16,MARKING,DIBBS|SPE4A726T720Z|0001S00000061,First article test line - not a product line
SPE4A726T720Y,0001S00000052,SPE4A726T720Y,09-09-2026,09-16-2026,2026-09-08 01:44:41,Origin,Origin,Tech,7018160880,https://dibbs2.bsm.dla.mil/Downloads/RFQ/Y/SPE4A726T720Y.PDF,https://www.dibbs.bsm.dla.mil/RFQ/RFQRec.aspx?sn=SPE4A726T720Y,https://www.dibbs.bsm.dla.mil/rfq/rfqrec.aspx?sn=SPE4A726T720Y,MARKING,18,20260930T162527Z,0001S00000052,GOVERNMENT FIRST ARTIC,B,______,1.0,0UCY9 | SS5209-10-34 | M.S. AEROSPACE INC.,,2026-09-09,2026-09-16,MARKING,DIBBS|SPE4A726T720Y|0001S00000052,First article test line - not a product line
SPE4A726T720Y,0001S00000061,SPE4A726T720Y,09-09-2026,09-16-2026,2026-09-08 01:44:41,Origin,Origin,Tech,7018160880,https://dibbs2.bsm.dla.mil/Downloads/RFQ/Y/SPE4A726T720Y.PDF,https://www.dibbs.bsm.dla.mil/RFQ/RFQRec.aspx?sn=SPE4A726T720Y,https://www.dibbs.bsm.dla.mil/rfq/rfqrec.aspx?sn=SPE4A726T720Y,MARKING,18,20260930T162527Z,0001S00000061,PRODUCTION LOT TESTING,B,______,1.0,0UCY9 | SS5209-10-34 | M.S. AEROSPACE INC.,,2026-09-09,2026-09-16,MARKING,DIBBS|SPE4A726T720Y|0001S00000061,First article test line - not a product line
SPE4A726T710G,0001S00000052,SPE4A726T710G,09-02-2026,09-09-2026,2026-09-01 03:50:58,Origin,Origin,Tech,7017837354,https://dibbs2.bsm.dla.mil/Downloads/RFQ/G/SPE4A726T710G.PDF,https://www.dibbs.bsm.dla.mil/RFQ/RFQRec.aspx?sn=SPE4A726T710G,https://www.dibbs.bsm.dla.mil/rfq/rfqrec.aspx?sn=SPE4A726T710G,MARKING,19,20260930T162547Z,0001S00000052,GOVERNMENT FIRST ARTIC,C,______,1.0,"9J595 | 9815204-10 | WECKWORTH MANUFACTURING, INC",,2026-09-02,2026-09-09,MARKING,DIBBS|SPE4A726T710G|0001S00000052,First article test line - not a product line
SPE4A726T710G,0001S00000061,SPE4A726T710G,09-02-2026,09-09-2026,2026-09-01 03:50:58,Origin,Origin,Tech,7017837354,https://dibbs2.bsm.dla.mil/Downloads/RFQ/G/SPE4A726T710G.PDF,https://www.dibbs.bsm.dla.mil/RFQ/RFQRec.aspx?sn=SPE4A726T710G,https://www.dibbs.bsm.dla.mil/rfq/rfqrec.aspx?sn=SPE4A726T710G,MARKING,19,20260930T162547Z,0001S00000061,PRODUCTION LOT TESTING,C,______,1.0,"9J595 | 9815204-10 | WECKWORTH MANUFACTURING, INC",,2026-09-02,2026-09-09,MARKING,DIBBS|SPE4A726T710G|0001S00000061,First article test line - not a product line
SPE7M026T068E,0001S00000061,SPE7M026T068E,09-02-2026,09-14-2026,2026-09-01 06:08:15,Origin,Origin,Tech,7018121875,https://dibbs2.bsm.dla.mil/Downloads/RFQ/E/SPE7M026T068E.PDF,https://www.dibbs.bsm.dla.mil/RFQ/RFQRec.aspx?sn=SPE7M026T068E,https://www.dibbs.bsm.dla.mil/rfq/rfqrec.aspx?sn=SPE7M026T068E,MARKING,19,20260930T162547Z,0001S00000061,PRODUCTION LOT TESTING,G,______,1.0,,,2026-09-02,2026-09-14,MARKING,DIBBS|SPE7M026T068E|0001S00000061,First article test line - not a product line
SPE4A525T555D,0001S00000053,SPE4A525T555D,07-11-2025,07-18-2025,2026-08-21 02:41:27,Origin,Origin,Tech,7012899227,https://dibbs2.bsm.dla.mil/Downloads/RFQ/D/SPE4A525T555D.PDF,https://www.dibbs.bsm.dla.mil/RFQ/RFQRec.aspx?sn=SPE4A525T555D,https://www.dibbs.bsm.dla.mil/rfq/rfqrec.aspx?sn=SPE4A525T555D,MARKING,19,20260930T162547Z,0001S00000053,CONTRACTOR FIRST ARTIC,C,______,1.0,78286 | 70410-02334-045 | SIKORSKY AIRCRAFT CORPORATION,,2025-07-11,2025-07-18,MARKING,DIBBS|SPE4A525T555D|0001S00000053,First article test line - not a product line
SPE4A525T555D,0001S00000061,SPE4A525T555D,07-11-2025,07-18-2025,2026-08-21 02:41:27,Origin,Origin,Tech,7012899227,https://dibbs2.bsm.dla.mil/Downloads/RFQ/D/SPE4A525T555D.PDF,https://www.dibbs.bsm.dla.mil/RFQ/RFQRec.aspx?sn=SPE4A525T555D,https://www.dibbs.bsm.dla.mil/rfq/rfqrec.aspx?sn=SPE4A525T555D,MARKING,19,20260930T162547Z,0001S00000061,PRODUCTION LOT TESTING,C,______,1.0,78286 | 70410-02334-045 | SIKORSKY AIRCRAFT CORPORATION,,2025-07-11,2025-07-18,MARKING,DIBBS|SPE4A525T555D|0001S00000061,First article test line - not a product line
SPE7M526T0618,0001S00000062,SPE7M526T0618,10-10-2025,10-20-2025,2026-08-21 02:41:27,Origin,Origin,Tech,7014132006,https://dibbs2.bsm.dla.mil/Downloads/RFQ/8/SPE7M526T0618.PDF,https://www.dibbs.bsm.dla.mil/RFQ/RFQRec.aspx?sn=SPE7M526T0618,https://www.dibbs.bsm.dla.mil/rfq/rfqrec.aspx?sn=SPE7M526T0618,MARKING,19,20260930T162547Z,0001S00000062,PRODUCTION LOT TESTING,G,______,1.0,,,2025-10-10,2025-10-20,MARKING,DIBBS|SPE7M526T0618|0001S00000062,First article test line - not a product line
SPE4A126T2454,0001S00000053,SPE4A126T2454,07-16-2026,07-23-2026,2026-08-21 02:41:27,Origin,Origin,Tech,7017486831,https://dibbs2.bsm.dla.mil/Downloads/RFQ/4/SPE4A126T2454.PDF,https://www.dibbs.bsm.dla.mil/RFQ/RFQRec.aspx?sn=SPE4A126T2454,https://www.dibbs.bsm.dla.mil/rfq/rfqrec.aspx?sn=SPE4A126T2454,MARKING,19,20260930T162547Z,0001S00000053,CONTRACTOR FIRST ARTIC,C,______,1.0,78286 | 70400-01250-054 | SIKORSKY AIRCRAFT CORPORATION,,2026-07-16,2026-07-23,MARKING,DIBBS|SPE4A126T2454|0001S00000053,First article test line - not a product line
SPE4A126T2454,0001S00000061,SPE4A126T2454,07-16-2026,07-23-2026,2026-08-21 02:41:27,Origin,Origin,Tech,7017486831,https://dibbs2.bsm.dla.mil/Downloads/RFQ/4/SPE4A126T2454.PDF,https://www.dibbs.bsm.dla.mil/RFQ/RFQRec.aspx?sn=SPE4A126T2454,https://www.dibbs.bsm.dla.mil/rfq/rfqrec.aspx?sn=SPE4A126T2454,MARKING,19,20260930T162547Z,0001S00000061,PRODUCTION LOT TESTING,C,______,1.0,78286 | 70400-01250-054 | SIKORSKY AIRCRAFT CORPORATION,,2026-07-16,2026-07-23,MARKING,DIBBS|SPE4A126T2454|0001S00000061,First article test line - not a product line
SPE4A625T07DJ,0001S00000052,SPE4A625T07DJ,06-26-2025,07-03-2025,2026-08-21 02:41:27,Origin,Origin,None,7012754250,https://dibbs2.bsm.dla.mil/Downloads/RFQ/J/SPE4A625T07DJ.PDF,https://www.dibbs.bsm.dla.mil/RFQ/RFQRec.aspx?sn=SPE4A625T07DJ,https://www.dibbs.bsm.dla.mil/rfq/rfqrec.aspx?sn=SPE4A625T07DJ,MARKING,20,20260930T162612Z,0001S00000052,GOVERNMENT FIRST ARTIC,G,______,1.0,,,2025-06-26,2025-07-03,MARKING,DIBBS|SPE4A625T07DJ|0001S00000052,First article test line - not a product line
SPE4A726T621D,0001S00000052,SPE4A726T621D,08-06-2026,08-13-2026,2026-08-21 02:41:27,Origin,Origin,Tech,7017200259,https://dibbs2.bsm.dla.mil/Downloads/RFQ/D/SPE4A726T621D.PDF,https://www.dibbs.bsm.dla.mil/RFQ/RFQRec.aspx?sn=SPE4A726T621D,https://www.dibbs.bsm.dla.mil/rfq/rfqrec.aspx?sn=SPE4A726T621D,MARKING,20,20260930T162612Z,0001S00000052,GOVERNMENT FIRST ARTIC,G,______,1.0,,,2026-08-06,2026-08-13,MARKING,DIBBS|SPE4A726T621D|0001S00000052,First article test line - not a product line
SPE4A726T621D,0001S00000061,SPE4A726T621D,08-06-2026,08-13-2026,2026-08-21 02:41:27,Origin,Origin,Tech,7017200259,https://dibbs2.bsm.dla.mil/Downloads/RFQ/D/SPE4A726T621D.PDF,https://www.dibbs.bsm.dla.mil/RFQ/RFQRec.aspx?sn=SPE4A726T621D,https://www.dibbs.bsm.dla.mil/rfq/rfqrec.aspx?sn=SPE4A726T621D,MARKING,20,20260930T162612Z,0001S00000061,PRODUCTION LOT TESTING,G,______,1.0,,,2026-08-06,2026-08-13,MARKING,DIBBS|SPE4A726T621D|0001S00000061,First article test line - not a product line
SPE4A626T15TA,0001S00000053,SPE4A626T15TA,08-12-2026,08-19-2026,2026-08-21 02:41:27,Origin,Origin,Tech,7017837107,https://dibbs2.bsm.dla.mil/Downloads/RFQ/A/SPE4A626T15TA.PDF,https://www.dibbs.bsm.dla.mil/RFQ/RFQRec.aspx?sn=SPE4A626T15TA,https://www.dibbs.bsm.dla.mil/rfq/rfqrec.aspx?sn=SPE4A626T15TA,MARKING,20,20260930T162612Z,0001S00000053,CONTRACTOR FIRST ARTIC,G,______,1.0,,,2026-08-12,2026-08-19,MARKING,DIBBS|SPE4A626T15TA|0001S00000053,First article test line - not a product line
SPE7M026T9964,0001S00000061,SPE7M026T9964,07-08-2026,07-20-2026,2026-08-21 02:41:27,Origin,Origin,Tech,7017395957,https://dibbs2.bsm.dla.mil/Downloads/RFQ/4/SPE7M026T9964.PDF,https://www.dibbs.bsm.dla.mil/RFQ/RFQRec.aspx?sn=SPE7M026T9964,https://www.dibbs.bsm.dla.mil/rfq/rfqrec.aspx?sn=SPE7M026T9964,MARKING,20,20260930T162612Z,0001S00000061,PRODUCTION LOT TESTING,G,______,1.0,,,2026-07-08,2026-07-20,MARKING,DIBBS|SPE7M026T9964|0001S00000061,First article test line - not a product line
SPE4A726Q0422,0001S00000052,SPE4A726Q0422,02-10-2026,03-10-2026,2026-08-21 02:41:27,Origin,Origin,Tech,7015112182,https://dibbs2.bsm.dla.mil/Downloads/RFQ/2/SPE4A726Q0422.PDF,https://www.dibbs.bsm.dla.mil/RFQ/RFQRec.aspx?sn=SPE4A726Q0422,https://www.dibbs.bsm.dla.mil/rfq/rfqrec.aspx?sn=SPE4A726Q0422,MARKING,20,20260930T162612Z,0001S00000052,GOVERNMENT FIRST ARTIC,C,000000,1.0,,,2026-02-10,2026-03-10,MARKING,DIBBS|SPE4A726Q0422|0001S00000052,First article test line - not a product line
SPE4A626T14VL,0001S00000053,SPE4A626T14VL,08-11-2026,08-18-2026,2026-08-21 02:41:27,Origin,Origin,Tech,7017571810,https://dibbs2.bsm.dla.mil/Downloads/RFQ/L/SPE4A626T14VL.PDF,https://www.dibbs.bsm.dla.mil/RFQ/RFQRec.aspx?sn=SPE4A626T14VL,https://www.dibbs.bsm.dla.mil/rfq/rfqrec.aspx?sn=SPE4A626T14VL,MARKING,20,20260930T162612Z,0001S00000053,CONTRACTOR FIRST ARTIC,B,______,1.0,"16258 | SLB121-108 | SPACE-LOK, INC.",,2026-08-11,2026-08-18,MARKING,DIBBS|SPE4A626T14VL|0001S00000053,First article test line - not a product line
SPE4A626T14VL,0001S00000061,SPE4A626T14VL,08-11-2026,08-18-2026,2026-08-21 02:41:27,Origin,Origin,Tech,7017571810,https://dibbs2.bsm.dla.mil/Downloads/RFQ/L/SPE4A626T14VL.PDF,https://www.dibbs.bsm.dla.mil/RFQ/RFQRec.aspx?sn=SPE4A626T14VL,https://www.dibbs.bsm.dla.mil/rfq/rfqrec.aspx?sn=SPE4A626T14VL,MARKING,20,20260930T162612Z,0001S00000061,PRODUCTION LOT TESTING,B,______,1.0,"16258 | SLB121-108 | SPACE-LOK, INC.",,2026-08-11,2026-08-18,MARKING,DIBBS|SPE4A626T14VL|0001S00000061,First article test line - not a product line
SPE7L125T838U,0001S00000052,SPE7L125T838U,08-01-2025,08-11-2025,2026-08-21 02:41:27,Origin,Origin,Tech,7012898103,https://dibbs2.bsm.dla.mil/Downloads/RFQ/U/SPE7L125T838U.PDF,https://www.dibbs.bsm.dla.mil/RFQ/RFQRec.aspx?sn=SPE7L125T838U,https://www.dibbs.bsm.dla.mil/rfq/rfqrec.aspx?sn=SPE7L125T838U,TACHOMETER,1,20260930T162629Z,0001S00000052,GOVERNMENT FIRST ARTIC,C,______,1.0,No | Data | found,,2025-08-01,2025-08-11,TACHOMETER,DIBBS|SPE7L125T838U|0001S00000052,First article test line - not a product line
SPE7L125T838U,0001S00000061,SPE7L125T838U,08-01-2025,08-11-2025,2026-08-21 02:41:27,Origin,Origin,Tech,7012898103,https://dibbs2.bsm.dla.mil/Downloads/RFQ/U/SPE7L125T838U.PDF,https://www.dibbs.bsm.dla.mil/RFQ/RFQRec.aspx?sn=SPE7L125T838U,https://www.dibbs.bsm.dla.mil/rfq/rfqrec.aspx?sn=SPE7L125T838U,TACHOMETER,1,20260930T162629Z,0001S00000061,PRODUCTION LOT TESTING,C,______,1.0,No | Data | found,,2025-08-01,2025-08-11,TACHOMETER,DIBBS|SPE7L125T838U|0001S00000061,First article test line - not a product line
SPE4A626T937G,0001S00000053,SPE4A626T937G,03-12-2026,03-19-2026,2026-08-21 02:41:27,Origin,Origin,Tech,7011341939,https://dibbs2.bsm.dla.mil/Downloads/RFQ/G/SPE4A626T937G.PDF,https://www.dibbs.bsm.dla.mil/RFQ/RFQRec.aspx?sn=SPE4A626T937G,https://www.dibbs.bsm.dla.mil/rfq/rfqrec.aspx?sn=SPE4A626T937G,TACHOMETER,1,20260930T162629Z,0001S00000053,CONTRACTOR FIRST ARTIC,Q,______,1.0,48313 | 94066-1 | B.C. SYSTEMS INC.,,2026-03-12,2026-03-19,TACHOMETER,DIBBS|SPE4A626T937G|0001S00000053,First article test line - not a product line
SPE7M425Q0964,0001S00000053,SPE7M425Q0964,08-11-2025,08-14-2025,2026-08-21 02:41:27,Origin,Origin,Tech,7012191371,https://dibbs2.bsm.dla.mil/Downloads/RFQ/4/SPE7M425Q0964.PDF,https://www.dibbs.bsm.dla.mil/RFQ/RFQRec.aspx?sn=SPE7M425Q0964,https://www.dibbs.bsm.dla.mil/rfq/rfqrec.aspx?sn=SPE7M425Q0964,FUEL,2,20260930T162706Z,0001S00000053,CONTRACTOR FIRST ARTIC,G,000000,1.0,,,2025-08-11,2025-08-14,BOX; FUEL,DIBBS|SPE7M425Q0964|0001S00000053,First article test line - not a product line
SPE7M425Q0964,0001S00000062,SPE7M425Q0964,08-11-2025,08-14-2025,2026-08-21 02:41:27,Origin,Origin,Tech,7012191371,https://dibbs2.bsm.dla.mil/Downloads/RFQ/4/SPE7M425Q0964.PDF,https://www.dibbs.bsm.dla.mil/RFQ/RFQRec.aspx?sn=SPE7M425Q0964,https://www.dibbs.bsm.dla.mil/rfq/rfqrec.aspx?sn=SPE7M425Q0964,FUEL,2,20260930T162706Z,0001S00000062,PRODUCTION LOT TESTING,G,000000,1.0,,,2025-08-11,2025-08-14,BOX; FUEL,DIBBS|SPE7M425Q0964|0001S00000062,First article test line - not a product line
SPE7MC26Q0404,0001S00000052,SPE7MC26Q0404,09-15-2026,09-25-2026,2026-09-15 09:58:03,Origin,Origin,Tech,7016878958,https://dibbs2.bsm.dla.mil/Downloads/RFQ/4/SPE7MC26Q0404.PDF,https://www.dibbs.bsm.dla.mil/RFQ/RFQRec.aspx?sn=SPE7MC26Q0404,https://www.dibbs.bsm.dla.mil/rfq/rfqrec.aspx?sn=SPE7MC26Q0404,FUEL,3,20260930T162723Z,0001S00000052,GOVERNMENT FIRST ARTIC,B,000000,1.0,"0TR84 | 2820124-102 | FEDERAL INDUSTRIES, INC.",,2026-09-15,2026-09-25,BOX; FUEL,DIBBS|SPE7MC26Q0404|0001S00000052,First article test line - not a product line
SPE8E526Q0409,0001S00000052,SPE8E526Q0409,08-26-2026,09-02-2026,2026-08-25 11:35:44,Origin,Origin,Tech,7017928445,https://dibbs2.bsm.dla.mil/Downloads/RFQ/9/SPE8E526Q0409.PDF,https://www.dibbs.bsm.dla.mil/RFQ/RFQRec.aspx?sn=SPE8E526Q0409,https://www.dibbs.bsm.dla.mil/rfq/rfqrec.aspx?sn=SPE8E526Q0409,FUEL,3,20260930T162723Z,0001S00000052,GOVERNMENT FIRST ARTIC,G,000000,1.0,,,2026-08-26,2026-09-02,BOX; FUEL,DIBBS|SPE8E526Q0409|0001S00000052,First article test line - not a product line
SPE4A726Q0497,0001S00000052,SPE4A726Q0497,03-09-2026,03-19-2026,2026-08-21 02:41:27,Origin,Origin,Tech,7015703919,https://dibbs2.bsm.dla.mil/Downloads/RFQ/7/SPE4A726Q0497.PDF,https://www.dibbs.bsm.dla.mil/RFQ/RFQRec.aspx?sn=SPE4A726Q0497,https://www.dibbs.bsm.dla.mil/rfq/rfqrec.aspx?sn=SPE4A726Q0497,FUEL,3,20260930T162723Z,0001S00000052,GOVERNMENT FIRST ARTIC,Q,000000,1.0,11599 | 79480 | TRIUMPH ENGINE CONTROL SYSTEMS LLC,,2026-03-09,2026-03-19,FUEL,DIBBS|SPE4A726Q0497|0001S00000052,First article test line - not a product line
SPE4A626Q1513,0001S00000052,SPE4A626Q1513,09-30-2026,10-09-2026,2026-09-29 05:15:21,Origin,Origin,Tech,7015001159,https://dibbs2.bsm.dla.mil/Downloads/RFQ/3/SPE4A626Q1513.PDF,https://www.dibbs.bsm.dla.mil/RFQ/RFQRec.aspx?sn=SPE4A626Q1513,https://www.dibbs.bsm.dla.mil/rfq/rfqrec.aspx?sn=SPE4A626Q1513,FUEL,3,20260930T162723Z,0001S00000052,GOVERNMENT FIRST ARTIC,G,000000,1.0,,,2026-09-30,2026-10-09,BOX; FUEL,DIBBS|SPE4A626Q1513|0001S00000052,First article test line - not a product line
SPE4A626Q1509,0001S00000052,SPE4A626Q1509,09-30-2026,10-07-2026,2026-09-29 08:38:54,Origin,Origin,Tech,7015454299,https://dibbs2.bsm.dla.mil/Downloads/RFQ/9/SPE4A626Q1509.PDF,https://www.dibbs.bsm.dla.mil/RFQ/RFQRec.aspx?sn=SPE4A626Q1509,https://www.dibbs.bsm.dla.mil/rfq/rfqrec.aspx?sn=SPE4A626Q1509,FUEL,3,20260930T162723Z,0001S00000052,GOVERNMENT FIRST ARTIC,G,000000,1.0,,,2026-09-30,2026-10-07,FUEL,DIBBS|SPE4A626Q1509|0001S00000052,First article test line - not a product line
SPE8E626Q0699,0001S00000053,SPE8E626Q0699,09-28-2026,10-13-2026,2026-09-28 02:04:52,Origin,Origin,Tech,7017693479,https://dibbs2.bsm.dla.mil/Downloads/RFQ/9/SPE8E626Q0699.PDF,https://www.dibbs.bsm.dla.mil/RFQ/RFQRec.aspx?sn=SPE8E626Q0699,https://www.dibbs.bsm.dla.mil/rfq/rfqrec.aspx?sn=SPE8E626Q0699,FUEL,4,20260930T162741Z,0001S00000053,CONTRACTOR FIRST ARTIC,G,000000,1.0,,,2026-09-28,2026-10-13,FUEL,DIBBS|SPE8E626Q0699|0001S00000053,First article test line - not a product line
SPE8E626Q0699,0001S00000062,SPE8E626Q0699,09-28-2026,10-13-2026,2026-09-28 02:04:52,Origin,Origin,Tech,7017693479,https://dibbs2.bsm.dla.mil/Downloads/RFQ/9/SPE8E626Q0699.PDF,https://www.dibbs.bsm.dla.mil/RFQ/RFQRec.aspx?sn=SPE8E626Q0699,https://www.dibbs.bsm.dla.mil/rfq/rfqrec.aspx?sn=SPE8E626Q0699,FUEL,4,20260930T162741Z,0001S00000062,PRODUCTION LOT TESTING,G,000000,1.0,,,2026-09-28,2026-10-13,FUEL,DIBBS|SPE8E626Q0699|0001S00000062,First article test line - not a product line
SPE8E626Q0692,0001S00000053,SPE8E626Q0692,09-24-2026,09-29-2026,2026-09-28 07:35:21,Origin,Origin,Tech,7018287405,https://dibbs2.bsm.dla.mil/Downloads/RFQ/2/SPE8E626Q0692.PDF,https://www.dibbs.bsm.dla.mil/RFQ/RFQRec.aspx?sn=SPE8E626Q0692,https://www.dibbs.bsm.dla.mil/rfq/rfqrec.aspx?sn=SPE8E626Q0692,FUEL,4,20260930T162741Z,0001S00000053,CONTRACTOR FIRST ARTIC,C,000000,1.0,No | Data | found,,2026-09-24,2026-09-29,BOX; FUEL; HARNESS,DIBBS|SPE8E626Q0692|0001S00000053,First article test line - not a product line
SPE8E626Q0692,0001S00000061,SPE8E626Q0692,09-24-2026,09-29-2026,2026-09-28 07:35:21,Origin,Origin,Tech,7018287405,https://dibbs2.bsm.dla.mil/Downloads/RFQ/2/SPE8E626Q0692.PDF,https://www.dibbs.bsm.dla.mil/RFQ/RFQRec.aspx?sn=SPE8E626Q0692,https://www.dibbs.bsm.dla.mil/rfq/rfqrec.aspx?sn=SPE8E626Q0692,FUEL,4,20260930T162741Z,0001S00000061,PRODUCTION LOT TESTING,C,000000,1.0,No | Data | found,,2026-09-24,2026-09-29,BOX; FUEL; HARNESS,DIBBS|SPE8E626Q0692|0001S00000061,First article test line - not a product line
SPE7L126Q1690,0001S00000052,SPE7L126Q1690,09-25-2026,10-08-2026,2026-09-25 02:18:27,Origin,Origin,Tech,7014262410,https://dibbs2.bsm.dla.mil/Downloads/RFQ/0/SPE7L126Q1690.PDF,https://www.dibbs.bsm.dla.mil/RFQ/RFQRec.aspx?sn=SPE7L126Q1690,https://www.dibbs.bsm.dla.mil/rfq/rfqrec.aspx?sn=SPE7L126Q1690,FUEL,4,20260930T162741Z,0001S00000052,GOVERNMENT FIRST ARTIC,G,332510,1.0,,,2026-09-25,2026-10-08,FUEL,DIBBS|SPE7L126Q1690|0001S00000052,First article test line - not a product line
SPE7M126Q1530,0001S00000052,SPE7M126Q1530,09-25-2026,10-09-2026,2026-09-24 08:03:49,Origin,Origin,Tech,7009535982,https://dibbs2.bsm.dla.mil/Downloads/RFQ/0/SPE7M126Q1530.PDF,https://www.dibbs.bsm.dla.mil/RFQ/RFQRec.aspx?sn=SPE7M126Q1530,https://www.dibbs.bsm.dla.mil/rfq/rfqrec.aspx?sn=SPE7M126Q1530,FUEL,5,20260930T162759Z,0001S00000052,GOVERNMENT FIRST ARTIC,G,000000,1.0,,,2026-09-25,2026-10-09,BOX; FUEL,DIBBS|SPE7M126Q1530|0001S00000052,First article test line - not a product line
SPE8E526Q0453,0001S00000052,SPE8E526Q0453,09-24-2026,09-29-2026,2026-09-23 10:38:03,Origin,Origin,Tech,7018044504,https://dibbs2.bsm.dla.mil/Downloads/RFQ/3/SPE8E526Q0453.PDF,https://www.dibbs.bsm.dla.mil/RFQ/RFQRec.aspx?sn=SPE8E526Q0453,https://www.dibbs.bsm.dla.mil/rfq/rfqrec.aspx?sn=SPE8E526Q0453,FUEL,5,20260930T162759Z,0001S00000052,GOVERNMENT FIRST ARTIC,G,000000,1.0,,,2026-09-24,2026-09-29,BOX; FUEL,DIBBS|SPE8E526Q0453|0001S00000052,First article test line - not a product line
SPE3SE26Q0498,0001S00000052,SPE3SE26Q0498,09-23-2026,10-07-2026,2026-09-23 10:38:01,Destination,Destination,Tech,7015311194,https://dibbs2.bsm.dla.mil/Downloads/RFQ/8/SPE3SE26Q0498.PDF,https://www.dibbs.bsm.dla.mil/RFQ/RFQRec.aspx?sn=SPE3SE26Q0498,https://www.dibbs.bsm.dla.mil/rfq/rfqrec.aspx?sn=SPE3SE26Q0498,FUEL,5,20260930T162759Z,0001S00000052,GOVERNMENT FIRST ARTIC,G,000000,1.0,,,2026-09-23,2026-10-07,FUEL,DIBBS|SPE3SE26Q0498|0001S00000052,First article test line - not a product line
SPE7L326Q1360,0001S00000052,SPE7L326Q1360,09-22-2026,10-05-2026,2026-09-23 10:03:59,Origin,Origin,Tech,7008013173,https://dibbs2.bsm.dla.mil/Downloads/RFQ/0/SPE7L326Q1360.PDF,https://www.dibbs.bsm.dla.mil/RFQ/RFQRec.aspx?sn=SPE7L326Q1360,https://www.dibbs.bsm.dla.mil/rfq/rfqrec.aspx?sn=SPE7L326Q1360,FUEL,5,20260930T162759Z,0001S00000052,GOVERNMENT FIRST ARTIC,G,000000,1.0,,,2026-09-22,2026-10-05,FUEL,DIBBS|SPE7L326Q1360|0001S00000052,First article test line - not a product line
SPE7L126Q1685,0001S00000052,SPE7L126Q1685,09-23-2026,10-06-2026,2026-09-22 06:20:17,Origin,Origin,Tech,7016686270,https://dibbs2.bsm.dla.mil/Downloads/RFQ/5/SPE7L126Q1685.PDF,https://www.dibbs.bsm.dla.mil/RFQ/RFQRec.aspx?sn=SPE7L126Q1685,https://www.dibbs.bsm.dla.mil/rfq/rfqrec.aspx?sn=SPE7L126Q1685,FUEL,5,20260930T162759Z,0001S00000052,GOVERNMENT FIRST ARTIC,G,000000,1.0,,,2026-09-23,2026-10-06,BOX; FUEL,DIBBS|SPE7L126Q1685|0001S00000052,First article test line - not a product line
SPE8E926Q0777,0001S00000053,SPE8E926Q0777,09-21-2026,09-28-2026,2026-09-21 12:48:54,Origin,Origin,Tech,7017964489,https://dibbs2.bsm.dla.mil/Downloads/RFQ/7/SPE8E926Q0777.PDF,https://www.dibbs.bsm.dla.mil/RFQ/RFQRec.aspx?sn=SPE8E926Q0777,https://www.dibbs.bsm.dla.mil/rfq/rfqrec.aspx?sn=SPE8E926Q0777,FUEL,6,20260930T162816Z,0001S00000053,CONTRACTOR FIRST ARTIC,G,000000,1.0,,,2026-09-21,2026-09-28,FUEL,DIBBS|SPE8E926Q0777|0001S00000053,First article test line - not a product line
SPE4A126Q0128,0001S00000053,SPE4A126Q0128,09-21-2026,10-05-2026,2026-09-21 12:12:13,Origin,Origin,None,7018068419,https://dibbs2.bsm.dla.mil/Downloads/RFQ/8/SPE4A126Q0128.PDF,https://www.dibbs.bsm.dla.mil/RFQ/RFQRec.aspx?sn=SPE4A126Q0128,https://www.dibbs.bsm.dla.mil/rfq/rfqrec.aspx?sn=SPE4A126Q0128,FUEL,6,20260930T162816Z,0001S00000053,CONTRACTOR FIRST ARTIC,C,000000,1.0,52661 | 4073657-01 | RTX CORPORATION,,2026-09-21,2026-10-05,BOX; FUEL,DIBBS|SPE4A126Q0128|0001S00000053,First article test line - not a product line
SPE7M126Q1499,0001S00000053,SPE7M126Q1499,09-18-2026,09-24-2026,2026-09-21 12:08:26,Origin,Origin,Tech,7018273134,https://dibbs2.bsm.dla.mil/Downloads/RFQ/9/SPE7M126Q1499.PDF,https://www.dibbs.bsm.dla.mil/RFQ/RFQRec.aspx?sn=SPE7M126Q1499,https://www.dibbs.bsm.dla.mil/rfq/rfqrec.aspx?sn=SPE7M126Q1499,FUEL,6,20260930T162816Z,0001S00000053,CONTRACTOR FIRST ARTIC,B,000000,1.0,"03ZJ4 | VTR6110D5 | MICROWAVE POWER PRODUCTS, INC.",,2026-09-18,2026-09-24,BOX; FUEL,DIBBS|SPE7M126Q1499|0001S00000053,First article test line - not a product line
SPE7M426Q1048,0001S00000052,SPE7M426Q1048,09-19-2026,09-24-2026,2026-09-18 12:41:50,Origin,Origin,Tech,7014418404,https://dibbs2.bsm.dla.mil/Downloads/RFQ/8/SPE7M426Q1048.PDF,https://www.dibbs.bsm.dla.mil/RFQ/RFQRec.aspx?sn=SPE7M426Q1048,https://www.dibbs.bsm.dla.mil/rfq/rfqrec.aspx?sn=SPE7M426Q1048,FUEL,6,20260930T162816Z,0001S00000052,GOVERNMENT FIRST ARTIC,G,000000,1.0,,,2026-09-19,2026-09-24,FUEL,DIBBS|SPE7M426Q1048|0001S00000052,First article test line - not a product line
SPE7M826Q0242,0001S00000052,SPE7M826Q0242,09-18-2026,10-02-2026,2026-09-18 08:12:21,Origin,Origin,None,7002362522,https://dibbs2.bsm.dla.mil/Downloads/RFQ/2/SPE7M826Q0242.PDF,https://www.dibbs.bsm.dla.mil/RFQ/RFQRec.aspx?sn=SPE7M826Q0242,https://www.dibbs.bsm.dla.mil/rfq/rfqrec.aspx?sn=SPE7M826Q0242,FUEL,7,20260930T162835Z,0001S00000052,GOVERNMENT FIRST ARTIC,G,000000,1.0,,,2026-09-18,2026-10-02,CABLE ASSEMBLY; FUEL,DIBBS|SPE7M826Q0242|0001S00000052,First article test line - not a product line
SPE7M126Q1508,0001S00000053,SPE7M126Q1508,09-17-2026,09-24-2026,2026-09-17 10:58:47,Origin,Origin,Tech,7017779405,https://dibbs2.bsm.dla.mil/Downloads/RFQ/8/SPE7M126Q1508.PDF,https://www.dibbs.bsm.dla.mil/RFQ/RFQRec.aspx?sn=SPE7M126Q1508,https://www.dibbs.bsm.dla.mil/rfq/rfqrec.aspx?sn=SPE7M126Q1508,FUEL,7,20260930T162835Z,0001S00000053,CONTRACTOR FIRST ARTIC,G,333996,1.0,,,2026-09-17,2026-09-24,BOX; FUEL,DIBBS|SPE7M126Q1508|0001S00000053,First article test line - not a product line
SPE7M126Q1508,0001S00000062,SPE7M126Q1508,09-17-2026,09-24-2026,2026-09-17 10:58:47,Origin,Origin,Tech,7017779405,https://dibbs2.bsm.dla.mil/Downloads/RFQ/8/SPE7M126Q1508.PDF,https://www.dibbs.bsm.dla.mil/RFQ/RFQRec.aspx?sn=SPE7M126Q1508,https://www.dibbs.bsm.dla.mil/rfq/rfqrec.aspx?sn=SPE7M126Q1508,FUEL,7,20260930T162835Z,0001S00000062,PRODUCTION LOT TESTING,G,333996,1.0,,,2026-09-17,2026-09-24,BOX; FUEL,DIBBS|SPE7M126Q1508|0001S00000062,First article test line - not a product line
SPE7M226Q0812,0001S00000046,SPE7M226Q0812,09-17-2026,09-24-2026,2026-09-16 07:42:34,Origin,Origin,Tech,7014134324,https://dibbs2.bsm.dla.mil/Downloads/RFQ/2/SPE7M226Q0812.PDF,https://www.dibbs.bsm.dla.mil/RFQ/RFQRec.aspx?sn=SPE7M226Q0812,https://www.dibbs.bsm.dla.mil/rfq/rfqrec.aspx?sn=SPE7M226Q0812,FUEL,7,20260930T162835Z,0001S00000046,MISCELLANEOUS,C,332991,2.0,19382 | A505077-4 | 20722	A505077-4	THE ENTWISTLE COMPANY LLC,,2026-09-17,2026-09-24,BOX; FUEL,DIBBS|SPE7M226Q0812|0001S00000046,First article test line - not a product line
SPE7M226Q0812,0001S00000053,SPE7M226Q0812,09-17-2026,09-24-2026,2026-09-16 07:42:34,Origin,Origin,Tech,7014134324,https://dibbs2.bsm.dla.mil/Downloads/RFQ/2/SPE7M226Q0812.PDF,https://www.dibbs.bsm.dla.mil/RFQ/RFQRec.aspx?sn=SPE7M226Q0812,https://www.dibbs.bsm.dla.mil/rfq/rfqrec.aspx?sn=SPE7M226Q0812,FUEL,7,20260930T162835Z,0001S00000053,CONTRACTOR FIRST ARTIC,C,332991,1.0,19382 | A505077-4 | 20722	A505077-4	THE ENTWISTLE COMPANY LLC,,2026-09-17,2026-09-24,BOX; FUEL,DIBBS|SPE7M226Q0812|0001S00000053,First article test line - not a product line
SPE7L126Q1661,0001S00000046,SPE7L126Q1661,09-15-2026,09-22-2026,2026-09-15 02:20:12,Origin,Destination,None,7018270953,https://dibbs2.bsm.dla.mil/Downloads/RFQ/1/SPE7L126Q1661.PDF,https://www.dibbs.bsm.dla.mil/RFQ/RFQRec.aspx?sn=SPE7L126Q1661,https://www.dibbs.bsm.dla.mil/rfq/rfqrec.aspx?sn=SPE7L126Q1661,FUEL,7,20260930T162835Z,0001S00000046,MISCELLANEOUS,D,444190,1.0,72429 | CP90078010 | MISSION SYSTEMS DAVENPORT INC.,,2026-09-15,2026-09-22,FUEL,DIBBS|SPE7L126Q1661|0001S00000046,First article test line - not a product line
SPE4A726Q1107,0001S00000052,SPE4A726Q1107,09-16-2026,09-28-2026,2026-09-15 01:22:43,Origin,Origin,Tech,7014230587,https://dibbs2.bsm.dla.mil/Downloads/RFQ/7/SPE4A726Q1107.PDF,https://www.dibbs.bsm.dla.mil/RFQ/RFQRec.aspx?sn=SPE4A726Q1107,https://www.dibbs.bsm.dla.mil/rfq/rfqrec.aspx?sn=SPE4A726Q1107,FUEL,7,20260930T162835Z,0001S00000052,GOVERNMENT FIRST ARTIC,G,000000,1.0,,,2026-09-16,2026-09-28,BOX; FUEL,DIBBS|SPE4A726Q1107|0001S00000052,First article test line - not a product line
SPE7M126Q1486,0001S00000052,SPE7M126Q1486,09-16-2026,09-23-2026,2026-09-15 11:42:19,Origin,Origin,None,7018067849,https://dibbs2.bsm.dla.mil/Downloads/RFQ/6/SPE7M126Q1486.PDF,https://www.dibbs.bsm.dla.mil/RFQ/RFQRec.aspx?sn=SPE7M126Q1486,https://www.dibbs.bsm.dla.mil/rfq/rfqrec.aspx?sn=SPE7M126Q1486,FUEL,7,20260930T162835Z,0001S00000052,GOVERNMENT FIRST ARTIC,C,000000,1.0,3CTY8 | 688R574G01 | ONCORE MANUFACTURING LLC,,2026-09-16,2026-09-23,BOX; FUEL,DIBBS|SPE7M126Q1486|0001S00000052,First article test line - not a product line
SPE7M226Q0810,0001S00000046,SPE7M226Q0810,09-16-2026,09-23-2026,2026-09-15 09:58:03,Origin,Origin,Tech,7016091046,https://dibbs2.bsm.dla.mil/Downloads/RFQ/0/SPE7M226Q0810.PDF,https://www.dibbs.bsm.dla.mil/RFQ/RFQRec.aspx?sn=SPE7M226Q0810,https://www.dibbs.bsm.dla.mil/rfq/rfqrec.aspx?sn=SPE7M226Q0810,FUEL,8,20260930T162852Z,0001S00000046,MISCELLANEOUS,C,333998,9.0,20722 | 510941-5 | THE ENTWISTLE COMPANY LLC,,2026-09-16,2026-09-23,BOX; FUEL,DIBBS|SPE7M226Q0810|0001S00000046,First article test line - not a product line
SPE7M226Q0810,0001S00000053,SPE7M226Q0810,09-16-2026,09-23-2026,2026-09-15 09:58:03,Origin,Origin,Tech,7016091046,https://dibbs2.bsm.dla.mil/Downloads/RFQ/0/SPE7M226Q0810.PDF,https://www.dibbs.bsm.dla.mil/RFQ/RFQRec.aspx?sn=SPE7M226Q0810,https://www.dibbs.bsm.dla.mil/rfq/rfqrec.aspx?sn=SPE7M226Q0810,FUEL,8,20260930T162852Z,0001S00000053,CONTRACTOR FIRST ARTIC,C,333998,1.0,20722 | 510941-5 | THE ENTWISTLE COMPANY LLC,,2026-09-16,2026-09-23,BOX; FUEL,DIBBS|SPE7M226Q0810|0001S00000053,First article test line - not a product line
SPE7M226Q0809,0001S00000046,SPE7M226Q0809,09-16-2026,09-23-2026,2026-09-15 09:58:00,Destination,Origin,Tech,7017778126,https://dibbs2.bsm.dla.mil/Downloads/RFQ/9/SPE7M226Q0809.PDF,https://www.dibbs.bsm.dla.mil/RFQ/RFQRec.aspx?sn=SPE7M226Q0809,https://www.dibbs.bsm.dla.mil/rfq/rfqrec.aspx?sn=SPE7M226Q0809,FUEL,8,20260930T162852Z,0001S00000046,MISCELLANEOUS,C,332911,2.0,09990 | 510793-8 | 14775	510793-8	RG INDUSTRIES INC,,2026-09-16,2026-09-23,BOX; FUEL,DIBBS|SPE7M226Q0809|0001S00000046,First article test line - not a product line
SPE7M226Q0809,0001S00000052,SPE7M226Q0809,09-16-2026,09-23-2026,2026-09-15 09:58:00,Destination,Origin,Tech,7017778126,https://dibbs2.bsm.dla.mil/Downloads/RFQ/9/SPE7M226Q0809.PDF,https://www.dibbs.bsm.dla.mil/RFQ/RFQRec.aspx?sn=SPE7M226Q0809,https://www.dibbs.bsm.dla.mil/rfq/rfqrec.aspx?sn=SPE7M226Q0809,FUEL,8,20260930T162852Z,0001S00000052,GOVERNMENT FIRST ARTIC,C,332911,1.0,09990 | 510793-8 | 14775	510793-8	RG INDUSTRIES INC,,2026-09-16,2026-09-23,BOX; FUEL,DIBBS|SPE7M226Q0809|0001S00000052,First article test line - not a product line
SPE7M226Q0808,0001S00000046,SPE7M226Q0808,09-16-2026,09-23-2026,2026-09-15 08:57:02,Destination,Origin,Tech,7017439019,https://dibbs2.bsm.dla.mil/Downloads/RFQ/8/SPE7M226Q0808.PDF,https://www.dibbs.bsm.dla.mil/RFQ/RFQRec.aspx?sn=SPE7M226Q0808,https://www.dibbs.bsm.dla.mil/rfq/rfqrec.aspx?sn=SPE7M226Q0808,FUEL,8,20260930T162852Z,0001S00000046,MISCELLANEOUS,C,336413,5.0,08721 | 524631-3 | WIRECO WORLDGROUP INC,,2026-09-16,2026-09-23,BOX; FUEL,DIBBS|SPE7M226Q0808|0001S00000046,First article test line - not a product line
SPE7M226Q0808,0001S00000053,SPE7M226Q0808,09-16-2026,09-23-2026,2026-09-15 08:57:02,Destination,Origin,Tech,7017439019,https://dibbs2.bsm.dla.mil/Downloads/RFQ/8/SPE7M226Q0808.PDF,https://www.dibbs.bsm.dla.mil/RFQ/RFQRec.aspx?sn=SPE7M226Q0808,https://www.dibbs.bsm.dla.mil/rfq/rfqrec.aspx?sn=SPE7M226Q0808,FUEL,8,20260930T162852Z,0001S00000053,CONTRACTOR FIRST ARTIC,C,336413,1.0,08721 | 524631-3 | WIRECO WORLDGROUP INC,,2026-09-16,2026-09-23,BOX; FUEL,DIBBS|SPE7M226Q0808|0001S00000053,First article test line - not a product line
SPE7M226Q0807,0001S00000053,SPE7M226Q0807,09-16-2026,09-23-2026,2026-09-15 07:57:57,Origin,Origin,Tech,7017436960,https://dibbs2.bsm.dla.mil/Downloads/RFQ/7/SPE7M226Q0807.PDF,https://www.dibbs.bsm.dla.mil/RFQ/RFQRec.aspx?sn=SPE7M226Q0807,https://www.dibbs.bsm.dla.mil/rfq/rfqrec.aspx?sn=SPE7M226Q0807,FUEL,8,20260930T162852Z,0001S00000053,CONTRACTOR FIRST ARTIC,B,336413,1.0,2A197 | PDA000101CREV0 | KASTALON INC,,2026-09-16,2026-09-23,BOX; FUEL,DIBBS|SPE7M226Q0807|0001S00000053,First article test line - not a product line
SPE8E926Q0755,0001S00000053,SPE8E926Q0755,09-14-2026,09-21-2026,2026-09-14 01:57:33,Origin,Destination,Tech,7017381921,https://dibbs2.bsm.dla.mil/Downloads/RFQ/5/SPE8E926Q0755.PDF,https://www.dibbs.bsm.dla.mil/RFQ/RFQRec.aspx?sn=SPE8E926Q0755,https://www.dibbs.bsm.dla.mil/rfq/rfqrec.aspx?sn=SPE8E926Q0755,FUEL,8,20260930T162852Z,0001S00000053,CONTRACTOR FIRST ARTIC,G,326299,1.0,,,2026-09-14,2026-09-21,FUEL,DIBBS|SPE8E926Q0755|0001S00000053,First article test line - not a product line
SPE7M126Q0449,0001S00000046,SPE7M126Q0449,01-09-2026,08-14-2026,2026-09-14 11:38:39,Origin,Origin,Tech,7014810929,https://dibbs2.bsm.dla.mil/Downloads/RFQ/9/SPE7M126Q0449.PDF,https://www.dibbs.bsm.dla.mil/RFQ/RFQRec.aspx?sn=SPE7M126Q0449,https://www.dibbs.bsm.dla.mil/rfq/rfqrec.aspx?sn=SPE7M126Q0449,FUEL,8,20260930T162852Z,0001S00000046,MISCELLANEOUS,C,444190,2.0,"47UU4 | 3429AS4950-1 | TEYA TECHNOLOGIES, LLC",,2026-01-09,2026-08-14,BOX; FUEL,DIBBS|SPE7M126Q0449|0001S00000046,First article test line - not a product line
SPE7M126Q0449,0001S00000053,SPE7M126Q0449,01-09-2026,08-14-2026,2026-09-14 11:38:39,Origin,Origin,Tech,7014810929,https://dibbs2.bsm.dla.mil/Downloads/RFQ/9/SPE7M126Q0449.PDF,https://www.dibbs.bsm.dla.mil/RFQ/RFQRec.aspx?sn=SPE7M126Q0449,https://www.dibbs.bsm.dla.mil/rfq/rfqrec.aspx?sn=SPE7M126Q0449,FUEL,8,20260930T162852Z,0001S00000053,CONTRACTOR FIRST ARTIC,C,000000,1.0,"47UU4 | 3429AS4950-1 | TEYA TECHNOLOGIES, LLC",,2026-01-09,2026-08-14,BOX; FUEL,DIBBS|SPE7M126Q0449|0001S00000053,First article test line - not a product line
SPE4A526T421Q,0001S00000052,SPE4A526T421Q,09-14-2026,09-21-2026,2026-09-13 03:47:13,Origin,Origin,Tech,7018248219,https://dibbs2.bsm.dla.mil/Downloads/RFQ/Q/SPE4A526T421Q.PDF,https://www.dibbs.bsm.dla.mil/RFQ/RFQRec.aspx?sn=SPE4A526T421Q,https://www.dibbs.bsm.dla.mil/rfq/rfqrec.aspx?sn=SPE4A526T421Q,FUEL,8,20260930T162852Z,0001S00000052,GOVERNMENT FIRST ARTIC,C,______,1.0,"45934 | 597243 | ONTIC ENGINEERING & MANUFACTURING,",,2026-09-14,2026-09-21,FUEL,DIBBS|SPE4A526T421Q|0001S00000052,First article test line - not a product line
SPE4A626Q0916,0001S00000052,SPE4A626Q0916,09-04-2026,09-11-2026,2026-09-04 12:39:14,Origin,Origin,Tech,7014491099,https://dibbs2.bsm.dla.mil/Downloads/RFQ/6/SPE4A626Q0916.PDF,https://www.dibbs.bsm.dla.mil/RFQ/RFQRec.aspx?sn=SPE4A626Q0916,https://www.dibbs.bsm.dla.mil/rfq/rfqrec.aspx?sn=SPE4A626Q0916,FUEL,10,20260930T162927Z,0001S00000052,GOVERNMENT FIRST ARTIC,C,000000,1.0,07482 | J643P20A | GENERAL ELECTRIC COMPANY,,2026-09-04,2026-09-11,BOX; FUEL,DIBBS|SPE4A626Q0916|0001S00000052,First article test line - not a product line
SPE8E526Q0424,0001S00000053,SPE8E526Q0424,09-02-2026,09-16-2026,2026-09-02 12:38:58,Origin,Origin,Tech,7016555365,https://dibbs2.bsm.dla.mil/Downloads/RFQ/4/SPE8E526Q0424.PDF,https://www.dibbs.bsm.dla.mil/RFQ/RFQRec.aspx?sn=SPE8E526Q0424,https://www.dibbs.bsm.dla.mil/rfq/rfqrec.aspx?sn=SPE8E526Q0424,FUEL,10,20260930T162927Z,0001S00000053,CONTRACTOR FIRST ARTIC,G,000000,1.0,,,2026-09-02,2026-09-16,BOX; FUEL,DIBBS|SPE8E526Q0424|0001S00000053,First article test line - not a product line
SPE8EE26Q0457,0001S00000052,SPE8EE26Q0457,09-01-2026,09-08-2026,2026-09-01 10:57:54,Origin,Origin,Tech,7015773218,https://dibbs2.bsm.dla.mil/Downloads/RFQ/7/SPE8EE26Q0457.PDF,https://www.dibbs.bsm.dla.mil/RFQ/RFQRec.aspx?sn=SPE8EE26Q0457,https://www.dibbs.bsm.dla.mil/rfq/rfqrec.aspx?sn=SPE8EE26Q0457,FUEL,10,20260930T162927Z,0001S00000052,GOVERNMENT FIRST ARTIC,G,000000,1.0,,,2026-09-01,2026-09-08,BOX; FUEL,DIBBS|SPE8EE26Q0457|0001S00000052,First article test line - not a product line
SPE7M226Q0789,0001S00000046,SPE7M226Q0789,09-02-2026,09-09-2026,2026-09-01 07:44:52,Origin,Origin,Tech,7017778984,https://dibbs2.bsm.dla.mil/Downloads/RFQ/9/SPE7M226Q0789.PDF,https://www.dibbs.bsm.dla.mil/RFQ/RFQRec.aspx?sn=SPE7M226Q0789,https://www.dibbs.bsm.dla.mil/rfq/rfqrec.aspx?sn=SPE7M226Q0789,FUEL,11,20260930T162945Z,0001S00000046,MISCELLANEOUS,C,336413,2.0,0BVP9 | 511097-3 | CAPY MACHINE SHOP INC.,,2026-09-02,2026-09-09,FUEL,DIBBS|SPE7M226Q0789|0001S00000046,First article test line - not a product line
SPE7M226Q0789,0001S00000052,SPE7M226Q0789,09-02-2026,09-09-2026,2026-09-01 07:44:52,Origin,Origin,Tech,7017778984,https://dibbs2.bsm.dla.mil/Downloads/RFQ/9/SPE7M226Q0789.PDF,https://www.dibbs.bsm.dla.mil/RFQ/RFQRec.aspx?sn=SPE7M226Q0789,https://www.dibbs.bsm.dla.mil/rfq/rfqrec.aspx?sn=SPE7M226Q0789,FUEL,11,20260930T162945Z,0001S00000052,GOVERNMENT FIRST ARTIC,C,336413,1.0,0BVP9 | 511097-3 | CAPY MACHINE SHOP INC.,,2026-09-02,2026-09-09,FUEL,DIBBS|SPE7M226Q0789|0001S00000052,First article test line - not a product line
SPE4A626Q1042,0001S00000053,SPE4A626Q1042,08-28-2026,09-04-2026,2026-08-28 09:39:51,Origin,Origin,Tech,7010892355,https://dibbs2.bsm.dla.mil/Downloads/RFQ/2/SPE4A626Q1042.PDF,https://www.dibbs.bsm.dla.mil/RFQ/RFQRec.aspx?sn=SPE4A626Q1042,https://www.dibbs.bsm.dla.mil/rfq/rfqrec.aspx?sn=SPE4A626Q1042,FUEL,11,20260930T162945Z,0001S00000053,CONTRACTOR FIRST ARTIC,C,000000,1.0,"2M490 | 74A450954-2001 | NASSAU TOOL WORKS, INC",,2026-08-28,2026-09-04,BOX; FUEL,DIBBS|SPE4A626Q1042|0001S00000053,First article test line - not a product line
SPE4A626Q1042,0001S00000062,SPE4A626Q1042,08-28-2026,09-04-2026,2026-08-28 09:39:51,Origin,Origin,Tech,7010892355,https://dibbs2.bsm.dla.mil/Downloads/RFQ/2/SPE4A626Q1042.PDF,https://www.dibbs.bsm.dla.mil/RFQ/RFQRec.aspx?sn=SPE4A626Q1042,https://www.dibbs.bsm.dla.mil/rfq/rfqrec.aspx?sn=SPE4A626Q1042,FUEL,11,20260930T162945Z,0001S00000062,PRODUCTION LOT TESTING,C,000000,1.0,"2M490 | 74A450954-2001 | NASSAU TOOL WORKS, INC",,2026-08-28,2026-09-04,BOX; FUEL,DIBBS|SPE4A626Q1042|0001S00000062,First article test line - not a product line
SPE7L726Q2321,0001S00000052,SPE7L726Q2321,08-29-2026,09-09-2026,2026-08-28 08:39:33,Origin,Origin,Tech,7017780841,https://dibbs2.bsm.dla.mil/Downloads/RFQ/1/SPE7L726Q2321.PDF,https://www.dibbs.bsm.dla.mil/RFQ/RFQRec.aspx?sn=SPE7L726Q2321,https://www.dibbs.bsm.dla.mil/rfq/rfqrec.aspx?sn=SPE7L726Q2321,FUEL,11,20260930T162945Z,0001S00000052,GOVERNMENT FIRST ARTIC,C,000000,1.0,No | Data | found,,2026-08-29,2026-09-09,BOX; FUEL,DIBBS|SPE7L726Q2321|0001S00000052,First article test line - not a product line
SPE8E626Q0665,0001S00000053,SPE8E626Q0665,08-26-2026,09-07-2026,2026-08-26 02:09:13,Origin,Origin,Tech,7016178550,https://dibbs2.bsm.dla.mil/Downloads/RFQ/5/SPE8E626Q0665.PDF,https://www.dibbs.bsm.dla.mil/RFQ/RFQRec.aspx?sn=SPE8E626Q0665,https://www.dibbs.bsm.dla.mil/rfq/rfqrec.aspx?sn=SPE8E626Q0665,FUEL,12,20260930T163002Z,0001S00000053,CONTRACTOR FIRST ARTIC,G,000000,1.0,,,2026-08-26,2026-09-07,BOX; FUEL,DIBBS|SPE8E626Q0665|0001S00000053,First article test line - not a product line
SPE8E526Q0416,0001S00000053,SPE8E526Q0416,08-26-2026,09-02-2026,2026-08-26 09:10:05,Origin,Origin,Tech,7017585972,https://dibbs2.bsm.dla.mil/Downloads/RFQ/6/SPE8E526Q0416.PDF,https://www.dibbs.bsm.dla.mil/RFQ/RFQRec.aspx?sn=SPE8E526Q0416,https://www.dibbs.bsm.dla.mil/rfq/rfqrec.aspx?sn=SPE8E526Q0416,FUEL,12,20260930T163002Z,0001S00000053,CONTRACTOR FIRST ARTIC,B,000000,1.0,"4V009 | 10017238 | AIRBOSS DEFENSE GROUP, LLC",,2026-08-26,2026-09-02,BOX; FUEL,DIBBS|SPE8E526Q0416|0001S00000053,First article test line - not a product line
SPE8E526Q0416,0001S00000062,SPE8E526Q0416,08-26-2026,09-02-2026,2026-08-26 09:10:05,Origin,Origin,Tech,7017585972,https://dibbs2.bsm.dla.mil/Downloads/RFQ/6/SPE8E526Q0416.PDF,https://www.dibbs.bsm.dla.mil/RFQ/RFQRec.aspx?sn=SPE8E526Q0416,https://www.dibbs.bsm.dla.mil/rfq/rfqrec.aspx?sn=SPE8E526Q0416,FUEL,12,20260930T163002Z,0001S00000062,PRODUCTION LOT TESTING,B,000000,1.0,"4V009 | 10017238 | AIRBOSS DEFENSE GROUP, LLC",,2026-08-26,2026-09-02,BOX; FUEL,DIBBS|SPE8E526Q0416|0001S00000062,First article test line - not a product line
SPE7M226Q0776,0001S00000046,SPE7M226Q0776,08-27-2026,09-03-2026,2026-08-26 07:09:57,Destination,Origin,Tech,7017868114,https://dibbs2.bsm.dla.mil/Downloads/RFQ/6/SPE7M226Q0776.PDF,https://www.dibbs.bsm.dla.mil/RFQ/RFQRec.aspx?sn=SPE7M226Q0776,https://www.dibbs.bsm.dla.mil/rfq/rfqrec.aspx?sn=SPE7M226Q0776,FUEL,12,20260930T163002Z,0001S00000046,MISCELLANEOUS,C,336413,2.0,4V360 | 34000D1533178 | GENERAL ATOMICS,,2026-08-27,2026-09-03,BOX; FUEL,DIBBS|SPE7M226Q0776|0001S00000046,First article test line - not a product line
SPE7M226Q0776,0001S00000053,SPE7M226Q0776,08-27-2026,09-03-2026,2026-08-26 07:09:57,Destination,Origin,Tech,7017868114,https://dibbs2.bsm.dla.mil/Downloads/RFQ/6/SPE7M226Q0776.PDF,https://www.dibbs.bsm.dla.mil/RFQ/RFQRec.aspx?sn=SPE7M226Q0776,https://www.dibbs.bsm.dla.mil/rfq/rfqrec.aspx?sn=SPE7M226Q0776,FUEL,12,20260930T163002Z,0001S00000053,CONTRACTOR FIRST ARTIC,C,336413,1.0,4V360 | 34000D1533178 | GENERAL ATOMICS,,2026-08-27,2026-09-03,BOX; FUEL,DIBBS|SPE7M226Q0776|0001S00000053,First article test line - not a product line
SPE7M226Q0765,0001S00000046,SPE7M226Q0765,08-27-2026,09-03-2026,2026-08-26 07:09:57,Origin,Origin,Tech,7017601191,https://dibbs2.bsm.dla.mil/Downloads/RFQ/5/SPE7M226Q0765.PDF,https://www.dibbs.bsm.dla.mil/RFQ/RFQRec.aspx?sn=SPE7M226Q0765,https://www.dibbs.bsm.dla.mil/rfq/rfqrec.aspx?sn=SPE7M226Q0765,FUEL,12,20260930T163002Z,0001S00000046,MISCELLANEOUS,B,334290,3.0,"1W820 | 801485-2 | 21856	621330-1	CENTROID, INC.",,2026-08-27,2026-09-03,BOX; FUEL,DIBBS|SPE7M226Q0765|0001S00000046,First article test line - not a product line
SPE7M226Q0765,0001S00000053,SPE7M226Q0765,08-27-2026,09-03-2026,2026-08-26 07:09:57,Origin,Origin,Tech,7017601191,https://dibbs2.bsm.dla.mil/Downloads/RFQ/5/SPE7M226Q0765.PDF,https://www.dibbs.bsm.dla.mil/RFQ/RFQRec.aspx?sn=SPE7M226Q0765,https://www.dibbs.bsm.dla.mil/rfq/rfqrec.aspx?sn=SPE7M226Q0765,FUEL,12,20260930T163002Z,0001S00000053,CONTRACTOR FIRST ARTIC,B,334290,1.0,"1W820 | 801485-2 | 21856	621330-1	CENTROID, INC.",,2026-08-27,2026-09-03,BOX; FUEL,DIBBS|SPE7M226Q0765|0001S00000053,First article test line - not a product line
SPE8EE26Q0446,0001S00000052,SPE8EE26Q0446,08-24-2026,08-31-2026,2026-08-24 11:52:55,Origin,Origin,Tech,7016565995,https://dibbs2.bsm.dla.mil/Downloads/RFQ/6/SPE8EE26Q0446.PDF,https://www.dibbs.bsm.dla.mil/RFQ/RFQRec.aspx?sn=SPE8EE26Q0446,https://www.dibbs.bsm.dla.mil/rfq/rfqrec.aspx?sn=SPE8EE26Q0446,FUEL,12,20260930T163002Z,0001S00000052,GOVERNMENT FIRST ARTIC,G,000000,1.0,,,2026-08-24,2026-08-31,FUEL,DIBBS|SPE8EE26Q0446|0001S00000052,First article test line - not a product line
SPE7M426Q0910,0001S00000053,SPE7M426Q0910,08-20-2026,09-03-2026,2026-08-22 11:27:31,Origin,Origin,Tech,7007464511,https://dibbs2.bsm.dla.mil/Downloads/RFQ/0/SPE7M426Q0910.PDF,https://www.dibbs.bsm.dla.mil/RFQ/RFQRec.aspx?sn=SPE7M426Q0910,https://www.dibbs.bsm.dla.mil/rfq/rfqrec.aspx?sn=SPE7M426Q0910,FUEL,12,20260930T163002Z,0001S00000053,CONTRACTOR FIRST ARTIC,G,332996,1.0,,,2026-08-20,2026-09-03,FUEL,DIBBS|SPE7M426Q0910|0001S00000053,First article test line - not a product line
SPE8E626Q0429,0001S00000053,SPE8E626Q0429,05-15-2026,05-22-2026,2026-08-21 02:41:27,Origin,Destination,Tech,7014376262,https://dibbs2.bsm.dla.mil/Downloads/RFQ/9/SPE8E626Q0429.PDF,https://www.dibbs.bsm.dla.mil/RFQ/RFQRec.aspx?sn=SPE8E626Q0429,https://www.dibbs.bsm.dla.mil/rfq/rfqrec.aspx?sn=SPE8E626Q0429,FUEL,13,20260930T163020Z,0001S00000053,CONTRACTOR FIRST ARTIC,G,000000,1.0,,,2026-05-15,2026-05-22,BOX; FUEL,DIBBS|SPE8E626Q0429|0001S00000053,First article test line - not a product line
SPE7L126Q1038,0001S00000053,SPE7L126Q1038,05-07-2026,05-21-2026,2026-08-21 02:41:27,Origin,Origin,Tech,7011803114,https://dibbs2.bsm.dla.mil/Downloads/RFQ/8/SPE7L126Q1038.PDF,https://www.dibbs.bsm.dla.mil/RFQ/RFQRec.aspx?sn=SPE7L126Q1038,https://www.dibbs.bsm.dla.mil/rfq/rfqrec.aspx?sn=SPE7L126Q1038,FUEL,13,20260930T163020Z,0001S00000053,CONTRACTOR FIRST ARTIC,G,000000,1.0,,,2026-05-07,2026-05-21,BOX; FUEL,DIBBS|SPE7L126Q1038|0001S00000053,First article test line - not a product line
SPE7L526Q0136,0001S00000053,SPE7L526Q0136,06-11-2026,06-23-2026,2026-08-21 02:41:27,Origin,Origin,Tech,7016685844,https://dibbs2.bsm.dla.mil/Downloads/RFQ/6/SPE7L526Q0136.PDF,https://www.dibbs.bsm.dla.mil/RFQ/RFQRec.aspx?sn=SPE7L526Q0136,https://www.dibbs.bsm.dla.mil/rfq/rfqrec.aspx?sn=SPE7L526Q0136,FUEL,13,20260930T163020Z,0001S00000053,CONTRACTOR FIRST ARTIC,B,000000,1.0,,,2026-06-11,2026-06-23,BOX; FUEL,DIBBS|SPE7L526Q0136|0001S00000053,First article test line - not a product line
SPE8E626Q0439,0001S00000053,SPE8E626Q0439,05-21-2026,06-04-2026,2026-08-21 02:41:27,Origin,Origin,Tech,7016179730,https://dibbs2.bsm.dla.mil/Downloads/RFQ/9/SPE8E626Q0439.PDF,https://www.dibbs.bsm.dla.mil/RFQ/RFQRec.aspx?sn=SPE8E626Q0439,https://www.dibbs.bsm.dla.mil/rfq/rfqrec.aspx?sn=SPE8E626Q0439,FUEL,13,20260930T163020Z,0001S00000053,CONTRACTOR FIRST ARTIC,B,000000,1.0,1LEW5 | 72008/10 | AVON PROTECTION SYSTEMS INCORPORATE,,2026-05-21,2026-06-04,BOX; FUEL,DIBBS|SPE8E626Q0439|0001S00000053,First article test line - not a product line
SPE8E626Q0439,0001S00000062,SPE8E626Q0439,05-21-2026,06-04-2026,2026-08-21 02:41:27,Origin,Origin,Tech,7016179730,https://dibbs2.bsm.dla.mil/Downloads/RFQ/9/SPE8E626Q0439.PDF,https://www.dibbs.bsm.dla.mil/RFQ/RFQRec.aspx?sn=SPE8E626Q0439,https://www.dibbs.bsm.dla.mil/rfq/rfqrec.aspx?sn=SPE8E626Q0439,FUEL,13,20260930T163020Z,0001S00000062,PRODUCTION LOT TESTING,B,000000,1.0,1LEW5 | 72008/10 | AVON PROTECTION SYSTEMS INCORPORATE,,2026-05-21,2026-06-04,BOX; FUEL,DIBBS|SPE8E626Q0439|0001S00000062,First article test line - not a product line
SPE8E626Q0648,0001S00000053,SPE8E626Q0648,08-13-2026,08-25-2026,2026-08-21 02:41:27,Origin,Origin,Tech,7016760983,https://dibbs2.bsm.dla.mil/Downloads/RFQ/8/SPE8E626Q0648.PDF,https://www.dibbs.bsm.dla.mil/RFQ/RFQRec.aspx?sn=SPE8E626Q0648,https://www.dibbs.bsm.dla.mil/rfq/rfqrec.aspx?sn=SPE8E626Q0648,FUEL,13,20260930T163020Z,0001S00000053,CONTRACTOR FIRST ARTIC,G,000000,1.0,,,2026-08-13,2026-08-25,BOX; FUEL,DIBBS|SPE8E626Q0648|0001S00000053,First article test line - not a product line
SPE4A726Q0724,0001S00000053,SPE4A726Q0724,06-11-2026,06-19-2026,2026-08-21 02:41:27,Origin,Origin,Tech,7012687079,https://dibbs2.bsm.dla.mil/Downloads/RFQ/4/SPE4A726Q0724.PDF,https://www.dibbs.bsm.dla.mil/RFQ/RFQRec.aspx?sn=SPE4A726Q0724,https://www.dibbs.bsm.dla.mil/rfq/rfqrec.aspx?sn=SPE4A726Q0724,FUEL,13,20260930T163020Z,0001S00000053,CONTRACTOR FIRST ARTIC,C,336413,1.0,43999 | L3223885-009 | THE BOEING COMPANY,,2026-06-11,2026-06-19,BOX; FUEL,DIBBS|SPE4A726Q0724|0001S00000053,First article test line - not a product line
SPE4A626Q1203,0001S00000053,SPE4A626Q1203,07-23-2026,07-27-2026,2026-08-21 02:41:27,Origin,Origin,Tech,7017272630,https://dibbs2.bsm.dla.mil/Downloads/RFQ/3/SPE4A626Q1203.PDF,https://www.dibbs.bsm.dla.mil/RFQ/RFQRec.aspx?sn=SPE4A626Q1203,https://www.dibbs.bsm.dla.mil/rfq/rfqrec.aspx?sn=SPE4A626Q1203,FUEL,14,20260930T163037Z,0001S00000053,CONTRACTOR FIRST ARTIC,B,000000,1.0,32865 | 8001085-102 | DRS NETWORK & IMAGING SYSTEMS LLC,,2026-07-23,2026-07-27,BOX; FUEL; HARNESS,DIBBS|SPE4A626Q1203|0001S00000053,First article test line - not a product line
SPE4A626Q1018,0001S00000053,SPE4A626Q1018,06-12-2026,06-19-2026,2026-08-21 02:41:27,Origin,Origin,Tech,7015657594,https://dibbs2.bsm.dla.mil/Downloads/RFQ/8/SPE4A626Q1018.PDF,https://www.dibbs.bsm.dla.mil/RFQ/RFQRec.aspx?sn=SPE4A626Q1018,https://www.dibbs.bsm.dla.mil/rfq/rfqrec.aspx?sn=SPE4A626Q1018,FUEL,14,20260930T163037Z,0001S00000053,CONTRACTOR FIRST ARTIC,C,000000,1.0,4GP55 | 3040T30P01 | ACUFAST AIRCRAFT PRODUCTS,,2026-06-12,2026-06-19,BOX; FUEL,DIBBS|SPE4A626Q1018|0001S00000053,First article test line - not a product line
SPE4A626Q1018,0001S00000062,SPE4A626Q1018,06-12-2026,06-19-2026,2026-08-21 02:41:27,Origin,Origin,Tech,7015657594,https://dibbs2.bsm.dla.mil/Downloads/RFQ/8/SPE4A626Q1018.PDF,https://www.dibbs.bsm.dla.mil/RFQ/RFQRec.aspx?sn=SPE4A626Q1018,https://www.dibbs.bsm.dla.mil/rfq/rfqrec.aspx?sn=SPE4A626Q1018,FUEL,14,20260930T163037Z,0001S00000062,PRODUCTION LOT TESTING,C,000000,1.0,4GP55 | 3040T30P01 | ACUFAST AIRCRAFT PRODUCTS,,2026-06-12,2026-06-19,BOX; FUEL,DIBBS|SPE4A626Q1018|0001S00000062,First article test line - not a product line
SPE4A626Q1200,0001S00000061,SPE4A626Q1200,07-22-2026,07-30-2026,2026-08-21 02:41:27,Origin,Origin,Tech,7017572408,https://dibbs2.bsm.dla.mil/Downloads/RFQ/0/SPE4A626Q1200.PDF,https://www.dibbs.bsm.dla.mil/RFQ/RFQRec.aspx?sn=SPE4A626Q1200,https://www.dibbs.bsm.dla.mil/rfq/rfqrec.aspx?sn=SPE4A626Q1200,FUEL,14,20260930T163037Z,0001S00000061,PRODUCTION LOT TESTING,G,000000,1.0,,,2026-07-22,2026-07-30,CABLE ASSEMBLY; FUEL,DIBBS|SPE4A626Q1200|0001S00000061,First article test line - not a product line
SPE7L726Q1776,0001S00000052,SPE7L726Q1776,06-04-2026,06-13-2026,2026-08-21 02:41:27,Origin,Destination,Tech,7014423245,https://dibbs2.bsm.dla.mil/Downloads/RFQ/6/SPE7L726Q1776.PDF,https://www.dibbs.bsm.dla.mil/RFQ/RFQRec.aspx?sn=SPE7L726Q1776,https://www.dibbs.bsm.dla.mil/rfq/rfqrec.aspx?sn=SPE7L726Q1776,FUEL,14,20260930T163037Z,0001S00000052,GOVERNMENT FIRST ARTIC,G,000000,1.0,,,2026-06-04,2026-06-13,BOX; FUEL,DIBBS|SPE7L726Q1776|0001S00000052,First article test line - not a product line
SPE8E526Q0375,0001S00000053,SPE8E526Q0375,08-06-2026,08-15-2026,2026-08-21 02:41:27,Origin,Destination,Tech,7017121997,https://dibbs2.bsm.dla.mil/Downloads/RFQ/5/SPE8E526Q0375.PDF,https://www.dibbs.bsm.dla.mil/RFQ/RFQRec.aspx?sn=SPE8E526Q0375,https://www.dibbs.bsm.dla.mil/rfq/rfqrec.aspx?sn=SPE8E526Q0375,FUEL,14,20260930T163037Z,0001S00000053,CONTRACTOR FIRST ARTIC,B,000000,1.0,1LEW5 | 72008/15 | AVON PROTECTION SYSTEMS INCORPORATE,,2026-08-06,2026-08-15,BOX; FUEL,DIBBS|SPE8E526Q0375|0001S00000053,First article test line - not a product line
SPE8E526Q0375,0001S00000062,SPE8E526Q0375,08-06-2026,08-15-2026,2026-08-21 02:41:27,Origin,Destination,Tech,7017121997,https://dibbs2.bsm.dla.mil/Downloads/RFQ/5/SPE8E526Q0375.PDF,https://www.dibbs.bsm.dla.mil/RFQ/RFQRec.aspx?sn=SPE8E526Q0375,https://www.dibbs.bsm.dla.mil/rfq/rfqrec.aspx?sn=SPE8E526Q0375,FUEL,14,20260930T163037Z,0001S00000062,PRODUCTION LOT TESTING,B,000000,1.0,1LEW5 | 72008/15 | AVON PROTECTION SYSTEMS INCORPORATE,,2026-08-06,2026-08-15,BOX; FUEL,DIBBS|SPE8E526Q0375|0001S00000062,First article test line - not a product line
SPE4A126Q0050,0001S00000053,SPE4A126Q0050,03-13-2026,03-20-2026,2026-08-21 02:41:27,Origin,Origin,Tech,7011322236,https://dibbs2.bsm.dla.mil/Downloads/RFQ/0/SPE4A126Q0050.PDF,https://www.dibbs.bsm.dla.mil/RFQ/RFQRec.aspx?sn=SPE4A126Q0050,https://www.dibbs.bsm.dla.mil/rfq/rfqrec.aspx?sn=SPE4A126Q0050,FUEL,14,20260930T163037Z,0001S00000053,CONTRACTOR FIRST ARTIC,B,000000,1.0,1LEW5 | 602078 | AVON PROTECTION SYSTEMS INCORPORATE,,2026-03-13,2026-03-20,BOX; FUEL,DIBBS|SPE4A126Q0050|0001S00000053,First article test line - not a product line
SPE4A126Q0050,0001S00000062,SPE4A126Q0050,03-13-2026,03-20-2026,2026-08-21 02:41:27,Origin,Origin,Tech,7011322236,https://dibbs2.bsm.dla.mil/Downloads/RFQ/0/SPE4A126Q0050.PDF,https://www.dibbs.bsm.dla.mil/RFQ/RFQRec.aspx?sn=SPE4A126Q0050,https://www.dibbs.bsm.dla.mil/rfq/rfqrec.aspx?sn=SPE4A126Q0050,FUEL,14,20260930T163037Z,0001S00000062,PRODUCTION LOT TESTING,B,000000,1.0,1LEW5 | 602078 | AVON PROTECTION SYSTEMS INCORPORATE,,2026-03-13,2026-03-20,BOX; FUEL,DIBBS|SPE4A126Q0050|0001S00000062,First article test line - not a product line
SPE7M126Q1399,0001S00000046,SPE7M126Q1399,08-19-2026,09-01-2026,2026-08-21 02:41:27,Origin,Origin,Tech,7017439989,https://dibbs2.bsm.dla.mil/Downloads/RFQ/9/SPE7M126Q1399.PDF,https://www.dibbs.bsm.dla.mil/RFQ/RFQRec.aspx?sn=SPE7M126Q1399,https://www.dibbs.bsm.dla.mil/rfq/rfqrec.aspx?sn=SPE7M126Q1399,FUEL,14,20260930T163037Z,0001S00000046,MISCELLANEOUS,C,444190,10.0,1X0E7 | 626143-1 | 20722	626143-1	THE ENTWISTLE COMPANY LLC,,2026-08-19,2026-09-01,BOX; FUEL,DIBBS|SPE7M126Q1399|0001S00000046,First article test line - not a product line
SPE7M126Q1399,0001S00000053,SPE7M126Q1399,08-19-2026,09-01-2026,2026-08-21 02:41:27,Origin,Origin,Tech,7017439989,https://dibbs2.bsm.dla.mil/Downloads/RFQ/9/SPE7M126Q1399.PDF,https://www.dibbs.bsm.dla.mil/RFQ/RFQRec.aspx?sn=SPE7M126Q1399,https://www.dibbs.bsm.dla.mil/rfq/rfqrec.aspx?sn=SPE7M126Q1399,FUEL,14,20260930T163037Z,0001S00000053,CONTRACTOR FIRST ARTIC,C,333998,1.0,1X0E7 | 626143-1 | 20722	626143-1	THE ENTWISTLE COMPANY LLC,,2026-08-19,2026-09-01,BOX; FUEL,DIBBS|SPE7M126Q1399|0001S00000053,First article test line - not a product line
SPE7L726Q1492,0001S00000052,SPE7L726Q1492,04-29-2026,05-08-2026,2026-08-21 02:41:27,Destination,Origin,Tech,7016088381,https://dibbs2.bsm.dla.mil/Downloads/RFQ/2/SPE7L726Q1492.PDF,https://www.dibbs.bsm.dla.mil/RFQ/RFQRec.aspx?sn=SPE7L726Q1492,https://www.dibbs.bsm.dla.mil/rfq/rfqrec.aspx?sn=SPE7L726Q1492,FUEL,15,20260930T163101Z,0001S00000052,GOVERNMENT FIRST ARTIC,G,335910,1.0,,,2026-04-29,2026-05-08,BOX; FUEL,DIBBS|SPE7L726Q1492|0001S00000052,First article test line - not a product line
SPE7L726Q1492,0001S00000061,SPE7L726Q1492,04-29-2026,05-08-2026,2026-08-21 02:41:27,Destination,Origin,Tech,7016088381,https://dibbs2.bsm.dla.mil/Downloads/RFQ/2/SPE7L726Q1492.PDF,https://www.dibbs.bsm.dla.mil/RFQ/RFQRec.aspx?sn=SPE7L726Q1492,https://www.dibbs.bsm.dla.mil/rfq/rfqrec.aspx?sn=SPE7L726Q1492,FUEL,15,20260930T163101Z,0001S00000061,PRODUCTION LOT TESTING,G,335910,1.0,,,2026-04-29,2026-05-08,BOX; FUEL,DIBBS|SPE7L726Q1492|0001S00000061,First article test line - not a product line
SPE7L726Q1492,0001S00000062,SPE7L726Q1492,04-29-2026,05-08-2026,2026-08-21 02:41:27,Destination,Origin,Tech,7016088381,https://dibbs2.bsm.dla.mil/Downloads/RFQ/2/SPE7L726Q1492.PDF,https://www.dibbs.bsm.dla.mil/RFQ/RFQRec.aspx?sn=SPE7L726Q1492,https://www.dibbs.bsm.dla.mil/rfq/rfqrec.aspx?sn=SPE7L726Q1492,FUEL,15,20260930T163101Z,0001S00000062,PRODUCTION LOT TESTING,G,335910,1.0,,,2026-04-29,2026-05-08,BOX; FUEL,DIBBS|SPE7L726Q1492|0001S00000062,First article test line - not a product line
SPE4A726Q0553,0001S00000052,SPE4A726Q0553,03-30-2026,04-17-2026,2026-08-21 02:41:27,Origin,Origin,Tech,7015851958,https://dibbs2.bsm.dla.mil/Downloads/RFQ/3/SPE4A726Q0553.PDF,https://www.dibbs.bsm.dla.mil/RFQ/RFQRec.aspx?sn=SPE4A726Q0553,https://www.dibbs.bsm.dla.mil/rfq/rfqrec.aspx?sn=SPE4A726Q0553,FUEL,15,20260930T163101Z,0001S00000052,GOVERNMENT FIRST ARTIC,G,000000,1.0,,,2026-03-30,2026-04-17,BOX; FUEL,DIBBS|SPE4A726Q0553|0001S00000052,First article test line - not a product line
SPE4A726Q0935,0001S00000052,SPE4A726Q0935,07-30-2026,08-12-2026,2026-08-21 02:41:27,Origin,Origin,Tech,7016437639; 7017011941,https://dibbs2.bsm.dla.mil/Downloads/RFQ/5/SPE4A726Q0935.PDF,https://www.dibbs.bsm.dla.mil/RFQ/RFQRec.aspx?sn=SPE4A726Q0935,https://www.dibbs.bsm.dla.mil/rfq/rfqrec.aspx?sn=SPE4A726Q0935,FUEL,16,20260930T163124Z,0001S00000052,GOVERNMENT FIRST ARTIC,C,000000,1.0,81205 | 65-32242-4 | THE BOEING COMPANY,,2026-07-30,2026-08-12,FUEL,DIBBS|SPE4A726Q0935|0001S00000052,First article test line - not a product line
SPE8E626Q0578,0001S00000053,SPE8E626Q0578,07-21-2026,07-28-2026,2026-08-21 02:41:27,Origin,Origin,Tech,7016179731,https://dibbs2.bsm.dla.mil/Downloads/RFQ/8/SPE8E626Q0578.PDF,https://www.dibbs.bsm.dla.mil/RFQ/RFQRec.aspx?sn=SPE8E626Q0578,https://www.dibbs.bsm.dla.mil/rfq/rfqrec.aspx?sn=SPE8E626Q0578,FUEL,16,20260930T163124Z,0001S00000053,CONTRACTOR FIRST ARTIC,G,000000,1.0,No | Data | found,,2026-07-21,2026-07-28,BOX; FUEL,DIBBS|SPE8E626Q0578|0001S00000053,First article test line - not a product line
SPE8E626Q0578,0001S00000062,SPE8E626Q0578,07-21-2026,07-28-2026,2026-08-21 02:41:27,Origin,Origin,Tech,7016179731,https://dibbs2.bsm.dla.mil/Downloads/RFQ/8/SPE8E626Q0578.PDF,https://www.dibbs.bsm.dla.mil/RFQ/RFQRec.aspx?sn=SPE8E626Q0578,https://www.dibbs.bsm.dla.mil/rfq/rfqrec.aspx?sn=SPE8E626Q0578,FUEL,16,20260930T163124Z,0001S00000062,PRODUCTION LOT TESTING,G,000000,1.0,No | Data | found,,2026-07-21,2026-07-28,BOX; FUEL,DIBBS|SPE8E626Q0578|0001S00000062,First article test line - not a product line
SPE4A726Q0712,0001S00000052,SPE4A726Q0712,06-04-2026,06-18-2026,2026-08-21 02:41:27,Origin,Origin,Tech,7016437784,https://dibbs2.bsm.dla.mil/Downloads/RFQ/2/SPE4A726Q0712.PDF,https://www.dibbs.bsm.dla.mil/RFQ/RFQRec.aspx?sn=SPE4A726Q0712,https://www.dibbs.bsm.dla.mil/rfq/rfqrec.aspx?sn=SPE4A726Q0712,FUEL,16,20260930T163124Z,0001S00000052,GOVERNMENT FIRST ARTIC,C,000000,1.0,"07554 | 4J12024-102B | 0Y6E8	4J12024-102B	HAN-BOONE INTERNATIONAL, INC.",,2026-06-04,2026-06-18,BOX; FUEL,DIBBS|SPE4A726Q0712|0001S00000052,First article test line - not a product line
SPE4A526Q0701,0001S00000053,SPE4A526Q0701,08-19-2026,08-26-2026,2026-08-21 02:41:27,Origin,Destination,Tech,7017837661,https://dibbs2.bsm.dla.mil/Downloads/RFQ/1/SPE4A526Q0701.PDF,https://www.dibbs.bsm.dla.mil/RFQ/RFQRec.aspx?sn=SPE4A526Q0701,https://www.dibbs.bsm.dla.mil/rfq/rfqrec.aspx?sn=SPE4A526Q0701,FUEL,16,20260930T163124Z,0001S00000053,CONTRACTOR FIRST ARTIC,C,000000,1.0,18565 | 13658034/GREEN | COLOR	PARKER-HANNIFIN CORPORATION,,2026-08-19,2026-08-26,BOX; FUEL,DIBBS|SPE4A526Q0701|0001S00000053,First article test line - not a product line
SPE4A526Q0701,0001S00000062,SPE4A526Q0701,08-19-2026,08-26-2026,2026-08-21 02:41:27,Origin,Destination,Tech,7017837661,https://dibbs2.bsm.dla.mil/Downloads/RFQ/1/SPE4A526Q0701.PDF,https://www.dibbs.bsm.dla.mil/RFQ/RFQRec.aspx?sn=SPE4A526Q0701,https://www.dibbs.bsm.dla.mil/rfq/rfqrec.aspx?sn=SPE4A526Q0701,FUEL,16,20260930T163124Z,0001S00000062,PRODUCTION LOT TESTING,C,000000,1.0,18565 | 13658034/GREEN | COLOR	PARKER-HANNIFIN CORPORATION,,2026-08-19,2026-08-26,BOX; FUEL,DIBBS|SPE4A526Q0701|0001S00000062,First article test line - not a product line
SPE7M226Q0665,0001S00000046,SPE7M226Q0665,07-23-2026,07-30-2026,2026-08-21 02:41:27,Destination,Origin,Tech,7016691800,https://dibbs2.bsm.dla.mil/Downloads/RFQ/5/SPE7M226Q0665.PDF,https://www.dibbs.bsm.dla.mil/RFQ/RFQRec.aspx?sn=SPE7M226Q0665,https://www.dibbs.bsm.dla.mil/rfq/rfqrec.aspx?sn=SPE7M226Q0665,FUEL,16,20260930T163124Z,0001S00000046,MISCELLANEOUS,C,336413,9.0,17661 | 626964-3R | HAMILL MANUFACTURING COMPANY,,2026-07-23,2026-07-30,BOX; FUEL,DIBBS|SPE7M226Q0665|0001S00000046,First article test line - not a product line
SPE7M226Q0665,0001S00000052,SPE7M226Q0665,07-23-2026,07-30-2026,2026-08-21 02:41:27,Destination,Origin,Tech,7016691800,https://dibbs2.bsm.dla.mil/Downloads/RFQ/5/SPE7M226Q0665.PDF,https://www.dibbs.bsm.dla.mil/RFQ/RFQRec.aspx?sn=SPE7M226Q0665,https://www.dibbs.bsm.dla.mil/rfq/rfqrec.aspx?sn=SPE7M226Q0665,FUEL,16,20260930T163124Z,0001S00000052,GOVERNMENT FIRST ARTIC,C,336413,1.0,17661 | 626964-3R | HAMILL MANUFACTURING COMPANY,,2026-07-23,2026-07-30,BOX; FUEL,DIBBS|SPE7M226Q0665|0001S00000052,First article test line - not a product line
SPE4A726Q0554,0001S00000040,SPE4A726Q0554,03-30-2026,04-17-2026,2026-08-21 02:41:27,Origin,Origin,Tech,7016070372,https://dibbs2.bsm.dla.mil/Downloads/RFQ/4/SPE4A726Q0554.PDF,https://www.dibbs.bsm.dla.mil/RFQ/RFQRec.aspx?sn=SPE4A726Q0554,https://www.dibbs.bsm.dla.mil/rfq/rfqrec.aspx?sn=SPE4A726Q0554,FUEL,16,20260930T163124Z,0001S00000040,SPECIAL TESTING,C,000000,1.0,No | Data | found,,2026-03-30,2026-04-17,BOX; FUEL,DIBBS|SPE4A726Q0554|0001S00000040,First article test line - not a product line
SPE4A726Q0554,0001S00000052,SPE4A726Q0554,03-30-2026,04-17-2026,2026-08-21 02:41:27,Origin,Origin,Tech,7016070372,https://dibbs2.bsm.dla.mil/Downloads/RFQ/4/SPE4A726Q0554.PDF,https://www.dibbs.bsm.dla.mil/RFQ/RFQRec.aspx?sn=SPE4A726Q0554,https://www.dibbs.bsm.dla.mil/rfq/rfqrec.aspx?sn=SPE4A726Q0554,FUEL,16,20260930T163124Z,0001S00000052,GOVERNMENT FIRST ARTIC,C,000000,1.0,No | Data | found,,2026-03-30,2026-04-17,BOX; FUEL,DIBBS|SPE4A726Q0554|0001S00000052,First article test line - not a product line
SPE4A726Q0554,0001S00000061,SPE4A726Q0554,03-30-2026,04-17-2026,2026-08-21 02:41:27,Origin,Origin,Tech,7016070372,https://dibbs2.bsm.dla.mil/Downloads/RFQ/4/SPE4A726Q0554.PDF,https://www.dibbs.bsm.dla.mil/RFQ/RFQRec.aspx?sn=SPE4A726Q0554,https://www.dibbs.bsm.dla.mil/rfq/rfqrec.aspx?sn=SPE4A726Q0554,FUEL,16,20260930T163124Z,0001S00000061,PRODUCTION LOT TESTING,C,000000,1.0,No | Data | found,,2026-03-30,2026-04-17,BOX; FUEL,DIBBS|SPE4A726Q0554|0001S00000061,First article test line - not a product line
SPE8EE26Q0308,0001S00000052,SPE8EE26Q0308,05-13-2026,05-20-2026,2026-08-21 02:41:27,Origin,Origin,Tech,7016179269,https://dibbs2.bsm.dla.mil/Downloads/RFQ/8/SPE8EE26Q0308.PDF,https://www.dibbs.bsm.dla.mil/RFQ/RFQRec.aspx?sn=SPE8EE26Q0308,https://www.dibbs.bsm.dla.mil/rfq/rfqrec.aspx?sn=SPE8EE26Q0308,FUEL,17,20260930T163142Z,0001S00000052,GOVERNMENT FIRST ARTIC,G,000000,1.0,,,2026-05-13,2026-05-20,BOX; FUEL,DIBBS|SPE8EE26Q0308|0001S00000052,First article test line - not a product line
SPE4A626Q1112,0001S00000052,SPE4A626Q1112,07-08-2026,07-20-2026,2026-08-21 02:41:27,Origin,Origin,None,7005029834,https://dibbs2.bsm.dla.mil/Downloads/RFQ/2/SPE4A626Q1112.PDF,https://www.dibbs.bsm.dla.mil/RFQ/RFQRec.aspx?sn=SPE4A626Q1112,https://www.dibbs.bsm.dla.mil/rfq/rfqrec.aspx?sn=SPE4A626Q1112,FUEL,17,20260930T163142Z,0001S00000052,GOVERNMENT FIRST ARTIC,C,000000,1.0,59U82 | 123P50603-1 | 61174	123P50603-1	NORTHROP GRUMMAN SYSTEMS CORPORATIO,,2026-07-08,2026-07-20,BOX; FUEL,DIBBS|SPE4A626Q1112|0001S00000052,First article test line - not a product line
SPE4A626Q1112,0001S00000062,SPE4A626Q1112,07-08-2026,07-20-2026,2026-08-21 02:41:27,Origin,Origin,None,7005029834,https://dibbs2.bsm.dla.mil/Downloads/RFQ/2/SPE4A626Q1112.PDF,https://www.dibbs.bsm.dla.mil/RFQ/RFQRec.aspx?sn=SPE4A626Q1112,https://www.dibbs.bsm.dla.mil/rfq/rfqrec.aspx?sn=SPE4A626Q1112,FUEL,17,20260930T163142Z,0001S00000062,PRODUCTION LOT TESTING,C,000000,1.0,59U82 | 123P50603-1 | 61174	123P50603-1	NORTHROP GRUMMAN SYSTEMS CORPORATIO,,2026-07-08,2026-07-20,BOX; FUEL,DIBBS|SPE4A626Q1112|0001S00000062,First article test line - not a product line
SPE7M126Q1308,0001S00000046,SPE7M126Q1308,08-06-2026,08-19-2026,2026-08-21 02:41:27,Origin,Origin,Tech,7017437454,https://dibbs2.bsm.dla.mil/Downloads/RFQ/8/SPE7M126Q1308.PDF,https://www.dibbs.bsm.dla.mil/RFQ/RFQRec.aspx?sn=SPE7M126Q1308,https://www.dibbs.bsm.dla.mil/rfq/rfqrec.aspx?sn=SPE7M126Q1308,FUEL,17,20260930T163142Z,0001S00000046,MISCELLANEOUS,C,444190,7.0,0BUJ0 | 518309-18 | 4CC77	518309-18	ONE-WAY MANUFACTURING INC.,,2026-08-06,2026-08-19,BOX; FUEL,DIBBS|SPE7M126Q1308|0001S00000046,First article test line - not a product line
SPE7M126Q1308,0001S00000053,SPE7M126Q1308,08-06-2026,08-19-2026,2026-08-21 02:41:27,Origin,Origin,Tech,7017437454,https://dibbs2.bsm.dla.mil/Downloads/RFQ/8/SPE7M126Q1308.PDF,https://www.dibbs.bsm.dla.mil/RFQ/RFQRec.aspx?sn=SPE7M126Q1308,https://www.dibbs.bsm.dla.mil/rfq/rfqrec.aspx?sn=SPE7M126Q1308,FUEL,17,20260930T163142Z,0001S00000053,CONTRACTOR FIRST ARTIC,C,000000,1.0,0BUJ0 | 518309-18 | 4CC77	518309-18	ONE-WAY MANUFACTURING INC.,,2026-08-06,2026-08-19,BOX; FUEL,DIBBS|SPE7M126Q1308|0001S00000053,First article test line - not a product line
SPE4A726Q0843,0001S00000052,SPE4A726Q0843,07-17-2026,07-24-2026,2026-08-21 02:41:27,Origin,Origin,Tech,7016752836,https://dibbs2.bsm.dla.mil/Downloads/RFQ/3/SPE4A726Q0843.PDF,https://www.dibbs.bsm.dla.mil/RFQ/RFQRec.aspx?sn=SPE4A726Q0843,https://www.dibbs.bsm.dla.mil/rfq/rfqrec.aspx?sn=SPE4A726Q0843,FUEL,17,20260930T163142Z,0001S00000052,GOVERNMENT FIRST ARTIC,G,000000,1.0,,,2026-07-17,2026-07-24,BOX; FUEL,DIBBS|SPE4A726Q0843|0001S00000052,First article test line - not a product line
SPE7L526Q0152,0001S00000052,SPE7L526Q0152,07-08-2026,07-17-2026,2026-08-21 02:41:27,Origin,Origin,Tech,7014416574,https://dibbs2.bsm.dla.mil/Downloads/RFQ/2/SPE7L526Q0152.PDF,https://www.dibbs.bsm.dla.mil/RFQ/RFQRec.aspx?sn=SPE7L526Q0152,https://www.dibbs.bsm.dla.mil/rfq/rfqrec.aspx?sn=SPE7L526Q0152,FUEL,17,20260930T163142Z,0001S00000052,GOVERNMENT FIRST ARTIC,G,000000,1.0,,,2026-07-08,2026-07-17,FUEL,DIBBS|SPE7L526Q0152|0001S00000052,First article test line - not a product line
SPE8EE26Q0395,0001S00000053,SPE8EE26Q0395,07-15-2026,07-29-2026,2026-08-21 02:41:27,Origin,Origin,Tech,7016374953,https://dibbs2.bsm.dla.mil/Downloads/RFQ/5/SPE8EE26Q0395.PDF,https://www.dibbs.bsm.dla.mil/RFQ/RFQRec.aspx?sn=SPE8EE26Q0395,https://www.dibbs.bsm.dla.mil/rfq/rfqrec.aspx?sn=SPE8EE26Q0395,FUEL,17,20260930T163142Z,0001S00000053,CONTRACTOR FIRST ARTIC,G,000000,1.0,,,2026-07-15,2026-07-29,FUEL,DIBBS|SPE8EE26Q0395|0001S00000053,First article test line - not a product line
SPE8E926Q0628,0001S00000053,SPE8E926Q0628,07-28-2026,08-04-2026,2026-08-21 02:41:27,Origin,Origin,Tech,7017122744,https://dibbs2.bsm.dla.mil/Downloads/RFQ/8/SPE8E926Q0628.PDF,https://www.dibbs.bsm.dla.mil/RFQ/RFQRec.aspx?sn=SPE8E926Q0628,https://www.dibbs.bsm.dla.mil/rfq/rfqrec.aspx?sn=SPE8E926Q0628,FUEL,18,20260930T163159Z,0001S00000053,CONTRACTOR FIRST ARTIC,C,000000,1.0,"32242 | 47-68-13 | JOHNSON CONTROLS, INC",,2026-07-28,2026-08-04,BOX; FUEL,DIBBS|SPE8E926Q0628|0001S00000053,First article test line - not a product line
SPE8E626Q0440,0001S00000053,SPE8E626Q0440,05-20-2026,05-27-2026,2026-08-21 02:41:27,Origin,Origin,Tech,7014376268,https://dibbs2.bsm.dla.mil/Downloads/RFQ/0/SPE8E626Q0440.PDF,https://www.dibbs.bsm.dla.mil/RFQ/RFQRec.aspx?sn=SPE8E626Q0440,https://www.dibbs.bsm.dla.mil/rfq/rfqrec.aspx?sn=SPE8E626Q0440,FUEL,18,20260930T163159Z,0001S00000053,CONTRACTOR FIRST ARTIC,G,000000,1.0,,,2026-05-20,2026-05-27,BOX; FUEL,DIBBS|SPE8E626Q0440|0001S00000053,First article test line - not a product line
SPE7M226Q0767,0001S00000046,SPE7M226Q0767,08-20-2026,08-27-2026,2026-08-21 02:41:27,Origin,Origin,Tech,7017774992,https://dibbs2.bsm.dla.mil/Downloads/RFQ/7/SPE7M226Q0767.PDF,https://www.dibbs.bsm.dla.mil/RFQ/RFQRec.aspx?sn=SPE7M226Q0767,https://www.dibbs.bsm.dla.mil/rfq/rfqrec.aspx?sn=SPE7M226Q0767,FUEL,18,20260930T163159Z,0001S00000046,MISCELLANEOUS,C,334412,2.0,"55560 | 524685-5 | CONNECTICUT VALLEY INDUSTRIES, LLC",,2026-08-20,2026-08-27,BOX; FUEL,DIBBS|SPE7M226Q0767|0001S00000046,First article test line - not a product line
SPE7M226Q0767,0001S00000053,SPE7M226Q0767,08-20-2026,08-27-2026,2026-08-21 02:41:27,Origin,Origin,Tech,7017774992,https://dibbs2.bsm.dla.mil/Downloads/RFQ/7/SPE7M226Q0767.PDF,https://www.dibbs.bsm.dla.mil/RFQ/RFQRec.aspx?sn=SPE7M226Q0767,https://www.dibbs.bsm.dla.mil/rfq/rfqrec.aspx?sn=SPE7M226Q0767,FUEL,18,20260930T163159Z,0001S00000053,CONTRACTOR FIRST ARTIC,C,334412,1.0,"55560 | 524685-5 | CONNECTICUT VALLEY INDUSTRIES, LLC",,2026-08-20,2026-08-27,BOX; FUEL,DIBBS|SPE7M226Q0767|0001S00000053,First article test line - not a product line
SPE8E526Q0385,0001S00000052,SPE8E526Q0385,08-06-2026,08-13-2026,2026-08-21 02:41:27,Origin,Origin,Tech,7017585354,https://dibbs2.bsm.dla.mil/Downloads/RFQ/5/SPE8E526Q0385.PDF,https://www.dibbs.bsm.dla.mil/RFQ/RFQRec.aspx?sn=SPE8E526Q0385,https://www.dibbs.bsm.dla.mil/rfq/rfqrec.aspx?sn=SPE8E526Q0385,FUEL,18,20260930T163159Z,0001S00000052,GOVERNMENT FIRST ARTIC,G,000000,1.0,,,2026-08-06,2026-08-13,BOX; FUEL,DIBBS|SPE8E526Q0385|0001S00000052,First article test line - not a product line
SPE4A626Q0944,0001S00000052,SPE4A626Q0944,05-20-2026,05-27-2026,2026-08-21 02:41:27,Origin,Origin,None,7016403314,https://dibbs2.bsm.dla.mil/Downloads/RFQ/4/SPE4A626Q0944.PDF,https://www.dibbs.bsm.dla.mil/RFQ/RFQRec.aspx?sn=SPE4A626Q0944,https://www.dibbs.bsm.dla.mil/rfq/rfqrec.aspx?sn=SPE4A626Q0944,FUEL,18,20260930T163159Z,0001S00000052,GOVERNMENT FIRST ARTIC,C,000000,1.0,97942 | 758R025G01 | NORTHROP GRUMMAN SYSTEMS CORPORATIO,,2026-05-20,2026-05-27,BOX; FUEL,DIBBS|SPE4A626Q0944|0001S00000052,First article test line - not a product line
SPE4A626Q0129,0001S00000053,SPE4A626Q0129,10-21-2025,11-04-2025,2026-08-21 02:41:27,Origin,Origin,Tech,7013721185,https://dibbs2.bsm.dla.mil/Downloads/RFQ/9/SPE4A626Q0129.PDF,https://www.dibbs.bsm.dla.mil/RFQ/RFQRec.aspx?sn=SPE4A626Q0129,https://www.dibbs.bsm.dla.mil/rfq/rfqrec.aspx?sn=SPE4A626Q0129,FUEL,18,20260930T163159Z,0001S00000053,CONTRACTOR FIRST ARTIC,C,000000,1.0,78286 | 70361-05001-052 | SIKORSKY AIRCRAFT CORPORATION,,2025-10-21,2025-11-04,BOX; FUEL,DIBBS|SPE4A626Q0129|0001S00000053,First article test line - not a product line
SPE4A626Q0129,0001S00000061,SPE4A626Q0129,10-21-2025,11-04-2025,2026-08-21 02:41:27,Origin,Origin,Tech,7013721185,https://dibbs2.bsm.dla.mil/Downloads/RFQ/9/SPE4A626Q0129.PDF,https://www.dibbs.bsm.dla.mil/RFQ/RFQRec.aspx?sn=SPE4A626Q0129,https://www.dibbs.bsm.dla.mil/rfq/rfqrec.aspx?sn=SPE4A626Q0129,FUEL,18,20260930T163159Z,0001S00000061,PRODUCTION LOT TESTING,C,000000,1.0,78286 | 70361-05001-052 | SIKORSKY AIRCRAFT CORPORATION,,2025-10-21,2025-11-04,BOX; FUEL,DIBBS|SPE4A626Q0129|0001S00000061,First article test line - not a product line
SPE4A726Q0507,0001S00000053,SPE4A726Q0507,03-12-2026,03-19-2026,2026-08-21 02:41:27,Origin,Origin,Tech,7012147055,https://dibbs2.bsm.dla.mil/Downloads/RFQ/7/SPE4A726Q0507.PDF,https://www.dibbs.bsm.dla.mil/RFQ/RFQRec.aspx?sn=SPE4A726Q0507,https://www.dibbs.bsm.dla.mil/rfq/rfqrec.aspx?sn=SPE4A726Q0507,FUEL,19,20260930T163216Z,0001S00000053,CONTRACTOR FIRST ARTIC,B,000000,1.0,18068 | 11494A | ASTROCOM ELECTRONICS INC,,2026-03-12,2026-03-19,BOX; FUEL,DIBBS|SPE4A726Q0507|0001S00000053,First article test line - not a product line
SPE4A726Q0507,0001S00000062,SPE4A726Q0507,03-12-2026,03-19-2026,2026-08-21 02:41:27,Origin,Origin,Tech,7012147055,https://dibbs2.bsm.dla.mil/Downloads/RFQ/7/SPE4A726Q0507.PDF,https://www.dibbs.bsm.dla.mil/RFQ/RFQRec.aspx?sn=SPE4A726Q0507,https://www.dibbs.bsm.dla.mil/rfq/rfqrec.aspx?sn=SPE4A726Q0507,FUEL,19,20260930T163216Z,0001S00000062,PRODUCTION LOT TESTING,B,000000,1.0,18068 | 11494A | ASTROCOM ELECTRONICS INC,,2026-03-12,2026-03-19,BOX; FUEL,DIBBS|SPE4A726Q0507|0001S00000062,First article test line - not a product line
SPE4A626Q0673,0001S00000053,SPE4A626Q0673,03-04-2026,03-11-2026,2026-08-21 02:41:27,Origin,Origin,Tech,7011640428,https://dibbs2.bsm.dla.mil/Downloads/RFQ/3/SPE4A626Q0673.PDF,https://www.dibbs.bsm.dla.mil/RFQ/RFQRec.aspx?sn=SPE4A626Q0673,https://www.dibbs.bsm.dla.mil/rfq/rfqrec.aspx?sn=SPE4A626Q0673,FUEL,19,20260930T163216Z,0001S00000053,CONTRACTOR FIRST ARTIC,C,000000,1.0,,,2026-03-04,2026-03-11,BOX; FUEL,DIBBS|SPE4A626Q0673|0001S00000053,First article test line - not a product line
SPE7M126Q0094,0001S00000052,SPE7M126Q0094,10-17-2025,10-29-2025,2026-08-21 02:41:27,Origin,Origin,Tech,7010564189,https://dibbs2.bsm.dla.mil/Downloads/RFQ/4/SPE7M126Q0094.PDF,https://www.dibbs.bsm.dla.mil/RFQ/RFQRec.aspx?sn=SPE7M126Q0094,https://www.dibbs.bsm.dla.mil/rfq/rfqrec.aspx?sn=SPE7M126Q0094,FUEL,19,20260930T163216Z,0001S00000052,GOVERNMENT FIRST ARTIC,C,000000,1.0,No | Data | found,,2025-10-17,2025-10-29,BOX; FUEL,DIBBS|SPE7M126Q0094|0001S00000052,First article test line - not a product line
SPE7L126Q0435,0001S00000052,SPE7L126Q0435,11-18-2025,12-01-2025,2026-08-21 02:41:27,Origin,Origin,Tech,7011499159,https://dibbs2.bsm.dla.mil/Downloads/RFQ/5/SPE7L126Q0435.PDF,https://www.dibbs.bsm.dla.mil/RFQ/RFQRec.aspx?sn=SPE7L126Q0435,https://www.dibbs.bsm.dla.mil/rfq/rfqrec.aspx?sn=SPE7L126Q0435,FUEL,20,20260930T163233Z,0001S00000052,GOVERNMENT FIRST ARTIC,G,000000,1.0,,,2025-11-18,2025-12-01,FUEL,DIBBS|SPE7L126Q0435|0001S00000052,First article test line - not a product line
SPE7M426Q0331,0001S00000052,SPE7M426Q0331,01-13-2026,01-27-2026,2026-08-21 02:41:27,Origin,Destination,None,7014134850,https://dibbs2.bsm.dla.mil/Downloads/RFQ/1/SPE7M426Q0331.PDF,https://www.dibbs.bsm.dla.mil/RFQ/RFQRec.aspx?sn=SPE7M426Q0331,https://www.dibbs.bsm.dla.mil/rfq/rfqrec.aspx?sn=SPE7M426Q0331,FUEL,20,20260930T163233Z,0001S00000052,GOVERNMENT FIRST ARTIC,C,000000,1.0,"33436 | 426836CL3 | BETA ENGINEERING, INC.",,2026-01-13,2026-01-27,BOX; FUEL,DIBBS|SPE7M426Q0331|0001S00000052,First article test line - not a product line
SPE4A626T37CS,0001S00000052,SPE4A626T37CS,09-28-2026,10-05-2026,2026-09-27 06:21:43,Origin,Origin,None,7016646125,https://dibbs2.bsm.dla.mil/Downloads/RFQ/S/SPE4A626T37CS.PDF,https://www.dibbs.bsm.dla.mil/RFQ/RFQRec.aspx?sn=SPE4A626T37CS,https://www.dibbs.bsm.dla.mil/rfq/rfqrec.aspx?sn=SPE4A626T37CS,TRANSDUCER,1,20260930T163244Z,0001S00000052,GOVERNMENT FIRST ARTIC,Q,______,1.0,07187 | 2586423 | HONEYWELL INTERNATIONAL INC.,,2026-09-28,2026-10-05,TRANSDUCER,DIBBS|SPE4A626T37CS|0001S00000052,First article test line - not a product line
SPE4A626T36XP,0001S00000052,SPE4A626T36XP,09-25-2026,10-02-2026,2026-09-24 07:23:47,Origin,Origin,None,7018457768,https://dibbs2.bsm.dla.mil/Downloads/RFQ/P/SPE4A626T36XP.PDF,https://www.dibbs.bsm.dla.mil/RFQ/RFQRec.aspx?sn=SPE4A626T36XP,https://www.dibbs.bsm.dla.mil/rfq/rfqrec.aspx?sn=SPE4A626T36XP,TRANSDUCER,1,20260930T163244Z,0001S00000052,GOVERNMENT FIRST ARTIC,Q,______,1.0,07187 | 2586423 | HONEYWELL INTERNATIONAL INC.,,2026-09-25,2026-10-02,TRANSDUCER,DIBBS|SPE4A626T36XP|0001S00000052,First article test line - not a product line
SPE4A526T9898,0001S00000053,SPE4A526T9898,03-13-2026,03-20-2026,2026-08-21 02:41:27,Origin,Origin,None,7015905713,https://dibbs2.bsm.dla.mil/Downloads/RFQ/8/SPE4A526T9898.PDF,https://www.dibbs.bsm.dla.mil/RFQ/RFQRec.aspx?sn=SPE4A526T9898,https://www.dibbs.bsm.dla.mil/rfq/rfqrec.aspx?sn=SPE4A526T9898,TRANSDUCER,2,20260930T163300Z,0001S00000053,CONTRACTOR FIRST ARTIC,G,______,1.0,,,2026-03-13,2026-03-20,TRANSDUCER,DIBBS|SPE4A526T9898|0001S00000053,First article test line - not a product line
SPE4A526T210W,0001S00000053,SPE4A526T210W,06-04-2026,06-11-2026,2026-08-21 02:41:27,Origin,Origin,None,7017039685,https://dibbs2.bsm.dla.mil/Downloads/RFQ/W/SPE4A526T210W.PDF,https://www.dibbs.bsm.dla.mil/RFQ/RFQRec.aspx?sn=SPE4A526T210W,https://www.dibbs.bsm.dla.mil/rfq/rfqrec.aspx?sn=SPE4A526T210W,TRANSDUCER,2,20260930T163300Z,0001S00000053,CONTRACTOR FIRST ARTIC,G,______,1.0,,,2026-06-04,2026-06-11,TRANSDUCER,DIBBS|SPE4A526T210W|0001S00000053,First article test line - not a product line
SPE4A625T07Y7,0001S00000052,SPE4A625T07Y7,03-24-2025,03-31-2025,2026-08-21 02:41:27,Origin,Origin,Tech,7003979195,https://dibbs2.bsm.dla.mil/Downloads/RFQ/7/SPE4A625T07Y7.PDF,https://www.dibbs.bsm.dla.mil/RFQ/RFQRec.aspx?sn=SPE4A625T07Y7,https://www.dibbs.bsm.dla.mil/rfq/rfqrec.aspx?sn=SPE4A625T07Y7,TRANSDUCER,2,20260930T163300Z,0001S00000052,GOVERNMENT FIRST ARTIC,G,______,1.0,,,2025-03-24,2025-03-31,TRANSDUCER,DIBBS|SPE4A625T07Y7|0001S00000052,First article test line - not a product line
SPE4A626T58R5,0001S00000052,SPE4A626T58R5,05-15-2026,05-22-2026,2026-08-21 02:41:27,Origin,Origin,Tech,7016471701,https://dibbs2.bsm.dla.mil/Downloads/RFQ/5/SPE4A626T58R5.PDF,https://www.dibbs.bsm.dla.mil/RFQ/RFQRec.aspx?sn=SPE4A626T58R5,https://www.dibbs.bsm.dla.mil/rfq/rfqrec.aspx?sn=SPE4A626T58R5,HARNESS,1,20260930T163318Z,0001S00000052,GOVERNMENT FIRST ARTIC,G,______,1.0,,,2026-05-15,2026-05-22,HARNESS,DIBBS|SPE4A626T58R5|0001S00000052,First article test line - not a product line
SPE4A626T37LT,0001S00000052,SPE4A626T37LT,09-29-2026,10-06-2026,2026-09-28 02:46:49,Origin,Origin,Tech,7018560847,https://dibbs2.bsm.dla.mil/Downloads/RFQ/T/SPE4A626T37LT.PDF,https://www.dibbs.bsm.dla.mil/RFQ/RFQRec.aspx?sn=SPE4A626T37LT,https://www.dibbs.bsm.dla.mil/rfq/rfqrec.aspx?sn=SPE4A626T37LT,HARNESS,1,20260930T163318Z,0001S00000052,GOVERNMENT FIRST ARTIC,G,______,1.0,,,2026-09-29,2026-10-06,HARNESS,DIBBS|SPE4A626T37LT|0001S00000052,First article test line - not a product line
SPE7L426T7273,0001S00000053,SPE7L426T7273,09-29-2026,10-09-2026,2026-09-28 01:34:01,Origin,Origin,Tech,7018496487,https://dibbs2.bsm.dla.mil/Downloads/RFQ/3/SPE7L426T7273.PDF,https://www.dibbs.bsm.dla.mil/RFQ/RFQRec.aspx?sn=SPE7L426T7273,https://www.dibbs.bsm.dla.mil/rfq/rfqrec.aspx?sn=SPE7L426T7273,HARNESS,1,20260930T163318Z,0001S00000053,CONTRACTOR FIRST ARTIC,G,______,1.0,,,2026-09-29,2026-10-09,HARNESS,DIBBS|SPE7L426T7273|0001S00000053,First article test line - not a product line
SPE7L126T18L8,0001S00000053,SPE7L126T18L8,09-29-2026,10-09-2026,2026-09-28 12:26:00,Origin,Origin,Tech,7018268666,https://dibbs2.bsm.dla.mil/Downloads/RFQ/8/SPE7L126T18L8.PDF,https://www.dibbs.bsm.dla.mil/RFQ/RFQRec.aspx?sn=SPE7L126T18L8,https://www.dibbs.bsm.dla.mil/rfq/rfqrec.aspx?sn=SPE7L126T18L8,HARNESS,1,20260930T163318Z,0001S00000053,CONTRACTOR FIRST ARTIC,G,______,1.0,,,2026-09-29,2026-10-09,HARNESS,DIBBS|SPE7L126T18L8|0001S00000053,First article test line - not a product line
SPE4A626T37DP,0001S00000053,SPE4A626T37DP,09-28-2026,10-05-2026,2026-09-27 06:21:44,Origin,Origin,Tech,7018237589,https://dibbs2.bsm.dla.mil/Downloads/RFQ/P/SPE4A626T37DP.PDF,https://www.dibbs.bsm.dla.mil/RFQ/RFQRec.aspx?sn=SPE4A626T37DP,https://www.dibbs.bsm.dla.mil/rfq/rfqrec.aspx?sn=SPE4A626T37DP,HARNESS,1,20260930T163318Z,0001S00000053,CONTRACTOR FIRST ARTIC,G,______,1.0,,,2026-09-28,2026-10-05,HARNESS,DIBBS|SPE4A626T37DP|0001S00000053,First article test line - not a product line
SPE4A626T37EH,0001S00000053,SPE4A626T37EH,09-28-2026,10-05-2026,2026-09-27 06:21:44,Origin,Origin,Tech,7018458087,https://dibbs2.bsm.dla.mil/Downloads/RFQ/H/SPE4A626T37EH.PDF,https://www.dibbs.bsm.dla.mil/RFQ/RFQRec.aspx?sn=SPE4A626T37EH,https://www.dibbs.bsm.dla.mil/rfq/rfqrec.aspx?sn=SPE4A626T37EH,HARNESS,1,20260930T163318Z,0001S00000053,CONTRACTOR FIRST ARTIC,G,______,1.0,,,2026-09-28,2026-10-05,HARNESS,DIBBS|SPE4A626T37EH|0001S00000053,First article test line - not a product line
SPE4A626T37DG,0001S00000053,SPE4A626T37DG,09-28-2026,10-05-2026,2026-09-27 06:21:44,Origin,Origin,None,7018459392,https://dibbs2.bsm.dla.mil/Downloads/RFQ/G/SPE4A626T37DG.PDF,https://www.dibbs.bsm.dla.mil/RFQ/RFQRec.aspx?sn=SPE4A626T37DG,https://www.dibbs.bsm.dla.mil/rfq/rfqrec.aspx?sn=SPE4A626T37DG,HARNESS,1,20260930T163318Z,0001S00000053,CONTRACTOR FIRST ARTIC,G,______,1.0,,,2026-09-28,2026-10-05,HARNESS,DIBBS|SPE4A626T37DG|0001S00000053,First article test line - not a product line
SPE4A626T37DB,0001S00000052,SPE4A626T37DB,09-28-2026,10-05-2026,2026-09-27 06:21:43,Origin,Origin,Tech,7018377705,https://dibbs2.bsm.dla.mil/Downloads/RFQ/B/SPE4A626T37DB.PDF,https://www.dibbs.bsm.dla.mil/RFQ/RFQRec.aspx?sn=SPE4A626T37DB,https://www.dibbs.bsm.dla.mil/rfq/rfqrec.aspx?sn=SPE4A626T37DB,HARNESS,1,20260930T163318Z,0001S00000052,GOVERNMENT FIRST ARTIC,G,______,1.0,,,2026-09-28,2026-10-05,HARNESS,DIBBS|SPE4A626T37DB|0001S00000052,First article test line - not a product line
SPE4A626T36WP,0001S00000053,SPE4A626T36WP,09-25-2026,10-02-2026,2026-09-24 07:23:47,Origin,Origin,None,7017940713,https://dibbs2.bsm.dla.mil/Downloads/RFQ/P/SPE4A626T36WP.PDF,https://www.dibbs.bsm.dla.mil/RFQ/RFQRec.aspx?sn=SPE4A626T36WP,https://www.dibbs.bsm.dla.mil/rfq/rfqrec.aspx?sn=SPE4A626T36WP,HARNESS,1,20260930T163318Z,0001S00000053,CONTRACTOR FIRST ARTIC,G,______,1.0,,,2026-09-25,2026-10-02,HARNESS,DIBBS|SPE4A626T36WP|0001S00000053,First article test line - not a product line
SPE4A626T36BS,0001S00000053,SPE4A626T36BS,09-24-2026,10-01-2026,2026-09-23 04:54:57,Origin,Origin,Tech,7018458570,https://dibbs2.bsm.dla.mil/Downloads/RFQ/S/SPE4A626T36BS.PDF,https://www.dibbs.bsm.dla.mil/RFQ/RFQRec.aspx?sn=SPE4A626T36BS,https://www.dibbs.bsm.dla.mil/rfq/rfqrec.aspx?sn=SPE4A626T36BS,HARNESS,1,20260930T163318Z,0001S00000053,CONTRACTOR FIRST ARTIC,G,______,1.0,,,2026-09-24,2026-10-01,HARNESS,DIBBS|SPE4A626T36BS|0001S00000053,First article test line - not a product line
SPE4A626T35VW,0001S00000061,SPE4A626T35VW,09-23-2026,09-30-2026,2026-09-22 06:20:26,Origin,Origin,Tech,7018406963,https://dibbs2.bsm.dla.mil/Downloads/RFQ/W/SPE4A626T35VW.PDF,https://www.dibbs.bsm.dla.mil/RFQ/RFQRec.aspx?sn=SPE4A626T35VW,https://www.dibbs.bsm.dla.mil/rfq/rfqrec.aspx?sn=SPE4A626T35VW,HARNESS,1,20260930T163318Z,0001S00000061,PRODUCTION LOT TESTING,G,______,1.0,,,2026-09-23,2026-09-30,HARNESS,DIBBS|SPE4A626T35VW|0001S00000061,First article test line - not a product line
SPE4A626T35FH,0001S00000053,SPE4A626T35FH,09-23-2026,09-30-2026,2026-09-22 03:47:56,Origin,Origin,Tech,7018458772,https://dibbs2.bsm.dla.mil/Downloads/RFQ/H/SPE4A626T35FH.PDF,https://www.dibbs.bsm.dla.mil/RFQ/RFQRec.aspx?sn=SPE4A626T35FH,https://www.dibbs.bsm.dla.mil/rfq/rfqrec.aspx?sn=SPE4A626T35FH,HARNESS,1,20260930T163318Z,0001S00000053,CONTRACTOR FIRST ARTIC,G,______,1.0,,,2026-09-23,2026-09-30,HARNESS,DIBBS|SPE4A626T35FH|0001S00000053,First article test line - not a product line
SPE4A626T34XH,0001S00000053,SPE4A626T34XH,09-22-2026,09-29-2026,2026-09-21 09:33:37,Origin,Origin,Tech,7018248674,https://dibbs2.bsm.dla.mil/Downloads/RFQ/H/SPE4A626T34XH.PDF,https://www.dibbs.bsm.dla.mil/RFQ/RFQRec.aspx?sn=SPE4A626T34XH,https://www.dibbs.bsm.dla.mil/rfq/rfqrec.aspx?sn=SPE4A626T34XH,HARNESS,1,20260930T163318Z,0001S00000053,CONTRACTOR FIRST ARTIC,G,______,1.0,,,2026-09-22,2026-09-29,HARNESS,DIBBS|SPE4A626T34XH|0001S00000053,First article test line - not a product line
SPE4A626T33NC,0001S00000061,SPE4A626T33NC,09-21-2026,09-28-2026,2026-09-21 12:15:48,Origin,Origin,Tech,7018413999,https://dibbs2.bsm.dla.mil/Downloads/RFQ/C/SPE4A626T33NC.PDF,https://www.dibbs.bsm.dla.mil/RFQ/RFQRec.aspx?sn=SPE4A626T33NC,https://www.dibbs.bsm.dla.mil/rfq/rfqrec.aspx?sn=SPE4A626T33NC,HARNESS,1,20260930T163318Z,0001S00000061,PRODUCTION LOT TESTING,G,______,1.0,,,2026-09-21,2026-09-28,HARNESS,DIBBS|SPE4A626T33NC|0001S00000061,First article test line - not a product line
SPE4A626T34AH,0001S00000053,SPE4A626T34AH,09-21-2026,09-28-2026,2026-09-21 12:15:48,Origin,Origin,Tech,7018343408,https://dibbs2.bsm.dla.mil/Downloads/RFQ/H/SPE4A626T34AH.PDF,https://www.dibbs.bsm.dla.mil/RFQ/RFQRec.aspx?sn=SPE4A626T34AH,https://www.dibbs.bsm.dla.mil/rfq/rfqrec.aspx?sn=SPE4A626T34AH,HARNESS,1,20260930T163318Z,0001S00000053,CONTRACTOR FIRST ARTIC,G,______,1.0,,,2026-09-21,2026-09-28,HARNESS,DIBBS|SPE4A626T34AH|0001S00000053,First article test line - not a product line
SPE4A626T34HD,0001S00000052,SPE4A626T34HD,09-21-2026,09-28-2026,2026-09-21 12:15:48,Origin,Origin,Tech,7018066948,https://dibbs2.bsm.dla.mil/Downloads/RFQ/D/SPE4A626T34HD.PDF,https://www.dibbs.bsm.dla.mil/RFQ/RFQRec.aspx?sn=SPE4A626T34HD,https://www.dibbs.bsm.dla.mil/rfq/rfqrec.aspx?sn=SPE4A626T34HD,HARNESS,1,20260930T163318Z,0001S00000052,GOVERNMENT FIRST ARTIC,G,______,1.0,,,2026-09-21,2026-09-28,HARNESS,DIBBS|SPE4A626T34HD|0001S00000052,First article test line - not a product line
SPE4A626T32MH,0001S00000062,SPE4A626T32MH,09-18-2026,09-25-2026,2026-09-17 04:43:22,Origin,Origin,Tech,7018392494,https://dibbs2.bsm.dla.mil/Downloads/RFQ/H/SPE4A626T32MH.PDF,https://www.dibbs.bsm.dla.mil/RFQ/RFQRec.aspx?sn=SPE4A626T32MH,https://www.dibbs.bsm.dla.mil/rfq/rfqrec.aspx?sn=SPE4A626T32MH,HARNESS,1,20260930T163318Z,0001S00000062,PRODUCTION LOT TESTING,C,______,1.0,"05606 | 10062293 | GENERAL DYNAMICS-OTS, INC.",,2026-09-18,2026-09-25,HARNESS,DIBBS|SPE4A626T32MH|0001S00000062,First article test line - not a product line
SPE4A426T0200,0001S00000052,SPE4A426T0200,09-17-2026,09-24-2026,2026-09-16 09:49:21,Origin,Origin,Tech,7018378352,https://dibbs2.bsm.dla.mil/Downloads/RFQ/0/SPE4A426T0200.PDF,https://www.dibbs.bsm.dla.mil/RFQ/RFQRec.aspx?sn=SPE4A426T0200,https://www.dibbs.bsm.dla.mil/rfq/rfqrec.aspx?sn=SPE4A426T0200,HARNESS,1,20260930T163318Z,0001S00000052,GOVERNMENT FIRST ARTIC,G,______,1.0,,,2026-09-17,2026-09-24,HARNESS,DIBBS|SPE4A426T0200|0001S00000052,First article test line - not a product line
SPE4A626T31CQ,0001S00000053,SPE4A626T31CQ,09-17-2026,09-24-2026,2026-09-16 09:49:21,Origin,Origin,Tech,7018379458,https://dibbs2.bsm.dla.mil/Downloads/RFQ/Q/SPE4A626T31CQ.PDF,https://www.dibbs.bsm.dla.mil/RFQ/RFQRec.aspx?sn=SPE4A626T31CQ,https://www.dibbs.bsm.dla.mil/rfq/rfqrec.aspx?sn=SPE4A626T31CQ,HARNESS,1,20260930T163318Z,0001S00000053,CONTRACTOR FIRST ARTIC,G,______,1.0,,,2026-09-17,2026-09-24,HARNESS,DIBBS|SPE4A626T31CQ|0001S00000053,First article test line - not a product line
SPE4A626T30ZQ,0001S00000053,SPE4A626T30ZQ,09-17-2026,09-24-2026,2026-09-16 09:12:12,Origin,Origin,Tech,7018377184,https://dibbs2.bsm.dla.mil/Downloads/RFQ/Q/SPE4A626T30ZQ.PDF,https://www.dibbs.bsm.dla.mil/RFQ/RFQRec.aspx?sn=SPE4A626T30ZQ,https://www.dibbs.bsm.dla.mil/rfq/rfqrec.aspx?sn=SPE4A626T30ZQ,HARNESS,2,20260930T163335Z,0001S00000053,CONTRACTOR FIRST ARTIC,G,______,1.0,,,2026-09-17,2026-09-24,HARNESS,DIBBS|SPE4A626T30ZQ|0001S00000053,First article test line - not a product line
SPE4A626T30QW,0001S00000053,SPE4A626T30QW,09-16-2026,09-23-2026,2026-09-15 07:13:25,Origin,Origin,Tech,7018341551,https://dibbs2.bsm.dla.mil/Downloads/RFQ/W/SPE4A626T30QW.PDF,https://www.dibbs.bsm.dla.mil/RFQ/RFQRec.aspx?sn=SPE4A626T30QW,https://www.dibbs.bsm.dla.mil/rfq/rfqrec.aspx?sn=SPE4A626T30QW,HARNESS,2,20260930T163335Z,0001S00000053,CONTRACTOR FIRST ARTIC,G,______,1.0,,,2026-09-16,2026-09-23,HARNESS,DIBBS|SPE4A626T30QW|0001S00000053,First article test line - not a product line
SPE4A626T30HU,0001S00000053,SPE4A626T30HU,09-16-2026,09-23-2026,2026-09-15 11:42:39,Origin,Origin,Tech,7018341481,https://dibbs2.bsm.dla.mil/Downloads/RFQ/U/SPE4A626T30HU.PDF,https://www.dibbs.bsm.dla.mil/RFQ/RFQRec.aspx?sn=SPE4A626T30HU,https://www.dibbs.bsm.dla.mil/rfq/rfqrec.aspx?sn=SPE4A626T30HU,HARNESS,2,20260930T163335Z,0001S00000053,CONTRACTOR FIRST ARTIC,G,______,1.0,,,2026-09-16,2026-09-23,HARNESS,DIBBS|SPE4A626T30HU|0001S00000053,First article test line - not a product line
SPE4A626T30CF,0001S00000053,SPE4A626T30CF,09-16-2026,09-23-2026,2026-09-15 03:50:49,Origin,Origin,Tech,7018343328,https://dibbs2.bsm.dla.mil/Downloads/RFQ/F/SPE4A626T30CF.PDF,https://www.dibbs.bsm.dla.mil/RFQ/RFQRec.aspx?sn=SPE4A626T30CF,https://www.dibbs.bsm.dla.mil/rfq/rfqrec.aspx?sn=SPE4A626T30CF,HARNESS,2,20260930T163335Z,0001S00000053,CONTRACTOR FIRST ARTIC,G,______,1.0,,,2026-09-16,2026-09-23,HARNESS,DIBBS|SPE4A626T30CF|0001S00000053,First article test line - not a product line
SPE4A626T29JB,0001S00000053,SPE4A626T29JB,09-15-2026,09-22-2026,2026-09-14 09:35:02,Origin,Origin,Tech,7016227678,https://dibbs2.bsm.dla.mil/Downloads/RFQ/B/SPE4A626T29JB.PDF,https://www.dibbs.bsm.dla.mil/RFQ/RFQRec.aspx?sn=SPE4A626T29JB,https://www.dibbs.bsm.dla.mil/rfq/rfqrec.aspx?sn=SPE4A626T29JB,HARNESS,2,20260930T163335Z,0001S00000053,CONTRACTOR FIRST ARTIC,G,______,1.0,,,2026-09-15,2026-09-22,HARNESS,DIBBS|SPE4A626T29JB|0001S00000053,First article test line - not a product line
SPE4A626T29CT,0001S00000053,SPE4A626T29CT,09-14-2026,09-21-2026,2026-09-13 03:47:14,Origin,Origin,Tech,7015657007,https://dibbs2.bsm.dla.mil/Downloads/RFQ/T/SPE4A626T29CT.PDF,https://www.dibbs.bsm.dla.mil/RFQ/RFQRec.aspx?sn=SPE4A626T29CT,https://www.dibbs.bsm.dla.mil/rfq/rfqrec.aspx?sn=SPE4A626T29CT,HARNESS,2,20260930T163335Z,0001S00000053,CONTRACTOR FIRST ARTIC,G,______,1.0,,,2026-09-14,2026-09-21,HARNESS,DIBBS|SPE4A626T29CT|0001S00000053,First article test line - not a product line
SPE4A626T28WN,0001S00000053,SPE4A626T28WN,09-11-2026,09-18-2026,2026-09-10 08:33:44,Origin,Origin,Tech,7018248673,https://dibbs2.bsm.dla.mil/Downloads/RFQ/N/SPE4A626T28WN.PDF,https://www.dibbs.bsm.dla.mil/RFQ/RFQRec.aspx?sn=SPE4A626T28WN,https://www.dibbs.bsm.dla.mil/rfq/rfqrec.aspx?sn=SPE4A626T28WN,HARNESS,2,20260930T163335Z,0001S00000053,CONTRACTOR FIRST ARTIC,G,______,1.0,,,2026-09-11,2026-09-18,HARNESS,DIBBS|SPE4A626T28WN|0001S00000053,First article test line - not a product line
SPE7L326T237C,0001S00000052,SPE7L326T237C,09-11-2026,09-21-2026,2026-09-10 03:06:59,Origin,Origin,None,7018270748,https://dibbs2.bsm.dla.mil/Downloads/RFQ/C/SPE7L326T237C.PDF,https://www.dibbs.bsm.dla.mil/RFQ/RFQRec.aspx?sn=SPE7L326T237C,https://www.dibbs.bsm.dla.mil/rfq/rfqrec.aspx?sn=SPE7L326T237C,HARNESS,2,20260930T163335Z,0001S00000052,GOVERNMENT FIRST ARTIC,G,______,1.0,,,2026-09-11,2026-09-21,HARNESS,DIBBS|SPE7L326T237C|0001S00000052,First article test line - not a product line
SPE4A626T27TN,0001S00000061,SPE4A626T27TN,09-10-2026,09-17-2026,2026-09-09 05:18:40,Origin,Origin,Tech,7018247815,https://dibbs2.bsm.dla.mil/Downloads/RFQ/N/SPE4A626T27TN.PDF,https://www.dibbs.bsm.dla.mil/RFQ/RFQRec.aspx?sn=SPE4A626T27TN,https://www.dibbs.bsm.dla.mil/rfq/rfqrec.aspx?sn=SPE4A626T27TN,HARNESS,2,20260930T163335Z,0001S00000061,PRODUCTION LOT TESTING,C,______,1.0,"0HS46 | 13495176 | REV-CAP COMPANY, INC.",,2026-09-10,2026-09-17,HARNESS,DIBBS|SPE4A626T27TN|0001S00000061,First article test line - not a product line
SPE4A026T4734,0001S00000053,SPE4A026T4734,09-09-2026,09-16-2026,2026-09-08 01:44:42,Origin,Origin,Tech,7018121994,https://dibbs2.bsm.dla.mil/Downloads/RFQ/4/SPE4A026T4734.PDF,https://www.dibbs.bsm.dla.mil/RFQ/RFQRec.aspx?sn=SPE4A026T4734,https://www.dibbs.bsm.dla.mil/rfq/rfqrec.aspx?sn=SPE4A026T4734,HARNESS,2,20260930T163335Z,0001S00000053,CONTRACTOR FIRST ARTIC,G,______,1.0,,,2026-09-09,2026-09-16,HARNESS,DIBBS|SPE4A026T4734|0001S00000053,First article test line - not a product line
SPE4A626T27DN,0001S00000053,SPE4A626T27DN,09-09-2026,09-16-2026,2026-09-08 10:41:50,Origin,Origin,Tech,7015853798,https://dibbs2.bsm.dla.mil/Downloads/RFQ/N/SPE4A626T27DN.PDF,https://www.dibbs.bsm.dla.mil/RFQ/RFQRec.aspx?sn=SPE4A626T27DN,https://www.dibbs.bsm.dla.mil/rfq/rfqrec.aspx?sn=SPE4A626T27DN,HARNESS,2,20260930T163335Z,0001S00000053,CONTRACTOR FIRST ARTIC,G,______,1.0,,,2026-09-09,2026-09-16,HARNESS,DIBBS|SPE4A626T27DN|0001S00000053,First article test line - not a product line
SPE4A626T26ZV,0001S00000053,SPE4A626T26ZV,09-08-2026,09-15-2026,2026-09-07 04:26:58,Origin,Origin,Tech,7017914608,https://dibbs2.bsm.dla.mil/Downloads/RFQ/V/SPE4A626T26ZV.PDF,https://www.dibbs.bsm.dla.mil/RFQ/RFQRec.aspx?sn=SPE4A626T26ZV,https://www.dibbs.bsm.dla.mil/rfq/rfqrec.aspx?sn=SPE4A626T26ZV,HARNESS,2,20260930T163335Z,0001S00000053,CONTRACTOR FIRST ARTIC,G,______,1.0,,,2026-09-08,2026-09-15,HARNESS,DIBBS|SPE4A626T26ZV|0001S00000053,First article test line - not a product line
SPE4A626T26SS,0001S00000053,SPE4A626T26SS,09-04-2026,09-11-2026,2026-09-03 06:16:12,Origin,Origin,Tech,7017272651,https://dibbs2.bsm.dla.mil/Downloads/RFQ/S/SPE4A626T26SS.PDF,https://www.dibbs.bsm.dla.mil/RFQ/RFQRec.aspx?sn=SPE4A626T26SS,https://www.dibbs.bsm.dla.mil/rfq/rfqrec.aspx?sn=SPE4A626T26SS,HARNESS,2,20260930T163335Z,0001S00000053,CONTRACTOR FIRST ARTIC,G,______,1.0,,,2026-09-04,2026-09-11,HARNESS,DIBBS|SPE4A626T26SS|0001S00000053,First article test line - not a product line
SPE4A626T25TL,0001S00000053,SPE4A626T25TL,09-02-2026,09-09-2026,2026-09-01 03:50:58,Origin,Origin,Tech,7017837761,https://dibbs2.bsm.dla.mil/Downloads/RFQ/L/SPE4A626T25TL.PDF,https://www.dibbs.bsm.dla.mil/RFQ/RFQRec.aspx?sn=SPE4A626T25TL,https://www.dibbs.bsm.dla.mil/rfq/rfqrec.aspx?sn=SPE4A626T25TL,HARNESS,2,20260930T163335Z,0001S00000053,CONTRACTOR FIRST ARTIC,G,______,1.0,,,2026-09-02,2026-09-09,HARNESS,DIBBS|SPE4A626T25TL|0001S00000053,First article test line - not a product line
SPE7L526T5200,0001S00000053,SPE7L526T5200,08-27-2026,09-08-2026,2026-08-26 05:17:20,Origin,Origin,Tech,7017777215,https://dibbs2.bsm.dla.mil/Downloads/RFQ/0/SPE7L526T5200.PDF,https://www.dibbs.bsm.dla.mil/RFQ/RFQRec.aspx?sn=SPE7L526T5200,https://www.dibbs.bsm.dla.mil/rfq/rfqrec.aspx?sn=SPE7L526T5200,HARNESS,2,20260930T163335Z,0001S00000053,CONTRACTOR FIRST ARTIC,G,______,1.0,,,2026-08-27,2026-09-08,HARNESS,DIBBS|SPE7L526T5200|0001S00000053,First article test line - not a product line
SPE4A626T22NG,0001S00000053,SPE4A626T22NG,08-26-2026,09-02-2026,2026-08-25 09:33:18,Origin,Origin,Tech,7017940738,https://dibbs2.bsm.dla.mil/Downloads/RFQ/G/SPE4A626T22NG.PDF,https://www.dibbs.bsm.dla.mil/RFQ/RFQRec.aspx?sn=SPE4A626T22NG,https://www.dibbs.bsm.dla.mil/rfq/rfqrec.aspx?sn=SPE4A626T22NG,HARNESS,2,20260930T163335Z,0001S00000053,CONTRACTOR FIRST ARTIC,G,______,1.0,,,2026-08-26,2026-09-02,HARNESS,DIBBS|SPE4A626T22NG|0001S00000053,First article test line - not a product line
SPE4A626T22HS,0001S00000053,SPE4A626T22HS,08-26-2026,09-02-2026,2026-08-25 12:34:46,Origin,Origin,Tech,7014870284,https://dibbs2.bsm.dla.mil/Downloads/RFQ/S/SPE4A626T22HS.PDF,https://www.dibbs.bsm.dla.mil/RFQ/RFQRec.aspx?sn=SPE4A626T22HS,https://www.dibbs.bsm.dla.mil/rfq/rfqrec.aspx?sn=SPE4A626T22HS,HARNESS,2,20260930T163335Z,0001S00000053,CONTRACTOR FIRST ARTIC,G,______,1.0,,,2026-08-26,2026-09-02,HARNESS,DIBBS|SPE4A626T22HS|0001S00000053,First article test line - not a product line
SPE4A726T688W,0001S00000053,SPE4A726T688W,08-25-2026,09-01-2026,2026-08-24 05:15:41,Origin,Destination,None,7012593014,https://dibbs2.bsm.dla.mil/Downloads/RFQ/W/SPE4A726T688W.PDF,https://www.dibbs.bsm.dla.mil/RFQ/RFQRec.aspx?sn=SPE4A726T688W,https://www.dibbs.bsm.dla.mil/rfq/rfqrec.aspx?sn=SPE4A726T688W,HARNESS,2,20260930T163335Z,0001S00000053,CONTRACTOR FIRST ARTIC,D,______,1.0,"62765 | C3-839 | CELLTRON, INC.",,2026-08-25,2026-09-01,HARNESS,DIBBS|SPE4A726T688W|0001S00000053,First article test line - not a product line
SPE4A726T675V,0001S00000052,SPE4A726T675V,08-19-2026,08-26-2026,2026-08-21 02:41:27,Origin,Origin,Tech,7017939851,https://dibbs2.bsm.dla.mil/Downloads/RFQ/V/SPE4A726T675V.PDF,https://www.dibbs.bsm.dla.mil/RFQ/RFQRec.aspx?sn=SPE4A726T675V,https://www.dibbs.bsm.dla.mil/rfq/rfqrec.aspx?sn=SPE4A726T675V,HARNESS,2,20260930T163335Z,0001S00000052,GOVERNMENT FIRST ARTIC,G,______,1.0,,,2026-08-19,2026-08-26,HARNESS,DIBBS|SPE4A726T675V|0001S00000052,First article test line - not a product line
SPE4A726T066U,0001S00000053,SPE4A726T066U,03-11-2026,03-18-2026,2026-08-21 02:41:27,Origin,Origin,Tech,7015853770,https://dibbs2.bsm.dla.mil/Downloads/RFQ/U/SPE4A726T066U.PDF,https://www.dibbs.bsm.dla.mil/RFQ/RFQRec.aspx?sn=SPE4A726T066U,https://www.dibbs.bsm.dla.mil/rfq/rfqrec.aspx?sn=SPE4A726T066U,HARNESS,3,20260930T163353Z,0001S00000053,CONTRACTOR FIRST ARTIC,G,______,1.0,,,2026-03-11,2026-03-18,HARNESS,DIBBS|SPE4A726T066U|0001S00000053,First article test line - not a product line
SPE4A626T95J9,0001S00000053,SPE4A626T95J9,06-17-2026,06-24-2026,2026-08-21 02:41:27,Origin,Origin,Tech,7017200525,https://dibbs2.bsm.dla.mil/Downloads/RFQ/9/SPE4A626T95J9.PDF,https://www.dibbs.bsm.dla.mil/RFQ/RFQRec.aspx?sn=SPE4A626T95J9,https://www.dibbs.bsm.dla.mil/rfq/rfqrec.aspx?sn=SPE4A626T95J9,HARNESS,3,20260930T163353Z,0001S00000053,CONTRACTOR FIRST ARTIC,G,______,1.0,,,2026-06-17,2026-06-24,HARNESS,DIBBS|SPE4A626T95J9|0001S00000053,First article test line - not a product line
SPE4A626T94P9,0001S00000053,SPE4A626T94P9,06-17-2026,06-24-2026,2026-08-21 02:41:27,Origin,Origin,Tech,7017199443,https://dibbs2.bsm.dla.mil/Downloads/RFQ/9/SPE4A626T94P9.PDF,https://www.dibbs.bsm.dla.mil/RFQ/RFQRec.aspx?sn=SPE4A626T94P9,https://www.dibbs.bsm.dla.mil/rfq/rfqrec.aspx?sn=SPE4A626T94P9,HARNESS,3,20260930T163353Z,0001S00000053,CONTRACTOR FIRST ARTIC,G,______,1.0,,,2026-06-17,2026-06-24,HARNESS,DIBBS|SPE4A626T94P9|0001S00000053,First article test line - not a product line
SPE4A626T88D6,0001S00000053,SPE4A626T88D6,06-12-2026,06-22-2026,2026-08-21 02:41:27,Origin,Origin,Tech,7017011083,https://dibbs2.bsm.dla.mil/Downloads/RFQ/6/SPE4A626T88D6.PDF,https://www.dibbs.bsm.dla.mil/RFQ/RFQRec.aspx?sn=SPE4A626T88D6,https://www.dibbs.bsm.dla.mil/rfq/rfqrec.aspx?sn=SPE4A626T88D6,HARNESS,3,20260930T163353Z,0001S00000053,CONTRACTOR FIRST ARTIC,G,______,1.0,,,2026-06-12,2026-06-22,HARNESS,DIBBS|SPE4A626T88D6|0001S00000053,First article test line - not a product line
SPE4A626T549S,0001S00000053,SPE4A626T549S,01-23-2026,01-30-2026,2026-08-21 02:41:27,Origin,Origin,Tech,7014384092,https://dibbs2.bsm.dla.mil/Downloads/RFQ/S/SPE4A626T549S.PDF,https://www.dibbs.bsm.dla.mil/RFQ/RFQRec.aspx?sn=SPE4A626T549S,https://www.dibbs.bsm.dla.mil/rfq/rfqrec.aspx?sn=SPE4A626T549S,HARNESS,3,20260930T163353Z,0001S00000053,CONTRACTOR FIRST ARTIC,G,______,1.0,,,2026-01-23,2026-01-30,HARNESS,DIBBS|SPE4A626T549S|0001S00000053,First article test line - not a product line
SPE4A626T512F,0001S00000053,SPE4A626T512F,01-20-2026,01-27-2026,2026-08-21 02:41:27,Origin,Origin,Tech,7014382170,https://dibbs2.bsm.dla.mil/Downloads/RFQ/F/SPE4A626T512F.PDF,https://www.dibbs.bsm.dla.mil/RFQ/RFQRec.aspx?sn=SPE4A626T512F,https://www.dibbs.bsm.dla.mil/rfq/rfqrec.aspx?sn=SPE4A626T512F,HARNESS,3,20260930T163353Z,0001S00000053,CONTRACTOR FIRST ARTIC,G,______,1.0,,,2026-01-20,2026-01-27,HARNESS,DIBBS|SPE4A626T512F|0001S00000053,First article test line - not a product line
SPE4A626T44X9,0001S00000053,SPE4A626T44X9,05-06-2026,05-13-2026,2026-08-21 02:41:27,Origin,Origin,Tech,7016647193,https://dibbs2.bsm.dla.mil/Downloads/RFQ/9/SPE4A626T44X9.PDF,https://www.dibbs.bsm.dla.mil/RFQ/RFQRec.aspx?sn=SPE4A626T44X9,https://www.dibbs.bsm.dla.mil/rfq/rfqrec.aspx?sn=SPE4A626T44X9,HARNESS,3,20260930T163353Z,0001S00000053,CONTRACTOR FIRST ARTIC,G,______,1.0,,,2026-05-06,2026-05-13,HARNESS,DIBBS|SPE4A626T44X9|0001S00000053,First article test line - not a product line
SPE4A626T19HK,0001S00000053,SPE4A626T19HK,08-19-2026,08-26-2026,2026-08-21 02:41:27,Origin,Origin,Tech,7017939806,https://dibbs2.bsm.dla.mil/Downloads/RFQ/K/SPE4A626T19HK.PDF,https://www.dibbs.bsm.dla.mil/RFQ/RFQRec.aspx?sn=SPE4A626T19HK,https://www.dibbs.bsm.dla.mil/rfq/rfqrec.aspx?sn=SPE4A626T19HK,HARNESS,3,20260930T163353Z,0001S00000053,CONTRACTOR FIRST ARTIC,G,______,1.0,,,2026-08-19,2026-08-26,HARNESS,DIBBS|SPE4A626T19HK|0001S00000053,First article test line - not a product line
SPE4A626T15ST,0001S00000053,SPE4A626T15ST,08-12-2026,08-19-2026,2026-08-21 02:41:27,Origin,Origin,Tech,7017838324,https://dibbs2.bsm.dla.mil/Downloads/RFQ/T/SPE4A626T15ST.PDF,https://www.dibbs.bsm.dla.mil/RFQ/RFQRec.aspx?sn=SPE4A626T15ST,https://www.dibbs.bsm.dla.mil/rfq/rfqrec.aspx?sn=SPE4A626T15ST,HARNESS,3,20260930T163353Z,0001S00000053,CONTRACTOR FIRST ARTIC,G,______,1.0,,,2026-08-12,2026-08-19,HARNESS,DIBBS|SPE4A626T15ST|0001S00000053,First article test line - not a product line
SPE4A626T15LX,0001S00000053,SPE4A626T15LX,08-12-2026,08-19-2026,2026-08-21 02:41:27,Origin,Origin,Tech,7017838977,https://dibbs2.bsm.dla.mil/Downloads/RFQ/X/SPE4A626T15LX.PDF,https://www.dibbs.bsm.dla.mil/RFQ/RFQRec.aspx?sn=SPE4A626T15LX,https://www.dibbs.bsm.dla.mil/rfq/rfqrec.aspx?sn=SPE4A626T15LX,HARNESS,3,20260930T163353Z,0001S00000053,CONTRACTOR FIRST ARTIC,G,______,1.0,,,2026-08-12,2026-08-19,HARNESS,DIBBS|SPE4A626T15LX|0001S00000053,First article test line - not a product line
SPE4A626T20QD,0001S00000053,SPE4A626T20QD,08-20-2026,08-27-2026,2026-08-21 02:41:27,Origin,Origin,Tech,7017939619,https://dibbs2.bsm.dla.mil/Downloads/RFQ/D/SPE4A626T20QD.PDF,https://www.dibbs.bsm.dla.mil/RFQ/RFQRec.aspx?sn=SPE4A626T20QD,https://www.dibbs.bsm.dla.mil/rfq/rfqrec.aspx?sn=SPE4A626T20QD,HARNESS,3,20260930T163353Z,0001S00000053,CONTRACTOR FIRST ARTIC,G,______,1.0,,,2026-08-20,2026-08-27,HARNESS,DIBBS|SPE4A626T20QD|0001S00000053,First article test line - not a product line
SPE4A626T01QF,0001S00000053,SPE4A626T01QF,06-29-2026,07-06-2026,2026-08-21 02:41:27,Origin,Origin,Tech,7017272541,https://dibbs2.bsm.dla.mil/Downloads/RFQ/F/SPE4A626T01QF.PDF,https://www.dibbs.bsm.dla.mil/RFQ/RFQRec.aspx?sn=SPE4A626T01QF,https://www.dibbs.bsm.dla.mil/rfq/rfqrec.aspx?sn=SPE4A626T01QF,HARNESS,3,20260930T163353Z,0001S00000053,CONTRACTOR FIRST ARTIC,G,______,1.0,,,2026-06-29,2026-07-06,HARNESS,DIBBS|SPE4A626T01QF|0001S00000053,First article test line - not a product line
SPE4A726T395Z,0001S00000052,SPE4A726T395Z,05-21-2026,05-28-2026,2026-08-21 02:41:27,Origin,Origin,Tech,7016878837,https://dibbs2.bsm.dla.mil/Downloads/RFQ/Z/SPE4A726T395Z.PDF,https://www.dibbs.bsm.dla.mil/RFQ/RFQRec.aspx?sn=SPE4A726T395Z,https://www.dibbs.bsm.dla.mil/rfq/rfqrec.aspx?sn=SPE4A726T395Z,HARNESS,3,20260930T163353Z,0001S00000052,GOVERNMENT FIRST ARTIC,P,______,1.0,0RMB7 | 962718-101 | IMP GROUP LTD,,2026-05-21,2026-05-28,HARNESS,DIBBS|SPE4A726T395Z|0001S00000052,First article test line - not a product line
SPE4A726T244U,0001S00000061,SPE4A726T244U,04-14-2026,04-21-2026,2026-08-21 02:41:27,Origin,Origin,Tech,7016285417,https://dibbs2.bsm.dla.mil/Downloads/RFQ/U/SPE4A726T244U.PDF,https://www.dibbs.bsm.dla.mil/RFQ/RFQRec.aspx?sn=SPE4A726T244U,https://www.dibbs.bsm.dla.mil/rfq/rfqrec.aspx?sn=SPE4A726T244U,HARNESS,3,20260930T163353Z,0001S00000061,PRODUCTION LOT TESTING,G,______,1.0,,,2026-04-14,2026-04-21,HARNESS,DIBBS|SPE4A726T244U|0001S00000061,First article test line - not a product line
SPE4A626T98H1,0001S00000053,SPE4A626T98H1,06-22-2026,06-29-2026,2026-08-21 02:41:27,Origin,Origin,None,7017147884,https://dibbs2.bsm.dla.mil/Downloads/RFQ/1/SPE4A626T98H1.PDF,https://www.dibbs.bsm.dla.mil/RFQ/RFQRec.aspx?sn=SPE4A626T98H1,https://www.dibbs.bsm.dla.mil/rfq/rfqrec.aspx?sn=SPE4A626T98H1,HARNESS,3,20260930T163353Z,0001S00000053,CONTRACTOR FIRST ARTIC,G,______,1.0,,,2026-06-22,2026-06-29,HARNESS,DIBBS|SPE4A626T98H1|0001S00000053,First article test line - not a product line
SPE4A626T936F,0001S00000052,SPE4A626T936F,03-12-2026,03-19-2026,2026-08-21 02:41:27,Origin,Origin,Tech,0065423215,https://dibbs2.bsm.dla.mil/Downloads/RFQ/F/SPE4A626T936F.PDF,https://www.dibbs.bsm.dla.mil/RFQ/RFQRec.aspx?sn=SPE4A626T936F,https://www.dibbs.bsm.dla.mil/rfq/rfqrec.aspx?sn=SPE4A626T936F,HARNESS,3,20260930T163353Z,0001S00000052,GOVERNMENT FIRST ARTIC,C,______,1.0,"876J4 | 200920848-20 | KIHOMAC, INC.",,2026-03-12,2026-03-19,HARNESS,DIBBS|SPE4A626T936F|0001S00000052,First article test line - not a product line
SPE4A626T88U0,0001S00000053,SPE4A626T88U0,06-12-2026,06-22-2026,2026-08-21 02:41:27,Origin,Origin,Tech,7016294042,https://dibbs2.bsm.dla.mil/Downloads/RFQ/0/SPE4A626T88U0.PDF,https://www.dibbs.bsm.dla.mil/RFQ/RFQRec.aspx?sn=SPE4A626T88U0,https://www.dibbs.bsm.dla.mil/rfq/rfqrec.aspx?sn=SPE4A626T88U0,HARNESS,3,20260930T163353Z,0001S00000053,CONTRACTOR FIRST ARTIC,G,______,1.0,,,2026-06-12,2026-06-22,HARNESS,DIBBS|SPE4A626T88U0|0001S00000053,First article test line - not a product line
SPE4A626T84Z3,0001S00000053,SPE4A626T84Z3,06-10-2026,06-17-2026,2026-08-21 02:41:27,Origin,Origin,Tech,7017107963,https://dibbs2.bsm.dla.mil/Downloads/RFQ/3/SPE4A626T84Z3.PDF,https://www.dibbs.bsm.dla.mil/RFQ/RFQRec.aspx?sn=SPE4A626T84Z3,https://www.dibbs.bsm.dla.mil/rfq/rfqrec.aspx?sn=SPE4A626T84Z3,HARNESS,3,20260930T163353Z,0001S00000053,CONTRACTOR FIRST ARTIC,G,______,1.0,,,2026-06-10,2026-06-17,HARNESS,DIBBS|SPE4A626T84Z3|0001S00000053,First article test line - not a product line
SPE7L426T3239,0001S00000053,SPE7L426T3239,03-23-2026,04-02-2026,2026-08-21 02:41:27,Origin,Origin,Tech,7015697306,https://dibbs2.bsm.dla.mil/Downloads/RFQ/9/SPE7L426T3239.PDF,https://www.dibbs.bsm.dla.mil/RFQ/RFQRec.aspx?sn=SPE7L426T3239,https://www.dibbs.bsm.dla.mil/rfq/rfqrec.aspx?sn=SPE7L426T3239,HARNESS,3,20260930T163353Z,0001S00000053,CONTRACTOR FIRST ARTIC,G,______,1.0,,,2026-03-23,2026-04-02,HARNESS,DIBBS|SPE7L426T3239|0001S00000053,First article test line - not a product line
SPE4A626T77X0,0001S00000062,SPE4A626T77X0,06-03-2026,06-10-2026,2026-08-21 02:41:27,Origin,Origin,Tech,7016845006,https://dibbs2.bsm.dla.mil/Downloads/RFQ/0/SPE4A626T77X0.PDF,https://www.dibbs.bsm.dla.mil/RFQ/RFQRec.aspx?sn=SPE4A626T77X0,https://www.dibbs.bsm.dla.mil/rfq/rfqrec.aspx?sn=SPE4A626T77X0,HARNESS,3,20260930T163353Z,0001S00000062,PRODUCTION LOT TESTING,C,______,1.0,"05606 | 10062293 | GENERAL DYNAMICS-OTS, INC.",,2026-06-03,2026-06-10,HARNESS,DIBBS|SPE4A626T77X0|0001S00000062,First article test line - not a product line
SPE4A626T74Q2,0001S00000053,SPE4A626T74Q2,06-01-2026,06-08-2026,2026-08-21 02:41:27,Origin,Origin,Tech,7016751753,https://dibbs2.bsm.dla.mil/Downloads/RFQ/2/SPE4A626T74Q2.PDF,https://www.dibbs.bsm.dla.mil/RFQ/RFQRec.aspx?sn=SPE4A626T74Q2,https://www.dibbs.bsm.dla.mil/rfq/rfqrec.aspx?sn=SPE4A626T74Q2,HARNESS,3,20260930T163353Z,0001S00000053,CONTRACTOR FIRST ARTIC,G,______,1.0,,,2026-06-01,2026-06-08,HARNESS,DIBBS|SPE4A626T74Q2|0001S00000053,First article test line - not a product line
SPE4A626T69S4,0001S00000052,SPE4A626T69S4,05-22-2026,05-29-2026,2026-08-21 02:41:27,Origin,Origin,Tech,7016878816,https://dibbs2.bsm.dla.mil/Downloads/RFQ/4/SPE4A626T69S4.PDF,https://www.dibbs.bsm.dla.mil/RFQ/RFQRec.aspx?sn=SPE4A626T69S4,https://www.dibbs.bsm.dla.mil/rfq/rfqrec.aspx?sn=SPE4A626T69S4,HARNESS,3,20260930T163353Z,0001S00000052,GOVERNMENT FIRST ARTIC,G,______,1.0,,,2026-05-22,2026-05-29,HARNESS,DIBBS|SPE4A626T69S4|0001S00000052,First article test line - not a product line
SPE4A626T14UY,0001S00000052,SPE4A626T14UY,08-11-2026,08-18-2026,2026-08-21 02:41:27,Origin,Origin,Tech,7017817382,https://dibbs2.bsm.dla.mil/Downloads/RFQ/Y/SPE4A626T14UY.PDF,https://www.dibbs.bsm.dla.mil/RFQ/RFQRec.aspx?sn=SPE4A626T14UY,https://www.dibbs.bsm.dla.mil/rfq/rfqrec.aspx?sn=SPE4A626T14UY,HARNESS,3,20260930T163353Z,0001S00000052,GOVERNMENT FIRST ARTIC,C,______,1.0,0WW63 | H16DW2602-527 | INTERCONNECT WIRING LLP,,2026-08-11,2026-08-18,HARNESS,DIBBS|SPE4A626T14UY|0001S00000052,First article test line - not a product line
SPE4A626T08VN,0001S00000053,SPE4A626T08VN,07-22-2026,07-29-2026,2026-08-21 02:41:27,Origin,Origin,Tech,7017571644,https://dibbs2.bsm.dla.mil/Downloads/RFQ/N/SPE4A626T08VN.PDF,https://www.dibbs.bsm.dla.mil/RFQ/RFQRec.aspx?sn=SPE4A626T08VN,https://www.dibbs.bsm.dla.mil/rfq/rfqrec.aspx?sn=SPE4A626T08VN,HARNESS,3,20260930T163353Z,0001S00000053,CONTRACTOR FIRST ARTIC,G,______,1.0,,,2026-07-22,2026-07-29,HARNESS,DIBBS|SPE4A626T08VN|0001S00000053,First article test line - not a product line
SPE4A726T262A,0001S00000053,SPE4A726T262A,04-17-2026,04-24-2026,2026-08-21 02:41:27,Origin,Origin,Tech,7016337538,https://dibbs2.bsm.dla.mil/Downloads/RFQ/A/SPE4A726T262A.PDF,https://www.dibbs.bsm.dla.mil/RFQ/RFQRec.aspx?sn=SPE4A726T262A,https://www.dibbs.bsm.dla.mil/rfq/rfqrec.aspx?sn=SPE4A726T262A,HARNESS,3,20260930T163353Z,0001S00000053,CONTRACTOR FIRST ARTIC,G,______,1.0,,,2026-04-17,2026-04-24,HARNESS,DIBBS|SPE4A726T262A|0001S00000053,First article test line - not a product line
SPE4A726T103R,0001S00000053,SPE4A726T103R,03-18-2026,03-25-2026,2026-08-21 02:41:27,Origin,Origin,Tech,7015956152,https://dibbs2.bsm.dla.mil/Downloads/RFQ/R/SPE4A726T103R.PDF,https://www.dibbs.bsm.dla.mil/RFQ/RFQRec.aspx?sn=SPE4A726T103R,https://www.dibbs.bsm.dla.mil/rfq/rfqrec.aspx?sn=SPE4A726T103R,HARNESS,4,20260930T163410Z,0001S00000053,CONTRACTOR FIRST ARTIC,G,______,1.0,,,2026-03-18,2026-03-25,HARNESS,DIBBS|SPE4A726T103R|0001S00000053,First article test line - not a product line
SPE4A626T95N8,0001S00000053,SPE4A626T95N8,06-17-2026,06-24-2026,2026-08-21 02:41:27,Origin,Origin,Tech,7017200602,https://dibbs2.bsm.dla.mil/Downloads/RFQ/8/SPE4A626T95N8.PDF,https://www.dibbs.bsm.dla.mil/RFQ/RFQRec.aspx?sn=SPE4A626T95N8,https://www.dibbs.bsm.dla.mil/rfq/rfqrec.aspx?sn=SPE4A626T95N8,HARNESS,4,20260930T163410Z,0001S00000053,CONTRACTOR FIRST ARTIC,G,______,1.0,,,2026-06-17,2026-06-24,HARNESS,DIBBS|SPE4A626T95N8|0001S00000053,First article test line - not a product line
SPE4A626T831M,0001S00000053,SPE4A626T831M,02-26-2026,03-05-2026,2026-08-21 02:41:27,Origin,Origin,Tech,7015657021,https://dibbs2.bsm.dla.mil/Downloads/RFQ/M/SPE4A626T831M.PDF,https://www.dibbs.bsm.dla.mil/RFQ/RFQRec.aspx?sn=SPE4A626T831M,https://www.dibbs.bsm.dla.mil/rfq/rfqrec.aspx?sn=SPE4A626T831M,HARNESS,4,20260930T163410Z,0001S00000053,CONTRACTOR FIRST ARTIC,G,______,1.0,,,2026-02-26,2026-03-05,HARNESS,DIBBS|SPE4A626T831M|0001S00000053,First article test line - not a product line
SPE4A626T81P6,0001S00000053,SPE4A626T81P6,06-05-2026,06-12-2026,2026-08-21 02:41:27,Origin,Origin,Tech,7017060369,https://dibbs2.bsm.dla.mil/Downloads/RFQ/6/SPE4A626T81P6.PDF,https://www.dibbs.bsm.dla.mil/RFQ/RFQRec.aspx?sn=SPE4A626T81P6,https://www.dibbs.bsm.dla.mil/rfq/rfqrec.aspx?sn=SPE4A626T81P6,HARNESS,4,20260930T163410Z,0001S00000053,CONTRACTOR FIRST ARTIC,G,______,1.0,,,2026-06-05,2026-06-12,HARNESS,DIBBS|SPE4A626T81P6|0001S00000053,First article test line - not a product line
SPE7L326T037C,0001S00000053,SPE7L326T037C,05-28-2026,06-08-2026,2026-08-21 02:41:27,Origin,Origin,Tech,7015697513,https://dibbs2.bsm.dla.mil/Downloads/RFQ/C/SPE7L326T037C.PDF,https://www.dibbs.bsm.dla.mil/RFQ/RFQRec.aspx?sn=SPE7L326T037C,https://www.dibbs.bsm.dla.mil/rfq/rfqrec.aspx?sn=SPE7L326T037C,HARNESS,4,20260930T163410Z,0001S00000053,CONTRACTOR FIRST ARTIC,B,______,1.0,"5TBL6 | Y000868 | 12174	DETROIT DEFENSE, INC.",,2026-05-28,2026-06-08,HARNESS,DIBBS|SPE7L326T037C|0001S00000053,First article test line - not a product line
SPE4A626T52M5,0001S00000053,SPE4A626T52M5,05-13-2026,05-20-2026,2026-08-21 02:41:27,Origin,Origin,Tech,7016753168,https://dibbs2.bsm.dla.mil/Downloads/RFQ/5/SPE4A626T52M5.PDF,https://www.dibbs.bsm.dla.mil/RFQ/RFQRec.aspx?sn=SPE4A626T52M5,https://www.dibbs.bsm.dla.mil/rfq/rfqrec.aspx?sn=SPE4A626T52M5,HARNESS,4,20260930T163410Z,0001S00000053,CONTRACTOR FIRST ARTIC,G,______,1.0,,,2026-05-13,2026-05-20,HARNESS,DIBBS|SPE4A626T52M5|0001S00000053,First article test line - not a product line
SPE4A626T491G,0001S00000053,SPE4A626T491G,01-14-2026,01-21-2026,2026-08-21 02:41:27,Origin,Origin,Tech,7015050348,https://dibbs2.bsm.dla.mil/Downloads/RFQ/G/SPE4A626T491G.PDF,https://www.dibbs.bsm.dla.mil/RFQ/RFQRec.aspx?sn=SPE4A626T491G,https://www.dibbs.bsm.dla.mil/rfq/rfqrec.aspx?sn=SPE4A626T491G,HARNESS,4,20260930T163410Z,0001S00000053,CONTRACTOR FIRST ARTIC,G,______,1.0,,,2026-01-14,2026-01-21,HARNESS,DIBBS|SPE4A626T491G|0001S00000053,First article test line - not a product line
SPE4A626T15YM,0001S00000053,SPE4A626T15YM,08-13-2026,08-20-2026,2026-08-21 02:41:27,Origin,Origin,Tech,7016753861,https://dibbs2.bsm.dla.mil/Downloads/RFQ/M/SPE4A626T15YM.PDF,https://www.dibbs.bsm.dla.mil/RFQ/RFQRec.aspx?sn=SPE4A626T15YM,https://www.dibbs.bsm.dla.mil/rfq/rfqrec.aspx?sn=SPE4A626T15YM,HARNESS,4,20260930T163410Z,0001S00000053,CONTRACTOR FIRST ARTIC,G,______,1.0,,,2026-08-13,2026-08-20,HARNESS,DIBBS|SPE4A626T15YM|0001S00000053,First article test line - not a product line
SPE4A626T09KX,0001S00000053,SPE4A626T09KX,07-24-2026,07-31-2026,2026-08-21 02:41:27,Origin,Origin,Tech,7016048839,https://dibbs2.bsm.dla.mil/Downloads/RFQ/X/SPE4A626T09KX.PDF,https://www.dibbs.bsm.dla.mil/RFQ/RFQRec.aspx?sn=SPE4A626T09KX,https://www.dibbs.bsm.dla.mil/rfq/rfqrec.aspx?sn=SPE4A626T09KX,HARNESS,4,20260930T163410Z,0001S00000053,CONTRACTOR FIRST ARTIC,G,______,1.0,,,2026-07-24,2026-07-31,HARNESS,DIBBS|SPE4A626T09KX|0001S00000053,First article test line - not a product line
SPE4A626T07KK,0001S00000053,SPE4A626T07KK,07-17-2026,07-24-2026,2026-08-21 02:41:27,Origin,Origin,Tech,7017487649,https://dibbs2.bsm.dla.mil/Downloads/RFQ/K/SPE4A626T07KK.PDF,https://www.dibbs.bsm.dla.mil/RFQ/RFQRec.aspx?sn=SPE4A626T07KK,https://www.dibbs.bsm.dla.mil/rfq/rfqrec.aspx?sn=SPE4A626T07KK,HARNESS,4,20260930T163410Z,0001S00000053,CONTRACTOR FIRST ARTIC,G,______,1.0,,,2026-07-17,2026-07-24,HARNESS,DIBBS|SPE4A626T07KK|0001S00000053,First article test line - not a product line
SPE4A626T03WD,0001S00000053,SPE4A626T03WD,07-08-2026,07-15-2026,2026-08-21 02:41:27,Origin,Origin,Tech,7017408410,https://dibbs2.bsm.dla.mil/Downloads/RFQ/D/SPE4A626T03WD.PDF,https://www.dibbs.bsm.dla.mil/RFQ/RFQRec.aspx?sn=SPE4A626T03WD,https://www.dibbs.bsm.dla.mil/rfq/rfqrec.aspx?sn=SPE4A626T03WD,HARNESS,4,20260930T163410Z,0001S00000053,CONTRACTOR FIRST ARTIC,G,______,1.0,,,2026-07-08,2026-07-15,HARNESS,DIBBS|SPE4A626T03WD|0001S00000053,First article test line - not a product line
SPE4A526T210N,0001S00000052,SPE4A526T210N,06-04-2026,06-11-2026,2026-08-21 02:41:27,Origin,Origin,Tech,7017038663,https://dibbs2.bsm.dla.mil/Downloads/RFQ/N/SPE4A526T210N.PDF,https://www.dibbs.bsm.dla.mil/RFQ/RFQRec.aspx?sn=SPE4A526T210N,https://www.dibbs.bsm.dla.mil/rfq/rfqrec.aspx?sn=SPE4A526T210N,HARNESS,4,20260930T163410Z,0001S00000052,GOVERNMENT FIRST ARTIC,C,______,1.0,"27456 | 16VE002007-6 | DCX-CHOL ENTERPRISES, INC",,2026-06-04,2026-06-11,HARNESS,DIBBS|SPE4A526T210N|0001S00000052,First article test line - not a product line
SPE4A626T60Q5,0001S00000053,SPE4A626T60Q5,05-19-2026,05-26-2026,2026-08-21 02:41:27,Origin,Origin,Tech,7016438543,https://dibbs2.bsm.dla.mil/Downloads/RFQ/5/SPE4A626T60Q5.PDF,https://www.dibbs.bsm.dla.mil/RFQ/RFQRec.aspx?sn=SPE4A626T60Q5,https://www.dibbs.bsm.dla.mil/rfq/rfqrec.aspx?sn=SPE4A626T60Q5,HARNESS,4,20260930T163410Z,0001S00000053,CONTRACTOR FIRST ARTIC,G,______,1.0,,,2026-05-19,2026-05-26,HARNESS,DIBBS|SPE4A626T60Q5|0001S00000053,First article test line - not a product line
SPE4A626T571K,0001S00000053,SPE4A626T571K,01-26-2026,02-02-2026,2026-08-21 02:41:27,Origin,Origin,Tech,7015211921,https://dibbs2.bsm.dla.mil/Downloads/RFQ/K/SPE4A626T571K.PDF,https://www.dibbs.bsm.dla.mil/RFQ/RFQRec.aspx?sn=SPE4A626T571K,https://www.dibbs.bsm.dla.mil/rfq/rfqrec.aspx?sn=SPE4A626T571K,HARNESS,4,20260930T163410Z,0001S00000053,CONTRACTOR FIRST ARTIC,G,______,1.0,,,2026-01-26,2026-02-02,HARNESS,DIBBS|SPE4A626T571K|0001S00000053,First article test line - not a product line
SPE4A626T36J5,0001S00000061,SPE4A626T36J5,04-27-2026,05-04-2026,2026-08-21 02:41:27,Origin,Origin,None,7016471987,https://dibbs2.bsm.dla.mil/Downloads/RFQ/5/SPE4A626T36J5.PDF,https://www.dibbs.bsm.dla.mil/RFQ/RFQRec.aspx?sn=SPE4A626T36J5,https://www.dibbs.bsm.dla.mil/rfq/rfqrec.aspx?sn=SPE4A626T36J5,HARNESS,4,20260930T163410Z,0001S00000061,PRODUCTION LOT TESTING,Q,______,1.0,1GG29 | 13588688 | LIBERTY ELECTRONICS INC,,2026-04-27,2026-05-04,HARNESS,DIBBS|SPE4A626T36J5|0001S00000061,First article test line - not a product line
SPE4A626T339P,0001S00000053,SPE4A626T339P,12-18-2025,12-26-2025,2026-08-21 02:41:27,Origin,Origin,Tech,7014894732,https://dibbs2.bsm.dla.mil/Downloads/RFQ/P/SPE4A626T339P.PDF,https://www.dibbs.bsm.dla.mil/RFQ/RFQRec.aspx?sn=SPE4A626T339P,https://www.dibbs.bsm.dla.mil/rfq/rfqrec.aspx?sn=SPE4A626T339P,HARNESS,4,20260930T163410Z,0001S00000053,CONTRACTOR FIRST ARTIC,G,______,1.0,,,2025-12-18,2025-12-26,HARNESS,DIBBS|SPE4A626T339P|0001S00000053,First article test line - not a product line
SPE4A626T15VS,0001S00000053,SPE4A626T15VS,08-13-2026,08-20-2026,2026-08-21 02:41:27,Origin,Origin,Tech,7017838785,https://dibbs2.bsm.dla.mil/Downloads/RFQ/S/SPE4A626T15VS.PDF,https://www.dibbs.bsm.dla.mil/RFQ/RFQRec.aspx?sn=SPE4A626T15VS,https://www.dibbs.bsm.dla.mil/rfq/rfqrec.aspx?sn=SPE4A626T15VS,HARNESS,4,20260930T163410Z,0001S00000053,CONTRACTOR FIRST ARTIC,G,______,1.0,,,2026-08-13,2026-08-20,HARNESS,DIBBS|SPE4A626T15VS|0001S00000053,First article test line - not a product line
SPE4A626T12FM,0001S00000053,SPE4A626T12FM,08-05-2026,08-12-2026,2026-08-21 02:41:27,Origin,Origin,Tech,7017740968,https://dibbs2.bsm.dla.mil/Downloads/RFQ/M/SPE4A626T12FM.PDF,https://www.dibbs.bsm.dla.mil/RFQ/RFQRec.aspx?sn=SPE4A626T12FM,https://www.dibbs.bsm.dla.mil/rfq/rfqrec.aspx?sn=SPE4A626T12FM,HARNESS,4,20260930T163410Z,0001S00000053,CONTRACTOR FIRST ARTIC,G,______,1.0,,,2026-08-05,2026-08-12,HARNESS,DIBBS|SPE4A626T12FM|0001S00000053,First article test line - not a product line
SPE4A626T10XZ,0001S00000053,SPE4A626T10XZ,07-31-2026,08-07-2026,2026-08-21 02:41:27,Origin,Origin,Tech,7017696977,https://dibbs2.bsm.dla.mil/Downloads/RFQ/Z/SPE4A626T10XZ.PDF,https://www.dibbs.bsm.dla.mil/RFQ/RFQRec.aspx?sn=SPE4A626T10XZ,https://www.dibbs.bsm.dla.mil/rfq/rfqrec.aspx?sn=SPE4A626T10XZ,HARNESS,4,20260930T163410Z,0001S00000053,CONTRACTOR FIRST ARTIC,G,______,1.0,,,2026-07-31,2026-08-07,HARNESS,DIBBS|SPE4A626T10XZ|0001S00000053,First article test line - not a product line
SPE4A726T188B,0001S00000053,SPE4A726T188B,04-02-2026,04-09-2026,2026-08-21 02:41:27,Origin,Origin,Tech,7015658490,https://dibbs2.bsm.dla.mil/Downloads/RFQ/B/SPE4A726T188B.PDF,https://www.dibbs.bsm.dla.mil/RFQ/RFQRec.aspx?sn=SPE4A726T188B,https://www.dibbs.bsm.dla.mil/rfq/rfqrec.aspx?sn=SPE4A726T188B,HARNESS,4,20260930T163410Z,0001S00000053,CONTRACTOR FIRST ARTIC,G,______,1.0,,,2026-04-02,2026-04-09,HARNESS,DIBBS|SPE4A726T188B|0001S00000053,First article test line - not a product line
SPE4A626T64T8,0001S00000061,SPE4A626T64T8,05-20-2026,05-27-2026,2026-08-21 02:41:27,Origin,Origin,Tech,7016845115,https://dibbs2.bsm.dla.mil/Downloads/RFQ/8/SPE4A626T64T8.PDF,https://www.dibbs.bsm.dla.mil/RFQ/RFQRec.aspx?sn=SPE4A626T64T8,https://www.dibbs.bsm.dla.mil/rfq/rfqrec.aspx?sn=SPE4A626T64T8,HARNESS,4,20260930T163410Z,0001S00000061,PRODUCTION LOT TESTING,C,______,1.0,"0HS46 | 13495176 | REV-CAP COMPANY, INC.",,2026-05-20,2026-05-27,HARNESS,DIBBS|SPE4A626T64T8|0001S00000061,First article test line - not a product line
SPE4A626T60Q7,0001S00000053,SPE4A626T60Q7,05-19-2026,05-26-2026,2026-08-21 02:41:27,Origin,Origin,Tech,7016244096,https://dibbs2.bsm.dla.mil/Downloads/RFQ/7/SPE4A626T60Q7.PDF,https://www.dibbs.bsm.dla.mil/RFQ/RFQRec.aspx?sn=SPE4A626T60Q7,https://www.dibbs.bsm.dla.mil/rfq/rfqrec.aspx?sn=SPE4A626T60Q7,HARNESS,4,20260930T163410Z,0001S00000053,CONTRACTOR FIRST ARTIC,G,______,1.0,,,2026-05-19,2026-05-26,HARNESS,DIBBS|SPE4A626T60Q7|0001S00000053,First article test line - not a product line
SPE4A626T571P,0001S00000053,SPE4A626T571P,01-26-2026,02-02-2026,2026-08-21 02:41:27,Origin,Origin,Tech,7015246467,https://dibbs2.bsm.dla.mil/Downloads/RFQ/P/SPE4A626T571P.PDF,https://www.dibbs.bsm.dla.mil/RFQ/RFQRec.aspx?sn=SPE4A626T571P,https://www.dibbs.bsm.dla.mil/rfq/rfqrec.aspx?sn=SPE4A626T571P,HARNESS,4,20260930T163410Z,0001S00000053,CONTRACTOR FIRST ARTIC,G,______,1.0,,,2026-01-26,2026-02-02,HARNESS,DIBBS|SPE4A626T571P|0001S00000053,First article test line - not a product line
SPE4A026T0644,0001S00000053,SPE4A026T0644,11-24-2025,12-01-2025,2026-08-21 02:41:27,Origin,Origin,Tech,7014529212,https://dibbs2.bsm.dla.mil/Downloads/RFQ/4/SPE4A026T0644.PDF,https://www.dibbs.bsm.dla.mil/RFQ/RFQRec.aspx?sn=SPE4A026T0644,https://www.dibbs.bsm.dla.mil/rfq/rfqrec.aspx?sn=SPE4A026T0644,HARNESS,4,20260930T163410Z,0001S00000053,CONTRACTOR FIRST ARTIC,G,______,1.0,,,2025-11-24,2025-12-01,HARNESS,DIBBS|SPE4A026T0644|0001S00000053,First article test line - not a product line
SPE4A626T488Y,0001S00000053,SPE4A626T488Y,01-14-2026,01-21-2026,2026-08-21 02:41:27,Origin,Origin,Tech,7015054119,https://dibbs2.bsm.dla.mil/Downloads/RFQ/Y/SPE4A626T488Y.PDF,https://www.dibbs.bsm.dla.mil/RFQ/RFQRec.aspx?sn=SPE4A626T488Y,https://www.dibbs.bsm.dla.mil/rfq/rfqrec.aspx?sn=SPE4A626T488Y,HARNESS,4,20260930T163410Z,0001S00000053,CONTRACTOR FIRST ARTIC,G,______,1.0,,,2026-01-14,2026-01-21,HARNESS,DIBBS|SPE4A626T488Y|0001S00000053,First article test line - not a product line
SPE4A626T12HY,0001S00000053,SPE4A626T12HY,08-05-2026,08-12-2026,2026-08-21 02:41:27,Origin,Origin,Tech,7017741005,https://dibbs2.bsm.dla.mil/Downloads/RFQ/Y/SPE4A626T12HY.PDF,https://www.dibbs.bsm.dla.mil/RFQ/RFQRec.aspx?sn=SPE4A626T12HY,https://www.dibbs.bsm.dla.mil/rfq/rfqrec.aspx?sn=SPE4A626T12HY,HARNESS,4,20260930T163410Z,0001S00000053,CONTRACTOR FIRST ARTIC,G,______,1.0,,,2026-08-05,2026-08-12,HARNESS,DIBBS|SPE4A626T12HY|0001S00000053,First article test line - not a product line
SPE4A626T05UF,0001S00000053,SPE4A626T05UF,07-14-2026,07-21-2026,2026-08-21 02:41:27,Origin,Origin,Tech,7017409391,https://dibbs2.bsm.dla.mil/Downloads/RFQ/F/SPE4A626T05UF.PDF,https://www.dibbs.bsm.dla.mil/RFQ/RFQRec.aspx?sn=SPE4A626T05UF,https://www.dibbs.bsm.dla.mil/rfq/rfqrec.aspx?sn=SPE4A626T05UF,HARNESS,4,20260930T163410Z,0001S00000053,CONTRACTOR FIRST ARTIC,G,______,1.0,,,2026-07-14,2026-07-21,HARNESS,DIBBS|SPE4A626T05UF|0001S00000053,First article test line - not a product line
SPE7M424T332U,0001S00000052,SPE7M424T332U,08-05-2024,08-15-2024,2026-08-21 02:41:27,Origin,Origin,None,7008399623,https://dibbs2.bsm.dla.mil/Downloads/RFQ/U/SPE7M424T332U.PDF,https://www.dibbs.bsm.dla.mil/RFQ/RFQRec.aspx?sn=SPE7M424T332U,https://www.dibbs.bsm.dla.mil/rfq/rfqrec.aspx?sn=SPE7M424T332U,HARNESS,5,20260930T163427Z,0001S00000052,GOVERNMENT FIRST ARTIC,D,______,1.0,99251 | 2000074-15 | MISSION SYSTEMS DAVENPORT INC.,,2024-08-05,2024-08-15,HARNESS,DIBBS|SPE7M424T332U|0001S00000052,First article test line - not a product line
SPE7M424T332U,0001S00000061,SPE7M424T332U,08-05-2024,08-15-2024,2026-08-21 02:41:27,Origin,Origin,None,7008399623,https://dibbs2.bsm.dla.mil/Downloads/RFQ/U/SPE7M424T332U.PDF,https://www.dibbs.bsm.dla.mil/RFQ/RFQRec.aspx?sn=SPE7M424T332U,https://www.dibbs.bsm.dla.mil/rfq/rfqrec.aspx?sn=SPE7M424T332U,HARNESS,5,20260930T163427Z,0001S00000061,PRODUCTION LOT TESTING,D,______,1.0,99251 | 2000074-15 | MISSION SYSTEMS DAVENPORT INC.,,2024-08-05,2024-08-15,HARNESS,DIBBS|SPE7M424T332U|0001S00000061,First article test line - not a product line
SPE4A726T061Q,0001S00000053,SPE4A726T061Q,03-11-2026,03-18-2026,2026-08-21 02:41:27,Origin,Origin,Tech,7015854934,https://dibbs2.bsm.dla.mil/Downloads/RFQ/Q/SPE4A726T061Q.PDF,https://www.dibbs.bsm.dla.mil/RFQ/RFQRec.aspx?sn=SPE4A726T061Q,https://www.dibbs.bsm.dla.mil/rfq/rfqrec.aspx?sn=SPE4A726T061Q,HARNESS,5,20260930T163427Z,0001S00000053,CONTRACTOR FIRST ARTIC,G,______,1.0,,,2026-03-11,2026-03-18,HARNESS,DIBBS|SPE4A726T061Q|0001S00000053,First article test line - not a product line
SPE4A626T98H7,0001S00000053,SPE4A626T98H7,06-22-2026,06-29-2026,2026-08-21 02:41:27,Origin,Origin,None,7017109164,https://dibbs2.bsm.dla.mil/Downloads/RFQ/7/SPE4A626T98H7.PDF,https://www.dibbs.bsm.dla.mil/RFQ/RFQRec.aspx?sn=SPE4A626T98H7,https://www.dibbs.bsm.dla.mil/rfq/rfqrec.aspx?sn=SPE4A626T98H7,HARNESS,5,20260930T163427Z,0001S00000053,CONTRACTOR FIRST ARTIC,G,______,1.0,,,2026-06-22,2026-06-29,HARNESS,DIBBS|SPE4A626T98H7|0001S00000053,First article test line - not a product line
SPE4A626T96Y4,0001S00000052,SPE4A626T96Y4,06-18-2026,06-25-2026,2026-08-21 02:41:27,Origin,Origin,Tech,7017227540,https://dibbs2.bsm.dla.mil/Downloads/RFQ/4/SPE4A626T96Y4.PDF,https://www.dibbs.bsm.dla.mil/RFQ/RFQRec.aspx?sn=SPE4A626T96Y4,https://www.dibbs.bsm.dla.mil/rfq/rfqrec.aspx?sn=SPE4A626T96Y4,HARNESS,5,20260930T163427Z,0001S00000052,GOVERNMENT FIRST ARTIC,G,______,1.0,,,2026-06-18,2026-06-25,HARNESS,DIBBS|SPE4A626T96Y4|0001S00000052,First article test line - not a product line
SPE7L426T2972,0001S00000053,SPE7L426T2972,03-10-2026,03-20-2026,2026-08-21 02:41:27,Origin,Origin,Tech,7015698915,https://dibbs2.bsm.dla.mil/Downloads/RFQ/2/SPE7L426T2972.PDF,https://www.dibbs.bsm.dla.mil/RFQ/RFQRec.aspx?sn=SPE7L426T2972,https://www.dibbs.bsm.dla.mil/rfq/rfqrec.aspx?sn=SPE7L426T2972,HARNESS,5,20260930T163427Z,0001S00000053,CONTRACTOR FIRST ARTIC,G,______,1.0,,,2026-03-10,2026-03-20,HARNESS,DIBBS|SPE7L426T2972|0001S00000053,First article test line - not a product line
SPE4A626T456Z,0001S00000053,SPE4A626T456Z,01-09-2026,01-16-2026,2026-08-21 02:41:27,Origin,Origin,Tech,7014383558,https://dibbs2.bsm.dla.mil/Downloads/RFQ/Z/SPE4A626T456Z.PDF,https://www.dibbs.bsm.dla.mil/RFQ/RFQRec.aspx?sn=SPE4A626T456Z,https://www.dibbs.bsm.dla.mil/rfq/rfqrec.aspx?sn=SPE4A626T456Z,HARNESS,5,20260930T163427Z,0001S00000053,CONTRACTOR FIRST ARTIC,G,______,1.0,,,2026-01-09,2026-01-16,HARNESS,DIBBS|SPE4A626T456Z|0001S00000053,First article test line - not a product line
SPE4A626T371U,0001S00000053,SPE4A626T371U,12-22-2025,12-29-2025,2026-08-21 02:41:27,Origin,Origin,Tech,7014628802,https://dibbs2.bsm.dla.mil/Downloads/RFQ/U/SPE4A626T371U.PDF,https://www.dibbs.bsm.dla.mil/RFQ/RFQRec.aspx?sn=SPE4A626T371U,https://www.dibbs.bsm.dla.mil/rfq/rfqrec.aspx?sn=SPE4A626T371U,HARNESS,5,20260930T163427Z,0001S00000053,CONTRACTOR FIRST ARTIC,G,______,1.0,,,2025-12-22,2025-12-29,HARNESS,DIBBS|SPE4A626T371U|0001S00000053,First article test line - not a product line
SPE4A626T15ZG,0001S00000052,SPE4A626T15ZG,08-13-2026,08-20-2026,2026-08-21 02:41:27,Origin,Origin,Tech,7017864757,https://dibbs2.bsm.dla.mil/Downloads/RFQ/G/SPE4A626T15ZG.PDF,https://www.dibbs.bsm.dla.mil/RFQ/RFQRec.aspx?sn=SPE4A626T15ZG,https://www.dibbs.bsm.dla.mil/rfq/rfqrec.aspx?sn=SPE4A626T15ZG,HARNESS,5,20260930T163427Z,0001S00000052,GOVERNMENT FIRST ARTIC,G,______,1.0,,,2026-08-13,2026-08-20,HARNESS,DIBBS|SPE4A626T15ZG|0001S00000052,First article test line - not a product line
SPE4A626T18SA,0001S00000053,SPE4A626T18SA,08-18-2026,08-25-2026,2026-08-21 02:41:27,Origin,Origin,Tech,7016753816,https://dibbs2.bsm.dla.mil/Downloads/RFQ/A/SPE4A626T18SA.PDF,https://www.dibbs.bsm.dla.mil/RFQ/RFQRec.aspx?sn=SPE4A626T18SA,https://www.dibbs.bsm.dla.mil/rfq/rfqrec.aspx?sn=SPE4A626T18SA,HARNESS,5,20260930T163427Z,0001S00000053,CONTRACTOR FIRST ARTIC,G,______,1.0,,,2026-08-18,2026-08-25,HARNESS,DIBBS|SPE4A626T18SA|0001S00000053,First article test line - not a product line
SPE4A726T095U,0001S00000053,SPE4A726T095U,03-17-2026,03-24-2026,2026-08-21 02:41:27,Origin,Origin,Tech,7015765954,https://dibbs2.bsm.dla.mil/Downloads/RFQ/U/SPE4A726T095U.PDF,https://www.dibbs.bsm.dla.mil/RFQ/RFQRec.aspx?sn=SPE4A726T095U,https://www.dibbs.bsm.dla.mil/rfq/rfqrec.aspx?sn=SPE4A726T095U,HARNESS,5,20260930T163427Z,0001S00000053,CONTRACTOR FIRST ARTIC,G,______,1.0,,,2026-03-17,2026-03-24,HARNESS,DIBBS|SPE4A726T095U|0001S00000053,First article test line - not a product line
SPE4A726T029L,0001S00000052,SPE4A726T029L,02-27-2026,03-06-2026,2026-08-21 02:41:27,Origin,Origin,None,7014545613,https://dibbs2.bsm.dla.mil/Downloads/RFQ/L/SPE4A726T029L.PDF,https://www.dibbs.bsm.dla.mil/RFQ/RFQRec.aspx?sn=SPE4A726T029L,https://www.dibbs.bsm.dla.mil/rfq/rfqrec.aspx?sn=SPE4A726T029L,HARNESS,5,20260930T163427Z,0001S00000052,GOVERNMENT FIRST ARTIC,P,______,1.0,88277 | C114747-1D | THE BOEING COMPANY,,2026-02-27,2026-03-06,HARNESS,DIBBS|SPE4A726T029L|0001S00000052,First article test line - not a product line
SPE4A726Q0956,0001S00000040,SPE4A726Q0956,08-03-2026,08-15-2026,2026-08-21 02:41:27,Origin,Origin,Tech,7016227600,https://dibbs2.bsm.dla.mil/Downloads/RFQ/6/SPE4A726Q0956.PDF,https://www.dibbs.bsm.dla.mil/RFQ/RFQRec.aspx?sn=SPE4A726Q0956,https://www.dibbs.bsm.dla.mil/rfq/rfqrec.aspx?sn=SPE4A726Q0956,HARNESS,5,20260930T163427Z,0001S00000040,SPECIAL TESTING,T,336413,1.0,,,2026-08-03,2026-08-15,HARNESS,DIBBS|SPE4A726Q0956|0001S00000040,First article test line - not a product line
SPE4A726Q0956,0001S00000052,SPE4A726Q0956,08-03-2026,08-15-2026,2026-08-21 02:41:27,Origin,Origin,Tech,7016227600,https://dibbs2.bsm.dla.mil/Downloads/RFQ/6/SPE4A726Q0956.PDF,https://www.dibbs.bsm.dla.mil/RFQ/RFQRec.aspx?sn=SPE4A726Q0956,https://www.dibbs.bsm.dla.mil/rfq/rfqrec.aspx?sn=SPE4A726Q0956,HARNESS,5,20260930T163427Z,0001S00000052,GOVERNMENT FIRST ARTIC,T,336413,1.0,,,2026-08-03,2026-08-15,HARNESS,DIBBS|SPE4A726Q0956|0001S00000052,First article test line - not a product line
SPE4A726Q0956,0001S00000061,SPE4A726Q0956,08-03-2026,08-15-2026,2026-08-21 02:41:27,Origin,Origin,Tech,7016227600,https://dibbs2.bsm.dla.mil/Downloads/RFQ/6/SPE4A726Q0956.PDF,https://www.dibbs.bsm.dla.mil/RFQ/RFQRec.aspx?sn=SPE4A726Q0956,https://www.dibbs.bsm.dla.mil/rfq/rfqrec.aspx?sn=SPE4A726Q0956,HARNESS,5,20260930T163427Z,0001S00000061,PRODUCTION LOT TESTING,T,336413,1.0,,,2026-08-03,2026-08-15,HARNESS,DIBBS|SPE4A726Q0956|0001S00000061,First article test line - not a product line
SPE4A726T632M,0001S00000052,SPE4A726T632M,08-10-2026,08-17-2026,2026-08-21 02:41:27,Origin,Origin,Tech,7017765947,https://dibbs2.bsm.dla.mil/Downloads/RFQ/M/SPE4A726T632M.PDF,https://www.dibbs.bsm.dla.mil/RFQ/RFQRec.aspx?sn=SPE4A726T632M,https://www.dibbs.bsm.dla.mil/rfq/rfqrec.aspx?sn=SPE4A726T632M,HARNESS,5,20260930T163427Z,0001S00000052,GOVERNMENT FIRST ARTIC,G,______,1.0,,,2026-08-10,2026-08-17,HARNESS,DIBBS|SPE4A726T632M|0001S00000052,First article test line - not a product line
SPE4A626T69M7,0001S00000053,SPE4A626T69M7,05-22-2026,05-29-2026,2026-08-21 02:41:27,Origin,Origin,Tech,7016879984,https://dibbs2.bsm.dla.mil/Downloads/RFQ/7/SPE4A626T69M7.PDF,https://www.dibbs.bsm.dla.mil/RFQ/RFQRec.aspx?sn=SPE4A626T69M7,https://www.dibbs.bsm.dla.mil/rfq/rfqrec.aspx?sn=SPE4A626T69M7,HARNESS,5,20260930T163427Z,0001S00000053,CONTRACTOR FIRST ARTIC,G,______,1.0,,,2026-05-22,2026-05-29,HARNESS,DIBBS|SPE4A626T69M7|0001S00000053,First article test line - not a product line
SPE4A626T613H,0001S00000053,SPE4A626T613H,01-30-2026,02-06-2026,2026-08-21 02:41:27,Origin,Origin,Tech,7015246441,https://dibbs2.bsm.dla.mil/Downloads/RFQ/H/SPE4A626T613H.PDF,https://www.dibbs.bsm.dla.mil/RFQ/RFQRec.aspx?sn=SPE4A626T613H,https://www.dibbs.bsm.dla.mil/rfq/rfqrec.aspx?sn=SPE4A626T613H,HARNESS,5,20260930T163427Z,0001S00000053,CONTRACTOR FIRST ARTIC,G,______,1.0,,,2026-01-30,2026-02-06,HARNESS,DIBBS|SPE4A626T613H|0001S00000053,First article test line - not a product line
SPE4A726T042J,0001S00000052,SPE4A726T042J,03-05-2026,03-12-2026,2026-08-21 02:41:27,Origin,Origin,Tech,7014631023,https://dibbs2.bsm.dla.mil/Downloads/RFQ/J/SPE4A726T042J.PDF,https://www.dibbs.bsm.dla.mil/RFQ/RFQRec.aspx?sn=SPE4A726T042J,https://www.dibbs.bsm.dla.mil/rfq/rfqrec.aspx?sn=SPE4A726T042J,HARNESS,5,20260930T163427Z,0001S00000052,GOVERNMENT FIRST ARTIC,G,______,1.0,,,2026-03-05,2026-03-12,HARNESS,DIBBS|SPE4A726T042J|0001S00000052,First article test line - not a product line
SPE4A726Q1046,0001S00000052,SPE4A726Q1046,08-11-2026,09-08-2026,2026-08-21 02:41:27,Origin,Origin,Tech,7016337113,https://dibbs2.bsm.dla.mil/Downloads/RFQ/6/SPE4A726Q1046.PDF,https://www.dibbs.bsm.dla.mil/RFQ/RFQRec.aspx?sn=SPE4A726Q1046,https://www.dibbs.bsm.dla.mil/rfq/rfqrec.aspx?sn=SPE4A726Q1046,HARNESS,5,20260930T163427Z,0001S00000052,GOVERNMENT FIRST ARTIC,T,000000,1.0,,,2026-08-11,2026-09-08,BOX; HARNESS,DIBBS|SPE4A726Q1046|0001S00000052,First article test line - not a product line
SPE4A726Q1046,0001S00000061,SPE4A726Q1046,08-11-2026,09-08-2026,2026-08-21 02:41:27,Origin,Origin,Tech,7016337113,https://dibbs2.bsm.dla.mil/Downloads/RFQ/6/SPE4A726Q1046.PDF,https://www.dibbs.bsm.dla.mil/RFQ/RFQRec.aspx?sn=SPE4A726Q1046,https://www.dibbs.bsm.dla.mil/rfq/rfqrec.aspx?sn=SPE4A726Q1046,HARNESS,5,20260930T163427Z,0001S00000061,PRODUCTION LOT TESTING,T,000000,1.0,,,2026-08-11,2026-09-08,BOX; HARNESS,DIBBS|SPE4A726Q1046|0001S00000061,First article test line - not a product line
SPE4A626T98C4,0001S00000053,SPE4A626T98C4,06-18-2026,06-25-2026,2026-08-21 02:41:27,Origin,Origin,Tech,7016990194,https://dibbs2.bsm.dla.mil/Downloads/RFQ/4/SPE4A626T98C4.PDF,https://www.dibbs.bsm.dla.mil/RFQ/RFQRec.aspx?sn=SPE4A626T98C4,https://www.dibbs.bsm.dla.mil/rfq/rfqrec.aspx?sn=SPE4A626T98C4,HARNESS,5,20260930T163427Z,0001S00000053,CONTRACTOR FIRST ARTIC,G,______,1.0,,,2026-06-18,2026-06-25,HARNESS,DIBBS|SPE4A626T98C4|0001S00000053,First article test line - not a product line
SPE4A626T88W2,0001S00000053,SPE4A626T88W2,06-12-2026,06-22-2026,2026-08-21 02:41:27,Origin,Origin,Tech,7015501550,https://dibbs2.bsm.dla.mil/Downloads/RFQ/2/SPE4A626T88W2.PDF,https://www.dibbs.bsm.dla.mil/RFQ/RFQRec.aspx?sn=SPE4A626T88W2,https://www.dibbs.bsm.dla.mil/rfq/rfqrec.aspx?sn=SPE4A626T88W2,HARNESS,5,20260930T163427Z,0001S00000053,CONTRACTOR FIRST ARTIC,G,______,1.0,,,2026-06-12,2026-06-22,HARNESS,DIBBS|SPE4A626T88W2|0001S00000053,First article test line - not a product line
SPE4A626T81V8,0001S00000053,SPE4A626T81V8,06-08-2026,06-15-2026,2026-08-21 02:41:27,Origin,Origin,Tech,7016849239,https://dibbs2.bsm.dla.mil/Downloads/RFQ/8/SPE4A626T81V8.PDF,https://www.dibbs.bsm.dla.mil/RFQ/RFQRec.aspx?sn=SPE4A626T81V8,https://www.dibbs.bsm.dla.mil/rfq/rfqrec.aspx?sn=SPE4A626T81V8,HARNESS,5,20260930T163427Z,0001S00000053,CONTRACTOR FIRST ARTIC,G,______,1.0,,,2026-06-08,2026-06-15,HARNESS,DIBBS|SPE4A626T81V8|0001S00000053,First article test line - not a product line
SPE4A626T559A,0001S00000062,SPE4A626T559A,01-23-2026,01-30-2026,2026-08-21 02:41:27,Origin,Origin,Tech,7015247883,https://dibbs2.bsm.dla.mil/Downloads/RFQ/A/SPE4A626T559A.PDF,https://www.dibbs.bsm.dla.mil/RFQ/RFQRec.aspx?sn=SPE4A626T559A,https://www.dibbs.bsm.dla.mil/rfq/rfqrec.aspx?sn=SPE4A626T559A,HARNESS,5,20260930T163427Z,0001S00000062,PRODUCTION LOT TESTING,G,______,1.0,,,2026-01-23,2026-01-30,HARNESS,DIBBS|SPE4A626T559A|0001S00000062,First article test line - not a product line
SPE4A626T36F3,0001S00000053,SPE4A626T36F3,04-27-2026,05-04-2026,2026-08-21 02:41:27,Origin,Origin,Tech,7016438250,https://dibbs2.bsm.dla.mil/Downloads/RFQ/3/SPE4A626T36F3.PDF,https://www.dibbs.bsm.dla.mil/RFQ/RFQRec.aspx?sn=SPE4A626T36F3,https://www.dibbs.bsm.dla.mil/rfq/rfqrec.aspx?sn=SPE4A626T36F3,HARNESS,5,20260930T163427Z,0001S00000053,CONTRACTOR FIRST ARTIC,G,______,1.0,,,2026-04-27,2026-05-04,HARNESS,DIBBS|SPE4A626T36F3|0001S00000053,First article test line - not a product line
SPE4A626T27T7,0001S00000053,SPE4A626T27T7,04-22-2026,04-29-2026,2026-08-21 02:41:27,Origin,Origin,Tech,7016438254,https://dibbs2.bsm.dla.mil/Downloads/RFQ/7/SPE4A626T27T7.PDF,https://www.dibbs.bsm.dla.mil/RFQ/RFQRec.aspx?sn=SPE4A626T27T7,https://www.dibbs.bsm.dla.mil/rfq/rfqrec.aspx?sn=SPE4A626T27T7,HARNESS,5,20260930T163427Z,0001S00000053,CONTRACTOR FIRST ARTIC,G,______,1.0,,,2026-04-22,2026-04-29,HARNESS,DIBBS|SPE4A626T27T7|0001S00000053,First article test line - not a product line
SPE4A626T15VU,0001S00000053,SPE4A626T15VU,08-13-2026,08-20-2026,2026-08-21 02:41:27,Origin,Origin,Tech,7017838927,https://dibbs2.bsm.dla.mil/Downloads/RFQ/U/SPE4A626T15VU.PDF,https://www.dibbs.bsm.dla.mil/RFQ/RFQRec.aspx?sn=SPE4A626T15VU,https://www.dibbs.bsm.dla.mil/rfq/rfqrec.aspx?sn=SPE4A626T15VU,HARNESS,5,20260930T163427Z,0001S00000053,CONTRACTOR FIRST ARTIC,G,______,1.0,,,2026-08-13,2026-08-20,HARNESS,DIBBS|SPE4A626T15VU|0001S00000053,First article test line - not a product line
SPE4A626T06BU,0001S00000053,SPE4A626T06BU,07-15-2026,07-22-2026,2026-08-21 02:41:27,Origin,Origin,Tech,7017487358,https://dibbs2.bsm.dla.mil/Downloads/RFQ/U/SPE4A626T06BU.PDF,https://www.dibbs.bsm.dla.mil/RFQ/RFQRec.aspx?sn=SPE4A626T06BU,https://www.dibbs.bsm.dla.mil/rfq/rfqrec.aspx?sn=SPE4A626T06BU,HARNESS,5,20260930T163427Z,0001S00000053,CONTRACTOR FIRST ARTIC,G,______,1.0,,,2026-07-15,2026-07-22,HARNESS,DIBBS|SPE4A626T06BU|0001S00000053,First article test line - not a product line
SPE4A626T19PC,0001S00000053,SPE4A626T19PC,08-19-2026,08-26-2026,2026-08-21 02:41:27,Origin,Origin,Tech,7017940786,https://dibbs2.bsm.dla.mil/Downloads/RFQ/C/SPE4A626T19PC.PDF,https://www.dibbs.bsm.dla.mil/RFQ/RFQRec.aspx?sn=SPE4A626T19PC,https://www.dibbs.bsm.dla.mil/rfq/rfqrec.aspx?sn=SPE4A626T19PC,HARNESS,6,20260930T163445Z,0001S00000053,CONTRACTOR FIRST ARTIC,G,______,1.0,,,2026-08-19,2026-08-26,HARNESS,DIBBS|SPE4A626T19PC|0001S00000053,First article test line - not a product line
SPE4A626T20ZB,0001S00000053,SPE4A626T20ZB,08-20-2026,08-27-2026,2026-08-21 02:41:27,Origin,Origin,Tech,7017741209,https://dibbs2.bsm.dla.mil/Downloads/RFQ/B/SPE4A626T20ZB.PDF,https://www.dibbs.bsm.dla.mil/RFQ/RFQRec.aspx?sn=SPE4A626T20ZB,https://www.dibbs.bsm.dla.mil/rfq/rfqrec.aspx?sn=SPE4A626T20ZB,HARNESS,6,20260930T163445Z,0001S00000053,CONTRACTOR FIRST ARTIC,B,______,1.0,0VPN6 | 5000-52577 | 92878	5000-32577	HDT EXPEDITIONARY SYSTEMS INC,,2026-08-20,2026-08-27,HARNESS,DIBBS|SPE4A626T20ZB|0001S00000053,First article test line - not a product line
SPE4A026T4334,0001S00000053,SPE4A026T4334,08-19-2026,08-26-2026,2026-08-21 02:41:27,Origin,Origin,Tech,7017861125,https://dibbs2.bsm.dla.mil/Downloads/RFQ/4/SPE4A026T4334.PDF,https://www.dibbs.bsm.dla.mil/RFQ/RFQRec.aspx?sn=SPE4A026T4334,https://www.dibbs.bsm.dla.mil/rfq/rfqrec.aspx?sn=SPE4A026T4334,HARNESS,6,20260930T163445Z,0001S00000053,CONTRACTOR FIRST ARTIC,G,______,1.0,,,2026-08-19,2026-08-26,HARNESS,DIBBS|SPE4A026T4334|0001S00000053,First article test line - not a product line
SPE4A726T670P,0001S00000052,SPE4A726T670P,08-18-2026,08-25-2026,2026-08-21 02:41:27,Origin,Origin,None,7017837094,https://dibbs2.bsm.dla.mil/Downloads/RFQ/P/SPE4A726T670P.PDF,https://www.dibbs.bsm.dla.mil/RFQ/RFQRec.aspx?sn=SPE4A726T670P,https://www.dibbs.bsm.dla.mil/rfq/rfqrec.aspx?sn=SPE4A726T670P,HARNESS,6,20260930T163445Z,0001S00000052,GOVERNMENT FIRST ARTIC,C,______,1.0,81205 | 69-4533 | THE BOEING COMPANY,,2026-08-18,2026-08-25,HARNESS,DIBBS|SPE4A726T670P|0001S00000052,First article test line - not a product line
SPE4A726T438E,0001S00000052,SPE4A726T438E,06-02-2026,06-09-2026,2026-08-21 02:41:27,Origin,Origin,Tech,7016645688,https://dibbs2.bsm.dla.mil/Downloads/RFQ/E/SPE4A726T438E.PDF,https://www.dibbs.bsm.dla.mil/RFQ/RFQRec.aspx?sn=SPE4A726T438E,https://www.dibbs.bsm.dla.mil/rfq/rfqrec.aspx?sn=SPE4A726T438E,HARNESS,6,20260930T163445Z,0001S00000052,GOVERNMENT FIRST ARTIC,G,______,1.0,,,2026-06-02,2026-06-09,HARNESS,DIBBS|SPE4A726T438E|0001S00000052,First article test line - not a product line
SPE4A726T438E,0001S00000061,SPE4A726T438E,06-02-2026,06-09-2026,2026-08-21 02:41:27,Origin,Origin,Tech,7016645688,https://dibbs2.bsm.dla.mil/Downloads/RFQ/E/SPE4A726T438E.PDF,https://www.dibbs.bsm.dla.mil/RFQ/RFQRec.aspx?sn=SPE4A726T438E,https://www.dibbs.bsm.dla.mil/rfq/rfqrec.aspx?sn=SPE4A726T438E,HARNESS,6,20260930T163445Z,0001S00000061,PRODUCTION LOT TESTING,G,______,1.0,,,2026-06-02,2026-06-09,HARNESS,DIBBS|SPE4A726T438E|0001S00000061,First article test line - not a product line
SPE4A626T94B1,0001S00000053,SPE4A626T94B1,06-17-2026,06-24-2026,2026-08-21 02:41:27,Origin,Origin,Tech,7017200535,https://dibbs2.bsm.dla.mil/Downloads/RFQ/1/SPE4A626T94B1.PDF,https://www.dibbs.bsm.dla.mil/RFQ/RFQRec.aspx?sn=SPE4A626T94B1,https://www.dibbs.bsm.dla.mil/rfq/rfqrec.aspx?sn=SPE4A626T94B1,HARNESS,6,20260930T163445Z,0001S00000053,CONTRACTOR FIRST ARTIC,G,______,1.0,,,2026-06-17,2026-06-24,HARNESS,DIBBS|SPE4A626T94B1|0001S00000053,First article test line - not a product line
SPE4A626T90F3,0001S00000053,SPE4A626T90F3,06-15-2026,06-22-2026,2026-08-21 02:41:27,Origin,Origin,Tech,7017146835,https://dibbs2.bsm.dla.mil/Downloads/RFQ/3/SPE4A626T90F3.PDF,https://www.dibbs.bsm.dla.mil/RFQ/RFQRec.aspx?sn=SPE4A626T90F3,https://www.dibbs.bsm.dla.mil/rfq/rfqrec.aspx?sn=SPE4A626T90F3,HARNESS,6,20260930T163445Z,0001S00000053,CONTRACTOR FIRST ARTIC,G,______,1.0,,,2026-06-15,2026-06-22,HARNESS,DIBBS|SPE4A626T90F3|0001S00000053,First article test line - not a product line
SPE4A626T13UF,0001S00000053,SPE4A626T13UF,08-06-2026,08-13-2026,2026-08-21 02:41:27,Origin,Origin,Tech,7017487223,https://dibbs2.bsm.dla.mil/Downloads/RFQ/F/SPE4A626T13UF.PDF,https://www.dibbs.bsm.dla.mil/RFQ/RFQRec.aspx?sn=SPE4A626T13UF,https://www.dibbs.bsm.dla.mil/rfq/rfqrec.aspx?sn=SPE4A626T13UF,HARNESS,6,20260930T163445Z,0001S00000053,CONTRACTOR FIRST ARTIC,G,______,1.0,,,2026-08-06,2026-08-13,HARNESS,DIBBS|SPE4A626T13UF|0001S00000053,First article test line - not a product line
SPE4A626T31D5,0001S00000052,SPE4A626T31D5,04-23-2026,04-30-2026,2026-08-21 02:41:27,Origin,Origin,Tech,7016471184,https://dibbs2.bsm.dla.mil/Downloads/RFQ/5/SPE4A626T31D5.PDF,https://www.dibbs.bsm.dla.mil/RFQ/RFQRec.aspx?sn=SPE4A626T31D5,https://www.dibbs.bsm.dla.mil/rfq/rfqrec.aspx?sn=SPE4A626T31D5,HARNESS,6,20260930T163445Z,0001S00000052,GOVERNMENT FIRST ARTIC,G,______,1.0,,,2026-04-23,2026-04-30,HARNESS,DIBBS|SPE4A626T31D5|0001S00000052,First article test line - not a product line
SPE4A626T30S2,0001S00000052,SPE4A626T30S2,04-23-2026,04-30-2026,2026-08-21 02:41:27,Origin,Origin,Tech,7016469374,https://dibbs2.bsm.dla.mil/Downloads/RFQ/2/SPE4A626T30S2.PDF,https://www.dibbs.bsm.dla.mil/RFQ/RFQRec.aspx?sn=SPE4A626T30S2,https://www.dibbs.bsm.dla.mil/rfq/rfqrec.aspx?sn=SPE4A626T30S2,HARNESS,6,20260930T163445Z,0001S00000052,GOVERNMENT FIRST ARTIC,G,______,1.0,,,2026-04-23,2026-04-30,HARNESS,DIBBS|SPE4A626T30S2|0001S00000052,First article test line - not a product line
SPE4A625T33JV,0001S00000053,SPE4A625T33JV,08-26-2025,09-02-2025,2026-08-21 02:41:27,Origin,Origin,Tech,7013234567,https://dibbs2.bsm.dla.mil/Downloads/RFQ/V/SPE4A625T33JV.PDF,https://www.dibbs.bsm.dla.mil/RFQ/RFQRec.aspx?sn=SPE4A625T33JV,https://www.dibbs.bsm.dla.mil/rfq/rfqrec.aspx?sn=SPE4A625T33JV,HARNESS,6,20260930T163445Z,0001S00000053,CONTRACTOR FIRST ARTIC,G,______,1.0,,,2025-08-26,2025-09-02,HARNESS,DIBBS|SPE4A625T33JV|0001S00000053,First article test line - not a product line
SPE4A626T12SJ,0001S00000053,SPE4A626T12SJ,08-06-2026,08-13-2026,2026-08-21 02:41:27,Origin,Origin,Tech,7017741000,https://dibbs2.bsm.dla.mil/Downloads/RFQ/J/SPE4A626T12SJ.PDF,https://www.dibbs.bsm.dla.mil/RFQ/RFQRec.aspx?sn=SPE4A626T12SJ,https://www.dibbs.bsm.dla.mil/rfq/rfqrec.aspx?sn=SPE4A626T12SJ,HARNESS,6,20260930T163445Z,0001S00000053,CONTRACTOR FIRST ARTIC,G,______,1.0,,,2026-08-06,2026-08-13,HARNESS,DIBBS|SPE4A626T12SJ|0001S00000053,First article test line - not a product line
SPE7L126T08W2,0001S00000053,SPE7L126T08W2,09-10-2026,09-21-2026,2026-09-09 04:57:55,Origin,Origin,Tech,7015609833,https://dibbs2.bsm.dla.mil/Downloads/RFQ/2/SPE7L126T08W2.PDF,https://www.dibbs.bsm.dla.mil/RFQ/RFQRec.aspx?sn=SPE7L126T08W2,https://www.dibbs.bsm.dla.mil/rfq/rfqrec.aspx?sn=SPE7L126T08W2,HARNESS,6,20260930T163445Z,0001S00000053,CONTRACTOR FIRST ARTIC,G,______,1.0,,,2026-09-10,2026-09-21,HARNESS,DIBBS|SPE7L126T08W2|0001S00000053,First article test line - not a product line
SPE7L126T01X9,0001S00000052,SPE7L126T01X9,08-25-2026,09-04-2026,2026-08-24 10:48:07,Origin,Origin,Tech,7017779732,https://dibbs2.bsm.dla.mil/Downloads/RFQ/9/SPE7L126T01X9.PDF,https://www.dibbs.bsm.dla.mil/RFQ/RFQRec.aspx?sn=SPE7L126T01X9,https://www.dibbs.bsm.dla.mil/rfq/rfqrec.aspx?sn=SPE7L126T01X9,HARNESS,6,20260930T163445Z,0001S00000052,GOVERNMENT FIRST ARTIC,C,______,1.0,05812 | 743563-1 | HORST ENGINEERING & MANUFACTURING C,,2026-08-25,2026-09-04,HARNESS,DIBBS|SPE7L126T01X9|0001S00000052,First article test line - not a product line
SPE4A626T13UM,0001S00000061,SPE4A626T13UM,08-06-2026,08-13-2026,2026-08-21 02:41:27,Origin,Origin,Tech,7017108293,https://dibbs2.bsm.dla.mil/Downloads/RFQ/M/SPE4A626T13UM.PDF,https://www.dibbs.bsm.dla.mil/RFQ/RFQRec.aspx?sn=SPE4A626T13UM,https://www.dibbs.bsm.dla.mil/rfq/rfqrec.aspx?sn=SPE4A626T13UM,HARNESS,6,20260930T163445Z,0001S00000061,PRODUCTION LOT TESTING,G,______,1.0,,,2026-08-06,2026-08-13,HARNESS,DIBBS|SPE4A626T13UM|0001S00000061,First article test line - not a product line
SPE4A626T77P4,0001S00000053,SPE4A626T77P4,06-03-2026,06-10-2026,2026-08-21 02:41:27,Origin,Origin,Tech,7015111024,https://dibbs2.bsm.dla.mil/Downloads/RFQ/4/SPE4A626T77P4.PDF,https://www.dibbs.bsm.dla.mil/RFQ/RFQRec.aspx?sn=SPE4A626T77P4,https://www.dibbs.bsm.dla.mil/rfq/rfqrec.aspx?sn=SPE4A626T77P4,HARNESS,6,20260930T163445Z,0001S00000053,CONTRACTOR FIRST ARTIC,G,______,1.0,,,2026-06-03,2026-06-10,HARNESS,DIBBS|SPE4A626T77P4|0001S00000053,First article test line - not a product line
SPE7L726T4507,0001S00000061,SPE7L726T4507,07-31-2026,08-10-2026,2026-08-21 02:41:27,Origin,Origin,None,7017548761,https://dibbs2.bsm.dla.mil/Downloads/RFQ/7/SPE7L726T4507.PDF,https://www.dibbs.bsm.dla.mil/RFQ/RFQRec.aspx?sn=SPE7L726T4507,https://www.dibbs.bsm.dla.mil/rfq/rfqrec.aspx?sn=SPE7L726T4507,HARNESS,6,20260930T163445Z,0001S00000061,PRODUCTION LOT TESTING,T,______,1.0,,,2026-07-31,2026-08-10,HARNESS,DIBBS|SPE7L726T4507|0001S00000061,First article test line - not a product line
SPE4A626T06QD,0001S00000053,SPE4A626T06QD,07-15-2026,07-22-2026,2026-08-21 02:41:27,Origin,Origin,Tech,7017487359,https://dibbs2.bsm.dla.mil/Downloads/RFQ/D/SPE4A626T06QD.PDF,https://www.dibbs.bsm.dla.mil/RFQ/RFQRec.aspx?sn=SPE4A626T06QD,https://www.dibbs.bsm.dla.mil/rfq/rfqrec.aspx?sn=SPE4A626T06QD,HARNESS,6,20260930T163445Z,0001S00000053,CONTRACTOR FIRST ARTIC,G,______,1.0,,,2026-07-15,2026-07-22,HARNESS,DIBBS|SPE4A626T06QD|0001S00000053,First article test line - not a product line
SPE4A726T602Z,0001S00000052,SPE4A726T602Z,07-31-2026,08-07-2026,2026-08-21 02:41:27,Origin,Origin,Tech,7017697412,https://dibbs2.bsm.dla.mil/Downloads/RFQ/Z/SPE4A726T602Z.PDF,https://www.dibbs.bsm.dla.mil/RFQ/RFQRec.aspx?sn=SPE4A726T602Z,https://www.dibbs.bsm.dla.mil/rfq/rfqrec.aspx?sn=SPE4A726T602Z,HARNESS,6,20260930T163445Z,0001S00000052,GOVERNMENT FIRST ARTIC,G,______,1.0,,,2026-07-31,2026-08-07,HARNESS,DIBBS|SPE4A726T602Z|0001S00000052,First article test line - not a product line
SPE4A626T19FJ,0001S00000053,SPE4A626T19FJ,08-19-2026,08-26-2026,2026-08-21 02:41:27,Origin,Origin,Tech,7017939444,https://dibbs2.bsm.dla.mil/Downloads/RFQ/J/SPE4A626T19FJ.PDF,https://www.dibbs.bsm.dla.mil/RFQ/RFQRec.aspx?sn=SPE4A626T19FJ,https://www.dibbs.bsm.dla.mil/rfq/rfqrec.aspx?sn=SPE4A626T19FJ,HARNESS,6,20260930T163445Z,0001S00000053,CONTRACTOR FIRST ARTIC,G,______,1.0,,,2026-08-19,2026-08-26,HARNESS,DIBBS|SPE4A626T19FJ|0001S00000053,First article test line - not a product line
SPE4A626T02XN,0001S00000052,SPE4A626T02XN,07-06-2026,07-13-2026,2026-08-21 02:41:27,Origin,Origin,Tech,7017385068,https://dibbs2.bsm.dla.mil/Downloads/RFQ/N/SPE4A626T02XN.PDF,https://www.dibbs.bsm.dla.mil/RFQ/RFQRec.aspx?sn=SPE4A626T02XN,https://www.dibbs.bsm.dla.mil/rfq/rfqrec.aspx?sn=SPE4A626T02XN,HARNESS,6,20260930T163445Z,0001S00000052,GOVERNMENT FIRST ARTIC,G,______,1.0,,,2026-07-06,2026-07-13,HARNESS,DIBBS|SPE4A626T02XN|0001S00000052,First article test line - not a product line
SPE7L126T429S,0001S00000052,SPE7L126T429S,04-24-2026,05-04-2026,2026-08-21 02:41:27,Origin,Origin,Tech,7015052450,https://dibbs2.bsm.dla.mil/Downloads/RFQ/S/SPE7L126T429S.PDF,https://www.dibbs.bsm.dla.mil/RFQ/RFQRec.aspx?sn=SPE7L126T429S,https://www.dibbs.bsm.dla.mil/rfq/rfqrec.aspx?sn=SPE7L126T429S,HARNESS,7,20260930T163500Z,0001S00000052,GOVERNMENT FIRST ARTIC,C,______,1.0,05812 | 743563-1 | HORST ENGINEERING & MANUFACTURING C,,2026-04-24,2026-05-04,HARNESS,DIBBS|SPE7L126T429S|0001S00000052,First article test line - not a product line
SPE7L726T4768,0001S00000053,SPE7L726T4768,08-14-2026,08-24-2026,2026-08-21 02:41:27,Destination,Origin,None,7017233675,https://dibbs2.bsm.dla.mil/Downloads/RFQ/8/SPE7L726T4768.PDF,https://www.dibbs.bsm.dla.mil/RFQ/RFQRec.aspx?sn=SPE7L726T4768,https://www.dibbs.bsm.dla.mil/rfq/rfqrec.aspx?sn=SPE7L726T4768,HARNESS,7,20260930T163500Z,0001S00000053,CONTRACTOR FIRST ARTIC,G,______,1.0,,,2026-08-14,2026-08-24,HARNESS,DIBBS|SPE7L726T4768|0001S00000053,First article test line - not a product line
SPE7L726T4768,0001S00000062,SPE7L726T4768,08-14-2026,08-24-2026,2026-08-21 02:41:27,Destination,Origin,None,7017233675,https://dibbs2.bsm.dla.mil/Downloads/RFQ/8/SPE7L726T4768.PDF,https://www.dibbs.bsm.dla.mil/RFQ/RFQRec.aspx?sn=SPE7L726T4768,https://www.dibbs.bsm.dla.mil/rfq/rfqrec.aspx?sn=SPE7L726T4768,HARNESS,7,20260930T163500Z,0001S00000062,PRODUCTION LOT TESTING,G,______,1.0,,,2026-08-14,2026-08-24,HARNESS,DIBBS|SPE7L726T4768|0001S00000062,First article test line - not a product line
SPE4A626T08GJ,0001S00000061,SPE4A626T08GJ,07-22-2026,07-29-2026,2026-08-21 02:41:27,Origin,Origin,Tech,7017571771,https://dibbs2.bsm.dla.mil/Downloads/RFQ/J/SPE4A626T08GJ.PDF,https://www.dibbs.bsm.dla.mil/RFQ/RFQRec.aspx?sn=SPE4A626T08GJ,https://www.dibbs.bsm.dla.mil/rfq/rfqrec.aspx?sn=SPE4A626T08GJ,CABLE ASSEMBLY,1,20260930T163514Z,0001S00000061,PRODUCTION LOT TESTING,C,______,1.0,"06324 | 8071-4218 | GLENAIR, INC.",,2026-07-22,2026-07-29,CABLE ASSEMBLY,DIBBS|SPE4A626T08GJ|0001S00000061,First article test line - not a product line
SPE4A626T769J,0001S00000053,SPE4A626T769J,02-20-2026,02-27-2026,2026-08-21 02:41:27,Origin,Origin,Tech,7015601767,https://dibbs2.bsm.dla.mil/Downloads/RFQ/J/SPE4A626T769J.PDF,https://www.dibbs.bsm.dla.mil/RFQ/RFQRec.aspx?sn=SPE4A626T769J,https://www.dibbs.bsm.dla.mil/rfq/rfqrec.aspx?sn=SPE4A626T769J,CABLE ASSEMBLY,1,20260930T163514Z,0001S00000053,CONTRACTOR FIRST ARTIC,G,______,1.0,,,2026-02-20,2026-02-27,CABLE ASSEMBLY,DIBBS|SPE4A626T769J|0001S00000053,First article test line - not a product line
SPE4A626T04RC,0001S00000052,SPE4A626T04RC,07-09-2026,07-16-2026,2026-08-21 02:41:27,Origin,Origin,Tech,7017409125,https://dibbs2.bsm.dla.mil/Downloads/RFQ/C/SPE4A626T04RC.PDF,https://www.dibbs.bsm.dla.mil/RFQ/RFQRec.aspx?sn=SPE4A626T04RC,https://www.dibbs.bsm.dla.mil/rfq/rfqrec.aspx?sn=SPE4A626T04RC,CABLE ASSEMBLY,1,20260930T163514Z,0001S00000052,GOVERNMENT FIRST ARTIC,G,______,1.0,,,2026-07-09,2026-07-16,CABLE ASSEMBLY,DIBBS|SPE4A626T04RC|0001S00000052,First article test line - not a product line
SPE4A626T19WV,0001S00000053,SPE4A626T19WV,08-19-2026,08-26-2026,2026-08-21 02:41:27,Origin,Origin,Tech,7017940533,https://dibbs2.bsm.dla.mil/Downloads/RFQ/V/SPE4A626T19WV.PDF,https://www.dibbs.bsm.dla.mil/RFQ/RFQRec.aspx?sn=SPE4A626T19WV,https://www.dibbs.bsm.dla.mil/rfq/rfqrec.aspx?sn=SPE4A626T19WV,CABLE ASSEMBLY,1,20260930T163514Z,0001S00000053,CONTRACTOR FIRST ARTIC,G,______,1.0,,,2026-08-19,2026-08-26,CABLE ASSEMBLY,DIBBS|SPE4A626T19WV|0001S00000053,First article test line - not a product line
SPE4A726T228H,0001S00000061,SPE4A726T228H,04-10-2026,04-17-2026,2026-08-21 02:41:27,Origin,Origin,Tech,7016227153,https://dibbs2.bsm.dla.mil/Downloads/RFQ/H/SPE4A726T228H.PDF,https://www.dibbs.bsm.dla.mil/RFQ/RFQRec.aspx?sn=SPE4A726T228H,https://www.dibbs.bsm.dla.mil/rfq/rfqrec.aspx?sn=SPE4A726T228H,CABLE ASSEMBLY,1,20260930T163514Z,0001S00000061,PRODUCTION LOT TESTING,C,______,1.0,"06324 | 8071-4218 | GLENAIR, INC.",,2026-04-10,2026-04-17,CABLE ASSEMBLY,DIBBS|SPE4A726T228H|0001S00000061,First article test line - not a product line
SPE4A626T54Q9,0001S00000061,SPE4A626T54Q9,05-14-2026,05-21-2026,2026-08-21 02:41:27,Origin,Origin,Tech,7016752084,https://dibbs2.bsm.dla.mil/Downloads/RFQ/9/SPE4A626T54Q9.PDF,https://www.dibbs.bsm.dla.mil/RFQ/RFQRec.aspx?sn=SPE4A626T54Q9,https://www.dibbs.bsm.dla.mil/rfq/rfqrec.aspx?sn=SPE4A626T54Q9,CABLE ASSEMBLY,1,20260930T163514Z,0001S00000061,PRODUCTION LOT TESTING,C,______,1.0,"06324 | 8071-4218 | GLENAIR, INC.",,2026-05-14,2026-05-21,CABLE ASSEMBLY,DIBBS|SPE4A626T54Q9|0001S00000061,First article test line - not a product line
SPE4A626T15VZ,0001S00000053,SPE4A626T15VZ,08-13-2026,08-20-2026,2026-08-21 02:41:27,Origin,Origin,Tech,7017838582,https://dibbs2.bsm.dla.mil/Downloads/RFQ/Z/SPE4A626T15VZ.PDF,https://www.dibbs.bsm.dla.mil/RFQ/RFQRec.aspx?sn=SPE4A626T15VZ,https://www.dibbs.bsm.dla.mil/rfq/rfqrec.aspx?sn=SPE4A626T15VZ,CABLE ASSEMBLY,1,20260930T163514Z,0001S00000053,CONTRACTOR FIRST ARTIC,G,______,1.0,,,2026-08-13,2026-08-20,CABLE ASSEMBLY,DIBBS|SPE4A626T15VZ|0001S00000053,First article test line - not a product line
SPE4A626T37RY,0001S00000061,SPE4A626T37RY,09-29-2026,10-06-2026,2026-09-28 08:32:46,Origin,Origin,Tech,7018458949,https://dibbs2.bsm.dla.mil/Downloads/RFQ/Y/SPE4A626T37RY.PDF,https://www.dibbs.bsm.dla.mil/RFQ/RFQRec.aspx?sn=SPE4A626T37RY,https://www.dibbs.bsm.dla.mil/rfq/rfqrec.aspx?sn=SPE4A626T37RY,CABLE ASSEMBLY,1,20260930T163514Z,0001S00000061,PRODUCTION LOT TESTING,G,______,1.0,,,2026-09-29,2026-10-06,CABLE ASSEMBLY,DIBBS|SPE4A626T37RY|0001S00000061,First article test line - not a product line
SPE4A626T36WD,0001S00000061,SPE4A626T36WD,09-25-2026,10-02-2026,2026-09-24 06:52:53,Origin,Origin,Tech,7018451764,https://dibbs2.bsm.dla.mil/Downloads/RFQ/D/SPE4A626T36WD.PDF,https://www.dibbs.bsm.dla.mil/RFQ/RFQRec.aspx?sn=SPE4A626T36WD,https://www.dibbs.bsm.dla.mil/rfq/rfqrec.aspx?sn=SPE4A626T36WD,CABLE ASSEMBLY,2,20260930T163531Z,0001S00000061,PRODUCTION LOT TESTING,G,______,1.0,,,2026-09-25,2026-10-02,CABLE ASSEMBLY,DIBBS|SPE4A626T36WD|0001S00000061,First article test line - not a product line
SPE4A626T36UX,0001S00000053,SPE4A626T36UX,09-25-2026,10-02-2026,2026-09-24 04:56:31,Origin,Origin,Tech,7018247337,https://dibbs2.bsm.dla.mil/Downloads/RFQ/X/SPE4A626T36UX.PDF,https://www.dibbs.bsm.dla.mil/RFQ/RFQRec.aspx?sn=SPE4A626T36UX,https://www.dibbs.bsm.dla.mil/rfq/rfqrec.aspx?sn=SPE4A626T36UX,CABLE ASSEMBLY,2,20260930T163531Z,0001S00000053,CONTRACTOR FIRST ARTIC,G,______,1.0,,,2026-09-25,2026-10-02,CABLE ASSEMBLY,DIBBS|SPE4A626T36UX|0001S00000053,First article test line - not a product line
SPE4A626T36RK,0001S00000052,SPE4A626T36RK,09-25-2026,10-02-2026,2026-09-24 12:47:09,Origin,Origin,Tech,7017696804,https://dibbs2.bsm.dla.mil/Downloads/RFQ/K/SPE4A626T36RK.PDF,https://www.dibbs.bsm.dla.mil/RFQ/RFQRec.aspx?sn=SPE4A626T36RK,https://www.dibbs.bsm.dla.mil/rfq/rfqrec.aspx?sn=SPE4A626T36RK,CABLE ASSEMBLY,2,20260930T163531Z,0001S00000052,GOVERNMENT FIRST ARTIC,G,______,1.0,,,2026-09-25,2026-10-02,CABLE ASSEMBLY,DIBBS|SPE4A626T36RK|0001S00000052,First article test line - not a product line
SPE4A626T36ND,0001S00000053,SPE4A626T36ND,09-25-2026,10-02-2026,2026-09-24 11:05:34,Origin,Origin,Tech,7018468186,https://dibbs2.bsm.dla.mil/Downloads/RFQ/D/SPE4A626T36ND.PDF,https://www.dibbs.bsm.dla.mil/RFQ/RFQRec.aspx?sn=SPE4A626T36ND,https://www.dibbs.bsm.dla.mil/rfq/rfqrec.aspx?sn=SPE4A626T36ND,CABLE ASSEMBLY,2,20260930T163531Z,0001S00000053,CONTRACTOR FIRST ARTIC,G,______,1.0,,,2026-09-25,2026-10-02,CABLE ASSEMBLY,DIBBS|SPE4A626T36ND|0001S00000053,First article test line - not a product line
SPE7L426T7210,0001S00000053,SPE7L426T7210,09-25-2026,10-05-2026,2026-09-24 07:33:48,Origin,Origin,Tech,7018497657,https://dibbs2.bsm.dla.mil/Downloads/RFQ/0/SPE7L426T7210.PDF,https://www.dibbs.bsm.dla.mil/RFQ/RFQRec.aspx?sn=SPE7L426T7210,https://www.dibbs.bsm.dla.mil/rfq/rfqrec.aspx?sn=SPE7L426T7210,CABLE ASSEMBLY,2,20260930T163531Z,0001S00000053,CONTRACTOR FIRST ARTIC,G,______,1.0,,,2026-09-25,2026-10-05,CABLE ASSEMBLY,DIBBS|SPE7L426T7210|0001S00000053,First article test line - not a product line
SPE7L326T282R,0001S00000053,SPE7L326T282R,09-25-2026,10-05-2026,2026-09-24 07:06:10,Origin,Origin,Tech,7018495006,https://dibbs2.bsm.dla.mil/Downloads/RFQ/R/SPE7L326T282R.PDF,https://www.dibbs.bsm.dla.mil/RFQ/RFQRec.aspx?sn=SPE7L326T282R,https://www.dibbs.bsm.dla.mil/rfq/rfqrec.aspx?sn=SPE7L326T282R,CABLE ASSEMBLY,2,20260930T163531Z,0001S00000053,CONTRACTOR FIRST ARTIC,G,______,1.0,,,2026-09-25,2026-10-05,CABLE ASSEMBLY,DIBBS|SPE7L326T282R|0001S00000053,First article test line - not a product line
SPE4A626T36BA,0001S00000061,SPE4A626T36BA,09-24-2026,10-01-2026,2026-09-23 04:54:57,Origin,Origin,Tech,7018459034,https://dibbs2.bsm.dla.mil/Downloads/RFQ/A/SPE4A626T36BA.PDF,https://www.dibbs.bsm.dla.mil/RFQ/RFQRec.aspx?sn=SPE4A626T36BA,https://www.dibbs.bsm.dla.mil/rfq/rfqrec.aspx?sn=SPE4A626T36BA,CABLE ASSEMBLY,2,20260930T163531Z,0001S00000061,PRODUCTION LOT TESTING,G,______,1.0,,,2026-09-24,2026-10-01,CABLE ASSEMBLY,DIBBS|SPE4A626T36BA|0001S00000061,First article test line - not a product line
SPE4A626T36BW,0001S00000053,SPE4A626T36BW,09-24-2026,10-01-2026,2026-09-23 04:54:57,Origin,Origin,Tech,7018459267,https://dibbs2.bsm.dla.mil/Downloads/RFQ/W/SPE4A626T36BW.PDF,https://www.dibbs.bsm.dla.mil/RFQ/RFQRec.aspx?sn=SPE4A626T36BW,https://www.dibbs.bsm.dla.mil/rfq/rfqrec.aspx?sn=SPE4A626T36BW,CABLE ASSEMBLY,2,20260930T163531Z,0001S00000053,CONTRACTOR FIRST ARTIC,G,______,1.0,,,2026-09-24,2026-10-01,CABLE ASSEMBLY,DIBBS|SPE4A626T36BW|0001S00000053,First article test line - not a product line
SPE4A626T36DT,0001S00000053,SPE4A626T36DT,09-24-2026,10-01-2026,2026-09-23 04:54:57,Origin,Origin,Tech,7018458661,https://dibbs2.bsm.dla.mil/Downloads/RFQ/T/SPE4A626T36DT.PDF,https://www.dibbs.bsm.dla.mil/RFQ/RFQRec.aspx?sn=SPE4A626T36DT,https://www.dibbs.bsm.dla.mil/rfq/rfqrec.aspx?sn=SPE4A626T36DT,CABLE ASSEMBLY,3,20260930T163549Z,0001S00000053,CONTRACTOR FIRST ARTIC,B,______,1.0,52196 | 11472159-3 | CATON CONNECTOR CORPORATION,,2026-09-24,2026-10-01,CABLE ASSEMBLY,DIBBS|SPE4A626T36DT|0001S00000053,First article test line - not a product line
SPE4A626T36CB,0001S00000061,SPE4A626T36CB,09-24-2026,10-01-2026,2026-09-23 04:54:56,Origin,Origin,Tech,7018457896,https://dibbs2.bsm.dla.mil/Downloads/RFQ/B/SPE4A626T36CB.PDF,https://www.dibbs.bsm.dla.mil/RFQ/RFQRec.aspx?sn=SPE4A626T36CB,https://www.dibbs.bsm.dla.mil/rfq/rfqrec.aspx?sn=SPE4A626T36CB,CABLE ASSEMBLY,3,20260930T163549Z,0001S00000061,PRODUCTION LOT TESTING,G,______,1.0,,,2026-09-24,2026-10-01,CABLE ASSEMBLY,DIBBS|SPE4A626T36CB|0001S00000061,First article test line - not a product line
SPE4A626T36CX,0001S00000061,SPE4A626T36CX,09-24-2026,10-01-2026,2026-09-23 04:54:56,Origin,Origin,Tech,7018458168,https://dibbs2.bsm.dla.mil/Downloads/RFQ/X/SPE4A626T36CX.PDF,https://www.dibbs.bsm.dla.mil/RFQ/RFQRec.aspx?sn=SPE4A626T36CX,https://www.dibbs.bsm.dla.mil/rfq/rfqrec.aspx?sn=SPE4A626T36CX,CABLE ASSEMBLY,3,20260930T163549Z,0001S00000061,PRODUCTION LOT TESTING,G,______,1.0,,,2026-09-24,2026-10-01,CABLE ASSEMBLY,DIBBS|SPE4A626T36CX|0001S00000061,First article test line - not a product line
SPE4A626T36AC,0001S00000061,SPE4A626T36AC,09-24-2026,10-01-2026,2026-09-23 04:54:56,Origin,Origin,Tech,7018459075,https://dibbs2.bsm.dla.mil/Downloads/RFQ/C/SPE4A626T36AC.PDF,https://www.dibbs.bsm.dla.mil/RFQ/RFQRec.aspx?sn=SPE4A626T36AC,https://www.dibbs.bsm.dla.mil/rfq/rfqrec.aspx?sn=SPE4A626T36AC,CABLE ASSEMBLY,3,20260930T163549Z,0001S00000061,PRODUCTION LOT TESTING,G,______,1.0,,,2026-09-24,2026-10-01,CABLE ASSEMBLY,DIBBS|SPE4A626T36AC|0001S00000061,First article test line - not a product line
SPE4A626T35XD,0001S00000061,SPE4A626T35XD,09-24-2026,10-01-2026,2026-09-23 10:38:14,Origin,Origin,Tech,7017108106,https://dibbs2.bsm.dla.mil/Downloads/RFQ/D/SPE4A626T35XD.PDF,https://www.dibbs.bsm.dla.mil/RFQ/RFQRec.aspx?sn=SPE4A626T35XD,https://www.dibbs.bsm.dla.mil/rfq/rfqrec.aspx?sn=SPE4A626T35XD,CABLE ASSEMBLY,3,20260930T163549Z,0001S00000061,PRODUCTION LOT TESTING,G,______,1.0,,,2026-09-24,2026-10-01,CABLE ASSEMBLY,DIBBS|SPE4A626T35XD|0001S00000061,First article test line - not a product line
SPE4A626T35XE,0001S00000061,SPE4A626T35XE,09-24-2026,10-01-2026,2026-09-23 10:38:14,Origin,Origin,Tech,7016644577,https://dibbs2.bsm.dla.mil/Downloads/RFQ/E/SPE4A626T35XE.PDF,https://www.dibbs.bsm.dla.mil/RFQ/RFQRec.aspx?sn=SPE4A626T35XE,https://www.dibbs.bsm.dla.mil/rfq/rfqrec.aspx?sn=SPE4A626T35XE,CABLE ASSEMBLY,3,20260930T163549Z,0001S00000061,PRODUCTION LOT TESTING,G,______,1.0,,,2026-09-24,2026-10-01,CABLE ASSEMBLY,DIBBS|SPE4A626T35XE|0001S00000061,First article test line - not a product line
SPE4A626T35VP,0001S00000061,SPE4A626T35VP,09-23-2026,09-30-2026,2026-09-22 03:37:39,Origin,Origin,Tech,7017226608,https://dibbs2.bsm.dla.mil/Downloads/RFQ/P/SPE4A626T35VP.PDF,https://www.dibbs.bsm.dla.mil/RFQ/RFQRec.aspx?sn=SPE4A626T35VP,https://www.dibbs.bsm.dla.mil/rfq/rfqrec.aspx?sn=SPE4A626T35VP,CABLE ASSEMBLY,3,20260930T163549Z,0001S00000061,PRODUCTION LOT TESTING,G,______,1.0,,,2026-09-23,2026-09-30,CABLE ASSEMBLY,DIBBS|SPE4A626T35VP|0001S00000061,First article test line - not a product line
SPE4A626T35TB,0001S00000061,SPE4A626T35TB,09-23-2026,09-30-2026,2026-09-22 11:42:51,Origin,Origin,Tech,7018458669,https://dibbs2.bsm.dla.mil/Downloads/RFQ/B/SPE4A626T35TB.PDF,https://www.dibbs.bsm.dla.mil/RFQ/RFQRec.aspx?sn=SPE4A626T35TB,https://www.dibbs.bsm.dla.mil/rfq/rfqrec.aspx?sn=SPE4A626T35TB,CABLE ASSEMBLY,3,20260930T163549Z,0001S00000061,PRODUCTION LOT TESTING,G,______,1.0,,,2026-09-23,2026-09-30,CABLE ASSEMBLY,DIBBS|SPE4A626T35TB|0001S00000061,First article test line - not a product line
SPE4A626T35SG,0001S00000053,SPE4A626T35SG,09-23-2026,09-30-2026,2026-09-22 11:04:21,Origin,Origin,Tech,7018458974,https://dibbs2.bsm.dla.mil/Downloads/RFQ/G/SPE4A626T35SG.PDF,https://www.dibbs.bsm.dla.mil/RFQ/RFQRec.aspx?sn=SPE4A626T35SG,https://www.dibbs.bsm.dla.mil/rfq/rfqrec.aspx?sn=SPE4A626T35SG,CABLE ASSEMBLY,3,20260930T163549Z,0001S00000053,CONTRACTOR FIRST ARTIC,G,______,1.0,,,2026-09-23,2026-09-30,CABLE ASSEMBLY,DIBBS|SPE4A626T35SG|0001S00000053,First article test line - not a product line
SPE4A626T34ZZ,0001S00000053,SPE4A626T34ZZ,09-23-2026,09-30-2026,2026-09-22 03:47:56,Origin,Origin,Tech,7018458720,https://dibbs2.bsm.dla.mil/Downloads/RFQ/Z/SPE4A626T34ZZ.PDF,https://www.dibbs.bsm.dla.mil/RFQ/RFQRec.aspx?sn=SPE4A626T34ZZ,https://www.dibbs.bsm.dla.mil/rfq/rfqrec.aspx?sn=SPE4A626T34ZZ,CABLE ASSEMBLY,3,20260930T163549Z,0001S00000053,CONTRACTOR FIRST ARTIC,G,______,1.0,,,2026-09-23,2026-09-30,CABLE ASSEMBLY,DIBBS|SPE4A626T34ZZ|0001S00000053,First article test line - not a product line
SPE4A626T35MQ,0001S00000053,SPE4A626T35MQ,09-23-2026,09-30-2026,2026-09-22 03:47:56,Origin,Origin,Tech,7018459375,https://dibbs2.bsm.dla.mil/Downloads/RFQ/Q/SPE4A626T35MQ.PDF,https://www.dibbs.bsm.dla.mil/RFQ/RFQRec.aspx?sn=SPE4A626T35MQ,https://www.dibbs.bsm.dla.mil/rfq/rfqrec.aspx?sn=SPE4A626T35MQ,CABLE ASSEMBLY,3,20260930T163549Z,0001S00000053,CONTRACTOR FIRST ARTIC,G,______,1.0,,,2026-09-23,2026-09-30,CABLE ASSEMBLY,DIBBS|SPE4A626T35MQ|0001S00000053,First article test line - not a product line
SPE4A626T35ED,0001S00000061,SPE4A626T35ED,09-23-2026,09-30-2026,2026-09-22 03:47:56,Origin,Origin,Tech,7018458663,https://dibbs2.bsm.dla.mil/Downloads/RFQ/D/SPE4A626T35ED.PDF,https://www.dibbs.bsm.dla.mil/RFQ/RFQRec.aspx?sn=SPE4A626T35ED,https://www.dibbs.bsm.dla.mil/rfq/rfqrec.aspx?sn=SPE4A626T35ED,CABLE ASSEMBLY,3,20260930T163549Z,0001S00000061,PRODUCTION LOT TESTING,B,______,1.0,52196 | 13442-P1 | CATON CONNECTOR CORPORATION,,2026-09-23,2026-09-30,CABLE ASSEMBLY,DIBBS|SPE4A626T35ED|0001S00000061,First article test line - not a product line
SPE4A626T35GL,0001S00000061,SPE4A626T35GL,09-23-2026,09-30-2026,2026-09-22 03:47:56,Origin,Origin,Tech,7018458041,https://dibbs2.bsm.dla.mil/Downloads/RFQ/L/SPE4A626T35GL.PDF,https://www.dibbs.bsm.dla.mil/RFQ/RFQRec.aspx?sn=SPE4A626T35GL,https://www.dibbs.bsm.dla.mil/rfq/rfqrec.aspx?sn=SPE4A626T35GL,CABLE ASSEMBLY,3,20260930T163549Z,0001S00000061,PRODUCTION LOT TESTING,G,______,1.0,,,2026-09-23,2026-09-30,CABLE ASSEMBLY,DIBBS|SPE4A626T35GL|0001S00000061,First article test line - not a product line
SPE4A626T35HW,0001S00000052,SPE4A626T35HW,09-23-2026,09-30-2026,2026-09-22 03:47:56,Origin,Origin,None,7018457654,https://dibbs2.bsm.dla.mil/Downloads/RFQ/W/SPE4A626T35HW.PDF,https://www.dibbs.bsm.dla.mil/RFQ/RFQRec.aspx?sn=SPE4A626T35HW,https://www.dibbs.bsm.dla.mil/rfq/rfqrec.aspx?sn=SPE4A626T35HW,CABLE ASSEMBLY,3,20260930T163549Z,0001S00000052,GOVERNMENT FIRST ARTIC,C,______,1.0,"21856 | 639AS10935 | CENTROID, INC.",,2026-09-23,2026-09-30,CABLE ASSEMBLY,DIBBS|SPE4A626T35HW|0001S00000052,First article test line - not a product line
SPE4A626T35BT,0001S00000053,SPE4A626T35BT,09-23-2026,09-30-2026,2026-09-22 03:47:56,Origin,Origin,Tech,7018457789,https://dibbs2.bsm.dla.mil/Downloads/RFQ/T/SPE4A626T35BT.PDF,https://www.dibbs.bsm.dla.mil/RFQ/RFQRec.aspx?sn=SPE4A626T35BT,https://www.dibbs.bsm.dla.mil/rfq/rfqrec.aspx?sn=SPE4A626T35BT,CABLE ASSEMBLY,3,20260930T163549Z,0001S00000053,CONTRACTOR FIRST ARTIC,G,______,1.0,,,2026-09-23,2026-09-30,CABLE ASSEMBLY,DIBBS|SPE4A626T35BT|0001S00000053,First article test line - not a product line
SPE4A626T35GG,0001S00000061,SPE4A626T35GG,09-23-2026,09-30-2026,2026-09-22 03:47:56,Origin,Origin,Tech,7018458662,https://dibbs2.bsm.dla.mil/Downloads/RFQ/G/SPE4A626T35GG.PDF,https://www.dibbs.bsm.dla.mil/RFQ/RFQRec.aspx?sn=SPE4A626T35GG,https://www.dibbs.bsm.dla.mil/rfq/rfqrec.aspx?sn=SPE4A626T35GG,CABLE ASSEMBLY,3,20260930T163549Z,0001S00000061,PRODUCTION LOT TESTING,B,______,1.0,52196 | 13442-P6 | CATON CONNECTOR CORPORATION,,2026-09-23,2026-09-30,CABLE ASSEMBLY,DIBBS|SPE4A626T35GG|0001S00000061,First article test line - not a product line
SPE4A626T35CL,0001S00000061,SPE4A626T35CL,09-23-2026,09-30-2026,2026-09-22 03:47:56,Origin,Origin,Tech,7018458963,https://dibbs2.bsm.dla.mil/Downloads/RFQ/L/SPE4A626T35CL.PDF,https://www.dibbs.bsm.dla.mil/RFQ/RFQRec.aspx?sn=SPE4A626T35CL,https://www.dibbs.bsm.dla.mil/rfq/rfqrec.aspx?sn=SPE4A626T35CL,CABLE ASSEMBLY,3,20260930T163549Z,0001S00000061,PRODUCTION LOT TESTING,G,______,1.0,,,2026-09-23,2026-09-30,CABLE ASSEMBLY,DIBBS|SPE4A626T35CL|0001S00000061,First article test line - not a product line
SPE4A726T781U,0001S00000052,SPE4A726T781U,09-23-2026,09-30-2026,2026-09-22 03:06:59,Origin,Destination,Tech,7018457765,https://dibbs2.bsm.dla.mil/Downloads/RFQ/U/SPE4A726T781U.PDF,https://www.dibbs.bsm.dla.mil/RFQ/RFQRec.aspx?sn=SPE4A726T781U,https://www.dibbs.bsm.dla.mil/rfq/rfqrec.aspx?sn=SPE4A726T781U,CABLE ASSEMBLY,3,20260930T163549Z,0001S00000052,GOVERNMENT FIRST ARTIC,G,______,1.0,,,2026-09-23,2026-09-30,CABLE ASSEMBLY,DIBBS|SPE4A726T781U|0001S00000052,First article test line - not a product line
SPE4A626T34XU,0001S00000061,SPE4A626T34XU,09-22-2026,09-29-2026,2026-09-21 09:33:37,Origin,Origin,Tech,7017739807,https://dibbs2.bsm.dla.mil/Downloads/RFQ/U/SPE4A626T34XU.PDF,https://www.dibbs.bsm.dla.mil/RFQ/RFQRec.aspx?sn=SPE4A626T34XU,https://www.dibbs.bsm.dla.mil/rfq/rfqrec.aspx?sn=SPE4A626T34XU,CABLE ASSEMBLY,3,20260930T163549Z,0001S00000061,PRODUCTION LOT TESTING,G,______,1.0,,,2026-09-22,2026-09-29,CABLE ASSEMBLY,DIBBS|SPE4A626T34XU|0001S00000061,First article test line - not a product line
SPE4A626T34XD,0001S00000053,SPE4A626T34XD,09-22-2026,09-29-2026,2026-09-21 09:13:52,Origin,Origin,Tech,7017911176,https://dibbs2.bsm.dla.mil/Downloads/RFQ/D/SPE4A626T34XD.PDF,https://www.dibbs.bsm.dla.mil/RFQ/RFQRec.aspx?sn=SPE4A626T34XD,https://www.dibbs.bsm.dla.mil/rfq/rfqrec.aspx?sn=SPE4A626T34XD,CABLE ASSEMBLY,3,20260930T163549Z,0001S00000053,CONTRACTOR FIRST ARTIC,G,______,1.0,,,2026-09-22,2026-09-29,CABLE ASSEMBLY,DIBBS|SPE4A626T34XD|0001S00000053,First article test line - not a product line
SPE4A626T34TV,0001S00000053,SPE4A626T34TV,09-22-2026,09-29-2026,2026-09-21 02:29:27,Origin,Origin,Tech,7018377299,https://dibbs2.bsm.dla.mil/Downloads/RFQ/V/SPE4A626T34TV.PDF,https://www.dibbs.bsm.dla.mil/RFQ/RFQRec.aspx?sn=SPE4A626T34TV,https://www.dibbs.bsm.dla.mil/rfq/rfqrec.aspx?sn=SPE4A626T34TV,CABLE ASSEMBLY,3,20260930T163549Z,0001S00000053,CONTRACTOR FIRST ARTIC,G,______,1.0,,,2026-09-22,2026-09-29,CABLE ASSEMBLY,DIBBS|SPE4A626T34TV|0001S00000053,First article test line - not a product line
SPE4A626T33QK,0001S00000052,SPE4A626T33QK,09-21-2026,09-28-2026,2026-09-21 12:15:48,Origin,Origin,Tech,7018412401,https://dibbs2.bsm.dla.mil/Downloads/RFQ/K/SPE4A626T33QK.PDF,https://www.dibbs.bsm.dla.mil/RFQ/RFQRec.aspx?sn=SPE4A626T33QK,https://www.dibbs.bsm.dla.mil/rfq/rfqrec.aspx?sn=SPE4A626T33QK,CABLE ASSEMBLY,4,20260930T163609Z,0001S00000052,GOVERNMENT FIRST ARTIC,B,______,1.0,"09922 | 584R160G09 | SOURIAU USA, INC.",,2026-09-21,2026-09-28,CABLE ASSEMBLY,DIBBS|SPE4A626T33QK|0001S00000052,First article test line - not a product line
SPE4A626T33ZN,0001S00000053,SPE4A626T33ZN,09-21-2026,09-28-2026,2026-09-21 12:15:48,Origin,Origin,Tech,7018346084; 7018346085,https://dibbs2.bsm.dla.mil/Downloads/RFQ/N/SPE4A626T33ZN.PDF,https://www.dibbs.bsm.dla.mil/RFQ/RFQRec.aspx?sn=SPE4A626T33ZN,https://www.dibbs.bsm.dla.mil/rfq/rfqrec.aspx?sn=SPE4A626T33ZN,CABLE ASSEMBLY,4,20260930T163609Z,0001S00000053,CONTRACTOR FIRST ARTIC,G,______,1.0,,,2026-09-21,2026-09-28,CABLE ASSEMBLY,DIBBS|SPE4A626T33ZN|0001S00000053,First article test line - not a product line
SPE4A626T33UC,0001S00000061,SPE4A626T33UC,09-21-2026,09-28-2026,2026-09-21 12:15:48,Origin,Origin,Tech,7018412511,https://dibbs2.bsm.dla.mil/Downloads/RFQ/C/SPE4A626T33UC.PDF,https://www.dibbs.bsm.dla.mil/RFQ/RFQRec.aspx?sn=SPE4A626T33UC,https://www.dibbs.bsm.dla.mil/rfq/rfqrec.aspx?sn=SPE4A626T33UC,CABLE ASSEMBLY,4,20260930T163609Z,0001S00000061,PRODUCTION LOT TESTING,G,______,1.0,,,2026-09-21,2026-09-28,CABLE ASSEMBLY,DIBBS|SPE4A626T33UC|0001S00000061,First article test line - not a product line
SPE4A626T34GN,0001S00000061,SPE4A626T34GN,09-21-2026,09-28-2026,2026-09-21 12:15:48,Origin,Origin,Tech,7016891985,https://dibbs2.bsm.dla.mil/Downloads/RFQ/N/SPE4A626T34GN.PDF,https://www.dibbs.bsm.dla.mil/RFQ/RFQRec.aspx?sn=SPE4A626T34GN,https://www.dibbs.bsm.dla.mil/rfq/rfqrec.aspx?sn=SPE4A626T34GN,CABLE ASSEMBLY,4,20260930T163609Z,0001S00000061,PRODUCTION LOT TESTING,G,______,1.0,,,2026-09-21,2026-09-28,CABLE ASSEMBLY,DIBBS|SPE4A626T34GN|0001S00000061,First article test line - not a product line
SPE4A626T33LK,0001S00000061,SPE4A626T33LK,09-21-2026,09-28-2026,2026-09-21 12:15:48,Origin,Origin,Tech,7018414304,https://dibbs2.bsm.dla.mil/Downloads/RFQ/K/SPE4A626T33LK.PDF,https://www.dibbs.bsm.dla.mil/RFQ/RFQRec.aspx?sn=SPE4A626T33LK,https://www.dibbs.bsm.dla.mil/rfq/rfqrec.aspx?sn=SPE4A626T33LK,CABLE ASSEMBLY,4,20260930T163609Z,0001S00000061,PRODUCTION LOT TESTING,G,______,1.0,,,2026-09-21,2026-09-28,CABLE ASSEMBLY,DIBBS|SPE4A626T33LK|0001S00000061,First article test line - not a product line
SPE4A626T33AM,0001S00000061,SPE4A626T33AM,09-18-2026,09-25-2026,2026-09-17 03:35:22,Origin,Origin,Tech,7018343180,https://dibbs2.bsm.dla.mil/Downloads/RFQ/M/SPE4A626T33AM.PDF,https://www.dibbs.bsm.dla.mil/RFQ/RFQRec.aspx?sn=SPE4A626T33AM,https://www.dibbs.bsm.dla.mil/rfq/rfqrec.aspx?sn=SPE4A626T33AM,CABLE ASSEMBLY,4,20260930T163609Z,0001S00000061,PRODUCTION LOT TESTING,G,______,1.0,,,2026-09-18,2026-09-25,CABLE ASSEMBLY,DIBBS|SPE4A626T33AM|0001S00000061,First article test line - not a product line
SPE4A626T32HS,0001S00000061,SPE4A626T32HS,09-18-2026,09-25-2026,2026-09-17 04:43:22,Origin,Origin,Tech,7018391541,https://dibbs2.bsm.dla.mil/Downloads/RFQ/S/SPE4A626T32HS.PDF,https://www.dibbs.bsm.dla.mil/RFQ/RFQRec.aspx?sn=SPE4A626T32HS,https://www.dibbs.bsm.dla.mil/rfq/rfqrec.aspx?sn=SPE4A626T32HS,CABLE ASSEMBLY,4,20260930T163609Z,0001S00000061,PRODUCTION LOT TESTING,G,______,1.0,,,2026-09-18,2026-09-25,CABLE ASSEMBLY,DIBBS|SPE4A626T32HS|0001S00000061,First article test line - not a product line
SPE7L426T7015,0001S00000052,SPE7L426T7015,09-17-2026,09-28-2026,2026-09-16 09:49:21,Origin,Destination,None,7018378856,https://dibbs2.bsm.dla.mil/Downloads/RFQ/5/SPE7L426T7015.PDF,https://www.dibbs.bsm.dla.mil/RFQ/RFQRec.aspx?sn=SPE7L426T7015,https://www.dibbs.bsm.dla.mil/rfq/rfqrec.aspx?sn=SPE7L426T7015,CABLE ASSEMBLY,4,20260930T163609Z,0001S00000052,GOVERNMENT FIRST ARTIC,R,______,1.0,"16275 | 722716-1 | DUCOMMUN LABARGE TECHNOLOGIES, INC.",,2026-09-17,2026-09-28,CABLE ASSEMBLY,DIBBS|SPE7L426T7015|0001S00000052,First article test line - not a product line
SPE4A626T31GU,0001S00000052,SPE4A626T31GU,09-17-2026,09-24-2026,2026-09-16 09:49:21,Origin,Origin,Tech,7018378367,https://dibbs2.bsm.dla.mil/Downloads/RFQ/U/SPE4A626T31GU.PDF,https://www.dibbs.bsm.dla.mil/RFQ/RFQRec.aspx?sn=SPE4A626T31GU,https://www.dibbs.bsm.dla.mil/rfq/rfqrec.aspx?sn=SPE4A626T31GU,CABLE ASSEMBLY,4,20260930T163609Z,0001S00000052,GOVERNMENT FIRST ARTIC,C,______,1.0,0DR48 | 5099595 | ALEKTRONICS INC,,2026-09-17,2026-09-24,CABLE ASSEMBLY,DIBBS|SPE4A626T31GU|0001S00000052,First article test line - not a product line
SPE4A626T31HV,0001S00000061,SPE4A626T31HV,09-17-2026,09-24-2026,2026-09-16 09:49:21,Origin,Origin,Tech,7018378070,https://dibbs2.bsm.dla.mil/Downloads/RFQ/V/SPE4A626T31HV.PDF,https://www.dibbs.bsm.dla.mil/RFQ/RFQRec.aspx?sn=SPE4A626T31HV,https://www.dibbs.bsm.dla.mil/rfq/rfqrec.aspx?sn=SPE4A626T31HV,CABLE ASSEMBLY,4,20260930T163609Z,0001S00000061,PRODUCTION LOT TESTING,C,______,1.0,"61434 | 13210600 | R & D ELECTRONICS, INC",,2026-09-17,2026-09-24,CABLE ASSEMBLY,DIBBS|SPE4A626T31HV|0001S00000061,First article test line - not a product line
SPE4A626T31JF,0001S00000053,SPE4A626T31JF,09-17-2026,09-24-2026,2026-09-16 09:49:21,Origin,Destination,Tech,7018378960,https://dibbs2.bsm.dla.mil/Downloads/RFQ/F/SPE4A626T31JF.PDF,https://www.dibbs.bsm.dla.mil/RFQ/RFQRec.aspx?sn=SPE4A626T31JF,https://www.dibbs.bsm.dla.mil/rfq/rfqrec.aspx?sn=SPE4A626T31JF,CABLE ASSEMBLY,4,20260930T163609Z,0001S00000053,CONTRACTOR FIRST ARTIC,G,______,1.0,,,2026-09-17,2026-09-24,CABLE ASSEMBLY,DIBBS|SPE4A626T31JF|0001S00000053,First article test line - not a product line
SPE4A626T31DF,0001S00000052,SPE4A626T31DF,09-17-2026,09-24-2026,2026-09-16 09:49:21,Origin,Origin,Tech,7018378188,https://dibbs2.bsm.dla.mil/Downloads/RFQ/F/SPE4A626T31DF.PDF,https://www.dibbs.bsm.dla.mil/RFQ/RFQRec.aspx?sn=SPE4A626T31DF,https://www.dibbs.bsm.dla.mil/rfq/rfqrec.aspx?sn=SPE4A626T31DF,CABLE ASSEMBLY,4,20260930T163609Z,0001S00000052,GOVERNMENT FIRST ARTIC,G,______,1.0,,,2026-09-17,2026-09-24,CABLE ASSEMBLY,DIBBS|SPE4A626T31DF|0001S00000052,First article test line - not a product line
SPE4A626T31RQ,0001S00000061,SPE4A626T31RQ,09-17-2026,09-24-2026,2026-09-16 09:49:21,Origin,Origin,Tech,7018377861,https://dibbs2.bsm.dla.mil/Downloads/RFQ/Q/SPE4A626T31RQ.PDF,https://www.dibbs.bsm.dla.mil/RFQ/RFQRec.aspx?sn=SPE4A626T31RQ,https://www.dibbs.bsm.dla.mil/rfq/rfqrec.aspx?sn=SPE4A626T31RQ,CABLE ASSEMBLY,4,20260930T163609Z,0001S00000061,PRODUCTION LOT TESTING,G,______,1.0,,,2026-09-17,2026-09-24,CABLE ASSEMBLY,DIBBS|SPE4A626T31RQ|0001S00000061,First article test line - not a product line
SPE4A626T30YE,0001S00000061,SPE4A626T30YE,09-17-2026,09-24-2026,2026-09-16 05:29:45,Origin,Origin,Tech,7018378395,https://dibbs2.bsm.dla.mil/Downloads/RFQ/E/SPE4A626T30YE.PDF,https://www.dibbs.bsm.dla.mil/RFQ/RFQRec.aspx?sn=SPE4A626T30YE,https://www.dibbs.bsm.dla.mil/rfq/rfqrec.aspx?sn=SPE4A626T30YE,CABLE ASSEMBLY,5,20260930T163626Z,0001S00000061,PRODUCTION LOT TESTING,G,______,1.0,,,2026-09-17,2026-09-24,CABLE ASSEMBLY,DIBBS|SPE4A626T30YE|0001S00000061,First article test line - not a product line
SPE4A626T30VM,0001S00000062,SPE4A626T30VM,09-17-2026,09-24-2026,2026-09-16 02:27:57,Origin,Origin,Tech,7018343537,https://dibbs2.bsm.dla.mil/Downloads/RFQ/M/SPE4A626T30VM.PDF,https://www.dibbs.bsm.dla.mil/RFQ/RFQRec.aspx?sn=SPE4A626T30VM,https://www.dibbs.bsm.dla.mil/rfq/rfqrec.aspx?sn=SPE4A626T30VM,CABLE ASSEMBLY,5,20260930T163626Z,0001S00000062,PRODUCTION LOT TESTING,C,______,1.0,"58078 | 5819747G1 | AIRTRONICS, LLC",,2026-09-17,2026-09-24,CABLE ASSEMBLY,DIBBS|SPE4A626T30VM|0001S00000062,First article test line - not a product line
SPE4A626T30UZ,0001S00000053,SPE4A626T30UZ,09-17-2026,09-24-2026,2026-09-16 01:31:56,Origin,Origin,Tech,7017696058,https://dibbs2.bsm.dla.mil/Downloads/RFQ/Z/SPE4A626T30UZ.PDF,https://www.dibbs.bsm.dla.mil/RFQ/RFQRec.aspx?sn=SPE4A626T30UZ,https://www.dibbs.bsm.dla.mil/rfq/rfqrec.aspx?sn=SPE4A626T30UZ,CABLE ASSEMBLY,5,20260930T163626Z,0001S00000053,CONTRACTOR FIRST ARTIC,G,______,1.0,,,2026-09-17,2026-09-24,CABLE ASSEMBLY,DIBBS|SPE4A626T30UZ|0001S00000053,First article test line - not a product line
SPE4A626T30SU,0001S00000061,SPE4A626T30SU,09-17-2026,09-24-2026,2026-09-16 09:16:41,Origin,Origin,Tech,7018301767,https://dibbs2.bsm.dla.mil/Downloads/RFQ/U/SPE4A626T30SU.PDF,https://www.dibbs.bsm.dla.mil/RFQ/RFQRec.aspx?sn=SPE4A626T30SU,https://www.dibbs.bsm.dla.mil/rfq/rfqrec.aspx?sn=SPE4A626T30SU,CABLE ASSEMBLY,5,20260930T163626Z,0001S00000061,PRODUCTION LOT TESTING,G,______,1.0,,,2026-09-17,2026-09-24,CABLE ASSEMBLY,DIBBS|SPE4A626T30SU|0001S00000061,First article test line - not a product line
SPE4A626T30QM,0001S00000061,SPE4A626T30QM,09-16-2026,09-23-2026,2026-09-15 07:13:25,Origin,Origin,Tech,7018342899,https://dibbs2.bsm.dla.mil/Downloads/RFQ/M/SPE4A626T30QM.PDF,https://www.dibbs.bsm.dla.mil/RFQ/RFQRec.aspx?sn=SPE4A626T30QM,https://www.dibbs.bsm.dla.mil/rfq/rfqrec.aspx?sn=SPE4A626T30QM,CABLE ASSEMBLY,5,20260930T163626Z,0001S00000061,PRODUCTION LOT TESTING,G,______,1.0,,,2026-09-16,2026-09-23,CABLE ASSEMBLY,DIBBS|SPE4A626T30QM|0001S00000061,First article test line - not a product line
SPE4A626T30QE,0001S00000052,SPE4A626T30QE,09-16-2026,09-23-2026,2026-09-15 06:17:32,Origin,Origin,Tech,7018249045,https://dibbs2.bsm.dla.mil/Downloads/RFQ/E/SPE4A626T30QE.PDF,https://www.dibbs.bsm.dla.mil/RFQ/RFQRec.aspx?sn=SPE4A626T30QE,https://www.dibbs.bsm.dla.mil/rfq/rfqrec.aspx?sn=SPE4A626T30QE,CABLE ASSEMBLY,5,20260930T163626Z,0001S00000052,GOVERNMENT FIRST ARTIC,G,______,1.0,,,2026-09-16,2026-09-23,CABLE ASSEMBLY,DIBBS|SPE4A626T30QE|0001S00000052,First article test line - not a product line
SPE4A626T30QD,0001S00000053,SPE4A626T30QD,09-16-2026,09-23-2026,2026-09-15 06:17:32,Origin,Origin,Tech,7018341538,https://dibbs2.bsm.dla.mil/Downloads/RFQ/D/SPE4A626T30QD.PDF,https://www.dibbs.bsm.dla.mil/RFQ/RFQRec.aspx?sn=SPE4A626T30QD,https://www.dibbs.bsm.dla.mil/rfq/rfqrec.aspx?sn=SPE4A626T30QD,CABLE ASSEMBLY,5,20260930T163626Z,0001S00000053,CONTRACTOR FIRST ARTIC,G,______,1.0,,,2026-09-16,2026-09-23,CABLE ASSEMBLY,DIBBS|SPE4A626T30QD|0001S00000053,First article test line - not a product line
SPE4A626T30QJ,0001S00000053,SPE4A626T30QJ,09-16-2026,09-23-2026,2026-09-15 06:17:32,Origin,Origin,Tech,7018342303,https://dibbs2.bsm.dla.mil/Downloads/RFQ/J/SPE4A626T30QJ.PDF,https://www.dibbs.bsm.dla.mil/RFQ/RFQRec.aspx?sn=SPE4A626T30QJ,https://www.dibbs.bsm.dla.mil/rfq/rfqrec.aspx?sn=SPE4A626T30QJ,CABLE ASSEMBLY,5,20260930T163626Z,0001S00000053,CONTRACTOR FIRST ARTIC,G,______,1.0,,,2026-09-16,2026-09-23,CABLE ASSEMBLY,DIBBS|SPE4A626T30QJ|0001S00000053,First article test line - not a product line
SPE4A526T431L,0001S00000053,SPE4A526T431L,09-16-2026,09-23-2026,2026-09-15 02:20:23,Origin,Origin,None,7018015205,https://dibbs2.bsm.dla.mil/Downloads/RFQ/L/SPE4A526T431L.PDF,https://www.dibbs.bsm.dla.mil/RFQ/RFQRec.aspx?sn=SPE4A526T431L,https://www.dibbs.bsm.dla.mil/rfq/rfqrec.aspx?sn=SPE4A526T431L,CABLE ASSEMBLY,5,20260930T163626Z,0001S00000053,CONTRACTOR FIRST ARTIC,R,______,1.0,81205 | 21-58700-62 | THE BOEING COMPANY,,2026-09-16,2026-09-23,CABLE ASSEMBLY,DIBBS|SPE4A526T431L|0001S00000053,First article test line - not a product line
SPE7L326T254M,0001S00000053,SPE7L326T254M,09-16-2026,09-28-2026,2026-09-15 12:44:00,Origin,Origin,Tech,7017778174,https://dibbs2.bsm.dla.mil/Downloads/RFQ/M/SPE7L326T254M.PDF,https://www.dibbs.bsm.dla.mil/RFQ/RFQRec.aspx?sn=SPE7L326T254M,https://www.dibbs.bsm.dla.mil/rfq/rfqrec.aspx?sn=SPE7L326T254M,CABLE ASSEMBLY,5,20260930T163626Z,0001S00000053,CONTRACTOR FIRST ARTIC,G,______,1.0,,,2026-09-16,2026-09-28,CABLE ASSEMBLY,DIBBS|SPE7L326T254M|0001S00000053,First article test line - not a product line
SPE4A626T29TD,0001S00000061,SPE4A626T29TD,09-16-2026,09-23-2026,2026-09-15 03:50:49,Origin,Origin,Tech,7018343103,https://dibbs2.bsm.dla.mil/Downloads/RFQ/D/SPE4A626T29TD.PDF,https://www.dibbs.bsm.dla.mil/RFQ/RFQRec.aspx?sn=SPE4A626T29TD,https://www.dibbs.bsm.dla.mil/rfq/rfqrec.aspx?sn=SPE4A626T29TD,CABLE ASSEMBLY,5,20260930T163626Z,0001S00000061,PRODUCTION LOT TESTING,G,______,1.0,,,2026-09-16,2026-09-23,CABLE ASSEMBLY,DIBBS|SPE4A626T29TD|0001S00000061,First article test line - not a product line
SPE4A626T30AH,0001S00000053,SPE4A626T30AH,09-16-2026,09-23-2026,2026-09-15 03:50:49,Origin,Origin,Tech,7018342076,https://dibbs2.bsm.dla.mil/Downloads/RFQ/H/SPE4A626T30AH.PDF,https://www.dibbs.bsm.dla.mil/RFQ/RFQRec.aspx?sn=SPE4A626T30AH,https://www.dibbs.bsm.dla.mil/rfq/rfqrec.aspx?sn=SPE4A626T30AH,CABLE ASSEMBLY,5,20260930T163626Z,0001S00000053,CONTRACTOR FIRST ARTIC,G,______,1.0,,,2026-09-16,2026-09-23,CABLE ASSEMBLY,DIBBS|SPE4A626T30AH|0001S00000053,First article test line - not a product line
SPE4A626T30AL,0001S00000053,SPE4A626T30AL,09-16-2026,09-23-2026,2026-09-15 03:50:49,Origin,Origin,Tech,7018342195,https://dibbs2.bsm.dla.mil/Downloads/RFQ/L/SPE4A626T30AL.PDF,https://www.dibbs.bsm.dla.mil/RFQ/RFQRec.aspx?sn=SPE4A626T30AL,https://www.dibbs.bsm.dla.mil/rfq/rfqrec.aspx?sn=SPE4A626T30AL,CABLE ASSEMBLY,5,20260930T163626Z,0001S00000053,CONTRACTOR FIRST ARTIC,G,______,1.0,,,2026-09-16,2026-09-23,CABLE ASSEMBLY,DIBBS|SPE4A626T30AL|0001S00000053,First article test line - not a product line
SPE4A626T29UH,0001S00000061,SPE4A626T29UH,09-16-2026,09-23-2026,2026-09-15 03:50:49,Origin,Origin,Tech,7018343636,https://dibbs2.bsm.dla.mil/Downloads/RFQ/H/SPE4A626T29UH.PDF,https://www.dibbs.bsm.dla.mil/RFQ/RFQRec.aspx?sn=SPE4A626T29UH,https://www.dibbs.bsm.dla.mil/rfq/rfqrec.aspx?sn=SPE4A626T29UH,CABLE ASSEMBLY,5,20260930T163626Z,0001S00000061,PRODUCTION LOT TESTING,G,______,1.0,,,2026-09-16,2026-09-23,CABLE ASSEMBLY,DIBBS|SPE4A626T29UH|0001S00000061,First article test line - not a product line
SPE4A626T29TT,0001S00000061,SPE4A626T29TT,09-16-2026,09-23-2026,2026-09-15 03:50:49,Origin,Origin,Tech,7018342786,https://dibbs2.bsm.dla.mil/Downloads/RFQ/T/SPE4A626T29TT.PDF,https://www.dibbs.bsm.dla.mil/RFQ/RFQRec.aspx?sn=SPE4A626T29TT,https://www.dibbs.bsm.dla.mil/rfq/rfqrec.aspx?sn=SPE4A626T29TT,CABLE ASSEMBLY,5,20260930T163626Z,0001S00000061,PRODUCTION LOT TESTING,C,______,1.0,"68999 | AE8285 | TIMES MICROWAVE SYSTEMS, INC",,2026-09-16,2026-09-23,CABLE ASSEMBLY,DIBBS|SPE4A626T29TT|0001S00000061,First article test line - not a product line
SPE4A626T29NJ,0001S00000052,SPE4A626T29NJ,09-15-2026,09-22-2026,2026-09-14 07:06:57,Origin,Origin,Tech,7017038042,https://dibbs2.bsm.dla.mil/Downloads/RFQ/J/SPE4A626T29NJ.PDF,https://www.dibbs.bsm.dla.mil/RFQ/RFQRec.aspx?sn=SPE4A626T29NJ,https://www.dibbs.bsm.dla.mil/rfq/rfqrec.aspx?sn=SPE4A626T29NJ,CABLE ASSEMBLY,5,20260930T163626Z,0001S00000052,GOVERNMENT FIRST ARTIC,B,______,1.0,"0HN83 | 1-C401CC401C-U7A-48 | CUSTOM CABLE ASSEMBLIES, INC.",,2026-09-15,2026-09-22,CABLE ASSEMBLY,DIBBS|SPE4A626T29NJ|0001S00000052,First article test line - not a product line
SPE4A626T29MD,0001S00000053,SPE4A626T29MD,09-15-2026,09-22-2026,2026-09-14 02:34:36,Origin,Origin,Tech,7018186226,https://dibbs2.bsm.dla.mil/Downloads/RFQ/D/SPE4A626T29MD.PDF,https://www.dibbs.bsm.dla.mil/RFQ/RFQRec.aspx?sn=SPE4A626T29MD,https://www.dibbs.bsm.dla.mil/rfq/rfqrec.aspx?sn=SPE4A626T29MD,CABLE ASSEMBLY,5,20260930T163626Z,0001S00000053,CONTRACTOR FIRST ARTIC,G,______,1.0,,,2026-09-15,2026-09-22,CABLE ASSEMBLY,DIBBS|SPE4A626T29MD|0001S00000053,First article test line - not a product line
SPE4A626T29HF,0001S00000053,SPE4A626T29HF,09-15-2026,09-22-2026,2026-09-14 01:27:49,Origin,Origin,Tech,7017636714,https://dibbs2.bsm.dla.mil/Downloads/RFQ/F/SPE4A626T29HF.PDF,https://www.dibbs.bsm.dla.mil/RFQ/RFQRec.aspx?sn=SPE4A626T29HF,https://www.dibbs.bsm.dla.mil/rfq/rfqrec.aspx?sn=SPE4A626T29HF,CABLE ASSEMBLY,5,20260930T163626Z,0001S00000053,CONTRACTOR FIRST ARTIC,G,______,1.0,,,2026-09-15,2026-09-22,CABLE ASSEMBLY,DIBBS|SPE4A626T29HF|0001S00000053,First article test line - not a product line
SPE4A626T28YD,0001S00000061,SPE4A626T28YD,09-14-2026,09-21-2026,2026-09-13 03:47:13,Origin,Origin,Tech,7018227186,https://dibbs2.bsm.dla.mil/Downloads/RFQ/D/SPE4A626T28YD.PDF,https://www.dibbs.bsm.dla.mil/RFQ/RFQRec.aspx?sn=SPE4A626T28YD,https://www.dibbs.bsm.dla.mil/rfq/rfqrec.aspx?sn=SPE4A626T28YD,CABLE ASSEMBLY,5,20260930T163626Z,0001S00000061,PRODUCTION LOT TESTING,G,______,1.0,,,2026-09-14,2026-09-21,CABLE ASSEMBLY,DIBBS|SPE4A626T28YD|0001S00000061,First article test line - not a product line
SPE4A626T28WR,0001S00000053,SPE4A626T28WR,09-11-2026,09-18-2026,2026-09-10 08:33:44,Origin,Origin,Tech,7018249075,https://dibbs2.bsm.dla.mil/Downloads/RFQ/R/SPE4A626T28WR.PDF,https://www.dibbs.bsm.dla.mil/RFQ/RFQRec.aspx?sn=SPE4A626T28WR,https://www.dibbs.bsm.dla.mil/rfq/rfqrec.aspx?sn=SPE4A626T28WR,CABLE ASSEMBLY,5,20260930T163626Z,0001S00000053,CONTRACTOR FIRST ARTIC,G,______,1.0,,,2026-09-11,2026-09-18,CABLE ASSEMBLY,DIBBS|SPE4A626T28WR|0001S00000053,First article test line - not a product line
SPE4A626T28QS,0001S00000053,SPE4A626T28QS,09-11-2026,09-18-2026,2026-09-10 08:10:05,Origin,Origin,Tech,7016716733,https://dibbs2.bsm.dla.mil/Downloads/RFQ/S/SPE4A626T28QS.PDF,https://www.dibbs.bsm.dla.mil/RFQ/RFQRec.aspx?sn=SPE4A626T28QS,https://www.dibbs.bsm.dla.mil/rfq/rfqrec.aspx?sn=SPE4A626T28QS,CABLE ASSEMBLY,5,20260930T163626Z,0001S00000053,CONTRACTOR FIRST ARTIC,G,______,1.0,,,2026-09-11,2026-09-18,CABLE ASSEMBLY,DIBBS|SPE4A626T28QS|0001S00000053,First article test line - not a product line
SPE4A626T28QH,0001S00000053,SPE4A626T28QH,09-11-2026,09-18-2026,2026-09-10 08:10:05,Origin,Origin,Tech,7018248681,https://dibbs2.bsm.dla.mil/Downloads/RFQ/H/SPE4A626T28QH.PDF,https://www.dibbs.bsm.dla.mil/RFQ/RFQRec.aspx?sn=SPE4A626T28QH,https://www.dibbs.bsm.dla.mil/rfq/rfqrec.aspx?sn=SPE4A626T28QH,CABLE ASSEMBLY,5,20260930T163626Z,0001S00000053,CONTRACTOR FIRST ARTIC,G,______,1.0,,,2026-09-11,2026-09-18,CABLE ASSEMBLY,DIBBS|SPE4A626T28QH|0001S00000053,First article test line - not a product line
SPE4A626T28VS,0001S00000052,SPE4A626T28VS,09-11-2026,09-18-2026,2026-09-10 08:10:05,Origin,Origin,Tech,7018248440,https://dibbs2.bsm.dla.mil/Downloads/RFQ/S/SPE4A626T28VS.PDF,https://www.dibbs.bsm.dla.mil/RFQ/RFQRec.aspx?sn=SPE4A626T28VS,https://www.dibbs.bsm.dla.mil/rfq/rfqrec.aspx?sn=SPE4A626T28VS,CABLE ASSEMBLY,5,20260930T163626Z,0001S00000052,GOVERNMENT FIRST ARTIC,G,______,1.0,,,2026-09-11,2026-09-18,CABLE ASSEMBLY,DIBBS|SPE4A626T28VS|0001S00000052,First article test line - not a product line
SPE4A626T28NP,0001S00000061,SPE4A626T28NP,09-11-2026,09-18-2026,2026-09-10 12:42:54,Origin,Origin,Tech,7018247866,https://dibbs2.bsm.dla.mil/Downloads/RFQ/P/SPE4A626T28NP.PDF,https://www.dibbs.bsm.dla.mil/RFQ/RFQRec.aspx?sn=SPE4A626T28NP,https://www.dibbs.bsm.dla.mil/rfq/rfqrec.aspx?sn=SPE4A626T28NP,CABLE ASSEMBLY,6,20260930T163644Z,0001S00000061,PRODUCTION LOT TESTING,G,______,1.0,,,2026-09-11,2026-09-18,CABLE ASSEMBLY,DIBBS|SPE4A626T28NP|0001S00000061,First article test line - not a product line
SPE4A626T28NV,0001S00000061,SPE4A626T28NV,09-11-2026,09-18-2026,2026-09-10 12:42:54,Origin,Origin,Tech,7018247664,https://dibbs2.bsm.dla.mil/Downloads/RFQ/V/SPE4A626T28NV.PDF,https://www.dibbs.bsm.dla.mil/RFQ/RFQRec.aspx?sn=SPE4A626T28NV,https://www.dibbs.bsm.dla.mil/rfq/rfqrec.aspx?sn=SPE4A626T28NV,CABLE ASSEMBLY,6,20260930T163644Z,0001S00000061,PRODUCTION LOT TESTING,G,______,1.0,,,2026-09-11,2026-09-18,CABLE ASSEMBLY,DIBBS|SPE4A626T28NV|0001S00000061,First article test line - not a product line
SPE4A626T28HX,0001S00000053,SPE4A626T28HX,09-10-2026,09-17-2026,2026-09-09 12:34:35,Origin,Origin,Tech,7016848835,https://dibbs2.bsm.dla.mil/Downloads/RFQ/X/SPE4A626T28HX.PDF,https://www.dibbs.bsm.dla.mil/RFQ/RFQRec.aspx?sn=SPE4A626T28HX,https://www.dibbs.bsm.dla.mil/rfq/rfqrec.aspx?sn=SPE4A626T28HX,CABLE ASSEMBLY,6,20260930T163644Z,0001S00000053,CONTRACTOR FIRST ARTIC,G,______,1.0,,,2026-09-10,2026-09-17,CABLE ASSEMBLY,DIBBS|SPE4A626T28HX|0001S00000053,First article test line - not a product line
SPE4A626T27XC,0001S00000061,SPE4A626T27XC,09-10-2026,09-17-2026,2026-09-09 05:18:40,Origin,Origin,Tech,7018248043,https://dibbs2.bsm.dla.mil/Downloads/RFQ/C/SPE4A626T27XC.PDF,https://www.dibbs.bsm.dla.mil/RFQ/RFQRec.aspx?sn=SPE4A626T27XC,https://www.dibbs.bsm.dla.mil/rfq/rfqrec.aspx?sn=SPE4A626T27XC,CABLE ASSEMBLY,6,20260930T163644Z,0001S00000061,PRODUCTION LOT TESTING,G,______,1.0,,,2026-09-10,2026-09-17,CABLE ASSEMBLY,DIBBS|SPE4A626T27XC|0001S00000061,First article test line - not a product line
SPE4A626T27WX,0001S00000053,SPE4A626T27WX,09-10-2026,09-17-2026,2026-09-09 05:18:39,Origin,Origin,Tech,7018247290,https://dibbs2.bsm.dla.mil/Downloads/RFQ/X/SPE4A626T27WX.PDF,https://www.dibbs.bsm.dla.mil/RFQ/RFQRec.aspx?sn=SPE4A626T27WX,https://www.dibbs.bsm.dla.mil/rfq/rfqrec.aspx?sn=SPE4A626T27WX,CABLE ASSEMBLY,6,20260930T163644Z,0001S00000053,CONTRACTOR FIRST ARTIC,G,______,1.0,,,2026-09-10,2026-09-17,CABLE ASSEMBLY,DIBBS|SPE4A626T27WX|0001S00000053,First article test line - not a product line
SPE4A626T27YB,0001S00000053,SPE4A626T27YB,09-10-2026,09-17-2026,2026-09-09 05:18:39,Origin,Origin,Tech,7018247279,https://dibbs2.bsm.dla.mil/Downloads/RFQ/B/SPE4A626T27YB.PDF,https://www.dibbs.bsm.dla.mil/RFQ/RFQRec.aspx?sn=SPE4A626T27YB,https://www.dibbs.bsm.dla.mil/rfq/rfqrec.aspx?sn=SPE4A626T27YB,CABLE ASSEMBLY,6,20260930T163644Z,0001S00000053,CONTRACTOR FIRST ARTIC,G,______,1.0,,,2026-09-10,2026-09-17,CABLE ASSEMBLY,DIBBS|SPE4A626T27YB|0001S00000053,First article test line - not a product line
SPE4A626T27XG,0001S00000053,SPE4A626T27XG,09-10-2026,09-17-2026,2026-09-09 05:18:39,Origin,Origin,None,7018248044,https://dibbs2.bsm.dla.mil/Downloads/RFQ/G/SPE4A626T27XG.PDF,https://www.dibbs.bsm.dla.mil/RFQ/RFQRec.aspx?sn=SPE4A626T27XG,https://www.dibbs.bsm.dla.mil/rfq/rfqrec.aspx?sn=SPE4A626T27XG,CABLE ASSEMBLY,6,20260930T163644Z,0001S00000053,CONTRACTOR FIRST ARTIC,C,______,1.0,"68999 | AE15254-20 | TIMES MICROWAVE SYSTEMS, INC",,2026-09-10,2026-09-17,CABLE ASSEMBLY,DIBBS|SPE4A626T27XG|0001S00000053,First article test line - not a product line
SPE4A626T27PN,0001S00000061,SPE4A626T27PN,09-10-2026,09-17-2026,2026-09-09 04:27:55,Origin,Origin,Tech,7018247848,https://dibbs2.bsm.dla.mil/Downloads/RFQ/N/SPE4A626T27PN.PDF,https://www.dibbs.bsm.dla.mil/RFQ/RFQRec.aspx?sn=SPE4A626T27PN,https://www.dibbs.bsm.dla.mil/rfq/rfqrec.aspx?sn=SPE4A626T27PN,CABLE ASSEMBLY,6,20260930T163644Z,0001S00000061,PRODUCTION LOT TESTING,G,______,1.0,,,2026-09-10,2026-09-17,CABLE ASSEMBLY,DIBBS|SPE4A626T27PN|0001S00000061,First article test line - not a product line
SPE4A626T27AA,0001S00000052,SPE4A626T27AA,09-08-2026,09-15-2026,2026-09-07 04:26:58,Origin,Origin,Tech,7018067928,https://dibbs2.bsm.dla.mil/Downloads/RFQ/A/SPE4A626T27AA.PDF,https://www.dibbs.bsm.dla.mil/RFQ/RFQRec.aspx?sn=SPE4A626T27AA,https://www.dibbs.bsm.dla.mil/rfq/rfqrec.aspx?sn=SPE4A626T27AA,CABLE ASSEMBLY,6,20260930T163644Z,0001S00000052,GOVERNMENT FIRST ARTIC,G,______,1.0,,,2026-09-08,2026-09-15,CABLE ASSEMBLY,DIBBS|SPE4A626T27AA|0001S00000052,First article test line - not a product line
SPE4A626T26YV,0001S00000061,SPE4A626T26YV,09-08-2026,09-15-2026,2026-09-07 04:26:58,Origin,Origin,Tech,7018067859,https://dibbs2.bsm.dla.mil/Downloads/RFQ/V/SPE4A626T26YV.PDF,https://www.dibbs.bsm.dla.mil/RFQ/RFQRec.aspx?sn=SPE4A626T26YV,https://www.dibbs.bsm.dla.mil/rfq/rfqrec.aspx?sn=SPE4A626T26YV,CABLE ASSEMBLY,6,20260930T163644Z,0001S00000061,PRODUCTION LOT TESTING,G,______,1.0,,,2026-09-08,2026-09-15,CABLE ASSEMBLY,DIBBS|SPE4A626T26YV|0001S00000061,First article test line - not a product line
SPE4A626T26RT,0001S00000053,SPE4A626T26RT,09-04-2026,09-11-2026,2026-09-03 04:48:46,Origin,Origin,Tech,7018129760; 7018129761,https://dibbs2.bsm.dla.mil/Downloads/RFQ/T/SPE4A626T26RT.PDF,https://www.dibbs.bsm.dla.mil/RFQ/RFQRec.aspx?sn=SPE4A626T26RT,https://www.dibbs.bsm.dla.mil/rfq/rfqrec.aspx?sn=SPE4A626T26RT,CABLE ASSEMBLY,6,20260930T163644Z,0001S00000053,CONTRACTOR FIRST ARTIC,G,______,1.0,,,2026-09-04,2026-09-11,CABLE ASSEMBLY,DIBBS|SPE4A626T26RT|0001S00000053,First article test line - not a product line
SPE4A626T25XG,0001S00000053,SPE4A626T25XG,09-02-2026,09-09-2026,2026-09-01 06:27:34,Origin,Origin,Tech,7017939446,https://dibbs2.bsm.dla.mil/Downloads/RFQ/G/SPE4A626T25XG.PDF,https://www.dibbs.bsm.dla.mil/RFQ/RFQRec.aspx?sn=SPE4A626T25XG,https://www.dibbs.bsm.dla.mil/rfq/rfqrec.aspx?sn=SPE4A626T25XG,CABLE ASSEMBLY,7,20260930T163701Z,0001S00000053,CONTRACTOR FIRST ARTIC,G,______,1.0,,,2026-09-02,2026-09-09,CABLE ASSEMBLY,DIBBS|SPE4A626T25XG|0001S00000053,First article test line - not a product line
SPE4A626T25ME,0001S00000052,SPE4A626T25ME,09-02-2026,09-09-2026,2026-09-01 07:45:05,Origin,Origin,Tech,7017227509,https://dibbs2.bsm.dla.mil/Downloads/RFQ/E/SPE4A626T25ME.PDF,https://www.dibbs.bsm.dla.mil/RFQ/RFQRec.aspx?sn=SPE4A626T25ME,https://www.dibbs.bsm.dla.mil/rfq/rfqrec.aspx?sn=SPE4A626T25ME,CABLE ASSEMBLY,7,20260930T163701Z,0001S00000052,GOVERNMENT FIRST ARTIC,C,______,1.0,"18863 | ABC51841 | GLENAIR, INC.",,2026-09-02,2026-09-09,CABLE ASSEMBLY,DIBBS|SPE4A626T25ME|0001S00000052,First article test line - not a product line
SPE4A726T706Y,0001S00000052,SPE4A726T706Y,09-01-2026,09-08-2026,2026-08-31 01:52:40,Origin,Origin,Tech,7016473538,https://dibbs2.bsm.dla.mil/Downloads/RFQ/Y/SPE4A726T706Y.PDF,https://www.dibbs.bsm.dla.mil/RFQ/RFQRec.aspx?sn=SPE4A726T706Y,https://www.dibbs.bsm.dla.mil/rfq/rfqrec.aspx?sn=SPE4A726T706Y,CABLE ASSEMBLY,7,20260930T163701Z,0001S00000052,GOVERNMENT FIRST ARTIC,G,______,1.0,,,2026-09-01,2026-09-08,CABLE ASSEMBLY,DIBBS|SPE4A726T706Y|0001S00000052,First article test line - not a product line
SPE4A626T25AL,0001S00000052,SPE4A626T25AL,09-01-2026,09-08-2026,2026-08-31 10:48:16,Origin,Destination,Tech,7018067777,https://dibbs2.bsm.dla.mil/Downloads/RFQ/L/SPE4A626T25AL.PDF,https://www.dibbs.bsm.dla.mil/RFQ/RFQRec.aspx?sn=SPE4A626T25AL,https://www.dibbs.bsm.dla.mil/rfq/rfqrec.aspx?sn=SPE4A626T25AL,CABLE ASSEMBLY,7,20260930T163701Z,0001S00000052,GOVERNMENT FIRST ARTIC,G,______,1.0,,,2026-09-01,2026-09-08,CABLE ASSEMBLY,DIBBS|SPE4A626T25AL|0001S00000052,First article test line - not a product line
SPE4A626Q1360,0001S00000061,SPE4A626Q1360,08-27-2026,09-10-2026,2026-08-28 07:39:32,Origin,Origin,Tech,7017272364,https://dibbs2.bsm.dla.mil/Downloads/RFQ/0/SPE4A626Q1360.PDF,https://www.dibbs.bsm.dla.mil/RFQ/RFQRec.aspx?sn=SPE4A626Q1360,https://www.dibbs.bsm.dla.mil/rfq/rfqrec.aspx?sn=SPE4A626Q1360,CABLE ASSEMBLY,7,20260930T163701Z,0001S00000061,PRODUCTION LOT TESTING,G,000000,1.0,,,2026-08-27,2026-09-10,CABLE ASSEMBLY,DIBBS|SPE4A626Q1360|0001S00000061,First article test line - not a product line
SPE4A426T0192,0001S00000061,SPE4A426T0192,08-28-2026,09-04-2026,2026-08-27 06:41:15,Origin,Origin,Tech,7018068030,https://dibbs2.bsm.dla.mil/Downloads/RFQ/2/SPE4A426T0192.PDF,https://www.dibbs.bsm.dla.mil/RFQ/RFQRec.aspx?sn=SPE4A426T0192,https://www.dibbs.bsm.dla.mil/rfq/rfqrec.aspx?sn=SPE4A426T0192,CABLE ASSEMBLY,7,20260930T163701Z,0001S00000061,PRODUCTION LOT TESTING,G,______,1.0,,,2026-08-28,2026-09-04,CABLE ASSEMBLY,DIBBS|SPE4A426T0192|0001S00000061,First article test line - not a product line
SPE4A626T24JC,0001S00000053,SPE4A626T24JC,08-28-2026,09-04-2026,2026-08-27 02:37:58,Origin,Origin,Tech,7017838923,https://dibbs2.bsm.dla.mil/Downloads/RFQ/C/SPE4A626T24JC.PDF,https://www.dibbs.bsm.dla.mil/RFQ/RFQRec.aspx?sn=SPE4A626T24JC,https://www.dibbs.bsm.dla.mil/rfq/rfqrec.aspx?sn=SPE4A626T24JC,CABLE ASSEMBLY,7,20260930T163701Z,0001S00000053,CONTRACTOR FIRST ARTIC,G,______,1.0,,,2026-08-28,2026-09-04,CABLE ASSEMBLY,DIBBS|SPE4A626T24JC|0001S00000053,First article test line - not a product line
SPE4A626T24DK,0001S00000061,SPE4A626T24DK,08-28-2026,09-04-2026,2026-08-27 11:49:44,Origin,Origin,Tech,7016227738,https://dibbs2.bsm.dla.mil/Downloads/RFQ/K/SPE4A626T24DK.PDF,https://www.dibbs.bsm.dla.mil/RFQ/RFQRec.aspx?sn=SPE4A626T24DK,https://www.dibbs.bsm.dla.mil/rfq/rfqrec.aspx?sn=SPE4A626T24DK,CABLE ASSEMBLY,7,20260930T163701Z,0001S00000061,PRODUCTION LOT TESTING,G,______,1.0,,,2026-08-28,2026-09-04,CABLE ASSEMBLY,DIBBS|SPE4A626T24DK|0001S00000061,First article test line - not a product line
SPE4A626T24CD,0001S00000061,SPE4A626T24CD,08-28-2026,09-04-2026,2026-08-27 10:49:42,Origin,Origin,Tech,7017571729,https://dibbs2.bsm.dla.mil/Downloads/RFQ/D/SPE4A626T24CD.PDF,https://www.dibbs.bsm.dla.mil/RFQ/RFQRec.aspx?sn=SPE4A626T24CD,https://www.dibbs.bsm.dla.mil/rfq/rfqrec.aspx?sn=SPE4A626T24CD,CABLE ASSEMBLY,7,20260930T163701Z,0001S00000061,PRODUCTION LOT TESTING,B,______,1.0,"16275 | 14101379 | DUCOMMUN LABARGE TECHNOLOGIES, INC.",,2026-08-28,2026-09-04,CABLE ASSEMBLY,DIBBS|SPE4A626T24CD|0001S00000061,First article test line - not a product line
SPE4A626T23NX,0001S00000052,SPE4A626T23NX,08-27-2026,09-03-2026,2026-08-26 09:44:38,Origin,Origin,Tech,7018068986,https://dibbs2.bsm.dla.mil/Downloads/RFQ/X/SPE4A626T23NX.PDF,https://www.dibbs.bsm.dla.mil/RFQ/RFQRec.aspx?sn=SPE4A626T23NX,https://www.dibbs.bsm.dla.mil/rfq/rfqrec.aspx?sn=SPE4A626T23NX,CABLE ASSEMBLY,7,20260930T163701Z,0001S00000052,GOVERNMENT FIRST ARTIC,C,______,1.0,"68999 | AE14431-3 | TIMES MICROWAVE SYSTEMS, INC",,2026-08-27,2026-09-03,CABLE ASSEMBLY,DIBBS|SPE4A626T23NX|0001S00000052,First article test line - not a product line
SPE4A626T23DU,0001S00000053,SPE4A626T23DU,08-27-2026,09-03-2026,2026-08-26 05:17:20,Origin,Origin,Tech,7017940890,https://dibbs2.bsm.dla.mil/Downloads/RFQ/U/SPE4A626T23DU.PDF,https://www.dibbs.bsm.dla.mil/RFQ/RFQRec.aspx?sn=SPE4A626T23DU,https://www.dibbs.bsm.dla.mil/rfq/rfqrec.aspx?sn=SPE4A626T23DU,CABLE ASSEMBLY,7,20260930T163701Z,0001S00000053,CONTRACTOR FIRST ARTIC,G,______,1.0,,,2026-08-27,2026-09-03,CABLE ASSEMBLY,DIBBS|SPE4A626T23DU|0001S00000053,First article test line - not a product line
SPE4A626T22JX,0001S00000053,SPE4A626T22JX,08-26-2026,09-02-2026,2026-08-25 01:29:17,Origin,Origin,Tech,7017408491,https://dibbs2.bsm.dla.mil/Downloads/RFQ/X/SPE4A626T22JX.PDF,https://www.dibbs.bsm.dla.mil/RFQ/RFQRec.aspx?sn=SPE4A626T22JX,https://www.dibbs.bsm.dla.mil/rfq/rfqrec.aspx?sn=SPE4A626T22JX,CABLE ASSEMBLY,8,20260930T163718Z,0001S00000053,CONTRACTOR FIRST ARTIC,G,______,1.0,,,2026-08-26,2026-09-02,CABLE ASSEMBLY,DIBBS|SPE4A626T22JX|0001S00000053,First article test line - not a product line
SPE4A626T22HM,0001S00000053,SPE4A626T22HM,08-26-2026,09-02-2026,2026-08-25 12:34:46,Origin,Origin,Tech,7017837283,https://dibbs2.bsm.dla.mil/Downloads/RFQ/M/SPE4A626T22HM.PDF,https://www.dibbs.bsm.dla.mil/RFQ/RFQRec.aspx?sn=SPE4A626T22HM,https://www.dibbs.bsm.dla.mil/rfq/rfqrec.aspx?sn=SPE4A626T22HM,CABLE ASSEMBLY,8,20260930T163718Z,0001S00000053,CONTRACTOR FIRST ARTIC,G,______,1.0,,,2026-08-26,2026-09-02,CABLE ASSEMBLY,DIBBS|SPE4A626T22HM|0001S00000053,First article test line - not a product line
SPE4A626T21YM,0001S00000061,SPE4A626T21YM,08-25-2026,09-01-2026,2026-08-24 03:44:13,Origin,Origin,Tech,7014545125,https://dibbs2.bsm.dla.mil/Downloads/RFQ/M/SPE4A626T21YM.PDF,https://www.dibbs.bsm.dla.mil/RFQ/RFQRec.aspx?sn=SPE4A626T21YM,https://www.dibbs.bsm.dla.mil/rfq/rfqrec.aspx?sn=SPE4A626T21YM,CABLE ASSEMBLY,8,20260930T163718Z,0001S00000061,PRODUCTION LOT TESTING,G,______,1.0,,,2026-08-25,2026-09-01,CABLE ASSEMBLY,DIBBS|SPE4A626T21YM|0001S00000061,First article test line - not a product line
SPE4A626T21YK,0001S00000052,SPE4A626T21YK,08-25-2026,09-01-2026,2026-08-24 03:44:13,Origin,Origin,Tech,7017383791,https://dibbs2.bsm.dla.mil/Downloads/RFQ/K/SPE4A626T21YK.PDF,https://www.dibbs.bsm.dla.mil/RFQ/RFQRec.aspx?sn=SPE4A626T21YK,https://www.dibbs.bsm.dla.mil/rfq/rfqrec.aspx?sn=SPE4A626T21YK,CABLE ASSEMBLY,8,20260930T163718Z,0001S00000052,GOVERNMENT FIRST ARTIC,G,______,1.0,,,2026-08-25,2026-09-01,CABLE ASSEMBLY,DIBBS|SPE4A626T21YK|0001S00000052,First article test line - not a product line
SPE4A626T21YH,0001S00000053,SPE4A626T21YH,08-25-2026,09-01-2026,2026-08-24 03:44:13,Origin,Origin,Tech,7013397341,https://dibbs2.bsm.dla.mil/Downloads/RFQ/H/SPE4A626T21YH.PDF,https://www.dibbs.bsm.dla.mil/RFQ/RFQRec.aspx?sn=SPE4A626T21YH,https://www.dibbs.bsm.dla.mil/rfq/rfqrec.aspx?sn=SPE4A626T21YH,CABLE ASSEMBLY,8,20260930T163718Z,0001S00000053,CONTRACTOR FIRST ARTIC,C,______,1.0,0PXV4 | 74A760210-9FAA | THE BOEING COMPANY,,2026-08-25,2026-09-01,CABLE ASSEMBLY,DIBBS|SPE4A626T21YH|0001S00000053,First article test line - not a product line
SPE4A626T21YH,0001S00000062,SPE4A626T21YH,08-25-2026,09-01-2026,2026-08-24 03:44:13,Origin,Origin,Tech,7013397341,https://dibbs2.bsm.dla.mil/Downloads/RFQ/H/SPE4A626T21YH.PDF,https://www.dibbs.bsm.dla.mil/RFQ/RFQRec.aspx?sn=SPE4A626T21YH,https://www.dibbs.bsm.dla.mil/rfq/rfqrec.aspx?sn=SPE4A626T21YH,CABLE ASSEMBLY,8,20260930T163718Z,0001S00000062,PRODUCTION LOT TESTING,C,______,1.0,0PXV4 | 74A760210-9FAA | THE BOEING COMPANY,,2026-08-25,2026-09-01,CABLE ASSEMBLY,DIBBS|SPE4A626T21YH|0001S00000062,First article test line - not a product line
SPE4A626T21YD,0001S00000053,SPE4A626T21YD,08-25-2026,09-01-2026,2026-08-24 03:44:13,Origin,Origin,Tech,7014545656,https://dibbs2.bsm.dla.mil/Downloads/RFQ/D/SPE4A626T21YD.PDF,https://www.dibbs.bsm.dla.mil/RFQ/RFQRec.aspx?sn=SPE4A626T21YD,https://www.dibbs.bsm.dla.mil/rfq/rfqrec.aspx?sn=SPE4A626T21YD,CABLE ASSEMBLY,8,20260930T163718Z,0001S00000053,CONTRACTOR FIRST ARTIC,G,______,1.0,,,2026-08-25,2026-09-01,CABLE ASSEMBLY,DIBBS|SPE4A626T21YD|0001S00000053,First article test line - not a product line
SPE4A626T21XL,0001S00000053,SPE4A626T21XL,08-25-2026,09-01-2026,2026-08-24 01:14:36,Origin,Origin,Tech,7017741001,https://dibbs2.bsm.dla.mil/Downloads/RFQ/L/SPE4A626T21XL.PDF,https://www.dibbs.bsm.dla.mil/RFQ/RFQRec.aspx?sn=SPE4A626T21XL,https://www.dibbs.bsm.dla.mil/rfq/rfqrec.aspx?sn=SPE4A626T21XL,CABLE ASSEMBLY,8,20260930T163718Z,0001S00000053,CONTRACTOR FIRST ARTIC,G,______,1.0,,,2026-08-25,2026-09-01,CABLE ASSEMBLY,DIBBS|SPE4A626T21XL|0001S00000053,First article test line - not a product line
SPE4A626T21WK,0001S00000053,SPE4A626T21WK,08-25-2026,09-01-2026,2026-08-24 11:53:04,Origin,Origin,Tech,7015955179,https://dibbs2.bsm.dla.mil/Downloads/RFQ/K/SPE4A626T21WK.PDF,https://www.dibbs.bsm.dla.mil/RFQ/RFQRec.aspx?sn=SPE4A626T21WK,https://www.dibbs.bsm.dla.mil/rfq/rfqrec.aspx?sn=SPE4A626T21WK,CABLE ASSEMBLY,8,20260930T163718Z,0001S00000053,CONTRACTOR FIRST ARTIC,G,______,1.0,,,2026-08-25,2026-09-01,CABLE ASSEMBLY,DIBBS|SPE4A626T21WK|0001S00000053,First article test line - not a product line
SPE4A626T21UT,0001S00000053,SPE4A626T21UT,08-25-2026,09-01-2026,2026-08-24 08:44:15,Origin,Origin,Tech,7016471861,https://dibbs2.bsm.dla.mil/Downloads/RFQ/T/SPE4A626T21UT.PDF,https://www.dibbs.bsm.dla.mil/RFQ/RFQRec.aspx?sn=SPE4A626T21UT,https://www.dibbs.bsm.dla.mil/rfq/rfqrec.aspx?sn=SPE4A626T21UT,CABLE ASSEMBLY,8,20260930T163718Z,0001S00000053,CONTRACTOR FIRST ARTIC,G,______,1.0,,,2026-08-25,2026-09-01,CABLE ASSEMBLY,DIBBS|SPE4A626T21UT|0001S00000053,First article test line - not a product line
SPE4A626T21UT,0001S00000062,SPE4A626T21UT,08-25-2026,09-01-2026,2026-08-24 08:44:15,Origin,Origin,Tech,7016471861,https://dibbs2.bsm.dla.mil/Downloads/RFQ/T/SPE4A626T21UT.PDF,https://www.dibbs.bsm.dla.mil/RFQ/RFQRec.aspx?sn=SPE4A626T21UT,https://www.dibbs.bsm.dla.mil/rfq/rfqrec.aspx?sn=SPE4A626T21UT,CABLE ASSEMBLY,8,20260930T163718Z,0001S00000062,PRODUCTION LOT TESTING,G,______,1.0,,,2026-08-25,2026-09-01,CABLE ASSEMBLY,DIBBS|SPE4A626T21UT|0001S00000062,First article test line - not a product line
SPE4A626T21SH,0001S00000053,SPE4A626T21SH,08-24-2026,08-31-2026,2026-08-23 04:25:17,Origin,Origin,Tech,7017480873,https://dibbs2.bsm.dla.mil/Downloads/RFQ/H/SPE4A626T21SH.PDF,https://www.dibbs.bsm.dla.mil/RFQ/RFQRec.aspx?sn=SPE4A626T21SH,https://www.dibbs.bsm.dla.mil/rfq/rfqrec.aspx?sn=SPE4A626T21SH,CABLE ASSEMBLY,8,20260930T163718Z,0001S00000053,CONTRACTOR FIRST ARTIC,G,______,1.0,,,2026-08-24,2026-08-31,CABLE ASSEMBLY,DIBBS|SPE4A626T21SH|0001S00000053,First article test line - not a product line
SPE4A026T4439,0001S00000052,SPE4A026T4439,08-24-2026,08-31-2026,2026-08-23 04:25:17,Origin,Origin,Tech,7017947626,https://dibbs2.bsm.dla.mil/Downloads/RFQ/9/SPE4A026T4439.PDF,https://www.dibbs.bsm.dla.mil/RFQ/RFQRec.aspx?sn=SPE4A026T4439,https://www.dibbs.bsm.dla.mil/rfq/rfqrec.aspx?sn=SPE4A026T4439,CABLE ASSEMBLY,8,20260930T163718Z,0001S00000052,GOVERNMENT FIRST ARTIC,G,______,1.0,,,2026-08-24,2026-08-31,CABLE ASSEMBLY,DIBBS|SPE4A026T4439|0001S00000052,First article test line - not a product line
SPE4A626T19LF,0001S00000052,SPE4A626T19LF,08-19-2026,08-26-2026,2026-08-21 02:41:27,Origin,Origin,Tech,7017939506,https://dibbs2.bsm.dla.mil/Downloads/RFQ/F/SPE4A626T19LF.PDF,https://www.dibbs.bsm.dla.mil/RFQ/RFQRec.aspx?sn=SPE4A626T19LF,https://www.dibbs.bsm.dla.mil/rfq/rfqrec.aspx?sn=SPE4A626T19LF,CABLE ASSEMBLY,8,20260930T163718Z,0001S00000052,GOVERNMENT FIRST ARTIC,G,______,1.0,,,2026-08-19,2026-08-26,CABLE ASSEMBLY,DIBBS|SPE4A626T19LF|0001S00000052,First article test line - not a product line
SPE4A726T8352,0001S00000052,SPE4A726T8352,01-26-2026,02-02-2026,2026-08-21 02:41:27,Origin,Origin,Tech,7015211013,https://dibbs2.bsm.dla.mil/Downloads/RFQ/2/SPE4A726T8352.PDF,https://www.dibbs.bsm.dla.mil/RFQ/RFQRec.aspx?sn=SPE4A726T8352,https://www.dibbs.bsm.dla.mil/rfq/rfqrec.aspx?sn=SPE4A726T8352,CABLE ASSEMBLY,8,20260930T163718Z,0001S00000052,GOVERNMENT FIRST ARTIC,G,______,1.0,,,2026-01-26,2026-02-02,CABLE ASSEMBLY,DIBBS|SPE4A726T8352|0001S00000052,First article test line - not a product line
SPE4A626T05XS,0001S00000061,SPE4A626T05XS,07-15-2026,07-22-2026,2026-08-21 02:41:27,Origin,Origin,Tech,7017487509,https://dibbs2.bsm.dla.mil/Downloads/RFQ/S/SPE4A626T05XS.PDF,https://www.dibbs.bsm.dla.mil/RFQ/RFQRec.aspx?sn=SPE4A626T05XS,https://www.dibbs.bsm.dla.mil/rfq/rfqrec.aspx?sn=SPE4A626T05XS,CABLE ASSEMBLY,8,20260930T163718Z,0001S00000061,PRODUCTION LOT TESTING,G,______,1.0,,,2026-07-15,2026-07-22,CABLE ASSEMBLY,DIBBS|SPE4A626T05XS|0001S00000061,First article test line - not a product line
SPE4A726T652J,0001S00000052,SPE4A726T652J,08-14-2026,08-21-2026,2026-08-21 02:41:27,Origin,Origin,Tech,7017572181,https://dibbs2.bsm.dla.mil/Downloads/RFQ/J/SPE4A726T652J.PDF,https://www.dibbs.bsm.dla.mil/RFQ/RFQRec.aspx?sn=SPE4A726T652J,https://www.dibbs.bsm.dla.mil/rfq/rfqrec.aspx?sn=SPE4A726T652J,CABLE ASSEMBLY,8,20260930T163718Z,0001S00000052,GOVERNMENT FIRST ARTIC,B,______,1.0,"0A489 | 8936175-10 | LOCKHEED MARTIN AEROPARTS, INC.",,2026-08-14,2026-08-21,CABLE ASSEMBLY,DIBBS|SPE4A726T652J|0001S00000052,First article test line - not a product line
SPE4A726T652J,0001S00000061,SPE4A726T652J,08-14-2026,08-21-2026,2026-08-21 02:41:27,Origin,Origin,Tech,7017572181,https://dibbs2.bsm.dla.mil/Downloads/RFQ/J/SPE4A726T652J.PDF,https://www.dibbs.bsm.dla.mil/RFQ/RFQRec.aspx?sn=SPE4A726T652J,https://www.dibbs.bsm.dla.mil/rfq/rfqrec.aspx?sn=SPE4A726T652J,CABLE ASSEMBLY,8,20260930T163718Z,0001S00000061,PRODUCTION LOT TESTING,B,______,1.0,"0A489 | 8936175-10 | LOCKHEED MARTIN AEROPARTS, INC.",,2026-08-14,2026-08-21,CABLE ASSEMBLY,DIBBS|SPE4A726T652J|0001S00000061,First article test line - not a product line
SPE4A626T03PY,0001S00000061,SPE4A626T03PY,07-07-2026,07-14-2026,2026-08-21 02:41:27,Origin,Origin,Tech,7017382609,https://dibbs2.bsm.dla.mil/Downloads/RFQ/Y/SPE4A626T03PY.PDF,https://www.dibbs.bsm.dla.mil/RFQ/RFQRec.aspx?sn=SPE4A626T03PY,https://www.dibbs.bsm.dla.mil/rfq/rfqrec.aspx?sn=SPE4A626T03PY,CABLE ASSEMBLY,8,20260930T163718Z,0001S00000061,PRODUCTION LOT TESTING,G,______,1.0,,,2026-07-07,2026-07-14,CABLE ASSEMBLY,DIBBS|SPE4A626T03PY|0001S00000061,First article test line - not a product line
SPE4A626T02JC,0001S00000052,SPE4A626T02JC,07-02-2026,07-09-2026,2026-08-21 02:41:27,Origin,Origin,None,7016335097,https://dibbs2.bsm.dla.mil/Downloads/RFQ/C/SPE4A626T02JC.PDF,https://www.dibbs.bsm.dla.mil/RFQ/RFQRec.aspx?sn=SPE4A626T02JC,https://www.dibbs.bsm.dla.mil/rfq/rfqrec.aspx?sn=SPE4A626T02JC,CABLE ASSEMBLY,9,20260930T163736Z,0001S00000052,GOVERNMENT FIRST ARTIC,G,______,1.0,,,2026-07-02,2026-07-09,CABLE ASSEMBLY,DIBBS|SPE4A626T02JC|0001S00000052,First article test line - not a product line
SPE4A626T02AD,0001S00000053,SPE4A626T02AD,06-30-2026,07-07-2026,2026-08-21 02:41:27,Origin,Origin,Tech,7016336438,https://dibbs2.bsm.dla.mil/Downloads/RFQ/D/SPE4A626T02AD.PDF,https://www.dibbs.bsm.dla.mil/RFQ/RFQRec.aspx?sn=SPE4A626T02AD,https://www.dibbs.bsm.dla.mil/rfq/rfqrec.aspx?sn=SPE4A626T02AD,CABLE ASSEMBLY,9,20260930T163736Z,0001S00000053,CONTRACTOR FIRST ARTIC,G,______,1.0,,,2026-06-30,2026-07-07,CABLE ASSEMBLY,DIBBS|SPE4A626T02AD|0001S00000053,First article test line - not a product line
SPE4A626T010R,0001S00000053,SPE4A626T010R,11-14-2025,11-21-2025,2026-08-21 02:41:27,Origin,Origin,Tech,7014493037,https://dibbs2.bsm.dla.mil/Downloads/RFQ/R/SPE4A626T010R.PDF,https://www.dibbs.bsm.dla.mil/RFQ/RFQRec.aspx?sn=SPE4A626T010R,https://www.dibbs.bsm.dla.mil/rfq/rfqrec.aspx?sn=SPE4A626T010R,CABLE ASSEMBLY,9,20260930T163736Z,0001S00000053,CONTRACTOR FIRST ARTIC,R,______,1.0,26916 | 195A666-1 | NORTHROP GRUMMAN SYSTEMS CORPORATIO,,2025-11-14,2025-11-21,CABLE ASSEMBLY,DIBBS|SPE4A626T010R|0001S00000053,First article test line - not a product line
SPE4A726T395J,0001S00000061,SPE4A726T395J,05-21-2026,05-28-2026,2026-08-21 02:41:27,Origin,Origin,Tech,7016049154,https://dibbs2.bsm.dla.mil/Downloads/RFQ/J/SPE4A726T395J.PDF,https://www.dibbs.bsm.dla.mil/RFQ/RFQRec.aspx?sn=SPE4A726T395J,https://www.dibbs.bsm.dla.mil/rfq/rfqrec.aspx?sn=SPE4A726T395J,CABLE ASSEMBLY,9,20260930T163736Z,0001S00000061,PRODUCTION LOT TESTING,G,______,1.0,,,2026-05-21,2026-05-28,CABLE ASSEMBLY,DIBBS|SPE4A726T395J|0001S00000061,First article test line - not a product line
SPE4A625T47FJ,0001S00000052,SPE4A625T47FJ,09-26-2025,10-03-2025,2026-08-21 02:41:27,Origin,Origin,Tech,7013720271,https://dibbs2.bsm.dla.mil/Downloads/RFQ/J/SPE4A625T47FJ.PDF,https://www.dibbs.bsm.dla.mil/RFQ/RFQRec.aspx?sn=SPE4A625T47FJ,https://www.dibbs.bsm.dla.mil/rfq/rfqrec.aspx?sn=SPE4A625T47FJ,CABLE ASSEMBLY,9,20260930T163736Z,0001S00000052,GOVERNMENT FIRST ARTIC,G,______,1.0,,,2025-09-26,2025-10-03,CABLE ASSEMBLY,DIBBS|SPE4A625T47FJ|0001S00000052,First article test line - not a product line
SPE4A726T206Y,0001S00000053,SPE4A726T206Y,04-07-2026,04-14-2026,2026-08-21 02:41:27,Origin,Destination,Tech,7015955800,https://dibbs2.bsm.dla.mil/Downloads/RFQ/Y/SPE4A726T206Y.PDF,https://www.dibbs.bsm.dla.mil/RFQ/RFQRec.aspx?sn=SPE4A726T206Y,https://www.dibbs.bsm.dla.mil/rfq/rfqrec.aspx?sn=SPE4A726T206Y,CABLE ASSEMBLY,9,20260930T163736Z,0001S00000053,CONTRACTOR FIRST ARTIC,R,______,1.0,"0HN83 | 2629492G001 | CUSTOM CABLE ASSEMBLIES, INC.",,2026-04-07,2026-04-14,CABLE ASSEMBLY,DIBBS|SPE4A726T206Y|0001S00000053,First article test line - not a product line
SPE4A726T111N,0001S00000061,SPE4A726T111N,03-18-2026,03-25-2026,2026-08-21 02:41:27,Origin,Origin,Tech,7015954748,https://dibbs2.bsm.dla.mil/Downloads/RFQ/N/SPE4A726T111N.PDF,https://www.dibbs.bsm.dla.mil/RFQ/RFQRec.aspx?sn=SPE4A726T111N,https://www.dibbs.bsm.dla.mil/rfq/rfqrec.aspx?sn=SPE4A726T111N,CABLE ASSEMBLY,9,20260930T163736Z,0001S00000061,PRODUCTION LOT TESTING,G,______,1.0,,,2026-03-18,2026-03-25,CABLE ASSEMBLY,DIBBS|SPE4A726T111N|0001S00000061,First article test line - not a product line
SPE4A726T062E,0001S00000061,SPE4A726T062E,03-11-2026,03-18-2026,2026-08-21 02:41:27,Origin,Origin,Tech,7015852075,https://dibbs2.bsm.dla.mil/Downloads/RFQ/E/SPE4A726T062E.PDF,https://www.dibbs.bsm.dla.mil/RFQ/RFQRec.aspx?sn=SPE4A726T062E,https://www.dibbs.bsm.dla.mil/rfq/rfqrec.aspx?sn=SPE4A726T062E,CABLE ASSEMBLY,9,20260930T163736Z,0001S00000061,PRODUCTION LOT TESTING,G,______,1.0,,,2026-03-11,2026-03-18,CABLE ASSEMBLY,DIBBS|SPE4A726T062E|0001S00000061,First article test line - not a product line
SPE4A626T92N3,0001S00000053,SPE4A626T92N3,06-16-2026,06-23-2026,2026-08-21 02:41:27,Origin,Origin,Tech,7014871384,https://dibbs2.bsm.dla.mil/Downloads/RFQ/3/SPE4A626T92N3.PDF,https://www.dibbs.bsm.dla.mil/RFQ/RFQRec.aspx?sn=SPE4A626T92N3,https://www.dibbs.bsm.dla.mil/rfq/rfqrec.aspx?sn=SPE4A626T92N3,CABLE ASSEMBLY,9,20260930T163736Z,0001S00000053,CONTRACTOR FIRST ARTIC,G,______,1.0,,,2026-06-16,2026-06-23,CABLE ASSEMBLY,DIBBS|SPE4A626T92N3|0001S00000053,First article test line - not a product line
SPE4A626T908X,0001S00000052,SPE4A626T908X,03-11-2026,03-18-2026,2026-08-21 02:41:27,Origin,Origin,None,7015852376,https://dibbs2.bsm.dla.mil/Downloads/RFQ/X/SPE4A626T908X.PDF,https://www.dibbs.bsm.dla.mil/RFQ/RFQRec.aspx?sn=SPE4A626T908X,https://www.dibbs.bsm.dla.mil/rfq/rfqrec.aspx?sn=SPE4A626T908X,CABLE ASSEMBLY,9,20260930T163736Z,0001S00000052,GOVERNMENT FIRST ARTIC,R,______,1.0,97942 | 546R327G01 | NORTHROP GRUMMAN SYSTEMS CORPORATIO,,2026-03-11,2026-03-18,CABLE ASSEMBLY,DIBBS|SPE4A626T908X|0001S00000052,First article test line - not a product line
SPE4A626T87G9,0001S00000061,SPE4A626T87G9,06-11-2026,06-18-2026,2026-08-21 02:41:27,Origin,Origin,Tech,7016646237,https://dibbs2.bsm.dla.mil/Downloads/RFQ/9/SPE4A626T87G9.PDF,https://www.dibbs.bsm.dla.mil/RFQ/RFQRec.aspx?sn=SPE4A626T87G9,https://www.dibbs.bsm.dla.mil/rfq/rfqrec.aspx?sn=SPE4A626T87G9,CABLE ASSEMBLY,9,20260930T163736Z,0001S00000061,PRODUCTION LOT TESTING,B,______,1.0,05716 | 11472159-5 | RAYTHEON COMPANY,,2026-06-11,2026-06-18,CABLE ASSEMBLY,DIBBS|SPE4A626T87G9|0001S00000061,First article test line - not a product line
SPE4A626T85V1,0001S00000061,SPE4A626T85V1,06-10-2026,06-17-2026,2026-08-21 02:41:27,Origin,Origin,Tech,7014630134,https://dibbs2.bsm.dla.mil/Downloads/RFQ/1/SPE4A626T85V1.PDF,https://www.dibbs.bsm.dla.mil/RFQ/RFQRec.aspx?sn=SPE4A626T85V1,https://www.dibbs.bsm.dla.mil/rfq/rfqrec.aspx?sn=SPE4A626T85V1,CABLE ASSEMBLY,9,20260930T163736Z,0001S00000061,PRODUCTION LOT TESTING,G,______,1.0,,,2026-06-10,2026-06-17,CABLE ASSEMBLY,DIBBS|SPE4A626T85V1|0001S00000061,First article test line - not a product line
SPE4A626T83Q9,0001S00000053,SPE4A626T83Q9,06-09-2026,06-16-2026,2026-08-21 02:41:27,Origin,Origin,Tech,7017034563,https://dibbs2.bsm.dla.mil/Downloads/RFQ/9/SPE4A626T83Q9.PDF,https://www.dibbs.bsm.dla.mil/RFQ/RFQRec.aspx?sn=SPE4A626T83Q9,https://www.dibbs.bsm.dla.mil/rfq/rfqrec.aspx?sn=SPE4A626T83Q9,CABLE ASSEMBLY,9,20260930T163736Z,0001S00000053,CONTRACTOR FIRST ARTIC,G,______,1.0,,,2026-06-09,2026-06-16,CABLE ASSEMBLY,DIBBS|SPE4A626T83Q9|0001S00000053,First article test line - not a product line
SPE4A626T81V7,0001S00000061,SPE4A626T81V7,06-08-2026,06-15-2026,2026-08-21 02:41:27,Origin,Origin,Tech,7017011436,https://dibbs2.bsm.dla.mil/Downloads/RFQ/7/SPE4A626T81V7.PDF,https://www.dibbs.bsm.dla.mil/RFQ/RFQRec.aspx?sn=SPE4A626T81V7,https://www.dibbs.bsm.dla.mil/rfq/rfqrec.aspx?sn=SPE4A626T81V7,CABLE ASSEMBLY,9,20260930T163736Z,0001S00000061,PRODUCTION LOT TESTING,G,______,1.0,,,2026-06-08,2026-06-15,CABLE ASSEMBLY,DIBBS|SPE4A626T81V7|0001S00000061,First article test line - not a product line
SPE4A626T79B6,0001S00000061,SPE4A626T79B6,06-04-2026,06-11-2026,2026-08-21 02:41:27,Origin,Origin,Tech,7017012266,https://dibbs2.bsm.dla.mil/Downloads/RFQ/6/SPE4A626T79B6.PDF,https://www.dibbs.bsm.dla.mil/RFQ/RFQRec.aspx?sn=SPE4A626T79B6,https://www.dibbs.bsm.dla.mil/rfq/rfqrec.aspx?sn=SPE4A626T79B6,CABLE ASSEMBLY,9,20260930T163736Z,0001S00000061,PRODUCTION LOT TESTING,C,______,1.0,"68999 | AE8285 | TIMES MICROWAVE SYSTEMS, INC",,2026-06-04,2026-06-11,CABLE ASSEMBLY,DIBBS|SPE4A626T79B6|0001S00000061,First article test line - not a product line
SPE4A626T793J,0001S00000053,SPE4A626T793J,02-24-2026,03-03-2026,2026-08-21 02:41:27,Origin,Origin,Tech,7015603680,https://dibbs2.bsm.dla.mil/Downloads/RFQ/J/SPE4A626T793J.PDF,https://www.dibbs.bsm.dla.mil/RFQ/RFQRec.aspx?sn=SPE4A626T793J,https://www.dibbs.bsm.dla.mil/rfq/rfqrec.aspx?sn=SPE4A626T793J,CABLE ASSEMBLY,9,20260930T163736Z,0001S00000053,CONTRACTOR FIRST ARTIC,G,______,1.0,,,2026-02-24,2026-03-03,CABLE ASSEMBLY,DIBBS|SPE4A626T793J|0001S00000053,First article test line - not a product line
SPE4A626T69T3,0001S00000053,SPE4A626T69T3,05-22-2026,05-29-2026,2026-08-21 02:41:27,Origin,Origin,Tech,7016049529,https://dibbs2.bsm.dla.mil/Downloads/RFQ/3/SPE4A626T69T3.PDF,https://www.dibbs.bsm.dla.mil/RFQ/RFQRec.aspx?sn=SPE4A626T69T3,https://www.dibbs.bsm.dla.mil/rfq/rfqrec.aspx?sn=SPE4A626T69T3,CABLE ASSEMBLY,10,20260930T163753Z,0001S00000053,CONTRACTOR FIRST ARTIC,G,______,1.0,,,2026-05-22,2026-05-29,CABLE ASSEMBLY,DIBBS|SPE4A626T69T3|0001S00000053,First article test line - not a product line
SPE4A626T571B,0001S00000052,SPE4A626T571B,01-26-2026,02-02-2026,2026-08-21 02:41:27,Origin,Origin,Tech,7014232649,https://dibbs2.bsm.dla.mil/Downloads/RFQ/B/SPE4A626T571B.PDF,https://www.dibbs.bsm.dla.mil/RFQ/RFQRec.aspx?sn=SPE4A626T571B,https://www.dibbs.bsm.dla.mil/rfq/rfqrec.aspx?sn=SPE4A626T571B,CABLE ASSEMBLY,10,20260930T163753Z,0001S00000052,GOVERNMENT FIRST ARTIC,G,______,1.0,,,2026-01-26,2026-02-02,CABLE ASSEMBLY,DIBBS|SPE4A626T571B|0001S00000052,First article test line - not a product line
SPE4A626T54U9,0001S00000052,SPE4A626T54U9,05-14-2026,05-21-2026,2026-08-21 02:41:27,Origin,Origin,Tech,7013722224,https://dibbs2.bsm.dla.mil/Downloads/RFQ/9/SPE4A626T54U9.PDF,https://www.dibbs.bsm.dla.mil/RFQ/RFQRec.aspx?sn=SPE4A626T54U9,https://www.dibbs.bsm.dla.mil/rfq/rfqrec.aspx?sn=SPE4A626T54U9,CABLE ASSEMBLY,10,20260930T163753Z,0001S00000052,GOVERNMENT FIRST ARTIC,C,______,1.0,"27456 | 74A756227-9FAA | DCX-CHOL ENTERPRISES, INC",,2026-05-14,2026-05-21,CABLE ASSEMBLY,DIBBS|SPE4A626T54U9|0001S00000052,First article test line - not a product line
SPE4A626T54U9,0001S00000062,SPE4A626T54U9,05-14-2026,05-21-2026,2026-08-21 02:41:27,Origin,Origin,Tech,7013722224,https://dibbs2.bsm.dla.mil/Downloads/RFQ/9/SPE4A626T54U9.PDF,https://www.dibbs.bsm.dla.mil/RFQ/RFQRec.aspx?sn=SPE4A626T54U9,https://www.dibbs.bsm.dla.mil/rfq/rfqrec.aspx?sn=SPE4A626T54U9,CABLE ASSEMBLY,10,20260930T163753Z,0001S00000062,PRODUCTION LOT TESTING,C,______,1.0,"27456 | 74A756227-9FAA | DCX-CHOL ENTERPRISES, INC",,2026-05-14,2026-05-21,CABLE ASSEMBLY,DIBBS|SPE4A626T54U9|0001S00000062,First article test line - not a product line
SPE4A626T51Q6,0001S00000053,SPE4A626T51Q6,05-13-2026,05-20-2026,2026-08-21 02:41:27,Origin,Origin,Tech,7016753289,https://dibbs2.bsm.dla.mil/Downloads/RFQ/6/SPE4A626T51Q6.PDF,https://www.dibbs.bsm.dla.mil/RFQ/RFQRec.aspx?sn=SPE4A626T51Q6,https://www.dibbs.bsm.dla.mil/rfq/rfqrec.aspx?sn=SPE4A626T51Q6,CABLE ASSEMBLY,10,20260930T163753Z,0001S00000053,CONTRACTOR FIRST ARTIC,G,______,1.0,,,2026-05-13,2026-05-20,CABLE ASSEMBLY,DIBBS|SPE4A626T51Q6|0001S00000053,First article test line - not a product line
SPE4A626T437J,0001S00000053,SPE4A626T437J,01-08-2026,01-15-2026,2026-08-21 02:41:27,Origin,Origin,Tech,7015039377,https://dibbs2.bsm.dla.mil/Downloads/RFQ/J/SPE4A626T437J.PDF,https://www.dibbs.bsm.dla.mil/RFQ/RFQRec.aspx?sn=SPE4A626T437J,https://www.dibbs.bsm.dla.mil/rfq/rfqrec.aspx?sn=SPE4A626T437J,CABLE ASSEMBLY,10,20260930T163753Z,0001S00000053,CONTRACTOR FIRST ARTIC,B,______,1.0,"14304 | 12106-1019-A020 | L3HARRIS TECHNOLOGIES, INC.",,2026-01-08,2026-01-15,CABLE ASSEMBLY,DIBBS|SPE4A626T437J|0001S00000053,First article test line - not a product line
SPE4A626T38F2,0001S00000061,SPE4A626T38F2,04-29-2026,05-06-2026,2026-08-21 02:41:27,Origin,Origin,Tech,7016437734,https://dibbs2.bsm.dla.mil/Downloads/RFQ/2/SPE4A626T38F2.PDF,https://www.dibbs.bsm.dla.mil/RFQ/RFQRec.aspx?sn=SPE4A626T38F2,https://www.dibbs.bsm.dla.mil/rfq/rfqrec.aspx?sn=SPE4A626T38F2,CABLE ASSEMBLY,10,20260930T163753Z,0001S00000061,PRODUCTION LOT TESTING,G,______,1.0,,,2026-04-29,2026-05-06,CABLE ASSEMBLY,DIBBS|SPE4A626T38F2|0001S00000061,First article test line - not a product line
SPE4A626T19NJ,0001S00000052,SPE4A626T19NJ,08-19-2026,08-26-2026,2026-08-21 02:41:27,Origin,Origin,None,7017939617,https://dibbs2.bsm.dla.mil/Downloads/RFQ/J/SPE4A626T19NJ.PDF,https://www.dibbs.bsm.dla.mil/RFQ/RFQRec.aspx?sn=SPE4A626T19NJ,https://www.dibbs.bsm.dla.mil/rfq/rfqrec.aspx?sn=SPE4A626T19NJ,CABLE ASSEMBLY,10,20260930T163753Z,0001S00000052,GOVERNMENT FIRST ARTIC,C,______,1.0,"21856 | 639AS10935 | CENTROID, INC.",,2026-08-19,2026-08-26,CABLE ASSEMBLY,DIBBS|SPE4A626T19NJ|0001S00000052,First article test line - not a product line
SPE4A626T20VN,0001S00000061,SPE4A626T20VN,08-20-2026,08-27-2026,2026-08-21 02:41:27,Origin,Origin,Tech,7016847230,https://dibbs2.bsm.dla.mil/Downloads/RFQ/N/SPE4A626T20VN.PDF,https://www.dibbs.bsm.dla.mil/RFQ/RFQRec.aspx?sn=SPE4A626T20VN,https://www.dibbs.bsm.dla.mil/rfq/rfqrec.aspx?sn=SPE4A626T20VN,CABLE ASSEMBLY,10,20260930T163753Z,0001S00000061,PRODUCTION LOT TESTING,C,______,1.0,"61434 | 13214803 | R & D ELECTRONICS, INC",,2026-08-20,2026-08-27,CABLE ASSEMBLY,DIBBS|SPE4A626T20VN|0001S00000061,First article test line - not a product line
SPE4A626T14TD,0001S00000052,SPE4A626T14TD,08-11-2026,08-18-2026,2026-08-21 02:41:27,Origin,Origin,Tech,7013631170,https://dibbs2.bsm.dla.mil/Downloads/RFQ/D/SPE4A626T14TD.PDF,https://www.dibbs.bsm.dla.mil/RFQ/RFQRec.aspx?sn=SPE4A626T14TD,https://www.dibbs.bsm.dla.mil/rfq/rfqrec.aspx?sn=SPE4A626T14TD,CABLE ASSEMBLY,10,20260930T163753Z,0001S00000052,GOVERNMENT FIRST ARTIC,G,______,1.0,,,2026-08-11,2026-08-18,CABLE ASSEMBLY,DIBBS|SPE4A626T14TD|0001S00000052,First article test line - not a product line
SPE4A626T18ZT,0001S00000052,SPE4A626T18ZT,08-18-2026,08-25-2026,2026-08-21 02:41:27,Origin,Origin,Tech,7017868889,https://dibbs2.bsm.dla.mil/Downloads/RFQ/T/SPE4A626T18ZT.PDF,https://www.dibbs.bsm.dla.mil/RFQ/RFQRec.aspx?sn=SPE4A626T18ZT,https://www.dibbs.bsm.dla.mil/rfq/rfqrec.aspx?sn=SPE4A626T18ZT,CABLE ASSEMBLY,10,20260930T163753Z,0001S00000052,GOVERNMENT FIRST ARTIC,G,______,1.0,,,2026-08-18,2026-08-25,CABLE ASSEMBLY,DIBBS|SPE4A626T18ZT|0001S00000052,First article test line - not a product line
SPE4A626T11LQ,0001S00000061,SPE4A626T11LQ,08-04-2026,08-11-2026,2026-08-21 02:41:27,Origin,Origin,Tech,7015926073,https://dibbs2.bsm.dla.mil/Downloads/RFQ/Q/SPE4A626T11LQ.PDF,https://www.dibbs.bsm.dla.mil/RFQ/RFQRec.aspx?sn=SPE4A626T11LQ,https://www.dibbs.bsm.dla.mil/rfq/rfqrec.aspx?sn=SPE4A626T11LQ,CABLE ASSEMBLY,10,20260930T163753Z,0001S00000061,PRODUCTION LOT TESTING,G,______,1.0,,,2026-08-04,2026-08-11,CABLE ASSEMBLY,DIBBS|SPE4A626T11LQ|0001S00000061,First article test line - not a product line
SPE4A626T11AB,0001S00000061,SPE4A626T11AB,07-31-2026,08-07-2026,2026-08-21 02:41:27,Origin,Origin,Tech,7015926072,https://dibbs2.bsm.dla.mil/Downloads/RFQ/B/SPE4A626T11AB.PDF,https://www.dibbs.bsm.dla.mil/RFQ/RFQRec.aspx?sn=SPE4A626T11AB,https://www.dibbs.bsm.dla.mil/rfq/rfqrec.aspx?sn=SPE4A626T11AB,CABLE ASSEMBLY,10,20260930T163753Z,0001S00000061,PRODUCTION LOT TESTING,G,______,1.0,,,2026-07-31,2026-08-07,CABLE ASSEMBLY,DIBBS|SPE4A626T11AB|0001S00000061,First article test line - not a product line
SPE4A026T4348,0001S00000053,SPE4A026T4348,08-19-2026,08-26-2026,2026-08-21 02:41:27,Origin,Origin,Tech,7017426040,https://dibbs2.bsm.dla.mil/Downloads/RFQ/8/SPE4A026T4348.PDF,https://www.dibbs.bsm.dla.mil/RFQ/RFQRec.aspx?sn=SPE4A026T4348,https://www.dibbs.bsm.dla.mil/rfq/rfqrec.aspx?sn=SPE4A026T4348,CABLE ASSEMBLY,10,20260930T163753Z,0001S00000053,CONTRACTOR FIRST ARTIC,G,______,1.0,,,2026-08-19,2026-08-26,CABLE ASSEMBLY,DIBBS|SPE4A026T4348|0001S00000053,First article test line - not a product line
SPE4A626T03UC,0001S00000061,SPE4A626T03UC,07-08-2026,07-15-2026,2026-08-21 02:41:27,Origin,Origin,Tech,7017410172,https://dibbs2.bsm.dla.mil/Downloads/RFQ/C/SPE4A626T03UC.PDF,https://www.dibbs.bsm.dla.mil/RFQ/RFQRec.aspx?sn=SPE4A626T03UC,https://www.dibbs.bsm.dla.mil/rfq/rfqrec.aspx?sn=SPE4A626T03UC,CABLE ASSEMBLY,10,20260930T163753Z,0001S00000061,PRODUCTION LOT TESTING,G,______,1.0,,,2026-07-08,2026-07-15,CABLE ASSEMBLY,DIBBS|SPE4A626T03UC|0001S00000061,First article test line - not a product line
SPE4A626T03PH,0001S00000053,SPE4A626T03PH,07-07-2026,07-14-2026,2026-08-21 02:41:27,Origin,Origin,Tech,7017274283,https://dibbs2.bsm.dla.mil/Downloads/RFQ/H/SPE4A626T03PH.PDF,https://www.dibbs.bsm.dla.mil/RFQ/RFQRec.aspx?sn=SPE4A626T03PH,https://www.dibbs.bsm.dla.mil/rfq/rfqrec.aspx?sn=SPE4A626T03PH,CABLE ASSEMBLY,10,20260930T163753Z,0001S00000053,CONTRACTOR FIRST ARTIC,G,______,1.0,,,2026-07-07,2026-07-14,CABLE ASSEMBLY,DIBBS|SPE4A626T03PH|0001S00000053,First article test line - not a product line
SPE4A625T47AB,0001S00000053,SPE4A625T47AB,09-25-2025,10-02-2025,2026-08-21 02:41:27,Origin,Origin,Tech,7013721615,https://dibbs2.bsm.dla.mil/Downloads/RFQ/B/SPE4A625T47AB.PDF,https://www.dibbs.bsm.dla.mil/RFQ/RFQRec.aspx?sn=SPE4A625T47AB,https://www.dibbs.bsm.dla.mil/rfq/rfqrec.aspx?sn=SPE4A625T47AB,CABLE ASSEMBLY,11,20260930T163810Z,0001S00000053,CONTRACTOR FIRST ARTIC,G,______,1.0,,,2025-09-25,2025-10-02,CABLE ASSEMBLY,DIBBS|SPE4A625T47AB|0001S00000053,First article test line - not a product line
SPE4A726T159B,0001S00000052,SPE4A726T159B,03-26-2026,04-02-2026,2026-08-21 02:41:27,Origin,Origin,Tech,7016081211,https://dibbs2.bsm.dla.mil/Downloads/RFQ/B/SPE4A726T159B.PDF,https://www.dibbs.bsm.dla.mil/RFQ/RFQRec.aspx?sn=SPE4A726T159B,https://www.dibbs.bsm.dla.mil/rfq/rfqrec.aspx?sn=SPE4A726T159B,CABLE ASSEMBLY,11,20260930T163810Z,0001S00000052,GOVERNMENT FIRST ARTIC,G,______,1.0,,,2026-03-26,2026-04-02,CABLE ASSEMBLY,DIBBS|SPE4A726T159B|0001S00000052,First article test line - not a product line
SPE4A726T056R,0001S00000053,SPE4A726T056R,03-11-2026,03-18-2026,2026-08-21 02:41:27,Origin,Origin,Tech,7015601210,https://dibbs2.bsm.dla.mil/Downloads/RFQ/R/SPE4A726T056R.PDF,https://www.dibbs.bsm.dla.mil/RFQ/RFQRec.aspx?sn=SPE4A726T056R,https://www.dibbs.bsm.dla.mil/rfq/rfqrec.aspx?sn=SPE4A726T056R,CABLE ASSEMBLY,11,20260930T163810Z,0001S00000053,CONTRACTOR FIRST ARTIC,G,______,1.0,,,2026-03-11,2026-03-18,CABLE ASSEMBLY,DIBBS|SPE4A726T056R|0001S00000053,First article test line - not a product line
SPE4A726T042L,0001S00000053,SPE4A726T042L,03-05-2026,03-12-2026,2026-08-21 02:41:27,Origin,Origin,Tech,7015601256,https://dibbs2.bsm.dla.mil/Downloads/RFQ/L/SPE4A726T042L.PDF,https://www.dibbs.bsm.dla.mil/RFQ/RFQRec.aspx?sn=SPE4A726T042L,https://www.dibbs.bsm.dla.mil/rfq/rfqrec.aspx?sn=SPE4A726T042L,CABLE ASSEMBLY,11,20260930T163810Z,0001S00000053,CONTRACTOR FIRST ARTIC,G,______,1.0,,,2026-03-05,2026-03-12,CABLE ASSEMBLY,DIBBS|SPE4A726T042L|0001S00000053,First article test line - not a product line
SPE4A726T029X,0001S00000053,SPE4A726T029X,02-27-2026,03-06-2026,2026-08-21 02:41:27,Origin,Origin,Tech,7015689418,https://dibbs2.bsm.dla.mil/Downloads/RFQ/X/SPE4A726T029X.PDF,https://www.dibbs.bsm.dla.mil/RFQ/RFQRec.aspx?sn=SPE4A726T029X,https://www.dibbs.bsm.dla.mil/rfq/rfqrec.aspx?sn=SPE4A726T029X,CABLE ASSEMBLY,11,20260930T163810Z,0001S00000053,CONTRACTOR FIRST ARTIC,G,______,1.0,,,2026-02-27,2026-03-06,CABLE ASSEMBLY,DIBBS|SPE4A726T029X|0001S00000053,First article test line - not a product line
SPE4A726T029X,0001S00000061,SPE4A726T029X,02-27-2026,03-06-2026,2026-08-21 02:41:27,Origin,Origin,Tech,7015689418,https://dibbs2.bsm.dla.mil/Downloads/RFQ/X/SPE4A726T029X.PDF,https://www.dibbs.bsm.dla.mil/RFQ/RFQRec.aspx?sn=SPE4A726T029X,https://www.dibbs.bsm.dla.mil/rfq/rfqrec.aspx?sn=SPE4A726T029X,CABLE ASSEMBLY,11,20260930T163810Z,0001S00000061,PRODUCTION LOT TESTING,G,______,1.0,,,2026-02-27,2026-03-06,CABLE ASSEMBLY,DIBBS|SPE4A726T029X|0001S00000061,First article test line - not a product line
SPE4A726T021U,0001S00000052,SPE4A726T021U,02-26-2026,03-05-2026,2026-08-21 02:41:27,Origin,Origin,None,7015689108,https://dibbs2.bsm.dla.mil/Downloads/RFQ/U/SPE4A726T021U.PDF,https://www.dibbs.bsm.dla.mil/RFQ/RFQRec.aspx?sn=SPE4A726T021U,https://www.dibbs.bsm.dla.mil/rfq/rfqrec.aspx?sn=SPE4A726T021U,CABLE ASSEMBLY,11,20260930T163810Z,0001S00000052,GOVERNMENT FIRST ARTIC,C,______,1.0,"68999 | AE12749 | TIMES MICROWAVE SYSTEMS, INC",,2026-02-26,2026-03-05,CABLE ASSEMBLY,DIBBS|SPE4A726T021U|0001S00000052,First article test line - not a product line
SPE4A626T96G7,0001S00000062,SPE4A626T96G7,06-18-2026,06-25-2026,2026-08-21 02:41:27,Origin,Origin,Tech,7017148686,https://dibbs2.bsm.dla.mil/Downloads/RFQ/7/SPE4A626T96G7.PDF,https://www.dibbs.bsm.dla.mil/RFQ/RFQRec.aspx?sn=SPE4A626T96G7,https://www.dibbs.bsm.dla.mil/rfq/rfqrec.aspx?sn=SPE4A626T96G7,CABLE ASSEMBLY,11,20260930T163810Z,0001S00000062,PRODUCTION LOT TESTING,C,______,1.0,0DR48 | 3451AS100 | ALEKTRONICS INC,,2026-06-18,2026-06-25,CABLE ASSEMBLY,DIBBS|SPE4A626T96G7|0001S00000062,First article test line - not a product line
SPE4A626T81T3,0001S00000061,SPE4A626T81T3,06-05-2026,06-12-2026,2026-08-21 02:41:27,Origin,Origin,Tech,7017061840,https://dibbs2.bsm.dla.mil/Downloads/RFQ/3/SPE4A626T81T3.PDF,https://www.dibbs.bsm.dla.mil/RFQ/RFQRec.aspx?sn=SPE4A626T81T3,https://www.dibbs.bsm.dla.mil/rfq/rfqrec.aspx?sn=SPE4A626T81T3,CABLE ASSEMBLY,11,20260930T163810Z,0001S00000061,PRODUCTION LOT TESTING,G,______,1.0,,,2026-06-05,2026-06-12,CABLE ASSEMBLY,DIBBS|SPE4A626T81T3|0001S00000061,First article test line - not a product line
SPE4A626T76M7,0001S00000053,SPE4A626T76M7,06-03-2026,06-10-2026,2026-08-21 02:41:27,Origin,Origin,Tech,7017010194,https://dibbs2.bsm.dla.mil/Downloads/RFQ/7/SPE4A626T76M7.PDF,https://www.dibbs.bsm.dla.mil/RFQ/RFQRec.aspx?sn=SPE4A626T76M7,https://www.dibbs.bsm.dla.mil/rfq/rfqrec.aspx?sn=SPE4A626T76M7,CABLE ASSEMBLY,11,20260930T163810Z,0001S00000053,CONTRACTOR FIRST ARTIC,G,______,1.0,,,2026-06-03,2026-06-10,CABLE ASSEMBLY,DIBBS|SPE4A626T76M7|0001S00000053,First article test line - not a product line
SPE4A626T732K,0001S00000053,SPE4A626T732K,02-20-2026,02-27-2026,2026-08-21 02:41:27,Origin,Origin,Tech,7015596084,https://dibbs2.bsm.dla.mil/Downloads/RFQ/K/SPE4A626T732K.PDF,https://www.dibbs.bsm.dla.mil/RFQ/RFQRec.aspx?sn=SPE4A626T732K,https://www.dibbs.bsm.dla.mil/rfq/rfqrec.aspx?sn=SPE4A626T732K,CABLE ASSEMBLY,11,20260930T163810Z,0001S00000053,CONTRACTOR FIRST ARTIC,G,______,1.0,,,2026-02-20,2026-02-27,CABLE ASSEMBLY,DIBBS|SPE4A626T732K|0001S00000053,First article test line - not a product line
SPE4A626T660Z,0001S00000061,SPE4A626T660Z,02-11-2026,02-18-2026,2026-08-21 02:41:27,Origin,Origin,None,7015476112,https://dibbs2.bsm.dla.mil/Downloads/RFQ/Z/SPE4A626T660Z.PDF,https://www.dibbs.bsm.dla.mil/RFQ/RFQRec.aspx?sn=SPE4A626T660Z,https://www.dibbs.bsm.dla.mil/rfq/rfqrec.aspx?sn=SPE4A626T660Z,CABLE ASSEMBLY,11,20260930T163810Z,0001S00000061,PRODUCTION LOT TESTING,C,______,1.0,"68999 | AE8286 | TIMES MICROWAVE SYSTEMS, INC",,2026-02-11,2026-02-18,CABLE ASSEMBLY,DIBBS|SPE4A626T660Z|0001S00000061,First article test line - not a product line
SPE4A026T4020,0001S00000053,SPE4A026T4020,07-24-2026,07-31-2026,2026-08-21 02:41:27,Origin,Origin,Tech,7017559893,https://dibbs2.bsm.dla.mil/Downloads/RFQ/0/SPE4A026T4020.PDF,https://www.dibbs.bsm.dla.mil/RFQ/RFQRec.aspx?sn=SPE4A026T4020,https://www.dibbs.bsm.dla.mil/rfq/rfqrec.aspx?sn=SPE4A026T4020,CABLE ASSEMBLY,11,20260930T163810Z,0001S00000053,CONTRACTOR FIRST ARTIC,G,______,1.0,,,2026-07-24,2026-07-31,CABLE ASSEMBLY,DIBBS|SPE4A026T4020|0001S00000053,First article test line - not a product line
SPE4A626T53H3,0001S00000061,SPE4A626T53H3,05-13-2026,05-20-2026,2026-08-21 02:41:27,Origin,Origin,Tech,7016752709,https://dibbs2.bsm.dla.mil/Downloads/RFQ/3/SPE4A626T53H3.PDF,https://www.dibbs.bsm.dla.mil/RFQ/RFQRec.aspx?sn=SPE4A626T53H3,https://www.dibbs.bsm.dla.mil/rfq/rfqrec.aspx?sn=SPE4A626T53H3,CABLE ASSEMBLY,11,20260930T163810Z,0001S00000061,PRODUCTION LOT TESTING,G,______,1.0,,,2026-05-13,2026-05-20,CABLE ASSEMBLY,DIBBS|SPE4A626T53H3|0001S00000061,First article test line - not a product line
SPE4A626T30N6,0001S00000061,SPE4A626T30N6,04-23-2026,04-30-2026,2026-08-21 02:41:27,Origin,Origin,Tech,7015955506,https://dibbs2.bsm.dla.mil/Downloads/RFQ/6/SPE4A626T30N6.PDF,https://www.dibbs.bsm.dla.mil/RFQ/RFQRec.aspx?sn=SPE4A626T30N6,https://www.dibbs.bsm.dla.mil/rfq/rfqrec.aspx?sn=SPE4A626T30N6,CABLE ASSEMBLY,11,20260930T163810Z,0001S00000061,PRODUCTION LOT TESTING,G,______,1.0,,,2026-04-23,2026-04-30,CABLE ASSEMBLY,DIBBS|SPE4A626T30N6|0001S00000061,First article test line - not a product line
SPE4A626T17HE,0001S00000061,SPE4A626T17HE,08-17-2026,08-24-2026,2026-08-21 02:41:27,Origin,Origin,Tech,7017868622,https://dibbs2.bsm.dla.mil/Downloads/RFQ/E/SPE4A626T17HE.PDF,https://www.dibbs.bsm.dla.mil/RFQ/RFQRec.aspx?sn=SPE4A626T17HE,https://www.dibbs.bsm.dla.mil/rfq/rfqrec.aspx?sn=SPE4A626T17HE,CABLE ASSEMBLY,12,20260930T163827Z,0001S00000061,PRODUCTION LOT TESTING,G,______,1.0,,,2026-08-17,2026-08-24,CABLE ASSEMBLY,DIBBS|SPE4A626T17HE|0001S00000061,First article test line - not a product line
SPE4A626T16DW,0001S00000053,SPE4A626T16DW,08-13-2026,08-20-2026,2026-08-21 02:41:27,Origin,Origin,Tech,7017870265,https://dibbs2.bsm.dla.mil/Downloads/RFQ/W/SPE4A626T16DW.PDF,https://www.dibbs.bsm.dla.mil/RFQ/RFQRec.aspx?sn=SPE4A626T16DW,https://www.dibbs.bsm.dla.mil/rfq/rfqrec.aspx?sn=SPE4A626T16DW,CABLE ASSEMBLY,12,20260930T163827Z,0001S00000053,CONTRACTOR FIRST ARTIC,G,______,1.0,,,2026-08-13,2026-08-20,CABLE ASSEMBLY,DIBBS|SPE4A626T16DW|0001S00000053,First article test line - not a product line
SPE4A626T16DS,0001S00000053,SPE4A626T16DS,08-13-2026,08-20-2026,2026-08-21 02:41:27,Origin,Origin,Tech,7017869232,https://dibbs2.bsm.dla.mil/Downloads/RFQ/S/SPE4A626T16DS.PDF,https://www.dibbs.bsm.dla.mil/RFQ/RFQRec.aspx?sn=SPE4A626T16DS,https://www.dibbs.bsm.dla.mil/rfq/rfqrec.aspx?sn=SPE4A626T16DS,CABLE ASSEMBLY,12,20260930T163827Z,0001S00000053,CONTRACTOR FIRST ARTIC,G,______,1.0,,,2026-08-13,2026-08-20,CABLE ASSEMBLY,DIBBS|SPE4A626T16DS|0001S00000053,First article test line - not a product line
SPE4A626T20RA,0001S00000053,SPE4A626T20RA,08-20-2026,08-27-2026,2026-08-21 02:41:27,Origin,Origin,Tech,7017940804,https://dibbs2.bsm.dla.mil/Downloads/RFQ/A/SPE4A626T20RA.PDF,https://www.dibbs.bsm.dla.mil/RFQ/RFQRec.aspx?sn=SPE4A626T20RA,https://www.dibbs.bsm.dla.mil/rfq/rfqrec.aspx?sn=SPE4A626T20RA,CABLE ASSEMBLY,12,20260930T163827Z,0001S00000053,CONTRACTOR FIRST ARTIC,G,______,1.0,,,2026-08-20,2026-08-27,CABLE ASSEMBLY,DIBBS|SPE4A626T20RA|0001S00000053,First article test line - not a product line
SPE4A626T13MB,0001S00000061,SPE4A626T13MB,08-06-2026,08-13-2026,2026-08-21 02:41:27,Origin,Origin,Tech,7017109009,https://dibbs2.bsm.dla.mil/Downloads/RFQ/B/SPE4A626T13MB.PDF,https://www.dibbs.bsm.dla.mil/RFQ/RFQRec.aspx?sn=SPE4A626T13MB,https://www.dibbs.bsm.dla.mil/rfq/rfqrec.aspx?sn=SPE4A626T13MB,CABLE ASSEMBLY,12,20260930T163827Z,0001S00000061,PRODUCTION LOT TESTING,G,______,1.0,,,2026-08-06,2026-08-13,CABLE ASSEMBLY,DIBBS|SPE4A626T13MB|0001S00000061,First article test line - not a product line
SPE4A626T12SK,0001S00000053,SPE4A626T12SK,08-06-2026,08-13-2026,2026-08-21 02:41:27,Origin,Origin,Tech,7017739740,https://dibbs2.bsm.dla.mil/Downloads/RFQ/K/SPE4A626T12SK.PDF,https://www.dibbs.bsm.dla.mil/RFQ/RFQRec.aspx?sn=SPE4A626T12SK,https://www.dibbs.bsm.dla.mil/rfq/rfqrec.aspx?sn=SPE4A626T12SK,CABLE ASSEMBLY,12,20260930T163827Z,0001S00000053,CONTRACTOR FIRST ARTIC,G,______,1.0,,,2026-08-06,2026-08-13,CABLE ASSEMBLY,DIBBS|SPE4A626T12SK|0001S00000053,First article test line - not a product line
SPE4A626T19TL,0001S00000061,SPE4A626T19TL,08-19-2026,08-26-2026,2026-08-21 02:41:27,Origin,Origin,Tech,7017939373,https://dibbs2.bsm.dla.mil/Downloads/RFQ/L/SPE4A626T19TL.PDF,https://www.dibbs.bsm.dla.mil/RFQ/RFQRec.aspx?sn=SPE4A626T19TL,https://www.dibbs.bsm.dla.mil/rfq/rfqrec.aspx?sn=SPE4A626T19TL,CABLE ASSEMBLY,12,20260930T163827Z,0001S00000061,PRODUCTION LOT TESTING,G,______,1.0,,,2026-08-19,2026-08-26,CABLE ASSEMBLY,DIBBS|SPE4A626T19TL|0001S00000061,First article test line - not a product line
SPE4A726T9206,0001S00000052,SPE4A726T9206,02-13-2026,02-20-2026,2026-08-21 02:41:27,Origin,Origin,Tech,7010532503,https://dibbs2.bsm.dla.mil/Downloads/RFQ/6/SPE4A726T9206.PDF,https://www.dibbs.bsm.dla.mil/RFQ/RFQRec.aspx?sn=SPE4A726T9206,https://www.dibbs.bsm.dla.mil/rfq/rfqrec.aspx?sn=SPE4A726T9206,CABLE ASSEMBLY,12,20260930T163827Z,0001S00000052,GOVERNMENT FIRST ARTIC,G,______,1.0,,,2026-02-13,2026-02-20,CABLE ASSEMBLY,DIBBS|SPE4A726T9206|0001S00000052,First article test line - not a product line
SPE4A626T06QF,0001S00000052,SPE4A626T06QF,07-15-2026,07-22-2026,2026-08-21 02:41:27,Origin,Origin,Tech,7017486638,https://dibbs2.bsm.dla.mil/Downloads/RFQ/F/SPE4A626T06QF.PDF,https://www.dibbs.bsm.dla.mil/RFQ/RFQRec.aspx?sn=SPE4A626T06QF,https://www.dibbs.bsm.dla.mil/rfq/rfqrec.aspx?sn=SPE4A626T06QF,CABLE ASSEMBLY,12,20260930T163827Z,0001S00000052,GOVERNMENT FIRST ARTIC,G,______,1.0,,,2026-07-15,2026-07-22,CABLE ASSEMBLY,DIBBS|SPE4A626T06QF|0001S00000052,First article test line - not a product line
SPE4A726T228D,0001S00000053,SPE4A726T228D,04-10-2026,04-17-2026,2026-08-21 02:41:27,Origin,Origin,Tech,7016226812,https://dibbs2.bsm.dla.mil/Downloads/RFQ/D/SPE4A726T228D.PDF,https://www.dibbs.bsm.dla.mil/RFQ/RFQRec.aspx?sn=SPE4A726T228D,https://www.dibbs.bsm.dla.mil/rfq/rfqrec.aspx?sn=SPE4A726T228D,CABLE ASSEMBLY,12,20260930T163827Z,0001S00000053,CONTRACTOR FIRST ARTIC,G,______,1.0,,,2026-04-10,2026-04-17,CABLE ASSEMBLY,DIBBS|SPE4A726T228D|0001S00000053,First article test line - not a product line
SPE7M124T051X,0001S00000062,SPE7M124T051X,06-25-2024,07-05-2024,2026-08-21 02:41:27,Origin,Origin,Tech,7008012795,https://dibbs2.bsm.dla.mil/Downloads/RFQ/X/SPE7M124T051X.PDF,https://www.dibbs.bsm.dla.mil/RFQ/RFQRec.aspx?sn=SPE7M124T051X,https://www.dibbs.bsm.dla.mil/rfq/rfqrec.aspx?sn=SPE7M124T051X,CABLE ASSEMBLY,12,20260930T163827Z,0001S00000062,PRODUCTION LOT TESTING,G,______,1.0,,,2024-06-25,2024-07-05,CABLE ASSEMBLY,DIBBS|SPE7M124T051X|0001S00000062,First article test line - not a product line
SPE4A726T165K,0001S00000053,SPE4A726T165K,03-27-2026,04-03-2026,2026-08-21 02:41:27,Origin,Origin,Tech,7016080342,https://dibbs2.bsm.dla.mil/Downloads/RFQ/K/SPE4A726T165K.PDF,https://www.dibbs.bsm.dla.mil/RFQ/RFQRec.aspx?sn=SPE4A726T165K,https://www.dibbs.bsm.dla.mil/rfq/rfqrec.aspx?sn=SPE4A726T165K,CABLE ASSEMBLY,12,20260930T163827Z,0001S00000053,CONTRACTOR FIRST ARTIC,G,______,1.0,,,2026-03-27,2026-04-03,CABLE ASSEMBLY,DIBBS|SPE4A726T165K|0001S00000053,First article test line - not a product line
SPE4A726T098J,0001S00000053,SPE4A726T098J,03-17-2026,03-24-2026,2026-08-21 02:41:27,Origin,Origin,Tech,7015913079,https://dibbs2.bsm.dla.mil/Downloads/RFQ/J/SPE4A726T098J.PDF,https://www.dibbs.bsm.dla.mil/RFQ/RFQRec.aspx?sn=SPE4A726T098J,https://www.dibbs.bsm.dla.mil/rfq/rfqrec.aspx?sn=SPE4A726T098J,CABLE ASSEMBLY,12,20260930T163827Z,0001S00000053,CONTRACTOR FIRST ARTIC,G,______,1.0,,,2026-03-17,2026-03-24,CABLE ASSEMBLY,DIBBS|SPE4A726T098J|0001S00000053,First article test line - not a product line
SPE4A726T021Z,0001S00000052,SPE4A726T021Z,02-26-2026,03-05-2026,2026-08-21 02:41:27,Origin,Origin,Tech,7015689393,https://dibbs2.bsm.dla.mil/Downloads/RFQ/Z/SPE4A726T021Z.PDF,https://www.dibbs.bsm.dla.mil/RFQ/RFQRec.aspx?sn=SPE4A726T021Z,https://www.dibbs.bsm.dla.mil/rfq/rfqrec.aspx?sn=SPE4A726T021Z,CABLE ASSEMBLY,12,20260930T163827Z,0001S00000052,GOVERNMENT FIRST ARTIC,G,______,1.0,,,2026-02-26,2026-03-05,CABLE ASSEMBLY,DIBBS|SPE4A726T021Z|0001S00000052,First article test line - not a product line
SPE4A526T7275,0001S00000053,SPE4A526T7275,01-23-2026,01-30-2026,2026-08-21 02:41:27,Origin,Origin,Tech,7015246533,https://dibbs2.bsm.dla.mil/Downloads/RFQ/5/SPE4A526T7275.PDF,https://www.dibbs.bsm.dla.mil/RFQ/RFQRec.aspx?sn=SPE4A526T7275,https://www.dibbs.bsm.dla.mil/rfq/rfqrec.aspx?sn=SPE4A526T7275,CABLE ASSEMBLY,12,20260930T163827Z,0001S00000053,CONTRACTOR FIRST ARTIC,C,______,1.0,64059 | 14101376 | LOCKHEED MARTIN CORPORATION,,2026-01-23,2026-01-30,CABLE ASSEMBLY,DIBBS|SPE4A526T7275|0001S00000053,First article test line - not a product line
SPE4A626T98G7,0001S00000053,SPE4A626T98G7,06-22-2026,06-29-2026,2026-08-21 02:41:27,Origin,Origin,None,7016644692,https://dibbs2.bsm.dla.mil/Downloads/RFQ/7/SPE4A626T98G7.PDF,https://www.dibbs.bsm.dla.mil/RFQ/RFQRec.aspx?sn=SPE4A626T98G7,https://www.dibbs.bsm.dla.mil/rfq/rfqrec.aspx?sn=SPE4A626T98G7,CABLE ASSEMBLY,13,20260930T163844Z,0001S00000053,CONTRACTOR FIRST ARTIC,G,______,1.0,,,2026-06-22,2026-06-29,CABLE ASSEMBLY,DIBBS|SPE4A626T98G7|0001S00000053,First article test line - not a product line
SPE4A626T98D5,0001S00000052,SPE4A626T98D5,06-18-2026,06-25-2026,2026-08-21 02:41:27,Origin,Origin,Tech,7017147128,https://dibbs2.bsm.dla.mil/Downloads/RFQ/5/SPE4A626T98D5.PDF,https://www.dibbs.bsm.dla.mil/RFQ/RFQRec.aspx?sn=SPE4A626T98D5,https://www.dibbs.bsm.dla.mil/rfq/rfqrec.aspx?sn=SPE4A626T98D5,CABLE ASSEMBLY,13,20260930T163844Z,0001S00000052,GOVERNMENT FIRST ARTIC,B,______,1.0,"09922 | 584R160G09 | SOURIAU USA, INC.",,2026-06-18,2026-06-25,CABLE ASSEMBLY,DIBBS|SPE4A626T98D5|0001S00000052,First article test line - not a product line
SPE4A626T97Z6,0001S00000061,SPE4A626T97Z6,06-18-2026,06-25-2026,2026-08-21 02:41:27,Origin,Origin,Tech,7017226601,https://dibbs2.bsm.dla.mil/Downloads/RFQ/6/SPE4A626T97Z6.PDF,https://www.dibbs.bsm.dla.mil/RFQ/RFQRec.aspx?sn=SPE4A626T97Z6,https://www.dibbs.bsm.dla.mil/rfq/rfqrec.aspx?sn=SPE4A626T97Z6,CABLE ASSEMBLY,13,20260930T163844Z,0001S00000061,PRODUCTION LOT TESTING,G,______,1.0,,,2026-06-18,2026-06-25,CABLE ASSEMBLY,DIBBS|SPE4A626T97Z6|0001S00000061,First article test line - not a product line
SPE4A526T263K,0001S00000053,SPE4A526T263K,06-25-2026,07-02-2026,2026-08-21 02:41:27,Origin,Origin,Tech,7017199950,https://dibbs2.bsm.dla.mil/Downloads/RFQ/K/SPE4A526T263K.PDF,https://www.dibbs.bsm.dla.mil/RFQ/RFQRec.aspx?sn=SPE4A526T263K,https://www.dibbs.bsm.dla.mil/rfq/rfqrec.aspx?sn=SPE4A526T263K,CABLE ASSEMBLY,13,20260930T163844Z,0001S00000053,CONTRACTOR FIRST ARTIC,C,______,1.0,81205 | 21-59065-96 | THE BOEING COMPANY,,2026-06-25,2026-07-02,CABLE ASSEMBLY,DIBBS|SPE4A526T263K|0001S00000053,First article test line - not a product line
SPE4A626T94S4,0001S00000053,SPE4A626T94S4,06-17-2026,06-24-2026,2026-08-21 02:41:27,Origin,Origin,Tech,7017200913,https://dibbs2.bsm.dla.mil/Downloads/RFQ/4/SPE4A626T94S4.PDF,https://www.dibbs.bsm.dla.mil/RFQ/RFQRec.aspx?sn=SPE4A626T94S4,https://www.dibbs.bsm.dla.mil/rfq/rfqrec.aspx?sn=SPE4A626T94S4,CABLE ASSEMBLY,13,20260930T163844Z,0001S00000053,CONTRACTOR FIRST ARTIC,G,______,1.0,,,2026-06-17,2026-06-24,CABLE ASSEMBLY,DIBBS|SPE4A626T94S4|0001S00000053,First article test line - not a product line
SPE4A626T84R0,0001S00000053,SPE4A626T84R0,06-10-2026,06-17-2026,2026-08-21 02:41:27,Origin,Origin,Tech,7017108830,https://dibbs2.bsm.dla.mil/Downloads/RFQ/0/SPE4A626T84R0.PDF,https://www.dibbs.bsm.dla.mil/RFQ/RFQRec.aspx?sn=SPE4A626T84R0,https://www.dibbs.bsm.dla.mil/rfq/rfqrec.aspx?sn=SPE4A626T84R0,CABLE ASSEMBLY,13,20260930T163844Z,0001S00000053,CONTRACTOR FIRST ARTIC,G,______,1.0,,,2026-06-10,2026-06-17,CABLE ASSEMBLY,DIBBS|SPE4A626T84R0|0001S00000053,First article test line - not a product line
SPE4A126T1925,0001S00000053,SPE4A126T1925,04-22-2026,04-29-2026,2026-08-21 02:41:27,Origin,Origin,Tech,0084603376,https://dibbs2.bsm.dla.mil/Downloads/RFQ/5/SPE4A126T1925.PDF,https://www.dibbs.bsm.dla.mil/RFQ/RFQRec.aspx?sn=SPE4A126T1925,https://www.dibbs.bsm.dla.mil/rfq/rfqrec.aspx?sn=SPE4A126T1925,CABLE ASSEMBLY,13,20260930T163844Z,0001S00000053,CONTRACTOR FIRST ARTIC,G,______,1.0,,,2026-04-22,2026-04-29,CABLE ASSEMBLY,DIBBS|SPE4A126T1925|0001S00000053,First article test line - not a product line
SPE4A626T746U,0001S00000053,SPE4A626T746U,02-20-2026,02-27-2026,2026-08-21 02:41:27,Origin,Origin,Tech,7015601619,https://dibbs2.bsm.dla.mil/Downloads/RFQ/U/SPE4A626T746U.PDF,https://www.dibbs.bsm.dla.mil/RFQ/RFQRec.aspx?sn=SPE4A626T746U,https://www.dibbs.bsm.dla.mil/rfq/rfqrec.aspx?sn=SPE4A626T746U,CABLE ASSEMBLY,13,20260930T163844Z,0001S00000053,CONTRACTOR FIRST ARTIC,G,______,1.0,,,2026-02-20,2026-02-27,CABLE ASSEMBLY,DIBBS|SPE4A626T746U|0001S00000053,First article test line - not a product line
SPE4A626T7453,0001S00000061,SPE4A626T7453,11-04-2025,11-12-2025,2026-08-21 02:41:27,Origin,Origin,Tech,7014364432,https://dibbs2.bsm.dla.mil/Downloads/RFQ/3/SPE4A626T7453.PDF,https://www.dibbs.bsm.dla.mil/RFQ/RFQRec.aspx?sn=SPE4A626T7453,https://www.dibbs.bsm.dla.mil/rfq/rfqrec.aspx?sn=SPE4A626T7453,CABLE ASSEMBLY,13,20260930T163844Z,0001S00000061,PRODUCTION LOT TESTING,G,______,1.0,,,2025-11-04,2025-11-12,CABLE ASSEMBLY,DIBBS|SPE4A626T7453|0001S00000061,First article test line - not a product line
SPE4A626T66H4,0001S00000052,SPE4A626T66H4,05-21-2026,05-28-2026,2026-08-21 02:41:27,Origin,Origin,Tech,7013235150,https://dibbs2.bsm.dla.mil/Downloads/RFQ/4/SPE4A626T66H4.PDF,https://www.dibbs.bsm.dla.mil/RFQ/RFQRec.aspx?sn=SPE4A626T66H4,https://www.dibbs.bsm.dla.mil/rfq/rfqrec.aspx?sn=SPE4A626T66H4,CABLE ASSEMBLY,13,20260930T163844Z,0001S00000052,GOVERNMENT FIRST ARTIC,B,______,1.0,"09922 | 584R160G11 | SOURIAU USA, INC.",,2026-05-21,2026-05-28,CABLE ASSEMBLY,DIBBS|SPE4A626T66H4|0001S00000052,First article test line - not a product line
SPE4A626T58R3,0001S00000061,SPE4A626T58R3,05-15-2026,05-22-2026,2026-08-21 02:41:27,Origin,Origin,Tech,7016752730,https://dibbs2.bsm.dla.mil/Downloads/RFQ/3/SPE4A626T58R3.PDF,https://www.dibbs.bsm.dla.mil/RFQ/RFQRec.aspx?sn=SPE4A626T58R3,https://www.dibbs.bsm.dla.mil/rfq/rfqrec.aspx?sn=SPE4A626T58R3,CABLE ASSEMBLY,13,20260930T163844Z,0001S00000061,PRODUCTION LOT TESTING,G,______,1.0,,,2026-05-15,2026-05-22,CABLE ASSEMBLY,DIBBS|SPE4A626T58R3|0001S00000061,First article test line - not a product line
SPE4A626T43J2,0001S00000053,SPE4A626T43J2,05-06-2026,05-13-2026,2026-08-21 02:41:27,Origin,Origin,None,7016645937,https://dibbs2.bsm.dla.mil/Downloads/RFQ/2/SPE4A626T43J2.PDF,https://www.dibbs.bsm.dla.mil/RFQ/RFQRec.aspx?sn=SPE4A626T43J2,https://www.dibbs.bsm.dla.mil/rfq/rfqrec.aspx?sn=SPE4A626T43J2,CABLE ASSEMBLY,13,20260930T163844Z,0001S00000053,CONTRACTOR FIRST ARTIC,Q,______,1.0,"61434 | 13211421 | R & D ELECTRONICS, INC",,2026-05-06,2026-05-13,CABLE ASSEMBLY,DIBBS|SPE4A626T43J2|0001S00000053,First article test line - not a product line
SPE4A626T42V0,0001S00000061,SPE4A626T42V0,05-06-2026,05-13-2026,2026-08-21 02:41:27,Origin,Origin,Tech,7016645344,https://dibbs2.bsm.dla.mil/Downloads/RFQ/0/SPE4A626T42V0.PDF,https://www.dibbs.bsm.dla.mil/RFQ/RFQRec.aspx?sn=SPE4A626T42V0,https://www.dibbs.bsm.dla.mil/rfq/rfqrec.aspx?sn=SPE4A626T42V0,CABLE ASSEMBLY,13,20260930T163844Z,0001S00000061,PRODUCTION LOT TESTING,G,______,1.0,,,2026-05-06,2026-05-13,CABLE ASSEMBLY,DIBBS|SPE4A626T42V0|0001S00000061,First article test line - not a product line
SPE4A626T40V4,0001S00000052,SPE4A626T40V4,05-04-2026,05-11-2026,2026-08-21 02:41:27,Origin,Origin,Tech,7013345300,https://dibbs2.bsm.dla.mil/Downloads/RFQ/4/SPE4A626T40V4.PDF,https://www.dibbs.bsm.dla.mil/RFQ/RFQRec.aspx?sn=SPE4A626T40V4,https://www.dibbs.bsm.dla.mil/rfq/rfqrec.aspx?sn=SPE4A626T40V4,CABLE ASSEMBLY,13,20260930T163844Z,0001S00000052,GOVERNMENT FIRST ARTIC,G,______,1.0,,,2026-05-04,2026-05-11,CABLE ASSEMBLY,DIBBS|SPE4A626T40V4|0001S00000052,First article test line - not a product line
SPE4A626T20EA,0001S00000061,SPE4A626T20EA,08-19-2026,08-26-2026,2026-08-21 02:41:27,Origin,Origin,Tech,7017838181,https://dibbs2.bsm.dla.mil/Downloads/RFQ/A/SPE4A626T20EA.PDF,https://www.dibbs.bsm.dla.mil/RFQ/RFQRec.aspx?sn=SPE4A626T20EA,https://www.dibbs.bsm.dla.mil/rfq/rfqrec.aspx?sn=SPE4A626T20EA,CABLE ASSEMBLY,13,20260930T163844Z,0001S00000061,PRODUCTION LOT TESTING,G,______,1.0,,,2026-08-19,2026-08-26,CABLE ASSEMBLY,DIBBS|SPE4A626T20EA|0001S00000061,First article test line - not a product line
SPE4A626T19BM,0001S00000053,SPE4A626T19BM,08-18-2026,08-25-2026,2026-08-21 02:41:27,Origin,Origin,Tech,7017696659,https://dibbs2.bsm.dla.mil/Downloads/RFQ/M/SPE4A626T19BM.PDF,https://www.dibbs.bsm.dla.mil/RFQ/RFQRec.aspx?sn=SPE4A626T19BM,https://www.dibbs.bsm.dla.mil/rfq/rfqrec.aspx?sn=SPE4A626T19BM,CABLE ASSEMBLY,13,20260930T163844Z,0001S00000053,CONTRACTOR FIRST ARTIC,G,______,1.0,,,2026-08-18,2026-08-25,CABLE ASSEMBLY,DIBBS|SPE4A626T19BM|0001S00000053,First article test line - not a product line
SPE4A626T18CH,0001S00000052,SPE4A626T18CH,08-17-2026,08-24-2026,2026-08-21 02:41:27,Origin,Origin,Tech,7017915638,https://dibbs2.bsm.dla.mil/Downloads/RFQ/H/SPE4A626T18CH.PDF,https://www.dibbs.bsm.dla.mil/RFQ/RFQRec.aspx?sn=SPE4A626T18CH,https://www.dibbs.bsm.dla.mil/rfq/rfqrec.aspx?sn=SPE4A626T18CH,CABLE ASSEMBLY,13,20260930T163844Z,0001S00000052,GOVERNMENT FIRST ARTIC,G,______,1.0,,,2026-08-17,2026-08-24,CABLE ASSEMBLY,DIBBS|SPE4A626T18CH|0001S00000052,First article test line - not a product line
SPE4A626T19VU,0001S00000053,SPE4A626T19VU,08-19-2026,08-26-2026,2026-08-21 02:41:27,Origin,Origin,Tech,7017940715,https://dibbs2.bsm.dla.mil/Downloads/RFQ/U/SPE4A626T19VU.PDF,https://www.dibbs.bsm.dla.mil/RFQ/RFQRec.aspx?sn=SPE4A626T19VU,https://www.dibbs.bsm.dla.mil/rfq/rfqrec.aspx?sn=SPE4A626T19VU,CABLE ASSEMBLY,14,20260930T163901Z,0001S00000053,CONTRACTOR FIRST ARTIC,G,______,1.0,,,2026-08-19,2026-08-26,CABLE ASSEMBLY,DIBBS|SPE4A626T19VU|0001S00000053,First article test line - not a product line
SPE4A626T1115,0001S00000061,SPE4A626T1115,10-08-2025,10-15-2025,2026-08-21 02:41:27,Origin,Origin,Tech,7014104343,https://dibbs2.bsm.dla.mil/Downloads/RFQ/5/SPE4A626T1115.PDF,https://www.dibbs.bsm.dla.mil/RFQ/RFQRec.aspx?sn=SPE4A626T1115,https://www.dibbs.bsm.dla.mil/rfq/rfqrec.aspx?sn=SPE4A626T1115,CABLE ASSEMBLY,14,20260930T163901Z,0001S00000061,PRODUCTION LOT TESTING,G,______,1.0,,,2025-10-08,2025-10-15,CABLE ASSEMBLY,DIBBS|SPE4A626T1115|0001S00000061,First article test line - not a product line
SPE4A626T10BX,0001S00000061,SPE4A626T10BX,07-29-2026,08-05-2026,2026-08-21 02:41:27,Origin,Origin,Tech,7014545850,https://dibbs2.bsm.dla.mil/Downloads/RFQ/X/SPE4A626T10BX.PDF,https://www.dibbs.bsm.dla.mil/RFQ/RFQRec.aspx?sn=SPE4A626T10BX,https://www.dibbs.bsm.dla.mil/rfq/rfqrec.aspx?sn=SPE4A626T10BX,CABLE ASSEMBLY,14,20260930T163901Z,0001S00000061,PRODUCTION LOT TESTING,G,______,1.0,,,2026-07-29,2026-08-05,CABLE ASSEMBLY,DIBBS|SPE4A626T10BX|0001S00000061,First article test line - not a product line
SPE4A626T04RM,0001S00000061,SPE4A626T04RM,07-09-2026,07-16-2026,2026-08-21 02:41:27,Origin,Origin,Tech,7017410066,https://dibbs2.bsm.dla.mil/Downloads/RFQ/M/SPE4A626T04RM.PDF,https://www.dibbs.bsm.dla.mil/RFQ/RFQRec.aspx?sn=SPE4A626T04RM,https://www.dibbs.bsm.dla.mil/rfq/rfqrec.aspx?sn=SPE4A626T04RM,CABLE ASSEMBLY,14,20260930T163901Z,0001S00000061,PRODUCTION LOT TESTING,G,______,1.0,,,2026-07-09,2026-07-16,CABLE ASSEMBLY,DIBBS|SPE4A626T04RM|0001S00000061,First article test line - not a product line
SPE4A626T04RG,0001S00000061,SPE4A626T04RG,07-09-2026,07-16-2026,2026-08-21 02:41:27,Origin,Origin,Tech,7017408990,https://dibbs2.bsm.dla.mil/Downloads/RFQ/G/SPE4A626T04RG.PDF,https://www.dibbs.bsm.dla.mil/RFQ/RFQRec.aspx?sn=SPE4A626T04RG,https://www.dibbs.bsm.dla.mil/rfq/rfqrec.aspx?sn=SPE4A626T04RG,CABLE ASSEMBLY,14,20260930T163901Z,0001S00000061,PRODUCTION LOT TESTING,G,______,1.0,,,2026-07-09,2026-07-16,CABLE ASSEMBLY,DIBBS|SPE4A626T04RG|0001S00000061,First article test line - not a product line
SPE4A526T195E,0001S00000053,SPE4A526T195E,06-01-2026,06-08-2026,2026-08-21 02:41:27,Origin,Origin,Tech,7016752737,https://dibbs2.bsm.dla.mil/Downloads/RFQ/E/SPE4A526T195E.PDF,https://www.dibbs.bsm.dla.mil/RFQ/RFQRec.aspx?sn=SPE4A526T195E,https://www.dibbs.bsm.dla.mil/rfq/rfqrec.aspx?sn=SPE4A526T195E,CABLE ASSEMBLY,14,20260930T163901Z,0001S00000053,CONTRACTOR FIRST ARTIC,C,______,1.0,81205 | 21-59065-96 | THE BOEING COMPANY,,2026-06-01,2026-06-08,CABLE ASSEMBLY,DIBBS|SPE4A526T195E|0001S00000053,First article test line - not a product line
SPE4A526T1804,0001S00000053,SPE4A526T1804,10-24-2025,10-31-2025,2026-08-21 02:41:27,Origin,Origin,Tech,7013257330,https://dibbs2.bsm.dla.mil/Downloads/RFQ/4/SPE4A526T1804.PDF,https://www.dibbs.bsm.dla.mil/RFQ/RFQRec.aspx?sn=SPE4A526T1804,https://www.dibbs.bsm.dla.mil/rfq/rfqrec.aspx?sn=SPE4A526T1804,CABLE ASSEMBLY,14,20260930T163901Z,0001S00000053,CONTRACTOR FIRST ARTIC,R,______,1.0,81205 | 10-22452-1 | THE BOEING COMPANY,,2025-10-24,2025-10-31,CABLE ASSEMBLY,DIBBS|SPE4A526T1804|0001S00000053,First article test line - not a product line
SPE4A626T89S2,0001S00000061,SPE4A626T89S2,06-15-2026,06-22-2026,2026-08-21 02:41:27,Origin,Origin,Tech,7017149422,https://dibbs2.bsm.dla.mil/Downloads/RFQ/2/SPE4A626T89S2.PDF,https://www.dibbs.bsm.dla.mil/RFQ/RFQRec.aspx?sn=SPE4A626T89S2,https://www.dibbs.bsm.dla.mil/rfq/rfqrec.aspx?sn=SPE4A626T89S2,CABLE ASSEMBLY,14,20260930T163901Z,0001S00000061,PRODUCTION LOT TESTING,G,______,1.0,,,2026-06-15,2026-06-22,CABLE ASSEMBLY,DIBBS|SPE4A626T89S2|0001S00000061,First article test line - not a product line
SPE4A626T85W7,0001S00000053,SPE4A626T85W7,06-10-2026,06-17-2026,2026-08-21 02:41:27,Origin,Origin,Tech,7015112070,https://dibbs2.bsm.dla.mil/Downloads/RFQ/7/SPE4A626T85W7.PDF,https://www.dibbs.bsm.dla.mil/RFQ/RFQRec.aspx?sn=SPE4A626T85W7,https://www.dibbs.bsm.dla.mil/rfq/rfqrec.aspx?sn=SPE4A626T85W7,CABLE ASSEMBLY,14,20260930T163901Z,0001S00000053,CONTRACTOR FIRST ARTIC,G,______,1.0,,,2026-06-10,2026-06-17,CABLE ASSEMBLY,DIBBS|SPE4A626T85W7|0001S00000053,First article test line - not a product line
SPE4A626T84P1,0001S00000061,SPE4A626T84P1,06-10-2026,06-17-2026,2026-08-21 02:41:27,Origin,Origin,Tech,7017108871,https://dibbs2.bsm.dla.mil/Downloads/RFQ/1/SPE4A626T84P1.PDF,https://www.dibbs.bsm.dla.mil/RFQ/RFQRec.aspx?sn=SPE4A626T84P1,https://www.dibbs.bsm.dla.mil/rfq/rfqrec.aspx?sn=SPE4A626T84P1,CABLE ASSEMBLY,14,20260930T163901Z,0001S00000061,PRODUCTION LOT TESTING,G,______,1.0,,,2026-06-10,2026-06-17,CABLE ASSEMBLY,DIBBS|SPE4A626T84P1|0001S00000061,First article test line - not a product line
SPE7L425T5845,0001S00000053,SPE7L425T5845,06-27-2025,07-07-2025,2026-08-21 02:41:27,Origin,Origin,Tech,7012780293,https://dibbs2.bsm.dla.mil/Downloads/RFQ/5/SPE7L425T5845.PDF,https://www.dibbs.bsm.dla.mil/RFQ/RFQRec.aspx?sn=SPE7L425T5845,https://www.dibbs.bsm.dla.mil/rfq/rfqrec.aspx?sn=SPE7L425T5845,CABLE ASSEMBLY,14,20260930T163901Z,0001S00000053,CONTRACTOR FIRST ARTIC,B,______,1.0,64344 | 12488517 | UNIQUE ELECTRONICS INC,,2025-06-27,2025-07-07,CABLE ASSEMBLY,DIBBS|SPE7L425T5845|0001S00000053,First article test line - not a product line
SPE4A626T76X5,0001S00000061,SPE4A626T76X5,06-03-2026,06-10-2026,2026-08-21 02:41:27,Origin,Origin,Tech,7017011435,https://dibbs2.bsm.dla.mil/Downloads/RFQ/5/SPE4A626T76X5.PDF,https://www.dibbs.bsm.dla.mil/RFQ/RFQRec.aspx?sn=SPE4A626T76X5,https://www.dibbs.bsm.dla.mil/rfq/rfqrec.aspx?sn=SPE4A626T76X5,CABLE ASSEMBLY,15,20260930T163918Z,0001S00000061,PRODUCTION LOT TESTING,G,______,1.0,,,2026-06-03,2026-06-10,CABLE ASSEMBLY,DIBBS|SPE4A626T76X5|0001S00000061,First article test line - not a product line
SPE4A626T76S1,0001S00000053,SPE4A626T76S1,06-03-2026,06-10-2026,2026-08-21 02:41:27,Origin,Origin,Tech,7017010222,https://dibbs2.bsm.dla.mil/Downloads/RFQ/1/SPE4A626T76S1.PDF,https://www.dibbs.bsm.dla.mil/RFQ/RFQRec.aspx?sn=SPE4A626T76S1,https://www.dibbs.bsm.dla.mil/rfq/rfqrec.aspx?sn=SPE4A626T76S1,CABLE ASSEMBLY,15,20260930T163918Z,0001S00000053,CONTRACTOR FIRST ARTIC,G,______,1.0,,,2026-06-03,2026-06-10,CABLE ASSEMBLY,DIBBS|SPE4A626T76S1|0001S00000053,First article test line - not a product line
SPE4A626T75V0,0001S00000052,SPE4A626T75V0,06-02-2026,06-09-2026,2026-08-21 02:41:27,Origin,Origin,Tech,7014870432,https://dibbs2.bsm.dla.mil/Downloads/RFQ/0/SPE4A626T75V0.PDF,https://www.dibbs.bsm.dla.mil/RFQ/RFQRec.aspx?sn=SPE4A626T75V0,https://www.dibbs.bsm.dla.mil/rfq/rfqrec.aspx?sn=SPE4A626T75V0,CABLE ASSEMBLY,15,20260930T163918Z,0001S00000052,GOVERNMENT FIRST ARTIC,C,______,1.0,"0HS46 | C11910-4 | REV-CAP COMPANY, INC.",,2026-06-02,2026-06-09,CABLE ASSEMBLY,DIBBS|SPE4A626T75V0|0001S00000052,First article test line - not a product line
SPE7M826T5160,0001S00000052,SPE7M826T5160,07-02-2026,07-13-2026,2026-08-21 02:41:27,Origin,Origin,Tech,7016090867,https://dibbs2.bsm.dla.mil/Downloads/RFQ/0/SPE7M826T5160.PDF,https://www.dibbs.bsm.dla.mil/RFQ/RFQRec.aspx?sn=SPE7M826T5160,https://www.dibbs.bsm.dla.mil/rfq/rfqrec.aspx?sn=SPE7M826T5160,CABLE ASSEMBLY,15,20260930T163918Z,0001S00000052,GOVERNMENT FIRST ARTIC,R,______,1.0,"0RMF7 | 565358-1 | BRIGHT LIGHTS USA, INC",,2026-07-02,2026-07-13,CABLE ASSEMBLY,DIBBS|SPE7M826T5160|0001S00000052,First article test line - not a product line
SPE4A626T44B9,0001S00000053,SPE4A626T44B9,05-06-2026,05-13-2026,2026-08-21 02:41:27,Origin,Origin,Tech,7016644726,https://dibbs2.bsm.dla.mil/Downloads/RFQ/9/SPE4A626T44B9.PDF,https://www.dibbs.bsm.dla.mil/RFQ/RFQRec.aspx?sn=SPE4A626T44B9,https://www.dibbs.bsm.dla.mil/rfq/rfqrec.aspx?sn=SPE4A626T44B9,CABLE ASSEMBLY,15,20260930T163918Z,0001S00000053,CONTRACTOR FIRST ARTIC,G,______,1.0,,,2026-05-06,2026-05-13,CABLE ASSEMBLY,DIBBS|SPE4A626T44B9|0001S00000053,First article test line - not a product line
SPE4A626T36K9,0001S00000053,SPE4A626T36K9,04-27-2026,05-04-2026,2026-08-21 02:41:27,Origin,Origin,Tech,7016471778,https://dibbs2.bsm.dla.mil/Downloads/RFQ/9/SPE4A626T36K9.PDF,https://www.dibbs.bsm.dla.mil/RFQ/RFQRec.aspx?sn=SPE4A626T36K9,https://www.dibbs.bsm.dla.mil/rfq/rfqrec.aspx?sn=SPE4A626T36K9,CABLE ASSEMBLY,15,20260930T163918Z,0001S00000053,CONTRACTOR FIRST ARTIC,G,______,1.0,,,2026-04-27,2026-05-04,CABLE ASSEMBLY,DIBBS|SPE4A626T36K9|0001S00000053,First article test line - not a product line
SPE4A626T29H7,0001S00000053,SPE4A626T29H7,04-22-2026,04-29-2026,2026-08-21 02:41:27,Origin,Origin,Tech,7013197989,https://dibbs2.bsm.dla.mil/Downloads/RFQ/7/SPE4A626T29H7.PDF,https://www.dibbs.bsm.dla.mil/RFQ/RFQRec.aspx?sn=SPE4A626T29H7,https://www.dibbs.bsm.dla.mil/rfq/rfqrec.aspx?sn=SPE4A626T29H7,CABLE ASSEMBLY,15,20260930T163918Z,0001S00000053,CONTRACTOR FIRST ARTIC,C,______,1.0,81205 | 10-22452-2 | THE BOEING COMPANY,,2026-04-22,2026-04-29,CABLE ASSEMBLY,DIBBS|SPE4A626T29H7|0001S00000053,First article test line - not a product line
SPE4A626T26T8,0001S00000061,SPE4A626T26T8,04-21-2026,04-28-2026,2026-08-21 02:41:27,Origin,Origin,Tech,7015852160,https://dibbs2.bsm.dla.mil/Downloads/RFQ/8/SPE4A626T26T8.PDF,https://www.dibbs.bsm.dla.mil/RFQ/RFQRec.aspx?sn=SPE4A626T26T8,https://www.dibbs.bsm.dla.mil/rfq/rfqrec.aspx?sn=SPE4A626T26T8,CABLE ASSEMBLY,15,20260930T163918Z,0001S00000061,PRODUCTION LOT TESTING,C,______,1.0,"61434 | 13214803 | R & D ELECTRONICS, INC",,2026-04-21,2026-04-28,CABLE ASSEMBLY,DIBBS|SPE4A626T26T8|0001S00000061,First article test line - not a product line
SPE4A626T15VB,0001S00000052,SPE4A626T15VB,08-13-2026,08-20-2026,2026-08-21 02:41:27,Origin,Origin,None,7017825008,https://dibbs2.bsm.dla.mil/Downloads/RFQ/B/SPE4A626T15VB.PDF,https://www.dibbs.bsm.dla.mil/RFQ/RFQRec.aspx?sn=SPE4A626T15VB,https://www.dibbs.bsm.dla.mil/rfq/rfqrec.aspx?sn=SPE4A626T15VB,CABLE ASSEMBLY,15,20260930T163918Z,0001S00000052,GOVERNMENT FIRST ARTIC,C,______,1.0,"21856 | 639AS10935 | CENTROID, INC.",,2026-08-13,2026-08-20,CABLE ASSEMBLY,DIBBS|SPE4A626T15VB|0001S00000052,First article test line - not a product line
SPE4A626T21AL,0001S00000061,SPE4A626T21AL,08-20-2026,08-27-2026,2026-08-21 02:41:27,Origin,Origin,Tech,7017837703,https://dibbs2.bsm.dla.mil/Downloads/RFQ/L/SPE4A626T21AL.PDF,https://www.dibbs.bsm.dla.mil/RFQ/RFQRec.aspx?sn=SPE4A626T21AL,https://www.dibbs.bsm.dla.mil/rfq/rfqrec.aspx?sn=SPE4A626T21AL,CABLE ASSEMBLY,15,20260930T163918Z,0001S00000061,PRODUCTION LOT TESTING,G,______,1.0,,,2026-08-20,2026-08-27,CABLE ASSEMBLY,DIBBS|SPE4A626T21AL|0001S00000061,First article test line - not a product line
SPE4A626T12BY,0001S00000061,SPE4A626T12BY,08-05-2026,08-12-2026,2026-08-21 02:41:27,Origin,Origin,Tech,7017739939,https://dibbs2.bsm.dla.mil/Downloads/RFQ/Y/SPE4A626T12BY.PDF,https://www.dibbs.bsm.dla.mil/RFQ/RFQRec.aspx?sn=SPE4A626T12BY,https://www.dibbs.bsm.dla.mil/rfq/rfqrec.aspx?sn=SPE4A626T12BY,CABLE ASSEMBLY,15,20260930T163918Z,0001S00000061,PRODUCTION LOT TESTING,G,______,1.0,,,2026-08-05,2026-08-12,CABLE ASSEMBLY,DIBBS|SPE4A626T12BY|0001S00000061,First article test line - not a product line
SPE4A626T10YY,0001S00000061,SPE4A626T10YY,07-31-2026,08-07-2026,2026-08-21 02:41:27,Origin,Origin,Tech,7015926069,https://dibbs2.bsm.dla.mil/Downloads/RFQ/Y/SPE4A626T10YY.PDF,https://www.dibbs.bsm.dla.mil/RFQ/RFQRec.aspx?sn=SPE4A626T10YY,https://www.dibbs.bsm.dla.mil/rfq/rfqrec.aspx?sn=SPE4A626T10YY,CABLE ASSEMBLY,15,20260930T163918Z,0001S00000061,PRODUCTION LOT TESTING,G,______,1.0,,,2026-07-31,2026-08-07,CABLE ASSEMBLY,DIBBS|SPE4A626T10YY|0001S00000061,First article test line - not a product line
SPE4A626T10TY,0001S00000053,SPE4A626T10TY,07-31-2026,08-07-2026,2026-08-21 02:41:27,Origin,Origin,Tech,7017695574,https://dibbs2.bsm.dla.mil/Downloads/RFQ/Y/SPE4A626T10TY.PDF,https://www.dibbs.bsm.dla.mil/RFQ/RFQRec.aspx?sn=SPE4A626T10TY,https://www.dibbs.bsm.dla.mil/rfq/rfqrec.aspx?sn=SPE4A626T10TY,CABLE ASSEMBLY,15,20260930T163918Z,0001S00000053,CONTRACTOR FIRST ARTIC,G,______,1.0,,,2026-07-31,2026-08-07,CABLE ASSEMBLY,DIBBS|SPE4A626T10TY|0001S00000053,First article test line - not a product line
SPE4A626T20CZ,0001S00000053,SPE4A626T20CZ,08-19-2026,08-26-2026,2026-08-21 02:41:27,Origin,Origin,Tech,7017950219,https://dibbs2.bsm.dla.mil/Downloads/RFQ/Z/SPE4A626T20CZ.PDF,https://www.dibbs.bsm.dla.mil/RFQ/RFQRec.aspx?sn=SPE4A626T20CZ,https://www.dibbs.bsm.dla.mil/rfq/rfqrec.aspx?sn=SPE4A626T20CZ,CABLE ASSEMBLY,15,20260930T163918Z,0001S00000053,CONTRACTOR FIRST ARTIC,G,______,1.0,,,2026-08-19,2026-08-26,CABLE ASSEMBLY,DIBBS|SPE4A626T20CZ|0001S00000053,First article test line - not a product line
SPE4A626T20CZ,0001S00000062,SPE4A626T20CZ,08-19-2026,08-26-2026,2026-08-21 02:41:27,Origin,Origin,Tech,7017950219,https://dibbs2.bsm.dla.mil/Downloads/RFQ/Z/SPE4A626T20CZ.PDF,https://www.dibbs.bsm.dla.mil/RFQ/RFQRec.aspx?sn=SPE4A626T20CZ,https://www.dibbs.bsm.dla.mil/rfq/rfqrec.aspx?sn=SPE4A626T20CZ,CABLE ASSEMBLY,15,20260930T163918Z,0001S00000062,PRODUCTION LOT TESTING,G,______,1.0,,,2026-08-19,2026-08-26,CABLE ASSEMBLY,DIBBS|SPE4A626T20CZ|0001S00000062,First article test line - not a product line
SPE4A726T9407,0001S00000052,SPE4A726T9407,02-18-2026,02-25-2026,2026-08-21 02:41:27,Origin,Origin,Tech,7012753513,https://dibbs2.bsm.dla.mil/Downloads/RFQ/7/SPE4A726T9407.PDF,https://www.dibbs.bsm.dla.mil/RFQ/RFQRec.aspx?sn=SPE4A726T9407,https://www.dibbs.bsm.dla.mil/rfq/rfqrec.aspx?sn=SPE4A726T9407,CABLE ASSEMBLY,15,20260930T163918Z,0001S00000052,GOVERNMENT FIRST ARTIC,R,______,1.0,"28527 | 2625135G002 | L3HARRIS TECHNOLOGIES, INC.",,2026-02-18,2026-02-25,CABLE ASSEMBLY,DIBBS|SPE4A726T9407|0001S00000052,First article test line - not a product line
SPE4A626T09VA,0001S00000061,SPE4A626T09VA,07-28-2026,08-04-2026,2026-08-21 02:41:27,Origin,Origin,Tech,7017486956,https://dibbs2.bsm.dla.mil/Downloads/RFQ/A/SPE4A626T09VA.PDF,https://www.dibbs.bsm.dla.mil/RFQ/RFQRec.aspx?sn=SPE4A626T09VA,https://www.dibbs.bsm.dla.mil/rfq/rfqrec.aspx?sn=SPE4A626T09VA,CABLE ASSEMBLY,15,20260930T163918Z,0001S00000061,PRODUCTION LOT TESTING,G,______,1.0,,,2026-07-28,2026-08-04,CABLE ASSEMBLY,DIBBS|SPE4A626T09VA|0001S00000061,First article test line - not a product line
SPE4A626T095A,0001S00000061,SPE4A626T095A,11-19-2025,11-26-2025,2026-08-21 02:41:27,Origin,Origin,Tech,7014557384,https://dibbs2.bsm.dla.mil/Downloads/RFQ/A/SPE4A626T095A.PDF,https://www.dibbs.bsm.dla.mil/RFQ/RFQRec.aspx?sn=SPE4A626T095A,https://www.dibbs.bsm.dla.mil/rfq/rfqrec.aspx?sn=SPE4A626T095A,CABLE ASSEMBLY,15,20260930T163918Z,0001S00000061,PRODUCTION LOT TESTING,G,______,1.0,,,2025-11-19,2025-11-26,CABLE ASSEMBLY,DIBBS|SPE4A626T095A|0001S00000061,First article test line - not a product line
SPE4A626T04CZ,0001S00000053,SPE4A626T04CZ,07-08-2026,07-15-2026,2026-08-21 02:41:27,Origin,Origin,Tech,7017409626,https://dibbs2.bsm.dla.mil/Downloads/RFQ/Z/SPE4A626T04CZ.PDF,https://www.dibbs.bsm.dla.mil/RFQ/RFQRec.aspx?sn=SPE4A626T04CZ,https://www.dibbs.bsm.dla.mil/rfq/rfqrec.aspx?sn=SPE4A626T04CZ,CABLE ASSEMBLY,16,20260930T163935Z,0001S00000053,CONTRACTOR FIRST ARTIC,G,______,1.0,,,2026-07-08,2026-07-15,CABLE ASSEMBLY,DIBBS|SPE4A626T04CZ|0001S00000053,First article test line - not a product line
SPE4A626T03B7,0001S00000052,SPE4A626T03B7,03-23-2026,03-30-2026,2026-08-21 02:41:27,Origin,Origin,Tech,7015934266,https://dibbs2.bsm.dla.mil/Downloads/RFQ/7/SPE4A626T03B7.PDF,https://www.dibbs.bsm.dla.mil/RFQ/RFQRec.aspx?sn=SPE4A626T03B7,https://www.dibbs.bsm.dla.mil/rfq/rfqrec.aspx?sn=SPE4A626T03B7,CABLE ASSEMBLY,16,20260930T163935Z,0001S00000052,GOVERNMENT FIRST ARTIC,G,______,1.0,,,2026-03-23,2026-03-30,CABLE ASSEMBLY,DIBBS|SPE4A626T03B7|0001S00000052,First article test line - not a product line
SPE4A626T02ZD,0001S00000061,SPE4A626T02ZD,07-06-2026,07-13-2026,2026-08-21 02:41:27,Origin,Origin,Tech,7017384949,https://dibbs2.bsm.dla.mil/Downloads/RFQ/D/SPE4A626T02ZD.PDF,https://www.dibbs.bsm.dla.mil/RFQ/RFQRec.aspx?sn=SPE4A626T02ZD,https://www.dibbs.bsm.dla.mil/rfq/rfqrec.aspx?sn=SPE4A626T02ZD,CABLE ASSEMBLY,16,20260930T163935Z,0001S00000061,PRODUCTION LOT TESTING,G,______,1.0,,,2026-07-06,2026-07-13,CABLE ASSEMBLY,DIBBS|SPE4A626T02ZD|0001S00000061,First article test line - not a product line
SPE4A726T253Y,0001S00000061,SPE4A726T253Y,04-15-2026,04-22-2026,2026-08-21 02:41:27,Origin,Origin,Tech,7016336302,https://dibbs2.bsm.dla.mil/Downloads/RFQ/Y/SPE4A726T253Y.PDF,https://www.dibbs.bsm.dla.mil/RFQ/RFQRec.aspx?sn=SPE4A726T253Y,https://www.dibbs.bsm.dla.mil/rfq/rfqrec.aspx?sn=SPE4A726T253Y,CABLE ASSEMBLY,16,20260930T163935Z,0001S00000061,PRODUCTION LOT TESTING,G,______,1.0,,,2026-04-15,2026-04-22,CABLE ASSEMBLY,DIBBS|SPE4A726T253Y|0001S00000061,First article test line - not a product line
SPE4A626T66K0,0001S00000061,SPE4A626T66K0,05-21-2026,05-28-2026,2026-08-21 02:41:27,Origin,Origin,Tech,7015051491,https://dibbs2.bsm.dla.mil/Downloads/RFQ/0/SPE4A626T66K0.PDF,https://www.dibbs.bsm.dla.mil/RFQ/RFQRec.aspx?sn=SPE4A626T66K0,https://www.dibbs.bsm.dla.mil/rfq/rfqrec.aspx?sn=SPE4A626T66K0,CABLE ASSEMBLY,16,20260930T163935Z,0001S00000061,PRODUCTION LOT TESTING,G,______,1.0,,,2026-05-21,2026-05-28,CABLE ASSEMBLY,DIBBS|SPE4A626T66K0|0001S00000061,First article test line - not a product line
SPE4A425T0722,0001S00000061,SPE4A425T0722,08-13-2025,08-20-2025,2026-08-21 02:41:27,Origin,Origin,Tech,7013333457,https://dibbs2.bsm.dla.mil/Downloads/RFQ/2/SPE4A425T0722.PDF,https://www.dibbs.bsm.dla.mil/RFQ/RFQRec.aspx?sn=SPE4A425T0722,https://www.dibbs.bsm.dla.mil/rfq/rfqrec.aspx?sn=SPE4A425T0722,CABLE ASSEMBLY,16,20260930T163935Z,0001S00000061,PRODUCTION LOT TESTING,C,______,1.0,"68999 | 11461050-14 | TIMES MICROWAVE SYSTEMS, INC",,2025-08-13,2025-08-20,CABLE ASSEMBLY,DIBBS|SPE4A425T0722|0001S00000061,First article test line - not a product line
SPE4A626T667M,0001S00000061,SPE4A626T667M,02-11-2026,02-18-2026,2026-08-21 02:41:27,Origin,Origin,Tech,7015474542,https://dibbs2.bsm.dla.mil/Downloads/RFQ/M/SPE4A626T667M.PDF,https://www.dibbs.bsm.dla.mil/RFQ/RFQRec.aspx?sn=SPE4A626T667M,https://www.dibbs.bsm.dla.mil/rfq/rfqrec.aspx?sn=SPE4A626T667M,CABLE ASSEMBLY,16,20260930T163935Z,0001S00000061,PRODUCTION LOT TESTING,C,______,1.0,0ZBE8 | 0060-65 | TRIMAN INDUSTRIES INC,,2026-02-11,2026-02-18,CABLE ASSEMBLY,DIBBS|SPE4A626T667M|0001S00000061,First article test line - not a product line
SPE4A626T493M,0001S00000061,SPE4A626T493M,01-14-2026,01-21-2026,2026-08-21 02:41:27,Origin,Origin,Tech,7015054694,https://dibbs2.bsm.dla.mil/Downloads/RFQ/M/SPE4A626T493M.PDF,https://www.dibbs.bsm.dla.mil/RFQ/RFQRec.aspx?sn=SPE4A626T493M,https://www.dibbs.bsm.dla.mil/rfq/rfqrec.aspx?sn=SPE4A626T493M,CABLE ASSEMBLY,17,20260930T163953Z,0001S00000061,PRODUCTION LOT TESTING,G,______,1.0,,,2026-01-14,2026-01-21,CABLE ASSEMBLY,DIBBS|SPE4A626T493M|0001S00000061,First article test line - not a product line
SPE4A626T382M,0001S00000052,SPE4A626T382M,12-22-2025,12-29-2025,2026-08-21 02:41:27,Origin,Origin,None,7014904135,https://dibbs2.bsm.dla.mil/Downloads/RFQ/M/SPE4A626T382M.PDF,https://www.dibbs.bsm.dla.mil/RFQ/RFQRec.aspx?sn=SPE4A626T382M,https://www.dibbs.bsm.dla.mil/rfq/rfqrec.aspx?sn=SPE4A626T382M,CABLE ASSEMBLY,17,20260930T163953Z,0001S00000052,GOVERNMENT FIRST ARTIC,C,______,1.0,"06324 | ABC51623-1 | GLENAIR, INC.",,2025-12-22,2025-12-29,CABLE ASSEMBLY,DIBBS|SPE4A626T382M|0001S00000052,First article test line - not a product line
SPE4A626T36J8,0001S00000053,SPE4A626T36J8,04-27-2026,05-04-2026,2026-08-21 02:41:27,Origin,Origin,Tech,7016438481,https://dibbs2.bsm.dla.mil/Downloads/RFQ/8/SPE4A626T36J8.PDF,https://www.dibbs.bsm.dla.mil/RFQ/RFQRec.aspx?sn=SPE4A626T36J8,https://www.dibbs.bsm.dla.mil/rfq/rfqrec.aspx?sn=SPE4A626T36J8,CABLE ASSEMBLY,17,20260930T163953Z,0001S00000053,CONTRACTOR FIRST ARTIC,G,______,1.0,,,2026-04-27,2026-05-04,CABLE ASSEMBLY,DIBBS|SPE4A626T36J8|0001S00000053,First article test line - not a product line
SPE4A626T3139,0001S00000061,SPE4A626T3139,10-17-2025,10-24-2025,2026-08-21 02:41:27,Origin,Origin,Tech,7014198017,https://dibbs2.bsm.dla.mil/Downloads/RFQ/9/SPE4A626T3139.PDF,https://www.dibbs.bsm.dla.mil/RFQ/RFQRec.aspx?sn=SPE4A626T3139,https://www.dibbs.bsm.dla.mil/rfq/rfqrec.aspx?sn=SPE4A626T3139,CABLE ASSEMBLY,17,20260930T163953Z,0001S00000061,PRODUCTION LOT TESTING,G,______,1.0,,,2025-10-17,2025-10-24,CABLE ASSEMBLY,DIBBS|SPE4A626T3139|0001S00000061,First article test line - not a product line
SPE4A626T30M8,0001S00000061,SPE4A626T30M8,04-23-2026,04-30-2026,2026-08-21 02:41:27,Origin,Origin,Tech,7016403392,https://dibbs2.bsm.dla.mil/Downloads/RFQ/8/SPE4A626T30M8.PDF,https://www.dibbs.bsm.dla.mil/RFQ/RFQRec.aspx?sn=SPE4A626T30M8,https://www.dibbs.bsm.dla.mil/rfq/rfqrec.aspx?sn=SPE4A626T30M8,CABLE ASSEMBLY,17,20260930T163953Z,0001S00000061,PRODUCTION LOT TESTING,G,______,1.0,,,2026-04-23,2026-04-30,CABLE ASSEMBLY,DIBBS|SPE4A626T30M8|0001S00000061,First article test line - not a product line
SPE4A626T18MR,0001S00000061,SPE4A626T18MR,08-17-2026,08-24-2026,2026-08-21 02:41:27,Origin,Origin,Tech,7017913384,https://dibbs2.bsm.dla.mil/Downloads/RFQ/R/SPE4A626T18MR.PDF,https://www.dibbs.bsm.dla.mil/RFQ/RFQRec.aspx?sn=SPE4A626T18MR,https://www.dibbs.bsm.dla.mil/rfq/rfqrec.aspx?sn=SPE4A626T18MR,CABLE ASSEMBLY,17,20260930T163953Z,0001S00000061,PRODUCTION LOT TESTING,G,______,1.0,,,2026-08-17,2026-08-24,CABLE ASSEMBLY,DIBBS|SPE4A626T18MR|0001S00000061,First article test line - not a product line
SPE4A626T17JL,0001S00000053,SPE4A626T17JL,08-17-2026,08-24-2026,2026-08-21 02:41:27,Origin,Origin,Tech,7017493617,https://dibbs2.bsm.dla.mil/Downloads/RFQ/L/SPE4A626T17JL.PDF,https://www.dibbs.bsm.dla.mil/RFQ/RFQRec.aspx?sn=SPE4A626T17JL,https://www.dibbs.bsm.dla.mil/rfq/rfqrec.aspx?sn=SPE4A626T17JL,CABLE ASSEMBLY,17,20260930T163953Z,0001S00000053,CONTRACTOR FIRST ARTIC,G,______,1.0,,,2026-08-17,2026-08-24,CABLE ASSEMBLY,DIBBS|SPE4A626T17JL|0001S00000053,First article test line - not a product line
SPE4A626T20PX,0001S00000053,SPE4A626T20PX,08-20-2026,08-27-2026,2026-08-21 02:41:27,Origin,Origin,Tech,7017940889,https://dibbs2.bsm.dla.mil/Downloads/RFQ/X/SPE4A626T20PX.PDF,https://www.dibbs.bsm.dla.mil/RFQ/RFQRec.aspx?sn=SPE4A626T20PX,https://www.dibbs.bsm.dla.mil/rfq/rfqrec.aspx?sn=SPE4A626T20PX,CABLE ASSEMBLY,17,20260930T163953Z,0001S00000053,CONTRACTOR FIRST ARTIC,C,______,1.0,14532 | 2910453-24 | THE FIRST ELECTRONICS CORPORATION,,2026-08-20,2026-08-27,CABLE ASSEMBLY,DIBBS|SPE4A626T20PX|0001S00000053,First article test line - not a product line
SPE4A626T20BM,0001S00000052,SPE4A626T20BM,08-19-2026,08-26-2026,2026-08-21 02:41:27,Origin,Origin,Tech,7015689824,https://dibbs2.bsm.dla.mil/Downloads/RFQ/M/SPE4A626T20BM.PDF,https://www.dibbs.bsm.dla.mil/RFQ/RFQRec.aspx?sn=SPE4A626T20BM,https://www.dibbs.bsm.dla.mil/rfq/rfqrec.aspx?sn=SPE4A626T20BM,CABLE ASSEMBLY,17,20260930T163953Z,0001S00000052,GOVERNMENT FIRST ARTIC,B,______,1.0,"55036 | CA-191 | MALIK CABLE DEVICES, INC",,2026-08-19,2026-08-26,CABLE ASSEMBLY,DIBBS|SPE4A626T20BM|0001S00000052,First article test line - not a product line
SPE4A626T18XV,0001S00000053,SPE4A626T18XV,08-18-2026,08-25-2026,2026-08-21 02:41:27,Origin,Origin,Tech,7017912717,https://dibbs2.bsm.dla.mil/Downloads/RFQ/V/SPE4A626T18XV.PDF,https://www.dibbs.bsm.dla.mil/RFQ/RFQRec.aspx?sn=SPE4A626T18XV,https://www.dibbs.bsm.dla.mil/rfq/rfqrec.aspx?sn=SPE4A626T18XV,CABLE ASSEMBLY,17,20260930T163953Z,0001S00000053,CONTRACTOR FIRST ARTIC,G,______,1.0,,,2026-08-18,2026-08-25,CABLE ASSEMBLY,DIBBS|SPE4A626T18XV|0001S00000053,First article test line - not a product line
SPE4A626T12ET,0001S00000061,SPE4A626T12ET,08-05-2026,08-12-2026,2026-08-21 02:41:27,Origin,Origin,Tech,7017739916,https://dibbs2.bsm.dla.mil/Downloads/RFQ/T/SPE4A626T12ET.PDF,https://www.dibbs.bsm.dla.mil/RFQ/RFQRec.aspx?sn=SPE4A626T12ET,https://www.dibbs.bsm.dla.mil/rfq/rfqrec.aspx?sn=SPE4A626T12ET,CABLE ASSEMBLY,17,20260930T163953Z,0001S00000061,PRODUCTION LOT TESTING,G,______,1.0,,,2026-08-05,2026-08-12,CABLE ASSEMBLY,DIBBS|SPE4A626T12ET|0001S00000061,First article test line - not a product line
SPE4A626T12AR,0001S00000053,SPE4A626T12AR,08-05-2026,08-12-2026,2026-08-21 02:41:27,Origin,Origin,Tech,7017740772,https://dibbs2.bsm.dla.mil/Downloads/RFQ/R/SPE4A626T12AR.PDF,https://www.dibbs.bsm.dla.mil/RFQ/RFQRec.aspx?sn=SPE4A626T12AR,https://www.dibbs.bsm.dla.mil/rfq/rfqrec.aspx?sn=SPE4A626T12AR,CABLE ASSEMBLY,17,20260930T163953Z,0001S00000053,CONTRACTOR FIRST ARTIC,G,______,1.0,,,2026-08-05,2026-08-12,CABLE ASSEMBLY,DIBBS|SPE4A626T12AR|0001S00000053,First article test line - not a product line
SPE4A626T04QZ,0001S00000053,SPE4A626T04QZ,07-09-2026,07-16-2026,2026-08-21 02:41:27,Origin,Origin,Tech,7017409521,https://dibbs2.bsm.dla.mil/Downloads/RFQ/Z/SPE4A626T04QZ.PDF,https://www.dibbs.bsm.dla.mil/RFQ/RFQRec.aspx?sn=SPE4A626T04QZ,https://www.dibbs.bsm.dla.mil/rfq/rfqrec.aspx?sn=SPE4A626T04QZ,CABLE ASSEMBLY,17,20260930T163953Z,0001S00000053,CONTRACTOR FIRST ARTIC,G,______,1.0,,,2026-07-09,2026-07-16,CABLE ASSEMBLY,DIBBS|SPE4A626T04QZ|0001S00000053,First article test line - not a product line
SPE4A626T03QD,0001S00000061,SPE4A626T03QD,07-07-2026,07-14-2026,2026-08-21 02:41:27,Origin,Origin,Tech,7017380506,https://dibbs2.bsm.dla.mil/Downloads/RFQ/D/SPE4A626T03QD.PDF,https://www.dibbs.bsm.dla.mil/RFQ/RFQRec.aspx?sn=SPE4A626T03QD,https://www.dibbs.bsm.dla.mil/rfq/rfqrec.aspx?sn=SPE4A626T03QD,CABLE ASSEMBLY,17,20260930T163953Z,0001S00000061,PRODUCTION LOT TESTING,G,______,1.0,,,2026-07-07,2026-07-14,CABLE ASSEMBLY,DIBBS|SPE4A626T03QD|0001S00000061,First article test line - not a product line
SPE4A626T02UC,0001S00000061,SPE4A626T02UC,07-06-2026,07-13-2026,2026-08-21 02:41:27,Origin,Origin,Tech,7017384058,https://dibbs2.bsm.dla.mil/Downloads/RFQ/C/SPE4A626T02UC.PDF,https://www.dibbs.bsm.dla.mil/RFQ/RFQRec.aspx?sn=SPE4A626T02UC,https://www.dibbs.bsm.dla.mil/rfq/rfqrec.aspx?sn=SPE4A626T02UC,CABLE ASSEMBLY,17,20260930T163953Z,0001S00000061,PRODUCTION LOT TESTING,G,______,1.0,,,2026-07-06,2026-07-13,CABLE ASSEMBLY,DIBBS|SPE4A626T02UC|0001S00000061,First article test line - not a product line
SPE4A626T02EX,0001S00000061,SPE4A626T02EX,07-01-2026,07-08-2026,2026-08-21 02:41:27,Origin,Origin,Tech,7014230306,https://dibbs2.bsm.dla.mil/Downloads/RFQ/X/SPE4A626T02EX.PDF,https://www.dibbs.bsm.dla.mil/RFQ/RFQRec.aspx?sn=SPE4A626T02EX,https://www.dibbs.bsm.dla.mil/rfq/rfqrec.aspx?sn=SPE4A626T02EX,CABLE ASSEMBLY,17,20260930T163953Z,0001S00000061,PRODUCTION LOT TESTING,G,______,1.0,,,2026-07-01,2026-07-08,CABLE ASSEMBLY,DIBBS|SPE4A626T02EX|0001S00000061,First article test line - not a product line
SPE4A626T01ZM,0001S00000053,SPE4A626T01ZM,06-30-2026,07-07-2026,2026-08-21 02:41:27,Origin,Origin,Tech,7017108990,https://dibbs2.bsm.dla.mil/Downloads/RFQ/M/SPE4A626T01ZM.PDF,https://www.dibbs.bsm.dla.mil/RFQ/RFQRec.aspx?sn=SPE4A626T01ZM,https://www.dibbs.bsm.dla.mil/rfq/rfqrec.aspx?sn=SPE4A626T01ZM,CABLE ASSEMBLY,17,20260930T163953Z,0001S00000053,CONTRACTOR FIRST ARTIC,G,______,1.0,,,2026-06-30,2026-07-07,CABLE ASSEMBLY,DIBBS|SPE4A626T01ZM|0001S00000053,First article test line - not a product line
SPE4A626Q1063,0001S00000053,SPE4A626Q1063,06-30-2026,07-15-2026,2026-08-21 02:41:27,Origin,Origin,Tech,7016848628,https://dibbs2.bsm.dla.mil/Downloads/RFQ/3/SPE4A626Q1063.PDF,https://www.dibbs.bsm.dla.mil/RFQ/RFQRec.aspx?sn=SPE4A626Q1063,https://www.dibbs.bsm.dla.mil/rfq/rfqrec.aspx?sn=SPE4A626Q1063,CABLE ASSEMBLY,17,20260930T163953Z,0001S00000053,CONTRACTOR FIRST ARTIC,C,000000,1.0,"0F1X1 | 7053096 | ORDNANCE TECHNOLOGY SERVICE, INC.",,2026-06-30,2026-07-15,CABLE ASSEMBLY,DIBBS|SPE4A626Q1063|0001S00000053,First article test line - not a product line
SPE4A626Q1062,0001S00000052,SPE4A626Q1062,06-30-2026,07-15-2026,2026-08-21 02:41:27,Origin,Origin,None,7016848293,https://dibbs2.bsm.dla.mil/Downloads/RFQ/2/SPE4A626Q1062.PDF,https://www.dibbs.bsm.dla.mil/RFQ/RFQRec.aspx?sn=SPE4A626Q1062,https://www.dibbs.bsm.dla.mil/rfq/rfqrec.aspx?sn=SPE4A626Q1062,CABLE ASSEMBLY,17,20260930T163953Z,0001S00000052,GOVERNMENT FIRST ARTIC,C,000000,1.0,0G6Y9 | 11441777 | SSI CABLE CORPORATION,,2026-06-30,2026-07-15,CABLE ASSEMBLY,DIBBS|SPE4A626Q1062|0001S00000052,First article test line - not a product line
SPE4A726T252W,0001S00000061,SPE4A726T252W,04-15-2026,04-22-2026,2026-08-21 02:41:27,Origin,Origin,Tech,7016336633,https://dibbs2.bsm.dla.mil/Downloads/RFQ/W/SPE4A726T252W.PDF,https://www.dibbs.bsm.dla.mil/RFQ/RFQRec.aspx?sn=SPE4A726T252W,https://www.dibbs.bsm.dla.mil/rfq/rfqrec.aspx?sn=SPE4A726T252W,CABLE ASSEMBLY,17,20260930T163953Z,0001S00000061,PRODUCTION LOT TESTING,G,______,1.0,,,2026-04-15,2026-04-22,CABLE ASSEMBLY,DIBBS|SPE4A726T252W|0001S00000061,First article test line - not a product line
SPE4A726T245U,0001S00000061,SPE4A726T245U,04-15-2026,04-22-2026,2026-08-21 02:41:27,Origin,Origin,Tech,7016336008,https://dibbs2.bsm.dla.mil/Downloads/RFQ/U/SPE4A726T245U.PDF,https://www.dibbs.bsm.dla.mil/RFQ/RFQRec.aspx?sn=SPE4A726T245U,https://www.dibbs.bsm.dla.mil/rfq/rfqrec.aspx?sn=SPE4A726T245U,CABLE ASSEMBLY,17,20260930T163953Z,0001S00000061,PRODUCTION LOT TESTING,G,______,1.0,,,2026-04-15,2026-04-22,CABLE ASSEMBLY,DIBBS|SPE4A726T245U|0001S00000061,First article test line - not a product line
SPE4A726T142K,0001S00000053,SPE4A726T142K,03-25-2026,04-01-2026,2026-08-21 02:41:27,Origin,Origin,Tech,7015955357,https://dibbs2.bsm.dla.mil/Downloads/RFQ/K/SPE4A726T142K.PDF,https://www.dibbs.bsm.dla.mil/RFQ/RFQRec.aspx?sn=SPE4A726T142K,https://www.dibbs.bsm.dla.mil/rfq/rfqrec.aspx?sn=SPE4A726T142K,CABLE ASSEMBLY,18,20260930T164010Z,0001S00000053,CONTRACTOR FIRST ARTIC,G,______,1.0,,,2026-03-25,2026-04-01,CABLE ASSEMBLY,DIBBS|SPE4A726T142K|0001S00000053,First article test line - not a product line
SPE4A726T136B,0001S00000052,SPE4A726T136B,03-24-2026,03-31-2026,2026-08-21 02:41:27,Origin,Origin,Tech,7015905806,https://dibbs2.bsm.dla.mil/Downloads/RFQ/B/SPE4A726T136B.PDF,https://www.dibbs.bsm.dla.mil/RFQ/RFQRec.aspx?sn=SPE4A726T136B,https://www.dibbs.bsm.dla.mil/rfq/rfqrec.aspx?sn=SPE4A726T136B,CABLE ASSEMBLY,18,20260930T164010Z,0001S00000052,GOVERNMENT FIRST ARTIC,G,______,1.0,,,2026-03-24,2026-03-31,CABLE ASSEMBLY,DIBBS|SPE4A726T136B|0001S00000052,First article test line - not a product line
SPE4A626T98B4,0001S00000061,SPE4A626T98B4,06-18-2026,06-25-2026,2026-08-21 02:41:27,Origin,Origin,Tech,7017226603,https://dibbs2.bsm.dla.mil/Downloads/RFQ/4/SPE4A626T98B4.PDF,https://www.dibbs.bsm.dla.mil/RFQ/RFQRec.aspx?sn=SPE4A626T98B4,https://www.dibbs.bsm.dla.mil/rfq/rfqrec.aspx?sn=SPE4A626T98B4,CABLE ASSEMBLY,18,20260930T164010Z,0001S00000061,PRODUCTION LOT TESTING,G,______,1.0,,,2026-06-18,2026-06-25,CABLE ASSEMBLY,DIBBS|SPE4A626T98B4|0001S00000061,First article test line - not a product line
SPE4A526T106Z,0001S00000053,SPE4A526T106Z,05-01-2026,05-08-2026,2026-08-21 02:41:27,Origin,Origin,Tech,7016471806,https://dibbs2.bsm.dla.mil/Downloads/RFQ/Z/SPE4A526T106Z.PDF,https://www.dibbs.bsm.dla.mil/RFQ/RFQRec.aspx?sn=SPE4A526T106Z,https://www.dibbs.bsm.dla.mil/rfq/rfqrec.aspx?sn=SPE4A526T106Z,CABLE ASSEMBLY,18,20260930T164010Z,0001S00000053,CONTRACTOR FIRST ARTIC,P,______,1.0,64059 | 14101376 | LOCKHEED MARTIN CORPORATION,,2026-05-01,2026-05-08,CABLE ASSEMBLY,DIBBS|SPE4A526T106Z|0001S00000053,First article test line - not a product line
SPE4A626T76A3,0001S00000061,SPE4A626T76A3,06-03-2026,06-10-2026,2026-08-21 02:41:27,Origin,Origin,Tech,7017010239,https://dibbs2.bsm.dla.mil/Downloads/RFQ/3/SPE4A626T76A3.PDF,https://www.dibbs.bsm.dla.mil/RFQ/RFQRec.aspx?sn=SPE4A626T76A3,https://www.dibbs.bsm.dla.mil/rfq/rfqrec.aspx?sn=SPE4A626T76A3,CABLE ASSEMBLY,18,20260930T164010Z,0001S00000061,PRODUCTION LOT TESTING,G,______,1.0,,,2026-06-03,2026-06-10,CABLE ASSEMBLY,DIBBS|SPE4A626T76A3|0001S00000061,First article test line - not a product line
SPE4A626T71A4,0001S00000061,SPE4A626T71A4,05-27-2026,06-03-2026,2026-08-21 02:41:27,Origin,Origin,Tech,7015852761,https://dibbs2.bsm.dla.mil/Downloads/RFQ/4/SPE4A626T71A4.PDF,https://www.dibbs.bsm.dla.mil/RFQ/RFQRec.aspx?sn=SPE4A626T71A4,https://www.dibbs.bsm.dla.mil/rfq/rfqrec.aspx?sn=SPE4A626T71A4,CABLE ASSEMBLY,18,20260930T164010Z,0001S00000061,PRODUCTION LOT TESTING,C,______,1.0,"0HRT9 | 11474737-6 | 24602	11474737-6	SMITHS INTERCONNECT AMERICAS, INC.",,2026-05-27,2026-06-03,CABLE ASSEMBLY,DIBBS|SPE4A626T71A4|0001S00000061,First article test line - not a product line
SPE4A626T660Q,0001S00000061,SPE4A626T660Q,02-11-2026,02-18-2026,2026-08-21 02:41:27,Origin,Origin,None,7015475743,https://dibbs2.bsm.dla.mil/Downloads/RFQ/Q/SPE4A626T660Q.PDF,https://www.dibbs.bsm.dla.mil/RFQ/RFQRec.aspx?sn=SPE4A626T660Q,https://www.dibbs.bsm.dla.mil/rfq/rfqrec.aspx?sn=SPE4A626T660Q,CABLE ASSEMBLY,18,20260930T164010Z,0001S00000061,PRODUCTION LOT TESTING,C,______,1.0,"68999 | 11461050-7 | TIMES MICROWAVE SYSTEMS, INC",,2026-02-11,2026-02-18,CABLE ASSEMBLY,DIBBS|SPE4A626T660Q|0001S00000061,First article test line - not a product line
SPE4A626T63K5,0001S00000053,SPE4A626T63K5,05-20-2026,05-27-2026,2026-08-21 02:41:27,Origin,Origin,Tech,7016848771,https://dibbs2.bsm.dla.mil/Downloads/RFQ/5/SPE4A626T63K5.PDF,https://www.dibbs.bsm.dla.mil/RFQ/RFQRec.aspx?sn=SPE4A626T63K5,https://www.dibbs.bsm.dla.mil/rfq/rfqrec.aspx?sn=SPE4A626T63K5,CABLE ASSEMBLY,18,20260930T164010Z,0001S00000053,CONTRACTOR FIRST ARTIC,G,______,1.0,,,2026-05-20,2026-05-27,CABLE ASSEMBLY,DIBBS|SPE4A626T63K5|0001S00000053,First article test line - not a product line
SPE4A626T57R8,0001S00000061,SPE4A626T57R8,05-15-2026,05-22-2026,2026-08-21 02:41:27,Origin,Origin,Tech,7014382949,https://dibbs2.bsm.dla.mil/Downloads/RFQ/8/SPE4A626T57R8.PDF,https://www.dibbs.bsm.dla.mil/RFQ/RFQRec.aspx?sn=SPE4A626T57R8,https://www.dibbs.bsm.dla.mil/rfq/rfqrec.aspx?sn=SPE4A626T57R8,CABLE ASSEMBLY,18,20260930T164010Z,0001S00000061,PRODUCTION LOT TESTING,G,______,1.0,,,2026-05-15,2026-05-22,CABLE ASSEMBLY,DIBBS|SPE4A626T57R8|0001S00000061,First article test line - not a product line
SPE4A626T54M0,0001S00000053,SPE4A626T54M0,05-14-2026,05-21-2026,2026-08-21 02:41:27,Origin,Origin,Tech,7016645005,https://dibbs2.bsm.dla.mil/Downloads/RFQ/0/SPE4A626T54M0.PDF,https://www.dibbs.bsm.dla.mil/RFQ/RFQRec.aspx?sn=SPE4A626T54M0,https://www.dibbs.bsm.dla.mil/rfq/rfqrec.aspx?sn=SPE4A626T54M0,CABLE ASSEMBLY,18,20260930T164010Z,0001S00000053,CONTRACTOR FIRST ARTIC,G,______,1.0,,,2026-05-14,2026-05-21,CABLE ASSEMBLY,DIBBS|SPE4A626T54M0|0001S00000053,First article test line - not a product line
SPE4A626T51E1,0001S00000053,SPE4A626T51E1,05-12-2026,05-19-2026,2026-08-21 02:41:27,Origin,Origin,Tech,7013333849,https://dibbs2.bsm.dla.mil/Downloads/RFQ/1/SPE4A626T51E1.PDF,https://www.dibbs.bsm.dla.mil/RFQ/RFQRec.aspx?sn=SPE4A626T51E1,https://www.dibbs.bsm.dla.mil/rfq/rfqrec.aspx?sn=SPE4A626T51E1,CABLE ASSEMBLY,18,20260930T164010Z,0001S00000053,CONTRACTOR FIRST ARTIC,G,______,1.0,,,2026-05-12,2026-05-19,CABLE ASSEMBLY,DIBBS|SPE4A626T51E1|0001S00000053,First article test line - not a product line
SPE4A626T47K8,0001S00000061,SPE4A626T47K8,05-07-2026,05-14-2026,2026-08-21 02:41:27,Origin,Origin,Tech,7013629509,https://dibbs2.bsm.dla.mil/Downloads/RFQ/8/SPE4A626T47K8.PDF,https://www.dibbs.bsm.dla.mil/RFQ/RFQRec.aspx?sn=SPE4A626T47K8,https://www.dibbs.bsm.dla.mil/rfq/rfqrec.aspx?sn=SPE4A626T47K8,CABLE ASSEMBLY,18,20260930T164010Z,0001S00000061,PRODUCTION LOT TESTING,C,______,1.0,"0HRT9 | 11474737-6 | 24602	11474737-6	SMITHS INTERCONNECT AMERICAS, INC.",,2026-05-07,2026-05-14,CABLE ASSEMBLY,DIBBS|SPE4A626T47K8|0001S00000061,First article test line - not a product line
SPE4A626T40T9,0001S00000061,SPE4A626T40T9,05-04-2026,05-11-2026,2026-08-21 02:41:27,Origin,Origin,Tech,7016608950,https://dibbs2.bsm.dla.mil/Downloads/RFQ/9/SPE4A626T40T9.PDF,https://www.dibbs.bsm.dla.mil/RFQ/RFQRec.aspx?sn=SPE4A626T40T9,https://www.dibbs.bsm.dla.mil/rfq/rfqrec.aspx?sn=SPE4A626T40T9,CABLE ASSEMBLY,18,20260930T164010Z,0001S00000061,PRODUCTION LOT TESTING,B,______,1.0,52196 | 13442-P1 | CATON CONNECTOR CORPORATION,,2026-05-04,2026-05-11,CABLE ASSEMBLY,DIBBS|SPE4A626T40T9|0001S00000061,First article test line - not a product line
SPE4A626T2638,0001S00000053,SPE4A626T2638,10-16-2025,10-23-2025,2026-08-21 02:41:27,Origin,Origin,Tech,7014175671,https://dibbs2.bsm.dla.mil/Downloads/RFQ/8/SPE4A626T2638.PDF,https://www.dibbs.bsm.dla.mil/RFQ/RFQRec.aspx?sn=SPE4A626T2638,https://www.dibbs.bsm.dla.mil/rfq/rfqrec.aspx?sn=SPE4A626T2638,CABLE ASSEMBLY,18,20260930T164010Z,0001S00000053,CONTRACTOR FIRST ARTIC,C,______,1.0,64059 | 14101376 | LOCKHEED MARTIN CORPORATION,,2025-10-16,2025-10-23,CABLE ASSEMBLY,DIBBS|SPE4A626T2638|0001S00000053,First article test line - not a product line
SPE4A626T19MD,0001S00000061,SPE4A626T19MD,08-19-2026,08-26-2026,2026-08-21 02:41:27,Origin,Origin,Tech,7017939264,https://dibbs2.bsm.dla.mil/Downloads/RFQ/D/SPE4A626T19MD.PDF,https://www.dibbs.bsm.dla.mil/RFQ/RFQRec.aspx?sn=SPE4A626T19MD,https://www.dibbs.bsm.dla.mil/rfq/rfqrec.aspx?sn=SPE4A626T19MD,CABLE ASSEMBLY,18,20260930T164010Z,0001S00000061,PRODUCTION LOT TESTING,G,______,1.0,,,2026-08-19,2026-08-26,CABLE ASSEMBLY,DIBBS|SPE4A626T19MD|0001S00000061,First article test line - not a product line
SPE4A626T16JH,0001S00000053,SPE4A626T16JH,08-13-2026,08-20-2026,2026-08-21 02:41:27,Origin,Origin,Tech,7017869424,https://dibbs2.bsm.dla.mil/Downloads/RFQ/H/SPE4A626T16JH.PDF,https://www.dibbs.bsm.dla.mil/RFQ/RFQRec.aspx?sn=SPE4A626T16JH,https://www.dibbs.bsm.dla.mil/rfq/rfqrec.aspx?sn=SPE4A626T16JH,CABLE ASSEMBLY,19,20260930T164027Z,0001S00000053,CONTRACTOR FIRST ARTIC,G,______,1.0,,,2026-08-13,2026-08-20,CABLE ASSEMBLY,DIBBS|SPE4A626T16JH|0001S00000053,First article test line - not a product line
SPE4A726T680G,0001S00000052,SPE4A726T680G,08-20-2026,08-27-2026,2026-08-21 02:41:27,Origin,Origin,Tech,7017914812,https://dibbs2.bsm.dla.mil/Downloads/RFQ/G/SPE4A726T680G.PDF,https://www.dibbs.bsm.dla.mil/RFQ/RFQRec.aspx?sn=SPE4A726T680G,https://www.dibbs.bsm.dla.mil/rfq/rfqrec.aspx?sn=SPE4A726T680G,CABLE ASSEMBLY,19,20260930T164027Z,0001S00000052,GOVERNMENT FIRST ARTIC,B,______,1.0,"0A489 | 8936291-10 | LOCKHEED MARTIN AEROPARTS, INC.",,2026-08-20,2026-08-27,CABLE ASSEMBLY,DIBBS|SPE4A726T680G|0001S00000052,First article test line - not a product line
SPE4A726T680G,0001S00000061,SPE4A726T680G,08-20-2026,08-27-2026,2026-08-21 02:41:27,Origin,Origin,Tech,7017914812,https://dibbs2.bsm.dla.mil/Downloads/RFQ/G/SPE4A726T680G.PDF,https://www.dibbs.bsm.dla.mil/RFQ/RFQRec.aspx?sn=SPE4A726T680G,https://www.dibbs.bsm.dla.mil/rfq/rfqrec.aspx?sn=SPE4A726T680G,CABLE ASSEMBLY,19,20260930T164027Z,0001S00000061,PRODUCTION LOT TESTING,B,______,1.0,"0A489 | 8936291-10 | LOCKHEED MARTIN AEROPARTS, INC.",,2026-08-20,2026-08-27,CABLE ASSEMBLY,DIBBS|SPE4A726T680G|0001S00000061,First article test line - not a product line
SPE4A626T159W,0001S00000061,SPE4A626T159W,11-26-2025,12-03-2025,2026-08-21 02:41:27,Origin,Origin,Tech,7014630565,https://dibbs2.bsm.dla.mil/Downloads/RFQ/W/SPE4A626T159W.PDF,https://www.dibbs.bsm.dla.mil/RFQ/RFQRec.aspx?sn=SPE4A626T159W,https://www.dibbs.bsm.dla.mil/rfq/rfqrec.aspx?sn=SPE4A626T159W,CABLE ASSEMBLY,19,20260930T164027Z,0001S00000061,PRODUCTION LOT TESTING,G,______,1.0,,,2025-11-26,2025-12-03,CABLE ASSEMBLY,DIBBS|SPE4A626T159W|0001S00000061,First article test line - not a product line
SPE4A626T14TW,0001S00000053,SPE4A626T14TW,08-11-2026,08-18-2026,2026-08-21 02:41:27,Origin,Origin,None,7013720744,https://dibbs2.bsm.dla.mil/Downloads/RFQ/W/SPE4A626T14TW.PDF,https://www.dibbs.bsm.dla.mil/RFQ/RFQRec.aspx?sn=SPE4A626T14TW,https://www.dibbs.bsm.dla.mil/rfq/rfqrec.aspx?sn=SPE4A626T14TW,CABLE ASSEMBLY,19,20260930T164027Z,0001S00000053,CONTRACTOR FIRST ARTIC,Q,______,1.0,"13499 | 983-4317-001 | ROCKWELL COLLINS, INC.",,2026-08-11,2026-08-18,CABLE ASSEMBLY,DIBBS|SPE4A626T14TW|0001S00000053,First article test line - not a product line
SPE4A626T14CT,0001S00000053,SPE4A626T14CT,08-07-2026,08-14-2026,2026-08-21 02:41:27,Origin,Origin,Tech,7017765834,https://dibbs2.bsm.dla.mil/Downloads/RFQ/T/SPE4A626T14CT.PDF,https://www.dibbs.bsm.dla.mil/RFQ/RFQRec.aspx?sn=SPE4A626T14CT,https://www.dibbs.bsm.dla.mil/rfq/rfqrec.aspx?sn=SPE4A626T14CT,CABLE ASSEMBLY,19,20260930T164027Z,0001S00000053,CONTRACTOR FIRST ARTIC,G,______,1.0,,,2026-08-07,2026-08-14,CABLE ASSEMBLY,DIBBS|SPE4A626T14CT|0001S00000053,First article test line - not a product line
SPE4A626T14CT,0001S00000061,SPE4A626T14CT,08-07-2026,08-14-2026,2026-08-21 02:41:27,Origin,Origin,Tech,7017765834,https://dibbs2.bsm.dla.mil/Downloads/RFQ/T/SPE4A626T14CT.PDF,https://www.dibbs.bsm.dla.mil/RFQ/RFQRec.aspx?sn=SPE4A626T14CT,https://www.dibbs.bsm.dla.mil/rfq/rfqrec.aspx?sn=SPE4A626T14CT,CABLE ASSEMBLY,19,20260930T164027Z,0001S00000061,PRODUCTION LOT TESTING,G,______,1.0,,,2026-08-07,2026-08-14,CABLE ASSEMBLY,DIBBS|SPE4A626T14CT|0001S00000061,First article test line - not a product line
SPE4A626T13NZ,0001S00000061,SPE4A626T13NZ,08-06-2026,08-13-2026,2026-08-21 02:41:27,Origin,Origin,Tech,7017739714,https://dibbs2.bsm.dla.mil/Downloads/RFQ/Z/SPE4A626T13NZ.PDF,https://www.dibbs.bsm.dla.mil/RFQ/RFQRec.aspx?sn=SPE4A626T13NZ,https://www.dibbs.bsm.dla.mil/rfq/rfqrec.aspx?sn=SPE4A626T13NZ,CABLE ASSEMBLY,19,20260930T164027Z,0001S00000061,PRODUCTION LOT TESTING,G,______,1.0,,,2026-08-06,2026-08-13,CABLE ASSEMBLY,DIBBS|SPE4A626T13NZ|0001S00000061,First article test line - not a product line
SPE4A626T13NF,0001S00000061,SPE4A626T13NF,08-06-2026,08-13-2026,2026-08-21 02:41:27,Origin,Origin,Tech,7017109454,https://dibbs2.bsm.dla.mil/Downloads/RFQ/F/SPE4A626T13NF.PDF,https://www.dibbs.bsm.dla.mil/RFQ/RFQRec.aspx?sn=SPE4A626T13NF,https://www.dibbs.bsm.dla.mil/rfq/rfqrec.aspx?sn=SPE4A626T13NF,CABLE ASSEMBLY,19,20260930T164027Z,0001S00000061,PRODUCTION LOT TESTING,G,______,1.0,,,2026-08-06,2026-08-13,CABLE ASSEMBLY,DIBBS|SPE4A626T13NF|0001S00000061,First article test line - not a product line
SPE4A626T12FD,0001S00000061,SPE4A626T12FD,08-05-2026,08-12-2026,2026-08-21 02:41:27,Origin,Origin,Tech,7017741326,https://dibbs2.bsm.dla.mil/Downloads/RFQ/D/SPE4A626T12FD.PDF,https://www.dibbs.bsm.dla.mil/RFQ/RFQRec.aspx?sn=SPE4A626T12FD,https://www.dibbs.bsm.dla.mil/rfq/rfqrec.aspx?sn=SPE4A626T12FD,CABLE ASSEMBLY,19,20260930T164027Z,0001S00000061,PRODUCTION LOT TESTING,C,______,1.0,"68999 | 11481421-001 | TIMES MICROWAVE SYSTEMS, INC",,2026-08-05,2026-08-12,CABLE ASSEMBLY,DIBBS|SPE4A626T12FD|0001S00000061,First article test line - not a product line
SPE4A626T09SV,0001S00000053,SPE4A626T09SV,07-27-2026,08-03-2026,2026-08-21 02:41:27,Origin,Origin,Tech,7017148387,https://dibbs2.bsm.dla.mil/Downloads/RFQ/V/SPE4A626T09SV.PDF,https://www.dibbs.bsm.dla.mil/RFQ/RFQRec.aspx?sn=SPE4A626T09SV,https://www.dibbs.bsm.dla.mil/rfq/rfqrec.aspx?sn=SPE4A626T09SV,CABLE ASSEMBLY,19,20260930T164027Z,0001S00000053,CONTRACTOR FIRST ARTIC,G,______,1.0,,,2026-07-27,2026-08-03,CABLE ASSEMBLY,DIBBS|SPE4A626T09SV|0001S00000053,First article test line - not a product line
SPE4A626T07LC,0001S00000052,SPE4A626T07LC,07-17-2026,07-24-2026,2026-08-21 02:41:27,Origin,Origin,Tech,7017527853,https://dibbs2.bsm.dla.mil/Downloads/RFQ/C/SPE4A626T07LC.PDF,https://www.dibbs.bsm.dla.mil/RFQ/RFQRec.aspx?sn=SPE4A626T07LC,https://www.dibbs.bsm.dla.mil/rfq/rfqrec.aspx?sn=SPE4A626T07LC,CABLE ASSEMBLY,19,20260930T164027Z,0001S00000052,GOVERNMENT FIRST ARTIC,G,______,1.0,,,2026-07-17,2026-07-24,CABLE ASSEMBLY,DIBBS|SPE4A626T07LC|0001S00000052,First article test line - not a product line
SPE4A626T03QA,0001S00000061,SPE4A626T03QA,07-07-2026,07-14-2026,2026-08-21 02:41:27,Origin,Origin,Tech,7017380507,https://dibbs2.bsm.dla.mil/Downloads/RFQ/A/SPE4A626T03QA.PDF,https://www.dibbs.bsm.dla.mil/RFQ/RFQRec.aspx?sn=SPE4A626T03QA,https://www.dibbs.bsm.dla.mil/rfq/rfqrec.aspx?sn=SPE4A626T03QA,CABLE ASSEMBLY,19,20260930T164027Z,0001S00000061,PRODUCTION LOT TESTING,G,______,1.0,,,2026-07-07,2026-07-14,CABLE ASSEMBLY,DIBBS|SPE4A626T03QA|0001S00000061,First article test line - not a product line
SPE4A626T01MM,0001S00000053,SPE4A626T01MM,06-29-2026,07-06-2026,2026-08-21 02:41:27,Origin,Origin,Tech,7015955884,https://dibbs2.bsm.dla.mil/Downloads/RFQ/M/SPE4A626T01MM.PDF,https://www.dibbs.bsm.dla.mil/RFQ/RFQRec.aspx?sn=SPE4A626T01MM,https://www.dibbs.bsm.dla.mil/rfq/rfqrec.aspx?sn=SPE4A626T01MM,CABLE ASSEMBLY,19,20260930T164027Z,0001S00000053,CONTRACTOR FIRST ARTIC,G,______,1.0,,,2026-06-29,2026-07-06,CABLE ASSEMBLY,DIBBS|SPE4A626T01MM|0001S00000053,First article test line - not a product line
SPE4A726T218K,0001S00000052,SPE4A726T218K,04-08-2026,04-15-2026,2026-08-21 02:41:27,Origin,Origin,Tech,7016227372,https://dibbs2.bsm.dla.mil/Downloads/RFQ/K/SPE4A726T218K.PDF,https://www.dibbs.bsm.dla.mil/RFQ/RFQRec.aspx?sn=SPE4A726T218K,https://www.dibbs.bsm.dla.mil/rfq/rfqrec.aspx?sn=SPE4A726T218K,CABLE ASSEMBLY,19,20260930T164027Z,0001S00000052,GOVERNMENT FIRST ARTIC,G,______,1.0,,,2026-04-08,2026-04-15,CABLE ASSEMBLY,DIBBS|SPE4A726T218K|0001S00000052,First article test line - not a product line
SPE4A726T210N,0001S00000061,SPE4A726T210N,04-08-2026,04-15-2026,2026-08-21 02:41:27,Origin,Origin,Tech,7016227101,https://dibbs2.bsm.dla.mil/Downloads/RFQ/N/SPE4A726T210N.PDF,https://www.dibbs.bsm.dla.mil/RFQ/RFQRec.aspx?sn=SPE4A726T210N,https://www.dibbs.bsm.dla.mil/rfq/rfqrec.aspx?sn=SPE4A726T210N,CABLE ASSEMBLY,19,20260930T164027Z,0001S00000061,PRODUCTION LOT TESTING,G,______,1.0,,,2026-04-08,2026-04-15,CABLE ASSEMBLY,DIBBS|SPE4A726T210N|0001S00000061,First article test line - not a product line
SPE4A726T150L,0001S00000053,SPE4A726T150L,03-26-2026,04-02-2026,2026-08-21 02:41:27,Origin,Origin,Tech,7016049267,https://dibbs2.bsm.dla.mil/Downloads/RFQ/L/SPE4A726T150L.PDF,https://www.dibbs.bsm.dla.mil/RFQ/RFQRec.aspx?sn=SPE4A726T150L,https://www.dibbs.bsm.dla.mil/rfq/rfqrec.aspx?sn=SPE4A726T150L,CABLE ASSEMBLY,19,20260930T164027Z,0001S00000053,CONTRACTOR FIRST ARTIC,G,______,1.0,,,2026-03-26,2026-04-02,CABLE ASSEMBLY,DIBBS|SPE4A726T150L|0001S00000053,First article test line - not a product line
SPE4A726T089Q,0001S00000053,SPE4A726T089Q,03-13-2026,03-20-2026,2026-08-21 02:41:27,Origin,Origin,Tech,7015853651,https://dibbs2.bsm.dla.mil/Downloads/RFQ/Q/SPE4A726T089Q.PDF,https://www.dibbs.bsm.dla.mil/RFQ/RFQRec.aspx?sn=SPE4A726T089Q,https://www.dibbs.bsm.dla.mil/rfq/rfqrec.aspx?sn=SPE4A726T089Q,CABLE ASSEMBLY,19,20260930T164027Z,0001S00000053,CONTRACTOR FIRST ARTIC,G,______,1.0,,,2026-03-13,2026-03-20,CABLE ASSEMBLY,DIBBS|SPE4A726T089Q|0001S00000053,First article test line - not a product line
SPE4A626T98G5,0001S00000052,SPE4A626T98G5,06-22-2026,06-29-2026,2026-08-21 02:41:27,Origin,Origin,None,7017220612,https://dibbs2.bsm.dla.mil/Downloads/RFQ/5/SPE4A626T98G5.PDF,https://www.dibbs.bsm.dla.mil/RFQ/RFQRec.aspx?sn=SPE4A626T98G5,https://www.dibbs.bsm.dla.mil/rfq/rfqrec.aspx?sn=SPE4A626T98G5,CABLE ASSEMBLY,19,20260930T164027Z,0001S00000052,GOVERNMENT FIRST ARTIC,C,______,1.0,"27456 | 765R147G01 | DCX-CHOL ENTERPRISES, INC",,2026-06-22,2026-06-29,CABLE ASSEMBLY,DIBBS|SPE4A626T98G5|0001S00000052,First article test line - not a product line
SPE4A626T96Z8,0001S00000053,SPE4A626T96Z8,06-18-2026,06-25-2026,2026-08-21 02:41:27,Origin,Origin,Tech,7017227390,https://dibbs2.bsm.dla.mil/Downloads/RFQ/8/SPE4A626T96Z8.PDF,https://www.dibbs.bsm.dla.mil/RFQ/RFQRec.aspx?sn=SPE4A626T96Z8,https://www.dibbs.bsm.dla.mil/rfq/rfqrec.aspx?sn=SPE4A626T96Z8,CABLE ASSEMBLY,19,20260930T164027Z,0001S00000053,CONTRACTOR FIRST ARTIC,C,______,1.0,14532 | 2910453-21 | THE FIRST ELECTRONICS CORPORATION,,2026-06-18,2026-06-25,CABLE ASSEMBLY,DIBBS|SPE4A626T96Z8|0001S00000053,First article test line - not a product line
SPE4A626T89P2,0001S00000052,SPE4A626T89P2,06-15-2026,06-22-2026,2026-08-21 02:41:27,Origin,Origin,Tech,7017147146,https://dibbs2.bsm.dla.mil/Downloads/RFQ/2/SPE4A626T89P2.PDF,https://www.dibbs.bsm.dla.mil/RFQ/RFQRec.aspx?sn=SPE4A626T89P2,https://www.dibbs.bsm.dla.mil/rfq/rfqrec.aspx?sn=SPE4A626T89P2,CABLE ASSEMBLY,20,20260930T164044Z,0001S00000052,GOVERNMENT FIRST ARTIC,G,______,1.0,,,2026-06-15,2026-06-22,CABLE ASSEMBLY,DIBBS|SPE4A626T89P2|0001S00000052,First article test line - not a product line
SPE4A626T80V6,0001S00000053,SPE4A626T80V6,06-05-2026,06-12-2026,2026-08-21 02:41:27,Origin,Origin,Tech,7016869814,https://dibbs2.bsm.dla.mil/Downloads/RFQ/6/SPE4A626T80V6.PDF,https://www.dibbs.bsm.dla.mil/RFQ/RFQRec.aspx?sn=SPE4A626T80V6,https://www.dibbs.bsm.dla.mil/rfq/rfqrec.aspx?sn=SPE4A626T80V6,CABLE ASSEMBLY,20,20260930T164044Z,0001S00000053,CONTRACTOR FIRST ARTIC,G,______,1.0,,,2026-06-05,2026-06-12,CABLE ASSEMBLY,DIBBS|SPE4A626T80V6|0001S00000053,First article test line - not a product line
SPE4A726T530Q,0001S00000053,SPE4A726T530Q,06-25-2026,07-02-2026,2026-08-21 02:41:27,Origin,Origin,None,7017011507,https://dibbs2.bsm.dla.mil/Downloads/RFQ/Q/SPE4A726T530Q.PDF,https://www.dibbs.bsm.dla.mil/RFQ/RFQRec.aspx?sn=SPE4A726T530Q,https://www.dibbs.bsm.dla.mil/rfq/rfqrec.aspx?sn=SPE4A726T530Q,CABLE ASSEMBLY,20,20260930T164044Z,0001S00000053,CONTRACTOR FIRST ARTIC,C,______,1.0,67291 | 25-74372-5 | RICHARD MANUFACTURING COMPANY,,2026-06-25,2026-07-02,CABLE ASSEMBLY,DIBBS|SPE4A726T530Q|0001S00000053,First article test line - not a product line
SPE4A726T227Q,0001S00000053,SPE4A726T227Q,04-10-2026,04-17-2026,2026-08-21 02:41:27,Origin,Origin,Tech,7015599429,https://dibbs2.bsm.dla.mil/Downloads/RFQ/Q/SPE4A726T227Q.PDF,https://www.dibbs.bsm.dla.mil/RFQ/RFQRec.aspx?sn=SPE4A726T227Q,https://www.dibbs.bsm.dla.mil/rfq/rfqrec.aspx?sn=SPE4A726T227Q,CABLE ASSEMBLY,20,20260930T164044Z,0001S00000053,CONTRACTOR FIRST ARTIC,G,______,1.0,,,2026-04-10,2026-04-17,CABLE ASSEMBLY,DIBBS|SPE4A726T227Q|0001S00000053,First article test line - not a product line
SPE4A726T214U,0001S00000052,SPE4A726T214U,04-08-2026,04-15-2026,2026-08-21 02:41:27,Origin,Origin,Tech,7016228516,https://dibbs2.bsm.dla.mil/Downloads/RFQ/U/SPE4A726T214U.PDF,https://www.dibbs.bsm.dla.mil/RFQ/RFQRec.aspx?sn=SPE4A726T214U,https://www.dibbs.bsm.dla.mil/rfq/rfqrec.aspx?sn=SPE4A726T214U,CABLE ASSEMBLY,20,20260930T164044Z,0001S00000052,GOVERNMENT FIRST ARTIC,G,______,1.0,,,2026-04-08,2026-04-15,CABLE ASSEMBLY,DIBBS|SPE4A726T214U|0001S00000052,First article test line - not a product line
SPE4A726T212Q,0001S00000053,SPE4A726T212Q,04-08-2026,04-15-2026,2026-08-21 02:41:27,Origin,Origin,Tech,7016228632,https://dibbs2.bsm.dla.mil/Downloads/RFQ/Q/SPE4A726T212Q.PDF,https://www.dibbs.bsm.dla.mil/RFQ/RFQRec.aspx?sn=SPE4A726T212Q,https://www.dibbs.bsm.dla.mil/rfq/rfqrec.aspx?sn=SPE4A726T212Q,CABLE ASSEMBLY,20,20260930T164044Z,0001S00000053,CONTRACTOR FIRST ARTIC,G,______,1.0,,,2026-04-08,2026-04-15,CABLE ASSEMBLY,DIBBS|SPE4A726T212Q|0001S00000053,First article test line - not a product line
SPE4A726T9492,0001S00000061,SPE4A726T9492,02-19-2026,02-26-2026,2026-08-21 02:41:27,Origin,Origin,Tech,7014544895,https://dibbs2.bsm.dla.mil/Downloads/RFQ/2/SPE4A726T9492.PDF,https://www.dibbs.bsm.dla.mil/RFQ/RFQRec.aspx?sn=SPE4A726T9492,https://www.dibbs.bsm.dla.mil/rfq/rfqrec.aspx?sn=SPE4A726T9492,CABLE ASSEMBLY,20,20260930T164044Z,0001S00000061,PRODUCTION LOT TESTING,G,______,1.0,,,2026-02-19,2026-02-26,CABLE ASSEMBLY,DIBBS|SPE4A726T9492|0001S00000061,First article test line - not a product line
SPE4A726T9463,0001S00000052,SPE4A726T9463,02-18-2026,02-25-2026,2026-08-21 02:41:27,Origin,Origin,Tech,7015476410,https://dibbs2.bsm.dla.mil/Downloads/RFQ/3/SPE4A726T9463.PDF,https://www.dibbs.bsm.dla.mil/RFQ/RFQRec.aspx?sn=SPE4A726T9463,https://www.dibbs.bsm.dla.mil/rfq/rfqrec.aspx?sn=SPE4A726T9463,CABLE ASSEMBLY,20,20260930T164044Z,0001S00000052,GOVERNMENT FIRST ARTIC,G,______,1.0,,,2026-02-18,2026-02-25,CABLE ASSEMBLY,DIBBS|SPE4A726T9463|0001S00000052,First article test line - not a product line
SPE4A626T709R,0001S00000052,SPE4A626T709R,02-17-2026,02-24-2026,2026-08-21 02:41:27,Origin,Origin,None,7015537482,https://dibbs2.bsm.dla.mil/Downloads/RFQ/R/SPE4A626T709R.PDF,https://www.dibbs.bsm.dla.mil/RFQ/RFQRec.aspx?sn=SPE4A626T709R,https://www.dibbs.bsm.dla.mil/rfq/rfqrec.aspx?sn=SPE4A626T709R,CABLE ASSEMBLY,20,20260930T164044Z,0001S00000052,GOVERNMENT FIRST ARTIC,P,______,1.0,"00752 | 4244988-059 | L3HARRIS TECHNOLOGIES, INC.",,2026-02-17,2026-02-24,CABLE ASSEMBLY,DIBBS|SPE4A626T709R|0001S00000052,First article test line - not a product line
SPE4A626T69H5,0001S00000052,SPE4A626T69H5,05-22-2026,05-29-2026,2026-08-21 02:41:27,Origin,Origin,Tech,7016845218,https://dibbs2.bsm.dla.mil/Downloads/RFQ/5/SPE4A626T69H5.PDF,https://www.dibbs.bsm.dla.mil/RFQ/RFQRec.aspx?sn=SPE4A626T69H5,https://www.dibbs.bsm.dla.mil/rfq/rfqrec.aspx?sn=SPE4A626T69H5,CABLE ASSEMBLY,20,20260930T164044Z,0001S00000052,GOVERNMENT FIRST ARTIC,G,______,1.0,,,2026-05-22,2026-05-29,CABLE ASSEMBLY,DIBBS|SPE4A626T69H5|0001S00000052,First article test line - not a product line
SPE4A626T67K2,0001S00000061,SPE4A626T67K2,05-21-2026,05-28-2026,2026-08-21 02:41:27,Origin,Origin,Tech,7016879964,https://dibbs2.bsm.dla.mil/Downloads/RFQ/2/SPE4A626T67K2.PDF,https://www.dibbs.bsm.dla.mil/RFQ/RFQRec.aspx?sn=SPE4A626T67K2,https://www.dibbs.bsm.dla.mil/rfq/rfqrec.aspx?sn=SPE4A626T67K2,CABLE ASSEMBLY,20,20260930T164044Z,0001S00000061,PRODUCTION LOT TESTING,G,______,1.0,,,2026-05-21,2026-05-28,CABLE ASSEMBLY,DIBBS|SPE4A626T67K2|0001S00000061,First article test line - not a product line
SPE4A626T6554,0001S00000053,SPE4A626T6554,10-28-2025,11-04-2025,2026-08-21 02:41:27,Origin,Origin,Tech,7014285375,https://dibbs2.bsm.dla.mil/Downloads/RFQ/4/SPE4A626T6554.PDF,https://www.dibbs.bsm.dla.mil/RFQ/RFQRec.aspx?sn=SPE4A626T6554,https://www.dibbs.bsm.dla.mil/rfq/rfqrec.aspx?sn=SPE4A626T6554,CABLE ASSEMBLY,20,20260930T164044Z,0001S00000053,CONTRACTOR FIRST ARTIC,G,______,1.0,,,2025-10-28,2025-11-04,CABLE ASSEMBLY,DIBBS|SPE4A626T6554|0001S00000053,First article test line - not a product line
SPE4A626T60P3,0001S00000061,SPE4A626T60P3,05-19-2026,05-26-2026,2026-08-21 02:41:27,Origin,Origin,Tech,7014545161,https://dibbs2.bsm.dla.mil/Downloads/RFQ/3/SPE4A626T60P3.PDF,https://www.dibbs.bsm.dla.mil/RFQ/RFQRec.aspx?sn=SPE4A626T60P3,https://www.dibbs.bsm.dla.mil/rfq/rfqrec.aspx?sn=SPE4A626T60P3,CABLE ASSEMBLY,20,20260930T164044Z,0001S00000061,PRODUCTION LOT TESTING,G,______,1.0,,,2026-05-19,2026-05-26,CABLE ASSEMBLY,DIBBS|SPE4A626T60P3|0001S00000061,First article test line - not a product line
SPE4A726T162U,0001S00000052,SPE4A726T162U,03-27-2026,04-03-2026,2026-08-21 02:41:27,Origin,Origin,Tech,7016081123,https://dibbs2.bsm.dla.mil/Downloads/RFQ/U/SPE4A726T162U.PDF,https://www.dibbs.bsm.dla.mil/RFQ/RFQRec.aspx?sn=SPE4A726T162U,https://www.dibbs.bsm.dla.mil/rfq/rfqrec.aspx?sn=SPE4A726T162U,CABLE ASSEMBLY,20,20260930T164044Z,0001S00000052,GOVERNMENT FIRST ARTIC,C,______,1.0,"27456 | 16VE002007-2 | DCX-CHOL ENTERPRISES, INC",,2026-03-27,2026-04-03,CABLE ASSEMBLY,DIBBS|SPE4A726T162U|0001S00000052,First article test line - not a product line
SPE4A726T149Y,0001S00000061,SPE4A726T149Y,03-26-2026,04-02-2026,2026-08-21 02:41:27,Origin,Origin,Tech,7016048569,https://dibbs2.bsm.dla.mil/Downloads/RFQ/Y/SPE4A726T149Y.PDF,https://www.dibbs.bsm.dla.mil/RFQ/RFQRec.aspx?sn=SPE4A726T149Y,https://www.dibbs.bsm.dla.mil/rfq/rfqrec.aspx?sn=SPE4A726T149Y,CABLE ASSEMBLY,20,20260930T164044Z,0001S00000061,PRODUCTION LOT TESTING,G,______,1.0,,,2026-03-26,2026-04-02,CABLE ASSEMBLY,DIBBS|SPE4A726T149Y|0001S00000061,First article test line - not a product line
SPE4A726T131Q,0001S00000061,SPE4A726T131Q,03-23-2026,03-30-2026,2026-08-21 02:41:27,Origin,Origin,None,7015955778,https://dibbs2.bsm.dla.mil/Downloads/RFQ/Q/SPE4A726T131Q.PDF,https://www.dibbs.bsm.dla.mil/RFQ/RFQRec.aspx?sn=SPE4A726T131Q,https://www.dibbs.bsm.dla.mil/rfq/rfqrec.aspx?sn=SPE4A726T131Q,CABLE ASSEMBLY,20,20260930T164044Z,0001S00000061,PRODUCTION LOT TESTING,C,______,1.0,0ZBE8 | 0060-65 | TRIMAN INDUSTRIES INC,,2026-03-23,2026-03-30,CABLE ASSEMBLY,DIBBS|SPE4A726T131Q|0001S00000061,First article test line - not a product line
SPE4A726T100Z,0001S00000061,SPE4A726T100Z,03-18-2026,03-25-2026,2026-08-21 02:41:27,Origin,Origin,Tech,7015954442,https://dibbs2.bsm.dla.mil/Downloads/RFQ/Z/SPE4A726T100Z.PDF,https://www.dibbs.bsm.dla.mil/RFQ/RFQRec.aspx?sn=SPE4A726T100Z,https://www.dibbs.bsm.dla.mil/rfq/rfqrec.aspx?sn=SPE4A726T100Z,CABLE ASSEMBLY,20,20260930T164044Z,0001S00000061,PRODUCTION LOT TESTING,C,______,1.0,"68999 | AE8291 | TIMES MICROWAVE SYSTEMS, INC",,2026-03-18,2026-03-25,CABLE ASSEMBLY,DIBBS|SPE4A726T100Z|0001S00000061,First article test line - not a product line
SPE4A726T097C,0001S00000061,SPE4A726T097C,03-17-2026,03-24-2026,2026-08-21 02:41:27,Origin,Origin,Tech,7015854473,https://dibbs2.bsm.dla.mil/Downloads/RFQ/C/SPE4A726T097C.PDF,https://www.dibbs.bsm.dla.mil/RFQ/RFQRec.aspx?sn=SPE4A726T097C,https://www.dibbs.bsm.dla.mil/rfq/rfqrec.aspx?sn=SPE4A726T097C,CABLE ASSEMBLY,20,20260930T164044Z,0001S00000061,PRODUCTION LOT TESTING,G,______,1.0,,,2026-03-17,2026-03-24,CABLE ASSEMBLY,DIBBS|SPE4A726T097C|0001S00000061,First article test line - not a product line
SPE4A726T075M,0001S00000053,SPE4A726T075M,03-11-2026,03-18-2026,2026-08-21 02:41:27,Origin,Origin,Tech,7015854006,https://dibbs2.bsm.dla.mil/Downloads/RFQ/M/SPE4A726T075M.PDF,https://www.dibbs.bsm.dla.mil/RFQ/RFQRec.aspx?sn=SPE4A726T075M,https://www.dibbs.bsm.dla.mil/rfq/rfqrec.aspx?sn=SPE4A726T075M,CABLE ASSEMBLY,20,20260930T164044Z,0001S00000053,CONTRACTOR FIRST ARTIC,G,______,1.0,,,2026-03-11,2026-03-18,CABLE ASSEMBLY,DIBBS|SPE4A726T075M|0001S00000053,First article test line - not a product line
SPE4A726T075G,0001S00000061,SPE4A726T075G,03-11-2026,03-18-2026,2026-08-21 02:41:27,Origin,Origin,Tech,7015853304,https://dibbs2.bsm.dla.mil/Downloads/RFQ/G/SPE4A726T075G.PDF,https://www.dibbs.bsm.dla.mil/RFQ/RFQRec.aspx?sn=SPE4A726T075G,https://www.dibbs.bsm.dla.mil/rfq/rfqrec.aspx?sn=SPE4A726T075G,CABLE ASSEMBLY,20,20260930T164044Z,0001S00000061,PRODUCTION LOT TESTING,G,______,1.0,,,2026-03-11,2026-03-18,CABLE ASSEMBLY,DIBBS|SPE4A726T075G|0001S00000061,First article test line - not a product line
SPE4A726T073M,0001S00000052,SPE4A726T073M,03-11-2026,03-18-2026,2026-08-21 02:41:27,Origin,Origin,Tech,7015688843,https://dibbs2.bsm.dla.mil/Downloads/RFQ/M/SPE4A726T073M.PDF,https://www.dibbs.bsm.dla.mil/RFQ/RFQRec.aspx?sn=SPE4A726T073M,https://www.dibbs.bsm.dla.mil/rfq/rfqrec.aspx?sn=SPE4A726T073M,CABLE ASSEMBLY,20,20260930T164044Z,0001S00000052,GOVERNMENT FIRST ARTIC,G,______,1.0,,,2026-03-11,2026-03-18,CABLE ASSEMBLY,DIBBS|SPE4A726T073M|0001S00000052,First article test line - not a product line
SPE4A726T069V,0001S00000053,SPE4A726T069V,03-11-2026,03-18-2026,2026-08-21 02:41:27,Origin,Origin,Tech,7015853738,https://dibbs2.bsm.dla.mil/Downloads/RFQ/V/SPE4A726T069V.PDF,https://www.dibbs.bsm.dla.mil/RFQ/RFQRec.aspx?sn=SPE4A726T069V,https://www.dibbs.bsm.dla.mil/rfq/rfqrec.aspx?sn=SPE4A726T069V,CABLE ASSEMBLY,20,20260930T164044Z,0001S00000053,CONTRACTOR FIRST ARTIC,G,______,1.0,,,2026-03-11,2026-03-18,CABLE ASSEMBLY,DIBBS|SPE4A726T069V|0001S00000053,First article test line - not a product line
SPE4A726T056Q,0001S00000052,SPE4A726T056Q,03-11-2026,03-18-2026,2026-08-21 02:41:27,Origin,Origin,Tech,7015818155,https://dibbs2.bsm.dla.mil/Downloads/RFQ/Q/SPE4A726T056Q.PDF,https://www.dibbs.bsm.dla.mil/RFQ/RFQRec.aspx?sn=SPE4A726T056Q,https://www.dibbs.bsm.dla.mil/rfq/rfqrec.aspx?sn=SPE4A726T056Q,CABLE ASSEMBLY,20,20260930T164044Z,0001S00000052,GOVERNMENT FIRST ARTIC,C,______,1.0,"01BB2 | BMC5611 | AMPHENOL BORISCH TECHNOLOGIES, INC",,2026-03-11,2026-03-18,CABLE ASSEMBLY,DIBBS|SPE4A726T056Q|0001S00000052,First article test line - not a product line
SPE4A726T042N,0001S00000061,SPE4A726T042N,03-05-2026,03-12-2026,2026-08-21 02:41:27,Origin,Origin,Tech,7013943647,https://dibbs2.bsm.dla.mil/Downloads/RFQ/N/SPE4A726T042N.PDF,https://www.dibbs.bsm.dla.mil/RFQ/RFQRec.aspx?sn=SPE4A726T042N,https://www.dibbs.bsm.dla.mil/rfq/rfqrec.aspx?sn=SPE4A726T042N,CABLE ASSEMBLY,20,20260930T164044Z,0001S00000061,PRODUCTION LOT TESTING,G,______,1.0,,,2026-03-05,2026-03-12,CABLE ASSEMBLY,DIBBS|SPE4A726T042N|0001S00000061,First article test line - not a product line
SPE7M526Q0448,0001S00000053,SPE7M526Q0448,04-28-2026,05-12-2026,2026-08-21 02:41:27,Origin,Origin,Tech,7015600067,https://dibbs2.bsm.dla.mil/Downloads/RFQ/8/SPE7M526Q0448.PDF,https://www.dibbs.bsm.dla.mil/RFQ/RFQRec.aspx?sn=SPE7M526Q0448,https://www.dibbs.bsm.dla.mil/rfq/rfqrec.aspx?sn=SPE7M526Q0448,BOX,1,20260930T164058Z,0001S00000053,CONTRACTOR FIRST ARTIC,G,000000,1.0,,,2026-04-28,2026-05-12,BOX,DIBBS|SPE7M526Q0448|0001S00000053,First article test line - not a product line
SPE7L126Q1391,0001S00000053,SPE7L126Q1391,07-29-2026,08-14-2026,2026-08-21 02:41:27,Origin,Origin,None,7017237144,https://dibbs2.bsm.dla.mil/Downloads/RFQ/1/SPE7L126Q1391.PDF,https://www.dibbs.bsm.dla.mil/RFQ/RFQRec.aspx?sn=SPE7L126Q1391,https://www.dibbs.bsm.dla.mil/rfq/rfqrec.aspx?sn=SPE7L126Q1391,BOX,2,20260930T164116Z,0001S00000053,CONTRACTOR FIRST ARTIC,C,332510,1.0,084H0 | 4033977 | POLAR CORPORATION,,2026-07-29,2026-08-14,BOX,DIBBS|SPE7L126Q1391|0001S00000053,First article test line - not a product line
SPE7L326Q1274,0001S00000053,SPE7L326Q1274,08-28-2026,09-11-2026,2026-08-28 11:09:53,Origin,Origin,Tech,7017437763,https://dibbs2.bsm.dla.mil/Downloads/RFQ/4/SPE7L326Q1274.PDF,https://www.dibbs.bsm.dla.mil/RFQ/RFQRec.aspx?sn=SPE7L326Q1274,https://www.dibbs.bsm.dla.mil/rfq/rfqrec.aspx?sn=SPE7L326Q1274,BOX,2,20260930T164116Z,0001S00000053,CONTRACTOR FIRST ARTIC,G,336390,1.0,,,2026-08-28,2026-09-11,BOX,DIBBS|SPE7L326Q1274|0001S00000053,First article test line - not a product line
SPE7L326Q1274,0001S00000060,SPE7L326Q1274,08-28-2026,09-11-2026,2026-08-28 11:09:53,Origin,Origin,Tech,7017437763,https://dibbs2.bsm.dla.mil/Downloads/RFQ/4/SPE7L326Q1274.PDF,https://www.dibbs.bsm.dla.mil/RFQ/RFQRec.aspx?sn=SPE7L326Q1274,https://www.dibbs.bsm.dla.mil/rfq/rfqrec.aspx?sn=SPE7L326Q1274,BOX,2,20260930T164116Z,0001S00000060,GOVERNMENT FIT VERIFIC,G,336390,1.0,,,2026-08-28,2026-09-11,BOX,DIBBS|SPE7L326Q1274|0001S00000060,First article test line - not a product line
SPE7L326Q1274,0001S00000114,SPE7L326Q1274,08-28-2026,09-11-2026,2026-08-28 11:09:53,Origin,Origin,Tech,7017437763,https://dibbs2.bsm.dla.mil/Downloads/RFQ/4/SPE7L326Q1274.PDF,https://www.dibbs.bsm.dla.mil/RFQ/RFQRec.aspx?sn=SPE7L326Q1274,https://www.dibbs.bsm.dla.mil/rfq/rfqrec.aspx?sn=SPE7L326Q1274,BOX,2,20260930T164116Z,0001S00000114,PRODUCTION CONTROL TES,G,336390,2.0,,,2026-08-28,2026-09-11,BOX,DIBBS|SPE7L326Q1274|0001S00000114,First article test line - not a product line
SPE7M426Q0640,0001S00000053,SPE7M426Q0640,08-28-2026,09-03-2026,2026-08-28 09:39:41,Origin,Origin,Tech,7014418155,https://dibbs2.bsm.dla.mil/Downloads/RFQ/0/SPE7M426Q0640.PDF,https://www.dibbs.bsm.dla.mil/RFQ/RFQRec.aspx?sn=SPE7M426Q0640,https://www.dibbs.bsm.dla.mil/rfq/rfqrec.aspx?sn=SPE7M426Q0640,BOX,2,20260930T164116Z,0001S00000053,CONTRACTOR FIRST ARTIC,G,000000,1.0,,,2026-08-28,2026-09-03,BOX,DIBBS|SPE7M426Q0640|0001S00000053,First article test line - not a product line
SPE7M426Q0640,0001S00000062,SPE7M426Q0640,08-28-2026,09-03-2026,2026-08-28 09:39:41,Origin,Origin,Tech,7014418155,https://dibbs2.bsm.dla.mil/Downloads/RFQ/0/SPE7M426Q0640.PDF,https://www.dibbs.bsm.dla.mil/RFQ/RFQRec.aspx?sn=SPE7M426Q0640,https://www.dibbs.bsm.dla.mil/rfq/rfqrec.aspx?sn=SPE7M426Q0640,BOX,2,20260930T164116Z,0001S00000062,PRODUCTION LOT TESTING,G,000000,1.0,,,2026-08-28,2026-09-03,BOX,DIBBS|SPE7M426Q0640|0001S00000062,First article test line - not a product line
SPE7L326Q0745,0001S00000053,SPE7L326Q0745,04-17-2026,05-01-2026,2026-08-21 02:41:27,Origin,Origin,Tech,7012679762,https://dibbs2.bsm.dla.mil/Downloads/RFQ/5/SPE7L326Q0745.PDF,https://www.dibbs.bsm.dla.mil/RFQ/RFQRec.aspx?sn=SPE7L326Q0745,https://www.dibbs.bsm.dla.mil/rfq/rfqrec.aspx?sn=SPE7L326Q0745,BOX,2,20260930T164116Z,0001S00000053,CONTRACTOR FIRST ARTIC,G,000000,1.0,,,2026-04-17,2026-05-01,BOX,DIBBS|SPE7L326Q0745|0001S00000053,First article test line - not a product line
SPE7L326Q0745,0001S00000061,SPE7L326Q0745,04-17-2026,05-01-2026,2026-08-21 02:41:27,Origin,Origin,Tech,7012679762,https://dibbs2.bsm.dla.mil/Downloads/RFQ/5/SPE7L326Q0745.PDF,https://www.dibbs.bsm.dla.mil/RFQ/RFQRec.aspx?sn=SPE7L326Q0745,https://www.dibbs.bsm.dla.mil/rfq/rfqrec.aspx?sn=SPE7L326Q0745,BOX,2,20260930T164116Z,0001S00000061,PRODUCTION LOT TESTING,G,000000,1.0,,,2026-04-17,2026-05-01,BOX,DIBBS|SPE7L326Q0745|0001S00000061,First article test line - not a product line
SPE7L326Q0690,0001S00000053,SPE7L326Q0690,03-18-2026,04-01-2026,2026-08-21 02:41:27,Origin,Origin,None,7014487721,https://dibbs2.bsm.dla.mil/Downloads/RFQ/0/SPE7L326Q0690.PDF,https://www.dibbs.bsm.dla.mil/RFQ/RFQRec.aspx?sn=SPE7L326Q0690,https://www.dibbs.bsm.dla.mil/rfq/rfqrec.aspx?sn=SPE7L326Q0690,BOX,2,20260930T164116Z,0001S00000053,CONTRACTOR FIRST ARTIC,C,339991,1.0,52661 | P38161 | RTX CORPORATION,,2026-03-18,2026-04-01,BOX,DIBBS|SPE7L326Q0690|0001S00000053,First article test line - not a product line
SPE7L326Q0482,0001S00000053,SPE7L326Q0482,02-02-2026,02-17-2026,2026-08-21 02:41:27,Destination,Origin,Tech,7014261815,https://dibbs2.bsm.dla.mil/Downloads/RFQ/2/SPE7L326Q0482.PDF,https://www.dibbs.bsm.dla.mil/RFQ/RFQRec.aspx?sn=SPE7L326Q0482,https://www.dibbs.bsm.dla.mil/rfq/rfqrec.aspx?sn=SPE7L326Q0482,BOX,2,20260930T164116Z,0001S00000053,CONTRACTOR FIRST ARTIC,C,000000,1.0,0NFB8 | 4J12026-105B | DIALOGIC CORP,,2026-02-02,2026-02-17,BOX,DIBBS|SPE7L326Q0482|0001S00000053,First article test line - not a product line
SPE7L326Q1188,0001S00000053,SPE7L326Q1188,07-16-2026,07-30-2026,2026-08-21 02:41:27,Origin,Origin,Tech,7017440316,https://dibbs2.bsm.dla.mil/Downloads/RFQ/8/SPE7L326Q1188.PDF,https://www.dibbs.bsm.dla.mil/RFQ/RFQRec.aspx?sn=SPE7L326Q1188,https://www.dibbs.bsm.dla.mil/rfq/rfqrec.aspx?sn=SPE7L326Q1188,BOX,2,20260930T164116Z,0001S00000053,CONTRACTOR FIRST ARTIC,G,336390,1.0,,,2026-07-16,2026-07-30,BOX,DIBBS|SPE7L326Q1188|0001S00000053,First article test line - not a product line
SPE8E626Q0552,0001S00000053,SPE8E626Q0552,07-07-2026,07-14-2026,2026-08-21 02:41:27,Origin,Origin,Tech,7016566513,https://dibbs2.bsm.dla.mil/Downloads/RFQ/2/SPE8E626Q0552.PDF,https://www.dibbs.bsm.dla.mil/RFQ/RFQRec.aspx?sn=SPE8E626Q0552,https://www.dibbs.bsm.dla.mil/rfq/rfqrec.aspx?sn=SPE8E626Q0552,BOX,3,20260930T164135Z,0001S00000053,CONTRACTOR FIRST ARTIC,G,000000,1.0,,,2026-07-07,2026-07-14,BOX,DIBBS|SPE8E626Q0552|0001S00000053,First article test line - not a product line
SPE8E626Q0552,0001S00000062,SPE8E626Q0552,07-07-2026,07-14-2026,2026-08-21 02:41:27,Origin,Origin,Tech,7016566513,https://dibbs2.bsm.dla.mil/Downloads/RFQ/2/SPE8E626Q0552.PDF,https://www.dibbs.bsm.dla.mil/RFQ/RFQRec.aspx?sn=SPE8E626Q0552,https://www.dibbs.bsm.dla.mil/rfq/rfqrec.aspx?sn=SPE8E626Q0552,BOX,3,20260930T164135Z,0001S00000062,PRODUCTION LOT TESTING,G,000000,1.0,,,2026-07-07,2026-07-14,BOX,DIBBS|SPE8E626Q0552|0001S00000062,First article test line - not a product line
SPE7MC26Q0134,0001S00000053,SPE7MC26Q0134,01-22-2026,02-04-2026,2026-08-21 02:41:27,Origin,Destination,Tech,7005352206,https://dibbs2.bsm.dla.mil/Downloads/RFQ/4/SPE7MC26Q0134.PDF,https://www.dibbs.bsm.dla.mil/RFQ/RFQRec.aspx?sn=SPE7MC26Q0134,https://www.dibbs.bsm.dla.mil/rfq/rfqrec.aspx?sn=SPE7MC26Q0134,BOX,3,20260930T164135Z,0001S00000053,CONTRACTOR FIRST ARTIC,G,000000,1.0,,,2026-01-22,2026-02-04,BOX,DIBBS|SPE7MC26Q0134|0001S00000053,First article test line - not a product line
SPE7L326Q1235,0001S00000053,SPE7L326Q1235,07-31-2026,08-09-2026,2026-08-21 02:41:27,Origin,Origin,Tech,7017601891,https://dibbs2.bsm.dla.mil/Downloads/RFQ/5/SPE7L326Q1235.PDF,https://www.dibbs.bsm.dla.mil/RFQ/RFQRec.aspx?sn=SPE7L326Q1235,https://www.dibbs.bsm.dla.mil/rfq/rfqrec.aspx?sn=SPE7L326Q1235,BOX,3,20260930T164135Z,0001S00000053,CONTRACTOR FIRST ARTIC,G,332994,1.0,,,2026-07-31,2026-08-09,BOX,DIBBS|SPE7L326Q1235|0001S00000053,First article test line - not a product line
SPE7M126Q1325,0001S00000046,SPE7M126Q1325,08-04-2026,08-17-2026,2026-08-21 02:41:27,Origin,Origin,Tech,7017316748,https://dibbs2.bsm.dla.mil/Downloads/RFQ/5/SPE7M126Q1325.PDF,https://www.dibbs.bsm.dla.mil/RFQ/RFQRec.aspx?sn=SPE7M126Q1325,https://www.dibbs.bsm.dla.mil/rfq/rfqrec.aspx?sn=SPE7M126Q1325,BOX,3,20260930T164135Z,0001S00000046,MISCELLANEOUS,C,444190,10.0,17661 | 615055-2R | HAMILL MANUFACTURING COMPANY,,2026-08-04,2026-08-17,BOX,DIBBS|SPE7M126Q1325|0001S00000046,First article test line - not a product line
SPE7M126Q1325,0001S00000053,SPE7M126Q1325,08-04-2026,08-17-2026,2026-08-21 02:41:27,Origin,Origin,Tech,7017316748,https://dibbs2.bsm.dla.mil/Downloads/RFQ/5/SPE7M126Q1325.PDF,https://www.dibbs.bsm.dla.mil/RFQ/RFQRec.aspx?sn=SPE7M126Q1325,https://www.dibbs.bsm.dla.mil/rfq/rfqrec.aspx?sn=SPE7M126Q1325,BOX,3,20260930T164135Z,0001S00000053,CONTRACTOR FIRST ARTIC,C,000000,1.0,17661 | 615055-2R | HAMILL MANUFACTURING COMPANY,,2026-08-04,2026-08-17,BOX,DIBBS|SPE7M126Q1325|0001S00000053,First article test line - not a product line
SPE7M126Q1104,0001S00000053,SPE7M126Q1104,06-15-2026,06-22-2026,2026-08-21 02:41:27,Origin,Origin,Tech,7014815500,https://dibbs2.bsm.dla.mil/Downloads/RFQ/4/SPE7M126Q1104.PDF,https://www.dibbs.bsm.dla.mil/RFQ/RFQRec.aspx?sn=SPE7M126Q1104,https://www.dibbs.bsm.dla.mil/rfq/rfqrec.aspx?sn=SPE7M126Q1104,BOX,3,20260930T164135Z,0001S00000053,CONTRACTOR FIRST ARTIC,C,334515,1.0,"09059 | 11444626-1 | NATEL ENGINEERING COMPANY, LLC",,2026-06-15,2026-06-22,BOX,DIBBS|SPE7M126Q1104|0001S00000053,First article test line - not a product line
SPE7L326Q0826,0001S00000053,SPE7L326Q0826,04-15-2026,04-25-2026,2026-08-21 02:41:27,Origin,Origin,Tech,7016080184,https://dibbs2.bsm.dla.mil/Downloads/RFQ/6/SPE7L326Q0826.PDF,https://www.dibbs.bsm.dla.mil/RFQ/RFQRec.aspx?sn=SPE7L326Q0826,https://www.dibbs.bsm.dla.mil/rfq/rfqrec.aspx?sn=SPE7L326Q0826,BOX,3,20260930T164135Z,0001S00000053,CONTRACTOR FIRST ARTIC,G,334310,1.0,,,2026-04-15,2026-04-25,BOX,DIBBS|SPE7L326Q0826|0001S00000053,First article test line - not a product line
SPE7M426Q1023,0001S00000053,SPE7M426Q1023,09-04-2026,09-14-2026,2026-09-04 08:39:05,Origin,Origin,Tech,7016685580,https://dibbs2.bsm.dla.mil/Downloads/RFQ/3/SPE7M426Q1023.PDF,https://www.dibbs.bsm.dla.mil/RFQ/RFQRec.aspx?sn=SPE7M426Q1023,https://www.dibbs.bsm.dla.mil/rfq/rfqrec.aspx?sn=SPE7M426Q1023,BOX,4,20260930T164154Z,0001S00000053,CONTRACTOR FIRST ARTIC,G,339991,1.0,,,2026-09-04,2026-09-14,BOX,DIBBS|SPE7M426Q1023|0001S00000053,First article test line - not a product line
SPE7M426Q0687,0001S00000053,SPE7M426Q0687,05-28-2026,06-03-2026,2026-08-21 02:41:27,Origin,Origin,None,7016687156,https://dibbs2.bsm.dla.mil/Downloads/RFQ/7/SPE7M426Q0687.PDF,https://www.dibbs.bsm.dla.mil/RFQ/RFQRec.aspx?sn=SPE7M426Q0687,https://www.dibbs.bsm.dla.mil/rfq/rfqrec.aspx?sn=SPE7M426Q0687,BOX,4,20260930T164154Z,0001S00000053,CONTRACTOR FIRST ARTIC,C,000000,1.0,"1RZM1 | C3032DP44 | CHASE SUPPLY, INC.",,2026-05-28,2026-06-03,BOX,DIBBS|SPE7M426Q0687|0001S00000053,First article test line - not a product line
SPE7M426Q0407,0001S00000053,SPE7M426Q0407,02-10-2026,02-20-2026,2026-08-21 02:41:27,Origin,Origin,Tech,7010566189,https://dibbs2.bsm.dla.mil/Downloads/RFQ/7/SPE7M426Q0407.PDF,https://www.dibbs.bsm.dla.mil/RFQ/RFQRec.aspx?sn=SPE7M426Q0407,https://www.dibbs.bsm.dla.mil/rfq/rfqrec.aspx?sn=SPE7M426Q0407,BOX,5,20260930T164212Z,0001S00000053,CONTRACTOR FIRST ARTIC,G,332911,1.0,,,2026-02-10,2026-02-20,BOX,DIBBS|SPE7M426Q0407|0001S00000053,First article test line - not a product line
SPE7M426Q0407,0001S00000062,SPE7M426Q0407,02-10-2026,02-20-2026,2026-08-21 02:41:27,Origin,Origin,Tech,7010566189,https://dibbs2.bsm.dla.mil/Downloads/RFQ/7/SPE7M426Q0407.PDF,https://www.dibbs.bsm.dla.mil/RFQ/RFQRec.aspx?sn=SPE7M426Q0407,https://www.dibbs.bsm.dla.mil/rfq/rfqrec.aspx?sn=SPE7M426Q0407,BOX,5,20260930T164212Z,0001S00000062,PRODUCTION LOT TESTING,G,332911,1.0,,,2026-02-10,2026-02-20,BOX,DIBBS|SPE7M426Q0407|0001S00000062,First article test line - not a product line
SPE7L326Q1289,0001S00000053,SPE7L326Q1289,08-14-2026,08-24-2026,2026-08-21 02:41:27,Origin,Origin,Tech,7017529088,https://dibbs2.bsm.dla.mil/Downloads/RFQ/9/SPE7L326Q1289.PDF,https://www.dibbs.bsm.dla.mil/RFQ/RFQRec.aspx?sn=SPE7L326Q1289,https://www.dibbs.bsm.dla.mil/rfq/rfqrec.aspx?sn=SPE7L326Q1289,BOX,5,20260930T164212Z,0001S00000053,CONTRACTOR FIRST ARTIC,G,000000,1.0,,,2026-08-14,2026-08-24,BOX,DIBBS|SPE7L326Q1289|0001S00000053,First article test line - not a product line
SPE7L326Q1289,0001S00000062,SPE7L326Q1289,08-14-2026,08-24-2026,2026-08-21 02:41:27,Origin,Origin,Tech,7017529088,https://dibbs2.bsm.dla.mil/Downloads/RFQ/9/SPE7L326Q1289.PDF,https://www.dibbs.bsm.dla.mil/RFQ/RFQRec.aspx?sn=SPE7L326Q1289,https://www.dibbs.bsm.dla.mil/rfq/rfqrec.aspx?sn=SPE7L326Q1289,BOX,5,20260930T164212Z,0001S00000062,PRODUCTION LOT TESTING,G,000000,1.0,,,2026-08-14,2026-08-24,BOX,DIBBS|SPE7L326Q1289|0001S00000062,First article test line - not a product line
SPE8E626Q0612,0001S00000053,SPE8E626Q0612,08-03-2026,08-10-2026,2026-08-21 02:41:27,Origin,Origin,Tech,7017035516,https://dibbs2.bsm.dla.mil/Downloads/RFQ/2/SPE8E626Q0612.PDF,https://www.dibbs.bsm.dla.mil/RFQ/RFQRec.aspx?sn=SPE8E626Q0612,https://www.dibbs.bsm.dla.mil/rfq/rfqrec.aspx?sn=SPE8E626Q0612,BOX,5,20260930T164212Z,0001S00000053,CONTRACTOR FIRST ARTIC,B,000000,1.0,1LEW5 | 72007 | AVON PROTECTION SYSTEMS INCORPORATE,,2026-08-03,2026-08-10,BOX,DIBBS|SPE8E626Q0612|0001S00000053,First article test line - not a product line
SPE8E626Q0612,0001S00000062,SPE8E626Q0612,08-03-2026,08-10-2026,2026-08-21 02:41:27,Origin,Origin,Tech,7017035516,https://dibbs2.bsm.dla.mil/Downloads/RFQ/2/SPE8E626Q0612.PDF,https://www.dibbs.bsm.dla.mil/RFQ/RFQRec.aspx?sn=SPE8E626Q0612,https://www.dibbs.bsm.dla.mil/rfq/rfqrec.aspx?sn=SPE8E626Q0612,BOX,5,20260930T164212Z,0001S00000062,PRODUCTION LOT TESTING,B,000000,1.0,1LEW5 | 72007 | AVON PROTECTION SYSTEMS INCORPORATE,,2026-08-03,2026-08-10,BOX,DIBBS|SPE8E626Q0612|0001S00000062,First article test line - not a product line
SPE7M426Q0599,0001S00000053,SPE7M426Q0599,04-14-2026,04-21-2026,2026-08-21 02:41:27,Origin,Origin,Tech,7014811659,https://dibbs2.bsm.dla.mil/Downloads/RFQ/9/SPE7M426Q0599.PDF,https://www.dibbs.bsm.dla.mil/RFQ/RFQRec.aspx?sn=SPE7M426Q0599,https://www.dibbs.bsm.dla.mil/rfq/rfqrec.aspx?sn=SPE7M426Q0599,BOX,5,20260930T164212Z,0001S00000053,CONTRACTOR FIRST ARTIC,G,332911,1.0,,,2026-04-14,2026-04-21,BOX,DIBBS|SPE7M426Q0599|0001S00000053,First article test line - not a product line
SPE7M426Q0599,0001S00000062,SPE7M426Q0599,04-14-2026,04-21-2026,2026-08-21 02:41:27,Origin,Origin,Tech,7014811659,https://dibbs2.bsm.dla.mil/Downloads/RFQ/9/SPE7M426Q0599.PDF,https://www.dibbs.bsm.dla.mil/RFQ/RFQRec.aspx?sn=SPE7M426Q0599,https://www.dibbs.bsm.dla.mil/rfq/rfqrec.aspx?sn=SPE7M426Q0599,BOX,5,20260930T164212Z,0001S00000062,PRODUCTION LOT TESTING,G,332911,1.0,,,2026-04-14,2026-04-21,BOX,DIBBS|SPE7M426Q0599|0001S00000062,First article test line - not a product line
SPE7M426Q0600,0001S00000053,SPE7M426Q0600,04-13-2026,04-21-2026,2026-08-21 02:41:27,Origin,Origin,Tech,7015688871,https://dibbs2.bsm.dla.mil/Downloads/RFQ/0/SPE7M426Q0600.PDF,https://www.dibbs.bsm.dla.mil/RFQ/RFQRec.aspx?sn=SPE7M426Q0600,https://www.dibbs.bsm.dla.mil/rfq/rfqrec.aspx?sn=SPE7M426Q0600,BOX,5,20260930T164212Z,0001S00000053,CONTRACTOR FIRST ARTIC,G,326220,1.0,,,2026-04-13,2026-04-21,BOX,DIBBS|SPE7M426Q0600|0001S00000053,First article test line - not a product line
SPE7M426Q0600,0001S00000062,SPE7M426Q0600,04-13-2026,04-21-2026,2026-08-21 02:41:27,Origin,Origin,Tech,7015688871,https://dibbs2.bsm.dla.mil/Downloads/RFQ/0/SPE7M426Q0600.PDF,https://www.dibbs.bsm.dla.mil/RFQ/RFQRec.aspx?sn=SPE7M426Q0600,https://www.dibbs.bsm.dla.mil/rfq/rfqrec.aspx?sn=SPE7M426Q0600,BOX,5,20260930T164212Z,0001S00000062,PRODUCTION LOT TESTING,G,000000,1.0,,,2026-04-13,2026-04-21,BOX,DIBBS|SPE7M426Q0600|0001S00000062,First article test line - not a product line
SPE7M126Q1119,0001S00000046,SPE7M126Q1119,06-17-2026,06-30-2026,2026-08-21 02:41:27,Destination,Origin,Tech,7016684925,https://dibbs2.bsm.dla.mil/Downloads/RFQ/9/SPE7M126Q1119.PDF,https://www.dibbs.bsm.dla.mil/RFQ/RFQRec.aspx?sn=SPE7M126Q1119,https://www.dibbs.bsm.dla.mil/rfq/rfqrec.aspx?sn=SPE7M126Q1119,BOX,5,20260930T164212Z,0001S00000046,MISCELLANEOUS,C,444190,2.0,05201 | 517789-7 | ADVANCE DEVELOPMENT & MANUFACTURING,,2026-06-17,2026-06-30,BOX,DIBBS|SPE7M126Q1119|0001S00000046,First article test line - not a product line
SPE7M126Q1119,0001S00000053,SPE7M126Q1119,06-17-2026,06-30-2026,2026-08-21 02:41:27,Destination,Origin,Tech,7016684925,https://dibbs2.bsm.dla.mil/Downloads/RFQ/9/SPE7M126Q1119.PDF,https://www.dibbs.bsm.dla.mil/RFQ/RFQRec.aspx?sn=SPE7M126Q1119,https://www.dibbs.bsm.dla.mil/rfq/rfqrec.aspx?sn=SPE7M126Q1119,BOX,5,20260930T164212Z,0001S00000053,CONTRACTOR FIRST ARTIC,C,000000,1.0,05201 | 517789-7 | ADVANCE DEVELOPMENT & MANUFACTURING,,2026-06-17,2026-06-30,BOX,DIBBS|SPE7M126Q1119|0001S00000053,First article test line - not a product line
SPE7L226Q0017,0001S00000053,SPE7L226Q0017,09-28-2026,10-03-2026,2026-09-28 08:08:43,Origin,Origin,Tech,7011805260,https://dibbs2.bsm.dla.mil/Downloads/RFQ/7/SPE7L226Q0017.PDF,https://www.dibbs.bsm.dla.mil/RFQ/RFQRec.aspx?sn=SPE7L226Q0017,https://www.dibbs.bsm.dla.mil/rfq/rfqrec.aspx?sn=SPE7L226Q0017,BOX,6,20260930T164231Z,0001S00000053,CONTRACTOR FIRST ARTIC,G,000000,1.0,,,2026-09-28,2026-10-03,BOX,DIBBS|SPE7L226Q0017|0001S00000053,First article test line - not a product line
SPE7L226Q0017,0001S00000062,SPE7L226Q0017,09-28-2026,10-03-2026,2026-09-28 08:08:43,Origin,Origin,Tech,7011805260,https://dibbs2.bsm.dla.mil/Downloads/RFQ/7/SPE7L226Q0017.PDF,https://www.dibbs.bsm.dla.mil/RFQ/RFQRec.aspx?sn=SPE7L226Q0017,https://www.dibbs.bsm.dla.mil/rfq/rfqrec.aspx?sn=SPE7L226Q0017,BOX,6,20260930T164231Z,0001S00000062,PRODUCTION LOT TESTING,G,000000,1.0,,,2026-09-28,2026-10-03,BOX,DIBBS|SPE7L226Q0017|0001S00000062,First article test line - not a product line
SPE4A126Q0124,0001S00000053,SPE4A126Q0124,09-21-2026,09-22-2026,2026-09-22 08:03:56,Origin,Destination,Tech,7014628040,https://dibbs2.bsm.dla.mil/Downloads/RFQ/4/SPE4A126Q0124.PDF,https://www.dibbs.bsm.dla.mil/RFQ/RFQRec.aspx?sn=SPE4A126Q0124,https://www.dibbs.bsm.dla.mil/rfq/rfqrec.aspx?sn=SPE4A126Q0124,BOX,6,20260930T164231Z,0001S00000053,CONTRACTOR FIRST ARTIC,C,000000,1.0,99207 | 4150T88G01 | GENERAL ELECTRIC COMPANY,,2026-09-21,2026-09-22,BOX,DIBBS|SPE4A126Q0124|0001S00000053,First article test line - not a product line
SPE7M126T366M,0001S00000053,SPE7M126T366M,09-22-2026,10-02-2026,2026-09-21 12:48:59,Origin,Origin,Tech,7018379044,https://dibbs2.bsm.dla.mil/Downloads/RFQ/M/SPE7M126T366M.PDF,https://www.dibbs.bsm.dla.mil/RFQ/RFQRec.aspx?sn=SPE7M126T366M,https://www.dibbs.bsm.dla.mil/rfq/rfqrec.aspx?sn=SPE7M126T366M,BOX,6,20260930T164231Z,0001S00000053,CONTRACTOR FIRST ARTIC,B,______,1.0,"0YPM2 | 943-99999-11346 | FIBER SYSTEMS INTERNATIONAL, INC.",,2026-09-22,2026-10-02,BOX,DIBBS|SPE7M126T366M|0001S00000053,First article test line - not a product line
SPE4A726T752M,0001S00000053,SPE4A726T752M,09-17-2026,09-24-2026,2026-09-16 09:49:21,Origin,Origin,Tech,7018378462,https://dibbs2.bsm.dla.mil/Downloads/RFQ/M/SPE4A726T752M.PDF,https://www.dibbs.bsm.dla.mil/RFQ/RFQRec.aspx?sn=SPE4A726T752M,https://www.dibbs.bsm.dla.mil/rfq/rfqrec.aspx?sn=SPE4A726T752M,BOX,6,20260930T164231Z,0001S00000053,CONTRACTOR FIRST ARTIC,G,______,1.0,,,2026-09-17,2026-09-24,BOX,DIBBS|SPE4A726T752M|0001S00000053,First article test line - not a product line
SPE7MC26T252Z,0001S00000053,SPE7MC26T252Z,09-09-2026,09-21-2026,2026-09-08 03:44:27,Destination,Origin,Tech,7017786456,https://dibbs2.bsm.dla.mil/Downloads/RFQ/Z/SPE7MC26T252Z.PDF,https://www.dibbs.bsm.dla.mil/RFQ/RFQRec.aspx?sn=SPE7MC26T252Z,https://www.dibbs.bsm.dla.mil/rfq/rfqrec.aspx?sn=SPE7MC26T252Z,BOX,7,20260930T164250Z,0001S00000053,CONTRACTOR FIRST ARTIC,G,______,1.0,,,2026-09-09,2026-09-21,BOX,DIBBS|SPE7MC26T252Z|0001S00000053,First article test line - not a product line
SPE7L326Q1271,0001S00000053,SPE7L326Q1271,08-24-2026,09-08-2026,2026-08-27 01:10:22,Origin,Origin,Tech,7017235477,https://dibbs2.bsm.dla.mil/Downloads/RFQ/1/SPE7L326Q1271.PDF,https://www.dibbs.bsm.dla.mil/RFQ/RFQRec.aspx?sn=SPE7L326Q1271,https://www.dibbs.bsm.dla.mil/rfq/rfqrec.aspx?sn=SPE7L326Q1271,BOX,7,20260930T164250Z,0001S00000053,CONTRACTOR FIRST ARTIC,G,000000,1.0,,,2026-08-24,2026-09-08,BOX,DIBBS|SPE7L326Q1271|0001S00000053,First article test line - not a product line
SPE7L326Q1271,0001S00000060,SPE7L326Q1271,08-24-2026,09-08-2026,2026-08-27 01:10:22,Origin,Origin,Tech,7017235477,https://dibbs2.bsm.dla.mil/Downloads/RFQ/1/SPE7L326Q1271.PDF,https://www.dibbs.bsm.dla.mil/RFQ/RFQRec.aspx?sn=SPE7L326Q1271,https://www.dibbs.bsm.dla.mil/rfq/rfqrec.aspx?sn=SPE7L326Q1271,BOX,7,20260930T164250Z,0001S00000060,GOVERNMENT FIT VERIFIC,G,000000,1.0,,,2026-08-24,2026-09-08,BOX,DIBBS|SPE7L326Q1271|0001S00000060,First article test line - not a product line
SPE7L326Q1271,0001S00000114,SPE7L326Q1271,08-24-2026,09-08-2026,2026-08-27 01:10:22,Origin,Origin,Tech,7017235477,https://dibbs2.bsm.dla.mil/Downloads/RFQ/1/SPE7L326Q1271.PDF,https://www.dibbs.bsm.dla.mil/RFQ/RFQRec.aspx?sn=SPE7L326Q1271,https://www.dibbs.bsm.dla.mil/rfq/rfqrec.aspx?sn=SPE7L326Q1271,BOX,7,20260930T164250Z,0001S00000114,PRODUCTION CONTROL TES,G,000000,2.0,,,2026-08-24,2026-09-08,BOX,DIBBS|SPE7L326Q1271|0001S00000114,First article test line - not a product line
SPE7M525Q0878,0001S00000052,SPE7M525Q0878,09-18-2025,10-02-2025,2026-08-21 02:41:27,Origin,Origin,Tech,7010230217,https://dibbs2.bsm.dla.mil/Downloads/RFQ/8/SPE7M525Q0878.PDF,https://www.dibbs.bsm.dla.mil/RFQ/RFQRec.aspx?sn=SPE7M525Q0878,https://www.dibbs.bsm.dla.mil/rfq/rfqrec.aspx?sn=SPE7M525Q0878,BOX,8,20260930T164308Z,0001S00000052,GOVERNMENT FIRST ARTIC,G,000000,4.0,,,2025-09-18,2025-10-02,BOX,DIBBS|SPE7M525Q0878|0001S00000052,First article test line - not a product line
SPE7L126Q1162,0001S00000053,SPE7L126Q1162,06-03-2026,06-10-2026,2026-08-21 02:41:27,Origin,Origin,Tech,7011406836,https://dibbs2.bsm.dla.mil/Downloads/RFQ/2/SPE7L126Q1162.PDF,https://www.dibbs.bsm.dla.mil/RFQ/RFQRec.aspx?sn=SPE7L126Q1162,https://www.dibbs.bsm.dla.mil/rfq/rfqrec.aspx?sn=SPE7L126Q1162,BOX,8,20260930T164308Z,0001S00000053,CONTRACTOR FIRST ARTIC,G,000000,1.0,,,2026-06-03,2026-06-10,BOX,DIBBS|SPE7L126Q1162|0001S00000053,First article test line - not a product line
SPE7L126Q1162,0001S00000062,SPE7L126Q1162,06-03-2026,06-10-2026,2026-08-21 02:41:27,Origin,Origin,Tech,7011406836,https://dibbs2.bsm.dla.mil/Downloads/RFQ/2/SPE7L126Q1162.PDF,https://www.dibbs.bsm.dla.mil/RFQ/RFQRec.aspx?sn=SPE7L126Q1162,https://www.dibbs.bsm.dla.mil/rfq/rfqrec.aspx?sn=SPE7L126Q1162,BOX,8,20260930T164308Z,0001S00000062,PRODUCTION LOT TESTING,G,000000,1.0,,,2026-06-03,2026-06-10,BOX,DIBBS|SPE7L126Q1162|0001S00000062,First article test line - not a product line
SPE7L326Q0886,0001S00000053,SPE7L326Q0886,04-23-2026,05-07-2026,2026-08-21 02:41:27,Origin,Origin,Tech,7014132130,https://dibbs2.bsm.dla.mil/Downloads/RFQ/6/SPE7L326Q0886.PDF,https://www.dibbs.bsm.dla.mil/RFQ/RFQRec.aspx?sn=SPE7L326Q0886,https://www.dibbs.bsm.dla.mil/rfq/rfqrec.aspx?sn=SPE7L326Q0886,BOX,9,20260930T164327Z,0001S00000053,CONTRACTOR FIRST ARTIC,C,336413,1.0,"07554 | 4J12072-105B | 0Y6E8	4J12072-105B	HAN-BOONE INTERNATIONAL, INC.",,2026-04-23,2026-05-07,BOX,DIBBS|SPE7L326Q0886|0001S00000053,First article test line - not a product line
SPE8E726T2969,0001S00000053,SPE8E726T2969,06-11-2026,06-22-2026,2026-08-21 02:41:27,Origin,Origin,Tech,7017121988,https://dibbs2.bsm.dla.mil/Downloads/RFQ/9/SPE8E726T2969.PDF,https://www.dibbs.bsm.dla.mil/RFQ/RFQRec.aspx?sn=SPE8E726T2969,https://www.dibbs.bsm.dla.mil/rfq/rfqrec.aspx?sn=SPE8E726T2969,BOX,9,20260930T164327Z,0001S00000053,CONTRACTOR FIRST ARTIC,G,______,1.0,,,2026-06-11,2026-06-22,BOX,DIBBS|SPE8E726T2969|0001S00000053,First article test line - not a product line
SPE7L726T1526,0001S00000052,SPE7L726T1526,01-23-2026,02-02-2026,2026-08-21 02:41:27,Destination,Origin,Tech,7015234444,https://dibbs2.bsm.dla.mil/Downloads/RFQ/6/SPE7L726T1526.PDF,https://www.dibbs.bsm.dla.mil/RFQ/RFQRec.aspx?sn=SPE7L726T1526,https://www.dibbs.bsm.dla.mil/rfq/rfqrec.aspx?sn=SPE7L726T1526,BOX,9,20260930T164327Z,0001S00000052,GOVERNMENT FIRST ARTIC,G,______,1.0,,,2026-01-23,2026-02-02,BOX,DIBBS|SPE7L726T1526|0001S00000052,First article test line - not a product line
SPE7L726T1526,0001S00000061,SPE7L726T1526,01-23-2026,02-02-2026,2026-08-21 02:41:27,Destination,Origin,Tech,7015234444,https://dibbs2.bsm.dla.mil/Downloads/RFQ/6/SPE7L726T1526.PDF,https://www.dibbs.bsm.dla.mil/RFQ/RFQRec.aspx?sn=SPE7L726T1526,https://www.dibbs.bsm.dla.mil/rfq/rfqrec.aspx?sn=SPE7L726T1526,BOX,9,20260930T164327Z,0001S00000061,PRODUCTION LOT TESTING,G,______,1.0,,,2026-01-23,2026-02-02,BOX,DIBBS|SPE7L726T1526|0001S00000061,First article test line - not a product line
SPE4A726T282C,0001S00000052,SPE4A726T282C,04-22-2026,04-29-2026,2026-08-21 02:41:27,Origin,Origin,Tech,7016453842,https://dibbs2.bsm.dla.mil/Downloads/RFQ/C/SPE4A726T282C.PDF,https://www.dibbs.bsm.dla.mil/RFQ/RFQRec.aspx?sn=SPE4A726T282C,https://www.dibbs.bsm.dla.mil/rfq/rfqrec.aspx?sn=SPE4A726T282C,BOX,9,20260930T164327Z,0001S00000052,GOVERNMENT FIRST ARTIC,G,______,1.0,,,2026-04-22,2026-04-29,BOX,DIBBS|SPE4A726T282C|0001S00000052,First article test line - not a product line
SPE4A726T474S,0001S00000053,SPE4A726T474S,06-10-2026,06-17-2026,2026-08-21 02:41:27,Origin,Origin,Tech,7017039714,https://dibbs2.bsm.dla.mil/Downloads/RFQ/S/SPE4A726T474S.PDF,https://www.dibbs.bsm.dla.mil/RFQ/RFQRec.aspx?sn=SPE4A726T474S,https://www.dibbs.bsm.dla.mil/rfq/rfqrec.aspx?sn=SPE4A726T474S,BOX,9,20260930T164327Z,0001S00000053,CONTRACTOR FIRST ARTIC,G,______,1.0,,,2026-06-10,2026-06-17,BOX,DIBBS|SPE4A726T474S|0001S00000053,First article test line - not a product line
SPE7MC26Q0090,0001S00000053,SPE7MC26Q0090,12-19-2025,12-29-2025,2026-08-21 02:41:27,Origin,Origin,Tech,7009157465,https://dibbs2.bsm.dla.mil/Downloads/RFQ/0/SPE7MC26Q0090.PDF,https://www.dibbs.bsm.dla.mil/RFQ/RFQRec.aspx?sn=SPE7MC26Q0090,https://www.dibbs.bsm.dla.mil/rfq/rfqrec.aspx?sn=SPE7MC26Q0090,BOX,9,20260930T164327Z,0001S00000053,CONTRACTOR FIRST ARTIC,G,000000,1.0,,,2025-12-19,2025-12-29,BOX,DIBBS|SPE7MC26Q0090|0001S00000053,First article test line - not a product line
SPE7M526Q0901,0001S00000053,SPE7M526Q0901,08-18-2026,09-01-2026,2026-08-21 02:41:27,Origin,Origin,None,7016086976,https://dibbs2.bsm.dla.mil/Downloads/RFQ/1/SPE7M526Q0901.PDF,https://www.dibbs.bsm.dla.mil/RFQ/RFQRec.aspx?sn=SPE7M526Q0901,https://www.dibbs.bsm.dla.mil/rfq/rfqrec.aspx?sn=SPE7M526Q0901,BOX,9,20260930T164327Z,0001S00000053,CONTRACTOR FIRST ARTIC,C,000000,4.0,"0N8W8 | SM-D3-15-1257 | 82340	460283-1	L3HARRIS TECHNOLOGIES, INC.",,2026-08-18,2026-09-01,BOX,DIBBS|SPE7M526Q0901|0001S00000053,First article test line - not a product line
SPE4A626Q0817,0001S00000052,SPE4A626Q0817,04-06-2026,04-14-2026,2026-08-21 02:41:27,Origin,Origin,None,7012344146,https://dibbs2.bsm.dla.mil/Downloads/RFQ/7/SPE4A626Q0817.PDF,https://www.dibbs.bsm.dla.mil/RFQ/RFQRec.aspx?sn=SPE4A626Q0817,https://www.dibbs.bsm.dla.mil/rfq/rfqrec.aspx?sn=SPE4A626Q0817,BOX,9,20260930T164327Z,0001S00000052,GOVERNMENT FIRST ARTIC,P,000000,1.0,1P6K0 | 479885 | FORM FIT & FUNCTION LLC,,2026-04-06,2026-04-14,BOX,DIBBS|SPE4A626Q0817|0001S00000052,First article test line - not a product line
SPE7M426Q0887,0001S00000053,SPE7M426Q0887,07-27-2026,08-10-2026,2026-08-21 02:41:27,Origin,Origin,Tech,7017234967,https://dibbs2.bsm.dla.mil/Downloads/RFQ/7/SPE7M426Q0887.PDF,https://www.dibbs.bsm.dla.mil/RFQ/RFQRec.aspx?sn=SPE7M426Q0887,https://www.dibbs.bsm.dla.mil/rfq/rfqrec.aspx?sn=SPE7M426Q0887,BOX,9,20260930T164327Z,0001S00000053,CONTRACTOR FIRST ARTIC,C,000000,1.0,No | Data | found,,2026-07-27,2026-08-10,BOX,DIBBS|SPE7M426Q0887|0001S00000053,First article test line - not a product line
SPE7M226Q0631,0001S00000046,SPE7M226Q0631,07-15-2026,07-22-2026,2026-08-21 02:41:27,Origin,Origin,Tech,7017384622,https://dibbs2.bsm.dla.mil/Downloads/RFQ/1/SPE7M226Q0631.PDF,https://www.dibbs.bsm.dla.mil/RFQ/RFQRec.aspx?sn=SPE7M226Q0631,https://www.dibbs.bsm.dla.mil/rfq/rfqrec.aspx?sn=SPE7M226Q0631,BOX,9,20260930T164327Z,0001S00000046,MISCELLANEOUS,C,333414,2.0,"55560 | 524694-4 | CONNECTICUT VALLEY INDUSTRIES, LLC",,2026-07-15,2026-07-22,BOX,DIBBS|SPE7M226Q0631|0001S00000046,First article test line - not a product line
SPE7M226Q0631,0001S00000053,SPE7M226Q0631,07-15-2026,07-22-2026,2026-08-21 02:41:27,Origin,Origin,Tech,7017384622,https://dibbs2.bsm.dla.mil/Downloads/RFQ/1/SPE7M226Q0631.PDF,https://www.dibbs.bsm.dla.mil/RFQ/RFQRec.aspx?sn=SPE7M226Q0631,https://www.dibbs.bsm.dla.mil/rfq/rfqrec.aspx?sn=SPE7M226Q0631,BOX,9,20260930T164327Z,0001S00000053,CONTRACTOR FIRST ARTIC,C,333414,1.0,"55560 | 524694-4 | CONNECTICUT VALLEY INDUSTRIES, LLC",,2026-07-15,2026-07-22,BOX,DIBBS|SPE7M226Q0631|0001S00000053,First article test line - not a product line
SPE7M126Q1175,0001S00000053,SPE7M126Q1175,07-01-2026,07-15-2026,2026-08-21 02:41:27,Origin,Origin,Tech,7017234837,https://dibbs2.bsm.dla.mil/Downloads/RFQ/5/SPE7M126Q1175.PDF,https://www.dibbs.bsm.dla.mil/RFQ/RFQRec.aspx?sn=SPE7M126Q1175,https://www.dibbs.bsm.dla.mil/rfq/rfqrec.aspx?sn=SPE7M126Q1175,BOX,9,20260930T164327Z,0001S00000053,CONTRACTOR FIRST ARTIC,G,000000,1.0,,,2026-07-01,2026-07-15,BOX,DIBBS|SPE7M126Q1175|0001S00000053,First article test line - not a product line
SPE7M025T116H,0001S00000062,SPE7M025T116H,07-21-2025,07-31-2025,2026-08-21 02:41:27,Origin,Origin,Tech,7013008928,https://dibbs2.bsm.dla.mil/Downloads/RFQ/H/SPE7M025T116H.PDF,https://www.dibbs.bsm.dla.mil/RFQ/RFQRec.aspx?sn=SPE7M025T116H,https://www.dibbs.bsm.dla.mil/rfq/rfqrec.aspx?sn=SPE7M025T116H,BOX,9,20260930T164327Z,0001S00000062,PRODUCTION LOT TESTING,G,______,1.0,,,2025-07-21,2025-07-31,BOX,DIBBS|SPE7M025T116H|0001S00000062,First article test line - not a product line
SPE4A726Q0425,0001S00000052,SPE4A726Q0425,02-11-2026,03-11-2026,2026-08-21 02:41:27,Origin,Origin,Tech,7015415441,https://dibbs2.bsm.dla.mil/Downloads/RFQ/5/SPE4A726Q0425.PDF,https://www.dibbs.bsm.dla.mil/RFQ/RFQRec.aspx?sn=SPE4A726Q0425,https://www.dibbs.bsm.dla.mil/rfq/rfqrec.aspx?sn=SPE4A726Q0425,BOX,10,20260930T164346Z,0001S00000052,GOVERNMENT FIRST ARTIC,T,000000,1.0,,,2026-02-11,2026-03-11,BOX,DIBBS|SPE4A726Q0425|0001S00000052,First article test line - not a product line
SPE7M126T6827,0001S00000053,SPE7M126T6827,03-10-2026,03-20-2026,2026-08-21 02:41:27,Destination,Origin,Tech,7015618587,https://dibbs2.bsm.dla.mil/Downloads/RFQ/7/SPE7M126T6827.PDF,https://www.dibbs.bsm.dla.mil/RFQ/RFQRec.aspx?sn=SPE7M126T6827,https://www.dibbs.bsm.dla.mil/rfq/rfqrec.aspx?sn=SPE7M126T6827,BOX,10,20260930T164346Z,0001S00000053,CONTRACTOR FIRST ARTIC,G,______,1.0,,,2026-03-10,2026-03-20,BOX,DIBBS|SPE7M126T6827|0001S00000053,First article test line - not a product line
SPE4A726Q0705,0001S00000052,SPE4A726Q0705,06-02-2026,06-15-2026,2026-08-21 02:41:27,Origin,Destination,None,7016753125,https://dibbs2.bsm.dla.mil/Downloads/RFQ/5/SPE4A726Q0705.PDF,https://www.dibbs.bsm.dla.mil/RFQ/RFQRec.aspx?sn=SPE4A726Q0705,https://www.dibbs.bsm.dla.mil/rfq/rfqrec.aspx?sn=SPE4A726Q0705,BOX,10,20260930T164346Z,0001S00000052,GOVERNMENT FIRST ARTIC,P,336413,1.0,"29780 | J114846-501 | 9J595	J114846-501	WECKWORTH MANUFACTURING, INC",,2026-06-02,2026-06-15,BOX,DIBBS|SPE4A726Q0705|0001S00000052,First article test line - not a product line
SPE7M226Q0524,0001S00000046,SPE7M226Q0524,05-27-2026,06-03-2026,2026-08-21 02:41:27,Origin,Origin,Tech,7015896501,https://dibbs2.bsm.dla.mil/Downloads/RFQ/4/SPE7M226Q0524.PDF,https://www.dibbs.bsm.dla.mil/RFQ/RFQRec.aspx?sn=SPE7M226Q0524,https://www.dibbs.bsm.dla.mil/rfq/rfqrec.aspx?sn=SPE7M226Q0524,BOX,10,20260930T164346Z,0001S00000046,MISCELLANEOUS,C,336413,9.0,20722 | 608432-33 | THE ENTWISTLE COMPANY LLC,,2026-05-27,2026-06-03,BOX,DIBBS|SPE7M226Q0524|0001S00000046,First article test line - not a product line
SPE7M226Q0524,0001S00000053,SPE7M226Q0524,05-27-2026,06-03-2026,2026-08-21 02:41:27,Origin,Origin,Tech,7015896501,https://dibbs2.bsm.dla.mil/Downloads/RFQ/4/SPE7M226Q0524.PDF,https://www.dibbs.bsm.dla.mil/RFQ/RFQRec.aspx?sn=SPE7M226Q0524,https://www.dibbs.bsm.dla.mil/rfq/rfqrec.aspx?sn=SPE7M226Q0524,BOX,10,20260930T164346Z,0001S00000053,CONTRACTOR FIRST ARTIC,C,336413,1.0,20722 | 608432-33 | THE ENTWISTLE COMPANY LLC,,2026-05-27,2026-06-03,BOX,DIBBS|SPE7M226Q0524|0001S00000053,First article test line - not a product line
SPE7M526Q0387,0001S00000053,SPE7M526Q0387,03-23-2026,04-07-2026,2026-08-21 02:41:27,Origin,Origin,Tech,7013984169,https://dibbs2.bsm.dla.mil/Downloads/RFQ/7/SPE7M526Q0387.PDF,https://www.dibbs.bsm.dla.mil/RFQ/RFQRec.aspx?sn=SPE7M526Q0387,https://www.dibbs.bsm.dla.mil/rfq/rfqrec.aspx?sn=SPE7M526Q0387,BOX,10,20260930T164346Z,0001S00000053,CONTRACTOR FIRST ARTIC,G,334220,1.0,,,2026-03-23,2026-04-07,BOX,DIBBS|SPE7M526Q0387|0001S00000053,First article test line - not a product line
SPE4A726Q0953,0001S00000052,SPE4A726Q0953,08-04-2026,08-19-2026,2026-08-21 02:41:27,Origin,Origin,None,7014871694,https://dibbs2.bsm.dla.mil/Downloads/RFQ/3/SPE4A726Q0953.PDF,https://www.dibbs.bsm.dla.mil/RFQ/RFQRec.aspx?sn=SPE4A726Q0953,https://www.dibbs.bsm.dla.mil/rfq/rfqrec.aspx?sn=SPE4A726Q0953,BOX,10,20260930T164346Z,0001S00000052,GOVERNMENT FIRST ARTIC,C,000000,1.0,"45934 | 597731 | ONTIC ENGINEERING & MANUFACTURING,",,2026-08-04,2026-08-19,BOX,DIBBS|SPE4A726Q0953|0001S00000052,First article test line - not a product line
SPE4A726Q0953,0001S00000062,SPE4A726Q0953,08-04-2026,08-19-2026,2026-08-21 02:41:27,Origin,Origin,None,7014871694,https://dibbs2.bsm.dla.mil/Downloads/RFQ/3/SPE4A726Q0953.PDF,https://www.dibbs.bsm.dla.mil/RFQ/RFQRec.aspx?sn=SPE4A726Q0953,https://www.dibbs.bsm.dla.mil/rfq/rfqrec.aspx?sn=SPE4A726Q0953,BOX,10,20260930T164346Z,0001S00000062,PRODUCTION LOT TESTING,C,000000,1.0,"45934 | 597731 | ONTIC ENGINEERING & MANUFACTURING,",,2026-08-04,2026-08-19,BOX,DIBBS|SPE4A726Q0953|0001S00000062,First article test line - not a product line
SPE7M425T4968,0001S00000052,SPE7M425T4968,01-07-2025,01-17-2025,2026-08-21 02:41:27,Destination,Origin,Tech,7010291329,https://dibbs2.bsm.dla.mil/Downloads/RFQ/8/SPE7M425T4968.PDF,https://www.dibbs.bsm.dla.mil/RFQ/RFQRec.aspx?sn=SPE7M425T4968,https://www.dibbs.bsm.dla.mil/rfq/rfqrec.aspx?sn=SPE7M425T4968,BOX,10,20260930T164346Z,0001S00000052,GOVERNMENT FIRST ARTIC,G,______,1.0,,,2025-01-07,2025-01-17,BOX,DIBBS|SPE7M425T4968|0001S00000052,First article test line - not a product line
SPE7M425T4968,0001S00000061,SPE7M425T4968,01-07-2025,01-17-2025,2026-08-21 02:41:27,Destination,Origin,Tech,7010291329,https://dibbs2.bsm.dla.mil/Downloads/RFQ/8/SPE7M425T4968.PDF,https://www.dibbs.bsm.dla.mil/RFQ/RFQRec.aspx?sn=SPE7M425T4968,https://www.dibbs.bsm.dla.mil/rfq/rfqrec.aspx?sn=SPE7M425T4968,BOX,10,20260930T164346Z,0001S00000061,PRODUCTION LOT TESTING,G,______,1.0,,,2025-01-07,2025-01-17,BOX,DIBBS|SPE7M425T4968|0001S00000061,First article test line - not a product line
SPE7M126Q1044,0001S00000046,SPE7M126Q1044,05-29-2026,06-12-2026,2026-08-21 02:41:27,Origin,Origin,Tech,7016269419,https://dibbs2.bsm.dla.mil/Downloads/RFQ/4/SPE7M126Q1044.PDF,https://www.dibbs.bsm.dla.mil/RFQ/RFQRec.aspx?sn=SPE7M126Q1044,https://www.dibbs.bsm.dla.mil/rfq/rfqrec.aspx?sn=SPE7M126Q1044,BOX,10,20260930T164346Z,0001S00000046,MISCELLANEOUS,C,444190,2.0,34145 | RP5MA006OUO1MS01S1012B1 | MTS SYSTEMS CORPORATION,,2026-05-29,2026-06-12,BOX,DIBBS|SPE7M126Q1044|0001S00000046,First article test line - not a product line
SPE7M126Q1044,0001S00000053,SPE7M126Q1044,05-29-2026,06-12-2026,2026-08-21 02:41:27,Origin,Origin,Tech,7016269419,https://dibbs2.bsm.dla.mil/Downloads/RFQ/4/SPE7M126Q1044.PDF,https://www.dibbs.bsm.dla.mil/RFQ/RFQRec.aspx?sn=SPE7M126Q1044,https://www.dibbs.bsm.dla.mil/rfq/rfqrec.aspx?sn=SPE7M126Q1044,BOX,10,20260930T164346Z,0001S00000053,CONTRACTOR FIRST ARTIC,C,000000,1.0,34145 | RP5MA006OUO1MS01S1012B1 | MTS SYSTEMS CORPORATION,,2026-05-29,2026-06-12,BOX,DIBBS|SPE7M126Q1044|0001S00000053,First article test line - not a product line
SPE7L326Q0529,0001S00000053,SPE7L326Q0529,02-24-2026,03-17-2026,2026-08-21 02:41:27,Origin,Origin,Tech,7014422304,https://dibbs2.bsm.dla.mil/Downloads/RFQ/9/SPE7L326Q0529.PDF,https://www.dibbs.bsm.dla.mil/RFQ/RFQRec.aspx?sn=SPE7L326Q0529,https://www.dibbs.bsm.dla.mil/rfq/rfqrec.aspx?sn=SPE7L326Q0529,BOX,10,20260930T164346Z,0001S00000053,CONTRACTOR FIRST ARTIC,G,336390,1.0,,,2026-02-24,2026-03-17,BOX,DIBBS|SPE7L326Q0529|0001S00000053,First article test line - not a product line
SPE7L326Q0529,0001S00000114,SPE7L326Q0529,02-24-2026,03-17-2026,2026-08-21 02:41:27,Origin,Origin,Tech,7014422304,https://dibbs2.bsm.dla.mil/Downloads/RFQ/9/SPE7L326Q0529.PDF,https://www.dibbs.bsm.dla.mil/RFQ/RFQRec.aspx?sn=SPE7L326Q0529,https://www.dibbs.bsm.dla.mil/rfq/rfqrec.aspx?sn=SPE7L326Q0529,BOX,10,20260930T164346Z,0001S00000114,PRODUCTION CONTROL TES,G,336390,2.0,,,2026-02-24,2026-03-17,BOX,DIBBS|SPE7L326Q0529|0001S00000114,First article test line - not a product line
SPE7L126Q0756,0001S00000053,SPE7L126Q0756,02-10-2026,02-16-2026,2026-08-21 02:41:27,Origin,Origin,Tech,7014131054,https://dibbs2.bsm.dla.mil/Downloads/RFQ/6/SPE7L126Q0756.PDF,https://www.dibbs.bsm.dla.mil/RFQ/RFQRec.aspx?sn=SPE7L126Q0756,https://www.dibbs.bsm.dla.mil/rfq/rfqrec.aspx?sn=SPE7L126Q0756,BOX,11,20260930T164404Z,0001S00000053,CONTRACTOR FIRST ARTIC,G,000000,1.0,,,2026-02-10,2026-02-16,BOX,DIBBS|SPE7L126Q0756|0001S00000053,First article test line - not a product line
SPE8EE26Q0337,0001S00000053,SPE8EE26Q0337,06-15-2026,07-15-2026,2026-08-21 02:41:27,Origin,Origin,Tech,7016565297,https://dibbs2.bsm.dla.mil/Downloads/RFQ/7/SPE8EE26Q0337.PDF,https://www.dibbs.bsm.dla.mil/RFQ/RFQRec.aspx?sn=SPE8EE26Q0337,https://www.dibbs.bsm.dla.mil/rfq/rfqrec.aspx?sn=SPE8EE26Q0337,BOX,11,20260930T164404Z,0001S00000053,CONTRACTOR FIRST ARTIC,G,000000,1.0,,,2026-06-15,2026-07-15,BOX,DIBBS|SPE8EE26Q0337|0001S00000053,First article test line - not a product line
SPE7M226Q0551,0001S00000046,SPE7M226Q0551,06-08-2026,06-15-2026,2026-08-21 02:41:27,Destination,Origin,Tech,7016879332,https://dibbs2.bsm.dla.mil/Downloads/RFQ/1/SPE7M226Q0551.PDF,https://www.dibbs.bsm.dla.mil/RFQ/RFQRec.aspx?sn=SPE7M226Q0551,https://www.dibbs.bsm.dla.mil/rfq/rfqrec.aspx?sn=SPE7M226Q0551,BOX,11,20260930T164404Z,0001S00000046,MISCELLANEOUS,C,336413,2.0,096R8 | 404901-1 | RIMECO PRODUCTS INC,,2026-06-08,2026-06-15,BOX,DIBBS|SPE7M226Q0551|0001S00000046,First article test line - not a product line
SPE7M226Q0551,0001S00000052,SPE7M226Q0551,06-08-2026,06-15-2026,2026-08-21 02:41:27,Destination,Origin,Tech,7016879332,https://dibbs2.bsm.dla.mil/Downloads/RFQ/1/SPE7M226Q0551.PDF,https://www.dibbs.bsm.dla.mil/RFQ/RFQRec.aspx?sn=SPE7M226Q0551,https://www.dibbs.bsm.dla.mil/rfq/rfqrec.aspx?sn=SPE7M226Q0551,BOX,11,20260930T164404Z,0001S00000052,GOVERNMENT FIRST ARTIC,C,336413,1.0,096R8 | 404901-1 | RIMECO PRODUCTS INC,,2026-06-08,2026-06-15,BOX,DIBBS|SPE7M226Q0551|0001S00000052,First article test line - not a product line
SPE7M125Q0378,0001S00000053,SPE7M125Q0378,02-07-2025,02-21-2025,2026-08-21 02:41:27,Origin,Origin,Tech,7009901257,https://dibbs2.bsm.dla.mil/Downloads/RFQ/8/SPE7M125Q0378.PDF,https://www.dibbs.bsm.dla.mil/RFQ/RFQRec.aspx?sn=SPE7M125Q0378,https://www.dibbs.bsm.dla.mil/rfq/rfqrec.aspx?sn=SPE7M125Q0378,BOX,11,20260930T164404Z,0001S00000053,CONTRACTOR FIRST ARTIC,G,000000,1.0,,,2025-02-07,2025-02-21,BOX,DIBBS|SPE7M125Q0378|0001S00000053,First article test line - not a product line
SPE7M226Q0529,0001S00000046,SPE7M226Q0529,05-27-2026,06-03-2026,2026-08-21 02:41:27,Origin,Origin,Tech,7016268934,https://dibbs2.bsm.dla.mil/Downloads/RFQ/9/SPE7M226Q0529.PDF,https://www.dibbs.bsm.dla.mil/RFQ/RFQRec.aspx?sn=SPE7M226Q0529,https://www.dibbs.bsm.dla.mil/rfq/rfqrec.aspx?sn=SPE7M226Q0529,BOX,11,20260930T164404Z,0001S00000046,MISCELLANEOUS,C,332722,2.0,"2V343 | A89909-11 | APEX MANUFACTURING COMPANY, INC.",,2026-05-27,2026-06-03,BOX,DIBBS|SPE7M226Q0529|0001S00000046,First article test line - not a product line
SPE7M226Q0529,0001S00000053,SPE7M226Q0529,05-27-2026,06-03-2026,2026-08-21 02:41:27,Origin,Origin,Tech,7016268934,https://dibbs2.bsm.dla.mil/Downloads/RFQ/9/SPE7M226Q0529.PDF,https://www.dibbs.bsm.dla.mil/RFQ/RFQRec.aspx?sn=SPE7M226Q0529,https://www.dibbs.bsm.dla.mil/rfq/rfqrec.aspx?sn=SPE7M226Q0529,BOX,11,20260930T164404Z,0001S00000053,CONTRACTOR FIRST ARTIC,C,332722,1.0,"2V343 | A89909-11 | APEX MANUFACTURING COMPANY, INC.",,2026-05-27,2026-06-03,BOX,DIBBS|SPE7M226Q0529|0001S00000053,First article test line - not a product line
SPE4A726Q0377,0001S00000052,SPE4A726Q0377,01-23-2026,01-30-2026,2026-08-21 02:41:27,Origin,Origin,Tech,7014174988,https://dibbs2.bsm.dla.mil/Downloads/RFQ/7/SPE4A726Q0377.PDF,https://www.dibbs.bsm.dla.mil/RFQ/RFQRec.aspx?sn=SPE4A726Q0377,https://www.dibbs.bsm.dla.mil/rfq/rfqrec.aspx?sn=SPE4A726Q0377,BOX,11,20260930T164404Z,0001S00000052,GOVERNMENT FIRST ARTIC,G,000000,1.0,,,2026-01-23,2026-01-30,BOX,DIBBS|SPE4A726Q0377|0001S00000052,First article test line - not a product line
SPE4A726Q0690,0001S00000053,SPE4A726Q0690,05-29-2026,06-12-2026,2026-08-21 02:41:27,Origin,Origin,Tech,7016849535,https://dibbs2.bsm.dla.mil/Downloads/RFQ/0/SPE4A726Q0690.PDF,https://www.dibbs.bsm.dla.mil/RFQ/RFQRec.aspx?sn=SPE4A726Q0690,https://www.dibbs.bsm.dla.mil/rfq/rfqrec.aspx?sn=SPE4A726Q0690,BOX,11,20260930T164404Z,0001S00000053,CONTRACTOR FIRST ARTIC,C,000000,1.0,29560 | 65251-08204-042 | BEMSCO INC,,2026-05-29,2026-06-12,BOX,DIBBS|SPE4A726Q0690|0001S00000053,First article test line - not a product line
SPE4A726Q0690,0001S00000062,SPE4A726Q0690,05-29-2026,06-12-2026,2026-08-21 02:41:27,Origin,Origin,Tech,7016849535,https://dibbs2.bsm.dla.mil/Downloads/RFQ/0/SPE4A726Q0690.PDF,https://www.dibbs.bsm.dla.mil/RFQ/RFQRec.aspx?sn=SPE4A726Q0690,https://www.dibbs.bsm.dla.mil/rfq/rfqrec.aspx?sn=SPE4A726Q0690,BOX,11,20260930T164404Z,0001S00000062,PRODUCTION LOT TESTING,C,000000,1.0,29560 | 65251-08204-042 | BEMSCO INC,,2026-05-29,2026-06-12,BOX,DIBBS|SPE4A726Q0690|0001S00000062,First article test line - not a product line
SPE7M126Q1324,0001S00000046,SPE7M126Q1324,08-03-2026,08-08-2026,2026-08-21 02:41:27,Origin,Origin,Tech,7010332886,https://dibbs2.bsm.dla.mil/Downloads/RFQ/4/SPE7M126Q1324.PDF,https://www.dibbs.bsm.dla.mil/RFQ/RFQRec.aspx?sn=SPE7M126Q1324,https://www.dibbs.bsm.dla.mil/rfq/rfqrec.aspx?sn=SPE7M126Q1324,BOX,11,20260930T164404Z,0001S00000046,MISCELLANEOUS,C,444190,2.0,1X0E7 | 416540-1 | 20722	416540-1	THE ENTWISTLE COMPANY LLC,,2026-08-03,2026-08-08,BOX,DIBBS|SPE7M126Q1324|0001S00000046,First article test line - not a product line
SPE7M126Q1324,0001S00000053,SPE7M126Q1324,08-03-2026,08-08-2026,2026-08-21 02:41:27,Origin,Origin,Tech,7010332886,https://dibbs2.bsm.dla.mil/Downloads/RFQ/4/SPE7M126Q1324.PDF,https://www.dibbs.bsm.dla.mil/RFQ/RFQRec.aspx?sn=SPE7M126Q1324,https://www.dibbs.bsm.dla.mil/rfq/rfqrec.aspx?sn=SPE7M126Q1324,BOX,11,20260930T164404Z,0001S00000053,CONTRACTOR FIRST ARTIC,C,000000,1.0,1X0E7 | 416540-1 | 20722	416540-1	THE ENTWISTLE COMPANY LLC,,2026-08-03,2026-08-08,BOX,DIBBS|SPE7M126Q1324|0001S00000053,First article test line - not a product line
SPE7M126Q1356,0001S00000046,SPE7M126Q1356,08-10-2026,08-14-2026,2026-08-21 02:41:27,Origin,Origin,Tech,7015891609,https://dibbs2.bsm.dla.mil/Downloads/RFQ/6/SPE7M126Q1356.PDF,https://www.dibbs.bsm.dla.mil/RFQ/RFQRec.aspx?sn=SPE7M126Q1356,https://www.dibbs.bsm.dla.mil/rfq/rfqrec.aspx?sn=SPE7M126Q1356,BOX,11,20260930T164404Z,0001S00000046,MISCELLANEOUS,C,444190,2.0,20722 | 12-32516-1 | THE ENTWISTLE COMPANY LLC,,2026-08-10,2026-08-14,BOX,DIBBS|SPE7M126Q1356|0001S00000046,First article test line - not a product line
SPE7M126Q1356,0001S00000053,SPE7M126Q1356,08-10-2026,08-14-2026,2026-08-21 02:41:27,Origin,Origin,Tech,7015891609,https://dibbs2.bsm.dla.mil/Downloads/RFQ/6/SPE7M126Q1356.PDF,https://www.dibbs.bsm.dla.mil/RFQ/RFQRec.aspx?sn=SPE7M126Q1356,https://www.dibbs.bsm.dla.mil/rfq/rfqrec.aspx?sn=SPE7M126Q1356,BOX,11,20260930T164404Z,0001S00000053,CONTRACTOR FIRST ARTIC,C,000000,1.0,20722 | 12-32516-1 | THE ENTWISTLE COMPANY LLC,,2026-08-10,2026-08-14,BOX,DIBBS|SPE7M126Q1356|0001S00000053,First article test line - not a product line
SPE7MC26T8108,0001S00000053,SPE7MC26T8108,04-13-2026,04-23-2026,2026-08-21 02:41:27,Destination,Origin,Tech,7016274700,https://dibbs2.bsm.dla.mil/Downloads/RFQ/8/SPE7MC26T8108.PDF,https://www.dibbs.bsm.dla.mil/RFQ/RFQRec.aspx?sn=SPE7MC26T8108,https://www.dibbs.bsm.dla.mil/rfq/rfqrec.aspx?sn=SPE7MC26T8108,BOX,11,20260930T164404Z,0001S00000053,CONTRACTOR FIRST ARTIC,G,______,1.0,,,2026-04-13,2026-04-23,BOX,DIBBS|SPE7MC26T8108|0001S00000053,First article test line - not a product line
SPE7MC26T301V,0001S00000053,SPE7MC26T301V,09-25-2026,10-05-2026,2026-09-24 06:52:53,Origin,Origin,Tech,7018495258,https://dibbs2.bsm.dla.mil/Downloads/RFQ/V/SPE7MC26T301V.PDF,https://www.dibbs.bsm.dla.mil/RFQ/RFQRec.aspx?sn=SPE7MC26T301V,https://www.dibbs.bsm.dla.mil/rfq/rfqrec.aspx?sn=SPE7MC26T301V,BOX,12,20260930T164423Z,0001S00000053,CONTRACTOR FIRST ARTIC,G,______,1.0,,,2026-09-25,2026-10-05,BOX,DIBBS|SPE7MC26T301V|0001S00000053,First article test line - not a product line
SPE7M026T100G,0001S00000053,SPE7M026T100G,09-25-2026,10-05-2026,2026-09-24 04:56:31,Origin,Origin,Tech,7017275231,https://dibbs2.bsm.dla.mil/Downloads/RFQ/G/SPE7M026T100G.PDF,https://www.dibbs.bsm.dla.mil/RFQ/RFQRec.aspx?sn=SPE7M026T100G,https://www.dibbs.bsm.dla.mil/rfq/rfqrec.aspx?sn=SPE7M026T100G,BOX,12,20260930T164423Z,0001S00000053,CONTRACTOR FIRST ARTIC,G,______,1.0,,,2026-09-25,2026-10-05,BOX,DIBBS|SPE7M026T100G|0001S00000053,First article test line - not a product line
SPE7M026T100G,0001S00000062,SPE7M026T100G,09-25-2026,10-05-2026,2026-09-24 04:56:31,Origin,Origin,Tech,7017275231,https://dibbs2.bsm.dla.mil/Downloads/RFQ/G/SPE7M026T100G.PDF,https://www.dibbs.bsm.dla.mil/RFQ/RFQRec.aspx?sn=SPE7M026T100G,https://www.dibbs.bsm.dla.mil/rfq/rfqrec.aspx?sn=SPE7M026T100G,BOX,12,20260930T164423Z,0001S00000062,PRODUCTION LOT TESTING,G,______,1.0,,,2026-09-25,2026-10-05,BOX,DIBBS|SPE7M026T100G|0001S00000062,First article test line - not a product line
SPE7L726T5462,0001S00000053,SPE7L726T5462,09-25-2026,10-05-2026,2026-09-24 07:06:10,Origin,Origin,Tech,7018495438,https://dibbs2.bsm.dla.mil/Downloads/RFQ/2/SPE7L726T5462.PDF,https://www.dibbs.bsm.dla.mil/RFQ/RFQRec.aspx?sn=SPE7L726T5462,https://www.dibbs.bsm.dla.mil/rfq/rfqrec.aspx?sn=SPE7L726T5462,BOX,12,20260930T164423Z,0001S00000053,CONTRACTOR FIRST ARTIC,G,______,1.0,,,2026-09-25,2026-10-05,BOX,DIBBS|SPE7L726T5462|0001S00000053,First article test line - not a product line
SPE7M426T436Y,0001S00000053,SPE7M426T436Y,09-25-2026,10-05-2026,2026-09-24 06:42:59,Origin,Origin,Tech,7018497251,https://dibbs2.bsm.dla.mil/Downloads/RFQ/Y/SPE7M426T436Y.PDF,https://www.dibbs.bsm.dla.mil/RFQ/RFQRec.aspx?sn=SPE7M426T436Y,https://www.dibbs.bsm.dla.mil/rfq/rfqrec.aspx?sn=SPE7M426T436Y,BOX,12,20260930T164423Z,0001S00000053,CONTRACTOR FIRST ARTIC,G,______,1.0,,,2026-09-25,2026-10-05,BOX,DIBBS|SPE7M426T436Y|0001S00000053,First article test line - not a product line
SPE7M426T438W,0001S00000053,SPE7M426T438W,09-25-2026,10-05-2026,2026-09-24 06:42:59,Origin,Origin,Tech,7018497016,https://dibbs2.bsm.dla.mil/Downloads/RFQ/W/SPE7M426T438W.PDF,https://www.dibbs.bsm.dla.mil/RFQ/RFQRec.aspx?sn=SPE7M426T438W,https://www.dibbs.bsm.dla.mil/rfq/rfqrec.aspx?sn=SPE7M426T438W,BOX,12,20260930T164423Z,0001S00000053,CONTRACTOR FIRST ARTIC,G,______,1.0,,,2026-09-25,2026-10-05,BOX,DIBBS|SPE7M426T438W|0001S00000053,First article test line - not a product line
SPE7L426T7168,0001S00000053,SPE7L426T7168,09-25-2026,10-05-2026,2026-09-24 06:42:59,Origin,Origin,Tech,7018497672,https://dibbs2.bsm.dla.mil/Downloads/RFQ/8/SPE7L426T7168.PDF,https://www.dibbs.bsm.dla.mil/RFQ/RFQRec.aspx?sn=SPE7L426T7168,https://www.dibbs.bsm.dla.mil/rfq/rfqrec.aspx?sn=SPE7L426T7168,BOX,12,20260930T164423Z,0001S00000053,CONTRACTOR FIRST ARTIC,G,______,1.0,,,2026-09-25,2026-10-05,BOX,DIBBS|SPE7L426T7168|0001S00000053,First article test line - not a product line
SPE7L326Q1353,0001S00000053,SPE7L326Q1353,09-21-2026,09-28-2026,2026-09-22 08:03:55,Origin,Origin,Tech,7016089210,https://dibbs2.bsm.dla.mil/Downloads/RFQ/3/SPE7L326Q1353.PDF,https://www.dibbs.bsm.dla.mil/RFQ/RFQRec.aspx?sn=SPE7L326Q1353,https://www.dibbs.bsm.dla.mil/rfq/rfqrec.aspx?sn=SPE7L326Q1353,BOX,13,20260930T164442Z,0001S00000053,CONTRACTOR FIRST ARTIC,G,000000,1.0,,,2026-09-21,2026-09-28,BOX,DIBBS|SPE7L326Q1353|0001S00000053,First article test line - not a product line
SPE7M326T9290,0001S00000053,SPE7M326T9290,09-22-2026,10-02-2026,2026-09-21 02:29:27,Origin,Origin,Tech,7018069163,https://dibbs2.bsm.dla.mil/Downloads/RFQ/0/SPE7M326T9290.PDF,https://www.dibbs.bsm.dla.mil/RFQ/RFQRec.aspx?sn=SPE7M326T9290,https://www.dibbs.bsm.dla.mil/rfq/rfqrec.aspx?sn=SPE7M326T9290,BOX,13,20260930T164442Z,0001S00000053,CONTRACTOR FIRST ARTIC,G,______,1.0,,,2026-09-22,2026-10-02,BOX,DIBBS|SPE7M326T9290|0001S00000053,First article test line - not a product line
SPE7M426T428D,0001S00000053,SPE7M426T428D,09-22-2026,10-02-2026,2026-09-21 12:15:49,Origin,Origin,Tech,7017983649,https://dibbs2.bsm.dla.mil/Downloads/RFQ/D/SPE7M426T428D.PDF,https://www.dibbs.bsm.dla.mil/RFQ/RFQRec.aspx?sn=SPE7M426T428D,https://www.dibbs.bsm.dla.mil/rfq/rfqrec.aspx?sn=SPE7M426T428D,BOX,13,20260930T164442Z,0001S00000053,CONTRACTOR FIRST ARTIC,G,______,1.0,,,2026-09-22,2026-10-02,BOX,DIBBS|SPE7M426T428D|0001S00000053,First article test line - not a product line
SPE7MC26T284G,0001S00000053,SPE7MC26T284G,09-18-2026,09-28-2026,2026-09-17 03:35:22,Origin,Origin,Tech,7018272776,https://dibbs2.bsm.dla.mil/Downloads/RFQ/G/SPE7MC26T284G.PDF,https://www.dibbs.bsm.dla.mil/RFQ/RFQRec.aspx?sn=SPE7MC26T284G,https://www.dibbs.bsm.dla.mil/rfq/rfqrec.aspx?sn=SPE7MC26T284G,BOX,13,20260930T164442Z,0001S00000053,CONTRACTOR FIRST ARTIC,G,______,1.0,,,2026-09-18,2026-09-28,BOX,DIBBS|SPE7MC26T284G|0001S00000053,First article test line - not a product line
SPE4A126T2808,0001S00000052,SPE4A126T2808,09-17-2026,09-24-2026,2026-09-16 05:29:45,Origin,Origin,None,7018379840,https://dibbs2.bsm.dla.mil/Downloads/RFQ/8/SPE4A126T2808.PDF,https://www.dibbs.bsm.dla.mil/RFQ/RFQRec.aspx?sn=SPE4A126T2808,https://www.dibbs.bsm.dla.mil/rfq/rfqrec.aspx?sn=SPE4A126T2808,BOX,14,20260930T164500Z,0001S00000052,GOVERNMENT FIRST ARTIC,C,______,1.0,"0NEM2 | 1111-588029 | SZCZYPSKI, MICHAEL",,2026-09-17,2026-09-24,BOX,DIBBS|SPE4A126T2808|0001S00000052,First article test line - not a product line
SPE7L726T5270,0001S00000053,SPE7L726T5270,09-15-2026,09-25-2026,2026-09-14 05:23:40,Origin,Origin,Tech,7018204312,https://dibbs2.bsm.dla.mil/Downloads/RFQ/0/SPE7L726T5270.PDF,https://www.dibbs.bsm.dla.mil/RFQ/RFQRec.aspx?sn=SPE7L726T5270,https://www.dibbs.bsm.dla.mil/rfq/rfqrec.aspx?sn=SPE7L726T5270,BOX,14,20260930T164500Z,0001S00000053,CONTRACTOR FIRST ARTIC,G,______,1.0,,,2026-09-15,2026-09-25,BOX,DIBBS|SPE7L726T5270|0001S00000053,First article test line - not a product line
SPE7L326Q1343,0001S00000053,SPE7L326Q1343,09-11-2026,09-25-2026,2026-09-11 09:43:00,Origin,Origin,Tech,7017227147,https://dibbs2.bsm.dla.mil/Downloads/RFQ/3/SPE7L326Q1343.PDF,https://www.dibbs.bsm.dla.mil/RFQ/RFQRec.aspx?sn=SPE7L326Q1343,https://www.dibbs.bsm.dla.mil/rfq/rfqrec.aspx?sn=SPE7L326Q1343,BOX,14,20260930T164500Z,0001S00000053,CONTRACTOR FIRST ARTIC,G,000000,1.0,,,2026-09-11,2026-09-25,BOX,DIBBS|SPE7L326Q1343|0001S00000053,First article test line - not a product line
SPE7MC26T264N,0001S00000053,SPE7MC26T264N,09-11-2026,09-21-2026,2026-09-10 03:06:59,Origin,Origin,None,7018272541,https://dibbs2.bsm.dla.mil/Downloads/RFQ/N/SPE7MC26T264N.PDF,https://www.dibbs.bsm.dla.mil/RFQ/RFQRec.aspx?sn=SPE7MC26T264N,https://www.dibbs.bsm.dla.mil/rfq/rfqrec.aspx?sn=SPE7MC26T264N,BOX,14,20260930T164500Z,0001S00000053,CONTRACTOR FIRST ARTIC,G,______,1.0,,,2026-09-11,2026-09-21,BOX,DIBBS|SPE7MC26T264N|0001S00000053,First article test line - not a product line
SPE7L526Q0162,0001S00000053,SPE7L526Q0162,09-09-2026,09-21-2026,2026-09-10 03:04:19,Origin,Origin,Tech,7017438125,https://dibbs2.bsm.dla.mil/Downloads/RFQ/2/SPE7L526Q0162.PDF,https://www.dibbs.bsm.dla.mil/RFQ/RFQRec.aspx?sn=SPE7L526Q0162,https://www.dibbs.bsm.dla.mil/rfq/rfqrec.aspx?sn=SPE7L526Q0162,BOX,14,20260930T164500Z,0001S00000053,CONTRACTOR FIRST ARTIC,B,333618,1.0,4C8A9 | 1625 | API HEAT TRANSFER THERMASYS CORPORA,,2026-09-09,2026-09-21,BOX,DIBBS|SPE7L526Q0162|0001S00000053,First article test line - not a product line
SPE7L326Q1338,0001S00000062,SPE7L326Q1338,09-10-2026,09-17-2026,2026-09-09 12:34:16,Origin,Origin,Tech,7016708186,https://dibbs2.bsm.dla.mil/Downloads/RFQ/8/SPE7L326Q1338.PDF,https://www.dibbs.bsm.dla.mil/RFQ/RFQRec.aspx?sn=SPE7L326Q1338,https://www.dibbs.bsm.dla.mil/rfq/rfqrec.aspx?sn=SPE7L326Q1338,BOX,15,20260930T164519Z,0001S00000062,PRODUCTION LOT TESTING,G,000000,1.0,,,2026-09-10,2026-09-17,BOX,DIBBS|SPE7L326Q1338|0001S00000062,First article test line - not a product line
SPE7L326Q1336,0001S00000053,SPE7L326Q1336,09-08-2026,09-22-2026,2026-09-08 11:09:13,Origin,Origin,Tech,7014135198,https://dibbs2.bsm.dla.mil/Downloads/RFQ/6/SPE7L326Q1336.PDF,https://www.dibbs.bsm.dla.mil/RFQ/RFQRec.aspx?sn=SPE7L326Q1336,https://www.dibbs.bsm.dla.mil/rfq/rfqrec.aspx?sn=SPE7L326Q1336,BOX,15,20260930T164519Z,0001S00000053,CONTRACTOR FIRST ARTIC,G,000000,1.0,No | Data | found,,2026-09-08,2026-09-22,BOX,DIBBS|SPE7L326Q1336|0001S00000053,First article test line - not a product line
SPE7MC26T249N,0001S00000053,SPE7MC26T249N,09-04-2026,09-14-2026,2026-09-03 06:16:12,Origin,Origin,Tech,7017439707,https://dibbs2.bsm.dla.mil/Downloads/RFQ/N/SPE7MC26T249N.PDF,https://www.dibbs.bsm.dla.mil/RFQ/RFQRec.aspx?sn=SPE7MC26T249N,https://www.dibbs.bsm.dla.mil/rfq/rfqrec.aspx?sn=SPE7MC26T249N,BOX,15,20260930T164519Z,0001S00000053,CONTRACTOR FIRST ARTIC,G,______,1.0,,,2026-09-04,2026-09-14,BOX,DIBBS|SPE7MC26T249N|0001S00000053,First article test line - not a product line
SPE7L426T6718,0001S00000053,SPE7L426T6718,09-04-2026,09-14-2026,2026-09-03 12:38:39,Origin,Origin,Tech,7017675526,https://dibbs2.bsm.dla.mil/Downloads/RFQ/8/SPE7L426T6718.PDF,https://www.dibbs.bsm.dla.mil/RFQ/RFQRec.aspx?sn=SPE7L426T6718,https://www.dibbs.bsm.dla.mil/rfq/rfqrec.aspx?sn=SPE7L426T6718,BOX,15,20260930T164519Z,0001S00000053,CONTRACTOR FIRST ARTIC,G,______,1.0,,,2026-09-04,2026-09-14,BOX,DIBBS|SPE7L426T6718|0001S00000053,First article test line - not a product line
SPE7L326Q1321,0001S00000052,SPE7L326Q1321,09-01-2026,09-15-2026,2026-08-31 08:58:48,Origin,Origin,Tech,7017776917,https://dibbs2.bsm.dla.mil/Downloads/RFQ/1/SPE7L326Q1321.PDF,https://www.dibbs.bsm.dla.mil/RFQ/RFQRec.aspx?sn=SPE7L326Q1321,https://www.dibbs.bsm.dla.mil/rfq/rfqrec.aspx?sn=SPE7L326Q1321,BOX,15,20260930T164519Z,0001S00000052,GOVERNMENT FIRST ARTIC,G,339991,1.0,,,2026-09-01,2026-09-15,BOX,DIBBS|SPE7L326Q1321|0001S00000052,First article test line - not a product line
SPE7MC26T241U,0001S00000053,SPE7MC26T241U,08-31-2026,09-10-2026,2026-08-30 03:26:25,Origin,Origin,Tech,7017987305,https://dibbs2.bsm.dla.mil/Downloads/RFQ/U/SPE7MC26T241U.PDF,https://www.dibbs.bsm.dla.mil/RFQ/RFQRec.aspx?sn=SPE7MC26T241U,https://www.dibbs.bsm.dla.mil/rfq/rfqrec.aspx?sn=SPE7MC26T241U,BOX,16,20260930T164537Z,0001S00000053,CONTRACTOR FIRST ARTIC,G,______,1.0,,,2026-08-31,2026-09-10,BOX,DIBBS|SPE7MC26T241U|0001S00000053,First article test line - not a product line
SPE7MC26T238F,0001S00000053,SPE7MC26T238F,08-28-2026,09-08-2026,2026-08-27 09:49:37,Origin,Origin,Tech,7017986717,https://dibbs2.bsm.dla.mil/Downloads/RFQ/F/SPE7MC26T238F.PDF,https://www.dibbs.bsm.dla.mil/RFQ/RFQRec.aspx?sn=SPE7MC26T238F,https://www.dibbs.bsm.dla.mil/rfq/rfqrec.aspx?sn=SPE7MC26T238F,BOX,16,20260930T164537Z,0001S00000053,CONTRACTOR FIRST ARTIC,G,______,1.0,,,2026-08-28,2026-09-08,BOX,DIBBS|SPE7MC26T238F|0001S00000053,First article test line - not a product line
SPE4A726T697C,0001S00000061,SPE4A726T697C,08-27-2026,09-03-2026,2026-08-26 09:44:38,Origin,Origin,None,7018066712,https://dibbs2.bsm.dla.mil/Downloads/RFQ/C/SPE4A726T697C.PDF,https://www.dibbs.bsm.dla.mil/RFQ/RFQRec.aspx?sn=SPE4A726T697C,https://www.dibbs.bsm.dla.mil/rfq/rfqrec.aspx?sn=SPE4A726T697C,BOX,16,20260930T164537Z,0001S00000061,PRODUCTION LOT TESTING,R,______,1.0,23386 | V14671-03-07 | THALES DEFENSE & SECURITY INC,,2026-08-27,2026-09-03,BOX,DIBBS|SPE4A726T697C|0001S00000061,First article test line - not a product line
SPE7M526T445R,0001S00000053,SPE7M526T445R,08-27-2026,09-08-2026,2026-08-26 05:17:20,Origin,Origin,Tech,7017070879,https://dibbs2.bsm.dla.mil/Downloads/RFQ/R/SPE7M526T445R.PDF,https://www.dibbs.bsm.dla.mil/RFQ/RFQRec.aspx?sn=SPE7M526T445R,https://www.dibbs.bsm.dla.mil/rfq/rfqrec.aspx?sn=SPE7M526T445R,BOX,16,20260930T164537Z,0001S00000053,CONTRACTOR FIRST ARTIC,C,______,1.0,03538 | 77C716242P001 | LOCKHEED MARTIN CORPORATION,,2026-08-27,2026-09-08,BOX,DIBBS|SPE7M526T445R|0001S00000053,First article test line - not a product line
SPE7L326Q1300,0001S00000052,SPE7L326Q1300,08-25-2026,08-30-2026,2026-08-25 10:43:46,Origin,Origin,Tech,7014264933,https://dibbs2.bsm.dla.mil/Downloads/RFQ/0/SPE7L326Q1300.PDF,https://www.dibbs.bsm.dla.mil/RFQ/RFQRec.aspx?sn=SPE7L326Q1300,https://www.dibbs.bsm.dla.mil/rfq/rfqrec.aspx?sn=SPE7L326Q1300,BOX,16,20260930T164537Z,0001S00000052,GOVERNMENT FIRST ARTIC,G,339991,1.0,,,2026-08-25,2026-08-30,BOX,DIBBS|SPE7L326Q1300|0001S00000052,First article test line - not a product line
SPE7MC26T223X,0001S00000053,SPE7MC26T223X,08-25-2026,09-04-2026,2026-08-24 05:15:41,Origin,Origin,Tech,7017986499,https://dibbs2.bsm.dla.mil/Downloads/RFQ/X/SPE7MC26T223X.PDF,https://www.dibbs.bsm.dla.mil/RFQ/RFQRec.aspx?sn=SPE7MC26T223X,https://www.dibbs.bsm.dla.mil/rfq/rfqrec.aspx?sn=SPE7MC26T223X,BOX,16,20260930T164537Z,0001S00000053,CONTRACTOR FIRST ARTIC,G,______,1.0,,,2026-08-25,2026-09-04,BOX,DIBBS|SPE7MC26T223X|0001S00000053,First article test line - not a product line
SPE7M426T363K,0001S00000053,SPE7M426T363K,08-25-2026,09-04-2026,2026-08-24 09:48:27,Origin,Origin,Tech,7014581329,https://dibbs2.bsm.dla.mil/Downloads/RFQ/K/SPE7M426T363K.PDF,https://www.dibbs.bsm.dla.mil/RFQ/RFQRec.aspx?sn=SPE7M426T363K,https://www.dibbs.bsm.dla.mil/rfq/rfqrec.aspx?sn=SPE7M426T363K,BOX,16,20260930T164537Z,0001S00000053,CONTRACTOR FIRST ARTIC,G,______,1.0,,,2026-08-25,2026-09-04,BOX,DIBBS|SPE7M426T363K|0001S00000053,First article test line - not a product line
SPE7M525T165L,0001S00000053,SPE7M525T165L,04-18-2025,04-28-2025,2026-08-21 02:41:27,Origin,Origin,Tech,7011114857,https://dibbs2.bsm.dla.mil/Downloads/RFQ/L/SPE7M525T165L.PDF,https://www.dibbs.bsm.dla.mil/RFQ/RFQRec.aspx?sn=SPE7M525T165L,https://www.dibbs.bsm.dla.mil/rfq/rfqrec.aspx?sn=SPE7M525T165L,BOX,16,20260930T164537Z,0001S00000053,CONTRACTOR FIRST ARTIC,G,______,1.0,,,2025-04-18,2025-04-28,BOX,DIBBS|SPE7M525T165L|0001S00000053,First article test line - not a product line
SPE4A426T0135,0001S00000053,SPE4A426T0135,06-11-2026,06-18-2026,2026-08-21 02:41:27,Origin,Origin,Tech,7011473812,https://dibbs2.bsm.dla.mil/Downloads/RFQ/5/SPE4A426T0135.PDF,https://www.dibbs.bsm.dla.mil/RFQ/RFQRec.aspx?sn=SPE4A426T0135,https://www.dibbs.bsm.dla.mil/rfq/rfqrec.aspx?sn=SPE4A426T0135,BOX,17,20260930T164600Z,0001S00000053,CONTRACTOR FIRST ARTIC,C,______,1.0,70974 | 123GSK68-100-1 | NORTHROP GRUMMAN SYSTEMS CORPORATIO,,2026-06-11,2026-06-18,BOX,DIBBS|SPE4A426T0135|0001S00000053,First article test line - not a product line
SPE4A426T0135,0001S00000062,SPE4A426T0135,06-11-2026,06-18-2026,2026-08-21 02:41:27,Origin,Origin,Tech,7011473812,https://dibbs2.bsm.dla.mil/Downloads/RFQ/5/SPE4A426T0135.PDF,https://www.dibbs.bsm.dla.mil/RFQ/RFQRec.aspx?sn=SPE4A426T0135,https://www.dibbs.bsm.dla.mil/rfq/rfqrec.aspx?sn=SPE4A426T0135,BOX,17,20260930T164600Z,0001S00000062,PRODUCTION LOT TESTING,C,______,1.0,70974 | 123GSK68-100-1 | NORTHROP GRUMMAN SYSTEMS CORPORATIO,,2026-06-11,2026-06-18,BOX,DIBBS|SPE4A426T0135|0001S00000062,First article test line - not a product line
SPE7MC25T227V,0001S00000053,SPE7MC25T227V,08-22-2025,09-02-2025,2026-08-21 02:41:27,Origin,Origin,Tech,7013467053,https://dibbs2.bsm.dla.mil/Downloads/RFQ/V/SPE7MC25T227V.PDF,https://www.dibbs.bsm.dla.mil/RFQ/RFQRec.aspx?sn=SPE7MC25T227V,https://www.dibbs.bsm.dla.mil/rfq/rfqrec.aspx?sn=SPE7MC25T227V,BOX,17,20260930T164600Z,0001S00000053,CONTRACTOR FIRST ARTIC,G,______,1.0,,,2025-08-22,2025-09-02,BOX,DIBBS|SPE7MC25T227V|0001S00000053,First article test line - not a product line
SPE7M124T244V,0001S00000052,SPE7M124T244V,09-06-2024,09-16-2024,2026-08-21 02:41:27,Origin,Origin,Tech,7008970152,https://dibbs2.bsm.dla.mil/Downloads/RFQ/V/SPE7M124T244V.PDF,https://www.dibbs.bsm.dla.mil/RFQ/RFQRec.aspx?sn=SPE7M124T244V,https://www.dibbs.bsm.dla.mil/rfq/rfqrec.aspx?sn=SPE7M124T244V,BOX,17,20260930T164600Z,0001S00000052,GOVERNMENT FIRST ARTIC,G,______,1.0,,,2024-09-06,2024-09-16,BOX,DIBBS|SPE7M124T244V|0001S00000052,First article test line - not a product line
SPE7MC26T9507,0001S00000053,SPE7MC26T9507,05-08-2026,05-18-2026,2026-08-21 02:41:27,Origin,Origin,Tech,7016689189,https://dibbs2.bsm.dla.mil/Downloads/RFQ/7/SPE7MC26T9507.PDF,https://www.dibbs.bsm.dla.mil/RFQ/RFQRec.aspx?sn=SPE7MC26T9507,https://www.dibbs.bsm.dla.mil/rfq/rfqrec.aspx?sn=SPE7MC26T9507,BOX,17,20260930T164600Z,0001S00000053,CONTRACTOR FIRST ARTIC,G,______,1.0,,,2026-05-08,2026-05-18,BOX,DIBBS|SPE7MC26T9507|0001S00000053,First article test line - not a product line
SPE7MC26T9137,0001S00000053,SPE7MC26T9137,05-01-2026,05-11-2026,2026-08-21 02:41:27,Origin,Origin,Tech,7015608112,https://dibbs2.bsm.dla.mil/Downloads/RFQ/7/SPE7MC26T9137.PDF,https://www.dibbs.bsm.dla.mil/RFQ/RFQRec.aspx?sn=SPE7MC26T9137,https://www.dibbs.bsm.dla.mil/rfq/rfqrec.aspx?sn=SPE7MC26T9137,BOX,17,20260930T164600Z,0001S00000053,CONTRACTOR FIRST ARTIC,G,______,1.0,,,2026-05-01,2026-05-11,BOX,DIBBS|SPE7MC26T9137|0001S00000053,First article test line - not a product line
SPE7L326Q1126,0001S00000053,SPE7L326Q1126,06-11-2026,06-25-2026,2026-08-21 02:41:27,Origin,Destination,Tech,7015245921,https://dibbs2.bsm.dla.mil/Downloads/RFQ/6/SPE7L326Q1126.PDF,https://www.dibbs.bsm.dla.mil/RFQ/RFQRec.aspx?sn=SPE7L326Q1126,https://www.dibbs.bsm.dla.mil/rfq/rfqrec.aspx?sn=SPE7L326Q1126,BOX,17,20260930T164600Z,0001S00000053,CONTRACTOR FIRST ARTIC,G,000000,1.0,,,2026-06-11,2026-06-25,BOX,DIBBS|SPE7L326Q1126|0001S00000053,First article test line - not a product line
SPE7M426Q0897,0001S00000053,SPE7M426Q0897,07-30-2026,08-12-2026,2026-08-21 02:41:27,Origin,Origin,None,7007762313,https://dibbs2.bsm.dla.mil/Downloads/RFQ/7/SPE7M426Q0897.PDF,https://www.dibbs.bsm.dla.mil/RFQ/RFQRec.aspx?sn=SPE7M426Q0897,https://www.dibbs.bsm.dla.mil/rfq/rfqrec.aspx?sn=SPE7M426Q0897,BOX,17,20260930T164600Z,0001S00000053,CONTRACTOR FIRST ARTIC,G,000000,1.0,,,2026-07-30,2026-08-12,BOX,DIBBS|SPE7M426Q0897|0001S00000053,First article test line - not a product line
SPE7MC26T7398,0001S00000053,SPE7MC26T7398,04-02-2026,04-13-2026,2026-08-21 02:41:27,Origin,Origin,Tech,7015051730,https://dibbs2.bsm.dla.mil/Downloads/RFQ/8/SPE7MC26T7398.PDF,https://www.dibbs.bsm.dla.mil/RFQ/RFQRec.aspx?sn=SPE7MC26T7398,https://www.dibbs.bsm.dla.mil/rfq/rfqrec.aspx?sn=SPE7MC26T7398,BOX,17,20260930T164600Z,0001S00000053,CONTRACTOR FIRST ARTIC,G,______,1.0,,,2026-04-02,2026-04-13,BOX,DIBBS|SPE7MC26T7398|0001S00000053,First article test line - not a product line
SPE7MC26T024B,0001S00000053,SPE7MC26T024B,05-22-2026,06-01-2026,2026-08-21 02:41:27,Origin,Origin,Tech,7016886130,https://dibbs2.bsm.dla.mil/Downloads/RFQ/B/SPE7MC26T024B.PDF,https://www.dibbs.bsm.dla.mil/RFQ/RFQRec.aspx?sn=SPE7MC26T024B,https://www.dibbs.bsm.dla.mil/rfq/rfqrec.aspx?sn=SPE7MC26T024B,BOX,17,20260930T164600Z,0001S00000053,CONTRACTOR FIRST ARTIC,G,______,1.0,,,2026-05-22,2026-06-01,BOX,DIBBS|SPE7MC26T024B|0001S00000053,First article test line - not a product line
SPE7MC26T196D,0001S00000053,SPE7MC26T196D,08-14-2026,08-24-2026,2026-08-21 02:41:27,Origin,Origin,Tech,7013656979,https://dibbs2.bsm.dla.mil/Downloads/RFQ/D/SPE7MC26T196D.PDF,https://www.dibbs.bsm.dla.mil/RFQ/RFQRec.aspx?sn=SPE7MC26T196D,https://www.dibbs.bsm.dla.mil/rfq/rfqrec.aspx?sn=SPE7MC26T196D,BOX,17,20260930T164600Z,0001S00000053,CONTRACTOR FIRST ARTIC,G,______,1.0,,,2026-08-14,2026-08-24,BOX,DIBBS|SPE7MC26T196D|0001S00000053,First article test line - not a product line
SPE7MC26T7283,0001S00000053,SPE7MC26T7283,03-27-2026,04-06-2026,2026-08-21 02:41:27,Origin,Origin,Tech,7016088325,https://dibbs2.bsm.dla.mil/Downloads/RFQ/3/SPE7MC26T7283.PDF,https://www.dibbs.bsm.dla.mil/RFQ/RFQRec.aspx?sn=SPE7MC26T7283,https://www.dibbs.bsm.dla.mil/rfq/rfqrec.aspx?sn=SPE7MC26T7283,BOX,17,20260930T164600Z,0001S00000053,CONTRACTOR FIRST ARTIC,G,______,1.0,,,2026-03-27,2026-04-06,BOX,DIBBS|SPE7MC26T7283|0001S00000053,First article test line - not a product line
SPE7M426Q0936,0001S00000053,SPE7M426Q0936,08-07-2026,08-20-2026,2026-08-21 02:41:27,Origin,Origin,Tech,7009982756,https://dibbs2.bsm.dla.mil/Downloads/RFQ/6/SPE7M426Q0936.PDF,https://www.dibbs.bsm.dla.mil/RFQ/RFQRec.aspx?sn=SPE7M426Q0936,https://www.dibbs.bsm.dla.mil/rfq/rfqrec.aspx?sn=SPE7M426Q0936,BOX,17,20260930T164600Z,0001S00000053,CONTRACTOR FIRST ARTIC,G,000000,1.0,,,2026-08-07,2026-08-20,BOX,DIBBS|SPE7M426Q0936|0001S00000053,First article test line - not a product line
SPE7MC26T177A,0001S00000053,SPE7MC26T177A,08-07-2026,08-17-2026,2026-08-21 02:41:27,Origin,Origin,Tech,7017777396,https://dibbs2.bsm.dla.mil/Downloads/RFQ/A/SPE7MC26T177A.PDF,https://www.dibbs.bsm.dla.mil/RFQ/RFQRec.aspx?sn=SPE7MC26T177A,https://www.dibbs.bsm.dla.mil/rfq/rfqrec.aspx?sn=SPE7MC26T177A,BOX,17,20260930T164600Z,0001S00000053,CONTRACTOR FIRST ARTIC,G,______,1.0,,,2026-08-07,2026-08-17,BOX,DIBBS|SPE7MC26T177A|0001S00000053,First article test line - not a product line
SPE7M424T092W,0001S00000053,SPE7M424T092W,04-19-2024,04-29-2024,2026-08-21 02:41:27,Origin,Origin,Tech,7006055322,https://dibbs2.bsm.dla.mil/Downloads/RFQ/W/SPE7M424T092W.PDF,https://www.dibbs.bsm.dla.mil/RFQ/RFQRec.aspx?sn=SPE7M424T092W,https://www.dibbs.bsm.dla.mil/rfq/rfqrec.aspx?sn=SPE7M424T092W,BOX,17,20260930T164600Z,0001S00000053,CONTRACTOR FIRST ARTIC,G,______,1.0,,,2024-04-19,2024-04-29,BOX,DIBBS|SPE7M424T092W|0001S00000053,First article test line - not a product line
SPE7M424T092W,0001S00000062,SPE7M424T092W,04-19-2024,04-29-2024,2026-08-21 02:41:27,Origin,Origin,Tech,7006055322,https://dibbs2.bsm.dla.mil/Downloads/RFQ/W/SPE7M424T092W.PDF,https://www.dibbs.bsm.dla.mil/RFQ/RFQRec.aspx?sn=SPE7M424T092W,https://www.dibbs.bsm.dla.mil/rfq/rfqrec.aspx?sn=SPE7M424T092W,BOX,17,20260930T164600Z,0001S00000062,PRODUCTION LOT TESTING,G,______,1.0,,,2024-04-19,2024-04-29,BOX,DIBBS|SPE7M424T092W|0001S00000062,First article test line - not a product line
SPE7M425T398W,0001S00000052,SPE7M425T398W,09-05-2025,09-15-2025,2026-08-21 02:41:27,Origin,Origin,Tech,7013460143,https://dibbs2.bsm.dla.mil/Downloads/RFQ/W/SPE7M425T398W.PDF,https://www.dibbs.bsm.dla.mil/RFQ/RFQRec.aspx?sn=SPE7M425T398W,https://www.dibbs.bsm.dla.mil/rfq/rfqrec.aspx?sn=SPE7M425T398W,BOX,18,20260930T164621Z,0001S00000052,GOVERNMENT FIRST ARTIC,G,______,1.0,,,2025-09-05,2025-09-15,BOX,DIBBS|SPE7M425T398W|0001S00000052,First article test line - not a product line
SPE7L326Q1092,0001S00000053,SPE7L326Q1092,06-03-2026,06-17-2026,2026-08-21 02:41:27,Origin,Origin,Tech,7016483691,https://dibbs2.bsm.dla.mil/Downloads/RFQ/2/SPE7L326Q1092.PDF,https://www.dibbs.bsm.dla.mil/RFQ/RFQRec.aspx?sn=SPE7L326Q1092,https://www.dibbs.bsm.dla.mil/rfq/rfqrec.aspx?sn=SPE7L326Q1092,BOX,18,20260930T164621Z,0001S00000053,CONTRACTOR FIRST ARTIC,B,______,1.0,"45934 | 700597-1 | ONTIC ENGINEERING & MANUFACTURING,",,2026-06-03,2026-06-17,BOX,DIBBS|SPE7L326Q1092|0001S00000053,First article test line - not a product line
SPE7MC26T7649,0001S00000053,SPE7MC26T7649,04-03-2026,04-13-2026,2026-08-21 02:41:27,Origin,Origin,Tech,7016088122,https://dibbs2.bsm.dla.mil/Downloads/RFQ/9/SPE7MC26T7649.PDF,https://www.dibbs.bsm.dla.mil/RFQ/RFQRec.aspx?sn=SPE7MC26T7649,https://www.dibbs.bsm.dla.mil/rfq/rfqrec.aspx?sn=SPE7MC26T7649,BOX,18,20260930T164621Z,0001S00000053,CONTRACTOR FIRST ARTIC,G,______,1.0,,,2026-04-03,2026-04-13,BOX,DIBBS|SPE7MC26T7649|0001S00000053,First article test line - not a product line
SPE7M425T274L,0001S00000053,SPE7M425T274L,07-25-2025,08-04-2025,2026-08-21 02:41:27,Origin,Origin,Tech,7013096938,https://dibbs2.bsm.dla.mil/Downloads/RFQ/L/SPE7M425T274L.PDF,https://www.dibbs.bsm.dla.mil/RFQ/RFQRec.aspx?sn=SPE7M425T274L,https://www.dibbs.bsm.dla.mil/rfq/rfqrec.aspx?sn=SPE7M425T274L,BOX,18,20260930T164621Z,0001S00000053,CONTRACTOR FIRST ARTIC,G,______,1.0,,,2025-07-25,2025-08-04,BOX,DIBBS|SPE7M425T274L|0001S00000053,First article test line - not a product line
SPE7M425T274L,0001S00000062,SPE7M425T274L,07-25-2025,08-04-2025,2026-08-21 02:41:27,Origin,Origin,Tech,7013096938,https://dibbs2.bsm.dla.mil/Downloads/RFQ/L/SPE7M425T274L.PDF,https://www.dibbs.bsm.dla.mil/RFQ/RFQRec.aspx?sn=SPE7M425T274L,https://www.dibbs.bsm.dla.mil/rfq/rfqrec.aspx?sn=SPE7M425T274L,BOX,18,20260930T164621Z,0001S00000062,PRODUCTION LOT TESTING,G,______,1.0,,,2025-07-25,2025-08-04,BOX,DIBBS|SPE7M425T274L|0001S00000062,First article test line - not a product line
SPE7M125T7725,0001S00000052,SPE7M125T7725,03-14-2025,03-24-2025,2026-08-21 02:41:27,Origin,Origin,Tech,7011408104,https://dibbs2.bsm.dla.mil/Downloads/RFQ/5/SPE7M125T7725.PDF,https://www.dibbs.bsm.dla.mil/RFQ/RFQRec.aspx?sn=SPE7M125T7725,https://www.dibbs.bsm.dla.mil/rfq/rfqrec.aspx?sn=SPE7M125T7725,BOX,18,20260930T164621Z,0001S00000052,GOVERNMENT FIRST ARTIC,G,______,1.0,,,2025-03-14,2025-03-24,BOX,DIBBS|SPE7M125T7725|0001S00000052,First article test line - not a product line
SPE7M124T000C,0001S00000052,SPE7M124T000C,05-30-2024,06-10-2024,2026-08-21 02:41:27,Origin,Origin,Tech,7007667701,https://dibbs2.bsm.dla.mil/Downloads/RFQ/C/SPE7M124T000C.PDF,https://www.dibbs.bsm.dla.mil/RFQ/RFQRec.aspx?sn=SPE7M124T000C,https://www.dibbs.bsm.dla.mil/rfq/rfqrec.aspx?sn=SPE7M124T000C,BOX,18,20260930T164621Z,0001S00000052,GOVERNMENT FIRST ARTIC,G,______,1.0,,,2024-05-30,2024-06-10,BOX,DIBBS|SPE7M124T000C|0001S00000052,First article test line - not a product line
SPE7M125T306V,0001S00000053,SPE7M125T306V,09-05-2025,09-15-2025,2026-08-21 02:41:27,Origin,Origin,Tech,7013654460,https://dibbs2.bsm.dla.mil/Downloads/RFQ/V/SPE7M125T306V.PDF,https://www.dibbs.bsm.dla.mil/RFQ/RFQRec.aspx?sn=SPE7M125T306V,https://www.dibbs.bsm.dla.mil/rfq/rfqrec.aspx?sn=SPE7M125T306V,BOX,19,20260930T164640Z,0001S00000053,CONTRACTOR FIRST ARTIC,G,______,1.0,,,2025-09-05,2025-09-15,BOX,DIBBS|SPE7M125T306V|0001S00000053,First article test line - not a product line
SPE7L125T851Q,0001S00000053,SPE7L125T851Q,08-06-2025,08-18-2025,2026-08-21 02:41:27,Origin,Origin,Tech,7012087109,https://dibbs2.bsm.dla.mil/Downloads/RFQ/Q/SPE7L125T851Q.PDF,https://www.dibbs.bsm.dla.mil/RFQ/RFQRec.aspx?sn=SPE7L125T851Q,https://www.dibbs.bsm.dla.mil/rfq/rfqrec.aspx?sn=SPE7L125T851Q,BOX,19,20260930T164640Z,0001S00000053,CONTRACTOR FIRST ARTIC,G,______,1.0,,,2025-08-06,2025-08-18,BOX,DIBBS|SPE7L125T851Q|0001S00000053,First article test line - not a product line
SPE7M124T106Z,0001S00000053,SPE7M124T106Z,07-17-2024,07-29-2024,2026-08-21 02:41:27,Origin,Origin,Tech,7008239169,https://dibbs2.bsm.dla.mil/Downloads/RFQ/Z/SPE7M124T106Z.PDF,https://www.dibbs.bsm.dla.mil/RFQ/RFQRec.aspx?sn=SPE7M124T106Z,https://www.dibbs.bsm.dla.mil/rfq/rfqrec.aspx?sn=SPE7M124T106Z,BOX,19,20260930T164640Z,0001S00000053,CONTRACTOR FIRST ARTIC,G,______,1.0,,,2024-07-17,2024-07-29,BOX,DIBBS|SPE7M124T106Z|0001S00000053,First article test line - not a product line
SPE7L126Q1137,0001S00000052,SPE7L126Q1137,05-28-2026,06-05-2026,2026-08-21 02:41:27,Origin,Origin,Tech,7016878891,https://dibbs2.bsm.dla.mil/Downloads/RFQ/7/SPE7L126Q1137.PDF,https://www.dibbs.bsm.dla.mil/RFQ/RFQRec.aspx?sn=SPE7L126Q1137,https://www.dibbs.bsm.dla.mil/rfq/rfqrec.aspx?sn=SPE7L126Q1137,BOX,19,20260930T164640Z,0001S00000052,GOVERNMENT FIRST ARTIC,C,000000,1.0,No | Data | found,,2026-05-28,2026-06-05,BOX,DIBBS|SPE7L126Q1137|0001S00000052,First article test line - not a product line
SPE4A725T719F,0001S00000062,SPE4A725T719F,08-06-2025,08-13-2025,2026-08-21 02:41:27,Origin,Origin,Tech,7013231033,https://dibbs2.bsm.dla.mil/Downloads/RFQ/F/SPE4A725T719F.PDF,https://www.dibbs.bsm.dla.mil/RFQ/RFQRec.aspx?sn=SPE4A725T719F,https://www.dibbs.bsm.dla.mil/rfq/rfqrec.aspx?sn=SPE4A725T719F,BOX,19,20260930T164640Z,0001S00000062,PRODUCTION LOT TESTING,C,______,1.0,"0A489 | 216687-5 | LOCKHEED MARTIN AEROPARTS, INC.",,2025-08-06,2025-08-13,BOX,DIBBS|SPE4A725T719F|0001S00000062,First article test line - not a product line
SPE7MC26T3895,0001S00000053,SPE7MC26T3895,01-09-2026,01-20-2026,2026-08-21 02:41:27,Origin,Origin,Tech,7015051253,https://dibbs2.bsm.dla.mil/Downloads/RFQ/5/SPE7MC26T3895.PDF,https://www.dibbs.bsm.dla.mil/RFQ/RFQRec.aspx?sn=SPE7MC26T3895,https://www.dibbs.bsm.dla.mil/rfq/rfqrec.aspx?sn=SPE7MC26T3895,BOX,19,20260930T164640Z,0001S00000053,CONTRACTOR FIRST ARTIC,G,______,1.0,,,2026-01-09,2026-01-20,BOX,DIBBS|SPE7MC26T3895|0001S00000053,First article test line - not a product line
SPE7MC26T124Y,0001S00000053,SPE7MC26T124Y,07-10-2026,07-20-2026,2026-08-21 02:41:27,Origin,Origin,Tech,7017437617,https://dibbs2.bsm.dla.mil/Downloads/RFQ/Y/SPE7MC26T124Y.PDF,https://www.dibbs.bsm.dla.mil/RFQ/RFQRec.aspx?sn=SPE7MC26T124Y,https://www.dibbs.bsm.dla.mil/rfq/rfqrec.aspx?sn=SPE7MC26T124Y,BOX,20,20260930T164700Z,0001S00000053,CONTRACTOR FIRST ARTIC,G,______,1.0,,,2026-07-10,2026-07-20,BOX,DIBBS|SPE7MC26T124Y|0001S00000053,First article test line - not a product line
SPE7M426T7584,0001S00000053,SPE7M426T7584,03-06-2026,03-16-2026,2026-08-21 02:41:27,Origin,Origin,Tech,7010227492,https://dibbs2.bsm.dla.mil/Downloads/RFQ/4/SPE7M426T7584.PDF,https://www.dibbs.bsm.dla.mil/RFQ/RFQRec.aspx?sn=SPE7M426T7584,https://www.dibbs.bsm.dla.mil/rfq/rfqrec.aspx?sn=SPE7M426T7584,BOX,20,20260930T164700Z,0001S00000053,CONTRACTOR FIRST ARTIC,G,______,1.0,,,2026-03-06,2026-03-16,BOX,DIBBS|SPE7M426T7584|0001S00000053,First article test line - not a product line
SPE7M125T297A,0001S00000053,SPE7M125T297A,08-28-2025,09-08-2025,2026-08-21 02:41:27,Origin,Origin,Tech,7013414086,https://dibbs2.bsm.dla.mil/Downloads/RFQ/A/SPE7M125T297A.PDF,https://www.dibbs.bsm.dla.mil/RFQ/RFQRec.aspx?sn=SPE7M125T297A,https://www.dibbs.bsm.dla.mil/rfq/rfqrec.aspx?sn=SPE7M125T297A,BOX,20,20260930T164700Z,0001S00000053,CONTRACTOR FIRST ARTIC,G,______,1.0,,,2025-08-28,2025-09-08,BOX,DIBBS|SPE7M125T297A|0001S00000053,First article test line - not a product line
SPE7L326Q1059,0001S00000053,SPE7L326Q1059,05-27-2026,06-10-2026,2026-08-21 02:41:27,Origin,Destination,Tech,7015689225,https://dibbs2.bsm.dla.mil/Downloads/RFQ/9/SPE7L326Q1059.PDF,https://www.dibbs.bsm.dla.mil/RFQ/RFQRec.aspx?sn=SPE7L326Q1059,https://www.dibbs.bsm.dla.mil/rfq/rfqrec.aspx?sn=SPE7L326Q1059,BOX,20,20260930T164700Z,0001S00000053,CONTRACTOR FIRST ARTIC,G,000000,1.0,,,2026-05-27,2026-06-10,BOX,DIBBS|SPE7L326Q1059|0001S00000053,First article test line - not a product line
SPE7L426T2853,0001S00000053,SPE7L426T2853,02-26-2026,03-09-2026,2026-08-21 02:41:27,Origin,Origin,Tech,7015688667,https://dibbs2.bsm.dla.mil/Downloads/RFQ/3/SPE7L426T2853.PDF,https://www.dibbs.bsm.dla.mil/RFQ/RFQRec.aspx?sn=SPE7L426T2853,https://www.dibbs.bsm.dla.mil/rfq/rfqrec.aspx?sn=SPE7L426T2853,BOX,20,20260930T164700Z,0001S00000053,CONTRACTOR FIRST ARTIC,B,______,1.0,99688 | 1000326800 | BERGSTROM INC,,2026-02-26,2026-03-09,BOX,DIBBS|SPE7L426T2853|0001S00000053,First article test line - not a product line
