sol_key,nsn,solicitation,issued,return_by,doc_posted_updated,fob,inspection,tech_data,purchase_requests,pdf_url,package_url,official_link,search_term,page,retrieved_utc,nsn_raw,nomenclature,amsc,naics,quantity_listed,approved_source,parse_issue,issued_dt,return_by_dt,found_by_terms,line_key,category,category_name,primary_keyword,keyword_tags,broad_only,group,review_flag,amsc_source,deadline_position
SPE7M026T9763,6110-01-303-4666,SPE7M026T9763,07-01-2026,07-13-2026,2026-08-21 02:41:27,Origin,Origin,None,7017334193,https://dibbs2.bsm.dla.mil/Downloads/RFQ/3/SPE7M026T9763.PDF,https://www.dibbs.bsm.dla.mil/RFQ/RFQRec.aspx?sn=SPE7M026T9763,https://www.dibbs.bsm.dla.mil/rfq/rfqrec.aspx?sn=SPE7M026T9763,PANEL,1,20260930T154318Z,6110-01-303-4666,"PANEL,POWER DISTRIBUTI",G,334519,1.0,,,2026-07-01,2026-07-13,PANEL,DIBBS|SPE7M026T9763|6110-01-303-4666,C01,Integrated Control / Indicator / HMI Panels,PANEL,PANEL,True,core,"broad keyword, but it is the item noun","DIBBS RFQ Text Search result, AMSC field, retrieved 20260930T154318Z",past deadline
SPE4A626T37VG,1680-01-448-9561,SPE4A626T37VG,09-30-2026,10-07-2026,2026-09-29 02:56:46,Origin,Origin,Tech,7018341974,https://dibbs2.bsm.dla.mil/Downloads/RFQ/G/SPE4A626T37VG.PDF,https://www.dibbs.bsm.dla.mil/RFQ/RFQRec.aspx?sn=SPE4A626T37VG,https://www.dibbs.bsm.dla.mil/rfq/rfqrec.aspx?sn=SPE4A626T37VG,PANEL,1,20260930T154318Z,1680-01-448-9561,"PANEL,CONTROL,ELECTRIC",G,336413,6.0,,,2026-09-30,2026-10-07,OVERLAY; PANEL,DIBBS|SPE4A626T37VG|1680-01-448-9561,C01,Integrated Control / Indicator / HMI Panels,PANEL CONTROL,PANEL; PANEL CONTROL,False,core,,"DIBBS RFQ Text Search result, AMSC field, retrieved 20260930T154318Z",open by deadline
SPE7M126U6954,6110-01-498-3928,SPE7M126U6954,09-30-2026,10-14-2026,2026-09-29 07:36:50,Origin,Origin,Tech,1000243921,https://dibbs2.bsm.dla.mil/Downloads/RFQ/4/SPE7M126U6954.PDF,https://www.dibbs.bsm.dla.mil/RFQ/RFQRec.aspx?sn=SPE7M126U6954,https://www.dibbs.bsm.dla.mil/rfq/rfqrec.aspx?sn=SPE7M126U6954,PANEL,1,20260930T154318Z,6110-01-498-3928,"PANEL,POWER DISTRIBUTI",G,334519,25.0,,,2026-09-30,2026-10-14,OVERLAY; PANEL,DIBBS|SPE7M126U6954|6110-01-498-3928,C01,Integrated Control / Indicator / HMI Panels,PANEL,PANEL,True,core,"broad keyword, but it is the item noun","DIBBS RFQ Text Search result, AMSC field, retrieved 20260930T154318Z",open by deadline
SPE7M126U6953,6110-01-525-1298,SPE7M126U6953,09-30-2026,10-14-2026,2026-09-29 07:36:50,Origin,Origin,Tech,1000244321,https://dibbs2.bsm.dla.mil/Downloads/RFQ/3/SPE7M126U6953.PDF,https://www.dibbs.bsm.dla.mil/RFQ/RFQRec.aspx?sn=SPE7M126U6953,https://www.dibbs.bsm.dla.mil/rfq/rfqrec.aspx?sn=SPE7M126U6953,PANEL,1,20260930T154318Z,6110-01-525-1298,"PANEL,POWER DISTRIBUTI",G,335312,13.0,,,2026-09-30,2026-10-14,OVERLAY; PANEL,DIBBS|SPE7M126U6953|6110-01-525-1298,C01,Integrated Control / Indicator / HMI Panels,PANEL,PANEL,True,core,"broad keyword, but it is the item noun","DIBBS RFQ Text Search result, AMSC field, retrieved 20260930T154318Z",open by deadline
SPE7M126T387D,6110-01-644-8998,SPE7M126T387D,09-28-2026,10-08-2026,2026-09-27 06:21:44,Origin,Destination,Tech,7009671195,https://dibbs2.bsm.dla.mil/Downloads/RFQ/D/SPE7M126T387D.PDF,https://www.dibbs.bsm.dla.mil/RFQ/RFQRec.aspx?sn=SPE7M126T387D,https://www.dibbs.bsm.dla.mil/rfq/rfqrec.aspx?sn=SPE7M126T387D,PANEL,1,20260930T154318Z,6110-01-644-8998,"NRP,CONTROL PANEL",G,335312,1.0,,,2026-09-28,2026-10-08,PANEL,DIBBS|SPE7M126T387D|6110-01-644-8998,C01,Integrated Control / Indicator / HMI Panels,CONTROL PANEL,CONTROL PANEL; PANEL,False,core,,"DIBBS RFQ Text Search result, AMSC field, retrieved 20260930T154318Z",open by deadline
SPE7M026T095W,5999-01-683-0886,SPE7M026T095W,09-23-2026,10-05-2026,2026-09-22 09:36:37,Origin,Destination,Tech,7018446230,https://dibbs2.bsm.dla.mil/Downloads/RFQ/W/SPE7M026T095W.PDF,https://www.dibbs.bsm.dla.mil/RFQ/RFQRec.aspx?sn=SPE7M026T095W,https://www.dibbs.bsm.dla.mil/rfq/rfqrec.aspx?sn=SPE7M026T095W,PANEL,2,20260930T154334Z,5999-01-683-0886,"PANEL,RADIO FREQUENCY-",G,334419,1.0,,,2026-09-23,2026-10-05,PANEL,DIBBS|SPE7M026T095W|5999-01-683-0886,C01,Integrated Control / Indicator / HMI Panels,PANEL,PANEL,True,core,"broad keyword, but it is the item noun","DIBBS RFQ Text Search result, AMSC field, retrieved 20260930T154334Z",open by deadline
SPE4A026T4936,4920-01-622-6861,SPE4A026T4936,09-21-2026,09-28-2026,2026-09-21 12:15:48,Origin,Destination,Tech,7018319082,https://dibbs2.bsm.dla.mil/Downloads/RFQ/6/SPE4A026T4936.PDF,https://www.dibbs.bsm.dla.mil/RFQ/RFQRec.aspx?sn=SPE4A026T4936,https://www.dibbs.bsm.dla.mil/rfq/rfqrec.aspx?sn=SPE4A026T4936,PANEL,2,20260930T154334Z,4920-01-622-6861,"PANEL,INTERFACE DEVICE",G,332710,1.0,,,2026-09-21,2026-09-28,PANEL,DIBBS|SPE4A026T4936|4920-01-622-6861,C01,Integrated Control / Indicator / HMI Panels,PANEL,PANEL,True,core,"broad keyword, but it is the item noun","DIBBS RFQ Text Search result, AMSC field, retrieved 20260930T154334Z",past deadline
SPE7M126T363A,2090-01-714-2999,SPE7M126T363A,09-18-2026,09-28-2026,2026-09-17 02:24:36,Origin,Destination,Tech,7014131043,https://dibbs2.bsm.dla.mil/Downloads/RFQ/A/SPE7M126T363A.PDF,https://www.dibbs.bsm.dla.mil/RFQ/RFQRec.aspx?sn=SPE7M126T363A,https://www.dibbs.bsm.dla.mil/rfq/rfqrec.aspx?sn=SPE7M126T363A,PANEL,2,20260930T154334Z,2090-01-714-2999,"PANEL,VEHICULAR OPE",G,114119,3.0,,,2026-09-18,2026-09-28,PANEL,DIBBS|SPE7M126T363A|2090-01-714-2999,C01,Integrated Control / Indicator / HMI Panels,PANEL,PANEL,True,core,"broad keyword, but it is the item noun","DIBBS RFQ Text Search result, AMSC field, retrieved 20260930T154334Z",past deadline
SPE7M126T325G,6110-01-527-4932,SPE7M126T325G,09-02-2026,09-17-2026,2026-09-14 07:05:45,Origin,Destination,Tech,7017695982,https://dibbs2.bsm.dla.mil/Downloads/RFQ/G/SPE7M126T325G.PDF,https://www.dibbs.bsm.dla.mil/RFQ/RFQRec.aspx?sn=SPE7M126T325G,https://www.dibbs.bsm.dla.mil/rfq/rfqrec.aspx?sn=SPE7M126T325G,PANEL,3,20260930T154351Z,6110-01-527-4932,"PANEL,POWER DISTRIB",G,335313,6.0,,,2026-09-02,2026-09-17,PANEL,DIBBS|SPE7M126T325G|6110-01-527-4932,C01,Integrated Control / Indicator / HMI Panels,PANEL,PANEL,True,core,"broad keyword, but it is the item noun","DIBBS RFQ Text Search result, AMSC field, retrieved 20260930T154351Z",past deadline
SPE8E726T3856,6220-00-781-9313,SPE8E726T3856,09-15-2026,09-25-2026,2026-09-14 11:38:44,Origin,Origin,Tech,7018161692,https://dibbs2.bsm.dla.mil/Downloads/RFQ/6/SPE8E726T3856.PDF,https://www.dibbs.bsm.dla.mil/RFQ/RFQRec.aspx?sn=SPE8E726T3856,https://www.dibbs.bsm.dla.mil/rfq/rfqrec.aspx?sn=SPE8E726T3856,PANEL,3,20260930T154351Z,6220-00-781-9313,"PANEL,INDICATING,LIGHT",G,336320,8.0,,,2026-09-15,2026-09-25,PANEL,DIBBS|SPE8E726T3856|6220-00-781-9313,C01,Integrated Control / Indicator / HMI Panels,PANEL,PANEL,True,core,"broad keyword, but it is the item noun","DIBBS RFQ Text Search result, AMSC field, retrieved 20260930T154351Z",past deadline
SPE7M126T352B,6110-01-587-9091,SPE7M126T352B,09-15-2026,09-25-2026,2026-09-14 10:36:30,Origin,Destination,Tech,7018273128,https://dibbs2.bsm.dla.mil/Downloads/RFQ/B/SPE7M126T352B.PDF,https://www.dibbs.bsm.dla.mil/RFQ/RFQRec.aspx?sn=SPE7M126T352B,https://www.dibbs.bsm.dla.mil/rfq/rfqrec.aspx?sn=SPE7M126T352B,PANEL,3,20260930T154351Z,6110-01-587-9091,"PANEL,POWER DISTRIBUTI",G,335313,1.0,,,2026-09-15,2026-09-25,PANEL,DIBBS|SPE7M126T352B|6110-01-587-9091,C01,Integrated Control / Indicator / HMI Panels,PANEL,PANEL,True,core,"broad keyword, but it is the item noun","DIBBS RFQ Text Search result, AMSC field, retrieved 20260930T154351Z",past deadline
SPE1C127Q0005,8345-00-567-3323,SPE1C127Q0005,09-14-2026,09-21-2026,2026-09-14 09:57:37,Destination,Destination,Tech,7017988566,https://dibbs2.bsm.dla.mil/Downloads/RFQ/5/SPE1C127Q0005.PDF,https://www.dibbs.bsm.dla.mil/RFQ/RFQRec.aspx?sn=SPE1C127Q0005,https://www.dibbs.bsm.dla.mil/rfq/rfqrec.aspx?sn=SPE1C127Q0005,PANEL,3,20260930T154351Z,8345-00-567-3323,PANEL MARKER,G,314999,70.0,,,2026-09-14,2026-09-21,BOX; FUEL; PANEL,DIBBS|SPE1C127Q0005|8345-00-567-3323,C01,Integrated Control / Indicator / HMI Panels,PANEL,PANEL,True,core,"broad keyword, but it is the item noun","DIBBS RFQ Text Search result, AMSC field, retrieved 20260930T154351Z",past deadline
SPE7M126Q1465,6665-01-705-8651,SPE7M126Q1465,09-04-2026,09-18-2026,2026-09-03 12:14:26,Origin,Destination,Tech,7012187078,https://dibbs2.bsm.dla.mil/Downloads/RFQ/5/SPE7M126Q1465.PDF,https://www.dibbs.bsm.dla.mil/RFQ/RFQRec.aspx?sn=SPE7M126Q1465,https://www.dibbs.bsm.dla.mil/rfq/rfqrec.aspx?sn=SPE7M126Q1465,PANEL,3,20260930T154351Z,6665-01-705-8651,"PANEL,CONTROL,ELECTRIC",G,334511,3.0,,,2026-09-04,2026-09-18,PANEL,DIBBS|SPE7M126Q1465|6665-01-705-8651,C01,Integrated Control / Indicator / HMI Panels,PANEL CONTROL,PANEL; PANEL CONTROL,False,core,,"DIBBS RFQ Text Search result, AMSC field, retrieved 20260930T154351Z",past deadline
SPE7M226T6658,5895-01-631-4596,SPE7M226T6658,09-04-2026,09-14-2026,2026-09-03 01:45:09,Origin,Destination,Tech,7018182754,https://dibbs2.bsm.dla.mil/Downloads/RFQ/8/SPE7M226T6658.PDF,https://www.dibbs.bsm.dla.mil/RFQ/RFQRec.aspx?sn=SPE7M226T6658,https://www.dibbs.bsm.dla.mil/rfq/rfqrec.aspx?sn=SPE7M226T6658,PANEL,3,20260930T154351Z,5895-01-631-4596,"PANEL,PATCHING,COMMUNI",G,336413,3.0,,,2026-09-04,2026-09-14,PANEL,DIBBS|SPE7M226T6658|5895-01-631-4596,C01,Integrated Control / Indicator / HMI Panels,PANEL,PANEL,True,core,"broad keyword, but it is the item noun","DIBBS RFQ Text Search result, AMSC field, retrieved 20260930T154351Z",past deadline
SPE8EN26T3103,7050-01-422-2586,SPE8EN26T3103,09-03-2026,09-14-2026,2026-09-02 11:05:09,Origin,Destination,Tech,7018161207,https://dibbs2.bsm.dla.mil/Downloads/RFQ/3/SPE8EN26T3103.PDF,https://www.dibbs.bsm.dla.mil/RFQ/RFQRec.aspx?sn=SPE8EN26T3103,https://www.dibbs.bsm.dla.mil/rfq/rfqrec.aspx?sn=SPE8EN26T3103,PANEL,3,20260930T154351Z,7050-01-422-2586,"PANEL,CONTROL,ELECTRIC",G,335999,2.0,,,2026-09-03,2026-09-14,PANEL,DIBBS|SPE8EN26T3103|7050-01-422-2586,C01,Integrated Control / Indicator / HMI Panels,PANEL CONTROL,PANEL; PANEL CONTROL,False,core,,"DIBBS RFQ Text Search result, AMSC field, retrieved 20260930T154351Z",past deadline
SPE7M126T325T,6110-01-055-3507,SPE7M126T325T,09-03-2026,09-14-2026,2026-09-02 09:29:57,Origin,Origin,Tech,7018067569,https://dibbs2.bsm.dla.mil/Downloads/RFQ/T/SPE7M126T325T.PDF,https://www.dibbs.bsm.dla.mil/RFQ/RFQRec.aspx?sn=SPE7M126T325T,https://www.dibbs.bsm.dla.mil/rfq/rfqrec.aspx?sn=SPE7M126T325T,PANEL,3,20260930T154351Z,6110-01-055-3507,"PANEL,POWER DISTRIBUTI",G,334519,1.0,,,2026-09-03,2026-09-14,PANEL,DIBBS|SPE7M126T325T|6110-01-055-3507,C01,Integrated Control / Indicator / HMI Panels,PANEL,PANEL,True,core,"broad keyword, but it is the item noun","DIBBS RFQ Text Search result, AMSC field, retrieved 20260930T154351Z",past deadline
SPE7M126T289E,6110-01-525-1298,SPE7M126T289E,08-19-2026,09-03-2026,2026-08-31 11:27:41,Origin,Origin,Tech,7017776689,https://dibbs2.bsm.dla.mil/Downloads/RFQ/E/SPE7M126T289E.PDF,https://www.dibbs.bsm.dla.mil/RFQ/RFQRec.aspx?sn=SPE7M126T289E,https://www.dibbs.bsm.dla.mil/rfq/rfqrec.aspx?sn=SPE7M126T289E,PANEL,3,20260930T154351Z,6110-01-525-1298,"PANEL,POWER DISTRIBUTI",G,335312,67.0,,,2026-08-19,2026-09-03,PANEL,DIBBS|SPE7M126T289E|6110-01-525-1298,C01,Integrated Control / Indicator / HMI Panels,PANEL,PANEL,True,core,"broad keyword, but it is the item noun","DIBBS RFQ Text Search result, AMSC field, retrieved 20260930T154351Z",past deadline
SPE7M526T454A,5999-01-327-2231,SPE7M526T454A,09-01-2026,09-11-2026,2026-08-31 10:48:16,Origin,Origin,Tech,7009463281,https://dibbs2.bsm.dla.mil/Downloads/RFQ/A/SPE7M526T454A.PDF,https://www.dibbs.bsm.dla.mil/RFQ/RFQRec.aspx?sn=SPE7M526T454A,https://www.dibbs.bsm.dla.mil/rfq/rfqrec.aspx?sn=SPE7M526T454A,PANEL,3,20260930T154351Z,5999-01-327-2231,"PANEL,RADIO FREQUEN",G,334419,40.0,,,2026-09-01,2026-09-11,PANEL,DIBBS|SPE7M526T454A|5999-01-327-2231,C01,Integrated Control / Indicator / HMI Panels,PANEL,PANEL,True,core,"broad keyword, but it is the item noun","DIBBS RFQ Text Search result, AMSC field, retrieved 20260930T154351Z",past deadline
SPE4A726T701D,1680-00-895-4084,SPE4A726T701D,08-28-2026,09-04-2026,2026-08-27 12:47:11,Origin,Origin,Tech,7017940245,https://dibbs2.bsm.dla.mil/Downloads/RFQ/D/SPE4A726T701D.PDF,https://www.dibbs.bsm.dla.mil/RFQ/RFQRec.aspx?sn=SPE4A726T701D,https://www.dibbs.bsm.dla.mil/rfq/rfqrec.aspx?sn=SPE4A726T701D,PANEL,3,20260930T154351Z,1680-00-895-4084,"PANEL,CRADLE",G,336413,51.0,,,2026-08-28,2026-09-04,PANEL,DIBBS|SPE4A726T701D|1680-00-895-4084,C01,Integrated Control / Indicator / HMI Panels,PANEL,PANEL,True,core,"broad keyword, but it is the item noun","DIBBS RFQ Text Search result, AMSC field, retrieved 20260930T154351Z",past deadline
SPE7M126T308L,6110-01-737-1205,SPE7M126T308L,08-26-2026,09-08-2026,2026-08-25 09:33:18,Destination,Destination,Tech,7016129638; 7016129641,https://dibbs2.bsm.dla.mil/Downloads/RFQ/L/SPE7M126T308L.PDF,https://www.dibbs.bsm.dla.mil/RFQ/RFQRec.aspx?sn=SPE7M126T308L,https://www.dibbs.bsm.dla.mil/rfq/rfqrec.aspx?sn=SPE7M126T308L,PANEL,4,20260930T154409Z,6110-01-737-1205,"PANEL,POWER DISTRIB",G,335312,2.0,No | Data | found,,2026-08-26,2026-09-08,BOX; PANEL,DIBBS|SPE7M126T308L|6110-01-737-1205,C01,Integrated Control / Indicator / HMI Panels,PANEL,PANEL,True,core,"broad keyword, but it is the item noun","DIBBS RFQ Text Search result, AMSC field, retrieved 20260930T154409Z",past deadline
SPE7M126T296A,6110-01-501-0024,SPE7M126T296A,08-21-2026,08-31-2026,2026-08-22 11:29:04,Origin,Destination,None,7017982587,https://dibbs2.bsm.dla.mil/Downloads/RFQ/A/SPE7M126T296A.PDF,https://www.dibbs.bsm.dla.mil/RFQ/RFQRec.aspx?sn=SPE7M126T296A,https://www.dibbs.bsm.dla.mil/rfq/rfqrec.aspx?sn=SPE7M126T296A,PANEL,4,20260930T154409Z,6110-01-501-0024,"PANEL,POWER DISTRIB",G,335313,5.0,,,2026-08-21,2026-08-31,PANEL,DIBBS|SPE7M126T296A|6110-01-501-0024,C01,Integrated Control / Indicator / HMI Panels,PANEL,PANEL,True,core,"broad keyword, but it is the item noun","DIBBS RFQ Text Search result, AMSC field, retrieved 20260930T154409Z",past deadline
SPE8E726T2517,6220-01-586-4043,SPE8E726T2517,05-08-2026,05-18-2026,2026-08-21 02:41:27,Origin,Origin,Tech,7016565358,https://dibbs2.bsm.dla.mil/Downloads/RFQ/7/SPE8E726T2517.PDF,https://www.dibbs.bsm.dla.mil/RFQ/RFQRec.aspx?sn=SPE8E726T2517,https://www.dibbs.bsm.dla.mil/rfq/rfqrec.aspx?sn=SPE8E726T2517,PANEL,4,20260930T154409Z,6220-01-586-4043,"PANEL,INDICATING,LI",G,336320,33.0,,,2026-05-08,2026-05-18,PANEL,DIBBS|SPE8E726T2517|6220-01-586-4043,C01,Integrated Control / Indicator / HMI Panels,PANEL,PANEL,True,core,"broad keyword, but it is the item noun","DIBBS RFQ Text Search result, AMSC field, retrieved 20260930T154409Z",past deadline
SPE4A726T179T,5895-01-708-6340,SPE4A726T179T,03-31-2026,04-07-2026,2026-08-21 02:41:27,Origin,Origin,Tech,7015853562,https://dibbs2.bsm.dla.mil/Downloads/RFQ/T/SPE4A726T179T.PDF,https://www.dibbs.bsm.dla.mil/RFQ/RFQRec.aspx?sn=SPE4A726T179T,https://www.dibbs.bsm.dla.mil/rfq/rfqrec.aspx?sn=SPE4A726T179T,PANEL,4,20260930T154409Z,5895-01-708-6340,"PANEL,INDICATOR",G,334290,2.0,,,2026-03-31,2026-04-07,INDICATOR; PANEL,DIBBS|SPE4A726T179T|5895-01-708-6340,C01,Integrated Control / Indicator / HMI Panels,PANEL,PANEL,True,core,"broad keyword, but it is the item noun","DIBBS RFQ Text Search result, AMSC field, retrieved 20260930T154409Z",past deadline
SPE7M026T6803,6110-01-303-4667,SPE7M026T6803,04-13-2026,04-23-2026,2026-08-21 02:41:27,Origin,Origin,None,7014201870,https://dibbs2.bsm.dla.mil/Downloads/RFQ/3/SPE7M026T6803.PDF,https://www.dibbs.bsm.dla.mil/RFQ/RFQRec.aspx?sn=SPE7M026T6803,https://www.dibbs.bsm.dla.mil/rfq/rfqrec.aspx?sn=SPE7M026T6803,PANEL,4,20260930T154409Z,6110-01-303-4667,"PANEL,POWER DISTRIB",G,334519,1.0,,,2026-04-13,2026-04-23,PANEL,DIBBS|SPE7M026T6803|6110-01-303-4667,C01,Integrated Control / Indicator / HMI Panels,PANEL,PANEL,True,core,"broad keyword, but it is the item noun","DIBBS RFQ Text Search result, AMSC field, retrieved 20260930T154409Z",past deadline
SPE7M126T063J,6110-00-690-7693,SPE7M126T063J,05-13-2026,05-26-2026,2026-08-21 02:41:27,Destination,Origin,Tech,7016732203,https://dibbs2.bsm.dla.mil/Downloads/RFQ/J/SPE7M126T063J.PDF,https://www.dibbs.bsm.dla.mil/RFQ/RFQRec.aspx?sn=SPE7M126T063J,https://www.dibbs.bsm.dla.mil/rfq/rfqrec.aspx?sn=SPE7M126T063J,PANEL,4,20260930T154409Z,6110-00-690-7693,"PANEL,POWER DISTRIB",G,335311,1.0,,,2026-05-13,2026-05-26,PANEL,DIBBS|SPE7M126T063J|6110-00-690-7693,C01,Integrated Control / Indicator / HMI Panels,PANEL,PANEL,True,core,"broad keyword, but it is the item noun","DIBBS RFQ Text Search result, AMSC field, retrieved 20260930T154409Z",past deadline
SPE8E726T2642,6220-01-646-5501,SPE8E726T2642,05-15-2026,05-26-2026,2026-08-21 02:41:27,Origin,Destination,Tech,7016779109,https://dibbs2.bsm.dla.mil/Downloads/RFQ/2/SPE8E726T2642.PDF,https://www.dibbs.bsm.dla.mil/RFQ/RFQRec.aspx?sn=SPE8E726T2642,https://www.dibbs.bsm.dla.mil/rfq/rfqrec.aspx?sn=SPE8E726T2642,PANEL,5,20260930T154426Z,6220-01-646-5501,"PANEL,ILLUMINATION",G,336413,12.0,,,2026-05-15,2026-05-26,PANEL,DIBBS|SPE8E726T2642|6220-01-646-5501,C01,Integrated Control / Indicator / HMI Panels,PANEL,PANEL,True,core,"broad keyword, but it is the item noun","DIBBS RFQ Text Search result, AMSC field, retrieved 20260930T154426Z",past deadline
SPE7M126T231N,6110-01-063-1162,SPE7M126T231N,07-24-2026,08-03-2026,2026-08-21 02:41:27,Origin,Origin,Tech,7014637663,https://dibbs2.bsm.dla.mil/Downloads/RFQ/N/SPE7M126T231N.PDF,https://www.dibbs.bsm.dla.mil/RFQ/RFQRec.aspx?sn=SPE7M126T231N,https://www.dibbs.bsm.dla.mil/rfq/rfqrec.aspx?sn=SPE7M126T231N,PANEL,5,20260930T154426Z,6110-01-063-1162,"PANEL,POWER DISTRIB",G,334413,1.0,,,2026-07-24,2026-08-03,PANEL,DIBBS|SPE7M126T231N|6110-01-063-1162,C01,Integrated Control / Indicator / HMI Panels,PANEL,PANEL,True,core,"broad keyword, but it is the item noun","DIBBS RFQ Text Search result, AMSC field, retrieved 20260930T154426Z",past deadline
SPE4A726T680J,1680-01-524-3147,SPE4A726T680J,08-20-2026,08-27-2026,2026-08-21 02:41:27,Origin,Origin,Tech,7017740626,https://dibbs2.bsm.dla.mil/Downloads/RFQ/J/SPE4A726T680J.PDF,https://www.dibbs.bsm.dla.mil/RFQ/RFQRec.aspx?sn=SPE4A726T680J,https://www.dibbs.bsm.dla.mil/rfq/rfqrec.aspx?sn=SPE4A726T680J,PANEL,6,20260930T154443Z,1680-01-524-3147,"PANEL,CONTROL,ELECTRIC",G,336413,4.0,,,2026-08-20,2026-08-27,PANEL,DIBBS|SPE4A726T680J|1680-01-524-3147,C01,Integrated Control / Indicator / HMI Panels,PANEL CONTROL,PANEL; PANEL CONTROL,False,core,,"DIBBS RFQ Text Search result, AMSC field, retrieved 20260930T154443Z",past deadline
SPE4A726T241Q,5895-01-708-6340,SPE4A726T241Q,04-13-2026,04-20-2026,2026-08-21 02:41:27,Destination,Origin,Tech,7015641495,https://dibbs2.bsm.dla.mil/Downloads/RFQ/Q/SPE4A726T241Q.PDF,https://www.dibbs.bsm.dla.mil/RFQ/RFQRec.aspx?sn=SPE4A726T241Q,https://www.dibbs.bsm.dla.mil/rfq/rfqrec.aspx?sn=SPE4A726T241Q,PANEL,6,20260930T154443Z,5895-01-708-6340,"PANEL,INDICATOR",G,334290,1.0,,,2026-04-13,2026-04-20,INDICATOR; PANEL,DIBBS|SPE4A726T241Q|5895-01-708-6340,C01,Integrated Control / Indicator / HMI Panels,PANEL,PANEL,True,core,"broad keyword, but it is the item noun","DIBBS RFQ Text Search result, AMSC field, retrieved 20260930T154443Z",past deadline
SPE7M526T406B,6110-01-367-8226,SPE7M526T406B,08-13-2026,08-24-2026,2026-08-21 02:41:27,Destination,Origin,None,7014850620; 7014850621,https://dibbs2.bsm.dla.mil/Downloads/RFQ/B/SPE7M526T406B.PDF,https://www.dibbs.bsm.dla.mil/RFQ/RFQRec.aspx?sn=SPE7M526T406B,https://www.dibbs.bsm.dla.mil/rfq/rfqrec.aspx?sn=SPE7M526T406B,PANEL,7,20260930T154458Z,6110-01-367-8226,"PANEL,POWER DISTRIB",G,334519,2.0,,,2026-08-13,2026-08-24,BOX; PANEL,DIBBS|SPE7M526T406B|6110-01-367-8226,C01,Integrated Control / Indicator / HMI Panels,PANEL,PANEL,True,core,"broad keyword, but it is the item noun","DIBBS RFQ Text Search result, AMSC field, retrieved 20260930T154458Z",past deadline
SPE7M526T301T,5999-01-311-7311,SPE7M526T301T,07-06-2026,07-21-2026,2026-08-21 02:41:27,Origin,Destination,Tech,7017047065,https://dibbs2.bsm.dla.mil/Downloads/RFQ/T/SPE7M526T301T.PDF,https://www.dibbs.bsm.dla.mil/RFQ/RFQRec.aspx?sn=SPE7M526T301T,https://www.dibbs.bsm.dla.mil/rfq/rfqrec.aspx?sn=SPE7M526T301T,PANEL,7,20260930T154458Z,5999-01-311-7311,"PANEL,RADIO FREQUEN",G,334419,28.0,,,2026-07-06,2026-07-21,PANEL,DIBBS|SPE7M526T301T|5999-01-311-7311,C01,Integrated Control / Indicator / HMI Panels,PANEL,PANEL,True,core,"broad keyword, but it is the item noun","DIBBS RFQ Text Search result, AMSC field, retrieved 20260930T154458Z",past deadline
SPE7M426T185M,2090-01-701-4688,SPE7M426T185M,06-16-2026,06-26-2026,2026-08-21 02:41:27,Origin,Origin,Tech,7017049020,https://dibbs2.bsm.dla.mil/Downloads/RFQ/M/SPE7M426T185M.PDF,https://www.dibbs.bsm.dla.mil/RFQ/RFQRec.aspx?sn=SPE7M426T185M,https://www.dibbs.bsm.dla.mil/rfq/rfqrec.aspx?sn=SPE7M426T185M,PANEL,7,20260930T154458Z,2090-01-701-4688,"PANEL,VEHICULAR OPE",G,332999,27.0,,,2026-06-16,2026-06-26,PANEL,DIBBS|SPE7M426T185M|2090-01-701-4688,C01,Integrated Control / Indicator / HMI Panels,PANEL,PANEL,True,core,"broad keyword, but it is the item noun","DIBBS RFQ Text Search result, AMSC field, retrieved 20260930T154458Z",past deadline
SPE7M026T9937,6110-01-310-3807,SPE7M026T9937,07-08-2026,07-20-2026,2026-08-21 02:41:27,Origin,Destination,None,7017395906,https://dibbs2.bsm.dla.mil/Downloads/RFQ/7/SPE7M026T9937.PDF,https://www.dibbs.bsm.dla.mil/RFQ/RFQRec.aspx?sn=SPE7M026T9937,https://www.dibbs.bsm.dla.mil/rfq/rfqrec.aspx?sn=SPE7M026T9937,PANEL,7,20260930T154458Z,6110-01-310-3807,"PANEL,POWER DISTRIBUTI",G,334519,1.0,,,2026-07-08,2026-07-20,PANEL,DIBBS|SPE7M026T9937|6110-01-310-3807,C01,Integrated Control / Indicator / HMI Panels,PANEL,PANEL,True,core,"broad keyword, but it is the item noun","DIBBS RFQ Text Search result, AMSC field, retrieved 20260930T154458Z",past deadline
SPE7L326T147D,2590-01-687-7510,SPE7L326T147D,08-05-2026,08-20-2026,2026-08-21 02:41:27,Origin,Origin,Tech,7017730998,https://dibbs2.bsm.dla.mil/Downloads/RFQ/D/SPE7L326T147D.PDF,https://www.dibbs.bsm.dla.mil/RFQ/RFQRec.aspx?sn=SPE7L326T147D,https://www.dibbs.bsm.dla.mil/rfq/rfqrec.aspx?sn=SPE7L326T147D,PANEL,7,20260930T154458Z,2590-01-687-7510,"PANEL,HOUSING,SECTI",G,333310,1.0,,,2026-08-05,2026-08-20,HOUSING; PANEL,DIBBS|SPE7L326T147D|2590-01-687-7510,C04,Lenses / Windows / Covers / Housings,PANEL HOUSING,PANEL; PANEL HOUSING,False,core,,"DIBBS RFQ Text Search result, AMSC field, retrieved 20260930T154458Z",past deadline
SPE4A526T273W,1680-01-552-5486,SPE4A526T273W,07-07-2026,07-14-2026,2026-08-21 02:41:27,Origin,Destination,Tech,7017384944,https://dibbs2.bsm.dla.mil/Downloads/RFQ/W/SPE4A526T273W.PDF,https://www.dibbs.bsm.dla.mil/RFQ/RFQRec.aspx?sn=SPE4A526T273W,https://www.dibbs.bsm.dla.mil/rfq/rfqrec.aspx?sn=SPE4A526T273W,PANEL,8,20260930T154515Z,1680-01-552-5486,"CONTROL PANEL,AIRCR",G,336413,1.0,,,2026-07-07,2026-07-14,PANEL,DIBBS|SPE4A526T273W|1680-01-552-5486,C01,Integrated Control / Indicator / HMI Panels,CONTROL PANEL,CONTROL PANEL; PANEL,False,core,,"DIBBS RFQ Text Search result, AMSC field, retrieved 20260930T154515Z",past deadline
SPE7M426T9191,2090-01-701-4683,SPE7M426T9191,04-02-2026,04-16-2026,2026-08-21 02:41:27,Origin,Origin,Tech,7014137095,https://dibbs2.bsm.dla.mil/Downloads/RFQ/1/SPE7M426T9191.PDF,https://www.dibbs.bsm.dla.mil/RFQ/RFQRec.aspx?sn=SPE7M426T9191,https://www.dibbs.bsm.dla.mil/rfq/rfqrec.aspx?sn=SPE7M426T9191,PANEL,8,20260930T154515Z,2090-01-701-4683,"PANEL,VEHICULAR OPE",G,332999,13.0,,,2026-04-02,2026-04-16,PANEL,DIBBS|SPE7M426T9191|2090-01-701-4683,C01,Integrated Control / Indicator / HMI Panels,PANEL,PANEL,True,core,"broad keyword, but it is the item noun","DIBBS RFQ Text Search result, AMSC field, retrieved 20260930T154515Z",past deadline
SPE7M426T8934,2090-01-701-4688,SPE7M426T8934,03-31-2026,04-15-2026,2026-08-21 02:41:27,Origin,Origin,Tech,7015234765,https://dibbs2.bsm.dla.mil/Downloads/RFQ/4/SPE7M426T8934.PDF,https://www.dibbs.bsm.dla.mil/RFQ/RFQRec.aspx?sn=SPE7M426T8934,https://www.dibbs.bsm.dla.mil/rfq/rfqrec.aspx?sn=SPE7M426T8934,PANEL,9,20260930T154532Z,2090-01-701-4688,"PANEL,VEHICULAR OPE",G,332999,109.0,,,2026-03-31,2026-04-15,PANEL,DIBBS|SPE7M426T8934|2090-01-701-4688,C01,Integrated Control / Indicator / HMI Panels,PANEL,PANEL,True,core,"broad keyword, but it is the item noun","DIBBS RFQ Text Search result, AMSC field, retrieved 20260930T154532Z",past deadline
SPE7M126T6561,6110-01-280-8691,SPE7M126T6561,02-27-2026,03-09-2026,2026-08-21 02:41:27,Origin,Origin,Tech,7014415093,https://dibbs2.bsm.dla.mil/Downloads/RFQ/1/SPE7M126T6561.PDF,https://www.dibbs.bsm.dla.mil/RFQ/RFQRec.aspx?sn=SPE7M126T6561,https://www.dibbs.bsm.dla.mil/rfq/rfqrec.aspx?sn=SPE7M126T6561,PANEL,9,20260930T154532Z,6110-01-280-8691,"PANEL,POWER DISTRIB",G,334519,4.0,,,2026-02-27,2026-03-09,PANEL,DIBBS|SPE7M126T6561|6110-01-280-8691,C01,Integrated Control / Indicator / HMI Panels,PANEL,PANEL,True,core,"broad keyword, but it is the item noun","DIBBS RFQ Text Search result, AMSC field, retrieved 20260930T154532Z",past deadline
SPE7M126T285V,6110-01-737-1205,SPE7M126T285V,08-18-2026,08-28-2026,2026-08-21 02:41:27,Destination,Destination,Tech,7015496891,https://dibbs2.bsm.dla.mil/Downloads/RFQ/V/SPE7M126T285V.PDF,https://www.dibbs.bsm.dla.mil/RFQ/RFQRec.aspx?sn=SPE7M126T285V,https://www.dibbs.bsm.dla.mil/rfq/rfqrec.aspx?sn=SPE7M126T285V,PANEL,9,20260930T154532Z,6110-01-737-1205,"PANEL,POWER DISTRIB",G,335312,1.0,No | Data | found,,2026-08-18,2026-08-28,PANEL,DIBBS|SPE7M126T285V|6110-01-737-1205,C01,Integrated Control / Indicator / HMI Panels,PANEL,PANEL,True,core,"broad keyword, but it is the item noun","DIBBS RFQ Text Search result, AMSC field, retrieved 20260930T154532Z",past deadline
SPE7M126T125G,6110-01-310-3810,SPE7M126T125G,06-05-2026,06-15-2026,2026-08-21 02:41:27,Origin,Destination,None,7017047009,https://dibbs2.bsm.dla.mil/Downloads/RFQ/G/SPE7M126T125G.PDF,https://www.dibbs.bsm.dla.mil/RFQ/RFQRec.aspx?sn=SPE7M126T125G,https://www.dibbs.bsm.dla.mil/rfq/rfqrec.aspx?sn=SPE7M126T125G,PANEL,9,20260930T154532Z,6110-01-310-3810,"PANEL,POWER DISTRIB",G,334519,2.0,,,2026-06-05,2026-06-15,PANEL,DIBBS|SPE7M126T125G|6110-01-310-3810,C01,Integrated Control / Indicator / HMI Panels,PANEL,PANEL,True,core,"broad keyword, but it is the item noun","DIBBS RFQ Text Search result, AMSC field, retrieved 20260930T154532Z",past deadline
SPE4A626T28KK,6695-01-612-7686,SPE4A626T28KK,09-10-2026,09-17-2026,2026-09-09 02:45:17,Origin,Destination,Tech,7012491643,https://dibbs2.bsm.dla.mil/Downloads/RFQ/K/SPE4A626T28KK.PDF,https://www.dibbs.bsm.dla.mil/RFQ/RFQRec.aspx?sn=SPE4A626T28KK,https://www.dibbs.bsm.dla.mil/rfq/rfqrec.aspx?sn=SPE4A626T28KK,PANEL,10,20260930T154548Z,6695-01-612-7686,"PANEL,INDICATOR",G,334418,3.0,,,2026-09-10,2026-09-17,INDICATOR; PANEL,DIBBS|SPE4A626T28KK|6695-01-612-7686,C01,Integrated Control / Indicator / HMI Panels,PANEL,PANEL,True,core,"broad keyword, but it is the item noun","DIBBS RFQ Text Search result, AMSC field, retrieved 20260930T154548Z",past deadline
SPE7M126T204J,6110-01-054-3018,SPE7M126T204J,07-10-2026,07-20-2026,2026-08-21 02:41:27,Origin,Origin,Tech,7017316140,https://dibbs2.bsm.dla.mil/Downloads/RFQ/J/SPE7M126T204J.PDF,https://www.dibbs.bsm.dla.mil/RFQ/RFQRec.aspx?sn=SPE7M126T204J,https://www.dibbs.bsm.dla.mil/rfq/rfqrec.aspx?sn=SPE7M126T204J,PANEL,10,20260930T154548Z,6110-01-054-3018,"PANEL,AIR CONTROL",G,334519,1.0,,,2026-07-10,2026-07-20,PANEL,DIBBS|SPE7M126T204J|6110-01-054-3018,C01,Integrated Control / Indicator / HMI Panels,PANEL,PANEL,True,core,"broad keyword, but it is the item noun","DIBBS RFQ Text Search result, AMSC field, retrieved 20260930T154548Z",past deadline
SPE7M126T8769,6110-01-717-6047,SPE7M126T8769,04-08-2026,05-27-2026,2026-08-21 02:41:27,Origin,Destination,Tech,7015974783,https://dibbs2.bsm.dla.mil/Downloads/RFQ/9/SPE7M126T8769.PDF,https://www.dibbs.bsm.dla.mil/RFQ/RFQRec.aspx?sn=SPE7M126T8769,https://www.dibbs.bsm.dla.mil/rfq/rfqrec.aspx?sn=SPE7M126T8769,PANEL,11,20260930T154605Z,6110-01-717-6047,"PANEL,CONTROL,ELECT",G,335312,1.0,,,2026-04-08,2026-05-27,PANEL,DIBBS|SPE7M126T8769|6110-01-717-6047,C01,Integrated Control / Indicator / HMI Panels,PANEL CONTROL,PANEL; PANEL CONTROL,False,core,,"DIBBS RFQ Text Search result, AMSC field, retrieved 20260930T154605Z",past deadline
SPE4A726T702H,6695-00-267-9198,SPE4A726T702H,08-28-2026,09-04-2026,2026-08-27 06:41:15,Origin,Origin,Tech,7017940009,https://dibbs2.bsm.dla.mil/Downloads/RFQ/H/SPE4A726T702H.PDF,https://www.dibbs.bsm.dla.mil/RFQ/RFQRec.aspx?sn=SPE4A726T702H,https://www.dibbs.bsm.dla.mil/rfq/rfqrec.aspx?sn=SPE4A726T702H,BEZEL,1,20260930T154658Z,6695-00-267-9198,"BEZEL,INSTRUMENT MOUNT",G,334519,18.0,,,2026-08-28,2026-09-04,BEZEL,DIBBS|SPE4A726T702H|6695-00-267-9198,C03,Bezels / Faceplates / Escutcheons / Overlays,BEZEL,BEZEL,False,core,,"DIBBS RFQ Text Search result, AMSC field, retrieved 20260930T154658Z",past deadline
SPE4A726T159H,6220-01-472-2537,SPE4A726T159H,03-26-2026,04-02-2026,2026-08-21 02:41:27,Origin,Origin,Tech,7016082178,https://dibbs2.bsm.dla.mil/Downloads/RFQ/H/SPE4A726T159H.PDF,https://www.dibbs.bsm.dla.mil/RFQ/RFQRec.aspx?sn=SPE4A726T159H,https://www.dibbs.bsm.dla.mil/rfq/rfqrec.aspx?sn=SPE4A726T159H,BEZEL,1,20260930T154658Z,6220-01-472-2537,"BEZEL,EYEBROW ASSY",G,336320,5.0,,,2026-03-26,2026-04-02,BEZEL,DIBBS|SPE4A726T159H|6220-01-472-2537,C03,Bezels / Faceplates / Escutcheons / Overlays,BEZEL,BEZEL,False,core,,"DIBBS RFQ Text Search result, AMSC field, retrieved 20260930T154658Z",past deadline
SPE7L326T152K,2590-01-100-0423,SPE7L326T152K,08-07-2026,08-17-2026,2026-08-21 02:41:27,Origin,Origin,Tech,7017777616,https://dibbs2.bsm.dla.mil/Downloads/RFQ/K/SPE7L326T152K.PDF,https://www.dibbs.bsm.dla.mil/RFQ/RFQRec.aspx?sn=SPE7L326T152K,https://www.dibbs.bsm.dla.mil/rfq/rfqrec.aspx?sn=SPE7L326T152K,BEZEL,1,20260930T154658Z,2590-01-100-0423,"BEZEL,AUTOMOTIVE TR",G,336992,10.0,,,2026-08-07,2026-08-17,BEZEL,DIBBS|SPE7L326T152K|2590-01-100-0423,C03,Bezels / Faceplates / Escutcheons / Overlays,BEZEL,BEZEL,False,core,,"DIBBS RFQ Text Search result, AMSC field, retrieved 20260930T154658Z",past deadline
SPE7L326T160T,2590-01-209-8427,SPE7L326T160T,08-07-2026,08-20-2026,2026-08-21 02:41:27,Origin,Origin,Tech,7017780247,https://dibbs2.bsm.dla.mil/Downloads/RFQ/T/SPE7L326T160T.PDF,https://www.dibbs.bsm.dla.mil/RFQ/RFQRec.aspx?sn=SPE7L326T160T,https://www.dibbs.bsm.dla.mil/rfq/rfqrec.aspx?sn=SPE7L326T160T,BEZEL,1,20260930T154658Z,2590-01-209-8427,"BEZEL,AUTOMOTIVE TRIM",G,336992,8.0,,,2026-08-07,2026-08-20,BEZEL,DIBBS|SPE7L326T160T|2590-01-209-8427,C03,Bezels / Faceplates / Escutcheons / Overlays,BEZEL,BEZEL,False,core,,"DIBBS RFQ Text Search result, AMSC field, retrieved 20260930T154658Z",past deadline
SPE8E626T3417,4240-01-568-9652,SPE8E626T3417,06-18-2026,07-07-2026,2026-08-21 02:41:27,Origin,Origin,Tech,7016967139,https://dibbs2.bsm.dla.mil/Downloads/RFQ/7/SPE8E626T3417.PDF,https://www.dibbs.bsm.dla.mil/RFQ/RFQRec.aspx?sn=SPE8E626T3417,https://www.dibbs.bsm.dla.mil/rfq/rfqrec.aspx?sn=SPE8E626T3417,FACEPLATE,1,20260930T154707Z,4240-01-568-9652,FACEPLATE SEAL PROT,G,339113,7.0,,,2026-06-18,2026-07-07,FACEPLATE,DIBBS|SPE8E626T3417|4240-01-568-9652,C03,Bezels / Faceplates / Escutcheons / Overlays,FACEPLATE,FACEPLATE,False,core,,"DIBBS RFQ Text Search result, AMSC field, retrieved 20260930T154707Z",past deadline
SPE8E626T2737,4240-01-568-9652,SPE8E626T2737,05-01-2026,05-11-2026,2026-08-21 02:41:27,Origin,Origin,Tech,7016555258,https://dibbs2.bsm.dla.mil/Downloads/RFQ/7/SPE8E626T2737.PDF,https://www.dibbs.bsm.dla.mil/RFQ/RFQRec.aspx?sn=SPE8E626T2737,https://www.dibbs.bsm.dla.mil/rfq/rfqrec.aspx?sn=SPE8E626T2737,FACEPLATE,1,20260930T154707Z,4240-01-568-9652,FACEPLATE SEAL PROT,G,339113,3.0,,,2026-05-01,2026-05-11,FACEPLATE,DIBBS|SPE8E626T2737|4240-01-568-9652,C03,Bezels / Faceplates / Escutcheons / Overlays,FACEPLATE,FACEPLATE,False,core,,"DIBBS RFQ Text Search result, AMSC field, retrieved 20260930T154707Z",past deadline
SPE8E626T4106,4240-01-655-4858,SPE8E626T4106,08-06-2026,08-17-2026,2026-08-21 02:41:27,Origin,Origin,Tech,7016179631,https://dibbs2.bsm.dla.mil/Downloads/RFQ/6/SPE8E626T4106.PDF,https://www.dibbs.bsm.dla.mil/RFQ/RFQRec.aspx?sn=SPE8E626T4106,https://www.dibbs.bsm.dla.mil/rfq/rfqrec.aspx?sn=SPE8E626T4106,FACE PLATE,1,20260930T154716Z,4240-01-655-4858,FACE PLATE STOWAGE,G,339113,171.0,,,2026-08-06,2026-08-17,FACE PLATE; PLATE,DIBBS|SPE8E626T4106|4240-01-655-4858,C03,Bezels / Faceplates / Escutcheons / Overlays,FACE PLATE,FACE PLATE; PLATE,False,core,,"DIBBS RFQ Text Search result, AMSC field, retrieved 20260930T154716Z",past deadline
SPE8E626Q0633,4240-01-655-5526,SPE8E626Q0633,08-10-2026,08-17-2026,2026-08-21 02:41:27,Origin,Origin,Tech,7016927385,https://dibbs2.bsm.dla.mil/Downloads/RFQ/3/SPE8E626Q0633.PDF,https://www.dibbs.bsm.dla.mil/RFQ/RFQRec.aspx?sn=SPE8E626Q0633,https://www.dibbs.bsm.dla.mil/rfq/rfqrec.aspx?sn=SPE8E626Q0633,FACE PLATE,1,20260930T154716Z,4240-01-655-5526,FACE PLATE ASSEMBLY,G,339113,300.0,,,2026-08-10,2026-08-17,FACE PLATE; INDICATOR; PLATE,DIBBS|SPE8E626Q0633|4240-01-655-5526,C03,Bezels / Faceplates / Escutcheons / Overlays,FACE PLATE,FACE PLATE; PLATE,False,core,,"DIBBS RFQ Text Search result, AMSC field, retrieved 20260930T154716Z",past deadline
SPE7L126T19J4,4810-01-641-9297,SPE7L126T19J4,09-30-2026,10-13-2026,2026-09-29 09:03:11,Destination,Destination,Tech,7015141267,https://dibbs2.bsm.dla.mil/Downloads/RFQ/4/SPE7L126T19J4.PDF,https://www.dibbs.bsm.dla.mil/RFQ/RFQRec.aspx?sn=SPE7L126T19J4,https://www.dibbs.bsm.dla.mil/rfq/rfqrec.aspx?sn=SPE7L126T19J4,OVERLAY,2,20260930T154759Z,4810-01-641-9297,"ACTUATOR,HYDRAULIC-",G,336310,1.0,,,2026-09-30,2026-10-13,ACTUATOR; OVERLAY,DIBBS|SPE7L126T19J4|4810-01-641-9297,C07,Switches / Pushbuttons / Keyboards / Controls,ACTUATOR,ACTUATOR,True,core,"broad keyword, but it is the item noun","DIBBS RFQ Text Search result, AMSC field, retrieved 20260930T154759Z",open by deadline
SPE7LX26U011D,5340-01-670-2178,SPE7LX26U011D,09-30-2026,10-14-2026,2026-09-29 09:03:11,Origin,Destination,Tech,1000237497,https://dibbs2.bsm.dla.mil/Downloads/RFQ/D/SPE7LX26U011D.PDF,https://www.dibbs.bsm.dla.mil/RFQ/RFQRec.aspx?sn=SPE7LX26U011D,https://www.dibbs.bsm.dla.mil/rfq/rfqrec.aspx?sn=SPE7LX26U011D,OVERLAY,2,20260930T154759Z,5340-01-670-2178,"PLATE,MOUNTING",G,332510,42.0,,,2026-09-30,2026-10-14,OVERLAY; PLATE,DIBBS|SPE7LX26U011D|5340-01-670-2178,C08,Plates / Markings / Mounting / Misc,PLATE,PLATE,True,core-adjacent,"broad keyword, but it is the item noun","DIBBS RFQ Text Search result, AMSC field, retrieved 20260930T154759Z",open by deadline
SPE4A626T37YY,5995-01-657-2500,SPE4A626T37YY,09-30-2026,10-07-2026,2026-09-29 09:03:11,Origin,Origin,Tech,7018504975,https://dibbs2.bsm.dla.mil/Downloads/RFQ/Y/SPE4A626T37YY.PDF,https://www.dibbs.bsm.dla.mil/RFQ/RFQRec.aspx?sn=SPE4A626T37YY,https://www.dibbs.bsm.dla.mil/rfq/rfqrec.aspx?sn=SPE4A626T37YY,OVERLAY,2,20260930T154759Z,5995-01-657-2500,"CABLE ASSEMBLY,SPEC",G,335931,1.0,,,2026-09-30,2026-10-07,CABLE ASSEMBLY; OVERLAY,DIBBS|SPE4A626T37YY|5995-01-657-2500,C10,Harnesses / Cable Assemblies / Box Builds,CABLE ASSEMBLY,CABLE ASSEMBLY,False,adjacent,,"DIBBS RFQ Text Search result, AMSC field, retrieved 20260930T154759Z",open by deadline
SPE7L126T19E9,5340-01-736-4974,SPE7L126T19E9,09-30-2026,10-13-2026,2026-09-29 09:03:11,Origin,Origin,Tech,7018038112,https://dibbs2.bsm.dla.mil/Downloads/RFQ/9/SPE7L126T19E9.PDF,https://www.dibbs.bsm.dla.mil/RFQ/RFQRec.aspx?sn=SPE7L126T19E9,https://www.dibbs.bsm.dla.mil/rfq/rfqrec.aspx?sn=SPE7L126T19E9,OVERLAY,3,20260930T154817Z,5340-01-736-4974,"PLATE,MOUNTING",G,332510,1.0,,,2026-09-30,2026-10-13,OVERLAY; PLATE,DIBBS|SPE7L126T19E9|5340-01-736-4974,C08,Plates / Markings / Mounting / Misc,PLATE,PLATE,True,core-adjacent,"broad keyword, but it is the item noun","DIBBS RFQ Text Search result, AMSC field, retrieved 20260930T154817Z",open by deadline
SPE4A626T37YE,6220-01-253-6684,SPE4A626T37YE,09-30-2026,10-07-2026,2026-09-29 09:03:10,Origin,Destination,Tech,7018581880,https://dibbs2.bsm.dla.mil/Downloads/RFQ/E/SPE4A626T37YE.PDF,https://www.dibbs.bsm.dla.mil/RFQ/RFQRec.aspx?sn=SPE4A626T37YE,https://www.dibbs.bsm.dla.mil/rfq/rfqrec.aspx?sn=SPE4A626T37YE,OVERLAY,6,20260930T154914Z,6220-01-253-6684,"LIGHT,INDICATOR",G,336320,12.0,,,2026-09-30,2026-10-07,INDICATOR; OVERLAY,DIBBS|SPE4A626T37YE|6220-01-253-6684,C05,Indicator / Annunciator / Panel Lighting,LIGHT INDICATOR,LIGHT INDICATOR,False,core,,"DIBBS RFQ Text Search result, AMSC field, retrieved 20260930T154914Z",open by deadline
SPE7L126T19H9,5340-01-599-9911,SPE7L126T19H9,09-30-2026,10-13-2026,2026-09-29 09:03:10,Origin,Destination,Tech,7017227622,https://dibbs2.bsm.dla.mil/Downloads/RFQ/9/SPE7L126T19H9.PDF,https://www.dibbs.bsm.dla.mil/RFQ/RFQRec.aspx?sn=SPE7L126T19H9,https://www.dibbs.bsm.dla.mil/rfq/rfqrec.aspx?sn=SPE7L126T19H9,OVERLAY,8,20260930T154952Z,5340-01-599-9911,"PLATE,MOUNTING",G,332510,26.0,,,2026-09-30,2026-10-13,OVERLAY; PLATE,DIBBS|SPE7L126T19H9|5340-01-599-9911,C08,Plates / Markings / Mounting / Misc,PLATE,PLATE,True,core-adjacent,"broad keyword, but it is the item noun","DIBBS RFQ Text Search result, AMSC field, retrieved 20260930T154952Z",open by deadline
SPE4A626T34WQ,6150-01-707-5235,SPE4A626T34WQ,09-22-2026,10-02-2026,2026-09-29 09:02:54,Origin,Origin,Tech,7016880703,https://dibbs2.bsm.dla.mil/Downloads/RFQ/Q/SPE4A626T34WQ.PDF,https://www.dibbs.bsm.dla.mil/RFQ/RFQRec.aspx?sn=SPE4A626T34WQ,https://www.dibbs.bsm.dla.mil/rfq/rfqrec.aspx?sn=SPE4A626T34WQ,OVERLAY,9,20260930T155012Z,6150-01-707-5235,"CABLE ASSEMBLY,POWE",G,335311,3.0,,,2026-09-22,2026-10-02,CABLE ASSEMBLY; OVERLAY,DIBBS|SPE4A626T34WQ|6150-01-707-5235,C10,Harnesses / Cable Assemblies / Box Builds,CABLE ASSEMBLY,CABLE ASSEMBLY,False,adjacent,,"DIBBS RFQ Text Search result, AMSC field, retrieved 20260930T155012Z",open by deadline
SPE4A626T34NS,6150-01-700-9280,SPE4A626T34NS,09-22-2026,10-02-2026,2026-09-29 09:02:37,Origin,Destination,Tech,7018373901,https://dibbs2.bsm.dla.mil/Downloads/RFQ/S/SPE4A626T34NS.PDF,https://www.dibbs.bsm.dla.mil/RFQ/RFQRec.aspx?sn=SPE4A626T34NS,https://www.dibbs.bsm.dla.mil/rfq/rfqrec.aspx?sn=SPE4A626T34NS,OVERLAY,10,20260930T155031Z,6150-01-700-9280,"CABLE ASSEMBLY,SPEC",G,335311,3.0,,,2026-09-22,2026-10-02,CABLE ASSEMBLY; OVERLAY,DIBBS|SPE4A626T34NS|6150-01-700-9280,C10,Harnesses / Cable Assemblies / Box Builds,CABLE ASSEMBLY,CABLE ASSEMBLY,False,adjacent,,"DIBBS RFQ Text Search result, AMSC field, retrieved 20260930T155031Z",open by deadline
SPE4A026T4944,5995-01-681-7913,SPE4A026T4944,09-21-2026,10-02-2026,2026-09-29 09:02:28,Origin,Origin,Tech,7017823796,https://dibbs2.bsm.dla.mil/Downloads/RFQ/4/SPE4A026T4944.PDF,https://www.dibbs.bsm.dla.mil/RFQ/RFQRec.aspx?sn=SPE4A026T4944,https://www.dibbs.bsm.dla.mil/rfq/rfqrec.aspx?sn=SPE4A026T4944,OVERLAY,10,20260930T155031Z,5995-01-681-7913,WIRING HARNESS,G,335931,1.0,,,2026-09-21,2026-10-02,HARNESS; OVERLAY,DIBBS|SPE4A026T4944|5995-01-681-7913,C10,Harnesses / Cable Assemblies / Box Builds,WIRING HARNESS,WIRING HARNESS,False,adjacent,,"DIBBS RFQ Text Search result, AMSC field, retrieved 20260930T155031Z",open by deadline
SPE4A626T34LK,5995-01-699-3498,SPE4A626T34LK,09-22-2026,10-02-2026,2026-09-29 09:02:12,Origin,Destination,Tech,7018368542,https://dibbs2.bsm.dla.mil/Downloads/RFQ/K/SPE4A626T34LK.PDF,https://www.dibbs.bsm.dla.mil/RFQ/RFQRec.aspx?sn=SPE4A626T34LK,https://www.dibbs.bsm.dla.mil/rfq/rfqrec.aspx?sn=SPE4A626T34LK,OVERLAY,10,20260930T155031Z,5995-01-699-3498,"CABLE ASSEMBLY,SPECIAL",G,335931,2.0,,,2026-09-22,2026-10-02,CABLE ASSEMBLY; OVERLAY,DIBBS|SPE4A626T34LK|5995-01-699-3498,C10,Harnesses / Cable Assemblies / Box Builds,CABLE ASSEMBLY,CABLE ASSEMBLY,False,adjacent,,"DIBBS RFQ Text Search result, AMSC field, retrieved 20260930T155031Z",open by deadline
SPE8E626T4774,9905-01-068-2368,SPE8E626T4774,09-30-2026,10-13-2026,2026-09-29 08:16:41,Origin,Origin,Tech,7018560679,https://dibbs2.bsm.dla.mil/Downloads/RFQ/4/SPE8E626T4774.PDF,https://www.dibbs.bsm.dla.mil/RFQ/RFQRec.aspx?sn=SPE8E626T4774,https://www.dibbs.bsm.dla.mil/rfq/rfqrec.aspx?sn=SPE8E626T4774,OVERLAY,11,20260930T155050Z,9905-01-068-2368,"PLATE,INSTRUCTION",G,335999,6.0,,,2026-09-30,2026-10-13,OVERLAY; PLATE,DIBBS|SPE8E626T4774|9905-01-068-2368,C08,Plates / Markings / Mounting / Misc,PLATE,PLATE,True,core-adjacent,"broad keyword, but it is the item noun","DIBBS RFQ Text Search result, AMSC field, retrieved 20260930T155050Z",open by deadline
SPE8E526T4516,9340-00-417-0540,SPE8E526T4516,09-30-2026,10-13-2026,2026-09-29 08:16:41,Origin,Destination,Tech,7018560096,https://dibbs2.bsm.dla.mil/Downloads/RFQ/6/SPE8E526T4516.PDF,https://www.dibbs.bsm.dla.mil/RFQ/RFQRec.aspx?sn=SPE8E526T4516,https://www.dibbs.bsm.dla.mil/rfq/rfqrec.aspx?sn=SPE8E526T4516,OVERLAY,12,20260930T155110Z,9340-00-417-0540,"WINDOW,OBSERVATION",G,327215,8.0,,,2026-09-30,2026-10-13,OVERLAY; WINDOW,DIBBS|SPE8E526T4516|9340-00-417-0540,C04,Lenses / Windows / Covers / Housings,WINDOW,WINDOW,True,core,"broad keyword, but it is the item noun","DIBBS RFQ Text Search result, AMSC field, retrieved 20260930T155110Z",open by deadline
SPE7L126T19C5,5340-01-479-0619,SPE7L126T19C5,09-30-2026,10-13-2026,2026-09-29 05:15:56,Origin,Destination,Tech,7018558592,https://dibbs2.bsm.dla.mil/Downloads/RFQ/5/SPE7L126T19C5.PDF,https://www.dibbs.bsm.dla.mil/RFQ/RFQRec.aspx?sn=SPE7L126T19C5,https://www.dibbs.bsm.dla.mil/rfq/rfqrec.aspx?sn=SPE7L126T19C5,OVERLAY,12,20260930T155110Z,5340-01-479-0619,"PLATE,RESILIENT MOUNT",G,332510,1.0,,,2026-09-30,2026-10-13,OVERLAY; PLATE,DIBBS|SPE7L126T19C5|5340-01-479-0619,C08,Plates / Markings / Mounting / Misc,PLATE,PLATE,True,core-adjacent,"broad keyword, but it is the item noun","DIBBS RFQ Text Search result, AMSC field, retrieved 20260930T155110Z",open by deadline
SPE7M826T6956,5930-01-567-2470,SPE7M826T6956,09-30-2026,10-13-2026,2026-09-29 02:56:46,Origin,Origin,Tech,7018494633,https://dibbs2.bsm.dla.mil/Downloads/RFQ/6/SPE7M826T6956.PDF,https://www.dibbs.bsm.dla.mil/RFQ/RFQRec.aspx?sn=SPE7M826T6956,https://www.dibbs.bsm.dla.mil/rfq/rfqrec.aspx?sn=SPE7M826T6956,OVERLAY,15,20260930T155208Z,5930-01-567-2470,"SWITCH,PRESSURE",G,335931,8.0,,,2026-09-30,2026-10-13,OVERLAY; SWITCH,DIBBS|SPE7M826T6956|5930-01-567-2470,C07,Switches / Pushbuttons / Keyboards / Controls,SWITCH,SWITCH,True,core,"broad keyword, but it is the item noun","DIBBS RFQ Text Search result, AMSC field, retrieved 20260930T155208Z",open by deadline
SPE7L126T18W2,5340-01-728-7809,SPE7L126T18W2,09-30-2026,10-13-2026,2026-09-29 11:32:09,Origin,Destination,Tech,7018379092,https://dibbs2.bsm.dla.mil/Downloads/RFQ/2/SPE7L126T18W2.PDF,https://www.dibbs.bsm.dla.mil/RFQ/RFQRec.aspx?sn=SPE7L126T18W2,https://www.dibbs.bsm.dla.mil/rfq/rfqrec.aspx?sn=SPE7L126T18W2,OVERLAY,17,20260930T155248Z,5340-01-728-7809,"PLATE,MOUNTING",G,332510,7.0,,,2026-09-30,2026-10-13,OVERLAY; PLATE,DIBBS|SPE7L126T18W2|5340-01-728-7809,C08,Plates / Markings / Mounting / Misc,PLATE,PLATE,True,core-adjacent,"broad keyword, but it is the item noun","DIBBS RFQ Text Search result, AMSC field, retrieved 20260930T155248Z",open by deadline
SPE4A026T5074,6150-01-659-5477,SPE4A026T5074,09-30-2026,10-07-2026,2026-09-29 11:32:09,Origin,Origin,Tech,7018469892,https://dibbs2.bsm.dla.mil/Downloads/RFQ/4/SPE4A026T5074.PDF,https://www.dibbs.bsm.dla.mil/RFQ/RFQRec.aspx?sn=SPE4A026T5074,https://www.dibbs.bsm.dla.mil/rfq/rfqrec.aspx?sn=SPE4A026T5074,OVERLAY,17,20260930T155248Z,6150-01-659-5477,WIRING HARNESS,G,335311,1.0,,,2026-09-30,2026-10-07,HARNESS; OVERLAY,DIBBS|SPE4A026T5074|6150-01-659-5477,C10,Harnesses / Cable Assemblies / Box Builds,WIRING HARNESS,WIRING HARNESS,False,adjacent,,"DIBBS RFQ Text Search result, AMSC field, retrieved 20260930T155248Z",open by deadline
SPE8E626T4760,9905-00-624-3415,SPE8E626T4760,09-30-2026,10-13-2026,2026-09-29 10:51:58,Origin,Origin,Tech,7018146326,https://dibbs2.bsm.dla.mil/Downloads/RFQ/0/SPE8E626T4760.PDF,https://www.dibbs.bsm.dla.mil/RFQ/RFQRec.aspx?sn=SPE8E626T4760,https://www.dibbs.bsm.dla.mil/rfq/rfqrec.aspx?sn=SPE8E626T4760,OVERLAY,18,20260930T155307Z,9905-00-624-3415,"PLATE,INSTRUCTION",G,339950,16.0,,,2026-09-30,2026-10-13,OVERLAY; PLATE,DIBBS|SPE8E626T4760|9905-00-624-3415,C08,Plates / Markings / Mounting / Misc,PLATE,PLATE,True,core-adjacent,"broad keyword, but it is the item noun","DIBBS RFQ Text Search result, AMSC field, retrieved 20260930T155307Z",open by deadline
SPE7M826T6939,5930-01-516-5996,SPE7M826T6939,09-29-2026,10-09-2026,2026-09-29 08:02:04,Origin,Origin,Tech,7018271883,https://dibbs2.bsm.dla.mil/Downloads/RFQ/9/SPE7M826T6939.PDF,https://www.dibbs.bsm.dla.mil/RFQ/RFQRec.aspx?sn=SPE7M826T6939,https://www.dibbs.bsm.dla.mil/rfq/rfqrec.aspx?sn=SPE7M826T6939,OVERLAY,19,20260930T155327Z,5930-01-516-5996,"SWITCH,PRESSURE",G,313110,12.0,,,2026-09-29,2026-10-09,OVERLAY; SWITCH,DIBBS|SPE7M826T6939|5930-01-516-5996,C07,Switches / Pushbuttons / Keyboards / Controls,SWITCH,SWITCH,True,core,"broad keyword, but it is the item noun","DIBBS RFQ Text Search result, AMSC field, retrieved 20260930T155327Z",open by deadline
SPE7L126T12P3,5355-00-706-8064,SPE7L126T12P3,09-16-2026,10-01-2026,2026-09-28 08:04:08,Origin,Origin,Tech,7017900269,https://dibbs2.bsm.dla.mil/Downloads/RFQ/3/SPE7L126T12P3.PDF,https://www.dibbs.bsm.dla.mil/RFQ/RFQRec.aspx?sn=SPE7L126T12P3,https://www.dibbs.bsm.dla.mil/rfq/rfqrec.aspx?sn=SPE7L126T12P3,DIAL,1,20260930T155356Z,5355-00-706-8064,"WINDOW,DIAL",G,327999,100.0,,,2026-09-16,2026-10-01,DIAL; WINDOW,DIBBS|SPE7L126T12P3|5355-00-706-8064,C04,Lenses / Windows / Covers / Housings,WINDOW,WINDOW,True,core,"broad keyword, but it is the item noun","DIBBS RFQ Text Search result, AMSC field, retrieved 20260930T155356Z",open by deadline
SPE7L326T254Q,5355-01-343-1793,SPE7L326T254Q,09-16-2026,09-28-2026,2026-09-15 02:20:23,Origin,Origin,Tech,7018068861,https://dibbs2.bsm.dla.mil/Downloads/RFQ/Q/SPE7L326T254Q.PDF,https://www.dibbs.bsm.dla.mil/RFQ/RFQRec.aspx?sn=SPE7L326T254Q,https://www.dibbs.bsm.dla.mil/rfq/rfqrec.aspx?sn=SPE7L326T254Q,DIAL,1,20260930T155356Z,5355-01-343-1793,"DIAL,SCALE",G,332722,4.0,,,2026-09-16,2026-09-28,DIAL,DIBBS|SPE7L326T254Q|5355-01-343-1793,C03,Bezels / Faceplates / Escutcheons / Overlays,DIAL SCALE,DIAL SCALE,False,core,,"DIBBS RFQ Text Search result, AMSC field, retrieved 20260930T155356Z",past deadline
SPE7M226T6791,5355-01-230-1623,SPE7M226T6791,09-11-2026,09-21-2026,2026-09-10 03:06:59,Origin,Destination,Tech,7018269956,https://dibbs2.bsm.dla.mil/Downloads/RFQ/1/SPE7M226T6791.PDF,https://www.dibbs.bsm.dla.mil/RFQ/RFQRec.aspx?sn=SPE7M226T6791,https://www.dibbs.bsm.dla.mil/rfq/rfqrec.aspx?sn=SPE7M226T6791,DIAL,1,20260930T155356Z,5355-01-230-1623,"WINDOW,DIAL",G,336412,3.0,,,2026-09-11,2026-09-21,DIAL; WINDOW,DIBBS|SPE7M226T6791|5355-01-230-1623,C04,Lenses / Windows / Covers / Housings,WINDOW,WINDOW,True,core,"broad keyword, but it is the item noun","DIBBS RFQ Text Search result, AMSC field, retrieved 20260930T155356Z",past deadline
SPE7M226T6718,5355-01-230-1623,SPE7M226T6718,09-08-2026,09-18-2026,2026-09-07 04:26:58,Destination,Destination,Tech,7017799992,https://dibbs2.bsm.dla.mil/Downloads/RFQ/8/SPE7M226T6718.PDF,https://www.dibbs.bsm.dla.mil/RFQ/RFQRec.aspx?sn=SPE7M226T6718,https://www.dibbs.bsm.dla.mil/rfq/rfqrec.aspx?sn=SPE7M226T6718,DIAL,1,20260930T155356Z,5355-01-230-1623,"WINDOW,DIAL",G,336412,1.0,,,2026-09-08,2026-09-18,DIAL; WINDOW,DIBBS|SPE7M226T6718|5355-01-230-1623,C04,Lenses / Windows / Covers / Housings,WINDOW,WINDOW,True,core,"broad keyword, but it is the item noun","DIBBS RFQ Text Search result, AMSC field, retrieved 20260930T155356Z",past deadline
SPE7L526T4284,5355-01-200-5186,SPE7L526T4284,07-07-2026,07-17-2026,2026-08-21 02:41:27,Origin,Destination,Tech,7013881160,https://dibbs2.bsm.dla.mil/Downloads/RFQ/4/SPE7L526T4284.PDF,https://www.dibbs.bsm.dla.mil/RFQ/RFQRec.aspx?sn=SPE7L526T4284,https://www.dibbs.bsm.dla.mil/rfq/rfqrec.aspx?sn=SPE7L526T4284,DIAL,2,20260930T155413Z,5355-01-200-5186,"WINDOW,DIAL",G,327999,9.0,,,2026-07-07,2026-07-17,DIAL; WINDOW,DIBBS|SPE7L526T4284|5355-01-200-5186,C04,Lenses / Windows / Covers / Housings,WINDOW,WINDOW,True,core,"broad keyword, but it is the item noun","DIBBS RFQ Text Search result, AMSC field, retrieved 20260930T155413Z",past deadline
SPE7L126T405P,5355-01-320-2812,SPE7L126T405P,04-22-2026,05-04-2026,2026-08-21 02:41:27,Destination,Destination,Tech,7016359224,https://dibbs2.bsm.dla.mil/Downloads/RFQ/P/SPE7L126T405P.PDF,https://www.dibbs.bsm.dla.mil/RFQ/RFQRec.aspx?sn=SPE7L126T405P,https://www.dibbs.bsm.dla.mil/rfq/rfqrec.aspx?sn=SPE7L126T405P,DIAL,2,20260930T155413Z,5355-01-320-2812,"DIAL,SCALE",G,327999,1.0,No | Data | found,,2026-04-22,2026-05-04,DIAL,DIBBS|SPE7L126T405P|5355-01-320-2812,C03,Bezels / Faceplates / Escutcheons / Overlays,DIAL SCALE,DIAL SCALE,False,core,,"DIBBS RFQ Text Search result, AMSC field, retrieved 20260930T155413Z",past deadline
SPE7L126T700L,5355-00-058-0337,SPE7L126T700L,06-12-2026,06-22-2026,2026-08-21 02:41:27,Origin,Destination,Tech,7017049972,https://dibbs2.bsm.dla.mil/Downloads/RFQ/L/SPE7L126T700L.PDF,https://www.dibbs.bsm.dla.mil/RFQ/RFQRec.aspx?sn=SPE7L126T700L,https://www.dibbs.bsm.dla.mil/rfq/rfqrec.aspx?sn=SPE7L126T700L,DIAL,3,20260930T155430Z,5355-00-058-0337,"WINDOW,DIAL",G,327999,98.0,,,2026-06-12,2026-06-22,DIAL; WINDOW,DIBBS|SPE7L126T700L|5355-00-058-0337,C04,Lenses / Windows / Covers / Housings,WINDOW,WINDOW,True,core,"broad keyword, but it is the item noun","DIBBS RFQ Text Search result, AMSC field, retrieved 20260930T155430Z",past deadline
SPE7L126T333P,5355-00-538-6382,SPE7L126T333P,04-10-2026,04-20-2026,2026-08-21 02:41:27,Origin,Destination,None,7016268805,https://dibbs2.bsm.dla.mil/Downloads/RFQ/P/SPE7L126T333P.PDF,https://www.dibbs.bsm.dla.mil/RFQ/RFQRec.aspx?sn=SPE7L126T333P,https://www.dibbs.bsm.dla.mil/rfq/rfqrec.aspx?sn=SPE7L126T333P,DIAL,3,20260930T155430Z,5355-00-538-6382,"WINDOW,DIAL",G,327999,15.0,,,2026-04-10,2026-04-20,DIAL; WINDOW,DIBBS|SPE7L126T333P|5355-00-538-6382,C04,Lenses / Windows / Covers / Housings,WINDOW,WINDOW,True,core,"broad keyword, but it is the item noun","DIBBS RFQ Text Search result, AMSC field, retrieved 20260930T155430Z",past deadline
SPE4A626T05BS,6210-01-345-2558,SPE4A626T05BS,07-10-2026,07-17-2026,2026-08-21 02:41:27,Origin,Origin,Tech,7013234814,https://dibbs2.bsm.dla.mil/Downloads/RFQ/S/SPE4A626T05BS.PDF,https://www.dibbs.bsm.dla.mil/RFQ/RFQRec.aspx?sn=SPE4A626T05BS,https://www.dibbs.bsm.dla.mil/rfq/rfqrec.aspx?sn=SPE4A626T05BS,LENS,1,20260930T155455Z,6210-01-345-2558,"LENS,LIGHT",G,335139,17.0,,,2026-07-10,2026-07-17,LENS,DIBBS|SPE4A626T05BS|6210-01-345-2558,C04,Lenses / Windows / Covers / Housings,LENS LIGHT,LENS; LENS LIGHT,False,core,,"DIBBS RFQ Text Search result, AMSC field, retrieved 20260930T155455Z",past deadline
SPE4A626T10KA,6210-01-088-4986,SPE4A626T10KA,07-30-2026,08-06-2026,2026-08-21 02:41:27,Origin,Origin,Tech,7015111271,https://dibbs2.bsm.dla.mil/Downloads/RFQ/A/SPE4A626T10KA.PDF,https://www.dibbs.bsm.dla.mil/RFQ/RFQRec.aspx?sn=SPE4A626T10KA,https://www.dibbs.bsm.dla.mil/rfq/rfqrec.aspx?sn=SPE4A626T10KA,LENS,1,20260930T155455Z,6210-01-088-4986,"LENS ASSEMBLY,HIGH",G,335132,10.0,,,2026-07-30,2026-08-06,LENS,DIBBS|SPE4A626T10KA|6210-01-088-4986,C04,Lenses / Windows / Covers / Housings,LENS,LENS,True,core,"broad keyword, but it is the item noun","DIBBS RFQ Text Search result, AMSC field, retrieved 20260930T155455Z",past deadline
SPE4A626T37RX,6220-00-557-8228,SPE4A626T37RX,09-29-2026,10-06-2026,2026-09-28 08:32:46,Origin,Origin,Tech,7017913765,https://dibbs2.bsm.dla.mil/Downloads/RFQ/X/SPE4A626T37RX.PDF,https://www.dibbs.bsm.dla.mil/RFQ/RFQRec.aspx?sn=SPE4A626T37RX,https://www.dibbs.bsm.dla.mil/rfq/rfqrec.aspx?sn=SPE4A626T37RX,LENS,1,20260930T155455Z,6220-00-557-8228,"LENS,LIGHT",G,336320,89.0,,,2026-09-29,2026-10-06,LENS,DIBBS|SPE4A626T37RX|6220-00-557-8228,C04,Lenses / Windows / Covers / Housings,LENS LIGHT,LENS; LENS LIGHT,False,core,,"DIBBS RFQ Text Search result, AMSC field, retrieved 20260930T155455Z",open by deadline
SPE4A626T37RZ,6220-01-076-9372,SPE4A626T37RZ,09-29-2026,10-06-2026,2026-09-28 08:32:46,Origin,Origin,Tech,7017697722,https://dibbs2.bsm.dla.mil/Downloads/RFQ/Z/SPE4A626T37RZ.PDF,https://www.dibbs.bsm.dla.mil/RFQ/RFQRec.aspx?sn=SPE4A626T37RZ,https://www.dibbs.bsm.dla.mil/rfq/rfqrec.aspx?sn=SPE4A626T37RZ,LENS,1,20260930T155455Z,6220-01-076-9372,"LENS,LIGHT",G,336320,12.0,,,2026-09-29,2026-10-06,LENS,DIBBS|SPE4A626T37RZ|6220-01-076-9372,C04,Lenses / Windows / Covers / Housings,LENS LIGHT,LENS; LENS LIGHT,False,core,,"DIBBS RFQ Text Search result, AMSC field, retrieved 20260930T155455Z",open by deadline
SPE4A626T37BB,6220-00-841-1275,SPE4A626T37BB,09-28-2026,10-05-2026,2026-09-27 06:21:43,Origin,Destination,Tech,7014168809,https://dibbs2.bsm.dla.mil/Downloads/RFQ/B/SPE4A626T37BB.PDF,https://www.dibbs.bsm.dla.mil/RFQ/RFQRec.aspx?sn=SPE4A626T37BB,https://www.dibbs.bsm.dla.mil/rfq/rfqrec.aspx?sn=SPE4A626T37BB,LENS,1,20260930T155455Z,6220-00-841-1275,"LENS,LIGHT",G,336320,7.0,,,2026-09-28,2026-10-05,LENS,DIBBS|SPE4A626T37BB|6220-00-841-1275,C04,Lenses / Windows / Covers / Housings,LENS LIGHT,LENS; LENS LIGHT,False,core,,"DIBBS RFQ Text Search result, AMSC field, retrieved 20260930T155455Z",open by deadline
SPE4A626T35YA,6220-00-189-4797,SPE4A626T35YA,09-24-2026,10-01-2026,2026-09-23 03:22:18,Origin,Destination,None,7018458889,https://dibbs2.bsm.dla.mil/Downloads/RFQ/A/SPE4A626T35YA.PDF,https://www.dibbs.bsm.dla.mil/RFQ/RFQRec.aspx?sn=SPE4A626T35YA,https://www.dibbs.bsm.dla.mil/rfq/rfqrec.aspx?sn=SPE4A626T35YA,LENS,1,20260930T155455Z,6220-00-189-4797,"LENS,LIGHT",G,336320,137.0,,,2026-09-24,2026-10-01,LENS,DIBBS|SPE4A626T35YA|6220-00-189-4797,C04,Lenses / Windows / Covers / Housings,LENS LIGHT,LENS; LENS LIGHT,False,core,,"DIBBS RFQ Text Search result, AMSC field, retrieved 20260930T155455Z",open by deadline
SPE4A626T34QP,6210-00-067-8360,SPE4A626T34QP,09-22-2026,09-29-2026,2026-09-21 12:48:58,Origin,Origin,Tech,7018358813,https://dibbs2.bsm.dla.mil/Downloads/RFQ/P/SPE4A626T34QP.PDF,https://www.dibbs.bsm.dla.mil/RFQ/RFQRec.aspx?sn=SPE4A626T34QP,https://www.dibbs.bsm.dla.mil/rfq/rfqrec.aspx?sn=SPE4A626T34QP,LENS,1,20260930T155455Z,6210-00-067-8360,"LENS,LIGHT",G,335131,20.0,,,2026-09-22,2026-09-29,LENS,DIBBS|SPE4A626T34QP|6210-00-067-8360,C04,Lenses / Windows / Covers / Housings,LENS LIGHT,LENS; LENS LIGHT,False,core,,"DIBBS RFQ Text Search result, AMSC field, retrieved 20260930T155455Z",past deadline
SPE4A626T33GU,6220-00-633-1584,SPE4A626T33GU,09-21-2026,09-28-2026,2026-09-21 12:15:48,Origin,Destination,Tech,7018411980,https://dibbs2.bsm.dla.mil/Downloads/RFQ/U/SPE4A626T33GU.PDF,https://www.dibbs.bsm.dla.mil/RFQ/RFQRec.aspx?sn=SPE4A626T33GU,https://www.dibbs.bsm.dla.mil/rfq/rfqrec.aspx?sn=SPE4A626T33GU,LENS,1,20260930T155455Z,6220-00-633-1584,"LENS,LIGHT",G,336320,15.0,,,2026-09-21,2026-09-28,LENS,DIBBS|SPE4A626T33GU|6220-00-633-1584,C04,Lenses / Windows / Covers / Housings,LENS LIGHT,LENS; LENS LIGHT,False,core,,"DIBBS RFQ Text Search result, AMSC field, retrieved 20260930T155455Z",past deadline
SPE4A626T32DK,6220-00-694-3661,SPE4A626T32DK,09-18-2026,09-25-2026,2026-09-17 04:43:22,Origin,Origin,Tech,7018391726,https://dibbs2.bsm.dla.mil/Downloads/RFQ/K/SPE4A626T32DK.PDF,https://www.dibbs.bsm.dla.mil/RFQ/RFQRec.aspx?sn=SPE4A626T32DK,https://www.dibbs.bsm.dla.mil/rfq/rfqrec.aspx?sn=SPE4A626T32DK,LENS,1,20260930T155455Z,6220-00-694-3661,"LENS,LIGHT",G,336320,28.0,,,2026-09-18,2026-09-25,LENS,DIBBS|SPE4A626T32DK|6220-00-694-3661,C04,Lenses / Windows / Covers / Housings,LENS LIGHT,LENS; LENS LIGHT,False,core,,"DIBBS RFQ Text Search result, AMSC field, retrieved 20260930T155455Z",past deadline
SPE4A626T31VN,6220-00-501-2752,SPE4A626T31VN,09-18-2026,09-25-2026,2026-09-17 03:11:11,Origin,Origin,Tech,7018389473,https://dibbs2.bsm.dla.mil/Downloads/RFQ/N/SPE4A626T31VN.PDF,https://www.dibbs.bsm.dla.mil/RFQ/RFQRec.aspx?sn=SPE4A626T31VN,https://www.dibbs.bsm.dla.mil/rfq/rfqrec.aspx?sn=SPE4A626T31VN,LENS,1,20260930T155455Z,6220-00-501-2752,"LENS,LIGHT",G,336320,20.0,,,2026-09-18,2026-09-25,LENS,DIBBS|SPE4A626T31VN|6220-00-501-2752,C04,Lenses / Windows / Covers / Housings,LENS LIGHT,LENS; LENS LIGHT,False,core,,"DIBBS RFQ Text Search result, AMSC field, retrieved 20260930T155455Z",past deadline
SPE7L726T5256,6650-00-864-2942,SPE7L726T5256,09-15-2026,09-25-2026,2026-09-14 10:36:31,Origin,Origin,Tech,7017048324,https://dibbs2.bsm.dla.mil/Downloads/RFQ/6/SPE7L726T5256.PDF,https://www.dibbs.bsm.dla.mil/RFQ/RFQRec.aspx?sn=SPE7L726T5256,https://www.dibbs.bsm.dla.mil/rfq/rfqrec.aspx?sn=SPE7L726T5256,LENS,1,20260930T155455Z,6650-00-864-2942,"LENS,OPTICAL INSTRU",G,333310,75.0,,,2026-09-15,2026-09-25,LENS,DIBBS|SPE7L726T5256|6650-00-864-2942,C04,Lenses / Windows / Covers / Housings,LENS,LENS,True,core,"broad keyword, but it is the item noun","DIBBS RFQ Text Search result, AMSC field, retrieved 20260930T155455Z",past deadline
SPE4A626T28PB,6210-00-067-8385,SPE4A626T28PB,09-11-2026,09-18-2026,2026-09-10 06:42:23,Origin,Origin,None,7018272910,https://dibbs2.bsm.dla.mil/Downloads/RFQ/B/SPE4A626T28PB.PDF,https://www.dibbs.bsm.dla.mil/RFQ/RFQRec.aspx?sn=SPE4A626T28PB,https://www.dibbs.bsm.dla.mil/rfq/rfqrec.aspx?sn=SPE4A626T28PB,LENS,1,20260930T155455Z,6210-00-067-8385,"LENS,LIGHT",G,332321,90.0,,,2026-09-11,2026-09-18,LENS,DIBBS|SPE4A626T28PB|6210-00-067-8385,C04,Lenses / Windows / Covers / Housings,LENS LIGHT,LENS; LENS LIGHT,False,core,,"DIBBS RFQ Text Search result, AMSC field, retrieved 20260930T155455Z",past deadline
SPE7M226T6757,6210-01-384-2259,SPE7M226T6757,09-10-2026,09-21-2026,2026-09-09 03:55:23,Origin,Destination,Tech,7018249117,https://dibbs2.bsm.dla.mil/Downloads/RFQ/7/SPE7M226T6757.PDF,https://www.dibbs.bsm.dla.mil/RFQ/RFQRec.aspx?sn=SPE7M226T6757,https://www.dibbs.bsm.dla.mil/rfq/rfqrec.aspx?sn=SPE7M226T6757,LENS,1,20260930T155455Z,6210-01-384-2259,"LENS,LIGHT",G,335139,26.0,,,2026-09-10,2026-09-21,LENS,DIBBS|SPE7M226T6757|6210-01-384-2259,C04,Lenses / Windows / Covers / Housings,LENS LIGHT,LENS; LENS LIGHT,False,core,,"DIBBS RFQ Text Search result, AMSC field, retrieved 20260930T155455Z",past deadline
SPE8E726T3839,6210-01-384-2292,SPE8E726T3839,09-10-2026,09-21-2026,2026-09-09 09:47:05,Origin,Destination,Tech,7018161263,https://dibbs2.bsm.dla.mil/Downloads/RFQ/9/SPE8E726T3839.PDF,https://www.dibbs.bsm.dla.mil/RFQ/RFQRec.aspx?sn=SPE8E726T3839,https://www.dibbs.bsm.dla.mil/rfq/rfqrec.aspx?sn=SPE8E726T3839,LENS,1,20260930T155455Z,6210-01-384-2292,"LENS,LIGHT",G,335139,14.0,,,2026-09-10,2026-09-21,LENS,DIBBS|SPE8E726T3839|6210-01-384-2292,C04,Lenses / Windows / Covers / Housings,LENS LIGHT,LENS; LENS LIGHT,False,core,,"DIBBS RFQ Text Search result, AMSC field, retrieved 20260930T155455Z",past deadline
SPE7L726T5099,6650-01-577-4445,SPE7L726T5099,09-03-2026,09-14-2026,2026-09-02 03:08:23,Origin,Origin,Tech,7015896359,https://dibbs2.bsm.dla.mil/Downloads/RFQ/9/SPE7L726T5099.PDF,https://www.dibbs.bsm.dla.mil/RFQ/RFQRec.aspx?sn=SPE7L726T5099,https://www.dibbs.bsm.dla.mil/rfq/rfqrec.aspx?sn=SPE7L726T5099,LENS,1,20260930T155455Z,6650-01-577-4445,"LENS,OPTICAL INSTRU",G,333310,6.0,,,2026-09-03,2026-09-14,LENS,DIBBS|SPE7L726T5099|6650-01-577-4445,C04,Lenses / Windows / Covers / Housings,LENS,LENS,True,core,"broad keyword, but it is the item noun","DIBBS RFQ Text Search result, AMSC field, retrieved 20260930T155455Z",past deadline
SPE7L726Q2311,6650-00-851-7614,SPE7L726Q2311,08-28-2026,09-07-2026,2026-08-27 11:10:47,Origin,Origin,Tech,7016250298,https://dibbs2.bsm.dla.mil/Downloads/RFQ/1/SPE7L726Q2311.PDF,https://www.dibbs.bsm.dla.mil/RFQ/RFQRec.aspx?sn=SPE7L726Q2311,https://www.dibbs.bsm.dla.mil/rfq/rfqrec.aspx?sn=SPE7L726Q2311,LENS,1,20260930T155455Z,6650-00-851-7614,"LENS,OPTICAL INSTRUMEN",G,333310,18.0,,,2026-08-28,2026-09-07,FUEL; LENS,DIBBS|SPE7L726Q2311|6650-00-851-7614,C04,Lenses / Windows / Covers / Housings,LENS,LENS,True,core,"broad keyword, but it is the item noun","DIBBS RFQ Text Search result, AMSC field, retrieved 20260930T155455Z",past deadline
SPE7L726T4945,6650-01-577-4444,SPE7L726T4945,08-26-2026,09-08-2026,2026-08-25 01:29:17,Origin,Origin,Tech,7016755672,https://dibbs2.bsm.dla.mil/Downloads/RFQ/5/SPE7L726T4945.PDF,https://www.dibbs.bsm.dla.mil/RFQ/RFQRec.aspx?sn=SPE7L726T4945,https://www.dibbs.bsm.dla.mil/rfq/rfqrec.aspx?sn=SPE7L726T4945,LENS,1,20260930T155455Z,6650-01-577-4444,"LENS,OPTICAL INSTRU",G,333310,2.0,,,2026-08-26,2026-09-08,LENS,DIBBS|SPE7L726T4945|6650-01-577-4444,C04,Lenses / Windows / Covers / Housings,LENS,LENS,True,core,"broad keyword, but it is the item noun","DIBBS RFQ Text Search result, AMSC field, retrieved 20260930T155455Z",past deadline
SPE4A626T21XK,6220-01-130-6632,SPE4A626T21XK,08-25-2026,09-01-2026,2026-08-24 01:14:36,Origin,Origin,None,7014870755,https://dibbs2.bsm.dla.mil/Downloads/RFQ/K/SPE4A626T21XK.PDF,https://www.dibbs.bsm.dla.mil/RFQ/RFQRec.aspx?sn=SPE4A626T21XK,https://www.dibbs.bsm.dla.mil/rfq/rfqrec.aspx?sn=SPE4A626T21XK,LENS,1,20260930T155455Z,6220-01-130-6632,"LENS,LIGHT",G,336320,54.0,,,2026-08-25,2026-09-01,LENS,DIBBS|SPE4A626T21XK|6220-01-130-6632,C04,Lenses / Windows / Covers / Housings,LENS LIGHT,LENS; LENS LIGHT,False,core,,"DIBBS RFQ Text Search result, AMSC field, retrieved 20260930T155455Z",past deadline
SPE4AN26T0062,6210-01-151-7933,SPE4AN26T0062,05-20-2026,05-27-2026,2026-08-21 02:41:27,Origin,Origin,Tech,7016735777,https://dibbs2.bsm.dla.mil/Downloads/RFQ/2/SPE4AN26T0062.PDF,https://www.dibbs.bsm.dla.mil/RFQ/RFQRec.aspx?sn=SPE4AN26T0062,https://www.dibbs.bsm.dla.mil/rfq/rfqrec.aspx?sn=SPE4AN26T0062,LENS,2,20260930T155512Z,6210-01-151-7933,"LENS,LIGHT",G,335139,2.0,,,2026-05-20,2026-05-27,LENS,DIBBS|SPE4AN26T0062|6210-01-151-7933,C04,Lenses / Windows / Covers / Housings,LENS LIGHT,LENS; LENS LIGHT,False,core,,"DIBBS RFQ Text Search result, AMSC field, retrieved 20260930T155512Z",past deadline
SPE4A626T88V5,6210-01-384-2261,SPE4A626T88V5,06-12-2026,06-22-2026,2026-08-21 02:41:27,Origin,Origin,Tech,7017038859,https://dibbs2.bsm.dla.mil/Downloads/RFQ/5/SPE4A626T88V5.PDF,https://www.dibbs.bsm.dla.mil/RFQ/RFQRec.aspx?sn=SPE4A626T88V5,https://www.dibbs.bsm.dla.mil/rfq/rfqrec.aspx?sn=SPE4A626T88V5,LENS,2,20260930T155512Z,6210-01-384-2261,"LENS,LIGHT",G,335139,3.0,,,2026-06-12,2026-06-22,LENS,DIBBS|SPE4A626T88V5|6210-01-384-2261,C04,Lenses / Windows / Covers / Housings,LENS LIGHT,LENS; LENS LIGHT,False,core,,"DIBBS RFQ Text Search result, AMSC field, retrieved 20260930T155512Z",past deadline
SPE4A626T54Y2,6210-00-990-4645,SPE4A626T54Y2,05-14-2026,05-21-2026,2026-08-21 02:41:27,Origin,Destination,None,7014487198,https://dibbs2.bsm.dla.mil/Downloads/RFQ/2/SPE4A626T54Y2.PDF,https://www.dibbs.bsm.dla.mil/RFQ/RFQRec.aspx?sn=SPE4A626T54Y2,https://www.dibbs.bsm.dla.mil/rfq/rfqrec.aspx?sn=SPE4A626T54Y2,LENS,2,20260930T155512Z,6210-00-990-4645,"LENS,LIGHT",G,335131,14.0,,,2026-05-14,2026-05-21,LENS,DIBBS|SPE4A626T54Y2|6210-00-990-4645,C04,Lenses / Windows / Covers / Housings,LENS LIGHT,LENS; LENS LIGHT,False,core,,"DIBBS RFQ Text Search result, AMSC field, retrieved 20260930T155512Z",past deadline
SPE4A626T19AT,6210-01-174-8340,SPE4A626T19AT,08-18-2026,08-25-2026,2026-08-21 02:41:27,Origin,Destination,Tech,7017916380,https://dibbs2.bsm.dla.mil/Downloads/RFQ/T/SPE4A626T19AT.PDF,https://www.dibbs.bsm.dla.mil/RFQ/RFQRec.aspx?sn=SPE4A626T19AT,https://www.dibbs.bsm.dla.mil/rfq/rfqrec.aspx?sn=SPE4A626T19AT,LENS,2,20260930T155512Z,6210-01-174-8340,"LENS,LIGHT",G,335139,1.0,,,2026-08-18,2026-08-25,LENS,DIBBS|SPE4A626T19AT|6210-01-174-8340,C04,Lenses / Windows / Covers / Housings,LENS LIGHT,LENS; LENS LIGHT,False,core,,"DIBBS RFQ Text Search result, AMSC field, retrieved 20260930T155512Z",past deadline
SPE4A726T272S,5850-01-470-4657,SPE4A726T272S,04-21-2026,04-28-2026,2026-08-21 02:41:27,Origin,Origin,Tech,7016286660,https://dibbs2.bsm.dla.mil/Downloads/RFQ/S/SPE4A726T272S.PDF,https://www.dibbs.bsm.dla.mil/RFQ/RFQRec.aspx?sn=SPE4A726T272S,https://www.dibbs.bsm.dla.mil/rfq/rfqrec.aspx?sn=SPE4A726T272S,LENS,2,20260930T155512Z,5850-01-470-4657,"LENS,LIGHT",G,334290,3.0,,,2026-04-21,2026-04-28,LENS,DIBBS|SPE4A726T272S|5850-01-470-4657,C04,Lenses / Windows / Covers / Housings,LENS LIGHT,LENS; LENS LIGHT,False,core,,"DIBBS RFQ Text Search result, AMSC field, retrieved 20260930T155512Z",past deadline
SPE4A526T6635,6220-00-608-9560,SPE4A526T6635,01-12-2026,01-20-2026,2026-08-21 02:41:27,Origin,Destination,Tech,7015051984,https://dibbs2.bsm.dla.mil/Downloads/RFQ/5/SPE4A526T6635.PDF,https://www.dibbs.bsm.dla.mil/RFQ/RFQRec.aspx?sn=SPE4A526T6635,https://www.dibbs.bsm.dla.mil/rfq/rfqrec.aspx?sn=SPE4A526T6635,LENS,2,20260930T155512Z,6220-00-608-9560,"LENS,LIGHT",G,336320,7.0,,,2026-01-12,2026-01-20,LENS,DIBBS|SPE4A526T6635|6220-00-608-9560,C04,Lenses / Windows / Covers / Housings,LENS LIGHT,LENS; LENS LIGHT,False,core,,"DIBBS RFQ Text Search result, AMSC field, retrieved 20260930T155512Z",past deadline
SPE7L726Q2063,6650-01-080-7648,SPE7L726Q2063,07-23-2026,08-03-2026,2026-08-21 02:41:27,Origin,Origin,Tech,7016086958,https://dibbs2.bsm.dla.mil/Downloads/RFQ/3/SPE7L726Q2063.PDF,https://www.dibbs.bsm.dla.mil/RFQ/RFQRec.aspx?sn=SPE7L726Q2063,https://www.dibbs.bsm.dla.mil/rfq/rfqrec.aspx?sn=SPE7L726Q2063,LENS,2,20260930T155512Z,6650-01-080-7648,"LENS,OPTICAL INSTRU",G,333310,94.0,,,2026-07-23,2026-08-03,BOX; FUEL; INDICATOR; LENS,DIBBS|SPE7L726Q2063|6650-01-080-7648,C04,Lenses / Windows / Covers / Housings,LENS,LENS,True,core,"broad keyword, but it is the item noun","DIBBS RFQ Text Search result, AMSC field, retrieved 20260930T155512Z",past deadline
SPE4A726T113K,6220-00-712-1779,SPE4A726T113K,03-19-2026,03-31-2026,2026-08-21 02:41:27,Origin,Origin,Tech,7015980003,https://dibbs2.bsm.dla.mil/Downloads/RFQ/K/SPE4A726T113K.PDF,https://www.dibbs.bsm.dla.mil/RFQ/RFQRec.aspx?sn=SPE4A726T113K,https://www.dibbs.bsm.dla.mil/rfq/rfqrec.aspx?sn=SPE4A726T113K,LENS,2,20260930T155512Z,6220-00-712-1779,"LENS,LIGHT",G,336320,2.0,,,2026-03-19,2026-03-31,LENS,DIBBS|SPE4A726T113K|6220-00-712-1779,C04,Lenses / Windows / Covers / Housings,LENS LIGHT,LENS; LENS LIGHT,False,core,,"DIBBS RFQ Text Search result, AMSC field, retrieved 20260930T155512Z",past deadline
SPE4A626T36F6,6210-01-384-2374,SPE4A626T36F6,04-27-2026,05-04-2026,2026-08-21 02:41:27,Origin,Origin,Tech,7016439081,https://dibbs2.bsm.dla.mil/Downloads/RFQ/6/SPE4A626T36F6.PDF,https://www.dibbs.bsm.dla.mil/RFQ/RFQRec.aspx?sn=SPE4A626T36F6,https://www.dibbs.bsm.dla.mil/rfq/rfqrec.aspx?sn=SPE4A626T36F6,LENS,2,20260930T155512Z,6210-01-384-2374,"LENS,LIGHT",G,335139,4.0,,,2026-04-27,2026-05-04,LENS,DIBBS|SPE4A626T36F6|6210-01-384-2374,C04,Lenses / Windows / Covers / Housings,LENS LIGHT,LENS; LENS LIGHT,False,core,,"DIBBS RFQ Text Search result, AMSC field, retrieved 20260930T155512Z",past deadline
SPE4A626T55M6,6220-00-151-7538,SPE4A626T55M6,05-15-2026,05-22-2026,2026-08-21 02:41:27,Origin,Origin,Tech,7016785560,https://dibbs2.bsm.dla.mil/Downloads/RFQ/6/SPE4A626T55M6.PDF,https://www.dibbs.bsm.dla.mil/RFQ/RFQRec.aspx?sn=SPE4A626T55M6,https://www.dibbs.bsm.dla.mil/rfq/rfqrec.aspx?sn=SPE4A626T55M6,LENS,2,20260930T155512Z,6220-00-151-7538,"LENS,LIGHT",G,336320,45.0,,,2026-05-15,2026-05-22,LENS,DIBBS|SPE4A626T55M6|6220-00-151-7538,C04,Lenses / Windows / Covers / Housings,LENS LIGHT,LENS; LENS LIGHT,False,core,,"DIBBS RFQ Text Search result, AMSC field, retrieved 20260930T155512Z",past deadline
SPE4A626T05AQ,6220-00-225-3462,SPE4A626T05AQ,07-10-2026,07-17-2026,2026-08-21 02:41:27,Origin,Destination,Tech,7015610371,https://dibbs2.bsm.dla.mil/Downloads/RFQ/Q/SPE4A626T05AQ.PDF,https://www.dibbs.bsm.dla.mil/RFQ/RFQRec.aspx?sn=SPE4A626T05AQ,https://www.dibbs.bsm.dla.mil/rfq/rfqrec.aspx?sn=SPE4A626T05AQ,LENS,2,20260930T155512Z,6220-00-225-3462,"LENS,LIGHT",G,336320,9.0,,,2026-07-10,2026-07-17,LENS,DIBBS|SPE4A626T05AQ|6220-00-225-3462,C04,Lenses / Windows / Covers / Housings,LENS LIGHT,LENS; LENS LIGHT,False,core,,"DIBBS RFQ Text Search result, AMSC field, retrieved 20260930T155512Z",past deadline
SPE4A726T118B,6220-00-694-3661,SPE4A726T118B,03-20-2026,03-27-2026,2026-08-21 02:41:27,Origin,Origin,Tech,7015993744,https://dibbs2.bsm.dla.mil/Downloads/RFQ/B/SPE4A726T118B.PDF,https://www.dibbs.bsm.dla.mil/RFQ/RFQRec.aspx?sn=SPE4A726T118B,https://www.dibbs.bsm.dla.mil/rfq/rfqrec.aspx?sn=SPE4A726T118B,LENS,2,20260930T155512Z,6220-00-694-3661,"LENS,LIGHT",G,336320,12.0,,,2026-03-20,2026-03-27,LENS,DIBBS|SPE4A726T118B|6220-00-694-3661,C04,Lenses / Windows / Covers / Housings,LENS LIGHT,LENS; LENS LIGHT,False,core,,"DIBBS RFQ Text Search result, AMSC field, retrieved 20260930T155512Z",past deadline
SPE8E726T2943,6210-01-384-2292,SPE8E726T2943,06-11-2026,06-22-2026,2026-08-21 02:41:27,Origin,Destination,Tech,7017122098,https://dibbs2.bsm.dla.mil/Downloads/RFQ/3/SPE8E726T2943.PDF,https://www.dibbs.bsm.dla.mil/RFQ/RFQRec.aspx?sn=SPE8E726T2943,https://www.dibbs.bsm.dla.mil/rfq/rfqrec.aspx?sn=SPE8E726T2943,LENS,2,20260930T155512Z,6210-01-384-2292,"LENS,LIGHT",G,335139,5.0,,,2026-06-11,2026-06-22,LENS,DIBBS|SPE8E726T2943|6210-01-384-2292,C04,Lenses / Windows / Covers / Housings,LENS LIGHT,LENS; LENS LIGHT,False,core,,"DIBBS RFQ Text Search result, AMSC field, retrieved 20260930T155512Z",past deadline
SPE7L726T4313,6650-01-063-1341,SPE7L726T4313,07-15-2026,07-27-2026,2026-08-21 02:41:27,Origin,Origin,Tech,7017498444,https://dibbs2.bsm.dla.mil/Downloads/RFQ/3/SPE7L726T4313.PDF,https://www.dibbs.bsm.dla.mil/RFQ/RFQRec.aspx?sn=SPE7L726T4313,https://www.dibbs.bsm.dla.mil/rfq/rfqrec.aspx?sn=SPE7L726T4313,LENS,2,20260930T155512Z,6650-01-063-1341,"LENS,OPTICAL INSTRU",G,333310,10.0,,,2026-07-15,2026-07-27,LENS,DIBBS|SPE7L726T4313|6650-01-063-1341,C04,Lenses / Windows / Covers / Housings,LENS,LENS,True,core,"broad keyword, but it is the item noun","DIBBS RFQ Text Search result, AMSC field, retrieved 20260930T155512Z",past deadline
SPE7M226T5582,6210-00-425-1076,SPE7M226T5582,07-10-2026,07-20-2026,2026-08-21 02:41:27,Origin,Destination,None,7017233293,https://dibbs2.bsm.dla.mil/Downloads/RFQ/2/SPE7M226T5582.PDF,https://www.dibbs.bsm.dla.mil/RFQ/RFQRec.aspx?sn=SPE7M226T5582,https://www.dibbs.bsm.dla.mil/rfq/rfqrec.aspx?sn=SPE7M226T5582,LENS,2,20260930T155512Z,6210-00-425-1076,"LENS,LIGHT",G,335131,10.0,,,2026-07-10,2026-07-20,LENS,DIBBS|SPE7M226T5582|6210-00-425-1076,C04,Lenses / Windows / Covers / Housings,LENS LIGHT,LENS; LENS LIGHT,False,core,,"DIBBS RFQ Text Search result, AMSC field, retrieved 20260930T155512Z",past deadline
SPE8E726T2920,6210-01-255-5069,SPE8E726T2920,06-11-2026,06-22-2026,2026-08-21 02:41:27,Origin,Destination,Tech,7017123329,https://dibbs2.bsm.dla.mil/Downloads/RFQ/0/SPE8E726T2920.PDF,https://www.dibbs.bsm.dla.mil/RFQ/RFQRec.aspx?sn=SPE8E726T2920,https://www.dibbs.bsm.dla.mil/rfq/rfqrec.aspx?sn=SPE8E726T2920,LENS,2,20260930T155512Z,6210-01-255-5069,"LENS,LIGHT",G,335139,70.0,,,2026-06-11,2026-06-22,LENS,DIBBS|SPE8E726T2920|6210-01-255-5069,C04,Lenses / Windows / Covers / Housings,LENS LIGHT,LENS; LENS LIGHT,False,core,,"DIBBS RFQ Text Search result, AMSC field, retrieved 20260930T155512Z",past deadline
SPE7L726T4141,6650-00-828-6553,SPE7L726T4141,07-02-2026,07-13-2026,2026-08-21 02:41:27,Origin,Origin,Tech,7017367472,https://dibbs2.bsm.dla.mil/Downloads/RFQ/1/SPE7L726T4141.PDF,https://www.dibbs.bsm.dla.mil/RFQ/RFQRec.aspx?sn=SPE7L726T4141,https://www.dibbs.bsm.dla.mil/rfq/rfqrec.aspx?sn=SPE7L726T4141,LENS,2,20260930T155512Z,6650-00-828-6553,"LENS,OPTICAL INSTRU",G,333310,10.0,,,2026-07-02,2026-07-13,LENS,DIBBS|SPE7L726T4141|6650-00-828-6553,C04,Lenses / Windows / Covers / Housings,LENS,LENS,True,core,"broad keyword, but it is the item noun","DIBBS RFQ Text Search result, AMSC field, retrieved 20260930T155512Z",past deadline
SPE4A626T64L4,6220-00-501-2752,SPE4A626T64L4,05-20-2026,06-01-2026,2026-08-21 02:41:27,Origin,Origin,Tech,7016849302,https://dibbs2.bsm.dla.mil/Downloads/RFQ/4/SPE4A626T64L4.PDF,https://www.dibbs.bsm.dla.mil/RFQ/RFQRec.aspx?sn=SPE4A626T64L4,https://www.dibbs.bsm.dla.mil/rfq/rfqrec.aspx?sn=SPE4A626T64L4,LENS,2,20260930T155512Z,6220-00-501-2752,"LENS,LIGHT",G,336320,17.0,,,2026-05-20,2026-06-01,LENS,DIBBS|SPE4A626T64L4|6220-00-501-2752,C04,Lenses / Windows / Covers / Housings,LENS LIGHT,LENS; LENS LIGHT,False,core,,"DIBBS RFQ Text Search result, AMSC field, retrieved 20260930T155512Z",past deadline
SPE4A626T58P6,6210-00-441-9716,SPE4A626T58P6,05-15-2026,05-22-2026,2026-08-21 02:41:27,Origin,Destination,Tech,7016751524,https://dibbs2.bsm.dla.mil/Downloads/RFQ/6/SPE4A626T58P6.PDF,https://www.dibbs.bsm.dla.mil/RFQ/RFQRec.aspx?sn=SPE4A626T58P6,https://www.dibbs.bsm.dla.mil/rfq/rfqrec.aspx?sn=SPE4A626T58P6,LENS,2,20260930T155512Z,6210-00-441-9716,"LENS,LIGHT",G,335131,5.0,,,2026-05-15,2026-05-22,LENS,DIBBS|SPE4A626T58P6|6210-00-441-9716,C04,Lenses / Windows / Covers / Housings,LENS LIGHT,LENS; LENS LIGHT,False,core,,"DIBBS RFQ Text Search result, AMSC field, retrieved 20260930T155512Z",past deadline
SPE4A626T576S,6210-01-204-0538,SPE4A626T576S,01-26-2026,02-02-2026,2026-08-21 02:41:27,Origin,Destination,Tech,7015245241,https://dibbs2.bsm.dla.mil/Downloads/RFQ/S/SPE4A626T576S.PDF,https://www.dibbs.bsm.dla.mil/RFQ/RFQRec.aspx?sn=SPE4A626T576S,https://www.dibbs.bsm.dla.mil/rfq/rfqrec.aspx?sn=SPE4A626T576S,LENS,2,20260930T155512Z,6210-01-204-0538,"LENS,LIGHT",G,335139,41.0,,,2026-01-26,2026-02-02,LENS,DIBBS|SPE4A626T576S|6210-01-204-0538,C04,Lenses / Windows / Covers / Housings,LENS LIGHT,LENS; LENS LIGHT,False,core,,"DIBBS RFQ Text Search result, AMSC field, retrieved 20260930T155512Z",past deadline
SPE4A626T46C8,6210-00-056-9193,SPE4A626T46C8,05-06-2026,05-13-2026,2026-08-21 02:41:27,Origin,Origin,None,7016645724,https://dibbs2.bsm.dla.mil/Downloads/RFQ/8/SPE4A626T46C8.PDF,https://www.dibbs.bsm.dla.mil/RFQ/RFQRec.aspx?sn=SPE4A626T46C8,https://www.dibbs.bsm.dla.mil/rfq/rfqrec.aspx?sn=SPE4A626T46C8,LENS,2,20260930T155512Z,6210-00-056-9193,"LENS,LIGHT",G,335131,171.0,,,2026-05-06,2026-05-13,LENS,DIBBS|SPE4A626T46C8|6210-00-056-9193,C04,Lenses / Windows / Covers / Housings,LENS LIGHT,LENS; LENS LIGHT,False,core,,"DIBBS RFQ Text Search result, AMSC field, retrieved 20260930T155512Z",past deadline
SPE4A726T632Q,5850-01-470-4659,SPE4A726T632Q,08-10-2026,08-17-2026,2026-08-21 02:41:27,Origin,Origin,Tech,7017697730,https://dibbs2.bsm.dla.mil/Downloads/RFQ/Q/SPE4A726T632Q.PDF,https://www.dibbs.bsm.dla.mil/RFQ/RFQRec.aspx?sn=SPE4A726T632Q,https://www.dibbs.bsm.dla.mil/rfq/rfqrec.aspx?sn=SPE4A726T632Q,LENS,3,20260930T155528Z,5850-01-470-4659,"LENS,LIGHT",G,334290,3.0,,,2026-08-10,2026-08-17,LENS,DIBBS|SPE4A726T632Q|5850-01-470-4659,C04,Lenses / Windows / Covers / Housings,LENS LIGHT,LENS; LENS LIGHT,False,core,,"DIBBS RFQ Text Search result, AMSC field, retrieved 20260930T155528Z",past deadline
SPE4A726T227K,6210-00-237-8021,SPE4A726T227K,04-10-2026,04-17-2026,2026-08-21 02:41:27,Origin,Origin,None,7016229310,https://dibbs2.bsm.dla.mil/Downloads/RFQ/K/SPE4A726T227K.PDF,https://www.dibbs.bsm.dla.mil/RFQ/RFQRec.aspx?sn=SPE4A726T227K,https://www.dibbs.bsm.dla.mil/rfq/rfqrec.aspx?sn=SPE4A726T227K,LENS,3,20260930T155528Z,6210-00-237-8021,"LENS,LIGHT",G,335139,10.0,,,2026-04-10,2026-04-17,LENS,DIBBS|SPE4A726T227K|6210-00-237-8021,C04,Lenses / Windows / Covers / Housings,LENS LIGHT,LENS; LENS LIGHT,False,core,,"DIBBS RFQ Text Search result, AMSC field, retrieved 20260930T155528Z",past deadline
SPE4A626T97Z1,6210-01-384-2297,SPE4A626T97Z1,06-18-2026,06-25-2026,2026-08-21 02:41:27,Origin,Origin,Tech,7017038857,https://dibbs2.bsm.dla.mil/Downloads/RFQ/1/SPE4A626T97Z1.PDF,https://www.dibbs.bsm.dla.mil/RFQ/RFQRec.aspx?sn=SPE4A626T97Z1,https://www.dibbs.bsm.dla.mil/rfq/rfqrec.aspx?sn=SPE4A626T97Z1,LENS,3,20260930T155528Z,6210-01-384-2297,"LENS,LIGHT",G,335132,4.0,,,2026-06-18,2026-06-25,LENS,DIBBS|SPE4A626T97Z1|6210-01-384-2297,C04,Lenses / Windows / Covers / Housings,LENS LIGHT,LENS; LENS LIGHT,False,core,,"DIBBS RFQ Text Search result, AMSC field, retrieved 20260930T155528Z",past deadline
SPE4A626T84J8,6220-00-712-1779,SPE4A626T84J8,06-10-2026,06-17-2026,2026-08-21 02:41:27,Origin,Origin,Tech,7017108560,https://dibbs2.bsm.dla.mil/Downloads/RFQ/8/SPE4A626T84J8.PDF,https://www.dibbs.bsm.dla.mil/RFQ/RFQRec.aspx?sn=SPE4A626T84J8,https://www.dibbs.bsm.dla.mil/rfq/rfqrec.aspx?sn=SPE4A626T84J8,LENS,3,20260930T155528Z,6220-00-712-1779,"LENS,LIGHT",G,336320,46.0,,,2026-06-10,2026-06-17,LENS,DIBBS|SPE4A626T84J8|6220-00-712-1779,C04,Lenses / Windows / Covers / Housings,LENS LIGHT,LENS; LENS LIGHT,False,core,,"DIBBS RFQ Text Search result, AMSC field, retrieved 20260930T155528Z",past deadline
SPE7M226T4655,6210-01-056-5170,SPE7M226T4655,05-19-2026,05-29-2026,2026-08-21 02:41:27,Origin,Destination,None,7015330208,https://dibbs2.bsm.dla.mil/Downloads/RFQ/5/SPE7M226T4655.PDF,https://www.dibbs.bsm.dla.mil/RFQ/RFQRec.aspx?sn=SPE7M226T4655,https://www.dibbs.bsm.dla.mil/rfq/rfqrec.aspx?sn=SPE7M226T4655,LENS,3,20260930T155528Z,6210-01-056-5170,"LENS,LIGHT",G,335131,251.0,,,2026-05-19,2026-05-29,LENS,DIBBS|SPE7M226T4655|6210-01-056-5170,C04,Lenses / Windows / Covers / Housings,LENS LIGHT,LENS; LENS LIGHT,False,core,,"DIBBS RFQ Text Search result, AMSC field, retrieved 20260930T155528Z",past deadline
SPE4A626T88Y8,6210-01-096-1152,SPE4A626T88Y8,06-12-2026,06-22-2026,2026-08-21 02:41:27,Origin,Origin,Tech,7017011734,https://dibbs2.bsm.dla.mil/Downloads/RFQ/8/SPE4A626T88Y8.PDF,https://www.dibbs.bsm.dla.mil/RFQ/RFQRec.aspx?sn=SPE4A626T88Y8,https://www.dibbs.bsm.dla.mil/rfq/rfqrec.aspx?sn=SPE4A626T88Y8,LENS,3,20260930T155528Z,6210-01-096-1152,"LENS,LIGHT",G,335139,205.0,,,2026-06-12,2026-06-22,LENS,DIBBS|SPE4A626T88Y8|6210-01-096-1152,C04,Lenses / Windows / Covers / Housings,LENS LIGHT,LENS; LENS LIGHT,False,core,,"DIBBS RFQ Text Search result, AMSC field, retrieved 20260930T155528Z",past deadline
SPE4A626T41A6,6210-01-036-4043,SPE4A626T41A6,05-04-2026,05-11-2026,2026-08-21 02:41:27,Destination,Origin,Tech,7016534055,https://dibbs2.bsm.dla.mil/Downloads/RFQ/6/SPE4A626T41A6.PDF,https://www.dibbs.bsm.dla.mil/RFQ/RFQRec.aspx?sn=SPE4A626T41A6,https://www.dibbs.bsm.dla.mil/rfq/rfqrec.aspx?sn=SPE4A626T41A6,LENS,3,20260930T155528Z,6210-01-036-4043,"LENS,LIGHT",G,335131,1.0,,,2026-05-04,2026-05-11,LENS,DIBBS|SPE4A626T41A6|6210-01-036-4043,C04,Lenses / Windows / Covers / Housings,LENS LIGHT,LENS; LENS LIGHT,False,core,,"DIBBS RFQ Text Search result, AMSC field, retrieved 20260930T155528Z",past deadline
SPE8E726T3572,6210-01-529-4454,SPE8E726T3572,08-13-2026,08-24-2026,2026-08-21 02:41:27,Origin,Destination,Tech,7017116854,https://dibbs2.bsm.dla.mil/Downloads/RFQ/2/SPE8E726T3572.PDF,https://www.dibbs.bsm.dla.mil/RFQ/RFQRec.aspx?sn=SPE8E726T3572,https://www.dibbs.bsm.dla.mil/rfq/rfqrec.aspx?sn=SPE8E726T3572,LENS,3,20260930T155528Z,6210-01-529-4454,"LENS,LIGHT",G,335132,1.0,,,2026-08-13,2026-08-24,LENS,DIBBS|SPE8E726T3572|6210-01-529-4454,C04,Lenses / Windows / Covers / Housings,LENS LIGHT,LENS; LENS LIGHT,False,core,,"DIBBS RFQ Text Search result, AMSC field, retrieved 20260930T155528Z",past deadline
SPE8E726T3356,6210-01-384-2292,SPE8E726T3356,07-15-2026,07-27-2026,2026-08-21 02:41:27,Origin,Destination,Tech,7017422825,https://dibbs2.bsm.dla.mil/Downloads/RFQ/6/SPE8E726T3356.PDF,https://www.dibbs.bsm.dla.mil/RFQ/RFQRec.aspx?sn=SPE8E726T3356,https://www.dibbs.bsm.dla.mil/rfq/rfqrec.aspx?sn=SPE8E726T3356,LENS,3,20260930T155528Z,6210-01-384-2292,"LENS,LIGHT",G,335139,10.0,,,2026-07-15,2026-07-27,LENS,DIBBS|SPE8E726T3356|6210-01-384-2292,C04,Lenses / Windows / Covers / Housings,LENS LIGHT,LENS; LENS LIGHT,False,core,,"DIBBS RFQ Text Search result, AMSC field, retrieved 20260930T155528Z",past deadline
SPE8E726T2496,6220-01-316-4619,SPE8E726T2496,05-06-2026,05-18-2026,2026-08-21 02:41:27,Origin,Origin,Tech,7016564741,https://dibbs2.bsm.dla.mil/Downloads/RFQ/6/SPE8E726T2496.PDF,https://www.dibbs.bsm.dla.mil/RFQ/RFQRec.aspx?sn=SPE8E726T2496,https://www.dibbs.bsm.dla.mil/rfq/rfqrec.aspx?sn=SPE8E726T2496,LENS,3,20260930T155528Z,6220-01-316-4619,"LENS,LIGHT",G,336320,51.0,,,2026-05-06,2026-05-18,LENS,DIBBS|SPE8E726T2496|6220-01-316-4619,C04,Lenses / Windows / Covers / Housings,LENS LIGHT,LENS; LENS LIGHT,False,core,,"DIBBS RFQ Text Search result, AMSC field, retrieved 20260930T155528Z",past deadline
SPE4A626T97Y8,6210-01-384-0386,SPE4A626T97Y8,06-18-2026,06-25-2026,2026-08-21 02:41:27,Origin,Origin,Tech,7017038872,https://dibbs2.bsm.dla.mil/Downloads/RFQ/8/SPE4A626T97Y8.PDF,https://www.dibbs.bsm.dla.mil/RFQ/RFQRec.aspx?sn=SPE4A626T97Y8,https://www.dibbs.bsm.dla.mil/rfq/rfqrec.aspx?sn=SPE4A626T97Y8,LENS,3,20260930T155528Z,6210-01-384-0386,"LENS,LIGHT",G,335139,3.0,,,2026-06-18,2026-06-25,LENS,DIBBS|SPE4A626T97Y8|6210-01-384-0386,C04,Lenses / Windows / Covers / Housings,LENS LIGHT,LENS; LENS LIGHT,False,core,,"DIBBS RFQ Text Search result, AMSC field, retrieved 20260930T155528Z",past deadline
SPE4A726T463X,5850-01-470-4659,SPE4A726T463X,06-08-2026,06-15-2026,2026-08-21 02:41:27,Origin,Origin,Tech,7017038577,https://dibbs2.bsm.dla.mil/Downloads/RFQ/X/SPE4A726T463X.PDF,https://www.dibbs.bsm.dla.mil/RFQ/RFQRec.aspx?sn=SPE4A726T463X,https://www.dibbs.bsm.dla.mil/rfq/rfqrec.aspx?sn=SPE4A726T463X,LENS,3,20260930T155528Z,5850-01-470-4659,"LENS,LIGHT",G,334290,3.0,,,2026-06-08,2026-06-15,LENS,DIBBS|SPE4A726T463X|5850-01-470-4659,C04,Lenses / Windows / Covers / Housings,LENS LIGHT,LENS; LENS LIGHT,False,core,,"DIBBS RFQ Text Search result, AMSC field, retrieved 20260930T155528Z",past deadline
SPE4A526T399A,6680-01-200-6045,SPE4A526T399A,09-01-2026,09-08-2026,2026-08-31 01:52:40,Origin,Origin,Tech,7017732324,https://dibbs2.bsm.dla.mil/Downloads/RFQ/A/SPE4A526T399A.PDF,https://www.dibbs.bsm.dla.mil/RFQ/RFQRec.aspx?sn=SPE4A526T399A,https://www.dibbs.bsm.dla.mil/rfq/rfqrec.aspx?sn=SPE4A526T399A,LENS,3,20260930T155528Z,6680-01-200-6045,"TACHOMETER,ELECTRONIC",G,334519,63.0,,,2026-09-01,2026-09-08,LENS; TACHOMETER,DIBBS|SPE4A526T399A|6680-01-200-6045,C09,Aircraft Instruments / Gauges / Sensors (INSCO),TACHOMETER,TACHOMETER,False,INSCO,,"DIBBS RFQ Text Search result, AMSC field, retrieved 20260930T155528Z",past deadline
SPE4A626T56S6,6210-01-416-8427,SPE4A626T56S6,05-15-2026,05-22-2026,2026-08-21 02:41:27,Origin,Origin,None,7016785174,https://dibbs2.bsm.dla.mil/Downloads/RFQ/6/SPE4A626T56S6.PDF,https://www.dibbs.bsm.dla.mil/RFQ/RFQRec.aspx?sn=SPE4A626T56S6,https://www.dibbs.bsm.dla.mil/rfq/rfqrec.aspx?sn=SPE4A626T56S6,LENS,3,20260930T155528Z,6210-01-416-8427,"LIGHT,INDICATOR",G,334419,29.0,,,2026-05-15,2026-05-22,INDICATOR; LENS,DIBBS|SPE4A626T56S6|6210-01-416-8427,C05,Indicator / Annunciator / Panel Lighting,LIGHT INDICATOR,LIGHT INDICATOR,False,core,,"DIBBS RFQ Text Search result, AMSC field, retrieved 20260930T155528Z",past deadline
SPE4A626T69M9,6210-00-842-6939,SPE4A626T69M9,05-22-2026,06-03-2026,2026-08-21 02:41:27,Origin,Destination,None,7016879190,https://dibbs2.bsm.dla.mil/Downloads/RFQ/9/SPE4A626T69M9.PDF,https://www.dibbs.bsm.dla.mil/RFQ/RFQRec.aspx?sn=SPE4A626T69M9,https://www.dibbs.bsm.dla.mil/rfq/rfqrec.aspx?sn=SPE4A626T69M9,LENS,3,20260930T155528Z,6210-00-842-6939,"LENS,LIGHT",G,336320,15.0,,,2026-05-22,2026-06-03,INDICATOR; LENS,DIBBS|SPE4A626T69M9|6210-00-842-6939,C04,Lenses / Windows / Covers / Housings,LENS LIGHT,LENS; LENS LIGHT,False,core,,"DIBBS RFQ Text Search result, AMSC field, retrieved 20260930T155528Z",past deadline
SPE8E526T4185,9340-01-501-8597,SPE8E526T4185,09-03-2026,09-14-2026,2026-09-02 03:38:06,Origin,Destination,Tech,7018161337,https://dibbs2.bsm.dla.mil/Downloads/RFQ/5/SPE8E526T4185.PDF,https://www.dibbs.bsm.dla.mil/RFQ/RFQRec.aspx?sn=SPE8E526T4185,https://www.dibbs.bsm.dla.mil/rfq/rfqrec.aspx?sn=SPE8E526T4185,WINDOW,1,20260930T155539Z,9340-01-501-8597,"WINDOW,OBSERVATION",G,327215,32.0,,,2026-09-03,2026-09-14,WINDOW,DIBBS|SPE8E526T4185|9340-01-501-8597,C04,Lenses / Windows / Covers / Housings,WINDOW,WINDOW,True,core,"broad keyword, but it is the item noun","DIBBS RFQ Text Search result, AMSC field, retrieved 20260930T155539Z",past deadline
SPE8E526T2551,9330-01-087-5074,SPE8E526T2551,04-23-2026,05-04-2026,2026-08-21 02:41:27,Origin,Origin,Tech,7016179075,https://dibbs2.bsm.dla.mil/Downloads/RFQ/1/SPE8E526T2551.PDF,https://www.dibbs.bsm.dla.mil/RFQ/RFQRec.aspx?sn=SPE8E526T2551,https://www.dibbs.bsm.dla.mil/rfq/rfqrec.aspx?sn=SPE8E526T2551,WINDOW,2,20260930T155556Z,9330-01-087-5074,"WINDOW,OBSERVATION",G,326199,136.0,,,2026-04-23,2026-05-04,WINDOW,DIBBS|SPE8E526T2551|9330-01-087-5074,C04,Lenses / Windows / Covers / Housings,WINDOW,WINDOW,True,core,"broad keyword, but it is the item noun","DIBBS RFQ Text Search result, AMSC field, retrieved 20260930T155556Z",past deadline
SPE7M126Q1235,1240-01-473-4349,SPE7M126Q1235,07-13-2026,08-13-2026,2026-08-21 02:41:27,Origin,Origin,Tech,7014419324,https://dibbs2.bsm.dla.mil/Downloads/RFQ/5/SPE7M126Q1235.PDF,https://www.dibbs.bsm.dla.mil/RFQ/RFQRec.aspx?sn=SPE7M126Q1235,https://www.dibbs.bsm.dla.mil/rfq/rfqrec.aspx?sn=SPE7M126Q1235,WINDOW,2,20260930T155556Z,1240-01-473-4349,"WINDOW,OPTICAL INST",G,333310,183.0,,,2026-07-13,2026-08-13,WINDOW,DIBBS|SPE7M126Q1235|1240-01-473-4349,C04,Lenses / Windows / Covers / Housings,WINDOW,WINDOW,True,core,"broad keyword, but it is the item noun","DIBBS RFQ Text Search result, AMSC field, retrieved 20260930T155556Z",past deadline
SPE8E526T3875,9340-00-688-8143,SPE8E526T3875,08-06-2026,08-17-2026,2026-08-21 02:41:27,Origin,Destination,Tech,7016179049,https://dibbs2.bsm.dla.mil/Downloads/RFQ/5/SPE8E526T3875.PDF,https://www.dibbs.bsm.dla.mil/RFQ/RFQRec.aspx?sn=SPE8E526T3875,https://www.dibbs.bsm.dla.mil/rfq/rfqrec.aspx?sn=SPE8E526T3875,WINDOW,2,20260930T155556Z,9340-00-688-8143,"WINDOW,OBSERVATION",G,327215,38.0,,,2026-08-06,2026-08-17,WINDOW,DIBBS|SPE8E526T3875|9340-00-688-8143,C04,Lenses / Windows / Covers / Housings,WINDOW,WINDOW,True,core,"broad keyword, but it is the item noun","DIBBS RFQ Text Search result, AMSC field, retrieved 20260930T155556Z",past deadline
SPE7L126T775V,2510-01-728-0868,SPE7L126T775V,06-29-2026,07-09-2026,2026-08-21 02:41:27,Origin,Origin,Tech,7016014148,https://dibbs2.bsm.dla.mil/Downloads/RFQ/V/SPE7L126T775V.PDF,https://www.dibbs.bsm.dla.mil/RFQ/RFQRec.aspx?sn=SPE7L126T775V,https://www.dibbs.bsm.dla.mil/rfq/rfqrec.aspx?sn=SPE7L126T775V,WINDOW,2,20260930T155556Z,2510-01-728-0868,"WINDOW,VEHICULAR",G,332999,2.0,,,2026-06-29,2026-07-09,WINDOW,DIBBS|SPE7L126T775V|2510-01-728-0868,C04,Lenses / Windows / Covers / Housings,WINDOW,WINDOW,True,core,"broad keyword, but it is the item noun","DIBBS RFQ Text Search result, AMSC field, retrieved 20260930T155556Z",past deadline
SPE8E526T4024,9340-01-439-2377,SPE8E526T4024,08-20-2026,08-31-2026,2026-08-21 02:41:27,Origin,Origin,Tech,7017964092,https://dibbs2.bsm.dla.mil/Downloads/RFQ/4/SPE8E526T4024.PDF,https://www.dibbs.bsm.dla.mil/RFQ/RFQRec.aspx?sn=SPE8E526T4024,https://www.dibbs.bsm.dla.mil/rfq/rfqrec.aspx?sn=SPE8E526T4024,WINDOW,2,20260930T155556Z,9340-01-439-2377,"WINDOW,OBSERVATION",G,333924,10.0,,,2026-08-20,2026-08-31,WINDOW,DIBBS|SPE8E526T4024|9340-01-439-2377,C04,Lenses / Windows / Covers / Housings,WINDOW,WINDOW,True,core,"broad keyword, but it is the item noun","DIBBS RFQ Text Search result, AMSC field, retrieved 20260930T155556Z",past deadline
SPE8E526T2281,9330-01-442-4815,SPE8E526T2281,04-03-2026,04-16-2026,2026-08-21 02:41:27,Origin,Destination,Tech,7016179525,https://dibbs2.bsm.dla.mil/Downloads/RFQ/1/SPE8E526T2281.PDF,https://www.dibbs.bsm.dla.mil/RFQ/RFQRec.aspx?sn=SPE8E526T2281,https://www.dibbs.bsm.dla.mil/rfq/rfqrec.aspx?sn=SPE8E526T2281,WINDOW,2,20260930T155556Z,9330-01-442-4815,"WINDOW,OBSERVATION",G,332999,5.0,,,2026-04-03,2026-04-16,WINDOW,DIBBS|SPE8E526T2281|9330-01-442-4815,C04,Lenses / Windows / Covers / Housings,WINDOW,WINDOW,True,core,"broad keyword, but it is the item noun","DIBBS RFQ Text Search result, AMSC field, retrieved 20260930T155556Z",past deadline
SPE8E526T2248,9340-00-830-1633,SPE8E526T2248,04-03-2026,04-13-2026,2026-08-21 02:41:27,Origin,Origin,Tech,7016178497,https://dibbs2.bsm.dla.mil/Downloads/RFQ/8/SPE8E526T2248.PDF,https://www.dibbs.bsm.dla.mil/RFQ/RFQRec.aspx?sn=SPE8E526T2248,https://www.dibbs.bsm.dla.mil/rfq/rfqrec.aspx?sn=SPE8E526T2248,WINDOW,2,20260930T155556Z,9340-00-830-1633,"WINDOW,OBSERVATION",G,327215,10.0,,,2026-04-03,2026-04-13,WINDOW,DIBBS|SPE8E526T2248|9340-00-830-1633,C04,Lenses / Windows / Covers / Housings,WINDOW,WINDOW,True,core,"broad keyword, but it is the item noun","DIBBS RFQ Text Search result, AMSC field, retrieved 20260930T155556Z",past deadline
SPE8E926Q0496,9340-00-248-5760,SPE8E926Q0496,07-01-2026,07-08-2026,2026-08-21 02:41:27,Origin,Destination,Tech,7016566737,https://dibbs2.bsm.dla.mil/Downloads/RFQ/6/SPE8E926Q0496.PDF,https://www.dibbs.bsm.dla.mil/RFQ/RFQRec.aspx?sn=SPE8E926Q0496,https://www.dibbs.bsm.dla.mil/rfq/rfqrec.aspx?sn=SPE8E926Q0496,WINDOW,2,20260930T155556Z,9340-00-248-5760,"WINDOW,OBSERVATION",G,327215,290.0,,,2026-07-01,2026-07-08,WINDOW,DIBBS|SPE8E926Q0496|9340-00-248-5760,C04,Lenses / Windows / Covers / Housings,WINDOW,WINDOW,True,core,"broad keyword, but it is the item noun","DIBBS RFQ Text Search result, AMSC field, retrieved 20260930T155556Z",past deadline
SPE7L126T395A,2510-00-930-2313,SPE7L126T395A,04-21-2026,05-01-2026,2026-08-21 02:41:27,Origin,Origin,Tech,7015679882,https://dibbs2.bsm.dla.mil/Downloads/RFQ/A/SPE7L126T395A.PDF,https://www.dibbs.bsm.dla.mil/RFQ/RFQRec.aspx?sn=SPE7L126T395A,https://www.dibbs.bsm.dla.mil/rfq/rfqrec.aspx?sn=SPE7L126T395A,WINDOW,2,20260930T155556Z,2510-00-930-2313,"WINDOW,VEHICULAR DO",G,336211,20.0,,,2026-04-21,2026-05-01,WINDOW,DIBBS|SPE7L126T395A|2510-00-930-2313,C04,Lenses / Windows / Covers / Housings,WINDOW,WINDOW,True,core,"broad keyword, but it is the item noun","DIBBS RFQ Text Search result, AMSC field, retrieved 20260930T155556Z",past deadline
SPE8E526T3224,9340-01-439-2377,SPE8E526T3224,06-11-2026,06-22-2026,2026-08-21 02:41:27,Origin,Origin,Tech,7017122576,https://dibbs2.bsm.dla.mil/Downloads/RFQ/4/SPE8E526T3224.PDF,https://www.dibbs.bsm.dla.mil/RFQ/RFQRec.aspx?sn=SPE8E526T3224,https://www.dibbs.bsm.dla.mil/rfq/rfqrec.aspx?sn=SPE8E526T3224,WINDOW,3,20260930T155612Z,9340-01-439-2377,"WINDOW,OBSERVATION",G,333924,46.0,,,2026-06-11,2026-06-22,WINDOW,DIBBS|SPE8E526T3224|9340-01-439-2377,C04,Lenses / Windows / Covers / Housings,WINDOW,WINDOW,True,core,"broad keyword, but it is the item noun","DIBBS RFQ Text Search result, AMSC field, retrieved 20260930T155612Z",past deadline
SPE8E526T2940,9340-00-417-0538,SPE8E526T2940,05-26-2026,08-03-2026,2026-08-21 02:41:27,Origin,Origin,Tech,7016566414,https://dibbs2.bsm.dla.mil/Downloads/RFQ/0/SPE8E526T2940.PDF,https://www.dibbs.bsm.dla.mil/RFQ/RFQRec.aspx?sn=SPE8E526T2940,https://www.dibbs.bsm.dla.mil/rfq/rfqrec.aspx?sn=SPE8E526T2940,WINDOW,3,20260930T155612Z,9340-00-417-0538,"WINDOW,OBSERVATION",G,327215,54.0,,,2026-05-26,2026-08-03,WINDOW,DIBBS|SPE8E526T2940|9340-00-417-0538,C04,Lenses / Windows / Covers / Housings,WINDOW,WINDOW,True,core,"broad keyword, but it is the item noun","DIBBS RFQ Text Search result, AMSC field, retrieved 20260930T155612Z",past deadline
SPE4A626T74Q6,6210-00-399-7028,SPE4A626T74Q6,06-01-2026,06-08-2026,2026-08-21 02:41:27,Origin,Origin,None,7016847246,https://dibbs2.bsm.dla.mil/Downloads/RFQ/6/SPE4A626T74Q6.PDF,https://www.dibbs.bsm.dla.mil/RFQ/RFQRec.aspx?sn=SPE4A626T74Q6,https://www.dibbs.bsm.dla.mil/rfq/rfqrec.aspx?sn=SPE4A626T74Q6,WINDOW,3,20260930T155612Z,6210-00-399-7028,"WINDOW,LIGHTING FIXTUR",G,335132,52.0,,,2026-06-01,2026-06-08,LIGHTING; WINDOW,DIBBS|SPE4A626T74Q6|6210-00-399-7028,C04,Lenses / Windows / Covers / Housings,WINDOW,WINDOW,True,core,"broad keyword, but it is the item noun","DIBBS RFQ Text Search result, AMSC field, retrieved 20260930T155612Z",past deadline
SPE8E526T3361,9330-01-087-5074,SPE8E526T3361,06-22-2026,07-02-2026,2026-08-21 02:41:27,Origin,Origin,None,7017122748,https://dibbs2.bsm.dla.mil/Downloads/RFQ/1/SPE8E526T3361.PDF,https://www.dibbs.bsm.dla.mil/RFQ/RFQRec.aspx?sn=SPE8E526T3361,https://www.dibbs.bsm.dla.mil/rfq/rfqrec.aspx?sn=SPE8E526T3361,WINDOW,3,20260930T155612Z,9330-01-087-5074,"WINDOW,OBSERVATION",G,326199,190.0,,,2026-06-22,2026-07-02,WINDOW,DIBBS|SPE8E526T3361|9330-01-087-5074,C04,Lenses / Windows / Covers / Housings,WINDOW,WINDOW,True,core,"broad keyword, but it is the item noun","DIBBS RFQ Text Search result, AMSC field, retrieved 20260930T155612Z",past deadline
SPE7L426T4915,2510-01-567-5881,SPE7L426T4915,06-05-2026,06-15-2026,2026-08-21 02:41:27,Origin,Origin,Tech,7017045542,https://dibbs2.bsm.dla.mil/Downloads/RFQ/5/SPE7L426T4915.PDF,https://www.dibbs.bsm.dla.mil/RFQ/RFQRec.aspx?sn=SPE7L426T4915,https://www.dibbs.bsm.dla.mil/rfq/rfqrec.aspx?sn=SPE7L426T4915,WINDOW,3,20260930T155612Z,2510-01-567-5881,"WINDOW,VEHICULAR",G,332999,74.0,,,2026-06-05,2026-06-15,WINDOW,DIBBS|SPE7L426T4915|2510-01-567-5881,C04,Lenses / Windows / Covers / Housings,WINDOW,WINDOW,True,core,"broad keyword, but it is the item noun","DIBBS RFQ Text Search result, AMSC field, retrieved 20260930T155612Z",past deadline
SPE4A626T12XU,6210-00-099-7122,SPE4A626T12XU,08-06-2026,09-17-2026,2026-09-14 06:39:08,Origin,Origin,Tech,7015212583,https://dibbs2.bsm.dla.mil/Downloads/RFQ/U/SPE4A626T12XU.PDF,https://www.dibbs.bsm.dla.mil/RFQ/RFQRec.aspx?sn=SPE4A626T12XU,https://www.dibbs.bsm.dla.mil/rfq/rfqrec.aspx?sn=SPE4A626T12XU,WINDOW,3,20260930T155612Z,6210-00-099-7122,"WINDOW,LIGHTING FIX",G,335132,17.0,,,2026-08-06,2026-09-17,LIGHTING; WINDOW,DIBBS|SPE4A626T12XU|6210-00-099-7122,C04,Lenses / Windows / Covers / Housings,WINDOW,WINDOW,True,core,"broad keyword, but it is the item noun","DIBBS RFQ Text Search result, AMSC field, retrieved 20260930T155612Z",past deadline
SPE8E726T3689,6240-01-666-2543,SPE8E726T3689,08-26-2026,09-08-2026,2026-08-25 09:33:18,Origin,Destination,Tech,7015331849,https://dibbs2.bsm.dla.mil/Downloads/RFQ/9/SPE8E726T3689.PDF,https://www.dibbs.bsm.dla.mil/RFQ/RFQRec.aspx?sn=SPE8E726T3689,https://www.dibbs.bsm.dla.mil/rfq/rfqrec.aspx?sn=SPE8E726T3689,LAMP,2,20260930T155647Z,6240-01-666-2543,LAMP ASSEMBLY,G,335139,1.0,,,2026-08-26,2026-09-08,LAMP,DIBBS|SPE8E726T3689|6240-01-666-2543,C05,Indicator / Annunciator / Panel Lighting,LAMP ASSEMBLY,LAMP ASSEMBLY,False,core,,"DIBBS RFQ Text Search result, AMSC field, retrieved 20260930T155647Z",past deadline
SPE4A726T257B,1680-01-660-4932,SPE4A726T257B,04-15-2026,04-22-2026,2026-08-21 02:41:27,Origin,Destination,Tech,7014488790,https://dibbs2.bsm.dla.mil/Downloads/RFQ/B/SPE4A726T257B.PDF,https://www.dibbs.bsm.dla.mil/RFQ/RFQRec.aspx?sn=SPE4A726T257B,https://www.dibbs.bsm.dla.mil/rfq/rfqrec.aspx?sn=SPE4A726T257B,LAMP,2,20260930T155647Z,1680-01-660-4932,"NRP,LAMP ASSEMBLY A",G,336413,4.0,,,2026-04-15,2026-04-22,LAMP,DIBBS|SPE4A726T257B|1680-01-660-4932,C05,Indicator / Annunciator / Panel Lighting,LAMP ASSEMBLY,LAMP ASSEMBLY,False,core,,"DIBBS RFQ Text Search result, AMSC field, retrieved 20260930T155647Z",past deadline
SPE8E726T2804,6240-01-666-2543,SPE8E726T2804,06-02-2026,06-12-2026,2026-08-21 02:41:27,Origin,Destination,Tech,7016966678; 7016966685,https://dibbs2.bsm.dla.mil/Downloads/RFQ/4/SPE8E726T2804.PDF,https://www.dibbs.bsm.dla.mil/RFQ/RFQRec.aspx?sn=SPE8E726T2804,https://www.dibbs.bsm.dla.mil/rfq/rfqrec.aspx?sn=SPE8E726T2804,LAMP,2,20260930T155647Z,6240-01-666-2543,LAMP ASSEMBLY,G,335139,4.0,,,2026-06-02,2026-06-12,LAMP,DIBBS|SPE8E726T2804|6240-01-666-2543,C05,Indicator / Annunciator / Panel Lighting,LAMP ASSEMBLY,LAMP ASSEMBLY,False,core,,"DIBBS RFQ Text Search result, AMSC field, retrieved 20260930T155647Z",past deadline
SPE4A726Q1089,5975-01-584-4646,SPE4A726Q1089,09-01-2026,09-10-2026,2026-09-01 08:09:17,Origin,Destination,Tech,7014410002,https://dibbs2.bsm.dla.mil/Downloads/RFQ/9/SPE4A726Q1089.PDF,https://www.dibbs.bsm.dla.mil/RFQ/RFQRec.aspx?sn=SPE4A726Q1089,https://www.dibbs.bsm.dla.mil/rfq/rfqrec.aspx?sn=SPE4A726Q1089,INDICATOR,1,20260930T155938Z,5975-01-584-4646,INTERCONNECTING BOX,G,327110,1.0,,,2026-09-01,2026-09-10,FUEL; INDICATOR; MARKING; PLATE,DIBBS|SPE4A726Q1089|5975-01-584-4646,C10,Harnesses / Cable Assemblies / Box Builds,INTERCONNECTING BOX,INTERCONNECTING BOX,False,adjacent,,"DIBBS RFQ Text Search result, AMSC field, retrieved 20260930T155938Z",past deadline
SPE7M426Q0490,1710-00-438-9231,SPE7M426Q0490,03-05-2026,03-19-2026,2026-08-21 02:41:27,Origin,Origin,Tech,7009900754,https://dibbs2.bsm.dla.mil/Downloads/RFQ/0/SPE7M426Q0490.PDF,https://www.dibbs.bsm.dla.mil/RFQ/RFQRec.aspx?sn=SPE7M426Q0490,https://www.dibbs.bsm.dla.mil/rfq/rfqrec.aspx?sn=SPE7M426Q0490,INDICATOR,2,20260930T155955Z,1710-00-438-9231,"PLATE,REEL DRUM",G,336413,411.0,,,2026-03-05,2026-03-19,BOX; FUEL; INDICATOR; LIGHTING; PLATE,DIBBS|SPE7M426Q0490|1710-00-438-9231,C08,Plates / Markings / Mounting / Misc,PLATE,PLATE,True,core-adjacent,"broad keyword, but it is the item noun","DIBBS RFQ Text Search result, AMSC field, retrieved 20260930T155955Z",past deadline
SPE8E426Q0206,9515-00-554-0933,SPE8E426Q0206,06-05-2026,06-20-2026,2026-08-21 02:41:27,Origin,Destination,Tech,7011697907,https://dibbs2.bsm.dla.mil/Downloads/RFQ/6/SPE8E426Q0206.PDF,https://www.dibbs.bsm.dla.mil/RFQ/RFQRec.aspx?sn=SPE8E426Q0206,https://www.dibbs.bsm.dla.mil/rfq/rfqrec.aspx?sn=SPE8E426Q0206,INDICATOR,3,20260930T160013Z,9515-00-554-0933,"PLATE,METAL",G,331110,63.0,,,2026-06-05,2026-06-20,INDICATOR; LIGHTING; MARKING; PLATE,DIBBS|SPE8E426Q0206|9515-00-554-0933,C08,Plates / Markings / Mounting / Misc,PLATE,PLATE,True,core-adjacent,"broad keyword, but it is the item noun","DIBBS RFQ Text Search result, AMSC field, retrieved 20260930T160013Z",past deadline
SPE8E726T3983,6220-01-661-4029,SPE8E726T3983,09-28-2026,10-08-2026,2026-09-27 06:21:43,Origin,Origin,None,7018365035,https://dibbs2.bsm.dla.mil/Downloads/RFQ/3/SPE8E726T3983.PDF,https://www.dibbs.bsm.dla.mil/RFQ/RFQRec.aspx?sn=SPE8E726T3983,https://www.dibbs.bsm.dla.mil/rfq/rfqrec.aspx?sn=SPE8E726T3983,INDICATOR,4,20260930T160029Z,6220-01-661-4029,"LIGHT,INDICATOR",G,336320,138.0,,,2026-09-28,2026-10-08,INDICATOR,DIBBS|SPE8E726T3983|6220-01-661-4029,C05,Indicator / Annunciator / Panel Lighting,LIGHT INDICATOR,LIGHT INDICATOR,False,core,,"DIBBS RFQ Text Search result, AMSC field, retrieved 20260930T160029Z",open by deadline
SPE4A626T32CQ,6210-00-635-4700,SPE4A626T32CQ,09-18-2026,09-30-2026,2026-09-25 06:33:30,Origin,Origin,None,7018391721,https://dibbs2.bsm.dla.mil/Downloads/RFQ/Q/SPE4A626T32CQ.PDF,https://www.dibbs.bsm.dla.mil/RFQ/RFQRec.aspx?sn=SPE4A626T32CQ,https://www.dibbs.bsm.dla.mil/rfq/rfqrec.aspx?sn=SPE4A626T32CQ,INDICATOR,4,20260930T160029Z,6210-00-635-4700,"LIGHT,INDICATOR",G,334419,159.0,,,2026-09-18,2026-09-30,INDICATOR,DIBBS|SPE4A626T32CQ|6210-00-635-4700,C05,Indicator / Annunciator / Panel Lighting,LIGHT INDICATOR,LIGHT INDICATOR,False,core,,"DIBBS RFQ Text Search result, AMSC field, retrieved 20260930T160029Z",open by deadline
SPE4A626T34DG,6210-00-551-3748,SPE4A626T34DG,09-21-2026,09-28-2026,2026-09-21 12:15:48,Origin,Origin,Tech,7014871054,https://dibbs2.bsm.dla.mil/Downloads/RFQ/G/SPE4A626T34DG.PDF,https://www.dibbs.bsm.dla.mil/RFQ/RFQRec.aspx?sn=SPE4A626T34DG,https://www.dibbs.bsm.dla.mil/rfq/rfqrec.aspx?sn=SPE4A626T34DG,INDICATOR,5,20260930T160046Z,6210-00-551-3748,"LIGHT,INDICATOR",G,334419,4.0,,,2026-09-21,2026-09-28,INDICATOR,DIBBS|SPE4A626T34DG|6210-00-551-3748,C05,Indicator / Annunciator / Panel Lighting,LIGHT INDICATOR,LIGHT INDICATOR,False,core,,"DIBBS RFQ Text Search result, AMSC field, retrieved 20260930T160046Z",past deadline
SPE8E726T3923,6210-00-406-1398,SPE8E726T3923,09-17-2026,09-28-2026,2026-09-16 10:38:18,Origin,Destination,Tech,7018316602,https://dibbs2.bsm.dla.mil/Downloads/RFQ/3/SPE8E726T3923.PDF,https://www.dibbs.bsm.dla.mil/RFQ/RFQRec.aspx?sn=SPE8E726T3923,https://www.dibbs.bsm.dla.mil/rfq/rfqrec.aspx?sn=SPE8E726T3923,INDICATOR,5,20260930T160046Z,6210-00-406-1398,"LIGHT,INDICATOR",G,334413,1.0,,,2026-09-17,2026-09-28,INDICATOR,DIBBS|SPE8E726T3923|6210-00-406-1398,C05,Indicator / Annunciator / Panel Lighting,LIGHT INDICATOR,LIGHT INDICATOR,False,core,,"DIBBS RFQ Text Search result, AMSC field, retrieved 20260930T160046Z",past deadline
SPE8E726T3863,6210-01-206-0138,SPE8E726T3863,09-16-2026,09-28-2026,2026-09-15 08:34:12,Origin,Destination,Tech,7018333870,https://dibbs2.bsm.dla.mil/Downloads/RFQ/3/SPE8E726T3863.PDF,https://www.dibbs.bsm.dla.mil/RFQ/RFQRec.aspx?sn=SPE8E726T3863,https://www.dibbs.bsm.dla.mil/rfq/rfqrec.aspx?sn=SPE8E726T3863,INDICATOR,5,20260930T160046Z,6210-01-206-0138,"LIGHT,INDICATOR",G,333414,183.0,,,2026-09-16,2026-09-28,INDICATOR,DIBBS|SPE8E726T3863|6210-01-206-0138,C05,Indicator / Annunciator / Panel Lighting,LIGHT INDICATOR,LIGHT INDICATOR,False,core,,"DIBBS RFQ Text Search result, AMSC field, retrieved 20260930T160046Z",past deadline
SPE4A626T28WU,6210-00-844-7449,SPE4A626T28WU,09-11-2026,09-18-2026,2026-09-10 08:33:44,Origin,Origin,None,7018277487,https://dibbs2.bsm.dla.mil/Downloads/RFQ/U/SPE4A626T28WU.PDF,https://www.dibbs.bsm.dla.mil/RFQ/RFQRec.aspx?sn=SPE4A626T28WU,https://www.dibbs.bsm.dla.mil/rfq/rfqrec.aspx?sn=SPE4A626T28WU,INDICATOR,5,20260930T160046Z,6210-00-844-7449,"LIGHT,INDICATOR",G,334419,5.0,,,2026-09-11,2026-09-18,INDICATOR,DIBBS|SPE4A626T28WU|6210-00-844-7449,C05,Indicator / Annunciator / Panel Lighting,LIGHT INDICATOR,LIGHT INDICATOR,False,core,,"DIBBS RFQ Text Search result, AMSC field, retrieved 20260930T160046Z",past deadline
SPE4A626T24KK,6150-01-389-6169,SPE4A626T24KK,08-28-2026,09-04-2026,2026-08-27 03:33:33,Origin,Origin,Tech,7018067841,https://dibbs2.bsm.dla.mil/Downloads/RFQ/K/SPE4A626T24KK.PDF,https://www.dibbs.bsm.dla.mil/RFQ/RFQRec.aspx?sn=SPE4A626T24KK,https://www.dibbs.bsm.dla.mil/rfq/rfqrec.aspx?sn=SPE4A626T24KK,INDICATOR,6,20260930T160104Z,6150-01-389-6169,"WIRING HARNESS,BRANCHE",G,334419,30.0,,,2026-08-28,2026-09-04,HARNESS; INDICATOR,DIBBS|SPE4A626T24KK|6150-01-389-6169,C10,Harnesses / Cable Assemblies / Box Builds,WIRING HARNESS,WIRING HARNESS,False,adjacent,,"DIBBS RFQ Text Search result, AMSC field, retrieved 20260930T160104Z",past deadline
SPE8E726T3659,6210-01-006-5079,SPE8E726T3659,08-21-2026,08-31-2026,2026-08-23 07:59:26,Origin,Destination,Tech,7017911004,https://dibbs2.bsm.dla.mil/Downloads/RFQ/9/SPE8E726T3659.PDF,https://www.dibbs.bsm.dla.mil/RFQ/RFQRec.aspx?sn=SPE8E726T3659,https://www.dibbs.bsm.dla.mil/rfq/rfqrec.aspx?sn=SPE8E726T3659,INDICATOR,6,20260930T160104Z,6210-01-006-5079,"LIGHT,INDICATOR",G,334413,3.0,,,2026-08-21,2026-08-31,INDICATOR,DIBBS|SPE8E726T3659|6210-01-006-5079,C05,Indicator / Annunciator / Panel Lighting,LIGHT INDICATOR,LIGHT INDICATOR,False,core,,"DIBBS RFQ Text Search result, AMSC field, retrieved 20260930T160104Z",past deadline
SPE8E726T3241,6210-00-519-1581,SPE8E726T3241,07-02-2026,07-13-2026,2026-08-21 02:41:27,Origin,Origin,Tech,7017276986,https://dibbs2.bsm.dla.mil/Downloads/RFQ/1/SPE8E726T3241.PDF,https://www.dibbs.bsm.dla.mil/RFQ/RFQRec.aspx?sn=SPE8E726T3241,https://www.dibbs.bsm.dla.mil/rfq/rfqrec.aspx?sn=SPE8E726T3241,INDICATOR,6,20260930T160104Z,6210-00-519-1581,"LIGHT,INDICATOR",G,334413,2.0,,,2026-07-02,2026-07-13,INDICATOR,DIBBS|SPE8E726T3241|6210-00-519-1581,C05,Indicator / Annunciator / Panel Lighting,LIGHT INDICATOR,LIGHT INDICATOR,False,core,,"DIBBS RFQ Text Search result, AMSC field, retrieved 20260930T160104Z",past deadline
SPE4A626U2259,6210-01-298-0451,SPE4A626U2259,02-26-2026,03-12-2026,2026-08-21 02:41:27,Origin,Destination,Tech,1000223927,https://dibbs2.bsm.dla.mil/Downloads/RFQ/9/SPE4A626U2259.PDF,https://www.dibbs.bsm.dla.mil/RFQ/RFQRec.aspx?sn=SPE4A626U2259,https://www.dibbs.bsm.dla.mil/rfq/rfqrec.aspx?sn=SPE4A626U2259,INDICATOR,7,20260930T160121Z,6210-01-298-0451,"LIGHT,INDICATOR",G,334419,16.0,,,2026-02-26,2026-03-12,INDICATOR,DIBBS|SPE4A626U2259|6210-01-298-0451,C05,Indicator / Annunciator / Panel Lighting,LIGHT INDICATOR,LIGHT INDICATOR,False,core,,"DIBBS RFQ Text Search result, AMSC field, retrieved 20260930T160121Z",past deadline
SPE4A626T473D,6150-01-389-6169,SPE4A626T473D,01-13-2026,01-20-2026,2026-08-21 02:41:27,Origin,Origin,Tech,7015053246,https://dibbs2.bsm.dla.mil/Downloads/RFQ/D/SPE4A626T473D.PDF,https://www.dibbs.bsm.dla.mil/RFQ/RFQRec.aspx?sn=SPE4A626T473D,https://www.dibbs.bsm.dla.mil/rfq/rfqrec.aspx?sn=SPE4A626T473D,INDICATOR,7,20260930T160121Z,6150-01-389-6169,"WIRING HARNESS,BRAN",G,334419,36.0,,,2026-01-13,2026-01-20,HARNESS; INDICATOR,DIBBS|SPE4A626T473D|6150-01-389-6169,C10,Harnesses / Cable Assemblies / Box Builds,WIRING HARNESS,WIRING HARNESS,False,adjacent,,"DIBBS RFQ Text Search result, AMSC field, retrieved 20260930T160121Z",past deadline
SPE4A626T12SG,6220-01-324-0045,SPE4A626T12SG,08-06-2026,08-13-2026,2026-08-21 02:41:27,Origin,Origin,Tech,7017742694,https://dibbs2.bsm.dla.mil/Downloads/RFQ/G/SPE4A626T12SG.PDF,https://www.dibbs.bsm.dla.mil/RFQ/RFQRec.aspx?sn=SPE4A626T12SG,https://www.dibbs.bsm.dla.mil/rfq/rfqrec.aspx?sn=SPE4A626T12SG,INDICATOR,7,20260930T160121Z,6220-01-324-0045,"LIGHT,INDICATOR",G,333515,265.0,,,2026-08-06,2026-08-13,INDICATOR,DIBBS|SPE4A626T12SG|6220-01-324-0045,C05,Indicator / Annunciator / Panel Lighting,LIGHT INDICATOR,LIGHT INDICATOR,False,core,,"DIBBS RFQ Text Search result, AMSC field, retrieved 20260930T160121Z",past deadline
SPE4A626T86S0,6210-01-003-0260,SPE4A626T86S0,06-10-2026,06-17-2026,2026-08-21 02:41:27,Origin,Destination,None,7016997107,https://dibbs2.bsm.dla.mil/Downloads/RFQ/0/SPE4A626T86S0.PDF,https://www.dibbs.bsm.dla.mil/RFQ/RFQRec.aspx?sn=SPE4A626T86S0,https://www.dibbs.bsm.dla.mil/rfq/rfqrec.aspx?sn=SPE4A626T86S0,INDICATOR,8,20260930T160137Z,6210-01-003-0260,"LIGHT,INDICATOR",G,334413,1.0,,,2026-06-10,2026-06-17,INDICATOR,DIBBS|SPE4A626T86S0|6210-01-003-0260,C05,Indicator / Annunciator / Panel Lighting,LIGHT INDICATOR,LIGHT INDICATOR,False,core,,"DIBBS RFQ Text Search result, AMSC field, retrieved 20260930T160137Z",past deadline
SPE4A626T803V,6210-00-143-6614,SPE4A626T803V,02-25-2026,03-09-2026,2026-08-21 02:41:27,Origin,Destination,None,7015658101,https://dibbs2.bsm.dla.mil/Downloads/RFQ/V/SPE4A626T803V.PDF,https://www.dibbs.bsm.dla.mil/RFQ/RFQRec.aspx?sn=SPE4A626T803V,https://www.dibbs.bsm.dla.mil/rfq/rfqrec.aspx?sn=SPE4A626T803V,INDICATOR,8,20260930T160137Z,6210-00-143-6614,"LIGHT,INDICATOR",G,334413,35.0,,,2026-02-25,2026-03-09,INDICATOR,DIBBS|SPE4A626T803V|6210-00-143-6614,C05,Indicator / Annunciator / Panel Lighting,LIGHT INDICATOR,LIGHT INDICATOR,False,core,,"DIBBS RFQ Text Search result, AMSC field, retrieved 20260930T160137Z",past deadline
SPE4A626T45P4,6220-01-253-6684,SPE4A626T45P4,05-06-2026,05-13-2026,2026-08-21 02:41:27,Origin,Destination,Tech,7016647102,https://dibbs2.bsm.dla.mil/Downloads/RFQ/4/SPE4A626T45P4.PDF,https://www.dibbs.bsm.dla.mil/RFQ/RFQRec.aspx?sn=SPE4A626T45P4,https://www.dibbs.bsm.dla.mil/rfq/rfqrec.aspx?sn=SPE4A626T45P4,INDICATOR,8,20260930T160137Z,6220-01-253-6684,"LIGHT,INDICATOR",G,336320,12.0,,,2026-05-06,2026-05-13,INDICATOR,DIBBS|SPE4A626T45P4|6220-01-253-6684,C05,Indicator / Annunciator / Panel Lighting,LIGHT INDICATOR,LIGHT INDICATOR,False,core,,"DIBBS RFQ Text Search result, AMSC field, retrieved 20260930T160137Z",past deadline
SPE4A526T332W,6210-01-133-2313,SPE4A526T332W,08-06-2026,08-13-2026,2026-08-21 02:41:27,Origin,Origin,Tech,7017696856,https://dibbs2.bsm.dla.mil/Downloads/RFQ/W/SPE4A526T332W.PDF,https://www.dibbs.bsm.dla.mil/RFQ/RFQRec.aspx?sn=SPE4A526T332W,https://www.dibbs.bsm.dla.mil/rfq/rfqrec.aspx?sn=SPE4A526T332W,INDICATOR,8,20260930T160137Z,6210-01-133-2313,"LIGHT,INDICATOR",G,334419,20.0,,,2026-08-06,2026-08-13,INDICATOR,DIBBS|SPE4A526T332W|6210-01-133-2313,C05,Indicator / Annunciator / Panel Lighting,LIGHT INDICATOR,LIGHT INDICATOR,False,core,,"DIBBS RFQ Text Search result, AMSC field, retrieved 20260930T160137Z",past deadline
SPE4A726T118L,6210-00-635-4700,SPE4A726T118L,03-20-2026,03-27-2026,2026-08-21 02:41:27,Origin,Origin,None,7015994561,https://dibbs2.bsm.dla.mil/Downloads/RFQ/L/SPE4A726T118L.PDF,https://www.dibbs.bsm.dla.mil/RFQ/RFQRec.aspx?sn=SPE4A726T118L,https://www.dibbs.bsm.dla.mil/rfq/rfqrec.aspx?sn=SPE4A726T118L,INDICATOR,9,20260930T160154Z,6210-00-635-4700,"LIGHT,INDICATOR",G,334419,32.0,,,2026-03-20,2026-03-27,INDICATOR,DIBBS|SPE4A726T118L|6210-00-635-4700,C05,Indicator / Annunciator / Panel Lighting,LIGHT INDICATOR,LIGHT INDICATOR,False,core,,"DIBBS RFQ Text Search result, AMSC field, retrieved 20260930T160154Z",past deadline
SPE8E726T2817,6210-01-099-6583,SPE8E726T2817,06-02-2026,06-12-2026,2026-08-21 02:41:27,Origin,Destination,Tech,7016967103,https://dibbs2.bsm.dla.mil/Downloads/RFQ/7/SPE8E726T2817.PDF,https://www.dibbs.bsm.dla.mil/RFQ/RFQRec.aspx?sn=SPE8E726T2817,https://www.dibbs.bsm.dla.mil/rfq/rfqrec.aspx?sn=SPE8E726T2817,INDICATOR,9,20260930T160154Z,6210-01-099-6583,"LIGHT,INDICATOR",G,334419,12.0,,,2026-06-02,2026-06-12,INDICATOR,DIBBS|SPE8E726T2817|6210-01-099-6583,C05,Indicator / Annunciator / Panel Lighting,LIGHT INDICATOR,LIGHT INDICATOR,False,core,,"DIBBS RFQ Text Search result, AMSC field, retrieved 20260930T160154Z",past deadline
SPE4A626T693Y,6210-01-165-6387,SPE4A626T693Y,02-13-2026,02-25-2026,2026-08-21 02:41:27,Origin,Origin,Tech,7014628421,https://dibbs2.bsm.dla.mil/Downloads/RFQ/Y/SPE4A626T693Y.PDF,https://www.dibbs.bsm.dla.mil/RFQ/RFQRec.aspx?sn=SPE4A626T693Y,https://www.dibbs.bsm.dla.mil/rfq/rfqrec.aspx?sn=SPE4A626T693Y,INDICATOR,9,20260930T160154Z,6210-01-165-6387,"LIGHT,INDICATOR",G,334419,17.0,,,2026-02-13,2026-02-25,INDICATOR,DIBBS|SPE4A626T693Y|6210-01-165-6387,C05,Indicator / Annunciator / Panel Lighting,LIGHT INDICATOR,LIGHT INDICATOR,False,core,,"DIBBS RFQ Text Search result, AMSC field, retrieved 20260930T160154Z",past deadline
SPE4A626T03TJ,6210-01-003-0260,SPE4A626T03TJ,07-08-2026,07-15-2026,2026-08-21 02:41:27,Origin,Destination,None,7017409309,https://dibbs2.bsm.dla.mil/Downloads/RFQ/J/SPE4A626T03TJ.PDF,https://www.dibbs.bsm.dla.mil/RFQ/RFQRec.aspx?sn=SPE4A626T03TJ,https://www.dibbs.bsm.dla.mil/rfq/rfqrec.aspx?sn=SPE4A626T03TJ,INDICATOR,9,20260930T160154Z,6210-01-003-0260,"LIGHT,INDICATOR",G,334413,36.0,,,2026-07-08,2026-07-15,INDICATOR,DIBBS|SPE4A626T03TJ|6210-01-003-0260,C05,Indicator / Annunciator / Panel Lighting,LIGHT INDICATOR,LIGHT INDICATOR,False,core,,"DIBBS RFQ Text Search result, AMSC field, retrieved 20260930T160154Z",past deadline
SPE4A626T97Z5,6210-01-497-6087,SPE4A626T97Z5,06-18-2026,06-25-2026,2026-08-21 02:41:27,Origin,Destination,Tech,7017108081,https://dibbs2.bsm.dla.mil/Downloads/RFQ/5/SPE4A626T97Z5.PDF,https://www.dibbs.bsm.dla.mil/RFQ/RFQRec.aspx?sn=SPE4A626T97Z5,https://www.dibbs.bsm.dla.mil/rfq/rfqrec.aspx?sn=SPE4A626T97Z5,INDICATOR,9,20260930T160154Z,6210-01-497-6087,"LIGHT,INDICATOR",G,334419,13.0,,,2026-06-18,2026-06-25,INDICATOR,DIBBS|SPE4A626T97Z5|6210-01-497-6087,C05,Indicator / Annunciator / Panel Lighting,LIGHT INDICATOR,LIGHT INDICATOR,False,core,,"DIBBS RFQ Text Search result, AMSC field, retrieved 20260930T160154Z",past deadline
SPE4A726T070Y,6210-00-544-2310,SPE4A726T070Y,03-11-2026,03-23-2026,2026-08-21 02:41:27,Origin,Origin,Tech,7015657744,https://dibbs2.bsm.dla.mil/Downloads/RFQ/Y/SPE4A726T070Y.PDF,https://www.dibbs.bsm.dla.mil/RFQ/RFQRec.aspx?sn=SPE4A726T070Y,https://www.dibbs.bsm.dla.mil/rfq/rfqrec.aspx?sn=SPE4A726T070Y,INDICATOR,10,20260930T160211Z,6210-00-544-2310,"LIGHT,INDICATOR",G,334419,5.0,,,2026-03-11,2026-03-23,INDICATOR,DIBBS|SPE4A726T070Y|6210-00-544-2310,C05,Indicator / Annunciator / Panel Lighting,LIGHT INDICATOR,LIGHT INDICATOR,False,core,,"DIBBS RFQ Text Search result, AMSC field, retrieved 20260930T160211Z",past deadline
SPE8E726T3034,6220-01-661-4029,SPE8E726T3034,06-11-2026,06-22-2026,2026-08-21 02:41:27,Origin,Origin,Tech,7016937683,https://dibbs2.bsm.dla.mil/Downloads/RFQ/4/SPE8E726T3034.PDF,https://www.dibbs.bsm.dla.mil/RFQ/RFQRec.aspx?sn=SPE8E726T3034,https://www.dibbs.bsm.dla.mil/rfq/rfqrec.aspx?sn=SPE8E726T3034,INDICATOR,11,20260930T160228Z,6220-01-661-4029,"LIGHT,INDICATOR",G,336320,133.0,,,2026-06-11,2026-06-22,INDICATOR,DIBBS|SPE8E726T3034|6220-01-661-4029,C05,Indicator / Annunciator / Panel Lighting,LIGHT INDICATOR,LIGHT INDICATOR,False,core,,"DIBBS RFQ Text Search result, AMSC field, retrieved 20260930T160228Z",past deadline
SPE8E726T2421,6210-01-019-1289,SPE8E726T2421,04-30-2026,05-11-2026,2026-08-21 02:41:27,Destination,Destination,Tech,7016555301,https://dibbs2.bsm.dla.mil/Downloads/RFQ/1/SPE8E726T2421.PDF,https://www.dibbs.bsm.dla.mil/RFQ/RFQRec.aspx?sn=SPE8E726T2421,https://www.dibbs.bsm.dla.mil/rfq/rfqrec.aspx?sn=SPE8E726T2421,INDICATOR,11,20260930T160228Z,6210-01-019-1289,"LIGHT,INDICATOR",G,334413,1.0,,,2026-04-30,2026-05-11,INDICATOR,DIBBS|SPE8E726T2421|6210-01-019-1289,C05,Indicator / Annunciator / Panel Lighting,LIGHT INDICATOR,LIGHT INDICATOR,False,core,,"DIBBS RFQ Text Search result, AMSC field, retrieved 20260930T160228Z",past deadline
SPE4A626U3072,6210-00-226-4542,SPE4A626U3072,05-19-2026,06-05-2026,2026-08-21 02:41:27,Origin,Destination,None,1000232751,https://dibbs2.bsm.dla.mil/Downloads/RFQ/2/SPE4A626U3072.PDF,https://www.dibbs.bsm.dla.mil/RFQ/RFQRec.aspx?sn=SPE4A626U3072,https://www.dibbs.bsm.dla.mil/rfq/rfqrec.aspx?sn=SPE4A626U3072,INDICATOR,11,20260930T160228Z,6210-00-226-4542,"LIGHT,INDICATOR",G,334413,98.0,,,2026-05-19,2026-06-05,INDICATOR,DIBBS|SPE4A626U3072|6210-00-226-4542,C05,Indicator / Annunciator / Panel Lighting,LIGHT INDICATOR,LIGHT INDICATOR,False,core,,"DIBBS RFQ Text Search result, AMSC field, retrieved 20260930T160228Z",past deadline
SPE4A726T633L,6220-01-413-9828,SPE4A726T633L,08-10-2026,08-17-2026,2026-08-21 02:41:27,Origin,Origin,Tech,7017739978,https://dibbs2.bsm.dla.mil/Downloads/RFQ/L/SPE4A726T633L.PDF,https://www.dibbs.bsm.dla.mil/RFQ/RFQRec.aspx?sn=SPE4A726T633L,https://www.dibbs.bsm.dla.mil/rfq/rfqrec.aspx?sn=SPE4A726T633L,INDICATOR,11,20260930T160228Z,6220-01-413-9828,"LIGHT,INDICATOR",G,336320,132.0,,,2026-08-10,2026-08-17,INDICATOR,DIBBS|SPE4A726T633L|6220-01-413-9828,C05,Indicator / Annunciator / Panel Lighting,LIGHT INDICATOR,LIGHT INDICATOR,False,core,,"DIBBS RFQ Text Search result, AMSC field, retrieved 20260930T160228Z",past deadline
SPE4A626T71Z5,6210-00-519-0448,SPE4A626T71Z5,05-28-2026,06-04-2026,2026-08-21 02:41:27,Origin,Origin,None,7016849495,https://dibbs2.bsm.dla.mil/Downloads/RFQ/5/SPE4A626T71Z5.PDF,https://www.dibbs.bsm.dla.mil/RFQ/RFQRec.aspx?sn=SPE4A626T71Z5,https://www.dibbs.bsm.dla.mil/rfq/rfqrec.aspx?sn=SPE4A626T71Z5,INDICATOR,11,20260930T160228Z,6210-00-519-0448,"LIGHT,INDICATOR",G,334413,133.0,,,2026-05-28,2026-06-04,INDICATOR,DIBBS|SPE4A626T71Z5|6210-00-519-0448,C05,Indicator / Annunciator / Panel Lighting,LIGHT INDICATOR,LIGHT INDICATOR,False,core,,"DIBBS RFQ Text Search result, AMSC field, retrieved 20260930T160228Z",past deadline
SPE4A626T22QQ,6150-01-235-0423,SPE4A626T22QQ,08-27-2026,09-03-2026,2026-08-26 08:42:48,Origin,Origin,Tech,7016752872,https://dibbs2.bsm.dla.mil/Downloads/RFQ/Q/SPE4A626T22QQ.PDF,https://www.dibbs.bsm.dla.mil/RFQ/RFQRec.aspx?sn=SPE4A626T22QQ,https://www.dibbs.bsm.dla.mil/rfq/rfqrec.aspx?sn=SPE4A626T22QQ,INDICATOR,12,20260930T160246Z,6150-01-235-0423,"CABLE ASSEMBLY,POWE",G,334419,21.0,,,2026-08-27,2026-09-03,CABLE ASSEMBLY; INDICATOR,DIBBS|SPE4A626T22QQ|6150-01-235-0423,C10,Harnesses / Cable Assemblies / Box Builds,CABLE ASSEMBLY,CABLE ASSEMBLY,False,adjacent,,"DIBBS RFQ Text Search result, AMSC field, retrieved 20260930T160246Z",past deadline
SPE4A526T356L,4030-01-048-6544,SPE4A526T356L,08-17-2026,08-24-2026,2026-08-21 02:41:27,Origin,Origin,Tech,7016694912,https://dibbs2.bsm.dla.mil/Downloads/RFQ/L/SPE4A526T356L.PDF,https://www.dibbs.bsm.dla.mil/RFQ/RFQRec.aspx?sn=SPE4A526T356L,https://www.dibbs.bsm.dla.mil/rfq/rfqrec.aspx?sn=SPE4A526T356L,INDICATOR,13,20260930T160303Z,4030-01-048-6544,ANCHOR PLATE,G,332999,1.0,,,2026-08-17,2026-08-24,INDICATOR; PLATE,DIBBS|SPE4A526T356L|4030-01-048-6544,C08,Plates / Markings / Mounting / Misc,PLATE,PLATE,True,core-adjacent,"broad keyword, but it is the item noun","DIBBS RFQ Text Search result, AMSC field, retrieved 20260930T160303Z",past deadline
SPE7M826Q0091,5930-01-601-8490,SPE7M826Q0091,02-19-2026,03-02-2026,2026-08-21 02:41:27,Origin,Destination,Tech,7015247634,https://dibbs2.bsm.dla.mil/Downloads/RFQ/1/SPE7M826Q0091.PDF,https://www.dibbs.bsm.dla.mil/RFQ/RFQRec.aspx?sn=SPE7M826Q0091,https://www.dibbs.bsm.dla.mil/rfq/rfqrec.aspx?sn=SPE7M826Q0091,LIGHTING,2,20260930T160409Z,5930-01-601-8490,SWITCH ASSEMBLY,G,334419,24.0,,,2026-02-19,2026-03-02,FUEL; LEGEND; LIGHTING; PLATE; SWITCH,DIBBS|SPE7M826Q0091|5930-01-601-8490,C07,Switches / Pushbuttons / Keyboards / Controls,SWITCH,SWITCH,True,core,"broad keyword, but it is the item noun","DIBBS RFQ Text Search result, AMSC field, retrieved 20260930T160409Z",past deadline
SPE7MX26Q0002,5930-01-237-7322,SPE7MX26Q0002,03-04-2026,03-19-2026,2026-08-21 02:41:27,Origin,Destination,Tech,1000223701,https://dibbs2.bsm.dla.mil/Downloads/RFQ/2/SPE7MX26Q0002.PDF,https://www.dibbs.bsm.dla.mil/RFQ/RFQRec.aspx?sn=SPE7MX26Q0002,https://www.dibbs.bsm.dla.mil/rfq/rfqrec.aspx?sn=SPE7MX26Q0002,LIGHTING,3,20260930T160427Z,5930-01-237-7322,"SWITCH,THERMOSTATIC",G,334418,2000.0,,,2026-03-04,2026-03-19,BOX; LEGEND; LIGHTING; SWITCH,DIBBS|SPE7MX26Q0002|5930-01-237-7322,C07,Switches / Pushbuttons / Keyboards / Controls,SWITCH,SWITCH,True,core,"broad keyword, but it is the item noun","DIBBS RFQ Text Search result, AMSC field, retrieved 20260930T160427Z",past deadline
SPE7M126Q1035,5985-01-179-3802,SPE7M126Q1035,07-09-2026,07-23-2026,2026-08-21 02:41:27,Origin,Origin,Tech,7016270201,https://dibbs2.bsm.dla.mil/Downloads/RFQ/5/SPE7M126Q1035.PDF,https://www.dibbs.bsm.dla.mil/RFQ/RFQRec.aspx?sn=SPE7M126Q1035,https://www.dibbs.bsm.dla.mil/rfq/rfqrec.aspx?sn=SPE7M126Q1035,SWITCH,1,20260930T160653Z,5985-01-179-3802,"SWITCH,RADIO FREQUE",G,334220,15.0,,,2026-07-09,2026-07-23,BOX; SWITCH,DIBBS|SPE7M126Q1035|5985-01-179-3802,C07,Switches / Pushbuttons / Keyboards / Controls,SWITCH,SWITCH,True,core,"broad keyword, but it is the item noun","DIBBS RFQ Text Search result, AMSC field, retrieved 20260930T160653Z",past deadline
SPE7M826T6948,5930-01-277-0087,SPE7M826T6948,09-29-2026,10-09-2026,2026-09-28 05:05:10,Origin,Origin,Tech,7018270628,https://dibbs2.bsm.dla.mil/Downloads/RFQ/8/SPE7M826T6948.PDF,https://www.dibbs.bsm.dla.mil/RFQ/RFQRec.aspx?sn=SPE7M826T6948,https://www.dibbs.bsm.dla.mil/rfq/rfqrec.aspx?sn=SPE7M826T6948,SWITCH,1,20260930T160653Z,5930-01-277-0087,SWITCH ASSEMBLY,G,334419,51.0,,,2026-09-29,2026-10-09,SWITCH,DIBBS|SPE7M826T6948|5930-01-277-0087,C07,Switches / Pushbuttons / Keyboards / Controls,SWITCH,SWITCH,True,core,"broad keyword, but it is the item noun","DIBBS RFQ Text Search result, AMSC field, retrieved 20260930T160653Z",open by deadline
SPE7M826Q0261,5930-01-473-8375,SPE7M826Q0261,09-29-2026,10-06-2026,2026-09-28 03:52:56,Origin,Destination,Tech,7017236273,https://dibbs2.bsm.dla.mil/Downloads/RFQ/1/SPE7M826Q0261.PDF,https://www.dibbs.bsm.dla.mil/RFQ/RFQRec.aspx?sn=SPE7M826Q0261,https://www.dibbs.bsm.dla.mil/rfq/rfqrec.aspx?sn=SPE7M826Q0261,SWITCH,1,20260930T160653Z,5930-01-473-8375,"SWITCH,ELECTRONIC",G,335313,2.0,,,2026-09-29,2026-10-06,FUEL; LEGEND; PLATE; SWITCH,DIBBS|SPE7M826Q0261|5930-01-473-8375,C07,Switches / Pushbuttons / Keyboards / Controls,SWITCH,SWITCH,True,core,"broad keyword, but it is the item noun","DIBBS RFQ Text Search result, AMSC field, retrieved 20260930T160653Z",open by deadline
SPE7M026T103A,5930-01-119-5637,SPE7M026T103A,09-29-2026,10-09-2026,2026-09-28 10:39:50,Origin,Destination,Tech,7017473386,https://dibbs2.bsm.dla.mil/Downloads/RFQ/A/SPE7M026T103A.PDF,https://www.dibbs.bsm.dla.mil/RFQ/RFQRec.aspx?sn=SPE7M026T103A,https://www.dibbs.bsm.dla.mil/rfq/rfqrec.aspx?sn=SPE7M026T103A,SWITCH,2,20260930T160710Z,5930-01-119-5637,"SWITCH,TOGGLE",G,334419,1.0,,,2026-09-29,2026-10-09,SWITCH,DIBBS|SPE7M026T103A|5930-01-119-5637,C07,Switches / Pushbuttons / Keyboards / Controls,SWITCH,SWITCH,True,core,"broad keyword, but it is the item noun","DIBBS RFQ Text Search result, AMSC field, retrieved 20260930T160710Z",open by deadline
SPE7M826T6930,5930-00-328-9330,SPE7M826T6930,09-28-2026,10-08-2026,2026-09-27 06:21:44,Origin,Origin,Tech,7011382744,https://dibbs2.bsm.dla.mil/Downloads/RFQ/0/SPE7M826T6930.PDF,https://www.dibbs.bsm.dla.mil/RFQ/RFQRec.aspx?sn=SPE7M826T6930,https://www.dibbs.bsm.dla.mil/rfq/rfqrec.aspx?sn=SPE7M826T6930,SWITCH,2,20260930T160710Z,5930-00-328-9330,"SWITCH,SENSITIVE",G,333613,5.0,,,2026-09-28,2026-10-08,SWITCH,DIBBS|SPE7M826T6930|5930-00-328-9330,C07,Switches / Pushbuttons / Keyboards / Controls,SWITCH,SWITCH,True,core,"broad keyword, but it is the item noun","DIBBS RFQ Text Search result, AMSC field, retrieved 20260930T160710Z",open by deadline
SPE7M826T6928,5930-01-316-8989,SPE7M826T6928,09-28-2026,10-08-2026,2026-09-27 06:21:44,Origin,Origin,None,7017778497,https://dibbs2.bsm.dla.mil/Downloads/RFQ/8/SPE7M826T6928.PDF,https://www.dibbs.bsm.dla.mil/RFQ/RFQRec.aspx?sn=SPE7M826T6928,https://www.dibbs.bsm.dla.mil/rfq/rfqrec.aspx?sn=SPE7M826T6928,SWITCH,2,20260930T160710Z,5930-01-316-8989,"SWITCH,PROXIMITY",G,335313,76.0,,,2026-09-28,2026-10-08,SWITCH,DIBBS|SPE7M826T6928|5930-01-316-8989,C07,Switches / Pushbuttons / Keyboards / Controls,SWITCH,SWITCH,True,core,"broad keyword, but it is the item noun","DIBBS RFQ Text Search result, AMSC field, retrieved 20260930T160710Z",open by deadline
SPE7M826T6916,5930-01-577-5673,SPE7M826T6916,09-28-2026,10-08-2026,2026-09-27 06:21:43,Origin,Destination,Tech,7005354215,https://dibbs2.bsm.dla.mil/Downloads/RFQ/6/SPE7M826T6916.PDF,https://www.dibbs.bsm.dla.mil/RFQ/RFQRec.aspx?sn=SPE7M826T6916,https://www.dibbs.bsm.dla.mil/rfq/rfqrec.aspx?sn=SPE7M826T6916,SWITCH,2,20260930T160710Z,5930-01-577-5673,"SWITCH,PROXIMITY",G,335931,19.0,,,2026-09-28,2026-10-08,SWITCH,DIBBS|SPE7M826T6916|5930-01-577-5673,C07,Switches / Pushbuttons / Keyboards / Controls,SWITCH,SWITCH,True,core,"broad keyword, but it is the item noun","DIBBS RFQ Text Search result, AMSC field, retrieved 20260930T160710Z",open by deadline
SPE7M226T7070,5930-01-263-5942,SPE7M226T7070,09-28-2026,10-08-2026,2026-09-27 06:21:43,Origin,Destination,Tech,7018268485,https://dibbs2.bsm.dla.mil/Downloads/RFQ/0/SPE7M226T7070.PDF,https://www.dibbs.bsm.dla.mil/RFQ/RFQRec.aspx?sn=SPE7M226T7070,https://www.dibbs.bsm.dla.mil/rfq/rfqrec.aspx?sn=SPE7M226T7070,SWITCH,2,20260930T160710Z,5930-01-263-5942,"SWITCH,PUSH",G,334419,3.0,,,2026-09-28,2026-10-08,SWITCH,DIBBS|SPE7M226T7070|5930-01-263-5942,C07,Switches / Pushbuttons / Keyboards / Controls,SWITCH,SWITCH,True,core,"broad keyword, but it is the item noun","DIBBS RFQ Text Search result, AMSC field, retrieved 20260930T160710Z",open by deadline
SPE7M826T6890,5930-00-538-6124,SPE7M826T6890,09-25-2026,10-05-2026,2026-09-24 06:52:53,Origin,Destination,Tech,7018498550,https://dibbs2.bsm.dla.mil/Downloads/RFQ/0/SPE7M826T6890.PDF,https://www.dibbs.bsm.dla.mil/RFQ/RFQRec.aspx?sn=SPE7M826T6890,https://www.dibbs.bsm.dla.mil/rfq/rfqrec.aspx?sn=SPE7M826T6890,SWITCH,2,20260930T160710Z,5930-00-538-6124,"SWITCH,ROTARY",G,334419,21.0,,,2026-09-25,2026-10-05,SWITCH,DIBBS|SPE7M826T6890|5930-00-538-6124,C07,Switches / Pushbuttons / Keyboards / Controls,SWITCH,SWITCH,True,core,"broad keyword, but it is the item noun","DIBBS RFQ Text Search result, AMSC field, retrieved 20260930T160710Z",open by deadline
SPE7M826T6883,5930-01-479-3244,SPE7M826T6883,09-25-2026,10-05-2026,2026-09-24 11:05:34,Origin,Destination,Tech,7018497527,https://dibbs2.bsm.dla.mil/Downloads/RFQ/3/SPE7M826T6883.PDF,https://www.dibbs.bsm.dla.mil/RFQ/RFQRec.aspx?sn=SPE7M826T6883,https://www.dibbs.bsm.dla.mil/rfq/rfqrec.aspx?sn=SPE7M826T6883,SWITCH,2,20260930T160710Z,5930-01-479-3244,"SWITCH,ROTARY",G,334419,17.0,,,2026-09-25,2026-10-05,SWITCH,DIBBS|SPE7M826T6883|5930-01-479-3244,C07,Switches / Pushbuttons / Keyboards / Controls,SWITCH,SWITCH,True,core,"broad keyword, but it is the item noun","DIBBS RFQ Text Search result, AMSC field, retrieved 20260930T160710Z",open by deadline
SPE7M826T6879,5930-01-571-3507,SPE7M826T6879,09-25-2026,10-05-2026,2026-09-24 08:49:10,Origin,Origin,Tech,7018498369,https://dibbs2.bsm.dla.mil/Downloads/RFQ/9/SPE7M826T6879.PDF,https://www.dibbs.bsm.dla.mil/RFQ/RFQRec.aspx?sn=SPE7M826T6879,https://www.dibbs.bsm.dla.mil/rfq/rfqrec.aspx?sn=SPE7M826T6879,SWITCH,2,20260930T160710Z,5930-01-571-3507,SWITCH ASSEMBLY,G,334419,6.0,,,2026-09-25,2026-10-05,SWITCH,DIBBS|SPE7M826T6879|5930-01-571-3507,C07,Switches / Pushbuttons / Keyboards / Controls,SWITCH,SWITCH,True,core,"broad keyword, but it is the item noun","DIBBS RFQ Text Search result, AMSC field, retrieved 20260930T160710Z",open by deadline
SPE7M826T6864,5930-01-570-7751,SPE7M826T6864,09-25-2026,10-05-2026,2026-09-24 07:06:11,Origin,Destination,Tech,7018498362,https://dibbs2.bsm.dla.mil/Downloads/RFQ/4/SPE7M826T6864.PDF,https://www.dibbs.bsm.dla.mil/RFQ/RFQRec.aspx?sn=SPE7M826T6864,https://www.dibbs.bsm.dla.mil/rfq/rfqrec.aspx?sn=SPE7M826T6864,SWITCH,2,20260930T160710Z,5930-01-570-7751,SWITCH ASSEMBLY,G,334419,1.0,,,2026-09-25,2026-10-05,SWITCH,DIBBS|SPE7M826T6864|5930-01-570-7751,C07,Switches / Pushbuttons / Keyboards / Controls,SWITCH,SWITCH,True,core,"broad keyword, but it is the item noun","DIBBS RFQ Text Search result, AMSC field, retrieved 20260930T160710Z",open by deadline
SPE7M226T6767,5930-01-263-3749,SPE7M226T6767,09-11-2026,09-24-2026,2026-09-21 09:11:49,Origin,Destination,Tech,7018268488,https://dibbs2.bsm.dla.mil/Downloads/RFQ/7/SPE7M226T6767.PDF,https://www.dibbs.bsm.dla.mil/RFQ/RFQRec.aspx?sn=SPE7M226T6767,https://www.dibbs.bsm.dla.mil/rfq/rfqrec.aspx?sn=SPE7M226T6767,SWITCH,4,20260930T160745Z,5930-01-263-3749,"SWITCH,PUSH",G,334419,2.0,,,2026-09-11,2026-09-24,SWITCH,DIBBS|SPE7M226T6767|5930-01-263-3749,C07,Switches / Pushbuttons / Keyboards / Controls,SWITCH,SWITCH,True,core,"broad keyword, but it is the item noun","DIBBS RFQ Text Search result, AMSC field, retrieved 20260930T160745Z",past deadline
SPE7M226T6794,5930-01-267-3219,SPE7M226T6794,09-11-2026,09-24-2026,2026-09-21 09:11:45,Origin,Origin,Tech,7018271964,https://dibbs2.bsm.dla.mil/Downloads/RFQ/4/SPE7M226T6794.PDF,https://www.dibbs.bsm.dla.mil/RFQ/RFQRec.aspx?sn=SPE7M226T6794,https://www.dibbs.bsm.dla.mil/rfq/rfqrec.aspx?sn=SPE7M226T6794,SWITCH,4,20260930T160745Z,5930-01-267-3219,"SWITCH ASSEMBLY,SPECIA",G,334419,3.0,,,2026-09-11,2026-09-24,SWITCH,DIBBS|SPE7M226T6794|5930-01-267-3219,C07,Switches / Pushbuttons / Keyboards / Controls,SWITCH,SWITCH,True,core,"broad keyword, but it is the item noun","DIBBS RFQ Text Search result, AMSC field, retrieved 20260930T160745Z",past deadline
SPE7L126T15G2,5930-01-455-1402,SPE7L126T15G2,09-22-2026,10-02-2026,2026-09-21 02:55:16,Origin,Destination,Tech,7015417166,https://dibbs2.bsm.dla.mil/Downloads/RFQ/2/SPE7L126T15G2.PDF,https://www.dibbs.bsm.dla.mil/RFQ/RFQRec.aspx?sn=SPE7L126T15G2,https://www.dibbs.bsm.dla.mil/rfq/rfqrec.aspx?sn=SPE7L126T15G2,SWITCH,4,20260930T160745Z,5930-01-455-1402,"SWITCH,PRESSURE",G,335931,19.0,,,2026-09-22,2026-10-02,SWITCH,DIBBS|SPE7L126T15G2|5930-01-455-1402,C07,Switches / Pushbuttons / Keyboards / Controls,SWITCH,SWITCH,True,core,"broad keyword, but it is the item noun","DIBBS RFQ Text Search result, AMSC field, retrieved 20260930T160745Z",open by deadline
SPE7M826T6777,5930-01-681-3528,SPE7M826T6777,09-22-2026,10-02-2026,2026-09-21 01:22:12,Origin,Destination,Tech,7018064073,https://dibbs2.bsm.dla.mil/Downloads/RFQ/7/SPE7M826T6777.PDF,https://www.dibbs.bsm.dla.mil/RFQ/RFQRec.aspx?sn=SPE7M826T6777,https://www.dibbs.bsm.dla.mil/rfq/rfqrec.aspx?sn=SPE7M826T6777,SWITCH,4,20260930T160745Z,5930-01-681-3528,"SWITCH,ROTARY",G,335313,2.0,,,2026-09-22,2026-10-02,SWITCH,DIBBS|SPE7M826T6777|5930-01-681-3528,C07,Switches / Pushbuttons / Keyboards / Controls,SWITCH,SWITCH,True,core,"broad keyword, but it is the item noun","DIBBS RFQ Text Search result, AMSC field, retrieved 20260930T160745Z",open by deadline
SPE7M826T6773,5930-01-681-3528,SPE7M826T6773,09-22-2026,10-02-2026,2026-09-21 12:48:58,Origin,Destination,Tech,7018269025,https://dibbs2.bsm.dla.mil/Downloads/RFQ/3/SPE7M826T6773.PDF,https://www.dibbs.bsm.dla.mil/RFQ/RFQRec.aspx?sn=SPE7M826T6773,https://www.dibbs.bsm.dla.mil/rfq/rfqrec.aspx?sn=SPE7M826T6773,SWITCH,4,20260930T160745Z,5930-01-681-3528,"SWITCH,ROTARY",G,335313,25.0,,,2026-09-22,2026-10-02,SWITCH,DIBBS|SPE7M826T6773|5930-01-681-3528,C07,Switches / Pushbuttons / Keyboards / Controls,SWITCH,SWITCH,True,core,"broad keyword, but it is the item noun","DIBBS RFQ Text Search result, AMSC field, retrieved 20260930T160745Z",open by deadline
SPE7M526T516C,5930-00-270-3028,SPE7M526T516C,09-21-2026,10-01-2026,2026-09-21 12:15:49,Origin,Origin,Tech,7018274672,https://dibbs2.bsm.dla.mil/Downloads/RFQ/C/SPE7M526T516C.PDF,https://www.dibbs.bsm.dla.mil/RFQ/RFQRec.aspx?sn=SPE7M526T516C,https://www.dibbs.bsm.dla.mil/rfq/rfqrec.aspx?sn=SPE7M526T516C,SWITCH,4,20260930T160745Z,5930-00-270-3028,"SWITCH,SENSITIVE",G,335931,48.0,,,2026-09-21,2026-10-01,SWITCH,DIBBS|SPE7M526T516C|5930-00-270-3028,C07,Switches / Pushbuttons / Keyboards / Controls,SWITCH,SWITCH,True,core,"broad keyword, but it is the item noun","DIBBS RFQ Text Search result, AMSC field, retrieved 20260930T160745Z",open by deadline
SPE7M826T6768,5930-01-169-3099,SPE7M826T6768,09-21-2026,10-01-2026,2026-09-21 12:15:48,Origin,Origin,Tech,7014264874,https://dibbs2.bsm.dla.mil/Downloads/RFQ/8/SPE7M826T6768.PDF,https://www.dibbs.bsm.dla.mil/RFQ/RFQRec.aspx?sn=SPE7M826T6768,https://www.dibbs.bsm.dla.mil/rfq/rfqrec.aspx?sn=SPE7M826T6768,SWITCH,4,20260930T160745Z,5930-01-169-3099,"SWITCH,PRESSURE",G,334513,58.0,,,2026-09-21,2026-10-01,SWITCH,DIBBS|SPE7M826T6768|5930-01-169-3099,C07,Switches / Pushbuttons / Keyboards / Controls,SWITCH,SWITCH,True,core,"broad keyword, but it is the item noun","DIBBS RFQ Text Search result, AMSC field, retrieved 20260930T160745Z",open by deadline
SPE7M826T6766,5930-01-098-3248,SPE7M826T6766,09-21-2026,10-01-2026,2026-09-21 12:15:48,Origin,Destination,Tech,7018271698,https://dibbs2.bsm.dla.mil/Downloads/RFQ/6/SPE7M826T6766.PDF,https://www.dibbs.bsm.dla.mil/RFQ/RFQRec.aspx?sn=SPE7M826T6766,https://www.dibbs.bsm.dla.mil/rfq/rfqrec.aspx?sn=SPE7M826T6766,SWITCH,4,20260930T160745Z,5930-01-098-3248,"SWITCH,SENSITIVE",G,335931,49.0,,,2026-09-21,2026-10-01,SWITCH,DIBBS|SPE7M826T6766|5930-01-098-3248,C07,Switches / Pushbuttons / Keyboards / Controls,SWITCH,SWITCH,True,core,"broad keyword, but it is the item noun","DIBBS RFQ Text Search result, AMSC field, retrieved 20260930T160745Z",open by deadline
SPE7M826T6747,5930-01-316-6710,SPE7M826T6747,09-18-2026,09-28-2026,2026-09-17 12:59:48,Origin,Origin,None,7018269366,https://dibbs2.bsm.dla.mil/Downloads/RFQ/7/SPE7M826T6747.PDF,https://www.dibbs.bsm.dla.mil/RFQ/RFQRec.aspx?sn=SPE7M826T6747,https://www.dibbs.bsm.dla.mil/rfq/rfqrec.aspx?sn=SPE7M826T6747,SWITCH,4,20260930T160745Z,5930-01-316-6710,"SWITCH,PROXIMITY",G,334419,20.0,,,2026-09-18,2026-09-28,SWITCH,DIBBS|SPE7M826T6747|5930-01-316-6710,C07,Switches / Pushbuttons / Keyboards / Controls,SWITCH,SWITCH,True,core,"broad keyword, but it is the item noun","DIBBS RFQ Text Search result, AMSC field, retrieved 20260930T160745Z",past deadline
SPE7M826T6719,5930-01-369-9000,SPE7M826T6719,09-17-2026,09-28-2026,2026-09-16 09:49:21,Origin,Destination,Tech,7018379573,https://dibbs2.bsm.dla.mil/Downloads/RFQ/9/SPE7M826T6719.PDF,https://www.dibbs.bsm.dla.mil/RFQ/RFQRec.aspx?sn=SPE7M826T6719,https://www.dibbs.bsm.dla.mil/rfq/rfqrec.aspx?sn=SPE7M826T6719,SWITCH,4,20260930T160745Z,5930-01-369-9000,"SWITCH,PRESSURE",G,332919,2.0,,,2026-09-17,2026-09-28,SWITCH,DIBBS|SPE7M826T6719|5930-01-369-9000,C07,Switches / Pushbuttons / Keyboards / Controls,SWITCH,SWITCH,True,core,"broad keyword, but it is the item noun","DIBBS RFQ Text Search result, AMSC field, retrieved 20260930T160745Z",past deadline
SPE7M826T6729,5930-01-531-5956,SPE7M826T6729,09-17-2026,09-28-2026,2026-09-16 09:49:21,Origin,Destination,Tech,7018378479,https://dibbs2.bsm.dla.mil/Downloads/RFQ/9/SPE7M826T6729.PDF,https://www.dibbs.bsm.dla.mil/RFQ/RFQRec.aspx?sn=SPE7M826T6729,https://www.dibbs.bsm.dla.mil/rfq/rfqrec.aspx?sn=SPE7M826T6729,SWITCH,4,20260930T160745Z,5930-01-531-5956,SWITCH SUBASSEMBLY,G,335313,54.0,,,2026-09-17,2026-09-28,SWITCH,DIBBS|SPE7M826T6729|5930-01-531-5956,C07,Switches / Pushbuttons / Keyboards / Controls,SWITCH,SWITCH,True,core,"broad keyword, but it is the item noun","DIBBS RFQ Text Search result, AMSC field, retrieved 20260930T160745Z",past deadline
SPE7M826Q0240,5930-01-452-9533,SPE7M826Q0240,09-16-2026,09-29-2026,2026-09-15 07:57:56,Origin,Origin,Tech,7016088124,https://dibbs2.bsm.dla.mil/Downloads/RFQ/0/SPE7M826Q0240.PDF,https://www.dibbs.bsm.dla.mil/RFQ/RFQRec.aspx?sn=SPE7M826Q0240,https://www.dibbs.bsm.dla.mil/rfq/rfqrec.aspx?sn=SPE7M826Q0240,SWITCH,5,20260930T160802Z,5930-01-452-9533,"SWITCH,REED",G,334419,948.0,,,2026-09-16,2026-09-29,BOX; FUEL; PLATE; SWITCH,DIBBS|SPE7M826Q0240|5930-01-452-9533,C07,Switches / Pushbuttons / Keyboards / Controls,SWITCH,SWITCH,True,core,"broad keyword, but it is the item noun","DIBBS RFQ Text Search result, AMSC field, retrieved 20260930T160802Z",past deadline
SPE7L426T6955,5930-00-941-8185,SPE7L426T6955,09-16-2026,09-28-2026,2026-09-15 01:29:18,Origin,Origin,Tech,7018340481,https://dibbs2.bsm.dla.mil/Downloads/RFQ/5/SPE7L426T6955.PDF,https://www.dibbs.bsm.dla.mil/RFQ/RFQRec.aspx?sn=SPE7L426T6955,https://www.dibbs.bsm.dla.mil/rfq/rfqrec.aspx?sn=SPE7L426T6955,SWITCH,5,20260930T160802Z,5930-00-941-8185,SWITCH ASSEMBLY,G,332112,3.0,,,2026-09-16,2026-09-28,SWITCH,DIBBS|SPE7L426T6955|5930-00-941-8185,C07,Switches / Pushbuttons / Keyboards / Controls,SWITCH,SWITCH,True,core,"broad keyword, but it is the item noun","DIBBS RFQ Text Search result, AMSC field, retrieved 20260930T160802Z",past deadline
SPE7M826T6677,5930-01-144-4940,SPE7M826T6677,09-16-2026,09-28-2026,2026-09-15 01:29:18,Origin,Origin,Tech,7018340673,https://dibbs2.bsm.dla.mil/Downloads/RFQ/7/SPE7M826T6677.PDF,https://www.dibbs.bsm.dla.mil/RFQ/RFQRec.aspx?sn=SPE7M826T6677,https://www.dibbs.bsm.dla.mil/rfq/rfqrec.aspx?sn=SPE7M826T6677,SWITCH,5,20260930T160802Z,5930-01-144-4940,"SWITCH,ROTARY",G,334419,2.0,,,2026-09-16,2026-09-28,SWITCH,DIBBS|SPE7M826T6677|5930-01-144-4940,C07,Switches / Pushbuttons / Keyboards / Controls,SWITCH,SWITCH,True,core,"broad keyword, but it is the item noun","DIBBS RFQ Text Search result, AMSC field, retrieved 20260930T160802Z",past deadline
SPE7M226T6859,5930-01-278-9052,SPE7M226T6859,09-15-2026,09-25-2026,2026-09-14 07:06:57,Origin,Destination,Tech,7017780483,https://dibbs2.bsm.dla.mil/Downloads/RFQ/9/SPE7M226T6859.PDF,https://www.dibbs.bsm.dla.mil/RFQ/RFQRec.aspx?sn=SPE7M226T6859,https://www.dibbs.bsm.dla.mil/rfq/rfqrec.aspx?sn=SPE7M226T6859,SWITCH,5,20260930T160802Z,5930-01-278-9052,"SWITCH,PUSH",G,334419,2.0,,,2026-09-15,2026-09-25,SWITCH,DIBBS|SPE7M226T6859|5930-01-278-9052,C07,Switches / Pushbuttons / Keyboards / Controls,SWITCH,SWITCH,True,core,"broad keyword, but it is the item noun","DIBBS RFQ Text Search result, AMSC field, retrieved 20260930T160802Z",past deadline
SPE7M826T6662,5930-01-452-9533,SPE7M826T6662,09-15-2026,09-25-2026,2026-09-14 09:35:02,Origin,Origin,Tech,7018273074,https://dibbs2.bsm.dla.mil/Downloads/RFQ/2/SPE7M826T6662.PDF,https://www.dibbs.bsm.dla.mil/RFQ/RFQRec.aspx?sn=SPE7M826T6662,https://www.dibbs.bsm.dla.mil/rfq/rfqrec.aspx?sn=SPE7M826T6662,SWITCH,5,20260930T160802Z,5930-01-452-9533,"SWITCH,REED",G,334419,210.0,,,2026-09-15,2026-09-25,SWITCH,DIBBS|SPE7M826T6662|5930-01-452-9533,C07,Switches / Pushbuttons / Keyboards / Controls,SWITCH,SWITCH,True,core,"broad keyword, but it is the item noun","DIBBS RFQ Text Search result, AMSC field, retrieved 20260930T160802Z",past deadline
SPE7M226T6844,5930-01-263-5938,SPE7M226T6844,09-15-2026,09-25-2026,2026-09-14 08:28:54,Origin,Destination,Tech,7018268487,https://dibbs2.bsm.dla.mil/Downloads/RFQ/4/SPE7M226T6844.PDF,https://www.dibbs.bsm.dla.mil/RFQ/RFQRec.aspx?sn=SPE7M226T6844,https://www.dibbs.bsm.dla.mil/rfq/rfqrec.aspx?sn=SPE7M226T6844,SWITCH,5,20260930T160802Z,5930-01-263-5938,"SWITCH,PUSH",G,334419,2.0,,,2026-09-15,2026-09-25,SWITCH,DIBBS|SPE7M226T6844|5930-01-263-5938,C07,Switches / Pushbuttons / Keyboards / Controls,SWITCH,SWITCH,True,core,"broad keyword, but it is the item noun","DIBBS RFQ Text Search result, AMSC field, retrieved 20260930T160802Z",past deadline
SPE7M826T6649,5930-01-722-1508,SPE7M826T6649,09-14-2026,09-24-2026,2026-09-13 03:47:14,Origin,Destination,Tech,7016095042,https://dibbs2.bsm.dla.mil/Downloads/RFQ/9/SPE7M826T6649.PDF,https://www.dibbs.bsm.dla.mil/RFQ/RFQRec.aspx?sn=SPE7M826T6649,https://www.dibbs.bsm.dla.mil/rfq/rfqrec.aspx?sn=SPE7M826T6649,SWITCH,5,20260930T160802Z,5930-01-722-1508,"SWITCH,ROTARY",G,335313,1.0,,,2026-09-14,2026-09-24,SWITCH,DIBBS|SPE7M826T6649|5930-01-722-1508,C07,Switches / Pushbuttons / Keyboards / Controls,SWITCH,SWITCH,True,core,"broad keyword, but it is the item noun","DIBBS RFQ Text Search result, AMSC field, retrieved 20260930T160802Z",past deadline
SPE7M826T6635,5930-01-567-2470,SPE7M826T6635,09-14-2026,09-24-2026,2026-09-13 03:47:14,Origin,Origin,Tech,7018270595,https://dibbs2.bsm.dla.mil/Downloads/RFQ/5/SPE7M826T6635.PDF,https://www.dibbs.bsm.dla.mil/RFQ/RFQRec.aspx?sn=SPE7M826T6635,https://www.dibbs.bsm.dla.mil/rfq/rfqrec.aspx?sn=SPE7M826T6635,SWITCH,5,20260930T160802Z,5930-01-567-2470,"SWITCH,PRESSURE",G,335931,8.0,,,2026-09-14,2026-09-24,SWITCH,DIBBS|SPE7M826T6635|5930-01-567-2470,C07,Switches / Pushbuttons / Keyboards / Controls,SWITCH,SWITCH,True,core,"broad keyword, but it is the item noun","DIBBS RFQ Text Search result, AMSC field, retrieved 20260930T160802Z",past deadline
SPE7M526T477J,5985-00-788-6961,SPE7M526T477J,09-11-2026,09-21-2026,2026-09-10 03:06:59,Origin,Origin,None,7018272319,https://dibbs2.bsm.dla.mil/Downloads/RFQ/J/SPE7M526T477J.PDF,https://www.dibbs.bsm.dla.mil/RFQ/RFQRec.aspx?sn=SPE7M526T477J,https://www.dibbs.bsm.dla.mil/rfq/rfqrec.aspx?sn=SPE7M526T477J,SWITCH,6,20260930T160819Z,5985-00-788-6961,"SWITCH,RADIO FREQUENCY",G,335313,4.0,,,2026-09-11,2026-09-21,SWITCH,DIBBS|SPE7M526T477J|5985-00-788-6961,C07,Switches / Pushbuttons / Keyboards / Controls,SWITCH,SWITCH,True,core,"broad keyword, but it is the item noun","DIBBS RFQ Text Search result, AMSC field, retrieved 20260930T160819Z",past deadline
SPE7M826T6534,5930-01-148-8874,SPE7M826T6534,09-11-2026,09-21-2026,2026-09-10 03:06:59,Origin,Origin,Tech,7018271326,https://dibbs2.bsm.dla.mil/Downloads/RFQ/4/SPE7M826T6534.PDF,https://www.dibbs.bsm.dla.mil/RFQ/RFQRec.aspx?sn=SPE7M826T6534,https://www.dibbs.bsm.dla.mil/rfq/rfqrec.aspx?sn=SPE7M826T6534,SWITCH,6,20260930T160819Z,5930-01-148-8874,"SWITCH,PRESSURE",G,334512,244.0,,,2026-09-11,2026-09-21,SWITCH,DIBBS|SPE7M826T6534|5930-01-148-8874,C07,Switches / Pushbuttons / Keyboards / Controls,SWITCH,SWITCH,True,core,"broad keyword, but it is the item noun","DIBBS RFQ Text Search result, AMSC field, retrieved 20260930T160819Z",past deadline
SPE7M826T6451,5930-01-663-9130,SPE7M826T6451,09-10-2026,09-21-2026,2026-09-09 12:34:35,Origin,Destination,Tech,7013820782,https://dibbs2.bsm.dla.mil/Downloads/RFQ/1/SPE7M826T6451.PDF,https://www.dibbs.bsm.dla.mil/RFQ/RFQRec.aspx?sn=SPE7M826T6451,https://www.dibbs.bsm.dla.mil/rfq/rfqrec.aspx?sn=SPE7M826T6451,SWITCH,6,20260930T160819Z,5930-01-663-9130,"SWITCH,SENSITIVE",G,335313,1.0,,,2026-09-10,2026-09-21,SWITCH,DIBBS|SPE7M826T6451|5930-01-663-9130,C07,Switches / Pushbuttons / Keyboards / Controls,SWITCH,SWITCH,True,core,"broad keyword, but it is the item noun","DIBBS RFQ Text Search result, AMSC field, retrieved 20260930T160819Z",past deadline
SPE7M426T9831,5930-01-737-5152,SPE7M426T9831,04-14-2026,09-10-2026,2026-09-04 05:34:56,Origin,Destination,Tech,7016087372,https://dibbs2.bsm.dla.mil/Downloads/RFQ/1/SPE7M426T9831.PDF,https://www.dibbs.bsm.dla.mil/RFQ/RFQRec.aspx?sn=SPE7M426T9831,https://www.dibbs.bsm.dla.mil/rfq/rfqrec.aspx?sn=SPE7M426T9831,SWITCH,6,20260930T160819Z,5930-01-737-5152,"SWITCH,SENSITIVE",G,335313,5.0,,,2026-04-14,2026-09-10,SWITCH,DIBBS|SPE7M426T9831|5930-01-737-5152,C07,Switches / Pushbuttons / Keyboards / Controls,SWITCH,SWITCH,True,core,"broad keyword, but it is the item noun","DIBBS RFQ Text Search result, AMSC field, retrieved 20260930T160819Z",past deadline
SPE7M826T6408,5930-00-538-6124,SPE7M826T6408,09-04-2026,09-14-2026,2026-09-03 01:47:29,Origin,Destination,Tech,7017984458,https://dibbs2.bsm.dla.mil/Downloads/RFQ/8/SPE7M826T6408.PDF,https://www.dibbs.bsm.dla.mil/RFQ/RFQRec.aspx?sn=SPE7M826T6408,https://www.dibbs.bsm.dla.mil/rfq/rfqrec.aspx?sn=SPE7M826T6408,SWITCH,6,20260930T160819Z,5930-00-538-6124,"SWITCH,ROTARY",G,334419,42.0,,,2026-09-04,2026-09-14,SWITCH,DIBBS|SPE7M826T6408|5930-00-538-6124,C07,Switches / Pushbuttons / Keyboards / Controls,SWITCH,SWITCH,True,core,"broad keyword, but it is the item noun","DIBBS RFQ Text Search result, AMSC field, retrieved 20260930T160819Z",past deadline
SPE7M826T6395,5930-01-481-9042,SPE7M826T6395,09-02-2026,09-14-2026,2026-09-01 10:48:18,Origin,Origin,Tech,7018016569,https://dibbs2.bsm.dla.mil/Downloads/RFQ/5/SPE7M826T6395.PDF,https://www.dibbs.bsm.dla.mil/RFQ/RFQRec.aspx?sn=SPE7M826T6395,https://www.dibbs.bsm.dla.mil/rfq/rfqrec.aspx?sn=SPE7M826T6395,SWITCH,6,20260930T160819Z,5930-01-481-9042,"SWITCH,PRESSURE",G,335931,1.0,,,2026-09-02,2026-09-14,SWITCH,DIBBS|SPE7M826T6395|5930-01-481-9042,C07,Switches / Pushbuttons / Keyboards / Controls,SWITCH,SWITCH,True,core,"broad keyword, but it is the item noun","DIBBS RFQ Text Search result, AMSC field, retrieved 20260930T160819Z",past deadline
SPE7M826T6381,5930-01-266-0616,SPE7M826T6381,09-01-2026,09-11-2026,2026-08-31 11:29:25,Origin,Destination,Tech,7017986516,https://dibbs2.bsm.dla.mil/Downloads/RFQ/1/SPE7M826T6381.PDF,https://www.dibbs.bsm.dla.mil/RFQ/RFQRec.aspx?sn=SPE7M826T6381,https://www.dibbs.bsm.dla.mil/rfq/rfqrec.aspx?sn=SPE7M826T6381,SWITCH,6,20260930T160819Z,5930-01-266-0616,"SWITCH,FLOW",G,334418,35.0,,,2026-09-01,2026-09-11,SWITCH,DIBBS|SPE7M826T6381|5930-01-266-0616,C07,Switches / Pushbuttons / Keyboards / Controls,SWITCH,SWITCH,True,core,"broad keyword, but it is the item noun","DIBBS RFQ Text Search result, AMSC field, retrieved 20260930T160819Z",past deadline
SPE7M826T6013,5930-00-755-0761,SPE7M826T6013,08-18-2026,09-02-2026,2026-08-30 07:10:53,Origin,Origin,Tech,7011801548,https://dibbs2.bsm.dla.mil/Downloads/RFQ/3/SPE7M826T6013.PDF,https://www.dibbs.bsm.dla.mil/RFQ/RFQRec.aspx?sn=SPE7M826T6013,https://www.dibbs.bsm.dla.mil/rfq/rfqrec.aspx?sn=SPE7M826T6013,SWITCH,6,20260930T160819Z,5930-00-755-0761,"SWITCH,PRESSURE",G,335931,34.0,,,2026-08-18,2026-09-02,SWITCH,DIBBS|SPE7M826T6013|5930-00-755-0761,C07,Switches / Pushbuttons / Keyboards / Controls,SWITCH,SWITCH,True,core,"broad keyword, but it is the item noun","DIBBS RFQ Text Search result, AMSC field, retrieved 20260930T160819Z",past deadline
SPE7M826T6356,5930-01-312-4172,SPE7M826T6356,08-31-2026,09-10-2026,2026-08-30 03:04:49,Origin,Destination,Tech,7018068526,https://dibbs2.bsm.dla.mil/Downloads/RFQ/6/SPE7M826T6356.PDF,https://www.dibbs.bsm.dla.mil/RFQ/RFQRec.aspx?sn=SPE7M826T6356,https://www.dibbs.bsm.dla.mil/rfq/rfqrec.aspx?sn=SPE7M826T6356,SWITCH,7,20260930T160835Z,5930-01-312-4172,"SWITCH,SOLID STATE",G,334512,5.0,,,2026-08-31,2026-09-10,SWITCH,DIBBS|SPE7M826T6356|5930-01-312-4172,C07,Switches / Pushbuttons / Keyboards / Controls,SWITCH,SWITCH,True,core,"broad keyword, but it is the item noun","DIBBS RFQ Text Search result, AMSC field, retrieved 20260930T160835Z",past deadline
SPE7M826T6349,5930-01-722-1508,SPE7M826T6349,08-28-2026,09-08-2026,2026-08-27 03:56:28,Origin,Destination,Tech,7012919075,https://dibbs2.bsm.dla.mil/Downloads/RFQ/9/SPE7M826T6349.PDF,https://www.dibbs.bsm.dla.mil/RFQ/RFQRec.aspx?sn=SPE7M826T6349,https://www.dibbs.bsm.dla.mil/rfq/rfqrec.aspx?sn=SPE7M826T6349,SWITCH,7,20260930T160835Z,5930-01-722-1508,"SWITCH,ROTARY",G,335313,2.0,,,2026-08-28,2026-09-08,SWITCH,DIBBS|SPE7M826T6349|5930-01-722-1508,C07,Switches / Pushbuttons / Keyboards / Controls,SWITCH,SWITCH,True,core,"broad keyword, but it is the item noun","DIBBS RFQ Text Search result, AMSC field, retrieved 20260930T160835Z",past deadline
SPE7M826T6329,5930-01-028-1953,SPE7M826T6329,08-28-2026,09-08-2026,2026-08-27 09:49:37,Origin,Destination,Tech,7009278723,https://dibbs2.bsm.dla.mil/Downloads/RFQ/9/SPE7M826T6329.PDF,https://www.dibbs.bsm.dla.mil/RFQ/RFQRec.aspx?sn=SPE7M826T6329,https://www.dibbs.bsm.dla.mil/rfq/rfqrec.aspx?sn=SPE7M826T6329,SWITCH,7,20260930T160835Z,5930-01-028-1953,"SWITCH,PUSH-PULL",G,335313,8.0,,,2026-08-28,2026-09-08,SWITCH,DIBBS|SPE7M826T6329|5930-01-028-1953,C07,Switches / Pushbuttons / Keyboards / Controls,SWITCH PUSH PULL,SWITCH; SWITCH PUSH PULL,False,core,,"DIBBS RFQ Text Search result, AMSC field, retrieved 20260930T160835Z",past deadline
SPE7M826T6273,5930-01-721-7844,SPE7M826T6273,08-27-2026,09-08-2026,2026-08-26 01:47:02,Origin,Destination,Tech,7014131236,https://dibbs2.bsm.dla.mil/Downloads/RFQ/3/SPE7M826T6273.PDF,https://www.dibbs.bsm.dla.mil/RFQ/RFQRec.aspx?sn=SPE7M826T6273,https://www.dibbs.bsm.dla.mil/rfq/rfqrec.aspx?sn=SPE7M826T6273,SWITCH,7,20260930T160835Z,5930-01-721-7844,SWITCH ASSEMBLY,G,335313,13.0,,,2026-08-27,2026-09-08,SWITCH,DIBBS|SPE7M826T6273|5930-01-721-7844,C07,Switches / Pushbuttons / Keyboards / Controls,SWITCH,SWITCH,True,core,"broad keyword, but it is the item noun","DIBBS RFQ Text Search result, AMSC field, retrieved 20260930T160835Z",past deadline
SPE7M826T6263,5930-01-324-2220,SPE7M826T6263,08-27-2026,09-08-2026,2026-08-26 10:33:54,Origin,Origin,Tech,7013879871,https://dibbs2.bsm.dla.mil/Downloads/RFQ/3/SPE7M826T6263.PDF,https://www.dibbs.bsm.dla.mil/RFQ/RFQRec.aspx?sn=SPE7M826T6263,https://www.dibbs.bsm.dla.mil/rfq/rfqrec.aspx?sn=SPE7M826T6263,SWITCH,7,20260930T160835Z,5930-01-324-2220,SWITCH ASSEMBLY,G,334419,23.0,,,2026-08-27,2026-09-08,SWITCH,DIBBS|SPE7M826T6263|5930-01-324-2220,C07,Switches / Pushbuttons / Keyboards / Controls,SWITCH,SWITCH,True,core,"broad keyword, but it is the item noun","DIBBS RFQ Text Search result, AMSC field, retrieved 20260930T160835Z",past deadline
SPE7M826T6252,5930-00-903-0783,SPE7M826T6252,08-27-2026,09-08-2026,2026-08-26 05:09:28,Origin,Origin,Tech,7018038189,https://dibbs2.bsm.dla.mil/Downloads/RFQ/2/SPE7M826T6252.PDF,https://www.dibbs.bsm.dla.mil/RFQ/RFQRec.aspx?sn=SPE7M826T6252,https://www.dibbs.bsm.dla.mil/rfq/rfqrec.aspx?sn=SPE7M826T6252,SWITCH,7,20260930T160835Z,5930-00-903-0783,"SWITCH,PRESSURE",G,335931,1.0,,,2026-08-27,2026-09-08,SWITCH,DIBBS|SPE7M826T6252|5930-00-903-0783,C07,Switches / Pushbuttons / Keyboards / Controls,SWITCH,SWITCH,True,core,"broad keyword, but it is the item noun","DIBBS RFQ Text Search result, AMSC field, retrieved 20260930T160835Z",past deadline
SPE7M826T6229,5930-01-479-3244,SPE7M826T6229,08-26-2026,09-08-2026,2026-08-25 02:32:52,Origin,Destination,Tech,7009536231,https://dibbs2.bsm.dla.mil/Downloads/RFQ/9/SPE7M826T6229.PDF,https://www.dibbs.bsm.dla.mil/RFQ/RFQRec.aspx?sn=SPE7M826T6229,https://www.dibbs.bsm.dla.mil/rfq/rfqrec.aspx?sn=SPE7M826T6229,SWITCH,7,20260930T160835Z,5930-01-479-3244,"SWITCH,ROTARY",G,334419,11.0,,,2026-08-26,2026-09-08,SWITCH,DIBBS|SPE7M826T6229|5930-01-479-3244,C07,Switches / Pushbuttons / Keyboards / Controls,SWITCH,SWITCH,True,core,"broad keyword, but it is the item noun","DIBBS RFQ Text Search result, AMSC field, retrieved 20260930T160835Z",past deadline
SPE7M826T6153,5930-01-098-3248,SPE7M826T6153,08-21-2026,08-31-2026,2026-08-22 11:29:04,Origin,Destination,Tech,7017986441,https://dibbs2.bsm.dla.mil/Downloads/RFQ/3/SPE7M826T6153.PDF,https://www.dibbs.bsm.dla.mil/RFQ/RFQRec.aspx?sn=SPE7M826T6153,https://www.dibbs.bsm.dla.mil/rfq/rfqrec.aspx?sn=SPE7M826T6153,SWITCH,8,20260930T160853Z,5930-01-098-3248,"SWITCH,SENSITIVE",G,335931,36.0,,,2026-08-21,2026-08-31,SWITCH,DIBBS|SPE7M826T6153|5930-01-098-3248,C07,Switches / Pushbuttons / Keyboards / Controls,SWITCH,SWITCH,True,core,"broad keyword, but it is the item noun","DIBBS RFQ Text Search result, AMSC field, retrieved 20260930T160853Z",past deadline
SPE7M826T4455,5930-01-263-5021,SPE7M826T4455,05-22-2026,06-01-2026,2026-08-21 02:41:27,Origin,Destination,None,7013986782,https://dibbs2.bsm.dla.mil/Downloads/RFQ/5/SPE7M826T4455.PDF,https://www.dibbs.bsm.dla.mil/RFQ/RFQRec.aspx?sn=SPE7M826T4455,https://www.dibbs.bsm.dla.mil/rfq/rfqrec.aspx?sn=SPE7M826T4455,SWITCH,8,20260930T160853Z,5930-01-263-5021,"SWITCH,ROTARY",G,334419,4.0,,,2026-05-22,2026-06-01,SWITCH,DIBBS|SPE7M826T4455|5930-01-263-5021,C07,Switches / Pushbuttons / Keyboards / Controls,SWITCH,SWITCH,True,core,"broad keyword, but it is the item noun","DIBBS RFQ Text Search result, AMSC field, retrieved 20260930T160853Z",past deadline
SPE7M226T4245,5930-01-721-6661,SPE7M226T4245,05-04-2026,05-19-2026,2026-08-21 02:41:27,Origin,Destination,Tech,7016620563,https://dibbs2.bsm.dla.mil/Downloads/RFQ/5/SPE7M226T4245.PDF,https://www.dibbs.bsm.dla.mil/RFQ/RFQRec.aspx?sn=SPE7M226T4245,https://www.dibbs.bsm.dla.mil/rfq/rfqrec.aspx?sn=SPE7M226T4245,SWITCH,8,20260930T160853Z,5930-01-721-6661,SWITCH ASSEMBLY,G,335313,7.0,,,2026-05-04,2026-05-19,SWITCH,DIBBS|SPE7M226T4245|5930-01-721-6661,C07,Switches / Pushbuttons / Keyboards / Controls,SWITCH,SWITCH,True,core,"broad keyword, but it is the item noun","DIBBS RFQ Text Search result, AMSC field, retrieved 20260930T160853Z",past deadline
SPE7M826Q0200,5930-01-212-2752,SPE7M826Q0200,07-30-2026,08-13-2026,2026-08-21 02:41:27,Origin,Destination,None,7016687300,https://dibbs2.bsm.dla.mil/Downloads/RFQ/0/SPE7M826Q0200.PDF,https://www.dibbs.bsm.dla.mil/RFQ/RFQRec.aspx?sn=SPE7M826Q0200,https://www.dibbs.bsm.dla.mil/rfq/rfqrec.aspx?sn=SPE7M826Q0200,SWITCH,8,20260930T160853Z,5930-01-212-2752,"SWITCH,TOGGLE",G,334419,3.0,,,2026-07-30,2026-08-13,FUEL; SWITCH,DIBBS|SPE7M826Q0200|5930-01-212-2752,C07,Switches / Pushbuttons / Keyboards / Controls,SWITCH,SWITCH,True,core,"broad keyword, but it is the item noun","DIBBS RFQ Text Search result, AMSC field, retrieved 20260930T160853Z",past deadline
SPE7M826T5901,5930-01-316-8991,SPE7M826T5901,08-07-2026,08-17-2026,2026-08-21 02:41:27,Origin,Origin,None,7017778498,https://dibbs2.bsm.dla.mil/Downloads/RFQ/1/SPE7M826T5901.PDF,https://www.dibbs.bsm.dla.mil/RFQ/RFQRec.aspx?sn=SPE7M826T5901,https://www.dibbs.bsm.dla.mil/rfq/rfqrec.aspx?sn=SPE7M826T5901,SWITCH,8,20260930T160853Z,5930-01-316-8991,"SWITCH,PROXIMITY",G,335314,43.0,,,2026-08-07,2026-08-17,SWITCH,DIBBS|SPE7M826T5901|5930-01-316-8991,C07,Switches / Pushbuttons / Keyboards / Controls,SWITCH,SWITCH,True,core,"broad keyword, but it is the item noun","DIBBS RFQ Text Search result, AMSC field, retrieved 20260930T160853Z",past deadline
SPE7M126T021S,6110-00-392-2894,SPE7M126T021S,05-01-2026,05-11-2026,2026-08-21 02:41:27,Origin,Origin,None,7013875834,https://dibbs2.bsm.dla.mil/Downloads/RFQ/S/SPE7M126T021S.PDF,https://www.dibbs.bsm.dla.mil/RFQ/RFQRec.aspx?sn=SPE7M126T021S,https://www.dibbs.bsm.dla.mil/rfq/rfqrec.aspx?sn=SPE7M126T021S,SWITCH,8,20260930T160853Z,6110-00-392-2894,"SWITCH,CASUALTY POW",G,334519,13.0,,,2026-05-01,2026-05-11,SWITCH,DIBBS|SPE7M126T021S|6110-00-392-2894,C07,Switches / Pushbuttons / Keyboards / Controls,SWITCH,SWITCH,True,core,"broad keyword, but it is the item noun","DIBBS RFQ Text Search result, AMSC field, retrieved 20260930T160853Z",past deadline
SPE7M826T5819,5930-01-567-2470,SPE7M826T5819,08-07-2026,08-17-2026,2026-08-21 02:41:27,Origin,Origin,Tech,7017775500,https://dibbs2.bsm.dla.mil/Downloads/RFQ/9/SPE7M826T5819.PDF,https://www.dibbs.bsm.dla.mil/RFQ/RFQRec.aspx?sn=SPE7M826T5819,https://www.dibbs.bsm.dla.mil/rfq/rfqrec.aspx?sn=SPE7M826T5819,SWITCH,8,20260930T160853Z,5930-01-567-2470,"SWITCH,PRESSURE",G,335931,2.0,,,2026-08-07,2026-08-17,SWITCH,DIBBS|SPE7M826T5819|5930-01-567-2470,C07,Switches / Pushbuttons / Keyboards / Controls,SWITCH,SWITCH,True,core,"broad keyword, but it is the item noun","DIBBS RFQ Text Search result, AMSC field, retrieved 20260930T160853Z",past deadline
SPE7M526T008Q,5985-01-187-4995,SPE7M526T008Q,04-02-2026,04-13-2026,2026-08-21 02:41:27,Origin,Origin,Tech,7015892596,https://dibbs2.bsm.dla.mil/Downloads/RFQ/Q/SPE7M526T008Q.PDF,https://www.dibbs.bsm.dla.mil/RFQ/RFQRec.aspx?sn=SPE7M526T008Q,https://www.dibbs.bsm.dla.mil/rfq/rfqrec.aspx?sn=SPE7M526T008Q,SWITCH,9,20260930T160910Z,5985-01-187-4995,"SWITCH,RADIO FREQUE",G,334220,7.0,,,2026-04-02,2026-04-13,SWITCH,DIBBS|SPE7M526T008Q|5985-01-187-4995,C07,Switches / Pushbuttons / Keyboards / Controls,SWITCH,SWITCH,True,core,"broad keyword, but it is the item noun","DIBBS RFQ Text Search result, AMSC field, retrieved 20260930T160910Z",past deadline
SPE7M826T5500,5930-01-438-5827,SPE7M826T5500,07-23-2026,08-03-2026,2026-08-21 02:41:27,Origin,Destination,Tech,7008310126,https://dibbs2.bsm.dla.mil/Downloads/RFQ/0/SPE7M826T5500.PDF,https://www.dibbs.bsm.dla.mil/RFQ/RFQRec.aspx?sn=SPE7M826T5500,https://www.dibbs.bsm.dla.mil/rfq/rfqrec.aspx?sn=SPE7M826T5500,SWITCH,9,20260930T160910Z,5930-01-438-5827,"SWITCH,PRESSURE",G,334513,63.0,,,2026-07-23,2026-08-03,SWITCH,DIBBS|SPE7M826T5500|5930-01-438-5827,C07,Switches / Pushbuttons / Keyboards / Controls,SWITCH,SWITCH,True,core,"broad keyword, but it is the item noun","DIBBS RFQ Text Search result, AMSC field, retrieved 20260930T160910Z",past deadline
SPE7M526T118T,5930-01-369-5169,SPE7M526T118T,05-07-2026,05-18-2026,2026-08-21 02:41:27,Origin,Origin,Tech,7015893643,https://dibbs2.bsm.dla.mil/Downloads/RFQ/T/SPE7M526T118T.PDF,https://www.dibbs.bsm.dla.mil/RFQ/RFQRec.aspx?sn=SPE7M526T118T,https://www.dibbs.bsm.dla.mil/rfq/rfqrec.aspx?sn=SPE7M526T118T,SWITCH,9,20260930T160910Z,5930-01-369-5169,"SWITCH,ROTARY",G,334419,13.0,,,2026-05-07,2026-05-18,SWITCH,DIBBS|SPE7M526T118T|5930-01-369-5169,C07,Switches / Pushbuttons / Keyboards / Controls,SWITCH,SWITCH,True,core,"broad keyword, but it is the item noun","DIBBS RFQ Text Search result, AMSC field, retrieved 20260930T160910Z",past deadline
SPE7M026T7262,5930-00-903-0783,SPE7M026T7262,04-24-2026,05-04-2026,2026-08-21 02:41:27,Origin,Origin,Tech,7016494246,https://dibbs2.bsm.dla.mil/Downloads/RFQ/2/SPE7M026T7262.PDF,https://www.dibbs.bsm.dla.mil/RFQ/RFQRec.aspx?sn=SPE7M026T7262,https://www.dibbs.bsm.dla.mil/rfq/rfqrec.aspx?sn=SPE7M026T7262,SWITCH,9,20260930T160910Z,5930-00-903-0783,"SWITCH,PRESSURE",G,335931,9.0,,,2026-04-24,2026-05-04,SWITCH,DIBBS|SPE7M026T7262|5930-00-903-0783,C07,Switches / Pushbuttons / Keyboards / Controls,SWITCH,SWITCH,True,core,"broad keyword, but it is the item noun","DIBBS RFQ Text Search result, AMSC field, retrieved 20260930T160910Z",past deadline
SPE7M526T195X,5930-00-270-3028,SPE7M526T195X,05-22-2026,06-01-2026,2026-08-21 02:41:27,Origin,Origin,Tech,7016888807,https://dibbs2.bsm.dla.mil/Downloads/RFQ/X/SPE7M526T195X.PDF,https://www.dibbs.bsm.dla.mil/RFQ/RFQRec.aspx?sn=SPE7M526T195X,https://www.dibbs.bsm.dla.mil/rfq/rfqrec.aspx?sn=SPE7M526T195X,SWITCH,9,20260930T160910Z,5930-00-270-3028,"SWITCH,SENSITIVE",G,335931,50.0,,,2026-05-22,2026-06-01,SWITCH,DIBBS|SPE7M526T195X|5930-00-270-3028,C07,Switches / Pushbuttons / Keyboards / Controls,SWITCH,SWITCH,True,core,"broad keyword, but it is the item noun","DIBBS RFQ Text Search result, AMSC field, retrieved 20260930T160910Z",past deadline
SPE7M826T3207,5930-01-485-9295,SPE7M826T3207,04-10-2026,04-20-2026,2026-08-21 02:41:27,Origin,Destination,Tech,7016267630,https://dibbs2.bsm.dla.mil/Downloads/RFQ/7/SPE7M826T3207.PDF,https://www.dibbs.bsm.dla.mil/RFQ/RFQRec.aspx?sn=SPE7M826T3207,https://www.dibbs.bsm.dla.mil/rfq/rfqrec.aspx?sn=SPE7M826T3207,SWITCH,9,20260930T160910Z,5930-01-485-9295,"SWITCH,ROTARY",G,334419,11.0,,,2026-04-10,2026-04-20,SWITCH,DIBBS|SPE7M826T3207|5930-01-485-9295,C07,Switches / Pushbuttons / Keyboards / Controls,SWITCH,SWITCH,True,core,"broad keyword, but it is the item noun","DIBBS RFQ Text Search result, AMSC field, retrieved 20260930T160910Z",past deadline
SPE7M826T5897,5930-00-796-8845,SPE7M826T5897,08-07-2026,08-17-2026,2026-08-21 02:41:27,Origin,Origin,None,7017779374,https://dibbs2.bsm.dla.mil/Downloads/RFQ/7/SPE7M826T5897.PDF,https://www.dibbs.bsm.dla.mil/RFQ/RFQRec.aspx?sn=SPE7M826T5897,https://www.dibbs.bsm.dla.mil/rfq/rfqrec.aspx?sn=SPE7M826T5897,SWITCH,9,20260930T160910Z,5930-00-796-8845,"SWITCH,LEVER",G,335313,236.0,,,2026-08-07,2026-08-17,SWITCH,DIBBS|SPE7M826T5897|5930-00-796-8845,C07,Switches / Pushbuttons / Keyboards / Controls,SWITCH,SWITCH,True,core,"broad keyword, but it is the item noun","DIBBS RFQ Text Search result, AMSC field, retrieved 20260930T160910Z",past deadline
SPE7M826T3980,5930-01-586-5969,SPE7M826T3980,05-08-2026,05-18-2026,2026-08-21 02:41:27,Origin,Destination,Tech,7015162664,https://dibbs2.bsm.dla.mil/Downloads/RFQ/0/SPE7M826T3980.PDF,https://www.dibbs.bsm.dla.mil/RFQ/RFQRec.aspx?sn=SPE7M826T3980,https://www.dibbs.bsm.dla.mil/rfq/rfqrec.aspx?sn=SPE7M826T3980,SWITCH,9,20260930T160910Z,5930-01-586-5969,SWITCH ASSEMBLY,G,335313,1.0,,,2026-05-08,2026-05-18,SWITCH,DIBBS|SPE7M826T3980|5930-01-586-5969,C07,Switches / Pushbuttons / Keyboards / Controls,SWITCH,SWITCH,True,core,"broad keyword, but it is the item noun","DIBBS RFQ Text Search result, AMSC field, retrieved 20260930T160910Z",past deadline
SPE7M826T3277,5930-01-209-6632,SPE7M826T3277,04-10-2026,04-20-2026,2026-08-21 02:41:27,Origin,Destination,Tech,7013007963,https://dibbs2.bsm.dla.mil/Downloads/RFQ/7/SPE7M826T3277.PDF,https://www.dibbs.bsm.dla.mil/RFQ/RFQRec.aspx?sn=SPE7M826T3277,https://www.dibbs.bsm.dla.mil/rfq/rfqrec.aspx?sn=SPE7M826T3277,SWITCH,9,20260930T160910Z,5930-01-209-6632,SWITCH SUBASSEMBLY,G,335313,10.0,,,2026-04-10,2026-04-20,SWITCH,DIBBS|SPE7M826T3277|5930-01-209-6632,C07,Switches / Pushbuttons / Keyboards / Controls,SWITCH,SWITCH,True,core,"broad keyword, but it is the item noun","DIBBS RFQ Text Search result, AMSC field, retrieved 20260930T160910Z",past deadline
SPE7M026Q0855,5985-01-179-3803,SPE7M026Q0855,06-02-2026,06-16-2026,2026-08-21 02:41:27,Origin,Origin,Tech,7015892853,https://dibbs2.bsm.dla.mil/Downloads/RFQ/5/SPE7M026Q0855.PDF,https://www.dibbs.bsm.dla.mil/RFQ/RFQRec.aspx?sn=SPE7M026Q0855,https://www.dibbs.bsm.dla.mil/rfq/rfqrec.aspx?sn=SPE7M026Q0855,SWITCH,9,20260930T160910Z,5985-01-179-3803,"SWITCH,RADIO FREQUE",G,334220,14.0,,,2026-06-02,2026-06-16,BOX; SWITCH,DIBBS|SPE7M026Q0855|5985-01-179-3803,C07,Switches / Pushbuttons / Keyboards / Controls,SWITCH,SWITCH,True,core,"broad keyword, but it is the item noun","DIBBS RFQ Text Search result, AMSC field, retrieved 20260930T160910Z",past deadline
SPE7M826T5579,5930-01-194-8584,SPE7M826T5579,07-24-2026,08-03-2026,2026-08-21 02:41:27,Origin,Origin,Tech,7017589341,https://dibbs2.bsm.dla.mil/Downloads/RFQ/9/SPE7M826T5579.PDF,https://www.dibbs.bsm.dla.mil/RFQ/RFQRec.aspx?sn=SPE7M826T5579,https://www.dibbs.bsm.dla.mil/rfq/rfqrec.aspx?sn=SPE7M826T5579,SWITCH,10,20260930T160928Z,5930-01-194-8584,"SWITCH,FLOW",G,335314,1.0,,,2026-07-24,2026-08-03,SWITCH,DIBBS|SPE7M826T5579|5930-01-194-8584,C07,Switches / Pushbuttons / Keyboards / Controls,SWITCH,SWITCH,True,core,"broad keyword, but it is the item noun","DIBBS RFQ Text Search result, AMSC field, retrieved 20260930T160928Z",past deadline
SPE7M826T6053,5930-01-633-5271,SPE7M826T6053,08-20-2026,08-31-2026,2026-08-21 02:41:27,Origin,Destination,Tech,7005359768,https://dibbs2.bsm.dla.mil/Downloads/RFQ/3/SPE7M826T6053.PDF,https://www.dibbs.bsm.dla.mil/RFQ/RFQRec.aspx?sn=SPE7M826T6053,https://www.dibbs.bsm.dla.mil/rfq/rfqrec.aspx?sn=SPE7M826T6053,SWITCH,10,20260930T160928Z,5930-01-633-5271,SWITCH ASSEMBLY,G,335313,11.0,,,2026-08-20,2026-08-31,SWITCH,DIBBS|SPE7M826T6053|5930-01-633-5271,C07,Switches / Pushbuttons / Keyboards / Controls,SWITCH,SWITCH,True,core,"broad keyword, but it is the item noun","DIBBS RFQ Text Search result, AMSC field, retrieved 20260930T160928Z",past deadline
SPE7M226T3365,5930-01-732-7386,SPE7M226T3365,04-02-2026,04-13-2026,2026-08-21 02:41:27,Origin,Destination,Tech,7016173175,https://dibbs2.bsm.dla.mil/Downloads/RFQ/5/SPE7M226T3365.PDF,https://www.dibbs.bsm.dla.mil/RFQ/RFQRec.aspx?sn=SPE7M226T3365,https://www.dibbs.bsm.dla.mil/rfq/rfqrec.aspx?sn=SPE7M226T3365,SWITCH,10,20260930T160928Z,5930-01-732-7386,"SWITCH,PUSH",G,335313,5.0,,,2026-04-02,2026-04-13,SWITCH,DIBBS|SPE7M226T3365|5930-01-732-7386,C07,Switches / Pushbuttons / Keyboards / Controls,SWITCH,SWITCH,True,core,"broad keyword, but it is the item noun","DIBBS RFQ Text Search result, AMSC field, retrieved 20260930T160928Z",past deadline
SPE7M226T3238,5930-01-263-3748,SPE7M226T3238,03-27-2026,04-06-2026,2026-08-21 02:41:27,Origin,Origin,Tech,7016086844,https://dibbs2.bsm.dla.mil/Downloads/RFQ/8/SPE7M226T3238.PDF,https://www.dibbs.bsm.dla.mil/RFQ/RFQRec.aspx?sn=SPE7M226T3238,https://www.dibbs.bsm.dla.mil/rfq/rfqrec.aspx?sn=SPE7M226T3238,SWITCH,10,20260930T160928Z,5930-01-263-3748,"SWITCH,PUSH",G,334419,2.0,,,2026-03-27,2026-04-06,SWITCH,DIBBS|SPE7M226T3238|5930-01-263-3748,C07,Switches / Pushbuttons / Keyboards / Controls,SWITCH,SWITCH,True,core,"broad keyword, but it is the item noun","DIBBS RFQ Text Search result, AMSC field, retrieved 20260930T160928Z",past deadline
SPE7M226T2959,5930-00-538-6214,SPE7M226T2959,03-13-2026,03-23-2026,2026-08-21 02:41:27,Origin,Destination,Tech,7015897466,https://dibbs2.bsm.dla.mil/Downloads/RFQ/9/SPE7M226T2959.PDF,https://www.dibbs.bsm.dla.mil/RFQ/RFQRec.aspx?sn=SPE7M226T2959,https://www.dibbs.bsm.dla.mil/rfq/rfqrec.aspx?sn=SPE7M226T2959,SWITCH,10,20260930T160928Z,5930-00-538-6214,"SWITCH,PUSH-LIGHT I",G,335313,3.0,,,2026-03-13,2026-03-23,SWITCH,DIBBS|SPE7M226T2959|5930-00-538-6214,C07,Switches / Pushbuttons / Keyboards / Controls,SWITCH PUSH LIGHT,SWITCH; SWITCH PUSH LIGHT,False,core,,"DIBBS RFQ Text Search result, AMSC field, retrieved 20260930T160928Z",past deadline
SPE7M826T5284,5930-00-412-8582,SPE7M826T5284,07-10-2026,07-20-2026,2026-08-21 02:41:27,Origin,Destination,Tech,7017441448,https://dibbs2.bsm.dla.mil/Downloads/RFQ/4/SPE7M826T5284.PDF,https://www.dibbs.bsm.dla.mil/RFQ/RFQRec.aspx?sn=SPE7M826T5284,https://www.dibbs.bsm.dla.mil/rfq/rfqrec.aspx?sn=SPE7M826T5284,SWITCH,11,20260930T160945Z,5930-00-412-8582,"SWITCH,SENSITIVE",G,334419,2.0,,,2026-07-10,2026-07-20,SWITCH,DIBBS|SPE7M826T5284|5930-00-412-8582,C07,Switches / Pushbuttons / Keyboards / Controls,SWITCH,SWITCH,True,core,"broad keyword, but it is the item noun","DIBBS RFQ Text Search result, AMSC field, retrieved 20260930T160945Z",past deadline
SPE7M826T1719,6110-01-719-0093,SPE7M826T1719,01-22-2026,02-05-2026,2026-08-21 02:41:27,Origin,Destination,Tech,7014130777,https://dibbs2.bsm.dla.mil/Downloads/RFQ/9/SPE7M826T1719.PDF,https://www.dibbs.bsm.dla.mil/RFQ/RFQRec.aspx?sn=SPE7M826T1719,https://www.dibbs.bsm.dla.mil/rfq/rfqrec.aspx?sn=SPE7M826T1719,SWITCH,11,20260930T160945Z,6110-01-719-0093,"SWITCH,DISCONNECT",G,335312,3.0,,,2026-01-22,2026-02-05,SWITCH,DIBBS|SPE7M826T1719|6110-01-719-0093,C07,Switches / Pushbuttons / Keyboards / Controls,SWITCH,SWITCH,True,core,"broad keyword, but it is the item noun","DIBBS RFQ Text Search result, AMSC field, retrieved 20260930T160945Z",past deadline
SPE7M026T7442,5930-00-903-0783,SPE7M026T7442,04-28-2026,05-08-2026,2026-08-21 02:41:27,Origin,Origin,Tech,7016540192,https://dibbs2.bsm.dla.mil/Downloads/RFQ/2/SPE7M026T7442.PDF,https://www.dibbs.bsm.dla.mil/RFQ/RFQRec.aspx?sn=SPE7M026T7442,https://www.dibbs.bsm.dla.mil/rfq/rfqrec.aspx?sn=SPE7M026T7442,SWITCH,11,20260930T160945Z,5930-00-903-0783,"SWITCH,PRESSURE",G,335931,85.0,,,2026-04-28,2026-05-08,SWITCH,DIBBS|SPE7M026T7442|5930-00-903-0783,C07,Switches / Pushbuttons / Keyboards / Controls,SWITCH,SWITCH,True,core,"broad keyword, but it is the item noun","DIBBS RFQ Text Search result, AMSC field, retrieved 20260930T160945Z",past deadline
SPE7M826T5225,5930-01-194-8584,SPE7M826T5225,07-09-2026,07-20-2026,2026-08-21 02:41:27,Origin,Origin,Tech,7017411156,https://dibbs2.bsm.dla.mil/Downloads/RFQ/5/SPE7M826T5225.PDF,https://www.dibbs.bsm.dla.mil/RFQ/RFQRec.aspx?sn=SPE7M826T5225,https://www.dibbs.bsm.dla.mil/rfq/rfqrec.aspx?sn=SPE7M826T5225,SWITCH,11,20260930T160945Z,5930-01-194-8584,"SWITCH,FLOW",G,335314,1.0,,,2026-07-09,2026-07-20,SWITCH,DIBBS|SPE7M826T5225|5930-01-194-8584,C07,Switches / Pushbuttons / Keyboards / Controls,SWITCH,SWITCH,True,core,"broad keyword, but it is the item noun","DIBBS RFQ Text Search result, AMSC field, retrieved 20260930T160945Z",past deadline
SPE7M826T2502,5930-01-021-6318,SPE7M826T2502,02-27-2026,03-09-2026,2026-08-21 02:41:27,Destination,Origin,Tech,7008951871,https://dibbs2.bsm.dla.mil/Downloads/RFQ/2/SPE7M826T2502.PDF,https://www.dibbs.bsm.dla.mil/RFQ/RFQRec.aspx?sn=SPE7M826T2502,https://www.dibbs.bsm.dla.mil/rfq/rfqrec.aspx?sn=SPE7M826T2502,SWITCH,11,20260930T160945Z,5930-01-021-6318,"SWITCH,TOGGLE",G,334419,5.0,,,2026-02-27,2026-03-09,SWITCH,DIBBS|SPE7M826T2502|5930-01-021-6318,C07,Switches / Pushbuttons / Keyboards / Controls,SWITCH,SWITCH,True,core,"broad keyword, but it is the item noun","DIBBS RFQ Text Search result, AMSC field, retrieved 20260930T160945Z",past deadline
SPE7M826T5716,5930-01-536-3060,SPE7M826T5716,08-06-2026,08-17-2026,2026-08-21 02:41:27,Origin,Origin,Tech,7017039909,https://dibbs2.bsm.dla.mil/Downloads/RFQ/6/SPE7M826T5716.PDF,https://www.dibbs.bsm.dla.mil/RFQ/RFQRec.aspx?sn=SPE7M826T5716,https://www.dibbs.bsm.dla.mil/rfq/rfqrec.aspx?sn=SPE7M826T5716,SWITCH,11,20260930T160945Z,5930-01-536-3060,"SWITCH,PUSH",G,334419,5.0,,,2026-08-06,2026-08-17,SWITCH,DIBBS|SPE7M826T5716|5930-01-536-3060,C07,Switches / Pushbuttons / Keyboards / Controls,SWITCH,SWITCH,True,core,"broad keyword, but it is the item noun","DIBBS RFQ Text Search result, AMSC field, retrieved 20260930T160945Z",past deadline
SPE7L326T9247,2910-01-705-3891,SPE7L326T9247,04-28-2026,05-08-2026,2026-08-21 02:41:27,Origin,Destination,Tech,7015835519,https://dibbs2.bsm.dla.mil/Downloads/RFQ/7/SPE7L326T9247.PDF,https://www.dibbs.bsm.dla.mil/RFQ/RFQRec.aspx?sn=SPE7L326T9247,https://www.dibbs.bsm.dla.mil/rfq/rfqrec.aspx?sn=SPE7L326T9247,SWITCH,11,20260930T160945Z,2910-01-705-3891,"SWITCH,LIQUID LEVEL",G,336310,1.0,,,2026-04-28,2026-05-08,SWITCH,DIBBS|SPE7L326T9247|2910-01-705-3891,C07,Switches / Pushbuttons / Keyboards / Controls,SWITCH,SWITCH,True,core,"broad keyword, but it is the item noun","DIBBS RFQ Text Search result, AMSC field, retrieved 20260930T160945Z",past deadline
SPE7M826T2223,5930-01-473-8375,SPE7M826T2223,02-19-2026,03-05-2026,2026-08-21 02:41:27,Origin,Destination,Tech,7007469818,https://dibbs2.bsm.dla.mil/Downloads/RFQ/3/SPE7M826T2223.PDF,https://www.dibbs.bsm.dla.mil/RFQ/RFQRec.aspx?sn=SPE7M826T2223,https://www.dibbs.bsm.dla.mil/rfq/rfqrec.aspx?sn=SPE7M826T2223,SWITCH,11,20260930T160945Z,5930-01-473-8375,"SWITCH,ELECTRONIC",G,335313,2.0,,,2026-02-19,2026-03-05,SWITCH,DIBBS|SPE7M826T2223|5930-01-473-8375,C07,Switches / Pushbuttons / Keyboards / Controls,SWITCH,SWITCH,True,core,"broad keyword, but it is the item noun","DIBBS RFQ Text Search result, AMSC field, retrieved 20260930T160945Z",past deadline
SPE7M026T7338,5930-00-903-0783,SPE7M026T7338,04-27-2026,05-07-2026,2026-08-21 02:41:27,Origin,Origin,Tech,7016514533,https://dibbs2.bsm.dla.mil/Downloads/RFQ/8/SPE7M026T7338.PDF,https://www.dibbs.bsm.dla.mil/RFQ/RFQRec.aspx?sn=SPE7M026T7338,https://www.dibbs.bsm.dla.mil/rfq/rfqrec.aspx?sn=SPE7M026T7338,SWITCH,11,20260930T160945Z,5930-00-903-0783,"SWITCH,PRESSURE",G,335931,4.0,,,2026-04-27,2026-05-07,SWITCH,DIBBS|SPE7M026T7338|5930-00-903-0783,C07,Switches / Pushbuttons / Keyboards / Controls,SWITCH,SWITCH,True,core,"broad keyword, but it is the item noun","DIBBS RFQ Text Search result, AMSC field, retrieved 20260930T160945Z",past deadline
SPE7L126T438V,1015-01-026-5256,SPE7L126T438V,04-27-2026,05-07-2026,2026-08-21 02:41:27,Origin,Origin,Tech,7015744898,https://dibbs2.bsm.dla.mil/Downloads/RFQ/V/SPE7L126T438V.PDF,https://www.dibbs.bsm.dla.mil/RFQ/RFQRec.aspx?sn=SPE7L126T438V,https://www.dibbs.bsm.dla.mil/rfq/rfqrec.aspx?sn=SPE7L126T438V,SWITCH,11,20260930T160945Z,1015-01-026-5256,"SWITCH ASSEMBLY,SEN",G,332994,6.0,,,2026-04-27,2026-05-07,SWITCH,DIBBS|SPE7L126T438V|1015-01-026-5256,C07,Switches / Pushbuttons / Keyboards / Controls,SWITCH,SWITCH,True,core,"broad keyword, but it is the item noun","DIBBS RFQ Text Search result, AMSC field, retrieved 20260930T160945Z",past deadline
SPE7L126Q1445,5930-01-571-3507,SPE7L126Q1445,08-05-2026,08-17-2026,2026-08-21 02:41:27,Origin,Origin,Tech,7015230678,https://dibbs2.bsm.dla.mil/Downloads/RFQ/5/SPE7L126Q1445.PDF,https://www.dibbs.bsm.dla.mil/RFQ/RFQRec.aspx?sn=SPE7L126Q1445,https://www.dibbs.bsm.dla.mil/rfq/rfqrec.aspx?sn=SPE7L126Q1445,SWITCH,12,20260930T161003Z,5930-01-571-3507,SWITCH ASSEMBLY,G,334419,6.0,,,2026-08-05,2026-08-17,SWITCH,DIBBS|SPE7L126Q1445|5930-01-571-3507,C07,Switches / Pushbuttons / Keyboards / Controls,SWITCH,SWITCH,True,core,"broad keyword, but it is the item noun","DIBBS RFQ Text Search result, AMSC field, retrieved 20260930T161003Z",past deadline
SPE7M826T2579,5930-01-257-5860,SPE7M826T2579,03-12-2026,03-27-2026,2026-08-21 02:41:27,Origin,Destination,Tech,7005516269,https://dibbs2.bsm.dla.mil/Downloads/RFQ/9/SPE7M826T2579.PDF,https://www.dibbs.bsm.dla.mil/RFQ/RFQRec.aspx?sn=SPE7M826T2579,https://www.dibbs.bsm.dla.mil/rfq/rfqrec.aspx?sn=SPE7M826T2579,SWITCH,12,20260930T161003Z,5930-01-257-5860,"SWITCH,PUSH",G,334419,13.0,,,2026-03-12,2026-03-27,SWITCH,DIBBS|SPE7M826T2579|5930-01-257-5860,C07,Switches / Pushbuttons / Keyboards / Controls,SWITCH,SWITCH,True,core,"broad keyword, but it is the item noun","DIBBS RFQ Text Search result, AMSC field, retrieved 20260930T161003Z",past deadline
SPE7M826T5948,5930-01-174-6031,SPE7M826T5948,08-12-2026,08-24-2026,2026-08-21 02:41:27,Origin,Origin,Tech,7017438062,https://dibbs2.bsm.dla.mil/Downloads/RFQ/8/SPE7M826T5948.PDF,https://www.dibbs.bsm.dla.mil/RFQ/RFQRec.aspx?sn=SPE7M826T5948,https://www.dibbs.bsm.dla.mil/rfq/rfqrec.aspx?sn=SPE7M826T5948,SWITCH,12,20260930T161003Z,5930-01-174-6031,"SWITCH,PRESSURE",G,332919,54.0,,,2026-08-12,2026-08-24,SWITCH,DIBBS|SPE7M826T5948|5930-01-174-6031,C07,Switches / Pushbuttons / Keyboards / Controls,SWITCH,SWITCH,True,core,"broad keyword, but it is the item noun","DIBBS RFQ Text Search result, AMSC field, retrieved 20260930T161003Z",past deadline
SPE7M826T5182,5930-01-454-0238,SPE7M826T5182,07-06-2026,07-16-2026,2026-08-21 02:41:27,Origin,Destination,Tech,7017383018,https://dibbs2.bsm.dla.mil/Downloads/RFQ/2/SPE7M826T5182.PDF,https://www.dibbs.bsm.dla.mil/RFQ/RFQRec.aspx?sn=SPE7M826T5182,https://www.dibbs.bsm.dla.mil/rfq/rfqrec.aspx?sn=SPE7M826T5182,SWITCH,12,20260930T161003Z,5930-01-454-0238,"SWITCH,TOGGLE",G,334419,1.0,,,2026-07-06,2026-07-16,SWITCH,DIBBS|SPE7M826T5182|5930-01-454-0238,C07,Switches / Pushbuttons / Keyboards / Controls,SWITCH,SWITCH,True,core,"broad keyword, but it is the item noun","DIBBS RFQ Text Search result, AMSC field, retrieved 20260930T161003Z",past deadline
SPE7M826T3090,5930-01-586-5969,SPE7M826T3090,04-06-2026,04-16-2026,2026-08-21 02:41:27,Origin,Destination,Tech,7016182674,https://dibbs2.bsm.dla.mil/Downloads/RFQ/0/SPE7M826T3090.PDF,https://www.dibbs.bsm.dla.mil/RFQ/RFQRec.aspx?sn=SPE7M826T3090,https://www.dibbs.bsm.dla.mil/rfq/rfqrec.aspx?sn=SPE7M826T3090,SWITCH,12,20260930T161003Z,5930-01-586-5969,SWITCH ASSEMBLY,G,335313,1.0,,,2026-04-06,2026-04-16,SWITCH,DIBBS|SPE7M826T3090|5930-01-586-5969,C07,Switches / Pushbuttons / Keyboards / Controls,SWITCH,SWITCH,True,core,"broad keyword, but it is the item noun","DIBBS RFQ Text Search result, AMSC field, retrieved 20260930T161003Z",past deadline
SPE7M826T4073,5930-01-718-8967,SPE7M826T4073,05-11-2026,05-21-2026,2026-08-21 02:41:27,Origin,Origin,None,7014130960,https://dibbs2.bsm.dla.mil/Downloads/RFQ/3/SPE7M826T4073.PDF,https://www.dibbs.bsm.dla.mil/RFQ/RFQRec.aspx?sn=SPE7M826T4073,https://www.dibbs.bsm.dla.mil/rfq/rfqrec.aspx?sn=SPE7M826T4073,SWITCH,12,20260930T161003Z,5930-01-718-8967,"SWITCH,THERMOSTATIC",G,335313,4.0,,,2026-05-11,2026-05-21,SWITCH,DIBBS|SPE7M826T4073|5930-01-718-8967,C07,Switches / Pushbuttons / Keyboards / Controls,SWITCH,SWITCH,True,core,"broad keyword, but it is the item noun","DIBBS RFQ Text Search result, AMSC field, retrieved 20260930T161003Z",past deadline
SPE7M826T3632,5930-01-196-4367,SPE7M826T3632,04-27-2026,05-07-2026,2026-08-21 02:41:27,Origin,Origin,Tech,7015602426,https://dibbs2.bsm.dla.mil/Downloads/RFQ/2/SPE7M826T3632.PDF,https://www.dibbs.bsm.dla.mil/RFQ/RFQRec.aspx?sn=SPE7M826T3632,https://www.dibbs.bsm.dla.mil/rfq/rfqrec.aspx?sn=SPE7M826T3632,SWITCH,12,20260930T161003Z,5930-01-196-4367,"SWITCH,FLOW",G,335314,8.0,,,2026-04-27,2026-05-07,SWITCH,DIBBS|SPE7M826T3632|5930-01-196-4367,C07,Switches / Pushbuttons / Keyboards / Controls,SWITCH,SWITCH,True,core,"broad keyword, but it is the item noun","DIBBS RFQ Text Search result, AMSC field, retrieved 20260930T161003Z",past deadline
SPE4A626T08LE,6150-01-161-8513,SPE4A626T08LE,07-22-2026,07-29-2026,2026-08-21 02:41:27,Origin,Destination,Tech,7017572678,https://dibbs2.bsm.dla.mil/Downloads/RFQ/E/SPE4A626T08LE.PDF,https://www.dibbs.bsm.dla.mil/RFQ/RFQRec.aspx?sn=SPE4A626T08LE,https://www.dibbs.bsm.dla.mil/rfq/rfqrec.aspx?sn=SPE4A626T08LE,SWITCH,12,20260930T161003Z,6150-01-161-8513,CABLE ASSEMBLY-SWIT,G,334419,5.0,,,2026-07-22,2026-07-29,SWITCH,DIBBS|SPE4A626T08LE|6150-01-161-8513,C10,Harnesses / Cable Assemblies / Box Builds,CABLE ASSEMBLY,CABLE ASSEMBLY,False,adjacent,,"DIBBS RFQ Text Search result, AMSC field, retrieved 20260930T161003Z",past deadline
SPE4A726T015N,2915-00-968-6362,SPE4A726T015N,02-25-2026,03-04-2026,2026-08-21 02:41:27,Origin,Origin,Tech,7015475611,https://dibbs2.bsm.dla.mil/Downloads/RFQ/N/SPE4A726T015N.PDF,https://www.dibbs.bsm.dla.mil/RFQ/RFQRec.aspx?sn=SPE4A726T015N,https://www.dibbs.bsm.dla.mil/rfq/rfqrec.aspx?sn=SPE4A726T015N,SWITCH,12,20260930T161003Z,2915-00-968-6362,"SWITCH,LIQUID LEVEL",G,336412,2.0,,,2026-02-25,2026-03-04,SWITCH,DIBBS|SPE4A726T015N|2915-00-968-6362,C07,Switches / Pushbuttons / Keyboards / Controls,SWITCH,SWITCH,True,core,"broad keyword, but it is the item noun","DIBBS RFQ Text Search result, AMSC field, retrieved 20260930T161003Z",past deadline
SPE7M826T5686,5930-01-312-4172,SPE7M826T5686,08-03-2026,08-13-2026,2026-08-21 02:41:27,Origin,Destination,Tech,7017696810,https://dibbs2.bsm.dla.mil/Downloads/RFQ/6/SPE7M826T5686.PDF,https://www.dibbs.bsm.dla.mil/RFQ/RFQRec.aspx?sn=SPE7M826T5686,https://www.dibbs.bsm.dla.mil/rfq/rfqrec.aspx?sn=SPE7M826T5686,SWITCH,12,20260930T161003Z,5930-01-312-4172,"SWITCH,SOLID STATE",G,334512,3.0,,,2026-08-03,2026-08-13,SWITCH,DIBBS|SPE7M826T5686|5930-01-312-4172,C07,Switches / Pushbuttons / Keyboards / Controls,SWITCH,SWITCH,True,core,"broad keyword, but it is the item noun","DIBBS RFQ Text Search result, AMSC field, retrieved 20260930T161003Z",past deadline
SPE7M826T4087,5930-00-927-6723,SPE7M826T4087,05-12-2026,05-22-2026,2026-08-21 02:41:27,Origin,Origin,Tech,7016687117,https://dibbs2.bsm.dla.mil/Downloads/RFQ/7/SPE7M826T4087.PDF,https://www.dibbs.bsm.dla.mil/RFQ/RFQRec.aspx?sn=SPE7M826T4087,https://www.dibbs.bsm.dla.mil/rfq/rfqrec.aspx?sn=SPE7M826T4087,SWITCH,12,20260930T161003Z,5930-00-927-6723,"SWITCH,STEPPING",G,332112,14.0,,,2026-05-12,2026-05-22,SWITCH,DIBBS|SPE7M826T4087|5930-00-927-6723,C07,Switches / Pushbuttons / Keyboards / Controls,SWITCH,SWITCH,True,core,"broad keyword, but it is the item noun","DIBBS RFQ Text Search result, AMSC field, retrieved 20260930T161003Z",past deadline
SPE7M526T114W,5930-00-679-3983,SPE7M526T114W,05-05-2026,05-20-2026,2026-08-21 02:41:27,Origin,Destination,Tech,7015891902,https://dibbs2.bsm.dla.mil/Downloads/RFQ/W/SPE7M526T114W.PDF,https://www.dibbs.bsm.dla.mil/RFQ/RFQRec.aspx?sn=SPE7M526T114W,https://www.dibbs.bsm.dla.mil/rfq/rfqrec.aspx?sn=SPE7M526T114W,SWITCH,13,20260930T161020Z,5930-00-679-3983,SWITCH ASSEMBLY,G,332919,14.0,,,2026-05-05,2026-05-20,SWITCH,DIBBS|SPE7M526T114W|5930-00-679-3983,C07,Switches / Pushbuttons / Keyboards / Controls,SWITCH,SWITCH,True,core,"broad keyword, but it is the item noun","DIBBS RFQ Text Search result, AMSC field, retrieved 20260930T161020Z",past deadline
SPE4A726T565Q,5975-01-016-8263,SPE4A726T565Q,07-13-2026,07-20-2026,2026-08-21 02:41:27,Origin,Origin,Tech,7017399373,https://dibbs2.bsm.dla.mil/Downloads/RFQ/Q/SPE4A726T565Q.PDF,https://www.dibbs.bsm.dla.mil/RFQ/RFQRec.aspx?sn=SPE4A726T565Q,https://www.dibbs.bsm.dla.mil/rfq/rfqrec.aspx?sn=SPE4A726T565Q,SWITCH,13,20260930T161020Z,5975-01-016-8263,"CASE,SWITCH BOX",G,335999,2.0,,,2026-07-13,2026-07-20,SWITCH,DIBBS|SPE4A726T565Q|5975-01-016-8263,C10,Harnesses / Cable Assemblies / Box Builds,SWITCH BOX,SWITCH; SWITCH BOX,False,adjacent,,"DIBBS RFQ Text Search result, AMSC field, retrieved 20260930T161020Z",past deadline
SPE7M826T4535,5930-01-570-7751,SPE7M826T4535,06-01-2026,06-11-2026,2026-08-21 02:41:27,Origin,Destination,Tech,7016090864,https://dibbs2.bsm.dla.mil/Downloads/RFQ/5/SPE7M826T4535.PDF,https://www.dibbs.bsm.dla.mil/RFQ/RFQRec.aspx?sn=SPE7M826T4535,https://www.dibbs.bsm.dla.mil/rfq/rfqrec.aspx?sn=SPE7M826T4535,SWITCH,13,20260930T161020Z,5930-01-570-7751,SWITCH ASSEMBLY,G,334419,2.0,,,2026-06-01,2026-06-11,SWITCH,DIBBS|SPE7M826T4535|5930-01-570-7751,C07,Switches / Pushbuttons / Keyboards / Controls,SWITCH,SWITCH,True,core,"broad keyword, but it is the item noun","DIBBS RFQ Text Search result, AMSC field, retrieved 20260930T161020Z",past deadline
SPE7M826T4741,5930-01-183-6757,SPE7M826T4741,06-08-2026,06-18-2026,2026-08-21 02:41:27,Origin,Origin,Tech,7017049256,https://dibbs2.bsm.dla.mil/Downloads/RFQ/1/SPE7M826T4741.PDF,https://www.dibbs.bsm.dla.mil/RFQ/RFQRec.aspx?sn=SPE7M826T4741,https://www.dibbs.bsm.dla.mil/rfq/rfqrec.aspx?sn=SPE7M826T4741,SWITCH,13,20260930T161020Z,5930-01-183-6757,"SWITCH,PUSH",G,334419,560.0,,,2026-06-08,2026-06-18,SWITCH,DIBBS|SPE7M826T4741|5930-01-183-6757,C07,Switches / Pushbuttons / Keyboards / Controls,SWITCH,SWITCH,True,core,"broad keyword, but it is the item noun","DIBBS RFQ Text Search result, AMSC field, retrieved 20260930T161020Z",past deadline
SPE7M826T5130,5930-00-933-6815,SPE7M826T5130,06-30-2026,07-10-2026,2026-08-21 02:41:27,Origin,Destination,Tech,7017227229,https://dibbs2.bsm.dla.mil/Downloads/RFQ/0/SPE7M826T5130.PDF,https://www.dibbs.bsm.dla.mil/RFQ/RFQRec.aspx?sn=SPE7M826T5130,https://www.dibbs.bsm.dla.mil/rfq/rfqrec.aspx?sn=SPE7M826T5130,SWITCH,13,20260930T161020Z,5930-00-933-6815,"SWITCH,PUSH",G,334419,621.0,,,2026-06-30,2026-07-10,SWITCH,DIBBS|SPE7M826T5130|5930-00-933-6815,C07,Switches / Pushbuttons / Keyboards / Controls,SWITCH,SWITCH,True,core,"broad keyword, but it is the item noun","DIBBS RFQ Text Search result, AMSC field, retrieved 20260930T161020Z",past deadline
SPE7M826T4840,5930-01-737-0753,SPE7M826T4840,06-17-2026,07-02-2026,2026-08-21 02:41:27,Origin,Destination,Tech,7016735801,https://dibbs2.bsm.dla.mil/Downloads/RFQ/0/SPE7M826T4840.PDF,https://www.dibbs.bsm.dla.mil/RFQ/RFQRec.aspx?sn=SPE7M826T4840,https://www.dibbs.bsm.dla.mil/rfq/rfqrec.aspx?sn=SPE7M826T4840,SWITCH,13,20260930T161020Z,5930-01-737-0753,"SWITCH,TOGGLE",G,335313,2.0,,,2026-06-17,2026-07-02,SWITCH,DIBBS|SPE7M826T4840|5930-01-737-0753,C07,Switches / Pushbuttons / Keyboards / Controls,SWITCH,SWITCH,True,core,"broad keyword, but it is the item noun","DIBBS RFQ Text Search result, AMSC field, retrieved 20260930T161020Z",past deadline
SPE7M826T4052,5930-01-183-6757,SPE7M826T4052,05-11-2026,05-21-2026,2026-08-21 02:41:27,Origin,Origin,Tech,7016689617,https://dibbs2.bsm.dla.mil/Downloads/RFQ/2/SPE7M826T4052.PDF,https://www.dibbs.bsm.dla.mil/RFQ/RFQRec.aspx?sn=SPE7M826T4052,https://www.dibbs.bsm.dla.mil/rfq/rfqrec.aspx?sn=SPE7M826T4052,SWITCH,14,20260930T161037Z,5930-01-183-6757,"SWITCH,PUSH",G,334419,130.0,,,2026-05-11,2026-05-21,SWITCH,DIBBS|SPE7M826T4052|5930-01-183-6757,C07,Switches / Pushbuttons / Keyboards / Controls,SWITCH,SWITCH,True,core,"broad keyword, but it is the item noun","DIBBS RFQ Text Search result, AMSC field, retrieved 20260930T161037Z",past deadline
SPE7M826Q0197,5930-01-317-0564,SPE7M826Q0197,07-23-2026,08-06-2026,2026-08-21 02:41:27,Origin,Origin,None,7014134627,https://dibbs2.bsm.dla.mil/Downloads/RFQ/7/SPE7M826Q0197.PDF,https://www.dibbs.bsm.dla.mil/RFQ/RFQRec.aspx?sn=SPE7M826Q0197,https://www.dibbs.bsm.dla.mil/rfq/rfqrec.aspx?sn=SPE7M826Q0197,SWITCH,14,20260930T161037Z,5930-01-317-0564,"SWITCH,PROXIMITY",G,335314,19.0,,,2026-07-23,2026-08-06,SWITCH,DIBBS|SPE7M826Q0197|5930-01-317-0564,C07,Switches / Pushbuttons / Keyboards / Controls,SWITCH,SWITCH,True,core,"broad keyword, but it is the item noun","DIBBS RFQ Text Search result, AMSC field, retrieved 20260930T161037Z",past deadline
SPE7M526T525B,5999-00-935-2312,SPE7M526T525B,09-25-2026,10-05-2026,2026-09-24 06:42:59,Origin,Origin,Tech,7018495190,https://dibbs2.bsm.dla.mil/Downloads/RFQ/B/SPE7M526T525B.PDF,https://www.dibbs.bsm.dla.mil/RFQ/RFQRec.aspx?sn=SPE7M526T525B,https://www.dibbs.bsm.dla.mil/rfq/rfqrec.aspx?sn=SPE7M526T525B,SWITCH,14,20260930T161037Z,5999-00-935-2312,CONNECTOR-SWITCH,G,334416,33.0,,,2026-09-25,2026-10-05,SWITCH,DIBBS|SPE7M526T525B|5999-00-935-2312,C07,Switches / Pushbuttons / Keyboards / Controls,SWITCH,SWITCH,True,core,"broad keyword, but it is the item noun","DIBBS RFQ Text Search result, AMSC field, retrieved 20260930T161037Z",open by deadline
SPE7M026T063A,5999-01-576-0387,SPE7M026T063A,08-28-2026,09-08-2026,2026-08-27 04:59:12,Origin,Destination,Tech,7018065071,https://dibbs2.bsm.dla.mil/Downloads/RFQ/A/SPE7M026T063A.PDF,https://www.dibbs.bsm.dla.mil/RFQ/RFQRec.aspx?sn=SPE7M026T063A,https://www.dibbs.bsm.dla.mil/rfq/rfqrec.aspx?sn=SPE7M026T063A,SWITCH,15,20260930T161055Z,5999-01-576-0387,CONNECTOR-SWITCH,G,335931,50.0,,,2026-08-28,2026-09-08,SWITCH,DIBBS|SPE7M026T063A|5999-01-576-0387,C07,Switches / Pushbuttons / Keyboards / Controls,SWITCH,SWITCH,True,core,"broad keyword, but it is the item noun","DIBBS RFQ Text Search result, AMSC field, retrieved 20260930T161055Z",past deadline
SPE8E626T4359,9905-01-729-5349,SPE8E626T4359,08-27-2026,09-08-2026,2026-08-26 05:09:28,Destination,Destination,Tech,7018038124,https://dibbs2.bsm.dla.mil/Downloads/RFQ/9/SPE8E626T4359.PDF,https://www.dibbs.bsm.dla.mil/RFQ/RFQRec.aspx?sn=SPE8E626T4359,https://www.dibbs.bsm.dla.mil/rfq/rfqrec.aspx?sn=SPE8E626T4359,SWITCH,15,20260930T161055Z,9905-01-729-5349,"PLATE,IDENTIFICATION",G,339950,1.0,,,2026-08-27,2026-09-08,BOX; PLATE; SWITCH,DIBBS|SPE8E626T4359|9905-01-729-5349,C08,Plates / Markings / Mounting / Misc,PLATE,PLATE,True,core-adjacent,"broad keyword, but it is the item noun","DIBBS RFQ Text Search result, AMSC field, retrieved 20260930T161055Z",past deadline
SPE8E626T4155,9905-01-729-5349,SPE8E626T4155,08-07-2026,08-17-2026,2026-08-21 02:41:27,Destination,Destination,Tech,7016668856,https://dibbs2.bsm.dla.mil/Downloads/RFQ/5/SPE8E626T4155.PDF,https://www.dibbs.bsm.dla.mil/RFQ/RFQRec.aspx?sn=SPE8E626T4155,https://www.dibbs.bsm.dla.mil/rfq/rfqrec.aspx?sn=SPE8E626T4155,SWITCH,15,20260930T161055Z,9905-01-729-5349,"PLATE,IDENTIFICATIO",G,339950,1.0,,,2026-08-07,2026-08-17,PLATE; SWITCH,DIBBS|SPE8E626T4155|9905-01-729-5349,C08,Plates / Markings / Mounting / Misc,PLATE,PLATE,True,core-adjacent,"broad keyword, but it is the item noun","DIBBS RFQ Text Search result, AMSC field, retrieved 20260930T161055Z",past deadline
SPE7M826T6640,5930-01-167-4606,SPE7M826T6640,09-14-2026,09-24-2026,2026-09-13 03:47:14,Origin,Origin,Tech,7018274773,https://dibbs2.bsm.dla.mil/Downloads/RFQ/0/SPE7M826T6640.PDF,https://www.dibbs.bsm.dla.mil/RFQ/RFQRec.aspx?sn=SPE7M826T6640,https://www.dibbs.bsm.dla.mil/rfq/rfqrec.aspx?sn=SPE7M826T6640,PUSH BUTTON,1,20260930T161129Z,5930-01-167-4606,PUSH BUTTON,G,334419,20.0,,,2026-09-14,2026-09-24,BOX; PUSH BUTTON,DIBBS|SPE7M826T6640|5930-01-167-4606,C07,Switches / Pushbuttons / Keyboards / Controls,PUSH BUTTON,PUSH BUTTON,False,core,,"DIBBS RFQ Text Search result, AMSC field, retrieved 20260930T161129Z",past deadline
SPE7M826T5908,5930-01-367-8616,SPE7M826T5908,08-07-2026,08-17-2026,2026-08-21 02:41:27,Destination,Destination,Tech,7017608424,https://dibbs2.bsm.dla.mil/Downloads/RFQ/8/SPE7M826T5908.PDF,https://www.dibbs.bsm.dla.mil/RFQ/RFQRec.aspx?sn=SPE7M826T5908,https://www.dibbs.bsm.dla.mil/rfq/rfqrec.aspx?sn=SPE7M826T5908,PUSH BUTTON,1,20260930T161129Z,5930-01-367-8616,PUSH BUTTON,G,334419,1.0,,,2026-08-07,2026-08-17,PUSH BUTTON,DIBBS|SPE7M826T5908|5930-01-367-8616,C07,Switches / Pushbuttons / Keyboards / Controls,PUSH BUTTON,PUSH BUTTON,False,core,,"DIBBS RFQ Text Search result, AMSC field, retrieved 20260930T161129Z",past deadline
SPE8EN26T3157,7040-01-462-8859,SPE8EN26T3157,09-15-2026,09-25-2026,2026-09-14 07:06:57,Origin,Destination,Tech,7018161510,https://dibbs2.bsm.dla.mil/Downloads/RFQ/7/SPE8EN26T3157.PDF,https://www.dibbs.bsm.dla.mil/RFQ/RFQRec.aspx?sn=SPE8EN26T3157,https://www.dibbs.bsm.dla.mil/rfq/rfqrec.aspx?sn=SPE8EN26T3157,KEYBOARD,1,20260930T161138Z,7040-01-462-8859,KEYBOARD SUPPORT,G,336611,20.0,,,2026-09-15,2026-09-25,KEYBOARD,DIBBS|SPE8EN26T3157|7040-01-462-8859,C07,Switches / Pushbuttons / Keyboards / Controls,KEYBOARD,KEYBOARD,False,core,,"DIBBS RFQ Text Search result, AMSC field, retrieved 20260930T161138Z",past deadline
SPE8EN26T2916,7025-01-609-7428,SPE8EN26T2916,08-13-2026,08-24-2026,2026-08-21 02:41:27,Destination,Destination,Tech,7014346274,https://dibbs2.bsm.dla.mil/Downloads/RFQ/6/SPE8EN26T2916.PDF,https://www.dibbs.bsm.dla.mil/RFQ/RFQRec.aspx?sn=SPE8EN26T2916,https://www.dibbs.bsm.dla.mil/rfq/rfqrec.aspx?sn=SPE8EN26T2916,KEYBOARD,1,20260930T161138Z,7025-01-609-7428,"KEYBOARD,DATA ENTRY",G,334118,1.0,,,2026-08-13,2026-08-24,KEYBOARD,DIBBS|SPE8EN26T2916|7025-01-609-7428,C07,Switches / Pushbuttons / Keyboards / Controls,KEYBOARD,KEYBOARD,False,core,,"DIBBS RFQ Text Search result, AMSC field, retrieved 20260930T161138Z",past deadline
SPE7M526Q0952,4810-01-450-3787,SPE7M526Q0952,08-31-2026,09-14-2026,2026-08-30 06:10:54,Destination,Destination,Tech,7015264686; 7015264687,https://dibbs2.bsm.dla.mil/Downloads/RFQ/2/SPE7M526Q0952.PDF,https://www.dibbs.bsm.dla.mil/RFQ/RFQRec.aspx?sn=SPE7M526Q0952,https://www.dibbs.bsm.dla.mil/rfq/rfqrec.aspx?sn=SPE7M526Q0952,ACTUATOR,1,20260930T161156Z,4810-01-450-3787,"ACTUATOR,ELECTRO-PNEUM",G,332911,2.0,,,2026-08-31,2026-09-14,ACTUATOR; BOX,DIBBS|SPE7M526Q0952|4810-01-450-3787,C07,Switches / Pushbuttons / Keyboards / Controls,ACTUATOR,ACTUATOR,True,core,"broad keyword, but it is the item noun","DIBBS RFQ Text Search result, AMSC field, retrieved 20260930T161156Z",past deadline
SPE7L726T5514,1020-01-180-4933,SPE7L726T5514,09-28-2026,10-08-2026,2026-09-27 06:21:44,Destination,Origin,Tech,7018346035,https://dibbs2.bsm.dla.mil/Downloads/RFQ/4/SPE7L726T5514.PDF,https://www.dibbs.bsm.dla.mil/RFQ/RFQRec.aspx?sn=SPE7L726T5514,https://www.dibbs.bsm.dla.mil/rfq/rfqrec.aspx?sn=SPE7L726T5514,ACTUATOR,1,20260930T161156Z,1020-01-180-4933,"ACTUATOR,VALVE,PILO",G,332994,1.0,,,2026-09-28,2026-10-08,ACTUATOR,DIBBS|SPE7L726T5514|1020-01-180-4933,C07,Switches / Pushbuttons / Keyboards / Controls,ACTUATOR,ACTUATOR,True,core,"broad keyword, but it is the item noun","DIBBS RFQ Text Search result, AMSC field, retrieved 20260930T161156Z",open by deadline
SPE7L326T290Q,2590-01-493-7898,SPE7L326T290Q,09-28-2026,10-08-2026,2026-09-27 06:21:44,Origin,Origin,Tech,7017235020,https://dibbs2.bsm.dla.mil/Downloads/RFQ/Q/SPE7L326T290Q.PDF,https://www.dibbs.bsm.dla.mil/RFQ/RFQRec.aspx?sn=SPE7L326T290Q,https://www.dibbs.bsm.dla.mil/rfq/rfqrec.aspx?sn=SPE7L326T290Q,ACTUATOR,1,20260930T161156Z,2590-01-493-7898,"ACTUATOR,HYDRAULIC-",G,336992,168.0,,,2026-09-28,2026-10-08,ACTUATOR,DIBBS|SPE7L326T290Q|2590-01-493-7898,C07,Switches / Pushbuttons / Keyboards / Controls,ACTUATOR,ACTUATOR,True,core,"broad keyword, but it is the item noun","DIBBS RFQ Text Search result, AMSC field, retrieved 20260930T161156Z",open by deadline
SPE7L326T256E,3040-01-723-0637,SPE7L326T256E,09-17-2026,09-28-2026,2026-09-16 10:38:18,Origin,Origin,Tech,7017660793,https://dibbs2.bsm.dla.mil/Downloads/RFQ/E/SPE7L326T256E.PDF,https://www.dibbs.bsm.dla.mil/RFQ/RFQRec.aspx?sn=SPE7L326T256E,https://www.dibbs.bsm.dla.mil/rfq/rfqrec.aspx?sn=SPE7L326T256E,ACTUATOR,1,20260930T161156Z,3040-01-723-0637,"ACTUATOR,MECHANICAL",G,333613,1.0,,,2026-09-17,2026-09-28,ACTUATOR,DIBBS|SPE7L326T256E|3040-01-723-0637,C07,Switches / Pushbuttons / Keyboards / Controls,ACTUATOR,ACTUATOR,True,core,"broad keyword, but it is the item noun","DIBBS RFQ Text Search result, AMSC field, retrieved 20260930T161156Z",past deadline
SPE4A726T721D,1680-01-251-8495,SPE4A726T721D,09-09-2026,09-16-2026,2026-09-08 02:48:49,Origin,Origin,Tech,7017940919,https://dibbs2.bsm.dla.mil/Downloads/RFQ/D/SPE4A726T721D.PDF,https://www.dibbs.bsm.dla.mil/RFQ/RFQRec.aspx?sn=SPE4A726T721D,https://www.dibbs.bsm.dla.mil/rfq/rfqrec.aspx?sn=SPE4A726T721D,ACTUATOR,2,20260930T161213Z,1680-01-251-8495,"ACTUATOR,ELECTRO-ME",G,336413,7.0,,,2026-09-09,2026-09-16,ACTUATOR,DIBBS|SPE4A726T721D|1680-01-251-8495,C07,Switches / Pushbuttons / Keyboards / Controls,ACTUATOR,ACTUATOR,True,core,"broad keyword, but it is the item noun","DIBBS RFQ Text Search result, AMSC field, retrieved 20260930T161213Z",past deadline
SPE7L326T192W,3010-01-316-0190,SPE7L326T192W,08-21-2026,09-03-2026,2026-08-31 11:27:21,Origin,Origin,Tech,7017985245,https://dibbs2.bsm.dla.mil/Downloads/RFQ/W/SPE7L326T192W.PDF,https://www.dibbs.bsm.dla.mil/RFQ/RFQRec.aspx?sn=SPE7L326T192W,https://www.dibbs.bsm.dla.mil/rfq/rfqrec.aspx?sn=SPE7L326T192W,ACTUATOR,2,20260930T161213Z,3010-01-316-0190,"ACTUATOR,ELECTROMECHAN",G,333612,6.0,,,2026-08-21,2026-09-03,ACTUATOR,DIBBS|SPE7L326T192W|3010-01-316-0190,C07,Switches / Pushbuttons / Keyboards / Controls,ACTUATOR,ACTUATOR,True,core,"broad keyword, but it is the item noun","DIBBS RFQ Text Search result, AMSC field, retrieved 20260930T161213Z",past deadline
SPE4A626T83U6,1440-01-546-0994,SPE4A626T83U6,06-09-2026,06-16-2026,2026-08-21 02:41:27,Origin,Origin,Tech,7012491196,https://dibbs2.bsm.dla.mil/Downloads/RFQ/6/SPE4A626T83U6.PDF,https://www.dibbs.bsm.dla.mil/RFQ/RFQRec.aspx?sn=SPE4A626T83U6,https://www.dibbs.bsm.dla.mil/rfq/rfqrec.aspx?sn=SPE4A626T83U6,ACTUATOR,2,20260930T161213Z,1440-01-546-0994,"ACTUATOR,ELECTRO-ME",G,336415,70.0,,,2026-06-09,2026-06-16,ACTUATOR,DIBBS|SPE4A626T83U6|1440-01-546-0994,C07,Switches / Pushbuttons / Keyboards / Controls,ACTUATOR,ACTUATOR,True,core,"broad keyword, but it is the item noun","DIBBS RFQ Text Search result, AMSC field, retrieved 20260930T161213Z",past deadline
SPE7L326T4755,3040-01-641-5088,SPE7L326T4755,01-21-2026,02-02-2026,2026-08-21 02:41:27,Destination,Origin,Tech,7015016139,https://dibbs2.bsm.dla.mil/Downloads/RFQ/5/SPE7L326T4755.PDF,https://www.dibbs.bsm.dla.mil/RFQ/RFQRec.aspx?sn=SPE7L326T4755,https://www.dibbs.bsm.dla.mil/rfq/rfqrec.aspx?sn=SPE7L326T4755,ACTUATOR,3,20260930T161230Z,3040-01-641-5088,"ACTUATOR,MECHANICAL",G,336350,1.0,,,2026-01-21,2026-02-02,ACTUATOR,DIBBS|SPE7L326T4755|3040-01-641-5088,C07,Switches / Pushbuttons / Keyboards / Controls,ACTUATOR,ACTUATOR,True,core,"broad keyword, but it is the item noun","DIBBS RFQ Text Search result, AMSC field, retrieved 20260930T161230Z",past deadline
SPE7L326T144S,4810-01-616-3849,SPE7L326T144S,08-03-2026,08-13-2026,2026-08-21 02:41:27,Origin,Destination,Tech,7008308581,https://dibbs2.bsm.dla.mil/Downloads/RFQ/S/SPE7L326T144S.PDF,https://www.dibbs.bsm.dla.mil/RFQ/RFQRec.aspx?sn=SPE7L326T144S,https://www.dibbs.bsm.dla.mil/rfq/rfqrec.aspx?sn=SPE7L326T144S,ACTUATOR,3,20260930T161230Z,4810-01-616-3849,"ACTUATOR,HYDRAULIC-",G,332919,2.0,,,2026-08-03,2026-08-13,ACTUATOR,DIBBS|SPE7L326T144S|4810-01-616-3849,C07,Switches / Pushbuttons / Keyboards / Controls,ACTUATOR,ACTUATOR,True,core,"broad keyword, but it is the item noun","DIBBS RFQ Text Search result, AMSC field, retrieved 20260930T161230Z",past deadline
SPE7L126T610T,3040-01-670-0451,SPE7L126T610T,05-27-2026,06-08-2026,2026-08-21 02:41:27,Origin,Origin,Tech,7012858461,https://dibbs2.bsm.dla.mil/Downloads/RFQ/T/SPE7L126T610T.PDF,https://www.dibbs.bsm.dla.mil/RFQ/RFQRec.aspx?sn=SPE7L126T610T,https://www.dibbs.bsm.dla.mil/rfq/rfqrec.aspx?sn=SPE7L126T610T,ACTUATOR,3,20260930T161230Z,3040-01-670-0451,"ACTUATOR,MECHANICAL",G,333613,2.0,,,2026-05-27,2026-06-08,ACTUATOR,DIBBS|SPE7L126T610T|3040-01-670-0451,C07,Switches / Pushbuttons / Keyboards / Controls,ACTUATOR,ACTUATOR,True,core,"broad keyword, but it is the item noun","DIBBS RFQ Text Search result, AMSC field, retrieved 20260930T161230Z",past deadline
SPE4A626T43T0,1440-01-546-0994,SPE4A626T43T0,05-06-2026,05-13-2026,2026-08-21 02:41:27,Origin,Origin,Tech,7016645357,https://dibbs2.bsm.dla.mil/Downloads/RFQ/0/SPE4A626T43T0.PDF,https://www.dibbs.bsm.dla.mil/RFQ/RFQRec.aspx?sn=SPE4A626T43T0,https://www.dibbs.bsm.dla.mil/rfq/rfqrec.aspx?sn=SPE4A626T43T0,ACTUATOR,3,20260930T161230Z,1440-01-546-0994,"ACTUATOR,ELECTRO-ME",G,336415,16.0,,,2026-05-06,2026-05-13,ACTUATOR,DIBBS|SPE4A626T43T0|1440-01-546-0994,C07,Switches / Pushbuttons / Keyboards / Controls,ACTUATOR,ACTUATOR,True,core,"broad keyword, but it is the item noun","DIBBS RFQ Text Search result, AMSC field, retrieved 20260930T161230Z",past deadline
SPE7L326T114Z,2530-01-707-9921,SPE7L326T114Z,07-10-2026,07-20-2026,2026-08-21 02:41:27,Origin,Origin,Tech,7017438782,https://dibbs2.bsm.dla.mil/Downloads/RFQ/Z/SPE7L326T114Z.PDF,https://www.dibbs.bsm.dla.mil/RFQ/RFQRec.aspx?sn=SPE7L326T114Z,https://www.dibbs.bsm.dla.mil/rfq/rfqrec.aspx?sn=SPE7L326T114Z,ACTUATOR,3,20260930T161230Z,2530-01-707-9921,"ACTUATOR ASSEMBLY,PARK",G,333310,2.0,,,2026-07-10,2026-07-20,ACTUATOR,DIBBS|SPE7L326T114Z|2530-01-707-9921,C07,Switches / Pushbuttons / Keyboards / Controls,ACTUATOR,ACTUATOR,True,core,"broad keyword, but it is the item noun","DIBBS RFQ Text Search result, AMSC field, retrieved 20260930T161230Z",past deadline
SPE7MC26T7272,4810-01-705-8611,SPE7MC26T7272,03-27-2026,04-06-2026,2026-08-21 02:41:27,Origin,Destination,Tech,7016089223,https://dibbs2.bsm.dla.mil/Downloads/RFQ/2/SPE7MC26T7272.PDF,https://www.dibbs.bsm.dla.mil/RFQ/RFQRec.aspx?sn=SPE7MC26T7272,https://www.dibbs.bsm.dla.mil/rfq/rfqrec.aspx?sn=SPE7MC26T7272,ACTUATOR,4,20260930T161247Z,4810-01-705-8611,"ACTUATOR,ELECTROMEC",G,332911,9.0,,,2026-03-27,2026-04-06,ACTUATOR,DIBBS|SPE7MC26T7272|4810-01-705-8611,C07,Switches / Pushbuttons / Keyboards / Controls,ACTUATOR,ACTUATOR,True,core,"broad keyword, but it is the item noun","DIBBS RFQ Text Search result, AMSC field, retrieved 20260930T161247Z",past deadline
SPE7L326T167S,3040-01-650-4568,SPE7L326T167S,08-07-2026,08-17-2026,2026-08-21 02:41:27,Origin,Origin,Tech,7017275364,https://dibbs2.bsm.dla.mil/Downloads/RFQ/S/SPE7L326T167S.PDF,https://www.dibbs.bsm.dla.mil/RFQ/RFQRec.aspx?sn=SPE7L326T167S,https://www.dibbs.bsm.dla.mil/rfq/rfqrec.aspx?sn=SPE7L326T167S,ACTUATOR,4,20260930T161247Z,3040-01-650-4568,"ACTUATOR,MECHANICAL",G,333613,1.0,,,2026-08-07,2026-08-17,ACTUATOR,DIBBS|SPE7L326T167S|3040-01-650-4568,C07,Switches / Pushbuttons / Keyboards / Controls,ACTUATOR,ACTUATOR,True,core,"broad keyword, but it is the item noun","DIBBS RFQ Text Search result, AMSC field, retrieved 20260930T161247Z",past deadline
SPE7MC26T136C,4810-01-660-0126,SPE7MC26T136C,07-15-2026,07-27-2026,2026-08-21 02:41:27,Destination,Origin,Tech,7017425359,https://dibbs2.bsm.dla.mil/Downloads/RFQ/C/SPE7MC26T136C.PDF,https://www.dibbs.bsm.dla.mil/RFQ/RFQRec.aspx?sn=SPE7MC26T136C,https://www.dibbs.bsm.dla.mil/rfq/rfqrec.aspx?sn=SPE7MC26T136C,ACTUATOR,4,20260930T161247Z,4810-01-660-0126,"ACTUATOR,HYDRAULIC-",G,332911,1.0,,,2026-07-15,2026-07-27,ACTUATOR,DIBBS|SPE7MC26T136C|4810-01-660-0126,C07,Switches / Pushbuttons / Keyboards / Controls,ACTUATOR,ACTUATOR,True,core,"broad keyword, but it is the item noun","DIBBS RFQ Text Search result, AMSC field, retrieved 20260930T161247Z",past deadline
SPE7L326Q1276,3010-01-316-0190,SPE7L326Q1276,09-14-2026,09-28-2026,2026-09-13 03:44:59,Origin,Origin,Tech,7010167876,https://dibbs2.bsm.dla.mil/Downloads/RFQ/6/SPE7L326Q1276.PDF,https://www.dibbs.bsm.dla.mil/RFQ/RFQRec.aspx?sn=SPE7L326Q1276,https://www.dibbs.bsm.dla.mil/rfq/rfqrec.aspx?sn=SPE7L326Q1276,ACTUATOR,4,20260930T161247Z,3010-01-316-0190,"ACTUATOR,ELECTROMECHAN",G,333612,20.0,,,2026-09-14,2026-09-28,ACTUATOR,DIBBS|SPE7L326Q1276|3010-01-316-0190,C07,Switches / Pushbuttons / Keyboards / Controls,ACTUATOR,ACTUATOR,True,core,"broad keyword, but it is the item noun","DIBBS RFQ Text Search result, AMSC field, retrieved 20260930T161247Z",past deadline
SPE7L326T094Z,2530-01-707-9921,SPE7L326T094Z,06-30-2026,07-10-2026,2026-08-21 02:41:27,Origin,Origin,Tech,7017315824,https://dibbs2.bsm.dla.mil/Downloads/RFQ/Z/SPE7L326T094Z.PDF,https://www.dibbs.bsm.dla.mil/RFQ/RFQRec.aspx?sn=SPE7L326T094Z,https://www.dibbs.bsm.dla.mil/rfq/rfqrec.aspx?sn=SPE7L326T094Z,ACTUATOR,5,20260930T161304Z,2530-01-707-9921,"ACTUATOR ASSEMBLY,P",G,336330,4.0,,,2026-06-30,2026-07-10,ACTUATOR,DIBBS|SPE7L326T094Z|2530-01-707-9921,C07,Switches / Pushbuttons / Keyboards / Controls,ACTUATOR,ACTUATOR,True,core,"broad keyword, but it is the item noun","DIBBS RFQ Text Search result, AMSC field, retrieved 20260930T161304Z",past deadline
SPE8E926T3884,9535-00-781-6258,SPE8E926T3884,09-24-2026,10-05-2026,2026-09-23 04:54:56,Origin,Destination,Tech,7018364256,https://dibbs2.bsm.dla.mil/Downloads/RFQ/4/SPE8E926T3884.PDF,https://www.dibbs.bsm.dla.mil/RFQ/RFQRec.aspx?sn=SPE8E926T3884,https://www.dibbs.bsm.dla.mil/rfq/rfqrec.aspx?sn=SPE8E926T3884,PLATE,1,20260930T161322Z,9535-00-781-6258,"PLATE,METAL",G,331491,3.0,,,2026-09-24,2026-10-05,PLATE,DIBBS|SPE8E926T3884|9535-00-781-6258,C08,Plates / Markings / Mounting / Misc,PLATE,PLATE,True,core-adjacent,"broad keyword, but it is the item noun","DIBBS RFQ Text Search result, AMSC field, retrieved 20260930T161322Z",open by deadline
SPE8E426Q0398,9515-00-204-4621,SPE8E426Q0398,09-03-2026,09-10-2026,2026-09-03 03:07:11,Origin,Destination,Tech,7017585391; 7017758554,https://dibbs2.bsm.dla.mil/Downloads/RFQ/8/SPE8E426Q0398.PDF,https://www.dibbs.bsm.dla.mil/RFQ/RFQRec.aspx?sn=SPE8E426Q0398,https://www.dibbs.bsm.dla.mil/rfq/rfqrec.aspx?sn=SPE8E426Q0398,PLATE,1,20260930T161322Z,9515-00-204-4621,"PLATE,METAL",G,331221,4.0,,,2026-09-03,2026-09-10,FUEL; MARKING; PLATE,DIBBS|SPE8E426Q0398|9515-00-204-4621,C08,Plates / Markings / Mounting / Misc,PLATE,PLATE,True,core-adjacent,"broad keyword, but it is the item noun","DIBBS RFQ Text Search result, AMSC field, retrieved 20260930T161322Z",past deadline
SPE8E626T4271,9905-00-781-5732,SPE8E626T4271,08-19-2026,08-31-2026,2026-08-21 02:41:27,Origin,Destination,None,7017923927,https://dibbs2.bsm.dla.mil/Downloads/RFQ/1/SPE8E626T4271.PDF,https://www.dibbs.bsm.dla.mil/RFQ/RFQRec.aspx?sn=SPE8E626T4271,https://www.dibbs.bsm.dla.mil/rfq/rfqrec.aspx?sn=SPE8E626T4271,PLATE,1,20260930T161322Z,9905-00-781-5732,"PLATE,IDENTIFICATION",G,339950,50.0,,,2026-08-19,2026-08-31,PLATE,DIBBS|SPE8E626T4271|9905-00-781-5732,C08,Plates / Markings / Mounting / Misc,PLATE,PLATE,True,core-adjacent,"broad keyword, but it is the item noun","DIBBS RFQ Text Search result, AMSC field, retrieved 20260930T161322Z",past deadline
SPE8E626T3530,9905-00-137-2077,SPE8E626T3530,06-30-2026,07-10-2026,2026-08-21 02:41:27,Origin,Origin,Tech,7017276192,https://dibbs2.bsm.dla.mil/Downloads/RFQ/0/SPE8E626T3530.PDF,https://www.dibbs.bsm.dla.mil/RFQ/RFQRec.aspx?sn=SPE8E626T3530,https://www.dibbs.bsm.dla.mil/rfq/rfqrec.aspx?sn=SPE8E626T3530,PLATE,1,20260930T161322Z,9905-00-137-2077,"PLATE,IDENTIFICATIO",G,339950,5.0,,,2026-06-30,2026-07-10,PLATE,DIBBS|SPE8E626T3530|9905-00-137-2077,C08,Plates / Markings / Mounting / Misc,PLATE,PLATE,True,core-adjacent,"broad keyword, but it is the item noun","DIBBS RFQ Text Search result, AMSC field, retrieved 20260930T161322Z",past deadline
SPE7L326T257D,2530-00-678-6128,SPE7L326T257D,09-17-2026,10-01-2026,2026-09-28 08:03:11,Origin,Origin,Tech,7018069464,https://dibbs2.bsm.dla.mil/Downloads/RFQ/D/SPE7L326T257D.PDF,https://www.dibbs.bsm.dla.mil/RFQ/RFQRec.aspx?sn=SPE7L326T257D,https://www.dibbs.bsm.dla.mil/rfq/rfqrec.aspx?sn=SPE7L326T257D,PLATE,1,20260930T161322Z,2530-00-678-6128,"PLATE,WEAR,BRAKE SHOE",G,336340,9.0,,,2026-09-17,2026-10-01,PLATE,DIBBS|SPE7L326T257D|2530-00-678-6128,C08,Plates / Markings / Mounting / Misc,PLATE,PLATE,True,core-adjacent,"broad keyword, but it is the item noun","DIBBS RFQ Text Search result, AMSC field, retrieved 20260930T161322Z",open by deadline
SPE8E426T2366,9515-01-010-2546,SPE8E426T2366,09-29-2026,10-09-2026,2026-09-28 05:05:10,Origin,Destination,Tech,7016565236,https://dibbs2.bsm.dla.mil/Downloads/RFQ/6/SPE8E426T2366.PDF,https://www.dibbs.bsm.dla.mil/RFQ/RFQRec.aspx?sn=SPE8E426T2366,https://www.dibbs.bsm.dla.mil/rfq/rfqrec.aspx?sn=SPE8E426T2366,PLATE,1,20260930T161322Z,9515-01-010-2546,"PLATE,METAL",G,331110,3.0,,,2026-09-29,2026-10-09,PLATE,DIBBS|SPE8E426T2366|9515-01-010-2546,C08,Plates / Markings / Mounting / Misc,PLATE,PLATE,True,core-adjacent,"broad keyword, but it is the item noun","DIBBS RFQ Text Search result, AMSC field, retrieved 20260930T161322Z",open by deadline
SPE8E926T3904,9535-00-043-0080,SPE8E926T3904,09-28-2026,10-08-2026,2026-09-27 06:21:44,Origin,Destination,Tech,7018364544,https://dibbs2.bsm.dla.mil/Downloads/RFQ/4/SPE8E926T3904.PDF,https://www.dibbs.bsm.dla.mil/RFQ/RFQRec.aspx?sn=SPE8E926T3904,https://www.dibbs.bsm.dla.mil/rfq/rfqrec.aspx?sn=SPE8E926T3904,PLATE,1,20260930T161322Z,9535-00-043-0080,"PLATE,METAL",G,331491,7.0,,,2026-09-28,2026-10-08,PLATE,DIBBS|SPE8E926T3904|9535-00-043-0080,C08,Plates / Markings / Mounting / Misc,PLATE,PLATE,True,core-adjacent,"broad keyword, but it is the item noun","DIBBS RFQ Text Search result, AMSC field, retrieved 20260930T161322Z",open by deadline
SPE8E426T2249,9515-00-596-2445,SPE8E426T2249,09-15-2026,09-30-2026,2026-09-25 06:33:45,Origin,Destination,Tech,7016564739,https://dibbs2.bsm.dla.mil/Downloads/RFQ/9/SPE8E426T2249.PDF,https://www.dibbs.bsm.dla.mil/RFQ/RFQRec.aspx?sn=SPE8E426T2249,https://www.dibbs.bsm.dla.mil/rfq/rfqrec.aspx?sn=SPE8E426T2249,PLATE,1,20260930T161322Z,9515-00-596-2445,"PLATE,METAL",G,331221,11.0,,,2026-09-15,2026-09-30,MARKING; PLATE,DIBBS|SPE8E426T2249|9515-00-596-2445,C08,Plates / Markings / Mounting / Misc,PLATE,PLATE,True,core-adjacent,"broad keyword, but it is the item noun","DIBBS RFQ Text Search result, AMSC field, retrieved 20260930T161322Z",open by deadline
SPE8E426T2248,9515-00-596-2445,SPE8E426T2248,09-15-2026,09-30-2026,2026-09-25 06:15:18,Origin,Destination,Tech,7016768666,https://dibbs2.bsm.dla.mil/Downloads/RFQ/8/SPE8E426T2248.PDF,https://www.dibbs.bsm.dla.mil/RFQ/RFQRec.aspx?sn=SPE8E426T2248,https://www.dibbs.bsm.dla.mil/rfq/rfqrec.aspx?sn=SPE8E426T2248,PLATE,1,20260930T161322Z,9515-00-596-2445,"PLATE,METAL",G,331221,8.0,,,2026-09-15,2026-09-30,PLATE,DIBBS|SPE8E426T2248|9515-00-596-2445,C08,Plates / Markings / Mounting / Misc,PLATE,PLATE,True,core-adjacent,"broad keyword, but it is the item noun","DIBBS RFQ Text Search result, AMSC field, retrieved 20260930T161322Z",open by deadline
SPE8E426T2343,9515-00-640-4919,SPE8E426T2343,09-25-2026,10-05-2026,2026-09-24 06:52:53,Origin,Destination,Tech,7016566597,https://dibbs2.bsm.dla.mil/Downloads/RFQ/3/SPE8E426T2343.PDF,https://www.dibbs.bsm.dla.mil/RFQ/RFQRec.aspx?sn=SPE8E426T2343,https://www.dibbs.bsm.dla.mil/rfq/rfqrec.aspx?sn=SPE8E426T2343,PLATE,1,20260930T161322Z,9515-00-640-4919,"PLATE,METAL",G,331221,6.0,,,2026-09-25,2026-10-05,PLATE,DIBBS|SPE8E426T2343|9515-00-640-4919,C08,Plates / Markings / Mounting / Misc,PLATE,PLATE,True,core-adjacent,"broad keyword, but it is the item noun","DIBBS RFQ Text Search result, AMSC field, retrieved 20260930T161322Z",open by deadline
SPE8E426Q0413,9535-01-266-6971,SPE8E426Q0413,09-25-2026,10-02-2026,2026-09-24 04:54:53,Origin,Destination,Tech,7017622899,https://dibbs2.bsm.dla.mil/Downloads/RFQ/3/SPE8E426Q0413.PDF,https://www.dibbs.bsm.dla.mil/RFQ/RFQRec.aspx?sn=SPE8E426Q0413,https://www.dibbs.bsm.dla.mil/rfq/rfqrec.aspx?sn=SPE8E426Q0413,PLATE,1,20260930T161322Z,9535-01-266-6971,"PLATE,METAL",G,332313,1.0,,,2026-09-25,2026-10-02,FUEL; PLATE,DIBBS|SPE8E426Q0413|9535-01-266-6971,C08,Plates / Markings / Mounting / Misc,PLATE,PLATE,True,core-adjacent,"broad keyword, but it is the item noun","DIBBS RFQ Text Search result, AMSC field, retrieved 20260930T161322Z",open by deadline
SPE8E426T2335,9515-00-237-5339,SPE8E426T2335,09-25-2026,10-05-2026,2026-09-24 11:47:12,Origin,Destination,Tech,7016566549,https://dibbs2.bsm.dla.mil/Downloads/RFQ/5/SPE8E426T2335.PDF,https://www.dibbs.bsm.dla.mil/RFQ/RFQRec.aspx?sn=SPE8E426T2335,https://www.dibbs.bsm.dla.mil/rfq/rfqrec.aspx?sn=SPE8E426T2335,PLATE,1,20260930T161322Z,9515-00-237-5339,"PLATE,METAL",G,331221,6.0,,,2026-09-25,2026-10-05,MARKING; PLATE,DIBBS|SPE8E426T2335|9515-00-237-5339,C08,Plates / Markings / Mounting / Misc,PLATE,PLATE,True,core-adjacent,"broad keyword, but it is the item noun","DIBBS RFQ Text Search result, AMSC field, retrieved 20260930T161322Z",open by deadline
SPE8E426T2330,9515-00-229-0192,SPE8E426T2330,09-24-2026,10-05-2026,2026-09-23 03:22:18,Origin,Destination,Tech,7016565917,https://dibbs2.bsm.dla.mil/Downloads/RFQ/0/SPE8E426T2330.PDF,https://www.dibbs.bsm.dla.mil/RFQ/RFQRec.aspx?sn=SPE8E426T2330,https://www.dibbs.bsm.dla.mil/rfq/rfqrec.aspx?sn=SPE8E426T2330,PLATE,1,20260930T161322Z,9515-00-229-0192,"PLATE,METAL",G,331221,26.0,,,2026-09-24,2026-10-05,PLATE,DIBBS|SPE8E426T2330|9515-00-229-0192,C08,Plates / Markings / Mounting / Misc,PLATE,PLATE,True,core-adjacent,"broad keyword, but it is the item noun","DIBBS RFQ Text Search result, AMSC field, retrieved 20260930T161322Z",open by deadline
SPE8E926T3750,9515-00-187-3960,SPE8E926T3750,09-09-2026,09-24-2026,2026-09-21 09:12:58,Origin,Destination,Tech,7018161716,https://dibbs2.bsm.dla.mil/Downloads/RFQ/0/SPE8E926T3750.PDF,https://www.dibbs.bsm.dla.mil/RFQ/RFQRec.aspx?sn=SPE8E926T3750,https://www.dibbs.bsm.dla.mil/rfq/rfqrec.aspx?sn=SPE8E926T3750,PLATE,1,20260930T161322Z,9515-00-187-3960,"PLATE,FLOOR,METAL",G,331221,70.0,,,2026-09-09,2026-09-24,MARKING; PLATE,DIBBS|SPE8E926T3750|9515-00-187-3960,C08,Plates / Markings / Mounting / Misc,PLATE,PLATE,True,core-adjacent,"broad keyword, but it is the item noun","DIBBS RFQ Text Search result, AMSC field, retrieved 20260930T161322Z",past deadline
SPE8E426T2205,9535-00-824-5340,SPE8E426T2205,09-08-2026,09-23-2026,2026-09-18 06:26:53,Origin,Destination,Tech,7018161358,https://dibbs2.bsm.dla.mil/Downloads/RFQ/5/SPE8E426T2205.PDF,https://www.dibbs.bsm.dla.mil/RFQ/RFQRec.aspx?sn=SPE8E426T2205,https://www.dibbs.bsm.dla.mil/rfq/rfqrec.aspx?sn=SPE8E426T2205,PLATE,1,20260930T161322Z,9535-00-824-5340,"PLATE,METAL",G,331491,4.0,,,2026-09-08,2026-09-23,PLATE,DIBBS|SPE8E426T2205|9535-00-824-5340,C08,Plates / Markings / Mounting / Misc,PLATE,PLATE,True,core-adjacent,"broad keyword, but it is the item noun","DIBBS RFQ Text Search result, AMSC field, retrieved 20260930T161322Z",past deadline
SPE8E426T2191,9535-00-223-1872,SPE8E426T2191,09-03-2026,09-17-2026,2026-09-14 07:05:55,Origin,Destination,Tech,7017585614,https://dibbs2.bsm.dla.mil/Downloads/RFQ/1/SPE8E426T2191.PDF,https://www.dibbs.bsm.dla.mil/RFQ/RFQRec.aspx?sn=SPE8E426T2191,https://www.dibbs.bsm.dla.mil/rfq/rfqrec.aspx?sn=SPE8E426T2191,PLATE,1,20260930T161322Z,9535-00-223-1872,"PLATE,METAL",G,331491,2.0,,,2026-09-03,2026-09-17,PLATE,DIBBS|SPE8E426T2191|9535-00-223-1872,C08,Plates / Markings / Mounting / Misc,PLATE,PLATE,True,core-adjacent,"broad keyword, but it is the item noun","DIBBS RFQ Text Search result, AMSC field, retrieved 20260930T161322Z",past deadline
SPE8E426T2190,9515-01-350-5319,SPE8E426T2190,09-03-2026,09-17-2026,2026-09-14 07:05:16,Origin,Destination,Tech,7016376521,https://dibbs2.bsm.dla.mil/Downloads/RFQ/0/SPE8E426T2190.PDF,https://www.dibbs.bsm.dla.mil/RFQ/RFQRec.aspx?sn=SPE8E426T2190,https://www.dibbs.bsm.dla.mil/rfq/rfqrec.aspx?sn=SPE8E426T2190,PLATE,1,20260930T161322Z,9515-01-350-5319,"PLATE,METAL",G,331221,4.0,,,2026-09-03,2026-09-17,MARKING; PLATE,DIBBS|SPE8E426T2190|9515-01-350-5319,C08,Plates / Markings / Mounting / Misc,PLATE,PLATE,True,core-adjacent,"broad keyword, but it is the item noun","DIBBS RFQ Text Search result, AMSC field, retrieved 20260930T161322Z",past deadline
SPE8E426T2247,9535-01-013-4080,SPE8E426T2247,09-15-2026,09-25-2026,2026-09-14 12:57:47,Origin,Destination,Tech,7018161619,https://dibbs2.bsm.dla.mil/Downloads/RFQ/7/SPE8E426T2247.PDF,https://www.dibbs.bsm.dla.mil/RFQ/RFQRec.aspx?sn=SPE8E426T2247,https://www.dibbs.bsm.dla.mil/rfq/rfqrec.aspx?sn=SPE8E426T2247,PLATE,1,20260930T161322Z,9535-01-013-4080,"PLATE,METAL",G,331110,8.0,,,2026-09-15,2026-09-25,PLATE,DIBBS|SPE8E426T2247|9535-01-013-4080,C08,Plates / Markings / Mounting / Misc,PLATE,PLATE,True,core-adjacent,"broad keyword, but it is the item noun","DIBBS RFQ Text Search result, AMSC field, retrieved 20260930T161322Z",past deadline
SPE8E926T3771,9535-00-242-8613,SPE8E926T3771,09-11-2026,09-21-2026,2026-09-10 08:33:44,Origin,Destination,Tech,7017964674,https://dibbs2.bsm.dla.mil/Downloads/RFQ/1/SPE8E926T3771.PDF,https://www.dibbs.bsm.dla.mil/RFQ/RFQRec.aspx?sn=SPE8E926T3771,https://www.dibbs.bsm.dla.mil/rfq/rfqrec.aspx?sn=SPE8E926T3771,PLATE,1,20260930T161322Z,9535-00-242-8613,"PLATE,METAL",G,332313,40.0,,,2026-09-11,2026-09-21,PLATE,DIBBS|SPE8E926T3771|9535-00-242-8613,C08,Plates / Markings / Mounting / Misc,PLATE,PLATE,True,core-adjacent,"broad keyword, but it is the item noun","DIBBS RFQ Text Search result, AMSC field, retrieved 20260930T161322Z",past deadline
SPE7L126T10Y9,5340-01-560-2988,SPE7L126T10Y9,09-11-2026,09-21-2026,2026-09-10 08:10:05,Origin,Origin,Tech,7017984372,https://dibbs2.bsm.dla.mil/Downloads/RFQ/9/SPE7L126T10Y9.PDF,https://www.dibbs.bsm.dla.mil/RFQ/RFQRec.aspx?sn=SPE7L126T10Y9,https://www.dibbs.bsm.dla.mil/rfq/rfqrec.aspx?sn=SPE7L126T10Y9,PLATE,1,20260930T161322Z,5340-01-560-2988,"PLATE,MOUNTING",G,332722,19.0,,,2026-09-11,2026-09-21,PLATE,DIBBS|SPE7L126T10Y9|5340-01-560-2988,C08,Plates / Markings / Mounting / Misc,PLATE,PLATE,True,core-adjacent,"broad keyword, but it is the item noun","DIBBS RFQ Text Search result, AMSC field, retrieved 20260930T161322Z",past deadline
SPE8E426T2206,9535-00-053-1851,SPE8E426T2206,09-08-2026,09-18-2026,2026-09-07 04:26:58,Origin,Destination,Tech,7018160222,https://dibbs2.bsm.dla.mil/Downloads/RFQ/6/SPE8E426T2206.PDF,https://www.dibbs.bsm.dla.mil/RFQ/RFQRec.aspx?sn=SPE8E426T2206,https://www.dibbs.bsm.dla.mil/rfq/rfqrec.aspx?sn=SPE8E426T2206,PLATE,1,20260930T161322Z,9535-00-053-1851,"PLATE,METAL",G,331491,3.0,,,2026-09-08,2026-09-18,PLATE,DIBBS|SPE8E426T2206|9535-00-053-1851,C08,Plates / Markings / Mounting / Misc,PLATE,PLATE,True,core-adjacent,"broad keyword, but it is the item noun","DIBBS RFQ Text Search result, AMSC field, retrieved 20260930T161322Z",past deadline
SPE7M026T074M,9535-01-012-2380,SPE7M026T074M,09-08-2026,09-18-2026,2026-09-07 04:26:57,Origin,Destination,Tech,7017281970,https://dibbs2.bsm.dla.mil/Downloads/RFQ/M/SPE7M026T074M.PDF,https://www.dibbs.bsm.dla.mil/RFQ/RFQRec.aspx?sn=SPE7M026T074M,https://www.dibbs.bsm.dla.mil/rfq/rfqrec.aspx?sn=SPE7M026T074M,PLATE,1,20260930T161322Z,9535-01-012-2380,"PLATE,METAL",G,331491,1.0,,,2026-09-08,2026-09-18,PLATE,DIBBS|SPE7M026T074M|9535-01-012-2380,C08,Plates / Markings / Mounting / Misc,PLATE,PLATE,True,core-adjacent,"broad keyword, but it is the item noun","DIBBS RFQ Text Search result, AMSC field, retrieved 20260930T161322Z",past deadline
SPE8E926T3558,9515-00-952-6280,SPE8E926T3558,08-20-2026,09-03-2026,2026-08-31 11:27:57,Origin,Destination,Tech,7017758298,https://dibbs2.bsm.dla.mil/Downloads/RFQ/8/SPE8E926T3558.PDF,https://www.dibbs.bsm.dla.mil/RFQ/RFQRec.aspx?sn=SPE8E926T3558,https://www.dibbs.bsm.dla.mil/rfq/rfqrec.aspx?sn=SPE8E926T3558,PLATE,1,20260930T161322Z,9515-00-952-6280,"PLATE,METAL",G,331221,200.0,,,2026-08-20,2026-09-03,MARKING; PLATE,DIBBS|SPE8E926T3558|9515-00-952-6280,C08,Plates / Markings / Mounting / Misc,PLATE,PLATE,True,core-adjacent,"broad keyword, but it is the item noun","DIBBS RFQ Text Search result, AMSC field, retrieved 20260930T161322Z",past deadline
SPE8E426T2174,9515-00-001-3322,SPE8E426T2174,09-01-2026,09-11-2026,2026-08-31 08:58:50,Origin,Destination,Tech,7016376235,https://dibbs2.bsm.dla.mil/Downloads/RFQ/4/SPE8E426T2174.PDF,https://www.dibbs.bsm.dla.mil/RFQ/RFQRec.aspx?sn=SPE8E426T2174,https://www.dibbs.bsm.dla.mil/rfq/rfqrec.aspx?sn=SPE8E426T2174,PLATE,1,20260930T161322Z,9515-00-001-3322,"PLATE,METAL",G,331221,3.0,,,2026-09-01,2026-09-11,PLATE,DIBBS|SPE8E426T2174|9515-00-001-3322,C08,Plates / Markings / Mounting / Misc,PLATE,PLATE,True,core-adjacent,"broad keyword, but it is the item noun","DIBBS RFQ Text Search result, AMSC field, retrieved 20260930T161322Z",past deadline
SPE8E426T2171,9515-00-204-4621,SPE8E426T2171,08-28-2026,09-08-2026,2026-08-27 01:57:12,Origin,Destination,Tech,7017963950,https://dibbs2.bsm.dla.mil/Downloads/RFQ/1/SPE8E426T2171.PDF,https://www.dibbs.bsm.dla.mil/RFQ/RFQRec.aspx?sn=SPE8E426T2171,https://www.dibbs.bsm.dla.mil/rfq/rfqrec.aspx?sn=SPE8E426T2171,PLATE,1,20260930T161322Z,9515-00-204-4621,"PLATE,METAL",G,331221,2.0,,,2026-08-28,2026-09-08,PLATE,DIBBS|SPE8E426T2171|9515-00-204-4621,C08,Plates / Markings / Mounting / Misc,PLATE,PLATE,True,core-adjacent,"broad keyword, but it is the item noun","DIBBS RFQ Text Search result, AMSC field, retrieved 20260930T161322Z",past deadline
SPE8E426T2083,9515-00-153-3236,SPE8E426T2083,08-12-2026,08-28-2026,2026-08-26 01:10:40,Origin,Destination,Tech,7017422259,https://dibbs2.bsm.dla.mil/Downloads/RFQ/3/SPE8E426T2083.PDF,https://www.dibbs.bsm.dla.mil/RFQ/RFQRec.aspx?sn=SPE8E426T2083,https://www.dibbs.bsm.dla.mil/rfq/rfqrec.aspx?sn=SPE8E426T2083,PLATE,1,20260930T161322Z,9515-00-153-3236,"PLATE,METAL",G,331221,45.0,,,2026-08-12,2026-08-28,MARKING; PLATE,DIBBS|SPE8E426T2083|9515-00-153-3236,C08,Plates / Markings / Mounting / Misc,PLATE,PLATE,True,core-adjacent,"broad keyword, but it is the item noun","DIBBS RFQ Text Search result, AMSC field, retrieved 20260930T161322Z",past deadline
SPE7M026Q1238,9535-01-012-2380,SPE7M026Q1238,08-26-2026,09-09-2026,2026-08-25 01:55:48,Origin,Destination,Tech,7017281419,https://dibbs2.bsm.dla.mil/Downloads/RFQ/8/SPE7M026Q1238.PDF,https://www.dibbs.bsm.dla.mil/RFQ/RFQRec.aspx?sn=SPE7M026Q1238,https://www.dibbs.bsm.dla.mil/rfq/rfqrec.aspx?sn=SPE7M026Q1238,PLATE,1,20260930T161322Z,9535-01-012-2380,"PLATE,METAL",G,331491,1.0,,,2026-08-26,2026-09-09,FUEL; PLATE,DIBBS|SPE7M026Q1238|9535-01-012-2380,C08,Plates / Markings / Mounting / Misc,PLATE,PLATE,True,core-adjacent,"broad keyword, but it is the item noun","DIBBS RFQ Text Search result, AMSC field, retrieved 20260930T161322Z",past deadline
SPE8E926Q0708,9535-00-053-1852,SPE8E926Q0708,08-20-2026,08-20-2026,2026-08-23 07:57:43,Origin,Destination,Tech,7016769221,https://dibbs2.bsm.dla.mil/Downloads/RFQ/8/SPE8E926Q0708.PDF,https://www.dibbs.bsm.dla.mil/RFQ/RFQRec.aspx?sn=SPE8E926Q0708,https://www.dibbs.bsm.dla.mil/rfq/rfqrec.aspx?sn=SPE8E926Q0708,PLATE,1,20260930T161322Z,9535-00-053-1852,"PLATE,METAL",G,331491,3.0,,,2026-08-20,2026-08-20,FUEL; PLATE,DIBBS|SPE8E926Q0708|9535-00-053-1852,C08,Plates / Markings / Mounting / Misc,PLATE,PLATE,True,core-adjacent,"broad keyword, but it is the item noun","DIBBS RFQ Text Search result, AMSC field, retrieved 20260930T161322Z",past deadline
SPE7M326T8352,4730-01-535-5474,SPE7M326T8352,08-21-2026,08-31-2026,2026-08-22 11:29:04,Origin,Destination,Tech,7017808957,https://dibbs2.bsm.dla.mil/Downloads/RFQ/2/SPE7M326T8352.PDF,https://www.dibbs.bsm.dla.mil/RFQ/RFQRec.aspx?sn=SPE7M326T8352,https://www.dibbs.bsm.dla.mil/rfq/rfqrec.aspx?sn=SPE7M326T8352,PLATE,1,20260930T161322Z,4730-01-535-5474,"PLATE,ORIFICE,FLUID",G,332996,1.0,,,2026-08-21,2026-08-31,PLATE,DIBBS|SPE7M326T8352|4730-01-535-5474,C08,Plates / Markings / Mounting / Misc,PLATE,PLATE,True,core-adjacent,"broad keyword, but it is the item noun","DIBBS RFQ Text Search result, AMSC field, retrieved 20260930T161322Z",past deadline
SPE8E426T1918,9535-01-012-3426,SPE8E426T1918,07-23-2026,08-06-2026,2026-08-21 02:41:27,Origin,Destination,Tech,7017585148,https://dibbs2.bsm.dla.mil/Downloads/RFQ/8/SPE8E426T1918.PDF,https://www.dibbs.bsm.dla.mil/RFQ/RFQRec.aspx?sn=SPE8E426T1918,https://www.dibbs.bsm.dla.mil/rfq/rfqrec.aspx?sn=SPE8E426T1918,PLATE,1,20260930T161322Z,9535-01-012-3426,"PLATE,METAL",G,331491,11.0,,,2026-07-23,2026-08-06,PLATE,DIBBS|SPE8E426T1918|9535-01-012-3426,C08,Plates / Markings / Mounting / Misc,PLATE,PLATE,True,core-adjacent,"broad keyword, but it is the item noun","DIBBS RFQ Text Search result, AMSC field, retrieved 20260930T161322Z",past deadline
SPE8E926T2754,9535-01-441-3470,SPE8E926T2754,06-01-2026,06-16-2026,2026-08-21 02:41:27,Origin,Origin,Tech,7016956704,https://dibbs2.bsm.dla.mil/Downloads/RFQ/4/SPE8E926T2754.PDF,https://www.dibbs.bsm.dla.mil/RFQ/RFQRec.aspx?sn=SPE8E926T2754,https://www.dibbs.bsm.dla.mil/rfq/rfqrec.aspx?sn=SPE8E926T2754,PLATE,1,20260930T161322Z,9535-01-441-3470,"PLATE,METAL",G,331110,2.0,,,2026-06-01,2026-06-16,PLATE,DIBBS|SPE8E926T2754|9535-01-441-3470,C08,Plates / Markings / Mounting / Misc,PLATE,PLATE,True,core-adjacent,"broad keyword, but it is the item noun","DIBBS RFQ Text Search result, AMSC field, retrieved 20260930T161322Z",past deadline
SPE8E426T1487,9515-01-435-1763,SPE8E426T1487,05-06-2026,05-18-2026,2026-08-21 02:41:27,Origin,Destination,Tech,7015990322,https://dibbs2.bsm.dla.mil/Downloads/RFQ/7/SPE8E426T1487.PDF,https://www.dibbs.bsm.dla.mil/RFQ/RFQRec.aspx?sn=SPE8E426T1487,https://www.dibbs.bsm.dla.mil/rfq/rfqrec.aspx?sn=SPE8E426T1487,PLATE,1,20260930T161322Z,9515-01-435-1763,"PLATE,METAL",G,331221,10.0,,,2026-05-06,2026-05-18,PLATE,DIBBS|SPE8E426T1487|9515-01-435-1763,C08,Plates / Markings / Mounting / Misc,PLATE,PLATE,True,core-adjacent,"broad keyword, but it is the item noun","DIBBS RFQ Text Search result, AMSC field, retrieved 20260930T161322Z",past deadline
SPE7L126Q1464,5340-01-590-0080,SPE7L126Q1464,08-05-2026,08-19-2026,2026-08-21 02:41:27,Origin,Origin,Tech,7012126082,https://dibbs2.bsm.dla.mil/Downloads/RFQ/4/SPE7L126Q1464.PDF,https://www.dibbs.bsm.dla.mil/RFQ/RFQRec.aspx?sn=SPE7L126Q1464,https://www.dibbs.bsm.dla.mil/rfq/rfqrec.aspx?sn=SPE7L126Q1464,PLATE,1,20260930T161322Z,5340-01-590-0080,"PLATE,MOUNTING",G,332722,10.0,,,2026-08-05,2026-08-19,FUEL; PLATE,DIBBS|SPE7L126Q1464|5340-01-590-0080,C08,Plates / Markings / Mounting / Misc,PLATE,PLATE,True,core-adjacent,"broad keyword, but it is the item noun","DIBBS RFQ Text Search result, AMSC field, retrieved 20260930T161322Z",past deadline
SPE8E926T3206,9535-00-232-7551,SPE8E926T3206,07-23-2026,08-03-2026,2026-08-21 02:41:27,Origin,Destination,Tech,7017585638,https://dibbs2.bsm.dla.mil/Downloads/RFQ/6/SPE8E926T3206.PDF,https://www.dibbs.bsm.dla.mil/RFQ/RFQRec.aspx?sn=SPE8E926T3206,https://www.dibbs.bsm.dla.mil/rfq/rfqrec.aspx?sn=SPE8E926T3206,PLATE,1,20260930T161322Z,9535-00-232-7551,"PLATE,METAL",G,331491,11.0,,,2026-07-23,2026-08-03,PLATE,DIBBS|SPE8E926T3206|9535-00-232-7551,C08,Plates / Markings / Mounting / Misc,PLATE,PLATE,True,core-adjacent,"broad keyword, but it is the item noun","DIBBS RFQ Text Search result, AMSC field, retrieved 20260930T161322Z",past deadline
SPE8E426T1791,9535-00-596-2008,SPE8E426T1791,06-15-2026,06-30-2026,2026-08-21 02:41:27,Origin,Destination,Tech,7017122655,https://dibbs2.bsm.dla.mil/Downloads/RFQ/1/SPE8E426T1791.PDF,https://www.dibbs.bsm.dla.mil/RFQ/RFQRec.aspx?sn=SPE8E426T1791,https://www.dibbs.bsm.dla.mil/rfq/rfqrec.aspx?sn=SPE8E426T1791,PLATE,1,20260930T161322Z,9535-00-596-2008,"PLATE,METAL",G,331491,22.0,,,2026-06-15,2026-06-30,PLATE,DIBBS|SPE8E426T1791|9535-00-596-2008,C08,Plates / Markings / Mounting / Misc,PLATE,PLATE,True,core-adjacent,"broad keyword, but it is the item noun","DIBBS RFQ Text Search result, AMSC field, retrieved 20260930T161322Z",past deadline
SPE8E426T2024,9515-00-233-6266,SPE8E426T2024,08-07-2026,08-20-2026,2026-08-21 02:41:27,Origin,Destination,Tech,7016566605,https://dibbs2.bsm.dla.mil/Downloads/RFQ/4/SPE8E426T2024.PDF,https://www.dibbs.bsm.dla.mil/RFQ/RFQRec.aspx?sn=SPE8E426T2024,https://www.dibbs.bsm.dla.mil/rfq/rfqrec.aspx?sn=SPE8E426T2024,PLATE,1,20260930T161322Z,9515-00-233-6266,"PLATE,METAL",G,331221,22.0,,,2026-08-07,2026-08-20,MARKING; PLATE,DIBBS|SPE8E426T2024|9515-00-233-6266,C08,Plates / Markings / Mounting / Misc,PLATE,PLATE,True,core-adjacent,"broad keyword, but it is the item noun","DIBBS RFQ Text Search result, AMSC field, retrieved 20260930T161322Z",past deadline
SPE8E426T1942,9535-00-003-6946,SPE8E426T1942,08-06-2026,08-17-2026,2026-08-21 02:41:27,Origin,Destination,Tech,7017758629,https://dibbs2.bsm.dla.mil/Downloads/RFQ/2/SPE8E426T1942.PDF,https://www.dibbs.bsm.dla.mil/RFQ/RFQRec.aspx?sn=SPE8E426T1942,https://www.dibbs.bsm.dla.mil/rfq/rfqrec.aspx?sn=SPE8E426T1942,PLATE,1,20260930T161322Z,9535-00-003-6946,"PLATE,METAL",G,331491,2.0,,,2026-08-06,2026-08-17,PLATE,DIBBS|SPE8E426T1942|9535-00-003-6946,C08,Plates / Markings / Mounting / Misc,PLATE,PLATE,True,core-adjacent,"broad keyword, but it is the item noun","DIBBS RFQ Text Search result, AMSC field, retrieved 20260930T161322Z",past deadline
SPE8E426T1759,9515-00-224-3090,SPE8E426T1759,06-11-2026,06-25-2026,2026-08-21 02:41:27,Origin,Destination,None,7017123083,https://dibbs2.bsm.dla.mil/Downloads/RFQ/9/SPE8E426T1759.PDF,https://www.dibbs.bsm.dla.mil/RFQ/RFQRec.aspx?sn=SPE8E426T1759,https://www.dibbs.bsm.dla.mil/rfq/rfqrec.aspx?sn=SPE8E426T1759,PLATE,1,20260930T161322Z,9515-00-224-3090,"PLATE,METAL",G,331221,7.0,,,2026-06-11,2026-06-25,MARKING; PLATE,DIBBS|SPE8E426T1759|9515-00-224-3090,C08,Plates / Markings / Mounting / Misc,PLATE,PLATE,True,core-adjacent,"broad keyword, but it is the item noun","DIBBS RFQ Text Search result, AMSC field, retrieved 20260930T161322Z",past deadline
SPE8E926T3392,9535-01-431-3167,SPE8E926T3392,08-06-2026,08-20-2026,2026-08-21 02:41:27,Origin,Destination,Tech,7017585295,https://dibbs2.bsm.dla.mil/Downloads/RFQ/2/SPE8E926T3392.PDF,https://www.dibbs.bsm.dla.mil/RFQ/RFQRec.aspx?sn=SPE8E926T3392,https://www.dibbs.bsm.dla.mil/rfq/rfqrec.aspx?sn=SPE8E926T3392,PLATE,1,20260930T161322Z,9535-01-431-3167,"PLATE,METAL",G,331491,9.0,,,2026-08-06,2026-08-20,PLATE,DIBBS|SPE8E926T3392|9535-01-431-3167,C08,Plates / Markings / Mounting / Misc,PLATE,PLATE,True,core-adjacent,"broad keyword, but it is the item noun","DIBBS RFQ Text Search result, AMSC field, retrieved 20260930T161322Z",past deadline
SPE8E426T1620,9535-01-309-7184,SPE8E426T1620,05-19-2026,05-29-2026,2026-08-21 02:41:27,Origin,Destination,Tech,7016768687,https://dibbs2.bsm.dla.mil/Downloads/RFQ/0/SPE8E426T1620.PDF,https://www.dibbs.bsm.dla.mil/RFQ/RFQRec.aspx?sn=SPE8E426T1620,https://www.dibbs.bsm.dla.mil/rfq/rfqrec.aspx?sn=SPE8E426T1620,PLATE,1,20260930T161322Z,9535-01-309-7184,"PLATE,METAL",G,331491,22.0,,,2026-05-19,2026-05-29,PLATE,DIBBS|SPE8E426T1620|9535-01-309-7184,C08,Plates / Markings / Mounting / Misc,PLATE,PLATE,True,core-adjacent,"broad keyword, but it is the item noun","DIBBS RFQ Text Search result, AMSC field, retrieved 20260930T161322Z",past deadline
SPE8E426T1707,9515-00-224-3093,SPE8E426T1707,06-02-2026,06-12-2026,2026-08-21 02:41:27,Origin,Destination,Tech,7016179644,https://dibbs2.bsm.dla.mil/Downloads/RFQ/7/SPE8E426T1707.PDF,https://www.dibbs.bsm.dla.mil/RFQ/RFQRec.aspx?sn=SPE8E426T1707,https://www.dibbs.bsm.dla.mil/rfq/rfqrec.aspx?sn=SPE8E426T1707,PLATE,1,20260930T161322Z,9515-00-224-3093,"PLATE,METAL",G,331221,6.0,,,2026-06-02,2026-06-12,MARKING; PLATE,DIBBS|SPE8E426T1707|9515-00-224-3093,C08,Plates / Markings / Mounting / Misc,PLATE,PLATE,True,core-adjacent,"broad keyword, but it is the item noun","DIBBS RFQ Text Search result, AMSC field, retrieved 20260930T161322Z",past deadline
SPE8E426T2126,9535-00-242-8611,SPE8E426T2126,08-17-2026,08-27-2026,2026-08-21 02:41:27,Origin,Destination,Tech,7017757179,https://dibbs2.bsm.dla.mil/Downloads/RFQ/6/SPE8E426T2126.PDF,https://www.dibbs.bsm.dla.mil/RFQ/RFQRec.aspx?sn=SPE8E426T2126,https://www.dibbs.bsm.dla.mil/rfq/rfqrec.aspx?sn=SPE8E426T2126,PLATE,1,20260930T161322Z,9535-00-242-8611,"PLATE,METAL",G,331491,5.0,,,2026-08-17,2026-08-27,PLATE,DIBBS|SPE8E426T2126|9535-00-242-8611,C08,Plates / Markings / Mounting / Misc,PLATE,PLATE,True,core-adjacent,"broad keyword, but it is the item noun","DIBBS RFQ Text Search result, AMSC field, retrieved 20260930T161322Z",past deadline
SPE8E426T1608,9535-01-353-5538,SPE8E426T1608,05-18-2026,05-28-2026,2026-08-21 02:41:27,Origin,Destination,Tech,7016564785,https://dibbs2.bsm.dla.mil/Downloads/RFQ/8/SPE8E426T1608.PDF,https://www.dibbs.bsm.dla.mil/RFQ/RFQRec.aspx?sn=SPE8E426T1608,https://www.dibbs.bsm.dla.mil/rfq/rfqrec.aspx?sn=SPE8E426T1608,PLATE,1,20260930T161322Z,9535-01-353-5538,"PLATE,METAL",G,331491,24.0,,,2026-05-18,2026-05-28,PLATE,DIBBS|SPE8E426T1608|9535-01-353-5538,C08,Plates / Markings / Mounting / Misc,PLATE,PLATE,True,core-adjacent,"broad keyword, but it is the item noun","DIBBS RFQ Text Search result, AMSC field, retrieved 20260930T161322Z",past deadline
SPE8E426T2038,9535-01-013-4079,SPE8E426T2038,08-10-2026,08-20-2026,2026-08-21 02:41:27,Origin,Destination,Tech,7017758404,https://dibbs2.bsm.dla.mil/Downloads/RFQ/8/SPE8E426T2038.PDF,https://www.dibbs.bsm.dla.mil/RFQ/RFQRec.aspx?sn=SPE8E426T2038,https://www.dibbs.bsm.dla.mil/rfq/rfqrec.aspx?sn=SPE8E426T2038,PLATE,1,20260930T161322Z,9535-01-013-4079,"PLATE,METAL",G,332313,15.0,,,2026-08-10,2026-08-20,PLATE,DIBBS|SPE8E426T2038|9535-01-013-4079,C08,Plates / Markings / Mounting / Misc,PLATE,PLATE,True,core-adjacent,"broad keyword, but it is the item noun","DIBBS RFQ Text Search result, AMSC field, retrieved 20260930T161322Z",past deadline
SPE7M526T513R,5985-01-649-2547,SPE7M526T513R,09-18-2026,10-01-2026,2026-09-28 08:05:42,Origin,Destination,Tech,7018376993,https://dibbs2.bsm.dla.mil/Downloads/RFQ/R/SPE7M526T513R.PDF,https://www.dibbs.bsm.dla.mil/RFQ/RFQRec.aspx?sn=SPE7M526T513R,https://www.dibbs.bsm.dla.mil/rfq/rfqrec.aspx?sn=SPE7M526T513R,PLATE,2,20260930T161339Z,5985-01-649-2547,"PLATE,MOUNTING,ANTENNA",G,334419,1.0,,,2026-09-18,2026-10-01,PLATE,DIBBS|SPE7M526T513R|5985-01-649-2547,C08,Plates / Markings / Mounting / Misc,PLATE,PLATE,True,core-adjacent,"broad keyword, but it is the item noun","DIBBS RFQ Text Search result, AMSC field, retrieved 20260930T161339Z",open by deadline
SPE7L126T12Y5,5340-00-776-7847,SPE7L126T12Y5,09-17-2026,10-01-2026,2026-09-28 08:03:53,Origin,Origin,Tech,7018379612,https://dibbs2.bsm.dla.mil/Downloads/RFQ/5/SPE7L126T12Y5.PDF,https://www.dibbs.bsm.dla.mil/RFQ/RFQRec.aspx?sn=SPE7L126T12Y5,https://www.dibbs.bsm.dla.mil/rfq/rfqrec.aspx?sn=SPE7L126T12Y5,PLATE,2,20260930T161339Z,5340-00-776-7847,"PLATE,MOUNTING",G,332510,52.0,,,2026-09-17,2026-10-01,PLATE,DIBBS|SPE7L126T12Y5|5340-00-776-7847,C08,Plates / Markings / Mounting / Misc,PLATE,PLATE,True,core-adjacent,"broad keyword, but it is the item noun","DIBBS RFQ Text Search result, AMSC field, retrieved 20260930T161339Z",open by deadline
SPE8E626T4746,9905-01-098-2214,SPE8E626T4746,09-29-2026,10-09-2026,2026-09-28 02:04:55,Origin,Origin,Tech,7018560178,https://dibbs2.bsm.dla.mil/Downloads/RFQ/6/SPE8E626T4746.PDF,https://www.dibbs.bsm.dla.mil/RFQ/RFQRec.aspx?sn=SPE8E626T4746,https://www.dibbs.bsm.dla.mil/rfq/rfqrec.aspx?sn=SPE8E626T4746,PLATE,2,20260930T161339Z,9905-01-098-2214,"PLATE,IDENTIFICATIO",G,339950,2.0,,,2026-09-29,2026-10-09,PLATE,DIBBS|SPE8E626T4746|9905-01-098-2214,C08,Plates / Markings / Mounting / Misc,PLATE,PLATE,True,core-adjacent,"broad keyword, but it is the item noun","DIBBS RFQ Text Search result, AMSC field, retrieved 20260930T161339Z",open by deadline
SPE4A726T798Z,1560-00-340-4251,SPE4A726T798Z,09-29-2026,10-06-2026,2026-09-28 09:38:59,Origin,Origin,Tech,7018343307,https://dibbs2.bsm.dla.mil/Downloads/RFQ/Z/SPE4A726T798Z.PDF,https://www.dibbs.bsm.dla.mil/RFQ/RFQRec.aspx?sn=SPE4A726T798Z,https://www.dibbs.bsm.dla.mil/rfq/rfqrec.aspx?sn=SPE4A726T798Z,PLATE,2,20260930T161339Z,1560-00-340-4251,"PLATE,STRUCTURAL,AIRCR",G,336413,11.0,,,2026-09-29,2026-10-06,PLATE,DIBBS|SPE4A726T798Z|1560-00-340-4251,C08,Plates / Markings / Mounting / Misc,PLATE,PLATE,True,core-adjacent,"broad keyword, but it is the item noun","DIBBS RFQ Text Search result, AMSC field, retrieved 20260930T161339Z",open by deadline
SPE7M426T450T,2040-01-691-0985,SPE7M426T450T,09-28-2026,10-08-2026,2026-09-27 06:21:44,Destination,Destination,Tech,7017919111,https://dibbs2.bsm.dla.mil/Downloads/RFQ/T/SPE7M426T450T.PDF,https://www.dibbs.bsm.dla.mil/RFQ/RFQRec.aspx?sn=SPE7M426T450T,https://www.dibbs.bsm.dla.mil/rfq/rfqrec.aspx?sn=SPE7M426T450T,PLATE,2,20260930T161339Z,2040-01-691-0985,"WEAR PLATE,DOOR,MAR",G,114119,16.0,,,2026-09-28,2026-10-08,PLATE,DIBBS|SPE7M426T450T|2040-01-691-0985,C08,Plates / Markings / Mounting / Misc,PLATE,PLATE,True,core-adjacent,"broad keyword, but it is the item noun","DIBBS RFQ Text Search result, AMSC field, retrieved 20260930T161339Z",open by deadline
SPE7L426T7243,3950-01-342-4088,SPE7L426T7243,09-28-2026,10-08-2026,2026-09-27 06:21:43,Origin,Origin,Tech,7018517341,https://dibbs2.bsm.dla.mil/Downloads/RFQ/3/SPE7L426T7243.PDF,https://www.dibbs.bsm.dla.mil/RFQ/RFQRec.aspx?sn=SPE7L426T7243,https://www.dibbs.bsm.dla.mil/rfq/rfqrec.aspx?sn=SPE7L426T7243,PLATE,2,20260930T161339Z,3950-01-342-4088,"WEAR PLATE,CRANE",G,333923,18.0,,,2026-09-28,2026-10-08,PLATE,DIBBS|SPE7L426T7243|3950-01-342-4088,C08,Plates / Markings / Mounting / Misc,PLATE,PLATE,True,core-adjacent,"broad keyword, but it is the item noun","DIBBS RFQ Text Search result, AMSC field, retrieved 20260930T161339Z",open by deadline
SPE8EE26T2689,3950-01-342-4089,SPE8EE26T2689,09-28-2026,10-08-2026,2026-09-27 06:21:43,Origin,Origin,Tech,7018517343,https://dibbs2.bsm.dla.mil/Downloads/RFQ/9/SPE8EE26T2689.PDF,https://www.dibbs.bsm.dla.mil/RFQ/RFQRec.aspx?sn=SPE8EE26T2689,https://www.dibbs.bsm.dla.mil/rfq/rfqrec.aspx?sn=SPE8EE26T2689,PLATE,2,20260930T161339Z,3950-01-342-4089,"WEAR PLATE,CRANE",G,333923,1.0,,,2026-09-28,2026-10-08,PLATE,DIBBS|SPE8EE26T2689|3950-01-342-4089,C08,Plates / Markings / Mounting / Misc,PLATE,PLATE,True,core-adjacent,"broad keyword, but it is the item noun","DIBBS RFQ Text Search result, AMSC field, retrieved 20260930T161339Z",open by deadline
SPE7L126T17W1,5340-01-670-1373,SPE7L126T17W1,09-28-2026,10-08-2026,2026-09-27 06:21:43,Origin,Origin,Tech,7018517248,https://dibbs2.bsm.dla.mil/Downloads/RFQ/1/SPE7L126T17W1.PDF,https://www.dibbs.bsm.dla.mil/RFQ/RFQRec.aspx?sn=SPE7L126T17W1,https://www.dibbs.bsm.dla.mil/rfq/rfqrec.aspx?sn=SPE7L126T17W1,PLATE,2,20260930T161339Z,5340-01-670-1373,"PLATE,MOUNTING",G,332510,1.0,,,2026-09-28,2026-10-08,PLATE,DIBBS|SPE7L126T17W1|5340-01-670-1373,C08,Plates / Markings / Mounting / Misc,PLATE,PLATE,True,core-adjacent,"broad keyword, but it is the item noun","DIBBS RFQ Text Search result, AMSC field, retrieved 20260930T161339Z",open by deadline
SPE7L126T17V7,2590-01-669-9292,SPE7L126T17V7,09-28-2026,10-08-2026,2026-09-27 06:21:43,Origin,Origin,Tech,7018517417,https://dibbs2.bsm.dla.mil/Downloads/RFQ/7/SPE7L126T17V7.PDF,https://www.dibbs.bsm.dla.mil/RFQ/RFQRec.aspx?sn=SPE7L126T17V7,https://www.dibbs.bsm.dla.mil/rfq/rfqrec.aspx?sn=SPE7L126T17V7,PLATE,2,20260930T161339Z,2590-01-669-9292,"PLATE,MOUNTING",G,333310,1.0,,,2026-09-28,2026-10-08,PLATE,DIBBS|SPE7L126T17V7|2590-01-669-9292,C08,Plates / Markings / Mounting / Misc,PLATE,PLATE,True,core-adjacent,"broad keyword, but it is the item noun","DIBBS RFQ Text Search result, AMSC field, retrieved 20260930T161339Z",open by deadline
SPE7L126T11Y6,5340-01-729-7972,SPE7L126T11Y6,09-15-2026,09-30-2026,2026-09-25 06:33:46,Origin,Destination,Tech,7018068488,https://dibbs2.bsm.dla.mil/Downloads/RFQ/6/SPE7L126T11Y6.PDF,https://www.dibbs.bsm.dla.mil/RFQ/RFQRec.aspx?sn=SPE7L126T11Y6,https://www.dibbs.bsm.dla.mil/rfq/rfqrec.aspx?sn=SPE7L126T11Y6,PLATE,2,20260930T161339Z,5340-01-729-7972,"PLATE,MASKING",G,332510,2.0,,,2026-09-15,2026-09-30,PLATE,DIBBS|SPE7L126T11Y6|5340-01-729-7972,C08,Plates / Markings / Mounting / Misc,PLATE,PLATE,True,core-adjacent,"broad keyword, but it is the item noun","DIBBS RFQ Text Search result, AMSC field, retrieved 20260930T161339Z",open by deadline
SPE8E626T4728,9905-01-496-3743,SPE8E626T4728,09-25-2026,10-05-2026,2026-09-24 07:23:47,Destination,Destination,Tech,7018468439,https://dibbs2.bsm.dla.mil/Downloads/RFQ/8/SPE8E626T4728.PDF,https://www.dibbs.bsm.dla.mil/RFQ/RFQRec.aspx?sn=SPE8E626T4728,https://www.dibbs.bsm.dla.mil/rfq/rfqrec.aspx?sn=SPE8E626T4728,PLATE,2,20260930T161339Z,9905-01-496-3743,"PLATE,IDENTIFICATION",G,339950,1.0,,,2026-09-25,2026-10-05,PLATE,DIBBS|SPE8E626T4728|9905-01-496-3743,C08,Plates / Markings / Mounting / Misc,PLATE,PLATE,True,core-adjacent,"broad keyword, but it is the item noun","DIBBS RFQ Text Search result, AMSC field, retrieved 20260930T161339Z",open by deadline
SPE4A626T36VJ,5325-00-410-0033,SPE4A626T36VJ,09-25-2026,10-02-2026,2026-09-24 06:52:53,Origin,Origin,Tech,7018249325,https://dibbs2.bsm.dla.mil/Downloads/RFQ/J/SPE4A626T36VJ.PDF,https://www.dibbs.bsm.dla.mil/RFQ/RFQRec.aspx?sn=SPE4A626T36VJ,https://www.dibbs.bsm.dla.mil/rfq/rfqrec.aspx?sn=SPE4A626T36VJ,PLATE,2,20260930T161339Z,5325-00-410-0033,PLATE SPACER,G,332510,534.0,,,2026-09-25,2026-10-02,PLATE,DIBBS|SPE4A626T36VJ|5325-00-410-0033,C08,Plates / Markings / Mounting / Misc,PLATE,PLATE,True,core-adjacent,"broad keyword, but it is the item noun","DIBBS RFQ Text Search result, AMSC field, retrieved 20260930T161339Z",open by deadline
SPE8E626T4718,9905-01-418-8323,SPE8E626T4718,09-25-2026,10-05-2026,2026-09-24 04:56:31,Origin,Destination,Tech,7018487299,https://dibbs2.bsm.dla.mil/Downloads/RFQ/8/SPE8E626T4718.PDF,https://www.dibbs.bsm.dla.mil/RFQ/RFQRec.aspx?sn=SPE8E626T4718,https://www.dibbs.bsm.dla.mil/rfq/rfqrec.aspx?sn=SPE8E626T4718,PLATE,2,20260930T161339Z,9905-01-418-8323,"PLATE,INSTRUCTION",G,339950,30.0,,,2026-09-25,2026-10-05,PLATE,DIBBS|SPE8E626T4718|9905-01-418-8323,C08,Plates / Markings / Mounting / Misc,PLATE,PLATE,True,core-adjacent,"broad keyword, but it is the item noun","DIBBS RFQ Text Search result, AMSC field, retrieved 20260930T161339Z",open by deadline
SPE8E426Q0415,9515-25-160-4477,SPE8E426Q0415,09-25-2026,10-02-2026,2026-09-24 04:55:13,Origin,Destination,Tech,7016178908,https://dibbs2.bsm.dla.mil/Downloads/RFQ/5/SPE8E426Q0415.PDF,https://www.dibbs.bsm.dla.mil/RFQ/RFQRec.aspx?sn=SPE8E426Q0415,https://www.dibbs.bsm.dla.mil/rfq/rfqrec.aspx?sn=SPE8E426Q0415,PLATE,2,20260930T161339Z,9515-25-160-4477,"PLATE,METAL",G,333415,54.0,,,2026-09-25,2026-10-02,FUEL; PLATE,DIBBS|SPE8E426Q0415|9515-25-160-4477,C08,Plates / Markings / Mounting / Misc,PLATE,PLATE,True,core-adjacent,"broad keyword, but it is the item noun","DIBBS RFQ Text Search result, AMSC field, retrieved 20260930T161339Z",open by deadline
SPE4A626T36TB,3110-00-679-9631,SPE4A626T36TB,09-25-2026,10-02-2026,2026-09-24 02:36:42,Origin,Origin,Tech,7018379738,https://dibbs2.bsm.dla.mil/Downloads/RFQ/B/SPE4A626T36TB.PDF,https://www.dibbs.bsm.dla.mil/RFQ/RFQRec.aspx?sn=SPE4A626T36TB,https://www.dibbs.bsm.dla.mil/rfq/rfqrec.aspx?sn=SPE4A626T36TB,PLATE,2,20260930T161339Z,3110-00-679-9631,"PLATE,RETAINING,BEARIN",G,332991,25.0,,,2026-09-25,2026-10-02,PLATE,DIBBS|SPE4A626T36TB|3110-00-679-9631,C08,Plates / Markings / Mounting / Misc,PLATE,PLATE,True,core-adjacent,"broad keyword, but it is the item noun","DIBBS RFQ Text Search result, AMSC field, retrieved 20260930T161339Z",open by deadline
SPE4A726T793H,5975-01-702-1296,SPE4A726T793H,09-25-2026,10-02-2026,2026-09-24 12:47:09,Origin,Origin,Tech,7018045402,https://dibbs2.bsm.dla.mil/Downloads/RFQ/H/SPE4A726T793H.PDF,https://www.dibbs.bsm.dla.mil/RFQ/RFQRec.aspx?sn=SPE4A726T793H,https://www.dibbs.bsm.dla.mil/rfq/rfqrec.aspx?sn=SPE4A726T793H,PLATE,2,20260930T161339Z,5975-01-702-1296,"PLATE,ELECTRICAL GR",G,327110,1.0,,,2026-09-25,2026-10-02,PLATE,DIBBS|SPE4A726T793H|5975-01-702-1296,C08,Plates / Markings / Mounting / Misc,PLATE,PLATE,True,core-adjacent,"broad keyword, but it is the item noun","DIBBS RFQ Text Search result, AMSC field, retrieved 20260930T161339Z",open by deadline
SPE4A626T36PD,5340-01-374-4458,SPE4A626T36PD,09-25-2026,10-02-2026,2026-09-24 11:47:12,Origin,Destination,Tech,7018343115,https://dibbs2.bsm.dla.mil/Downloads/RFQ/D/SPE4A626T36PD.PDF,https://www.dibbs.bsm.dla.mil/RFQ/RFQRec.aspx?sn=SPE4A626T36PD,https://www.dibbs.bsm.dla.mil/rfq/rfqrec.aspx?sn=SPE4A626T36PD,PLATE,2,20260930T161339Z,5340-01-374-4458,"PLATE,MOUNTING",G,332510,70.0,,,2026-09-25,2026-10-02,PLATE,DIBBS|SPE4A626T36PD|5340-01-374-4458,C08,Plates / Markings / Mounting / Misc,PLATE,PLATE,True,core-adjacent,"broad keyword, but it is the item noun","DIBBS RFQ Text Search result, AMSC field, retrieved 20260930T161339Z",open by deadline
SPE7L126T17J0,5340-00-737-9224,SPE7L126T17J0,09-25-2026,10-05-2026,2026-09-24 09:35:24,Origin,Destination,Tech,7017236878,https://dibbs2.bsm.dla.mil/Downloads/RFQ/0/SPE7L126T17J0.PDF,https://www.dibbs.bsm.dla.mil/RFQ/RFQRec.aspx?sn=SPE7L126T17J0,https://www.dibbs.bsm.dla.mil/rfq/rfqrec.aspx?sn=SPE7L126T17J0,PLATE,2,20260930T161339Z,5340-00-737-9224,"PLATE,MOUNTING",G,332510,137.0,,,2026-09-25,2026-10-05,PLATE,DIBBS|SPE7L126T17J0|5340-00-737-9224,C08,Plates / Markings / Mounting / Misc,PLATE,PLATE,True,core-adjacent,"broad keyword, but it is the item noun","DIBBS RFQ Text Search result, AMSC field, retrieved 20260930T161339Z",open by deadline
SPE7L126T16Y7,5340-01-617-8878,SPE7L126T16Y7,09-25-2026,10-05-2026,2026-09-24 07:06:10,Origin,Destination,Tech,7018496509,https://dibbs2.bsm.dla.mil/Downloads/RFQ/7/SPE7L126T16Y7.PDF,https://www.dibbs.bsm.dla.mil/RFQ/RFQRec.aspx?sn=SPE7L126T16Y7,https://www.dibbs.bsm.dla.mil/rfq/rfqrec.aspx?sn=SPE7L126T16Y7,PLATE,3,20260930T161357Z,5340-01-617-8878,"PLATE,MOUNTING",G,332722,64.0,,,2026-09-25,2026-10-05,PLATE,DIBBS|SPE7L126T16Y7|5340-01-617-8878,C08,Plates / Markings / Mounting / Misc,PLATE,PLATE,True,core-adjacent,"broad keyword, but it is the item noun","DIBBS RFQ Text Search result, AMSC field, retrieved 20260930T161357Z",open by deadline
SPE7L126T16M9,5340-01-109-6235,SPE7L126T16M9,09-25-2026,10-05-2026,2026-09-24 06:42:59,Origin,Destination,Tech,7018496489,https://dibbs2.bsm.dla.mil/Downloads/RFQ/9/SPE7L126T16M9.PDF,https://www.dibbs.bsm.dla.mil/RFQ/RFQRec.aspx?sn=SPE7L126T16M9,https://www.dibbs.bsm.dla.mil/rfq/rfqrec.aspx?sn=SPE7L126T16M9,PLATE,3,20260930T161357Z,5340-01-109-6235,"PLATE,MOUNTING",G,332510,247.0,,,2026-09-25,2026-10-05,PLATE,DIBBS|SPE7L126T16M9|5340-01-109-6235,C08,Plates / Markings / Mounting / Misc,PLATE,PLATE,True,core-adjacent,"broad keyword, but it is the item noun","DIBBS RFQ Text Search result, AMSC field, retrieved 20260930T161357Z",open by deadline
SPE4A726T789B,1560-01-291-8096,SPE4A726T789B,09-24-2026,10-01-2026,2026-09-23 04:54:57,Origin,Origin,Tech,7018458904,https://dibbs2.bsm.dla.mil/Downloads/RFQ/B/SPE4A726T789B.PDF,https://www.dibbs.bsm.dla.mil/RFQ/RFQRec.aspx?sn=SPE4A726T789B,https://www.dibbs.bsm.dla.mil/rfq/rfqrec.aspx?sn=SPE4A726T789B,PLATE,3,20260930T161357Z,1560-01-291-8096,"PLATE,STRUCTURAL,AIRCR",G,336413,12.0,,,2026-09-24,2026-10-01,PLATE,DIBBS|SPE4A726T789B|1560-01-291-8096,C08,Plates / Markings / Mounting / Misc,PLATE,PLATE,True,core-adjacent,"broad keyword, but it is the item noun","DIBBS RFQ Text Search result, AMSC field, retrieved 20260930T161357Z",open by deadline
SPE7LX26U007R,5340-01-658-8789,SPE7LX26U007R,09-23-2026,10-07-2026,2026-09-22 02:15:50,Origin,Destination,Tech,1000244770,https://dibbs2.bsm.dla.mil/Downloads/RFQ/R/SPE7LX26U007R.PDF,https://www.dibbs.bsm.dla.mil/RFQ/RFQRec.aspx?sn=SPE7LX26U007R,https://www.dibbs.bsm.dla.mil/rfq/rfqrec.aspx?sn=SPE7LX26U007R,PLATE,3,20260930T161357Z,5340-01-658-8789,"PLATE,MOUNTING",G,332510,14.0,,,2026-09-23,2026-10-07,PLATE,DIBBS|SPE7LX26U007R|5340-01-658-8789,C08,Plates / Markings / Mounting / Misc,PLATE,PLATE,True,core-adjacent,"broad keyword, but it is the item noun","DIBBS RFQ Text Search result, AMSC field, retrieved 20260930T161357Z",open by deadline
SPE4A726T785J,1620-00-230-7144,SPE4A726T785J,09-23-2026,09-30-2026,2026-09-22 06:34:55,Origin,Origin,Tech,7018249465,https://dibbs2.bsm.dla.mil/Downloads/RFQ/J/SPE4A726T785J.PDF,https://www.dibbs.bsm.dla.mil/RFQ/RFQRec.aspx?sn=SPE4A726T785J,https://www.dibbs.bsm.dla.mil/rfq/rfqrec.aspx?sn=SPE4A726T785J,PLATE,3,20260930T161357Z,1620-00-230-7144,"PLATE ASSY,STRUT",G,336413,9.0,,,2026-09-23,2026-09-30,PLATE,DIBBS|SPE4A726T785J|1620-00-230-7144,C08,Plates / Markings / Mounting / Misc,PLATE,PLATE,True,core-adjacent,"broad keyword, but it is the item noun","DIBBS RFQ Text Search result, AMSC field, retrieved 20260930T161357Z",open by deadline
SPE7L726T5209,1055-01-398-5408,SPE7L726T5209,09-11-2026,09-24-2026,2026-09-21 09:11:15,Origin,Origin,Tech,7017800035,https://dibbs2.bsm.dla.mil/Downloads/RFQ/9/SPE7L726T5209.PDF,https://www.dibbs.bsm.dla.mil/RFQ/RFQRec.aspx?sn=SPE7L726T5209,https://www.dibbs.bsm.dla.mil/rfq/rfqrec.aspx?sn=SPE7L726T5209,PLATE,3,20260930T161357Z,1055-01-398-5408,"PLATE,CARRIER",G,332994,4.0,,,2026-09-11,2026-09-24,PLATE,DIBBS|SPE7L726T5209|1055-01-398-5408,C08,Plates / Markings / Mounting / Misc,PLATE,PLATE,True,core-adjacent,"broad keyword, but it is the item noun","DIBBS RFQ Text Search result, AMSC field, retrieved 20260930T161357Z",past deadline
SPE7M426T395G,2040-01-098-2432,SPE7M426T395G,09-11-2026,09-24-2026,2026-09-21 09:10:46,Origin,Destination,Tech,7018271750,https://dibbs2.bsm.dla.mil/Downloads/RFQ/G/SPE7M426T395G.PDF,https://www.dibbs.bsm.dla.mil/RFQ/RFQRec.aspx?sn=SPE7M426T395G,https://www.dibbs.bsm.dla.mil/rfq/rfqrec.aspx?sn=SPE7M426T395G,PLATE,3,20260930T161357Z,2040-01-098-2432,"PLATE ASSEMBLY,BASE",G,332510,3.0,,,2026-09-11,2026-09-24,PLATE,DIBBS|SPE7M426T395G|2040-01-098-2432,C08,Plates / Markings / Mounting / Misc,PLATE,PLATE,True,core-adjacent,"broad keyword, but it is the item noun","DIBBS RFQ Text Search result, AMSC field, retrieved 20260930T161357Z",past deadline
SPE7M126U6566,6115-01-058-2390,SPE7M126U6566,09-22-2026,10-06-2026,2026-09-21 08:32:12,Origin,Destination,Tech,1000244644,https://dibbs2.bsm.dla.mil/Downloads/RFQ/6/SPE7M126U6566.PDF,https://www.dibbs.bsm.dla.mil/RFQ/RFQRec.aspx?sn=SPE7M126U6566,https://www.dibbs.bsm.dla.mil/rfq/rfqrec.aspx?sn=SPE7M126U6566,PLATE,3,20260930T161357Z,6115-01-058-2390,"PLATE,SEAL,GENERATOR",G,335312,23.0,,,2026-09-22,2026-10-06,PLATE,DIBBS|SPE7M126U6566|6115-01-058-2390,C08,Plates / Markings / Mounting / Misc,PLATE,PLATE,True,core-adjacent,"broad keyword, but it is the item noun","DIBBS RFQ Text Search result, AMSC field, retrieved 20260930T161357Z",open by deadline
SPE8E426Q0410,9535-01-611-9013,SPE8E426Q0410,09-21-2026,10-01-2026,2026-09-21 02:55:01,Origin,Destination,Tech,7016695137,https://dibbs2.bsm.dla.mil/Downloads/RFQ/0/SPE8E426Q0410.PDF,https://www.dibbs.bsm.dla.mil/RFQ/RFQRec.aspx?sn=SPE8E426Q0410,https://www.dibbs.bsm.dla.mil/rfq/rfqrec.aspx?sn=SPE8E426Q0410,PLATE,3,20260930T161357Z,9535-01-611-9013,ARMOR PLATE,G,332313,6.0,,,2026-09-21,2026-10-01,PLATE,DIBBS|SPE8E426Q0410|9535-01-611-9013,C08,Plates / Markings / Mounting / Misc,PLATE,PLATE,True,core-adjacent,"broad keyword, but it is the item noun","DIBBS RFQ Text Search result, AMSC field, retrieved 20260930T161357Z",open by deadline
SPE7L126T14V5,5340-01-721-4041,SPE7L126T14V5,09-21-2026,10-01-2026,2026-09-21 12:15:48,Origin,Destination,Tech,7017559693,https://dibbs2.bsm.dla.mil/Downloads/RFQ/5/SPE7L126T14V5.PDF,https://www.dibbs.bsm.dla.mil/RFQ/RFQRec.aspx?sn=SPE7L126T14V5,https://www.dibbs.bsm.dla.mil/rfq/rfqrec.aspx?sn=SPE7L126T14V5,PLATE,3,20260930T161357Z,5340-01-721-4041,"PLATE,MOUNTING",G,332510,16.0,,,2026-09-21,2026-10-01,PLATE,DIBBS|SPE7L126T14V5|5340-01-721-4041,C08,Plates / Markings / Mounting / Misc,PLATE,PLATE,True,core-adjacent,"broad keyword, but it is the item noun","DIBBS RFQ Text Search result, AMSC field, retrieved 20260930T161357Z",open by deadline
SPE7L126T07A2,5340-01-510-9754,SPE7L126T07A2,09-04-2026,09-23-2026,2026-09-18 05:57:52,Origin,Destination,Tech,7017673507,https://dibbs2.bsm.dla.mil/Downloads/RFQ/2/SPE7L126T07A2.PDF,https://www.dibbs.bsm.dla.mil/RFQ/RFQRec.aspx?sn=SPE7L126T07A2,https://www.dibbs.bsm.dla.mil/rfq/rfqrec.aspx?sn=SPE7L126T07A2,PLATE,3,20260930T161357Z,5340-01-510-9754,"PLATE,MOUNTING",G,332510,1.0,,,2026-09-04,2026-09-23,PLATE,DIBBS|SPE7L126T07A2|5340-01-510-9754,C08,Plates / Markings / Mounting / Misc,PLATE,PLATE,True,core-adjacent,"broad keyword, but it is the item noun","DIBBS RFQ Text Search result, AMSC field, retrieved 20260930T161357Z",past deadline
SPE4A626T28DZ,3110-01-453-8330,SPE4A626T28DZ,09-10-2026,09-22-2026,2026-09-17 07:12:47,Origin,Origin,Tech,7015607076,https://dibbs2.bsm.dla.mil/Downloads/RFQ/Z/SPE4A626T28DZ.PDF,https://www.dibbs.bsm.dla.mil/RFQ/RFQRec.aspx?sn=SPE4A626T28DZ,https://www.dibbs.bsm.dla.mil/rfq/rfqrec.aspx?sn=SPE4A626T28DZ,PLATE,4,20260930T161415Z,3110-01-453-8330,"PLATE,RETAINING,BEA",G,332999,21.0,,,2026-09-10,2026-09-22,PLATE,DIBBS|SPE4A626T28DZ|3110-01-453-8330,C08,Plates / Markings / Mounting / Misc,PLATE,PLATE,True,core-adjacent,"broad keyword, but it is the item noun","DIBBS RFQ Text Search result, AMSC field, retrieved 20260930T161415Z",past deadline
SPE8E426Q0408,9515-25-160-4477,SPE8E426Q0408,09-17-2026,10-01-2026,2026-09-17 08:57:04,Origin,Destination,Tech,7012197849,https://dibbs2.bsm.dla.mil/Downloads/RFQ/8/SPE8E426Q0408.PDF,https://www.dibbs.bsm.dla.mil/RFQ/RFQRec.aspx?sn=SPE8E426Q0408,https://www.dibbs.bsm.dla.mil/rfq/rfqrec.aspx?sn=SPE8E426Q0408,PLATE,4,20260930T161415Z,9515-25-160-4477,"PLATE,METAL",G,333415,6.0,,,2026-09-17,2026-10-01,PLATE,DIBBS|SPE8E426Q0408|9515-25-160-4477,C08,Plates / Markings / Mounting / Misc,PLATE,PLATE,True,core-adjacent,"broad keyword, but it is the item noun","DIBBS RFQ Text Search result, AMSC field, retrieved 20260930T161415Z",open by deadline
SPE7L126T14G2,5340-01-140-4525,SPE7L126T14G2,09-18-2026,09-28-2026,2026-09-17 08:36:12,Origin,Destination,Tech,7018271876,https://dibbs2.bsm.dla.mil/Downloads/RFQ/2/SPE7L126T14G2.PDF,https://www.dibbs.bsm.dla.mil/RFQ/RFQRec.aspx?sn=SPE7L126T14G2,https://www.dibbs.bsm.dla.mil/rfq/rfqrec.aspx?sn=SPE7L126T14G2,PLATE,4,20260930T161415Z,5340-01-140-4525,"PLATE,MENDING",G,332510,50.0,,,2026-09-18,2026-09-28,PLATE,DIBBS|SPE7L126T14G2|5340-01-140-4525,C08,Plates / Markings / Mounting / Misc,PLATE,PLATE,True,core-adjacent,"broad keyword, but it is the item noun","DIBBS RFQ Text Search result, AMSC field, retrieved 20260930T161415Z",past deadline
SPE4A726T755K,1450-00-767-0167,SPE4A726T755K,09-18-2026,09-25-2026,2026-09-17 02:17:01,Origin,Destination,Tech,7018390017,https://dibbs2.bsm.dla.mil/Downloads/RFQ/K/SPE4A726T755K.PDF,https://www.dibbs.bsm.dla.mil/RFQ/RFQRec.aspx?sn=SPE4A726T755K,https://www.dibbs.bsm.dla.mil/rfq/rfqrec.aspx?sn=SPE4A726T755K,PLATE,4,20260930T161415Z,1450-00-767-0167,"PLATE,FRAME SUPPORT",G,336419,218.0,,,2026-09-18,2026-09-25,PLATE,DIBBS|SPE4A726T755K|1450-00-767-0167,C08,Plates / Markings / Mounting / Misc,PLATE,PLATE,True,core-adjacent,"broad keyword, but it is the item noun","DIBBS RFQ Text Search result, AMSC field, retrieved 20260930T161415Z",past deadline
SPE7L326T258P,3040-01-241-4818,SPE7L326T258P,09-17-2026,09-28-2026,2026-09-16 09:12:12,Origin,Destination,Tech,7018378697,https://dibbs2.bsm.dla.mil/Downloads/RFQ/P/SPE7L326T258P.PDF,https://www.dibbs.bsm.dla.mil/RFQ/RFQRec.aspx?sn=SPE7L326T258P,https://www.dibbs.bsm.dla.mil/rfq/rfqrec.aspx?sn=SPE7L326T258P,PLATE,4,20260930T161415Z,3040-01-241-4818,"PLATE,RETAINING,SHAFT",G,333613,43.0,,,2026-09-17,2026-09-28,PLATE,DIBBS|SPE7L326T258P|3040-01-241-4818,C08,Plates / Markings / Mounting / Misc,PLATE,PLATE,True,core-adjacent,"broad keyword, but it is the item noun","DIBBS RFQ Text Search result, AMSC field, retrieved 20260930T161415Z",past deadline
SPE7L026T0460,2590-01-686-7705,SPE7L026T0460,09-16-2026,09-28-2026,2026-09-15 01:22:59,Origin,Destination,Tech,7018324087,https://dibbs2.bsm.dla.mil/Downloads/RFQ/0/SPE7L026T0460.PDF,https://www.dibbs.bsm.dla.mil/RFQ/RFQRec.aspx?sn=SPE7L026T0460,https://www.dibbs.bsm.dla.mil/rfq/rfqrec.aspx?sn=SPE7L026T0460,PLATE,4,20260930T161415Z,2590-01-686-7705,"PLATE,IDENTIFICATION",G,333310,1.0,,,2026-09-16,2026-09-28,PLATE,DIBBS|SPE7L026T0460|2590-01-686-7705,C08,Plates / Markings / Mounting / Misc,PLATE,PLATE,True,core-adjacent,"broad keyword, but it is the item noun","DIBBS RFQ Text Search result, AMSC field, retrieved 20260930T161415Z",past deadline
SPE7L326T252M,2510-01-210-6942,SPE7L326T252M,09-15-2026,09-25-2026,2026-09-14 12:37:37,Origin,Origin,Tech,7017528328,https://dibbs2.bsm.dla.mil/Downloads/RFQ/M/SPE7L326T252M.PDF,https://www.dibbs.bsm.dla.mil/RFQ/RFQRec.aspx?sn=SPE7L326T252M,https://www.dibbs.bsm.dla.mil/rfq/rfqrec.aspx?sn=SPE7L326T252M,PLATE,4,20260930T161415Z,2510-01-210-6942,"PLATE,REINFORCEMENT",G,336211,48.0,,,2026-09-15,2026-09-25,PLATE,DIBBS|SPE7L326T252M|2510-01-210-6942,C08,Plates / Markings / Mounting / Misc,PLATE,PLATE,True,core-adjacent,"broad keyword, but it is the item noun","DIBBS RFQ Text Search result, AMSC field, retrieved 20260930T161415Z",past deadline
SPE7L126T11M5,5340-01-429-6034,SPE7L126T11M5,09-14-2026,09-24-2026,2026-09-13 03:47:14,Origin,Origin,Tech,7018274203,https://dibbs2.bsm.dla.mil/Downloads/RFQ/5/SPE7L126T11M5.PDF,https://www.dibbs.bsm.dla.mil/RFQ/RFQRec.aspx?sn=SPE7L126T11M5,https://www.dibbs.bsm.dla.mil/rfq/rfqrec.aspx?sn=SPE7L126T11M5,PLATE,4,20260930T161415Z,5340-01-429-6034,ROOF PLATE ASSEMBLY,G,332722,1.0,,,2026-09-14,2026-09-24,PLATE,DIBBS|SPE7L126T11M5|5340-01-429-6034,C08,Plates / Markings / Mounting / Misc,PLATE,PLATE,True,core-adjacent,"broad keyword, but it is the item noun","DIBBS RFQ Text Search result, AMSC field, retrieved 20260930T161415Z",past deadline
SPE7LX26U002T,2590-01-698-8230,SPE7LX26U002T,09-14-2026,09-28-2026,2026-09-13 03:47:14,Origin,Destination,Tech,1000240960,https://dibbs2.bsm.dla.mil/Downloads/RFQ/T/SPE7LX26U002T.PDF,https://www.dibbs.bsm.dla.mil/RFQ/RFQRec.aspx?sn=SPE7LX26U002T,https://www.dibbs.bsm.dla.mil/rfq/rfqrec.aspx?sn=SPE7LX26U002T,PLATE,4,20260930T161415Z,2590-01-698-8230,"PLATE,IDENTIFICATION",G,333310,127.0,,,2026-09-14,2026-09-28,PLATE,DIBBS|SPE7LX26U002T|2590-01-698-8230,C08,Plates / Markings / Mounting / Misc,PLATE,PLATE,True,core-adjacent,"broad keyword, but it is the item noun","DIBBS RFQ Text Search result, AMSC field, retrieved 20260930T161415Z",past deadline
SPE7L126T11K9,5340-01-478-3633,SPE7L126T11K9,09-14-2026,09-24-2026,2026-09-13 03:47:14,Origin,Origin,Tech,7016270895,https://dibbs2.bsm.dla.mil/Downloads/RFQ/9/SPE7L126T11K9.PDF,https://www.dibbs.bsm.dla.mil/RFQ/RFQRec.aspx?sn=SPE7L126T11K9,https://www.dibbs.bsm.dla.mil/rfq/rfqrec.aspx?sn=SPE7L126T11K9,PLATE,4,20260930T161415Z,5340-01-478-3633,"PLATE,MOUNTING",G,332510,25.0,,,2026-09-14,2026-09-24,PLATE,DIBBS|SPE7L126T11K9|5340-01-478-3633,C08,Plates / Markings / Mounting / Misc,PLATE,PLATE,True,core-adjacent,"broad keyword, but it is the item noun","DIBBS RFQ Text Search result, AMSC field, retrieved 20260930T161415Z",past deadline
SPE7L126T11L1,5340-01-464-4138,SPE7L126T11L1,09-14-2026,09-24-2026,2026-09-13 03:47:14,Origin,Destination,Tech,7018271073,https://dibbs2.bsm.dla.mil/Downloads/RFQ/1/SPE7L126T11L1.PDF,https://www.dibbs.bsm.dla.mil/RFQ/RFQRec.aspx?sn=SPE7L126T11L1,https://www.dibbs.bsm.dla.mil/rfq/rfqrec.aspx?sn=SPE7L126T11L1,PLATE,4,20260930T161415Z,5340-01-464-4138,"PLATE,MOUNTING",G,332510,60.0,,,2026-09-14,2026-09-24,PLATE,DIBBS|SPE7L126T11L1|5340-01-464-4138,C08,Plates / Markings / Mounting / Misc,PLATE,PLATE,True,core-adjacent,"broad keyword, but it is the item noun","DIBBS RFQ Text Search result, AMSC field, retrieved 20260930T161415Z",past deadline
SPE7L326T250H,2510-01-620-8051,SPE7L326T250H,09-14-2026,09-24-2026,2026-09-13 03:47:14,Origin,Origin,Tech,7014422417,https://dibbs2.bsm.dla.mil/Downloads/RFQ/H/SPE7L326T250H.PDF,https://www.dibbs.bsm.dla.mil/RFQ/RFQRec.aspx?sn=SPE7L326T250H,https://www.dibbs.bsm.dla.mil/rfq/rfqrec.aspx?sn=SPE7L326T250H,PLATE,4,20260930T161415Z,2510-01-620-8051,"PLATE,MOUNTING",G,332999,8.0,,,2026-09-14,2026-09-24,PLATE,DIBBS|SPE7L326T250H|2510-01-620-8051,C08,Plates / Markings / Mounting / Misc,PLATE,PLATE,True,core-adjacent,"broad keyword, but it is the item noun","DIBBS RFQ Text Search result, AMSC field, retrieved 20260930T161415Z",past deadline
SPE7L126T05K5,5340-01-320-1289,SPE7L126T05K5,09-01-2026,09-16-2026,2026-09-11 05:46:35,Origin,Origin,Tech,7017437833,https://dibbs2.bsm.dla.mil/Downloads/RFQ/5/SPE7L126T05K5.PDF,https://www.dibbs.bsm.dla.mil/RFQ/RFQRec.aspx?sn=SPE7L126T05K5,https://www.dibbs.bsm.dla.mil/rfq/rfqrec.aspx?sn=SPE7L126T05K5,PLATE,4,20260930T161415Z,5340-01-320-1289,"PLATE,MOUNTING",G,332722,101.0,,,2026-09-01,2026-09-16,PLATE,DIBBS|SPE7L126T05K5|5340-01-320-1289,C08,Plates / Markings / Mounting / Misc,PLATE,PLATE,True,core-adjacent,"broad keyword, but it is the item noun","DIBBS RFQ Text Search result, AMSC field, retrieved 20260930T161415Z",past deadline
SPE7L326T247Q,3040-00-735-4263,SPE7L326T247Q,09-11-2026,09-21-2026,2026-09-10 08:10:05,Origin,Origin,Tech,7018269357,https://dibbs2.bsm.dla.mil/Downloads/RFQ/Q/SPE7L326T247Q.PDF,https://www.dibbs.bsm.dla.mil/RFQ/RFQRec.aspx?sn=SPE7L326T247Q,https://www.dibbs.bsm.dla.mil/rfq/rfqrec.aspx?sn=SPE7L326T247Q,PLATE,4,20260930T161415Z,3040-00-735-4263,"PLATE,RETAINING,SHAFT",G,333613,16.0,,,2026-09-11,2026-09-21,PLATE,DIBBS|SPE7L326T247Q|3040-00-735-4263,C08,Plates / Markings / Mounting / Misc,PLATE,PLATE,True,core-adjacent,"broad keyword, but it is the item noun","DIBBS RFQ Text Search result, AMSC field, retrieved 20260930T161415Z",past deadline
SPE7M426T403Q,2040-01-443-7740,SPE7M426T403Q,09-11-2026,09-21-2026,2026-09-10 06:37:17,Origin,Destination,Tech,7017659254,https://dibbs2.bsm.dla.mil/Downloads/RFQ/Q/SPE7M426T403Q.PDF,https://www.dibbs.bsm.dla.mil/RFQ/RFQRec.aspx?sn=SPE7M426T403Q,https://www.dibbs.bsm.dla.mil/rfq/rfqrec.aspx?sn=SPE7M426T403Q,PLATE,4,20260930T161415Z,2040-01-443-7740,SUPPORT WEAR PLATE,G,332510,2.0,,,2026-09-11,2026-09-21,PLATE,DIBBS|SPE7M426T403Q|2040-01-443-7740,C08,Plates / Markings / Mounting / Misc,PLATE,PLATE,True,core-adjacent,"broad keyword, but it is the item noun","DIBBS RFQ Text Search result, AMSC field, retrieved 20260930T161415Z",past deadline
SPE4A726T729Z,1680-01-562-1657,SPE4A726T729Z,09-10-2026,09-17-2026,2026-09-09 06:44:58,Origin,Origin,Tech,7017011444,https://dibbs2.bsm.dla.mil/Downloads/RFQ/Z/SPE4A726T729Z.PDF,https://www.dibbs.bsm.dla.mil/RFQ/RFQRec.aspx?sn=SPE4A726T729Z,https://www.dibbs.bsm.dla.mil/rfq/rfqrec.aspx?sn=SPE4A726T729Z,PLATE,5,20260930T161433Z,1680-01-562-1657,WIPER PLATE ASSY,G,336413,9.0,,,2026-09-10,2026-09-17,PLATE,DIBBS|SPE4A726T729Z|1680-01-562-1657,C08,Plates / Markings / Mounting / Misc,PLATE,PLATE,True,core-adjacent,"broad keyword, but it is the item noun","DIBBS RFQ Text Search result, AMSC field, retrieved 20260930T161433Z",past deadline
SPE8E626T4316,9905-01-254-4782,SPE8E626T4316,08-21-2026,09-14-2026,2026-09-09 05:43:52,Origin,Origin,Tech,7017964276,https://dibbs2.bsm.dla.mil/Downloads/RFQ/6/SPE8E626T4316.PDF,https://www.dibbs.bsm.dla.mil/RFQ/RFQRec.aspx?sn=SPE8E626T4316,https://www.dibbs.bsm.dla.mil/rfq/rfqrec.aspx?sn=SPE8E626T4316,PLATE,5,20260930T161433Z,9905-01-254-4782,"PLATE,INSTRUCTION",G,339950,53.0,,,2026-08-21,2026-09-14,PLATE,DIBBS|SPE8E626T4316|9905-01-254-4782,C08,Plates / Markings / Mounting / Misc,PLATE,PLATE,True,core-adjacent,"broad keyword, but it is the item noun","DIBBS RFQ Text Search result, AMSC field, retrieved 20260930T161433Z",past deadline
SPE7M426T385N,2040-01-443-7740,SPE7M426T385N,09-10-2026,09-21-2026,2026-09-09 08:49:54,Origin,Destination,Tech,7017777343,https://dibbs2.bsm.dla.mil/Downloads/RFQ/N/SPE7M426T385N.PDF,https://www.dibbs.bsm.dla.mil/RFQ/RFQRec.aspx?sn=SPE7M426T385N,https://www.dibbs.bsm.dla.mil/rfq/rfqrec.aspx?sn=SPE7M426T385N,PLATE,5,20260930T161433Z,2040-01-443-7740,SUPPORT WEAR PLATE,G,332510,10.0,,,2026-09-10,2026-09-21,PLATE,DIBBS|SPE7M426T385N|2040-01-443-7740,C08,Plates / Markings / Mounting / Misc,PLATE,PLATE,True,core-adjacent,"broad keyword, but it is the item noun","DIBBS RFQ Text Search result, AMSC field, retrieved 20260930T161433Z",past deadline
SPE7M426T385J,2040-01-451-4739,SPE7M426T385J,09-10-2026,09-21-2026,2026-09-09 07:45:30,Origin,Origin,Tech,7017983567,https://dibbs2.bsm.dla.mil/Downloads/RFQ/J/SPE7M426T385J.PDF,https://www.dibbs.bsm.dla.mil/RFQ/RFQRec.aspx?sn=SPE7M426T385J,https://www.dibbs.bsm.dla.mil/rfq/rfqrec.aspx?sn=SPE7M426T385J,PLATE,5,20260930T161433Z,2040-01-451-4739,"SLIDE PLATE,DOG",G,332510,121.0,,,2026-09-10,2026-09-21,PLATE,DIBBS|SPE7M426T385J|2040-01-451-4739,C08,Plates / Markings / Mounting / Misc,PLATE,PLATE,True,core-adjacent,"broad keyword, but it is the item noun","DIBBS RFQ Text Search result, AMSC field, retrieved 20260930T161433Z",past deadline
SPE4A726T722Q,1560-00-731-0532,SPE4A726T722Q,09-10-2026,09-17-2026,2026-09-09 03:19:40,Origin,Origin,Tech,7018247745,https://dibbs2.bsm.dla.mil/Downloads/RFQ/Q/SPE4A726T722Q.PDF,https://www.dibbs.bsm.dla.mil/RFQ/RFQRec.aspx?sn=SPE4A726T722Q,https://www.dibbs.bsm.dla.mil/rfq/rfqrec.aspx?sn=SPE4A726T722Q,PLATE,5,20260930T161433Z,1560-00-731-0532,"PLATE,STRUCTURAL,AIRCR",G,336413,749.0,,,2026-09-10,2026-09-17,PLATE,DIBBS|SPE4A726T722Q|1560-00-731-0532,C08,Plates / Markings / Mounting / Misc,PLATE,PLATE,True,core-adjacent,"broad keyword, but it is the item noun","DIBBS RFQ Text Search result, AMSC field, retrieved 20260930T161433Z",past deadline
SPE8E626T4542,9905-01-490-6752,SPE8E626T4542,09-09-2026,09-21-2026,2026-09-08 11:48:48,Origin,Destination,Tech,7018161245,https://dibbs2.bsm.dla.mil/Downloads/RFQ/2/SPE8E626T4542.PDF,https://www.dibbs.bsm.dla.mil/RFQ/RFQRec.aspx?sn=SPE8E626T4542,https://www.dibbs.bsm.dla.mil/rfq/rfqrec.aspx?sn=SPE8E626T4542,PLATE,5,20260930T161433Z,9905-01-490-6752,"PLATE,INSTRUCTION",G,339950,64.0,,,2026-09-09,2026-09-21,PLATE,DIBBS|SPE8E626T4542|9905-01-490-6752,C08,Plates / Markings / Mounting / Misc,PLATE,PLATE,True,core-adjacent,"broad keyword, but it is the item noun","DIBBS RFQ Text Search result, AMSC field, retrieved 20260930T161433Z",past deadline
SPE7L326T227V,2590-01-736-4474,SPE7L326T227V,09-08-2026,09-18-2026,2026-09-07 04:26:58,Origin,Origin,Tech,7018067618,https://dibbs2.bsm.dla.mil/Downloads/RFQ/V/SPE7L326T227V.PDF,https://www.dibbs.bsm.dla.mil/RFQ/RFQRec.aspx?sn=SPE7L326T227V,https://www.dibbs.bsm.dla.mil/rfq/rfqrec.aspx?sn=SPE7L326T227V,PLATE,5,20260930T161433Z,2590-01-736-4474,"PLATE,MOUNTING",G,333310,17.0,,,2026-09-08,2026-09-18,PLATE,DIBBS|SPE7L326T227V|2590-01-736-4474,C08,Plates / Markings / Mounting / Misc,PLATE,PLATE,True,core-adjacent,"broad keyword, but it is the item noun","DIBBS RFQ Text Search result, AMSC field, retrieved 20260930T161433Z",past deadline
SPE4A726T684E,1560-00-610-2623,SPE4A726T684E,08-21-2026,09-10-2026,2026-09-04 05:35:08,Origin,Origin,Tech,7017148695,https://dibbs2.bsm.dla.mil/Downloads/RFQ/E/SPE4A726T684E.PDF,https://www.dibbs.bsm.dla.mil/RFQ/RFQRec.aspx?sn=SPE4A726T684E,https://www.dibbs.bsm.dla.mil/rfq/rfqrec.aspx?sn=SPE4A726T684E,PLATE,5,20260930T161433Z,1560-00-610-2623,"PLATE,STRUCTURAL,AI",G,336413,81.0,,,2026-08-21,2026-09-10,PLATE,DIBBS|SPE4A726T684E|1560-00-610-2623,C08,Plates / Markings / Mounting / Misc,PLATE,PLATE,True,core-adjacent,"broad keyword, but it is the item noun","DIBBS RFQ Text Search result, AMSC field, retrieved 20260930T161433Z",past deadline
SPE4A726T625E,1560-01-602-7703,SPE4A726T625E,08-06-2026,09-04-2026,2026-09-02 08:59:33,Origin,Origin,Tech,7017571454,https://dibbs2.bsm.dla.mil/Downloads/RFQ/E/SPE4A726T625E.PDF,https://www.dibbs.bsm.dla.mil/RFQ/RFQRec.aspx?sn=SPE4A726T625E,https://www.dibbs.bsm.dla.mil/rfq/rfqrec.aspx?sn=SPE4A726T625E,PLATE,5,20260930T161433Z,1560-01-602-7703,"PLATE,STRUCTURAL,AIRCR",G,336413,2.0,,,2026-08-06,2026-09-04,PLATE,DIBBS|SPE4A726T625E|1560-01-602-7703,C08,Plates / Markings / Mounting / Misc,PLATE,PLATE,True,core-adjacent,"broad keyword, but it is the item noun","DIBBS RFQ Text Search result, AMSC field, retrieved 20260930T161433Z",past deadline
SPE4A626T25UP,1420-01-070-4995,SPE4A626T25UP,09-02-2026,09-09-2026,2026-09-01 05:38:05,Origin,Destination,Tech,7017941003,https://dibbs2.bsm.dla.mil/Downloads/RFQ/P/SPE4A626T25UP.PDF,https://www.dibbs.bsm.dla.mil/RFQ/RFQRec.aspx?sn=SPE4A626T25UP,https://www.dibbs.bsm.dla.mil/rfq/rfqrec.aspx?sn=SPE4A626T25UP,PLATE,5,20260930T161433Z,1420-01-070-4995,GUIDE PLATE ASSEMBL,G,336415,52.0,,,2026-09-02,2026-09-09,PLATE,DIBBS|SPE4A626T25UP|1420-01-070-4995,C08,Plates / Markings / Mounting / Misc,PLATE,PLATE,True,core-adjacent,"broad keyword, but it is the item noun","DIBBS RFQ Text Search result, AMSC field, retrieved 20260930T161433Z",past deadline
SPE7L126T06B2,5340-01-355-7354,SPE7L126T06B2,09-02-2026,09-14-2026,2026-09-01 08:44:10,Origin,Destination,Tech,7018118755,https://dibbs2.bsm.dla.mil/Downloads/RFQ/2/SPE7L126T06B2.PDF,https://www.dibbs.bsm.dla.mil/RFQ/RFQRec.aspx?sn=SPE7L126T06B2,https://www.dibbs.bsm.dla.mil/rfq/rfqrec.aspx?sn=SPE7L126T06B2,PLATE,5,20260930T161433Z,5340-01-355-7354,"PLATE,MOUNTING",G,332510,4.0,,,2026-09-02,2026-09-14,PLATE,DIBBS|SPE7L126T06B2|5340-01-355-7354,C08,Plates / Markings / Mounting / Misc,PLATE,PLATE,True,core-adjacent,"broad keyword, but it is the item noun","DIBBS RFQ Text Search result, AMSC field, retrieved 20260930T161433Z",past deadline
SPE7L126T05Z7,5340-01-680-3400,SPE7L126T05Z7,09-02-2026,09-14-2026,2026-09-01 07:45:05,Origin,Destination,Tech,7018118540,https://dibbs2.bsm.dla.mil/Downloads/RFQ/7/SPE7L126T05Z7.PDF,https://www.dibbs.bsm.dla.mil/RFQ/RFQRec.aspx?sn=SPE7L126T05Z7,https://www.dibbs.bsm.dla.mil/rfq/rfqrec.aspx?sn=SPE7L126T05Z7,PLATE,5,20260930T161433Z,5340-01-680-3400,"PLATE,MOUNTING",G,332510,4.0,,,2026-09-02,2026-09-14,PLATE,DIBBS|SPE7L126T05Z7|5340-01-680-3400,C08,Plates / Markings / Mounting / Misc,PLATE,PLATE,True,core-adjacent,"broad keyword, but it is the item noun","DIBBS RFQ Text Search result, AMSC field, retrieved 20260930T161433Z",past deadline
SPE7L126T996Z,5340-01-183-7233,SPE7L126T996Z,08-21-2026,09-03-2026,2026-08-31 10:58:22,Origin,Destination,Tech,7017982377,https://dibbs2.bsm.dla.mil/Downloads/RFQ/Z/SPE7L126T996Z.PDF,https://www.dibbs.bsm.dla.mil/RFQ/RFQRec.aspx?sn=SPE7L126T996Z,https://www.dibbs.bsm.dla.mil/rfq/rfqrec.aspx?sn=SPE7L126T996Z,PLATE,5,20260930T161433Z,5340-01-183-7233,"PLATE,MOUNTING",G,332510,2015.0,,,2026-08-21,2026-09-03,MARKING; PLATE,DIBBS|SPE7L126T996Z|5340-01-183-7233,C08,Plates / Markings / Mounting / Misc,PLATE,PLATE,True,core-adjacent,"broad keyword, but it is the item noun","DIBBS RFQ Text Search result, AMSC field, retrieved 20260930T161433Z",past deadline
SPE7L126T05M7,5340-01-445-7742,SPE7L126T05M7,09-01-2026,09-11-2026,2026-08-31 01:52:40,Origin,Destination,Tech,7018063987,https://dibbs2.bsm.dla.mil/Downloads/RFQ/7/SPE7L126T05M7.PDF,https://www.dibbs.bsm.dla.mil/RFQ/RFQRec.aspx?sn=SPE7L126T05M7,https://www.dibbs.bsm.dla.mil/rfq/rfqrec.aspx?sn=SPE7L126T05M7,PLATE,5,20260930T161433Z,5340-01-445-7742,"PLATE,MOUNTING",G,332510,5.0,,,2026-09-01,2026-09-11,PLATE,DIBBS|SPE7L126T05M7|5340-01-445-7742,C08,Plates / Markings / Mounting / Misc,PLATE,PLATE,True,core-adjacent,"broad keyword, but it is the item noun","DIBBS RFQ Text Search result, AMSC field, retrieved 20260930T161433Z",past deadline
SPE7M326T8751,4730-01-738-1964,SPE7M326T8751,09-01-2026,09-11-2026,2026-08-31 10:48:16,Origin,Origin,Tech,7018016166,https://dibbs2.bsm.dla.mil/Downloads/RFQ/1/SPE7M326T8751.PDF,https://www.dibbs.bsm.dla.mil/RFQ/RFQRec.aspx?sn=SPE7M326T8751,https://www.dibbs.bsm.dla.mil/rfq/rfqrec.aspx?sn=SPE7M326T8751,PLATE,5,20260930T161433Z,4730-01-738-1964,"PLATE,ORIFICE,FLUID",G,000000,1.0,,,2026-09-01,2026-09-11,PLATE,DIBBS|SPE7M326T8751|4730-01-738-1964,C08,Plates / Markings / Mounting / Misc,PLATE,PLATE,True,core-adjacent,"broad keyword, but it is the item noun","DIBBS RFQ Text Search result, AMSC field, retrieved 20260930T161433Z",past deadline
SPE7L426T6658,1005-01-113-1456,SPE7L426T6658,08-31-2026,09-10-2026,2026-08-30 03:26:25,Origin,Origin,Tech,7016992052,https://dibbs2.bsm.dla.mil/Downloads/RFQ/8/SPE7L426T6658.PDF,https://www.dibbs.bsm.dla.mil/RFQ/RFQRec.aspx?sn=SPE7L426T6658,https://www.dibbs.bsm.dla.mil/rfq/rfqrec.aspx?sn=SPE7L426T6658,PLATE,5,20260930T161433Z,1005-01-113-1456,"PLATE,FLOOR",G,336992,1.0,,,2026-08-31,2026-09-10,PLATE,DIBBS|SPE7L426T6658|1005-01-113-1456,C08,Plates / Markings / Mounting / Misc,PLATE,PLATE,True,core-adjacent,"broad keyword, but it is the item noun","DIBBS RFQ Text Search result, AMSC field, retrieved 20260930T161433Z",past deadline
SPE4A726T703R,1630-01-290-3120,SPE4A726T703R,08-31-2026,09-08-2026,2026-08-30 03:26:25,Origin,Origin,Tech,7017572344,https://dibbs2.bsm.dla.mil/Downloads/RFQ/R/SPE4A726T703R.PDF,https://www.dibbs.bsm.dla.mil/RFQ/RFQRec.aspx?sn=SPE4A726T703R,https://www.dibbs.bsm.dla.mil/rfq/rfqrec.aspx?sn=SPE4A726T703R,PLATE,5,20260930T161433Z,1630-01-290-3120,"PLATE,TAIL LANDING",G,336413,83.0,,,2026-08-31,2026-09-08,PLATE,DIBBS|SPE4A726T703R|1630-01-290-3120,C08,Plates / Markings / Mounting / Misc,PLATE,PLATE,True,core-adjacent,"broad keyword, but it is the item noun","DIBBS RFQ Text Search result, AMSC field, retrieved 20260930T161433Z",past deadline
SPE7L126T04N1,5340-01-413-2044,SPE7L126T04N1,08-28-2026,09-08-2026,2026-08-27 01:57:12,Origin,Destination,Tech,7017529406,https://dibbs2.bsm.dla.mil/Downloads/RFQ/1/SPE7L126T04N1.PDF,https://www.dibbs.bsm.dla.mil/RFQ/RFQRec.aspx?sn=SPE7L126T04N1,https://www.dibbs.bsm.dla.mil/rfq/rfqrec.aspx?sn=SPE7L126T04N1,PLATE,5,20260930T161433Z,5340-01-413-2044,"PLATE,MOUNTING",G,332510,8.0,,,2026-08-28,2026-09-08,PLATE,DIBBS|SPE7L126T04N1|5340-01-413-2044,C08,Plates / Markings / Mounting / Misc,PLATE,PLATE,True,core-adjacent,"broad keyword, but it is the item noun","DIBBS RFQ Text Search result, AMSC field, retrieved 20260930T161433Z",past deadline
SPE4A626T24DH,3110-00-679-9631,SPE4A626T24DH,08-28-2026,09-04-2026,2026-08-27 11:49:44,Origin,Origin,Tech,7018069466,https://dibbs2.bsm.dla.mil/Downloads/RFQ/H/SPE4A626T24DH.PDF,https://www.dibbs.bsm.dla.mil/RFQ/RFQRec.aspx?sn=SPE4A626T24DH,https://www.dibbs.bsm.dla.mil/rfq/rfqrec.aspx?sn=SPE4A626T24DH,PLATE,5,20260930T161433Z,3110-00-679-9631,"PLATE,RETAINING,BEARIN",G,332991,5.0,,,2026-08-28,2026-09-04,PLATE,DIBBS|SPE4A626T24DH|3110-00-679-9631,C08,Plates / Markings / Mounting / Misc,PLATE,PLATE,True,core-adjacent,"broad keyword, but it is the item noun","DIBBS RFQ Text Search result, AMSC field, retrieved 20260930T161433Z",past deadline
SPE7L126T03V1,3010-01-305-7976,SPE7L126T03V1,08-27-2026,09-08-2026,2026-08-26 09:44:38,Origin,Destination,Tech,7018068377,https://dibbs2.bsm.dla.mil/Downloads/RFQ/1/SPE7L126T03V1.PDF,https://www.dibbs.bsm.dla.mil/RFQ/RFQRec.aspx?sn=SPE7L126T03V1,https://www.dibbs.bsm.dla.mil/rfq/rfqrec.aspx?sn=SPE7L126T03V1,PLATE,6,20260930T161451Z,3010-01-305-7976,PRESSURE PLATE ASSEMBL,G,333612,4.0,,,2026-08-27,2026-09-08,PLATE,DIBBS|SPE7L126T03V1|3010-01-305-7976,C08,Plates / Markings / Mounting / Misc,PLATE,PLATE,True,core-adjacent,"broad keyword, but it is the item noun","DIBBS RFQ Text Search result, AMSC field, retrieved 20260930T161451Z",past deadline
SPE7L326T207G,3040-01-147-3497,SPE7L326T207G,08-27-2026,09-08-2026,2026-08-26 02:48:42,Origin,Origin,Tech,7017367452,https://dibbs2.bsm.dla.mil/Downloads/RFQ/G/SPE7L326T207G.PDF,https://www.dibbs.bsm.dla.mil/RFQ/RFQRec.aspx?sn=SPE7L326T207G,https://www.dibbs.bsm.dla.mil/rfq/rfqrec.aspx?sn=SPE7L326T207G,PLATE,6,20260930T161451Z,3040-01-147-3497,"PLATE,RETAINING,SHAFT",G,333613,9.0,,,2026-08-27,2026-09-08,PLATE,DIBBS|SPE7L326T207G|3040-01-147-3497,C08,Plates / Markings / Mounting / Misc,PLATE,PLATE,True,core-adjacent,"broad keyword, but it is the item noun","DIBBS RFQ Text Search result, AMSC field, retrieved 20260930T161451Z",past deadline
SPE4AC26T0081,1560-01-602-7703,SPE4AC26T0081,08-17-2026,08-28-2026,2026-08-26 11:54:40,Origin,Origin,Tech,7016992048,https://dibbs2.bsm.dla.mil/Downloads/RFQ/1/SPE4AC26T0081.PDF,https://www.dibbs.bsm.dla.mil/RFQ/RFQRec.aspx?sn=SPE4AC26T0081,https://www.dibbs.bsm.dla.mil/rfq/rfqrec.aspx?sn=SPE4AC26T0081,PLATE,6,20260930T161451Z,1560-01-602-7703,"PLATE,STRUCTURAL,AI",G,336413,1.0,,,2026-08-17,2026-08-28,PLATE,DIBBS|SPE4AC26T0081|1560-01-602-7703,C08,Plates / Markings / Mounting / Misc,PLATE,PLATE,True,core-adjacent,"broad keyword, but it is the item noun","DIBBS RFQ Text Search result, AMSC field, retrieved 20260930T161451Z",past deadline
SPE8E626T4351,9905-01-708-6962,SPE8E626T4351,08-26-2026,09-08-2026,2026-08-25 09:33:18,Origin,Destination,Tech,7018016392,https://dibbs2.bsm.dla.mil/Downloads/RFQ/1/SPE8E626T4351.PDF,https://www.dibbs.bsm.dla.mil/RFQ/RFQRec.aspx?sn=SPE8E626T4351,https://www.dibbs.bsm.dla.mil/rfq/rfqrec.aspx?sn=SPE8E626T4351,PLATE,6,20260930T161451Z,9905-01-708-6962,"PLATE,IDENTIFICATIO",G,339950,1.0,,,2026-08-26,2026-09-08,PLATE,DIBBS|SPE8E626T4351|9905-01-708-6962,C08,Plates / Markings / Mounting / Misc,PLATE,PLATE,True,core-adjacent,"broad keyword, but it is the item noun","DIBBS RFQ Text Search result, AMSC field, retrieved 20260930T161451Z",past deadline
SPE4A726T690R,1560-01-160-8811,SPE4A726T690R,08-26-2026,09-02-2026,2026-08-25 11:59:53,Origin,Origin,Tech,7018036819,https://dibbs2.bsm.dla.mil/Downloads/RFQ/R/SPE4A726T690R.PDF,https://www.dibbs.bsm.dla.mil/RFQ/RFQRec.aspx?sn=SPE4A726T690R,https://www.dibbs.bsm.dla.mil/rfq/rfqrec.aspx?sn=SPE4A726T690R,PLATE,6,20260930T161451Z,1560-01-160-8811,"PLATE,SERRATED,JETTISO",G,336413,49.0,,,2026-08-26,2026-09-02,PLATE,DIBBS|SPE4A726T690R|1560-01-160-8811,C08,Plates / Markings / Mounting / Misc,PLATE,PLATE,True,core-adjacent,"broad keyword, but it is the item noun","DIBBS RFQ Text Search result, AMSC field, retrieved 20260930T161451Z",past deadline
SPE7L126T02F1,5340-01-203-7458,SPE7L126T02F1,08-26-2026,09-08-2026,2026-08-25 10:44:06,Origin,Origin,Tech,7018016522,https://dibbs2.bsm.dla.mil/Downloads/RFQ/1/SPE7L126T02F1.PDF,https://www.dibbs.bsm.dla.mil/RFQ/RFQRec.aspx?sn=SPE7L126T02F1,https://www.dibbs.bsm.dla.mil/rfq/rfqrec.aspx?sn=SPE7L126T02F1,PLATE,6,20260930T161451Z,5340-01-203-7458,"PLATE,MOUNTING",G,332722,10.0,,,2026-08-26,2026-09-08,MARKING; PLATE,DIBBS|SPE7L126T02F1|5340-01-203-7458,C08,Plates / Markings / Mounting / Misc,PLATE,PLATE,True,core-adjacent,"broad keyword, but it is the item noun","DIBBS RFQ Text Search result, AMSC field, retrieved 20260930T161451Z",past deadline
SPE8E626T4343,9905-01-436-8526,SPE8E626T4343,08-26-2026,09-08-2026,2026-08-25 09:34:12,Destination,Destination,Tech,7018014347,https://dibbs2.bsm.dla.mil/Downloads/RFQ/3/SPE8E626T4343.PDF,https://www.dibbs.bsm.dla.mil/RFQ/RFQRec.aspx?sn=SPE8E626T4343,https://www.dibbs.bsm.dla.mil/rfq/rfqrec.aspx?sn=SPE8E626T4343,PLATE,6,20260930T161451Z,9905-01-436-8526,"PLATE,INSTRUCTION",G,339950,20.0,,,2026-08-26,2026-09-08,PLATE,DIBBS|SPE8E626T4343|9905-01-436-8526,C08,Plates / Markings / Mounting / Misc,PLATE,PLATE,True,core-adjacent,"broad keyword, but it is the item noun","DIBBS RFQ Text Search result, AMSC field, retrieved 20260930T161451Z",past deadline
SPE8E626Q0655,9905-01-530-4640,SPE8E626Q0655,08-25-2026,09-08-2026,2026-08-25 07:24:36,Origin,Destination,Tech,7017963946,https://dibbs2.bsm.dla.mil/Downloads/RFQ/5/SPE8E626Q0655.PDF,https://www.dibbs.bsm.dla.mil/RFQ/RFQRec.aspx?sn=SPE8E626Q0655,https://www.dibbs.bsm.dla.mil/rfq/rfqrec.aspx?sn=SPE8E626Q0655,PLATE,6,20260930T161451Z,9905-01-530-4640,"PLATE,INSTRUCTION",G,339950,434.0,,,2026-08-25,2026-09-08,PLATE,DIBBS|SPE8E626Q0655|9905-01-530-4640,C08,Plates / Markings / Mounting / Misc,PLATE,PLATE,True,core-adjacent,"broad keyword, but it is the item noun","DIBBS RFQ Text Search result, AMSC field, retrieved 20260930T161451Z",past deadline
SPE7L126T945M,5340-01-109-4326,SPE7L126T945M,08-10-2026,08-25-2026,2026-08-24 09:48:03,Origin,Origin,Tech,7017252415,https://dibbs2.bsm.dla.mil/Downloads/RFQ/M/SPE7L126T945M.PDF,https://www.dibbs.bsm.dla.mil/RFQ/RFQRec.aspx?sn=SPE7L126T945M,https://www.dibbs.bsm.dla.mil/rfq/rfqrec.aspx?sn=SPE7L126T945M,PLATE,6,20260930T161451Z,5340-01-109-4326,"PLATE,MOUNTING",G,332510,9.0,,,2026-08-10,2026-08-25,PLATE,DIBBS|SPE7L126T945M|5340-01-109-4326,C08,Plates / Markings / Mounting / Misc,PLATE,PLATE,True,core-adjacent,"broad keyword, but it is the item noun","DIBBS RFQ Text Search result, AMSC field, retrieved 20260930T161451Z",past deadline
SPE7L326T202A,3010-01-494-1506,SPE7L326T202A,08-24-2026,09-03-2026,2026-08-23 06:51:49,Origin,Destination,Tech,7017809044,https://dibbs2.bsm.dla.mil/Downloads/RFQ/A/SPE7L326T202A.PDF,https://www.dibbs.bsm.dla.mil/RFQ/RFQRec.aspx?sn=SPE7L326T202A,https://www.dibbs.bsm.dla.mil/rfq/rfqrec.aspx?sn=SPE7L326T202A,PLATE,6,20260930T161451Z,3010-01-494-1506,"PLATE,INTERMEDIATE,",G,333612,13.0,,,2026-08-24,2026-09-03,PLATE,DIBBS|SPE7L326T202A|3010-01-494-1506,C08,Plates / Markings / Mounting / Misc,PLATE,PLATE,True,core-adjacent,"broad keyword, but it is the item noun","DIBBS RFQ Text Search result, AMSC field, retrieved 20260930T161451Z",past deadline
SPE7L126T01A7,5340-01-518-4837,SPE7L126T01A7,08-21-2026,08-31-2026,2026-08-22 11:29:04,Origin,Destination,Tech,7017987529,https://dibbs2.bsm.dla.mil/Downloads/RFQ/7/SPE7L126T01A7.PDF,https://www.dibbs.bsm.dla.mil/RFQ/RFQRec.aspx?sn=SPE7L126T01A7,https://www.dibbs.bsm.dla.mil/rfq/rfqrec.aspx?sn=SPE7L126T01A7,PLATE,6,20260930T161451Z,5340-01-518-4837,DOOR PLATE ASSEMBLY,G,332510,27.0,,,2026-08-21,2026-08-31,PLATE,DIBBS|SPE7L126T01A7|5340-01-518-4837,C08,Plates / Markings / Mounting / Misc,PLATE,PLATE,True,core-adjacent,"broad keyword, but it is the item noun","DIBBS RFQ Text Search result, AMSC field, retrieved 20260930T161451Z",past deadline
SPE7L526T3902,2910-01-561-1346,SPE7L526T3902,06-05-2026,06-15-2026,2026-08-21 02:41:27,Origin,Origin,Tech,7017049825,https://dibbs2.bsm.dla.mil/Downloads/RFQ/2/SPE7L526T3902.PDF,https://www.dibbs.bsm.dla.mil/RFQ/RFQRec.aspx?sn=SPE7L526T3902,https://www.dibbs.bsm.dla.mil/rfq/rfqrec.aspx?sn=SPE7L526T3902,PLATE,6,20260930T161451Z,2910-01-561-1346,"WEAR PLATE,ROAD WHE",G,336310,65.0,,,2026-06-05,2026-06-15,PLATE,DIBBS|SPE7L526T3902|2910-01-561-1346,C08,Plates / Markings / Mounting / Misc,PLATE,PLATE,True,core-adjacent,"broad keyword, but it is the item noun","DIBBS RFQ Text Search result, AMSC field, retrieved 20260930T161451Z",past deadline
SPE4A726T457Q,5975-01-090-8876,SPE4A726T457Q,06-05-2026,06-12-2026,2026-08-21 02:41:27,Origin,Origin,Tech,7016787595,https://dibbs2.bsm.dla.mil/Downloads/RFQ/Q/SPE4A726T457Q.PDF,https://www.dibbs.bsm.dla.mil/RFQ/RFQRec.aspx?sn=SPE4A726T457Q,https://www.dibbs.bsm.dla.mil/rfq/rfqrec.aspx?sn=SPE4A726T457Q,PLATE,6,20260930T161451Z,5975-01-090-8876,"PLATE,WALL,ELECTRIC",G,335999,80.0,,,2026-06-05,2026-06-12,PLATE,DIBBS|SPE4A726T457Q|5975-01-090-8876,C08,Plates / Markings / Mounting / Misc,PLATE,PLATE,True,core-adjacent,"broad keyword, but it is the item noun","DIBBS RFQ Text Search result, AMSC field, retrieved 20260930T161451Z",past deadline
SPE7L126T511X,5340-01-593-9670,SPE7L126T511X,05-08-2026,05-18-2026,2026-08-21 02:41:27,Origin,Origin,Tech,7016690427,https://dibbs2.bsm.dla.mil/Downloads/RFQ/X/SPE7L126T511X.PDF,https://www.dibbs.bsm.dla.mil/RFQ/RFQRec.aspx?sn=SPE7L126T511X,https://www.dibbs.bsm.dla.mil/rfq/rfqrec.aspx?sn=SPE7L126T511X,PLATE,6,20260930T161451Z,5340-01-593-9670,"PLATE,MOUNTING",G,332722,14.0,,,2026-05-08,2026-05-18,PLATE,DIBBS|SPE7L126T511X|5340-01-593-9670,C08,Plates / Markings / Mounting / Misc,PLATE,PLATE,True,core-adjacent,"broad keyword, but it is the item noun","DIBBS RFQ Text Search result, AMSC field, retrieved 20260930T161451Z",past deadline
SPE7M426T161A,5340-01-237-7422,SPE7M426T161A,06-05-2026,06-15-2026,2026-08-21 02:41:27,Origin,Destination,None,7017046656,https://dibbs2.bsm.dla.mil/Downloads/RFQ/A/SPE7M426T161A.PDF,https://www.dibbs.bsm.dla.mil/RFQ/RFQRec.aspx?sn=SPE7M426T161A,https://www.dibbs.bsm.dla.mil/rfq/rfqrec.aspx?sn=SPE7M426T161A,PLATE,6,20260930T161451Z,5340-01-237-7422,"PLATE,MOUNTING",G,332510,245.0,,,2026-06-05,2026-06-15,PLATE,DIBBS|SPE7M426T161A|5340-01-237-7422,C08,Plates / Markings / Mounting / Misc,PLATE,PLATE,True,core-adjacent,"broad keyword, but it is the item noun","DIBBS RFQ Text Search result, AMSC field, retrieved 20260930T161451Z",past deadline
SPE7L126T267V,5340-01-341-9520,SPE7L126T267V,03-30-2026,04-14-2026,2026-08-21 02:41:27,Destination,Destination,Tech,7015900171,https://dibbs2.bsm.dla.mil/Downloads/RFQ/V/SPE7L126T267V.PDF,https://www.dibbs.bsm.dla.mil/RFQ/RFQRec.aspx?sn=SPE7L126T267V,https://www.dibbs.bsm.dla.mil/rfq/rfqrec.aspx?sn=SPE7L126T267V,PLATE,6,20260930T161451Z,5340-01-341-9520,"PLATE,MENDING",G,332510,1.0,,,2026-03-30,2026-04-14,PLATE,DIBBS|SPE7L126T267V|5340-01-341-9520,C08,Plates / Markings / Mounting / Misc,PLATE,PLATE,True,core-adjacent,"broad keyword, but it is the item noun","DIBBS RFQ Text Search result, AMSC field, retrieved 20260930T161451Z",past deadline
SPE7L126T524D,5340-01-714-2831,SPE7L126T524D,05-08-2026,05-18-2026,2026-08-21 02:41:27,Origin,Destination,Tech,7016708503,https://dibbs2.bsm.dla.mil/Downloads/RFQ/D/SPE7L126T524D.PDF,https://www.dibbs.bsm.dla.mil/RFQ/RFQRec.aspx?sn=SPE7L126T524D,https://www.dibbs.bsm.dla.mil/rfq/rfqrec.aspx?sn=SPE7L126T524D,PLATE,6,20260930T161451Z,5340-01-714-2831,"PLATE,MOUNTING",G,332510,27.0,,,2026-05-08,2026-05-18,PLATE,DIBBS|SPE7L126T524D|5340-01-714-2831,C08,Plates / Markings / Mounting / Misc,PLATE,PLATE,True,core-adjacent,"broad keyword, but it is the item noun","DIBBS RFQ Text Search result, AMSC field, retrieved 20260930T161451Z",past deadline
SPE7L326Q1013,2590-01-666-8846,SPE7L326Q1013,05-22-2026,06-05-2026,2026-08-21 02:41:27,Origin,Destination,Tech,7016489696,https://dibbs2.bsm.dla.mil/Downloads/RFQ/3/SPE7L326Q1013.PDF,https://www.dibbs.bsm.dla.mil/RFQ/RFQRec.aspx?sn=SPE7L326Q1013,https://www.dibbs.bsm.dla.mil/rfq/rfqrec.aspx?sn=SPE7L326Q1013,PLATE,6,20260930T161451Z,2590-01-666-8846,"PLATE,MOUNTING",G,333310,1.0,,,2026-05-22,2026-06-05,FUEL; PLATE,DIBBS|SPE7L326Q1013|2590-01-666-8846,C08,Plates / Markings / Mounting / Misc,PLATE,PLATE,True,core-adjacent,"broad keyword, but it is the item noun","DIBBS RFQ Text Search result, AMSC field, retrieved 20260930T161451Z",past deadline
SPE7M526T105L,5985-01-112-0455,SPE7M526T105L,05-01-2026,05-11-2026,2026-08-21 02:41:27,Origin,Origin,Tech,7015697190,https://dibbs2.bsm.dla.mil/Downloads/RFQ/L/SPE7M526T105L.PDF,https://www.dibbs.bsm.dla.mil/RFQ/RFQRec.aspx?sn=SPE7M526T105L,https://www.dibbs.bsm.dla.mil/rfq/rfqrec.aspx?sn=SPE7M526T105L,PLATE,6,20260930T161451Z,5985-01-112-0455,"PLATE REAR,CEMENTED",G,334220,12.0,,,2026-05-01,2026-05-11,PLATE,DIBBS|SPE7M526T105L|5985-01-112-0455,C08,Plates / Markings / Mounting / Misc,PLATE,PLATE,True,core-adjacent,"broad keyword, but it is the item noun","DIBBS RFQ Text Search result, AMSC field, retrieved 20260930T161451Z",past deadline
SPE4A626T14BG,3110-01-308-6112,SPE4A626T14BG,08-07-2026,08-14-2026,2026-08-21 02:41:27,Destination,Destination,Tech,7017722152,https://dibbs2.bsm.dla.mil/Downloads/RFQ/G/SPE4A626T14BG.PDF,https://www.dibbs.bsm.dla.mil/RFQ/RFQRec.aspx?sn=SPE4A626T14BG,https://www.dibbs.bsm.dla.mil/rfq/rfqrec.aspx?sn=SPE4A626T14BG,PLATE,6,20260930T161451Z,3110-01-308-6112,"PLATE,RETAINING,BEARIN",G,332991,1.0,,,2026-08-07,2026-08-14,PLATE,DIBBS|SPE4A626T14BG|3110-01-308-6112,C08,Plates / Markings / Mounting / Misc,PLATE,PLATE,True,core-adjacent,"broad keyword, but it is the item noun","DIBBS RFQ Text Search result, AMSC field, retrieved 20260930T161451Z",past deadline
SPE7M226T4450,5999-01-666-5762,SPE7M226T4450,05-08-2026,06-15-2026,2026-08-21 02:41:27,Origin,Destination,Tech,7016707608,https://dibbs2.bsm.dla.mil/Downloads/RFQ/0/SPE7M226T4450.PDF,https://www.dibbs.bsm.dla.mil/RFQ/RFQRec.aspx?sn=SPE7M226T4450,https://www.dibbs.bsm.dla.mil/rfq/rfqrec.aspx?sn=SPE7M226T4450,PLATE,7,20260930T161509Z,5999-01-666-5762,"PLATE,ELECTRICAL SH",G,334419,1.0,,,2026-05-08,2026-06-15,PLATE,DIBBS|SPE7M226T4450|5999-01-666-5762,C08,Plates / Markings / Mounting / Misc,PLATE,PLATE,True,core-adjacent,"broad keyword, but it is the item noun","DIBBS RFQ Text Search result, AMSC field, retrieved 20260930T161509Z",past deadline
SPE8E426T1781,9515-01-474-3077,SPE8E426T1781,06-12-2026,06-22-2026,2026-08-21 02:41:27,Origin,Destination,Tech,7015990401,https://dibbs2.bsm.dla.mil/Downloads/RFQ/1/SPE8E426T1781.PDF,https://www.dibbs.bsm.dla.mil/RFQ/RFQRec.aspx?sn=SPE8E426T1781,https://www.dibbs.bsm.dla.mil/rfq/rfqrec.aspx?sn=SPE8E426T1781,PLATE,7,20260930T161509Z,9515-01-474-3077,ARMOR PLATE,G,331221,7.0,,,2026-06-12,2026-06-22,PLATE,DIBBS|SPE8E426T1781|9515-01-474-3077,C08,Plates / Markings / Mounting / Misc,PLATE,PLATE,True,core-adjacent,"broad keyword, but it is the item noun","DIBBS RFQ Text Search result, AMSC field, retrieved 20260930T161509Z",past deadline
SPE7M426T315U,2040-01-717-5592,SPE7M426T315U,08-07-2026,08-17-2026,2026-08-21 02:41:27,Origin,Destination,Tech,7017778717,https://dibbs2.bsm.dla.mil/Downloads/RFQ/U/SPE7M426T315U.PDF,https://www.dibbs.bsm.dla.mil/RFQ/RFQRec.aspx?sn=SPE7M426T315U,https://www.dibbs.bsm.dla.mil/rfq/rfqrec.aspx?sn=SPE7M426T315U,PLATE,7,20260930T161509Z,2040-01-717-5592,"PLATE,MOUNTING",G,114119,5.0,,,2026-08-07,2026-08-17,PLATE,DIBBS|SPE7M426T315U|2040-01-717-5592,C08,Plates / Markings / Mounting / Misc,PLATE,PLATE,True,core-adjacent,"broad keyword, but it is the item noun","DIBBS RFQ Text Search result, AMSC field, retrieved 20260930T161509Z",past deadline
SPE8E426T1766,9515-01-388-2361,SPE8E426T1766,06-11-2026,06-22-2026,2026-08-21 02:41:27,Origin,Destination,Tech,7017122049,https://dibbs2.bsm.dla.mil/Downloads/RFQ/6/SPE8E426T1766.PDF,https://www.dibbs.bsm.dla.mil/RFQ/RFQRec.aspx?sn=SPE8E426T1766,https://www.dibbs.bsm.dla.mil/rfq/rfqrec.aspx?sn=SPE8E426T1766,PLATE,7,20260930T161509Z,9515-01-388-2361,ARMOR PLATE,G,332510,3.0,,,2026-06-11,2026-06-22,PLATE,DIBBS|SPE8E426T1766|9515-01-388-2361,C08,Plates / Markings / Mounting / Misc,PLATE,PLATE,True,core-adjacent,"broad keyword, but it is the item noun","DIBBS RFQ Text Search result, AMSC field, retrieved 20260930T161509Z",past deadline
SPE4A726T649L,1680-01-564-0708,SPE4A726T649L,08-13-2026,08-20-2026,2026-08-21 02:41:27,Origin,Destination,Tech,7017869978,https://dibbs2.bsm.dla.mil/Downloads/RFQ/L/SPE4A726T649L.PDF,https://www.dibbs.bsm.dla.mil/RFQ/RFQRec.aspx?sn=SPE4A726T649L,https://www.dibbs.bsm.dla.mil/rfq/rfqrec.aspx?sn=SPE4A726T649L,PLATE,7,20260930T161509Z,1680-01-564-0708,PLATE SUPPORT ASSEMBLY,G,336413,1.0,,,2026-08-13,2026-08-20,PLATE,DIBBS|SPE4A726T649L|1680-01-564-0708,C08,Plates / Markings / Mounting / Misc,PLATE,PLATE,True,core-adjacent,"broad keyword, but it is the item noun","DIBBS RFQ Text Search result, AMSC field, retrieved 20260930T161509Z",past deadline
SPE4A726T649S,1560-01-623-1091,SPE4A726T649S,08-13-2026,08-20-2026,2026-08-21 02:41:27,Origin,Destination,Tech,7017870364,https://dibbs2.bsm.dla.mil/Downloads/RFQ/S/SPE4A726T649S.PDF,https://www.dibbs.bsm.dla.mil/RFQ/RFQRec.aspx?sn=SPE4A726T649S,https://www.dibbs.bsm.dla.mil/rfq/rfqrec.aspx?sn=SPE4A726T649S,PLATE,7,20260930T161509Z,1560-01-623-1091,"PLATE,STRUCTURAL,AI",G,336413,3.0,,,2026-08-13,2026-08-20,PLATE,DIBBS|SPE4A726T649S|1560-01-623-1091,C08,Plates / Markings / Mounting / Misc,PLATE,PLATE,True,core-adjacent,"broad keyword, but it is the item noun","DIBBS RFQ Text Search result, AMSC field, retrieved 20260930T161509Z",past deadline
SPE7L126T628U,5340-01-606-2288,SPE7L126T628U,05-29-2026,06-08-2026,2026-08-21 02:41:27,Origin,Origin,Tech,7012653504,https://dibbs2.bsm.dla.mil/Downloads/RFQ/U/SPE7L126T628U.PDF,https://www.dibbs.bsm.dla.mil/RFQ/RFQRec.aspx?sn=SPE7L126T628U,https://www.dibbs.bsm.dla.mil/rfq/rfqrec.aspx?sn=SPE7L126T628U,PLATE,7,20260930T161509Z,5340-01-606-2288,"PLATE,MOUNTING",G,332510,11.0,,,2026-05-29,2026-06-08,PLATE,DIBBS|SPE7L126T628U|5340-01-606-2288,C08,Plates / Markings / Mounting / Misc,PLATE,PLATE,True,core-adjacent,"broad keyword, but it is the item noun","DIBBS RFQ Text Search result, AMSC field, retrieved 20260930T161509Z",past deadline
SPE7L126T862S,2590-01-728-2447,SPE7L126T862S,07-23-2026,08-03-2026,2026-08-21 02:41:27,Origin,Origin,Tech,7017574933,https://dibbs2.bsm.dla.mil/Downloads/RFQ/S/SPE7L126T862S.PDF,https://www.dibbs.bsm.dla.mil/RFQ/RFQRec.aspx?sn=SPE7L126T862S,https://www.dibbs.bsm.dla.mil/rfq/rfqrec.aspx?sn=SPE7L126T862S,PLATE,7,20260930T161509Z,2590-01-728-2447,"PLATE,IDENTIFICATIO",G,333310,1.0,,,2026-07-23,2026-08-03,PLATE,DIBBS|SPE7L126T862S|2590-01-728-2447,C08,Plates / Markings / Mounting / Misc,PLATE,PLATE,True,core-adjacent,"broad keyword, but it is the item noun","DIBBS RFQ Text Search result, AMSC field, retrieved 20260930T161509Z",past deadline
SPE7L126T696T,5340-01-617-6431,SPE7L126T696T,06-12-2026,06-22-2026,2026-08-21 02:41:27,Origin,Destination,Tech,7017134142,https://dibbs2.bsm.dla.mil/Downloads/RFQ/T/SPE7L126T696T.PDF,https://www.dibbs.bsm.dla.mil/RFQ/RFQRec.aspx?sn=SPE7L126T696T,https://www.dibbs.bsm.dla.mil/rfq/rfqrec.aspx?sn=SPE7L126T696T,PLATE,7,20260930T161509Z,5340-01-617-6431,"PLATE,RETAINING,SEA",G,332722,126.0,,,2026-06-12,2026-06-22,PLATE,DIBBS|SPE7L126T696T|5340-01-617-6431,C08,Plates / Markings / Mounting / Misc,PLATE,PLATE,True,core-adjacent,"broad keyword, but it is the item noun","DIBBS RFQ Text Search result, AMSC field, retrieved 20260930T161509Z",past deadline
SPE7L126T643J,3010-01-494-1506,SPE7L126T643J,06-04-2026,06-15-2026,2026-08-21 02:41:27,Origin,Destination,Tech,7017014663,https://dibbs2.bsm.dla.mil/Downloads/RFQ/J/SPE7L126T643J.PDF,https://www.dibbs.bsm.dla.mil/RFQ/RFQRec.aspx?sn=SPE7L126T643J,https://www.dibbs.bsm.dla.mil/rfq/rfqrec.aspx?sn=SPE7L126T643J,PLATE,7,20260930T161509Z,3010-01-494-1506,"PLATE,INTERMEDIATE,",G,333612,34.0,,,2026-06-04,2026-06-15,PLATE,DIBBS|SPE7L126T643J|3010-01-494-1506,C08,Plates / Markings / Mounting / Misc,PLATE,PLATE,True,core-adjacent,"broad keyword, but it is the item noun","DIBBS RFQ Text Search result, AMSC field, retrieved 20260930T161509Z",past deadline
SPE4A726T359J,5821-01-076-2490,SPE4A726T359J,05-15-2026,05-22-2026,2026-08-21 02:41:27,Origin,Origin,Tech,7016645154,https://dibbs2.bsm.dla.mil/Downloads/RFQ/J/SPE4A726T359J.PDF,https://www.dibbs.bsm.dla.mil/RFQ/RFQRec.aspx?sn=SPE4A726T359J,https://www.dibbs.bsm.dla.mil/rfq/rfqrec.aspx?sn=SPE4A726T359J,PLATE,7,20260930T161509Z,5821-01-076-2490,"PLATE,FRONT",G,334511,5.0,,,2026-05-15,2026-05-22,PLATE,DIBBS|SPE4A726T359J|5821-01-076-2490,C08,Plates / Markings / Mounting / Misc,PLATE,PLATE,True,core-adjacent,"broad keyword, but it is the item noun","DIBBS RFQ Text Search result, AMSC field, retrieved 20260930T161509Z",past deadline
SPE4A626T47P4,3110-01-133-5305,SPE4A626T47P4,05-07-2026,05-14-2026,2026-08-21 02:41:27,Origin,Destination,Tech,7016613931,https://dibbs2.bsm.dla.mil/Downloads/RFQ/4/SPE4A626T47P4.PDF,https://www.dibbs.bsm.dla.mil/RFQ/RFQRec.aspx?sn=SPE4A626T47P4,https://www.dibbs.bsm.dla.mil/rfq/rfqrec.aspx?sn=SPE4A626T47P4,PLATE,7,20260930T161509Z,3110-01-133-5305,"PLATE,RETAINING,BEA",G,332991,18.0,,,2026-05-07,2026-05-14,PLATE,DIBBS|SPE4A626T47P4|3110-01-133-5305,C08,Plates / Markings / Mounting / Misc,PLATE,PLATE,True,core-adjacent,"broad keyword, but it is the item noun","DIBBS RFQ Text Search result, AMSC field, retrieved 20260930T161509Z",past deadline
SPE7L126T340G,5340-01-529-6501,SPE7L126T340G,04-10-2026,04-20-2026,2026-08-21 02:41:27,Origin,Destination,Tech,7016267490,https://dibbs2.bsm.dla.mil/Downloads/RFQ/G/SPE7L126T340G.PDF,https://www.dibbs.bsm.dla.mil/RFQ/RFQRec.aspx?sn=SPE7L126T340G,https://www.dibbs.bsm.dla.mil/rfq/rfqrec.aspx?sn=SPE7L126T340G,PLATE,7,20260930T161509Z,5340-01-529-6501,"PLATE,MOUNTING",G,332510,35.0,,,2026-04-10,2026-04-20,PLATE,DIBBS|SPE7L126T340G|5340-01-529-6501,C08,Plates / Markings / Mounting / Misc,PLATE,PLATE,True,core-adjacent,"broad keyword, but it is the item noun","DIBBS RFQ Text Search result, AMSC field, retrieved 20260930T161509Z",past deadline
SPE8E626T2394,9905-01-486-9099,SPE8E626T2394,04-08-2026,04-20-2026,2026-08-21 02:41:27,Origin,Destination,Tech,7016179377,https://dibbs2.bsm.dla.mil/Downloads/RFQ/4/SPE8E626T2394.PDF,https://www.dibbs.bsm.dla.mil/RFQ/RFQRec.aspx?sn=SPE8E626T2394,https://www.dibbs.bsm.dla.mil/rfq/rfqrec.aspx?sn=SPE8E626T2394,PLATE,7,20260930T161509Z,9905-01-486-9099,"PLATE,INSTRUCTION",G,339950,100.0,,,2026-04-08,2026-04-20,PLATE,DIBBS|SPE8E626T2394|9905-01-486-9099,C08,Plates / Markings / Mounting / Misc,PLATE,PLATE,True,core-adjacent,"broad keyword, but it is the item noun","DIBBS RFQ Text Search result, AMSC field, retrieved 20260930T161509Z",past deadline
SPE7L126T988B,2510-00-417-2752,SPE7L126T988B,08-19-2026,08-31-2026,2026-08-21 02:41:27,Origin,Origin,Tech,7017204501,https://dibbs2.bsm.dla.mil/Downloads/RFQ/B/SPE7L126T988B.PDF,https://www.dibbs.bsm.dla.mil/RFQ/RFQRec.aspx?sn=SPE7L126T988B,https://www.dibbs.bsm.dla.mil/rfq/rfqrec.aspx?sn=SPE7L126T988B,PLATE,7,20260930T161509Z,2510-00-417-2752,"PLATE,WEAR,LEAF SPR",G,336211,10.0,,,2026-08-19,2026-08-31,PLATE,DIBBS|SPE7L126T988B|2510-00-417-2752,C08,Plates / Markings / Mounting / Misc,PLATE,PLATE,True,core-adjacent,"broad keyword, but it is the item noun","DIBBS RFQ Text Search result, AMSC field, retrieved 20260930T161509Z",past deadline
SPE8E626T2271,9905-01-129-0315,SPE8E626T2271,04-03-2026,04-13-2026,2026-08-21 02:41:27,Origin,Destination,Tech,7016180037,https://dibbs2.bsm.dla.mil/Downloads/RFQ/1/SPE8E626T2271.PDF,https://www.dibbs.bsm.dla.mil/RFQ/RFQRec.aspx?sn=SPE8E626T2271,https://www.dibbs.bsm.dla.mil/rfq/rfqrec.aspx?sn=SPE8E626T2271,PLATE,8,20260930T161527Z,9905-01-129-0315,"PLATE,IDENTIFICATIO",G,339950,178.0,,,2026-04-03,2026-04-13,PLATE,DIBBS|SPE8E626T2271|9905-01-129-0315,C08,Plates / Markings / Mounting / Misc,PLATE,PLATE,True,core-adjacent,"broad keyword, but it is the item noun","DIBBS RFQ Text Search result, AMSC field, retrieved 20260930T161527Z",past deadline
SPE8E426T1842,9515-01-147-5830,SPE8E426T1842,06-18-2026,06-29-2026,2026-08-21 02:41:27,Origin,Origin,Tech,7016179945,https://dibbs2.bsm.dla.mil/Downloads/RFQ/2/SPE8E426T1842.PDF,https://www.dibbs.bsm.dla.mil/RFQ/RFQRec.aspx?sn=SPE8E426T1842,https://www.dibbs.bsm.dla.mil/rfq/rfqrec.aspx?sn=SPE8E426T1842,PLATE,8,20260930T161527Z,9515-01-147-5830,ARMOR PLATE,G,331221,17.0,,,2026-06-18,2026-06-29,PLATE,DIBBS|SPE8E426T1842|9515-01-147-5830,C08,Plates / Markings / Mounting / Misc,PLATE,PLATE,True,core-adjacent,"broad keyword, but it is the item noun","DIBBS RFQ Text Search result, AMSC field, retrieved 20260930T161527Z",past deadline
SPE8E626T2266,9905-01-068-2368,SPE8E626T2266,04-03-2026,04-13-2026,2026-08-21 02:41:27,Origin,Origin,Tech,7016179429,https://dibbs2.bsm.dla.mil/Downloads/RFQ/6/SPE8E626T2266.PDF,https://www.dibbs.bsm.dla.mil/RFQ/RFQRec.aspx?sn=SPE8E626T2266,https://www.dibbs.bsm.dla.mil/rfq/rfqrec.aspx?sn=SPE8E626T2266,PLATE,8,20260930T161527Z,9905-01-068-2368,"PLATE,INSTRUCTION",G,335999,62.0,,,2026-04-03,2026-04-13,PLATE,DIBBS|SPE8E626T2266|9905-01-068-2368,C08,Plates / Markings / Mounting / Misc,PLATE,PLATE,True,core-adjacent,"broad keyword, but it is the item noun","DIBBS RFQ Text Search result, AMSC field, retrieved 20260930T161527Z",past deadline
SPE4A726T398N,1560-01-539-5146,SPE4A726T398N,05-21-2026,05-28-2026,2026-08-21 02:41:27,Origin,Origin,Tech,7016880444,https://dibbs2.bsm.dla.mil/Downloads/RFQ/N/SPE4A726T398N.PDF,https://www.dibbs.bsm.dla.mil/RFQ/RFQRec.aspx?sn=SPE4A726T398N,https://www.dibbs.bsm.dla.mil/rfq/rfqrec.aspx?sn=SPE4A726T398N,PLATE,8,20260930T161527Z,1560-01-539-5146,"PLATE,STRUCTURAL,AI",G,336413,1.0,,,2026-05-21,2026-05-28,PLATE,DIBBS|SPE4A726T398N|1560-01-539-5146,C08,Plates / Markings / Mounting / Misc,PLATE,PLATE,True,core-adjacent,"broad keyword, but it is the item noun","DIBBS RFQ Text Search result, AMSC field, retrieved 20260930T161527Z",past deadline
SPE7L126T994T,5340-01-482-0402,SPE7L126T994T,08-20-2026,08-31-2026,2026-08-21 02:41:27,Origin,Origin,Tech,7017252534,https://dibbs2.bsm.dla.mil/Downloads/RFQ/T/SPE7L126T994T.PDF,https://www.dibbs.bsm.dla.mil/RFQ/RFQRec.aspx?sn=SPE7L126T994T,https://www.dibbs.bsm.dla.mil/rfq/rfqrec.aspx?sn=SPE7L126T994T,PLATE,8,20260930T161527Z,5340-01-482-0402,"PLATE,MOUNTING",G,332510,7.0,,,2026-08-20,2026-08-31,PLATE,DIBBS|SPE7L126T994T|5340-01-482-0402,C08,Plates / Markings / Mounting / Misc,PLATE,PLATE,True,core-adjacent,"broad keyword, but it is the item noun","DIBBS RFQ Text Search result, AMSC field, retrieved 20260930T161527Z",past deadline
SPE7L126T920P,5340-01-496-6480,SPE7L126T920P,08-06-2026,08-17-2026,2026-08-21 02:41:27,Origin,Origin,Tech,7017039402,https://dibbs2.bsm.dla.mil/Downloads/RFQ/P/SPE7L126T920P.PDF,https://www.dibbs.bsm.dla.mil/RFQ/RFQRec.aspx?sn=SPE7L126T920P,https://www.dibbs.bsm.dla.mil/rfq/rfqrec.aspx?sn=SPE7L126T920P,PLATE,8,20260930T161527Z,5340-01-496-6480,"PLATE,MOUNTING",G,332510,2.0,,,2026-08-06,2026-08-17,PLATE,DIBBS|SPE7L126T920P|5340-01-496-6480,C08,Plates / Markings / Mounting / Misc,PLATE,PLATE,True,core-adjacent,"broad keyword, but it is the item noun","DIBBS RFQ Text Search result, AMSC field, retrieved 20260930T161527Z",past deadline
SPE7L126T920W,5340-01-492-3318,SPE7L126T920W,08-06-2026,08-17-2026,2026-08-21 02:41:27,Origin,Origin,Tech,7017315181,https://dibbs2.bsm.dla.mil/Downloads/RFQ/W/SPE7L126T920W.PDF,https://www.dibbs.bsm.dla.mil/RFQ/RFQRec.aspx?sn=SPE7L126T920W,https://www.dibbs.bsm.dla.mil/rfq/rfqrec.aspx?sn=SPE7L126T920W,PLATE,8,20260930T161527Z,5340-01-492-3318,"PLATE,MOUNTING",G,332510,19.0,,,2026-08-06,2026-08-17,PLATE,DIBBS|SPE7L126T920W|5340-01-492-3318,C08,Plates / Markings / Mounting / Misc,PLATE,PLATE,True,core-adjacent,"broad keyword, but it is the item noun","DIBBS RFQ Text Search result, AMSC field, retrieved 20260930T161527Z",past deadline
SPE7L526T2133,4730-01-701-5377,SPE7L526T2133,02-20-2026,03-02-2026,2026-08-21 02:41:27,Origin,Destination,Tech,7012918669,https://dibbs2.bsm.dla.mil/Downloads/RFQ/3/SPE7L526T2133.PDF,https://www.dibbs.bsm.dla.mil/RFQ/RFQRec.aspx?sn=SPE7L526T2133,https://www.dibbs.bsm.dla.mil/rfq/rfqrec.aspx?sn=SPE7L526T2133,PLATE,8,20260930T161527Z,4730-01-701-5377,"PLATE,ORIFICE,FLUID",G,326122,1.0,,,2026-02-20,2026-03-02,PLATE,DIBBS|SPE7L526T2133|4730-01-701-5377,C08,Plates / Markings / Mounting / Misc,PLATE,PLATE,True,core-adjacent,"broad keyword, but it is the item noun","DIBBS RFQ Text Search result, AMSC field, retrieved 20260930T161527Z",past deadline
SPE7M026T6027,4730-01-693-6899,SPE7M026T6027,03-20-2026,04-02-2026,2026-08-21 02:41:27,Origin,Destination,Tech,7015725895,https://dibbs2.bsm.dla.mil/Downloads/RFQ/7/SPE7M026T6027.PDF,https://www.dibbs.bsm.dla.mil/RFQ/RFQRec.aspx?sn=SPE7M026T6027,https://www.dibbs.bsm.dla.mil/rfq/rfqrec.aspx?sn=SPE7M026T6027,PLATE,8,20260930T161527Z,4730-01-693-6899,"PLATE,ORIFICE,FLUID",G,326122,3.0,,,2026-03-20,2026-04-02,PLATE,DIBBS|SPE7M026T6027|4730-01-693-6899,C08,Plates / Markings / Mounting / Misc,PLATE,PLATE,True,core-adjacent,"broad keyword, but it is the item noun","DIBBS RFQ Text Search result, AMSC field, retrieved 20260930T161527Z",past deadline
SPE4A726U0018,5365-01-031-7479,SPE4A726U0018,06-09-2026,06-26-2026,2026-08-21 02:41:27,Origin,Origin,None,1000187499,https://dibbs2.bsm.dla.mil/Downloads/RFQ/8/SPE4A726U0018.PDF,https://www.dibbs.bsm.dla.mil/RFQ/RFQRec.aspx?sn=SPE4A726U0018,https://www.dibbs.bsm.dla.mil/rfq/rfqrec.aspx?sn=SPE4A726U0018,PLATE,8,20260930T161527Z,5365-01-031-7479,"PLATE,THRUST",G,332510,3.0,,,2026-06-09,2026-06-26,PLATE,DIBBS|SPE4A726U0018|5365-01-031-7479,C08,Plates / Markings / Mounting / Misc,PLATE,PLATE,True,core-adjacent,"broad keyword, but it is the item noun","DIBBS RFQ Text Search result, AMSC field, retrieved 20260930T161527Z",past deadline
SPE7L126T408G,5340-01-033-6912,SPE7L126T408G,04-23-2026,05-04-2026,2026-08-21 02:41:27,Origin,Destination,Tech,7016271053,https://dibbs2.bsm.dla.mil/Downloads/RFQ/G/SPE7L126T408G.PDF,https://www.dibbs.bsm.dla.mil/RFQ/RFQRec.aspx?sn=SPE7L126T408G,https://www.dibbs.bsm.dla.mil/rfq/rfqrec.aspx?sn=SPE7L126T408G,PLATE,9,20260930T161545Z,5340-01-033-6912,"PLATE,MOUNTING",G,332510,20.0,,,2026-04-23,2026-05-04,PLATE,DIBBS|SPE7L126T408G|5340-01-033-6912,C08,Plates / Markings / Mounting / Misc,PLATE,PLATE,True,core-adjacent,"broad keyword, but it is the item noun","DIBBS RFQ Text Search result, AMSC field, retrieved 20260930T161545Z",past deadline
SPE7L126T809C,5340-00-399-1198,SPE7L126T809C,07-10-2026,07-20-2026,2026-08-21 02:41:27,Origin,Origin,Tech,7017436955,https://dibbs2.bsm.dla.mil/Downloads/RFQ/C/SPE7L126T809C.PDF,https://www.dibbs.bsm.dla.mil/RFQ/RFQRec.aspx?sn=SPE7L126T809C,https://www.dibbs.bsm.dla.mil/rfq/rfqrec.aspx?sn=SPE7L126T809C,PLATE,9,20260930T161545Z,5340-00-399-1198,"LOCKING PLATE,NUT AND",G,332510,1653.0,,,2026-07-10,2026-07-20,PLATE,DIBBS|SPE7L126T809C|5340-00-399-1198,C08,Plates / Markings / Mounting / Misc,PLATE,PLATE,True,core-adjacent,"broad keyword, but it is the item noun","DIBBS RFQ Text Search result, AMSC field, retrieved 20260930T161545Z",past deadline
SPE4A526T111H,1620-01-018-2099,SPE4A526T111H,05-06-2026,05-18-2026,2026-08-21 02:41:27,Origin,Destination,Tech,7016646773,https://dibbs2.bsm.dla.mil/Downloads/RFQ/H/SPE4A526T111H.PDF,https://www.dibbs.bsm.dla.mil/RFQ/RFQRec.aspx?sn=SPE4A526T111H,https://www.dibbs.bsm.dla.mil/rfq/rfqrec.aspx?sn=SPE4A526T111H,PLATE,9,20260930T161545Z,1620-01-018-2099,"PLATE,RETAINER,LAND",G,336413,5.0,,,2026-05-06,2026-05-18,PLATE,DIBBS|SPE4A526T111H|1620-01-018-2099,C08,Plates / Markings / Mounting / Misc,PLATE,PLATE,True,core-adjacent,"broad keyword, but it is the item noun","DIBBS RFQ Text Search result, AMSC field, retrieved 20260930T161545Z",past deadline
SPE7L126T759P,3010-01-305-7976,SPE7L126T759P,06-25-2026,07-06-2026,2026-08-21 02:41:27,Origin,Destination,Tech,7014131694,https://dibbs2.bsm.dla.mil/Downloads/RFQ/P/SPE7L126T759P.PDF,https://www.dibbs.bsm.dla.mil/RFQ/RFQRec.aspx?sn=SPE7L126T759P,https://www.dibbs.bsm.dla.mil/rfq/rfqrec.aspx?sn=SPE7L126T759P,PLATE,9,20260930T161545Z,3010-01-305-7976,PRESSURE PLATE ASSE,G,333612,3.0,,,2026-06-25,2026-07-06,PLATE,DIBBS|SPE7L126T759P|3010-01-305-7976,C08,Plates / Markings / Mounting / Misc,PLATE,PLATE,True,core-adjacent,"broad keyword, but it is the item noun","DIBBS RFQ Text Search result, AMSC field, retrieved 20260930T161545Z",past deadline
SPE7L126T420F,5340-01-100-0125,SPE7L126T420F,04-24-2026,05-11-2026,2026-08-21 02:41:27,Origin,Destination,Tech,7016485549,https://dibbs2.bsm.dla.mil/Downloads/RFQ/F/SPE7L126T420F.PDF,https://www.dibbs.bsm.dla.mil/RFQ/RFQRec.aspx?sn=SPE7L126T420F,https://www.dibbs.bsm.dla.mil/rfq/rfqrec.aspx?sn=SPE7L126T420F,PLATE,9,20260930T161545Z,5340-01-100-0125,"PLATE,MOUNTING",G,332510,62.0,,,2026-04-24,2026-05-11,PLATE,DIBBS|SPE7L126T420F|5340-01-100-0125,C08,Plates / Markings / Mounting / Misc,PLATE,PLATE,True,core-adjacent,"broad keyword, but it is the item noun","DIBBS RFQ Text Search result, AMSC field, retrieved 20260930T161545Z",past deadline
SPE7M426T346L,2040-00-851-9471,SPE7M426T346L,08-18-2026,08-28-2026,2026-08-21 02:41:27,Origin,Destination,Tech,7017437334,https://dibbs2.bsm.dla.mil/Downloads/RFQ/L/SPE7M426T346L.PDF,https://www.dibbs.bsm.dla.mil/RFQ/RFQRec.aspx?sn=SPE7M426T346L,https://www.dibbs.bsm.dla.mil/rfq/rfqrec.aspx?sn=SPE7M426T346L,PLATE,9,20260930T161545Z,2040-00-851-9471,ANCHOR PLATE ASSEMB,G,332510,47.0,,,2026-08-18,2026-08-28,PLATE,DIBBS|SPE7M426T346L|2040-00-851-9471,C08,Plates / Markings / Mounting / Misc,PLATE,PLATE,True,core-adjacent,"broad keyword, but it is the item noun","DIBBS RFQ Text Search result, AMSC field, retrieved 20260930T161545Z",past deadline
SPE8E426T1840,9515-01-519-0953,SPE8E426T1840,06-17-2026,06-29-2026,2026-08-21 02:41:27,Origin,Destination,Tech,7016157433,https://dibbs2.bsm.dla.mil/Downloads/RFQ/0/SPE8E426T1840.PDF,https://www.dibbs.bsm.dla.mil/RFQ/RFQRec.aspx?sn=SPE8E426T1840,https://www.dibbs.bsm.dla.mil/rfq/rfqrec.aspx?sn=SPE8E426T1840,PLATE,9,20260930T161545Z,9515-01-519-0953,"PLATE,METAL",G,331221,1.0,,,2026-06-17,2026-06-29,PLATE,DIBBS|SPE8E426T1840|9515-01-519-0953,C08,Plates / Markings / Mounting / Misc,PLATE,PLATE,True,core-adjacent,"broad keyword, but it is the item noun","DIBBS RFQ Text Search result, AMSC field, retrieved 20260930T161545Z",past deadline
SPE8E626T4212,9905-01-658-5657,SPE8E626T4212,08-12-2026,08-24-2026,2026-08-21 02:41:27,Origin,Destination,Tech,7017423150,https://dibbs2.bsm.dla.mil/Downloads/RFQ/2/SPE8E626T4212.PDF,https://www.dibbs.bsm.dla.mil/RFQ/RFQRec.aspx?sn=SPE8E626T4212,https://www.dibbs.bsm.dla.mil/rfq/rfqrec.aspx?sn=SPE8E626T4212,PLATE,9,20260930T161545Z,9905-01-658-5657,"PLATE,IDENTIFICATION",G,339950,48.0,,,2026-08-12,2026-08-24,PLATE,DIBBS|SPE8E626T4212|9905-01-658-5657,C08,Plates / Markings / Mounting / Misc,PLATE,PLATE,True,core-adjacent,"broad keyword, but it is the item noun","DIBBS RFQ Text Search result, AMSC field, retrieved 20260930T161545Z",past deadline
SPE4A726T036X,1560-00-768-1018,SPE4A726T036X,03-03-2026,03-10-2026,2026-08-21 02:41:27,Origin,Origin,Tech,7014383952,https://dibbs2.bsm.dla.mil/Downloads/RFQ/X/SPE4A726T036X.PDF,https://www.dibbs.bsm.dla.mil/RFQ/RFQRec.aspx?sn=SPE4A726T036X,https://www.dibbs.bsm.dla.mil/rfq/rfqrec.aspx?sn=SPE4A726T036X,PLATE,9,20260930T161545Z,1560-00-768-1018,"PLATE,STRUCTURAL,AI",G,336413,161.0,,,2026-03-03,2026-03-10,PLATE,DIBBS|SPE4A726T036X|1560-00-768-1018,C08,Plates / Markings / Mounting / Misc,PLATE,PLATE,True,core-adjacent,"broad keyword, but it is the item noun","DIBBS RFQ Text Search result, AMSC field, retrieved 20260930T161545Z",past deadline
SPE7L126T746A,5340-01-073-3084,SPE7L126T746A,06-22-2026,07-08-2026,2026-08-21 02:41:27,Origin,Destination,Tech,7017233330,https://dibbs2.bsm.dla.mil/Downloads/RFQ/A/SPE7L126T746A.PDF,https://www.dibbs.bsm.dla.mil/RFQ/RFQRec.aspx?sn=SPE7L126T746A,https://www.dibbs.bsm.dla.mil/rfq/rfqrec.aspx?sn=SPE7L126T746A,PLATE,9,20260930T161545Z,5340-01-073-3084,"PLATE,MENDING",G,332510,88.0,,,2026-06-22,2026-07-08,PLATE,DIBBS|SPE7L126T746A|5340-01-073-3084,C08,Plates / Markings / Mounting / Misc,PLATE,PLATE,True,core-adjacent,"broad keyword, but it is the item noun","DIBBS RFQ Text Search result, AMSC field, retrieved 20260930T161545Z",past deadline
SPE7M026T031T,5935-01-067-4780,SPE7M026T031T,08-06-2026,08-17-2026,2026-08-21 02:41:27,Origin,Origin,Tech,7017603382,https://dibbs2.bsm.dla.mil/Downloads/RFQ/T/SPE7M026T031T.PDF,https://www.dibbs.bsm.dla.mil/RFQ/RFQRec.aspx?sn=SPE7M026T031T,https://www.dibbs.bsm.dla.mil/rfq/rfqrec.aspx?sn=SPE7M026T031T,PLATE,10,20260930T161603Z,5935-01-067-4780,"PLATE,RETAINING,ELECTR",G,334417,32.0,,,2026-08-06,2026-08-17,PLATE,DIBBS|SPE7M026T031T|5935-01-067-4780,C08,Plates / Markings / Mounting / Misc,PLATE,PLATE,True,core-adjacent,"broad keyword, but it is the item noun","DIBBS RFQ Text Search result, AMSC field, retrieved 20260930T161603Z",past deadline
SPE7L126T9916,5340-01-603-9393,SPE7L126T9916,01-14-2026,01-26-2026,2026-08-21 02:41:27,Origin,Origin,Tech,7015087605,https://dibbs2.bsm.dla.mil/Downloads/RFQ/6/SPE7L126T9916.PDF,https://www.dibbs.bsm.dla.mil/RFQ/RFQRec.aspx?sn=SPE7L126T9916,https://www.dibbs.bsm.dla.mil/rfq/rfqrec.aspx?sn=SPE7L126T9916,PLATE,10,20260930T161603Z,5340-01-603-9393,"PLATE,MOUNTING",G,332510,5.0,,,2026-01-14,2026-01-26,PLATE,DIBBS|SPE7L126T9916|5340-01-603-9393,C08,Plates / Markings / Mounting / Misc,PLATE,PLATE,True,core-adjacent,"broad keyword, but it is the item noun","DIBBS RFQ Text Search result, AMSC field, retrieved 20260930T161603Z",past deadline
SPE7M226T2175,5340-01-698-6156,SPE7M226T2175,01-22-2026,02-02-2026,2026-08-21 02:41:27,Origin,Destination,Tech,7014811137,https://dibbs2.bsm.dla.mil/Downloads/RFQ/5/SPE7M226T2175.PDF,https://www.dibbs.bsm.dla.mil/RFQ/RFQRec.aspx?sn=SPE7M226T2175,https://www.dibbs.bsm.dla.mil/rfq/rfqrec.aspx?sn=SPE7M226T2175,PLATE,10,20260930T161603Z,5340-01-698-6156,"PLATE,MOUNTING",G,332510,25.0,,,2026-01-22,2026-02-02,PLATE,DIBBS|SPE7M226T2175|5340-01-698-6156,C08,Plates / Markings / Mounting / Misc,PLATE,PLATE,True,core-adjacent,"broad keyword, but it is the item noun","DIBBS RFQ Text Search result, AMSC field, retrieved 20260930T161603Z",past deadline
SPE8E426T1466,9515-01-702-1341,SPE8E426T1466,05-06-2026,05-21-2026,2026-08-21 02:41:27,Origin,Destination,Tech,7015773192,https://dibbs2.bsm.dla.mil/Downloads/RFQ/6/SPE8E426T1466.PDF,https://www.dibbs.bsm.dla.mil/RFQ/RFQRec.aspx?sn=SPE8E426T1466,https://www.dibbs.bsm.dla.mil/rfq/rfqrec.aspx?sn=SPE8E426T1466,PLATE,10,20260930T161603Z,9515-01-702-1341,ARMOR PLATE,G,331221,1.0,,,2026-05-06,2026-05-21,PLATE,DIBBS|SPE8E426T1466|9515-01-702-1341,C08,Plates / Markings / Mounting / Misc,PLATE,PLATE,True,core-adjacent,"broad keyword, but it is the item noun","DIBBS RFQ Text Search result, AMSC field, retrieved 20260930T161603Z",past deadline
SPE7L126T817R,5340-01-568-0789,SPE7L126T817R,07-10-2026,07-20-2026,2026-08-21 02:41:27,Origin,Destination,Tech,7017440083,https://dibbs2.bsm.dla.mil/Downloads/RFQ/R/SPE7L126T817R.PDF,https://www.dibbs.bsm.dla.mil/RFQ/RFQRec.aspx?sn=SPE7L126T817R,https://www.dibbs.bsm.dla.mil/rfq/rfqrec.aspx?sn=SPE7L126T817R,PLATE,10,20260930T161603Z,5340-01-568-0789,"PLATE,MOUNTING",G,332722,37.0,,,2026-07-10,2026-07-20,PLATE,DIBBS|SPE7L126T817R|5340-01-568-0789,C08,Plates / Markings / Mounting / Misc,PLATE,PLATE,True,core-adjacent,"broad keyword, but it is the item noun","DIBBS RFQ Text Search result, AMSC field, retrieved 20260930T161603Z",past deadline
SPE7L326T154U,2510-01-439-6563,SPE7L326T154U,08-07-2026,08-20-2026,2026-08-21 02:41:27,Origin,Origin,Tech,7017777166,https://dibbs2.bsm.dla.mil/Downloads/RFQ/U/SPE7L326T154U.PDF,https://www.dibbs.bsm.dla.mil/RFQ/RFQRec.aspx?sn=SPE7L326T154U,https://www.dibbs.bsm.dla.mil/rfq/rfqrec.aspx?sn=SPE7L326T154U,PLATE,10,20260930T161603Z,2510-01-439-6563,"PLATE,SKIRTING,VEHICLE",G,336992,9.0,,,2026-08-07,2026-08-20,PLATE,DIBBS|SPE7L326T154U|2510-01-439-6563,C08,Plates / Markings / Mounting / Misc,PLATE,PLATE,True,core-adjacent,"broad keyword, but it is the item noun","DIBBS RFQ Text Search result, AMSC field, retrieved 20260930T161603Z",past deadline
SPE7L426T4984,2540-01-702-1714,SPE7L426T4984,06-05-2026,06-18-2026,2026-08-21 02:41:27,Origin,Destination,Tech,7016471619,https://dibbs2.bsm.dla.mil/Downloads/RFQ/4/SPE7L426T4984.PDF,https://www.dibbs.bsm.dla.mil/RFQ/RFQRec.aspx?sn=SPE7L426T4984,https://www.dibbs.bsm.dla.mil/rfq/rfqrec.aspx?sn=SPE7L426T4984,PLATE,10,20260930T161603Z,2540-01-702-1714,"BASE PLATE,BODY",G,336360,1.0,,,2026-06-05,2026-06-18,PLATE,DIBBS|SPE7L426T4984|2540-01-702-1714,C08,Plates / Markings / Mounting / Misc,PLATE,PLATE,True,core-adjacent,"broad keyword, but it is the item noun","DIBBS RFQ Text Search result, AMSC field, retrieved 20260930T161603Z",past deadline
SPE8E826T4122,4530-01-032-9252,SPE8E826T4122,06-11-2026,06-25-2026,2026-08-21 02:41:27,Origin,Origin,None,7017122916,https://dibbs2.bsm.dla.mil/Downloads/RFQ/2/SPE8E826T4122.PDF,https://www.dibbs.bsm.dla.mil/RFQ/RFQRec.aspx?sn=SPE8E826T4122,https://www.dibbs.bsm.dla.mil/rfq/rfqrec.aspx?sn=SPE8E826T4122,PLATE,10,20260930T161603Z,4530-01-032-9252,"PLATE,SPRAYER,OIL B",G,333414,40.0,,,2026-06-11,2026-06-25,PLATE,DIBBS|SPE8E826T4122|4530-01-032-9252,C08,Plates / Markings / Mounting / Misc,PLATE,PLATE,True,core-adjacent,"broad keyword, but it is the item noun","DIBBS RFQ Text Search result, AMSC field, retrieved 20260930T161603Z",past deadline
SPE7L126T921C,5340-01-674-4126,SPE7L126T921C,08-06-2026,08-20-2026,2026-08-21 02:41:27,Origin,Destination,Tech,7017233748,https://dibbs2.bsm.dla.mil/Downloads/RFQ/C/SPE7L126T921C.PDF,https://www.dibbs.bsm.dla.mil/RFQ/RFQRec.aspx?sn=SPE7L126T921C,https://www.dibbs.bsm.dla.mil/rfq/rfqrec.aspx?sn=SPE7L126T921C,PLATE,10,20260930T161603Z,5340-01-674-4126,"PLATE,MOUNTING",G,332510,18.0,,,2026-08-06,2026-08-20,PLATE,DIBBS|SPE7L126T921C|5340-01-674-4126,C08,Plates / Markings / Mounting / Misc,PLATE,PLATE,True,core-adjacent,"broad keyword, but it is the item noun","DIBBS RFQ Text Search result, AMSC field, retrieved 20260930T161603Z",past deadline
SPE7L126T733H,5340-01-439-3757,SPE7L126T733H,06-22-2026,07-02-2026,2026-08-21 02:41:27,Origin,Destination,None,7017234373,https://dibbs2.bsm.dla.mil/Downloads/RFQ/H/SPE7L126T733H.PDF,https://www.dibbs.bsm.dla.mil/RFQ/RFQRec.aspx?sn=SPE7L126T733H,https://www.dibbs.bsm.dla.mil/rfq/rfqrec.aspx?sn=SPE7L126T733H,PLATE,10,20260930T161603Z,5340-01-439-3757,"PLATE,MOUNTING",G,332510,167.0,,,2026-06-22,2026-07-02,PLATE,DIBBS|SPE7L126T733H|5340-01-439-3757,C08,Plates / Markings / Mounting / Misc,PLATE,PLATE,True,core-adjacent,"broad keyword, but it is the item noun","DIBBS RFQ Text Search result, AMSC field, retrieved 20260930T161603Z",past deadline
SPE7L126T266X,5340-01-670-1373,SPE7L126T266X,03-30-2026,04-09-2026,2026-08-21 02:41:27,Origin,Origin,Tech,7016117061,https://dibbs2.bsm.dla.mil/Downloads/RFQ/X/SPE7L126T266X.PDF,https://www.dibbs.bsm.dla.mil/RFQ/RFQRec.aspx?sn=SPE7L126T266X,https://www.dibbs.bsm.dla.mil/rfq/rfqrec.aspx?sn=SPE7L126T266X,PLATE,10,20260930T161603Z,5340-01-670-1373,"PLATE,MOUNTING",G,332510,2.0,,,2026-03-30,2026-04-09,PLATE,DIBBS|SPE7L126T266X|5340-01-670-1373,C08,Plates / Markings / Mounting / Misc,PLATE,PLATE,True,core-adjacent,"broad keyword, but it is the item noun","DIBBS RFQ Text Search result, AMSC field, retrieved 20260930T161603Z",past deadline
SPE7L126T671L,3040-01-270-6471,SPE7L126T671L,06-05-2026,06-15-2026,2026-08-21 02:41:27,Origin,Origin,Tech,7017039541,https://dibbs2.bsm.dla.mil/Downloads/RFQ/L/SPE7L126T671L.PDF,https://www.dibbs.bsm.dla.mil/RFQ/RFQRec.aspx?sn=SPE7L126T671L,https://www.dibbs.bsm.dla.mil/rfq/rfqrec.aspx?sn=SPE7L126T671L,PLATE,10,20260930T161603Z,3040-01-270-6471,"PLATE,RETAINING,SHA",G,333613,9.0,,,2026-06-05,2026-06-15,PLATE,DIBBS|SPE7L126T671L|3040-01-270-6471,C08,Plates / Markings / Mounting / Misc,PLATE,PLATE,True,core-adjacent,"broad keyword, but it is the item noun","DIBBS RFQ Text Search result, AMSC field, retrieved 20260930T161603Z",past deadline
SPE4A726T149Z,6350-00-549-6654,SPE4A726T149Z,03-26-2026,04-02-2026,2026-08-21 02:41:27,Origin,Origin,Tech,7015955827,https://dibbs2.bsm.dla.mil/Downloads/RFQ/Z/SPE4A726T149Z.PDF,https://www.dibbs.bsm.dla.mil/RFQ/RFQRec.aspx?sn=SPE4A726T149Z,https://www.dibbs.bsm.dla.mil/rfq/rfqrec.aspx?sn=SPE4A726T149Z,PLATE,10,20260930T161603Z,6350-00-549-6654,"PLATE,WAVE-OFF-CUT",G,335311,7.0,,,2026-03-26,2026-04-02,PLATE,DIBBS|SPE4A726T149Z|6350-00-549-6654,C08,Plates / Markings / Mounting / Misc,PLATE,PLATE,True,core-adjacent,"broad keyword, but it is the item noun","DIBBS RFQ Text Search result, AMSC field, retrieved 20260930T161603Z",past deadline
SPE4A726T618M,1560-01-160-8811,SPE4A726T618M,08-06-2026,08-13-2026,2026-08-21 02:41:27,Origin,Origin,Tech,7017200364,https://dibbs2.bsm.dla.mil/Downloads/RFQ/M/SPE4A726T618M.PDF,https://www.dibbs.bsm.dla.mil/RFQ/RFQRec.aspx?sn=SPE4A726T618M,https://www.dibbs.bsm.dla.mil/rfq/rfqrec.aspx?sn=SPE4A726T618M,PLATE,10,20260930T161603Z,1560-01-160-8811,"PLATE,SERRATED,JETT",G,336413,32.0,,,2026-08-06,2026-08-13,PLATE,DIBBS|SPE4A726T618M|1560-01-160-8811,C08,Plates / Markings / Mounting / Misc,PLATE,PLATE,True,core-adjacent,"broad keyword, but it is the item noun","DIBBS RFQ Text Search result, AMSC field, retrieved 20260930T161603Z",past deadline
SPE7L126T204U,5340-01-366-1547,SPE7L126T204U,03-13-2026,03-27-2026,2026-08-21 02:41:27,Origin,Origin,Tech,7015893463,https://dibbs2.bsm.dla.mil/Downloads/RFQ/U/SPE7L126T204U.PDF,https://www.dibbs.bsm.dla.mil/RFQ/RFQRec.aspx?sn=SPE7L126T204U,https://www.dibbs.bsm.dla.mil/rfq/rfqrec.aspx?sn=SPE7L126T204U,PLATE,11,20260930T161621Z,5340-01-366-1547,"PLATE,MOUNTING",G,332510,5.0,,,2026-03-13,2026-03-27,PLATE,DIBBS|SPE7L126T204U|5340-01-366-1547,C08,Plates / Markings / Mounting / Misc,PLATE,PLATE,True,core-adjacent,"broad keyword, but it is the item noun","DIBBS RFQ Text Search result, AMSC field, retrieved 20260930T161621Z",past deadline
SPE4A726T656H,2840-01-159-4216,SPE4A726T656H,08-17-2026,08-24-2026,2026-08-21 02:41:27,Origin,Origin,Tech,7017869669,https://dibbs2.bsm.dla.mil/Downloads/RFQ/H/SPE4A726T656H.PDF,https://www.dibbs.bsm.dla.mil/RFQ/RFQRec.aspx?sn=SPE4A726T656H,https://www.dibbs.bsm.dla.mil/rfq/rfqrec.aspx?sn=SPE4A726T656H,PLATE,11,20260930T161621Z,2840-01-159-4216,"PLATE,COMPONENT MOU",G,336412,7.0,,,2026-08-17,2026-08-24,PLATE,DIBBS|SPE4A726T656H|2840-01-159-4216,C08,Plates / Markings / Mounting / Misc,PLATE,PLATE,True,core-adjacent,"broad keyword, but it is the item noun","DIBBS RFQ Text Search result, AMSC field, retrieved 20260930T161621Z",past deadline
SPE7M326T7151,4730-01-672-8394,SPE7M326T7151,06-29-2026,07-09-2026,2026-08-21 02:41:27,Origin,Destination,Tech,7017127158,https://dibbs2.bsm.dla.mil/Downloads/RFQ/1/SPE7M326T7151.PDF,https://www.dibbs.bsm.dla.mil/RFQ/RFQRec.aspx?sn=SPE7M326T7151,https://www.dibbs.bsm.dla.mil/rfq/rfqrec.aspx?sn=SPE7M326T7151,PLATE,11,20260930T161621Z,4730-01-672-8394,"PLATE,ORIFICE,FLUID",G,326122,1.0,,,2026-06-29,2026-07-09,PLATE,DIBBS|SPE7M326T7151|4730-01-672-8394,C08,Plates / Markings / Mounting / Misc,PLATE,PLATE,True,core-adjacent,"broad keyword, but it is the item noun","DIBBS RFQ Text Search result, AMSC field, retrieved 20260930T161621Z",past deadline
SPE7L126T417H,5340-01-649-5321,SPE7L126T417H,04-23-2026,05-04-2026,2026-08-21 02:41:27,Origin,Destination,Tech,7016182612,https://dibbs2.bsm.dla.mil/Downloads/RFQ/H/SPE7L126T417H.PDF,https://www.dibbs.bsm.dla.mil/RFQ/RFQRec.aspx?sn=SPE7L126T417H,https://www.dibbs.bsm.dla.mil/rfq/rfqrec.aspx?sn=SPE7L126T417H,PLATE,11,20260930T161621Z,5340-01-649-5321,"PLATE,MOUNTING",G,332510,1.0,,,2026-04-23,2026-05-04,PLATE,DIBBS|SPE7L126T417H|5340-01-649-5321,C08,Plates / Markings / Mounting / Misc,PLATE,PLATE,True,core-adjacent,"broad keyword, but it is the item noun","DIBBS RFQ Text Search result, AMSC field, retrieved 20260930T161621Z",past deadline
SPE4A726T118U,1450-00-767-0167,SPE4A726T118U,03-20-2026,03-27-2026,2026-08-21 02:41:27,Origin,Destination,Tech,7015994295,https://dibbs2.bsm.dla.mil/Downloads/RFQ/U/SPE4A726T118U.PDF,https://www.dibbs.bsm.dla.mil/RFQ/RFQRec.aspx?sn=SPE4A726T118U,https://www.dibbs.bsm.dla.mil/rfq/rfqrec.aspx?sn=SPE4A726T118U,PLATE,11,20260930T161621Z,1450-00-767-0167,"PLATE,FRAME SUPPORT",G,336419,53.0,,,2026-03-20,2026-03-27,PLATE,DIBBS|SPE4A726T118U|1450-00-767-0167,C08,Plates / Markings / Mounting / Misc,PLATE,PLATE,True,core-adjacent,"broad keyword, but it is the item noun","DIBBS RFQ Text Search result, AMSC field, retrieved 20260930T161621Z",past deadline
SPE4A726T646D,1560-01-624-7028,SPE4A726T646D,08-13-2026,08-20-2026,2026-08-21 02:41:27,Origin,Origin,Tech,7017697714,https://dibbs2.bsm.dla.mil/Downloads/RFQ/D/SPE4A726T646D.PDF,https://www.dibbs.bsm.dla.mil/RFQ/RFQRec.aspx?sn=SPE4A726T646D,https://www.dibbs.bsm.dla.mil/rfq/rfqrec.aspx?sn=SPE4A726T646D,PLATE,11,20260930T161621Z,1560-01-624-7028,"PLATE,STRUCTURAL,AI",G,336413,12.0,,,2026-08-13,2026-08-20,PLATE,DIBBS|SPE4A726T646D|1560-01-624-7028,C08,Plates / Markings / Mounting / Misc,PLATE,PLATE,True,core-adjacent,"broad keyword, but it is the item noun","DIBBS RFQ Text Search result, AMSC field, retrieved 20260930T161621Z",past deadline
SPE7L126T401F,3010-01-494-1506,SPE7L126T401F,04-22-2026,05-04-2026,2026-08-21 02:41:27,Origin,Destination,Tech,7016416465,https://dibbs2.bsm.dla.mil/Downloads/RFQ/F/SPE7L126T401F.PDF,https://www.dibbs.bsm.dla.mil/RFQ/RFQRec.aspx?sn=SPE7L126T401F,https://www.dibbs.bsm.dla.mil/rfq/rfqrec.aspx?sn=SPE7L126T401F,PLATE,11,20260930T161621Z,3010-01-494-1506,"PLATE,INTERMEDIATE,",G,333612,11.0,,,2026-04-22,2026-05-04,PLATE,DIBBS|SPE7L126T401F|3010-01-494-1506,C08,Plates / Markings / Mounting / Misc,PLATE,PLATE,True,core-adjacent,"broad keyword, but it is the item noun","DIBBS RFQ Text Search result, AMSC field, retrieved 20260930T161621Z",past deadline
SPE7M326T7497,4730-01-668-3121,SPE7M326T7497,07-16-2026,07-30-2026,2026-08-21 02:41:27,Origin,Destination,Tech,7017289997,https://dibbs2.bsm.dla.mil/Downloads/RFQ/7/SPE7M326T7497.PDF,https://www.dibbs.bsm.dla.mil/RFQ/RFQRec.aspx?sn=SPE7M326T7497,https://www.dibbs.bsm.dla.mil/rfq/rfqrec.aspx?sn=SPE7M326T7497,PLATE,11,20260930T161621Z,4730-01-668-3121,"PLATE,ORIFICE,FLUID",G,326122,1.0,,,2026-07-16,2026-07-30,PLATE,DIBBS|SPE7M326T7497|4730-01-668-3121,C08,Plates / Markings / Mounting / Misc,PLATE,PLATE,True,core-adjacent,"broad keyword, but it is the item noun","DIBBS RFQ Text Search result, AMSC field, retrieved 20260930T161621Z",past deadline
SPE7L126T977W,3040-01-270-6471,SPE7L126T977W,08-18-2026,08-28-2026,2026-08-21 02:41:27,Origin,Origin,Tech,7017869859,https://dibbs2.bsm.dla.mil/Downloads/RFQ/W/SPE7L126T977W.PDF,https://www.dibbs.bsm.dla.mil/RFQ/RFQRec.aspx?sn=SPE7L126T977W,https://www.dibbs.bsm.dla.mil/rfq/rfqrec.aspx?sn=SPE7L126T977W,PLATE,11,20260930T161621Z,3040-01-270-6471,"PLATE,RETAINING,SHAFT",G,333613,9.0,,,2026-08-18,2026-08-28,PLATE,DIBBS|SPE7L126T977W|3040-01-270-6471,C08,Plates / Markings / Mounting / Misc,PLATE,PLATE,True,core-adjacent,"broad keyword, but it is the item noun","DIBBS RFQ Text Search result, AMSC field, retrieved 20260930T161621Z",past deadline
SPE7L726T4100,6650-00-419-4170,SPE7L726T4100,06-29-2026,07-09-2026,2026-08-21 02:41:27,Origin,Origin,Tech,7017315033,https://dibbs2.bsm.dla.mil/Downloads/RFQ/0/SPE7L726T4100.PDF,https://www.dibbs.bsm.dla.mil/RFQ/RFQRec.aspx?sn=SPE7L726T4100,https://www.dibbs.bsm.dla.mil/rfq/rfqrec.aspx?sn=SPE7L726T4100,PLATE,11,20260930T161621Z,6650-00-419-4170,"PLATE,CLAMP,BINOCUL",G,333310,80.0,,,2026-06-29,2026-07-09,PLATE,DIBBS|SPE7L726T4100|6650-00-419-4170,C08,Plates / Markings / Mounting / Misc,PLATE,PLATE,True,core-adjacent,"broad keyword, but it is the item noun","DIBBS RFQ Text Search result, AMSC field, retrieved 20260930T161621Z",past deadline
SPE8E626T2978,9905-01-167-8085,SPE8E626T2978,05-19-2026,05-29-2026,2026-08-21 02:41:27,Origin,Destination,Tech,7016650150,https://dibbs2.bsm.dla.mil/Downloads/RFQ/8/SPE8E626T2978.PDF,https://www.dibbs.bsm.dla.mil/RFQ/RFQRec.aspx?sn=SPE8E626T2978,https://www.dibbs.bsm.dla.mil/rfq/rfqrec.aspx?sn=SPE8E626T2978,PLATE,11,20260930T161621Z,9905-01-167-8085,"PLATE,INSTRUCTION",G,339950,40.0,,,2026-05-19,2026-05-29,PLATE,DIBBS|SPE8E626T2978|9905-01-167-8085,C08,Plates / Markings / Mounting / Misc,PLATE,PLATE,True,core-adjacent,"broad keyword, but it is the item noun","DIBBS RFQ Text Search result, AMSC field, retrieved 20260930T161621Z",past deadline
SPE8E626T3724,9905-01-436-8526,SPE8E626T3724,07-15-2026,07-27-2026,2026-08-21 02:41:27,Destination,Destination,Tech,7017471450,https://dibbs2.bsm.dla.mil/Downloads/RFQ/4/SPE8E626T3724.PDF,https://www.dibbs.bsm.dla.mil/RFQ/RFQRec.aspx?sn=SPE8E626T3724,https://www.dibbs.bsm.dla.mil/rfq/rfqrec.aspx?sn=SPE8E626T3724,PLATE,11,20260930T161621Z,9905-01-436-8526,"PLATE,INSTRUCTION",G,339950,1.0,,,2026-07-15,2026-07-27,PLATE,DIBBS|SPE8E626T3724|9905-01-436-8526,C08,Plates / Markings / Mounting / Misc,PLATE,PLATE,True,core-adjacent,"broad keyword, but it is the item noun","DIBBS RFQ Text Search result, AMSC field, retrieved 20260930T161621Z",past deadline
SPE7L126T564P,5340-01-463-1004,SPE7L126T564P,05-18-2026,05-28-2026,2026-08-21 02:41:27,Origin,Origin,Tech,7014385184,https://dibbs2.bsm.dla.mil/Downloads/RFQ/P/SPE7L126T564P.PDF,https://www.dibbs.bsm.dla.mil/RFQ/RFQRec.aspx?sn=SPE7L126T564P,https://www.dibbs.bsm.dla.mil/rfq/rfqrec.aspx?sn=SPE7L126T564P,PLATE,11,20260930T161621Z,5340-01-463-1004,ROOF PLATE ASSEMBLY,G,332722,1.0,,,2026-05-18,2026-05-28,PLATE,DIBBS|SPE7L126T564P|5340-01-463-1004,C08,Plates / Markings / Mounting / Misc,PLATE,PLATE,True,core-adjacent,"broad keyword, but it is the item noun","DIBBS RFQ Text Search result, AMSC field, retrieved 20260930T161621Z",past deadline
SPE7L126T907S,5340-01-275-3757,SPE7L126T907S,08-04-2026,08-14-2026,2026-08-21 02:41:27,Origin,Destination,Tech,7017450056,https://dibbs2.bsm.dla.mil/Downloads/RFQ/S/SPE7L126T907S.PDF,https://www.dibbs.bsm.dla.mil/RFQ/RFQRec.aspx?sn=SPE7L126T907S,https://www.dibbs.bsm.dla.mil/rfq/rfqrec.aspx?sn=SPE7L126T907S,PLATE,12,20260930T161638Z,5340-01-275-3757,"PLATE,MOUNTING",G,332510,35.0,,,2026-08-04,2026-08-14,PLATE,DIBBS|SPE7L126T907S|5340-01-275-3757,C08,Plates / Markings / Mounting / Misc,PLATE,PLATE,True,core-adjacent,"broad keyword, but it is the item noun","DIBBS RFQ Text Search result, AMSC field, retrieved 20260930T161638Z",past deadline
SPE7L026T0306,3010-01-657-5734,SPE7L026T0306,05-18-2026,05-28-2026,2026-08-21 02:41:27,Origin,Origin,Tech,7016732266,https://dibbs2.bsm.dla.mil/Downloads/RFQ/6/SPE7L026T0306.PDF,https://www.dibbs.bsm.dla.mil/RFQ/RFQRec.aspx?sn=SPE7L026T0306,https://www.dibbs.bsm.dla.mil/rfq/rfqrec.aspx?sn=SPE7L026T0306,PLATE,12,20260930T161638Z,3010-01-657-5734,"PLATE,INTERMEDIATE,",G,333612,17.0,,,2026-05-18,2026-05-28,PLATE,DIBBS|SPE7L026T0306|3010-01-657-5734,C08,Plates / Markings / Mounting / Misc,PLATE,PLATE,True,core-adjacent,"broad keyword, but it is the item noun","DIBBS RFQ Text Search result, AMSC field, retrieved 20260930T161638Z",past deadline
SPE7L426T4469,2530-00-504-0393,SPE7L426T4469,05-12-2026,05-22-2026,2026-08-21 02:41:27,Origin,Origin,Tech,7016088641,https://dibbs2.bsm.dla.mil/Downloads/RFQ/9/SPE7L426T4469.PDF,https://www.dibbs.bsm.dla.mil/RFQ/RFQRec.aspx?sn=SPE7L426T4469,https://www.dibbs.bsm.dla.mil/rfq/rfqrec.aspx?sn=SPE7L426T4469,PLATE,12,20260930T161638Z,2530-00-504-0393,"PLATE,WEAR,BRAKE SH",G,336340,1180.0,,,2026-05-12,2026-05-22,PLATE,DIBBS|SPE7L426T4469|2530-00-504-0393,C08,Plates / Markings / Mounting / Misc,PLATE,PLATE,True,core-adjacent,"broad keyword, but it is the item noun","DIBBS RFQ Text Search result, AMSC field, retrieved 20260930T161638Z",past deadline
SPE7L026T0301,2590-01-666-8863,SPE7L026T0301,05-14-2026,05-29-2026,2026-08-21 02:41:27,Origin,Origin,Tech,7016489703,https://dibbs2.bsm.dla.mil/Downloads/RFQ/1/SPE7L026T0301.PDF,https://www.dibbs.bsm.dla.mil/RFQ/RFQRec.aspx?sn=SPE7L026T0301,https://www.dibbs.bsm.dla.mil/rfq/rfqrec.aspx?sn=SPE7L026T0301,PLATE,12,20260930T161638Z,2590-01-666-8863,"PLATE,MOUNTING",G,333310,1.0,,,2026-05-14,2026-05-29,PLATE,DIBBS|SPE7L026T0301|2590-01-666-8863,C08,Plates / Markings / Mounting / Misc,PLATE,PLATE,True,core-adjacent,"broad keyword, but it is the item noun","DIBBS RFQ Text Search result, AMSC field, retrieved 20260930T161638Z",past deadline
SPE8E426T1936,9515-01-268-3376,SPE8E426T1936,07-29-2026,08-10-2026,2026-08-21 02:41:27,Origin,Origin,Tech,7016178423,https://dibbs2.bsm.dla.mil/Downloads/RFQ/6/SPE8E426T1936.PDF,https://www.dibbs.bsm.dla.mil/RFQ/RFQRec.aspx?sn=SPE8E426T1936,https://www.dibbs.bsm.dla.mil/rfq/rfqrec.aspx?sn=SPE8E426T1936,PLATE,12,20260930T161638Z,9515-01-268-3376,ARMOR PLATE,G,331221,4.0,,,2026-07-29,2026-08-10,PLATE,DIBBS|SPE8E426T1936|9515-01-268-3376,C08,Plates / Markings / Mounting / Misc,PLATE,PLATE,True,core-adjacent,"broad keyword, but it is the item noun","DIBBS RFQ Text Search result, AMSC field, retrieved 20260930T161638Z",past deadline
SPE7M326T7152,4730-01-686-7144,SPE7M326T7152,06-29-2026,07-22-2026,2026-08-21 02:41:27,Origin,Destination,Tech,7017127160,https://dibbs2.bsm.dla.mil/Downloads/RFQ/2/SPE7M326T7152.PDF,https://www.dibbs.bsm.dla.mil/RFQ/RFQRec.aspx?sn=SPE7M326T7152,https://www.dibbs.bsm.dla.mil/rfq/rfqrec.aspx?sn=SPE7M326T7152,PLATE,12,20260930T161638Z,4730-01-686-7144,"PLATE,ORIFICE,FLUID",G,326122,1.0,,,2026-06-29,2026-07-22,PLATE,DIBBS|SPE7M326T7152|4730-01-686-7144,C08,Plates / Markings / Mounting / Misc,PLATE,PLATE,True,core-adjacent,"broad keyword, but it is the item noun","DIBBS RFQ Text Search result, AMSC field, retrieved 20260930T161638Z",past deadline
SPE8EE26T1778,3950-01-342-4089,SPE8EE26T1778,06-01-2026,06-11-2026,2026-08-21 02:41:27,Origin,Origin,Tech,7016967590,https://dibbs2.bsm.dla.mil/Downloads/RFQ/8/SPE8EE26T1778.PDF,https://www.dibbs.bsm.dla.mil/RFQ/RFQRec.aspx?sn=SPE8EE26T1778,https://www.dibbs.bsm.dla.mil/rfq/rfqrec.aspx?sn=SPE8EE26T1778,PLATE,12,20260930T161638Z,3950-01-342-4089,"WEAR PLATE,CRANE",G,333923,3.0,,,2026-06-01,2026-06-11,PLATE,DIBBS|SPE8EE26T1778|3950-01-342-4089,C08,Plates / Markings / Mounting / Misc,PLATE,PLATE,True,core-adjacent,"broad keyword, but it is the item noun","DIBBS RFQ Text Search result, AMSC field, retrieved 20260930T161638Z",past deadline
SPE7L126T536N,5340-01-720-6274,SPE7L126T536N,05-12-2026,05-22-2026,2026-08-21 02:41:27,Origin,Destination,Tech,7015974694,https://dibbs2.bsm.dla.mil/Downloads/RFQ/N/SPE7L126T536N.PDF,https://www.dibbs.bsm.dla.mil/RFQ/RFQRec.aspx?sn=SPE7L126T536N,https://www.dibbs.bsm.dla.mil/rfq/rfqrec.aspx?sn=SPE7L126T536N,PLATE,12,20260930T161638Z,5340-01-720-6274,"PLATE,MOUNTING",G,332510,1.0,No | Data | found,,2026-05-12,2026-05-22,PLATE,DIBBS|SPE7L126T536N|5340-01-720-6274,C08,Plates / Markings / Mounting / Misc,PLATE,PLATE,True,core-adjacent,"broad keyword, but it is the item noun","DIBBS RFQ Text Search result, AMSC field, retrieved 20260930T161638Z",past deadline
SPE8E626T3708,9905-01-490-6752,SPE8E626T3708,07-13-2026,07-23-2026,2026-08-21 02:41:27,Origin,Destination,Tech,7017422488,https://dibbs2.bsm.dla.mil/Downloads/RFQ/8/SPE8E626T3708.PDF,https://www.dibbs.bsm.dla.mil/RFQ/RFQRec.aspx?sn=SPE8E626T3708,https://www.dibbs.bsm.dla.mil/rfq/rfqrec.aspx?sn=SPE8E626T3708,PLATE,12,20260930T161638Z,9905-01-490-6752,"PLATE,INSTRUCTION",G,339950,32.0,,,2026-07-13,2026-07-23,PLATE,DIBBS|SPE8E626T3708|9905-01-490-6752,C08,Plates / Markings / Mounting / Misc,PLATE,PLATE,True,core-adjacent,"broad keyword, but it is the item noun","DIBBS RFQ Text Search result, AMSC field, retrieved 20260930T161638Z",past deadline
SPE4A726T662G,5365-01-031-7479,SPE4A726T662G,08-17-2026,08-24-2026,2026-08-21 02:41:27,Origin,Origin,Tech,7017913490,https://dibbs2.bsm.dla.mil/Downloads/RFQ/G/SPE4A726T662G.PDF,https://www.dibbs.bsm.dla.mil/RFQ/RFQRec.aspx?sn=SPE4A726T662G,https://www.dibbs.bsm.dla.mil/rfq/rfqrec.aspx?sn=SPE4A726T662G,PLATE,12,20260930T161638Z,5365-01-031-7479,"PLATE,THRUST",G,332510,40.0,,,2026-08-17,2026-08-24,PLATE,DIBBS|SPE4A726T662G|5365-01-031-7479,C08,Plates / Markings / Mounting / Misc,PLATE,PLATE,True,core-adjacent,"broad keyword, but it is the item noun","DIBBS RFQ Text Search result, AMSC field, retrieved 20260930T161638Z",past deadline
SPE4A626U2739,6350-00-549-6654,SPE4A626U2739,04-14-2026,05-01-2026,2026-08-21 02:41:27,Origin,Origin,Tech,1000231096,https://dibbs2.bsm.dla.mil/Downloads/RFQ/9/SPE4A626U2739.PDF,https://www.dibbs.bsm.dla.mil/RFQ/RFQRec.aspx?sn=SPE4A626U2739,https://www.dibbs.bsm.dla.mil/rfq/rfqrec.aspx?sn=SPE4A626U2739,PLATE,13,20260930T161656Z,6350-00-549-6654,"PLATE,WAVE-OFF-CUT",G,335311,12.0,,,2026-04-14,2026-05-01,PLATE,DIBBS|SPE4A626U2739|6350-00-549-6654,C08,Plates / Markings / Mounting / Misc,PLATE,PLATE,True,core-adjacent,"broad keyword, but it is the item noun","DIBBS RFQ Text Search result, AMSC field, retrieved 20260930T161656Z",past deadline
SPE7L726T4670,1095-00-450-8514,SPE7L726T4670,08-10-2026,08-20-2026,2026-08-21 02:41:27,Origin,Origin,Tech,7016887831,https://dibbs2.bsm.dla.mil/Downloads/RFQ/0/SPE7L726T4670.PDF,https://www.dibbs.bsm.dla.mil/RFQ/RFQRec.aspx?sn=SPE7L726T4670,https://www.dibbs.bsm.dla.mil/rfq/rfqrec.aspx?sn=SPE7L726T4670,PLATE,13,20260930T161656Z,1095-00-450-8514,"PLATE,SIDE",G,336413,24.0,,,2026-08-10,2026-08-20,PLATE,DIBBS|SPE7L726T4670|1095-00-450-8514,C08,Plates / Markings / Mounting / Misc,PLATE,PLATE,True,core-adjacent,"broad keyword, but it is the item noun","DIBBS RFQ Text Search result, AMSC field, retrieved 20260930T161656Z",past deadline
SPE4A726T634Z,1560-00-846-5592,SPE4A726T634Z,08-10-2026,08-17-2026,2026-08-21 02:41:27,Origin,Origin,Tech,7016846555,https://dibbs2.bsm.dla.mil/Downloads/RFQ/Z/SPE4A726T634Z.PDF,https://www.dibbs.bsm.dla.mil/RFQ/RFQRec.aspx?sn=SPE4A726T634Z,https://www.dibbs.bsm.dla.mil/rfq/rfqrec.aspx?sn=SPE4A726T634Z,PLATE,13,20260930T161656Z,1560-00-846-5592,"PLATE,STRUCTURAL,AI",G,336413,11.0,,,2026-08-10,2026-08-17,PLATE,DIBBS|SPE4A726T634Z|1560-00-846-5592,C08,Plates / Markings / Mounting / Misc,PLATE,PLATE,True,core-adjacent,"broad keyword, but it is the item noun","DIBBS RFQ Text Search result, AMSC field, retrieved 20260930T161656Z",past deadline
SPE8E626Q0600,9905-00-670-5710,SPE8E626Q0600,08-17-2026,08-27-2026,2026-08-21 02:41:27,Origin,Destination,Tech,7017275212,https://dibbs2.bsm.dla.mil/Downloads/RFQ/0/SPE8E626Q0600.PDF,https://www.dibbs.bsm.dla.mil/RFQ/RFQRec.aspx?sn=SPE8E626Q0600,https://www.dibbs.bsm.dla.mil/rfq/rfqrec.aspx?sn=SPE8E626Q0600,PLATE,13,20260930T161656Z,9905-00-670-5710,"PLATE,INSTRUCTION",G,332119,21.0,,,2026-08-17,2026-08-27,PLATE,DIBBS|SPE8E626Q0600|9905-00-670-5710,C08,Plates / Markings / Mounting / Misc,PLATE,PLATE,True,core-adjacent,"broad keyword, but it is the item noun","DIBBS RFQ Text Search result, AMSC field, retrieved 20260930T161656Z",past deadline
SPE8E626T3071,9905-01-496-3749,SPE8E626T3071,05-28-2026,06-11-2026,2026-08-21 02:41:27,Origin,Destination,Tech,7016922640,https://dibbs2.bsm.dla.mil/Downloads/RFQ/1/SPE8E626T3071.PDF,https://www.dibbs.bsm.dla.mil/RFQ/RFQRec.aspx?sn=SPE8E626T3071,https://www.dibbs.bsm.dla.mil/rfq/rfqrec.aspx?sn=SPE8E626T3071,PLATE,13,20260930T161656Z,9905-01-496-3749,"PLATE,IDENTIFICATIO",G,339950,75.0,,,2026-05-28,2026-06-11,PLATE,DIBBS|SPE8E626T3071|9905-01-496-3749,C08,Plates / Markings / Mounting / Misc,PLATE,PLATE,True,core-adjacent,"broad keyword, but it is the item noun","DIBBS RFQ Text Search result, AMSC field, retrieved 20260930T161656Z",past deadline
SPE7L126T320E,5340-01-268-3039,SPE7L126T320E,04-06-2026,04-16-2026,2026-08-21 02:41:27,Origin,Destination,Tech,7011949190,https://dibbs2.bsm.dla.mil/Downloads/RFQ/E/SPE7L126T320E.PDF,https://www.dibbs.bsm.dla.mil/RFQ/RFQRec.aspx?sn=SPE7L126T320E,https://www.dibbs.bsm.dla.mil/rfq/rfqrec.aspx?sn=SPE7L126T320E,PLATE,13,20260930T161656Z,5340-01-268-3039,"PLATE,MOUNTING",G,332510,1.0,,,2026-04-06,2026-04-16,PLATE,DIBBS|SPE7L126T320E|5340-01-268-3039,C08,Plates / Markings / Mounting / Misc,PLATE,PLATE,True,core-adjacent,"broad keyword, but it is the item noun","DIBBS RFQ Text Search result, AMSC field, retrieved 20260930T161656Z",past deadline
SPE4A726T301F,1560-00-757-7337,SPE4A726T301F,04-29-2026,05-06-2026,2026-08-21 02:41:27,Origin,Origin,Tech,7016336761,https://dibbs2.bsm.dla.mil/Downloads/RFQ/F/SPE4A726T301F.PDF,https://www.dibbs.bsm.dla.mil/RFQ/RFQRec.aspx?sn=SPE4A726T301F,https://www.dibbs.bsm.dla.mil/rfq/rfqrec.aspx?sn=SPE4A726T301F,PLATE,13,20260930T161656Z,1560-00-757-7337,"PLATE,LOCKING DRAG",G,336413,4.0,,,2026-04-29,2026-05-06,PLATE,DIBBS|SPE4A726T301F|1560-00-757-7337,C08,Plates / Markings / Mounting / Misc,PLATE,PLATE,True,core-adjacent,"broad keyword, but it is the item noun","DIBBS RFQ Text Search result, AMSC field, retrieved 20260930T161656Z",past deadline
SPE8E626T4247,9905-01-436-8526,SPE8E626T4247,08-17-2026,08-27-2026,2026-08-21 02:41:27,Destination,Destination,Tech,7017873151,https://dibbs2.bsm.dla.mil/Downloads/RFQ/7/SPE8E626T4247.PDF,https://www.dibbs.bsm.dla.mil/RFQ/RFQRec.aspx?sn=SPE8E626T4247,https://www.dibbs.bsm.dla.mil/rfq/rfqrec.aspx?sn=SPE8E626T4247,PLATE,13,20260930T161656Z,9905-01-436-8526,"PLATE,INSTRUCTION",G,339950,1.0,,,2026-08-17,2026-08-27,PLATE,DIBBS|SPE8E626T4247|9905-01-436-8526,C08,Plates / Markings / Mounting / Misc,PLATE,PLATE,True,core-adjacent,"broad keyword, but it is the item noun","DIBBS RFQ Text Search result, AMSC field, retrieved 20260930T161656Z",past deadline
SPE7L026T0300,2590-01-666-8862,SPE7L026T0300,05-14-2026,05-26-2026,2026-08-21 02:41:27,Origin,Origin,Tech,7016529863,https://dibbs2.bsm.dla.mil/Downloads/RFQ/0/SPE7L026T0300.PDF,https://www.dibbs.bsm.dla.mil/RFQ/RFQRec.aspx?sn=SPE7L026T0300,https://www.dibbs.bsm.dla.mil/rfq/rfqrec.aspx?sn=SPE7L026T0300,PLATE,13,20260930T161656Z,2590-01-666-8862,"PLATE,MOUNTING",G,333310,1.0,,,2026-05-14,2026-05-26,PLATE,DIBBS|SPE7L026T0300|2590-01-666-8862,C08,Plates / Markings / Mounting / Misc,PLATE,PLATE,True,core-adjacent,"broad keyword, but it is the item noun","DIBBS RFQ Text Search result, AMSC field, retrieved 20260930T161656Z",past deadline
SPE4A726T330Q,1650-00-326-2080,SPE4A726T330Q,05-11-2026,05-18-2026,2026-08-21 02:41:27,Origin,Origin,Tech,7016468000,https://dibbs2.bsm.dla.mil/Downloads/RFQ/Q/SPE4A726T330Q.PDF,https://www.dibbs.bsm.dla.mil/RFQ/RFQRec.aspx?sn=SPE4A726T330Q,https://www.dibbs.bsm.dla.mil/rfq/rfqrec.aspx?sn=SPE4A726T330Q,PLATE,13,20260930T161656Z,1650-00-326-2080,"PLATE,GUIDE,CAM FOL",G,336413,1.0,,,2026-05-11,2026-05-18,PLATE,DIBBS|SPE4A726T330Q|1650-00-326-2080,C08,Plates / Markings / Mounting / Misc,PLATE,PLATE,True,core-adjacent,"broad keyword, but it is the item noun","DIBBS RFQ Text Search result, AMSC field, retrieved 20260930T161656Z",past deadline
SPE4A626T782D,1420-01-070-4995,SPE4A626T782D,02-23-2026,03-05-2026,2026-08-21 02:41:27,Origin,Destination,Tech,7015599986,https://dibbs2.bsm.dla.mil/Downloads/RFQ/D/SPE4A626T782D.PDF,https://www.dibbs.bsm.dla.mil/RFQ/RFQRec.aspx?sn=SPE4A626T782D,https://www.dibbs.bsm.dla.mil/rfq/rfqrec.aspx?sn=SPE4A626T782D,PLATE,13,20260930T161656Z,1420-01-070-4995,GUIDE PLATE ASSEMBL,G,336415,70.0,,,2026-02-23,2026-03-05,PLATE,DIBBS|SPE4A626T782D|1420-01-070-4995,C08,Plates / Markings / Mounting / Misc,PLATE,PLATE,True,core-adjacent,"broad keyword, but it is the item noun","DIBBS RFQ Text Search result, AMSC field, retrieved 20260930T161656Z",past deadline
SPE7L426T4025,2540-01-698-2591,SPE7L426T4025,04-24-2026,05-07-2026,2026-08-21 02:41:27,Origin,Origin,Tech,7016081440,https://dibbs2.bsm.dla.mil/Downloads/RFQ/5/SPE7L426T4025.PDF,https://www.dibbs.bsm.dla.mil/RFQ/RFQRec.aspx?sn=SPE7L426T4025,https://www.dibbs.bsm.dla.mil/rfq/rfqrec.aspx?sn=SPE7L426T4025,PLATE,13,20260930T161656Z,2540-01-698-2591,"PLATE,SEAT BASE",G,336360,2.0,,,2026-04-24,2026-05-07,PLATE,DIBBS|SPE7L426T4025|2540-01-698-2591,C08,Plates / Markings / Mounting / Misc,PLATE,PLATE,True,core-adjacent,"broad keyword, but it is the item noun","DIBBS RFQ Text Search result, AMSC field, retrieved 20260930T161656Z",past deadline
SPE8E626T3036,9905-01-023-4226,SPE8E626T3036,05-28-2026,06-11-2026,2026-08-21 02:41:27,Origin,Destination,Tech,7016936808,https://dibbs2.bsm.dla.mil/Downloads/RFQ/6/SPE8E626T3036.PDF,https://www.dibbs.bsm.dla.mil/RFQ/RFQRec.aspx?sn=SPE8E626T3036,https://www.dibbs.bsm.dla.mil/rfq/rfqrec.aspx?sn=SPE8E626T3036,PLATE,13,20260930T161656Z,9905-01-023-4226,"PLATE,IDENTIFICATIO",G,339950,277.0,,,2026-05-28,2026-06-11,PLATE,DIBBS|SPE8E626T3036|9905-01-023-4226,C08,Plates / Markings / Mounting / Misc,PLATE,PLATE,True,core-adjacent,"broad keyword, but it is the item noun","DIBBS RFQ Text Search result, AMSC field, retrieved 20260930T161656Z",past deadline
SPE4A526T9993,9905-01-693-5342,SPE4A526T9993,03-16-2026,03-23-2026,2026-08-21 02:41:27,Origin,Destination,Tech,7015905066,https://dibbs2.bsm.dla.mil/Downloads/RFQ/3/SPE4A526T9993.PDF,https://www.dibbs.bsm.dla.mil/RFQ/RFQRec.aspx?sn=SPE4A526T9993,https://www.dibbs.bsm.dla.mil/rfq/rfqrec.aspx?sn=SPE4A526T9993,PLATE,14,20260930T161714Z,9905-01-693-5342,"PLATE,IDENTIFICATIO",G,339950,92.0,,,2026-03-16,2026-03-23,PLATE,DIBBS|SPE4A526T9993|9905-01-693-5342,C08,Plates / Markings / Mounting / Misc,PLATE,PLATE,True,core-adjacent,"broad keyword, but it is the item noun","DIBBS RFQ Text Search result, AMSC field, retrieved 20260930T161714Z",past deadline
SPE7M326T3329,4730-01-697-7958,SPE7M326T3329,02-23-2026,03-05-2026,2026-08-21 02:41:27,Origin,Origin,Tech,7011934776,https://dibbs2.bsm.dla.mil/Downloads/RFQ/9/SPE7M326T3329.PDF,https://www.dibbs.bsm.dla.mil/RFQ/RFQRec.aspx?sn=SPE7M326T3329,https://www.dibbs.bsm.dla.mil/rfq/rfqrec.aspx?sn=SPE7M326T3329,PLATE,14,20260930T161714Z,4730-01-697-7958,"PLATE,ORIFICE,FLUID",G,326122,1.0,,,2026-02-23,2026-03-05,PLATE,DIBBS|SPE7M326T3329|4730-01-697-7958,C08,Plates / Markings / Mounting / Misc,PLATE,PLATE,True,core-adjacent,"broad keyword, but it is the item noun","DIBBS RFQ Text Search result, AMSC field, retrieved 20260930T161714Z",past deadline
SPE7M526T153L,5985-01-112-0455,SPE7M526T153L,05-11-2026,05-21-2026,2026-08-21 02:41:27,Origin,Origin,Tech,7016691287,https://dibbs2.bsm.dla.mil/Downloads/RFQ/L/SPE7M526T153L.PDF,https://www.dibbs.bsm.dla.mil/RFQ/RFQRec.aspx?sn=SPE7M526T153L,https://www.dibbs.bsm.dla.mil/rfq/rfqrec.aspx?sn=SPE7M526T153L,PLATE,14,20260930T161714Z,5985-01-112-0455,"PLATE REAR,CEMENTED",G,334220,3.0,,,2026-05-11,2026-05-21,PLATE,DIBBS|SPE7M526T153L|5985-01-112-0455,C08,Plates / Markings / Mounting / Misc,PLATE,PLATE,True,core-adjacent,"broad keyword, but it is the item noun","DIBBS RFQ Text Search result, AMSC field, retrieved 20260930T161714Z",past deadline
SPE4A627Q0006,5995-01-722-4497,SPE4A627Q0006,09-25-2026,09-27-2026,2026-09-25 08:47:05,Origin,Origin,Tech,7015537516,https://dibbs2.bsm.dla.mil/Downloads/RFQ/6/SPE4A627Q0006.PDF,https://www.dibbs.bsm.dla.mil/RFQ/RFQRec.aspx?sn=SPE4A627Q0006,https://www.dibbs.bsm.dla.mil/rfq/rfqrec.aspx?sn=SPE4A627Q0006,PLATE,15,20260930T161732Z,5995-01-722-4497,"CABLE ASSEMBLY,SPECIAL",G,335931,6.0,,,2026-09-25,2026-09-27,CABLE ASSEMBLY; FUEL; PLATE,DIBBS|SPE4A627Q0006|5995-01-722-4497,C10,Harnesses / Cable Assemblies / Box Builds,CABLE ASSEMBLY,CABLE ASSEMBLY,False,adjacent,,"DIBBS RFQ Text Search result, AMSC field, retrieved 20260930T161732Z",past deadline
SPE4A726T795C,1560-00-597-0188,SPE4A726T795C,09-25-2026,10-02-2026,2026-09-24 06:52:53,Origin,Origin,None,7017148762,https://dibbs2.bsm.dla.mil/Downloads/RFQ/C/SPE4A726T795C.PDF,https://www.dibbs.bsm.dla.mil/RFQ/RFQRec.aspx?sn=SPE4A726T795C,https://www.dibbs.bsm.dla.mil/rfq/rfqrec.aspx?sn=SPE4A726T795C,PLATE,15,20260930T161732Z,1560-00-597-0188,"PLATE,FUEL BLOCK OF",G,336413,153.0,,,2026-09-25,2026-10-02,PLATE,DIBBS|SPE4A726T795C|1560-00-597-0188,C08,Plates / Markings / Mounting / Misc,PLATE,PLATE,True,core-adjacent,"broad keyword, but it is the item noun","DIBBS RFQ Text Search result, AMSC field, retrieved 20260930T161732Z",open by deadline
SPE4A026T5032,5995-01-722-4855,SPE4A026T5032,09-25-2026,10-02-2026,2026-09-24 09:22:26,Destination,Destination,Tech,7018402225; 7018420583,https://dibbs2.bsm.dla.mil/Downloads/RFQ/2/SPE4A026T5032.PDF,https://www.dibbs.bsm.dla.mil/RFQ/RFQRec.aspx?sn=SPE4A026T5032,https://www.dibbs.bsm.dla.mil/rfq/rfqrec.aspx?sn=SPE4A026T5032,MARKING,5,20260930T162112Z,5995-01-722-4855,"CABLE ASSEMBLY,RADI",G,335931,2.0,,,2026-09-25,2026-10-02,CABLE ASSEMBLY; MARKING,DIBBS|SPE4A026T5032|5995-01-722-4855,C10,Harnesses / Cable Assemblies / Box Builds,CABLE ASSEMBLY,CABLE ASSEMBLY,False,adjacent,,"DIBBS RFQ Text Search result, AMSC field, retrieved 20260930T162112Z",open by deadline
SPE4A626T15TA,6150-01-495-6270,SPE4A626T15TA,08-12-2026,08-19-2026,2026-08-21 02:41:27,Origin,Origin,Tech,7017837107,https://dibbs2.bsm.dla.mil/Downloads/RFQ/A/SPE4A626T15TA.PDF,https://www.dibbs.bsm.dla.mil/RFQ/RFQRec.aspx?sn=SPE4A626T15TA,https://www.dibbs.bsm.dla.mil/rfq/rfqrec.aspx?sn=SPE4A626T15TA,MARKING,20,20260930T162612Z,6150-01-495-6270,"CABLE ASSEMBLY,SPECIAL",G,334419,16.0,,,2026-08-12,2026-08-19,MARKING,DIBBS|SPE4A626T15TA|6150-01-495-6270,C10,Harnesses / Cable Assemblies / Box Builds,CABLE ASSEMBLY,CABLE ASSEMBLY,False,adjacent,,"DIBBS RFQ Text Search result, AMSC field, retrieved 20260930T162612Z",past deadline
SPE4A626T03JE,6680-01-313-3450,SPE4A626T03JE,07-07-2026,07-14-2026,2026-08-21 02:41:27,Origin,Origin,Tech,7008784244,https://dibbs2.bsm.dla.mil/Downloads/RFQ/E/SPE4A626T03JE.PDF,https://www.dibbs.bsm.dla.mil/RFQ/RFQRec.aspx?sn=SPE4A626T03JE,https://www.dibbs.bsm.dla.mil/rfq/rfqrec.aspx?sn=SPE4A626T03JE,TACHOMETER,1,20260930T162629Z,6680-01-313-3450,"TACHOMETER,ELECTRON",G,334519,18.0,,,2026-07-07,2026-07-14,TACHOMETER,DIBBS|SPE4A626T03JE|6680-01-313-3450,C09,Aircraft Instruments / Gauges / Sensors (INSCO),TACHOMETER,TACHOMETER,False,INSCO,,"DIBBS RFQ Text Search result, AMSC field, retrieved 20260930T162629Z",past deadline
SPE4A626T60A7,6680-01-313-3450,SPE4A626T60A7,05-19-2026,05-26-2026,2026-08-21 02:41:27,Origin,Origin,Tech,7016785431,https://dibbs2.bsm.dla.mil/Downloads/RFQ/7/SPE4A626T60A7.PDF,https://www.dibbs.bsm.dla.mil/RFQ/RFQRec.aspx?sn=SPE4A626T60A7,https://www.dibbs.bsm.dla.mil/rfq/rfqrec.aspx?sn=SPE4A626T60A7,TACHOMETER,1,20260930T162629Z,6680-01-313-3450,"TACHOMETER,ELECTRON",G,334519,4.0,,,2026-05-19,2026-05-26,TACHOMETER,DIBBS|SPE4A626T60A7|6680-01-313-3450,C09,Aircraft Instruments / Gauges / Sensors (INSCO),TACHOMETER,TACHOMETER,False,INSCO,,"DIBBS RFQ Text Search result, AMSC field, retrieved 20260930T162629Z",past deadline
SPE7M126T056D,6105-01-227-1194,SPE7M126T056D,05-08-2026,05-18-2026,2026-08-21 02:41:27,Origin,Origin,Tech,7008203949,https://dibbs2.bsm.dla.mil/Downloads/RFQ/D/SPE7M126T056D.PDF,https://www.dibbs.bsm.dla.mil/RFQ/RFQRec.aspx?sn=SPE7M126T056D,https://www.dibbs.bsm.dla.mil/rfq/rfqrec.aspx?sn=SPE7M126T056D,TACHOMETER,1,20260930T162629Z,6105-01-227-1194,MOTOR-TACHOMETER GENER,G,335312,20.0,,,2026-05-08,2026-05-18,TACHOMETER,DIBBS|SPE7M126T056D|6105-01-227-1194,C09,Aircraft Instruments / Gauges / Sensors (INSCO),TACHOMETER,TACHOMETER,False,INSCO,,"DIBBS RFQ Text Search result, AMSC field, retrieved 20260930T162629Z",past deadline
SPE7M826Q0242,5995-01-388-3010,SPE7M826Q0242,09-18-2026,10-02-2026,2026-09-18 08:12:21,Origin,Origin,None,7002362522,https://dibbs2.bsm.dla.mil/Downloads/RFQ/2/SPE7M826Q0242.PDF,https://www.dibbs.bsm.dla.mil/RFQ/RFQRec.aspx?sn=SPE7M826Q0242,https://www.dibbs.bsm.dla.mil/rfq/rfqrec.aspx?sn=SPE7M826Q0242,FUEL,7,20260930T162835Z,5995-01-388-3010,"CABLE ASSEMBLY,SPECIAL",G,334419,12.0,,,2026-09-18,2026-10-02,CABLE ASSEMBLY; FUEL,DIBBS|SPE7M826Q0242|5995-01-388-3010,C10,Harnesses / Cable Assemblies / Box Builds,CABLE ASSEMBLY,CABLE ASSEMBLY,False,adjacent,,"DIBBS RFQ Text Search result, AMSC field, retrieved 20260930T162835Z",open by deadline
SPE4A626Q1200,5995-01-091-6410,SPE4A626Q1200,07-22-2026,07-30-2026,2026-08-21 02:41:27,Origin,Origin,Tech,7017572408,https://dibbs2.bsm.dla.mil/Downloads/RFQ/0/SPE4A626Q1200.PDF,https://www.dibbs.bsm.dla.mil/RFQ/RFQRec.aspx?sn=SPE4A626Q1200,https://www.dibbs.bsm.dla.mil/rfq/rfqrec.aspx?sn=SPE4A626Q1200,FUEL,14,20260930T163037Z,5995-01-091-6410,"CABLE ASSEMBLY,SPECIAL",G,335931,6.0,,,2026-07-22,2026-07-30,CABLE ASSEMBLY; FUEL,DIBBS|SPE4A626Q1200|5995-01-091-6410,C10,Harnesses / Cable Assemblies / Box Builds,CABLE ASSEMBLY,CABLE ASSEMBLY,False,adjacent,,"DIBBS RFQ Text Search result, AMSC field, retrieved 20260930T163037Z",past deadline
SPE7M026Q1221,6020-01-722-6487,SPE7M026Q1221,08-19-2026,08-26-2026,2026-08-21 02:41:27,Origin,Destination,Tech,7017799987,https://dibbs2.bsm.dla.mil/Downloads/RFQ/1/SPE7M026Q1221.PDF,https://www.dibbs.bsm.dla.mil/RFQ/RFQRec.aspx?sn=SPE7M026Q1221,https://www.dibbs.bsm.dla.mil/rfq/rfqrec.aspx?sn=SPE7M026Q1221,FUEL,15,20260930T163101Z,6020-01-722-6487,"CABLE ASSEMBLY,FIBE",G,335921,1.0,,,2026-08-19,2026-08-26,BOX; CABLE ASSEMBLY; FUEL,DIBBS|SPE7M026Q1221|6020-01-722-6487,C10,Harnesses / Cable Assemblies / Box Builds,CABLE ASSEMBLY,CABLE ASSEMBLY,False,adjacent,,"DIBBS RFQ Text Search result, AMSC field, retrieved 20260930T163101Z",past deadline
SPE4A626Q0866,5995-01-194-0981,SPE4A626Q0866,04-30-2026,05-15-2026,2026-08-21 02:41:27,Origin,Origin,Tech,7015997253,https://dibbs2.bsm.dla.mil/Downloads/RFQ/6/SPE4A626Q0866.PDF,https://www.dibbs.bsm.dla.mil/RFQ/RFQRec.aspx?sn=SPE4A626Q0866,https://www.dibbs.bsm.dla.mil/rfq/rfqrec.aspx?sn=SPE4A626Q0866,FUEL,15,20260930T163101Z,5995-01-194-0981,"CABLE ASSEMBLY,SPEC",G,334419,1.0,,,2026-04-30,2026-05-15,CABLE ASSEMBLY; FUEL,DIBBS|SPE4A626Q0866|5995-01-194-0981,C10,Harnesses / Cable Assemblies / Box Builds,CABLE ASSEMBLY,CABLE ASSEMBLY,False,adjacent,,"DIBBS RFQ Text Search result, AMSC field, retrieved 20260930T163101Z",past deadline
SPE4A626T58R5,6150-01-550-4766,SPE4A626T58R5,05-15-2026,05-22-2026,2026-08-21 02:41:27,Origin,Origin,Tech,7016471701,https://dibbs2.bsm.dla.mil/Downloads/RFQ/5/SPE4A626T58R5.PDF,https://www.dibbs.bsm.dla.mil/RFQ/RFQRec.aspx?sn=SPE4A626T58R5,https://www.dibbs.bsm.dla.mil/rfq/rfqrec.aspx?sn=SPE4A626T58R5,HARNESS,1,20260930T163318Z,6150-01-550-4766,WIRING HARNESS,G,335311,6.0,,,2026-05-15,2026-05-22,HARNESS,DIBBS|SPE4A626T58R5|6150-01-550-4766,C10,Harnesses / Cable Assemblies / Box Builds,WIRING HARNESS,WIRING HARNESS,False,adjacent,,"DIBBS RFQ Text Search result, AMSC field, retrieved 20260930T163318Z",past deadline
SPE4A626T37LT,6150-01-337-5083,SPE4A626T37LT,09-29-2026,10-06-2026,2026-09-28 02:46:49,Origin,Origin,Tech,7018560847,https://dibbs2.bsm.dla.mil/Downloads/RFQ/T/SPE4A626T37LT.PDF,https://www.dibbs.bsm.dla.mil/RFQ/RFQRec.aspx?sn=SPE4A626T37LT,https://www.dibbs.bsm.dla.mil/rfq/rfqrec.aspx?sn=SPE4A626T37LT,HARNESS,1,20260930T163318Z,6150-01-337-5083,WIRING HARNESS,G,334419,13.0,,,2026-09-29,2026-10-06,HARNESS,DIBBS|SPE4A626T37LT|6150-01-337-5083,C10,Harnesses / Cable Assemblies / Box Builds,WIRING HARNESS,WIRING HARNESS,False,adjacent,,"DIBBS RFQ Text Search result, AMSC field, retrieved 20260930T163318Z",open by deadline
SPE7L426T7273,2590-01-108-5389,SPE7L426T7273,09-29-2026,10-09-2026,2026-09-28 01:34:01,Origin,Origin,Tech,7018496487,https://dibbs2.bsm.dla.mil/Downloads/RFQ/3/SPE7L426T7273.PDF,https://www.dibbs.bsm.dla.mil/RFQ/RFQRec.aspx?sn=SPE7L426T7273,https://www.dibbs.bsm.dla.mil/rfq/rfqrec.aspx?sn=SPE7L426T7273,HARNESS,1,20260930T163318Z,2590-01-108-5389,"WIRING HARNESS,BRANCHE",G,336999,6.0,,,2026-09-29,2026-10-09,HARNESS,DIBBS|SPE7L426T7273|2590-01-108-5389,C10,Harnesses / Cable Assemblies / Box Builds,WIRING HARNESS,WIRING HARNESS,False,adjacent,,"DIBBS RFQ Text Search result, AMSC field, retrieved 20260930T163318Z",open by deadline
SPE7L426T7259,6150-01-422-2574,SPE7L426T7259,09-28-2026,10-08-2026,2026-09-27 06:21:44,Origin,Origin,Tech,7018494717,https://dibbs2.bsm.dla.mil/Downloads/RFQ/9/SPE7L426T7259.PDF,https://www.dibbs.bsm.dla.mil/RFQ/RFQRec.aspx?sn=SPE7L426T7259,https://www.dibbs.bsm.dla.mil/rfq/rfqrec.aspx?sn=SPE7L426T7259,HARNESS,1,20260930T163318Z,6150-01-422-2574,"WIRING HARNESS,BRANCHE",G,334419,6.0,,,2026-09-28,2026-10-08,HARNESS,DIBBS|SPE7L426T7259|6150-01-422-2574,C10,Harnesses / Cable Assemblies / Box Builds,WIRING HARNESS,WIRING HARNESS,False,adjacent,,"DIBBS RFQ Text Search result, AMSC field, retrieved 20260930T163318Z",open by deadline
SPE4A626T37DP,6150-01-451-2284,SPE4A626T37DP,09-28-2026,10-05-2026,2026-09-27 06:21:44,Origin,Origin,Tech,7018237589,https://dibbs2.bsm.dla.mil/Downloads/RFQ/P/SPE4A626T37DP.PDF,https://www.dibbs.bsm.dla.mil/RFQ/RFQRec.aspx?sn=SPE4A626T37DP,https://www.dibbs.bsm.dla.mil/rfq/rfqrec.aspx?sn=SPE4A626T37DP,HARNESS,1,20260930T163318Z,6150-01-451-2284,WIRING HARNESS,G,334419,13.0,,,2026-09-28,2026-10-05,HARNESS,DIBBS|SPE4A626T37DP|6150-01-451-2284,C10,Harnesses / Cable Assemblies / Box Builds,WIRING HARNESS,WIRING HARNESS,False,adjacent,,"DIBBS RFQ Text Search result, AMSC field, retrieved 20260930T163318Z",open by deadline
SPE4A626T37EH,6150-01-541-6997,SPE4A626T37EH,09-28-2026,10-05-2026,2026-09-27 06:21:44,Origin,Origin,Tech,7018458087,https://dibbs2.bsm.dla.mil/Downloads/RFQ/H/SPE4A626T37EH.PDF,https://www.dibbs.bsm.dla.mil/RFQ/RFQRec.aspx?sn=SPE4A626T37EH,https://www.dibbs.bsm.dla.mil/rfq/rfqrec.aspx?sn=SPE4A626T37EH,HARNESS,1,20260930T163318Z,6150-01-541-6997,"WIRING HARNESS,BRANCHE",G,334419,30.0,,,2026-09-28,2026-10-05,HARNESS,DIBBS|SPE4A626T37EH|6150-01-541-6997,C10,Harnesses / Cable Assemblies / Box Builds,WIRING HARNESS,WIRING HARNESS,False,adjacent,,"DIBBS RFQ Text Search result, AMSC field, retrieved 20260930T163318Z",open by deadline
SPE4A626T37DG,5995-01-674-2696,SPE4A626T37DG,09-28-2026,10-05-2026,2026-09-27 06:21:44,Origin,Origin,None,7018459392,https://dibbs2.bsm.dla.mil/Downloads/RFQ/G/SPE4A626T37DG.PDF,https://www.dibbs.bsm.dla.mil/RFQ/RFQRec.aspx?sn=SPE4A626T37DG,https://www.dibbs.bsm.dla.mil/rfq/rfqrec.aspx?sn=SPE4A626T37DG,HARNESS,1,20260930T163318Z,5995-01-674-2696,"WIRING HARNESS,BRANCHE",G,335931,4.0,,,2026-09-28,2026-10-05,HARNESS,DIBBS|SPE4A626T37DG|5995-01-674-2696,C10,Harnesses / Cable Assemblies / Box Builds,WIRING HARNESS,WIRING HARNESS,False,adjacent,,"DIBBS RFQ Text Search result, AMSC field, retrieved 20260930T163318Z",open by deadline
SPE4A626T37FE,6150-01-315-3988,SPE4A626T37FE,09-28-2026,10-05-2026,2026-09-27 06:21:44,Origin,Origin,Tech,7018458821,https://dibbs2.bsm.dla.mil/Downloads/RFQ/E/SPE4A626T37FE.PDF,https://www.dibbs.bsm.dla.mil/RFQ/RFQRec.aspx?sn=SPE4A626T37FE,https://www.dibbs.bsm.dla.mil/rfq/rfqrec.aspx?sn=SPE4A626T37FE,HARNESS,1,20260930T163318Z,6150-01-315-3988,"WIRING HARNESS,BRANCHE",G,334419,8.0,,,2026-09-28,2026-10-05,HARNESS,DIBBS|SPE4A626T37FE|6150-01-315-3988,C10,Harnesses / Cable Assemblies / Box Builds,WIRING HARNESS,WIRING HARNESS,False,adjacent,,"DIBBS RFQ Text Search result, AMSC field, retrieved 20260930T163318Z",open by deadline
SPE4A626T37DB,6150-01-052-2835,SPE4A626T37DB,09-28-2026,10-05-2026,2026-09-27 06:21:43,Origin,Origin,Tech,7018377705,https://dibbs2.bsm.dla.mil/Downloads/RFQ/B/SPE4A626T37DB.PDF,https://www.dibbs.bsm.dla.mil/RFQ/RFQRec.aspx?sn=SPE4A626T37DB,https://www.dibbs.bsm.dla.mil/rfq/rfqrec.aspx?sn=SPE4A626T37DB,HARNESS,1,20260930T163318Z,6150-01-052-2835,"WIRING HARNESS,BRANCHE",G,334419,2.0,,,2026-09-28,2026-10-05,HARNESS,DIBBS|SPE4A626T37DB|6150-01-052-2835,C10,Harnesses / Cable Assemblies / Box Builds,WIRING HARNESS,WIRING HARNESS,False,adjacent,,"DIBBS RFQ Text Search result, AMSC field, retrieved 20260930T163318Z",open by deadline
SPE4A626T32QP,6150-01-669-5725,SPE4A626T32QP,09-18-2026,09-30-2026,2026-09-25 06:33:32,Origin,Origin,Tech,7018380872,https://dibbs2.bsm.dla.mil/Downloads/RFQ/P/SPE4A626T32QP.PDF,https://www.dibbs.bsm.dla.mil/RFQ/RFQRec.aspx?sn=SPE4A626T32QP,https://www.dibbs.bsm.dla.mil/rfq/rfqrec.aspx?sn=SPE4A626T32QP,HARNESS,1,20260930T163318Z,6150-01-669-5725,WIRING HARNESS,G,335311,3.0,,,2026-09-18,2026-09-30,HARNESS,DIBBS|SPE4A626T32QP|6150-01-669-5725,C10,Harnesses / Cable Assemblies / Box Builds,WIRING HARNESS,WIRING HARNESS,False,adjacent,,"DIBBS RFQ Text Search result, AMSC field, retrieved 20260930T163318Z",open by deadline
SPE4A026T4896,6150-01-601-2876,SPE4A026T4896,09-18-2026,09-30-2026,2026-09-25 06:33:25,Origin,Origin,Tech,7018319028,https://dibbs2.bsm.dla.mil/Downloads/RFQ/6/SPE4A026T4896.PDF,https://www.dibbs.bsm.dla.mil/RFQ/RFQRec.aspx?sn=SPE4A026T4896,https://www.dibbs.bsm.dla.mil/rfq/rfqrec.aspx?sn=SPE4A026T4896,HARNESS,1,20260930T163318Z,6150-01-601-2876,WIRING HARNESS,G,334419,1.0,,,2026-09-18,2026-09-30,HARNESS,DIBBS|SPE4A026T4896|6150-01-601-2876,C10,Harnesses / Cable Assemblies / Box Builds,WIRING HARNESS,WIRING HARNESS,False,adjacent,,"DIBBS RFQ Text Search result, AMSC field, retrieved 20260930T163318Z",open by deadline
SPE4A626T36WQ,6150-01-504-2607,SPE4A626T36WQ,09-25-2026,10-02-2026,2026-09-24 07:23:47,Origin,Origin,Tech,7018414189,https://dibbs2.bsm.dla.mil/Downloads/RFQ/Q/SPE4A626T36WQ.PDF,https://www.dibbs.bsm.dla.mil/RFQ/RFQRec.aspx?sn=SPE4A626T36WQ,https://www.dibbs.bsm.dla.mil/rfq/rfqrec.aspx?sn=SPE4A626T36WQ,HARNESS,1,20260930T163318Z,6150-01-504-2607,"WIRING HARNESS,BRANCHE",G,334419,2.0,,,2026-09-25,2026-10-02,HARNESS,DIBBS|SPE4A626T36WQ|6150-01-504-2607,C10,Harnesses / Cable Assemblies / Box Builds,WIRING HARNESS,WIRING HARNESS,False,adjacent,,"DIBBS RFQ Text Search result, AMSC field, retrieved 20260930T163318Z",open by deadline
SPE4A626T36WP,6150-01-676-1899,SPE4A626T36WP,09-25-2026,10-02-2026,2026-09-24 07:23:47,Origin,Origin,None,7017940713,https://dibbs2.bsm.dla.mil/Downloads/RFQ/P/SPE4A626T36WP.PDF,https://www.dibbs.bsm.dla.mil/RFQ/RFQRec.aspx?sn=SPE4A626T36WP,https://www.dibbs.bsm.dla.mil/rfq/rfqrec.aspx?sn=SPE4A626T36WP,HARNESS,1,20260930T163318Z,6150-01-676-1899,WIRING HARNESS,G,335311,45.0,,,2026-09-25,2026-10-02,HARNESS,DIBBS|SPE4A626T36WP|6150-01-676-1899,C10,Harnesses / Cable Assemblies / Box Builds,WIRING HARNESS,WIRING HARNESS,False,adjacent,,"DIBBS RFQ Text Search result, AMSC field, retrieved 20260930T163318Z",open by deadline
SPE4A626T31NC,5995-01-707-5754,SPE4A626T31NC,09-17-2026,09-29-2026,2026-09-24 07:22:33,Origin,Origin,Tech,7018377086,https://dibbs2.bsm.dla.mil/Downloads/RFQ/C/SPE4A626T31NC.PDF,https://www.dibbs.bsm.dla.mil/RFQ/RFQRec.aspx?sn=SPE4A626T31NC,https://www.dibbs.bsm.dla.mil/rfq/rfqrec.aspx?sn=SPE4A626T31NC,HARNESS,1,20260930T163318Z,5995-01-707-5754,WIRING HARNESS,G,335931,3.0,,,2026-09-17,2026-09-29,HARNESS,DIBBS|SPE4A626T31NC|5995-01-707-5754,C10,Harnesses / Cable Assemblies / Box Builds,WIRING HARNESS,WIRING HARNESS,False,adjacent,,"DIBBS RFQ Text Search result, AMSC field, retrieved 20260930T163318Z",past deadline
SPE4A626T29GW,5995-01-645-8758,SPE4A626T29GW,09-15-2026,09-29-2026,2026-09-24 07:22:24,Origin,Destination,Tech,7017727276,https://dibbs2.bsm.dla.mil/Downloads/RFQ/W/SPE4A626T29GW.PDF,https://www.dibbs.bsm.dla.mil/RFQ/RFQRec.aspx?sn=SPE4A626T29GW,https://www.dibbs.bsm.dla.mil/rfq/rfqrec.aspx?sn=SPE4A626T29GW,HARNESS,1,20260930T163318Z,5995-01-645-8758,"WIRING HARNESS,BRAN",G,335931,1.0,,,2026-09-15,2026-09-29,HARNESS,DIBBS|SPE4A626T29GW|5995-01-645-8758,C10,Harnesses / Cable Assemblies / Box Builds,WIRING HARNESS,WIRING HARNESS,False,adjacent,,"DIBBS RFQ Text Search result, AMSC field, retrieved 20260930T163318Z",past deadline
SPE4A626T31TV,5995-01-426-1161,SPE4A626T31TV,09-17-2026,09-29-2026,2026-09-24 07:22:15,Origin,Origin,Tech,7018368680,https://dibbs2.bsm.dla.mil/Downloads/RFQ/V/SPE4A626T31TV.PDF,https://www.dibbs.bsm.dla.mil/RFQ/RFQRec.aspx?sn=SPE4A626T31TV,https://www.dibbs.bsm.dla.mil/rfq/rfqrec.aspx?sn=SPE4A626T31TV,HARNESS,1,20260930T163318Z,5995-01-426-1161,WIRING HARNESS,G,334419,3.0,,,2026-09-17,2026-09-29,HARNESS,DIBBS|SPE4A626T31TV|5995-01-426-1161,C10,Harnesses / Cable Assemblies / Box Builds,WIRING HARNESS,WIRING HARNESS,False,adjacent,,"DIBBS RFQ Text Search result, AMSC field, retrieved 20260930T163318Z",past deadline
SPE4A626T31NY,5995-01-707-5285,SPE4A626T31NY,09-17-2026,09-29-2026,2026-09-24 07:21:57,Origin,Origin,Tech,7018377084,https://dibbs2.bsm.dla.mil/Downloads/RFQ/Y/SPE4A626T31NY.PDF,https://www.dibbs.bsm.dla.mil/RFQ/RFQRec.aspx?sn=SPE4A626T31NY,https://www.dibbs.bsm.dla.mil/rfq/rfqrec.aspx?sn=SPE4A626T31NY,HARNESS,1,20260930T163318Z,5995-01-707-5285,WIRING HARNESS,G,335931,2.0,,,2026-09-17,2026-09-29,HARNESS,DIBBS|SPE4A626T31NY|5995-01-707-5285,C10,Harnesses / Cable Assemblies / Box Builds,WIRING HARNESS,WIRING HARNESS,False,adjacent,,"DIBBS RFQ Text Search result, AMSC field, retrieved 20260930T163318Z",past deadline
SPE4A626T36LM,6150-01-677-2837,SPE4A626T36LM,09-25-2026,10-02-2026,2026-09-24 09:35:24,Origin,Destination,Tech,7018436982,https://dibbs2.bsm.dla.mil/Downloads/RFQ/M/SPE4A626T36LM.PDF,https://www.dibbs.bsm.dla.mil/RFQ/RFQRec.aspx?sn=SPE4A626T36LM,https://www.dibbs.bsm.dla.mil/rfq/rfqrec.aspx?sn=SPE4A626T36LM,HARNESS,1,20260930T163318Z,6150-01-677-2837,"WIRING HARNESS,BRANCHE",G,335311,5.0,,,2026-09-25,2026-10-02,HARNESS,DIBBS|SPE4A626T36LM|6150-01-677-2837,C10,Harnesses / Cable Assemblies / Box Builds,WIRING HARNESS,WIRING HARNESS,False,adjacent,,"DIBBS RFQ Text Search result, AMSC field, retrieved 20260930T163318Z",open by deadline
SPE4A626T30RC,6150-01-664-0257,SPE4A626T30RC,09-16-2026,09-28-2026,2026-09-23 06:19:06,Origin,Origin,Tech,7018341514,https://dibbs2.bsm.dla.mil/Downloads/RFQ/C/SPE4A626T30RC.PDF,https://www.dibbs.bsm.dla.mil/RFQ/RFQRec.aspx?sn=SPE4A626T30RC,https://www.dibbs.bsm.dla.mil/rfq/rfqrec.aspx?sn=SPE4A626T30RC,HARNESS,1,20260930T163318Z,6150-01-664-0257,"WIRING HARNESS,BRANCHE",G,335311,2.0,,,2026-09-16,2026-09-28,HARNESS,DIBBS|SPE4A626T30RC|6150-01-664-0257,C10,Harnesses / Cable Assemblies / Box Builds,WIRING HARNESS,WIRING HARNESS,False,adjacent,,"DIBBS RFQ Text Search result, AMSC field, retrieved 20260930T163318Z",past deadline
SPE4A626T30QR,6150-01-553-6551,SPE4A626T30QR,09-16-2026,09-28-2026,2026-09-23 06:18:36,Origin,Origin,Tech,7018342030,https://dibbs2.bsm.dla.mil/Downloads/RFQ/R/SPE4A626T30QR.PDF,https://www.dibbs.bsm.dla.mil/RFQ/RFQRec.aspx?sn=SPE4A626T30QR,https://www.dibbs.bsm.dla.mil/rfq/rfqrec.aspx?sn=SPE4A626T30QR,HARNESS,1,20260930T163318Z,6150-01-553-6551,WIRING HARNESS,G,334419,3.0,,,2026-09-16,2026-09-28,HARNESS,DIBBS|SPE4A626T30QR|6150-01-553-6551,C10,Harnesses / Cable Assemblies / Box Builds,WIRING HARNESS,WIRING HARNESS,False,adjacent,,"DIBBS RFQ Text Search result, AMSC field, retrieved 20260930T163318Z",past deadline
SPE4A626T36BS,5995-01-220-0178,SPE4A626T36BS,09-24-2026,10-01-2026,2026-09-23 04:54:57,Origin,Origin,Tech,7018458570,https://dibbs2.bsm.dla.mil/Downloads/RFQ/S/SPE4A626T36BS.PDF,https://www.dibbs.bsm.dla.mil/RFQ/RFQRec.aspx?sn=SPE4A626T36BS,https://www.dibbs.bsm.dla.mil/rfq/rfqrec.aspx?sn=SPE4A626T36BS,HARNESS,1,20260930T163318Z,5995-01-220-0178,"WIRING HARNESS,BRANCHE",G,334419,40.0,,,2026-09-24,2026-10-01,HARNESS,DIBBS|SPE4A626T36BS|5995-01-220-0178,C10,Harnesses / Cable Assemblies / Box Builds,WIRING HARNESS,WIRING HARNESS,False,adjacent,,"DIBBS RFQ Text Search result, AMSC field, retrieved 20260930T163318Z",open by deadline
SPE4A626T35VW,6150-01-624-6258,SPE4A626T35VW,09-23-2026,09-30-2026,2026-09-22 06:20:26,Origin,Origin,Tech,7018406963,https://dibbs2.bsm.dla.mil/Downloads/RFQ/W/SPE4A626T35VW.PDF,https://www.dibbs.bsm.dla.mil/RFQ/RFQRec.aspx?sn=SPE4A626T35VW,https://www.dibbs.bsm.dla.mil/rfq/rfqrec.aspx?sn=SPE4A626T35VW,HARNESS,1,20260930T163318Z,6150-01-624-6258,"WIRING HARNESS,BRAN",G,334419,1.0,,,2026-09-23,2026-09-30,HARNESS,DIBBS|SPE4A626T35VW|6150-01-624-6258,C10,Harnesses / Cable Assemblies / Box Builds,WIRING HARNESS,WIRING HARNESS,False,adjacent,,"DIBBS RFQ Text Search result, AMSC field, retrieved 20260930T163318Z",open by deadline
SPE4A626T29NE,6150-01-739-5138,SPE4A626T29NE,09-15-2026,09-25-2026,2026-09-22 06:19:56,Origin,Destination,Tech,7018333235,https://dibbs2.bsm.dla.mil/Downloads/RFQ/E/SPE4A626T29NE.PDF,https://www.dibbs.bsm.dla.mil/RFQ/RFQRec.aspx?sn=SPE4A626T29NE,https://www.dibbs.bsm.dla.mil/rfq/rfqrec.aspx?sn=SPE4A626T29NE,HARNESS,1,20260930T163318Z,6150-01-739-5138,"WIRING HARNESS,BRANCHE",G,000000,550.0,,,2026-09-15,2026-09-25,HARNESS,DIBBS|SPE4A626T29NE|6150-01-739-5138,C10,Harnesses / Cable Assemblies / Box Builds,WIRING HARNESS,WIRING HARNESS,False,adjacent,,"DIBBS RFQ Text Search result, AMSC field, retrieved 20260930T163318Z",past deadline
SPE4A626T35HV,6150-01-491-8386,SPE4A626T35HV,09-23-2026,09-30-2026,2026-09-22 03:47:56,Origin,Origin,Tech,7018457622,https://dibbs2.bsm.dla.mil/Downloads/RFQ/V/SPE4A626T35HV.PDF,https://www.dibbs.bsm.dla.mil/RFQ/RFQRec.aspx?sn=SPE4A626T35HV,https://www.dibbs.bsm.dla.mil/rfq/rfqrec.aspx?sn=SPE4A626T35HV,HARNESS,1,20260930T163318Z,6150-01-491-8386,WIRING HARNESS,G,334419,9.0,,,2026-09-23,2026-09-30,HARNESS,DIBBS|SPE4A626T35HV|6150-01-491-8386,C10,Harnesses / Cable Assemblies / Box Builds,WIRING HARNESS,WIRING HARNESS,False,adjacent,,"DIBBS RFQ Text Search result, AMSC field, retrieved 20260930T163318Z",open by deadline
SPE4A626T35FH,6150-01-350-1294,SPE4A626T35FH,09-23-2026,09-30-2026,2026-09-22 03:47:56,Origin,Origin,Tech,7018458772,https://dibbs2.bsm.dla.mil/Downloads/RFQ/H/SPE4A626T35FH.PDF,https://www.dibbs.bsm.dla.mil/RFQ/RFQRec.aspx?sn=SPE4A626T35FH,https://www.dibbs.bsm.dla.mil/rfq/rfqrec.aspx?sn=SPE4A626T35FH,HARNESS,1,20260930T163318Z,6150-01-350-1294,WIRING HARNESS,G,334419,17.0,,,2026-09-23,2026-09-30,HARNESS,DIBBS|SPE4A626T35FH|6150-01-350-1294,C10,Harnesses / Cable Assemblies / Box Builds,WIRING HARNESS,WIRING HARNESS,False,adjacent,,"DIBBS RFQ Text Search result, AMSC field, retrieved 20260930T163318Z",open by deadline
SPE4A626T34XH,6150-01-316-8829,SPE4A626T34XH,09-22-2026,09-29-2026,2026-09-21 09:33:37,Origin,Origin,Tech,7018248674,https://dibbs2.bsm.dla.mil/Downloads/RFQ/H/SPE4A626T34XH.PDF,https://www.dibbs.bsm.dla.mil/RFQ/RFQRec.aspx?sn=SPE4A626T34XH,https://www.dibbs.bsm.dla.mil/rfq/rfqrec.aspx?sn=SPE4A626T34XH,HARNESS,1,20260930T163318Z,6150-01-316-8829,"WIRING HARNESS,BRANCHE",G,334419,17.0,,,2026-09-22,2026-09-29,HARNESS,DIBBS|SPE4A626T34XH|6150-01-316-8829,C10,Harnesses / Cable Assemblies / Box Builds,WIRING HARNESS,WIRING HARNESS,False,adjacent,,"DIBBS RFQ Text Search result, AMSC field, retrieved 20260930T163318Z",past deadline
SPE4A626T33NC,5995-01-194-1221,SPE4A626T33NC,09-21-2026,09-28-2026,2026-09-21 12:15:48,Origin,Origin,Tech,7018413999,https://dibbs2.bsm.dla.mil/Downloads/RFQ/C/SPE4A626T33NC.PDF,https://www.dibbs.bsm.dla.mil/RFQ/RFQRec.aspx?sn=SPE4A626T33NC,https://www.dibbs.bsm.dla.mil/rfq/rfqrec.aspx?sn=SPE4A626T33NC,HARNESS,1,20260930T163318Z,5995-01-194-1221,"WIRING HARNESS,BRANCHE",G,335931,9.0,,,2026-09-21,2026-09-28,HARNESS,DIBBS|SPE4A626T33NC|5995-01-194-1221,C10,Harnesses / Cable Assemblies / Box Builds,WIRING HARNESS,WIRING HARNESS,False,adjacent,,"DIBBS RFQ Text Search result, AMSC field, retrieved 20260930T163318Z",past deadline
SPE4A626T34AH,6150-01-678-8766,SPE4A626T34AH,09-21-2026,09-28-2026,2026-09-21 12:15:48,Origin,Origin,Tech,7018343408,https://dibbs2.bsm.dla.mil/Downloads/RFQ/H/SPE4A626T34AH.PDF,https://www.dibbs.bsm.dla.mil/RFQ/RFQRec.aspx?sn=SPE4A626T34AH,https://www.dibbs.bsm.dla.mil/rfq/rfqrec.aspx?sn=SPE4A626T34AH,HARNESS,1,20260930T163318Z,6150-01-678-8766,"WIRING HARNESS,BRANCHE",G,335311,9.0,,,2026-09-21,2026-09-28,HARNESS,DIBBS|SPE4A626T34AH|6150-01-678-8766,C10,Harnesses / Cable Assemblies / Box Builds,WIRING HARNESS,WIRING HARNESS,False,adjacent,,"DIBBS RFQ Text Search result, AMSC field, retrieved 20260930T163318Z",past deadline
SPE4A626T33TM,6150-01-329-8105,SPE4A626T33TM,09-21-2026,09-28-2026,2026-09-21 12:15:48,Origin,Origin,Tech,7018412009,https://dibbs2.bsm.dla.mil/Downloads/RFQ/M/SPE4A626T33TM.PDF,https://www.dibbs.bsm.dla.mil/RFQ/RFQRec.aspx?sn=SPE4A626T33TM,https://www.dibbs.bsm.dla.mil/rfq/rfqrec.aspx?sn=SPE4A626T33TM,HARNESS,1,20260930T163318Z,6150-01-329-8105,"WIRING HARNESS,BRANCHE",G,334419,17.0,,,2026-09-21,2026-09-28,HARNESS,DIBBS|SPE4A626T33TM|6150-01-329-8105,C10,Harnesses / Cable Assemblies / Box Builds,WIRING HARNESS,WIRING HARNESS,False,adjacent,,"DIBBS RFQ Text Search result, AMSC field, retrieved 20260930T163318Z",past deadline
SPE4A626T34HD,6150-01-522-3613,SPE4A626T34HD,09-21-2026,09-28-2026,2026-09-21 12:15:48,Origin,Origin,Tech,7018066948,https://dibbs2.bsm.dla.mil/Downloads/RFQ/D/SPE4A626T34HD.PDF,https://www.dibbs.bsm.dla.mil/RFQ/RFQRec.aspx?sn=SPE4A626T34HD,https://www.dibbs.bsm.dla.mil/rfq/rfqrec.aspx?sn=SPE4A626T34HD,HARNESS,1,20260930T163318Z,6150-01-522-3613,"WIRING HARNESS,BRANCHE",G,334419,10.0,,,2026-09-21,2026-09-28,HARNESS,DIBBS|SPE4A626T34HD|6150-01-522-3613,C10,Harnesses / Cable Assemblies / Box Builds,WIRING HARNESS,WIRING HARNESS,False,adjacent,,"DIBBS RFQ Text Search result, AMSC field, retrieved 20260930T163318Z",past deadline
SPE4A626T28TQ,6150-01-316-1244,SPE4A626T28TQ,09-11-2026,09-23-2026,2026-09-18 05:57:41,Origin,Origin,Tech,7018248677,https://dibbs2.bsm.dla.mil/Downloads/RFQ/Q/SPE4A626T28TQ.PDF,https://www.dibbs.bsm.dla.mil/RFQ/RFQRec.aspx?sn=SPE4A626T28TQ,https://www.dibbs.bsm.dla.mil/rfq/rfqrec.aspx?sn=SPE4A626T28TQ,HARNESS,1,20260930T163318Z,6150-01-316-1244,WIRING HARNESS,G,334419,23.0,,,2026-09-11,2026-09-23,HARNESS,DIBBS|SPE4A626T28TQ|6150-01-316-1244,C10,Harnesses / Cable Assemblies / Box Builds,WIRING HARNESS,WIRING HARNESS,False,adjacent,,"DIBBS RFQ Text Search result, AMSC field, retrieved 20260930T163318Z",past deadline
SPE4A426T0200,6150-01-560-3859,SPE4A426T0200,09-17-2026,09-24-2026,2026-09-16 09:49:21,Origin,Origin,Tech,7018378352,https://dibbs2.bsm.dla.mil/Downloads/RFQ/0/SPE4A426T0200.PDF,https://www.dibbs.bsm.dla.mil/RFQ/RFQRec.aspx?sn=SPE4A426T0200,https://www.dibbs.bsm.dla.mil/rfq/rfqrec.aspx?sn=SPE4A426T0200,HARNESS,1,20260930T163318Z,6150-01-560-3859,WIRING HARNESS,G,334419,5.0,,,2026-09-17,2026-09-24,HARNESS,DIBBS|SPE4A426T0200|6150-01-560-3859,C10,Harnesses / Cable Assemblies / Box Builds,WIRING HARNESS,WIRING HARNESS,False,adjacent,,"DIBBS RFQ Text Search result, AMSC field, retrieved 20260930T163318Z",past deadline
SPE4A626T31CQ,6150-01-444-1012,SPE4A626T31CQ,09-17-2026,09-24-2026,2026-09-16 09:49:21,Origin,Origin,Tech,7018379458,https://dibbs2.bsm.dla.mil/Downloads/RFQ/Q/SPE4A626T31CQ.PDF,https://www.dibbs.bsm.dla.mil/RFQ/RFQRec.aspx?sn=SPE4A626T31CQ,https://www.dibbs.bsm.dla.mil/rfq/rfqrec.aspx?sn=SPE4A626T31CQ,HARNESS,1,20260930T163318Z,6150-01-444-1012,WIRING HARNESS,G,334419,42.0,,,2026-09-17,2026-09-24,HARNESS,DIBBS|SPE4A626T31CQ|6150-01-444-1012,C10,Harnesses / Cable Assemblies / Box Builds,WIRING HARNESS,WIRING HARNESS,False,adjacent,,"DIBBS RFQ Text Search result, AMSC field, retrieved 20260930T163318Z",past deadline
SPE4A626T27GW,6150-01-601-2876,SPE4A626T27GW,09-09-2026,09-21-2026,2026-09-16 09:47:32,Origin,Origin,Tech,7018147053,https://dibbs2.bsm.dla.mil/Downloads/RFQ/W/SPE4A626T27GW.PDF,https://www.dibbs.bsm.dla.mil/RFQ/RFQRec.aspx?sn=SPE4A626T27GW,https://www.dibbs.bsm.dla.mil/rfq/rfqrec.aspx?sn=SPE4A626T27GW,HARNESS,1,20260930T163318Z,6150-01-601-2876,WIRING HARNESS,G,334419,1.0,,,2026-09-09,2026-09-21,HARNESS,DIBBS|SPE4A626T27GW|6150-01-601-2876,C10,Harnesses / Cable Assemblies / Box Builds,WIRING HARNESS,WIRING HARNESS,False,adjacent,,"DIBBS RFQ Text Search result, AMSC field, retrieved 20260930T163318Z",past deadline
SPE4A626T31AH,6150-01-288-6856,SPE4A626T31AH,09-17-2026,09-24-2026,2026-09-16 09:12:12,Origin,Destination,Tech,7018377598,https://dibbs2.bsm.dla.mil/Downloads/RFQ/H/SPE4A626T31AH.PDF,https://www.dibbs.bsm.dla.mil/RFQ/RFQRec.aspx?sn=SPE4A626T31AH,https://www.dibbs.bsm.dla.mil/rfq/rfqrec.aspx?sn=SPE4A626T31AH,HARNESS,2,20260930T163335Z,6150-01-288-6856,"WIRING HARNESS,BRANCHE",G,334419,2.0,,,2026-09-17,2026-09-24,HARNESS,DIBBS|SPE4A626T31AH|6150-01-288-6856,C10,Harnesses / Cable Assemblies / Box Builds,WIRING HARNESS,WIRING HARNESS,False,adjacent,,"DIBBS RFQ Text Search result, AMSC field, retrieved 20260930T163335Z",past deadline
SPE4A626T30ZQ,6150-01-165-5659,SPE4A626T30ZQ,09-17-2026,09-24-2026,2026-09-16 09:12:12,Origin,Origin,Tech,7018377184,https://dibbs2.bsm.dla.mil/Downloads/RFQ/Q/SPE4A626T30ZQ.PDF,https://www.dibbs.bsm.dla.mil/RFQ/RFQRec.aspx?sn=SPE4A626T30ZQ,https://www.dibbs.bsm.dla.mil/rfq/rfqrec.aspx?sn=SPE4A626T30ZQ,HARNESS,2,20260930T163335Z,6150-01-165-5659,"WIRING HARNESS,BRANCHE",G,334419,36.0,,,2026-09-17,2026-09-24,HARNESS,DIBBS|SPE4A626T30ZQ|6150-01-165-5659,C10,Harnesses / Cable Assemblies / Box Builds,WIRING HARNESS,WIRING HARNESS,False,adjacent,,"DIBBS RFQ Text Search result, AMSC field, retrieved 20260930T163335Z",past deadline
SPE4A626U4203,5995-01-714-5022,SPE4A626U4203,09-17-2026,10-01-2026,2026-09-16 10:38:18,Origin,Destination,Tech,1000238725,https://dibbs2.bsm.dla.mil/Downloads/RFQ/3/SPE4A626U4203.PDF,https://www.dibbs.bsm.dla.mil/RFQ/RFQRec.aspx?sn=SPE4A626U4203,https://www.dibbs.bsm.dla.mil/rfq/rfqrec.aspx?sn=SPE4A626U4203,HARNESS,2,20260930T163335Z,5995-01-714-5022,"WIRING HARNESS,BRANCHE",G,335931,139.0,,,2026-09-17,2026-10-01,HARNESS,DIBBS|SPE4A626U4203|5995-01-714-5022,C10,Harnesses / Cable Assemblies / Box Builds,WIRING HARNESS,WIRING HARNESS,False,adjacent,,"DIBBS RFQ Text Search result, AMSC field, retrieved 20260930T163335Z",open by deadline
SPE4A626T30QW,5995-01-467-7459,SPE4A626T30QW,09-16-2026,09-23-2026,2026-09-15 07:13:25,Origin,Origin,Tech,7018341551,https://dibbs2.bsm.dla.mil/Downloads/RFQ/W/SPE4A626T30QW.PDF,https://www.dibbs.bsm.dla.mil/RFQ/RFQRec.aspx?sn=SPE4A626T30QW,https://www.dibbs.bsm.dla.mil/rfq/rfqrec.aspx?sn=SPE4A626T30QW,HARNESS,2,20260930T163335Z,5995-01-467-7459,WIRING HARNESS,G,334419,1.0,,,2026-09-16,2026-09-23,HARNESS,DIBBS|SPE4A626T30QW|5995-01-467-7459,C10,Harnesses / Cable Assemblies / Box Builds,WIRING HARNESS,WIRING HARNESS,False,adjacent,,"DIBBS RFQ Text Search result, AMSC field, retrieved 20260930T163335Z",past deadline
SPE4A626T30HU,5995-01-647-9670,SPE4A626T30HU,09-16-2026,09-23-2026,2026-09-15 11:42:39,Origin,Origin,Tech,7018341481,https://dibbs2.bsm.dla.mil/Downloads/RFQ/U/SPE4A626T30HU.PDF,https://www.dibbs.bsm.dla.mil/RFQ/RFQRec.aspx?sn=SPE4A626T30HU,https://www.dibbs.bsm.dla.mil/rfq/rfqrec.aspx?sn=SPE4A626T30HU,HARNESS,2,20260930T163335Z,5995-01-647-9670,WIRING HARNESS,G,335931,9.0,,,2026-09-16,2026-09-23,HARNESS,DIBBS|SPE4A626T30HU|5995-01-647-9670,C10,Harnesses / Cable Assemblies / Box Builds,WIRING HARNESS,WIRING HARNESS,False,adjacent,,"DIBBS RFQ Text Search result, AMSC field, retrieved 20260930T163335Z",past deadline
SPE4A626T30CF,6150-01-674-4551,SPE4A626T30CF,09-16-2026,09-23-2026,2026-09-15 03:50:49,Origin,Origin,Tech,7018343328,https://dibbs2.bsm.dla.mil/Downloads/RFQ/F/SPE4A626T30CF.PDF,https://www.dibbs.bsm.dla.mil/RFQ/RFQRec.aspx?sn=SPE4A626T30CF,https://www.dibbs.bsm.dla.mil/rfq/rfqrec.aspx?sn=SPE4A626T30CF,HARNESS,2,20260930T163335Z,6150-01-674-4551,"WIRING HARNESS,BRANCHE",G,335311,2.0,,,2026-09-16,2026-09-23,HARNESS,DIBBS|SPE4A626T30CF|6150-01-674-4551,C10,Harnesses / Cable Assemblies / Box Builds,WIRING HARNESS,WIRING HARNESS,False,adjacent,,"DIBBS RFQ Text Search result, AMSC field, retrieved 20260930T163335Z",past deadline
SPE4A626T29JB,6150-01-690-1102,SPE4A626T29JB,09-15-2026,09-22-2026,2026-09-14 09:35:02,Origin,Origin,Tech,7016227678,https://dibbs2.bsm.dla.mil/Downloads/RFQ/B/SPE4A626T29JB.PDF,https://www.dibbs.bsm.dla.mil/RFQ/RFQRec.aspx?sn=SPE4A626T29JB,https://www.dibbs.bsm.dla.mil/rfq/rfqrec.aspx?sn=SPE4A626T29JB,HARNESS,2,20260930T163335Z,6150-01-690-1102,"WIRING HARNESS,BRAN",G,335311,16.0,,,2026-09-15,2026-09-22,HARNESS,DIBBS|SPE4A626T29JB|6150-01-690-1102,C10,Harnesses / Cable Assemblies / Box Builds,WIRING HARNESS,WIRING HARNESS,False,adjacent,,"DIBBS RFQ Text Search result, AMSC field, retrieved 20260930T163335Z",past deadline
SPE4A626T29DB,6150-01-705-6689,SPE4A626T29DB,09-14-2026,09-21-2026,2026-09-13 03:47:14,Origin,Origin,Tech,7018067940,https://dibbs2.bsm.dla.mil/Downloads/RFQ/B/SPE4A626T29DB.PDF,https://www.dibbs.bsm.dla.mil/RFQ/RFQRec.aspx?sn=SPE4A626T29DB,https://www.dibbs.bsm.dla.mil/rfq/rfqrec.aspx?sn=SPE4A626T29DB,HARNESS,2,20260930T163335Z,6150-01-705-6689,"WIRING HARNESS,BRANCHE",G,335311,6.0,,,2026-09-14,2026-09-21,HARNESS,DIBBS|SPE4A626T29DB|6150-01-705-6689,C10,Harnesses / Cable Assemblies / Box Builds,WIRING HARNESS,WIRING HARNESS,False,adjacent,,"DIBBS RFQ Text Search result, AMSC field, retrieved 20260930T163335Z",past deadline
SPE4A626T29CT,5995-01-579-9917,SPE4A626T29CT,09-14-2026,09-21-2026,2026-09-13 03:47:14,Origin,Origin,Tech,7015657007,https://dibbs2.bsm.dla.mil/Downloads/RFQ/T/SPE4A626T29CT.PDF,https://www.dibbs.bsm.dla.mil/RFQ/RFQRec.aspx?sn=SPE4A626T29CT,https://www.dibbs.bsm.dla.mil/rfq/rfqrec.aspx?sn=SPE4A626T29CT,HARNESS,2,20260930T163335Z,5995-01-579-9917,"WIRING HARNESS,BRAN",G,334419,15.0,,,2026-09-14,2026-09-21,HARNESS,DIBBS|SPE4A626T29CT|5995-01-579-9917,C10,Harnesses / Cable Assemblies / Box Builds,WIRING HARNESS,WIRING HARNESS,False,adjacent,,"DIBBS RFQ Text Search result, AMSC field, retrieved 20260930T163335Z",past deadline
SPE4A626T28WS,5995-01-571-9578,SPE4A626T28WS,09-11-2026,09-18-2026,2026-09-10 08:33:44,Origin,Origin,Tech,7017939282,https://dibbs2.bsm.dla.mil/Downloads/RFQ/S/SPE4A626T28WS.PDF,https://www.dibbs.bsm.dla.mil/RFQ/RFQRec.aspx?sn=SPE4A626T28WS,https://www.dibbs.bsm.dla.mil/rfq/rfqrec.aspx?sn=SPE4A626T28WS,HARNESS,2,20260930T163335Z,5995-01-571-9578,"WIRING HARNESS,BRANCHE",G,334419,3.0,,,2026-09-11,2026-09-18,HARNESS,DIBBS|SPE4A626T28WS|5995-01-571-9578,C10,Harnesses / Cable Assemblies / Box Builds,WIRING HARNESS,WIRING HARNESS,False,adjacent,,"DIBBS RFQ Text Search result, AMSC field, retrieved 20260930T163335Z",past deadline
SPE4A626T28WN,6150-01-316-8833,SPE4A626T28WN,09-11-2026,09-18-2026,2026-09-10 08:33:44,Origin,Origin,Tech,7018248673,https://dibbs2.bsm.dla.mil/Downloads/RFQ/N/SPE4A626T28WN.PDF,https://www.dibbs.bsm.dla.mil/RFQ/RFQRec.aspx?sn=SPE4A626T28WN,https://www.dibbs.bsm.dla.mil/rfq/rfqrec.aspx?sn=SPE4A626T28WN,HARNESS,2,20260930T163335Z,6150-01-316-8833,"WIRING HARNESS,BRANCHE",G,334419,19.0,,,2026-09-11,2026-09-18,HARNESS,DIBBS|SPE4A626T28WN|6150-01-316-8833,C10,Harnesses / Cable Assemblies / Box Builds,WIRING HARNESS,WIRING HARNESS,False,adjacent,,"DIBBS RFQ Text Search result, AMSC field, retrieved 20260930T163335Z",past deadline
SPE7L326T237C,1095-00-890-4218,SPE7L326T237C,09-11-2026,09-21-2026,2026-09-10 03:06:59,Origin,Origin,None,7018270748,https://dibbs2.bsm.dla.mil/Downloads/RFQ/C/SPE7L326T237C.PDF,https://www.dibbs.bsm.dla.mil/RFQ/RFQRec.aspx?sn=SPE7L326T237C,https://www.dibbs.bsm.dla.mil/rfq/rfqrec.aspx?sn=SPE7L326T237C,HARNESS,2,20260930T163335Z,1095-00-890-4218,"CLIP,WIRING HARNESS",G,336413,319.0,,,2026-09-11,2026-09-21,HARNESS,DIBBS|SPE7L326T237C|1095-00-890-4218,C10,Harnesses / Cable Assemblies / Box Builds,WIRING HARNESS,WIRING HARNESS,False,adjacent,,"DIBBS RFQ Text Search result, AMSC field, retrieved 20260930T163335Z",past deadline
SPE4A626T27PJ,5995-01-195-3142,SPE4A626T27PJ,09-10-2026,09-17-2026,2026-09-09 04:27:55,Origin,Origin,Tech,7018247843,https://dibbs2.bsm.dla.mil/Downloads/RFQ/J/SPE4A626T27PJ.PDF,https://www.dibbs.bsm.dla.mil/RFQ/RFQRec.aspx?sn=SPE4A626T27PJ,https://www.dibbs.bsm.dla.mil/rfq/rfqrec.aspx?sn=SPE4A626T27PJ,HARNESS,2,20260930T163335Z,5995-01-195-3142,"WIRING HARNESS,BRANCHE",G,334419,2.0,,,2026-09-10,2026-09-17,HARNESS,DIBBS|SPE4A626T27PJ|5995-01-195-3142,C10,Harnesses / Cable Assemblies / Box Builds,WIRING HARNESS,WIRING HARNESS,False,adjacent,,"DIBBS RFQ Text Search result, AMSC field, retrieved 20260930T163335Z",past deadline
SPE4A026T4734,6150-01-674-4561,SPE4A026T4734,09-09-2026,09-16-2026,2026-09-08 01:44:42,Origin,Origin,Tech,7018121994,https://dibbs2.bsm.dla.mil/Downloads/RFQ/4/SPE4A026T4734.PDF,https://www.dibbs.bsm.dla.mil/RFQ/RFQRec.aspx?sn=SPE4A026T4734,https://www.dibbs.bsm.dla.mil/rfq/rfqrec.aspx?sn=SPE4A026T4734,HARNESS,2,20260930T163335Z,6150-01-674-4561,"WIRING HARNESS,BRANCHE",G,335311,1.0,,,2026-09-09,2026-09-16,HARNESS,DIBBS|SPE4A026T4734|6150-01-674-4561,C10,Harnesses / Cable Assemblies / Box Builds,WIRING HARNESS,WIRING HARNESS,False,adjacent,,"DIBBS RFQ Text Search result, AMSC field, retrieved 20260930T163335Z",past deadline
SPE4A626T27DN,6150-01-669-9634,SPE4A626T27DN,09-09-2026,09-16-2026,2026-09-08 10:41:50,Origin,Origin,Tech,7015853798,https://dibbs2.bsm.dla.mil/Downloads/RFQ/N/SPE4A626T27DN.PDF,https://www.dibbs.bsm.dla.mil/RFQ/RFQRec.aspx?sn=SPE4A626T27DN,https://www.dibbs.bsm.dla.mil/rfq/rfqrec.aspx?sn=SPE4A626T27DN,HARNESS,2,20260930T163335Z,6150-01-669-9634,WIRING HARNESS,G,332510,35.0,,,2026-09-09,2026-09-16,HARNESS,DIBBS|SPE4A626T27DN|6150-01-669-9634,C10,Harnesses / Cable Assemblies / Box Builds,WIRING HARNESS,WIRING HARNESS,False,adjacent,,"DIBBS RFQ Text Search result, AMSC field, retrieved 20260930T163335Z",past deadline
SPE4A626T26ZV,5995-01-425-7122,SPE4A626T26ZV,09-08-2026,09-15-2026,2026-09-07 04:26:58,Origin,Origin,Tech,7017914608,https://dibbs2.bsm.dla.mil/Downloads/RFQ/V/SPE4A626T26ZV.PDF,https://www.dibbs.bsm.dla.mil/RFQ/RFQRec.aspx?sn=SPE4A626T26ZV,https://www.dibbs.bsm.dla.mil/rfq/rfqrec.aspx?sn=SPE4A626T26ZV,HARNESS,2,20260930T163335Z,5995-01-425-7122,WIRING HARNESS,G,334419,99.0,,,2026-09-08,2026-09-15,HARNESS,DIBBS|SPE4A626T26ZV|5995-01-425-7122,C10,Harnesses / Cable Assemblies / Box Builds,WIRING HARNESS,WIRING HARNESS,False,adjacent,,"DIBBS RFQ Text Search result, AMSC field, retrieved 20260930T163335Z",past deadline
SPE4A626T26SS,6150-01-669-5727,SPE4A626T26SS,09-04-2026,09-11-2026,2026-09-03 06:16:12,Origin,Origin,Tech,7017272651,https://dibbs2.bsm.dla.mil/Downloads/RFQ/S/SPE4A626T26SS.PDF,https://www.dibbs.bsm.dla.mil/RFQ/RFQRec.aspx?sn=SPE4A626T26SS,https://www.dibbs.bsm.dla.mil/rfq/rfqrec.aspx?sn=SPE4A626T26SS,HARNESS,2,20260930T163335Z,6150-01-669-5727,WIRING HARNESS,G,335311,18.0,,,2026-09-04,2026-09-11,HARNESS,DIBBS|SPE4A626T26SS|6150-01-669-5727,C10,Harnesses / Cable Assemblies / Box Builds,WIRING HARNESS,WIRING HARNESS,False,adjacent,,"DIBBS RFQ Text Search result, AMSC field, retrieved 20260930T163335Z",past deadline
SPE4A626T26QT,6150-01-607-6680,SPE4A626T26QT,09-04-2026,09-11-2026,2026-09-03 03:07:14,Origin,Origin,Tech,7018194839,https://dibbs2.bsm.dla.mil/Downloads/RFQ/T/SPE4A626T26QT.PDF,https://www.dibbs.bsm.dla.mil/RFQ/RFQRec.aspx?sn=SPE4A626T26QT,https://www.dibbs.bsm.dla.mil/rfq/rfqrec.aspx?sn=SPE4A626T26QT,HARNESS,2,20260930T163335Z,6150-01-607-6680,"WIRING HARNESS,BRANCHE",G,334419,6.0,,,2026-09-04,2026-09-11,HARNESS,DIBBS|SPE4A626T26QT|6150-01-607-6680,C10,Harnesses / Cable Assemblies / Box Builds,WIRING HARNESS,WIRING HARNESS,False,adjacent,,"DIBBS RFQ Text Search result, AMSC field, retrieved 20260930T163335Z",past deadline
SPE4A626T26PD,6150-01-422-9129,SPE4A626T26PD,09-04-2026,09-11-2026,2026-09-03 12:50:11,Origin,Origin,Tech,7017529361,https://dibbs2.bsm.dla.mil/Downloads/RFQ/D/SPE4A626T26PD.PDF,https://www.dibbs.bsm.dla.mil/RFQ/RFQRec.aspx?sn=SPE4A626T26PD,https://www.dibbs.bsm.dla.mil/rfq/rfqrec.aspx?sn=SPE4A626T26PD,HARNESS,2,20260930T163335Z,6150-01-422-9129,WIRING HARNESS,G,334419,9.0,,,2026-09-04,2026-09-11,HARNESS,DIBBS|SPE4A626T26PD|6150-01-422-9129,C10,Harnesses / Cable Assemblies / Box Builds,WIRING HARNESS,WIRING HARNESS,False,adjacent,,"DIBBS RFQ Text Search result, AMSC field, retrieved 20260930T163335Z",past deadline
SPE4A626T25TL,6150-01-506-3655,SPE4A626T25TL,09-02-2026,09-09-2026,2026-09-01 03:50:58,Origin,Origin,Tech,7017837761,https://dibbs2.bsm.dla.mil/Downloads/RFQ/L/SPE4A626T25TL.PDF,https://www.dibbs.bsm.dla.mil/RFQ/RFQRec.aspx?sn=SPE4A626T25TL,https://www.dibbs.bsm.dla.mil/rfq/rfqrec.aspx?sn=SPE4A626T25TL,HARNESS,2,20260930T163335Z,6150-01-506-3655,"WIRING HARNESS,BRAN",G,335311,4.0,,,2026-09-02,2026-09-09,HARNESS,DIBBS|SPE4A626T25TL|6150-01-506-3655,C10,Harnesses / Cable Assemblies / Box Builds,WIRING HARNESS,WIRING HARNESS,False,adjacent,,"DIBBS RFQ Text Search result, AMSC field, retrieved 20260930T163335Z",past deadline
SPE7L426T6629,6150-01-422-7736,SPE7L426T6629,08-28-2026,09-08-2026,2026-08-27 07:41:26,Origin,Origin,Tech,7018068157,https://dibbs2.bsm.dla.mil/Downloads/RFQ/9/SPE7L426T6629.PDF,https://www.dibbs.bsm.dla.mil/RFQ/RFQRec.aspx?sn=SPE7L426T6629,https://www.dibbs.bsm.dla.mil/rfq/rfqrec.aspx?sn=SPE7L426T6629,HARNESS,2,20260930T163335Z,6150-01-422-7736,WIRING HARNESS,G,334419,11.0,,,2026-08-28,2026-09-08,HARNESS,DIBBS|SPE7L426T6629|6150-01-422-7736,C10,Harnesses / Cable Assemblies / Box Builds,WIRING HARNESS,WIRING HARNESS,False,adjacent,,"DIBBS RFQ Text Search result, AMSC field, retrieved 20260930T163335Z",past deadline
SPE7L526T5200,5995-01-676-7607,SPE7L526T5200,08-27-2026,09-08-2026,2026-08-26 05:17:20,Origin,Origin,Tech,7017777215,https://dibbs2.bsm.dla.mil/Downloads/RFQ/0/SPE7L526T5200.PDF,https://www.dibbs.bsm.dla.mil/RFQ/RFQRec.aspx?sn=SPE7L526T5200,https://www.dibbs.bsm.dla.mil/rfq/rfqrec.aspx?sn=SPE7L526T5200,HARNESS,2,20260930T163335Z,5995-01-676-7607,"WIRING HARNESS,BRAN",G,335931,2.0,,,2026-08-27,2026-09-08,HARNESS,DIBBS|SPE7L526T5200|5995-01-676-7607,C10,Harnesses / Cable Assemblies / Box Builds,WIRING HARNESS,WIRING HARNESS,False,adjacent,,"DIBBS RFQ Text Search result, AMSC field, retrieved 20260930T163335Z",past deadline
SPE4A626T17DX,6150-01-607-6612,SPE4A626T17DX,08-17-2026,08-28-2026,2026-08-26 11:54:38,Origin,Origin,Tech,7017868247,https://dibbs2.bsm.dla.mil/Downloads/RFQ/X/SPE4A626T17DX.PDF,https://www.dibbs.bsm.dla.mil/RFQ/RFQRec.aspx?sn=SPE4A626T17DX,https://www.dibbs.bsm.dla.mil/rfq/rfqrec.aspx?sn=SPE4A626T17DX,HARNESS,2,20260930T163335Z,6150-01-607-6612,"WIRING HARNESS,BRANCHE",G,334419,2.0,,,2026-08-17,2026-08-28,HARNESS,DIBBS|SPE4A626T17DX|6150-01-607-6612,C10,Harnesses / Cable Assemblies / Box Builds,WIRING HARNESS,WIRING HARNESS,False,adjacent,,"DIBBS RFQ Text Search result, AMSC field, retrieved 20260930T163335Z",past deadline
SPE4A626T22QY,6150-01-678-6731,SPE4A626T22QY,08-27-2026,09-03-2026,2026-08-26 08:42:48,Origin,Origin,Tech,7017740930,https://dibbs2.bsm.dla.mil/Downloads/RFQ/Y/SPE4A626T22QY.PDF,https://www.dibbs.bsm.dla.mil/RFQ/RFQRec.aspx?sn=SPE4A626T22QY,https://www.dibbs.bsm.dla.mil/rfq/rfqrec.aspx?sn=SPE4A626T22QY,HARNESS,2,20260930T163335Z,6150-01-678-6731,WIRING HARNESS,G,335311,46.0,,,2026-08-27,2026-09-03,HARNESS,DIBBS|SPE4A626T22QY|6150-01-678-6731,C10,Harnesses / Cable Assemblies / Box Builds,WIRING HARNESS,WIRING HARNESS,False,adjacent,,"DIBBS RFQ Text Search result, AMSC field, retrieved 20260930T163335Z",past deadline
SPE4A626T22NG,5995-01-674-2694,SPE4A626T22NG,08-26-2026,09-02-2026,2026-08-25 09:33:18,Origin,Origin,Tech,7017940738,https://dibbs2.bsm.dla.mil/Downloads/RFQ/G/SPE4A626T22NG.PDF,https://www.dibbs.bsm.dla.mil/RFQ/RFQRec.aspx?sn=SPE4A626T22NG,https://www.dibbs.bsm.dla.mil/rfq/rfqrec.aspx?sn=SPE4A626T22NG,HARNESS,2,20260930T163335Z,5995-01-674-2694,"WIRING HARNESS,BRAN",G,335931,2.0,,,2026-08-26,2026-09-02,HARNESS,DIBBS|SPE4A626T22NG|5995-01-674-2694,C10,Harnesses / Cable Assemblies / Box Builds,WIRING HARNESS,WIRING HARNESS,False,adjacent,,"DIBBS RFQ Text Search result, AMSC field, retrieved 20260930T163335Z",past deadline
SPE4A626T22ND,5995-01-724-6399,SPE4A626T22ND,08-26-2026,09-02-2026,2026-08-25 09:33:18,Origin,Destination,Tech,7017698084,https://dibbs2.bsm.dla.mil/Downloads/RFQ/D/SPE4A626T22ND.PDF,https://www.dibbs.bsm.dla.mil/RFQ/RFQRec.aspx?sn=SPE4A626T22ND,https://www.dibbs.bsm.dla.mil/rfq/rfqrec.aspx?sn=SPE4A626T22ND,HARNESS,2,20260930T163335Z,5995-01-724-6399,"WIRING HARNESS,BRAN",G,335931,2.0,,,2026-08-26,2026-09-02,HARNESS,DIBBS|SPE4A626T22ND|5995-01-724-6399,C10,Harnesses / Cable Assemblies / Box Builds,WIRING HARNESS,WIRING HARNESS,False,adjacent,,"DIBBS RFQ Text Search result, AMSC field, retrieved 20260930T163335Z",past deadline
SPE4A626T22HS,5995-01-520-9726,SPE4A626T22HS,08-26-2026,09-02-2026,2026-08-25 12:34:46,Origin,Origin,Tech,7014870284,https://dibbs2.bsm.dla.mil/Downloads/RFQ/S/SPE4A626T22HS.PDF,https://www.dibbs.bsm.dla.mil/RFQ/RFQRec.aspx?sn=SPE4A626T22HS,https://www.dibbs.bsm.dla.mil/rfq/rfqrec.aspx?sn=SPE4A626T22HS,HARNESS,2,20260930T163335Z,5995-01-520-9726,"WIRING HARNESS,BRAN",G,334419,36.0,,,2026-08-26,2026-09-02,HARNESS,DIBBS|SPE4A626T22HS|5995-01-520-9726,C10,Harnesses / Cable Assemblies / Box Builds,WIRING HARNESS,WIRING HARNESS,False,adjacent,,"DIBBS RFQ Text Search result, AMSC field, retrieved 20260930T163335Z",past deadline
SPE4A626T22GG,6150-01-491-8386,SPE4A626T22GG,08-26-2026,09-02-2026,2026-08-25 10:44:06,Origin,Origin,Tech,7017486289,https://dibbs2.bsm.dla.mil/Downloads/RFQ/G/SPE4A626T22GG.PDF,https://www.dibbs.bsm.dla.mil/RFQ/RFQRec.aspx?sn=SPE4A626T22GG,https://www.dibbs.bsm.dla.mil/rfq/rfqrec.aspx?sn=SPE4A626T22GG,HARNESS,2,20260930T163335Z,6150-01-491-8386,WIRING HARNESS,G,334419,10.0,,,2026-08-26,2026-09-02,HARNESS,DIBBS|SPE4A626T22GG|6150-01-491-8386,C10,Harnesses / Cable Assemblies / Box Builds,WIRING HARNESS,WIRING HARNESS,False,adjacent,,"DIBBS RFQ Text Search result, AMSC field, retrieved 20260930T163335Z",past deadline
SPE4A626T04WE,5995-01-247-6068,SPE4A626T04WE,07-09-2026,07-16-2026,2026-08-21 02:41:27,Origin,Destination,Tech,7017039385,https://dibbs2.bsm.dla.mil/Downloads/RFQ/E/SPE4A626T04WE.PDF,https://www.dibbs.bsm.dla.mil/RFQ/RFQRec.aspx?sn=SPE4A626T04WE,https://www.dibbs.bsm.dla.mil/rfq/rfqrec.aspx?sn=SPE4A626T04WE,HARNESS,3,20260930T163353Z,5995-01-247-6068,"WIRING HARNESS,BRAN",G,334419,110.0,,,2026-07-09,2026-07-16,HARNESS,DIBBS|SPE4A626T04WE|5995-01-247-6068,C10,Harnesses / Cable Assemblies / Box Builds,WIRING HARNESS,WIRING HARNESS,False,adjacent,,"DIBBS RFQ Text Search result, AMSC field, retrieved 20260930T163353Z",past deadline
SPE4A726T221C,5995-01-273-7421,SPE4A726T221C,04-08-2026,04-15-2026,2026-08-21 02:41:27,Origin,Origin,Tech,7016227766,https://dibbs2.bsm.dla.mil/Downloads/RFQ/C/SPE4A726T221C.PDF,https://www.dibbs.bsm.dla.mil/RFQ/RFQRec.aspx?sn=SPE4A726T221C,https://www.dibbs.bsm.dla.mil/rfq/rfqrec.aspx?sn=SPE4A726T221C,HARNESS,3,20260930T163353Z,5995-01-273-7421,WIRING HARNESS,G,334419,2.0,,,2026-04-08,2026-04-15,HARNESS,DIBBS|SPE4A726T221C|5995-01-273-7421,C10,Harnesses / Cable Assemblies / Box Builds,WIRING HARNESS,WIRING HARNESS,False,adjacent,,"DIBBS RFQ Text Search result, AMSC field, retrieved 20260930T163353Z",past deadline
SPE4A726T073A,6150-01-422-7745,SPE4A726T073A,03-11-2026,03-18-2026,2026-08-21 02:41:27,Origin,Origin,Tech,7015853240,https://dibbs2.bsm.dla.mil/Downloads/RFQ/A/SPE4A726T073A.PDF,https://www.dibbs.bsm.dla.mil/RFQ/RFQRec.aspx?sn=SPE4A726T073A,https://www.dibbs.bsm.dla.mil/rfq/rfqrec.aspx?sn=SPE4A726T073A,HARNESS,3,20260930T163353Z,6150-01-422-7745,WIRING HARNESS,G,334419,25.0,,,2026-03-11,2026-03-18,HARNESS,DIBBS|SPE4A726T073A|6150-01-422-7745,C10,Harnesses / Cable Assemblies / Box Builds,WIRING HARNESS,WIRING HARNESS,False,adjacent,,"DIBBS RFQ Text Search result, AMSC field, retrieved 20260930T163353Z",past deadline
SPE4A726T066U,5995-01-674-1042,SPE4A726T066U,03-11-2026,03-18-2026,2026-08-21 02:41:27,Origin,Origin,Tech,7015853770,https://dibbs2.bsm.dla.mil/Downloads/RFQ/U/SPE4A726T066U.PDF,https://www.dibbs.bsm.dla.mil/RFQ/RFQRec.aspx?sn=SPE4A726T066U,https://www.dibbs.bsm.dla.mil/rfq/rfqrec.aspx?sn=SPE4A726T066U,HARNESS,3,20260930T163353Z,5995-01-674-1042,"WIRING HARNESS,BRAN",G,335931,5.0,,,2026-03-11,2026-03-18,HARNESS,DIBBS|SPE4A726T066U|5995-01-674-1042,C10,Harnesses / Cable Assemblies / Box Builds,WIRING HARNESS,WIRING HARNESS,False,adjacent,,"DIBBS RFQ Text Search result, AMSC field, retrieved 20260930T163353Z",past deadline
SPE4A726T043E,5995-01-702-1349,SPE4A726T043E,03-05-2026,03-12-2026,2026-08-21 02:41:27,Origin,Destination,Tech,7015689295,https://dibbs2.bsm.dla.mil/Downloads/RFQ/E/SPE4A726T043E.PDF,https://www.dibbs.bsm.dla.mil/RFQ/RFQRec.aspx?sn=SPE4A726T043E,https://www.dibbs.bsm.dla.mil/rfq/rfqrec.aspx?sn=SPE4A726T043E,HARNESS,3,20260930T163353Z,5995-01-702-1349,WIRING HARNESS,G,000000,4.0,,,2026-03-05,2026-03-12,HARNESS,DIBBS|SPE4A726T043E|5995-01-702-1349,C10,Harnesses / Cable Assemblies / Box Builds,WIRING HARNESS,WIRING HARNESS,False,adjacent,,"DIBBS RFQ Text Search result, AMSC field, retrieved 20260930T163353Z",past deadline
SPE4A626T95J9,6150-01-451-2022,SPE4A626T95J9,06-17-2026,06-24-2026,2026-08-21 02:41:27,Origin,Origin,Tech,7017200525,https://dibbs2.bsm.dla.mil/Downloads/RFQ/9/SPE4A626T95J9.PDF,https://www.dibbs.bsm.dla.mil/RFQ/RFQRec.aspx?sn=SPE4A626T95J9,https://www.dibbs.bsm.dla.mil/rfq/rfqrec.aspx?sn=SPE4A626T95J9,HARNESS,3,20260930T163353Z,6150-01-451-2022,"WIRING HARNESS,BRAN",G,334419,31.0,,,2026-06-17,2026-06-24,HARNESS,DIBBS|SPE4A626T95J9|6150-01-451-2022,C10,Harnesses / Cable Assemblies / Box Builds,WIRING HARNESS,WIRING HARNESS,False,adjacent,,"DIBBS RFQ Text Search result, AMSC field, retrieved 20260930T163353Z",past deadline
SPE4A626T94P9,5995-01-579-9917,SPE4A626T94P9,06-17-2026,06-24-2026,2026-08-21 02:41:27,Origin,Origin,Tech,7017199443,https://dibbs2.bsm.dla.mil/Downloads/RFQ/9/SPE4A626T94P9.PDF,https://www.dibbs.bsm.dla.mil/RFQ/RFQRec.aspx?sn=SPE4A626T94P9,https://www.dibbs.bsm.dla.mil/rfq/rfqrec.aspx?sn=SPE4A626T94P9,HARNESS,3,20260930T163353Z,5995-01-579-9917,"WIRING HARNESS,BRAN",G,334419,22.0,,,2026-06-17,2026-06-24,HARNESS,DIBBS|SPE4A626T94P9|5995-01-579-9917,C10,Harnesses / Cable Assemblies / Box Builds,WIRING HARNESS,WIRING HARNESS,False,adjacent,,"DIBBS RFQ Text Search result, AMSC field, retrieved 20260930T163353Z",past deadline
SPE4A626T88D6,5995-01-587-6864,SPE4A626T88D6,06-12-2026,06-22-2026,2026-08-21 02:41:27,Origin,Origin,Tech,7017011083,https://dibbs2.bsm.dla.mil/Downloads/RFQ/6/SPE4A626T88D6.PDF,https://www.dibbs.bsm.dla.mil/RFQ/RFQRec.aspx?sn=SPE4A626T88D6,https://www.dibbs.bsm.dla.mil/rfq/rfqrec.aspx?sn=SPE4A626T88D6,HARNESS,3,20260930T163353Z,5995-01-587-6864,"WIRING HARNESS,BRAN",G,334419,18.0,,,2026-06-12,2026-06-22,HARNESS,DIBBS|SPE4A626T88D6|5995-01-587-6864,C10,Harnesses / Cable Assemblies / Box Builds,WIRING HARNESS,WIRING HARNESS,False,adjacent,,"DIBBS RFQ Text Search result, AMSC field, retrieved 20260930T163353Z",past deadline
SPE4A626T67F1,6150-01-420-6806,SPE4A626T67F1,05-21-2026,05-28-2026,2026-08-21 02:41:27,Origin,Destination,Tech,7016879251,https://dibbs2.bsm.dla.mil/Downloads/RFQ/1/SPE4A626T67F1.PDF,https://www.dibbs.bsm.dla.mil/RFQ/RFQRec.aspx?sn=SPE4A626T67F1,https://www.dibbs.bsm.dla.mil/rfq/rfqrec.aspx?sn=SPE4A626T67F1,HARNESS,3,20260930T163353Z,6150-01-420-6806,WIRING HARNESS,G,334419,4.0,,,2026-05-21,2026-05-28,HARNESS,DIBBS|SPE4A626T67F1|6150-01-420-6806,C10,Harnesses / Cable Assemblies / Box Builds,WIRING HARNESS,WIRING HARNESS,False,adjacent,,"DIBBS RFQ Text Search result, AMSC field, retrieved 20260930T163353Z",past deadline
SPE4A626T637J,5995-00-111-2738,SPE4A626T637J,02-06-2026,02-13-2026,2026-08-21 02:41:27,Origin,Origin,Tech,7015403560,https://dibbs2.bsm.dla.mil/Downloads/RFQ/J/SPE4A626T637J.PDF,https://www.dibbs.bsm.dla.mil/RFQ/RFQRec.aspx?sn=SPE4A626T637J,https://www.dibbs.bsm.dla.mil/rfq/rfqrec.aspx?sn=SPE4A626T637J,HARNESS,3,20260930T163353Z,5995-00-111-2738,"WIRING HARNESS,BRAN",G,334419,2.0,,,2026-02-06,2026-02-13,HARNESS,DIBBS|SPE4A626T637J|5995-00-111-2738,C10,Harnesses / Cable Assemblies / Box Builds,WIRING HARNESS,WIRING HARNESS,False,adjacent,,"DIBBS RFQ Text Search result, AMSC field, retrieved 20260930T163353Z",past deadline
SPE4A626T59C0,5995-00-707-8794,SPE4A626T59C0,05-18-2026,05-26-2026,2026-08-21 02:41:27,Origin,Destination,Tech,7016799010,https://dibbs2.bsm.dla.mil/Downloads/RFQ/0/SPE4A626T59C0.PDF,https://www.dibbs.bsm.dla.mil/RFQ/RFQRec.aspx?sn=SPE4A626T59C0,https://www.dibbs.bsm.dla.mil/rfq/rfqrec.aspx?sn=SPE4A626T59C0,HARNESS,3,20260930T163353Z,5995-00-707-8794,"WIRING HARNESS,BRAN",G,334419,17.0,,,2026-05-18,2026-05-26,HARNESS,DIBBS|SPE4A626T59C0|5995-00-707-8794,C10,Harnesses / Cable Assemblies / Box Builds,WIRING HARNESS,WIRING HARNESS,False,adjacent,,"DIBBS RFQ Text Search result, AMSC field, retrieved 20260930T163353Z",past deadline
SPE4A626T549S,6150-01-577-4716,SPE4A626T549S,01-23-2026,01-30-2026,2026-08-21 02:41:27,Origin,Origin,Tech,7014384092,https://dibbs2.bsm.dla.mil/Downloads/RFQ/S/SPE4A626T549S.PDF,https://www.dibbs.bsm.dla.mil/RFQ/RFQRec.aspx?sn=SPE4A626T549S,https://www.dibbs.bsm.dla.mil/rfq/rfqrec.aspx?sn=SPE4A626T549S,HARNESS,3,20260930T163353Z,6150-01-577-4716,"WIRING HARNESS,BRAN",G,334419,57.0,,,2026-01-23,2026-01-30,HARNESS,DIBBS|SPE4A626T549S|6150-01-577-4716,C10,Harnesses / Cable Assemblies / Box Builds,WIRING HARNESS,WIRING HARNESS,False,adjacent,,"DIBBS RFQ Text Search result, AMSC field, retrieved 20260930T163353Z",past deadline
SPE4A626T512F,6150-01-674-3713,SPE4A626T512F,01-20-2026,01-27-2026,2026-08-21 02:41:27,Origin,Origin,Tech,7014382170,https://dibbs2.bsm.dla.mil/Downloads/RFQ/F/SPE4A626T512F.PDF,https://www.dibbs.bsm.dla.mil/RFQ/RFQRec.aspx?sn=SPE4A626T512F,https://www.dibbs.bsm.dla.mil/rfq/rfqrec.aspx?sn=SPE4A626T512F,HARNESS,3,20260930T163353Z,6150-01-674-3713,"WIRING HARNESS,BRAN",G,335311,2.0,,,2026-01-20,2026-01-27,HARNESS,DIBBS|SPE4A626T512F|6150-01-674-3713,C10,Harnesses / Cable Assemblies / Box Builds,WIRING HARNESS,WIRING HARNESS,False,adjacent,,"DIBBS RFQ Text Search result, AMSC field, retrieved 20260930T163353Z",past deadline
SPE4A626T44X9,6150-01-350-1298,SPE4A626T44X9,05-06-2026,05-13-2026,2026-08-21 02:41:27,Origin,Origin,Tech,7016647193,https://dibbs2.bsm.dla.mil/Downloads/RFQ/9/SPE4A626T44X9.PDF,https://www.dibbs.bsm.dla.mil/RFQ/RFQRec.aspx?sn=SPE4A626T44X9,https://www.dibbs.bsm.dla.mil/rfq/rfqrec.aspx?sn=SPE4A626T44X9,HARNESS,3,20260930T163353Z,6150-01-350-1298,WIRING HARNESS,G,334419,3.0,,,2026-05-06,2026-05-13,HARNESS,DIBBS|SPE4A626T44X9|6150-01-350-1298,C10,Harnesses / Cable Assemblies / Box Builds,WIRING HARNESS,WIRING HARNESS,False,adjacent,,"DIBBS RFQ Text Search result, AMSC field, retrieved 20260930T163353Z",past deadline
SPE4A626T19HK,6150-01-350-1296,SPE4A626T19HK,08-19-2026,08-26-2026,2026-08-21 02:41:27,Origin,Origin,Tech,7017939806,https://dibbs2.bsm.dla.mil/Downloads/RFQ/K/SPE4A626T19HK.PDF,https://www.dibbs.bsm.dla.mil/RFQ/RFQRec.aspx?sn=SPE4A626T19HK,https://www.dibbs.bsm.dla.mil/rfq/rfqrec.aspx?sn=SPE4A626T19HK,HARNESS,3,20260930T163353Z,6150-01-350-1296,WIRING HARNESS,G,334419,12.0,,,2026-08-19,2026-08-26,HARNESS,DIBBS|SPE4A626T19HK|6150-01-350-1296,C10,Harnesses / Cable Assemblies / Box Builds,WIRING HARNESS,WIRING HARNESS,False,adjacent,,"DIBBS RFQ Text Search result, AMSC field, retrieved 20260930T163353Z",past deadline
SPE4A626T15ST,6150-01-107-3455,SPE4A626T15ST,08-12-2026,08-19-2026,2026-08-21 02:41:27,Origin,Origin,Tech,7017838324,https://dibbs2.bsm.dla.mil/Downloads/RFQ/T/SPE4A626T15ST.PDF,https://www.dibbs.bsm.dla.mil/RFQ/RFQRec.aspx?sn=SPE4A626T15ST,https://www.dibbs.bsm.dla.mil/rfq/rfqrec.aspx?sn=SPE4A626T15ST,HARNESS,3,20260930T163353Z,6150-01-107-3455,"WIRING HARNESS,BRAN",G,334419,82.0,,,2026-08-12,2026-08-19,HARNESS,DIBBS|SPE4A626T15ST|6150-01-107-3455,C10,Harnesses / Cable Assemblies / Box Builds,WIRING HARNESS,WIRING HARNESS,False,adjacent,,"DIBBS RFQ Text Search result, AMSC field, retrieved 20260930T163353Z",past deadline
SPE4A626T15LX,5995-01-673-9173,SPE4A626T15LX,08-12-2026,08-19-2026,2026-08-21 02:41:27,Origin,Origin,Tech,7017838977,https://dibbs2.bsm.dla.mil/Downloads/RFQ/X/SPE4A626T15LX.PDF,https://www.dibbs.bsm.dla.mil/RFQ/RFQRec.aspx?sn=SPE4A626T15LX,https://www.dibbs.bsm.dla.mil/rfq/rfqrec.aspx?sn=SPE4A626T15LX,HARNESS,3,20260930T163353Z,5995-01-673-9173,"WIRING HARNESS,BRAN",G,335931,10.0,,,2026-08-12,2026-08-19,HARNESS,DIBBS|SPE4A626T15LX|5995-01-673-9173,C10,Harnesses / Cable Assemblies / Box Builds,WIRING HARNESS,WIRING HARNESS,False,adjacent,,"DIBBS RFQ Text Search result, AMSC field, retrieved 20260930T163353Z",past deadline
SPE4A626T20QD,6150-01-506-7477,SPE4A626T20QD,08-20-2026,08-27-2026,2026-08-21 02:41:27,Origin,Origin,Tech,7017939619,https://dibbs2.bsm.dla.mil/Downloads/RFQ/D/SPE4A626T20QD.PDF,https://www.dibbs.bsm.dla.mil/RFQ/RFQRec.aspx?sn=SPE4A626T20QD,https://www.dibbs.bsm.dla.mil/rfq/rfqrec.aspx?sn=SPE4A626T20QD,HARNESS,3,20260930T163353Z,6150-01-506-7477,WIRING HARNESS,G,334419,14.0,,,2026-08-20,2026-08-27,HARNESS,DIBBS|SPE4A626T20QD|6150-01-506-7477,C10,Harnesses / Cable Assemblies / Box Builds,WIRING HARNESS,WIRING HARNESS,False,adjacent,,"DIBBS RFQ Text Search result, AMSC field, retrieved 20260930T163353Z",past deadline
SPE4A626T01QF,6150-01-419-9740,SPE4A626T01QF,06-29-2026,07-06-2026,2026-08-21 02:41:27,Origin,Origin,Tech,7017272541,https://dibbs2.bsm.dla.mil/Downloads/RFQ/F/SPE4A626T01QF.PDF,https://www.dibbs.bsm.dla.mil/RFQ/RFQRec.aspx?sn=SPE4A626T01QF,https://www.dibbs.bsm.dla.mil/rfq/rfqrec.aspx?sn=SPE4A626T01QF,HARNESS,3,20260930T163353Z,6150-01-419-9740,"WIRING HARNESS,BRANCHE",G,334419,5.0,,,2026-06-29,2026-07-06,HARNESS,DIBBS|SPE4A626T01QF|6150-01-419-9740,C10,Harnesses / Cable Assemblies / Box Builds,WIRING HARNESS,WIRING HARNESS,False,adjacent,,"DIBBS RFQ Text Search result, AMSC field, retrieved 20260930T163353Z",past deadline
SPE4A726T244U,5995-01-162-5350,SPE4A726T244U,04-14-2026,04-21-2026,2026-08-21 02:41:27,Origin,Origin,Tech,7016285417,https://dibbs2.bsm.dla.mil/Downloads/RFQ/U/SPE4A726T244U.PDF,https://www.dibbs.bsm.dla.mil/RFQ/RFQRec.aspx?sn=SPE4A726T244U,https://www.dibbs.bsm.dla.mil/rfq/rfqrec.aspx?sn=SPE4A726T244U,HARNESS,3,20260930T163353Z,5995-01-162-5350,"WIRING HARNESS,BRAN",G,334419,98.0,,,2026-04-14,2026-04-21,HARNESS,DIBBS|SPE4A726T244U|5995-01-162-5350,C10,Harnesses / Cable Assemblies / Box Builds,WIRING HARNESS,WIRING HARNESS,False,adjacent,,"DIBBS RFQ Text Search result, AMSC field, retrieved 20260930T163353Z",past deadline
SPE4A626T98H1,5995-01-592-8450,SPE4A626T98H1,06-22-2026,06-29-2026,2026-08-21 02:41:27,Origin,Origin,None,7017147884,https://dibbs2.bsm.dla.mil/Downloads/RFQ/1/SPE4A626T98H1.PDF,https://www.dibbs.bsm.dla.mil/RFQ/RFQRec.aspx?sn=SPE4A626T98H1,https://www.dibbs.bsm.dla.mil/rfq/rfqrec.aspx?sn=SPE4A626T98H1,HARNESS,3,20260930T163353Z,5995-01-592-8450,"WIRING HARNESS,BRAN",G,334419,105.0,,,2026-06-22,2026-06-29,HARNESS,DIBBS|SPE4A626T98H1|5995-01-592-8450,C10,Harnesses / Cable Assemblies / Box Builds,WIRING HARNESS,WIRING HARNESS,False,adjacent,,"DIBBS RFQ Text Search result, AMSC field, retrieved 20260930T163353Z",past deadline
SPE4A626T88U0,6150-00-153-7296,SPE4A626T88U0,06-12-2026,06-22-2026,2026-08-21 02:41:27,Origin,Origin,Tech,7016294042,https://dibbs2.bsm.dla.mil/Downloads/RFQ/0/SPE4A626T88U0.PDF,https://www.dibbs.bsm.dla.mil/RFQ/RFQRec.aspx?sn=SPE4A626T88U0,https://www.dibbs.bsm.dla.mil/rfq/rfqrec.aspx?sn=SPE4A626T88U0,HARNESS,3,20260930T163353Z,6150-00-153-7296,WIRING HARNESS,G,334419,4.0,,,2026-06-12,2026-06-22,HARNESS,DIBBS|SPE4A626T88U0|6150-00-153-7296,C10,Harnesses / Cable Assemblies / Box Builds,WIRING HARNESS,WIRING HARNESS,False,adjacent,,"DIBBS RFQ Text Search result, AMSC field, retrieved 20260930T163353Z",past deadline
SPE4A626T84Z3,6150-01-612-1878,SPE4A626T84Z3,06-10-2026,06-17-2026,2026-08-21 02:41:27,Origin,Origin,Tech,7017107963,https://dibbs2.bsm.dla.mil/Downloads/RFQ/3/SPE4A626T84Z3.PDF,https://www.dibbs.bsm.dla.mil/RFQ/RFQRec.aspx?sn=SPE4A626T84Z3,https://www.dibbs.bsm.dla.mil/rfq/rfqrec.aspx?sn=SPE4A626T84Z3,HARNESS,3,20260930T163353Z,6150-01-612-1878,WIRING HARNESS,G,334419,2.0,,,2026-06-10,2026-06-17,HARNESS,DIBBS|SPE4A626T84Z3|6150-01-612-1878,C10,Harnesses / Cable Assemblies / Box Builds,WIRING HARNESS,WIRING HARNESS,False,adjacent,,"DIBBS RFQ Text Search result, AMSC field, retrieved 20260930T163353Z",past deadline
SPE7L426T3239,2590-01-108-5389,SPE7L426T3239,03-23-2026,04-02-2026,2026-08-21 02:41:27,Origin,Origin,Tech,7015697306,https://dibbs2.bsm.dla.mil/Downloads/RFQ/9/SPE7L426T3239.PDF,https://www.dibbs.bsm.dla.mil/RFQ/RFQRec.aspx?sn=SPE7L426T3239,https://www.dibbs.bsm.dla.mil/rfq/rfqrec.aspx?sn=SPE7L426T3239,HARNESS,3,20260930T163353Z,2590-01-108-5389,"WIRING HARNESS,BRAN",G,336999,6.0,,,2026-03-23,2026-04-02,HARNESS,DIBBS|SPE7L426T3239|2590-01-108-5389,C10,Harnesses / Cable Assemblies / Box Builds,WIRING HARNESS,WIRING HARNESS,False,adjacent,,"DIBBS RFQ Text Search result, AMSC field, retrieved 20260930T163353Z",past deadline
SPE4A126T1682,5995-01-245-7656,SPE4A126T1682,03-18-2026,03-30-2026,2026-08-21 02:41:27,Origin,Origin,Tech,0080394037,https://dibbs2.bsm.dla.mil/Downloads/RFQ/2/SPE4A126T1682.PDF,https://www.dibbs.bsm.dla.mil/RFQ/RFQRec.aspx?sn=SPE4A126T1682,https://www.dibbs.bsm.dla.mil/rfq/rfqrec.aspx?sn=SPE4A126T1682,HARNESS,3,20260930T163353Z,5995-01-245-7656,"WIRING HARNESS,BRAN",G,334419,36.0,,,2026-03-18,2026-03-30,HARNESS,DIBBS|SPE4A126T1682|5995-01-245-7656,C10,Harnesses / Cable Assemblies / Box Builds,WIRING HARNESS,WIRING HARNESS,False,adjacent,,"DIBBS RFQ Text Search result, AMSC field, retrieved 20260930T163353Z",past deadline
SPE4A626T74Q2,5995-01-112-7018,SPE4A626T74Q2,06-01-2026,06-08-2026,2026-08-21 02:41:27,Origin,Origin,Tech,7016751753,https://dibbs2.bsm.dla.mil/Downloads/RFQ/2/SPE4A626T74Q2.PDF,https://www.dibbs.bsm.dla.mil/RFQ/RFQRec.aspx?sn=SPE4A626T74Q2,https://www.dibbs.bsm.dla.mil/rfq/rfqrec.aspx?sn=SPE4A626T74Q2,HARNESS,3,20260930T163353Z,5995-01-112-7018,"WIRING HARNESS,BRAN",G,334419,32.0,,,2026-06-01,2026-06-08,HARNESS,DIBBS|SPE4A626T74Q2|5995-01-112-7018,C10,Harnesses / Cable Assemblies / Box Builds,WIRING HARNESS,WIRING HARNESS,False,adjacent,,"DIBBS RFQ Text Search result, AMSC field, retrieved 20260930T163353Z",past deadline
SPE4A626T69S4,6150-01-288-9983,SPE4A626T69S4,05-22-2026,05-29-2026,2026-08-21 02:41:27,Origin,Origin,Tech,7016878816,https://dibbs2.bsm.dla.mil/Downloads/RFQ/4/SPE4A626T69S4.PDF,https://www.dibbs.bsm.dla.mil/RFQ/RFQRec.aspx?sn=SPE4A626T69S4,https://www.dibbs.bsm.dla.mil/rfq/rfqrec.aspx?sn=SPE4A626T69S4,HARNESS,3,20260930T163353Z,6150-01-288-9983,"WIRING HARNESS,BRAN",G,334419,4.0,,,2026-05-22,2026-05-29,HARNESS,DIBBS|SPE4A626T69S4|6150-01-288-9983,C10,Harnesses / Cable Assemblies / Box Builds,WIRING HARNESS,WIRING HARNESS,False,adjacent,,"DIBBS RFQ Text Search result, AMSC field, retrieved 20260930T163353Z",past deadline
SPE4A626T621J,6150-01-610-6408,SPE4A626T621J,02-03-2026,02-10-2026,2026-08-21 02:41:27,Origin,Origin,Tech,7015213350,https://dibbs2.bsm.dla.mil/Downloads/RFQ/J/SPE4A626T621J.PDF,https://www.dibbs.bsm.dla.mil/RFQ/RFQRec.aspx?sn=SPE4A626T621J,https://www.dibbs.bsm.dla.mil/rfq/rfqrec.aspx?sn=SPE4A626T621J,HARNESS,3,20260930T163353Z,6150-01-610-6408,"WIRING HARNESS,BRAN",G,334419,4.0,,,2026-02-03,2026-02-10,HARNESS,DIBBS|SPE4A626T621J|6150-01-610-6408,C10,Harnesses / Cable Assemblies / Box Builds,WIRING HARNESS,WIRING HARNESS,False,adjacent,,"DIBBS RFQ Text Search result, AMSC field, retrieved 20260930T163353Z",past deadline
SPE4A626T12CU,6150-01-568-9945,SPE4A626T12CU,08-05-2026,08-12-2026,2026-08-21 02:41:27,Origin,Destination,Tech,7017741924,https://dibbs2.bsm.dla.mil/Downloads/RFQ/U/SPE4A626T12CU.PDF,https://www.dibbs.bsm.dla.mil/RFQ/RFQRec.aspx?sn=SPE4A626T12CU,https://www.dibbs.bsm.dla.mil/rfq/rfqrec.aspx?sn=SPE4A626T12CU,HARNESS,3,20260930T163353Z,6150-01-568-9945,WIRING HARNESS,G,334419,8.0,,,2026-08-05,2026-08-12,HARNESS,DIBBS|SPE4A626T12CU|6150-01-568-9945,C10,Harnesses / Cable Assemblies / Box Builds,WIRING HARNESS,WIRING HARNESS,False,adjacent,,"DIBBS RFQ Text Search result, AMSC field, retrieved 20260930T163353Z",past deadline
SPE4A626T10DZ,6150-01-315-3987,SPE4A626T10DZ,07-29-2026,08-05-2026,2026-08-21 02:41:27,Origin,Origin,Tech,7017662722,https://dibbs2.bsm.dla.mil/Downloads/RFQ/Z/SPE4A626T10DZ.PDF,https://www.dibbs.bsm.dla.mil/RFQ/RFQRec.aspx?sn=SPE4A626T10DZ,https://www.dibbs.bsm.dla.mil/rfq/rfqrec.aspx?sn=SPE4A626T10DZ,HARNESS,3,20260930T163353Z,6150-01-315-3987,"WIRING HARNESS,BRANCHE",G,334419,12.0,,,2026-07-29,2026-08-05,HARNESS,DIBBS|SPE4A626T10DZ|6150-01-315-3987,C10,Harnesses / Cable Assemblies / Box Builds,WIRING HARNESS,WIRING HARNESS,False,adjacent,,"DIBBS RFQ Text Search result, AMSC field, retrieved 20260930T163353Z",past deadline
SPE4A626T08VN,5995-01-579-3007,SPE4A626T08VN,07-22-2026,07-29-2026,2026-08-21 02:41:27,Origin,Origin,Tech,7017571644,https://dibbs2.bsm.dla.mil/Downloads/RFQ/N/SPE4A626T08VN.PDF,https://www.dibbs.bsm.dla.mil/RFQ/RFQRec.aspx?sn=SPE4A626T08VN,https://www.dibbs.bsm.dla.mil/rfq/rfqrec.aspx?sn=SPE4A626T08VN,HARNESS,3,20260930T163353Z,5995-01-579-3007,WIRING HARNESS,G,444180,19.0,,,2026-07-22,2026-07-29,HARNESS,DIBBS|SPE4A626T08VN|5995-01-579-3007,C10,Harnesses / Cable Assemblies / Box Builds,WIRING HARNESS,WIRING HARNESS,False,adjacent,,"DIBBS RFQ Text Search result, AMSC field, retrieved 20260930T163353Z",past deadline
SPE4A726T262A,6150-01-365-5548,SPE4A726T262A,04-17-2026,04-24-2026,2026-08-21 02:41:27,Origin,Origin,Tech,7016337538,https://dibbs2.bsm.dla.mil/Downloads/RFQ/A/SPE4A726T262A.PDF,https://www.dibbs.bsm.dla.mil/RFQ/RFQRec.aspx?sn=SPE4A726T262A,https://www.dibbs.bsm.dla.mil/rfq/rfqrec.aspx?sn=SPE4A726T262A,HARNESS,3,20260930T163353Z,6150-01-365-5548,"WIRING HARNESS,BRAN",G,334419,21.0,,,2026-04-17,2026-04-24,HARNESS,DIBBS|SPE4A726T262A|6150-01-365-5548,C10,Harnesses / Cable Assemblies / Box Builds,WIRING HARNESS,WIRING HARNESS,False,adjacent,,"DIBBS RFQ Text Search result, AMSC field, retrieved 20260930T163353Z",past deadline
SPE4A726T111C,5995-01-676-3451,SPE4A726T111C,03-18-2026,03-25-2026,2026-08-21 02:41:27,Destination,Destination,Tech,7015876812,https://dibbs2.bsm.dla.mil/Downloads/RFQ/C/SPE4A726T111C.PDF,https://www.dibbs.bsm.dla.mil/RFQ/RFQRec.aspx?sn=SPE4A726T111C,https://www.dibbs.bsm.dla.mil/rfq/rfqrec.aspx?sn=SPE4A726T111C,HARNESS,4,20260930T163410Z,5995-01-676-3451,"WIRING HARNESS,BRAN",G,335931,1.0,,,2026-03-18,2026-03-25,HARNESS,DIBBS|SPE4A726T111C|5995-01-676-3451,C10,Harnesses / Cable Assemblies / Box Builds,WIRING HARNESS,WIRING HARNESS,False,adjacent,,"DIBBS RFQ Text Search result, AMSC field, retrieved 20260930T163410Z",past deadline
SPE4A726T103R,6150-01-681-9956,SPE4A726T103R,03-18-2026,03-25-2026,2026-08-21 02:41:27,Origin,Origin,Tech,7015956152,https://dibbs2.bsm.dla.mil/Downloads/RFQ/R/SPE4A726T103R.PDF,https://www.dibbs.bsm.dla.mil/RFQ/RFQRec.aspx?sn=SPE4A726T103R,https://www.dibbs.bsm.dla.mil/rfq/rfqrec.aspx?sn=SPE4A726T103R,HARNESS,4,20260930T163410Z,6150-01-681-9956,"WIRING HARNESS,BRAN",G,335311,2.0,,,2026-03-18,2026-03-25,HARNESS,DIBBS|SPE4A726T103R|6150-01-681-9956,C10,Harnesses / Cable Assemblies / Box Builds,WIRING HARNESS,WIRING HARNESS,False,adjacent,,"DIBBS RFQ Text Search result, AMSC field, retrieved 20260930T163410Z",past deadline
SPE4A626U2555,5995-01-705-9028,SPE4A626U2555,04-09-2026,04-28-2026,2026-08-21 02:41:27,Origin,Destination,Tech,1000229518,https://dibbs2.bsm.dla.mil/Downloads/RFQ/5/SPE4A626U2555.PDF,https://www.dibbs.bsm.dla.mil/RFQ/RFQRec.aspx?sn=SPE4A626U2555,https://www.dibbs.bsm.dla.mil/rfq/rfqrec.aspx?sn=SPE4A626U2555,HARNESS,4,20260930T163410Z,5995-01-705-9028,WIRING HARNESS,G,335931,1.0,,,2026-04-09,2026-04-28,HARNESS,DIBBS|SPE4A626U2555|5995-01-705-9028,C10,Harnesses / Cable Assemblies / Box Builds,WIRING HARNESS,WIRING HARNESS,False,adjacent,,"DIBBS RFQ Text Search result, AMSC field, retrieved 20260930T163410Z",past deadline
SPE4A626T95N8,6150-01-462-5018,SPE4A626T95N8,06-17-2026,06-24-2026,2026-08-21 02:41:27,Origin,Origin,Tech,7017200602,https://dibbs2.bsm.dla.mil/Downloads/RFQ/8/SPE4A626T95N8.PDF,https://www.dibbs.bsm.dla.mil/RFQ/RFQRec.aspx?sn=SPE4A626T95N8,https://www.dibbs.bsm.dla.mil/rfq/rfqrec.aspx?sn=SPE4A626T95N8,HARNESS,4,20260930T163410Z,6150-01-462-5018,"WIRING HARNESS,BRAN",G,334419,1.0,,,2026-06-17,2026-06-24,HARNESS,DIBBS|SPE4A626T95N8|6150-01-462-5018,C10,Harnesses / Cable Assemblies / Box Builds,WIRING HARNESS,WIRING HARNESS,False,adjacent,,"DIBBS RFQ Text Search result, AMSC field, retrieved 20260930T163410Z",past deadline
SPE4A626T831M,5995-01-579-3004,SPE4A626T831M,02-26-2026,03-05-2026,2026-08-21 02:41:27,Origin,Origin,Tech,7015657021,https://dibbs2.bsm.dla.mil/Downloads/RFQ/M/SPE4A626T831M.PDF,https://www.dibbs.bsm.dla.mil/RFQ/RFQRec.aspx?sn=SPE4A626T831M,https://www.dibbs.bsm.dla.mil/rfq/rfqrec.aspx?sn=SPE4A626T831M,HARNESS,4,20260930T163410Z,5995-01-579-3004,WIRING HARNESS,G,334419,4.0,,,2026-02-26,2026-03-05,HARNESS,DIBBS|SPE4A626T831M|5995-01-579-3004,C10,Harnesses / Cable Assemblies / Box Builds,WIRING HARNESS,WIRING HARNESS,False,adjacent,,"DIBBS RFQ Text Search result, AMSC field, retrieved 20260930T163410Z",past deadline
SPE4A626T81P6,6150-01-165-5659,SPE4A626T81P6,06-05-2026,06-12-2026,2026-08-21 02:41:27,Origin,Origin,Tech,7017060369,https://dibbs2.bsm.dla.mil/Downloads/RFQ/6/SPE4A626T81P6.PDF,https://www.dibbs.bsm.dla.mil/RFQ/RFQRec.aspx?sn=SPE4A626T81P6,https://www.dibbs.bsm.dla.mil/rfq/rfqrec.aspx?sn=SPE4A626T81P6,HARNESS,4,20260930T163410Z,6150-01-165-5659,"WIRING HARNESS,BRAN",G,334419,17.0,,,2026-06-05,2026-06-12,HARNESS,DIBBS|SPE4A626T81P6|6150-01-165-5659,C10,Harnesses / Cable Assemblies / Box Builds,WIRING HARNESS,WIRING HARNESS,False,adjacent,,"DIBBS RFQ Text Search result, AMSC field, retrieved 20260930T163410Z",past deadline
SPE4A626T52M5,6150-01-577-4716,SPE4A626T52M5,05-13-2026,05-20-2026,2026-08-21 02:41:27,Origin,Origin,Tech,7016753168,https://dibbs2.bsm.dla.mil/Downloads/RFQ/5/SPE4A626T52M5.PDF,https://www.dibbs.bsm.dla.mil/RFQ/RFQRec.aspx?sn=SPE4A626T52M5,https://www.dibbs.bsm.dla.mil/rfq/rfqrec.aspx?sn=SPE4A626T52M5,HARNESS,4,20260930T163410Z,6150-01-577-4716,"WIRING HARNESS,BRAN",G,334419,22.0,,,2026-05-13,2026-05-20,HARNESS,DIBBS|SPE4A626T52M5|6150-01-577-4716,C10,Harnesses / Cable Assemblies / Box Builds,WIRING HARNESS,WIRING HARNESS,False,adjacent,,"DIBBS RFQ Text Search result, AMSC field, retrieved 20260930T163410Z",past deadline
SPE4A626T491G,6150-01-504-8164,SPE4A626T491G,01-14-2026,01-21-2026,2026-08-21 02:41:27,Origin,Origin,Tech,7015050348,https://dibbs2.bsm.dla.mil/Downloads/RFQ/G/SPE4A626T491G.PDF,https://www.dibbs.bsm.dla.mil/RFQ/RFQRec.aspx?sn=SPE4A626T491G,https://www.dibbs.bsm.dla.mil/rfq/rfqrec.aspx?sn=SPE4A626T491G,HARNESS,4,20260930T163410Z,6150-01-504-8164,"WIRING HARNESS,BRAN",G,334419,15.0,,,2026-01-14,2026-01-21,HARNESS,DIBBS|SPE4A626T491G|6150-01-504-8164,C10,Harnesses / Cable Assemblies / Box Builds,WIRING HARNESS,WIRING HARNESS,False,adjacent,,"DIBBS RFQ Text Search result, AMSC field, retrieved 20260930T163410Z",past deadline
SPE4A626T36G0,6150-01-392-0062,SPE4A626T36G0,04-27-2026,05-04-2026,2026-08-21 02:41:27,Origin,Origin,Tech,7016439220,https://dibbs2.bsm.dla.mil/Downloads/RFQ/0/SPE4A626T36G0.PDF,https://www.dibbs.bsm.dla.mil/RFQ/RFQRec.aspx?sn=SPE4A626T36G0,https://www.dibbs.bsm.dla.mil/rfq/rfqrec.aspx?sn=SPE4A626T36G0,HARNESS,4,20260930T163410Z,6150-01-392-0062,"WIRING HARNESS,BRAN",G,334419,11.0,,,2026-04-27,2026-05-04,HARNESS,DIBBS|SPE4A626T36G0|6150-01-392-0062,C10,Harnesses / Cable Assemblies / Box Builds,WIRING HARNESS,WIRING HARNESS,False,adjacent,,"DIBBS RFQ Text Search result, AMSC field, retrieved 20260930T163410Z",past deadline
SPE4A626T15YM,6150-01-451-1102,SPE4A626T15YM,08-13-2026,08-20-2026,2026-08-21 02:41:27,Origin,Origin,Tech,7016753861,https://dibbs2.bsm.dla.mil/Downloads/RFQ/M/SPE4A626T15YM.PDF,https://www.dibbs.bsm.dla.mil/RFQ/RFQRec.aspx?sn=SPE4A626T15YM,https://www.dibbs.bsm.dla.mil/rfq/rfqrec.aspx?sn=SPE4A626T15YM,HARNESS,4,20260930T163410Z,6150-01-451-1102,WIRING HARNESS,G,334419,22.0,,,2026-08-13,2026-08-20,HARNESS,DIBBS|SPE4A626T15YM|6150-01-451-1102,C10,Harnesses / Cable Assemblies / Box Builds,WIRING HARNESS,WIRING HARNESS,False,adjacent,,"DIBBS RFQ Text Search result, AMSC field, retrieved 20260930T163410Z",past deadline
SPE4A626T13PV,6150-01-607-6612,SPE4A626T13PV,08-06-2026,08-18-2026,2026-08-21 02:41:27,Origin,Origin,Tech,7017695697,https://dibbs2.bsm.dla.mil/Downloads/RFQ/V/SPE4A626T13PV.PDF,https://www.dibbs.bsm.dla.mil/RFQ/RFQRec.aspx?sn=SPE4A626T13PV,https://www.dibbs.bsm.dla.mil/rfq/rfqrec.aspx?sn=SPE4A626T13PV,HARNESS,4,20260930T163410Z,6150-01-607-6612,"WIRING HARNESS,BRANCHE",G,334419,2.0,,,2026-08-06,2026-08-18,HARNESS,DIBBS|SPE4A626T13PV|6150-01-607-6612,C10,Harnesses / Cable Assemblies / Box Builds,WIRING HARNESS,WIRING HARNESS,False,adjacent,,"DIBBS RFQ Text Search result, AMSC field, retrieved 20260930T163410Z",past deadline
SPE4A626T09KX,5995-01-651-8578,SPE4A626T09KX,07-24-2026,07-31-2026,2026-08-21 02:41:27,Origin,Origin,Tech,7016048839,https://dibbs2.bsm.dla.mil/Downloads/RFQ/X/SPE4A626T09KX.PDF,https://www.dibbs.bsm.dla.mil/RFQ/RFQRec.aspx?sn=SPE4A626T09KX,https://www.dibbs.bsm.dla.mil/rfq/rfqrec.aspx?sn=SPE4A626T09KX,HARNESS,4,20260930T163410Z,5995-01-651-8578,"WIRING HARNESS,BRANCHE",G,335931,2.0,,,2026-07-24,2026-07-31,HARNESS,DIBBS|SPE4A626T09KX|5995-01-651-8578,C10,Harnesses / Cable Assemblies / Box Builds,WIRING HARNESS,WIRING HARNESS,False,adjacent,,"DIBBS RFQ Text Search result, AMSC field, retrieved 20260930T163410Z",past deadline
SPE4A626T07KK,6150-01-674-4580,SPE4A626T07KK,07-17-2026,07-24-2026,2026-08-21 02:41:27,Origin,Origin,Tech,7017487649,https://dibbs2.bsm.dla.mil/Downloads/RFQ/K/SPE4A626T07KK.PDF,https://www.dibbs.bsm.dla.mil/RFQ/RFQRec.aspx?sn=SPE4A626T07KK,https://www.dibbs.bsm.dla.mil/rfq/rfqrec.aspx?sn=SPE4A626T07KK,HARNESS,4,20260930T163410Z,6150-01-674-4580,"WIRING HARNESS,BRANCHE",G,335311,12.0,,,2026-07-17,2026-07-24,HARNESS,DIBBS|SPE4A626T07KK|6150-01-674-4580,C10,Harnesses / Cable Assemblies / Box Builds,WIRING HARNESS,WIRING HARNESS,False,adjacent,,"DIBBS RFQ Text Search result, AMSC field, retrieved 20260930T163410Z",past deadline
SPE4A726T620R,1680-00-610-9059,SPE4A726T620R,08-06-2026,08-13-2026,2026-08-21 02:41:27,Origin,Origin,Tech,7017409180,https://dibbs2.bsm.dla.mil/Downloads/RFQ/R/SPE4A726T620R.PDF,https://www.dibbs.bsm.dla.mil/RFQ/RFQRec.aspx?sn=SPE4A726T620R,https://www.dibbs.bsm.dla.mil/rfq/rfqrec.aspx?sn=SPE4A726T620R,HARNESS,4,20260930T163410Z,1680-00-610-9059,"HARNESS ASSY,CREW B",G,336413,20.0,,,2026-08-06,2026-08-13,HARNESS,DIBBS|SPE4A726T620R|1680-00-610-9059,C10,Harnesses / Cable Assemblies / Box Builds,HARNESS ASSEMBLY,HARNESS ASSEMBLY,False,adjacent,,"DIBBS RFQ Text Search result, AMSC field, retrieved 20260930T163410Z",past deadline
SPE4A626T03WD,6150-01-465-7759,SPE4A626T03WD,07-08-2026,07-15-2026,2026-08-21 02:41:27,Origin,Origin,Tech,7017408410,https://dibbs2.bsm.dla.mil/Downloads/RFQ/D/SPE4A626T03WD.PDF,https://www.dibbs.bsm.dla.mil/RFQ/RFQRec.aspx?sn=SPE4A626T03WD,https://www.dibbs.bsm.dla.mil/rfq/rfqrec.aspx?sn=SPE4A626T03WD,HARNESS,4,20260930T163410Z,6150-01-465-7759,"WIRING HARNESS,BRAN",G,334419,13.0,,,2026-07-08,2026-07-15,HARNESS,DIBBS|SPE4A626T03WD|6150-01-465-7759,C10,Harnesses / Cable Assemblies / Box Builds,WIRING HARNESS,WIRING HARNESS,False,adjacent,,"DIBBS RFQ Text Search result, AMSC field, retrieved 20260930T163410Z",past deadline
SPE4A626T60Q5,6150-01-680-2759,SPE4A626T60Q5,05-19-2026,05-26-2026,2026-08-21 02:41:27,Origin,Origin,Tech,7016438543,https://dibbs2.bsm.dla.mil/Downloads/RFQ/5/SPE4A626T60Q5.PDF,https://www.dibbs.bsm.dla.mil/RFQ/RFQRec.aspx?sn=SPE4A626T60Q5,https://www.dibbs.bsm.dla.mil/rfq/rfqrec.aspx?sn=SPE4A626T60Q5,HARNESS,4,20260930T163410Z,6150-01-680-2759,"WIRING HARNESS,BRAN",G,335311,2.0,,,2026-05-19,2026-05-26,HARNESS,DIBBS|SPE4A626T60Q5|6150-01-680-2759,C10,Harnesses / Cable Assemblies / Box Builds,WIRING HARNESS,WIRING HARNESS,False,adjacent,,"DIBBS RFQ Text Search result, AMSC field, retrieved 20260930T163410Z",past deadline
SPE4A626T57H3,6150-00-415-2879,SPE4A626T57H3,05-15-2026,05-22-2026,2026-08-21 02:41:27,Origin,Origin,Tech,7015537819,https://dibbs2.bsm.dla.mil/Downloads/RFQ/3/SPE4A626T57H3.PDF,https://www.dibbs.bsm.dla.mil/RFQ/RFQRec.aspx?sn=SPE4A626T57H3,https://www.dibbs.bsm.dla.mil/rfq/rfqrec.aspx?sn=SPE4A626T57H3,HARNESS,4,20260930T163410Z,6150-00-415-2879,"WIRING HARNESS,BRAN",G,334419,3.0,,,2026-05-15,2026-05-22,HARNESS,DIBBS|SPE4A626T57H3|6150-00-415-2879,C10,Harnesses / Cable Assemblies / Box Builds,WIRING HARNESS,WIRING HARNESS,False,adjacent,,"DIBBS RFQ Text Search result, AMSC field, retrieved 20260930T163410Z",past deadline
SPE4A626T571K,6150-01-492-4611,SPE4A626T571K,01-26-2026,02-02-2026,2026-08-21 02:41:27,Origin,Origin,Tech,7015211921,https://dibbs2.bsm.dla.mil/Downloads/RFQ/K/SPE4A626T571K.PDF,https://www.dibbs.bsm.dla.mil/RFQ/RFQRec.aspx?sn=SPE4A626T571K,https://www.dibbs.bsm.dla.mil/rfq/rfqrec.aspx?sn=SPE4A626T571K,HARNESS,4,20260930T163410Z,6150-01-492-4611,"WIRING HARNESS,BRANCHE",G,334419,9.0,,,2026-01-26,2026-02-02,HARNESS,DIBBS|SPE4A626T571K|6150-01-492-4611,C10,Harnesses / Cable Assemblies / Box Builds,WIRING HARNESS,WIRING HARNESS,False,adjacent,,"DIBBS RFQ Text Search result, AMSC field, retrieved 20260930T163410Z",past deadline
SPE4A626T15VS,6150-01-406-8166,SPE4A626T15VS,08-13-2026,08-20-2026,2026-08-21 02:41:27,Origin,Origin,Tech,7017838785,https://dibbs2.bsm.dla.mil/Downloads/RFQ/S/SPE4A626T15VS.PDF,https://www.dibbs.bsm.dla.mil/RFQ/RFQRec.aspx?sn=SPE4A626T15VS,https://www.dibbs.bsm.dla.mil/rfq/rfqrec.aspx?sn=SPE4A626T15VS,HARNESS,4,20260930T163410Z,6150-01-406-8166,"WIRING HARNESS,BRANCHE",G,334419,51.0,,,2026-08-13,2026-08-20,HARNESS,DIBBS|SPE4A626T15VS|6150-01-406-8166,C10,Harnesses / Cable Assemblies / Box Builds,WIRING HARNESS,WIRING HARNESS,False,adjacent,,"DIBBS RFQ Text Search result, AMSC field, retrieved 20260930T163410Z",past deadline
SPE4A626T12FM,6150-01-674-5930,SPE4A626T12FM,08-05-2026,08-12-2026,2026-08-21 02:41:27,Origin,Origin,Tech,7017740968,https://dibbs2.bsm.dla.mil/Downloads/RFQ/M/SPE4A626T12FM.PDF,https://www.dibbs.bsm.dla.mil/RFQ/RFQRec.aspx?sn=SPE4A626T12FM,https://www.dibbs.bsm.dla.mil/rfq/rfqrec.aspx?sn=SPE4A626T12FM,HARNESS,4,20260930T163410Z,6150-01-674-5930,"WIRING HARNESS,BRANCHE",G,335311,13.0,,,2026-08-05,2026-08-12,HARNESS,DIBBS|SPE4A626T12FM|6150-01-674-5930,C10,Harnesses / Cable Assemblies / Box Builds,WIRING HARNESS,WIRING HARNESS,False,adjacent,,"DIBBS RFQ Text Search result, AMSC field, retrieved 20260930T163410Z",past deadline
SPE4A626T11CA,6150-01-144-8900,SPE4A626T11CA,08-03-2026,08-10-2026,2026-08-21 02:41:27,Origin,Origin,Tech,7017697267,https://dibbs2.bsm.dla.mil/Downloads/RFQ/A/SPE4A626T11CA.PDF,https://www.dibbs.bsm.dla.mil/RFQ/RFQRec.aspx?sn=SPE4A626T11CA,https://www.dibbs.bsm.dla.mil/rfq/rfqrec.aspx?sn=SPE4A626T11CA,HARNESS,4,20260930T163410Z,6150-01-144-8900,"WIRING HARNESS,BRANCHE",G,332510,6.0,,,2026-08-03,2026-08-10,HARNESS,DIBBS|SPE4A626T11CA|6150-01-144-8900,C10,Harnesses / Cable Assemblies / Box Builds,WIRING HARNESS,WIRING HARNESS,False,adjacent,,"DIBBS RFQ Text Search result, AMSC field, retrieved 20260930T163410Z",past deadline
SPE4A626T10XZ,6150-01-588-3131,SPE4A626T10XZ,07-31-2026,08-07-2026,2026-08-21 02:41:27,Origin,Origin,Tech,7017696977,https://dibbs2.bsm.dla.mil/Downloads/RFQ/Z/SPE4A626T10XZ.PDF,https://www.dibbs.bsm.dla.mil/RFQ/RFQRec.aspx?sn=SPE4A626T10XZ,https://www.dibbs.bsm.dla.mil/rfq/rfqrec.aspx?sn=SPE4A626T10XZ,HARNESS,4,20260930T163410Z,6150-01-588-3131,"WIRING HARNESS,BRANCHE",G,334419,2.0,,,2026-07-31,2026-08-07,HARNESS,DIBBS|SPE4A626T10XZ|6150-01-588-3131,C10,Harnesses / Cable Assemblies / Box Builds,WIRING HARNESS,WIRING HARNESS,False,adjacent,,"DIBBS RFQ Text Search result, AMSC field, retrieved 20260930T163410Z",past deadline
SPE4A726T188B,5995-01-674-1507,SPE4A726T188B,04-02-2026,04-09-2026,2026-08-21 02:41:27,Origin,Origin,Tech,7015658490,https://dibbs2.bsm.dla.mil/Downloads/RFQ/B/SPE4A726T188B.PDF,https://www.dibbs.bsm.dla.mil/RFQ/RFQRec.aspx?sn=SPE4A726T188B,https://www.dibbs.bsm.dla.mil/rfq/rfqrec.aspx?sn=SPE4A726T188B,HARNESS,4,20260930T163410Z,5995-01-674-1507,"WIRING HARNESS,BRAN",G,335931,14.0,,,2026-04-02,2026-04-09,HARNESS,DIBBS|SPE4A726T188B|5995-01-674-1507,C10,Harnesses / Cable Assemblies / Box Builds,WIRING HARNESS,WIRING HARNESS,False,adjacent,,"DIBBS RFQ Text Search result, AMSC field, retrieved 20260930T163410Z",past deadline
SPE4A726T026V,5995-01-702-0466,SPE4A726T026V,02-27-2026,03-06-2026,2026-08-21 02:41:27,Origin,Destination,Tech,7015689296,https://dibbs2.bsm.dla.mil/Downloads/RFQ/V/SPE4A726T026V.PDF,https://www.dibbs.bsm.dla.mil/RFQ/RFQRec.aspx?sn=SPE4A726T026V,https://www.dibbs.bsm.dla.mil/rfq/rfqrec.aspx?sn=SPE4A726T026V,HARNESS,4,20260930T163410Z,5995-01-702-0466,WIRING HARNESS,G,000000,1.0,,,2026-02-27,2026-03-06,HARNESS,DIBBS|SPE4A726T026V|5995-01-702-0466,C10,Harnesses / Cable Assemblies / Box Builds,WIRING HARNESS,WIRING HARNESS,False,adjacent,,"DIBBS RFQ Text Search result, AMSC field, retrieved 20260930T163410Z",past deadline
SPE4A626T60Q7,6150-01-506-7477,SPE4A626T60Q7,05-19-2026,05-26-2026,2026-08-21 02:41:27,Origin,Origin,Tech,7016244096,https://dibbs2.bsm.dla.mil/Downloads/RFQ/7/SPE4A626T60Q7.PDF,https://www.dibbs.bsm.dla.mil/RFQ/RFQRec.aspx?sn=SPE4A626T60Q7,https://www.dibbs.bsm.dla.mil/rfq/rfqrec.aspx?sn=SPE4A626T60Q7,HARNESS,4,20260930T163410Z,6150-01-506-7477,WIRING HARNESS,G,334419,15.0,,,2026-05-19,2026-05-26,HARNESS,DIBBS|SPE4A626T60Q7|6150-01-506-7477,C10,Harnesses / Cable Assemblies / Box Builds,WIRING HARNESS,WIRING HARNESS,False,adjacent,,"DIBBS RFQ Text Search result, AMSC field, retrieved 20260930T163410Z",past deadline
SPE4A626T571P,6150-01-319-2630,SPE4A626T571P,01-26-2026,02-02-2026,2026-08-21 02:41:27,Origin,Origin,Tech,7015246467,https://dibbs2.bsm.dla.mil/Downloads/RFQ/P/SPE4A626T571P.PDF,https://www.dibbs.bsm.dla.mil/RFQ/RFQRec.aspx?sn=SPE4A626T571P,https://www.dibbs.bsm.dla.mil/rfq/rfqrec.aspx?sn=SPE4A626T571P,HARNESS,4,20260930T163410Z,6150-01-319-2630,"WIRING HARNESS,BRAN",G,334419,26.0,,,2026-01-26,2026-02-02,HARNESS,DIBBS|SPE4A626T571P|6150-01-319-2630,C10,Harnesses / Cable Assemblies / Box Builds,WIRING HARNESS,WIRING HARNESS,False,adjacent,,"DIBBS RFQ Text Search result, AMSC field, retrieved 20260930T163410Z",past deadline
SPE4A626T488Y,6150-01-579-5463,SPE4A626T488Y,01-14-2026,01-21-2026,2026-08-21 02:41:27,Origin,Origin,Tech,7015054119,https://dibbs2.bsm.dla.mil/Downloads/RFQ/Y/SPE4A626T488Y.PDF,https://www.dibbs.bsm.dla.mil/RFQ/RFQRec.aspx?sn=SPE4A626T488Y,https://www.dibbs.bsm.dla.mil/rfq/rfqrec.aspx?sn=SPE4A626T488Y,HARNESS,4,20260930T163410Z,6150-01-579-5463,WIRING HARNESS,G,335999,10.0,,,2026-01-14,2026-01-21,HARNESS,DIBBS|SPE4A626T488Y|6150-01-579-5463,C10,Harnesses / Cable Assemblies / Box Builds,WIRING HARNESS,WIRING HARNESS,False,adjacent,,"DIBBS RFQ Text Search result, AMSC field, retrieved 20260930T163410Z",past deadline
SPE4A626T41C0,5995-01-702-1568,SPE4A626T41C0,05-04-2026,05-14-2026,2026-08-21 02:41:27,Origin,Origin,Tech,7015905833,https://dibbs2.bsm.dla.mil/Downloads/RFQ/0/SPE4A626T41C0.PDF,https://www.dibbs.bsm.dla.mil/RFQ/RFQRec.aspx?sn=SPE4A626T41C0,https://www.dibbs.bsm.dla.mil/rfq/rfqrec.aspx?sn=SPE4A626T41C0,HARNESS,4,20260930T163410Z,5995-01-702-1568,WIRING HARNESS,G,335931,1.0,,,2026-05-04,2026-05-14,HARNESS,DIBBS|SPE4A626T41C0|5995-01-702-1568,C10,Harnesses / Cable Assemblies / Box Builds,WIRING HARNESS,WIRING HARNESS,False,adjacent,,"DIBBS RFQ Text Search result, AMSC field, retrieved 20260930T163410Z",past deadline
SPE4A626T17KL,6150-01-104-8987,SPE4A626T17KL,08-17-2026,08-24-2026,2026-08-21 02:41:27,Origin,Destination,Tech,7017809732,https://dibbs2.bsm.dla.mil/Downloads/RFQ/L/SPE4A626T17KL.PDF,https://www.dibbs.bsm.dla.mil/RFQ/RFQRec.aspx?sn=SPE4A626T17KL,https://www.dibbs.bsm.dla.mil/rfq/rfqrec.aspx?sn=SPE4A626T17KL,HARNESS,4,20260930T163410Z,6150-01-104-8987,WIRING HARNESS,G,334419,1.0,,,2026-08-17,2026-08-24,HARNESS,DIBBS|SPE4A626T17KL|6150-01-104-8987,C10,Harnesses / Cable Assemblies / Box Builds,WIRING HARNESS,WIRING HARNESS,False,adjacent,,"DIBBS RFQ Text Search result, AMSC field, retrieved 20260930T163410Z",past deadline
SPE4A626T16LA,6150-01-717-6264,SPE4A626T16LA,08-13-2026,08-20-2026,2026-08-21 02:41:27,Origin,Origin,Tech,7017868529,https://dibbs2.bsm.dla.mil/Downloads/RFQ/A/SPE4A626T16LA.PDF,https://www.dibbs.bsm.dla.mil/RFQ/RFQRec.aspx?sn=SPE4A626T16LA,https://www.dibbs.bsm.dla.mil/rfq/rfqrec.aspx?sn=SPE4A626T16LA,HARNESS,4,20260930T163410Z,6150-01-717-6264,"WIRING HARNESS,BRAN",G,335311,8.0,,,2026-08-13,2026-08-20,HARNESS,DIBBS|SPE4A626T16LA|6150-01-717-6264,C10,Harnesses / Cable Assemblies / Box Builds,WIRING HARNESS,WIRING HARNESS,False,adjacent,,"DIBBS RFQ Text Search result, AMSC field, retrieved 20260930T163410Z",past deadline
SPE4A626T15HV,6150-01-492-1770,SPE4A626T15HV,08-12-2026,08-19-2026,2026-08-21 02:41:27,Origin,Origin,Tech,7017836899,https://dibbs2.bsm.dla.mil/Downloads/RFQ/V/SPE4A626T15HV.PDF,https://www.dibbs.bsm.dla.mil/RFQ/RFQRec.aspx?sn=SPE4A626T15HV,https://www.dibbs.bsm.dla.mil/rfq/rfqrec.aspx?sn=SPE4A626T15HV,HARNESS,4,20260930T163410Z,6150-01-492-1770,WIRING HARNESS,G,334419,56.0,,,2026-08-12,2026-08-19,HARNESS,DIBBS|SPE4A626T15HV|6150-01-492-1770,C10,Harnesses / Cable Assemblies / Box Builds,WIRING HARNESS,WIRING HARNESS,False,adjacent,,"DIBBS RFQ Text Search result, AMSC field, retrieved 20260930T163410Z",past deadline
SPE4A626T12HY,6150-01-674-2839,SPE4A626T12HY,08-05-2026,08-12-2026,2026-08-21 02:41:27,Origin,Origin,Tech,7017741005,https://dibbs2.bsm.dla.mil/Downloads/RFQ/Y/SPE4A626T12HY.PDF,https://www.dibbs.bsm.dla.mil/RFQ/RFQRec.aspx?sn=SPE4A626T12HY,https://www.dibbs.bsm.dla.mil/rfq/rfqrec.aspx?sn=SPE4A626T12HY,HARNESS,4,20260930T163410Z,6150-01-674-2839,"WIRING HARNESS,BRANCHE",G,335311,5.0,,,2026-08-05,2026-08-12,HARNESS,DIBBS|SPE4A626T12HY|6150-01-674-2839,C10,Harnesses / Cable Assemblies / Box Builds,WIRING HARNESS,WIRING HARNESS,False,adjacent,,"DIBBS RFQ Text Search result, AMSC field, retrieved 20260930T163410Z",past deadline
SPE4A626T05UF,6150-01-406-8168,SPE4A626T05UF,07-14-2026,07-21-2026,2026-08-21 02:41:27,Origin,Origin,Tech,7017409391,https://dibbs2.bsm.dla.mil/Downloads/RFQ/F/SPE4A626T05UF.PDF,https://www.dibbs.bsm.dla.mil/RFQ/RFQRec.aspx?sn=SPE4A626T05UF,https://www.dibbs.bsm.dla.mil/rfq/rfqrec.aspx?sn=SPE4A626T05UF,HARNESS,4,20260930T163410Z,6150-01-406-8168,"WIRING HARNESS,BRANCHE",G,334419,30.0,,,2026-07-14,2026-07-21,HARNESS,DIBBS|SPE4A626T05UF|6150-01-406-8168,C10,Harnesses / Cable Assemblies / Box Builds,WIRING HARNESS,WIRING HARNESS,False,adjacent,,"DIBBS RFQ Text Search result, AMSC field, retrieved 20260930T163410Z",past deadline
SPE4A726T111V,5995-01-481-2362,SPE4A726T111V,03-18-2026,03-25-2026,2026-08-21 02:41:27,Origin,Origin,Tech,7015954846,https://dibbs2.bsm.dla.mil/Downloads/RFQ/V/SPE4A726T111V.PDF,https://www.dibbs.bsm.dla.mil/RFQ/RFQRec.aspx?sn=SPE4A726T111V,https://www.dibbs.bsm.dla.mil/rfq/rfqrec.aspx?sn=SPE4A726T111V,HARNESS,5,20260930T163427Z,5995-01-481-2362,WIRING HARNESS,G,334419,17.0,,,2026-03-18,2026-03-25,HARNESS,DIBBS|SPE4A726T111V|5995-01-481-2362,C10,Harnesses / Cable Assemblies / Box Builds,WIRING HARNESS,WIRING HARNESS,False,adjacent,,"DIBBS RFQ Text Search result, AMSC field, retrieved 20260930T163427Z",past deadline
SPE4A726T061Q,6150-01-314-5230,SPE4A726T061Q,03-11-2026,03-18-2026,2026-08-21 02:41:27,Origin,Origin,Tech,7015854934,https://dibbs2.bsm.dla.mil/Downloads/RFQ/Q/SPE4A726T061Q.PDF,https://www.dibbs.bsm.dla.mil/RFQ/RFQRec.aspx?sn=SPE4A726T061Q,https://www.dibbs.bsm.dla.mil/rfq/rfqrec.aspx?sn=SPE4A726T061Q,HARNESS,5,20260930T163427Z,6150-01-314-5230,WIRING HARNESS,G,334419,34.0,,,2026-03-11,2026-03-18,HARNESS,DIBBS|SPE4A726T061Q|6150-01-314-5230,C10,Harnesses / Cable Assemblies / Box Builds,WIRING HARNESS,WIRING HARNESS,False,adjacent,,"DIBBS RFQ Text Search result, AMSC field, retrieved 20260930T163427Z",past deadline
SPE4A626T98H7,6150-01-698-8391,SPE4A626T98H7,06-22-2026,06-29-2026,2026-08-21 02:41:27,Origin,Origin,None,7017109164,https://dibbs2.bsm.dla.mil/Downloads/RFQ/7/SPE4A626T98H7.PDF,https://www.dibbs.bsm.dla.mil/RFQ/RFQRec.aspx?sn=SPE4A626T98H7,https://www.dibbs.bsm.dla.mil/rfq/rfqrec.aspx?sn=SPE4A626T98H7,HARNESS,5,20260930T163427Z,6150-01-698-8391,"WIRING HARNESS,BRAN",G,335311,1.0,,,2026-06-22,2026-06-29,HARNESS,DIBBS|SPE4A626T98H7|6150-01-698-8391,C10,Harnesses / Cable Assemblies / Box Builds,WIRING HARNESS,WIRING HARNESS,False,adjacent,,"DIBBS RFQ Text Search result, AMSC field, retrieved 20260930T163427Z",past deadline
SPE4A626T97S4,5995-01-707-5754,SPE4A626T97S4,06-18-2026,06-30-2026,2026-08-21 02:41:27,Origin,Origin,Tech,7017226376,https://dibbs2.bsm.dla.mil/Downloads/RFQ/4/SPE4A626T97S4.PDF,https://www.dibbs.bsm.dla.mil/RFQ/RFQRec.aspx?sn=SPE4A626T97S4,https://www.dibbs.bsm.dla.mil/rfq/rfqrec.aspx?sn=SPE4A626T97S4,HARNESS,5,20260930T163427Z,5995-01-707-5754,WIRING HARNESS,G,335931,6.0,,,2026-06-18,2026-06-30,HARNESS,DIBBS|SPE4A626T97S4|5995-01-707-5754,C10,Harnesses / Cable Assemblies / Box Builds,WIRING HARNESS,WIRING HARNESS,False,adjacent,,"DIBBS RFQ Text Search result, AMSC field, retrieved 20260930T163427Z",past deadline
SPE4A626T96Y4,6150-01-288-9983,SPE4A626T96Y4,06-18-2026,06-25-2026,2026-08-21 02:41:27,Origin,Origin,Tech,7017227540,https://dibbs2.bsm.dla.mil/Downloads/RFQ/4/SPE4A626T96Y4.PDF,https://www.dibbs.bsm.dla.mil/RFQ/RFQRec.aspx?sn=SPE4A626T96Y4,https://www.dibbs.bsm.dla.mil/rfq/rfqrec.aspx?sn=SPE4A626T96Y4,HARNESS,5,20260930T163427Z,6150-01-288-9983,"WIRING HARNESS,BRAN",G,334419,5.0,,,2026-06-18,2026-06-25,HARNESS,DIBBS|SPE4A626T96Y4|6150-01-288-9983,C10,Harnesses / Cable Assemblies / Box Builds,WIRING HARNESS,WIRING HARNESS,False,adjacent,,"DIBBS RFQ Text Search result, AMSC field, retrieved 20260930T163427Z",past deadline
SPE7L426T2972,2590-01-668-6993,SPE7L426T2972,03-10-2026,03-20-2026,2026-08-21 02:41:27,Origin,Origin,Tech,7015698915,https://dibbs2.bsm.dla.mil/Downloads/RFQ/2/SPE7L426T2972.PDF,https://www.dibbs.bsm.dla.mil/RFQ/RFQRec.aspx?sn=SPE7L426T2972,https://www.dibbs.bsm.dla.mil/rfq/rfqrec.aspx?sn=SPE7L426T2972,HARNESS,5,20260930T163427Z,2590-01-668-6993,"WIRING HARNESS,BRAN",G,333310,50.0,,,2026-03-10,2026-03-20,HARNESS,DIBBS|SPE7L426T2972|2590-01-668-6993,C10,Harnesses / Cable Assemblies / Box Builds,WIRING HARNESS,WIRING HARNESS,False,adjacent,,"DIBBS RFQ Text Search result, AMSC field, retrieved 20260930T163427Z",past deadline
SPE4A626T721X,5995-01-705-9028,SPE4A626T721X,02-18-2026,02-25-2026,2026-08-21 02:41:27,Origin,Destination,Tech,7015246214,https://dibbs2.bsm.dla.mil/Downloads/RFQ/X/SPE4A626T721X.PDF,https://www.dibbs.bsm.dla.mil/RFQ/RFQRec.aspx?sn=SPE4A626T721X,https://www.dibbs.bsm.dla.mil/rfq/rfqrec.aspx?sn=SPE4A626T721X,HARNESS,5,20260930T163427Z,5995-01-705-9028,WIRING HARNESS,G,000000,2.0,,,2026-02-18,2026-02-25,HARNESS,DIBBS|SPE4A626T721X|5995-01-705-9028,C10,Harnesses / Cable Assemblies / Box Builds,WIRING HARNESS,WIRING HARNESS,False,adjacent,,"DIBBS RFQ Text Search result, AMSC field, retrieved 20260930T163427Z",past deadline
SPE7L326T150D,2590-01-032-7410,SPE7L326T150D,08-06-2026,08-17-2026,2026-08-21 02:41:27,Origin,Origin,Tech,7017573895,https://dibbs2.bsm.dla.mil/Downloads/RFQ/D/SPE7L326T150D.PDF,https://www.dibbs.bsm.dla.mil/RFQ/RFQRec.aspx?sn=SPE7L326T150D,https://www.dibbs.bsm.dla.mil/rfq/rfqrec.aspx?sn=SPE7L326T150D,HARNESS,5,20260930T163427Z,2590-01-032-7410,"WIRING HARNESS,BRAN",G,336992,8.0,,,2026-08-06,2026-08-17,HARNESS,DIBBS|SPE7L326T150D|2590-01-032-7410,C10,Harnesses / Cable Assemblies / Box Builds,WIRING HARNESS,WIRING HARNESS,False,adjacent,,"DIBBS RFQ Text Search result, AMSC field, retrieved 20260930T163427Z",past deadline
SPE4A626T59Z9,6150-01-085-8169,SPE4A626T59Z9,05-19-2026,05-26-2026,2026-08-21 02:41:27,Origin,Origin,Tech,7016811358,https://dibbs2.bsm.dla.mil/Downloads/RFQ/9/SPE4A626T59Z9.PDF,https://www.dibbs.bsm.dla.mil/RFQ/RFQRec.aspx?sn=SPE4A626T59Z9,https://www.dibbs.bsm.dla.mil/rfq/rfqrec.aspx?sn=SPE4A626T59Z9,HARNESS,5,20260930T163427Z,6150-01-085-8169,"WIRING HARNESS,BRAN",G,334419,3.0,,,2026-05-19,2026-05-26,HARNESS,DIBBS|SPE4A626T59Z9|6150-01-085-8169,C10,Harnesses / Cable Assemblies / Box Builds,WIRING HARNESS,WIRING HARNESS,False,adjacent,,"DIBBS RFQ Text Search result, AMSC field, retrieved 20260930T163427Z",past deadline
SPE4A626T456Z,5995-01-621-8125,SPE4A626T456Z,01-09-2026,01-16-2026,2026-08-21 02:41:27,Origin,Origin,Tech,7014383558,https://dibbs2.bsm.dla.mil/Downloads/RFQ/Z/SPE4A626T456Z.PDF,https://www.dibbs.bsm.dla.mil/RFQ/RFQRec.aspx?sn=SPE4A626T456Z,https://www.dibbs.bsm.dla.mil/rfq/rfqrec.aspx?sn=SPE4A626T456Z,HARNESS,5,20260930T163427Z,5995-01-621-8125,"WIRING HARNESS,BRAN",G,334419,3.0,,,2026-01-09,2026-01-16,HARNESS,DIBBS|SPE4A626T456Z|5995-01-621-8125,C10,Harnesses / Cable Assemblies / Box Builds,WIRING HARNESS,WIRING HARNESS,False,adjacent,,"DIBBS RFQ Text Search result, AMSC field, retrieved 20260930T163427Z",past deadline
SPE4A626T15ZG,6150-01-280-1284,SPE4A626T15ZG,08-13-2026,08-20-2026,2026-08-21 02:41:27,Origin,Origin,Tech,7017864757,https://dibbs2.bsm.dla.mil/Downloads/RFQ/G/SPE4A626T15ZG.PDF,https://www.dibbs.bsm.dla.mil/RFQ/RFQRec.aspx?sn=SPE4A626T15ZG,https://www.dibbs.bsm.dla.mil/rfq/rfqrec.aspx?sn=SPE4A626T15ZG,HARNESS,5,20260930T163427Z,6150-01-280-1284,"WIRING HARNESS,BRAN",G,334419,2.0,,,2026-08-13,2026-08-20,HARNESS,DIBBS|SPE4A626T15ZG|6150-01-280-1284,C10,Harnesses / Cable Assemblies / Box Builds,WIRING HARNESS,WIRING HARNESS,False,adjacent,,"DIBBS RFQ Text Search result, AMSC field, retrieved 20260930T163427Z",past deadline
SPE4A626T18SA,6150-01-462-5018,SPE4A626T18SA,08-18-2026,08-25-2026,2026-08-21 02:41:27,Origin,Origin,Tech,7016753816,https://dibbs2.bsm.dla.mil/Downloads/RFQ/A/SPE4A626T18SA.PDF,https://www.dibbs.bsm.dla.mil/RFQ/RFQRec.aspx?sn=SPE4A626T18SA,https://www.dibbs.bsm.dla.mil/rfq/rfqrec.aspx?sn=SPE4A626T18SA,HARNESS,5,20260930T163427Z,6150-01-462-5018,"WIRING HARNESS,BRAN",G,334419,4.0,,,2026-08-18,2026-08-25,HARNESS,DIBBS|SPE4A626T18SA|6150-01-462-5018,C10,Harnesses / Cable Assemblies / Box Builds,WIRING HARNESS,WIRING HARNESS,False,adjacent,,"DIBBS RFQ Text Search result, AMSC field, retrieved 20260930T163427Z",past deadline
SPE4A726T095U,6150-01-667-1482,SPE4A726T095U,03-17-2026,03-24-2026,2026-08-21 02:41:27,Origin,Origin,Tech,7015765954,https://dibbs2.bsm.dla.mil/Downloads/RFQ/U/SPE4A726T095U.PDF,https://www.dibbs.bsm.dla.mil/RFQ/RFQRec.aspx?sn=SPE4A726T095U,https://www.dibbs.bsm.dla.mil/rfq/rfqrec.aspx?sn=SPE4A726T095U,HARNESS,5,20260930T163427Z,6150-01-667-1482,"WIRING HARNESS,BRAN",G,335311,1.0,,,2026-03-17,2026-03-24,HARNESS,DIBBS|SPE4A726T095U|6150-01-667-1482,C10,Harnesses / Cable Assemblies / Box Builds,WIRING HARNESS,WIRING HARNESS,False,adjacent,,"DIBBS RFQ Text Search result, AMSC field, retrieved 20260930T163427Z",past deadline
SPE4A726T043F,5995-01-197-5554,SPE4A726T043F,03-05-2026,03-17-2026,2026-08-21 02:41:27,Origin,Origin,Tech,7015746430,https://dibbs2.bsm.dla.mil/Downloads/RFQ/F/SPE4A726T043F.PDF,https://www.dibbs.bsm.dla.mil/RFQ/RFQRec.aspx?sn=SPE4A726T043F,https://www.dibbs.bsm.dla.mil/rfq/rfqrec.aspx?sn=SPE4A726T043F,HARNESS,5,20260930T163427Z,5995-01-197-5554,"WIRING HARNESS,BRAN",G,334419,17.0,,,2026-03-05,2026-03-17,HARNESS,DIBBS|SPE4A726T043F|5995-01-197-5554,C10,Harnesses / Cable Assemblies / Box Builds,WIRING HARNESS,WIRING HARNESS,False,adjacent,,"DIBBS RFQ Text Search result, AMSC field, retrieved 20260930T163427Z",past deadline
SPE4A626T95A4,6150-00-923-5966,SPE4A626T95A4,06-17-2026,06-24-2026,2026-08-21 02:41:27,Origin,Origin,Tech,7017204504,https://dibbs2.bsm.dla.mil/Downloads/RFQ/4/SPE4A626T95A4.PDF,https://www.dibbs.bsm.dla.mil/RFQ/RFQRec.aspx?sn=SPE4A626T95A4,https://www.dibbs.bsm.dla.mil/rfq/rfqrec.aspx?sn=SPE4A626T95A4,HARNESS,5,20260930T163427Z,6150-00-923-5966,WIRING HARNESS,G,334419,2.0,,,2026-06-17,2026-06-24,HARNESS,DIBBS|SPE4A626T95A4|6150-00-923-5966,C10,Harnesses / Cable Assemblies / Box Builds,WIRING HARNESS,WIRING HARNESS,False,adjacent,,"DIBBS RFQ Text Search result, AMSC field, retrieved 20260930T163427Z",past deadline
SPE4A626T69M7,6150-01-451-1108,SPE4A626T69M7,05-22-2026,05-29-2026,2026-08-21 02:41:27,Origin,Origin,Tech,7016879984,https://dibbs2.bsm.dla.mil/Downloads/RFQ/7/SPE4A626T69M7.PDF,https://www.dibbs.bsm.dla.mil/RFQ/RFQRec.aspx?sn=SPE4A626T69M7,https://www.dibbs.bsm.dla.mil/rfq/rfqrec.aspx?sn=SPE4A626T69M7,HARNESS,5,20260930T163427Z,6150-01-451-1108,WIRING HARNESS,G,334419,15.0,,,2026-05-22,2026-05-29,HARNESS,DIBBS|SPE4A626T69M7|6150-01-451-1108,C10,Harnesses / Cable Assemblies / Box Builds,WIRING HARNESS,WIRING HARNESS,False,adjacent,,"DIBBS RFQ Text Search result, AMSC field, retrieved 20260930T163427Z",past deadline
SPE4A626T613H,5995-01-678-2684,SPE4A626T613H,01-30-2026,02-06-2026,2026-08-21 02:41:27,Origin,Origin,Tech,7015246441,https://dibbs2.bsm.dla.mil/Downloads/RFQ/H/SPE4A626T613H.PDF,https://www.dibbs.bsm.dla.mil/RFQ/RFQRec.aspx?sn=SPE4A626T613H,https://www.dibbs.bsm.dla.mil/rfq/rfqrec.aspx?sn=SPE4A626T613H,HARNESS,5,20260930T163427Z,5995-01-678-2684,"WIRING HARNESS,BRAN",G,335931,17.0,,,2026-01-30,2026-02-06,HARNESS,DIBBS|SPE4A626T613H|5995-01-678-2684,C10,Harnesses / Cable Assemblies / Box Builds,WIRING HARNESS,WIRING HARNESS,False,adjacent,,"DIBBS RFQ Text Search result, AMSC field, retrieved 20260930T163427Z",past deadline
SPE4A726T042J,6150-01-239-2780,SPE4A726T042J,03-05-2026,03-12-2026,2026-08-21 02:41:27,Origin,Origin,Tech,7014631023,https://dibbs2.bsm.dla.mil/Downloads/RFQ/J/SPE4A726T042J.PDF,https://www.dibbs.bsm.dla.mil/RFQ/RFQRec.aspx?sn=SPE4A726T042J,https://www.dibbs.bsm.dla.mil/rfq/rfqrec.aspx?sn=SPE4A726T042J,HARNESS,5,20260930T163427Z,6150-01-239-2780,"WIRING HARNESS,BRAN",G,334419,2.0,,,2026-03-05,2026-03-12,HARNESS,DIBBS|SPE4A726T042J|6150-01-239-2780,C10,Harnesses / Cable Assemblies / Box Builds,WIRING HARNESS,WIRING HARNESS,False,adjacent,,"DIBBS RFQ Text Search result, AMSC field, retrieved 20260930T163427Z",past deadline
SPE4A726T022V,5995-01-707-5754,SPE4A726T022V,02-26-2026,03-10-2026,2026-08-21 02:41:27,Origin,Origin,Tech,7015689079,https://dibbs2.bsm.dla.mil/Downloads/RFQ/V/SPE4A726T022V.PDF,https://www.dibbs.bsm.dla.mil/RFQ/RFQRec.aspx?sn=SPE4A726T022V,https://www.dibbs.bsm.dla.mil/rfq/rfqrec.aspx?sn=SPE4A726T022V,HARNESS,5,20260930T163427Z,5995-01-707-5754,WIRING HARNESS,G,000000,3.0,,,2026-02-26,2026-03-10,HARNESS,DIBBS|SPE4A726T022V|5995-01-707-5754,C10,Harnesses / Cable Assemblies / Box Builds,WIRING HARNESS,WIRING HARNESS,False,adjacent,,"DIBBS RFQ Text Search result, AMSC field, retrieved 20260930T163427Z",past deadline
SPE4A626T98C4,5995-01-112-7627,SPE4A626T98C4,06-18-2026,06-25-2026,2026-08-21 02:41:27,Origin,Origin,Tech,7016990194,https://dibbs2.bsm.dla.mil/Downloads/RFQ/4/SPE4A626T98C4.PDF,https://www.dibbs.bsm.dla.mil/RFQ/RFQRec.aspx?sn=SPE4A626T98C4,https://www.dibbs.bsm.dla.mil/rfq/rfqrec.aspx?sn=SPE4A626T98C4,HARNESS,5,20260930T163427Z,5995-01-112-7627,"WIRING HARNESS,BRANCHE",G,334419,17.0,,,2026-06-18,2026-06-25,HARNESS,DIBBS|SPE4A626T98C4|5995-01-112-7627,C10,Harnesses / Cable Assemblies / Box Builds,WIRING HARNESS,WIRING HARNESS,False,adjacent,,"DIBBS RFQ Text Search result, AMSC field, retrieved 20260930T163427Z",past deadline
SPE4A626T88W2,6150-01-627-5494,SPE4A626T88W2,06-12-2026,06-22-2026,2026-08-21 02:41:27,Origin,Origin,Tech,7015501550,https://dibbs2.bsm.dla.mil/Downloads/RFQ/2/SPE4A626T88W2.PDF,https://www.dibbs.bsm.dla.mil/RFQ/RFQRec.aspx?sn=SPE4A626T88W2,https://www.dibbs.bsm.dla.mil/rfq/rfqrec.aspx?sn=SPE4A626T88W2,HARNESS,5,20260930T163427Z,6150-01-627-5494,"WIRING HARNESS,BRAN",G,334419,2.0,,,2026-06-12,2026-06-22,HARNESS,DIBBS|SPE4A626T88W2|6150-01-627-5494,C10,Harnesses / Cable Assemblies / Box Builds,WIRING HARNESS,WIRING HARNESS,False,adjacent,,"DIBBS RFQ Text Search result, AMSC field, retrieved 20260930T163427Z",past deadline
SPE4A626T81V8,6150-01-672-0227,SPE4A626T81V8,06-08-2026,06-15-2026,2026-08-21 02:41:27,Origin,Origin,Tech,7016849239,https://dibbs2.bsm.dla.mil/Downloads/RFQ/8/SPE4A626T81V8.PDF,https://www.dibbs.bsm.dla.mil/RFQ/RFQRec.aspx?sn=SPE4A626T81V8,https://www.dibbs.bsm.dla.mil/rfq/rfqrec.aspx?sn=SPE4A626T81V8,HARNESS,5,20260930T163427Z,6150-01-672-0227,"WIRING HARNESS,BRAN",G,335311,14.0,,,2026-06-08,2026-06-15,HARNESS,DIBBS|SPE4A626T81V8|6150-01-672-0227,C10,Harnesses / Cable Assemblies / Box Builds,WIRING HARNESS,WIRING HARNESS,False,adjacent,,"DIBBS RFQ Text Search result, AMSC field, retrieved 20260930T163427Z",past deadline
SPE4A626T559A,6150-01-422-9129,SPE4A626T559A,01-23-2026,01-30-2026,2026-08-21 02:41:27,Origin,Origin,Tech,7015247883,https://dibbs2.bsm.dla.mil/Downloads/RFQ/A/SPE4A626T559A.PDF,https://www.dibbs.bsm.dla.mil/RFQ/RFQRec.aspx?sn=SPE4A626T559A,https://www.dibbs.bsm.dla.mil/rfq/rfqrec.aspx?sn=SPE4A626T559A,HARNESS,5,20260930T163427Z,6150-01-422-9129,WIRING HARNESS,G,334419,14.0,,,2026-01-23,2026-01-30,HARNESS,DIBBS|SPE4A626T559A|6150-01-422-9129,C10,Harnesses / Cable Assemblies / Box Builds,WIRING HARNESS,WIRING HARNESS,False,adjacent,,"DIBBS RFQ Text Search result, AMSC field, retrieved 20260930T163427Z",past deadline
SPE4A626T36F3,5995-01-166-8069,SPE4A626T36F3,04-27-2026,05-04-2026,2026-08-21 02:41:27,Origin,Origin,Tech,7016438250,https://dibbs2.bsm.dla.mil/Downloads/RFQ/3/SPE4A626T36F3.PDF,https://www.dibbs.bsm.dla.mil/RFQ/RFQRec.aspx?sn=SPE4A626T36F3,https://www.dibbs.bsm.dla.mil/rfq/rfqrec.aspx?sn=SPE4A626T36F3,HARNESS,5,20260930T163427Z,5995-01-166-8069,"WIRING HARNESS,BRAN",G,334419,10.0,,,2026-04-27,2026-05-04,HARNESS,DIBBS|SPE4A626T36F3|5995-01-166-8069,C10,Harnesses / Cable Assemblies / Box Builds,WIRING HARNESS,WIRING HARNESS,False,adjacent,,"DIBBS RFQ Text Search result, AMSC field, retrieved 20260930T163427Z",past deadline
SPE4A626T27T7,6150-01-165-5659,SPE4A626T27T7,04-22-2026,04-29-2026,2026-08-21 02:41:27,Origin,Origin,Tech,7016438254,https://dibbs2.bsm.dla.mil/Downloads/RFQ/7/SPE4A626T27T7.PDF,https://www.dibbs.bsm.dla.mil/RFQ/RFQRec.aspx?sn=SPE4A626T27T7,https://www.dibbs.bsm.dla.mil/rfq/rfqrec.aspx?sn=SPE4A626T27T7,HARNESS,5,20260930T163427Z,6150-01-165-5659,"WIRING HARNESS,BRAN",G,334419,5.0,,,2026-04-22,2026-04-29,HARNESS,DIBBS|SPE4A626T27T7|6150-01-165-5659,C10,Harnesses / Cable Assemblies / Box Builds,WIRING HARNESS,WIRING HARNESS,False,adjacent,,"DIBBS RFQ Text Search result, AMSC field, retrieved 20260930T163427Z",past deadline
SPE4A626T15VU,6150-01-678-8766,SPE4A626T15VU,08-13-2026,08-20-2026,2026-08-21 02:41:27,Origin,Origin,Tech,7017838927,https://dibbs2.bsm.dla.mil/Downloads/RFQ/U/SPE4A626T15VU.PDF,https://www.dibbs.bsm.dla.mil/RFQ/RFQRec.aspx?sn=SPE4A626T15VU,https://www.dibbs.bsm.dla.mil/rfq/rfqrec.aspx?sn=SPE4A626T15VU,HARNESS,5,20260930T163427Z,6150-01-678-8766,"WIRING HARNESS,BRAN",G,335311,11.0,,,2026-08-13,2026-08-20,HARNESS,DIBBS|SPE4A626T15VU|6150-01-678-8766,C10,Harnesses / Cable Assemblies / Box Builds,WIRING HARNESS,WIRING HARNESS,False,adjacent,,"DIBBS RFQ Text Search result, AMSC field, retrieved 20260930T163427Z",past deadline
SPE4A626T10ZE,5995-01-642-4408,SPE4A626T10ZE,07-31-2026,08-07-2026,2026-08-21 02:41:27,Origin,Origin,Tech,7017694833,https://dibbs2.bsm.dla.mil/Downloads/RFQ/E/SPE4A626T10ZE.PDF,https://www.dibbs.bsm.dla.mil/RFQ/RFQRec.aspx?sn=SPE4A626T10ZE,https://www.dibbs.bsm.dla.mil/rfq/rfqrec.aspx?sn=SPE4A626T10ZE,HARNESS,5,20260930T163427Z,5995-01-642-4408,WIRING HARNESS,G,335931,4.0,,,2026-07-31,2026-08-07,HARNESS,DIBBS|SPE4A626T10ZE|5995-01-642-4408,C10,Harnesses / Cable Assemblies / Box Builds,WIRING HARNESS,WIRING HARNESS,False,adjacent,,"DIBBS RFQ Text Search result, AMSC field, retrieved 20260930T163427Z",past deadline
SPE4A626T08ZV,6150-01-676-3904,SPE4A626T08ZV,07-23-2026,07-30-2026,2026-08-21 02:41:27,Origin,Origin,Tech,7017572524,https://dibbs2.bsm.dla.mil/Downloads/RFQ/V/SPE4A626T08ZV.PDF,https://www.dibbs.bsm.dla.mil/RFQ/RFQRec.aspx?sn=SPE4A626T08ZV,https://www.dibbs.bsm.dla.mil/rfq/rfqrec.aspx?sn=SPE4A626T08ZV,HARNESS,5,20260930T163427Z,6150-01-676-3904,"WIRING HARNESS,BRAN",G,335311,5.0,,,2026-07-23,2026-07-30,HARNESS,DIBBS|SPE4A626T08ZV|6150-01-676-3904,C10,Harnesses / Cable Assemblies / Box Builds,WIRING HARNESS,WIRING HARNESS,False,adjacent,,"DIBBS RFQ Text Search result, AMSC field, retrieved 20260930T163427Z",past deadline
SPE4A626T06HC,6150-00-986-9878,SPE4A626T06HC,07-15-2026,07-22-2026,2026-08-21 02:41:27,Origin,Origin,Tech,7017496412,https://dibbs2.bsm.dla.mil/Downloads/RFQ/C/SPE4A626T06HC.PDF,https://www.dibbs.bsm.dla.mil/RFQ/RFQRec.aspx?sn=SPE4A626T06HC,https://www.dibbs.bsm.dla.mil/rfq/rfqrec.aspx?sn=SPE4A626T06HC,HARNESS,5,20260930T163427Z,6150-00-986-9878,"WIRING HARNESS,BRAN",G,334419,9.0,,,2026-07-15,2026-07-22,HARNESS,DIBBS|SPE4A626T06HC|6150-00-986-9878,C10,Harnesses / Cable Assemblies / Box Builds,WIRING HARNESS,WIRING HARNESS,False,adjacent,,"DIBBS RFQ Text Search result, AMSC field, retrieved 20260930T163427Z",past deadline
SPE4A626T06BU,5995-01-463-2396,SPE4A626T06BU,07-15-2026,07-22-2026,2026-08-21 02:41:27,Origin,Origin,Tech,7017487358,https://dibbs2.bsm.dla.mil/Downloads/RFQ/U/SPE4A626T06BU.PDF,https://www.dibbs.bsm.dla.mil/RFQ/RFQRec.aspx?sn=SPE4A626T06BU,https://www.dibbs.bsm.dla.mil/rfq/rfqrec.aspx?sn=SPE4A626T06BU,HARNESS,5,20260930T163427Z,5995-01-463-2396,"WIRING HARNESS,BRANCHE",G,334419,6.0,,,2026-07-15,2026-07-22,HARNESS,DIBBS|SPE4A626T06BU|5995-01-463-2396,C10,Harnesses / Cable Assemblies / Box Builds,WIRING HARNESS,WIRING HARNESS,False,adjacent,,"DIBBS RFQ Text Search result, AMSC field, retrieved 20260930T163427Z",past deadline
SPE8EF26T1604,1730-01-486-9338,SPE8EF26T1604,08-10-2026,08-20-2026,2026-08-21 02:41:27,Origin,Destination,Tech,7017585479,https://dibbs2.bsm.dla.mil/Downloads/RFQ/4/SPE8EF26T1604.PDF,https://www.dibbs.bsm.dla.mil/RFQ/RFQRec.aspx?sn=SPE8EF26T1604,https://www.dibbs.bsm.dla.mil/rfq/rfqrec.aspx?sn=SPE8EF26T1604,HARNESS,6,20260930T163445Z,1730-01-486-9338,"HARNESS ASSY,MOTOR,",G,333519,2.0,,,2026-08-10,2026-08-20,HARNESS,DIBBS|SPE8EF26T1604|1730-01-486-9338,C10,Harnesses / Cable Assemblies / Box Builds,HARNESS ASSEMBLY,HARNESS ASSEMBLY,False,adjacent,,"DIBBS RFQ Text Search result, AMSC field, retrieved 20260930T163445Z",past deadline
SPE4A626T19PC,6150-01-687-1879,SPE4A626T19PC,08-19-2026,08-26-2026,2026-08-21 02:41:27,Origin,Origin,Tech,7017940786,https://dibbs2.bsm.dla.mil/Downloads/RFQ/C/SPE4A626T19PC.PDF,https://www.dibbs.bsm.dla.mil/RFQ/RFQRec.aspx?sn=SPE4A626T19PC,https://www.dibbs.bsm.dla.mil/rfq/rfqrec.aspx?sn=SPE4A626T19PC,HARNESS,6,20260930T163445Z,6150-01-687-1879,"WIRING HARNESS,BRANCHE",G,335311,24.0,,,2026-08-19,2026-08-26,HARNESS,DIBBS|SPE4A626T19PC|6150-01-687-1879,C10,Harnesses / Cable Assemblies / Box Builds,WIRING HARNESS,WIRING HARNESS,False,adjacent,,"DIBBS RFQ Text Search result, AMSC field, retrieved 20260930T163445Z",past deadline
SPE4A026T4334,6150-01-688-1574,SPE4A026T4334,08-19-2026,08-26-2026,2026-08-21 02:41:27,Origin,Origin,Tech,7017861125,https://dibbs2.bsm.dla.mil/Downloads/RFQ/4/SPE4A026T4334.PDF,https://www.dibbs.bsm.dla.mil/RFQ/RFQRec.aspx?sn=SPE4A026T4334,https://www.dibbs.bsm.dla.mil/rfq/rfqrec.aspx?sn=SPE4A026T4334,HARNESS,6,20260930T163445Z,6150-01-688-1574,"WIRING HARNESS,BRAN",G,335311,1.0,,,2026-08-19,2026-08-26,HARNESS,DIBBS|SPE4A026T4334|6150-01-688-1574,C10,Harnesses / Cable Assemblies / Box Builds,WIRING HARNESS,WIRING HARNESS,False,adjacent,,"DIBBS RFQ Text Search result, AMSC field, retrieved 20260930T163445Z",past deadline
SPE7L326T9995,2590-01-104-9132,SPE7L326T9995,05-08-2026,05-18-2026,2026-08-21 02:41:27,Origin,Origin,Tech,7016691938,https://dibbs2.bsm.dla.mil/Downloads/RFQ/5/SPE7L326T9995.PDF,https://www.dibbs.bsm.dla.mil/RFQ/RFQRec.aspx?sn=SPE7L326T9995,https://www.dibbs.bsm.dla.mil/rfq/rfqrec.aspx?sn=SPE7L326T9995,HARNESS,6,20260930T163445Z,2590-01-104-9132,"WIRING HARNESS,BRAN",G,336999,17.0,No | Data | found,,2026-05-08,2026-05-18,HARNESS,DIBBS|SPE7L326T9995|2590-01-104-9132,C10,Harnesses / Cable Assemblies / Box Builds,WIRING HARNESS,WIRING HARNESS,False,adjacent,,"DIBBS RFQ Text Search result, AMSC field, retrieved 20260930T163445Z",past deadline
SPE4A726T111J,6150-01-245-7651,SPE4A726T111J,03-18-2026,03-30-2026,2026-08-21 02:41:27,Origin,Origin,Tech,7015956014,https://dibbs2.bsm.dla.mil/Downloads/RFQ/J/SPE4A726T111J.PDF,https://www.dibbs.bsm.dla.mil/RFQ/RFQRec.aspx?sn=SPE4A726T111J,https://www.dibbs.bsm.dla.mil/rfq/rfqrec.aspx?sn=SPE4A726T111J,HARNESS,6,20260930T163445Z,6150-01-245-7651,"WIRING HARNESS,BRAN",G,334419,29.0,,,2026-03-18,2026-03-30,HARNESS,DIBBS|SPE4A726T111J|6150-01-245-7651,C10,Harnesses / Cable Assemblies / Box Builds,WIRING HARNESS,WIRING HARNESS,False,adjacent,,"DIBBS RFQ Text Search result, AMSC field, retrieved 20260930T163445Z",past deadline
SPE4A726T091W,5995-01-681-0506,SPE4A726T091W,03-16-2026,03-27-2026,2026-08-21 02:41:27,Origin,Origin,Tech,7015905308,https://dibbs2.bsm.dla.mil/Downloads/RFQ/W/SPE4A726T091W.PDF,https://www.dibbs.bsm.dla.mil/RFQ/RFQRec.aspx?sn=SPE4A726T091W,https://www.dibbs.bsm.dla.mil/rfq/rfqrec.aspx?sn=SPE4A726T091W,HARNESS,6,20260930T163445Z,5995-01-681-0506,WIRING HARNESS,G,335931,9.0,,,2026-03-16,2026-03-27,HARNESS,DIBBS|SPE4A726T091W|5995-01-681-0506,C10,Harnesses / Cable Assemblies / Box Builds,WIRING HARNESS,WIRING HARNESS,False,adjacent,,"DIBBS RFQ Text Search result, AMSC field, retrieved 20260930T163445Z",past deadline
SPE4A626U2873,6150-01-245-7651,SPE4A626U2873,04-24-2026,05-13-2026,2026-08-21 02:41:27,Origin,Origin,Tech,1000231105,https://dibbs2.bsm.dla.mil/Downloads/RFQ/3/SPE4A626U2873.PDF,https://www.dibbs.bsm.dla.mil/RFQ/RFQRec.aspx?sn=SPE4A626U2873,https://www.dibbs.bsm.dla.mil/rfq/rfqrec.aspx?sn=SPE4A626U2873,HARNESS,6,20260930T163445Z,6150-01-245-7651,"WIRING HARNESS,BRAN",G,334419,75.0,,,2026-04-24,2026-05-13,HARNESS,DIBBS|SPE4A626U2873|6150-01-245-7651,C10,Harnesses / Cable Assemblies / Box Builds,WIRING HARNESS,WIRING HARNESS,False,adjacent,,"DIBBS RFQ Text Search result, AMSC field, retrieved 20260930T163445Z",past deadline
SPE4A726T438E,1660-00-066-2078,SPE4A726T438E,06-02-2026,06-09-2026,2026-08-21 02:41:27,Origin,Origin,Tech,7016645688,https://dibbs2.bsm.dla.mil/Downloads/RFQ/E/SPE4A726T438E.PDF,https://www.dibbs.bsm.dla.mil/RFQ/RFQRec.aspx?sn=SPE4A726T438E,https://www.dibbs.bsm.dla.mil/rfq/rfqrec.aspx?sn=SPE4A726T438E,HARNESS,6,20260930T163445Z,1660-00-066-2078,"HARNESS ASSEMBLY,MA",G,336411,33.0,,,2026-06-02,2026-06-09,HARNESS,DIBBS|SPE4A726T438E|1660-00-066-2078,C10,Harnesses / Cable Assemblies / Box Builds,HARNESS ASSEMBLY,HARNESS ASSEMBLY,False,adjacent,,"DIBBS RFQ Text Search result, AMSC field, retrieved 20260930T163445Z",past deadline
SPE4A626T94B1,6150-01-119-4117,SPE4A626T94B1,06-17-2026,06-24-2026,2026-08-21 02:41:27,Origin,Origin,Tech,7017200535,https://dibbs2.bsm.dla.mil/Downloads/RFQ/1/SPE4A626T94B1.PDF,https://www.dibbs.bsm.dla.mil/RFQ/RFQRec.aspx?sn=SPE4A626T94B1,https://www.dibbs.bsm.dla.mil/rfq/rfqrec.aspx?sn=SPE4A626T94B1,HARNESS,6,20260930T163445Z,6150-01-119-4117,WIRING HARNESS,G,334419,49.0,,,2026-06-17,2026-06-24,HARNESS,DIBBS|SPE4A626T94B1|6150-01-119-4117,C10,Harnesses / Cable Assemblies / Box Builds,WIRING HARNESS,WIRING HARNESS,False,adjacent,,"DIBBS RFQ Text Search result, AMSC field, retrieved 20260930T163445Z",past deadline
SPE4A626T90F3,6150-01-315-1837,SPE4A626T90F3,06-15-2026,06-22-2026,2026-08-21 02:41:27,Origin,Origin,Tech,7017146835,https://dibbs2.bsm.dla.mil/Downloads/RFQ/3/SPE4A626T90F3.PDF,https://www.dibbs.bsm.dla.mil/RFQ/RFQRec.aspx?sn=SPE4A626T90F3,https://www.dibbs.bsm.dla.mil/rfq/rfqrec.aspx?sn=SPE4A626T90F3,HARNESS,6,20260930T163445Z,6150-01-315-1837,"WIRING HARNESS,BRAN",G,334419,76.0,,,2026-06-15,2026-06-22,HARNESS,DIBBS|SPE4A626T90F3|6150-01-315-1837,C10,Harnesses / Cable Assemblies / Box Builds,WIRING HARNESS,WIRING HARNESS,False,adjacent,,"DIBBS RFQ Text Search result, AMSC field, retrieved 20260930T163445Z",past deadline
SPE4A626T13UF,6150-01-350-1296,SPE4A626T13UF,08-06-2026,08-13-2026,2026-08-21 02:41:27,Origin,Origin,Tech,7017487223,https://dibbs2.bsm.dla.mil/Downloads/RFQ/F/SPE4A626T13UF.PDF,https://www.dibbs.bsm.dla.mil/RFQ/RFQRec.aspx?sn=SPE4A626T13UF,https://www.dibbs.bsm.dla.mil/rfq/rfqrec.aspx?sn=SPE4A626T13UF,HARNESS,6,20260930T163445Z,6150-01-350-1296,WIRING HARNESS,G,334419,19.0,,,2026-08-06,2026-08-13,HARNESS,DIBBS|SPE4A626T13UF|6150-01-350-1296,C10,Harnesses / Cable Assemblies / Box Builds,WIRING HARNESS,WIRING HARNESS,False,adjacent,,"DIBBS RFQ Text Search result, AMSC field, retrieved 20260930T163445Z",past deadline
SPE4A626T81S3,5995-01-606-7405,SPE4A626T81S3,06-05-2026,06-12-2026,2026-08-21 02:41:27,Origin,Destination,Tech,7017004664,https://dibbs2.bsm.dla.mil/Downloads/RFQ/3/SPE4A626T81S3.PDF,https://www.dibbs.bsm.dla.mil/RFQ/RFQRec.aspx?sn=SPE4A626T81S3,https://www.dibbs.bsm.dla.mil/rfq/rfqrec.aspx?sn=SPE4A626T81S3,HARNESS,6,20260930T163445Z,5995-01-606-7405,WIRING HARNESS,G,334419,1.0,,,2026-06-05,2026-06-12,HARNESS,DIBBS|SPE4A626T81S3|5995-01-606-7405,C10,Harnesses / Cable Assemblies / Box Builds,WIRING HARNESS,WIRING HARNESS,False,adjacent,,"DIBBS RFQ Text Search result, AMSC field, retrieved 20260930T163445Z",past deadline
SPE4A626T636M,6150-01-203-8312,SPE4A626T636M,02-06-2026,02-13-2026,2026-08-21 02:41:27,Origin,Destination,Tech,7014381016,https://dibbs2.bsm.dla.mil/Downloads/RFQ/M/SPE4A626T636M.PDF,https://www.dibbs.bsm.dla.mil/RFQ/RFQRec.aspx?sn=SPE4A626T636M,https://www.dibbs.bsm.dla.mil/rfq/rfqrec.aspx?sn=SPE4A626T636M,HARNESS,6,20260930T163445Z,6150-01-203-8312,WIRING HARNESS,G,335311,4.0,,,2026-02-06,2026-02-13,HARNESS,DIBBS|SPE4A626T636M|6150-01-203-8312,C10,Harnesses / Cable Assemblies / Box Builds,WIRING HARNESS,WIRING HARNESS,False,adjacent,,"DIBBS RFQ Text Search result, AMSC field, retrieved 20260930T163445Z",past deadline
SPE4A626T31D5,6150-01-522-3621,SPE4A626T31D5,04-23-2026,04-30-2026,2026-08-21 02:41:27,Origin,Origin,Tech,7016471184,https://dibbs2.bsm.dla.mil/Downloads/RFQ/5/SPE4A626T31D5.PDF,https://www.dibbs.bsm.dla.mil/RFQ/RFQRec.aspx?sn=SPE4A626T31D5,https://www.dibbs.bsm.dla.mil/rfq/rfqrec.aspx?sn=SPE4A626T31D5,HARNESS,6,20260930T163445Z,6150-01-522-3621,"WIRING HARNESS,BRAN",G,334419,11.0,,,2026-04-23,2026-04-30,HARNESS,DIBBS|SPE4A626T31D5|6150-01-522-3621,C10,Harnesses / Cable Assemblies / Box Builds,WIRING HARNESS,WIRING HARNESS,False,adjacent,,"DIBBS RFQ Text Search result, AMSC field, retrieved 20260930T163445Z",past deadline
SPE4A626T30S2,6150-01-522-3621,SPE4A626T30S2,04-23-2026,04-30-2026,2026-08-21 02:41:27,Origin,Origin,Tech,7016469374,https://dibbs2.bsm.dla.mil/Downloads/RFQ/2/SPE4A626T30S2.PDF,https://www.dibbs.bsm.dla.mil/RFQ/RFQRec.aspx?sn=SPE4A626T30S2,https://www.dibbs.bsm.dla.mil/rfq/rfqrec.aspx?sn=SPE4A626T30S2,HARNESS,6,20260930T163445Z,6150-01-522-3621,"WIRING HARNESS,BRAN",G,334419,11.0,,,2026-04-23,2026-04-30,HARNESS,DIBBS|SPE4A626T30S2|6150-01-522-3621,C10,Harnesses / Cable Assemblies / Box Builds,WIRING HARNESS,WIRING HARNESS,False,adjacent,,"DIBBS RFQ Text Search result, AMSC field, retrieved 20260930T163445Z",past deadline
SPE4A626T12SJ,6150-01-674-4547,SPE4A626T12SJ,08-06-2026,08-13-2026,2026-08-21 02:41:27,Origin,Origin,Tech,7017741000,https://dibbs2.bsm.dla.mil/Downloads/RFQ/J/SPE4A626T12SJ.PDF,https://www.dibbs.bsm.dla.mil/RFQ/RFQRec.aspx?sn=SPE4A626T12SJ,https://www.dibbs.bsm.dla.mil/rfq/rfqrec.aspx?sn=SPE4A626T12SJ,HARNESS,6,20260930T163445Z,6150-01-674-4547,WIRING HARNESS,G,335311,1.0,,,2026-08-06,2026-08-13,HARNESS,DIBBS|SPE4A626T12SJ|6150-01-674-4547,C10,Harnesses / Cable Assemblies / Box Builds,WIRING HARNESS,WIRING HARNESS,False,adjacent,,"DIBBS RFQ Text Search result, AMSC field, retrieved 20260930T163445Z",past deadline
SPE4A626T10TM,6150-01-144-8899,SPE4A626T10TM,07-31-2026,08-12-2026,2026-08-21 02:41:27,Origin,Origin,Tech,7017697269,https://dibbs2.bsm.dla.mil/Downloads/RFQ/M/SPE4A626T10TM.PDF,https://www.dibbs.bsm.dla.mil/RFQ/RFQRec.aspx?sn=SPE4A626T10TM,https://www.dibbs.bsm.dla.mil/rfq/rfqrec.aspx?sn=SPE4A626T10TM,HARNESS,6,20260930T163445Z,6150-01-144-8899,"WIRING HARNESS,BRANCHE",G,334419,5.0,,,2026-07-31,2026-08-12,HARNESS,DIBBS|SPE4A626T10TM|6150-01-144-8899,C10,Harnesses / Cable Assemblies / Box Builds,WIRING HARNESS,WIRING HARNESS,False,adjacent,,"DIBBS RFQ Text Search result, AMSC field, retrieved 20260930T163445Z",past deadline
SPE4A626T07GY,5995-01-676-5485,SPE4A626T07GY,07-17-2026,07-24-2026,2026-08-21 02:41:27,Origin,Destination,Tech,7017527678,https://dibbs2.bsm.dla.mil/Downloads/RFQ/Y/SPE4A626T07GY.PDF,https://www.dibbs.bsm.dla.mil/RFQ/RFQRec.aspx?sn=SPE4A626T07GY,https://www.dibbs.bsm.dla.mil/rfq/rfqrec.aspx?sn=SPE4A626T07GY,HARNESS,6,20260930T163445Z,5995-01-676-5485,"WIRING HARNESS,BRANCHE",G,335931,5.0,,,2026-07-17,2026-07-24,HARNESS,DIBBS|SPE4A626T07GY|5995-01-676-5485,C10,Harnesses / Cable Assemblies / Box Builds,WIRING HARNESS,WIRING HARNESS,False,adjacent,,"DIBBS RFQ Text Search result, AMSC field, retrieved 20260930T163445Z",past deadline
SPE7L426T7255,5995-01-425-5346,SPE7L426T7255,09-28-2026,10-08-2026,2026-09-27 06:21:44,Origin,Origin,Tech,7017697565,https://dibbs2.bsm.dla.mil/Downloads/RFQ/5/SPE7L426T7255.PDF,https://www.dibbs.bsm.dla.mil/RFQ/RFQRec.aspx?sn=SPE7L426T7255,https://www.dibbs.bsm.dla.mil/rfq/rfqrec.aspx?sn=SPE7L426T7255,HARNESS,6,20260930T163445Z,5995-01-425-5346,WIRING HARNESS,G,334419,2.0,,,2026-09-28,2026-10-08,HARNESS,DIBBS|SPE7L426T7255|5995-01-425-5346,C10,Harnesses / Cable Assemblies / Box Builds,WIRING HARNESS,WIRING HARNESS,False,adjacent,,"DIBBS RFQ Text Search result, AMSC field, retrieved 20260930T163445Z",open by deadline
SPE7L126T08W2,2590-01-104-9147,SPE7L126T08W2,09-10-2026,09-21-2026,2026-09-09 04:57:55,Origin,Origin,Tech,7015609833,https://dibbs2.bsm.dla.mil/Downloads/RFQ/2/SPE7L126T08W2.PDF,https://www.dibbs.bsm.dla.mil/RFQ/RFQRec.aspx?sn=SPE7L126T08W2,https://www.dibbs.bsm.dla.mil/rfq/rfqrec.aspx?sn=SPE7L126T08W2,HARNESS,6,20260930T163445Z,2590-01-104-9147,"WIRING HARNESS,BRAN",G,336999,26.0,,,2026-09-10,2026-09-21,HARNESS,DIBBS|SPE7L126T08W2|2590-01-104-9147,C10,Harnesses / Cable Assemblies / Box Builds,WIRING HARNESS,WIRING HARNESS,False,adjacent,,"DIBBS RFQ Text Search result, AMSC field, retrieved 20260930T163445Z",past deadline
SPE7M126T316C,5995-01-420-5513,SPE7M126T316C,08-28-2026,09-08-2026,2026-08-27 12:47:11,Origin,Destination,Tech,7017439715,https://dibbs2.bsm.dla.mil/Downloads/RFQ/C/SPE7M126T316C.PDF,https://www.dibbs.bsm.dla.mil/RFQ/RFQRec.aspx?sn=SPE7M126T316C,https://www.dibbs.bsm.dla.mil/rfq/rfqrec.aspx?sn=SPE7M126T316C,HARNESS,6,20260930T163445Z,5995-01-420-5513,"WIRING HARNESS SET,",G,335929,32.0,,,2026-08-28,2026-09-08,HARNESS,DIBBS|SPE7M126T316C|5995-01-420-5513,C10,Harnesses / Cable Assemblies / Box Builds,WIRING HARNESS,WIRING HARNESS,False,adjacent,,"DIBBS RFQ Text Search result, AMSC field, retrieved 20260930T163445Z",past deadline
SPE4A626T13UM,6150-01-530-3294,SPE4A626T13UM,08-06-2026,08-13-2026,2026-08-21 02:41:27,Origin,Origin,Tech,7017108293,https://dibbs2.bsm.dla.mil/Downloads/RFQ/M/SPE4A626T13UM.PDF,https://www.dibbs.bsm.dla.mil/RFQ/RFQRec.aspx?sn=SPE4A626T13UM,https://www.dibbs.bsm.dla.mil/rfq/rfqrec.aspx?sn=SPE4A626T13UM,HARNESS,6,20260930T163445Z,6150-01-530-3294,"CABLE ASSEMBLY, SPECIA",G,334419,132.0,,,2026-08-06,2026-08-13,HARNESS,DIBBS|SPE4A626T13UM|6150-01-530-3294,C10,Harnesses / Cable Assemblies / Box Builds,CABLE ASSEMBLY,CABLE ASSEMBLY,False,adjacent,,"DIBBS RFQ Text Search result, AMSC field, retrieved 20260930T163445Z",past deadline
SPE4A626T77P4,5995-01-463-2492,SPE4A626T77P4,06-03-2026,06-10-2026,2026-08-21 02:41:27,Origin,Origin,Tech,7015111024,https://dibbs2.bsm.dla.mil/Downloads/RFQ/4/SPE4A626T77P4.PDF,https://www.dibbs.bsm.dla.mil/RFQ/RFQRec.aspx?sn=SPE4A626T77P4,https://www.dibbs.bsm.dla.mil/rfq/rfqrec.aspx?sn=SPE4A626T77P4,HARNESS,6,20260930T163445Z,5995-01-463-2492,"CABLE ASSEMBLY,SPEC",G,334419,7.0,,,2026-06-03,2026-06-10,HARNESS,DIBBS|SPE4A626T77P4|5995-01-463-2492,C10,Harnesses / Cable Assemblies / Box Builds,CABLE ASSEMBLY,CABLE ASSEMBLY,False,adjacent,,"DIBBS RFQ Text Search result, AMSC field, retrieved 20260930T163445Z",past deadline
SPE4A626T06QD,5995-01-463-2492,SPE4A626T06QD,07-15-2026,07-22-2026,2026-08-21 02:41:27,Origin,Origin,Tech,7017487359,https://dibbs2.bsm.dla.mil/Downloads/RFQ/D/SPE4A626T06QD.PDF,https://www.dibbs.bsm.dla.mil/RFQ/RFQRec.aspx?sn=SPE4A626T06QD,https://www.dibbs.bsm.dla.mil/rfq/rfqrec.aspx?sn=SPE4A626T06QD,HARNESS,6,20260930T163445Z,5995-01-463-2492,"CABLE ASSEMBLY,SPECIAL",G,334419,6.0,,,2026-07-15,2026-07-22,HARNESS,DIBBS|SPE4A626T06QD|5995-01-463-2492,C10,Harnesses / Cable Assemblies / Box Builds,CABLE ASSEMBLY,CABLE ASSEMBLY,False,adjacent,,"DIBBS RFQ Text Search result, AMSC field, retrieved 20260930T163445Z",past deadline
SPE7L326T6345,2590-01-121-7773,SPE7L326T6345,02-26-2026,03-09-2026,2026-08-21 02:41:27,Origin,Origin,Tech,7015689010,https://dibbs2.bsm.dla.mil/Downloads/RFQ/5/SPE7L326T6345.PDF,https://www.dibbs.bsm.dla.mil/RFQ/RFQRec.aspx?sn=SPE7L326T6345,https://www.dibbs.bsm.dla.mil/rfq/rfqrec.aspx?sn=SPE7L326T6345,HARNESS,6,20260930T163445Z,2590-01-121-7773,"WIRING HARNESS,BRAN",G,336999,1.0,,,2026-02-26,2026-03-09,HARNESS,DIBBS|SPE7L326T6345|2590-01-121-7773,C10,Harnesses / Cable Assemblies / Box Builds,WIRING HARNESS,WIRING HARNESS,False,adjacent,,"DIBBS RFQ Text Search result, AMSC field, retrieved 20260930T163445Z",past deadline
SPE4A626U3099,6150-01-379-0592,SPE4A626U3099,05-28-2026,06-16-2026,2026-08-21 02:41:27,Origin,Origin,Tech,1000232665,https://dibbs2.bsm.dla.mil/Downloads/RFQ/9/SPE4A626U3099.PDF,https://www.dibbs.bsm.dla.mil/RFQ/RFQRec.aspx?sn=SPE4A626U3099,https://www.dibbs.bsm.dla.mil/rfq/rfqrec.aspx?sn=SPE4A626U3099,HARNESS,6,20260930T163445Z,6150-01-379-0592,"WIRING HARNESS,BRAN",G,334419,3.0,,,2026-05-28,2026-06-16,HARNESS,DIBBS|SPE4A626U3099|6150-01-379-0592,C10,Harnesses / Cable Assemblies / Box Builds,WIRING HARNESS,WIRING HARNESS,False,adjacent,,"DIBBS RFQ Text Search result, AMSC field, retrieved 20260930T163445Z",past deadline
SPE4A626T19FJ,6150-01-128-5596,SPE4A626T19FJ,08-19-2026,08-26-2026,2026-08-21 02:41:27,Origin,Origin,Tech,7017939444,https://dibbs2.bsm.dla.mil/Downloads/RFQ/J/SPE4A626T19FJ.PDF,https://www.dibbs.bsm.dla.mil/RFQ/RFQRec.aspx?sn=SPE4A626T19FJ,https://www.dibbs.bsm.dla.mil/rfq/rfqrec.aspx?sn=SPE4A626T19FJ,HARNESS,6,20260930T163445Z,6150-01-128-5596,"CABLE ASSEMBLY,SPECIAL",G,334419,75.0,,,2026-08-19,2026-08-26,HARNESS,DIBBS|SPE4A626T19FJ|6150-01-128-5596,C10,Harnesses / Cable Assemblies / Box Builds,CABLE ASSEMBLY,CABLE ASSEMBLY,False,adjacent,,"DIBBS RFQ Text Search result, AMSC field, retrieved 20260930T163445Z",past deadline
SPE4A626T02XN,6150-01-527-4031,SPE4A626T02XN,07-06-2026,07-13-2026,2026-08-21 02:41:27,Origin,Origin,Tech,7017385068,https://dibbs2.bsm.dla.mil/Downloads/RFQ/N/SPE4A626T02XN.PDF,https://www.dibbs.bsm.dla.mil/RFQ/RFQRec.aspx?sn=SPE4A626T02XN,https://www.dibbs.bsm.dla.mil/rfq/rfqrec.aspx?sn=SPE4A626T02XN,HARNESS,6,20260930T163445Z,6150-01-527-4031,"WIRING HARNESS,BRAN",G,334419,4.0,,,2026-07-06,2026-07-13,HARNESS,DIBBS|SPE4A626T02XN|6150-01-527-4031,C10,Harnesses / Cable Assemblies / Box Builds,WIRING HARNESS,WIRING HARNESS,False,adjacent,,"DIBBS RFQ Text Search result, AMSC field, retrieved 20260930T163445Z",past deadline
SPE4A726T084Z,5995-01-389-6325,SPE4A726T084Z,03-13-2026,03-20-2026,2026-08-21 02:41:27,Origin,Destination,Tech,7015904148,https://dibbs2.bsm.dla.mil/Downloads/RFQ/Z/SPE4A726T084Z.PDF,https://www.dibbs.bsm.dla.mil/RFQ/RFQRec.aspx?sn=SPE4A726T084Z,https://www.dibbs.bsm.dla.mil/rfq/rfqrec.aspx?sn=SPE4A726T084Z,CABLE ASSEMBLY,1,20260930T163514Z,5995-01-389-6325,"CABLE ASSEMBLY,PRIN",G,334419,3.0,,,2026-03-13,2026-03-20,CABLE ASSEMBLY,DIBBS|SPE4A726T084Z|5995-01-389-6325,C10,Harnesses / Cable Assemblies / Box Builds,CABLE ASSEMBLY,CABLE ASSEMBLY,False,adjacent,,"DIBBS RFQ Text Search result, AMSC field, retrieved 20260930T163514Z",past deadline
SPE4A626U2548,5995-01-389-6325,SPE4A626U2548,04-09-2026,04-23-2026,2026-08-21 02:41:27,Origin,Destination,Tech,1000229481,https://dibbs2.bsm.dla.mil/Downloads/RFQ/8/SPE4A626U2548.PDF,https://www.dibbs.bsm.dla.mil/RFQ/RFQRec.aspx?sn=SPE4A626U2548,https://www.dibbs.bsm.dla.mil/rfq/rfqrec.aspx?sn=SPE4A626U2548,CABLE ASSEMBLY,1,20260930T163514Z,5995-01-389-6325,"CABLE ASSEMBLY,PRIN",G,334419,4.0,,,2026-04-09,2026-04-23,CABLE ASSEMBLY,DIBBS|SPE4A626U2548|5995-01-389-6325,C10,Harnesses / Cable Assemblies / Box Builds,CABLE ASSEMBLY,CABLE ASSEMBLY,False,adjacent,,"DIBBS RFQ Text Search result, AMSC field, retrieved 20260930T163514Z",past deadline
SPE4A626T769J,6150-01-210-3596,SPE4A626T769J,02-20-2026,02-27-2026,2026-08-21 02:41:27,Origin,Origin,Tech,7015601767,https://dibbs2.bsm.dla.mil/Downloads/RFQ/J/SPE4A626T769J.PDF,https://www.dibbs.bsm.dla.mil/RFQ/RFQRec.aspx?sn=SPE4A626T769J,https://www.dibbs.bsm.dla.mil/rfq/rfqrec.aspx?sn=SPE4A626T769J,CABLE ASSEMBLY,1,20260930T163514Z,6150-01-210-3596,"CABLE ASSEMBLY,SPEC",G,334419,41.0,,,2026-02-20,2026-02-27,CABLE ASSEMBLY,DIBBS|SPE4A626T769J|6150-01-210-3596,C10,Harnesses / Cable Assemblies / Box Builds,CABLE ASSEMBLY,CABLE ASSEMBLY,False,adjacent,,"DIBBS RFQ Text Search result, AMSC field, retrieved 20260930T163514Z",past deadline
SPE4A626T04RC,5995-01-328-5975,SPE4A626T04RC,07-09-2026,07-16-2026,2026-08-21 02:41:27,Origin,Origin,Tech,7017409125,https://dibbs2.bsm.dla.mil/Downloads/RFQ/C/SPE4A626T04RC.PDF,https://www.dibbs.bsm.dla.mil/RFQ/RFQRec.aspx?sn=SPE4A626T04RC,https://www.dibbs.bsm.dla.mil/rfq/rfqrec.aspx?sn=SPE4A626T04RC,CABLE ASSEMBLY,1,20260930T163514Z,5995-01-328-5975,"CABLE ASSEMBLY,RADI",G,334419,13.0,,,2026-07-09,2026-07-16,CABLE ASSEMBLY,DIBBS|SPE4A626T04RC|5995-01-328-5975,C10,Harnesses / Cable Assemblies / Box Builds,CABLE ASSEMBLY,CABLE ASSEMBLY,False,adjacent,,"DIBBS RFQ Text Search result, AMSC field, retrieved 20260930T163514Z",past deadline
SPE4A626T19WV,6150-01-210-3596,SPE4A626T19WV,08-19-2026,08-26-2026,2026-08-21 02:41:27,Origin,Origin,Tech,7017940533,https://dibbs2.bsm.dla.mil/Downloads/RFQ/V/SPE4A626T19WV.PDF,https://www.dibbs.bsm.dla.mil/RFQ/RFQRec.aspx?sn=SPE4A626T19WV,https://www.dibbs.bsm.dla.mil/rfq/rfqrec.aspx?sn=SPE4A626T19WV,CABLE ASSEMBLY,1,20260930T163514Z,6150-01-210-3596,"CABLE ASSEMBLY,SPECIAL",G,334419,100.0,,,2026-08-19,2026-08-26,CABLE ASSEMBLY,DIBBS|SPE4A626T19WV|6150-01-210-3596,C10,Harnesses / Cable Assemblies / Box Builds,CABLE ASSEMBLY,CABLE ASSEMBLY,False,adjacent,,"DIBBS RFQ Text Search result, AMSC field, retrieved 20260930T163514Z",past deadline
SPE4A626T15VZ,5995-01-449-1453,SPE4A626T15VZ,08-13-2026,08-20-2026,2026-08-21 02:41:27,Origin,Origin,Tech,7017838582,https://dibbs2.bsm.dla.mil/Downloads/RFQ/Z/SPE4A626T15VZ.PDF,https://www.dibbs.bsm.dla.mil/RFQ/RFQRec.aspx?sn=SPE4A626T15VZ,https://www.dibbs.bsm.dla.mil/rfq/rfqrec.aspx?sn=SPE4A626T15VZ,CABLE ASSEMBLY,1,20260930T163514Z,5995-01-449-1453,"CABLE ASSEMBLY,RADIO F",G,334419,289.0,,,2026-08-13,2026-08-20,CABLE ASSEMBLY,DIBBS|SPE4A626T15VZ|5995-01-449-1453,C10,Harnesses / Cable Assemblies / Box Builds,CABLE ASSEMBLY,CABLE ASSEMBLY,False,adjacent,,"DIBBS RFQ Text Search result, AMSC field, retrieved 20260930T163514Z",past deadline
SPE4A626T37SH,5995-01-260-4144,SPE4A626T37SH,09-30-2026,10-07-2026,2026-09-29 01:21:15,Origin,Origin,Tech,7016337477,https://dibbs2.bsm.dla.mil/Downloads/RFQ/H/SPE4A626T37SH.PDF,https://www.dibbs.bsm.dla.mil/RFQ/RFQRec.aspx?sn=SPE4A626T37SH,https://www.dibbs.bsm.dla.mil/rfq/rfqrec.aspx?sn=SPE4A626T37SH,CABLE ASSEMBLY,1,20260930T163514Z,5995-01-260-4144,"CABLE ASSEMBLY,RADI",G,334419,2.0,,,2026-09-30,2026-10-07,CABLE ASSEMBLY,DIBBS|SPE4A626T37SH|5995-01-260-4144,C10,Harnesses / Cable Assemblies / Box Builds,CABLE ASSEMBLY,CABLE ASSEMBLY,False,adjacent,,"DIBBS RFQ Text Search result, AMSC field, retrieved 20260930T163514Z",open by deadline
SPE4A626T37RY,6150-01-091-6981,SPE4A626T37RY,09-29-2026,10-06-2026,2026-09-28 08:32:46,Origin,Origin,Tech,7018458949,https://dibbs2.bsm.dla.mil/Downloads/RFQ/Y/SPE4A626T37RY.PDF,https://www.dibbs.bsm.dla.mil/RFQ/RFQRec.aspx?sn=SPE4A626T37RY,https://www.dibbs.bsm.dla.mil/rfq/rfqrec.aspx?sn=SPE4A626T37RY,CABLE ASSEMBLY,1,20260930T163514Z,6150-01-091-6981,"CABLE ASSEMBLY,SPECIAL",G,334419,6.0,,,2026-09-29,2026-10-06,CABLE ASSEMBLY,DIBBS|SPE4A626T37RY|6150-01-091-6981,C10,Harnesses / Cable Assemblies / Box Builds,CABLE ASSEMBLY,CABLE ASSEMBLY,False,adjacent,,"DIBBS RFQ Text Search result, AMSC field, retrieved 20260930T163514Z",open by deadline
SPE4A626T37RR,5995-01-395-5319,SPE4A626T37RR,09-29-2026,10-06-2026,2026-09-28 08:32:46,Origin,Origin,Tech,7018529577,https://dibbs2.bsm.dla.mil/Downloads/RFQ/R/SPE4A626T37RR.PDF,https://www.dibbs.bsm.dla.mil/RFQ/RFQRec.aspx?sn=SPE4A626T37RR,https://www.dibbs.bsm.dla.mil/rfq/rfqrec.aspx?sn=SPE4A626T37RR,CABLE ASSEMBLY,1,20260930T163514Z,5995-01-395-5319,"CABLE ASSEMBLY,RADI",G,334419,1.0,,,2026-09-29,2026-10-06,CABLE ASSEMBLY,DIBBS|SPE4A626T37RR|5995-01-395-5319,C10,Harnesses / Cable Assemblies / Box Builds,CABLE ASSEMBLY,CABLE ASSEMBLY,False,adjacent,,"DIBBS RFQ Text Search result, AMSC field, retrieved 20260930T163514Z",open by deadline
SPE4A626T37RP,6150-01-717-5480,SPE4A626T37RP,09-29-2026,10-06-2026,2026-09-28 08:07:01,Origin,Origin,Tech,7018186216,https://dibbs2.bsm.dla.mil/Downloads/RFQ/P/SPE4A626T37RP.PDF,https://www.dibbs.bsm.dla.mil/RFQ/RFQRec.aspx?sn=SPE4A626T37RP,https://www.dibbs.bsm.dla.mil/rfq/rfqrec.aspx?sn=SPE4A626T37RP,CABLE ASSEMBLY,1,20260930T163514Z,6150-01-717-5480,"CABLE ASSEMBLY,POWER,E",G,335311,1.0,,,2026-09-29,2026-10-06,CABLE ASSEMBLY,DIBBS|SPE4A626T37RP|6150-01-717-5480,C10,Harnesses / Cable Assemblies / Box Builds,CABLE ASSEMBLY,CABLE ASSEMBLY,False,adjacent,,"DIBBS RFQ Text Search result, AMSC field, retrieved 20260930T163514Z",open by deadline
SPE4A626T33RS,6150-01-247-4768,SPE4A626T33RS,09-21-2026,10-01-2026,2026-09-28 08:04:20,Origin,Destination,Tech,7018413572,https://dibbs2.bsm.dla.mil/Downloads/RFQ/S/SPE4A626T33RS.PDF,https://www.dibbs.bsm.dla.mil/RFQ/RFQRec.aspx?sn=SPE4A626T33RS,https://www.dibbs.bsm.dla.mil/rfq/rfqrec.aspx?sn=SPE4A626T33RS,CABLE ASSEMBLY,1,20260930T163514Z,6150-01-247-4768,"CABLE ASSEMBLY,SPECIAL",G,334419,6.0,,,2026-09-21,2026-10-01,CABLE ASSEMBLY,DIBBS|SPE4A626T33RS|6150-01-247-4768,C10,Harnesses / Cable Assemblies / Box Builds,CABLE ASSEMBLY,CABLE ASSEMBLY,False,adjacent,,"DIBBS RFQ Text Search result, AMSC field, retrieved 20260930T163514Z",open by deadline
SPE4A626T37NX,6150-01-513-6213,SPE4A626T37NX,09-29-2026,10-06-2026,2026-09-28 05:05:09,Origin,Origin,Tech,7018470518,https://dibbs2.bsm.dla.mil/Downloads/RFQ/X/SPE4A626T37NX.PDF,https://www.dibbs.bsm.dla.mil/RFQ/RFQRec.aspx?sn=SPE4A626T37NX,https://www.dibbs.bsm.dla.mil/rfq/rfqrec.aspx?sn=SPE4A626T37NX,CABLE ASSEMBLY,1,20260930T163514Z,6150-01-513-6213,"CABLE ASSEMBLY,SPEC",G,334419,2.0,,,2026-09-29,2026-10-06,CABLE ASSEMBLY,DIBBS|SPE4A626T37NX|6150-01-513-6213,C10,Harnesses / Cable Assemblies / Box Builds,CABLE ASSEMBLY,CABLE ASSEMBLY,False,adjacent,,"DIBBS RFQ Text Search result, AMSC field, retrieved 20260930T163514Z",open by deadline
SPE4A726T799B,5895-01-705-8327,SPE4A726T799B,09-29-2026,10-06-2026,2026-09-28 09:38:59,Origin,Origin,Tech,7017741408,https://dibbs2.bsm.dla.mil/Downloads/RFQ/B/SPE4A726T799B.PDF,https://www.dibbs.bsm.dla.mil/RFQ/RFQRec.aspx?sn=SPE4A726T799B,https://www.dibbs.bsm.dla.mil/rfq/rfqrec.aspx?sn=SPE4A726T799B,CABLE ASSEMBLY,1,20260930T163514Z,5895-01-705-8327,"CABLE ASSEMBLY KIT,",G,334290,6.0,,,2026-09-29,2026-10-06,BOX; CABLE ASSEMBLY,DIBBS|SPE4A726T799B|5895-01-705-8327,C10,Harnesses / Cable Assemblies / Box Builds,CABLE ASSEMBLY,CABLE ASSEMBLY,False,adjacent,,"DIBBS RFQ Text Search result, AMSC field, retrieved 20260930T163514Z",open by deadline
SPE4A626T37EV,6150-01-588-8420,SPE4A626T37EV,09-28-2026,10-05-2026,2026-09-27 06:21:44,Origin,Origin,Tech,7017528798,https://dibbs2.bsm.dla.mil/Downloads/RFQ/V/SPE4A626T37EV.PDF,https://www.dibbs.bsm.dla.mil/RFQ/RFQRec.aspx?sn=SPE4A626T37EV,https://www.dibbs.bsm.dla.mil/rfq/rfqrec.aspx?sn=SPE4A626T37EV,CABLE ASSEMBLY,1,20260930T163514Z,6150-01-588-8420,"CABLE ASSEMBLY,SPECIAL",G,334419,10.0,,,2026-09-28,2026-10-05,CABLE ASSEMBLY,DIBBS|SPE4A626T37EV|6150-01-588-8420,C10,Harnesses / Cable Assemblies / Box Builds,CABLE ASSEMBLY,CABLE ASSEMBLY,False,adjacent,,"DIBBS RFQ Text Search result, AMSC field, retrieved 20260930T163514Z",open by deadline
SPE4A626T37DJ,5995-01-721-7611,SPE4A626T37DJ,09-28-2026,10-05-2026,2026-09-27 06:21:44,Origin,Destination,Tech,7018469380,https://dibbs2.bsm.dla.mil/Downloads/RFQ/J/SPE4A626T37DJ.PDF,https://www.dibbs.bsm.dla.mil/RFQ/RFQRec.aspx?sn=SPE4A626T37DJ,https://www.dibbs.bsm.dla.mil/rfq/rfqrec.aspx?sn=SPE4A626T37DJ,CABLE ASSEMBLY,1,20260930T163514Z,5995-01-721-7611,"CABLE ASSEMBLY,SPEC",G,335931,1.0,,,2026-09-28,2026-10-05,CABLE ASSEMBLY,DIBBS|SPE4A626T37DJ|5995-01-721-7611,C10,Harnesses / Cable Assemblies / Box Builds,CABLE ASSEMBLY,CABLE ASSEMBLY,False,adjacent,,"DIBBS RFQ Text Search result, AMSC field, retrieved 20260930T163514Z",open by deadline
SPE4A626T36ZD,5995-01-679-0785,SPE4A626T36ZD,09-28-2026,10-05-2026,2026-09-27 06:21:43,Origin,Origin,Tech,7018517308,https://dibbs2.bsm.dla.mil/Downloads/RFQ/D/SPE4A626T36ZD.PDF,https://www.dibbs.bsm.dla.mil/RFQ/RFQRec.aspx?sn=SPE4A626T36ZD,https://www.dibbs.bsm.dla.mil/rfq/rfqrec.aspx?sn=SPE4A626T36ZD,CABLE ASSEMBLY,1,20260930T163514Z,5995-01-679-0785,"CABLE ASSEMBLY,SPECIAL",G,335931,2.0,,,2026-09-28,2026-10-05,CABLE ASSEMBLY,DIBBS|SPE4A626T36ZD|5995-01-679-0785,C10,Harnesses / Cable Assemblies / Box Builds,CABLE ASSEMBLY,CABLE ASSEMBLY,False,adjacent,,"DIBBS RFQ Text Search result, AMSC field, retrieved 20260930T163514Z",open by deadline
SPE4A626T36ZJ,5995-01-673-7628,SPE4A626T36ZJ,09-28-2026,10-05-2026,2026-09-27 06:21:43,Origin,Origin,Tech,7018516616,https://dibbs2.bsm.dla.mil/Downloads/RFQ/J/SPE4A626T36ZJ.PDF,https://www.dibbs.bsm.dla.mil/RFQ/RFQRec.aspx?sn=SPE4A626T36ZJ,https://www.dibbs.bsm.dla.mil/rfq/rfqrec.aspx?sn=SPE4A626T36ZJ,CABLE ASSEMBLY,1,20260930T163514Z,5995-01-673-7628,"CABLE ASSEMBLY,SPECIAL",G,335931,4.0,,,2026-09-28,2026-10-05,CABLE ASSEMBLY,DIBBS|SPE4A626T36ZJ|5995-01-673-7628,C10,Harnesses / Cable Assemblies / Box Builds,CABLE ASSEMBLY,CABLE ASSEMBLY,False,adjacent,,"DIBBS RFQ Text Search result, AMSC field, retrieved 20260930T163514Z",open by deadline
SPE4A626T33BP,6150-01-475-0684,SPE4A626T33BP,09-18-2026,09-30-2026,2026-09-25 06:33:53,Origin,Destination,Tech,7017274290; 7017274291; 7017274292,https://dibbs2.bsm.dla.mil/Downloads/RFQ/P/SPE4A626T33BP.PDF,https://www.dibbs.bsm.dla.mil/RFQ/RFQRec.aspx?sn=SPE4A626T33BP,https://www.dibbs.bsm.dla.mil/rfq/rfqrec.aspx?sn=SPE4A626T33BP,CABLE ASSEMBLY,2,20260930T163531Z,6150-01-475-0684,"CABLE ASSEMBLY,SPEC",G,334419,3.0,,,2026-09-18,2026-09-30,CABLE ASSEMBLY,DIBBS|SPE4A626T33BP|6150-01-475-0684,C10,Harnesses / Cable Assemblies / Box Builds,CABLE ASSEMBLY,CABLE ASSEMBLY,False,adjacent,,"DIBBS RFQ Text Search result, AMSC field, retrieved 20260930T163531Z",open by deadline
SPE4A526T449D,4920-01-607-6861,SPE4A526T449D,09-18-2026,09-30-2026,2026-09-25 06:33:29,Origin,Origin,Tech,7018069416,https://dibbs2.bsm.dla.mil/Downloads/RFQ/D/SPE4A526T449D.PDF,https://www.dibbs.bsm.dla.mil/RFQ/RFQRec.aspx?sn=SPE4A526T449D,https://www.dibbs.bsm.dla.mil/rfq/rfqrec.aspx?sn=SPE4A526T449D,CABLE ASSEMBLY,2,20260930T163531Z,4920-01-607-6861,"NRP,CABLE ASSEMBLY,",G,332710,4.0,,,2026-09-18,2026-09-30,CABLE ASSEMBLY,DIBBS|SPE4A526T449D|4920-01-607-6861,C10,Harnesses / Cable Assemblies / Box Builds,CABLE ASSEMBLY,CABLE ASSEMBLY,False,adjacent,,"DIBBS RFQ Text Search result, AMSC field, retrieved 20260930T163531Z",open by deadline
SPE4A626T36YB,5995-01-578-8313,SPE4A626T36YB,09-25-2026,10-02-2026,2026-09-24 09:22:26,Origin,Origin,Tech,7018447070,https://dibbs2.bsm.dla.mil/Downloads/RFQ/B/SPE4A626T36YB.PDF,https://www.dibbs.bsm.dla.mil/RFQ/RFQRec.aspx?sn=SPE4A626T36YB,https://www.dibbs.bsm.dla.mil/rfq/rfqrec.aspx?sn=SPE4A626T36YB,CABLE ASSEMBLY,2,20260930T163531Z,5995-01-578-8313,"CABLE ASSEMBLY,RADI",G,334419,1.0,,,2026-09-25,2026-10-02,CABLE ASSEMBLY,DIBBS|SPE4A626T36YB|5995-01-578-8313,C10,Harnesses / Cable Assemblies / Box Builds,CABLE ASSEMBLY,CABLE ASSEMBLY,False,adjacent,,"DIBBS RFQ Text Search result, AMSC field, retrieved 20260930T163531Z",open by deadline
SPE4A626T36XY,5995-01-717-3793,SPE4A626T36XY,09-25-2026,10-02-2026,2026-09-24 09:22:26,Origin,Destination,Tech,7018436979,https://dibbs2.bsm.dla.mil/Downloads/RFQ/Y/SPE4A626T36XY.PDF,https://www.dibbs.bsm.dla.mil/RFQ/RFQRec.aspx?sn=SPE4A626T36XY,https://www.dibbs.bsm.dla.mil/rfq/rfqrec.aspx?sn=SPE4A626T36XY,CABLE ASSEMBLY,2,20260930T163531Z,5995-01-717-3793,"CABLE ASSEMBLY,RADIO F",G,335931,1.0,,,2026-09-25,2026-10-02,CABLE ASSEMBLY,DIBBS|SPE4A626T36XY|5995-01-717-3793,C10,Harnesses / Cable Assemblies / Box Builds,CABLE ASSEMBLY,CABLE ASSEMBLY,False,adjacent,,"DIBBS RFQ Text Search result, AMSC field, retrieved 20260930T163531Z",open by deadline
SPE4A626T31QU,5995-00-772-8815,SPE4A626T31QU,09-17-2026,09-29-2026,2026-09-24 07:22:01,Origin,Origin,Tech,7018379586,https://dibbs2.bsm.dla.mil/Downloads/RFQ/U/SPE4A626T31QU.PDF,https://www.dibbs.bsm.dla.mil/RFQ/RFQRec.aspx?sn=SPE4A626T31QU,https://www.dibbs.bsm.dla.mil/rfq/rfqrec.aspx?sn=SPE4A626T31QU,CABLE ASSEMBLY,2,20260930T163531Z,5995-00-772-8815,"CABLE ASSEMBLY,SPECIAL",G,336992,3.0,,,2026-09-17,2026-09-29,CABLE ASSEMBLY,DIBBS|SPE4A626T31QU|5995-00-772-8815,C10,Harnesses / Cable Assemblies / Box Builds,CABLE ASSEMBLY,CABLE ASSEMBLY,False,adjacent,,"DIBBS RFQ Text Search result, AMSC field, retrieved 20260930T163531Z",past deadline
SPE4A626T36WD,6150-01-569-7731,SPE4A626T36WD,09-25-2026,10-02-2026,2026-09-24 06:52:53,Origin,Origin,Tech,7018451764,https://dibbs2.bsm.dla.mil/Downloads/RFQ/D/SPE4A626T36WD.PDF,https://www.dibbs.bsm.dla.mil/RFQ/RFQRec.aspx?sn=SPE4A626T36WD,https://www.dibbs.bsm.dla.mil/rfq/rfqrec.aspx?sn=SPE4A626T36WD,CABLE ASSEMBLY,2,20260930T163531Z,6150-01-569-7731,"CABLE ASSEMBLY,SPEC",G,334419,1.0,,,2026-09-25,2026-10-02,CABLE ASSEMBLY,DIBBS|SPE4A626T36WD|6150-01-569-7731,C10,Harnesses / Cable Assemblies / Box Builds,CABLE ASSEMBLY,CABLE ASSEMBLY,False,adjacent,,"DIBBS RFQ Text Search result, AMSC field, retrieved 20260930T163531Z",open by deadline
SPE4A626T27BJ,5995-01-412-5883,SPE4A626T27BJ,09-08-2026,09-29-2026,2026-09-24 06:52:47,Origin,Destination,Tech,7017730384,https://dibbs2.bsm.dla.mil/Downloads/RFQ/J/SPE4A626T27BJ.PDF,https://www.dibbs.bsm.dla.mil/RFQ/RFQRec.aspx?sn=SPE4A626T27BJ,https://www.dibbs.bsm.dla.mil/rfq/rfqrec.aspx?sn=SPE4A626T27BJ,CABLE ASSEMBLY,2,20260930T163531Z,5995-01-412-5883,"CABLE ASSEMBLY,SPEC",G,334419,3.0,,,2026-09-08,2026-09-29,CABLE ASSEMBLY,DIBBS|SPE4A626T27BJ|5995-01-412-5883,C10,Harnesses / Cable Assemblies / Box Builds,CABLE ASSEMBLY,CABLE ASSEMBLY,False,adjacent,,"DIBBS RFQ Text Search result, AMSC field, retrieved 20260930T163531Z",past deadline
SPE4A626T31SC,5995-01-612-2152,SPE4A626T31SC,09-17-2026,09-29-2026,2026-09-24 06:52:38,Origin,Destination,Tech,7018379013,https://dibbs2.bsm.dla.mil/Downloads/RFQ/C/SPE4A626T31SC.PDF,https://www.dibbs.bsm.dla.mil/RFQ/RFQRec.aspx?sn=SPE4A626T31SC,https://www.dibbs.bsm.dla.mil/rfq/rfqrec.aspx?sn=SPE4A626T31SC,CABLE ASSEMBLY,2,20260930T163531Z,5995-01-612-2152,"CABLE ASSEMBLY,RADIO F",G,334419,5.0,,,2026-09-17,2026-09-29,CABLE ASSEMBLY,DIBBS|SPE4A626T31SC|5995-01-612-2152,C10,Harnesses / Cable Assemblies / Box Builds,CABLE ASSEMBLY,CABLE ASSEMBLY,False,adjacent,,"DIBBS RFQ Text Search result, AMSC field, retrieved 20260930T163531Z",past deadline
SPE4A626T36VC,5995-01-721-8563,SPE4A626T36VC,09-25-2026,10-02-2026,2026-09-24 04:56:31,Destination,Destination,Tech,7014998779,https://dibbs2.bsm.dla.mil/Downloads/RFQ/C/SPE4A626T36VC.PDF,https://www.dibbs.bsm.dla.mil/RFQ/RFQRec.aspx?sn=SPE4A626T36VC,https://www.dibbs.bsm.dla.mil/rfq/rfqrec.aspx?sn=SPE4A626T36VC,CABLE ASSEMBLY,2,20260930T163531Z,5995-01-721-8563,"CABLE ASSEMBLY,SPEC",G,335931,1.0,,,2026-09-25,2026-10-02,CABLE ASSEMBLY,DIBBS|SPE4A626T36VC|5995-01-721-8563,C10,Harnesses / Cable Assemblies / Box Builds,CABLE ASSEMBLY,CABLE ASSEMBLY,False,adjacent,,"DIBBS RFQ Text Search result, AMSC field, retrieved 20260930T163531Z",open by deadline
SPE4A626T36UX,6150-01-674-3347,SPE4A626T36UX,09-25-2026,10-02-2026,2026-09-24 04:56:31,Origin,Origin,Tech,7018247337,https://dibbs2.bsm.dla.mil/Downloads/RFQ/X/SPE4A626T36UX.PDF,https://www.dibbs.bsm.dla.mil/RFQ/RFQRec.aspx?sn=SPE4A626T36UX,https://www.dibbs.bsm.dla.mil/rfq/rfqrec.aspx?sn=SPE4A626T36UX,CABLE ASSEMBLY,2,20260930T163531Z,6150-01-674-3347,"CABLE ASSEMBLY,POWER,E",G,335311,13.0,,,2026-09-25,2026-10-02,CABLE ASSEMBLY,DIBBS|SPE4A626T36UX|6150-01-674-3347,C10,Harnesses / Cable Assemblies / Box Builds,CABLE ASSEMBLY,CABLE ASSEMBLY,False,adjacent,,"DIBBS RFQ Text Search result, AMSC field, retrieved 20260930T163531Z",open by deadline
SPE4A626T36SR,5995-01-698-2842,SPE4A626T36SR,09-25-2026,10-02-2026,2026-09-24 01:47:21,Origin,Origin,Tech,7017740646,https://dibbs2.bsm.dla.mil/Downloads/RFQ/R/SPE4A626T36SR.PDF,https://www.dibbs.bsm.dla.mil/RFQ/RFQRec.aspx?sn=SPE4A626T36SR,https://www.dibbs.bsm.dla.mil/rfq/rfqrec.aspx?sn=SPE4A626T36SR,CABLE ASSEMBLY,2,20260930T163531Z,5995-01-698-2842,"CABLE ASSEMBLY,SPEC",G,335931,2.0,,,2026-09-25,2026-10-02,CABLE ASSEMBLY,DIBBS|SPE4A626T36SR|5995-01-698-2842,C10,Harnesses / Cable Assemblies / Box Builds,CABLE ASSEMBLY,CABLE ASSEMBLY,False,adjacent,,"DIBBS RFQ Text Search result, AMSC field, retrieved 20260930T163531Z",open by deadline
SPE4A626T36RK,6150-01-561-7521,SPE4A626T36RK,09-25-2026,10-02-2026,2026-09-24 12:47:09,Origin,Origin,Tech,7017696804,https://dibbs2.bsm.dla.mil/Downloads/RFQ/K/SPE4A626T36RK.PDF,https://www.dibbs.bsm.dla.mil/RFQ/RFQRec.aspx?sn=SPE4A626T36RK,https://www.dibbs.bsm.dla.mil/rfq/rfqrec.aspx?sn=SPE4A626T36RK,CABLE ASSEMBLY,2,20260930T163531Z,6150-01-561-7521,"CABLE ASSEMBLY,SPEC",G,334419,3.0,,,2026-09-25,2026-10-02,CABLE ASSEMBLY,DIBBS|SPE4A626T36RK|6150-01-561-7521,C10,Harnesses / Cable Assemblies / Box Builds,CABLE ASSEMBLY,CABLE ASSEMBLY,False,adjacent,,"DIBBS RFQ Text Search result, AMSC field, retrieved 20260930T163531Z",open by deadline
SPE4A626T36ND,6150-01-669-2680,SPE4A626T36ND,09-25-2026,10-02-2026,2026-09-24 11:05:34,Origin,Origin,Tech,7018468186,https://dibbs2.bsm.dla.mil/Downloads/RFQ/D/SPE4A626T36ND.PDF,https://www.dibbs.bsm.dla.mil/RFQ/RFQRec.aspx?sn=SPE4A626T36ND,https://www.dibbs.bsm.dla.mil/rfq/rfqrec.aspx?sn=SPE4A626T36ND,CABLE ASSEMBLY,2,20260930T163531Z,6150-01-669-2680,"CABLE ASSEMBLY,SPECIAL",G,335311,44.0,,,2026-09-25,2026-10-02,CABLE ASSEMBLY,DIBBS|SPE4A626T36ND|6150-01-669-2680,C10,Harnesses / Cable Assemblies / Box Builds,CABLE ASSEMBLY,CABLE ASSEMBLY,False,adjacent,,"DIBBS RFQ Text Search result, AMSC field, retrieved 20260930T163531Z",open by deadline
SPE4A626T36NA,5995-01-729-2493,SPE4A626T36NA,09-25-2026,10-02-2026,2026-09-24 11:05:34,Origin,Destination,Tech,7018437812,https://dibbs2.bsm.dla.mil/Downloads/RFQ/A/SPE4A626T36NA.PDF,https://www.dibbs.bsm.dla.mil/RFQ/RFQRec.aspx?sn=SPE4A626T36NA,https://www.dibbs.bsm.dla.mil/rfq/rfqrec.aspx?sn=SPE4A626T36NA,CABLE ASSEMBLY,2,20260930T163531Z,5995-01-729-2493,"CABLE ASSEMBLY,SPECIAL",G,335931,1.0,,,2026-09-25,2026-10-02,CABLE ASSEMBLY,DIBBS|SPE4A626T36NA|5995-01-729-2493,C10,Harnesses / Cable Assemblies / Box Builds,CABLE ASSEMBLY,CABLE ASSEMBLY,False,adjacent,,"DIBBS RFQ Text Search result, AMSC field, retrieved 20260930T163531Z",open by deadline
SPE4A626T36JR,5995-01-615-4057,SPE4A626T36JR,09-25-2026,10-02-2026,2026-09-24 09:35:24,Destination,Origin,Tech,7018446271,https://dibbs2.bsm.dla.mil/Downloads/RFQ/R/SPE4A626T36JR.PDF,https://www.dibbs.bsm.dla.mil/RFQ/RFQRec.aspx?sn=SPE4A626T36JR,https://www.dibbs.bsm.dla.mil/rfq/rfqrec.aspx?sn=SPE4A626T36JR,CABLE ASSEMBLY,2,20260930T163531Z,5995-01-615-4057,"CABLE ASSEMBLY,SPECIAL",G,334419,1.0,,,2026-09-25,2026-10-02,CABLE ASSEMBLY,DIBBS|SPE4A626T36JR|5995-01-615-4057,C10,Harnesses / Cable Assemblies / Box Builds,CABLE ASSEMBLY,CABLE ASSEMBLY,False,adjacent,,"DIBBS RFQ Text Search result, AMSC field, retrieved 20260930T163531Z",open by deadline
SPE4A626T36LN,6150-15-035-4167,SPE4A626T36LN,09-25-2026,10-02-2026,2026-09-24 09:35:24,Origin,Destination,Tech,7018436987,https://dibbs2.bsm.dla.mil/Downloads/RFQ/N/SPE4A626T36LN.PDF,https://www.dibbs.bsm.dla.mil/RFQ/RFQRec.aspx?sn=SPE4A626T36LN,https://www.dibbs.bsm.dla.mil/rfq/rfqrec.aspx?sn=SPE4A626T36LN,CABLE ASSEMBLY,2,20260930T163531Z,6150-15-035-4167,"CABLE ASSEMBLY,SPECIAL",G,335311,1.0,,,2026-09-25,2026-10-02,CABLE ASSEMBLY,DIBBS|SPE4A626T36LN|6150-15-035-4167,C10,Harnesses / Cable Assemblies / Box Builds,CABLE ASSEMBLY,CABLE ASSEMBLY,False,adjacent,,"DIBBS RFQ Text Search result, AMSC field, retrieved 20260930T163531Z",open by deadline
SPE4A626T36HX,6150-01-498-0550,SPE4A626T36HX,09-25-2026,10-02-2026,2026-09-24 09:35:24,Origin,Origin,Tech,7018446323,https://dibbs2.bsm.dla.mil/Downloads/RFQ/X/SPE4A626T36HX.PDF,https://www.dibbs.bsm.dla.mil/RFQ/RFQRec.aspx?sn=SPE4A626T36HX,https://www.dibbs.bsm.dla.mil/rfq/rfqrec.aspx?sn=SPE4A626T36HX,CABLE ASSEMBLY,2,20260930T163531Z,6150-01-498-0550,"CABLE ASSEMBLY,RIBBON,",G,334419,1.0,,,2026-09-25,2026-10-02,CABLE ASSEMBLY,DIBBS|SPE4A626T36HX|6150-01-498-0550,C10,Harnesses / Cable Assemblies / Box Builds,CABLE ASSEMBLY,CABLE ASSEMBLY,False,adjacent,,"DIBBS RFQ Text Search result, AMSC field, retrieved 20260930T163531Z",open by deadline
SPE4A626T36KV,5995-01-669-1717,SPE4A626T36KV,09-25-2026,10-02-2026,2026-09-24 09:35:24,Destination,Destination,Tech,7018445148,https://dibbs2.bsm.dla.mil/Downloads/RFQ/V/SPE4A626T36KV.PDF,https://www.dibbs.bsm.dla.mil/RFQ/RFQRec.aspx?sn=SPE4A626T36KV,https://www.dibbs.bsm.dla.mil/rfq/rfqrec.aspx?sn=SPE4A626T36KV,CABLE ASSEMBLY,2,20260930T163531Z,5995-01-669-1717,"CABLE ASSEMBLY,SPEC",G,335931,1.0,,,2026-09-25,2026-10-02,CABLE ASSEMBLY,DIBBS|SPE4A626T36KV|5995-01-669-1717,C10,Harnesses / Cable Assemblies / Box Builds,CABLE ASSEMBLY,CABLE ASSEMBLY,False,adjacent,,"DIBBS RFQ Text Search result, AMSC field, retrieved 20260930T163531Z",open by deadline
SPE4A626T36KC,6150-01-655-9101,SPE4A626T36KC,09-25-2026,10-02-2026,2026-09-24 09:35:24,Origin,Destination,Tech,7018446305,https://dibbs2.bsm.dla.mil/Downloads/RFQ/C/SPE4A626T36KC.PDF,https://www.dibbs.bsm.dla.mil/RFQ/RFQRec.aspx?sn=SPE4A626T36KC,https://www.dibbs.bsm.dla.mil/rfq/rfqrec.aspx?sn=SPE4A626T36KC,CABLE ASSEMBLY,2,20260930T163531Z,6150-01-655-9101,"CABLE ASSEMBLY,SPECIAL",G,335311,5.0,,,2026-09-25,2026-10-02,CABLE ASSEMBLY,DIBBS|SPE4A626T36KC|6150-01-655-9101,C10,Harnesses / Cable Assemblies / Box Builds,CABLE ASSEMBLY,CABLE ASSEMBLY,False,adjacent,,"DIBBS RFQ Text Search result, AMSC field, retrieved 20260930T163531Z",open by deadline
SPE7L426T7210,6150-01-454-6623,SPE7L426T7210,09-25-2026,10-05-2026,2026-09-24 07:33:48,Origin,Origin,Tech,7018497657,https://dibbs2.bsm.dla.mil/Downloads/RFQ/0/SPE7L426T7210.PDF,https://www.dibbs.bsm.dla.mil/RFQ/RFQRec.aspx?sn=SPE7L426T7210,https://www.dibbs.bsm.dla.mil/rfq/rfqrec.aspx?sn=SPE7L426T7210,CABLE ASSEMBLY,2,20260930T163531Z,6150-01-454-6623,"CABLE ASSEMBLY,SPECIAL",G,334419,5.0,,,2026-09-25,2026-10-05,CABLE ASSEMBLY,DIBBS|SPE7L426T7210|6150-01-454-6623,C10,Harnesses / Cable Assemblies / Box Builds,CABLE ASSEMBLY,CABLE ASSEMBLY,False,adjacent,,"DIBBS RFQ Text Search result, AMSC field, retrieved 20260930T163531Z",open by deadline
SPE7M226T7017,5995-01-653-9449,SPE7M226T7017,09-25-2026,10-05-2026,2026-09-24 07:06:10,Origin,Destination,Tech,7018496288,https://dibbs2.bsm.dla.mil/Downloads/RFQ/7/SPE7M226T7017.PDF,https://www.dibbs.bsm.dla.mil/RFQ/RFQRec.aspx?sn=SPE7M226T7017,https://www.dibbs.bsm.dla.mil/rfq/rfqrec.aspx?sn=SPE7M226T7017,CABLE ASSEMBLY,2,20260930T163531Z,5995-01-653-9449,"CABLE ASSEMBLY,SPECIAL",G,335931,3.0,,,2026-09-25,2026-10-05,CABLE ASSEMBLY,DIBBS|SPE7M226T7017|5995-01-653-9449,C10,Harnesses / Cable Assemblies / Box Builds,CABLE ASSEMBLY,CABLE ASSEMBLY,False,adjacent,,"DIBBS RFQ Text Search result, AMSC field, retrieved 20260930T163531Z",open by deadline
SPE7M226T7029,6020-01-658-7070,SPE7M226T7029,09-25-2026,10-05-2026,2026-09-24 07:06:10,Origin,Destination,Tech,7018496099,https://dibbs2.bsm.dla.mil/Downloads/RFQ/9/SPE7M226T7029.PDF,https://www.dibbs.bsm.dla.mil/RFQ/RFQRec.aspx?sn=SPE7M226T7029,https://www.dibbs.bsm.dla.mil/rfq/rfqrec.aspx?sn=SPE7M226T7029,CABLE ASSEMBLY,2,20260930T163531Z,6020-01-658-7070,"CABLE ASSEMBLY,FIBER O",G,335921,11.0,,,2026-09-25,2026-10-05,BOX; CABLE ASSEMBLY,DIBBS|SPE7M226T7029|6020-01-658-7070,C10,Harnesses / Cable Assemblies / Box Builds,CABLE ASSEMBLY,CABLE ASSEMBLY,False,adjacent,,"DIBBS RFQ Text Search result, AMSC field, retrieved 20260930T163531Z",open by deadline
SPE7L326T282R,2590-01-677-8642,SPE7L326T282R,09-25-2026,10-05-2026,2026-09-24 07:06:10,Origin,Origin,Tech,7018495006,https://dibbs2.bsm.dla.mil/Downloads/RFQ/R/SPE7L326T282R.PDF,https://www.dibbs.bsm.dla.mil/RFQ/RFQRec.aspx?sn=SPE7L326T282R,https://www.dibbs.bsm.dla.mil/rfq/rfqrec.aspx?sn=SPE7L326T282R,CABLE ASSEMBLY,2,20260930T163531Z,2590-01-677-8642,"CABLE ASSEMBLY,CONTROL",G,333310,71.0,,,2026-09-25,2026-10-05,CABLE ASSEMBLY,DIBBS|SPE7L326T282R|2590-01-677-8642,C10,Harnesses / Cable Assemblies / Box Builds,CABLE ASSEMBLY,CABLE ASSEMBLY,False,adjacent,,"DIBBS RFQ Text Search result, AMSC field, retrieved 20260930T163531Z",open by deadline
SPE4A626T36FL,6150-01-672-6451,SPE4A626T36FL,09-24-2026,10-01-2026,2026-09-23 06:19:42,Origin,Origin,Tech,7018343320,https://dibbs2.bsm.dla.mil/Downloads/RFQ/L/SPE4A626T36FL.PDF,https://www.dibbs.bsm.dla.mil/RFQ/RFQRec.aspx?sn=SPE4A626T36FL,https://www.dibbs.bsm.dla.mil/rfq/rfqrec.aspx?sn=SPE4A626T36FL,CABLE ASSEMBLY,2,20260930T163531Z,6150-01-672-6451,"CABLE ASSEMBLY,SPECIAL",G,335311,3.0,,,2026-09-24,2026-10-01,CABLE ASSEMBLY,DIBBS|SPE4A626T36FL|6150-01-672-6451,C10,Harnesses / Cable Assemblies / Box Builds,CABLE ASSEMBLY,CABLE ASSEMBLY,False,adjacent,,"DIBBS RFQ Text Search result, AMSC field, retrieved 20260930T163531Z",open by deadline
SPE4A626T30CG,6150-01-583-5373,SPE4A626T30CG,09-16-2026,09-28-2026,2026-09-23 06:19:02,Origin,Origin,Tech,7018342074,https://dibbs2.bsm.dla.mil/Downloads/RFQ/G/SPE4A626T30CG.PDF,https://www.dibbs.bsm.dla.mil/RFQ/RFQRec.aspx?sn=SPE4A626T30CG,https://www.dibbs.bsm.dla.mil/rfq/rfqrec.aspx?sn=SPE4A626T30CG,CABLE ASSEMBLY,2,20260930T163531Z,6150-01-583-5373,"CABLE ASSEMBLY,SPECIAL",G,334419,3.0,,,2026-09-16,2026-09-28,CABLE ASSEMBLY,DIBBS|SPE4A626T30CG|6150-01-583-5373,C10,Harnesses / Cable Assemblies / Box Builds,CABLE ASSEMBLY,CABLE ASSEMBLY,False,adjacent,,"DIBBS RFQ Text Search result, AMSC field, retrieved 20260930T163531Z",past deadline
SPE4A626T36BA,5995-01-110-4497,SPE4A626T36BA,09-24-2026,10-01-2026,2026-09-23 04:54:57,Origin,Origin,Tech,7018459034,https://dibbs2.bsm.dla.mil/Downloads/RFQ/A/SPE4A626T36BA.PDF,https://www.dibbs.bsm.dla.mil/RFQ/RFQRec.aspx?sn=SPE4A626T36BA,https://www.dibbs.bsm.dla.mil/rfq/rfqrec.aspx?sn=SPE4A626T36BA,CABLE ASSEMBLY,2,20260930T163531Z,5995-01-110-4497,"CABLE ASSEMBLY,SPECIAL",G,334419,1.0,,,2026-09-24,2026-10-01,CABLE ASSEMBLY,DIBBS|SPE4A626T36BA|5995-01-110-4497,C10,Harnesses / Cable Assemblies / Box Builds,CABLE ASSEMBLY,CABLE ASSEMBLY,False,adjacent,,"DIBBS RFQ Text Search result, AMSC field, retrieved 20260930T163531Z",open by deadline
SPE4A626T36BW,5995-01-684-0876,SPE4A626T36BW,09-24-2026,10-01-2026,2026-09-23 04:54:57,Origin,Origin,Tech,7018459267,https://dibbs2.bsm.dla.mil/Downloads/RFQ/W/SPE4A626T36BW.PDF,https://www.dibbs.bsm.dla.mil/RFQ/RFQRec.aspx?sn=SPE4A626T36BW,https://www.dibbs.bsm.dla.mil/rfq/rfqrec.aspx?sn=SPE4A626T36BW,CABLE ASSEMBLY,2,20260930T163531Z,5995-01-684-0876,"CABLE ASSEMBLY,SPECIAL",G,335931,2.0,,,2026-09-24,2026-10-01,CABLE ASSEMBLY,DIBBS|SPE4A626T36BW|5995-01-684-0876,C10,Harnesses / Cable Assemblies / Box Builds,CABLE ASSEMBLY,CABLE ASSEMBLY,False,adjacent,,"DIBBS RFQ Text Search result, AMSC field, retrieved 20260930T163531Z",open by deadline
SPE4A626T36AA,5995-01-187-4980,SPE4A626T36AA,09-24-2026,10-01-2026,2026-09-23 04:54:57,Origin,Destination,Tech,7018458515,https://dibbs2.bsm.dla.mil/Downloads/RFQ/A/SPE4A626T36AA.PDF,https://www.dibbs.bsm.dla.mil/RFQ/RFQRec.aspx?sn=SPE4A626T36AA,https://www.dibbs.bsm.dla.mil/rfq/rfqrec.aspx?sn=SPE4A626T36AA,CABLE ASSEMBLY,2,20260930T163531Z,5995-01-187-4980,"CABLE ASSEMBLY,RADIO F",G,334419,26.0,,,2026-09-24,2026-10-01,CABLE ASSEMBLY,DIBBS|SPE4A626T36AA|5995-01-187-4980,C10,Harnesses / Cable Assemblies / Box Builds,CABLE ASSEMBLY,CABLE ASSEMBLY,False,adjacent,,"DIBBS RFQ Text Search result, AMSC field, retrieved 20260930T163531Z",open by deadline
SPE4A626T36CB,6150-01-571-3096,SPE4A626T36CB,09-24-2026,10-01-2026,2026-09-23 04:54:56,Origin,Origin,Tech,7018457896,https://dibbs2.bsm.dla.mil/Downloads/RFQ/B/SPE4A626T36CB.PDF,https://www.dibbs.bsm.dla.mil/RFQ/RFQRec.aspx?sn=SPE4A626T36CB,https://www.dibbs.bsm.dla.mil/rfq/rfqrec.aspx?sn=SPE4A626T36CB,CABLE ASSEMBLY,3,20260930T163549Z,6150-01-571-3096,"CABLE ASSEMBLY,SPECIAL",G,332510,3.0,,,2026-09-24,2026-10-01,CABLE ASSEMBLY,DIBBS|SPE4A626T36CB|6150-01-571-3096,C10,Harnesses / Cable Assemblies / Box Builds,CABLE ASSEMBLY,CABLE ASSEMBLY,False,adjacent,,"DIBBS RFQ Text Search result, AMSC field, retrieved 20260930T163549Z",open by deadline
SPE4A626T36CX,5995-01-620-3186,SPE4A626T36CX,09-24-2026,10-01-2026,2026-09-23 04:54:56,Origin,Origin,Tech,7018458168,https://dibbs2.bsm.dla.mil/Downloads/RFQ/X/SPE4A626T36CX.PDF,https://www.dibbs.bsm.dla.mil/RFQ/RFQRec.aspx?sn=SPE4A626T36CX,https://www.dibbs.bsm.dla.mil/rfq/rfqrec.aspx?sn=SPE4A626T36CX,CABLE ASSEMBLY,3,20260930T163549Z,5995-01-620-3186,"CABLE ASSEMBLY,SPECIAL",G,334220,2.0,,,2026-09-24,2026-10-01,CABLE ASSEMBLY,DIBBS|SPE4A626T36CX|5995-01-620-3186,C10,Harnesses / Cable Assemblies / Box Builds,CABLE ASSEMBLY,CABLE ASSEMBLY,False,adjacent,,"DIBBS RFQ Text Search result, AMSC field, retrieved 20260930T163549Z",open by deadline
SPE4A626T36AC,6150-01-463-3389,SPE4A626T36AC,09-24-2026,10-01-2026,2026-09-23 04:54:56,Origin,Origin,Tech,7018459075,https://dibbs2.bsm.dla.mil/Downloads/RFQ/C/SPE4A626T36AC.PDF,https://www.dibbs.bsm.dla.mil/RFQ/RFQRec.aspx?sn=SPE4A626T36AC,https://www.dibbs.bsm.dla.mil/rfq/rfqrec.aspx?sn=SPE4A626T36AC,CABLE ASSEMBLY,3,20260930T163549Z,6150-01-463-3389,"CABLE ASSEMBLY,SPECIAL",G,334419,7.0,,,2026-09-24,2026-10-01,CABLE ASSEMBLY,DIBBS|SPE4A626T36AC|6150-01-463-3389,C10,Harnesses / Cable Assemblies / Box Builds,CABLE ASSEMBLY,CABLE ASSEMBLY,False,adjacent,,"DIBBS RFQ Text Search result, AMSC field, retrieved 20260930T163549Z",open by deadline
SPE4A626T36AZ,6150-01-312-4179,SPE4A626T36AZ,09-24-2026,10-01-2026,2026-09-23 04:54:56,Origin,Origin,Tech,7018470558,https://dibbs2.bsm.dla.mil/Downloads/RFQ/Z/SPE4A626T36AZ.PDF,https://www.dibbs.bsm.dla.mil/RFQ/RFQRec.aspx?sn=SPE4A626T36AZ,https://www.dibbs.bsm.dla.mil/rfq/rfqrec.aspx?sn=SPE4A626T36AZ,CABLE ASSEMBLY,3,20260930T163549Z,6150-01-312-4179,"CABLE ASSEMBLY,SPECIAL",G,334419,45.0,,,2026-09-24,2026-10-01,CABLE ASSEMBLY,DIBBS|SPE4A626T36AZ|6150-01-312-4179,C10,Harnesses / Cable Assemblies / Box Builds,CABLE ASSEMBLY,CABLE ASSEMBLY,False,adjacent,,"DIBBS RFQ Text Search result, AMSC field, retrieved 20260930T163549Z",open by deadline
SPE4A626T35XQ,6150-01-642-7485,SPE4A626T35XQ,09-24-2026,10-01-2026,2026-09-23 12:34:25,Origin,Origin,Tech,7015604440,https://dibbs2.bsm.dla.mil/Downloads/RFQ/Q/SPE4A626T35XQ.PDF,https://www.dibbs.bsm.dla.mil/RFQ/RFQRec.aspx?sn=SPE4A626T35XQ,https://www.dibbs.bsm.dla.mil/rfq/rfqrec.aspx?sn=SPE4A626T35XQ,CABLE ASSEMBLY,3,20260930T163549Z,6150-01-642-7485,"CABLE ASSEMBLY,SPEC",G,335999,6.0,,,2026-09-24,2026-10-01,CABLE ASSEMBLY,DIBBS|SPE4A626T35XQ|6150-01-642-7485,C10,Harnesses / Cable Assemblies / Box Builds,CABLE ASSEMBLY,CABLE ASSEMBLY,False,adjacent,,"DIBBS RFQ Text Search result, AMSC field, retrieved 20260930T163549Z",open by deadline
SPE4A626T35XD,5995-01-501-7277,SPE4A626T35XD,09-24-2026,10-01-2026,2026-09-23 10:38:14,Origin,Origin,Tech,7017108106,https://dibbs2.bsm.dla.mil/Downloads/RFQ/D/SPE4A626T35XD.PDF,https://www.dibbs.bsm.dla.mil/RFQ/RFQRec.aspx?sn=SPE4A626T35XD,https://www.dibbs.bsm.dla.mil/rfq/rfqrec.aspx?sn=SPE4A626T35XD,CABLE ASSEMBLY,3,20260930T163549Z,5995-01-501-7277,"CABLE ASSEMBLY,RADI",G,334419,8.0,,,2026-09-24,2026-10-01,CABLE ASSEMBLY,DIBBS|SPE4A626T35XD|5995-01-501-7277,C10,Harnesses / Cable Assemblies / Box Builds,CABLE ASSEMBLY,CABLE ASSEMBLY,False,adjacent,,"DIBBS RFQ Text Search result, AMSC field, retrieved 20260930T163549Z",open by deadline
SPE4A626T35XE,5995-01-501-7277,SPE4A626T35XE,09-24-2026,10-01-2026,2026-09-23 10:38:14,Origin,Origin,Tech,7016644577,https://dibbs2.bsm.dla.mil/Downloads/RFQ/E/SPE4A626T35XE.PDF,https://www.dibbs.bsm.dla.mil/RFQ/RFQRec.aspx?sn=SPE4A626T35XE,https://www.dibbs.bsm.dla.mil/rfq/rfqrec.aspx?sn=SPE4A626T35XE,CABLE ASSEMBLY,3,20260930T163549Z,5995-01-501-7277,"CABLE ASSEMBLY,RADI",G,334419,6.0,,,2026-09-24,2026-10-01,CABLE ASSEMBLY,DIBBS|SPE4A626T35XE|5995-01-501-7277,C10,Harnesses / Cable Assemblies / Box Builds,CABLE ASSEMBLY,CABLE ASSEMBLY,False,adjacent,,"DIBBS RFQ Text Search result, AMSC field, retrieved 20260930T163549Z",open by deadline
SPE4A626T29HB,5995-01-698-2842,SPE4A626T29HB,09-15-2026,09-25-2026,2026-09-22 06:19:54,Origin,Origin,Tech,7017493470,https://dibbs2.bsm.dla.mil/Downloads/RFQ/B/SPE4A626T29HB.PDF,https://www.dibbs.bsm.dla.mil/RFQ/RFQRec.aspx?sn=SPE4A626T29HB,https://www.dibbs.bsm.dla.mil/rfq/rfqrec.aspx?sn=SPE4A626T29HB,CABLE ASSEMBLY,3,20260930T163549Z,5995-01-698-2842,"CABLE ASSEMBLY,SPEC",G,335931,1.0,,,2026-09-15,2026-09-25,CABLE ASSEMBLY,DIBBS|SPE4A626T29HB|5995-01-698-2842,C10,Harnesses / Cable Assemblies / Box Builds,CABLE ASSEMBLY,CABLE ASSEMBLY,False,adjacent,,"DIBBS RFQ Text Search result, AMSC field, retrieved 20260930T163549Z",past deadline
SPE4A526T425M,4920-01-695-4302,SPE4A526T425M,09-15-2026,09-25-2026,2026-09-22 06:19:49,Origin,Origin,Tech,7018069038,https://dibbs2.bsm.dla.mil/Downloads/RFQ/M/SPE4A526T425M.PDF,https://www.dibbs.bsm.dla.mil/RFQ/RFQRec.aspx?sn=SPE4A526T425M,https://www.dibbs.bsm.dla.mil/rfq/rfqrec.aspx?sn=SPE4A526T425M,CABLE ASSEMBLY,3,20260930T163549Z,4920-01-695-4302,"CABLE ASSEMBLY,INTERFA",G,334419,10.0,,,2026-09-15,2026-09-25,CABLE ASSEMBLY,DIBBS|SPE4A526T425M|4920-01-695-4302,C10,Harnesses / Cable Assemblies / Box Builds,CABLE ASSEMBLY,CABLE ASSEMBLY,False,adjacent,,"DIBBS RFQ Text Search result, AMSC field, retrieved 20260930T163549Z",past deadline
SPE4A626T35VQ,5995-01-680-2076,SPE4A626T35VQ,09-23-2026,09-30-2026,2026-09-22 03:37:39,Origin,Destination,Tech,7015629117,https://dibbs2.bsm.dla.mil/Downloads/RFQ/Q/SPE4A626T35VQ.PDF,https://www.dibbs.bsm.dla.mil/RFQ/RFQRec.aspx?sn=SPE4A626T35VQ,https://www.dibbs.bsm.dla.mil/rfq/rfqrec.aspx?sn=SPE4A626T35VQ,CABLE ASSEMBLY,3,20260930T163549Z,5995-01-680-2076,"CABLE ASSEMBLY,RADI",G,335931,1.0,,,2026-09-23,2026-09-30,CABLE ASSEMBLY,DIBBS|SPE4A626T35VQ|5995-01-680-2076,C10,Harnesses / Cable Assemblies / Box Builds,CABLE ASSEMBLY,CABLE ASSEMBLY,False,adjacent,,"DIBBS RFQ Text Search result, AMSC field, retrieved 20260930T163549Z",open by deadline
SPE4A626T35VP,1420-01-714-8769,SPE4A626T35VP,09-23-2026,09-30-2026,2026-09-22 03:37:39,Origin,Origin,Tech,7017226608,https://dibbs2.bsm.dla.mil/Downloads/RFQ/P/SPE4A626T35VP.PDF,https://www.dibbs.bsm.dla.mil/RFQ/RFQRec.aspx?sn=SPE4A626T35VP,https://www.dibbs.bsm.dla.mil/rfq/rfqrec.aspx?sn=SPE4A626T35VP,CABLE ASSEMBLY,3,20260930T163549Z,1420-01-714-8769,"CABLE ASSEMBLY,SPEC",G,336419,4.0,,,2026-09-23,2026-09-30,CABLE ASSEMBLY,DIBBS|SPE4A626T35VP|1420-01-714-8769,C10,Harnesses / Cable Assemblies / Box Builds,CABLE ASSEMBLY,CABLE ASSEMBLY,False,adjacent,,"DIBBS RFQ Text Search result, AMSC field, retrieved 20260930T163549Z",open by deadline
SPE4A626T35TB,5995-01-406-0096,SPE4A626T35TB,09-23-2026,09-30-2026,2026-09-22 11:42:51,Origin,Origin,Tech,7018458669,https://dibbs2.bsm.dla.mil/Downloads/RFQ/B/SPE4A626T35TB.PDF,https://www.dibbs.bsm.dla.mil/RFQ/RFQRec.aspx?sn=SPE4A626T35TB,https://www.dibbs.bsm.dla.mil/rfq/rfqrec.aspx?sn=SPE4A626T35TB,CABLE ASSEMBLY,3,20260930T163549Z,5995-01-406-0096,"CABLE ASSEMBLY,SPECIAL",G,335931,8.0,,,2026-09-23,2026-09-30,CABLE ASSEMBLY,DIBBS|SPE4A626T35TB|5995-01-406-0096,C10,Harnesses / Cable Assemblies / Box Builds,CABLE ASSEMBLY,CABLE ASSEMBLY,False,adjacent,,"DIBBS RFQ Text Search result, AMSC field, retrieved 20260930T163549Z",open by deadline
SPE4A626T35SG,5995-01-460-7299,SPE4A626T35SG,09-23-2026,09-30-2026,2026-09-22 11:04:21,Origin,Origin,Tech,7018458974,https://dibbs2.bsm.dla.mil/Downloads/RFQ/G/SPE4A626T35SG.PDF,https://www.dibbs.bsm.dla.mil/RFQ/RFQRec.aspx?sn=SPE4A626T35SG,https://www.dibbs.bsm.dla.mil/rfq/rfqrec.aspx?sn=SPE4A626T35SG,CABLE ASSEMBLY,3,20260930T163549Z,5995-01-460-7299,"CABLE ASSEMBLY,SPECIAL",G,334419,13.0,,,2026-09-23,2026-09-30,CABLE ASSEMBLY,DIBBS|SPE4A626T35SG|5995-01-460-7299,C10,Harnesses / Cable Assemblies / Box Builds,CABLE ASSEMBLY,CABLE ASSEMBLY,False,adjacent,,"DIBBS RFQ Text Search result, AMSC field, retrieved 20260930T163549Z",open by deadline
SPE4A626T34ZZ,6150-01-024-6680,SPE4A626T34ZZ,09-23-2026,09-30-2026,2026-09-22 03:47:56,Origin,Origin,Tech,7018458720,https://dibbs2.bsm.dla.mil/Downloads/RFQ/Z/SPE4A626T34ZZ.PDF,https://www.dibbs.bsm.dla.mil/RFQ/RFQRec.aspx?sn=SPE4A626T34ZZ,https://www.dibbs.bsm.dla.mil/rfq/rfqrec.aspx?sn=SPE4A626T34ZZ,CABLE ASSEMBLY,3,20260930T163549Z,6150-01-024-6680,"CABLE ASSEMBLY,SPECIAL",G,334419,6.0,,,2026-09-23,2026-09-30,CABLE ASSEMBLY,DIBBS|SPE4A626T34ZZ|6150-01-024-6680,C10,Harnesses / Cable Assemblies / Box Builds,CABLE ASSEMBLY,CABLE ASSEMBLY,False,adjacent,,"DIBBS RFQ Text Search result, AMSC field, retrieved 20260930T163549Z",open by deadline
SPE4A626T35MQ,6150-01-676-0777,SPE4A626T35MQ,09-23-2026,09-30-2026,2026-09-22 03:47:56,Origin,Origin,Tech,7018459375,https://dibbs2.bsm.dla.mil/Downloads/RFQ/Q/SPE4A626T35MQ.PDF,https://www.dibbs.bsm.dla.mil/RFQ/RFQRec.aspx?sn=SPE4A626T35MQ,https://www.dibbs.bsm.dla.mil/rfq/rfqrec.aspx?sn=SPE4A626T35MQ,CABLE ASSEMBLY,3,20260930T163549Z,6150-01-676-0777,"CABLE ASSEMBLY,POWER,E",G,335311,2.0,,,2026-09-23,2026-09-30,CABLE ASSEMBLY,DIBBS|SPE4A626T35MQ|6150-01-676-0777,C10,Harnesses / Cable Assemblies / Box Builds,CABLE ASSEMBLY,CABLE ASSEMBLY,False,adjacent,,"DIBBS RFQ Text Search result, AMSC field, retrieved 20260930T163549Z",open by deadline
SPE4A626T35GL,6150-01-481-1580,SPE4A626T35GL,09-23-2026,09-30-2026,2026-09-22 03:47:56,Origin,Origin,Tech,7018458041,https://dibbs2.bsm.dla.mil/Downloads/RFQ/L/SPE4A626T35GL.PDF,https://www.dibbs.bsm.dla.mil/RFQ/RFQRec.aspx?sn=SPE4A626T35GL,https://www.dibbs.bsm.dla.mil/rfq/rfqrec.aspx?sn=SPE4A626T35GL,CABLE ASSEMBLY,3,20260930T163549Z,6150-01-481-1580,"CABLE ASSEMBLY,SPECIAL",G,335999,15.0,,,2026-09-23,2026-09-30,CABLE ASSEMBLY,DIBBS|SPE4A626T35GL|6150-01-481-1580,C10,Harnesses / Cable Assemblies / Box Builds,CABLE ASSEMBLY,CABLE ASSEMBLY,False,adjacent,,"DIBBS RFQ Text Search result, AMSC field, retrieved 20260930T163549Z",open by deadline
SPE4A626T35LB,6150-01-689-9193,SPE4A626T35LB,09-23-2026,09-30-2026,2026-09-22 03:47:56,Origin,Destination,Tech,7018459246,https://dibbs2.bsm.dla.mil/Downloads/RFQ/B/SPE4A626T35LB.PDF,https://www.dibbs.bsm.dla.mil/RFQ/RFQRec.aspx?sn=SPE4A626T35LB,https://www.dibbs.bsm.dla.mil/rfq/rfqrec.aspx?sn=SPE4A626T35LB,CABLE ASSEMBLY,3,20260930T163549Z,6150-01-689-9193,"CABLE ASSEMBLY,POWER,E",G,335311,2.0,,,2026-09-23,2026-09-30,CABLE ASSEMBLY,DIBBS|SPE4A626T35LB|6150-01-689-9193,C10,Harnesses / Cable Assemblies / Box Builds,CABLE ASSEMBLY,CABLE ASSEMBLY,False,adjacent,,"DIBBS RFQ Text Search result, AMSC field, retrieved 20260930T163549Z",open by deadline
SPE4A626T35NF,5995-01-711-0276,SPE4A626T35NF,09-23-2026,09-30-2026,2026-09-22 03:47:56,Origin,Origin,Tech,7018457583,https://dibbs2.bsm.dla.mil/Downloads/RFQ/F/SPE4A626T35NF.PDF,https://www.dibbs.bsm.dla.mil/RFQ/RFQRec.aspx?sn=SPE4A626T35NF,https://www.dibbs.bsm.dla.mil/rfq/rfqrec.aspx?sn=SPE4A626T35NF,CABLE ASSEMBLY,3,20260930T163549Z,5995-01-711-0276,"CABLE ASSEMBLY,RADIO F",G,335931,4.0,,,2026-09-23,2026-09-30,CABLE ASSEMBLY,DIBBS|SPE4A626T35NF|5995-01-711-0276,C10,Harnesses / Cable Assemblies / Box Builds,CABLE ASSEMBLY,CABLE ASSEMBLY,False,adjacent,,"DIBBS RFQ Text Search result, AMSC field, retrieved 20260930T163549Z",open by deadline
SPE4A626T35JN,6150-01-370-9784,SPE4A626T35JN,09-23-2026,09-30-2026,2026-09-22 03:47:56,Origin,Origin,Tech,7018458837,https://dibbs2.bsm.dla.mil/Downloads/RFQ/N/SPE4A626T35JN.PDF,https://www.dibbs.bsm.dla.mil/RFQ/RFQRec.aspx?sn=SPE4A626T35JN,https://www.dibbs.bsm.dla.mil/rfq/rfqrec.aspx?sn=SPE4A626T35JN,CABLE ASSEMBLY,3,20260930T163549Z,6150-01-370-9784,"CABLE ASSEMBLY,SPECIAL",G,334419,5.0,,,2026-09-23,2026-09-30,CABLE ASSEMBLY,DIBBS|SPE4A626T35JN|6150-01-370-9784,C10,Harnesses / Cable Assemblies / Box Builds,CABLE ASSEMBLY,CABLE ASSEMBLY,False,adjacent,,"DIBBS RFQ Text Search result, AMSC field, retrieved 20260930T163549Z",open by deadline
SPE4A626T35BT,6150-01-131-3678,SPE4A626T35BT,09-23-2026,09-30-2026,2026-09-22 03:47:56,Origin,Origin,Tech,7018457789,https://dibbs2.bsm.dla.mil/Downloads/RFQ/T/SPE4A626T35BT.PDF,https://www.dibbs.bsm.dla.mil/RFQ/RFQRec.aspx?sn=SPE4A626T35BT,https://www.dibbs.bsm.dla.mil/rfq/rfqrec.aspx?sn=SPE4A626T35BT,CABLE ASSEMBLY,3,20260930T163549Z,6150-01-131-3678,"CABLE ASSEMBLY,POWER,E",G,334419,23.0,,,2026-09-23,2026-09-30,CABLE ASSEMBLY,DIBBS|SPE4A626T35BT|6150-01-131-3678,C10,Harnesses / Cable Assemblies / Box Builds,CABLE ASSEMBLY,CABLE ASSEMBLY,False,adjacent,,"DIBBS RFQ Text Search result, AMSC field, retrieved 20260930T163549Z",open by deadline
SPE4A626T35CL,6150-01-091-6485,SPE4A626T35CL,09-23-2026,09-30-2026,2026-09-22 03:47:56,Origin,Origin,Tech,7018458963,https://dibbs2.bsm.dla.mil/Downloads/RFQ/L/SPE4A626T35CL.PDF,https://www.dibbs.bsm.dla.mil/RFQ/RFQRec.aspx?sn=SPE4A626T35CL,https://www.dibbs.bsm.dla.mil/rfq/rfqrec.aspx?sn=SPE4A626T35CL,CABLE ASSEMBLY,3,20260930T163549Z,6150-01-091-6485,CABLE ASSEMBLY,G,334419,8.0,,,2026-09-23,2026-09-30,CABLE ASSEMBLY,DIBBS|SPE4A626T35CL|6150-01-091-6485,C10,Harnesses / Cable Assemblies / Box Builds,CABLE ASSEMBLY,CABLE ASSEMBLY,False,adjacent,,"DIBBS RFQ Text Search result, AMSC field, retrieved 20260930T163549Z",open by deadline
SPE4A726T781U,5995-00-004-3784,SPE4A726T781U,09-23-2026,09-30-2026,2026-09-22 03:06:59,Origin,Destination,Tech,7018457765,https://dibbs2.bsm.dla.mil/Downloads/RFQ/U/SPE4A726T781U.PDF,https://www.dibbs.bsm.dla.mil/RFQ/RFQRec.aspx?sn=SPE4A726T781U,https://www.dibbs.bsm.dla.mil/rfq/rfqrec.aspx?sn=SPE4A726T781U,CABLE ASSEMBLY,3,20260930T163549Z,5995-00-004-3784,"CABLE ASSEMBLY,RADIO F",G,334419,2.0,,,2026-09-23,2026-09-30,CABLE ASSEMBLY,DIBBS|SPE4A726T781U|5995-00-004-3784,C10,Harnesses / Cable Assemblies / Box Builds,CABLE ASSEMBLY,CABLE ASSEMBLY,False,adjacent,,"DIBBS RFQ Text Search result, AMSC field, retrieved 20260930T163549Z",open by deadline
SPE4A626T34XL,6150-01-496-6576,SPE4A626T34XL,09-22-2026,09-29-2026,2026-09-21 09:33:37,Origin,Origin,Tech,7018414313,https://dibbs2.bsm.dla.mil/Downloads/RFQ/L/SPE4A626T34XL.PDF,https://www.dibbs.bsm.dla.mil/RFQ/RFQRec.aspx?sn=SPE4A626T34XL,https://www.dibbs.bsm.dla.mil/rfq/rfqrec.aspx?sn=SPE4A626T34XL,CABLE ASSEMBLY,3,20260930T163549Z,6150-01-496-6576,"CABLE ASSEMBLY,SPECIAL",G,334419,48.0,,,2026-09-22,2026-09-29,CABLE ASSEMBLY,DIBBS|SPE4A626T34XL|6150-01-496-6576,C10,Harnesses / Cable Assemblies / Box Builds,CABLE ASSEMBLY,CABLE ASSEMBLY,False,adjacent,,"DIBBS RFQ Text Search result, AMSC field, retrieved 20260930T163549Z",past deadline
SPE4A626T34XU,5995-01-658-7433,SPE4A626T34XU,09-22-2026,09-29-2026,2026-09-21 09:33:37,Origin,Origin,Tech,7017739807,https://dibbs2.bsm.dla.mil/Downloads/RFQ/U/SPE4A626T34XU.PDF,https://www.dibbs.bsm.dla.mil/RFQ/RFQRec.aspx?sn=SPE4A626T34XU,https://www.dibbs.bsm.dla.mil/rfq/rfqrec.aspx?sn=SPE4A626T34XU,CABLE ASSEMBLY,3,20260930T163549Z,5995-01-658-7433,"CABLE ASSEMBLY,RADI",G,335931,11.0,,,2026-09-22,2026-09-29,CABLE ASSEMBLY,DIBBS|SPE4A626T34XU|5995-01-658-7433,C10,Harnesses / Cable Assemblies / Box Builds,CABLE ASSEMBLY,CABLE ASSEMBLY,False,adjacent,,"DIBBS RFQ Text Search result, AMSC field, retrieved 20260930T163549Z",past deadline
SPE4A026T4963,6150-01-689-9193,SPE4A026T4963,09-22-2026,09-29-2026,2026-09-21 09:13:52,Origin,Destination,Tech,7018016208,https://dibbs2.bsm.dla.mil/Downloads/RFQ/3/SPE4A026T4963.PDF,https://www.dibbs.bsm.dla.mil/RFQ/RFQRec.aspx?sn=SPE4A026T4963,https://www.dibbs.bsm.dla.mil/rfq/rfqrec.aspx?sn=SPE4A026T4963,CABLE ASSEMBLY,3,20260930T163549Z,6150-01-689-9193,"CABLE ASSEMBLY,POWE",G,335311,1.0,,,2026-09-22,2026-09-29,CABLE ASSEMBLY,DIBBS|SPE4A026T4963|6150-01-689-9193,C10,Harnesses / Cable Assemblies / Box Builds,CABLE ASSEMBLY,CABLE ASSEMBLY,False,adjacent,,"DIBBS RFQ Text Search result, AMSC field, retrieved 20260930T163549Z",past deadline
SPE4A626T34XD,5995-01-716-1635,SPE4A626T34XD,09-22-2026,09-29-2026,2026-09-21 09:13:52,Origin,Origin,Tech,7017911176,https://dibbs2.bsm.dla.mil/Downloads/RFQ/D/SPE4A626T34XD.PDF,https://www.dibbs.bsm.dla.mil/RFQ/RFQRec.aspx?sn=SPE4A626T34XD,https://www.dibbs.bsm.dla.mil/rfq/rfqrec.aspx?sn=SPE4A626T34XD,CABLE ASSEMBLY,3,20260930T163549Z,5995-01-716-1635,"CABLE ASSEMBLY,SPEC",G,335931,1.0,,,2026-09-22,2026-09-29,CABLE ASSEMBLY,DIBBS|SPE4A626T34XD|5995-01-716-1635,C10,Harnesses / Cable Assemblies / Box Builds,CABLE ASSEMBLY,CABLE ASSEMBLY,False,adjacent,,"DIBBS RFQ Text Search result, AMSC field, retrieved 20260930T163549Z",past deadline
SPE7M126U6293,6020-01-417-5244,SPE7M126U6293,09-22-2026,10-06-2026,2026-09-21 05:16:40,Origin,Destination,Tech,1000244194,https://dibbs2.bsm.dla.mil/Downloads/RFQ/3/SPE7M126U6293.PDF,https://www.dibbs.bsm.dla.mil/RFQ/RFQRec.aspx?sn=SPE7M126U6293,https://www.dibbs.bsm.dla.mil/rfq/rfqrec.aspx?sn=SPE7M126U6293,CABLE ASSEMBLY,3,20260930T163549Z,6020-01-417-5244,"CABLE ASSEMBLY,FIBER O",G,334413,104.0,,,2026-09-22,2026-10-06,CABLE ASSEMBLY,DIBBS|SPE7M126U6293|6020-01-417-5244,C10,Harnesses / Cable Assemblies / Box Builds,CABLE ASSEMBLY,CABLE ASSEMBLY,False,adjacent,,"DIBBS RFQ Text Search result, AMSC field, retrieved 20260930T163549Z",open by deadline
SPE4A626T34TV,6150-01-705-9324,SPE4A626T34TV,09-22-2026,09-29-2026,2026-09-21 02:29:27,Origin,Origin,Tech,7018377299,https://dibbs2.bsm.dla.mil/Downloads/RFQ/V/SPE4A626T34TV.PDF,https://www.dibbs.bsm.dla.mil/RFQ/RFQRec.aspx?sn=SPE4A626T34TV,https://www.dibbs.bsm.dla.mil/rfq/rfqrec.aspx?sn=SPE4A626T34TV,CABLE ASSEMBLY,3,20260930T163549Z,6150-01-705-9324,"CABLE ASSEMBLY,SPECIAL",G,335311,1.0,,,2026-09-22,2026-09-29,CABLE ASSEMBLY,DIBBS|SPE4A626T34TV|6150-01-705-9324,C10,Harnesses / Cable Assemblies / Box Builds,CABLE ASSEMBLY,CABLE ASSEMBLY,False,adjacent,,"DIBBS RFQ Text Search result, AMSC field, retrieved 20260930T163549Z",past deadline
SPE4A026T4954,6150-01-588-5621,SPE4A026T4954,09-22-2026,09-29-2026,2026-09-21 12:48:58,Origin,Origin,Tech,7018373917,https://dibbs2.bsm.dla.mil/Downloads/RFQ/4/SPE4A026T4954.PDF,https://www.dibbs.bsm.dla.mil/RFQ/RFQRec.aspx?sn=SPE4A026T4954,https://www.dibbs.bsm.dla.mil/rfq/rfqrec.aspx?sn=SPE4A026T4954,CABLE ASSEMBLY,3,20260930T163549Z,6150-01-588-5621,"CABLE ASSEMBLY,SPECIAL",G,334419,1.0,,,2026-09-22,2026-09-29,CABLE ASSEMBLY,DIBBS|SPE4A026T4954|6150-01-588-5621,C10,Harnesses / Cable Assemblies / Box Builds,CABLE ASSEMBLY,CABLE ASSEMBLY,False,adjacent,,"DIBBS RFQ Text Search result, AMSC field, retrieved 20260930T163549Z",past deadline
SPE4A626T34LM,6150-01-655-9101,SPE4A626T34LM,09-22-2026,09-29-2026,2026-09-21 12:15:49,Origin,Destination,Tech,7018368544,https://dibbs2.bsm.dla.mil/Downloads/RFQ/M/SPE4A626T34LM.PDF,https://www.dibbs.bsm.dla.mil/RFQ/RFQRec.aspx?sn=SPE4A626T34LM,https://www.dibbs.bsm.dla.mil/rfq/rfqrec.aspx?sn=SPE4A626T34LM,CABLE ASSEMBLY,3,20260930T163549Z,6150-01-655-9101,"CABLE ASSEMBLY,SPECIAL",G,335311,1.0,,,2026-09-22,2026-09-29,CABLE ASSEMBLY,DIBBS|SPE4A626T34LM|6150-01-655-9101,C10,Harnesses / Cable Assemblies / Box Builds,CABLE ASSEMBLY,CABLE ASSEMBLY,False,adjacent,,"DIBBS RFQ Text Search result, AMSC field, retrieved 20260930T163549Z",past deadline
SPE4A626T33ZD,5995-01-734-9866,SPE4A626T33ZD,09-21-2026,09-28-2026,2026-09-21 12:15:48,Origin,Destination,Tech,7018345979,https://dibbs2.bsm.dla.mil/Downloads/RFQ/D/SPE4A626T33ZD.PDF,https://www.dibbs.bsm.dla.mil/RFQ/RFQRec.aspx?sn=SPE4A626T33ZD,https://www.dibbs.bsm.dla.mil/rfq/rfqrec.aspx?sn=SPE4A626T33ZD,CABLE ASSEMBLY,3,20260930T163549Z,5995-01-734-9866,"CABLE ASSEMBLY,SPECIAL",G,335931,12.0,,,2026-09-21,2026-09-28,CABLE ASSEMBLY,DIBBS|SPE4A626T33ZD|5995-01-734-9866,C10,Harnesses / Cable Assemblies / Box Builds,CABLE ASSEMBLY,CABLE ASSEMBLY,False,adjacent,,"DIBBS RFQ Text Search result, AMSC field, retrieved 20260930T163549Z",past deadline
SPE4A626T33ZN,5995-01-543-3243,SPE4A626T33ZN,09-21-2026,09-28-2026,2026-09-21 12:15:48,Origin,Origin,Tech,7018346084; 7018346085,https://dibbs2.bsm.dla.mil/Downloads/RFQ/N/SPE4A626T33ZN.PDF,https://www.dibbs.bsm.dla.mil/RFQ/RFQRec.aspx?sn=SPE4A626T33ZN,https://www.dibbs.bsm.dla.mil/rfq/rfqrec.aspx?sn=SPE4A626T33ZN,CABLE ASSEMBLY,4,20260930T163609Z,5995-01-543-3243,"CABLE ASSEMBLY,SPECIAL",G,334419,4.0,,,2026-09-21,2026-09-28,CABLE ASSEMBLY,DIBBS|SPE4A626T33ZN|5995-01-543-3243,C10,Harnesses / Cable Assemblies / Box Builds,CABLE ASSEMBLY,CABLE ASSEMBLY,False,adjacent,,"DIBBS RFQ Text Search result, AMSC field, retrieved 20260930T163609Z",past deadline
SPE4A626T33UC,6150-01-351-3351,SPE4A626T33UC,09-21-2026,09-28-2026,2026-09-21 12:15:48,Origin,Origin,Tech,7018412511,https://dibbs2.bsm.dla.mil/Downloads/RFQ/C/SPE4A626T33UC.PDF,https://www.dibbs.bsm.dla.mil/RFQ/RFQRec.aspx?sn=SPE4A626T33UC,https://www.dibbs.bsm.dla.mil/rfq/rfqrec.aspx?sn=SPE4A626T33UC,CABLE ASSEMBLY,4,20260930T163609Z,6150-01-351-3351,"CABLE ASSEMBLY,POWER,E",G,334419,7.0,,,2026-09-21,2026-09-28,CABLE ASSEMBLY,DIBBS|SPE4A626T33UC|6150-01-351-3351,C10,Harnesses / Cable Assemblies / Box Builds,CABLE ASSEMBLY,CABLE ASSEMBLY,False,adjacent,,"DIBBS RFQ Text Search result, AMSC field, retrieved 20260930T163609Z",past deadline
SPE4A626T34GN,6150-01-440-8606,SPE4A626T34GN,09-21-2026,09-28-2026,2026-09-21 12:15:48,Origin,Origin,Tech,7016891985,https://dibbs2.bsm.dla.mil/Downloads/RFQ/N/SPE4A626T34GN.PDF,https://www.dibbs.bsm.dla.mil/RFQ/RFQRec.aspx?sn=SPE4A626T34GN,https://www.dibbs.bsm.dla.mil/rfq/rfqrec.aspx?sn=SPE4A626T34GN,CABLE ASSEMBLY,4,20260930T163609Z,6150-01-440-8606,"CABLE ASSEMBLY,SPEC",G,334419,1.0,,,2026-09-21,2026-09-28,CABLE ASSEMBLY,DIBBS|SPE4A626T34GN|6150-01-440-8606,C10,Harnesses / Cable Assemblies / Box Builds,CABLE ASSEMBLY,CABLE ASSEMBLY,False,adjacent,,"DIBBS RFQ Text Search result, AMSC field, retrieved 20260930T163609Z",past deadline
SPE4A626T33LK,6150-01-109-7604,SPE4A626T33LK,09-21-2026,09-28-2026,2026-09-21 12:15:48,Origin,Origin,Tech,7018414304,https://dibbs2.bsm.dla.mil/Downloads/RFQ/K/SPE4A626T33LK.PDF,https://www.dibbs.bsm.dla.mil/RFQ/RFQRec.aspx?sn=SPE4A626T33LK,https://www.dibbs.bsm.dla.mil/rfq/rfqrec.aspx?sn=SPE4A626T33LK,CABLE ASSEMBLY,4,20260930T163609Z,6150-01-109-7604,"CABLE ASSEMBLY,SPECIAL",G,334419,10.0,,,2026-09-21,2026-09-28,CABLE ASSEMBLY,DIBBS|SPE4A626T33LK|6150-01-109-7604,C10,Harnesses / Cable Assemblies / Box Builds,CABLE ASSEMBLY,CABLE ASSEMBLY,False,adjacent,,"DIBBS RFQ Text Search result, AMSC field, retrieved 20260930T163609Z",past deadline
SPE4A626T33AM,6150-01-091-6466,SPE4A626T33AM,09-18-2026,09-25-2026,2026-09-17 03:35:22,Origin,Origin,Tech,7018343180,https://dibbs2.bsm.dla.mil/Downloads/RFQ/M/SPE4A626T33AM.PDF,https://www.dibbs.bsm.dla.mil/RFQ/RFQRec.aspx?sn=SPE4A626T33AM,https://www.dibbs.bsm.dla.mil/rfq/rfqrec.aspx?sn=SPE4A626T33AM,CABLE ASSEMBLY,4,20260930T163609Z,6150-01-091-6466,"CABLE ASSEMBLY,SPECIAL",G,334419,7.0,,,2026-09-18,2026-09-25,CABLE ASSEMBLY,DIBBS|SPE4A626T33AM|6150-01-091-6466,C10,Harnesses / Cable Assemblies / Box Builds,CABLE ASSEMBLY,CABLE ASSEMBLY,False,adjacent,,"DIBBS RFQ Text Search result, AMSC field, retrieved 20260930T163609Z",past deadline
SPE4A626T32PZ,5995-01-680-2076,SPE4A626T32PZ,09-18-2026,09-25-2026,2026-09-17 07:29:13,Origin,Destination,Tech,7018382319,https://dibbs2.bsm.dla.mil/Downloads/RFQ/Z/SPE4A626T32PZ.PDF,https://www.dibbs.bsm.dla.mil/RFQ/RFQRec.aspx?sn=SPE4A626T32PZ,https://www.dibbs.bsm.dla.mil/rfq/rfqrec.aspx?sn=SPE4A626T32PZ,CABLE ASSEMBLY,4,20260930T163609Z,5995-01-680-2076,"CABLE ASSEMBLY,RADIO F",G,335931,1.0,,,2026-09-18,2026-09-25,CABLE ASSEMBLY,DIBBS|SPE4A626T32PZ|5995-01-680-2076,C10,Harnesses / Cable Assemblies / Box Builds,CABLE ASSEMBLY,CABLE ASSEMBLY,False,adjacent,,"DIBBS RFQ Text Search result, AMSC field, retrieved 20260930T163609Z",past deadline
SPE4A626T32PX,6150-01-713-4474,SPE4A626T32PX,09-18-2026,09-25-2026,2026-09-17 07:29:13,Origin,Destination,Tech,7018329390,https://dibbs2.bsm.dla.mil/Downloads/RFQ/X/SPE4A626T32PX.PDF,https://www.dibbs.bsm.dla.mil/RFQ/RFQRec.aspx?sn=SPE4A626T32PX,https://www.dibbs.bsm.dla.mil/rfq/rfqrec.aspx?sn=SPE4A626T32PX,CABLE ASSEMBLY,4,20260930T163609Z,6150-01-713-4474,"CABLE ASSEMBLY,SPEC",G,335311,1.0,,,2026-09-18,2026-09-25,CABLE ASSEMBLY,DIBBS|SPE4A626T32PX|6150-01-713-4474,C10,Harnesses / Cable Assemblies / Box Builds,CABLE ASSEMBLY,CABLE ASSEMBLY,False,adjacent,,"DIBBS RFQ Text Search result, AMSC field, retrieved 20260930T163609Z",past deadline
SPE4A626T32LP,6150-01-615-4693,SPE4A626T32LP,09-18-2026,09-25-2026,2026-09-17 04:43:22,Origin,Origin,Tech,7018392390,https://dibbs2.bsm.dla.mil/Downloads/RFQ/P/SPE4A626T32LP.PDF,https://www.dibbs.bsm.dla.mil/RFQ/RFQRec.aspx?sn=SPE4A626T32LP,https://www.dibbs.bsm.dla.mil/rfq/rfqrec.aspx?sn=SPE4A626T32LP,CABLE ASSEMBLY,4,20260930T163609Z,6150-01-615-4693,"CABLE ASSEMBLY,SPECIAL",G,332216,19.0,,,2026-09-18,2026-09-25,CABLE ASSEMBLY,DIBBS|SPE4A626T32LP|6150-01-615-4693,C10,Harnesses / Cable Assemblies / Box Builds,CABLE ASSEMBLY,CABLE ASSEMBLY,False,adjacent,,"DIBBS RFQ Text Search result, AMSC field, retrieved 20260930T163609Z",past deadline
SPE4A626T32HS,5995-01-338-3600,SPE4A626T32HS,09-18-2026,09-25-2026,2026-09-17 04:43:22,Origin,Origin,Tech,7018391541,https://dibbs2.bsm.dla.mil/Downloads/RFQ/S/SPE4A626T32HS.PDF,https://www.dibbs.bsm.dla.mil/RFQ/RFQRec.aspx?sn=SPE4A626T32HS,https://www.dibbs.bsm.dla.mil/rfq/rfqrec.aspx?sn=SPE4A626T32HS,CABLE ASSEMBLY,4,20260930T163609Z,5995-01-338-3600,"CABLE ASSEMBLY,SPECIAL",G,334419,14.0,,,2026-09-18,2026-09-25,CABLE ASSEMBLY,DIBBS|SPE4A626T32HS|5995-01-338-3600,C10,Harnesses / Cable Assemblies / Box Builds,CABLE ASSEMBLY,CABLE ASSEMBLY,False,adjacent,,"DIBBS RFQ Text Search result, AMSC field, retrieved 20260930T163609Z",past deadline
SPE7M226T6894,5995-01-697-2612,SPE7M226T6894,09-18-2026,09-28-2026,2026-09-17 04:24:21,Origin,Destination,Tech,7018390124,https://dibbs2.bsm.dla.mil/Downloads/RFQ/4/SPE7M226T6894.PDF,https://www.dibbs.bsm.dla.mil/RFQ/RFQRec.aspx?sn=SPE7M226T6894,https://www.dibbs.bsm.dla.mil/rfq/rfqrec.aspx?sn=SPE7M226T6894,CABLE ASSEMBLY,4,20260930T163609Z,5995-01-697-2612,"CABLE ASSEMBLY,SPECIAL",G,335931,1.0,,,2026-09-18,2026-09-28,CABLE ASSEMBLY,DIBBS|SPE7M226T6894|5995-01-697-2612,C10,Harnesses / Cable Assemblies / Box Builds,CABLE ASSEMBLY,CABLE ASSEMBLY,False,adjacent,,"DIBBS RFQ Text Search result, AMSC field, retrieved 20260930T163609Z",past deadline
SPE4A626T31RH,5995-01-249-3135,SPE4A626T31RH,09-17-2026,09-24-2026,2026-09-16 09:49:21,Origin,Origin,Tech,7018378894,https://dibbs2.bsm.dla.mil/Downloads/RFQ/H/SPE4A626T31RH.PDF,https://www.dibbs.bsm.dla.mil/RFQ/RFQRec.aspx?sn=SPE4A626T31RH,https://www.dibbs.bsm.dla.mil/rfq/rfqrec.aspx?sn=SPE4A626T31RH,CABLE ASSEMBLY,4,20260930T163609Z,5995-01-249-3135,"CABLE ASSEMBLY,RADIO F",G,334419,2.0,,,2026-09-17,2026-09-24,CABLE ASSEMBLY,DIBBS|SPE4A626T31RH|5995-01-249-3135,C10,Harnesses / Cable Assemblies / Box Builds,CABLE ASSEMBLY,CABLE ASSEMBLY,False,adjacent,,"DIBBS RFQ Text Search result, AMSC field, retrieved 20260930T163609Z",past deadline
SPE4A626T31RK,5995-01-429-1147,SPE4A626T31RK,09-17-2026,09-24-2026,2026-09-16 09:49:21,Origin,Origin,Tech,7018378335,https://dibbs2.bsm.dla.mil/Downloads/RFQ/K/SPE4A626T31RK.PDF,https://www.dibbs.bsm.dla.mil/RFQ/RFQRec.aspx?sn=SPE4A626T31RK,https://www.dibbs.bsm.dla.mil/rfq/rfqrec.aspx?sn=SPE4A626T31RK,CABLE ASSEMBLY,4,20260930T163609Z,5995-01-429-1147,"CABLE ASSEMBLY,SPECIAL",G,334419,2.0,,,2026-09-17,2026-09-24,CABLE ASSEMBLY,DIBBS|SPE4A626T31RK|5995-01-429-1147,C10,Harnesses / Cable Assemblies / Box Builds,CABLE ASSEMBLY,CABLE ASSEMBLY,False,adjacent,,"DIBBS RFQ Text Search result, AMSC field, retrieved 20260930T163609Z",past deadline
SPE4A626T31JF,5995-01-604-8209,SPE4A626T31JF,09-17-2026,09-24-2026,2026-09-16 09:49:21,Origin,Destination,Tech,7018378960,https://dibbs2.bsm.dla.mil/Downloads/RFQ/F/SPE4A626T31JF.PDF,https://www.dibbs.bsm.dla.mil/RFQ/RFQRec.aspx?sn=SPE4A626T31JF,https://www.dibbs.bsm.dla.mil/rfq/rfqrec.aspx?sn=SPE4A626T31JF,CABLE ASSEMBLY,4,20260930T163609Z,5995-01-604-8209,"CABLE ASSEMBLY,SPECIAL",G,334419,6.0,,,2026-09-17,2026-09-24,CABLE ASSEMBLY,DIBBS|SPE4A626T31JF|5995-01-604-8209,C10,Harnesses / Cable Assemblies / Box Builds,CABLE ASSEMBLY,CABLE ASSEMBLY,False,adjacent,,"DIBBS RFQ Text Search result, AMSC field, retrieved 20260930T163609Z",past deadline
SPE4A626T31NN,5995-01-714-1260,SPE4A626T31NN,09-17-2026,09-24-2026,2026-09-16 09:49:21,Origin,Origin,Tech,7018379327,https://dibbs2.bsm.dla.mil/Downloads/RFQ/N/SPE4A626T31NN.PDF,https://www.dibbs.bsm.dla.mil/RFQ/RFQRec.aspx?sn=SPE4A626T31NN,https://www.dibbs.bsm.dla.mil/rfq/rfqrec.aspx?sn=SPE4A626T31NN,CABLE ASSEMBLY,4,20260930T163609Z,5995-01-714-1260,"CABLE ASSEMBLY,SPECIAL",G,335931,1.0,,,2026-09-17,2026-09-24,CABLE ASSEMBLY,DIBBS|SPE4A626T31NN|5995-01-714-1260,C10,Harnesses / Cable Assemblies / Box Builds,CABLE ASSEMBLY,CABLE ASSEMBLY,False,adjacent,,"DIBBS RFQ Text Search result, AMSC field, retrieved 20260930T163609Z",past deadline
SPE4A626T31NK,5995-01-680-2059,SPE4A626T31NK,09-17-2026,09-24-2026,2026-09-16 09:49:21,Origin,Destination,Tech,7018343402,https://dibbs2.bsm.dla.mil/Downloads/RFQ/K/SPE4A626T31NK.PDF,https://www.dibbs.bsm.dla.mil/RFQ/RFQRec.aspx?sn=SPE4A626T31NK,https://www.dibbs.bsm.dla.mil/rfq/rfqrec.aspx?sn=SPE4A626T31NK,CABLE ASSEMBLY,4,20260930T163609Z,5995-01-680-2059,"CABLE ASSEMBLY,RADIO F",G,335931,4.0,,,2026-09-17,2026-09-24,CABLE ASSEMBLY,DIBBS|SPE4A626T31NK|5995-01-680-2059,C10,Harnesses / Cable Assemblies / Box Builds,CABLE ASSEMBLY,CABLE ASSEMBLY,False,adjacent,,"DIBBS RFQ Text Search result, AMSC field, retrieved 20260930T163609Z",past deadline
SPE4A626T31KS,5995-01-687-2127,SPE4A626T31KS,09-17-2026,09-24-2026,2026-09-16 09:49:21,Origin,Origin,Tech,7018377645,https://dibbs2.bsm.dla.mil/Downloads/RFQ/S/SPE4A626T31KS.PDF,https://www.dibbs.bsm.dla.mil/RFQ/RFQRec.aspx?sn=SPE4A626T31KS,https://www.dibbs.bsm.dla.mil/rfq/rfqrec.aspx?sn=SPE4A626T31KS,CABLE ASSEMBLY,4,20260930T163609Z,5995-01-687-2127,"CABLE ASSEMBLY,SPECIAL",G,335931,15.0,,,2026-09-17,2026-09-24,CABLE ASSEMBLY,DIBBS|SPE4A626T31KS|5995-01-687-2127,C10,Harnesses / Cable Assemblies / Box Builds,CABLE ASSEMBLY,CABLE ASSEMBLY,False,adjacent,,"DIBBS RFQ Text Search result, AMSC field, retrieved 20260930T163609Z",past deadline
SPE4A626T31ML,5995-01-725-7846,SPE4A626T31ML,09-17-2026,09-24-2026,2026-09-16 09:49:21,Origin,Destination,Tech,7018378317,https://dibbs2.bsm.dla.mil/Downloads/RFQ/L/SPE4A626T31ML.PDF,https://www.dibbs.bsm.dla.mil/RFQ/RFQRec.aspx?sn=SPE4A626T31ML,https://www.dibbs.bsm.dla.mil/rfq/rfqrec.aspx?sn=SPE4A626T31ML,CABLE ASSEMBLY,4,20260930T163609Z,5995-01-725-7846,"CABLE ASSEMBLY,SPECIAL",G,335931,2.0,,,2026-09-17,2026-09-24,CABLE ASSEMBLY,DIBBS|SPE4A626T31ML|5995-01-725-7846,C10,Harnesses / Cable Assemblies / Box Builds,CABLE ASSEMBLY,CABLE ASSEMBLY,False,adjacent,,"DIBBS RFQ Text Search result, AMSC field, retrieved 20260930T163609Z",past deadline
SPE4A626T31KN,6150-01-651-3613,SPE4A626T31KN,09-17-2026,09-24-2026,2026-09-16 09:49:21,Origin,Destination,Tech,7018377671,https://dibbs2.bsm.dla.mil/Downloads/RFQ/N/SPE4A626T31KN.PDF,https://www.dibbs.bsm.dla.mil/RFQ/RFQRec.aspx?sn=SPE4A626T31KN,https://www.dibbs.bsm.dla.mil/rfq/rfqrec.aspx?sn=SPE4A626T31KN,CABLE ASSEMBLY,4,20260930T163609Z,6150-01-651-3613,"CABLE ASSEMBLY,POWER,E",G,335311,7.0,,,2026-09-17,2026-09-24,CABLE ASSEMBLY,DIBBS|SPE4A626T31KN|6150-01-651-3613,C10,Harnesses / Cable Assemblies / Box Builds,CABLE ASSEMBLY,CABLE ASSEMBLY,False,adjacent,,"DIBBS RFQ Text Search result, AMSC field, retrieved 20260930T163609Z",past deadline
SPE4A626T31TQ,6150-01-620-1391,SPE4A626T31TQ,09-17-2026,09-24-2026,2026-09-16 09:49:21,Origin,Destination,Tech,7018377828,https://dibbs2.bsm.dla.mil/Downloads/RFQ/Q/SPE4A626T31TQ.PDF,https://www.dibbs.bsm.dla.mil/RFQ/RFQRec.aspx?sn=SPE4A626T31TQ,https://www.dibbs.bsm.dla.mil/rfq/rfqrec.aspx?sn=SPE4A626T31TQ,CABLE ASSEMBLY,4,20260930T163609Z,6150-01-620-1391,"CABLE ASSEMBLY,SPECIAL",G,334419,2.0,,,2026-09-17,2026-09-24,CABLE ASSEMBLY,DIBBS|SPE4A626T31TQ|6150-01-620-1391,C10,Harnesses / Cable Assemblies / Box Builds,CABLE ASSEMBLY,CABLE ASSEMBLY,False,adjacent,,"DIBBS RFQ Text Search result, AMSC field, retrieved 20260930T163609Z",past deadline
SPE4A626T31PH,5995-01-730-6197,SPE4A626T31PH,09-17-2026,09-24-2026,2026-09-16 09:49:21,Origin,Origin,Tech,7018379172,https://dibbs2.bsm.dla.mil/Downloads/RFQ/H/SPE4A626T31PH.PDF,https://www.dibbs.bsm.dla.mil/RFQ/RFQRec.aspx?sn=SPE4A626T31PH,https://www.dibbs.bsm.dla.mil/rfq/rfqrec.aspx?sn=SPE4A626T31PH,CABLE ASSEMBLY,4,20260930T163609Z,5995-01-730-6197,"CABLE ASSEMBLY,SPECIAL",G,335931,18.0,,,2026-09-17,2026-09-24,CABLE ASSEMBLY,DIBBS|SPE4A626T31PH|5995-01-730-6197,C10,Harnesses / Cable Assemblies / Box Builds,CABLE ASSEMBLY,CABLE ASSEMBLY,False,adjacent,,"DIBBS RFQ Text Search result, AMSC field, retrieved 20260930T163609Z",past deadline
SPE4A626T31DF,6150-01-468-6304,SPE4A626T31DF,09-17-2026,09-24-2026,2026-09-16 09:49:21,Origin,Origin,Tech,7018378188,https://dibbs2.bsm.dla.mil/Downloads/RFQ/F/SPE4A626T31DF.PDF,https://www.dibbs.bsm.dla.mil/RFQ/RFQRec.aspx?sn=SPE4A626T31DF,https://www.dibbs.bsm.dla.mil/rfq/rfqrec.aspx?sn=SPE4A626T31DF,CABLE ASSEMBLY,4,20260930T163609Z,6150-01-468-6304,"CABLE ASSEMBLY,SPECIAL",G,334419,5.0,,,2026-09-17,2026-09-24,CABLE ASSEMBLY,DIBBS|SPE4A626T31DF|6150-01-468-6304,C10,Harnesses / Cable Assemblies / Box Builds,CABLE ASSEMBLY,CABLE ASSEMBLY,False,adjacent,,"DIBBS RFQ Text Search result, AMSC field, retrieved 20260930T163609Z",past deadline
SPE4A626T31RQ,6150-01-312-7426,SPE4A626T31RQ,09-17-2026,09-24-2026,2026-09-16 09:49:21,Origin,Origin,Tech,7018377861,https://dibbs2.bsm.dla.mil/Downloads/RFQ/Q/SPE4A626T31RQ.PDF,https://www.dibbs.bsm.dla.mil/RFQ/RFQRec.aspx?sn=SPE4A626T31RQ,https://www.dibbs.bsm.dla.mil/rfq/rfqrec.aspx?sn=SPE4A626T31RQ,CABLE ASSEMBLY,4,20260930T163609Z,6150-01-312-7426,"CABLE ASSEMBLY,SPECIAL",G,335311,3.0,,,2026-09-17,2026-09-24,CABLE ASSEMBLY,DIBBS|SPE4A626T31RQ|6150-01-312-7426,C10,Harnesses / Cable Assemblies / Box Builds,CABLE ASSEMBLY,CABLE ASSEMBLY,False,adjacent,,"DIBBS RFQ Text Search result, AMSC field, retrieved 20260930T163609Z",past deadline
SPE4A626T31PF,5995-01-714-1434,SPE4A626T31PF,09-17-2026,09-24-2026,2026-09-16 09:49:21,Origin,Origin,Tech,7018379329,https://dibbs2.bsm.dla.mil/Downloads/RFQ/F/SPE4A626T31PF.PDF,https://www.dibbs.bsm.dla.mil/RFQ/RFQRec.aspx?sn=SPE4A626T31PF,https://www.dibbs.bsm.dla.mil/rfq/rfqrec.aspx?sn=SPE4A626T31PF,CABLE ASSEMBLY,4,20260930T163609Z,5995-01-714-1434,"CABLE ASSEMBLY,SPECIAL",G,335931,1.0,,,2026-09-17,2026-09-24,CABLE ASSEMBLY,DIBBS|SPE4A626T31PF|5995-01-714-1434,C10,Harnesses / Cable Assemblies / Box Builds,CABLE ASSEMBLY,CABLE ASSEMBLY,False,adjacent,,"DIBBS RFQ Text Search result, AMSC field, retrieved 20260930T163609Z",past deadline
SPE4A626T31KJ,6150-01-679-4318,SPE4A626T31KJ,09-17-2026,09-24-2026,2026-09-16 09:49:21,Origin,Origin,Tech,7018378989,https://dibbs2.bsm.dla.mil/Downloads/RFQ/J/SPE4A626T31KJ.PDF,https://www.dibbs.bsm.dla.mil/RFQ/RFQRec.aspx?sn=SPE4A626T31KJ,https://www.dibbs.bsm.dla.mil/rfq/rfqrec.aspx?sn=SPE4A626T31KJ,CABLE ASSEMBLY,4,20260930T163609Z,6150-01-679-4318,"CABLE ASSEMBLY,POWER,E",G,335311,2.0,,,2026-09-17,2026-09-24,CABLE ASSEMBLY,DIBBS|SPE4A626T31KJ|6150-01-679-4318,C10,Harnesses / Cable Assemblies / Box Builds,CABLE ASSEMBLY,CABLE ASSEMBLY,False,adjacent,,"DIBBS RFQ Text Search result, AMSC field, retrieved 20260930T163609Z",past deadline
SPE4A626T31SN,6150-01-679-4738,SPE4A626T31SN,09-17-2026,09-24-2026,2026-09-16 09:49:21,Origin,Origin,Tech,7018379071,https://dibbs2.bsm.dla.mil/Downloads/RFQ/N/SPE4A626T31SN.PDF,https://www.dibbs.bsm.dla.mil/RFQ/RFQRec.aspx?sn=SPE4A626T31SN,https://www.dibbs.bsm.dla.mil/rfq/rfqrec.aspx?sn=SPE4A626T31SN,CABLE ASSEMBLY,5,20260930T163626Z,6150-01-679-4738,"CABLE ASSEMBLY,POWER,E",G,335311,14.0,,,2026-09-17,2026-09-24,CABLE ASSEMBLY,DIBBS|SPE4A626T31SN|6150-01-679-4738,C10,Harnesses / Cable Assemblies / Box Builds,CABLE ASSEMBLY,CABLE ASSEMBLY,False,adjacent,,"DIBBS RFQ Text Search result, AMSC field, retrieved 20260930T163626Z",past deadline
SPE4A626T31NL,6150-01-713-4492,SPE4A626T31NL,09-17-2026,09-24-2026,2026-09-16 09:49:21,Origin,Destination,Tech,7018379320,https://dibbs2.bsm.dla.mil/Downloads/RFQ/L/SPE4A626T31NL.PDF,https://www.dibbs.bsm.dla.mil/RFQ/RFQRec.aspx?sn=SPE4A626T31NL,https://www.dibbs.bsm.dla.mil/rfq/rfqrec.aspx?sn=SPE4A626T31NL,CABLE ASSEMBLY,5,20260930T163626Z,6150-01-713-4492,"CABLE ASSEMBLY,POWER,E",G,335311,1.0,,,2026-09-17,2026-09-24,CABLE ASSEMBLY,DIBBS|SPE4A626T31NL|6150-01-713-4492,C10,Harnesses / Cable Assemblies / Box Builds,CABLE ASSEMBLY,CABLE ASSEMBLY,False,adjacent,,"DIBBS RFQ Text Search result, AMSC field, retrieved 20260930T163626Z",past deadline
SPE4A626T31JR,5995-01-656-2955,SPE4A626T31JR,09-17-2026,09-24-2026,2026-09-16 09:49:21,Origin,Destination,Tech,7018377436,https://dibbs2.bsm.dla.mil/Downloads/RFQ/R/SPE4A626T31JR.PDF,https://www.dibbs.bsm.dla.mil/RFQ/RFQRec.aspx?sn=SPE4A626T31JR,https://www.dibbs.bsm.dla.mil/rfq/rfqrec.aspx?sn=SPE4A626T31JR,CABLE ASSEMBLY,5,20260930T163626Z,5995-01-656-2955,"CABLE ASSEMBLY,SPECIAL",G,335931,2.0,,,2026-09-17,2026-09-24,CABLE ASSEMBLY,DIBBS|SPE4A626T31JR|5995-01-656-2955,C10,Harnesses / Cable Assemblies / Box Builds,CABLE ASSEMBLY,CABLE ASSEMBLY,False,adjacent,,"DIBBS RFQ Text Search result, AMSC field, retrieved 20260930T163626Z",past deadline
SPE4A626T31GB,6150-01-564-6013,SPE4A626T31GB,09-17-2026,09-24-2026,2026-09-16 09:49:20,Origin,Destination,Tech,7018378121,https://dibbs2.bsm.dla.mil/Downloads/RFQ/B/SPE4A626T31GB.PDF,https://www.dibbs.bsm.dla.mil/RFQ/RFQRec.aspx?sn=SPE4A626T31GB,https://www.dibbs.bsm.dla.mil/rfq/rfqrec.aspx?sn=SPE4A626T31GB,CABLE ASSEMBLY,5,20260930T163626Z,6150-01-564-6013,"CABLE ASSEMBLY,SPECIAL",G,335311,9.0,,,2026-09-17,2026-09-24,CABLE ASSEMBLY,DIBBS|SPE4A626T31GB|6150-01-564-6013,C10,Harnesses / Cable Assemblies / Box Builds,CABLE ASSEMBLY,CABLE ASSEMBLY,False,adjacent,,"DIBBS RFQ Text Search result, AMSC field, retrieved 20260930T163626Z",past deadline
SPE4A626T27EK,5995-01-579-7009,SPE4A626T27EK,09-09-2026,09-21-2026,2026-09-16 09:46:51,Origin,Origin,Tech,7017697068,https://dibbs2.bsm.dla.mil/Downloads/RFQ/K/SPE4A626T27EK.PDF,https://www.dibbs.bsm.dla.mil/RFQ/RFQRec.aspx?sn=SPE4A626T27EK,https://www.dibbs.bsm.dla.mil/rfq/rfqrec.aspx?sn=SPE4A626T27EK,CABLE ASSEMBLY,5,20260930T163626Z,5995-01-579-7009,"CABLE ASSEMBLY,RADIO F",G,334419,3.0,,,2026-09-09,2026-09-21,CABLE ASSEMBLY,DIBBS|SPE4A626T27EK|5995-01-579-7009,C10,Harnesses / Cable Assemblies / Box Builds,CABLE ASSEMBLY,CABLE ASSEMBLY,False,adjacent,,"DIBBS RFQ Text Search result, AMSC field, retrieved 20260930T163626Z",past deadline
SPE4A626T30XV,5995-01-044-0347,SPE4A626T30XV,09-17-2026,09-24-2026,2026-09-16 05:29:45,Origin,Destination,Tech,7018378817,https://dibbs2.bsm.dla.mil/Downloads/RFQ/V/SPE4A626T30XV.PDF,https://www.dibbs.bsm.dla.mil/RFQ/RFQRec.aspx?sn=SPE4A626T30XV,https://www.dibbs.bsm.dla.mil/rfq/rfqrec.aspx?sn=SPE4A626T30XV,CABLE ASSEMBLY,5,20260930T163626Z,5995-01-044-0347,"CABLE ASSEMBLY,POWER,E",G,334419,5.0,,,2026-09-17,2026-09-24,CABLE ASSEMBLY,DIBBS|SPE4A626T30XV|5995-01-044-0347,C10,Harnesses / Cable Assemblies / Box Builds,CABLE ASSEMBLY,CABLE ASSEMBLY,False,adjacent,,"DIBBS RFQ Text Search result, AMSC field, retrieved 20260930T163626Z",past deadline
SPE4A626T30YE,5995-01-091-6353,SPE4A626T30YE,09-17-2026,09-24-2026,2026-09-16 05:29:45,Origin,Origin,Tech,7018378395,https://dibbs2.bsm.dla.mil/Downloads/RFQ/E/SPE4A626T30YE.PDF,https://www.dibbs.bsm.dla.mil/RFQ/RFQRec.aspx?sn=SPE4A626T30YE,https://www.dibbs.bsm.dla.mil/rfq/rfqrec.aspx?sn=SPE4A626T30YE,CABLE ASSEMBLY,5,20260930T163626Z,5995-01-091-6353,CABLE ASSEMBLY,G,334419,2.0,,,2026-09-17,2026-09-24,CABLE ASSEMBLY,DIBBS|SPE4A626T30YE|5995-01-091-6353,C10,Harnesses / Cable Assemblies / Box Builds,CABLE ASSEMBLY,CABLE ASSEMBLY,False,adjacent,,"DIBBS RFQ Text Search result, AMSC field, retrieved 20260930T163626Z",past deadline
SPE4A626T30UZ,6150-01-610-1205,SPE4A626T30UZ,09-17-2026,09-24-2026,2026-09-16 01:31:56,Origin,Origin,Tech,7017696058,https://dibbs2.bsm.dla.mil/Downloads/RFQ/Z/SPE4A626T30UZ.PDF,https://www.dibbs.bsm.dla.mil/RFQ/RFQRec.aspx?sn=SPE4A626T30UZ,https://www.dibbs.bsm.dla.mil/rfq/rfqrec.aspx?sn=SPE4A626T30UZ,CABLE ASSEMBLY,5,20260930T163626Z,6150-01-610-1205,"CABLE ASSEMBLY,POWER,E",G,334419,8.0,,,2026-09-17,2026-09-24,CABLE ASSEMBLY,DIBBS|SPE4A626T30UZ|6150-01-610-1205,C10,Harnesses / Cable Assemblies / Box Builds,CABLE ASSEMBLY,CABLE ASSEMBLY,False,adjacent,,"DIBBS RFQ Text Search result, AMSC field, retrieved 20260930T163626Z",past deadline
SPE4A626T30TK,6150-01-607-6666,SPE4A626T30TK,09-17-2026,09-24-2026,2026-09-16 11:37:15,Origin,Origin,Tech,7018342606,https://dibbs2.bsm.dla.mil/Downloads/RFQ/K/SPE4A626T30TK.PDF,https://www.dibbs.bsm.dla.mil/RFQ/RFQRec.aspx?sn=SPE4A626T30TK,https://www.dibbs.bsm.dla.mil/rfq/rfqrec.aspx?sn=SPE4A626T30TK,CABLE ASSEMBLY,5,20260930T163626Z,6150-01-607-6666,"CABLE ASSEMBLY,SPECIAL",G,334419,19.0,,,2026-09-17,2026-09-24,CABLE ASSEMBLY,DIBBS|SPE4A626T30TK|6150-01-607-6666,C10,Harnesses / Cable Assemblies / Box Builds,CABLE ASSEMBLY,CABLE ASSEMBLY,False,adjacent,,"DIBBS RFQ Text Search result, AMSC field, retrieved 20260930T163626Z",past deadline
SPE4A626T30SU,6150-01-629-7900,SPE4A626T30SU,09-17-2026,09-24-2026,2026-09-16 09:16:41,Origin,Origin,Tech,7018301767,https://dibbs2.bsm.dla.mil/Downloads/RFQ/U/SPE4A626T30SU.PDF,https://www.dibbs.bsm.dla.mil/RFQ/RFQRec.aspx?sn=SPE4A626T30SU,https://www.dibbs.bsm.dla.mil/rfq/rfqrec.aspx?sn=SPE4A626T30SU,CABLE ASSEMBLY,5,20260930T163626Z,6150-01-629-7900,"CABLE ASSEMBLY,SPEC",G,335999,1.0,,,2026-09-17,2026-09-24,CABLE ASSEMBLY,DIBBS|SPE4A626T30SU|6150-01-629-7900,C10,Harnesses / Cable Assemblies / Box Builds,CABLE ASSEMBLY,CABLE ASSEMBLY,False,adjacent,,"DIBBS RFQ Text Search result, AMSC field, retrieved 20260930T163626Z",past deadline
SPE4A626T30RX,5995-01-610-0682,SPE4A626T30RX,09-17-2026,09-24-2026,2026-09-16 07:14:35,Origin,Destination,Tech,7018298979,https://dibbs2.bsm.dla.mil/Downloads/RFQ/X/SPE4A626T30RX.PDF,https://www.dibbs.bsm.dla.mil/RFQ/RFQRec.aspx?sn=SPE4A626T30RX,https://www.dibbs.bsm.dla.mil/rfq/rfqrec.aspx?sn=SPE4A626T30RX,CABLE ASSEMBLY,5,20260930T163626Z,5995-01-610-0682,"CABLE ASSEMBLY,SPECIAL",G,334419,1.0,,,2026-09-17,2026-09-24,CABLE ASSEMBLY,DIBBS|SPE4A626T30RX|5995-01-610-0682,C10,Harnesses / Cable Assemblies / Box Builds,CABLE ASSEMBLY,CABLE ASSEMBLY,False,adjacent,,"DIBBS RFQ Text Search result, AMSC field, retrieved 20260930T163626Z",past deadline
SPE4A626T30RJ,6150-01-676-5201,SPE4A626T30RJ,09-16-2026,09-23-2026,2026-09-15 08:15:05,Origin,Origin,Tech,7018283081,https://dibbs2.bsm.dla.mil/Downloads/RFQ/J/SPE4A626T30RJ.PDF,https://www.dibbs.bsm.dla.mil/RFQ/RFQRec.aspx?sn=SPE4A626T30RJ,https://www.dibbs.bsm.dla.mil/rfq/rfqrec.aspx?sn=SPE4A626T30RJ,CABLE ASSEMBLY,5,20260930T163626Z,6150-01-676-5201,"CABLE ASSEMBLY,POWE",G,335311,1.0,,,2026-09-16,2026-09-23,CABLE ASSEMBLY,DIBBS|SPE4A626T30RJ|6150-01-676-5201,C10,Harnesses / Cable Assemblies / Box Builds,CABLE ASSEMBLY,CABLE ASSEMBLY,False,adjacent,,"DIBBS RFQ Text Search result, AMSC field, retrieved 20260930T163626Z",past deadline
SPE4A626T30QS,6150-01-663-2751,SPE4A626T30QS,09-16-2026,09-23-2026,2026-09-15 07:13:25,Origin,Destination,Tech,7018341517,https://dibbs2.bsm.dla.mil/Downloads/RFQ/S/SPE4A626T30QS.PDF,https://www.dibbs.bsm.dla.mil/RFQ/RFQRec.aspx?sn=SPE4A626T30QS,https://www.dibbs.bsm.dla.mil/rfq/rfqrec.aspx?sn=SPE4A626T30QS,CABLE ASSEMBLY,5,20260930T163626Z,6150-01-663-2751,"CABLE ASSEMBLY,SPECIAL",G,335311,6.0,,,2026-09-16,2026-09-23,CABLE ASSEMBLY,DIBBS|SPE4A626T30QS|6150-01-663-2751,C10,Harnesses / Cable Assemblies / Box Builds,CABLE ASSEMBLY,CABLE ASSEMBLY,False,adjacent,,"DIBBS RFQ Text Search result, AMSC field, retrieved 20260930T163626Z",past deadline
SPE4A626T30QM,6150-01-411-1672,SPE4A626T30QM,09-16-2026,09-23-2026,2026-09-15 07:13:25,Origin,Origin,Tech,7018342899,https://dibbs2.bsm.dla.mil/Downloads/RFQ/M/SPE4A626T30QM.PDF,https://www.dibbs.bsm.dla.mil/RFQ/RFQRec.aspx?sn=SPE4A626T30QM,https://www.dibbs.bsm.dla.mil/rfq/rfqrec.aspx?sn=SPE4A626T30QM,CABLE ASSEMBLY,5,20260930T163626Z,6150-01-411-1672,"CABLE ASSEMBLY,SPECIAL",G,335311,8.0,,,2026-09-16,2026-09-23,CABLE ASSEMBLY,DIBBS|SPE4A626T30QM|6150-01-411-1672,C10,Harnesses / Cable Assemblies / Box Builds,CABLE ASSEMBLY,CABLE ASSEMBLY,False,adjacent,,"DIBBS RFQ Text Search result, AMSC field, retrieved 20260930T163626Z",past deadline
SPE4A626T30QE,5995-01-004-2944,SPE4A626T30QE,09-16-2026,09-23-2026,2026-09-15 06:17:32,Origin,Origin,Tech,7018249045,https://dibbs2.bsm.dla.mil/Downloads/RFQ/E/SPE4A626T30QE.PDF,https://www.dibbs.bsm.dla.mil/RFQ/RFQRec.aspx?sn=SPE4A626T30QE,https://www.dibbs.bsm.dla.mil/rfq/rfqrec.aspx?sn=SPE4A626T30QE,CABLE ASSEMBLY,5,20260930T163626Z,5995-01-004-2944,"CABLE ASSEMBLY,SPECIAL",G,336413,9.0,,,2026-09-16,2026-09-23,CABLE ASSEMBLY,DIBBS|SPE4A626T30QE|5995-01-004-2944,C10,Harnesses / Cable Assemblies / Box Builds,CABLE ASSEMBLY,CABLE ASSEMBLY,False,adjacent,,"DIBBS RFQ Text Search result, AMSC field, retrieved 20260930T163626Z",past deadline
SPE4A626T30QD,5995-01-458-4369,SPE4A626T30QD,09-16-2026,09-23-2026,2026-09-15 06:17:32,Origin,Origin,Tech,7018341538,https://dibbs2.bsm.dla.mil/Downloads/RFQ/D/SPE4A626T30QD.PDF,https://www.dibbs.bsm.dla.mil/RFQ/RFQRec.aspx?sn=SPE4A626T30QD,https://www.dibbs.bsm.dla.mil/rfq/rfqrec.aspx?sn=SPE4A626T30QD,CABLE ASSEMBLY,5,20260930T163626Z,5995-01-458-4369,"CABLE ASSEMBLY,PRINTED",G,334419,15.0,,,2026-09-16,2026-09-23,CABLE ASSEMBLY,DIBBS|SPE4A626T30QD|5995-01-458-4369,C10,Harnesses / Cable Assemblies / Box Builds,CABLE ASSEMBLY,CABLE ASSEMBLY,False,adjacent,,"DIBBS RFQ Text Search result, AMSC field, retrieved 20260930T163626Z",past deadline
SPE4A626T30QJ,6150-01-492-2753,SPE4A626T30QJ,09-16-2026,09-23-2026,2026-09-15 06:17:32,Origin,Origin,Tech,7018342303,https://dibbs2.bsm.dla.mil/Downloads/RFQ/J/SPE4A626T30QJ.PDF,https://www.dibbs.bsm.dla.mil/RFQ/RFQRec.aspx?sn=SPE4A626T30QJ,https://www.dibbs.bsm.dla.mil/rfq/rfqrec.aspx?sn=SPE4A626T30QJ,CABLE ASSEMBLY,5,20260930T163626Z,6150-01-492-2753,"CABLE ASSEMBLY,POWER,E",G,334419,5.0,,,2026-09-16,2026-09-23,CABLE ASSEMBLY,DIBBS|SPE4A626T30QJ|6150-01-492-2753,C10,Harnesses / Cable Assemblies / Box Builds,CABLE ASSEMBLY,CABLE ASSEMBLY,False,adjacent,,"DIBBS RFQ Text Search result, AMSC field, retrieved 20260930T163626Z",past deadline
SPE7L326T254M,2590-01-716-4124,SPE7L326T254M,09-16-2026,09-28-2026,2026-09-15 12:44:00,Origin,Origin,Tech,7017778174,https://dibbs2.bsm.dla.mil/Downloads/RFQ/M/SPE7L326T254M.PDF,https://www.dibbs.bsm.dla.mil/RFQ/RFQRec.aspx?sn=SPE7L326T254M,https://www.dibbs.bsm.dla.mil/rfq/rfqrec.aspx?sn=SPE7L326T254M,CABLE ASSEMBLY,5,20260930T163626Z,2590-01-716-4124,"CABLE ASSEMBLY,CONT",G,333310,63.0,,,2026-09-16,2026-09-28,CABLE ASSEMBLY,DIBBS|SPE7L326T254M|2590-01-716-4124,C10,Harnesses / Cable Assemblies / Box Builds,CABLE ASSEMBLY,CABLE ASSEMBLY,False,adjacent,,"DIBBS RFQ Text Search result, AMSC field, retrieved 20260930T163626Z",past deadline
SPE4A626T30DZ,6150-01-676-0251,SPE4A626T30DZ,09-16-2026,09-23-2026,2026-09-15 04:11:53,Origin,Destination,Tech,7018343342,https://dibbs2.bsm.dla.mil/Downloads/RFQ/Z/SPE4A626T30DZ.PDF,https://www.dibbs.bsm.dla.mil/RFQ/RFQRec.aspx?sn=SPE4A626T30DZ,https://www.dibbs.bsm.dla.mil/rfq/rfqrec.aspx?sn=SPE4A626T30DZ,CABLE ASSEMBLY,5,20260930T163626Z,6150-01-676-0251,"CABLE ASSEMBLY,POWER,E",G,335311,5.0,,,2026-09-16,2026-09-23,CABLE ASSEMBLY,DIBBS|SPE4A626T30DZ|6150-01-676-0251,C10,Harnesses / Cable Assemblies / Box Builds,CABLE ASSEMBLY,CABLE ASSEMBLY,False,adjacent,,"DIBBS RFQ Text Search result, AMSC field, retrieved 20260930T163626Z",past deadline
SPE4A626T29TD,6150-01-091-6465,SPE4A626T29TD,09-16-2026,09-23-2026,2026-09-15 03:50:49,Origin,Origin,Tech,7018343103,https://dibbs2.bsm.dla.mil/Downloads/RFQ/D/SPE4A626T29TD.PDF,https://www.dibbs.bsm.dla.mil/RFQ/RFQRec.aspx?sn=SPE4A626T29TD,https://www.dibbs.bsm.dla.mil/rfq/rfqrec.aspx?sn=SPE4A626T29TD,CABLE ASSEMBLY,5,20260930T163626Z,6150-01-091-6465,"CABLE ASSEMBLY,SPECIAL",G,334419,6.0,,,2026-09-16,2026-09-23,CABLE ASSEMBLY,DIBBS|SPE4A626T29TD|6150-01-091-6465,C10,Harnesses / Cable Assemblies / Box Builds,CABLE ASSEMBLY,CABLE ASSEMBLY,False,adjacent,,"DIBBS RFQ Text Search result, AMSC field, retrieved 20260930T163626Z",past deadline
SPE4A726T743E,6150-01-647-4553,SPE4A726T743E,09-16-2026,09-23-2026,2026-09-15 03:50:49,Origin,Origin,Tech,7018341484,https://dibbs2.bsm.dla.mil/Downloads/RFQ/E/SPE4A726T743E.PDF,https://www.dibbs.bsm.dla.mil/RFQ/RFQRec.aspx?sn=SPE4A726T743E,https://www.dibbs.bsm.dla.mil/rfq/rfqrec.aspx?sn=SPE4A726T743E,CABLE ASSEMBLY,5,20260930T163626Z,6150-01-647-4553,"CABLE ASSEMBLY,SPECIAL",G,335311,2.0,,,2026-09-16,2026-09-23,CABLE ASSEMBLY,DIBBS|SPE4A726T743E|6150-01-647-4553,C10,Harnesses / Cable Assemblies / Box Builds,CABLE ASSEMBLY,CABLE ASSEMBLY,False,adjacent,,"DIBBS RFQ Text Search result, AMSC field, retrieved 20260930T163626Z",past deadline
SPE4A626T30AH,6150-01-582-5556,SPE4A626T30AH,09-16-2026,09-23-2026,2026-09-15 03:50:49,Origin,Origin,Tech,7018342076,https://dibbs2.bsm.dla.mil/Downloads/RFQ/H/SPE4A626T30AH.PDF,https://www.dibbs.bsm.dla.mil/RFQ/RFQRec.aspx?sn=SPE4A626T30AH,https://www.dibbs.bsm.dla.mil/rfq/rfqrec.aspx?sn=SPE4A626T30AH,CABLE ASSEMBLY,5,20260930T163626Z,6150-01-582-5556,"CABLE ASSEMBLY,SPECIAL",G,334419,19.0,,,2026-09-16,2026-09-23,CABLE ASSEMBLY,DIBBS|SPE4A626T30AH|6150-01-582-5556,C10,Harnesses / Cable Assemblies / Box Builds,CABLE ASSEMBLY,CABLE ASSEMBLY,False,adjacent,,"DIBBS RFQ Text Search result, AMSC field, retrieved 20260930T163626Z",past deadline
SPE4A626T30AL,5995-01-527-7469,SPE4A626T30AL,09-16-2026,09-23-2026,2026-09-15 03:50:49,Origin,Origin,Tech,7018342195,https://dibbs2.bsm.dla.mil/Downloads/RFQ/L/SPE4A626T30AL.PDF,https://www.dibbs.bsm.dla.mil/RFQ/RFQRec.aspx?sn=SPE4A626T30AL,https://www.dibbs.bsm.dla.mil/rfq/rfqrec.aspx?sn=SPE4A626T30AL,CABLE ASSEMBLY,5,20260930T163626Z,5995-01-527-7469,"CABLE ASSEMBLY,SPECIAL",G,335931,33.0,,,2026-09-16,2026-09-23,CABLE ASSEMBLY,DIBBS|SPE4A626T30AL|5995-01-527-7469,C10,Harnesses / Cable Assemblies / Box Builds,CABLE ASSEMBLY,CABLE ASSEMBLY,False,adjacent,,"DIBBS RFQ Text Search result, AMSC field, retrieved 20260930T163626Z",past deadline
SPE4A626T29UH,5995-01-136-8856,SPE4A626T29UH,09-16-2026,09-23-2026,2026-09-15 03:50:49,Origin,Origin,Tech,7018343636,https://dibbs2.bsm.dla.mil/Downloads/RFQ/H/SPE4A626T29UH.PDF,https://www.dibbs.bsm.dla.mil/RFQ/RFQRec.aspx?sn=SPE4A626T29UH,https://www.dibbs.bsm.dla.mil/rfq/rfqrec.aspx?sn=SPE4A626T29UH,CABLE ASSEMBLY,5,20260930T163626Z,5995-01-136-8856,CABLE ASSEMBLY,G,335931,3.0,,,2026-09-16,2026-09-23,CABLE ASSEMBLY,DIBBS|SPE4A626T29UH|5995-01-136-8856,C10,Harnesses / Cable Assemblies / Box Builds,CABLE ASSEMBLY,CABLE ASSEMBLY,False,adjacent,,"DIBBS RFQ Text Search result, AMSC field, retrieved 20260930T163626Z",past deadline
SPE4A626U4199,6150-01-611-2057,SPE4A626U4199,09-15-2026,09-29-2026,2026-09-14 03:36:17,Origin,Origin,Tech,1000236145,https://dibbs2.bsm.dla.mil/Downloads/RFQ/9/SPE4A626U4199.PDF,https://www.dibbs.bsm.dla.mil/RFQ/RFQRec.aspx?sn=SPE4A626U4199,https://www.dibbs.bsm.dla.mil/rfq/rfqrec.aspx?sn=SPE4A626U4199,CABLE ASSEMBLY,5,20260930T163626Z,6150-01-611-2057,"CABLE ASSEMBLY,SPECIAL",G,334419,7.0,,,2026-09-15,2026-09-29,CABLE ASSEMBLY,DIBBS|SPE4A626U4199|6150-01-611-2057,C10,Harnesses / Cable Assemblies / Box Builds,CABLE ASSEMBLY,CABLE ASSEMBLY,False,adjacent,,"DIBBS RFQ Text Search result, AMSC field, retrieved 20260930T163626Z",past deadline
SPE4A626T29MD,5995-01-676-4908,SPE4A626T29MD,09-15-2026,09-22-2026,2026-09-14 02:34:36,Origin,Origin,Tech,7018186226,https://dibbs2.bsm.dla.mil/Downloads/RFQ/D/SPE4A626T29MD.PDF,https://www.dibbs.bsm.dla.mil/RFQ/RFQRec.aspx?sn=SPE4A626T29MD,https://www.dibbs.bsm.dla.mil/rfq/rfqrec.aspx?sn=SPE4A626T29MD,CABLE ASSEMBLY,5,20260930T163626Z,5995-01-676-4908,"CABLE ASSEMBLY,SPECIAL",G,335931,1.0,,,2026-09-15,2026-09-22,CABLE ASSEMBLY,DIBBS|SPE4A626T29MD|5995-01-676-4908,C10,Harnesses / Cable Assemblies / Box Builds,CABLE ASSEMBLY,CABLE ASSEMBLY,False,adjacent,,"DIBBS RFQ Text Search result, AMSC field, retrieved 20260930T163626Z",past deadline
SPE4A126T2772,6150-01-659-1218,SPE4A126T2772,09-15-2026,09-22-2026,2026-09-14 12:57:47,Origin,Origin,Tech,7016627919,https://dibbs2.bsm.dla.mil/Downloads/RFQ/2/SPE4A126T2772.PDF,https://www.dibbs.bsm.dla.mil/RFQ/RFQRec.aspx?sn=SPE4A126T2772,https://www.dibbs.bsm.dla.mil/rfq/rfqrec.aspx?sn=SPE4A126T2772,CABLE ASSEMBLY,5,20260930T163626Z,6150-01-659-1218,"CABLE ASSEMBLY,SPEC",G,335311,1.0,,,2026-09-15,2026-09-22,CABLE ASSEMBLY,DIBBS|SPE4A126T2772|6150-01-659-1218,C10,Harnesses / Cable Assemblies / Box Builds,CABLE ASSEMBLY,CABLE ASSEMBLY,False,adjacent,,"DIBBS RFQ Text Search result, AMSC field, retrieved 20260930T163626Z",past deadline
SPE4A626T29JQ,5995-01-706-9733,SPE4A626T29JQ,09-15-2026,09-22-2026,2026-09-14 10:36:30,Origin,Origin,Tech,7018256254,https://dibbs2.bsm.dla.mil/Downloads/RFQ/Q/SPE4A626T29JQ.PDF,https://www.dibbs.bsm.dla.mil/RFQ/RFQRec.aspx?sn=SPE4A626T29JQ,https://www.dibbs.bsm.dla.mil/rfq/rfqrec.aspx?sn=SPE4A626T29JQ,CABLE ASSEMBLY,5,20260930T163626Z,5995-01-706-9733,"CABLE ASSEMBLY,SPEC",G,335931,2.0,,,2026-09-15,2026-09-22,CABLE ASSEMBLY,DIBBS|SPE4A626T29JQ|5995-01-706-9733,C10,Harnesses / Cable Assemblies / Box Builds,CABLE ASSEMBLY,CABLE ASSEMBLY,False,adjacent,,"DIBBS RFQ Text Search result, AMSC field, retrieved 20260930T163626Z",past deadline
SPE4A626T29HA,5995-01-722-0758,SPE4A626T29HA,09-15-2026,09-22-2026,2026-09-14 01:27:49,Origin,Origin,Tech,7018027438,https://dibbs2.bsm.dla.mil/Downloads/RFQ/A/SPE4A626T29HA.PDF,https://www.dibbs.bsm.dla.mil/RFQ/RFQRec.aspx?sn=SPE4A626T29HA,https://www.dibbs.bsm.dla.mil/rfq/rfqrec.aspx?sn=SPE4A626T29HA,CABLE ASSEMBLY,5,20260930T163626Z,5995-01-722-0758,"CABLE ASSEMBLY,POWE",G,335931,1.0,,,2026-09-15,2026-09-22,CABLE ASSEMBLY,DIBBS|SPE4A626T29HA|5995-01-722-0758,C10,Harnesses / Cable Assemblies / Box Builds,CABLE ASSEMBLY,CABLE ASSEMBLY,False,adjacent,,"DIBBS RFQ Text Search result, AMSC field, retrieved 20260930T163626Z",past deadline
SPE4A626T29HF,6150-01-503-6262,SPE4A626T29HF,09-15-2026,09-22-2026,2026-09-14 01:27:49,Origin,Origin,Tech,7017636714,https://dibbs2.bsm.dla.mil/Downloads/RFQ/F/SPE4A626T29HF.PDF,https://www.dibbs.bsm.dla.mil/RFQ/RFQRec.aspx?sn=SPE4A626T29HF,https://www.dibbs.bsm.dla.mil/rfq/rfqrec.aspx?sn=SPE4A626T29HF,CABLE ASSEMBLY,5,20260930T163626Z,6150-01-503-6262,"CABLE ASSEMBLY,SPEC",G,334419,2.0,,,2026-09-15,2026-09-22,CABLE ASSEMBLY,DIBBS|SPE4A626T29HF|6150-01-503-6262,C10,Harnesses / Cable Assemblies / Box Builds,CABLE ASSEMBLY,CABLE ASSEMBLY,False,adjacent,,"DIBBS RFQ Text Search result, AMSC field, retrieved 20260930T163626Z",past deadline
SPE4A626T29CL,5995-01-618-7842,SPE4A626T29CL,09-14-2026,09-21-2026,2026-09-13 03:47:13,Origin,Destination,Tech,7018235004,https://dibbs2.bsm.dla.mil/Downloads/RFQ/L/SPE4A626T29CL.PDF,https://www.dibbs.bsm.dla.mil/RFQ/RFQRec.aspx?sn=SPE4A626T29CL,https://www.dibbs.bsm.dla.mil/rfq/rfqrec.aspx?sn=SPE4A626T29CL,CABLE ASSEMBLY,5,20260930T163626Z,5995-01-618-7842,"CABLE ASSEMBLY,SPECIAL",G,334419,1.0,,,2026-09-14,2026-09-21,CABLE ASSEMBLY,DIBBS|SPE4A626T29CL|5995-01-618-7842,C10,Harnesses / Cable Assemblies / Box Builds,CABLE ASSEMBLY,CABLE ASSEMBLY,False,adjacent,,"DIBBS RFQ Text Search result, AMSC field, retrieved 20260930T163626Z",past deadline
SPE4A626T28YD,5995-01-682-8158,SPE4A626T28YD,09-14-2026,09-21-2026,2026-09-13 03:47:13,Origin,Origin,Tech,7018227186,https://dibbs2.bsm.dla.mil/Downloads/RFQ/D/SPE4A626T28YD.PDF,https://www.dibbs.bsm.dla.mil/RFQ/RFQRec.aspx?sn=SPE4A626T28YD,https://www.dibbs.bsm.dla.mil/rfq/rfqrec.aspx?sn=SPE4A626T28YD,CABLE ASSEMBLY,5,20260930T163626Z,5995-01-682-8158,"CABLE ASSEMBLY,SPECIAL",G,335931,1.0,,,2026-09-14,2026-09-21,CABLE ASSEMBLY,DIBBS|SPE4A626T28YD|5995-01-682-8158,C10,Harnesses / Cable Assemblies / Box Builds,CABLE ASSEMBLY,CABLE ASSEMBLY,False,adjacent,,"DIBBS RFQ Text Search result, AMSC field, retrieved 20260930T163626Z",past deadline
SPE4A026T4677,4920-01-565-4272,SPE4A026T4677,09-04-2026,09-16-2026,2026-09-11 05:47:03,Origin,Destination,Tech,7017801122,https://dibbs2.bsm.dla.mil/Downloads/RFQ/7/SPE4A026T4677.PDF,https://www.dibbs.bsm.dla.mil/RFQ/RFQRec.aspx?sn=SPE4A026T4677,https://www.dibbs.bsm.dla.mil/rfq/rfqrec.aspx?sn=SPE4A026T4677,CABLE ASSEMBLY,5,20260930T163626Z,4920-01-565-4272,"CABLE ASSEMBLY,SPEC",G,332710,1.0,,,2026-09-04,2026-09-16,CABLE ASSEMBLY,DIBBS|SPE4A026T4677|4920-01-565-4272,C10,Harnesses / Cable Assemblies / Box Builds,CABLE ASSEMBLY,CABLE ASSEMBLY,False,adjacent,,"DIBBS RFQ Text Search result, AMSC field, retrieved 20260930T163626Z",past deadline
SPE4A626T28WR,6150-01-431-4335,SPE4A626T28WR,09-11-2026,09-18-2026,2026-09-10 08:33:44,Origin,Origin,Tech,7018249075,https://dibbs2.bsm.dla.mil/Downloads/RFQ/R/SPE4A626T28WR.PDF,https://www.dibbs.bsm.dla.mil/RFQ/RFQRec.aspx?sn=SPE4A626T28WR,https://www.dibbs.bsm.dla.mil/rfq/rfqrec.aspx?sn=SPE4A626T28WR,CABLE ASSEMBLY,5,20260930T163626Z,6150-01-431-4335,"CABLE ASSEMBLY,SPECIAL",G,334419,3.0,,,2026-09-11,2026-09-18,CABLE ASSEMBLY,DIBBS|SPE4A626T28WR|6150-01-431-4335,C10,Harnesses / Cable Assemblies / Box Builds,CABLE ASSEMBLY,CABLE ASSEMBLY,False,adjacent,,"DIBBS RFQ Text Search result, AMSC field, retrieved 20260930T163626Z",past deadline
SPE4A626T28VW,6150-01-650-4957,SPE4A626T28VW,09-11-2026,09-18-2026,2026-09-10 08:33:44,Origin,Origin,Tech,7015245951,https://dibbs2.bsm.dla.mil/Downloads/RFQ/W/SPE4A626T28VW.PDF,https://www.dibbs.bsm.dla.mil/RFQ/RFQRec.aspx?sn=SPE4A626T28VW,https://www.dibbs.bsm.dla.mil/rfq/rfqrec.aspx?sn=SPE4A626T28VW,CABLE ASSEMBLY,5,20260930T163626Z,6150-01-650-4957,"CABLE ASSEMBLY,POWE",G,335311,4.0,,,2026-09-11,2026-09-18,CABLE ASSEMBLY,DIBBS|SPE4A626T28VW|6150-01-650-4957,C10,Harnesses / Cable Assemblies / Box Builds,CABLE ASSEMBLY,CABLE ASSEMBLY,False,adjacent,,"DIBBS RFQ Text Search result, AMSC field, retrieved 20260930T163626Z",past deadline
SPE4A626T28QS,6150-01-673-0212,SPE4A626T28QS,09-11-2026,09-18-2026,2026-09-10 08:10:05,Origin,Origin,Tech,7016716733,https://dibbs2.bsm.dla.mil/Downloads/RFQ/S/SPE4A626T28QS.PDF,https://www.dibbs.bsm.dla.mil/RFQ/RFQRec.aspx?sn=SPE4A626T28QS,https://www.dibbs.bsm.dla.mil/rfq/rfqrec.aspx?sn=SPE4A626T28QS,CABLE ASSEMBLY,5,20260930T163626Z,6150-01-673-0212,"CABLE ASSEMBLY,SPEC",G,335311,1.0,,,2026-09-11,2026-09-18,CABLE ASSEMBLY,DIBBS|SPE4A626T28QS|6150-01-673-0212,C10,Harnesses / Cable Assemblies / Box Builds,CABLE ASSEMBLY,CABLE ASSEMBLY,False,adjacent,,"DIBBS RFQ Text Search result, AMSC field, retrieved 20260930T163626Z",past deadline
SPE4A626T28QH,5995-01-225-7627,SPE4A626T28QH,09-11-2026,09-18-2026,2026-09-10 08:10:05,Origin,Origin,Tech,7018248681,https://dibbs2.bsm.dla.mil/Downloads/RFQ/H/SPE4A626T28QH.PDF,https://www.dibbs.bsm.dla.mil/RFQ/RFQRec.aspx?sn=SPE4A626T28QH,https://www.dibbs.bsm.dla.mil/rfq/rfqrec.aspx?sn=SPE4A626T28QH,CABLE ASSEMBLY,5,20260930T163626Z,5995-01-225-7627,"CABLE ASSEMBLY,SPECIAL",G,334419,73.0,,,2026-09-11,2026-09-18,CABLE ASSEMBLY,DIBBS|SPE4A626T28QH|5995-01-225-7627,C10,Harnesses / Cable Assemblies / Box Builds,CABLE ASSEMBLY,CABLE ASSEMBLY,False,adjacent,,"DIBBS RFQ Text Search result, AMSC field, retrieved 20260930T163626Z",past deadline
SPE4A626T28VS,6150-01-352-3934,SPE4A626T28VS,09-11-2026,09-18-2026,2026-09-10 08:10:05,Origin,Origin,Tech,7018248440,https://dibbs2.bsm.dla.mil/Downloads/RFQ/S/SPE4A626T28VS.PDF,https://www.dibbs.bsm.dla.mil/RFQ/RFQRec.aspx?sn=SPE4A626T28VS,https://www.dibbs.bsm.dla.mil/rfq/rfqrec.aspx?sn=SPE4A626T28VS,CABLE ASSEMBLY,5,20260930T163626Z,6150-01-352-3934,"CABLE ASSEMBLY,SPECIAL",G,335311,19.0,,,2026-09-11,2026-09-18,CABLE ASSEMBLY,DIBBS|SPE4A626T28VS|6150-01-352-3934,C10,Harnesses / Cable Assemblies / Box Builds,CABLE ASSEMBLY,CABLE ASSEMBLY,False,adjacent,,"DIBBS RFQ Text Search result, AMSC field, retrieved 20260930T163626Z",past deadline
SPE4A626T28UP,5995-01-054-7178,SPE4A626T28UP,09-11-2026,09-18-2026,2026-09-10 08:10:05,Origin,Destination,Tech,7018287825,https://dibbs2.bsm.dla.mil/Downloads/RFQ/P/SPE4A626T28UP.PDF,https://www.dibbs.bsm.dla.mil/RFQ/RFQRec.aspx?sn=SPE4A626T28UP,https://www.dibbs.bsm.dla.mil/rfq/rfqrec.aspx?sn=SPE4A626T28UP,CABLE ASSEMBLY,5,20260930T163626Z,5995-01-054-7178,"CABLE ASSEMBLY,RADIO F",G,334419,181.0,,,2026-09-11,2026-09-18,CABLE ASSEMBLY,DIBBS|SPE4A626T28UP|5995-01-054-7178,C10,Harnesses / Cable Assemblies / Box Builds,CABLE ASSEMBLY,CABLE ASSEMBLY,False,adjacent,,"DIBBS RFQ Text Search result, AMSC field, retrieved 20260930T163626Z",past deadline
SPE4A626T28VK,6150-01-302-7711,SPE4A626T28VK,09-11-2026,09-18-2026,2026-09-10 08:10:05,Origin,Origin,Tech,7018283486,https://dibbs2.bsm.dla.mil/Downloads/RFQ/K/SPE4A626T28VK.PDF,https://www.dibbs.bsm.dla.mil/RFQ/RFQRec.aspx?sn=SPE4A626T28VK,https://www.dibbs.bsm.dla.mil/rfq/rfqrec.aspx?sn=SPE4A626T28VK,CABLE ASSEMBLY,5,20260930T163626Z,6150-01-302-7711,"CABLE ASSEMBLY,POWE",G,334419,5.0,,,2026-09-11,2026-09-18,CABLE ASSEMBLY,DIBBS|SPE4A626T28VK|6150-01-302-7711,C10,Harnesses / Cable Assemblies / Box Builds,CABLE ASSEMBLY,CABLE ASSEMBLY,False,adjacent,,"DIBBS RFQ Text Search result, AMSC field, retrieved 20260930T163626Z",past deadline
SPE7M126T346D,6020-01-721-7293,SPE7M126T346D,09-11-2026,09-21-2026,2026-09-10 06:37:17,Origin,Destination,Tech,7018271860,https://dibbs2.bsm.dla.mil/Downloads/RFQ/D/SPE7M126T346D.PDF,https://www.dibbs.bsm.dla.mil/RFQ/RFQRec.aspx?sn=SPE7M126T346D,https://www.dibbs.bsm.dla.mil/rfq/rfqrec.aspx?sn=SPE7M126T346D,CABLE ASSEMBLY,5,20260930T163626Z,6020-01-721-7293,"CABLE ASSEMBLY,FIBER O",G,335921,3.0,,,2026-09-11,2026-09-21,BOX; CABLE ASSEMBLY,DIBBS|SPE7M126T346D|6020-01-721-7293,C10,Harnesses / Cable Assemblies / Box Builds,CABLE ASSEMBLY,CABLE ASSEMBLY,False,adjacent,,"DIBBS RFQ Text Search result, AMSC field, retrieved 20260930T163626Z",past deadline
SPE4A626T28NP,5995-01-463-3334,SPE4A626T28NP,09-11-2026,09-18-2026,2026-09-10 12:42:54,Origin,Origin,Tech,7018247866,https://dibbs2.bsm.dla.mil/Downloads/RFQ/P/SPE4A626T28NP.PDF,https://www.dibbs.bsm.dla.mil/RFQ/RFQRec.aspx?sn=SPE4A626T28NP,https://www.dibbs.bsm.dla.mil/rfq/rfqrec.aspx?sn=SPE4A626T28NP,CABLE ASSEMBLY,6,20260930T163644Z,5995-01-463-3334,"CABLE ASSEMBLY,RADIO F",G,334419,9.0,,,2026-09-11,2026-09-18,CABLE ASSEMBLY,DIBBS|SPE4A626T28NP|5995-01-463-3334,C10,Harnesses / Cable Assemblies / Box Builds,CABLE ASSEMBLY,CABLE ASSEMBLY,False,adjacent,,"DIBBS RFQ Text Search result, AMSC field, retrieved 20260930T163644Z",past deadline
SPE4A626T28NV,5995-01-447-0749,SPE4A626T28NV,09-11-2026,09-18-2026,2026-09-10 12:42:54,Origin,Origin,Tech,7018247664,https://dibbs2.bsm.dla.mil/Downloads/RFQ/V/SPE4A626T28NV.PDF,https://www.dibbs.bsm.dla.mil/RFQ/RFQRec.aspx?sn=SPE4A626T28NV,https://www.dibbs.bsm.dla.mil/rfq/rfqrec.aspx?sn=SPE4A626T28NV,CABLE ASSEMBLY,6,20260930T163644Z,5995-01-447-0749,"CABLE ASSEMBLY,RADIO F",G,334419,8.0,,,2026-09-11,2026-09-18,CABLE ASSEMBLY,DIBBS|SPE4A626T28NV|5995-01-447-0749,C10,Harnesses / Cable Assemblies / Box Builds,CABLE ASSEMBLY,CABLE ASSEMBLY,False,adjacent,,"DIBBS RFQ Text Search result, AMSC field, retrieved 20260930T163644Z",past deadline
SPE4A626T24CG,5995-01-692-7565,SPE4A626T24CG,08-28-2026,09-14-2026,2026-09-09 06:14:58,Origin,Origin,Tech,7015974592,https://dibbs2.bsm.dla.mil/Downloads/RFQ/G/SPE4A626T24CG.PDF,https://www.dibbs.bsm.dla.mil/RFQ/RFQRec.aspx?sn=SPE4A626T24CG,https://www.dibbs.bsm.dla.mil/rfq/rfqrec.aspx?sn=SPE4A626T24CG,CABLE ASSEMBLY,6,20260930T163644Z,5995-01-692-7565,"CABLE ASSEMBLY,SPEC",G,335931,2.0,,,2026-08-28,2026-09-14,CABLE ASSEMBLY,DIBBS|SPE4A626T24CG|5995-01-692-7565,C10,Harnesses / Cable Assemblies / Box Builds,CABLE ASSEMBLY,CABLE ASSEMBLY,False,adjacent,,"DIBBS RFQ Text Search result, AMSC field, retrieved 20260930T163644Z",past deadline
SPE4A626T28HX,6150-01-676-4131,SPE4A626T28HX,09-10-2026,09-17-2026,2026-09-09 12:34:35,Origin,Origin,Tech,7016848835,https://dibbs2.bsm.dla.mil/Downloads/RFQ/X/SPE4A626T28HX.PDF,https://www.dibbs.bsm.dla.mil/RFQ/RFQRec.aspx?sn=SPE4A626T28HX,https://www.dibbs.bsm.dla.mil/rfq/rfqrec.aspx?sn=SPE4A626T28HX,CABLE ASSEMBLY,6,20260930T163644Z,6150-01-676-4131,"CABLE ASSEMBLY,SPEC",G,335311,2.0,,,2026-09-10,2026-09-17,CABLE ASSEMBLY,DIBBS|SPE4A626T28HX|6150-01-676-4131,C10,Harnesses / Cable Assemblies / Box Builds,CABLE ASSEMBLY,CABLE ASSEMBLY,False,adjacent,,"DIBBS RFQ Text Search result, AMSC field, retrieved 20260930T163644Z",past deadline
SPE4A626T28HP,5995-01-716-9374,SPE4A626T28HP,09-10-2026,09-17-2026,2026-09-09 12:07:58,Origin,Destination,Tech,7017947105; 7017949660,https://dibbs2.bsm.dla.mil/Downloads/RFQ/P/SPE4A626T28HP.PDF,https://www.dibbs.bsm.dla.mil/RFQ/RFQRec.aspx?sn=SPE4A626T28HP,https://www.dibbs.bsm.dla.mil/rfq/rfqrec.aspx?sn=SPE4A626T28HP,CABLE ASSEMBLY,6,20260930T163644Z,5995-01-716-9374,"CABLE ASSEMBLY,SPEC",G,335931,2.0,,,2026-09-10,2026-09-17,CABLE ASSEMBLY,DIBBS|SPE4A626T28HP|5995-01-716-9374,C10,Harnesses / Cable Assemblies / Box Builds,CABLE ASSEMBLY,CABLE ASSEMBLY,False,adjacent,,"DIBBS RFQ Text Search result, AMSC field, retrieved 20260930T163644Z",past deadline
SPE4A626T28CN,5995-01-660-0650,SPE4A626T28CN,09-10-2026,09-17-2026,2026-09-09 07:45:30,Origin,Destination,Tech,7018185808,https://dibbs2.bsm.dla.mil/Downloads/RFQ/N/SPE4A626T28CN.PDF,https://www.dibbs.bsm.dla.mil/RFQ/RFQRec.aspx?sn=SPE4A626T28CN,https://www.dibbs.bsm.dla.mil/rfq/rfqrec.aspx?sn=SPE4A626T28CN,CABLE ASSEMBLY,6,20260930T163644Z,5995-01-660-0650,"CABLE ASSEMBLY,SPECIAL",G,335931,2.0,,,2026-09-10,2026-09-17,CABLE ASSEMBLY,DIBBS|SPE4A626T28CN|5995-01-660-0650,C10,Harnesses / Cable Assemblies / Box Builds,CABLE ASSEMBLY,CABLE ASSEMBLY,False,adjacent,,"DIBBS RFQ Text Search result, AMSC field, retrieved 20260930T163644Z",past deadline
SPE4A626T28BU,6150-01-666-6420,SPE4A626T28BU,09-10-2026,09-17-2026,2026-09-09 07:45:30,Origin,Destination,Tech,7018185637,https://dibbs2.bsm.dla.mil/Downloads/RFQ/U/SPE4A626T28BU.PDF,https://www.dibbs.bsm.dla.mil/RFQ/RFQRec.aspx?sn=SPE4A626T28BU,https://www.dibbs.bsm.dla.mil/rfq/rfqrec.aspx?sn=SPE4A626T28BU,CABLE ASSEMBLY,6,20260930T163644Z,6150-01-666-6420,"CABLE ASSEMBLY,SPECIAL",G,335311,2.0,,,2026-09-10,2026-09-17,CABLE ASSEMBLY,DIBBS|SPE4A626T28BU|6150-01-666-6420,C10,Harnesses / Cable Assemblies / Box Builds,CABLE ASSEMBLY,CABLE ASSEMBLY,False,adjacent,,"DIBBS RFQ Text Search result, AMSC field, retrieved 20260930T163644Z",past deadline
SPE4A626T27XC,6150-01-589-1848,SPE4A626T27XC,09-10-2026,09-17-2026,2026-09-09 05:18:40,Origin,Origin,Tech,7018248043,https://dibbs2.bsm.dla.mil/Downloads/RFQ/C/SPE4A626T27XC.PDF,https://www.dibbs.bsm.dla.mil/RFQ/RFQRec.aspx?sn=SPE4A626T27XC,https://www.dibbs.bsm.dla.mil/rfq/rfqrec.aspx?sn=SPE4A626T27XC,CABLE ASSEMBLY,6,20260930T163644Z,6150-01-589-1848,"CABLE ASSEMBLY,SPECIAL",G,334419,3.0,,,2026-09-10,2026-09-17,CABLE ASSEMBLY,DIBBS|SPE4A626T27XC|6150-01-589-1848,C10,Harnesses / Cable Assemblies / Box Builds,CABLE ASSEMBLY,CABLE ASSEMBLY,False,adjacent,,"DIBBS RFQ Text Search result, AMSC field, retrieved 20260930T163644Z",past deadline
SPE4A626T27TB,6150-01-442-8441,SPE4A626T27TB,09-10-2026,09-17-2026,2026-09-09 05:18:39,Origin,Origin,Tech,7018247775,https://dibbs2.bsm.dla.mil/Downloads/RFQ/B/SPE4A626T27TB.PDF,https://www.dibbs.bsm.dla.mil/RFQ/RFQRec.aspx?sn=SPE4A626T27TB,https://www.dibbs.bsm.dla.mil/rfq/rfqrec.aspx?sn=SPE4A626T27TB,CABLE ASSEMBLY,6,20260930T163644Z,6150-01-442-8441,"CABLE ASSEMBLY,SPECIAL",G,334419,170.0,,,2026-09-10,2026-09-17,CABLE ASSEMBLY,DIBBS|SPE4A626T27TB|6150-01-442-8441,C10,Harnesses / Cable Assemblies / Box Builds,CABLE ASSEMBLY,CABLE ASSEMBLY,False,adjacent,,"DIBBS RFQ Text Search result, AMSC field, retrieved 20260930T163644Z",past deadline
SPE4A626T27WX,5995-01-676-1126,SPE4A626T27WX,09-10-2026,09-17-2026,2026-09-09 05:18:39,Origin,Origin,Tech,7018247290,https://dibbs2.bsm.dla.mil/Downloads/RFQ/X/SPE4A626T27WX.PDF,https://www.dibbs.bsm.dla.mil/RFQ/RFQRec.aspx?sn=SPE4A626T27WX,https://www.dibbs.bsm.dla.mil/rfq/rfqrec.aspx?sn=SPE4A626T27WX,CABLE ASSEMBLY,6,20260930T163644Z,5995-01-676-1126,"CABLE ASSEMBLY,SPECIAL",G,335931,2.0,,,2026-09-10,2026-09-17,CABLE ASSEMBLY,DIBBS|SPE4A626T27WX|5995-01-676-1126,C10,Harnesses / Cable Assemblies / Box Builds,CABLE ASSEMBLY,CABLE ASSEMBLY,False,adjacent,,"DIBBS RFQ Text Search result, AMSC field, retrieved 20260930T163644Z",past deadline
SPE4A626T27YB,6150-01-676-4131,SPE4A626T27YB,09-10-2026,09-17-2026,2026-09-09 05:18:39,Origin,Origin,Tech,7018247279,https://dibbs2.bsm.dla.mil/Downloads/RFQ/B/SPE4A626T27YB.PDF,https://www.dibbs.bsm.dla.mil/RFQ/RFQRec.aspx?sn=SPE4A626T27YB,https://www.dibbs.bsm.dla.mil/rfq/rfqrec.aspx?sn=SPE4A626T27YB,CABLE ASSEMBLY,6,20260930T163644Z,6150-01-676-4131,"CABLE ASSEMBLY,SPECIAL",G,335311,2.0,,,2026-09-10,2026-09-17,CABLE ASSEMBLY,DIBBS|SPE4A626T27YB|6150-01-676-4131,C10,Harnesses / Cable Assemblies / Box Builds,CABLE ASSEMBLY,CABLE ASSEMBLY,False,adjacent,,"DIBBS RFQ Text Search result, AMSC field, retrieved 20260930T163644Z",past deadline
SPE4A626T27YM,5995-01-697-0336,SPE4A626T27YM,09-10-2026,09-17-2026,2026-09-09 05:18:39,Origin,Destination,Tech,7018247349,https://dibbs2.bsm.dla.mil/Downloads/RFQ/M/SPE4A626T27YM.PDF,https://www.dibbs.bsm.dla.mil/RFQ/RFQRec.aspx?sn=SPE4A626T27YM,https://www.dibbs.bsm.dla.mil/rfq/rfqrec.aspx?sn=SPE4A626T27YM,CABLE ASSEMBLY,6,20260930T163644Z,5995-01-697-0336,"CABLE ASSEMBLY,SPECIAL",G,335931,200.0,,,2026-09-10,2026-09-17,CABLE ASSEMBLY,DIBBS|SPE4A626T27YM|5995-01-697-0336,C10,Harnesses / Cable Assemblies / Box Builds,CABLE ASSEMBLY,CABLE ASSEMBLY,False,adjacent,,"DIBBS RFQ Text Search result, AMSC field, retrieved 20260930T163644Z",past deadline
SPE4A626T27PN,5995-01-199-4045,SPE4A626T27PN,09-10-2026,09-17-2026,2026-09-09 04:27:55,Origin,Origin,Tech,7018247848,https://dibbs2.bsm.dla.mil/Downloads/RFQ/N/SPE4A626T27PN.PDF,https://www.dibbs.bsm.dla.mil/RFQ/RFQRec.aspx?sn=SPE4A626T27PN,https://www.dibbs.bsm.dla.mil/rfq/rfqrec.aspx?sn=SPE4A626T27PN,CABLE ASSEMBLY,6,20260930T163644Z,5995-01-199-4045,"CABLE ASSEMBLY,RADIO F",G,444180,13.0,,,2026-09-10,2026-09-17,CABLE ASSEMBLY,DIBBS|SPE4A626T27PN|5995-01-199-4045,C10,Harnesses / Cable Assemblies / Box Builds,CABLE ASSEMBLY,CABLE ASSEMBLY,False,adjacent,,"DIBBS RFQ Text Search result, AMSC field, retrieved 20260930T163644Z",past deadline
SPE4A626T27AA,5995-01-406-8999,SPE4A626T27AA,09-08-2026,09-15-2026,2026-09-07 04:26:58,Origin,Origin,Tech,7018067928,https://dibbs2.bsm.dla.mil/Downloads/RFQ/A/SPE4A626T27AA.PDF,https://www.dibbs.bsm.dla.mil/RFQ/RFQRec.aspx?sn=SPE4A626T27AA,https://www.dibbs.bsm.dla.mil/rfq/rfqrec.aspx?sn=SPE4A626T27AA,CABLE ASSEMBLY,6,20260930T163644Z,5995-01-406-8999,"CABLE ASSEMBLY,SPECIAL",G,334419,13.0,,,2026-09-08,2026-09-15,CABLE ASSEMBLY,DIBBS|SPE4A626T27AA|5995-01-406-8999,C10,Harnesses / Cable Assemblies / Box Builds,CABLE ASSEMBLY,CABLE ASSEMBLY,False,adjacent,,"DIBBS RFQ Text Search result, AMSC field, retrieved 20260930T163644Z",past deadline
SPE4A626T26YV,6150-01-091-4293,SPE4A626T26YV,09-08-2026,09-15-2026,2026-09-07 04:26:58,Origin,Origin,Tech,7018067859,https://dibbs2.bsm.dla.mil/Downloads/RFQ/V/SPE4A626T26YV.PDF,https://www.dibbs.bsm.dla.mil/RFQ/RFQRec.aspx?sn=SPE4A626T26YV,https://www.dibbs.bsm.dla.mil/rfq/rfqrec.aspx?sn=SPE4A626T26YV,CABLE ASSEMBLY,6,20260930T163644Z,6150-01-091-4293,CABLE ASSEMBLY,G,334419,2.0,,,2026-09-08,2026-09-15,CABLE ASSEMBLY,DIBBS|SPE4A626T26YV|6150-01-091-4293,C10,Harnesses / Cable Assemblies / Box Builds,CABLE ASSEMBLY,CABLE ASSEMBLY,False,adjacent,,"DIBBS RFQ Text Search result, AMSC field, retrieved 20260930T163644Z",past deadline
SPE4A626T27AV,5995-01-728-7760,SPE4A626T27AV,09-08-2026,09-15-2026,2026-09-07 04:26:58,Origin,Origin,Tech,7017837155,https://dibbs2.bsm.dla.mil/Downloads/RFQ/V/SPE4A626T27AV.PDF,https://www.dibbs.bsm.dla.mil/RFQ/RFQRec.aspx?sn=SPE4A626T27AV,https://www.dibbs.bsm.dla.mil/rfq/rfqrec.aspx?sn=SPE4A626T27AV,CABLE ASSEMBLY,6,20260930T163644Z,5995-01-728-7760,"CABLE ASSEMBLY,RADI",G,335931,2.0,,,2026-09-08,2026-09-15,CABLE ASSEMBLY,DIBBS|SPE4A626T27AV|5995-01-728-7760,C10,Harnesses / Cable Assemblies / Box Builds,CABLE ASSEMBLY,CABLE ASSEMBLY,False,adjacent,,"DIBBS RFQ Text Search result, AMSC field, retrieved 20260930T163644Z",past deadline
SPE4A626T27AM,5995-01-721-2473,SPE4A626T27AM,09-08-2026,09-15-2026,2026-09-07 04:26:58,Origin,Destination,Tech,7018068426,https://dibbs2.bsm.dla.mil/Downloads/RFQ/M/SPE4A626T27AM.PDF,https://www.dibbs.bsm.dla.mil/RFQ/RFQRec.aspx?sn=SPE4A626T27AM,https://www.dibbs.bsm.dla.mil/rfq/rfqrec.aspx?sn=SPE4A626T27AM,CABLE ASSEMBLY,6,20260930T163644Z,5995-01-721-2473,"CABLE ASSEMBLY,SPEC",G,335931,5.0,,,2026-09-08,2026-09-15,CABLE ASSEMBLY,DIBBS|SPE4A626T27AM|5995-01-721-2473,C10,Harnesses / Cable Assemblies / Box Builds,CABLE ASSEMBLY,CABLE ASSEMBLY,False,adjacent,,"DIBBS RFQ Text Search result, AMSC field, retrieved 20260930T163644Z",past deadline
SPE4A626T23YH,6150-01-513-6210,SPE4A626T23YH,08-28-2026,09-10-2026,2026-09-04 05:35:22,Origin,Destination,Tech,7017990829,https://dibbs2.bsm.dla.mil/Downloads/RFQ/H/SPE4A626T23YH.PDF,https://www.dibbs.bsm.dla.mil/RFQ/RFQRec.aspx?sn=SPE4A626T23YH,https://www.dibbs.bsm.dla.mil/rfq/rfqrec.aspx?sn=SPE4A626T23YH,CABLE ASSEMBLY,6,20260930T163644Z,6150-01-513-6210,"CABLE ASSEMBLY,SPEC",G,334419,3.0,,,2026-08-28,2026-09-10,CABLE ASSEMBLY,DIBBS|SPE4A626T23YH|6150-01-513-6210,C10,Harnesses / Cable Assemblies / Box Builds,CABLE ASSEMBLY,CABLE ASSEMBLY,False,adjacent,,"DIBBS RFQ Text Search result, AMSC field, retrieved 20260930T163644Z",past deadline
SPE4A626T23YA,6150-01-367-5604,SPE4A626T23YA,08-28-2026,09-10-2026,2026-09-04 05:34:49,Origin,Origin,Tech,7018020383,https://dibbs2.bsm.dla.mil/Downloads/RFQ/A/SPE4A626T23YA.PDF,https://www.dibbs.bsm.dla.mil/RFQ/RFQRec.aspx?sn=SPE4A626T23YA,https://www.dibbs.bsm.dla.mil/rfq/rfqrec.aspx?sn=SPE4A626T23YA,CABLE ASSEMBLY,6,20260930T163644Z,6150-01-367-5604,"CABLE ASSEMBLY,POWE",G,334419,1.0,,,2026-08-28,2026-09-10,CABLE ASSEMBLY,DIBBS|SPE4A626T23YA|6150-01-367-5604,C10,Harnesses / Cable Assemblies / Box Builds,CABLE ASSEMBLY,CABLE ASSEMBLY,False,adjacent,,"DIBBS RFQ Text Search result, AMSC field, retrieved 20260930T163644Z",past deadline
SPE4A626T26SE,6150-01-440-2996,SPE4A626T26SE,09-04-2026,09-11-2026,2026-09-03 05:49:30,Origin,Origin,Tech,7018197372,https://dibbs2.bsm.dla.mil/Downloads/RFQ/E/SPE4A626T26SE.PDF,https://www.dibbs.bsm.dla.mil/RFQ/RFQRec.aspx?sn=SPE4A626T26SE,https://www.dibbs.bsm.dla.mil/rfq/rfqrec.aspx?sn=SPE4A626T26SE,CABLE ASSEMBLY,6,20260930T163644Z,6150-01-440-2996,"CABLE ASSEMBLY,SPECIAL",G,334419,41.0,,,2026-09-04,2026-09-11,CABLE ASSEMBLY,DIBBS|SPE4A626T26SE|6150-01-440-2996,C10,Harnesses / Cable Assemblies / Box Builds,CABLE ASSEMBLY,CABLE ASSEMBLY,False,adjacent,,"DIBBS RFQ Text Search result, AMSC field, retrieved 20260930T163644Z",past deadline
SPE4A626T26RT,6150-01-651-7337,SPE4A626T26RT,09-04-2026,09-11-2026,2026-09-03 04:48:46,Origin,Origin,Tech,7018129760; 7018129761,https://dibbs2.bsm.dla.mil/Downloads/RFQ/T/SPE4A626T26RT.PDF,https://www.dibbs.bsm.dla.mil/RFQ/RFQRec.aspx?sn=SPE4A626T26RT,https://www.dibbs.bsm.dla.mil/rfq/rfqrec.aspx?sn=SPE4A626T26RT,CABLE ASSEMBLY,6,20260930T163644Z,6150-01-651-7337,"CABLE ASSEMBLY,POWE",G,335311,3.0,,,2026-09-04,2026-09-11,CABLE ASSEMBLY,DIBBS|SPE4A626T26RT|6150-01-651-7337,C10,Harnesses / Cable Assemblies / Box Builds,CABLE ASSEMBLY,CABLE ASSEMBLY,False,adjacent,,"DIBBS RFQ Text Search result, AMSC field, retrieved 20260930T163644Z",past deadline
SPE7L526T5302,5995-00-772-8813,SPE7L526T5302,09-04-2026,09-14-2026,2026-09-03 07:28:03,Origin,Origin,Tech,7018075920,https://dibbs2.bsm.dla.mil/Downloads/RFQ/2/SPE7L526T5302.PDF,https://www.dibbs.bsm.dla.mil/RFQ/RFQRec.aspx?sn=SPE7L526T5302,https://www.dibbs.bsm.dla.mil/rfq/rfqrec.aspx?sn=SPE7L526T5302,CABLE ASSEMBLY,6,20260930T163644Z,5995-00-772-8813,"CABLE ASSEMBLY,SPECIAL",G,334419,712.0,,,2026-09-04,2026-09-14,CABLE ASSEMBLY,DIBBS|SPE7L526T5302|5995-00-772-8813,C10,Harnesses / Cable Assemblies / Box Builds,CABLE ASSEMBLY,CABLE ASSEMBLY,False,adjacent,,"DIBBS RFQ Text Search result, AMSC field, retrieved 20260930T163644Z",past deadline
SPE4A026T4658,6150-01-673-1749,SPE4A026T4658,09-04-2026,09-11-2026,2026-09-03 07:28:03,Origin,Origin,Tech,7018118565,https://dibbs2.bsm.dla.mil/Downloads/RFQ/8/SPE4A026T4658.PDF,https://www.dibbs.bsm.dla.mil/RFQ/RFQRec.aspx?sn=SPE4A026T4658,https://www.dibbs.bsm.dla.mil/rfq/rfqrec.aspx?sn=SPE4A026T4658,CABLE ASSEMBLY,6,20260930T163644Z,6150-01-673-1749,"CABLE ASSEMBLY,POWER,E",G,335311,1.0,,,2026-09-04,2026-09-11,CABLE ASSEMBLY,DIBBS|SPE4A026T4658|6150-01-673-1749,C10,Harnesses / Cable Assemblies / Box Builds,CABLE ASSEMBLY,CABLE ASSEMBLY,False,adjacent,,"DIBBS RFQ Text Search result, AMSC field, retrieved 20260930T163644Z",past deadline
SPE4A026T4617,6150-00-902-9830,SPE4A026T4617,09-04-2026,09-11-2026,2026-09-03 05:45:01,Destination,Destination,Tech,7018121860,https://dibbs2.bsm.dla.mil/Downloads/RFQ/7/SPE4A026T4617.PDF,https://www.dibbs.bsm.dla.mil/RFQ/RFQRec.aspx?sn=SPE4A026T4617,https://www.dibbs.bsm.dla.mil/rfq/rfqrec.aspx?sn=SPE4A026T4617,CABLE ASSEMBLY,6,20260930T163644Z,6150-00-902-9830,"CABLE ASSEMBLY,POWER,E",G,334419,1.0,,,2026-09-04,2026-09-11,CABLE ASSEMBLY,DIBBS|SPE4A026T4617|6150-00-902-9830,C10,Harnesses / Cable Assemblies / Box Builds,CABLE ASSEMBLY,CABLE ASSEMBLY,False,adjacent,,"DIBBS RFQ Text Search result, AMSC field, retrieved 20260930T163644Z",past deadline
SPE4A626T26JS,6150-01-666-6420,SPE4A626T26JS,09-04-2026,09-11-2026,2026-09-03 05:45:01,Origin,Destination,Tech,7018115989,https://dibbs2.bsm.dla.mil/Downloads/RFQ/S/SPE4A626T26JS.PDF,https://www.dibbs.bsm.dla.mil/RFQ/RFQRec.aspx?sn=SPE4A626T26JS,https://www.dibbs.bsm.dla.mil/rfq/rfqrec.aspx?sn=SPE4A626T26JS,CABLE ASSEMBLY,6,20260930T163644Z,6150-01-666-6420,"CABLE ASSEMBLY,SPEC",G,335311,1.0,,,2026-09-04,2026-09-11,CABLE ASSEMBLY,DIBBS|SPE4A626T26JS|6150-01-666-6420,C10,Harnesses / Cable Assemblies / Box Builds,CABLE ASSEMBLY,CABLE ASSEMBLY,False,adjacent,,"DIBBS RFQ Text Search result, AMSC field, retrieved 20260930T163644Z",past deadline
SPE4A626T25XG,6150-01-128-5590,SPE4A626T25XG,09-02-2026,09-09-2026,2026-09-01 06:27:34,Origin,Origin,Tech,7017939446,https://dibbs2.bsm.dla.mil/Downloads/RFQ/G/SPE4A626T25XG.PDF,https://www.dibbs.bsm.dla.mil/RFQ/RFQRec.aspx?sn=SPE4A626T25XG,https://www.dibbs.bsm.dla.mil/rfq/rfqrec.aspx?sn=SPE4A626T25XG,CABLE ASSEMBLY,7,20260930T163701Z,6150-01-128-5590,"CABLE ASSEMBLY,SPEC",G,334419,42.0,,,2026-09-02,2026-09-09,CABLE ASSEMBLY,DIBBS|SPE4A626T25XG|6150-01-128-5590,C10,Harnesses / Cable Assemblies / Box Builds,CABLE ASSEMBLY,CABLE ASSEMBLY,False,adjacent,,"DIBBS RFQ Text Search result, AMSC field, retrieved 20260930T163701Z",past deadline
SPE4A626T25VG,5995-01-513-1226,SPE4A626T25VG,09-02-2026,09-09-2026,2026-09-01 05:38:05,Origin,Destination,Tech,7018087632,https://dibbs2.bsm.dla.mil/Downloads/RFQ/G/SPE4A626T25VG.PDF,https://www.dibbs.bsm.dla.mil/RFQ/RFQRec.aspx?sn=SPE4A626T25VG,https://www.dibbs.bsm.dla.mil/rfq/rfqrec.aspx?sn=SPE4A626T25VG,CABLE ASSEMBLY,7,20260930T163701Z,5995-01-513-1226,"CABLE ASSEMBLY,SPEC",G,334419,2.0,,,2026-09-02,2026-09-09,CABLE ASSEMBLY,DIBBS|SPE4A626T25VG|5995-01-513-1226,C10,Harnesses / Cable Assemblies / Box Builds,CABLE ASSEMBLY,CABLE ASSEMBLY,False,adjacent,,"DIBBS RFQ Text Search result, AMSC field, retrieved 20260930T163701Z",past deadline
SPE4A626T21SE,5995-01-710-5540,SPE4A626T21SE,08-24-2026,09-04-2026,2026-09-01 05:37:56,Origin,Destination,Tech,7017674703,https://dibbs2.bsm.dla.mil/Downloads/RFQ/E/SPE4A626T21SE.PDF,https://www.dibbs.bsm.dla.mil/RFQ/RFQRec.aspx?sn=SPE4A626T21SE,https://www.dibbs.bsm.dla.mil/rfq/rfqrec.aspx?sn=SPE4A626T21SE,CABLE ASSEMBLY,7,20260930T163701Z,5995-01-710-5540,"CABLE ASSEMBLY,SPEC",G,335931,1.0,,,2026-08-24,2026-09-04,CABLE ASSEMBLY,DIBBS|SPE4A626T21SE|5995-01-710-5540,C10,Harnesses / Cable Assemblies / Box Builds,CABLE ASSEMBLY,CABLE ASSEMBLY,False,adjacent,,"DIBBS RFQ Text Search result, AMSC field, retrieved 20260930T163701Z",past deadline
SPE4A626T21NK,6150-01-660-0430,SPE4A626T21NK,08-24-2026,09-03-2026,2026-08-31 11:28:23,Origin,Origin,Tech,7017880078,https://dibbs2.bsm.dla.mil/Downloads/RFQ/K/SPE4A626T21NK.PDF,https://www.dibbs.bsm.dla.mil/RFQ/RFQRec.aspx?sn=SPE4A626T21NK,https://www.dibbs.bsm.dla.mil/rfq/rfqrec.aspx?sn=SPE4A626T21NK,CABLE ASSEMBLY,7,20260930T163701Z,6150-01-660-0430,"CABLE ASSEMBLY,SPEC",G,335311,1.0,,,2026-08-24,2026-09-03,CABLE ASSEMBLY,DIBBS|SPE4A626T21NK|6150-01-660-0430,C10,Harnesses / Cable Assemblies / Box Builds,CABLE ASSEMBLY,CABLE ASSEMBLY,False,adjacent,,"DIBBS RFQ Text Search result, AMSC field, retrieved 20260930T163701Z",past deadline
SPE4A726T706Y,5995-01-006-0570,SPE4A726T706Y,09-01-2026,09-08-2026,2026-08-31 01:52:40,Origin,Origin,Tech,7016473538,https://dibbs2.bsm.dla.mil/Downloads/RFQ/Y/SPE4A726T706Y.PDF,https://www.dibbs.bsm.dla.mil/RFQ/RFQRec.aspx?sn=SPE4A726T706Y,https://www.dibbs.bsm.dla.mil/rfq/rfqrec.aspx?sn=SPE4A726T706Y,CABLE ASSEMBLY,7,20260930T163701Z,5995-01-006-0570,"CABLE ASSEMBLY,RADI",G,334419,50.0,,,2026-09-01,2026-09-08,CABLE ASSEMBLY,DIBBS|SPE4A726T706Y|5995-01-006-0570,C10,Harnesses / Cable Assemblies / Box Builds,CABLE ASSEMBLY,CABLE ASSEMBLY,False,adjacent,,"DIBBS RFQ Text Search result, AMSC field, retrieved 20260930T163701Z",past deadline
SPE4A626T25AL,5995-01-623-0195,SPE4A626T25AL,09-01-2026,09-08-2026,2026-08-31 10:48:16,Origin,Destination,Tech,7018067777,https://dibbs2.bsm.dla.mil/Downloads/RFQ/L/SPE4A626T25AL.PDF,https://www.dibbs.bsm.dla.mil/RFQ/RFQRec.aspx?sn=SPE4A626T25AL,https://www.dibbs.bsm.dla.mil/rfq/rfqrec.aspx?sn=SPE4A626T25AL,CABLE ASSEMBLY,7,20260930T163701Z,5995-01-623-0195,"CABLE ASSEMBLY,SPECIAL",G,334419,2.0,,,2026-09-01,2026-09-08,CABLE ASSEMBLY,DIBBS|SPE4A626T25AL|5995-01-623-0195,C10,Harnesses / Cable Assemblies / Box Builds,CABLE ASSEMBLY,CABLE ASSEMBLY,False,adjacent,,"DIBBS RFQ Text Search result, AMSC field, retrieved 20260930T163701Z",past deadline
SPE4A626T24YD,5995-01-674-1721,SPE4A626T24YD,08-31-2026,09-08-2026,2026-08-30 03:26:26,Origin,Destination,Tech,7017395757,https://dibbs2.bsm.dla.mil/Downloads/RFQ/D/SPE4A626T24YD.PDF,https://www.dibbs.bsm.dla.mil/RFQ/RFQRec.aspx?sn=SPE4A626T24YD,https://www.dibbs.bsm.dla.mil/rfq/rfqrec.aspx?sn=SPE4A626T24YD,CABLE ASSEMBLY,7,20260930T163701Z,5995-01-674-1721,"CABLE ASSEMBLY,SPECIAL",G,335931,1.0,,,2026-08-31,2026-09-08,CABLE ASSEMBLY,DIBBS|SPE4A626T24YD|5995-01-674-1721,C10,Harnesses / Cable Assemblies / Box Builds,CABLE ASSEMBLY,CABLE ASSEMBLY,False,adjacent,,"DIBBS RFQ Text Search result, AMSC field, retrieved 20260930T163701Z",past deadline
SPE4A626Q1360,5995-01-112-4133,SPE4A626Q1360,08-27-2026,09-10-2026,2026-08-28 07:39:32,Origin,Origin,Tech,7017272364,https://dibbs2.bsm.dla.mil/Downloads/RFQ/0/SPE4A626Q1360.PDF,https://www.dibbs.bsm.dla.mil/RFQ/RFQRec.aspx?sn=SPE4A626Q1360,https://www.dibbs.bsm.dla.mil/rfq/rfqrec.aspx?sn=SPE4A626Q1360,CABLE ASSEMBLY,7,20260930T163701Z,5995-01-112-4133,"CABLE ASSEMBLY,SPECIAL",G,334419,4.0,,,2026-08-27,2026-09-10,CABLE ASSEMBLY,DIBBS|SPE4A626Q1360|5995-01-112-4133,C10,Harnesses / Cable Assemblies / Box Builds,CABLE ASSEMBLY,CABLE ASSEMBLY,False,adjacent,,"DIBBS RFQ Text Search result, AMSC field, retrieved 20260930T163701Z",past deadline
SPE4A626T24NQ,6150-01-312-4174,SPE4A626T24NQ,08-28-2026,09-04-2026,2026-08-27 06:41:15,Origin,Destination,Tech,7018016322,https://dibbs2.bsm.dla.mil/Downloads/RFQ/Q/SPE4A626T24NQ.PDF,https://www.dibbs.bsm.dla.mil/RFQ/RFQRec.aspx?sn=SPE4A626T24NQ,https://www.dibbs.bsm.dla.mil/rfq/rfqrec.aspx?sn=SPE4A626T24NQ,CABLE ASSEMBLY,7,20260930T163701Z,6150-01-312-4174,"CABLE ASSEMBLY,POWER,E",G,334419,10.0,,,2026-08-28,2026-09-04,CABLE ASSEMBLY,DIBBS|SPE4A626T24NQ|6150-01-312-4174,C10,Harnesses / Cable Assemblies / Box Builds,CABLE ASSEMBLY,CABLE ASSEMBLY,False,adjacent,,"DIBBS RFQ Text Search result, AMSC field, retrieved 20260930T163701Z",past deadline
SPE4A426T0192,6150-01-644-9865,SPE4A426T0192,08-28-2026,09-04-2026,2026-08-27 06:41:15,Origin,Origin,Tech,7018068030,https://dibbs2.bsm.dla.mil/Downloads/RFQ/2/SPE4A426T0192.PDF,https://www.dibbs.bsm.dla.mil/RFQ/RFQRec.aspx?sn=SPE4A426T0192,https://www.dibbs.bsm.dla.mil/rfq/rfqrec.aspx?sn=SPE4A426T0192,CABLE ASSEMBLY,7,20260930T163701Z,6150-01-644-9865,"CABLE ASSEMBLY,SPECIAL",G,335311,1.0,,,2026-08-28,2026-09-04,CABLE ASSEMBLY,DIBBS|SPE4A426T0192|6150-01-644-9865,C10,Harnesses / Cable Assemblies / Box Builds,CABLE ASSEMBLY,CABLE ASSEMBLY,False,adjacent,,"DIBBS RFQ Text Search result, AMSC field, retrieved 20260930T163701Z",past deadline
SPE4A626T20GV,6150-01-662-7173,SPE4A626T20GV,08-20-2026,09-01-2026,2026-08-27 06:40:58,Origin,Origin,Tech,7017836987,https://dibbs2.bsm.dla.mil/Downloads/RFQ/V/SPE4A626T20GV.PDF,https://www.dibbs.bsm.dla.mil/RFQ/RFQRec.aspx?sn=SPE4A626T20GV,https://www.dibbs.bsm.dla.mil/rfq/rfqrec.aspx?sn=SPE4A626T20GV,CABLE ASSEMBLY,7,20260930T163701Z,6150-01-662-7173,"CABLE ASSEMBLY,SPEC",G,335311,27.0,,,2026-08-20,2026-09-01,CABLE ASSEMBLY,DIBBS|SPE4A626T20GV|6150-01-662-7173,C10,Harnesses / Cable Assemblies / Box Builds,CABLE ASSEMBLY,CABLE ASSEMBLY,False,adjacent,,"DIBBS RFQ Text Search result, AMSC field, retrieved 20260930T163701Z",past deadline
SPE4A626T20QC,5995-01-560-5079,SPE4A626T20QC,08-20-2026,09-01-2026,2026-08-27 06:40:40,Origin,Origin,Tech,7017939594,https://dibbs2.bsm.dla.mil/Downloads/RFQ/C/SPE4A626T20QC.PDF,https://www.dibbs.bsm.dla.mil/RFQ/RFQRec.aspx?sn=SPE4A626T20QC,https://www.dibbs.bsm.dla.mil/rfq/rfqrec.aspx?sn=SPE4A626T20QC,CABLE ASSEMBLY,7,20260930T163701Z,5995-01-560-5079,"CABLE ASSEMBLY,SPEC",G,334419,13.0,,,2026-08-20,2026-09-01,CABLE ASSEMBLY,DIBBS|SPE4A626T20QC|5995-01-560-5079,C10,Harnesses / Cable Assemblies / Box Builds,CABLE ASSEMBLY,CABLE ASSEMBLY,False,adjacent,,"DIBBS RFQ Text Search result, AMSC field, retrieved 20260930T163701Z",past deadline
SPE4A626T20RL,6150-01-306-7065,SPE4A626T20RL,08-20-2026,09-01-2026,2026-08-27 06:10:16,Origin,Origin,Tech,7017839108,https://dibbs2.bsm.dla.mil/Downloads/RFQ/L/SPE4A626T20RL.PDF,https://www.dibbs.bsm.dla.mil/RFQ/RFQRec.aspx?sn=SPE4A626T20RL,https://www.dibbs.bsm.dla.mil/rfq/rfqrec.aspx?sn=SPE4A626T20RL,CABLE ASSEMBLY,7,20260930T163701Z,6150-01-306-7065,"CABLE ASSEMBLY,SPECIAL",G,334419,2.0,,,2026-08-20,2026-09-01,CABLE ASSEMBLY,DIBBS|SPE4A626T20RL|6150-01-306-7065,C10,Harnesses / Cable Assemblies / Box Builds,CABLE ASSEMBLY,CABLE ASSEMBLY,False,adjacent,,"DIBBS RFQ Text Search result, AMSC field, retrieved 20260930T163701Z",past deadline
SPE4A626T24JC,5995-01-678-0764,SPE4A626T24JC,08-28-2026,09-04-2026,2026-08-27 02:37:58,Origin,Origin,Tech,7017838923,https://dibbs2.bsm.dla.mil/Downloads/RFQ/C/SPE4A626T24JC.PDF,https://www.dibbs.bsm.dla.mil/RFQ/RFQRec.aspx?sn=SPE4A626T24JC,https://www.dibbs.bsm.dla.mil/rfq/rfqrec.aspx?sn=SPE4A626T24JC,CABLE ASSEMBLY,7,20260930T163701Z,5995-01-678-0764,"CABLE ASSEMBLY,SPECIAL",G,335931,15.0,,,2026-08-28,2026-09-04,CABLE ASSEMBLY,DIBBS|SPE4A626T24JC|5995-01-678-0764,C10,Harnesses / Cable Assemblies / Box Builds,CABLE ASSEMBLY,CABLE ASSEMBLY,False,adjacent,,"DIBBS RFQ Text Search result, AMSC field, retrieved 20260930T163701Z",past deadline
SPE4A626T24DK,5995-01-281-8805,SPE4A626T24DK,08-28-2026,09-04-2026,2026-08-27 11:49:44,Origin,Origin,Tech,7016227738,https://dibbs2.bsm.dla.mil/Downloads/RFQ/K/SPE4A626T24DK.PDF,https://www.dibbs.bsm.dla.mil/RFQ/RFQRec.aspx?sn=SPE4A626T24DK,https://www.dibbs.bsm.dla.mil/rfq/rfqrec.aspx?sn=SPE4A626T24DK,CABLE ASSEMBLY,7,20260930T163701Z,5995-01-281-8805,"CABLE ASSEMBLY,RADI",G,335931,10.0,,,2026-08-28,2026-09-04,CABLE ASSEMBLY,DIBBS|SPE4A626T24DK|5995-01-281-8805,C10,Harnesses / Cable Assemblies / Box Builds,CABLE ASSEMBLY,CABLE ASSEMBLY,False,adjacent,,"DIBBS RFQ Text Search result, AMSC field, retrieved 20260930T163701Z",past deadline
SPE4A626T24CJ,5995-01-706-9116,SPE4A626T24CJ,08-28-2026,09-04-2026,2026-08-27 10:49:42,Origin,Origin,Tech,7017274394,https://dibbs2.bsm.dla.mil/Downloads/RFQ/J/SPE4A626T24CJ.PDF,https://www.dibbs.bsm.dla.mil/RFQ/RFQRec.aspx?sn=SPE4A626T24CJ,https://www.dibbs.bsm.dla.mil/rfq/rfqrec.aspx?sn=SPE4A626T24CJ,CABLE ASSEMBLY,7,20260930T163701Z,5995-01-706-9116,"CABLE ASSEMBLY,SPEC",G,335931,2.0,,,2026-08-28,2026-09-04,CABLE ASSEMBLY,DIBBS|SPE4A626T24CJ|5995-01-706-9116,C10,Harnesses / Cable Assemblies / Box Builds,CABLE ASSEMBLY,CABLE ASSEMBLY,False,adjacent,,"DIBBS RFQ Text Search result, AMSC field, retrieved 20260930T163701Z",past deadline
SPE4A626T24DD,6150-01-702-2653,SPE4A626T24DD,08-28-2026,09-04-2026,2026-08-27 10:49:42,Origin,Destination,Tech,7018024547,https://dibbs2.bsm.dla.mil/Downloads/RFQ/D/SPE4A626T24DD.PDF,https://www.dibbs.bsm.dla.mil/RFQ/RFQRec.aspx?sn=SPE4A626T24DD,https://www.dibbs.bsm.dla.mil/rfq/rfqrec.aspx?sn=SPE4A626T24DD,CABLE ASSEMBLY,7,20260930T163701Z,6150-01-702-2653,"CABLE ASSEMBLY,SPEC",G,335311,1.0,,,2026-08-28,2026-09-04,CABLE ASSEMBLY,DIBBS|SPE4A626T24DD|6150-01-702-2653,C10,Harnesses / Cable Assemblies / Box Builds,CABLE ASSEMBLY,CABLE ASSEMBLY,False,adjacent,,"DIBBS RFQ Text Search result, AMSC field, retrieved 20260930T163701Z",past deadline
SPE4A626T23RC,6150-01-677-9978,SPE4A626T23RC,08-27-2026,09-03-2026,2026-08-26 10:10:55,Origin,Origin,Tech,7018066578,https://dibbs2.bsm.dla.mil/Downloads/RFQ/C/SPE4A626T23RC.PDF,https://www.dibbs.bsm.dla.mil/RFQ/RFQRec.aspx?sn=SPE4A626T23RC,https://www.dibbs.bsm.dla.mil/rfq/rfqrec.aspx?sn=SPE4A626T23RC,CABLE ASSEMBLY,7,20260930T163701Z,6150-01-677-9978,"CABLE ASSEMBLY,SPECIAL",G,335311,7.0,,,2026-08-27,2026-09-03,CABLE ASSEMBLY,DIBBS|SPE4A626T23RC|6150-01-677-9978,C10,Harnesses / Cable Assemblies / Box Builds,CABLE ASSEMBLY,CABLE ASSEMBLY,False,adjacent,,"DIBBS RFQ Text Search result, AMSC field, retrieved 20260930T163701Z",past deadline
SPE4A626T23LL,6150-00-707-3949,SPE4A626T23LL,08-27-2026,09-03-2026,2026-08-26 09:44:38,Origin,Origin,Tech,7018069530,https://dibbs2.bsm.dla.mil/Downloads/RFQ/L/SPE4A626T23LL.PDF,https://www.dibbs.bsm.dla.mil/RFQ/RFQRec.aspx?sn=SPE4A626T23LL,https://www.dibbs.bsm.dla.mil/rfq/rfqrec.aspx?sn=SPE4A626T23LL,CABLE ASSEMBLY,7,20260930T163701Z,6150-00-707-3949,"CABLE ASSEMBLY,POWER,E",G,334419,6.0,,,2026-08-27,2026-09-03,CABLE ASSEMBLY,DIBBS|SPE4A626T23LL|6150-00-707-3949,C10,Harnesses / Cable Assemblies / Box Builds,CABLE ASSEMBLY,CABLE ASSEMBLY,False,adjacent,,"DIBBS RFQ Text Search result, AMSC field, retrieved 20260930T163701Z",past deadline
SPE4A626T23GU,5995-01-434-1161,SPE4A626T23GU,08-27-2026,09-03-2026,2026-08-26 08:45:16,Origin,Origin,None,7018066625,https://dibbs2.bsm.dla.mil/Downloads/RFQ/U/SPE4A626T23GU.PDF,https://www.dibbs.bsm.dla.mil/RFQ/RFQRec.aspx?sn=SPE4A626T23GU,https://www.dibbs.bsm.dla.mil/rfq/rfqrec.aspx?sn=SPE4A626T23GU,CABLE ASSEMBLY,7,20260930T163701Z,5995-01-434-1161,"CABLE ASSEMBLY,RADIO F",G,334419,2.0,,,2026-08-27,2026-09-03,CABLE ASSEMBLY,DIBBS|SPE4A626T23GU|5995-01-434-1161,C10,Harnesses / Cable Assemblies / Box Builds,CABLE ASSEMBLY,CABLE ASSEMBLY,False,adjacent,,"DIBBS RFQ Text Search result, AMSC field, retrieved 20260930T163701Z",past deadline
SPE4A626T23DU,6150-01-669-2995,SPE4A626T23DU,08-27-2026,09-03-2026,2026-08-26 05:17:20,Origin,Origin,Tech,7017940890,https://dibbs2.bsm.dla.mil/Downloads/RFQ/U/SPE4A626T23DU.PDF,https://www.dibbs.bsm.dla.mil/RFQ/RFQRec.aspx?sn=SPE4A626T23DU,https://www.dibbs.bsm.dla.mil/rfq/rfqrec.aspx?sn=SPE4A626T23DU,CABLE ASSEMBLY,7,20260930T163701Z,6150-01-669-2995,"CABLE ASSEMBLY,SPEC",G,335311,13.0,,,2026-08-27,2026-09-03,CABLE ASSEMBLY,DIBBS|SPE4A626T23DU|6150-01-669-2995,C10,Harnesses / Cable Assemblies / Box Builds,CABLE ASSEMBLY,CABLE ASSEMBLY,False,adjacent,,"DIBBS RFQ Text Search result, AMSC field, retrieved 20260930T163701Z",past deadline
SPE4A626T22NN,6150-01-651-9394,SPE4A626T22NN,08-26-2026,09-02-2026,2026-08-25 09:33:18,Origin,Origin,Tech,7017913232,https://dibbs2.bsm.dla.mil/Downloads/RFQ/N/SPE4A626T22NN.PDF,https://www.dibbs.bsm.dla.mil/RFQ/RFQRec.aspx?sn=SPE4A626T22NN,https://www.dibbs.bsm.dla.mil/rfq/rfqrec.aspx?sn=SPE4A626T22NN,CABLE ASSEMBLY,8,20260930T163718Z,6150-01-651-9394,"CABLE ASSEMBLY,SPEC",G,335311,10.0,,,2026-08-26,2026-09-02,CABLE ASSEMBLY,DIBBS|SPE4A626T22NN|6150-01-651-9394,C10,Harnesses / Cable Assemblies / Box Builds,CABLE ASSEMBLY,CABLE ASSEMBLY,False,adjacent,,"DIBBS RFQ Text Search result, AMSC field, retrieved 20260930T163718Z",past deadline
SPE4A626T07QC,6150-01-013-5313,SPE4A626T07QC,07-20-2026,08-28-2026,2026-08-25 09:32:42,Origin,Destination,Tech,7017528834,https://dibbs2.bsm.dla.mil/Downloads/RFQ/C/SPE4A626T07QC.PDF,https://www.dibbs.bsm.dla.mil/RFQ/RFQRec.aspx?sn=SPE4A626T07QC,https://www.dibbs.bsm.dla.mil/rfq/rfqrec.aspx?sn=SPE4A626T07QC,CABLE ASSEMBLY,8,20260930T163718Z,6150-01-013-5313,"CABLE ASSEMBLY,SOUR",G,334419,4.0,,,2026-07-20,2026-08-28,CABLE ASSEMBLY,DIBBS|SPE4A626T07QC|6150-01-013-5313,C10,Harnesses / Cable Assemblies / Box Builds,CABLE ASSEMBLY,CABLE ASSEMBLY,False,adjacent,,"DIBBS RFQ Text Search result, AMSC field, retrieved 20260930T163718Z",past deadline
SPE4A626T22JX,6150-01-536-8764,SPE4A626T22JX,08-26-2026,09-02-2026,2026-08-25 01:29:17,Origin,Origin,Tech,7017408491,https://dibbs2.bsm.dla.mil/Downloads/RFQ/X/SPE4A626T22JX.PDF,https://www.dibbs.bsm.dla.mil/RFQ/RFQRec.aspx?sn=SPE4A626T22JX,https://www.dibbs.bsm.dla.mil/rfq/rfqrec.aspx?sn=SPE4A626T22JX,CABLE ASSEMBLY,8,20260930T163718Z,6150-01-536-8764,"CABLE ASSEMBLY,SPEC",G,334419,5.0,,,2026-08-26,2026-09-02,CABLE ASSEMBLY,DIBBS|SPE4A626T22JX|6150-01-536-8764,C10,Harnesses / Cable Assemblies / Box Builds,CABLE ASSEMBLY,CABLE ASSEMBLY,False,adjacent,,"DIBBS RFQ Text Search result, AMSC field, retrieved 20260930T163718Z",past deadline
SPE4A626T22HM,6150-01-473-2454,SPE4A626T22HM,08-26-2026,09-02-2026,2026-08-25 12:34:46,Origin,Origin,Tech,7017837283,https://dibbs2.bsm.dla.mil/Downloads/RFQ/M/SPE4A626T22HM.PDF,https://www.dibbs.bsm.dla.mil/RFQ/RFQRec.aspx?sn=SPE4A626T22HM,https://www.dibbs.bsm.dla.mil/rfq/rfqrec.aspx?sn=SPE4A626T22HM,CABLE ASSEMBLY,8,20260930T163718Z,6150-01-473-2454,"CABLE ASSEMBLY,SPECIAL",G,334419,18.0,,,2026-08-26,2026-09-02,CABLE ASSEMBLY,DIBBS|SPE4A626T22HM|6150-01-473-2454,C10,Harnesses / Cable Assemblies / Box Builds,CABLE ASSEMBLY,CABLE ASSEMBLY,False,adjacent,,"DIBBS RFQ Text Search result, AMSC field, retrieved 20260930T163718Z",past deadline
SPE4A626T22JE,6150-15-035-4167,SPE4A626T22JE,08-26-2026,09-02-2026,2026-08-25 12:34:46,Origin,Destination,Tech,7015454344,https://dibbs2.bsm.dla.mil/Downloads/RFQ/E/SPE4A626T22JE.PDF,https://www.dibbs.bsm.dla.mil/RFQ/RFQRec.aspx?sn=SPE4A626T22JE,https://www.dibbs.bsm.dla.mil/rfq/rfqrec.aspx?sn=SPE4A626T22JE,CABLE ASSEMBLY,8,20260930T163718Z,6150-15-035-4167,"CABLE ASSEMBLY,SPEC",G,335311,6.0,,,2026-08-26,2026-09-02,CABLE ASSEMBLY,DIBBS|SPE4A626T22JE|6150-15-035-4167,C10,Harnesses / Cable Assemblies / Box Builds,CABLE ASSEMBLY,CABLE ASSEMBLY,False,adjacent,,"DIBBS RFQ Text Search result, AMSC field, retrieved 20260930T163718Z",past deadline
SPE4A626T21YM,5995-01-718-8266,SPE4A626T21YM,08-25-2026,09-01-2026,2026-08-24 03:44:13,Origin,Origin,Tech,7014545125,https://dibbs2.bsm.dla.mil/Downloads/RFQ/M/SPE4A626T21YM.PDF,https://www.dibbs.bsm.dla.mil/RFQ/RFQRec.aspx?sn=SPE4A626T21YM,https://www.dibbs.bsm.dla.mil/rfq/rfqrec.aspx?sn=SPE4A626T21YM,CABLE ASSEMBLY,8,20260930T163718Z,5995-01-718-8266,"CABLE ASSEMBLY,SPEC",G,335931,3.0,,,2026-08-25,2026-09-01,CABLE ASSEMBLY,DIBBS|SPE4A626T21YM|5995-01-718-8266,C10,Harnesses / Cable Assemblies / Box Builds,CABLE ASSEMBLY,CABLE ASSEMBLY,False,adjacent,,"DIBBS RFQ Text Search result, AMSC field, retrieved 20260930T163718Z",past deadline
SPE4A626T21YK,5995-01-406-8999,SPE4A626T21YK,08-25-2026,09-01-2026,2026-08-24 03:44:13,Origin,Origin,Tech,7017383791,https://dibbs2.bsm.dla.mil/Downloads/RFQ/K/SPE4A626T21YK.PDF,https://www.dibbs.bsm.dla.mil/RFQ/RFQRec.aspx?sn=SPE4A626T21YK,https://www.dibbs.bsm.dla.mil/rfq/rfqrec.aspx?sn=SPE4A626T21YK,CABLE ASSEMBLY,8,20260930T163718Z,5995-01-406-8999,"CABLE ASSEMBLY,SPECIAL",G,334419,11.0,,,2026-08-25,2026-09-01,CABLE ASSEMBLY,DIBBS|SPE4A626T21YK|5995-01-406-8999,C10,Harnesses / Cable Assemblies / Box Builds,CABLE ASSEMBLY,CABLE ASSEMBLY,False,adjacent,,"DIBBS RFQ Text Search result, AMSC field, retrieved 20260930T163718Z",past deadline
SPE4A626T21YD,5995-01-677-8566,SPE4A626T21YD,08-25-2026,09-01-2026,2026-08-24 03:44:13,Origin,Origin,Tech,7014545656,https://dibbs2.bsm.dla.mil/Downloads/RFQ/D/SPE4A626T21YD.PDF,https://www.dibbs.bsm.dla.mil/RFQ/RFQRec.aspx?sn=SPE4A626T21YD,https://www.dibbs.bsm.dla.mil/rfq/rfqrec.aspx?sn=SPE4A626T21YD,CABLE ASSEMBLY,8,20260930T163718Z,5995-01-677-8566,"CABLE ASSEMBLY,RADI",G,335931,14.0,,,2026-08-25,2026-09-01,CABLE ASSEMBLY,DIBBS|SPE4A626T21YD|5995-01-677-8566,C10,Harnesses / Cable Assemblies / Box Builds,CABLE ASSEMBLY,CABLE ASSEMBLY,False,adjacent,,"DIBBS RFQ Text Search result, AMSC field, retrieved 20260930T163718Z",past deadline
SPE4A626T21XL,5995-01-674-4050,SPE4A626T21XL,08-25-2026,09-01-2026,2026-08-24 01:14:36,Origin,Origin,Tech,7017741001,https://dibbs2.bsm.dla.mil/Downloads/RFQ/L/SPE4A626T21XL.PDF,https://www.dibbs.bsm.dla.mil/RFQ/RFQRec.aspx?sn=SPE4A626T21XL,https://www.dibbs.bsm.dla.mil/rfq/rfqrec.aspx?sn=SPE4A626T21XL,CABLE ASSEMBLY,8,20260930T163718Z,5995-01-674-4050,"CABLE ASSEMBLY,SPEC",G,335931,14.0,,,2026-08-25,2026-09-01,CABLE ASSEMBLY,DIBBS|SPE4A626T21XL|5995-01-674-4050,C10,Harnesses / Cable Assemblies / Box Builds,CABLE ASSEMBLY,CABLE ASSEMBLY,False,adjacent,,"DIBBS RFQ Text Search result, AMSC field, retrieved 20260930T163718Z",past deadline
SPE4A626T21XB,6150-01-540-8031,SPE4A626T21XB,08-25-2026,09-01-2026,2026-08-24 12:45:51,Destination,Origin,Tech,7017965621,https://dibbs2.bsm.dla.mil/Downloads/RFQ/B/SPE4A626T21XB.PDF,https://www.dibbs.bsm.dla.mil/RFQ/RFQRec.aspx?sn=SPE4A626T21XB,https://www.dibbs.bsm.dla.mil/rfq/rfqrec.aspx?sn=SPE4A626T21XB,CABLE ASSEMBLY,8,20260930T163718Z,6150-01-540-8031,"CABLE ASSEMBLY,SPEC",G,334419,1.0,,,2026-08-25,2026-09-01,CABLE ASSEMBLY,DIBBS|SPE4A626T21XB|6150-01-540-8031,C10,Harnesses / Cable Assemblies / Box Builds,CABLE ASSEMBLY,CABLE ASSEMBLY,False,adjacent,,"DIBBS RFQ Text Search result, AMSC field, retrieved 20260930T163718Z",past deadline
SPE4A626T21WK,6150-01-582-5556,SPE4A626T21WK,08-25-2026,09-01-2026,2026-08-24 11:53:04,Origin,Origin,Tech,7015955179,https://dibbs2.bsm.dla.mil/Downloads/RFQ/K/SPE4A626T21WK.PDF,https://www.dibbs.bsm.dla.mil/RFQ/RFQRec.aspx?sn=SPE4A626T21WK,https://www.dibbs.bsm.dla.mil/rfq/rfqrec.aspx?sn=SPE4A626T21WK,CABLE ASSEMBLY,8,20260930T163718Z,6150-01-582-5556,"CABLE ASSEMBLY,SPEC",G,334419,40.0,,,2026-08-25,2026-09-01,CABLE ASSEMBLY,DIBBS|SPE4A626T21WK|6150-01-582-5556,C10,Harnesses / Cable Assemblies / Box Builds,CABLE ASSEMBLY,CABLE ASSEMBLY,False,adjacent,,"DIBBS RFQ Text Search result, AMSC field, retrieved 20260930T163718Z",past deadline
SPE4A626T15VY,6150-01-475-1573,SPE4A626T15VY,08-13-2026,08-25-2026,2026-08-24 09:48:10,Origin,Origin,Tech,7017837207,https://dibbs2.bsm.dla.mil/Downloads/RFQ/Y/SPE4A626T15VY.PDF,https://www.dibbs.bsm.dla.mil/RFQ/RFQRec.aspx?sn=SPE4A626T15VY,https://www.dibbs.bsm.dla.mil/rfq/rfqrec.aspx?sn=SPE4A626T15VY,CABLE ASSEMBLY,8,20260930T163718Z,6150-01-475-1573,"CABLE ASSEMBLY,SPEC",G,334419,6.0,,,2026-08-13,2026-08-25,CABLE ASSEMBLY,DIBBS|SPE4A626T15VY|6150-01-475-1573,C10,Harnesses / Cable Assemblies / Box Builds,CABLE ASSEMBLY,CABLE ASSEMBLY,False,adjacent,,"DIBBS RFQ Text Search result, AMSC field, retrieved 20260930T163718Z",past deadline
SPE4A626T21UT,5995-01-693-3894,SPE4A626T21UT,08-25-2026,09-01-2026,2026-08-24 08:44:15,Origin,Origin,Tech,7016471861,https://dibbs2.bsm.dla.mil/Downloads/RFQ/T/SPE4A626T21UT.PDF,https://www.dibbs.bsm.dla.mil/RFQ/RFQRec.aspx?sn=SPE4A626T21UT,https://www.dibbs.bsm.dla.mil/rfq/rfqrec.aspx?sn=SPE4A626T21UT,CABLE ASSEMBLY,8,20260930T163718Z,5995-01-693-3894,"CABLE ASSEMBLY,SPEC",G,335931,124.0,,,2026-08-25,2026-09-01,CABLE ASSEMBLY,DIBBS|SPE4A626T21UT|5995-01-693-3894,C10,Harnesses / Cable Assemblies / Box Builds,CABLE ASSEMBLY,CABLE ASSEMBLY,False,adjacent,,"DIBBS RFQ Text Search result, AMSC field, retrieved 20260930T163718Z",past deadline
SPE4A626T21SH,5995-01-513-8562,SPE4A626T21SH,08-24-2026,08-31-2026,2026-08-23 04:25:17,Origin,Origin,Tech,7017480873,https://dibbs2.bsm.dla.mil/Downloads/RFQ/H/SPE4A626T21SH.PDF,https://www.dibbs.bsm.dla.mil/RFQ/RFQRec.aspx?sn=SPE4A626T21SH,https://www.dibbs.bsm.dla.mil/rfq/rfqrec.aspx?sn=SPE4A626T21SH,CABLE ASSEMBLY,8,20260930T163718Z,5995-01-513-8562,"CABLE ASSEMBLY,SPEC",G,334419,3.0,,,2026-08-24,2026-08-31,CABLE ASSEMBLY,DIBBS|SPE4A626T21SH|5995-01-513-8562,C10,Harnesses / Cable Assemblies / Box Builds,CABLE ASSEMBLY,CABLE ASSEMBLY,False,adjacent,,"DIBBS RFQ Text Search result, AMSC field, retrieved 20260930T163718Z",past deadline
SPE4A026T4439,5995-01-579-6552,SPE4A026T4439,08-24-2026,08-31-2026,2026-08-23 04:25:17,Origin,Origin,Tech,7017947626,https://dibbs2.bsm.dla.mil/Downloads/RFQ/9/SPE4A026T4439.PDF,https://www.dibbs.bsm.dla.mil/RFQ/RFQRec.aspx?sn=SPE4A026T4439,https://www.dibbs.bsm.dla.mil/rfq/rfqrec.aspx?sn=SPE4A026T4439,CABLE ASSEMBLY,8,20260930T163718Z,5995-01-579-6552,"CABLE ASSEMBLY,SPEC",G,334419,1.0,,,2026-08-24,2026-08-31,CABLE ASSEMBLY,DIBBS|SPE4A026T4439|5995-01-579-6552,C10,Harnesses / Cable Assemblies / Box Builds,CABLE ASSEMBLY,CABLE ASSEMBLY,False,adjacent,,"DIBBS RFQ Text Search result, AMSC field, retrieved 20260930T163718Z",past deadline
SPE4A626T19NS,5995-01-665-6387,SPE4A626T19NS,08-19-2026,08-26-2026,2026-08-21 02:41:27,Origin,Origin,Tech,7017938689,https://dibbs2.bsm.dla.mil/Downloads/RFQ/S/SPE4A626T19NS.PDF,https://www.dibbs.bsm.dla.mil/RFQ/RFQRec.aspx?sn=SPE4A626T19NS,https://www.dibbs.bsm.dla.mil/rfq/rfqrec.aspx?sn=SPE4A626T19NS,CABLE ASSEMBLY,8,20260930T163718Z,5995-01-665-6387,"CABLE ASSEMBLY,SPECIAL",G,335931,7.0,,,2026-08-19,2026-08-26,CABLE ASSEMBLY,DIBBS|SPE4A626T19NS|5995-01-665-6387,C10,Harnesses / Cable Assemblies / Box Builds,CABLE ASSEMBLY,CABLE ASSEMBLY,False,adjacent,,"DIBBS RFQ Text Search result, AMSC field, retrieved 20260930T163718Z",past deadline
SPE4A626T19LF,5995-01-537-3779,SPE4A626T19LF,08-19-2026,08-26-2026,2026-08-21 02:41:27,Origin,Origin,Tech,7017939506,https://dibbs2.bsm.dla.mil/Downloads/RFQ/F/SPE4A626T19LF.PDF,https://www.dibbs.bsm.dla.mil/RFQ/RFQRec.aspx?sn=SPE4A626T19LF,https://www.dibbs.bsm.dla.mil/rfq/rfqrec.aspx?sn=SPE4A626T19LF,CABLE ASSEMBLY,8,20260930T163718Z,5995-01-537-3779,"CABLE ASSEMBLY,SPECIAL",G,335931,38.0,,,2026-08-19,2026-08-26,CABLE ASSEMBLY,DIBBS|SPE4A626T19LF|5995-01-537-3779,C10,Harnesses / Cable Assemblies / Box Builds,CABLE ASSEMBLY,CABLE ASSEMBLY,False,adjacent,,"DIBBS RFQ Text Search result, AMSC field, retrieved 20260930T163718Z",past deadline
SPE4A626T18QM,6150-01-729-6259,SPE4A626T18QM,08-18-2026,08-25-2026,2026-08-21 02:41:27,Origin,Destination,Tech,7017858540,https://dibbs2.bsm.dla.mil/Downloads/RFQ/M/SPE4A626T18QM.PDF,https://www.dibbs.bsm.dla.mil/RFQ/RFQRec.aspx?sn=SPE4A626T18QM,https://www.dibbs.bsm.dla.mil/rfq/rfqrec.aspx?sn=SPE4A626T18QM,CABLE ASSEMBLY,8,20260930T163718Z,6150-01-729-6259,"CABLE ASSEMBLY,POWER,E",G,335311,1.0,,,2026-08-18,2026-08-25,CABLE ASSEMBLY,DIBBS|SPE4A626T18QM|6150-01-729-6259,C10,Harnesses / Cable Assemblies / Box Builds,CABLE ASSEMBLY,CABLE ASSEMBLY,False,adjacent,,"DIBBS RFQ Text Search result, AMSC field, retrieved 20260930T163718Z",past deadline
SPE4AN26T0077,5995-01-660-0650,SPE4AN26T0077,08-14-2026,08-21-2026,2026-08-21 02:41:27,Destination,Destination,Tech,7017809406,https://dibbs2.bsm.dla.mil/Downloads/RFQ/7/SPE4AN26T0077.PDF,https://www.dibbs.bsm.dla.mil/RFQ/RFQRec.aspx?sn=SPE4AN26T0077,https://www.dibbs.bsm.dla.mil/rfq/rfqrec.aspx?sn=SPE4AN26T0077,CABLE ASSEMBLY,8,20260930T163718Z,5995-01-660-0650,"CABLE ASSEMBLY,SPEC",G,335931,2.0,,,2026-08-14,2026-08-21,CABLE ASSEMBLY,DIBBS|SPE4AN26T0077|5995-01-660-0650,C10,Harnesses / Cable Assemblies / Box Builds,CABLE ASSEMBLY,CABLE ASSEMBLY,False,adjacent,,"DIBBS RFQ Text Search result, AMSC field, retrieved 20260930T163718Z",past deadline
SPE4A726T8352,5995-01-569-1109,SPE4A726T8352,01-26-2026,02-02-2026,2026-08-21 02:41:27,Origin,Origin,Tech,7015211013,https://dibbs2.bsm.dla.mil/Downloads/RFQ/2/SPE4A726T8352.PDF,https://www.dibbs.bsm.dla.mil/RFQ/RFQRec.aspx?sn=SPE4A726T8352,https://www.dibbs.bsm.dla.mil/rfq/rfqrec.aspx?sn=SPE4A726T8352,CABLE ASSEMBLY,8,20260930T163718Z,5995-01-569-1109,"CABLE ASSEMBLY,SPEC",G,335931,8.0,,,2026-01-26,2026-02-02,CABLE ASSEMBLY,DIBBS|SPE4A726T8352|5995-01-569-1109,C10,Harnesses / Cable Assemblies / Box Builds,CABLE ASSEMBLY,CABLE ASSEMBLY,False,adjacent,,"DIBBS RFQ Text Search result, AMSC field, retrieved 20260930T163718Z",past deadline
SPE4A626T06EU,6150-01-642-7485,SPE4A626T06EU,07-15-2026,07-27-2026,2026-08-21 02:41:27,Origin,Origin,Tech,7017486388,https://dibbs2.bsm.dla.mil/Downloads/RFQ/U/SPE4A626T06EU.PDF,https://www.dibbs.bsm.dla.mil/RFQ/RFQRec.aspx?sn=SPE4A626T06EU,https://www.dibbs.bsm.dla.mil/rfq/rfqrec.aspx?sn=SPE4A626T06EU,CABLE ASSEMBLY,8,20260930T163718Z,6150-01-642-7485,"CABLE ASSEMBLY,SPEC",G,335999,2.0,,,2026-07-15,2026-07-27,CABLE ASSEMBLY,DIBBS|SPE4A626T06EU|6150-01-642-7485,C10,Harnesses / Cable Assemblies / Box Builds,CABLE ASSEMBLY,CABLE ASSEMBLY,False,adjacent,,"DIBBS RFQ Text Search result, AMSC field, retrieved 20260930T163718Z",past deadline
SPE4A626T05XS,5995-01-191-1399,SPE4A626T05XS,07-15-2026,07-22-2026,2026-08-21 02:41:27,Origin,Origin,Tech,7017487509,https://dibbs2.bsm.dla.mil/Downloads/RFQ/S/SPE4A626T05XS.PDF,https://www.dibbs.bsm.dla.mil/RFQ/RFQRec.aspx?sn=SPE4A626T05XS,https://www.dibbs.bsm.dla.mil/rfq/rfqrec.aspx?sn=SPE4A626T05XS,CABLE ASSEMBLY,8,20260930T163718Z,5995-01-191-1399,"CABLE ASSEMBLY,SPECIAL",G,334419,5.0,,,2026-07-15,2026-07-22,CABLE ASSEMBLY,DIBBS|SPE4A626T05XS|5995-01-191-1399,C10,Harnesses / Cable Assemblies / Box Builds,CABLE ASSEMBLY,CABLE ASSEMBLY,False,adjacent,,"DIBBS RFQ Text Search result, AMSC field, retrieved 20260930T163718Z",past deadline
SPE4A626T03PY,6150-01-113-4249,SPE4A626T03PY,07-07-2026,07-14-2026,2026-08-21 02:41:27,Origin,Origin,Tech,7017382609,https://dibbs2.bsm.dla.mil/Downloads/RFQ/Y/SPE4A626T03PY.PDF,https://www.dibbs.bsm.dla.mil/RFQ/RFQRec.aspx?sn=SPE4A626T03PY,https://www.dibbs.bsm.dla.mil/rfq/rfqrec.aspx?sn=SPE4A626T03PY,CABLE ASSEMBLY,8,20260930T163718Z,6150-01-113-4249,"CABLE ASSEMBLY,SPEC",G,334419,4.0,,,2026-07-07,2026-07-14,CABLE ASSEMBLY,DIBBS|SPE4A626T03PY|6150-01-113-4249,C10,Harnesses / Cable Assemblies / Box Builds,CABLE ASSEMBLY,CABLE ASSEMBLY,False,adjacent,,"DIBBS RFQ Text Search result, AMSC field, retrieved 20260930T163718Z",past deadline
SPE4A626T02JC,6150-01-352-3934,SPE4A626T02JC,07-02-2026,07-09-2026,2026-08-21 02:41:27,Origin,Origin,None,7016335097,https://dibbs2.bsm.dla.mil/Downloads/RFQ/C/SPE4A626T02JC.PDF,https://www.dibbs.bsm.dla.mil/RFQ/RFQRec.aspx?sn=SPE4A626T02JC,https://www.dibbs.bsm.dla.mil/rfq/rfqrec.aspx?sn=SPE4A626T02JC,CABLE ASSEMBLY,9,20260930T163736Z,6150-01-352-3934,"CABLE ASSEMBLY,SPEC",G,335311,17.0,,,2026-07-02,2026-07-09,CABLE ASSEMBLY,DIBBS|SPE4A626T02JC|6150-01-352-3934,C10,Harnesses / Cable Assemblies / Box Builds,CABLE ASSEMBLY,CABLE ASSEMBLY,False,adjacent,,"DIBBS RFQ Text Search result, AMSC field, retrieved 20260930T163736Z",past deadline
SPE4A626T02AD,5995-01-674-4050,SPE4A626T02AD,06-30-2026,07-07-2026,2026-08-21 02:41:27,Origin,Origin,Tech,7016336438,https://dibbs2.bsm.dla.mil/Downloads/RFQ/D/SPE4A626T02AD.PDF,https://www.dibbs.bsm.dla.mil/RFQ/RFQRec.aspx?sn=SPE4A626T02AD,https://www.dibbs.bsm.dla.mil/rfq/rfqrec.aspx?sn=SPE4A626T02AD,CABLE ASSEMBLY,9,20260930T163736Z,5995-01-674-4050,"CABLE ASSEMBLY,SPEC",G,335931,8.0,,,2026-06-30,2026-07-07,CABLE ASSEMBLY,DIBBS|SPE4A626T02AD|5995-01-674-4050,C10,Harnesses / Cable Assemblies / Box Builds,CABLE ASSEMBLY,CABLE ASSEMBLY,False,adjacent,,"DIBBS RFQ Text Search result, AMSC field, retrieved 20260930T163736Z",past deadline
SPE4A726T395J,1430-01-092-0579,SPE4A726T395J,05-21-2026,05-28-2026,2026-08-21 02:41:27,Origin,Origin,Tech,7016049154,https://dibbs2.bsm.dla.mil/Downloads/RFQ/J/SPE4A726T395J.PDF,https://www.dibbs.bsm.dla.mil/RFQ/RFQRec.aspx?sn=SPE4A726T395J,https://www.dibbs.bsm.dla.mil/rfq/rfqrec.aspx?sn=SPE4A726T395J,CABLE ASSEMBLY,9,20260930T163736Z,1430-01-092-0579,CABLE ASSEMBLY,G,334514,5.0,,,2026-05-21,2026-05-28,CABLE ASSEMBLY,DIBBS|SPE4A726T395J|1430-01-092-0579,C10,Harnesses / Cable Assemblies / Box Builds,CABLE ASSEMBLY,CABLE ASSEMBLY,False,adjacent,,"DIBBS RFQ Text Search result, AMSC field, retrieved 20260930T163736Z",past deadline
SPE4A726T150C,5995-01-263-5337,SPE4A726T150C,03-26-2026,04-02-2026,2026-08-21 02:41:27,Origin,Origin,Tech,7015854145,https://dibbs2.bsm.dla.mil/Downloads/RFQ/C/SPE4A726T150C.PDF,https://www.dibbs.bsm.dla.mil/RFQ/RFQRec.aspx?sn=SPE4A726T150C,https://www.dibbs.bsm.dla.mil/rfq/rfqrec.aspx?sn=SPE4A726T150C,CABLE ASSEMBLY,9,20260930T163736Z,5995-01-263-5337,"CABLE ASSEMBLY,RADI",G,334419,5.0,,,2026-03-26,2026-04-02,CABLE ASSEMBLY,DIBBS|SPE4A726T150C|5995-01-263-5337,C10,Harnesses / Cable Assemblies / Box Builds,CABLE ASSEMBLY,CABLE ASSEMBLY,False,adjacent,,"DIBBS RFQ Text Search result, AMSC field, retrieved 20260930T163736Z",past deadline
SPE4A726T111N,6150-01-091-4655,SPE4A726T111N,03-18-2026,03-25-2026,2026-08-21 02:41:27,Origin,Origin,Tech,7015954748,https://dibbs2.bsm.dla.mil/Downloads/RFQ/N/SPE4A726T111N.PDF,https://www.dibbs.bsm.dla.mil/RFQ/RFQRec.aspx?sn=SPE4A726T111N,https://www.dibbs.bsm.dla.mil/rfq/rfqrec.aspx?sn=SPE4A726T111N,CABLE ASSEMBLY,9,20260930T163736Z,6150-01-091-4655,"CABLE ASSEMBLY,SPEC",G,334419,6.0,,,2026-03-18,2026-03-25,CABLE ASSEMBLY,DIBBS|SPE4A726T111N|6150-01-091-4655,C10,Harnesses / Cable Assemblies / Box Builds,CABLE ASSEMBLY,CABLE ASSEMBLY,False,adjacent,,"DIBBS RFQ Text Search result, AMSC field, retrieved 20260930T163736Z",past deadline
SPE4A726T062E,5995-01-447-0749,SPE4A726T062E,03-11-2026,03-18-2026,2026-08-21 02:41:27,Origin,Origin,Tech,7015852075,https://dibbs2.bsm.dla.mil/Downloads/RFQ/E/SPE4A726T062E.PDF,https://www.dibbs.bsm.dla.mil/RFQ/RFQRec.aspx?sn=SPE4A726T062E,https://www.dibbs.bsm.dla.mil/rfq/rfqrec.aspx?sn=SPE4A726T062E,CABLE ASSEMBLY,9,20260930T163736Z,5995-01-447-0749,"CABLE ASSEMBLY,RADI",G,334419,8.0,,,2026-03-11,2026-03-18,CABLE ASSEMBLY,DIBBS|SPE4A726T062E|5995-01-447-0749,C10,Harnesses / Cable Assemblies / Box Builds,CABLE ASSEMBLY,CABLE ASSEMBLY,False,adjacent,,"DIBBS RFQ Text Search result, AMSC field, retrieved 20260930T163736Z",past deadline
SPE4A526T211W,4920-01-695-4302,SPE4A526T211W,06-04-2026,06-16-2026,2026-08-21 02:41:27,Origin,Origin,Tech,7017039029,https://dibbs2.bsm.dla.mil/Downloads/RFQ/W/SPE4A526T211W.PDF,https://www.dibbs.bsm.dla.mil/RFQ/RFQRec.aspx?sn=SPE4A526T211W,https://www.dibbs.bsm.dla.mil/rfq/rfqrec.aspx?sn=SPE4A526T211W,CABLE ASSEMBLY,9,20260930T163736Z,4920-01-695-4302,"CABLE ASSEMBLY,INTE",G,334419,11.0,,,2026-06-04,2026-06-16,CABLE ASSEMBLY,DIBBS|SPE4A526T211W|4920-01-695-4302,C10,Harnesses / Cable Assemblies / Box Builds,CABLE ASSEMBLY,CABLE ASSEMBLY,False,adjacent,,"DIBBS RFQ Text Search result, AMSC field, retrieved 20260930T163736Z",past deadline
SPE4A626T92N3,6150-01-674-4243,SPE4A626T92N3,06-16-2026,06-23-2026,2026-08-21 02:41:27,Origin,Origin,Tech,7014871384,https://dibbs2.bsm.dla.mil/Downloads/RFQ/3/SPE4A626T92N3.PDF,https://www.dibbs.bsm.dla.mil/RFQ/RFQRec.aspx?sn=SPE4A626T92N3,https://www.dibbs.bsm.dla.mil/rfq/rfqrec.aspx?sn=SPE4A626T92N3,CABLE ASSEMBLY,9,20260930T163736Z,6150-01-674-4243,"CABLE ASSEMBLY,POWER,E",G,335311,9.0,,,2026-06-16,2026-06-23,CABLE ASSEMBLY,DIBBS|SPE4A626T92N3|6150-01-674-4243,C10,Harnesses / Cable Assemblies / Box Builds,CABLE ASSEMBLY,CABLE ASSEMBLY,False,adjacent,,"DIBBS RFQ Text Search result, AMSC field, retrieved 20260930T163736Z",past deadline
SPE4A626T91J0,6150-01-434-1113,SPE4A626T91J0,06-15-2026,06-22-2026,2026-08-21 02:41:27,Origin,Origin,Tech,7017147376,https://dibbs2.bsm.dla.mil/Downloads/RFQ/0/SPE4A626T91J0.PDF,https://www.dibbs.bsm.dla.mil/RFQ/RFQRec.aspx?sn=SPE4A626T91J0,https://www.dibbs.bsm.dla.mil/rfq/rfqrec.aspx?sn=SPE4A626T91J0,CABLE ASSEMBLY,9,20260930T163736Z,6150-01-434-1113,"CABLE ASSEMBLY,SPEC",G,334419,64.0,,,2026-06-15,2026-06-22,CABLE ASSEMBLY,DIBBS|SPE4A626T91J0|6150-01-434-1113,C10,Harnesses / Cable Assemblies / Box Builds,CABLE ASSEMBLY,CABLE ASSEMBLY,False,adjacent,,"DIBBS RFQ Text Search result, AMSC field, retrieved 20260930T163736Z",past deadline
SPE4A626T85V1,5995-01-411-7093,SPE4A626T85V1,06-10-2026,06-17-2026,2026-08-21 02:41:27,Origin,Origin,Tech,7014630134,https://dibbs2.bsm.dla.mil/Downloads/RFQ/1/SPE4A626T85V1.PDF,https://www.dibbs.bsm.dla.mil/RFQ/RFQRec.aspx?sn=SPE4A626T85V1,https://www.dibbs.bsm.dla.mil/rfq/rfqrec.aspx?sn=SPE4A626T85V1,CABLE ASSEMBLY,9,20260930T163736Z,5995-01-411-7093,"CABLE ASSEMBLY,RADI",G,335931,14.0,,,2026-06-10,2026-06-17,CABLE ASSEMBLY,DIBBS|SPE4A626T85V1|5995-01-411-7093,C10,Harnesses / Cable Assemblies / Box Builds,CABLE ASSEMBLY,CABLE ASSEMBLY,False,adjacent,,"DIBBS RFQ Text Search result, AMSC field, retrieved 20260930T163736Z",past deadline
SPE4A626T83Q9,6150-01-576-6066,SPE4A626T83Q9,06-09-2026,06-16-2026,2026-08-21 02:41:27,Origin,Origin,Tech,7017034563,https://dibbs2.bsm.dla.mil/Downloads/RFQ/9/SPE4A626T83Q9.PDF,https://www.dibbs.bsm.dla.mil/RFQ/RFQRec.aspx?sn=SPE4A626T83Q9,https://www.dibbs.bsm.dla.mil/rfq/rfqrec.aspx?sn=SPE4A626T83Q9,CABLE ASSEMBLY,9,20260930T163736Z,6150-01-576-6066,"CABLE ASSEMBLY,POWE",G,334419,2.0,,,2026-06-09,2026-06-16,CABLE ASSEMBLY,DIBBS|SPE4A626T83Q9|6150-01-576-6066,C10,Harnesses / Cable Assemblies / Box Builds,CABLE ASSEMBLY,CABLE ASSEMBLY,False,adjacent,,"DIBBS RFQ Text Search result, AMSC field, retrieved 20260930T163736Z",past deadline
SPE4A626T81V7,6150-01-091-6465,SPE4A626T81V7,06-08-2026,06-15-2026,2026-08-21 02:41:27,Origin,Origin,Tech,7017011436,https://dibbs2.bsm.dla.mil/Downloads/RFQ/7/SPE4A626T81V7.PDF,https://www.dibbs.bsm.dla.mil/RFQ/RFQRec.aspx?sn=SPE4A626T81V7,https://www.dibbs.bsm.dla.mil/rfq/rfqrec.aspx?sn=SPE4A626T81V7,CABLE ASSEMBLY,9,20260930T163736Z,6150-01-091-6465,"CABLE ASSEMBLY,SPEC",G,334419,4.0,,,2026-06-08,2026-06-15,CABLE ASSEMBLY,DIBBS|SPE4A626T81V7|6150-01-091-6465,C10,Harnesses / Cable Assemblies / Box Builds,CABLE ASSEMBLY,CABLE ASSEMBLY,False,adjacent,,"DIBBS RFQ Text Search result, AMSC field, retrieved 20260930T163736Z",past deadline
SPE4A626T793J,5995-01-622-5096,SPE4A626T793J,02-24-2026,03-03-2026,2026-08-21 02:41:27,Origin,Origin,Tech,7015603680,https://dibbs2.bsm.dla.mil/Downloads/RFQ/J/SPE4A626T793J.PDF,https://www.dibbs.bsm.dla.mil/RFQ/RFQRec.aspx?sn=SPE4A626T793J,https://www.dibbs.bsm.dla.mil/rfq/rfqrec.aspx?sn=SPE4A626T793J,CABLE ASSEMBLY,9,20260930T163736Z,5995-01-622-5096,"CABLE ASSEMBLY,SPEC",G,335931,1.0,,,2026-02-24,2026-03-03,CABLE ASSEMBLY,DIBBS|SPE4A626T793J|5995-01-622-5096,C10,Harnesses / Cable Assemblies / Box Builds,CABLE ASSEMBLY,CABLE ASSEMBLY,False,adjacent,,"DIBBS RFQ Text Search result, AMSC field, retrieved 20260930T163736Z",past deadline
SPE4A126T1498,6150-01-555-9790,SPE4A126T1498,02-26-2026,03-05-2026,2026-08-21 02:41:27,Origin,Destination,Tech,0070306942,https://dibbs2.bsm.dla.mil/Downloads/RFQ/8/SPE4A126T1498.PDF,https://www.dibbs.bsm.dla.mil/RFQ/RFQRec.aspx?sn=SPE4A126T1498,https://www.dibbs.bsm.dla.mil/rfq/rfqrec.aspx?sn=SPE4A126T1498,CABLE ASSEMBLY,10,20260930T163753Z,6150-01-555-9790,"CABLE ASSEMBLY,SPEC",G,335311,4.0,,,2026-02-26,2026-03-05,CABLE ASSEMBLY,DIBBS|SPE4A126T1498|6150-01-555-9790,C10,Harnesses / Cable Assemblies / Box Builds,CABLE ASSEMBLY,CABLE ASSEMBLY,False,adjacent,,"DIBBS RFQ Text Search result, AMSC field, retrieved 20260930T163753Z",past deadline
SPE4A626T729A,5995-01-726-2489,SPE4A626T729A,02-19-2026,02-26-2026,2026-08-21 02:41:27,Origin,Destination,Tech,7015536656,https://dibbs2.bsm.dla.mil/Downloads/RFQ/A/SPE4A626T729A.PDF,https://www.dibbs.bsm.dla.mil/RFQ/RFQRec.aspx?sn=SPE4A626T729A,https://www.dibbs.bsm.dla.mil/rfq/rfqrec.aspx?sn=SPE4A626T729A,CABLE ASSEMBLY,10,20260930T163753Z,5995-01-726-2489,"CABLE ASSEMBLY,SPEC",G,335931,1.0,,,2026-02-19,2026-02-26,CABLE ASSEMBLY,DIBBS|SPE4A626T729A|5995-01-726-2489,C10,Harnesses / Cable Assemblies / Box Builds,CABLE ASSEMBLY,CABLE ASSEMBLY,False,adjacent,,"DIBBS RFQ Text Search result, AMSC field, retrieved 20260930T163753Z",past deadline
SPE4A626T69U5,5995-01-408-3287,SPE4A626T69U5,05-22-2026,05-29-2026,2026-08-21 02:41:27,Origin,Origin,Tech,7016646310,https://dibbs2.bsm.dla.mil/Downloads/RFQ/5/SPE4A626T69U5.PDF,https://www.dibbs.bsm.dla.mil/RFQ/RFQRec.aspx?sn=SPE4A626T69U5,https://www.dibbs.bsm.dla.mil/rfq/rfqrec.aspx?sn=SPE4A626T69U5,CABLE ASSEMBLY,10,20260930T163753Z,5995-01-408-3287,"CABLE ASSEMBLY,SPEC",G,334419,2.0,,,2026-05-22,2026-05-29,CABLE ASSEMBLY,DIBBS|SPE4A626T69U5|5995-01-408-3287,C10,Harnesses / Cable Assemblies / Box Builds,CABLE ASSEMBLY,CABLE ASSEMBLY,False,adjacent,,"DIBBS RFQ Text Search result, AMSC field, retrieved 20260930T163753Z",past deadline
SPE4A626T69T3,6150-01-128-5590,SPE4A626T69T3,05-22-2026,05-29-2026,2026-08-21 02:41:27,Origin,Origin,Tech,7016049529,https://dibbs2.bsm.dla.mil/Downloads/RFQ/3/SPE4A626T69T3.PDF,https://www.dibbs.bsm.dla.mil/RFQ/RFQRec.aspx?sn=SPE4A626T69T3,https://www.dibbs.bsm.dla.mil/rfq/rfqrec.aspx?sn=SPE4A626T69T3,CABLE ASSEMBLY,10,20260930T163753Z,6150-01-128-5590,"CABLE ASSEMBLY,SPEC",G,334419,37.0,,,2026-05-22,2026-05-29,CABLE ASSEMBLY,DIBBS|SPE4A626T69T3|6150-01-128-5590,C10,Harnesses / Cable Assemblies / Box Builds,CABLE ASSEMBLY,CABLE ASSEMBLY,False,adjacent,,"DIBBS RFQ Text Search result, AMSC field, retrieved 20260930T163753Z",past deadline
SPE4A626T648Z,4920-01-667-7698,SPE4A626T648Z,02-09-2026,02-20-2026,2026-08-21 02:41:27,Origin,Destination,Tech,7015378586; 7015378587,https://dibbs2.bsm.dla.mil/Downloads/RFQ/Z/SPE4A626T648Z.PDF,https://www.dibbs.bsm.dla.mil/RFQ/RFQRec.aspx?sn=SPE4A626T648Z,https://www.dibbs.bsm.dla.mil/rfq/rfqrec.aspx?sn=SPE4A626T648Z,CABLE ASSEMBLY,10,20260930T163753Z,4920-01-667-7698,"CABLE ASSEMBLY,INTE",G,334419,12.0,,,2026-02-09,2026-02-20,CABLE ASSEMBLY,DIBBS|SPE4A626T648Z|4920-01-667-7698,C10,Harnesses / Cable Assemblies / Box Builds,CABLE ASSEMBLY,CABLE ASSEMBLY,False,adjacent,,"DIBBS RFQ Text Search result, AMSC field, retrieved 20260930T163753Z",past deadline
SPE4A626T571B,6150-01-106-3195,SPE4A626T571B,01-26-2026,02-02-2026,2026-08-21 02:41:27,Origin,Origin,Tech,7014232649,https://dibbs2.bsm.dla.mil/Downloads/RFQ/B/SPE4A626T571B.PDF,https://www.dibbs.bsm.dla.mil/RFQ/RFQRec.aspx?sn=SPE4A626T571B,https://www.dibbs.bsm.dla.mil/rfq/rfqrec.aspx?sn=SPE4A626T571B,CABLE ASSEMBLY,10,20260930T163753Z,6150-01-106-3195,"CABLE ASSEMBLY,SPEC",G,334419,3.0,,,2026-01-26,2026-02-02,CABLE ASSEMBLY,DIBBS|SPE4A626T571B|6150-01-106-3195,C10,Harnesses / Cable Assemblies / Box Builds,CABLE ASSEMBLY,CABLE ASSEMBLY,False,adjacent,,"DIBBS RFQ Text Search result, AMSC field, retrieved 20260930T163753Z",past deadline
SPE4A626T51Q6,6150-01-030-0510,SPE4A626T51Q6,05-13-2026,05-20-2026,2026-08-21 02:41:27,Origin,Origin,Tech,7016753289,https://dibbs2.bsm.dla.mil/Downloads/RFQ/6/SPE4A626T51Q6.PDF,https://www.dibbs.bsm.dla.mil/RFQ/RFQRec.aspx?sn=SPE4A626T51Q6,https://www.dibbs.bsm.dla.mil/rfq/rfqrec.aspx?sn=SPE4A626T51Q6,CABLE ASSEMBLY,10,20260930T163753Z,6150-01-030-0510,"CABLE ASSEMBLY,SPEC",G,334419,3.0,,,2026-05-13,2026-05-20,CABLE ASSEMBLY,DIBBS|SPE4A626T51Q6|6150-01-030-0510,C10,Harnesses / Cable Assemblies / Box Builds,CABLE ASSEMBLY,CABLE ASSEMBLY,False,adjacent,,"DIBBS RFQ Text Search result, AMSC field, retrieved 20260930T163753Z",past deadline
SPE4A626T38F2,5995-01-118-5064,SPE4A626T38F2,04-29-2026,05-06-2026,2026-08-21 02:41:27,Origin,Origin,Tech,7016437734,https://dibbs2.bsm.dla.mil/Downloads/RFQ/2/SPE4A626T38F2.PDF,https://www.dibbs.bsm.dla.mil/RFQ/RFQRec.aspx?sn=SPE4A626T38F2,https://www.dibbs.bsm.dla.mil/rfq/rfqrec.aspx?sn=SPE4A626T38F2,CABLE ASSEMBLY,10,20260930T163753Z,5995-01-118-5064,"CABLE ASSEMBLY,RADI",G,335931,9.0,,,2026-04-29,2026-05-06,CABLE ASSEMBLY,DIBBS|SPE4A626T38F2|5995-01-118-5064,C10,Harnesses / Cable Assemblies / Box Builds,CABLE ASSEMBLY,CABLE ASSEMBLY,False,adjacent,,"DIBBS RFQ Text Search result, AMSC field, retrieved 20260930T163753Z",past deadline
SPE4A626T19Q2,6150-01-571-7873,SPE4A626T19Q2,04-13-2026,04-20-2026,2026-08-21 02:41:27,Origin,Origin,Tech,7013233837,https://dibbs2.bsm.dla.mil/Downloads/RFQ/2/SPE4A626T19Q2.PDF,https://www.dibbs.bsm.dla.mil/RFQ/RFQRec.aspx?sn=SPE4A626T19Q2,https://www.dibbs.bsm.dla.mil/rfq/rfqrec.aspx?sn=SPE4A626T19Q2,CABLE ASSEMBLY,10,20260930T163753Z,6150-01-571-7873,"CABLE ASSEMBLY,SPEC",G,334419,81.0,,,2026-04-13,2026-04-20,CABLE ASSEMBLY,DIBBS|SPE4A626T19Q2|6150-01-571-7873,C10,Harnesses / Cable Assemblies / Box Builds,CABLE ASSEMBLY,CABLE ASSEMBLY,False,adjacent,,"DIBBS RFQ Text Search result, AMSC field, retrieved 20260930T163753Z",past deadline
SPE4A626T14TD,6150-01-268-4249,SPE4A626T14TD,08-11-2026,08-18-2026,2026-08-21 02:41:27,Origin,Origin,Tech,7013631170,https://dibbs2.bsm.dla.mil/Downloads/RFQ/D/SPE4A626T14TD.PDF,https://www.dibbs.bsm.dla.mil/RFQ/RFQRec.aspx?sn=SPE4A626T14TD,https://www.dibbs.bsm.dla.mil/rfq/rfqrec.aspx?sn=SPE4A626T14TD,CABLE ASSEMBLY,10,20260930T163753Z,6150-01-268-4249,"CABLE ASSEMBLY,POWER,E",G,334419,82.0,,,2026-08-11,2026-08-18,CABLE ASSEMBLY,DIBBS|SPE4A626T14TD|6150-01-268-4249,C10,Harnesses / Cable Assemblies / Box Builds,CABLE ASSEMBLY,CABLE ASSEMBLY,False,adjacent,,"DIBBS RFQ Text Search result, AMSC field, retrieved 20260930T163753Z",past deadline
SPE4A626T14PE,6150-01-326-0282,SPE4A626T14PE,08-10-2026,08-17-2026,2026-08-21 02:41:27,Origin,Origin,Tech,7017226411,https://dibbs2.bsm.dla.mil/Downloads/RFQ/E/SPE4A626T14PE.PDF,https://www.dibbs.bsm.dla.mil/RFQ/RFQRec.aspx?sn=SPE4A626T14PE,https://www.dibbs.bsm.dla.mil/rfq/rfqrec.aspx?sn=SPE4A626T14PE,CABLE ASSEMBLY,10,20260930T163753Z,6150-01-326-0282,"CABLE ASSEMBLY,SPEC",G,334419,10.0,,,2026-08-10,2026-08-17,CABLE ASSEMBLY,DIBBS|SPE4A626T14PE|6150-01-326-0282,C10,Harnesses / Cable Assemblies / Box Builds,CABLE ASSEMBLY,CABLE ASSEMBLY,False,adjacent,,"DIBBS RFQ Text Search result, AMSC field, retrieved 20260930T163753Z",past deadline
SPE4A626T13XZ,6150-01-721-7742,SPE4A626T13XZ,08-06-2026,08-20-2026,2026-08-21 02:41:27,Origin,Origin,Tech,7017741521,https://dibbs2.bsm.dla.mil/Downloads/RFQ/Z/SPE4A626T13XZ.PDF,https://www.dibbs.bsm.dla.mil/RFQ/RFQRec.aspx?sn=SPE4A626T13XZ,https://www.dibbs.bsm.dla.mil/rfq/rfqrec.aspx?sn=SPE4A626T13XZ,CABLE ASSEMBLY,10,20260930T163753Z,6150-01-721-7742,"CABLE ASSEMBLY,POWER,E",G,335311,4.0,,,2026-08-06,2026-08-20,CABLE ASSEMBLY,DIBBS|SPE4A626T13XZ|6150-01-721-7742,C10,Harnesses / Cable Assemblies / Box Builds,CABLE ASSEMBLY,CABLE ASSEMBLY,False,adjacent,,"DIBBS RFQ Text Search result, AMSC field, retrieved 20260930T163753Z",past deadline
SPE4A626T18ZT,5995-01-680-4465,SPE4A626T18ZT,08-18-2026,08-25-2026,2026-08-21 02:41:27,Origin,Origin,Tech,7017868889,https://dibbs2.bsm.dla.mil/Downloads/RFQ/T/SPE4A626T18ZT.PDF,https://www.dibbs.bsm.dla.mil/RFQ/RFQRec.aspx?sn=SPE4A626T18ZT,https://www.dibbs.bsm.dla.mil/rfq/rfqrec.aspx?sn=SPE4A626T18ZT,CABLE ASSEMBLY,10,20260930T163753Z,5995-01-680-4465,"CABLE ASSEMBLY,SPEC",G,335931,1.0,,,2026-08-18,2026-08-25,CABLE ASSEMBLY,DIBBS|SPE4A626T18ZT|5995-01-680-4465,C10,Harnesses / Cable Assemblies / Box Builds,CABLE ASSEMBLY,CABLE ASSEMBLY,False,adjacent,,"DIBBS RFQ Text Search result, AMSC field, retrieved 20260930T163753Z",past deadline
SPE4A626T11LQ,1420-01-714-8823,SPE4A626T11LQ,08-04-2026,08-11-2026,2026-08-21 02:41:27,Origin,Origin,Tech,7015926073,https://dibbs2.bsm.dla.mil/Downloads/RFQ/Q/SPE4A626T11LQ.PDF,https://www.dibbs.bsm.dla.mil/RFQ/RFQRec.aspx?sn=SPE4A626T11LQ,https://www.dibbs.bsm.dla.mil/rfq/rfqrec.aspx?sn=SPE4A626T11LQ,CABLE ASSEMBLY,10,20260930T163753Z,1420-01-714-8823,"CABLE ASSEMBLY,SPEC",G,336419,25.0,,,2026-08-04,2026-08-11,CABLE ASSEMBLY,DIBBS|SPE4A626T11LQ|1420-01-714-8823,C10,Harnesses / Cable Assemblies / Box Builds,CABLE ASSEMBLY,CABLE ASSEMBLY,False,adjacent,,"DIBBS RFQ Text Search result, AMSC field, retrieved 20260930T163753Z",past deadline
SPE4A626T11AB,1420-01-714-8820,SPE4A626T11AB,07-31-2026,08-07-2026,2026-08-21 02:41:27,Origin,Origin,Tech,7015926072,https://dibbs2.bsm.dla.mil/Downloads/RFQ/B/SPE4A626T11AB.PDF,https://www.dibbs.bsm.dla.mil/RFQ/RFQRec.aspx?sn=SPE4A626T11AB,https://www.dibbs.bsm.dla.mil/rfq/rfqrec.aspx?sn=SPE4A626T11AB,CABLE ASSEMBLY,10,20260930T163753Z,1420-01-714-8820,"CABLE ASSEMBLY,SPEC",G,336419,20.0,,,2026-07-31,2026-08-07,CABLE ASSEMBLY,DIBBS|SPE4A626T11AB|1420-01-714-8820,C10,Harnesses / Cable Assemblies / Box Builds,CABLE ASSEMBLY,CABLE ASSEMBLY,False,adjacent,,"DIBBS RFQ Text Search result, AMSC field, retrieved 20260930T163753Z",past deadline
SPE4A026T4348,6150-01-546-2030,SPE4A026T4348,08-19-2026,08-26-2026,2026-08-21 02:41:27,Origin,Origin,Tech,7017426040,https://dibbs2.bsm.dla.mil/Downloads/RFQ/8/SPE4A026T4348.PDF,https://www.dibbs.bsm.dla.mil/RFQ/RFQRec.aspx?sn=SPE4A026T4348,https://www.dibbs.bsm.dla.mil/rfq/rfqrec.aspx?sn=SPE4A026T4348,CABLE ASSEMBLY,10,20260930T163753Z,6150-01-546-2030,"CABLE ASSEMBLY,SPEC",G,334419,1.0,,,2026-08-19,2026-08-26,CABLE ASSEMBLY,DIBBS|SPE4A026T4348|6150-01-546-2030,C10,Harnesses / Cable Assemblies / Box Builds,CABLE ASSEMBLY,CABLE ASSEMBLY,False,adjacent,,"DIBBS RFQ Text Search result, AMSC field, retrieved 20260930T163753Z",past deadline
SPE4A426T0083,6150-01-543-3021,SPE4A426T0083,04-10-2026,04-17-2026,2026-08-21 02:41:27,Origin,Destination,Tech,7016227685,https://dibbs2.bsm.dla.mil/Downloads/RFQ/3/SPE4A426T0083.PDF,https://www.dibbs.bsm.dla.mil/RFQ/RFQRec.aspx?sn=SPE4A426T0083,https://www.dibbs.bsm.dla.mil/rfq/rfqrec.aspx?sn=SPE4A426T0083,CABLE ASSEMBLY,10,20260930T163753Z,6150-01-543-3021,"CABLE ASSEMBLY,SPECIAL",G,334419,14.0,,,2026-04-10,2026-04-17,CABLE ASSEMBLY,DIBBS|SPE4A426T0083|6150-01-543-3021,C10,Harnesses / Cable Assemblies / Box Builds,CABLE ASSEMBLY,CABLE ASSEMBLY,False,adjacent,,"DIBBS RFQ Text Search result, AMSC field, retrieved 20260930T163753Z",past deadline
SPE4A626T03UC,6150-01-091-6466,SPE4A626T03UC,07-08-2026,07-15-2026,2026-08-21 02:41:27,Origin,Origin,Tech,7017410172,https://dibbs2.bsm.dla.mil/Downloads/RFQ/C/SPE4A626T03UC.PDF,https://www.dibbs.bsm.dla.mil/RFQ/RFQRec.aspx?sn=SPE4A626T03UC,https://www.dibbs.bsm.dla.mil/rfq/rfqrec.aspx?sn=SPE4A626T03UC,CABLE ASSEMBLY,10,20260930T163753Z,6150-01-091-6466,"CABLE ASSEMBLY,SPECIAL",G,334419,3.0,,,2026-07-08,2026-07-15,CABLE ASSEMBLY,DIBBS|SPE4A626T03UC|6150-01-091-6466,C10,Harnesses / Cable Assemblies / Box Builds,CABLE ASSEMBLY,CABLE ASSEMBLY,False,adjacent,,"DIBBS RFQ Text Search result, AMSC field, retrieved 20260930T163753Z",past deadline
SPE4A626T03PH,6150-01-513-6270,SPE4A626T03PH,07-07-2026,07-14-2026,2026-08-21 02:41:27,Origin,Origin,Tech,7017274283,https://dibbs2.bsm.dla.mil/Downloads/RFQ/H/SPE4A626T03PH.PDF,https://www.dibbs.bsm.dla.mil/RFQ/RFQRec.aspx?sn=SPE4A626T03PH,https://www.dibbs.bsm.dla.mil/rfq/rfqrec.aspx?sn=SPE4A626T03PH,CABLE ASSEMBLY,10,20260930T163753Z,6150-01-513-6270,"CABLE ASSEMBLY,SPECIAL",G,334419,3.0,,,2026-07-07,2026-07-14,CABLE ASSEMBLY,DIBBS|SPE4A626T03PH|6150-01-513-6270,C10,Harnesses / Cable Assemblies / Box Builds,CABLE ASSEMBLY,CABLE ASSEMBLY,False,adjacent,,"DIBBS RFQ Text Search result, AMSC field, retrieved 20260930T163753Z",past deadline
SPE4A726T237Q,6150-01-625-6152,SPE4A726T237Q,04-10-2026,04-17-2026,2026-08-21 02:41:27,Origin,Origin,Tech,7016285795,https://dibbs2.bsm.dla.mil/Downloads/RFQ/Q/SPE4A726T237Q.PDF,https://www.dibbs.bsm.dla.mil/RFQ/RFQRec.aspx?sn=SPE4A726T237Q,https://www.dibbs.bsm.dla.mil/rfq/rfqrec.aspx?sn=SPE4A726T237Q,CABLE ASSEMBLY,11,20260930T163810Z,6150-01-625-6152,"CABLE ASSEMBLY,POWE",G,334419,4.0,,,2026-04-10,2026-04-17,CABLE ASSEMBLY,DIBBS|SPE4A726T237Q|6150-01-625-6152,C10,Harnesses / Cable Assemblies / Box Builds,CABLE ASSEMBLY,CABLE ASSEMBLY,False,adjacent,,"DIBBS RFQ Text Search result, AMSC field, retrieved 20260930T163810Z",past deadline
SPE4A726T208W,5995-00-823-2608,SPE4A726T208W,04-08-2026,04-28-2026,2026-08-21 02:41:27,Origin,Origin,Tech,7016227808,https://dibbs2.bsm.dla.mil/Downloads/RFQ/W/SPE4A726T208W.PDF,https://www.dibbs.bsm.dla.mil/RFQ/RFQRec.aspx?sn=SPE4A726T208W,https://www.dibbs.bsm.dla.mil/rfq/rfqrec.aspx?sn=SPE4A726T208W,CABLE ASSEMBLY,11,20260930T163810Z,5995-00-823-2608,"CABLE ASSEMBLY,RADI",G,334419,35.0,,,2026-04-08,2026-04-28,CABLE ASSEMBLY,DIBBS|SPE4A726T208W|5995-00-823-2608,C10,Harnesses / Cable Assemblies / Box Builds,CABLE ASSEMBLY,CABLE ASSEMBLY,False,adjacent,,"DIBBS RFQ Text Search result, AMSC field, retrieved 20260930T163810Z",past deadline
SPE4A726T159B,5995-01-406-8999,SPE4A726T159B,03-26-2026,04-02-2026,2026-08-21 02:41:27,Origin,Origin,Tech,7016081211,https://dibbs2.bsm.dla.mil/Downloads/RFQ/B/SPE4A726T159B.PDF,https://www.dibbs.bsm.dla.mil/RFQ/RFQRec.aspx?sn=SPE4A726T159B,https://www.dibbs.bsm.dla.mil/rfq/rfqrec.aspx?sn=SPE4A726T159B,CABLE ASSEMBLY,11,20260930T163810Z,5995-01-406-8999,"CABLE ASSEMBLY,SPEC",G,334419,12.0,,,2026-03-26,2026-04-02,CABLE ASSEMBLY,DIBBS|SPE4A726T159B|5995-01-406-8999,C10,Harnesses / Cable Assemblies / Box Builds,CABLE ASSEMBLY,CABLE ASSEMBLY,False,adjacent,,"DIBBS RFQ Text Search result, AMSC field, retrieved 20260930T163810Z",past deadline
SPE4A526T8110,4920-01-695-4302,SPE4A526T8110,02-17-2026,02-24-2026,2026-08-21 02:41:27,Origin,Origin,Tech,7015537504,https://dibbs2.bsm.dla.mil/Downloads/RFQ/0/SPE4A526T8110.PDF,https://www.dibbs.bsm.dla.mil/RFQ/RFQRec.aspx?sn=SPE4A526T8110,https://www.dibbs.bsm.dla.mil/rfq/rfqrec.aspx?sn=SPE4A526T8110,CABLE ASSEMBLY,11,20260930T163810Z,4920-01-695-4302,"CABLE ASSEMBLY,INTE",G,334419,7.0,,,2026-02-17,2026-02-24,CABLE ASSEMBLY,DIBBS|SPE4A526T8110|4920-01-695-4302,C10,Harnesses / Cable Assemblies / Box Builds,CABLE ASSEMBLY,CABLE ASSEMBLY,False,adjacent,,"DIBBS RFQ Text Search result, AMSC field, retrieved 20260930T163810Z",past deadline
SPE4A726T056R,6150-01-669-2995,SPE4A726T056R,03-11-2026,03-18-2026,2026-08-21 02:41:27,Origin,Origin,Tech,7015601210,https://dibbs2.bsm.dla.mil/Downloads/RFQ/R/SPE4A726T056R.PDF,https://www.dibbs.bsm.dla.mil/RFQ/RFQRec.aspx?sn=SPE4A726T056R,https://www.dibbs.bsm.dla.mil/rfq/rfqrec.aspx?sn=SPE4A726T056R,CABLE ASSEMBLY,11,20260930T163810Z,6150-01-669-2995,"CABLE ASSEMBLY,SPEC",G,335311,17.0,,,2026-03-11,2026-03-18,CABLE ASSEMBLY,DIBBS|SPE4A726T056R|6150-01-669-2995,C10,Harnesses / Cable Assemblies / Box Builds,CABLE ASSEMBLY,CABLE ASSEMBLY,False,adjacent,,"DIBBS RFQ Text Search result, AMSC field, retrieved 20260930T163810Z",past deadline
SPE4A726T046D,5995-01-395-2080,SPE4A726T046D,03-06-2026,03-13-2026,2026-08-21 02:41:27,Origin,Origin,Tech,7015609178,https://dibbs2.bsm.dla.mil/Downloads/RFQ/D/SPE4A726T046D.PDF,https://www.dibbs.bsm.dla.mil/RFQ/RFQRec.aspx?sn=SPE4A726T046D,https://www.dibbs.bsm.dla.mil/rfq/rfqrec.aspx?sn=SPE4A726T046D,CABLE ASSEMBLY,11,20260930T163810Z,5995-01-395-2080,"CABLE ASSEMBLY,SPECIAL",G,334419,7.0,,,2026-03-06,2026-03-13,CABLE ASSEMBLY,DIBBS|SPE4A726T046D|5995-01-395-2080,C10,Harnesses / Cable Assemblies / Box Builds,CABLE ASSEMBLY,CABLE ASSEMBLY,False,adjacent,,"DIBBS RFQ Text Search result, AMSC field, retrieved 20260930T163810Z",past deadline
SPE4A726T042L,6150-01-541-6995,SPE4A726T042L,03-05-2026,03-12-2026,2026-08-21 02:41:27,Origin,Origin,Tech,7015601256,https://dibbs2.bsm.dla.mil/Downloads/RFQ/L/SPE4A726T042L.PDF,https://www.dibbs.bsm.dla.mil/RFQ/RFQRec.aspx?sn=SPE4A726T042L,https://www.dibbs.bsm.dla.mil/rfq/rfqrec.aspx?sn=SPE4A726T042L,CABLE ASSEMBLY,11,20260930T163810Z,6150-01-541-6995,"CABLE ASSEMBLY,SPEC",G,335999,18.0,,,2026-03-05,2026-03-12,CABLE ASSEMBLY,DIBBS|SPE4A726T042L|6150-01-541-6995,C10,Harnesses / Cable Assemblies / Box Builds,CABLE ASSEMBLY,CABLE ASSEMBLY,False,adjacent,,"DIBBS RFQ Text Search result, AMSC field, retrieved 20260930T163810Z",past deadline
SPE4A726T029X,6150-01-106-2048,SPE4A726T029X,02-27-2026,03-06-2026,2026-08-21 02:41:27,Origin,Origin,Tech,7015689418,https://dibbs2.bsm.dla.mil/Downloads/RFQ/X/SPE4A726T029X.PDF,https://www.dibbs.bsm.dla.mil/RFQ/RFQRec.aspx?sn=SPE4A726T029X,https://www.dibbs.bsm.dla.mil/rfq/rfqrec.aspx?sn=SPE4A726T029X,CABLE ASSEMBLY,11,20260930T163810Z,6150-01-106-2048,"CABLE ASSEMBLY,POWE",G,334419,3.0,,,2026-02-27,2026-03-06,CABLE ASSEMBLY,DIBBS|SPE4A726T029X|6150-01-106-2048,C10,Harnesses / Cable Assemblies / Box Builds,CABLE ASSEMBLY,CABLE ASSEMBLY,False,adjacent,,"DIBBS RFQ Text Search result, AMSC field, retrieved 20260930T163810Z",past deadline
SPE4A626U2954,5995-01-624-7004,SPE4A626U2954,04-30-2026,05-14-2026,2026-08-21 02:41:27,Origin,Origin,Tech,1000219605,https://dibbs2.bsm.dla.mil/Downloads/RFQ/4/SPE4A626U2954.PDF,https://www.dibbs.bsm.dla.mil/RFQ/RFQRec.aspx?sn=SPE4A626U2954,https://www.dibbs.bsm.dla.mil/rfq/rfqrec.aspx?sn=SPE4A626U2954,CABLE ASSEMBLY,11,20260930T163810Z,5995-01-624-7004,"CABLE ASSEMBLY,SPEC",G,334419,31.0,,,2026-04-30,2026-05-14,CABLE ASSEMBLY,DIBBS|SPE4A626U2954|5995-01-624-7004,C10,Harnesses / Cable Assemblies / Box Builds,CABLE ASSEMBLY,CABLE ASSEMBLY,False,adjacent,,"DIBBS RFQ Text Search result, AMSC field, retrieved 20260930T163810Z",past deadline
SPE4A626U2865,6150-01-665-1807,SPE4A626U2865,04-21-2026,05-08-2026,2026-08-21 02:41:27,Origin,Origin,Tech,1000231603,https://dibbs2.bsm.dla.mil/Downloads/RFQ/5/SPE4A626U2865.PDF,https://www.dibbs.bsm.dla.mil/RFQ/RFQRec.aspx?sn=SPE4A626U2865,https://www.dibbs.bsm.dla.mil/rfq/rfqrec.aspx?sn=SPE4A626U2865,CABLE ASSEMBLY,11,20260930T163810Z,6150-01-665-1807,"CABLE ASSEMBLY,POWER,E",G,335311,15.0,,,2026-04-21,2026-05-08,CABLE ASSEMBLY,DIBBS|SPE4A626U2865|6150-01-665-1807,C10,Harnesses / Cable Assemblies / Box Builds,CABLE ASSEMBLY,CABLE ASSEMBLY,False,adjacent,,"DIBBS RFQ Text Search result, AMSC field, retrieved 20260930T163810Z",past deadline
SPE4A626T84D2,6150-01-549-1520,SPE4A626T84D2,06-09-2026,06-22-2026,2026-08-21 02:41:27,Origin,Origin,Tech,7017098115,https://dibbs2.bsm.dla.mil/Downloads/RFQ/2/SPE4A626T84D2.PDF,https://www.dibbs.bsm.dla.mil/RFQ/RFQRec.aspx?sn=SPE4A626T84D2,https://www.dibbs.bsm.dla.mil/rfq/rfqrec.aspx?sn=SPE4A626T84D2,CABLE ASSEMBLY,11,20260930T163810Z,6150-01-549-1520,"CABLE ASSEMBLY,SPEC",G,334419,14.0,,,2026-06-09,2026-06-22,CABLE ASSEMBLY,DIBBS|SPE4A626T84D2|6150-01-549-1520,C10,Harnesses / Cable Assemblies / Box Builds,CABLE ASSEMBLY,CABLE ASSEMBLY,False,adjacent,,"DIBBS RFQ Text Search result, AMSC field, retrieved 20260930T163810Z",past deadline
SPE4A626T81T3,6150-01-106-8556,SPE4A626T81T3,06-05-2026,06-12-2026,2026-08-21 02:41:27,Origin,Origin,Tech,7017061840,https://dibbs2.bsm.dla.mil/Downloads/RFQ/3/SPE4A626T81T3.PDF,https://www.dibbs.bsm.dla.mil/RFQ/RFQRec.aspx?sn=SPE4A626T81T3,https://www.dibbs.bsm.dla.mil/rfq/rfqrec.aspx?sn=SPE4A626T81T3,CABLE ASSEMBLY,11,20260930T163810Z,6150-01-106-8556,"CABLE ASSEMBLY,SPEC",G,334419,163.0,,,2026-06-05,2026-06-12,CABLE ASSEMBLY,DIBBS|SPE4A626T81T3|6150-01-106-8556,C10,Harnesses / Cable Assemblies / Box Builds,CABLE ASSEMBLY,CABLE ASSEMBLY,False,adjacent,,"DIBBS RFQ Text Search result, AMSC field, retrieved 20260930T163810Z",past deadline
SPE4A626T76M7,6150-01-693-0357,SPE4A626T76M7,06-03-2026,06-10-2026,2026-08-21 02:41:27,Origin,Origin,Tech,7017010194,https://dibbs2.bsm.dla.mil/Downloads/RFQ/7/SPE4A626T76M7.PDF,https://www.dibbs.bsm.dla.mil/RFQ/RFQRec.aspx?sn=SPE4A626T76M7,https://www.dibbs.bsm.dla.mil/rfq/rfqrec.aspx?sn=SPE4A626T76M7,CABLE ASSEMBLY,11,20260930T163810Z,6150-01-693-0357,"CABLE ASSEMBLY,SPEC",G,335311,2.0,,,2026-06-03,2026-06-10,CABLE ASSEMBLY,DIBBS|SPE4A626T76M7|6150-01-693-0357,C10,Harnesses / Cable Assemblies / Box Builds,CABLE ASSEMBLY,CABLE ASSEMBLY,False,adjacent,,"DIBBS RFQ Text Search result, AMSC field, retrieved 20260930T163810Z",past deadline
SPE4A626T732K,5995-01-091-6019,SPE4A626T732K,02-20-2026,02-27-2026,2026-08-21 02:41:27,Origin,Origin,Tech,7015596084,https://dibbs2.bsm.dla.mil/Downloads/RFQ/K/SPE4A626T732K.PDF,https://www.dibbs.bsm.dla.mil/RFQ/RFQRec.aspx?sn=SPE4A626T732K,https://www.dibbs.bsm.dla.mil/rfq/rfqrec.aspx?sn=SPE4A626T732K,CABLE ASSEMBLY,11,20260930T163810Z,5995-01-091-6019,"CABLE ASSEMBLY,SPEC",G,334419,2.0,,,2026-02-20,2026-02-27,CABLE ASSEMBLY,DIBBS|SPE4A626T732K|5995-01-091-6019,C10,Harnesses / Cable Assemblies / Box Builds,CABLE ASSEMBLY,CABLE ASSEMBLY,False,adjacent,,"DIBBS RFQ Text Search result, AMSC field, retrieved 20260930T163810Z",past deadline
SPE4A626T69S6,6150-01-693-3017,SPE4A626T69S6,05-22-2026,05-29-2026,2026-08-21 02:41:27,Origin,Origin,Tech,7016833276,https://dibbs2.bsm.dla.mil/Downloads/RFQ/6/SPE4A626T69S6.PDF,https://www.dibbs.bsm.dla.mil/RFQ/RFQRec.aspx?sn=SPE4A626T69S6,https://www.dibbs.bsm.dla.mil/rfq/rfqrec.aspx?sn=SPE4A626T69S6,CABLE ASSEMBLY,11,20260930T163810Z,6150-01-693-3017,"CABLE ASSEMBLY,SPEC",G,335311,2.0,,,2026-05-22,2026-05-29,CABLE ASSEMBLY,DIBBS|SPE4A626T69S6|6150-01-693-3017,C10,Harnesses / Cable Assemblies / Box Builds,CABLE ASSEMBLY,CABLE ASSEMBLY,False,adjacent,,"DIBBS RFQ Text Search result, AMSC field, retrieved 20260930T163810Z",past deadline
SPE4A626T69J9,5995-01-723-7343,SPE4A626T69J9,05-22-2026,05-29-2026,2026-08-21 02:41:27,Origin,Origin,Tech,7016771951,https://dibbs2.bsm.dla.mil/Downloads/RFQ/9/SPE4A626T69J9.PDF,https://www.dibbs.bsm.dla.mil/RFQ/RFQRec.aspx?sn=SPE4A626T69J9,https://www.dibbs.bsm.dla.mil/rfq/rfqrec.aspx?sn=SPE4A626T69J9,CABLE ASSEMBLY,11,20260930T163810Z,5995-01-723-7343,"CABLE ASSEMBLY,SPEC",G,335931,8.0,,,2026-05-22,2026-05-29,CABLE ASSEMBLY,DIBBS|SPE4A626T69J9|5995-01-723-7343,C10,Harnesses / Cable Assemblies / Box Builds,CABLE ASSEMBLY,CABLE ASSEMBLY,False,adjacent,,"DIBBS RFQ Text Search result, AMSC field, retrieved 20260930T163810Z",past deadline
SPE4A026T4230,6150-01-513-8127,SPE4A026T4230,08-10-2026,08-17-2026,2026-08-21 02:41:27,Origin,Origin,Tech,7017752493,https://dibbs2.bsm.dla.mil/Downloads/RFQ/0/SPE4A026T4230.PDF,https://www.dibbs.bsm.dla.mil/RFQ/RFQRec.aspx?sn=SPE4A026T4230,https://www.dibbs.bsm.dla.mil/rfq/rfqrec.aspx?sn=SPE4A026T4230,CABLE ASSEMBLY,11,20260930T163810Z,6150-01-513-8127,"CABLE ASSEMBLY,SPEC",G,334419,1.0,,,2026-08-10,2026-08-17,CABLE ASSEMBLY,DIBBS|SPE4A026T4230|6150-01-513-8127,C10,Harnesses / Cable Assemblies / Box Builds,CABLE ASSEMBLY,CABLE ASSEMBLY,False,adjacent,,"DIBBS RFQ Text Search result, AMSC field, retrieved 20260930T163810Z",past deadline
SPE4A026T4020,5995-01-680-4126,SPE4A026T4020,07-24-2026,07-31-2026,2026-08-21 02:41:27,Origin,Origin,Tech,7017559893,https://dibbs2.bsm.dla.mil/Downloads/RFQ/0/SPE4A026T4020.PDF,https://www.dibbs.bsm.dla.mil/RFQ/RFQRec.aspx?sn=SPE4A026T4020,https://www.dibbs.bsm.dla.mil/rfq/rfqrec.aspx?sn=SPE4A026T4020,CABLE ASSEMBLY,11,20260930T163810Z,5995-01-680-4126,"CABLE ASSEMBLY,SPEC",G,335931,1.0,,,2026-07-24,2026-07-31,CABLE ASSEMBLY,DIBBS|SPE4A026T4020|5995-01-680-4126,C10,Harnesses / Cable Assemblies / Box Builds,CABLE ASSEMBLY,CABLE ASSEMBLY,False,adjacent,,"DIBBS RFQ Text Search result, AMSC field, retrieved 20260930T163810Z",past deadline
SPE4A626T53H3,6150-01-251-2902,SPE4A626T53H3,05-13-2026,05-20-2026,2026-08-21 02:41:27,Origin,Origin,Tech,7016752709,https://dibbs2.bsm.dla.mil/Downloads/RFQ/3/SPE4A626T53H3.PDF,https://www.dibbs.bsm.dla.mil/RFQ/RFQRec.aspx?sn=SPE4A626T53H3,https://www.dibbs.bsm.dla.mil/rfq/rfqrec.aspx?sn=SPE4A626T53H3,CABLE ASSEMBLY,11,20260930T163810Z,6150-01-251-2902,"CABLE ASSEMBLY,SPEC",G,334419,5.0,,,2026-05-13,2026-05-20,CABLE ASSEMBLY,DIBBS|SPE4A626T53H3|6150-01-251-2902,C10,Harnesses / Cable Assemblies / Box Builds,CABLE ASSEMBLY,CABLE ASSEMBLY,False,adjacent,,"DIBBS RFQ Text Search result, AMSC field, retrieved 20260930T163810Z",past deadline
SPE4A626T30N6,5995-01-206-7875,SPE4A626T30N6,04-23-2026,04-30-2026,2026-08-21 02:41:27,Origin,Origin,Tech,7015955506,https://dibbs2.bsm.dla.mil/Downloads/RFQ/6/SPE4A626T30N6.PDF,https://www.dibbs.bsm.dla.mil/RFQ/RFQRec.aspx?sn=SPE4A626T30N6,https://www.dibbs.bsm.dla.mil/rfq/rfqrec.aspx?sn=SPE4A626T30N6,CABLE ASSEMBLY,11,20260930T163810Z,5995-01-206-7875,"CABLE ASSEMBLY,RADI",G,334419,9.0,,,2026-04-23,2026-04-30,CABLE ASSEMBLY,DIBBS|SPE4A626T30N6|5995-01-206-7875,C10,Harnesses / Cable Assemblies / Box Builds,CABLE ASSEMBLY,CABLE ASSEMBLY,False,adjacent,,"DIBBS RFQ Text Search result, AMSC field, retrieved 20260930T163810Z",past deadline
SPE4A626T18Q0,5995-01-563-4678,SPE4A626T18Q0,04-13-2026,04-20-2026,2026-08-21 02:41:27,Origin,Origin,Tech,7016285629,https://dibbs2.bsm.dla.mil/Downloads/RFQ/0/SPE4A626T18Q0.PDF,https://www.dibbs.bsm.dla.mil/RFQ/RFQRec.aspx?sn=SPE4A626T18Q0,https://www.dibbs.bsm.dla.mil/rfq/rfqrec.aspx?sn=SPE4A626T18Q0,CABLE ASSEMBLY,12,20260930T163827Z,5995-01-563-4678,"CABLE ASSEMBLY,SPEC",G,334419,555.0,,,2026-04-13,2026-04-20,CABLE ASSEMBLY,DIBBS|SPE4A626T18Q0|5995-01-563-4678,C10,Harnesses / Cable Assemblies / Box Builds,CABLE ASSEMBLY,CABLE ASSEMBLY,False,adjacent,,"DIBBS RFQ Text Search result, AMSC field, retrieved 20260930T163827Z",past deadline
SPE4A626T17WY,6150-00-993-6161,SPE4A626T17WY,08-17-2026,08-24-2026,2026-08-21 02:41:27,Origin,Destination,Tech,7017912291,https://dibbs2.bsm.dla.mil/Downloads/RFQ/Y/SPE4A626T17WY.PDF,https://www.dibbs.bsm.dla.mil/RFQ/RFQRec.aspx?sn=SPE4A626T17WY,https://www.dibbs.bsm.dla.mil/rfq/rfqrec.aspx?sn=SPE4A626T17WY,CABLE ASSEMBLY,12,20260930T163827Z,6150-00-993-6161,"CABLE ASSEMBLY,SPECIAL",G,334419,22.0,,,2026-08-17,2026-08-24,CABLE ASSEMBLY,DIBBS|SPE4A626T17WY|6150-00-993-6161,C10,Harnesses / Cable Assemblies / Box Builds,CABLE ASSEMBLY,CABLE ASSEMBLY,False,adjacent,,"DIBBS RFQ Text Search result, AMSC field, retrieved 20260930T163827Z",past deadline
SPE4A626T17HR,6150-01-513-8479,SPE4A626T17HR,08-17-2026,08-24-2026,2026-08-21 02:41:27,Origin,Origin,Tech,7017274277,https://dibbs2.bsm.dla.mil/Downloads/RFQ/R/SPE4A626T17HR.PDF,https://www.dibbs.bsm.dla.mil/RFQ/RFQRec.aspx?sn=SPE4A626T17HR,https://www.dibbs.bsm.dla.mil/rfq/rfqrec.aspx?sn=SPE4A626T17HR,CABLE ASSEMBLY,12,20260930T163827Z,6150-01-513-8479,"CABLE ASSEMBLY,SPEC",G,334419,3.0,,,2026-08-17,2026-08-24,CABLE ASSEMBLY,DIBBS|SPE4A626T17HR|6150-01-513-8479,C10,Harnesses / Cable Assemblies / Box Builds,CABLE ASSEMBLY,CABLE ASSEMBLY,False,adjacent,,"DIBBS RFQ Text Search result, AMSC field, retrieved 20260930T163827Z",past deadline
SPE4A626T17HE,1420-01-714-8852,SPE4A626T17HE,08-17-2026,08-24-2026,2026-08-21 02:41:27,Origin,Origin,Tech,7017868622,https://dibbs2.bsm.dla.mil/Downloads/RFQ/E/SPE4A626T17HE.PDF,https://www.dibbs.bsm.dla.mil/RFQ/RFQRec.aspx?sn=SPE4A626T17HE,https://www.dibbs.bsm.dla.mil/rfq/rfqrec.aspx?sn=SPE4A626T17HE,CABLE ASSEMBLY,12,20260930T163827Z,1420-01-714-8852,"CABLE ASSEMBLY,SPEC",G,336419,20.0,,,2026-08-17,2026-08-24,CABLE ASSEMBLY,DIBBS|SPE4A626T17HE|1420-01-714-8852,C10,Harnesses / Cable Assemblies / Box Builds,CABLE ASSEMBLY,CABLE ASSEMBLY,False,adjacent,,"DIBBS RFQ Text Search result, AMSC field, retrieved 20260930T163827Z",past deadline
SPE4A626T17FX,4920-01-565-4285,SPE4A626T17FX,08-17-2026,08-24-2026,2026-08-21 02:41:27,Origin,Destination,Tech,7017055656,https://dibbs2.bsm.dla.mil/Downloads/RFQ/X/SPE4A626T17FX.PDF,https://www.dibbs.bsm.dla.mil/RFQ/RFQRec.aspx?sn=SPE4A626T17FX,https://www.dibbs.bsm.dla.mil/rfq/rfqrec.aspx?sn=SPE4A626T17FX,CABLE ASSEMBLY,12,20260930T163827Z,4920-01-565-4285,"CABLE ASSEMBLY,SPEC",G,332710,1.0,,,2026-08-17,2026-08-24,CABLE ASSEMBLY,DIBBS|SPE4A626T17FX|4920-01-565-4285,C10,Harnesses / Cable Assemblies / Box Builds,CABLE ASSEMBLY,CABLE ASSEMBLY,False,adjacent,,"DIBBS RFQ Text Search result, AMSC field, retrieved 20260930T163827Z",past deadline
SPE4A626T19MT,6150-01-625-6286,SPE4A626T19MT,08-19-2026,08-26-2026,2026-08-21 02:41:27,Origin,Destination,Tech,7017939708,https://dibbs2.bsm.dla.mil/Downloads/RFQ/T/SPE4A626T19MT.PDF,https://www.dibbs.bsm.dla.mil/RFQ/RFQRec.aspx?sn=SPE4A626T19MT,https://www.dibbs.bsm.dla.mil/rfq/rfqrec.aspx?sn=SPE4A626T19MT,CABLE ASSEMBLY,12,20260930T163827Z,6150-01-625-6286,"CABLE ASSEMBLY,POWER,E",G,334419,5.0,,,2026-08-19,2026-08-26,CABLE ASSEMBLY,DIBBS|SPE4A626T19MT|6150-01-625-6286,C10,Harnesses / Cable Assemblies / Box Builds,CABLE ASSEMBLY,CABLE ASSEMBLY,False,adjacent,,"DIBBS RFQ Text Search result, AMSC field, retrieved 20260930T163827Z",past deadline
SPE4A626T16DW,5995-01-208-2739,SPE4A626T16DW,08-13-2026,08-20-2026,2026-08-21 02:41:27,Origin,Origin,Tech,7017870265,https://dibbs2.bsm.dla.mil/Downloads/RFQ/W/SPE4A626T16DW.PDF,https://www.dibbs.bsm.dla.mil/RFQ/RFQRec.aspx?sn=SPE4A626T16DW,https://www.dibbs.bsm.dla.mil/rfq/rfqrec.aspx?sn=SPE4A626T16DW,CABLE ASSEMBLY,12,20260930T163827Z,5995-01-208-2739,"CABLE ASSEMBLY,RADIO F",G,334419,4.0,,,2026-08-13,2026-08-20,CABLE ASSEMBLY,DIBBS|SPE4A626T16DW|5995-01-208-2739,C10,Harnesses / Cable Assemblies / Box Builds,CABLE ASSEMBLY,CABLE ASSEMBLY,False,adjacent,,"DIBBS RFQ Text Search result, AMSC field, retrieved 20260930T163827Z",past deadline
SPE4A626T16DS,5995-01-201-4129,SPE4A626T16DS,08-13-2026,08-20-2026,2026-08-21 02:41:27,Origin,Origin,Tech,7017869232,https://dibbs2.bsm.dla.mil/Downloads/RFQ/S/SPE4A626T16DS.PDF,https://www.dibbs.bsm.dla.mil/RFQ/RFQRec.aspx?sn=SPE4A626T16DS,https://www.dibbs.bsm.dla.mil/rfq/rfqrec.aspx?sn=SPE4A626T16DS,CABLE ASSEMBLY,12,20260930T163827Z,5995-01-201-4129,"CABLE ASSEMBLY,SPECIAL",G,334419,59.0,,,2026-08-13,2026-08-20,CABLE ASSEMBLY,DIBBS|SPE4A626T16DS|5995-01-201-4129,C10,Harnesses / Cable Assemblies / Box Builds,CABLE ASSEMBLY,CABLE ASSEMBLY,False,adjacent,,"DIBBS RFQ Text Search result, AMSC field, retrieved 20260930T163827Z",past deadline
SPE4A626T14UH,6150-01-577-1901,SPE4A626T14UH,08-11-2026,08-21-2026,2026-08-21 02:41:27,Origin,Origin,Tech,7017825847,https://dibbs2.bsm.dla.mil/Downloads/RFQ/H/SPE4A626T14UH.PDF,https://www.dibbs.bsm.dla.mil/RFQ/RFQRec.aspx?sn=SPE4A626T14UH,https://www.dibbs.bsm.dla.mil/rfq/rfqrec.aspx?sn=SPE4A626T14UH,CABLE ASSEMBLY,12,20260930T163827Z,6150-01-577-1901,"CABLE ASSEMBLY,SPEC",G,334419,1.0,,,2026-08-11,2026-08-21,CABLE ASSEMBLY,DIBBS|SPE4A626T14UH|6150-01-577-1901,C10,Harnesses / Cable Assemblies / Box Builds,CABLE ASSEMBLY,CABLE ASSEMBLY,False,adjacent,,"DIBBS RFQ Text Search result, AMSC field, retrieved 20260930T163827Z",past deadline
SPE4A626T20RA,5995-01-684-0876,SPE4A626T20RA,08-20-2026,08-27-2026,2026-08-21 02:41:27,Origin,Origin,Tech,7017940804,https://dibbs2.bsm.dla.mil/Downloads/RFQ/A/SPE4A626T20RA.PDF,https://www.dibbs.bsm.dla.mil/RFQ/RFQRec.aspx?sn=SPE4A626T20RA,https://www.dibbs.bsm.dla.mil/rfq/rfqrec.aspx?sn=SPE4A626T20RA,CABLE ASSEMBLY,12,20260930T163827Z,5995-01-684-0876,"CABLE ASSEMBLY,SPEC",G,335931,2.0,,,2026-08-20,2026-08-27,CABLE ASSEMBLY,DIBBS|SPE4A626T20RA|5995-01-684-0876,C10,Harnesses / Cable Assemblies / Box Builds,CABLE ASSEMBLY,CABLE ASSEMBLY,False,adjacent,,"DIBBS RFQ Text Search result, AMSC field, retrieved 20260930T163827Z",past deadline
SPE4A626T20QA,6150-01-662-7181,SPE4A626T20QA,08-20-2026,08-27-2026,2026-08-21 02:41:27,Origin,Origin,Tech,7017938887,https://dibbs2.bsm.dla.mil/Downloads/RFQ/A/SPE4A626T20QA.PDF,https://www.dibbs.bsm.dla.mil/RFQ/RFQRec.aspx?sn=SPE4A626T20QA,https://www.dibbs.bsm.dla.mil/rfq/rfqrec.aspx?sn=SPE4A626T20QA,CABLE ASSEMBLY,12,20260930T163827Z,6150-01-662-7181,"CABLE ASSEMBLY,SPEC",G,335311,13.0,,,2026-08-20,2026-08-27,CABLE ASSEMBLY,DIBBS|SPE4A626T20QA|6150-01-662-7181,C10,Harnesses / Cable Assemblies / Box Builds,CABLE ASSEMBLY,CABLE ASSEMBLY,False,adjacent,,"DIBBS RFQ Text Search result, AMSC field, retrieved 20260930T163827Z",past deadline
SPE4A626T13TS,5995-01-689-9669,SPE4A626T13TS,08-06-2026,08-13-2026,2026-08-21 02:41:27,Origin,Origin,Tech,7017570079,https://dibbs2.bsm.dla.mil/Downloads/RFQ/S/SPE4A626T13TS.PDF,https://www.dibbs.bsm.dla.mil/RFQ/RFQRec.aspx?sn=SPE4A626T13TS,https://www.dibbs.bsm.dla.mil/rfq/rfqrec.aspx?sn=SPE4A626T13TS,CABLE ASSEMBLY,12,20260930T163827Z,5995-01-689-9669,"CABLE ASSEMBLY,SPEC",G,335931,1.0,,,2026-08-06,2026-08-13,CABLE ASSEMBLY,DIBBS|SPE4A626T13TS|5995-01-689-9669,C10,Harnesses / Cable Assemblies / Box Builds,CABLE ASSEMBLY,CABLE ASSEMBLY,False,adjacent,,"DIBBS RFQ Text Search result, AMSC field, retrieved 20260930T163827Z",past deadline
SPE4A626T13MB,5995-01-206-7876,SPE4A626T13MB,08-06-2026,08-13-2026,2026-08-21 02:41:27,Origin,Origin,Tech,7017109009,https://dibbs2.bsm.dla.mil/Downloads/RFQ/B/SPE4A626T13MB.PDF,https://www.dibbs.bsm.dla.mil/RFQ/RFQRec.aspx?sn=SPE4A626T13MB,https://www.dibbs.bsm.dla.mil/rfq/rfqrec.aspx?sn=SPE4A626T13MB,CABLE ASSEMBLY,12,20260930T163827Z,5995-01-206-7876,"CABLE ASSEMBLY,RADI",G,334419,4.0,,,2026-08-06,2026-08-13,CABLE ASSEMBLY,DIBBS|SPE4A626T13MB|5995-01-206-7876,C10,Harnesses / Cable Assemblies / Box Builds,CABLE ASSEMBLY,CABLE ASSEMBLY,False,adjacent,,"DIBBS RFQ Text Search result, AMSC field, retrieved 20260930T163827Z",past deadline
SPE4A626T12SK,6150-01-631-6134,SPE4A626T12SK,08-06-2026,08-13-2026,2026-08-21 02:41:27,Origin,Origin,Tech,7017739740,https://dibbs2.bsm.dla.mil/Downloads/RFQ/K/SPE4A626T12SK.PDF,https://www.dibbs.bsm.dla.mil/RFQ/RFQRec.aspx?sn=SPE4A626T12SK,https://www.dibbs.bsm.dla.mil/rfq/rfqrec.aspx?sn=SPE4A626T12SK,CABLE ASSEMBLY,12,20260930T163827Z,6150-01-631-6134,"CABLE ASSEMBLY,SPEC",G,335311,49.0,,,2026-08-06,2026-08-13,CABLE ASSEMBLY,DIBBS|SPE4A626T12SK|6150-01-631-6134,C10,Harnesses / Cable Assemblies / Box Builds,CABLE ASSEMBLY,CABLE ASSEMBLY,False,adjacent,,"DIBBS RFQ Text Search result, AMSC field, retrieved 20260930T163827Z",past deadline
SPE4A626T19TL,6150-01-593-8490,SPE4A626T19TL,08-19-2026,08-26-2026,2026-08-21 02:41:27,Origin,Origin,Tech,7017939373,https://dibbs2.bsm.dla.mil/Downloads/RFQ/L/SPE4A626T19TL.PDF,https://www.dibbs.bsm.dla.mil/RFQ/RFQRec.aspx?sn=SPE4A626T19TL,https://www.dibbs.bsm.dla.mil/rfq/rfqrec.aspx?sn=SPE4A626T19TL,CABLE ASSEMBLY,12,20260930T163827Z,6150-01-593-8490,"CABLE ASSEMBLY,POWER,E",G,334419,2.0,,,2026-08-19,2026-08-26,CABLE ASSEMBLY,DIBBS|SPE4A626T19TL|6150-01-593-8490,C10,Harnesses / Cable Assemblies / Box Builds,CABLE ASSEMBLY,CABLE ASSEMBLY,False,adjacent,,"DIBBS RFQ Text Search result, AMSC field, retrieved 20260930T163827Z",past deadline
SPE4A726T9206,6150-01-281-6793,SPE4A726T9206,02-13-2026,02-20-2026,2026-08-21 02:41:27,Origin,Origin,Tech,7010532503,https://dibbs2.bsm.dla.mil/Downloads/RFQ/6/SPE4A726T9206.PDF,https://www.dibbs.bsm.dla.mil/RFQ/RFQRec.aspx?sn=SPE4A726T9206,https://www.dibbs.bsm.dla.mil/rfq/rfqrec.aspx?sn=SPE4A726T9206,CABLE ASSEMBLY,12,20260930T163827Z,6150-01-281-6793,"CABLE ASSEMBLY,PRIN",G,334419,4.0,,,2026-02-13,2026-02-20,CABLE ASSEMBLY,DIBBS|SPE4A726T9206|6150-01-281-6793,C10,Harnesses / Cable Assemblies / Box Builds,CABLE ASSEMBLY,CABLE ASSEMBLY,False,adjacent,,"DIBBS RFQ Text Search result, AMSC field, retrieved 20260930T163827Z",past deadline
SPE4A626T11CU,5995-01-705-9417,SPE4A626T11CU,08-03-2026,08-10-2026,2026-08-21 02:41:27,Origin,Origin,Tech,7017695609,https://dibbs2.bsm.dla.mil/Downloads/RFQ/U/SPE4A626T11CU.PDF,https://www.dibbs.bsm.dla.mil/RFQ/RFQRec.aspx?sn=SPE4A626T11CU,https://www.dibbs.bsm.dla.mil/rfq/rfqrec.aspx?sn=SPE4A626T11CU,CABLE ASSEMBLY,12,20260930T163827Z,5995-01-705-9417,"CABLE ASSEMBLY,RADI",G,335931,5.0,,,2026-08-03,2026-08-10,CABLE ASSEMBLY,DIBBS|SPE4A626T11CU|5995-01-705-9417,C10,Harnesses / Cable Assemblies / Box Builds,CABLE ASSEMBLY,CABLE ASSEMBLY,False,adjacent,,"DIBBS RFQ Text Search result, AMSC field, retrieved 20260930T163827Z",past deadline
SPE4A626T10HZ,5995-01-198-1884,SPE4A626T10HZ,07-30-2026,08-11-2026,2026-08-21 02:41:27,Origin,Origin,Tech,7017677428,https://dibbs2.bsm.dla.mil/Downloads/RFQ/Z/SPE4A626T10HZ.PDF,https://www.dibbs.bsm.dla.mil/RFQ/RFQRec.aspx?sn=SPE4A626T10HZ,https://www.dibbs.bsm.dla.mil/rfq/rfqrec.aspx?sn=SPE4A626T10HZ,CABLE ASSEMBLY,12,20260930T163827Z,5995-01-198-1884,"CABLE ASSEMBLY,RADI",G,334419,21.0,,,2026-07-30,2026-08-11,CABLE ASSEMBLY,DIBBS|SPE4A626T10HZ|5995-01-198-1884,C10,Harnesses / Cable Assemblies / Box Builds,CABLE ASSEMBLY,CABLE ASSEMBLY,False,adjacent,,"DIBBS RFQ Text Search result, AMSC field, retrieved 20260930T163827Z",past deadline
SPE4A626T06QF,5995-01-537-3779,SPE4A626T06QF,07-15-2026,07-22-2026,2026-08-21 02:41:27,Origin,Origin,Tech,7017486638,https://dibbs2.bsm.dla.mil/Downloads/RFQ/F/SPE4A626T06QF.PDF,https://www.dibbs.bsm.dla.mil/RFQ/RFQRec.aspx?sn=SPE4A626T06QF,https://www.dibbs.bsm.dla.mil/rfq/rfqrec.aspx?sn=SPE4A626T06QF,CABLE ASSEMBLY,12,20260930T163827Z,5995-01-537-3779,"CABLE ASSEMBLY,SPECIAL",G,335931,20.0,,,2026-07-15,2026-07-22,CABLE ASSEMBLY,DIBBS|SPE4A626T06QF|5995-01-537-3779,C10,Harnesses / Cable Assemblies / Box Builds,CABLE ASSEMBLY,CABLE ASSEMBLY,False,adjacent,,"DIBBS RFQ Text Search result, AMSC field, retrieved 20260930T163827Z",past deadline
SPE4A726T228D,5995-01-676-3014,SPE4A726T228D,04-10-2026,04-17-2026,2026-08-21 02:41:27,Origin,Origin,Tech,7016226812,https://dibbs2.bsm.dla.mil/Downloads/RFQ/D/SPE4A726T228D.PDF,https://www.dibbs.bsm.dla.mil/RFQ/RFQRec.aspx?sn=SPE4A726T228D,https://www.dibbs.bsm.dla.mil/rfq/rfqrec.aspx?sn=SPE4A726T228D,CABLE ASSEMBLY,12,20260930T163827Z,5995-01-676-3014,"CABLE ASSEMBLY,SPEC",G,335931,1.0,,,2026-04-10,2026-04-17,CABLE ASSEMBLY,DIBBS|SPE4A726T228D|5995-01-676-3014,C10,Harnesses / Cable Assemblies / Box Builds,CABLE ASSEMBLY,CABLE ASSEMBLY,False,adjacent,,"DIBBS RFQ Text Search result, AMSC field, retrieved 20260930T163827Z",past deadline
SPE4A726T165K,5995-01-232-5745,SPE4A726T165K,03-27-2026,04-03-2026,2026-08-21 02:41:27,Origin,Origin,Tech,7016080342,https://dibbs2.bsm.dla.mil/Downloads/RFQ/K/SPE4A726T165K.PDF,https://www.dibbs.bsm.dla.mil/RFQ/RFQRec.aspx?sn=SPE4A726T165K,https://www.dibbs.bsm.dla.mil/rfq/rfqrec.aspx?sn=SPE4A726T165K,CABLE ASSEMBLY,12,20260930T163827Z,5995-01-232-5745,"CABLE ASSEMBLY,RADI",G,334419,4.0,,,2026-03-27,2026-04-03,CABLE ASSEMBLY,DIBBS|SPE4A726T165K|5995-01-232-5745,C10,Harnesses / Cable Assemblies / Box Builds,CABLE ASSEMBLY,CABLE ASSEMBLY,False,adjacent,,"DIBBS RFQ Text Search result, AMSC field, retrieved 20260930T163827Z",past deadline
SPE4A726T098J,6150-01-430-9186,SPE4A726T098J,03-17-2026,03-24-2026,2026-08-21 02:41:27,Origin,Origin,Tech,7015913079,https://dibbs2.bsm.dla.mil/Downloads/RFQ/J/SPE4A726T098J.PDF,https://www.dibbs.bsm.dla.mil/RFQ/RFQRec.aspx?sn=SPE4A726T098J,https://www.dibbs.bsm.dla.mil/rfq/rfqrec.aspx?sn=SPE4A726T098J,CABLE ASSEMBLY,12,20260930T163827Z,6150-01-430-9186,"CABLE ASSEMBLY,SPEC",G,334419,37.0,,,2026-03-17,2026-03-24,CABLE ASSEMBLY,DIBBS|SPE4A726T098J|6150-01-430-9186,C10,Harnesses / Cable Assemblies / Box Builds,CABLE ASSEMBLY,CABLE ASSEMBLY,False,adjacent,,"DIBBS RFQ Text Search result, AMSC field, retrieved 20260930T163827Z",past deadline
SPE4A726T087Y,5995-01-727-5128,SPE4A726T087Y,03-13-2026,03-20-2026,2026-08-21 02:41:27,Origin,Destination,Tech,7015904312,https://dibbs2.bsm.dla.mil/Downloads/RFQ/Y/SPE4A726T087Y.PDF,https://www.dibbs.bsm.dla.mil/RFQ/RFQRec.aspx?sn=SPE4A726T087Y,https://www.dibbs.bsm.dla.mil/rfq/rfqrec.aspx?sn=SPE4A726T087Y,CABLE ASSEMBLY,12,20260930T163827Z,5995-01-727-5128,"CABLE ASSEMBLY,SPEC",G,335931,6.0,,,2026-03-13,2026-03-20,CABLE ASSEMBLY,DIBBS|SPE4A726T087Y|5995-01-727-5128,C10,Harnesses / Cable Assemblies / Box Builds,CABLE ASSEMBLY,CABLE ASSEMBLY,False,adjacent,,"DIBBS RFQ Text Search result, AMSC field, retrieved 20260930T163827Z",past deadline
SPE4A726T021Z,5995-01-406-8999,SPE4A726T021Z,02-26-2026,03-05-2026,2026-08-21 02:41:27,Origin,Origin,Tech,7015689393,https://dibbs2.bsm.dla.mil/Downloads/RFQ/Z/SPE4A726T021Z.PDF,https://www.dibbs.bsm.dla.mil/RFQ/RFQRec.aspx?sn=SPE4A726T021Z,https://www.dibbs.bsm.dla.mil/rfq/rfqrec.aspx?sn=SPE4A726T021Z,CABLE ASSEMBLY,12,20260930T163827Z,5995-01-406-8999,"CABLE ASSEMBLY,SPEC",G,334419,3.0,,,2026-02-26,2026-03-05,CABLE ASSEMBLY,DIBBS|SPE4A726T021Z|5995-01-406-8999,C10,Harnesses / Cable Assemblies / Box Builds,CABLE ASSEMBLY,CABLE ASSEMBLY,False,adjacent,,"DIBBS RFQ Text Search result, AMSC field, retrieved 20260930T163827Z",past deadline
SPE4A626U2581,5995-01-727-5128,SPE4A626U2581,04-09-2026,04-23-2026,2026-08-21 02:41:27,Origin,Destination,Tech,1000229484,https://dibbs2.bsm.dla.mil/Downloads/RFQ/1/SPE4A626U2581.PDF,https://www.dibbs.bsm.dla.mil/RFQ/RFQRec.aspx?sn=SPE4A626U2581,https://www.dibbs.bsm.dla.mil/rfq/rfqrec.aspx?sn=SPE4A626U2581,CABLE ASSEMBLY,12,20260930T163827Z,5995-01-727-5128,"CABLE ASSEMBLY,SPEC",G,335931,4.0,,,2026-04-09,2026-04-23,CABLE ASSEMBLY,DIBBS|SPE4A626U2581|5995-01-727-5128,C10,Harnesses / Cable Assemblies / Box Builds,CABLE ASSEMBLY,CABLE ASSEMBLY,False,adjacent,,"DIBBS RFQ Text Search result, AMSC field, retrieved 20260930T163827Z",past deadline
SPE4A626T98G7,6150-01-473-1579,SPE4A626T98G7,06-22-2026,06-29-2026,2026-08-21 02:41:27,Origin,Origin,None,7016644692,https://dibbs2.bsm.dla.mil/Downloads/RFQ/7/SPE4A626T98G7.PDF,https://www.dibbs.bsm.dla.mil/RFQ/RFQRec.aspx?sn=SPE4A626T98G7,https://www.dibbs.bsm.dla.mil/rfq/rfqrec.aspx?sn=SPE4A626T98G7,CABLE ASSEMBLY,13,20260930T163844Z,6150-01-473-1579,"CABLE ASSEMBLY,POWER,E",G,334419,6.0,,,2026-06-22,2026-06-29,CABLE ASSEMBLY,DIBBS|SPE4A626T98G7|6150-01-473-1579,C10,Harnesses / Cable Assemblies / Box Builds,CABLE ASSEMBLY,CABLE ASSEMBLY,False,adjacent,,"DIBBS RFQ Text Search result, AMSC field, retrieved 20260930T163844Z",past deadline
SPE4A626T97Z6,1420-01-714-8959,SPE4A626T97Z6,06-18-2026,06-25-2026,2026-08-21 02:41:27,Origin,Origin,Tech,7017226601,https://dibbs2.bsm.dla.mil/Downloads/RFQ/6/SPE4A626T97Z6.PDF,https://www.dibbs.bsm.dla.mil/RFQ/RFQRec.aspx?sn=SPE4A626T97Z6,https://www.dibbs.bsm.dla.mil/rfq/rfqrec.aspx?sn=SPE4A626T97Z6,CABLE ASSEMBLY,13,20260930T163844Z,1420-01-714-8959,"CABLE ASSEMBLY,SPEC",G,336419,6.0,,,2026-06-18,2026-06-25,CABLE ASSEMBLY,DIBBS|SPE4A626T97Z6|1420-01-714-8959,C10,Harnesses / Cable Assemblies / Box Builds,CABLE ASSEMBLY,CABLE ASSEMBLY,False,adjacent,,"DIBBS RFQ Text Search result, AMSC field, retrieved 20260930T163844Z",past deadline
SPE4A626T94S4,5995-01-663-7006,SPE4A626T94S4,06-17-2026,06-24-2026,2026-08-21 02:41:27,Origin,Origin,Tech,7017200913,https://dibbs2.bsm.dla.mil/Downloads/RFQ/4/SPE4A626T94S4.PDF,https://www.dibbs.bsm.dla.mil/RFQ/RFQRec.aspx?sn=SPE4A626T94S4,https://www.dibbs.bsm.dla.mil/rfq/rfqrec.aspx?sn=SPE4A626T94S4,CABLE ASSEMBLY,13,20260930T163844Z,5995-01-663-7006,"CABLE ASSEMBLY,SPEC",G,335931,9.0,,,2026-06-17,2026-06-24,CABLE ASSEMBLY,DIBBS|SPE4A626T94S4|5995-01-663-7006,C10,Harnesses / Cable Assemblies / Box Builds,CABLE ASSEMBLY,CABLE ASSEMBLY,False,adjacent,,"DIBBS RFQ Text Search result, AMSC field, retrieved 20260930T163844Z",past deadline
SPE4A626T84R0,6150-01-472-4491,SPE4A626T84R0,06-10-2026,06-17-2026,2026-08-21 02:41:27,Origin,Origin,Tech,7017108830,https://dibbs2.bsm.dla.mil/Downloads/RFQ/0/SPE4A626T84R0.PDF,https://www.dibbs.bsm.dla.mil/RFQ/RFQRec.aspx?sn=SPE4A626T84R0,https://www.dibbs.bsm.dla.mil/rfq/rfqrec.aspx?sn=SPE4A626T84R0,CABLE ASSEMBLY,13,20260930T163844Z,6150-01-472-4491,"CABLE ASSEMBLY,POWER,E",G,334419,159.0,,,2026-06-10,2026-06-17,CABLE ASSEMBLY,DIBBS|SPE4A626T84R0|6150-01-472-4491,C10,Harnesses / Cable Assemblies / Box Builds,CABLE ASSEMBLY,CABLE ASSEMBLY,False,adjacent,,"DIBBS RFQ Text Search result, AMSC field, retrieved 20260930T163844Z",past deadline
SPE4A126T1925,6150-01-671-3748,SPE4A126T1925,04-22-2026,04-29-2026,2026-08-21 02:41:27,Origin,Origin,Tech,0084603376,https://dibbs2.bsm.dla.mil/Downloads/RFQ/5/SPE4A126T1925.PDF,https://www.dibbs.bsm.dla.mil/RFQ/RFQRec.aspx?sn=SPE4A126T1925,https://www.dibbs.bsm.dla.mil/rfq/rfqrec.aspx?sn=SPE4A126T1925,CABLE ASSEMBLY,13,20260930T163844Z,6150-01-671-3748,"CABLE ASSEMBLY,SPEC",G,335311,1.0,,,2026-04-22,2026-04-29,CABLE ASSEMBLY,DIBBS|SPE4A126T1925|6150-01-671-3748,C10,Harnesses / Cable Assemblies / Box Builds,CABLE ASSEMBLY,CABLE ASSEMBLY,False,adjacent,,"DIBBS RFQ Text Search result, AMSC field, retrieved 20260930T163844Z",past deadline
SPE4A626T746U,6150-01-538-2881,SPE4A626T746U,02-20-2026,02-27-2026,2026-08-21 02:41:27,Origin,Origin,Tech,7015601619,https://dibbs2.bsm.dla.mil/Downloads/RFQ/U/SPE4A626T746U.PDF,https://www.dibbs.bsm.dla.mil/RFQ/RFQRec.aspx?sn=SPE4A626T746U,https://www.dibbs.bsm.dla.mil/rfq/rfqrec.aspx?sn=SPE4A626T746U,CABLE ASSEMBLY,13,20260930T163844Z,6150-01-538-2881,"CABLE ASSEMBLY,SPEC",G,334419,8.0,,,2026-02-20,2026-02-27,CABLE ASSEMBLY,DIBBS|SPE4A626T746U|6150-01-538-2881,C10,Harnesses / Cable Assemblies / Box Builds,CABLE ASSEMBLY,CABLE ASSEMBLY,False,adjacent,,"DIBBS RFQ Text Search result, AMSC field, retrieved 20260930T163844Z",past deadline
SPE4A026T2701,6150-01-371-0274,SPE4A026T2701,04-21-2026,05-13-2026,2026-08-21 02:41:27,Origin,Destination,Tech,7016368624,https://dibbs2.bsm.dla.mil/Downloads/RFQ/1/SPE4A026T2701.PDF,https://www.dibbs.bsm.dla.mil/RFQ/RFQRec.aspx?sn=SPE4A026T2701,https://www.dibbs.bsm.dla.mil/rfq/rfqrec.aspx?sn=SPE4A026T2701,CABLE ASSEMBLY,13,20260930T163844Z,6150-01-371-0274,"CABLE ASSEMBLY,SPEC",G,335311,1.0,,,2026-04-21,2026-05-13,CABLE ASSEMBLY,DIBBS|SPE4A026T2701|6150-01-371-0274,C10,Harnesses / Cable Assemblies / Box Builds,CABLE ASSEMBLY,CABLE ASSEMBLY,False,adjacent,,"DIBBS RFQ Text Search result, AMSC field, retrieved 20260930T163844Z",past deadline
SPE4A626T58R3,6150-01-249-7717,SPE4A626T58R3,05-15-2026,05-22-2026,2026-08-21 02:41:27,Origin,Origin,Tech,7016752730,https://dibbs2.bsm.dla.mil/Downloads/RFQ/3/SPE4A626T58R3.PDF,https://www.dibbs.bsm.dla.mil/RFQ/RFQRec.aspx?sn=SPE4A626T58R3,https://www.dibbs.bsm.dla.mil/rfq/rfqrec.aspx?sn=SPE4A626T58R3,CABLE ASSEMBLY,13,20260930T163844Z,6150-01-249-7717,"CABLE ASSEMBLY,POWE",G,334419,4.0,,,2026-05-15,2026-05-22,CABLE ASSEMBLY,DIBBS|SPE4A626T58R3|6150-01-249-7717,C10,Harnesses / Cable Assemblies / Box Builds,CABLE ASSEMBLY,CABLE ASSEMBLY,False,adjacent,,"DIBBS RFQ Text Search result, AMSC field, retrieved 20260930T163844Z",past deadline
SPE4A626T54L2,6150-01-128-5593,SPE4A626T54L2,05-13-2026,05-27-2026,2026-08-21 02:41:27,Origin,Destination,Tech,7016049552,https://dibbs2.bsm.dla.mil/Downloads/RFQ/2/SPE4A626T54L2.PDF,https://www.dibbs.bsm.dla.mil/RFQ/RFQRec.aspx?sn=SPE4A626T54L2,https://www.dibbs.bsm.dla.mil/rfq/rfqrec.aspx?sn=SPE4A626T54L2,CABLE ASSEMBLY,13,20260930T163844Z,6150-01-128-5593,"CABLE ASSEMBLY,SPEC",G,334419,41.0,,,2026-05-13,2026-05-27,CABLE ASSEMBLY,DIBBS|SPE4A626T54L2|6150-01-128-5593,C10,Harnesses / Cable Assemblies / Box Builds,CABLE ASSEMBLY,CABLE ASSEMBLY,False,adjacent,,"DIBBS RFQ Text Search result, AMSC field, retrieved 20260930T163844Z",past deadline
SPE4A626T52D8,6150-01-412-6437,SPE4A626T52D8,05-13-2026,05-20-2026,2026-08-21 02:41:27,Origin,Destination,Tech,7016753867,https://dibbs2.bsm.dla.mil/Downloads/RFQ/8/SPE4A626T52D8.PDF,https://www.dibbs.bsm.dla.mil/RFQ/RFQRec.aspx?sn=SPE4A626T52D8,https://www.dibbs.bsm.dla.mil/rfq/rfqrec.aspx?sn=SPE4A626T52D8,CABLE ASSEMBLY,13,20260930T163844Z,6150-01-412-6437,"CABLE ASSEMBLY,SPEC",G,334419,16.0,,,2026-05-13,2026-05-20,CABLE ASSEMBLY,DIBBS|SPE4A626T52D8|6150-01-412-6437,C10,Harnesses / Cable Assemblies / Box Builds,CABLE ASSEMBLY,CABLE ASSEMBLY,False,adjacent,,"DIBBS RFQ Text Search result, AMSC field, retrieved 20260930T163844Z",past deadline
SPE4A626T42V0,6150-01-091-6984,SPE4A626T42V0,05-06-2026,05-13-2026,2026-08-21 02:41:27,Origin,Origin,Tech,7016645344,https://dibbs2.bsm.dla.mil/Downloads/RFQ/0/SPE4A626T42V0.PDF,https://www.dibbs.bsm.dla.mil/RFQ/RFQRec.aspx?sn=SPE4A626T42V0,https://www.dibbs.bsm.dla.mil/rfq/rfqrec.aspx?sn=SPE4A626T42V0,CABLE ASSEMBLY,13,20260930T163844Z,6150-01-091-6984,"CABLE ASSEMBLY,SPEC",G,334419,5.0,,,2026-05-06,2026-05-13,CABLE ASSEMBLY,DIBBS|SPE4A626T42V0|6150-01-091-6984,C10,Harnesses / Cable Assemblies / Box Builds,CABLE ASSEMBLY,CABLE ASSEMBLY,False,adjacent,,"DIBBS RFQ Text Search result, AMSC field, retrieved 20260930T163844Z",past deadline
SPE4A626T40V4,5995-01-242-0077,SPE4A626T40V4,05-04-2026,05-11-2026,2026-08-21 02:41:27,Origin,Origin,Tech,7013345300,https://dibbs2.bsm.dla.mil/Downloads/RFQ/4/SPE4A626T40V4.PDF,https://www.dibbs.bsm.dla.mil/RFQ/RFQRec.aspx?sn=SPE4A626T40V4,https://www.dibbs.bsm.dla.mil/rfq/rfqrec.aspx?sn=SPE4A626T40V4,CABLE ASSEMBLY,13,20260930T163844Z,5995-01-242-0077,"CABLE ASSEMBLY,SPEC",G,334419,1.0,,,2026-05-04,2026-05-11,CABLE ASSEMBLY,DIBBS|SPE4A626T40V4|5995-01-242-0077,C10,Harnesses / Cable Assemblies / Box Builds,CABLE ASSEMBLY,CABLE ASSEMBLY,False,adjacent,,"DIBBS RFQ Text Search result, AMSC field, retrieved 20260930T163844Z",past deadline
SPE4A626T20EA,6150-01-624-0272,SPE4A626T20EA,08-19-2026,08-26-2026,2026-08-21 02:41:27,Origin,Origin,Tech,7017838181,https://dibbs2.bsm.dla.mil/Downloads/RFQ/A/SPE4A626T20EA.PDF,https://www.dibbs.bsm.dla.mil/RFQ/RFQRec.aspx?sn=SPE4A626T20EA,https://www.dibbs.bsm.dla.mil/rfq/rfqrec.aspx?sn=SPE4A626T20EA,CABLE ASSEMBLY,13,20260930T163844Z,6150-01-624-0272,"CABLE ASSEMBLY,SPECIAL",G,335311,7.0,,,2026-08-19,2026-08-26,CABLE ASSEMBLY,DIBBS|SPE4A626T20EA|6150-01-624-0272,C10,Harnesses / Cable Assemblies / Box Builds,CABLE ASSEMBLY,CABLE ASSEMBLY,False,adjacent,,"DIBBS RFQ Text Search result, AMSC field, retrieved 20260930T163844Z",past deadline
SPE4A626T19BM,5995-01-680-4464,SPE4A626T19BM,08-18-2026,08-25-2026,2026-08-21 02:41:27,Origin,Origin,Tech,7017696659,https://dibbs2.bsm.dla.mil/Downloads/RFQ/M/SPE4A626T19BM.PDF,https://www.dibbs.bsm.dla.mil/RFQ/RFQRec.aspx?sn=SPE4A626T19BM,https://www.dibbs.bsm.dla.mil/rfq/rfqrec.aspx?sn=SPE4A626T19BM,CABLE ASSEMBLY,13,20260930T163844Z,5995-01-680-4464,"CABLE ASSEMBLY,SPEC",G,335931,3.0,,,2026-08-18,2026-08-25,CABLE ASSEMBLY,DIBBS|SPE4A626T19BM|5995-01-680-4464,C10,Harnesses / Cable Assemblies / Box Builds,CABLE ASSEMBLY,CABLE ASSEMBLY,False,adjacent,,"DIBBS RFQ Text Search result, AMSC field, retrieved 20260930T163844Z",past deadline
SPE4A626T18CH,6150-01-344-0325,SPE4A626T18CH,08-17-2026,08-24-2026,2026-08-21 02:41:27,Origin,Origin,Tech,7017915638,https://dibbs2.bsm.dla.mil/Downloads/RFQ/H/SPE4A626T18CH.PDF,https://www.dibbs.bsm.dla.mil/RFQ/RFQRec.aspx?sn=SPE4A626T18CH,https://www.dibbs.bsm.dla.mil/rfq/rfqrec.aspx?sn=SPE4A626T18CH,CABLE ASSEMBLY,13,20260930T163844Z,6150-01-344-0325,"CABLE ASSEMBLY,SPEC",G,334419,45.0,,,2026-08-17,2026-08-24,CABLE ASSEMBLY,DIBBS|SPE4A626T18CH|6150-01-344-0325,C10,Harnesses / Cable Assemblies / Box Builds,CABLE ASSEMBLY,CABLE ASSEMBLY,False,adjacent,,"DIBBS RFQ Text Search result, AMSC field, retrieved 20260930T163844Z",past deadline
SPE4A626T19VU,6150-01-676-0777,SPE4A626T19VU,08-19-2026,08-26-2026,2026-08-21 02:41:27,Origin,Origin,Tech,7017940715,https://dibbs2.bsm.dla.mil/Downloads/RFQ/U/SPE4A626T19VU.PDF,https://www.dibbs.bsm.dla.mil/RFQ/RFQRec.aspx?sn=SPE4A626T19VU,https://www.dibbs.bsm.dla.mil/rfq/rfqrec.aspx?sn=SPE4A626T19VU,CABLE ASSEMBLY,14,20260930T163901Z,6150-01-676-0777,"CABLE ASSEMBLY,POWER,E",G,335311,1.0,,,2026-08-19,2026-08-26,CABLE ASSEMBLY,DIBBS|SPE4A626T19VU|6150-01-676-0777,C10,Harnesses / Cable Assemblies / Box Builds,CABLE ASSEMBLY,CABLE ASSEMBLY,False,adjacent,,"DIBBS RFQ Text Search result, AMSC field, retrieved 20260930T163901Z",past deadline
SPE4A626T11AR,6150-01-713-4440,SPE4A626T11AR,07-31-2026,08-07-2026,2026-08-21 02:41:27,Origin,Destination,Tech,7017695839,https://dibbs2.bsm.dla.mil/Downloads/RFQ/R/SPE4A626T11AR.PDF,https://www.dibbs.bsm.dla.mil/RFQ/RFQRec.aspx?sn=SPE4A626T11AR,https://www.dibbs.bsm.dla.mil/rfq/rfqrec.aspx?sn=SPE4A626T11AR,CABLE ASSEMBLY,14,20260930T163901Z,6150-01-713-4440,"CABLE ASSEMBLY,SPEC",G,335311,1.0,,,2026-07-31,2026-08-07,CABLE ASSEMBLY,DIBBS|SPE4A626T11AR|6150-01-713-4440,C10,Harnesses / Cable Assemblies / Box Builds,CABLE ASSEMBLY,CABLE ASSEMBLY,False,adjacent,,"DIBBS RFQ Text Search result, AMSC field, retrieved 20260930T163901Z",past deadline
SPE4A626T10BX,6150-01-106-8668,SPE4A626T10BX,07-29-2026,08-05-2026,2026-08-21 02:41:27,Origin,Origin,Tech,7014545850,https://dibbs2.bsm.dla.mil/Downloads/RFQ/X/SPE4A626T10BX.PDF,https://www.dibbs.bsm.dla.mil/RFQ/RFQRec.aspx?sn=SPE4A626T10BX,https://www.dibbs.bsm.dla.mil/rfq/rfqrec.aspx?sn=SPE4A626T10BX,CABLE ASSEMBLY,14,20260930T163901Z,6150-01-106-8668,"CABLE ASSEMBLY,SPEC",G,334419,275.0,,,2026-07-29,2026-08-05,CABLE ASSEMBLY,DIBBS|SPE4A626T10BX|6150-01-106-8668,C10,Harnesses / Cable Assemblies / Box Builds,CABLE ASSEMBLY,CABLE ASSEMBLY,False,adjacent,,"DIBBS RFQ Text Search result, AMSC field, retrieved 20260930T163901Z",past deadline
SPE4A426T0111,6150-01-543-3021,SPE4A426T0111,05-18-2026,05-29-2026,2026-08-21 02:41:27,Origin,Destination,Tech,7016752729,https://dibbs2.bsm.dla.mil/Downloads/RFQ/1/SPE4A426T0111.PDF,https://www.dibbs.bsm.dla.mil/RFQ/RFQRec.aspx?sn=SPE4A426T0111,https://www.dibbs.bsm.dla.mil/rfq/rfqrec.aspx?sn=SPE4A426T0111,CABLE ASSEMBLY,14,20260930T163901Z,6150-01-543-3021,"CABLE ASSEMBLY,SPECIAL",G,334419,12.0,,,2026-05-18,2026-05-29,CABLE ASSEMBLY,DIBBS|SPE4A426T0111|6150-01-543-3021,C10,Harnesses / Cable Assemblies / Box Builds,CABLE ASSEMBLY,CABLE ASSEMBLY,False,adjacent,,"DIBBS RFQ Text Search result, AMSC field, retrieved 20260930T163901Z",past deadline
SPE4A626T06YT,5995-01-615-4057,SPE4A626T06YT,07-17-2026,07-24-2026,2026-08-21 02:41:27,Destination,Origin,Tech,7017476883,https://dibbs2.bsm.dla.mil/Downloads/RFQ/T/SPE4A626T06YT.PDF,https://www.dibbs.bsm.dla.mil/RFQ/RFQRec.aspx?sn=SPE4A626T06YT,https://www.dibbs.bsm.dla.mil/rfq/rfqrec.aspx?sn=SPE4A626T06YT,CABLE ASSEMBLY,14,20260930T163901Z,5995-01-615-4057,"CABLE ASSEMBLY,SPEC",G,334419,1.0,,,2026-07-17,2026-07-24,CABLE ASSEMBLY,DIBBS|SPE4A626T06YT|5995-01-615-4057,C10,Harnesses / Cable Assemblies / Box Builds,CABLE ASSEMBLY,CABLE ASSEMBLY,False,adjacent,,"DIBBS RFQ Text Search result, AMSC field, retrieved 20260930T163901Z",past deadline
SPE4A626T04RM,6150-01-252-7272,SPE4A626T04RM,07-09-2026,07-16-2026,2026-08-21 02:41:27,Origin,Origin,Tech,7017410066,https://dibbs2.bsm.dla.mil/Downloads/RFQ/M/SPE4A626T04RM.PDF,https://www.dibbs.bsm.dla.mil/RFQ/RFQRec.aspx?sn=SPE4A626T04RM,https://www.dibbs.bsm.dla.mil/rfq/rfqrec.aspx?sn=SPE4A626T04RM,CABLE ASSEMBLY,14,20260930T163901Z,6150-01-252-7272,"CABLE ASSEMBLY,POWER,E",G,334419,8.0,,,2026-07-09,2026-07-16,CABLE ASSEMBLY,DIBBS|SPE4A626T04RM|6150-01-252-7272,C10,Harnesses / Cable Assemblies / Box Builds,CABLE ASSEMBLY,CABLE ASSEMBLY,False,adjacent,,"DIBBS RFQ Text Search result, AMSC field, retrieved 20260930T163901Z",past deadline
SPE4A626T04RG,6150-01-390-7058,SPE4A626T04RG,07-09-2026,07-16-2026,2026-08-21 02:41:27,Origin,Origin,Tech,7017408990,https://dibbs2.bsm.dla.mil/Downloads/RFQ/G/SPE4A626T04RG.PDF,https://www.dibbs.bsm.dla.mil/RFQ/RFQRec.aspx?sn=SPE4A626T04RG,https://www.dibbs.bsm.dla.mil/rfq/rfqrec.aspx?sn=SPE4A626T04RG,CABLE ASSEMBLY,14,20260930T163901Z,6150-01-390-7058,"CABLE ASSEMBLY,POWER,E",G,334419,161.0,,,2026-07-09,2026-07-16,CABLE ASSEMBLY,DIBBS|SPE4A626T04RG|6150-01-390-7058,C10,Harnesses / Cable Assemblies / Box Builds,CABLE ASSEMBLY,CABLE ASSEMBLY,False,adjacent,,"DIBBS RFQ Text Search result, AMSC field, retrieved 20260930T163901Z",past deadline
SPE4A626T02ZR,5995-01-734-9939,SPE4A626T02ZR,07-06-2026,07-13-2026,2026-08-21 02:41:27,Origin,Destination,Tech,7017385416,https://dibbs2.bsm.dla.mil/Downloads/RFQ/R/SPE4A626T02ZR.PDF,https://www.dibbs.bsm.dla.mil/RFQ/RFQRec.aspx?sn=SPE4A626T02ZR,https://www.dibbs.bsm.dla.mil/rfq/rfqrec.aspx?sn=SPE4A626T02ZR,CABLE ASSEMBLY,14,20260930T163901Z,5995-01-734-9939,"CABLE ASSEMBLY,SPECIAL",G,335931,42.0,,,2026-07-06,2026-07-13,CABLE ASSEMBLY,DIBBS|SPE4A626T02ZR|5995-01-734-9939,C10,Harnesses / Cable Assemblies / Box Builds,CABLE ASSEMBLY,CABLE ASSEMBLY,False,adjacent,,"DIBBS RFQ Text Search result, AMSC field, retrieved 20260930T163901Z",past deadline
SPE4A626U2525,5995-01-186-6439,SPE4A626U2525,04-09-2026,04-23-2026,2026-08-21 02:41:27,Origin,Origin,Tech,1000229491,https://dibbs2.bsm.dla.mil/Downloads/RFQ/5/SPE4A626U2525.PDF,https://www.dibbs.bsm.dla.mil/RFQ/RFQRec.aspx?sn=SPE4A626U2525,https://www.dibbs.bsm.dla.mil/rfq/rfqrec.aspx?sn=SPE4A626U2525,CABLE ASSEMBLY,14,20260930T163901Z,5995-01-186-6439,"CABLE ASSEMBLY,SPEC",G,334419,5.0,,,2026-04-09,2026-04-23,CABLE ASSEMBLY,DIBBS|SPE4A626U2525|5995-01-186-6439,C10,Harnesses / Cable Assemblies / Box Builds,CABLE ASSEMBLY,CABLE ASSEMBLY,False,adjacent,,"DIBBS RFQ Text Search result, AMSC field, retrieved 20260930T163901Z",past deadline
SPE4A626T97T5,6150-01-727-3608,SPE4A626T97T5,06-18-2026,06-25-2026,2026-08-21 02:41:27,Origin,Destination,Tech,7017225689,https://dibbs2.bsm.dla.mil/Downloads/RFQ/5/SPE4A626T97T5.PDF,https://www.dibbs.bsm.dla.mil/RFQ/RFQRec.aspx?sn=SPE4A626T97T5,https://www.dibbs.bsm.dla.mil/rfq/rfqrec.aspx?sn=SPE4A626T97T5,CABLE ASSEMBLY,14,20260930T163901Z,6150-01-727-3608,"CABLE ASSEMBLY,SPEC",G,335311,20.0,,,2026-06-18,2026-06-25,CABLE ASSEMBLY,DIBBS|SPE4A626T97T5|6150-01-727-3608,C10,Harnesses / Cable Assemblies / Box Builds,CABLE ASSEMBLY,CABLE ASSEMBLY,False,adjacent,,"DIBBS RFQ Text Search result, AMSC field, retrieved 20260930T163901Z",past deadline
SPE4A626T93T9,6150-01-577-1674,SPE4A626T93T9,06-16-2026,06-23-2026,2026-08-21 02:41:27,Origin,Origin,Tech,7013413966,https://dibbs2.bsm.dla.mil/Downloads/RFQ/9/SPE4A626T93T9.PDF,https://www.dibbs.bsm.dla.mil/RFQ/RFQRec.aspx?sn=SPE4A626T93T9,https://www.dibbs.bsm.dla.mil/rfq/rfqrec.aspx?sn=SPE4A626T93T9,CABLE ASSEMBLY,14,20260930T163901Z,6150-01-577-1674,"CABLE ASSEMBLY,POWE",G,334419,2.0,,,2026-06-16,2026-06-23,CABLE ASSEMBLY,DIBBS|SPE4A626T93T9|6150-01-577-1674,C10,Harnesses / Cable Assemblies / Box Builds,CABLE ASSEMBLY,CABLE ASSEMBLY,False,adjacent,,"DIBBS RFQ Text Search result, AMSC field, retrieved 20260930T163901Z",past deadline
SPE4A626T89S2,6150-01-109-7604,SPE4A626T89S2,06-15-2026,06-22-2026,2026-08-21 02:41:27,Origin,Origin,Tech,7017149422,https://dibbs2.bsm.dla.mil/Downloads/RFQ/2/SPE4A626T89S2.PDF,https://www.dibbs.bsm.dla.mil/RFQ/RFQRec.aspx?sn=SPE4A626T89S2,https://www.dibbs.bsm.dla.mil/rfq/rfqrec.aspx?sn=SPE4A626T89S2,CABLE ASSEMBLY,14,20260930T163901Z,6150-01-109-7604,"CABLE ASSEMBLY,SPEC",G,334419,2.0,,,2026-06-15,2026-06-22,CABLE ASSEMBLY,DIBBS|SPE4A626T89S2|6150-01-109-7604,C10,Harnesses / Cable Assemblies / Box Builds,CABLE ASSEMBLY,CABLE ASSEMBLY,False,adjacent,,"DIBBS RFQ Text Search result, AMSC field, retrieved 20260930T163901Z",past deadline
SPE4A626T85W7,5995-01-705-8691,SPE4A626T85W7,06-10-2026,06-17-2026,2026-08-21 02:41:27,Origin,Origin,Tech,7015112070,https://dibbs2.bsm.dla.mil/Downloads/RFQ/7/SPE4A626T85W7.PDF,https://www.dibbs.bsm.dla.mil/RFQ/RFQRec.aspx?sn=SPE4A626T85W7,https://www.dibbs.bsm.dla.mil/rfq/rfqrec.aspx?sn=SPE4A626T85W7,CABLE ASSEMBLY,14,20260930T163901Z,5995-01-705-8691,"CABLE ASSEMBLY,SPEC",G,335931,57.0,,,2026-06-10,2026-06-17,CABLE ASSEMBLY,DIBBS|SPE4A626T85W7|5995-01-705-8691,C10,Harnesses / Cable Assemblies / Box Builds,CABLE ASSEMBLY,CABLE ASSEMBLY,False,adjacent,,"DIBBS RFQ Text Search result, AMSC field, retrieved 20260930T163901Z",past deadline
SPE4A626T85B9,5995-01-598-0382,SPE4A626T85B9,06-10-2026,06-23-2026,2026-08-21 02:41:27,Origin,Destination,Tech,7017109236,https://dibbs2.bsm.dla.mil/Downloads/RFQ/9/SPE4A626T85B9.PDF,https://www.dibbs.bsm.dla.mil/RFQ/RFQRec.aspx?sn=SPE4A626T85B9,https://www.dibbs.bsm.dla.mil/rfq/rfqrec.aspx?sn=SPE4A626T85B9,CABLE ASSEMBLY,14,20260930T163901Z,5995-01-598-0382,"CABLE ASSEMBLY,SPEC",G,334419,14.0,,,2026-06-10,2026-06-23,CABLE ASSEMBLY,DIBBS|SPE4A626T85B9|5995-01-598-0382,C10,Harnesses / Cable Assemblies / Box Builds,CABLE ASSEMBLY,CABLE ASSEMBLY,False,adjacent,,"DIBBS RFQ Text Search result, AMSC field, retrieved 20260930T163901Z",past deadline
SPE4A626T84P1,5995-01-191-1399,SPE4A626T84P1,06-10-2026,06-17-2026,2026-08-21 02:41:27,Origin,Origin,Tech,7017108871,https://dibbs2.bsm.dla.mil/Downloads/RFQ/1/SPE4A626T84P1.PDF,https://www.dibbs.bsm.dla.mil/RFQ/RFQRec.aspx?sn=SPE4A626T84P1,https://www.dibbs.bsm.dla.mil/rfq/rfqrec.aspx?sn=SPE4A626T84P1,CABLE ASSEMBLY,14,20260930T163901Z,5995-01-191-1399,"CABLE ASSEMBLY,SPEC",G,334419,3.0,,,2026-06-10,2026-06-17,CABLE ASSEMBLY,DIBBS|SPE4A626T84P1|5995-01-191-1399,C10,Harnesses / Cable Assemblies / Box Builds,CABLE ASSEMBLY,CABLE ASSEMBLY,False,adjacent,,"DIBBS RFQ Text Search result, AMSC field, retrieved 20260930T163901Z",past deadline
SPE4A626T80G3,5995-01-725-7846,SPE4A626T80G3,06-04-2026,06-11-2026,2026-08-21 02:41:27,Origin,Destination,Tech,7017039719,https://dibbs2.bsm.dla.mil/Downloads/RFQ/3/SPE4A626T80G3.PDF,https://www.dibbs.bsm.dla.mil/RFQ/RFQRec.aspx?sn=SPE4A626T80G3,https://www.dibbs.bsm.dla.mil/rfq/rfqrec.aspx?sn=SPE4A626T80G3,CABLE ASSEMBLY,15,20260930T163918Z,5995-01-725-7846,"CABLE ASSEMBLY,SPEC",G,335931,2.0,,,2026-06-04,2026-06-11,CABLE ASSEMBLY,DIBBS|SPE4A626T80G3|5995-01-725-7846,C10,Harnesses / Cable Assemblies / Box Builds,CABLE ASSEMBLY,CABLE ASSEMBLY,False,adjacent,,"DIBBS RFQ Text Search result, AMSC field, retrieved 20260930T163918Z",past deadline
SPE4A626T79W1,5995-01-241-3852,SPE4A626T79W1,06-04-2026,06-11-2026,2026-08-21 02:41:27,Origin,Destination,Tech,7017039783,https://dibbs2.bsm.dla.mil/Downloads/RFQ/1/SPE4A626T79W1.PDF,https://www.dibbs.bsm.dla.mil/RFQ/RFQRec.aspx?sn=SPE4A626T79W1,https://www.dibbs.bsm.dla.mil/rfq/rfqrec.aspx?sn=SPE4A626T79W1,CABLE ASSEMBLY,15,20260930T163918Z,5995-01-241-3852,"CABLE ASSEMBLY,SPEC",G,334419,9.0,,,2026-06-04,2026-06-11,CABLE ASSEMBLY,DIBBS|SPE4A626T79W1|5995-01-241-3852,C10,Harnesses / Cable Assemblies / Box Builds,CABLE ASSEMBLY,CABLE ASSEMBLY,False,adjacent,,"DIBBS RFQ Text Search result, AMSC field, retrieved 20260930T163918Z",past deadline
SPE4A626T78F8,6150-01-650-4959,SPE4A626T78F8,06-03-2026,06-10-2026,2026-08-21 02:41:27,Origin,Origin,Tech,7017011928,https://dibbs2.bsm.dla.mil/Downloads/RFQ/8/SPE4A626T78F8.PDF,https://www.dibbs.bsm.dla.mil/RFQ/RFQRec.aspx?sn=SPE4A626T78F8,https://www.dibbs.bsm.dla.mil/rfq/rfqrec.aspx?sn=SPE4A626T78F8,CABLE ASSEMBLY,15,20260930T163918Z,6150-01-650-4959,"CABLE ASSEMBLY,POWE",G,332510,8.0,,,2026-06-03,2026-06-10,CABLE ASSEMBLY,DIBBS|SPE4A626T78F8|6150-01-650-4959,C10,Harnesses / Cable Assemblies / Box Builds,CABLE ASSEMBLY,CABLE ASSEMBLY,False,adjacent,,"DIBBS RFQ Text Search result, AMSC field, retrieved 20260930T163918Z",past deadline
SPE4A626T76X5,5995-01-091-6468,SPE4A626T76X5,06-03-2026,06-10-2026,2026-08-21 02:41:27,Origin,Origin,Tech,7017011435,https://dibbs2.bsm.dla.mil/Downloads/RFQ/5/SPE4A626T76X5.PDF,https://www.dibbs.bsm.dla.mil/RFQ/RFQRec.aspx?sn=SPE4A626T76X5,https://www.dibbs.bsm.dla.mil/rfq/rfqrec.aspx?sn=SPE4A626T76X5,CABLE ASSEMBLY,15,20260930T163918Z,5995-01-091-6468,CABLE ASSEMBLY,G,334419,4.0,,,2026-06-03,2026-06-10,CABLE ASSEMBLY,DIBBS|SPE4A626T76X5|5995-01-091-6468,C10,Harnesses / Cable Assemblies / Box Builds,CABLE ASSEMBLY,CABLE ASSEMBLY,False,adjacent,,"DIBBS RFQ Text Search result, AMSC field, retrieved 20260930T163918Z",past deadline
SPE4A626T76S1,5995-01-690-0452,SPE4A626T76S1,06-03-2026,06-10-2026,2026-08-21 02:41:27,Origin,Origin,Tech,7017010222,https://dibbs2.bsm.dla.mil/Downloads/RFQ/1/SPE4A626T76S1.PDF,https://www.dibbs.bsm.dla.mil/RFQ/RFQRec.aspx?sn=SPE4A626T76S1,https://www.dibbs.bsm.dla.mil/rfq/rfqrec.aspx?sn=SPE4A626T76S1,CABLE ASSEMBLY,15,20260930T163918Z,5995-01-690-0452,"CABLE ASSEMBLY,SPEC",G,335931,7.0,,,2026-06-03,2026-06-10,CABLE ASSEMBLY,DIBBS|SPE4A626T76S1|5995-01-690-0452,C10,Harnesses / Cable Assemblies / Box Builds,CABLE ASSEMBLY,CABLE ASSEMBLY,False,adjacent,,"DIBBS RFQ Text Search result, AMSC field, retrieved 20260930T163918Z",past deadline
SPE4A626T71S4,5995-01-087-1260,SPE4A626T71S4,05-27-2026,06-03-2026,2026-08-21 02:41:27,Origin,Destination,Tech,7016802998,https://dibbs2.bsm.dla.mil/Downloads/RFQ/4/SPE4A626T71S4.PDF,https://www.dibbs.bsm.dla.mil/RFQ/RFQRec.aspx?sn=SPE4A626T71S4,https://www.dibbs.bsm.dla.mil/rfq/rfqrec.aspx?sn=SPE4A626T71S4,CABLE ASSEMBLY,15,20260930T163918Z,5995-01-087-1260,"CABLE ASSEMBLY,SPEC",G,334419,2.0,,,2026-05-27,2026-06-03,CABLE ASSEMBLY,DIBBS|SPE4A626T71S4|5995-01-087-1260,C10,Harnesses / Cable Assemblies / Box Builds,CABLE ASSEMBLY,CABLE ASSEMBLY,False,adjacent,,"DIBBS RFQ Text Search result, AMSC field, retrieved 20260930T163918Z",past deadline
SPE4A626T56M3,6150-01-346-5095,SPE4A626T56M3,05-15-2026,05-28-2026,2026-08-21 02:41:27,Origin,Destination,Tech,7016785055,https://dibbs2.bsm.dla.mil/Downloads/RFQ/3/SPE4A626T56M3.PDF,https://www.dibbs.bsm.dla.mil/RFQ/RFQRec.aspx?sn=SPE4A626T56M3,https://www.dibbs.bsm.dla.mil/rfq/rfqrec.aspx?sn=SPE4A626T56M3,CABLE ASSEMBLY,15,20260930T163918Z,6150-01-346-5095,"CABLE ASSEMBLY,SPEC",G,334419,38.0,,,2026-05-15,2026-05-28,CABLE ASSEMBLY,DIBBS|SPE4A626T56M3|6150-01-346-5095,C10,Harnesses / Cable Assemblies / Box Builds,CABLE ASSEMBLY,CABLE ASSEMBLY,False,adjacent,,"DIBBS RFQ Text Search result, AMSC field, retrieved 20260930T163918Z",past deadline
SPE4A626T47R1,6150-01-714-8467,SPE4A626T47R1,05-08-2026,05-15-2026,2026-08-21 02:41:27,Origin,Destination,Tech,7016529330,https://dibbs2.bsm.dla.mil/Downloads/RFQ/1/SPE4A626T47R1.PDF,https://www.dibbs.bsm.dla.mil/RFQ/RFQRec.aspx?sn=SPE4A626T47R1,https://www.dibbs.bsm.dla.mil/rfq/rfqrec.aspx?sn=SPE4A626T47R1,CABLE ASSEMBLY,15,20260930T163918Z,6150-01-714-8467,"CABLE ASSEMBLY,POWE",G,335311,1.0,No | Data | found,,2026-05-08,2026-05-15,CABLE ASSEMBLY,DIBBS|SPE4A626T47R1|6150-01-714-8467,C10,Harnesses / Cable Assemblies / Box Builds,CABLE ASSEMBLY,CABLE ASSEMBLY,False,adjacent,,"DIBBS RFQ Text Search result, AMSC field, retrieved 20260930T163918Z",past deadline
SPE4A626T44B9,6150-01-676-0777,SPE4A626T44B9,05-06-2026,05-13-2026,2026-08-21 02:41:27,Origin,Origin,Tech,7016644726,https://dibbs2.bsm.dla.mil/Downloads/RFQ/9/SPE4A626T44B9.PDF,https://www.dibbs.bsm.dla.mil/RFQ/RFQRec.aspx?sn=SPE4A626T44B9,https://www.dibbs.bsm.dla.mil/rfq/rfqrec.aspx?sn=SPE4A626T44B9,CABLE ASSEMBLY,15,20260930T163918Z,6150-01-676-0777,"CABLE ASSEMBLY,POWER,E",G,335311,2.0,,,2026-05-06,2026-05-13,CABLE ASSEMBLY,DIBBS|SPE4A626T44B9|6150-01-676-0777,C10,Harnesses / Cable Assemblies / Box Builds,CABLE ASSEMBLY,CABLE ASSEMBLY,False,adjacent,,"DIBBS RFQ Text Search result, AMSC field, retrieved 20260930T163918Z",past deadline
SPE4A626T36K9,5995-01-604-8209,SPE4A626T36K9,04-27-2026,05-04-2026,2026-08-21 02:41:27,Origin,Origin,Tech,7016471778,https://dibbs2.bsm.dla.mil/Downloads/RFQ/9/SPE4A626T36K9.PDF,https://www.dibbs.bsm.dla.mil/RFQ/RFQRec.aspx?sn=SPE4A626T36K9,https://www.dibbs.bsm.dla.mil/rfq/rfqrec.aspx?sn=SPE4A626T36K9,CABLE ASSEMBLY,15,20260930T163918Z,5995-01-604-8209,"CABLE ASSEMBLY,SPEC",G,334419,14.0,,,2026-04-27,2026-05-04,CABLE ASSEMBLY,DIBBS|SPE4A626T36K9|5995-01-604-8209,C10,Harnesses / Cable Assemblies / Box Builds,CABLE ASSEMBLY,CABLE ASSEMBLY,False,adjacent,,"DIBBS RFQ Text Search result, AMSC field, retrieved 20260930T163918Z",past deadline
SPE4A626T20FP,5995-01-571-2043,SPE4A626T20FP,08-19-2026,08-26-2026,2026-08-21 02:41:27,Origin,Destination,Tech,7017870012,https://dibbs2.bsm.dla.mil/Downloads/RFQ/P/SPE4A626T20FP.PDF,https://www.dibbs.bsm.dla.mil/RFQ/RFQRec.aspx?sn=SPE4A626T20FP,https://www.dibbs.bsm.dla.mil/rfq/rfqrec.aspx?sn=SPE4A626T20FP,CABLE ASSEMBLY,15,20260930T163918Z,5995-01-571-2043,"CABLE ASSEMBLY,SPEC",G,334419,2.0,,,2026-08-19,2026-08-26,CABLE ASSEMBLY,DIBBS|SPE4A626T20FP|5995-01-571-2043,C10,Harnesses / Cable Assemblies / Box Builds,CABLE ASSEMBLY,CABLE ASSEMBLY,False,adjacent,,"DIBBS RFQ Text Search result, AMSC field, retrieved 20260930T163918Z",past deadline
SPE4A626T17LC,6150-01-523-2454,SPE4A626T17LC,08-17-2026,08-24-2026,2026-08-21 02:41:27,Origin,Destination,Tech,7017837833,https://dibbs2.bsm.dla.mil/Downloads/RFQ/C/SPE4A626T17LC.PDF,https://www.dibbs.bsm.dla.mil/RFQ/RFQRec.aspx?sn=SPE4A626T17LC,https://www.dibbs.bsm.dla.mil/rfq/rfqrec.aspx?sn=SPE4A626T17LC,CABLE ASSEMBLY,15,20260930T163918Z,6150-01-523-2454,"CABLE ASSEMBLY,SPEC",G,334419,1.0,,,2026-08-17,2026-08-24,CABLE ASSEMBLY,DIBBS|SPE4A626T17LC|6150-01-523-2454,C10,Harnesses / Cable Assemblies / Box Builds,CABLE ASSEMBLY,CABLE ASSEMBLY,False,adjacent,,"DIBBS RFQ Text Search result, AMSC field, retrieved 20260930T163918Z",past deadline
SPE4A626T17EH,6150-01-727-3608,SPE4A626T17EH,08-17-2026,08-24-2026,2026-08-21 02:41:27,Origin,Destination,Tech,7017868221,https://dibbs2.bsm.dla.mil/Downloads/RFQ/H/SPE4A626T17EH.PDF,https://www.dibbs.bsm.dla.mil/RFQ/RFQRec.aspx?sn=SPE4A626T17EH,https://www.dibbs.bsm.dla.mil/rfq/rfqrec.aspx?sn=SPE4A626T17EH,CABLE ASSEMBLY,15,20260930T163918Z,6150-01-727-3608,"CABLE ASSEMBLY,SPEC",G,335311,9.0,,,2026-08-17,2026-08-24,CABLE ASSEMBLY,DIBBS|SPE4A626T17EH|6150-01-727-3608,C10,Harnesses / Cable Assemblies / Box Builds,CABLE ASSEMBLY,CABLE ASSEMBLY,False,adjacent,,"DIBBS RFQ Text Search result, AMSC field, retrieved 20260930T163918Z",past deadline
SPE4A626T16MB,6150-01-663-7316,SPE4A626T16MB,08-14-2026,08-21-2026,2026-08-21 02:41:27,Origin,Destination,Tech,7017868236,https://dibbs2.bsm.dla.mil/Downloads/RFQ/B/SPE4A626T16MB.PDF,https://www.dibbs.bsm.dla.mil/RFQ/RFQRec.aspx?sn=SPE4A626T16MB,https://www.dibbs.bsm.dla.mil/rfq/rfqrec.aspx?sn=SPE4A626T16MB,CABLE ASSEMBLY,15,20260930T163918Z,6150-01-663-7316,"CABLE ASSEMBLY,SPEC",G,335311,5.0,,,2026-08-14,2026-08-21,CABLE ASSEMBLY,DIBBS|SPE4A626T16MB|6150-01-663-7316,C10,Harnesses / Cable Assemblies / Box Builds,CABLE ASSEMBLY,CABLE ASSEMBLY,False,adjacent,,"DIBBS RFQ Text Search result, AMSC field, retrieved 20260930T163918Z",past deadline
SPE4A626T19SR,5995-01-642-2945,SPE4A626T19SR,08-19-2026,08-26-2026,2026-08-21 02:41:27,Origin,Destination,Tech,7017858527,https://dibbs2.bsm.dla.mil/Downloads/RFQ/R/SPE4A626T19SR.PDF,https://www.dibbs.bsm.dla.mil/RFQ/RFQRec.aspx?sn=SPE4A626T19SR,https://www.dibbs.bsm.dla.mil/rfq/rfqrec.aspx?sn=SPE4A626T19SR,CABLE ASSEMBLY,15,20260930T163918Z,5995-01-642-2945,"CABLE ASSEMBLY,RADI",G,335931,1.0,,,2026-08-19,2026-08-26,CABLE ASSEMBLY,DIBBS|SPE4A626T19SR|5995-01-642-2945,C10,Harnesses / Cable Assemblies / Box Builds,CABLE ASSEMBLY,CABLE ASSEMBLY,False,adjacent,,"DIBBS RFQ Text Search result, AMSC field, retrieved 20260930T163918Z",past deadline
SPE4A626T20KG,5995-01-610-0682,SPE4A626T20KG,08-20-2026,08-27-2026,2026-08-21 02:41:27,Origin,Destination,Tech,7017895818,https://dibbs2.bsm.dla.mil/Downloads/RFQ/G/SPE4A626T20KG.PDF,https://www.dibbs.bsm.dla.mil/RFQ/RFQRec.aspx?sn=SPE4A626T20KG,https://www.dibbs.bsm.dla.mil/rfq/rfqrec.aspx?sn=SPE4A626T20KG,CABLE ASSEMBLY,15,20260930T163918Z,5995-01-610-0682,"CABLE ASSEMBLY,SPEC",G,334419,1.0,,,2026-08-20,2026-08-27,CABLE ASSEMBLY,DIBBS|SPE4A626T20KG|5995-01-610-0682,C10,Harnesses / Cable Assemblies / Box Builds,CABLE ASSEMBLY,CABLE ASSEMBLY,False,adjacent,,"DIBBS RFQ Text Search result, AMSC field, retrieved 20260930T163918Z",past deadline
SPE4A626T14TS,5995-01-692-7565,SPE4A626T14TS,08-11-2026,08-24-2026,2026-08-21 02:41:27,Origin,Origin,Tech,7017763231,https://dibbs2.bsm.dla.mil/Downloads/RFQ/S/SPE4A626T14TS.PDF,https://www.dibbs.bsm.dla.mil/RFQ/RFQRec.aspx?sn=SPE4A626T14TS,https://www.dibbs.bsm.dla.mil/rfq/rfqrec.aspx?sn=SPE4A626T14TS,CABLE ASSEMBLY,15,20260930T163918Z,5995-01-692-7565,"CABLE ASSEMBLY,SPEC",G,335931,10.0,,,2026-08-11,2026-08-24,CABLE ASSEMBLY,DIBBS|SPE4A626T14TS|5995-01-692-7565,C10,Harnesses / Cable Assemblies / Box Builds,CABLE ASSEMBLY,CABLE ASSEMBLY,False,adjacent,,"DIBBS RFQ Text Search result, AMSC field, retrieved 20260930T163918Z",past deadline
SPE4A626T21AL,6150-01-598-0863,SPE4A626T21AL,08-20-2026,08-27-2026,2026-08-21 02:41:27,Origin,Origin,Tech,7017837703,https://dibbs2.bsm.dla.mil/Downloads/RFQ/L/SPE4A626T21AL.PDF,https://www.dibbs.bsm.dla.mil/RFQ/RFQRec.aspx?sn=SPE4A626T21AL,https://www.dibbs.bsm.dla.mil/rfq/rfqrec.aspx?sn=SPE4A626T21AL,CABLE ASSEMBLY,15,20260930T163918Z,6150-01-598-0863,"CABLE ASSEMBLY,SPECIAL",G,334419,27.0,,,2026-08-20,2026-08-27,CABLE ASSEMBLY,DIBBS|SPE4A626T21AL|6150-01-598-0863,C10,Harnesses / Cable Assemblies / Box Builds,CABLE ASSEMBLY,CABLE ASSEMBLY,False,adjacent,,"DIBBS RFQ Text Search result, AMSC field, retrieved 20260930T163918Z",past deadline
SPE4A626T12BY,6150-01-605-0227,SPE4A626T12BY,08-05-2026,08-12-2026,2026-08-21 02:41:27,Origin,Origin,Tech,7017739939,https://dibbs2.bsm.dla.mil/Downloads/RFQ/Y/SPE4A626T12BY.PDF,https://www.dibbs.bsm.dla.mil/RFQ/RFQRec.aspx?sn=SPE4A626T12BY,https://www.dibbs.bsm.dla.mil/rfq/rfqrec.aspx?sn=SPE4A626T12BY,CABLE ASSEMBLY,15,20260930T163918Z,6150-01-605-0227,"CABLE ASSEMBLY,SPECIAL",G,335311,1.0,,,2026-08-05,2026-08-12,CABLE ASSEMBLY,DIBBS|SPE4A626T12BY|6150-01-605-0227,C10,Harnesses / Cable Assemblies / Box Builds,CABLE ASSEMBLY,CABLE ASSEMBLY,False,adjacent,,"DIBBS RFQ Text Search result, AMSC field, retrieved 20260930T163918Z",past deadline
SPE4A626T11CV,6150-01-666-6420,SPE4A626T11CV,08-03-2026,08-10-2026,2026-08-21 02:41:27,Origin,Destination,Tech,7017492986,https://dibbs2.bsm.dla.mil/Downloads/RFQ/V/SPE4A626T11CV.PDF,https://www.dibbs.bsm.dla.mil/RFQ/RFQRec.aspx?sn=SPE4A626T11CV,https://www.dibbs.bsm.dla.mil/rfq/rfqrec.aspx?sn=SPE4A626T11CV,CABLE ASSEMBLY,15,20260930T163918Z,6150-01-666-6420,"CABLE ASSEMBLY,SPEC",G,335311,1.0,,,2026-08-03,2026-08-10,CABLE ASSEMBLY,DIBBS|SPE4A626T11CV|6150-01-666-6420,C10,Harnesses / Cable Assemblies / Box Builds,CABLE ASSEMBLY,CABLE ASSEMBLY,False,adjacent,,"DIBBS RFQ Text Search result, AMSC field, retrieved 20260930T163918Z",past deadline
SPE4A626T10YY,1420-01-714-8760,SPE4A626T10YY,07-31-2026,08-07-2026,2026-08-21 02:41:27,Origin,Origin,Tech,7015926069,https://dibbs2.bsm.dla.mil/Downloads/RFQ/Y/SPE4A626T10YY.PDF,https://www.dibbs.bsm.dla.mil/RFQ/RFQRec.aspx?sn=SPE4A626T10YY,https://www.dibbs.bsm.dla.mil/rfq/rfqrec.aspx?sn=SPE4A626T10YY,CABLE ASSEMBLY,15,20260930T163918Z,1420-01-714-8760,"CABLE ASSEMBLY,SPEC",G,336419,35.0,,,2026-07-31,2026-08-07,CABLE ASSEMBLY,DIBBS|SPE4A626T10YY|1420-01-714-8760,C10,Harnesses / Cable Assemblies / Box Builds,CABLE ASSEMBLY,CABLE ASSEMBLY,False,adjacent,,"DIBBS RFQ Text Search result, AMSC field, retrieved 20260930T163918Z",past deadline
SPE4A626T10TY,5995-01-201-4129,SPE4A626T10TY,07-31-2026,08-07-2026,2026-08-21 02:41:27,Origin,Origin,Tech,7017695574,https://dibbs2.bsm.dla.mil/Downloads/RFQ/Y/SPE4A626T10TY.PDF,https://www.dibbs.bsm.dla.mil/RFQ/RFQRec.aspx?sn=SPE4A626T10TY,https://www.dibbs.bsm.dla.mil/rfq/rfqrec.aspx?sn=SPE4A626T10TY,CABLE ASSEMBLY,15,20260930T163918Z,5995-01-201-4129,"CABLE ASSEMBLY,SPECIAL",G,334419,62.0,,,2026-07-31,2026-08-07,CABLE ASSEMBLY,DIBBS|SPE4A626T10TY|5995-01-201-4129,C10,Harnesses / Cable Assemblies / Box Builds,CABLE ASSEMBLY,CABLE ASSEMBLY,False,adjacent,,"DIBBS RFQ Text Search result, AMSC field, retrieved 20260930T163918Z",past deadline
SPE4A626T20CZ,6150-01-081-1350,SPE4A626T20CZ,08-19-2026,08-26-2026,2026-08-21 02:41:27,Origin,Origin,Tech,7017950219,https://dibbs2.bsm.dla.mil/Downloads/RFQ/Z/SPE4A626T20CZ.PDF,https://www.dibbs.bsm.dla.mil/RFQ/RFQRec.aspx?sn=SPE4A626T20CZ,https://www.dibbs.bsm.dla.mil/rfq/rfqrec.aspx?sn=SPE4A626T20CZ,CABLE ASSEMBLY,15,20260930T163918Z,6150-01-081-1350,"CABLE ASSEMBLY,SPECIAL",G,334419,762.0,,,2026-08-19,2026-08-26,CABLE ASSEMBLY,DIBBS|SPE4A626T20CZ|6150-01-081-1350,C10,Harnesses / Cable Assemblies / Box Builds,CABLE ASSEMBLY,CABLE ASSEMBLY,False,adjacent,,"DIBBS RFQ Text Search result, AMSC field, retrieved 20260930T163918Z",past deadline
SPE4A626T09VA,6150-01-091-6297,SPE4A626T09VA,07-28-2026,08-04-2026,2026-08-21 02:41:27,Origin,Origin,Tech,7017486956,https://dibbs2.bsm.dla.mil/Downloads/RFQ/A/SPE4A626T09VA.PDF,https://www.dibbs.bsm.dla.mil/RFQ/RFQRec.aspx?sn=SPE4A626T09VA,https://www.dibbs.bsm.dla.mil/rfq/rfqrec.aspx?sn=SPE4A626T09VA,CABLE ASSEMBLY,15,20260930T163918Z,6150-01-091-6297,CABLE ASSEMBLY,G,334419,12.0,,,2026-07-28,2026-08-04,CABLE ASSEMBLY,DIBBS|SPE4A626T09VA|6150-01-091-6297,C10,Harnesses / Cable Assemblies / Box Builds,CABLE ASSEMBLY,CABLE ASSEMBLY,False,adjacent,,"DIBBS RFQ Text Search result, AMSC field, retrieved 20260930T163918Z",past deadline
SPE4A626T07GA,5995-01-730-6197,SPE4A626T07GA,07-17-2026,07-24-2026,2026-08-21 02:41:27,Origin,Origin,Tech,7017529412,https://dibbs2.bsm.dla.mil/Downloads/RFQ/A/SPE4A626T07GA.PDF,https://www.dibbs.bsm.dla.mil/RFQ/RFQRec.aspx?sn=SPE4A626T07GA,https://www.dibbs.bsm.dla.mil/rfq/rfqrec.aspx?sn=SPE4A626T07GA,CABLE ASSEMBLY,16,20260930T163935Z,5995-01-730-6197,"CABLE ASSEMBLY,SPECIAL",G,335931,19.0,,,2026-07-17,2026-07-24,CABLE ASSEMBLY,DIBBS|SPE4A626T07GA|5995-01-730-6197,C10,Harnesses / Cable Assemblies / Box Builds,CABLE ASSEMBLY,CABLE ASSEMBLY,False,adjacent,,"DIBBS RFQ Text Search result, AMSC field, retrieved 20260930T163935Z",past deadline
SPE4A626T07EU,5995-01-665-1200,SPE4A626T07EU,07-17-2026,07-24-2026,2026-08-21 02:41:27,Origin,Origin,Tech,7017528022,https://dibbs2.bsm.dla.mil/Downloads/RFQ/U/SPE4A626T07EU.PDF,https://www.dibbs.bsm.dla.mil/RFQ/RFQRec.aspx?sn=SPE4A626T07EU,https://www.dibbs.bsm.dla.mil/rfq/rfqrec.aspx?sn=SPE4A626T07EU,CABLE ASSEMBLY,16,20260930T163935Z,5995-01-665-1200,"CABLE ASSEMBLY,SPEC",G,335931,7.0,,,2026-07-17,2026-07-24,CABLE ASSEMBLY,DIBBS|SPE4A626T07EU|5995-01-665-1200,C10,Harnesses / Cable Assemblies / Box Builds,CABLE ASSEMBLY,CABLE ASSEMBLY,False,adjacent,,"DIBBS RFQ Text Search result, AMSC field, retrieved 20260930T163935Z",past deadline
SPE4A626T04CZ,6150-01-674-2768,SPE4A626T04CZ,07-08-2026,07-15-2026,2026-08-21 02:41:27,Origin,Origin,Tech,7017409626,https://dibbs2.bsm.dla.mil/Downloads/RFQ/Z/SPE4A626T04CZ.PDF,https://www.dibbs.bsm.dla.mil/RFQ/RFQRec.aspx?sn=SPE4A626T04CZ,https://www.dibbs.bsm.dla.mil/rfq/rfqrec.aspx?sn=SPE4A626T04CZ,CABLE ASSEMBLY,16,20260930T163935Z,6150-01-674-2768,"CABLE ASSEMBLY,SPEC",G,335311,4.0,,,2026-07-08,2026-07-15,CABLE ASSEMBLY,DIBBS|SPE4A626T04CZ|6150-01-674-2768,C10,Harnesses / Cable Assemblies / Box Builds,CABLE ASSEMBLY,CABLE ASSEMBLY,False,adjacent,,"DIBBS RFQ Text Search result, AMSC field, retrieved 20260930T163935Z",past deadline
SPE4A626T04AD,6150-01-578-2373,SPE4A626T04AD,07-08-2026,07-15-2026,2026-08-21 02:41:27,Origin,Origin,Tech,7017408384,https://dibbs2.bsm.dla.mil/Downloads/RFQ/D/SPE4A626T04AD.PDF,https://www.dibbs.bsm.dla.mil/RFQ/RFQRec.aspx?sn=SPE4A626T04AD,https://www.dibbs.bsm.dla.mil/rfq/rfqrec.aspx?sn=SPE4A626T04AD,CABLE ASSEMBLY,16,20260930T163935Z,6150-01-578-2373,"CABLE ASSEMBLY,SPEC",G,334419,7.0,,,2026-07-08,2026-07-15,CABLE ASSEMBLY,DIBBS|SPE4A626T04AD|6150-01-578-2373,C10,Harnesses / Cable Assemblies / Box Builds,CABLE ASSEMBLY,CABLE ASSEMBLY,False,adjacent,,"DIBBS RFQ Text Search result, AMSC field, retrieved 20260930T163935Z",past deadline
SPE4A626T03PJ,6150-01-513-8127,SPE4A626T03PJ,07-07-2026,07-17-2026,2026-08-21 02:41:27,Origin,Origin,Tech,7017274279,https://dibbs2.bsm.dla.mil/Downloads/RFQ/J/SPE4A626T03PJ.PDF,https://www.dibbs.bsm.dla.mil/RFQ/RFQRec.aspx?sn=SPE4A626T03PJ,https://www.dibbs.bsm.dla.mil/rfq/rfqrec.aspx?sn=SPE4A626T03PJ,CABLE ASSEMBLY,16,20260930T163935Z,6150-01-513-8127,"CABLE ASSEMBLY,SPEC",G,334419,3.0,,,2026-07-07,2026-07-17,CABLE ASSEMBLY,DIBBS|SPE4A626T03PJ|6150-01-513-8127,C10,Harnesses / Cable Assemblies / Box Builds,CABLE ASSEMBLY,CABLE ASSEMBLY,False,adjacent,,"DIBBS RFQ Text Search result, AMSC field, retrieved 20260930T163935Z",past deadline
SPE4A626T03B7,6150-01-266-2189,SPE4A626T03B7,03-23-2026,03-30-2026,2026-08-21 02:41:27,Origin,Origin,Tech,7015934266,https://dibbs2.bsm.dla.mil/Downloads/RFQ/7/SPE4A626T03B7.PDF,https://www.dibbs.bsm.dla.mil/RFQ/RFQRec.aspx?sn=SPE4A626T03B7,https://www.dibbs.bsm.dla.mil/rfq/rfqrec.aspx?sn=SPE4A626T03B7,CABLE ASSEMBLY,16,20260930T163935Z,6150-01-266-2189,"CABLE ASSEMBLY,POWE",G,334419,1.0,,,2026-03-23,2026-03-30,CABLE ASSEMBLY,DIBBS|SPE4A626T03B7|6150-01-266-2189,C10,Harnesses / Cable Assemblies / Box Builds,CABLE ASSEMBLY,CABLE ASSEMBLY,False,adjacent,,"DIBBS RFQ Text Search result, AMSC field, retrieved 20260930T163935Z",past deadline
SPE4A626T02ZD,1420-01-714-9324,SPE4A626T02ZD,07-06-2026,07-13-2026,2026-08-21 02:41:27,Origin,Origin,Tech,7017384949,https://dibbs2.bsm.dla.mil/Downloads/RFQ/D/SPE4A626T02ZD.PDF,https://www.dibbs.bsm.dla.mil/RFQ/RFQRec.aspx?sn=SPE4A626T02ZD,https://www.dibbs.bsm.dla.mil/rfq/rfqrec.aspx?sn=SPE4A626T02ZD,CABLE ASSEMBLY,16,20260930T163935Z,1420-01-714-9324,"CABLE ASSEMBLY,SPEC",G,336419,3.0,,,2026-07-06,2026-07-13,CABLE ASSEMBLY,DIBBS|SPE4A626T02ZD|1420-01-714-9324,C10,Harnesses / Cable Assemblies / Box Builds,CABLE ASSEMBLY,CABLE ASSEMBLY,False,adjacent,,"DIBBS RFQ Text Search result, AMSC field, retrieved 20260930T163935Z",past deadline
SPE4A726T253Y,6150-01-438-0443,SPE4A726T253Y,04-15-2026,04-22-2026,2026-08-21 02:41:27,Origin,Origin,Tech,7016336302,https://dibbs2.bsm.dla.mil/Downloads/RFQ/Y/SPE4A726T253Y.PDF,https://www.dibbs.bsm.dla.mil/RFQ/RFQRec.aspx?sn=SPE4A726T253Y,https://www.dibbs.bsm.dla.mil/rfq/rfqrec.aspx?sn=SPE4A726T253Y,CABLE ASSEMBLY,16,20260930T163935Z,6150-01-438-0443,"CABLE ASSEMBLY,SPEC",G,335311,8.0,,,2026-04-15,2026-04-22,CABLE ASSEMBLY,DIBBS|SPE4A726T253Y|6150-01-438-0443,C10,Harnesses / Cable Assemblies / Box Builds,CABLE ASSEMBLY,CABLE ASSEMBLY,False,adjacent,,"DIBBS RFQ Text Search result, AMSC field, retrieved 20260930T163935Z",past deadline
SPE4A726T149S,6150-01-553-7524,SPE4A726T149S,03-26-2026,04-02-2026,2026-08-21 02:41:27,Origin,Destination,Tech,7016017688,https://dibbs2.bsm.dla.mil/Downloads/RFQ/S/SPE4A726T149S.PDF,https://www.dibbs.bsm.dla.mil/RFQ/RFQRec.aspx?sn=SPE4A726T149S,https://www.dibbs.bsm.dla.mil/rfq/rfqrec.aspx?sn=SPE4A726T149S,CABLE ASSEMBLY,16,20260930T163935Z,6150-01-553-7524,"CABLE ASSEMBLY,SPEC",G,335311,1.0,,,2026-03-26,2026-04-02,CABLE ASSEMBLY,DIBBS|SPE4A726T149S|6150-01-553-7524,C10,Harnesses / Cable Assemblies / Box Builds,CABLE ASSEMBLY,CABLE ASSEMBLY,False,adjacent,,"DIBBS RFQ Text Search result, AMSC field, retrieved 20260930T163935Z",past deadline
SPE4A726T130V,5995-01-672-3217,SPE4A726T130V,03-23-2026,03-30-2026,2026-08-21 02:41:27,Origin,Origin,Tech,7015658497,https://dibbs2.bsm.dla.mil/Downloads/RFQ/V/SPE4A726T130V.PDF,https://www.dibbs.bsm.dla.mil/RFQ/RFQRec.aspx?sn=SPE4A726T130V,https://www.dibbs.bsm.dla.mil/rfq/rfqrec.aspx?sn=SPE4A726T130V,CABLE ASSEMBLY,16,20260930T163935Z,5995-01-672-3217,"CABLE ASSEMBLY,SPEC",G,335931,3.0,,,2026-03-23,2026-03-30,CABLE ASSEMBLY,DIBBS|SPE4A726T130V|5995-01-672-3217,C10,Harnesses / Cable Assemblies / Box Builds,CABLE ASSEMBLY,CABLE ASSEMBLY,False,adjacent,,"DIBBS RFQ Text Search result, AMSC field, retrieved 20260930T163935Z",past deadline
SPE4A626U2817,5995-01-429-4241,SPE4A626U2817,04-15-2026,04-29-2026,2026-08-21 02:41:27,Origin,Origin,Tech,1000230362,https://dibbs2.bsm.dla.mil/Downloads/RFQ/7/SPE4A626U2817.PDF,https://www.dibbs.bsm.dla.mil/RFQ/RFQRec.aspx?sn=SPE4A626U2817,https://www.dibbs.bsm.dla.mil/rfq/rfqrec.aspx?sn=SPE4A626U2817,CABLE ASSEMBLY,16,20260930T163935Z,5995-01-429-4241,"CABLE ASSEMBLY,SPEC",G,334419,1.0,,,2026-04-15,2026-04-29,CABLE ASSEMBLY,DIBBS|SPE4A626U2817|5995-01-429-4241,C10,Harnesses / Cable Assemblies / Box Builds,CABLE ASSEMBLY,CABLE ASSEMBLY,False,adjacent,,"DIBBS RFQ Text Search result, AMSC field, retrieved 20260930T163935Z",past deadline
SPE7L526T2335,6150-01-672-8926,SPE7L526T2335,03-10-2026,03-25-2026,2026-08-21 02:41:27,Origin,Destination,Tech,7015053634,https://dibbs2.bsm.dla.mil/Downloads/RFQ/5/SPE7L526T2335.PDF,https://www.dibbs.bsm.dla.mil/RFQ/RFQRec.aspx?sn=SPE7L526T2335,https://www.dibbs.bsm.dla.mil/rfq/rfqrec.aspx?sn=SPE7L526T2335,CABLE ASSEMBLY,16,20260930T163935Z,6150-01-672-8926,"CABLE ASSEMBLY,POWE",G,335311,30.0,,,2026-03-10,2026-03-25,CABLE ASSEMBLY,DIBBS|SPE7L526T2335|6150-01-672-8926,C10,Harnesses / Cable Assemblies / Box Builds,CABLE ASSEMBLY,CABLE ASSEMBLY,False,adjacent,,"DIBBS RFQ Text Search result, AMSC field, retrieved 20260930T163935Z",past deadline
SPE4A626T84C0,5995-01-680-7986,SPE4A626T84C0,06-09-2026,06-16-2026,2026-08-21 02:41:27,Origin,Origin,Tech,7016930064,https://dibbs2.bsm.dla.mil/Downloads/RFQ/0/SPE4A626T84C0.PDF,https://www.dibbs.bsm.dla.mil/RFQ/RFQRec.aspx?sn=SPE4A626T84C0,https://www.dibbs.bsm.dla.mil/rfq/rfqrec.aspx?sn=SPE4A626T84C0,CABLE ASSEMBLY,16,20260930T163935Z,5995-01-680-7986,"CABLE ASSEMBLY,SPEC",G,335931,2.0,,,2026-06-09,2026-06-16,CABLE ASSEMBLY,DIBBS|SPE4A626T84C0|5995-01-680-7986,C10,Harnesses / Cable Assemblies / Box Builds,CABLE ASSEMBLY,CABLE ASSEMBLY,False,adjacent,,"DIBBS RFQ Text Search result, AMSC field, retrieved 20260930T163935Z",past deadline
SPE4A626T83H3,5995-01-697-4627,SPE4A626T83H3,06-09-2026,06-16-2026,2026-08-21 02:41:27,Origin,Destination,Tech,7017038970,https://dibbs2.bsm.dla.mil/Downloads/RFQ/3/SPE4A626T83H3.PDF,https://www.dibbs.bsm.dla.mil/RFQ/RFQRec.aspx?sn=SPE4A626T83H3,https://www.dibbs.bsm.dla.mil/rfq/rfqrec.aspx?sn=SPE4A626T83H3,CABLE ASSEMBLY,16,20260930T163935Z,5995-01-697-4627,"CABLE ASSEMBLY,SPEC",G,335931,1.0,,,2026-06-09,2026-06-16,CABLE ASSEMBLY,DIBBS|SPE4A626T83H3|5995-01-697-4627,C10,Harnesses / Cable Assemblies / Box Builds,CABLE ASSEMBLY,CABLE ASSEMBLY,False,adjacent,,"DIBBS RFQ Text Search result, AMSC field, retrieved 20260930T163935Z",past deadline
SPE4A626T800G,5995-01-725-6015,SPE4A626T800G,02-24-2026,03-06-2026,2026-08-21 02:41:27,Origin,Origin,Tech,7014383126,https://dibbs2.bsm.dla.mil/Downloads/RFQ/G/SPE4A626T800G.PDF,https://www.dibbs.bsm.dla.mil/RFQ/RFQRec.aspx?sn=SPE4A626T800G,https://www.dibbs.bsm.dla.mil/rfq/rfqrec.aspx?sn=SPE4A626T800G,CABLE ASSEMBLY,16,20260930T163935Z,5995-01-725-6015,"CABLE ASSEMBLY,SPEC",G,335931,3.0,,,2026-02-24,2026-03-06,CABLE ASSEMBLY,DIBBS|SPE4A626T800G|5995-01-725-6015,C10,Harnesses / Cable Assemblies / Box Builds,CABLE ASSEMBLY,CABLE ASSEMBLY,False,adjacent,,"DIBBS RFQ Text Search result, AMSC field, retrieved 20260930T163935Z",past deadline
SPE4A626T773C,5995-00-169-6049,SPE4A626T773C,02-23-2026,03-02-2026,2026-08-21 02:41:27,Origin,Destination,Tech,7015607934,https://dibbs2.bsm.dla.mil/Downloads/RFQ/C/SPE4A626T773C.PDF,https://www.dibbs.bsm.dla.mil/RFQ/RFQRec.aspx?sn=SPE4A626T773C,https://www.dibbs.bsm.dla.mil/rfq/rfqrec.aspx?sn=SPE4A626T773C,CABLE ASSEMBLY,16,20260930T163935Z,5995-00-169-6049,"CABLE ASSEMBLY,POWE",G,334419,26.0,,,2026-02-23,2026-03-02,CABLE ASSEMBLY,DIBBS|SPE4A626T773C|5995-00-169-6049,C10,Harnesses / Cable Assemblies / Box Builds,CABLE ASSEMBLY,CABLE ASSEMBLY,False,adjacent,,"DIBBS RFQ Text Search result, AMSC field, retrieved 20260930T163935Z",past deadline
SPE4A626T73G5,4920-01-565-4276,SPE4A626T73G5,05-29-2026,06-05-2026,2026-08-21 02:41:27,Origin,Destination,Tech,7016645021,https://dibbs2.bsm.dla.mil/Downloads/RFQ/5/SPE4A626T73G5.PDF,https://www.dibbs.bsm.dla.mil/RFQ/RFQRec.aspx?sn=SPE4A626T73G5,https://www.dibbs.bsm.dla.mil/rfq/rfqrec.aspx?sn=SPE4A626T73G5,CABLE ASSEMBLY,16,20260930T163935Z,4920-01-565-4276,"CABLE ASSEMBLY,SPEC",G,332710,7.0,,,2026-05-29,2026-06-05,CABLE ASSEMBLY,DIBBS|SPE4A626T73G5|4920-01-565-4276,C10,Harnesses / Cable Assemblies / Box Builds,CABLE ASSEMBLY,CABLE ASSEMBLY,False,adjacent,,"DIBBS RFQ Text Search result, AMSC field, retrieved 20260930T163935Z",past deadline
SPE4A626T66K0,5995-01-098-1375,SPE4A626T66K0,05-21-2026,05-28-2026,2026-08-21 02:41:27,Origin,Origin,Tech,7015051491,https://dibbs2.bsm.dla.mil/Downloads/RFQ/0/SPE4A626T66K0.PDF,https://www.dibbs.bsm.dla.mil/RFQ/RFQRec.aspx?sn=SPE4A626T66K0,https://www.dibbs.bsm.dla.mil/rfq/rfqrec.aspx?sn=SPE4A626T66K0,CABLE ASSEMBLY,16,20260930T163935Z,5995-01-098-1375,"CABLE ASSEMBLY,RADI",G,334419,14.0,,,2026-05-21,2026-05-28,CABLE ASSEMBLY,DIBBS|SPE4A626T66K0|5995-01-098-1375,C10,Harnesses / Cable Assemblies / Box Builds,CABLE ASSEMBLY,CABLE ASSEMBLY,False,adjacent,,"DIBBS RFQ Text Search result, AMSC field, retrieved 20260930T163935Z",past deadline
SPE4A626T63P2,5995-01-734-9942,SPE4A626T63P2,05-20-2026,05-27-2026,2026-08-21 02:41:27,Origin,Destination,Tech,7016846652,https://dibbs2.bsm.dla.mil/Downloads/RFQ/2/SPE4A626T63P2.PDF,https://www.dibbs.bsm.dla.mil/RFQ/RFQRec.aspx?sn=SPE4A626T63P2,https://www.dibbs.bsm.dla.mil/rfq/rfqrec.aspx?sn=SPE4A626T63P2,CABLE ASSEMBLY,16,20260930T163935Z,5995-01-734-9942,"CABLE ASSEMBLY,SPEC",G,335931,19.0,,,2026-05-20,2026-05-27,CABLE ASSEMBLY,DIBBS|SPE4A626T63P2|5995-01-734-9942,C10,Harnesses / Cable Assemblies / Box Builds,CABLE ASSEMBLY,CABLE ASSEMBLY,False,adjacent,,"DIBBS RFQ Text Search result, AMSC field, retrieved 20260930T163935Z",past deadline
SPE4A626T616N,5995-01-687-0925,SPE4A626T616N,02-03-2026,02-10-2026,2026-08-21 02:41:27,Origin,Origin,Tech,7015153843,https://dibbs2.bsm.dla.mil/Downloads/RFQ/N/SPE4A626T616N.PDF,https://www.dibbs.bsm.dla.mil/RFQ/RFQRec.aspx?sn=SPE4A626T616N,https://www.dibbs.bsm.dla.mil/rfq/rfqrec.aspx?sn=SPE4A626T616N,CABLE ASSEMBLY,16,20260930T163935Z,5995-01-687-0925,"CABLE ASSEMBLY,RADI",G,335931,1.0,,,2026-02-03,2026-02-10,CABLE ASSEMBLY,DIBBS|SPE4A626T616N|5995-01-687-0925,C10,Harnesses / Cable Assemblies / Box Builds,CABLE ASSEMBLY,CABLE ASSEMBLY,False,adjacent,,"DIBBS RFQ Text Search result, AMSC field, retrieved 20260930T163935Z",past deadline
SPE4A626T520X,5995-01-087-1260,SPE4A626T520X,01-21-2026,02-02-2026,2026-08-21 02:41:27,Origin,Destination,Tech,7015191713,https://dibbs2.bsm.dla.mil/Downloads/RFQ/X/SPE4A626T520X.PDF,https://www.dibbs.bsm.dla.mil/RFQ/RFQRec.aspx?sn=SPE4A626T520X,https://www.dibbs.bsm.dla.mil/rfq/rfqrec.aspx?sn=SPE4A626T520X,CABLE ASSEMBLY,17,20260930T163953Z,5995-01-087-1260,"CABLE ASSEMBLY,SPEC",G,334419,3.0,,,2026-01-21,2026-02-02,CABLE ASSEMBLY,DIBBS|SPE4A626T520X|5995-01-087-1260,C10,Harnesses / Cable Assemblies / Box Builds,CABLE ASSEMBLY,CABLE ASSEMBLY,False,adjacent,,"DIBBS RFQ Text Search result, AMSC field, retrieved 20260930T163953Z",past deadline
SPE4A626T50J3,6150-01-285-4457,SPE4A626T50J3,05-11-2026,05-21-2026,2026-08-21 02:41:27,Origin,Origin,Tech,7016723243,https://dibbs2.bsm.dla.mil/Downloads/RFQ/3/SPE4A626T50J3.PDF,https://www.dibbs.bsm.dla.mil/RFQ/RFQRec.aspx?sn=SPE4A626T50J3,https://www.dibbs.bsm.dla.mil/rfq/rfqrec.aspx?sn=SPE4A626T50J3,CABLE ASSEMBLY,17,20260930T163953Z,6150-01-285-4457,"CABLE ASSEMBLY,SPEC",G,334419,1.0,,,2026-05-11,2026-05-21,CABLE ASSEMBLY,DIBBS|SPE4A626T50J3|6150-01-285-4457,C10,Harnesses / Cable Assemblies / Box Builds,CABLE ASSEMBLY,CABLE ASSEMBLY,False,adjacent,,"DIBBS RFQ Text Search result, AMSC field, retrieved 20260930T163953Z",past deadline
SPE4A626T49D6,6150-01-579-7090,SPE4A626T49D6,05-08-2026,05-20-2026,2026-08-21 02:41:27,Origin,Origin,Tech,7016708338,https://dibbs2.bsm.dla.mil/Downloads/RFQ/6/SPE4A626T49D6.PDF,https://www.dibbs.bsm.dla.mil/RFQ/RFQRec.aspx?sn=SPE4A626T49D6,https://www.dibbs.bsm.dla.mil/rfq/rfqrec.aspx?sn=SPE4A626T49D6,CABLE ASSEMBLY,17,20260930T163953Z,6150-01-579-7090,"CABLE ASSEMBLY,SPEC",G,334419,2.0,,,2026-05-08,2026-05-20,CABLE ASSEMBLY,DIBBS|SPE4A626T49D6|6150-01-579-7090,C10,Harnesses / Cable Assemblies / Box Builds,CABLE ASSEMBLY,CABLE ASSEMBLY,False,adjacent,,"DIBBS RFQ Text Search result, AMSC field, retrieved 20260930T163953Z",past deadline
SPE4A626T493M,6150-01-605-2460,SPE4A626T493M,01-14-2026,01-21-2026,2026-08-21 02:41:27,Origin,Origin,Tech,7015054694,https://dibbs2.bsm.dla.mil/Downloads/RFQ/M/SPE4A626T493M.PDF,https://www.dibbs.bsm.dla.mil/RFQ/RFQRec.aspx?sn=SPE4A626T493M,https://www.dibbs.bsm.dla.mil/rfq/rfqrec.aspx?sn=SPE4A626T493M,CABLE ASSEMBLY,17,20260930T163953Z,6150-01-605-2460,"CABLE ASSEMBLY,SPEC",G,335311,1.0,,,2026-01-14,2026-01-21,CABLE ASSEMBLY,DIBBS|SPE4A626T493M|6150-01-605-2460,C10,Harnesses / Cable Assemblies / Box Builds,CABLE ASSEMBLY,CABLE ASSEMBLY,False,adjacent,,"DIBBS RFQ Text Search result, AMSC field, retrieved 20260930T163953Z",past deadline
SPE4A626T42K0,5995-01-737-9260,SPE4A626T42K0,05-05-2026,05-15-2026,2026-08-21 02:41:27,Origin,Destination,Tech,7016437624,https://dibbs2.bsm.dla.mil/Downloads/RFQ/0/SPE4A626T42K0.PDF,https://www.dibbs.bsm.dla.mil/RFQ/RFQRec.aspx?sn=SPE4A626T42K0,https://www.dibbs.bsm.dla.mil/rfq/rfqrec.aspx?sn=SPE4A626T42K0,CABLE ASSEMBLY,17,20260930T163953Z,5995-01-737-9260,"CABLE ASSEMBLY,SPEC",G,335931,9.0,,,2026-05-05,2026-05-15,CABLE ASSEMBLY,DIBBS|SPE4A626T42K0|5995-01-737-9260,C10,Harnesses / Cable Assemblies / Box Builds,CABLE ASSEMBLY,CABLE ASSEMBLY,False,adjacent,,"DIBBS RFQ Text Search result, AMSC field, retrieved 20260930T163953Z",past deadline
SPE4A626T36J8,5995-01-686-5657,SPE4A626T36J8,04-27-2026,05-04-2026,2026-08-21 02:41:27,Origin,Origin,Tech,7016438481,https://dibbs2.bsm.dla.mil/Downloads/RFQ/8/SPE4A626T36J8.PDF,https://www.dibbs.bsm.dla.mil/RFQ/RFQRec.aspx?sn=SPE4A626T36J8,https://www.dibbs.bsm.dla.mil/rfq/rfqrec.aspx?sn=SPE4A626T36J8,CABLE ASSEMBLY,17,20260930T163953Z,5995-01-686-5657,"CABLE ASSEMBLY,RADI",G,335931,5.0,,,2026-04-27,2026-05-04,CABLE ASSEMBLY,DIBBS|SPE4A626T36J8|5995-01-686-5657,C10,Harnesses / Cable Assemblies / Box Builds,CABLE ASSEMBLY,CABLE ASSEMBLY,False,adjacent,,"DIBBS RFQ Text Search result, AMSC field, retrieved 20260930T163953Z",past deadline
SPE4A626T30M8,5995-01-108-8981,SPE4A626T30M8,04-23-2026,04-30-2026,2026-08-21 02:41:27,Origin,Origin,Tech,7016403392,https://dibbs2.bsm.dla.mil/Downloads/RFQ/8/SPE4A626T30M8.PDF,https://www.dibbs.bsm.dla.mil/RFQ/RFQRec.aspx?sn=SPE4A626T30M8,https://www.dibbs.bsm.dla.mil/rfq/rfqrec.aspx?sn=SPE4A626T30M8,CABLE ASSEMBLY,17,20260930T163953Z,5995-01-108-8981,"CABLE ASSEMBLY,SPEC",G,334419,5.0,,,2026-04-23,2026-04-30,CABLE ASSEMBLY,DIBBS|SPE4A626T30M8|5995-01-108-8981,C10,Harnesses / Cable Assemblies / Box Builds,CABLE ASSEMBLY,CABLE ASSEMBLY,False,adjacent,,"DIBBS RFQ Text Search result, AMSC field, retrieved 20260930T163953Z",past deadline
SPE4A626T25V8,6150-01-523-7528,SPE4A626T25V8,04-17-2026,04-24-2026,2026-08-21 02:41:27,Origin,Destination,Tech,7016309985,https://dibbs2.bsm.dla.mil/Downloads/RFQ/8/SPE4A626T25V8.PDF,https://www.dibbs.bsm.dla.mil/RFQ/RFQRec.aspx?sn=SPE4A626T25V8,https://www.dibbs.bsm.dla.mil/rfq/rfqrec.aspx?sn=SPE4A626T25V8,CABLE ASSEMBLY,17,20260930T163953Z,6150-01-523-7528,"CABLE ASSEMBLY,SPEC",G,334419,1.0,,,2026-04-17,2026-04-24,CABLE ASSEMBLY,DIBBS|SPE4A626T25V8|6150-01-523-7528,C10,Harnesses / Cable Assemblies / Box Builds,CABLE ASSEMBLY,CABLE ASSEMBLY,False,adjacent,,"DIBBS RFQ Text Search result, AMSC field, retrieved 20260930T163953Z",past deadline
SPE4A626T18MR,6150-01-582-7230,SPE4A626T18MR,08-17-2026,08-24-2026,2026-08-21 02:41:27,Origin,Origin,Tech,7017913384,https://dibbs2.bsm.dla.mil/Downloads/RFQ/R/SPE4A626T18MR.PDF,https://www.dibbs.bsm.dla.mil/RFQ/RFQRec.aspx?sn=SPE4A626T18MR,https://www.dibbs.bsm.dla.mil/rfq/rfqrec.aspx?sn=SPE4A626T18MR,CABLE ASSEMBLY,17,20260930T163953Z,6150-01-582-7230,"CABLE ASSEMBLY,SPEC",G,334419,166.0,,,2026-08-17,2026-08-24,CABLE ASSEMBLY,DIBBS|SPE4A626T18MR|6150-01-582-7230,C10,Harnesses / Cable Assemblies / Box Builds,CABLE ASSEMBLY,CABLE ASSEMBLY,False,adjacent,,"DIBBS RFQ Text Search result, AMSC field, retrieved 20260930T163953Z",past deadline
SPE4A626T17MX,6150-00-003-9733,SPE4A626T17MX,08-17-2026,08-24-2026,2026-08-21 02:41:27,Origin,Origin,Tech,7017915316,https://dibbs2.bsm.dla.mil/Downloads/RFQ/X/SPE4A626T17MX.PDF,https://www.dibbs.bsm.dla.mil/RFQ/RFQRec.aspx?sn=SPE4A626T17MX,https://www.dibbs.bsm.dla.mil/rfq/rfqrec.aspx?sn=SPE4A626T17MX,CABLE ASSEMBLY,17,20260930T163953Z,6150-00-003-9733,"CABLE ASSEMBLY,SPECIAL",G,334419,12.0,,,2026-08-17,2026-08-24,CABLE ASSEMBLY,DIBBS|SPE4A626T17MX|6150-00-003-9733,C10,Harnesses / Cable Assemblies / Box Builds,CABLE ASSEMBLY,CABLE ASSEMBLY,False,adjacent,,"DIBBS RFQ Text Search result, AMSC field, retrieved 20260930T163953Z",past deadline
SPE4A626T17JL,5995-01-601-1307,SPE4A626T17JL,08-17-2026,08-24-2026,2026-08-21 02:41:27,Origin,Origin,Tech,7017493617,https://dibbs2.bsm.dla.mil/Downloads/RFQ/L/SPE4A626T17JL.PDF,https://www.dibbs.bsm.dla.mil/RFQ/RFQRec.aspx?sn=SPE4A626T17JL,https://www.dibbs.bsm.dla.mil/rfq/rfqrec.aspx?sn=SPE4A626T17JL,CABLE ASSEMBLY,17,20260930T163953Z,5995-01-601-1307,"CABLE ASSEMBLY,SPECIAL",G,335931,1.0,,,2026-08-17,2026-08-24,CABLE ASSEMBLY,DIBBS|SPE4A626T17JL|5995-01-601-1307,C10,Harnesses / Cable Assemblies / Box Builds,CABLE ASSEMBLY,CABLE ASSEMBLY,False,adjacent,,"DIBBS RFQ Text Search result, AMSC field, retrieved 20260930T163953Z",past deadline
SPE4A626T18XV,6150-01-440-4386,SPE4A626T18XV,08-18-2026,08-25-2026,2026-08-21 02:41:27,Origin,Origin,Tech,7017912717,https://dibbs2.bsm.dla.mil/Downloads/RFQ/V/SPE4A626T18XV.PDF,https://www.dibbs.bsm.dla.mil/RFQ/RFQRec.aspx?sn=SPE4A626T18XV,https://www.dibbs.bsm.dla.mil/rfq/rfqrec.aspx?sn=SPE4A626T18XV,CABLE ASSEMBLY,17,20260930T163953Z,6150-01-440-4386,"CABLE ASSEMBLY,SPECIAL",G,334419,3.0,,,2026-08-18,2026-08-25,CABLE ASSEMBLY,DIBBS|SPE4A626T18XV|6150-01-440-4386,C10,Harnesses / Cable Assemblies / Box Builds,CABLE ASSEMBLY,CABLE ASSEMBLY,False,adjacent,,"DIBBS RFQ Text Search result, AMSC field, retrieved 20260930T163953Z",past deadline
SPE4A626T12ET,6150-01-648-8144,SPE4A626T12ET,08-05-2026,08-12-2026,2026-08-21 02:41:27,Origin,Origin,Tech,7017739916,https://dibbs2.bsm.dla.mil/Downloads/RFQ/T/SPE4A626T12ET.PDF,https://www.dibbs.bsm.dla.mil/RFQ/RFQRec.aspx?sn=SPE4A626T12ET,https://www.dibbs.bsm.dla.mil/rfq/rfqrec.aspx?sn=SPE4A626T12ET,CABLE ASSEMBLY,17,20260930T163953Z,6150-01-648-8144,"CABLE ASSEMBLY,POWE",G,335311,10.0,,,2026-08-05,2026-08-12,CABLE ASSEMBLY,DIBBS|SPE4A626T12ET|6150-01-648-8144,C10,Harnesses / Cable Assemblies / Box Builds,CABLE ASSEMBLY,CABLE ASSEMBLY,False,adjacent,,"DIBBS RFQ Text Search result, AMSC field, retrieved 20260930T163953Z",past deadline
SPE4A626T12AR,5995-01-545-5626,SPE4A626T12AR,08-05-2026,08-12-2026,2026-08-21 02:41:27,Origin,Origin,Tech,7017740772,https://dibbs2.bsm.dla.mil/Downloads/RFQ/R/SPE4A626T12AR.PDF,https://www.dibbs.bsm.dla.mil/RFQ/RFQRec.aspx?sn=SPE4A626T12AR,https://www.dibbs.bsm.dla.mil/rfq/rfqrec.aspx?sn=SPE4A626T12AR,CABLE ASSEMBLY,17,20260930T163953Z,5995-01-545-5626,"CABLE ASSEMBLY,RADI",G,334419,7.0,,,2026-08-05,2026-08-12,CABLE ASSEMBLY,DIBBS|SPE4A626T12AR|5995-01-545-5626,C10,Harnesses / Cable Assemblies / Box Builds,CABLE ASSEMBLY,CABLE ASSEMBLY,False,adjacent,,"DIBBS RFQ Text Search result, AMSC field, retrieved 20260930T163953Z",past deadline
SPE4A626T04QZ,6150-01-681-9363,SPE4A626T04QZ,07-09-2026,07-16-2026,2026-08-21 02:41:27,Origin,Origin,Tech,7017409521,https://dibbs2.bsm.dla.mil/Downloads/RFQ/Z/SPE4A626T04QZ.PDF,https://www.dibbs.bsm.dla.mil/RFQ/RFQRec.aspx?sn=SPE4A626T04QZ,https://www.dibbs.bsm.dla.mil/rfq/rfqrec.aspx?sn=SPE4A626T04QZ,CABLE ASSEMBLY,17,20260930T163953Z,6150-01-681-9363,"CABLE ASSEMBLY,SPEC",G,335311,2.0,,,2026-07-09,2026-07-16,CABLE ASSEMBLY,DIBBS|SPE4A626T04QZ|6150-01-681-9363,C10,Harnesses / Cable Assemblies / Box Builds,CABLE ASSEMBLY,CABLE ASSEMBLY,False,adjacent,,"DIBBS RFQ Text Search result, AMSC field, retrieved 20260930T163953Z",past deadline
SPE4A626T03QD,6150-01-113-4249,SPE4A626T03QD,07-07-2026,07-14-2026,2026-08-21 02:41:27,Origin,Origin,Tech,7017380506,https://dibbs2.bsm.dla.mil/Downloads/RFQ/D/SPE4A626T03QD.PDF,https://www.dibbs.bsm.dla.mil/RFQ/RFQRec.aspx?sn=SPE4A626T03QD,https://www.dibbs.bsm.dla.mil/rfq/rfqrec.aspx?sn=SPE4A626T03QD,CABLE ASSEMBLY,17,20260930T163953Z,6150-01-113-4249,"CABLE ASSEMBLY,SPEC",G,334419,5.0,,,2026-07-07,2026-07-14,CABLE ASSEMBLY,DIBBS|SPE4A626T03QD|6150-01-113-4249,C10,Harnesses / Cable Assemblies / Box Builds,CABLE ASSEMBLY,CABLE ASSEMBLY,False,adjacent,,"DIBBS RFQ Text Search result, AMSC field, retrieved 20260930T163953Z",past deadline
SPE4A626T02UC,6150-01-091-6599,SPE4A626T02UC,07-06-2026,07-13-2026,2026-08-21 02:41:27,Origin,Origin,Tech,7017384058,https://dibbs2.bsm.dla.mil/Downloads/RFQ/C/SPE4A626T02UC.PDF,https://www.dibbs.bsm.dla.mil/RFQ/RFQRec.aspx?sn=SPE4A626T02UC,https://www.dibbs.bsm.dla.mil/rfq/rfqrec.aspx?sn=SPE4A626T02UC,CABLE ASSEMBLY,17,20260930T163953Z,6150-01-091-6599,"CABLE ASSEMBLY,SPECIAL",G,334419,4.0,,,2026-07-06,2026-07-13,CABLE ASSEMBLY,DIBBS|SPE4A626T02UC|6150-01-091-6599,C10,Harnesses / Cable Assemblies / Box Builds,CABLE ASSEMBLY,CABLE ASSEMBLY,False,adjacent,,"DIBBS RFQ Text Search result, AMSC field, retrieved 20260930T163953Z",past deadline
SPE4A626T02EX,5995-01-119-4899,SPE4A626T02EX,07-01-2026,07-08-2026,2026-08-21 02:41:27,Origin,Origin,Tech,7014230306,https://dibbs2.bsm.dla.mil/Downloads/RFQ/X/SPE4A626T02EX.PDF,https://www.dibbs.bsm.dla.mil/RFQ/RFQRec.aspx?sn=SPE4A626T02EX,https://www.dibbs.bsm.dla.mil/rfq/rfqrec.aspx?sn=SPE4A626T02EX,CABLE ASSEMBLY,17,20260930T163953Z,5995-01-119-4899,"CABLE ASSEMBLY,SPEC",G,334419,4.0,,,2026-07-01,2026-07-08,CABLE ASSEMBLY,DIBBS|SPE4A626T02EX|5995-01-119-4899,C10,Harnesses / Cable Assemblies / Box Builds,CABLE ASSEMBLY,CABLE ASSEMBLY,False,adjacent,,"DIBBS RFQ Text Search result, AMSC field, retrieved 20260930T163953Z",past deadline
SPE4A626T01ZM,5995-01-672-7891,SPE4A626T01ZM,06-30-2026,07-07-2026,2026-08-21 02:41:27,Origin,Origin,Tech,7017108990,https://dibbs2.bsm.dla.mil/Downloads/RFQ/M/SPE4A626T01ZM.PDF,https://www.dibbs.bsm.dla.mil/RFQ/RFQRec.aspx?sn=SPE4A626T01ZM,https://www.dibbs.bsm.dla.mil/rfq/rfqrec.aspx?sn=SPE4A626T01ZM,CABLE ASSEMBLY,17,20260930T163953Z,5995-01-672-7891,"CABLE ASSEMBLY,SPEC",G,335931,13.0,,,2026-06-30,2026-07-07,CABLE ASSEMBLY,DIBBS|SPE4A626T01ZM|5995-01-672-7891,C10,Harnesses / Cable Assemblies / Box Builds,CABLE ASSEMBLY,CABLE ASSEMBLY,False,adjacent,,"DIBBS RFQ Text Search result, AMSC field, retrieved 20260930T163953Z",past deadline
SPE4A626T01VB,5995-01-568-7249,SPE4A626T01VB,06-30-2026,07-07-2026,2026-08-21 02:41:27,Origin,Origin,Tech,7015852557,https://dibbs2.bsm.dla.mil/Downloads/RFQ/B/SPE4A626T01VB.PDF,https://www.dibbs.bsm.dla.mil/RFQ/RFQRec.aspx?sn=SPE4A626T01VB,https://www.dibbs.bsm.dla.mil/rfq/rfqrec.aspx?sn=SPE4A626T01VB,CABLE ASSEMBLY,17,20260930T163953Z,5995-01-568-7249,"CABLE ASSEMBLY,SPEC",G,335931,3.0,,,2026-06-30,2026-07-07,CABLE ASSEMBLY,DIBBS|SPE4A626T01VB|5995-01-568-7249,C10,Harnesses / Cable Assemblies / Box Builds,CABLE ASSEMBLY,CABLE ASSEMBLY,False,adjacent,,"DIBBS RFQ Text Search result, AMSC field, retrieved 20260930T163953Z",past deadline
SPE4A726T252W,5995-01-658-6849,SPE4A726T252W,04-15-2026,04-22-2026,2026-08-21 02:41:27,Origin,Origin,Tech,7016336633,https://dibbs2.bsm.dla.mil/Downloads/RFQ/W/SPE4A726T252W.PDF,https://www.dibbs.bsm.dla.mil/RFQ/RFQRec.aspx?sn=SPE4A726T252W,https://www.dibbs.bsm.dla.mil/rfq/rfqrec.aspx?sn=SPE4A726T252W,CABLE ASSEMBLY,17,20260930T163953Z,5995-01-658-6849,"CABLE ASSEMBLY,RADI",G,335931,15.0,,,2026-04-15,2026-04-22,CABLE ASSEMBLY,DIBBS|SPE4A726T252W|5995-01-658-6849,C10,Harnesses / Cable Assemblies / Box Builds,CABLE ASSEMBLY,CABLE ASSEMBLY,False,adjacent,,"DIBBS RFQ Text Search result, AMSC field, retrieved 20260930T163953Z",past deadline
SPE4A726T245U,6150-01-091-4349,SPE4A726T245U,04-15-2026,04-22-2026,2026-08-21 02:41:27,Origin,Origin,Tech,7016336008,https://dibbs2.bsm.dla.mil/Downloads/RFQ/U/SPE4A726T245U.PDF,https://www.dibbs.bsm.dla.mil/RFQ/RFQRec.aspx?sn=SPE4A726T245U,https://www.dibbs.bsm.dla.mil/rfq/rfqrec.aspx?sn=SPE4A726T245U,CABLE ASSEMBLY,17,20260930T163953Z,6150-01-091-4349,"CABLE ASSEMBLY,POWE",G,334419,2.0,,,2026-04-15,2026-04-22,CABLE ASSEMBLY,DIBBS|SPE4A726T245U|6150-01-091-4349,C10,Harnesses / Cable Assemblies / Box Builds,CABLE ASSEMBLY,CABLE ASSEMBLY,False,adjacent,,"DIBBS RFQ Text Search result, AMSC field, retrieved 20260930T163953Z",past deadline
SPE4A726T194P,5995-01-185-0977,SPE4A726T194P,04-03-2026,04-10-2026,2026-08-21 02:41:27,Origin,Origin,Tech,7016080702,https://dibbs2.bsm.dla.mil/Downloads/RFQ/P/SPE4A726T194P.PDF,https://www.dibbs.bsm.dla.mil/RFQ/RFQRec.aspx?sn=SPE4A726T194P,https://www.dibbs.bsm.dla.mil/rfq/rfqrec.aspx?sn=SPE4A726T194P,CABLE ASSEMBLY,17,20260930T163953Z,5995-01-185-0977,"CABLE ASSEMBLY,POWE",G,334419,3.0,,,2026-04-03,2026-04-10,CABLE ASSEMBLY,DIBBS|SPE4A726T194P|5995-01-185-0977,C10,Harnesses / Cable Assemblies / Box Builds,CABLE ASSEMBLY,CABLE ASSEMBLY,False,adjacent,,"DIBBS RFQ Text Search result, AMSC field, retrieved 20260930T163953Z",past deadline
SPE4A726T142K,6150-01-626-4872,SPE4A726T142K,03-25-2026,04-01-2026,2026-08-21 02:41:27,Origin,Origin,Tech,7015955357,https://dibbs2.bsm.dla.mil/Downloads/RFQ/K/SPE4A726T142K.PDF,https://www.dibbs.bsm.dla.mil/RFQ/RFQRec.aspx?sn=SPE4A726T142K,https://www.dibbs.bsm.dla.mil/rfq/rfqrec.aspx?sn=SPE4A726T142K,CABLE ASSEMBLY,18,20260930T164010Z,6150-01-626-4872,"CABLE ASSEMBLY,SPEC",G,334419,2.0,,,2026-03-25,2026-04-01,CABLE ASSEMBLY,DIBBS|SPE4A726T142K|6150-01-626-4872,C10,Harnesses / Cable Assemblies / Box Builds,CABLE ASSEMBLY,CABLE ASSEMBLY,False,adjacent,,"DIBBS RFQ Text Search result, AMSC field, retrieved 20260930T164010Z",past deadline
SPE4A726T136B,6150-01-264-3302,SPE4A726T136B,03-24-2026,03-31-2026,2026-08-21 02:41:27,Origin,Origin,Tech,7015905806,https://dibbs2.bsm.dla.mil/Downloads/RFQ/B/SPE4A726T136B.PDF,https://www.dibbs.bsm.dla.mil/RFQ/RFQRec.aspx?sn=SPE4A726T136B,https://www.dibbs.bsm.dla.mil/rfq/rfqrec.aspx?sn=SPE4A726T136B,CABLE ASSEMBLY,18,20260930T164010Z,6150-01-264-3302,"CABLE ASSEMBLY,SPECIAL",G,334419,1.0,,,2026-03-24,2026-03-31,CABLE ASSEMBLY,DIBBS|SPE4A726T136B|6150-01-264-3302,C10,Harnesses / Cable Assemblies / Box Builds,CABLE ASSEMBLY,CABLE ASSEMBLY,False,adjacent,,"DIBBS RFQ Text Search result, AMSC field, retrieved 20260930T164010Z",past deadline
SPE4A626U3186,6150-01-453-2729,SPE4A626U3186,06-09-2026,06-26-2026,2026-08-21 02:41:27,Origin,Origin,None,1000181655,https://dibbs2.bsm.dla.mil/Downloads/RFQ/6/SPE4A626U3186.PDF,https://www.dibbs.bsm.dla.mil/RFQ/RFQRec.aspx?sn=SPE4A626U3186,https://www.dibbs.bsm.dla.mil/rfq/rfqrec.aspx?sn=SPE4A626U3186,CABLE ASSEMBLY,18,20260930T164010Z,6150-01-453-2729,"CABLE ASSEMBLY,SPECIAL",G,335311,8.0,,,2026-06-09,2026-06-26,CABLE ASSEMBLY,DIBBS|SPE4A626U3186|6150-01-453-2729,C10,Harnesses / Cable Assemblies / Box Builds,CABLE ASSEMBLY,CABLE ASSEMBLY,False,adjacent,,"DIBBS RFQ Text Search result, AMSC field, retrieved 20260930T164010Z",past deadline
SPE4A626U2838,5995-00-933-7180,SPE4A626U2838,04-17-2026,05-01-2026,2026-08-21 02:41:27,Origin,Origin,Tech,1000229510,https://dibbs2.bsm.dla.mil/Downloads/RFQ/8/SPE4A626U2838.PDF,https://www.dibbs.bsm.dla.mil/RFQ/RFQRec.aspx?sn=SPE4A626U2838,https://www.dibbs.bsm.dla.mil/rfq/rfqrec.aspx?sn=SPE4A626U2838,CABLE ASSEMBLY,18,20260930T164010Z,5995-00-933-7180,"CABLE ASSEMBLY,SPECIAL",G,334419,1394.0,,,2026-04-17,2026-05-01,CABLE ASSEMBLY,DIBBS|SPE4A626U2838|5995-00-933-7180,C10,Harnesses / Cable Assemblies / Box Builds,CABLE ASSEMBLY,CABLE ASSEMBLY,False,adjacent,,"DIBBS RFQ Text Search result, AMSC field, retrieved 20260930T164010Z",past deadline
SPE4A626U2703,6150-01-509-6003,SPE4A626U2703,04-13-2026,04-27-2026,2026-08-21 02:41:27,Origin,Destination,Tech,1000230779,https://dibbs2.bsm.dla.mil/Downloads/RFQ/3/SPE4A626U2703.PDF,https://www.dibbs.bsm.dla.mil/RFQ/RFQRec.aspx?sn=SPE4A626U2703,https://www.dibbs.bsm.dla.mil/rfq/rfqrec.aspx?sn=SPE4A626U2703,CABLE ASSEMBLY,18,20260930T164010Z,6150-01-509-6003,"CABLE ASSEMBLY,POWE",G,334419,21.0,,,2026-04-13,2026-04-27,CABLE ASSEMBLY,DIBBS|SPE4A626U2703|6150-01-509-6003,C10,Harnesses / Cable Assemblies / Box Builds,CABLE ASSEMBLY,CABLE ASSEMBLY,False,adjacent,,"DIBBS RFQ Text Search result, AMSC field, retrieved 20260930T164010Z",past deadline
SPE4A626T98B4,1420-01-714-8852,SPE4A626T98B4,06-18-2026,06-25-2026,2026-08-21 02:41:27,Origin,Origin,Tech,7017226603,https://dibbs2.bsm.dla.mil/Downloads/RFQ/4/SPE4A626T98B4.PDF,https://www.dibbs.bsm.dla.mil/RFQ/RFQRec.aspx?sn=SPE4A626T98B4,https://www.dibbs.bsm.dla.mil/rfq/rfqrec.aspx?sn=SPE4A626T98B4,CABLE ASSEMBLY,18,20260930T164010Z,1420-01-714-8852,"CABLE ASSEMBLY,SPEC",G,336419,10.0,,,2026-06-18,2026-06-25,CABLE ASSEMBLY,DIBBS|SPE4A626T98B4|1420-01-714-8852,C10,Harnesses / Cable Assemblies / Box Builds,CABLE ASSEMBLY,CABLE ASSEMBLY,False,adjacent,,"DIBBS RFQ Text Search result, AMSC field, retrieved 20260930T164010Z",past deadline
SPE4A626T76A3,6150-01-219-2852,SPE4A626T76A3,06-03-2026,06-10-2026,2026-08-21 02:41:27,Origin,Origin,Tech,7017010239,https://dibbs2.bsm.dla.mil/Downloads/RFQ/3/SPE4A626T76A3.PDF,https://www.dibbs.bsm.dla.mil/RFQ/RFQRec.aspx?sn=SPE4A626T76A3,https://www.dibbs.bsm.dla.mil/rfq/rfqrec.aspx?sn=SPE4A626T76A3,CABLE ASSEMBLY,18,20260930T164010Z,6150-01-219-2852,"CABLE ASSEMBLY,POWE",G,334419,6.0,,,2026-06-03,2026-06-10,CABLE ASSEMBLY,DIBBS|SPE4A626T76A3|6150-01-219-2852,C10,Harnesses / Cable Assemblies / Box Builds,CABLE ASSEMBLY,CABLE ASSEMBLY,False,adjacent,,"DIBBS RFQ Text Search result, AMSC field, retrieved 20260930T164010Z",past deadline
SPE4A026T2909,6150-01-656-8103,SPE4A026T2909,05-04-2026,05-11-2026,2026-08-21 02:41:27,Origin,Destination,Tech,7016548596,https://dibbs2.bsm.dla.mil/Downloads/RFQ/9/SPE4A026T2909.PDF,https://www.dibbs.bsm.dla.mil/RFQ/RFQRec.aspx?sn=SPE4A026T2909,https://www.dibbs.bsm.dla.mil/rfq/rfqrec.aspx?sn=SPE4A026T2909,CABLE ASSEMBLY,18,20260930T164010Z,6150-01-656-8103,"CABLE ASSEMBLY,POWE",G,335311,1.0,,,2026-05-04,2026-05-11,CABLE ASSEMBLY,DIBBS|SPE4A026T2909|6150-01-656-8103,C10,Harnesses / Cable Assemblies / Box Builds,CABLE ASSEMBLY,CABLE ASSEMBLY,False,adjacent,,"DIBBS RFQ Text Search result, AMSC field, retrieved 20260930T164010Z",past deadline
SPE4A626T63K5,5995-01-676-1136,SPE4A626T63K5,05-20-2026,05-27-2026,2026-08-21 02:41:27,Origin,Origin,Tech,7016848771,https://dibbs2.bsm.dla.mil/Downloads/RFQ/5/SPE4A626T63K5.PDF,https://www.dibbs.bsm.dla.mil/RFQ/RFQRec.aspx?sn=SPE4A626T63K5,https://www.dibbs.bsm.dla.mil/rfq/rfqrec.aspx?sn=SPE4A626T63K5,CABLE ASSEMBLY,18,20260930T164010Z,5995-01-676-1136,"CABLE ASSEMBLY,SPEC",G,335931,1.0,,,2026-05-20,2026-05-27,CABLE ASSEMBLY,DIBBS|SPE4A626T63K5|5995-01-676-1136,C10,Harnesses / Cable Assemblies / Box Builds,CABLE ASSEMBLY,CABLE ASSEMBLY,False,adjacent,,"DIBBS RFQ Text Search result, AMSC field, retrieved 20260930T164010Z",past deadline
SPE4A626T57R8,5995-01-091-6410,SPE4A626T57R8,05-15-2026,05-22-2026,2026-08-21 02:41:27,Origin,Origin,Tech,7014382949,https://dibbs2.bsm.dla.mil/Downloads/RFQ/8/SPE4A626T57R8.PDF,https://www.dibbs.bsm.dla.mil/RFQ/RFQRec.aspx?sn=SPE4A626T57R8,https://www.dibbs.bsm.dla.mil/rfq/rfqrec.aspx?sn=SPE4A626T57R8,CABLE ASSEMBLY,18,20260930T164010Z,5995-01-091-6410,"CABLE ASSEMBLY,SPEC",G,335931,3.0,,,2026-05-15,2026-05-22,CABLE ASSEMBLY,DIBBS|SPE4A626T57R8|5995-01-091-6410,C10,Harnesses / Cable Assemblies / Box Builds,CABLE ASSEMBLY,CABLE ASSEMBLY,False,adjacent,,"DIBBS RFQ Text Search result, AMSC field, retrieved 20260930T164010Z",past deadline
SPE4A626T54M0,6150-01-128-5592,SPE4A626T54M0,05-14-2026,05-21-2026,2026-08-21 02:41:27,Origin,Origin,Tech,7016645005,https://dibbs2.bsm.dla.mil/Downloads/RFQ/0/SPE4A626T54M0.PDF,https://www.dibbs.bsm.dla.mil/RFQ/RFQRec.aspx?sn=SPE4A626T54M0,https://www.dibbs.bsm.dla.mil/rfq/rfqrec.aspx?sn=SPE4A626T54M0,CABLE ASSEMBLY,18,20260930T164010Z,6150-01-128-5592,"CABLE ASSEMBLY,SPEC",G,334419,37.0,,,2026-05-14,2026-05-21,CABLE ASSEMBLY,DIBBS|SPE4A626T54M0|6150-01-128-5592,C10,Harnesses / Cable Assemblies / Box Builds,CABLE ASSEMBLY,CABLE ASSEMBLY,False,adjacent,,"DIBBS RFQ Text Search result, AMSC field, retrieved 20260930T164010Z",past deadline
SPE4A626T51E1,6150-01-128-5594,SPE4A626T51E1,05-12-2026,05-19-2026,2026-08-21 02:41:27,Origin,Origin,Tech,7013333849,https://dibbs2.bsm.dla.mil/Downloads/RFQ/1/SPE4A626T51E1.PDF,https://www.dibbs.bsm.dla.mil/RFQ/RFQRec.aspx?sn=SPE4A626T51E1,https://www.dibbs.bsm.dla.mil/rfq/rfqrec.aspx?sn=SPE4A626T51E1,CABLE ASSEMBLY,18,20260930T164010Z,6150-01-128-5594,"CABLE ASSEMBLY,SPEC",G,334419,79.0,,,2026-05-12,2026-05-19,CABLE ASSEMBLY,DIBBS|SPE4A626T51E1|6150-01-128-5594,C10,Harnesses / Cable Assemblies / Box Builds,CABLE ASSEMBLY,CABLE ASSEMBLY,False,adjacent,,"DIBBS RFQ Text Search result, AMSC field, retrieved 20260930T164010Z",past deadline
SPE4A626T472Z,5995-01-087-1260,SPE4A626T472Z,01-13-2026,01-20-2026,2026-08-21 02:41:27,Origin,Destination,Tech,7015084954,https://dibbs2.bsm.dla.mil/Downloads/RFQ/Z/SPE4A626T472Z.PDF,https://www.dibbs.bsm.dla.mil/RFQ/RFQRec.aspx?sn=SPE4A626T472Z,https://www.dibbs.bsm.dla.mil/rfq/rfqrec.aspx?sn=SPE4A626T472Z,CABLE ASSEMBLY,18,20260930T164010Z,5995-01-087-1260,"CABLE ASSEMBLY,SPEC",G,334419,1.0,,,2026-01-13,2026-01-20,CABLE ASSEMBLY,DIBBS|SPE4A626T472Z|5995-01-087-1260,C10,Harnesses / Cable Assemblies / Box Builds,CABLE ASSEMBLY,CABLE ASSEMBLY,False,adjacent,,"DIBBS RFQ Text Search result, AMSC field, retrieved 20260930T164010Z",past deadline
SPE4A626T21M9,6150-01-668-5537,SPE4A626T21M9,04-15-2026,04-22-2026,2026-08-21 02:41:27,Origin,Origin,Tech,7016336347,https://dibbs2.bsm.dla.mil/Downloads/RFQ/9/SPE4A626T21M9.PDF,https://www.dibbs.bsm.dla.mil/RFQ/RFQRec.aspx?sn=SPE4A626T21M9,https://www.dibbs.bsm.dla.mil/rfq/rfqrec.aspx?sn=SPE4A626T21M9,CABLE ASSEMBLY,18,20260930T164010Z,6150-01-668-5537,"CABLE ASSEMBLY,POWE",G,335311,2.0,,,2026-04-15,2026-04-22,CABLE ASSEMBLY,DIBBS|SPE4A626T21M9|6150-01-668-5537,C10,Harnesses / Cable Assemblies / Box Builds,CABLE ASSEMBLY,CABLE ASSEMBLY,False,adjacent,,"DIBBS RFQ Text Search result, AMSC field, retrieved 20260930T164010Z",past deadline
SPE4A626T19MD,6150-01-467-6783,SPE4A626T19MD,08-19-2026,08-26-2026,2026-08-21 02:41:27,Origin,Origin,Tech,7017939264,https://dibbs2.bsm.dla.mil/Downloads/RFQ/D/SPE4A626T19MD.PDF,https://www.dibbs.bsm.dla.mil/RFQ/RFQRec.aspx?sn=SPE4A626T19MD,https://www.dibbs.bsm.dla.mil/rfq/rfqrec.aspx?sn=SPE4A626T19MD,CABLE ASSEMBLY,18,20260930T164010Z,6150-01-467-6783,"CABLE ASSEMBLY,SPEC",G,334419,88.0,,,2026-08-19,2026-08-26,CABLE ASSEMBLY,DIBBS|SPE4A626T19MD|6150-01-467-6783,C10,Harnesses / Cable Assemblies / Box Builds,CABLE ASSEMBLY,CABLE ASSEMBLY,False,adjacent,,"DIBBS RFQ Text Search result, AMSC field, retrieved 20260930T164010Z",past deadline
SPE4A626T19GG,5995-01-074-0779,SPE4A626T19GG,08-19-2026,08-26-2026,2026-08-21 02:41:27,Origin,Destination,Tech,7017940998,https://dibbs2.bsm.dla.mil/Downloads/RFQ/G/SPE4A626T19GG.PDF,https://www.dibbs.bsm.dla.mil/RFQ/RFQRec.aspx?sn=SPE4A626T19GG,https://www.dibbs.bsm.dla.mil/rfq/rfqrec.aspx?sn=SPE4A626T19GG,CABLE ASSEMBLY,18,20260930T164010Z,5995-01-074-0779,"CABLE ASSEMBLY,RADIO F",G,334419,30.0,,,2026-08-19,2026-08-26,CABLE ASSEMBLY,DIBBS|SPE4A626T19GG|5995-01-074-0779,C10,Harnesses / Cable Assemblies / Box Builds,CABLE ASSEMBLY,CABLE ASSEMBLY,False,adjacent,,"DIBBS RFQ Text Search result, AMSC field, retrieved 20260930T164010Z",past deadline
SPE4A626T17AR,6150-01-654-4421,SPE4A626T17AR,08-17-2026,08-24-2026,2026-08-21 02:41:27,Origin,Origin,Tech,7017868048,https://dibbs2.bsm.dla.mil/Downloads/RFQ/R/SPE4A626T17AR.PDF,https://www.dibbs.bsm.dla.mil/RFQ/RFQRec.aspx?sn=SPE4A626T17AR,https://www.dibbs.bsm.dla.mil/rfq/rfqrec.aspx?sn=SPE4A626T17AR,CABLE ASSEMBLY,18,20260930T164010Z,6150-01-654-4421,"CABLE ASSEMBLY,SPEC",G,335311,1.0,,,2026-08-17,2026-08-24,CABLE ASSEMBLY,DIBBS|SPE4A626T17AR|6150-01-654-4421,C10,Harnesses / Cable Assemblies / Box Builds,CABLE ASSEMBLY,CABLE ASSEMBLY,False,adjacent,,"DIBBS RFQ Text Search result, AMSC field, retrieved 20260930T164010Z",past deadline
SPE4A626T16JH,6150-01-678-1250,SPE4A626T16JH,08-13-2026,08-20-2026,2026-08-21 02:41:27,Origin,Origin,Tech,7017869424,https://dibbs2.bsm.dla.mil/Downloads/RFQ/H/SPE4A626T16JH.PDF,https://www.dibbs.bsm.dla.mil/RFQ/RFQRec.aspx?sn=SPE4A626T16JH,https://www.dibbs.bsm.dla.mil/rfq/rfqrec.aspx?sn=SPE4A626T16JH,CABLE ASSEMBLY,19,20260930T164027Z,6150-01-678-1250,"CABLE ASSEMBLY,SPECIAL",G,335311,2.0,,,2026-08-13,2026-08-20,CABLE ASSEMBLY,DIBBS|SPE4A626T16JH|6150-01-678-1250,C10,Harnesses / Cable Assemblies / Box Builds,CABLE ASSEMBLY,CABLE ASSEMBLY,False,adjacent,,"DIBBS RFQ Text Search result, AMSC field, retrieved 20260930T164027Z",past deadline
SPE4A626T15YY,5995-01-293-1450,SPE4A626T15YY,08-13-2026,08-20-2026,2026-08-21 02:41:27,Origin,Origin,Tech,7017528909,https://dibbs2.bsm.dla.mil/Downloads/RFQ/Y/SPE4A626T15YY.PDF,https://www.dibbs.bsm.dla.mil/RFQ/RFQRec.aspx?sn=SPE4A626T15YY,https://www.dibbs.bsm.dla.mil/rfq/rfqrec.aspx?sn=SPE4A626T15YY,CABLE ASSEMBLY,19,20260930T164027Z,5995-01-293-1450,"CABLE ASSEMBLY,RADIO F",G,334419,1.0,,,2026-08-13,2026-08-20,CABLE ASSEMBLY,DIBBS|SPE4A626T15YY|5995-01-293-1450,C10,Harnesses / Cable Assemblies / Box Builds,CABLE ASSEMBLY,CABLE ASSEMBLY,False,adjacent,,"DIBBS RFQ Text Search result, AMSC field, retrieved 20260930T164027Z",past deadline
SPE4A626T14CT,6150-01-091-6986,SPE4A626T14CT,08-07-2026,08-14-2026,2026-08-21 02:41:27,Origin,Origin,Tech,7017765834,https://dibbs2.bsm.dla.mil/Downloads/RFQ/T/SPE4A626T14CT.PDF,https://www.dibbs.bsm.dla.mil/RFQ/RFQRec.aspx?sn=SPE4A626T14CT,https://www.dibbs.bsm.dla.mil/rfq/rfqrec.aspx?sn=SPE4A626T14CT,CABLE ASSEMBLY,19,20260930T164027Z,6150-01-091-6986,"CABLE ASSEMBLY,SPECIAL",G,334419,3.0,,,2026-08-07,2026-08-14,CABLE ASSEMBLY,DIBBS|SPE4A626T14CT|6150-01-091-6986,C10,Harnesses / Cable Assemblies / Box Builds,CABLE ASSEMBLY,CABLE ASSEMBLY,False,adjacent,,"DIBBS RFQ Text Search result, AMSC field, retrieved 20260930T164027Z",past deadline
SPE4A626T13NZ,6150-01-493-2645,SPE4A626T13NZ,08-06-2026,08-13-2026,2026-08-21 02:41:27,Origin,Origin,Tech,7017739714,https://dibbs2.bsm.dla.mil/Downloads/RFQ/Z/SPE4A626T13NZ.PDF,https://www.dibbs.bsm.dla.mil/RFQ/RFQRec.aspx?sn=SPE4A626T13NZ,https://www.dibbs.bsm.dla.mil/rfq/rfqrec.aspx?sn=SPE4A626T13NZ,CABLE ASSEMBLY,19,20260930T164027Z,6150-01-493-2645,"CABLE ASSEMBLY,SPEC",G,334419,27.0,,,2026-08-06,2026-08-13,CABLE ASSEMBLY,DIBBS|SPE4A626T13NZ|6150-01-493-2645,C10,Harnesses / Cable Assemblies / Box Builds,CABLE ASSEMBLY,CABLE ASSEMBLY,False,adjacent,,"DIBBS RFQ Text Search result, AMSC field, retrieved 20260930T164027Z",past deadline
SPE4A626T13NF,6150-01-271-1297,SPE4A626T13NF,08-06-2026,08-13-2026,2026-08-21 02:41:27,Origin,Origin,Tech,7017109454,https://dibbs2.bsm.dla.mil/Downloads/RFQ/F/SPE4A626T13NF.PDF,https://www.dibbs.bsm.dla.mil/RFQ/RFQRec.aspx?sn=SPE4A626T13NF,https://www.dibbs.bsm.dla.mil/rfq/rfqrec.aspx?sn=SPE4A626T13NF,CABLE ASSEMBLY,19,20260930T164027Z,6150-01-271-1297,"CABLE ASSEMBLY,SPEC",G,334419,29.0,,,2026-08-06,2026-08-13,CABLE ASSEMBLY,DIBBS|SPE4A626T13NF|6150-01-271-1297,C10,Harnesses / Cable Assemblies / Box Builds,CABLE ASSEMBLY,CABLE ASSEMBLY,False,adjacent,,"DIBBS RFQ Text Search result, AMSC field, retrieved 20260930T164027Z",past deadline
SPE4A626T09SV,6150-01-567-7145,SPE4A626T09SV,07-27-2026,08-03-2026,2026-08-21 02:41:27,Origin,Origin,Tech,7017148387,https://dibbs2.bsm.dla.mil/Downloads/RFQ/V/SPE4A626T09SV.PDF,https://www.dibbs.bsm.dla.mil/RFQ/RFQRec.aspx?sn=SPE4A626T09SV,https://www.dibbs.bsm.dla.mil/rfq/rfqrec.aspx?sn=SPE4A626T09SV,CABLE ASSEMBLY,19,20260930T164027Z,6150-01-567-7145,"CABLE ASSEMBLY,POWER,E",G,334419,13.0,,,2026-07-27,2026-08-03,CABLE ASSEMBLY,DIBBS|SPE4A626T09SV|6150-01-567-7145,C10,Harnesses / Cable Assemblies / Box Builds,CABLE ASSEMBLY,CABLE ASSEMBLY,False,adjacent,,"DIBBS RFQ Text Search result, AMSC field, retrieved 20260930T164027Z",past deadline
SPE4A626T07LC,5995-01-680-4465,SPE4A626T07LC,07-17-2026,07-24-2026,2026-08-21 02:41:27,Origin,Origin,Tech,7017527853,https://dibbs2.bsm.dla.mil/Downloads/RFQ/C/SPE4A626T07LC.PDF,https://www.dibbs.bsm.dla.mil/RFQ/RFQRec.aspx?sn=SPE4A626T07LC,https://www.dibbs.bsm.dla.mil/rfq/rfqrec.aspx?sn=SPE4A626T07LC,CABLE ASSEMBLY,19,20260930T164027Z,5995-01-680-4465,"CABLE ASSEMBLY,SPEC",G,335931,1.0,,,2026-07-17,2026-07-24,CABLE ASSEMBLY,DIBBS|SPE4A626T07LC|5995-01-680-4465,C10,Harnesses / Cable Assemblies / Box Builds,CABLE ASSEMBLY,CABLE ASSEMBLY,False,adjacent,,"DIBBS RFQ Text Search result, AMSC field, retrieved 20260930T164027Z",past deadline
SPE4A626T07BX,6150-01-294-5595,SPE4A626T07BX,07-17-2026,07-24-2026,2026-08-21 02:41:27,Origin,Destination,Tech,7017528826,https://dibbs2.bsm.dla.mil/Downloads/RFQ/X/SPE4A626T07BX.PDF,https://www.dibbs.bsm.dla.mil/RFQ/RFQRec.aspx?sn=SPE4A626T07BX,https://www.dibbs.bsm.dla.mil/rfq/rfqrec.aspx?sn=SPE4A626T07BX,CABLE ASSEMBLY,19,20260930T164027Z,6150-01-294-5595,"CABLE ASSEMBLY,SPECIAL",G,334419,4.0,,,2026-07-17,2026-07-24,CABLE ASSEMBLY,DIBBS|SPE4A626T07BX|6150-01-294-5595,C10,Harnesses / Cable Assemblies / Box Builds,CABLE ASSEMBLY,CABLE ASSEMBLY,False,adjacent,,"DIBBS RFQ Text Search result, AMSC field, retrieved 20260930T164027Z",past deadline
SPE7M126T142H,6020-01-722-4909,SPE7M126T142H,06-12-2026,06-25-2026,2026-08-21 02:41:27,Destination,Destination,None,7017112723,https://dibbs2.bsm.dla.mil/Downloads/RFQ/H/SPE7M126T142H.PDF,https://www.dibbs.bsm.dla.mil/RFQ/RFQRec.aspx?sn=SPE7M126T142H,https://www.dibbs.bsm.dla.mil/rfq/rfqrec.aspx?sn=SPE7M126T142H,CABLE ASSEMBLY,19,20260930T164027Z,6020-01-722-4909,"CABLE ASSEMBLY,FIBE",G,335921,1.0,,,2026-06-12,2026-06-25,BOX; CABLE ASSEMBLY,DIBBS|SPE7M126T142H|6020-01-722-4909,C10,Harnesses / Cable Assemblies / Box Builds,CABLE ASSEMBLY,CABLE ASSEMBLY,False,adjacent,,"DIBBS RFQ Text Search result, AMSC field, retrieved 20260930T164027Z",past deadline
SPE4A626T05BB,6150-01-384-5278,SPE4A626T05BB,07-10-2026,07-17-2026,2026-08-21 02:41:27,Origin,Origin,Tech,7015604319,https://dibbs2.bsm.dla.mil/Downloads/RFQ/B/SPE4A626T05BB.PDF,https://www.dibbs.bsm.dla.mil/RFQ/RFQRec.aspx?sn=SPE4A626T05BB,https://www.dibbs.bsm.dla.mil/rfq/rfqrec.aspx?sn=SPE4A626T05BB,CABLE ASSEMBLY,19,20260930T164027Z,6150-01-384-5278,"CABLE ASSEMBLY,SPEC",G,334419,3.0,,,2026-07-10,2026-07-17,CABLE ASSEMBLY,DIBBS|SPE4A626T05BB|6150-01-384-5278,C10,Harnesses / Cable Assemblies / Box Builds,CABLE ASSEMBLY,CABLE ASSEMBLY,False,adjacent,,"DIBBS RFQ Text Search result, AMSC field, retrieved 20260930T164027Z",past deadline
SPE4A626T04HS,1420-01-714-8853,SPE4A626T04HS,07-08-2026,07-15-2026,2026-08-21 02:41:27,Origin,Origin,Tech,7017408211,https://dibbs2.bsm.dla.mil/Downloads/RFQ/S/SPE4A626T04HS.PDF,https://www.dibbs.bsm.dla.mil/RFQ/RFQRec.aspx?sn=SPE4A626T04HS,https://www.dibbs.bsm.dla.mil/rfq/rfqrec.aspx?sn=SPE4A626T04HS,CABLE ASSEMBLY,19,20260930T164027Z,1420-01-714-8853,"CABLE ASSEMBLY,SPEC",G,336419,11.0,,,2026-07-08,2026-07-15,CABLE ASSEMBLY,DIBBS|SPE4A626T04HS|1420-01-714-8853,C10,Harnesses / Cable Assemblies / Box Builds,CABLE ASSEMBLY,CABLE ASSEMBLY,False,adjacent,,"DIBBS RFQ Text Search result, AMSC field, retrieved 20260930T164027Z",past deadline
SPE4A626T03QA,6150-01-113-4249,SPE4A626T03QA,07-07-2026,07-14-2026,2026-08-21 02:41:27,Origin,Origin,Tech,7017380507,https://dibbs2.bsm.dla.mil/Downloads/RFQ/A/SPE4A626T03QA.PDF,https://www.dibbs.bsm.dla.mil/RFQ/RFQRec.aspx?sn=SPE4A626T03QA,https://www.dibbs.bsm.dla.mil/rfq/rfqrec.aspx?sn=SPE4A626T03QA,CABLE ASSEMBLY,19,20260930T164027Z,6150-01-113-4249,"CABLE ASSEMBLY,SPEC",G,334419,2.0,,,2026-07-07,2026-07-14,CABLE ASSEMBLY,DIBBS|SPE4A626T03QA|6150-01-113-4249,C10,Harnesses / Cable Assemblies / Box Builds,CABLE ASSEMBLY,CABLE ASSEMBLY,False,adjacent,,"DIBBS RFQ Text Search result, AMSC field, retrieved 20260930T164027Z",past deadline
SPE4A626T02CQ,6150-01-513-8716,SPE4A626T02CQ,07-01-2026,07-13-2026,2026-08-21 02:41:27,Origin,Origin,Tech,7017274275,https://dibbs2.bsm.dla.mil/Downloads/RFQ/Q/SPE4A626T02CQ.PDF,https://www.dibbs.bsm.dla.mil/RFQ/RFQRec.aspx?sn=SPE4A626T02CQ,https://www.dibbs.bsm.dla.mil/rfq/rfqrec.aspx?sn=SPE4A626T02CQ,CABLE ASSEMBLY,19,20260930T164027Z,6150-01-513-8716,"CABLE ASSEMBLY,SPEC",G,334419,4.0,,,2026-07-01,2026-07-13,CABLE ASSEMBLY,DIBBS|SPE4A626T02CQ|6150-01-513-8716,C10,Harnesses / Cable Assemblies / Box Builds,CABLE ASSEMBLY,CABLE ASSEMBLY,False,adjacent,,"DIBBS RFQ Text Search result, AMSC field, retrieved 20260930T164027Z",past deadline
SPE4A626T01MM,5995-01-472-9762,SPE4A626T01MM,06-29-2026,07-06-2026,2026-08-21 02:41:27,Origin,Origin,Tech,7015955884,https://dibbs2.bsm.dla.mil/Downloads/RFQ/M/SPE4A626T01MM.PDF,https://www.dibbs.bsm.dla.mil/RFQ/RFQRec.aspx?sn=SPE4A626T01MM,https://www.dibbs.bsm.dla.mil/rfq/rfqrec.aspx?sn=SPE4A626T01MM,CABLE ASSEMBLY,19,20260930T164027Z,5995-01-472-9762,"CABLE ASSEMBLY,SPEC",G,334419,5.0,,,2026-06-29,2026-07-06,CABLE ASSEMBLY,DIBBS|SPE4A626T01MM|5995-01-472-9762,C10,Harnesses / Cable Assemblies / Box Builds,CABLE ASSEMBLY,CABLE ASSEMBLY,False,adjacent,,"DIBBS RFQ Text Search result, AMSC field, retrieved 20260930T164027Z",past deadline
SPE4A626T01LL,5995-01-657-8337,SPE4A626T01LL,06-29-2026,07-06-2026,2026-08-21 02:41:27,Origin,Destination,Tech,7015853352,https://dibbs2.bsm.dla.mil/Downloads/RFQ/L/SPE4A626T01LL.PDF,https://www.dibbs.bsm.dla.mil/RFQ/RFQRec.aspx?sn=SPE4A626T01LL,https://www.dibbs.bsm.dla.mil/rfq/rfqrec.aspx?sn=SPE4A626T01LL,CABLE ASSEMBLY,19,20260930T164027Z,5995-01-657-8337,"CABLE ASSEMBLY,SPEC",G,335931,17.0,,,2026-06-29,2026-07-06,CABLE ASSEMBLY,DIBBS|SPE4A626T01LL|5995-01-657-8337,C10,Harnesses / Cable Assemblies / Box Builds,CABLE ASSEMBLY,CABLE ASSEMBLY,False,adjacent,,"DIBBS RFQ Text Search result, AMSC field, retrieved 20260930T164027Z",past deadline
SPE4A726T218K,6150-01-105-5320,SPE4A726T218K,04-08-2026,04-15-2026,2026-08-21 02:41:27,Origin,Origin,Tech,7016227372,https://dibbs2.bsm.dla.mil/Downloads/RFQ/K/SPE4A726T218K.PDF,https://www.dibbs.bsm.dla.mil/RFQ/RFQRec.aspx?sn=SPE4A726T218K,https://www.dibbs.bsm.dla.mil/rfq/rfqrec.aspx?sn=SPE4A726T218K,CABLE ASSEMBLY,19,20260930T164027Z,6150-01-105-5320,"CABLE ASSEMBLY,SPEC",G,334419,4.0,,,2026-04-08,2026-04-15,CABLE ASSEMBLY,DIBBS|SPE4A726T218K|6150-01-105-5320,C10,Harnesses / Cable Assemblies / Box Builds,CABLE ASSEMBLY,CABLE ASSEMBLY,False,adjacent,,"DIBBS RFQ Text Search result, AMSC field, retrieved 20260930T164027Z",past deadline
SPE4A726T210N,6150-01-091-6408,SPE4A726T210N,04-08-2026,04-15-2026,2026-08-21 02:41:27,Origin,Origin,Tech,7016227101,https://dibbs2.bsm.dla.mil/Downloads/RFQ/N/SPE4A726T210N.PDF,https://www.dibbs.bsm.dla.mil/RFQ/RFQRec.aspx?sn=SPE4A726T210N,https://www.dibbs.bsm.dla.mil/rfq/rfqrec.aspx?sn=SPE4A726T210N,CABLE ASSEMBLY,19,20260930T164027Z,6150-01-091-6408,"CABLE ASSEMBLY,SPEC",G,334419,8.0,,,2026-04-08,2026-04-15,CABLE ASSEMBLY,DIBBS|SPE4A726T210N|6150-01-091-6408,C10,Harnesses / Cable Assemblies / Box Builds,CABLE ASSEMBLY,CABLE ASSEMBLY,False,adjacent,,"DIBBS RFQ Text Search result, AMSC field, retrieved 20260930T164027Z",past deadline
SPE4A726T150L,6150-01-380-3791,SPE4A726T150L,03-26-2026,04-02-2026,2026-08-21 02:41:27,Origin,Origin,Tech,7016049267,https://dibbs2.bsm.dla.mil/Downloads/RFQ/L/SPE4A726T150L.PDF,https://www.dibbs.bsm.dla.mil/RFQ/RFQRec.aspx?sn=SPE4A726T150L,https://www.dibbs.bsm.dla.mil/rfq/rfqrec.aspx?sn=SPE4A726T150L,CABLE ASSEMBLY,19,20260930T164027Z,6150-01-380-3791,"CABLE ASSEMBLY,SPEC",G,334419,35.0,,,2026-03-26,2026-04-02,CABLE ASSEMBLY,DIBBS|SPE4A726T150L|6150-01-380-3791,C10,Harnesses / Cable Assemblies / Box Builds,CABLE ASSEMBLY,CABLE ASSEMBLY,False,adjacent,,"DIBBS RFQ Text Search result, AMSC field, retrieved 20260930T164027Z",past deadline
SPE4A726T089Q,5995-01-702-9330,SPE4A726T089Q,03-13-2026,03-20-2026,2026-08-21 02:41:27,Origin,Origin,Tech,7015853651,https://dibbs2.bsm.dla.mil/Downloads/RFQ/Q/SPE4A726T089Q.PDF,https://www.dibbs.bsm.dla.mil/RFQ/RFQRec.aspx?sn=SPE4A726T089Q,https://www.dibbs.bsm.dla.mil/rfq/rfqrec.aspx?sn=SPE4A726T089Q,CABLE ASSEMBLY,19,20260930T164027Z,5995-01-702-9330,"CABLE ASSEMBLY,SPEC",G,335931,3.0,,,2026-03-13,2026-03-20,CABLE ASSEMBLY,DIBBS|SPE4A726T089Q|5995-01-702-9330,C10,Harnesses / Cable Assemblies / Box Builds,CABLE ASSEMBLY,CABLE ASSEMBLY,False,adjacent,,"DIBBS RFQ Text Search result, AMSC field, retrieved 20260930T164027Z",past deadline
SPE4A726T075C,5995-01-710-4526,SPE4A726T075C,03-11-2026,03-23-2026,2026-08-21 02:41:27,Origin,Destination,Tech,7015854618,https://dibbs2.bsm.dla.mil/Downloads/RFQ/C/SPE4A726T075C.PDF,https://www.dibbs.bsm.dla.mil/RFQ/RFQRec.aspx?sn=SPE4A726T075C,https://www.dibbs.bsm.dla.mil/rfq/rfqrec.aspx?sn=SPE4A726T075C,CABLE ASSEMBLY,19,20260930T164027Z,5995-01-710-4526,"CABLE ASSEMBLY,SPEC",G,335931,23.0,,,2026-03-11,2026-03-23,CABLE ASSEMBLY,DIBBS|SPE4A726T075C|5995-01-710-4526,C10,Harnesses / Cable Assemblies / Box Builds,CABLE ASSEMBLY,CABLE ASSEMBLY,False,adjacent,,"DIBBS RFQ Text Search result, AMSC field, retrieved 20260930T164027Z",past deadline
SPE4A726T049U,6150-01-719-3135,SPE4A726T049U,03-06-2026,03-13-2026,2026-08-21 02:41:27,Origin,Destination,Tech,7015537058,https://dibbs2.bsm.dla.mil/Downloads/RFQ/U/SPE4A726T049U.PDF,https://www.dibbs.bsm.dla.mil/RFQ/RFQRec.aspx?sn=SPE4A726T049U,https://www.dibbs.bsm.dla.mil/rfq/rfqrec.aspx?sn=SPE4A726T049U,CABLE ASSEMBLY,19,20260930T164027Z,6150-01-719-3135,"CABLE ASSEMBLY,SPEC",G,335311,10.0,,,2026-03-06,2026-03-13,CABLE ASSEMBLY,DIBBS|SPE4A726T049U|6150-01-719-3135,C10,Harnesses / Cable Assemblies / Box Builds,CABLE ASSEMBLY,CABLE ASSEMBLY,False,adjacent,,"DIBBS RFQ Text Search result, AMSC field, retrieved 20260930T164027Z",past deadline
SPE4A626U3233,6150-01-247-4768,SPE4A626U3233,06-18-2026,07-08-2026,2026-08-21 02:41:27,Origin,Destination,Tech,1000235461,https://dibbs2.bsm.dla.mil/Downloads/RFQ/3/SPE4A626U3233.PDF,https://www.dibbs.bsm.dla.mil/RFQ/RFQRec.aspx?sn=SPE4A626U3233,https://www.dibbs.bsm.dla.mil/rfq/rfqrec.aspx?sn=SPE4A626U3233,CABLE ASSEMBLY,19,20260930T164027Z,6150-01-247-4768,"CABLE ASSEMBLY,SPEC",G,334419,36.0,,,2026-06-18,2026-07-08,CABLE ASSEMBLY,DIBBS|SPE4A626U3233|6150-01-247-4768,C10,Harnesses / Cable Assemblies / Box Builds,CABLE ASSEMBLY,CABLE ASSEMBLY,False,adjacent,,"DIBBS RFQ Text Search result, AMSC field, retrieved 20260930T164027Z",past deadline
SPE4A626U2952,5995-01-137-6478,SPE4A626U2952,04-30-2026,05-14-2026,2026-08-21 02:41:27,Origin,Origin,Tech,1000223909,https://dibbs2.bsm.dla.mil/Downloads/RFQ/2/SPE4A626U2952.PDF,https://www.dibbs.bsm.dla.mil/RFQ/RFQRec.aspx?sn=SPE4A626U2952,https://www.dibbs.bsm.dla.mil/rfq/rfqrec.aspx?sn=SPE4A626U2952,CABLE ASSEMBLY,19,20260930T164027Z,5995-01-137-6478,"CABLE ASSEMBLY,SPEC",G,335931,5.0,,,2026-04-30,2026-05-14,CABLE ASSEMBLY,DIBBS|SPE4A626U2952|5995-01-137-6478,C10,Harnesses / Cable Assemblies / Box Builds,CABLE ASSEMBLY,CABLE ASSEMBLY,False,adjacent,,"DIBBS RFQ Text Search result, AMSC field, retrieved 20260930T164027Z",past deadline
SPE4A626U2456,5995-01-259-2703,SPE4A626U2456,03-26-2026,04-14-2026,2026-08-21 02:41:27,Origin,Origin,Tech,1000227258,https://dibbs2.bsm.dla.mil/Downloads/RFQ/6/SPE4A626U2456.PDF,https://www.dibbs.bsm.dla.mil/RFQ/RFQRec.aspx?sn=SPE4A626U2456,https://www.dibbs.bsm.dla.mil/rfq/rfqrec.aspx?sn=SPE4A626U2456,CABLE ASSEMBLY,19,20260930T164027Z,5995-01-259-2703,"CABLE ASSEMBLY,RADI",G,334419,16.0,,,2026-03-26,2026-04-14,CABLE ASSEMBLY,DIBBS|SPE4A626U2456|5995-01-259-2703,C10,Harnesses / Cable Assemblies / Box Builds,CABLE ASSEMBLY,CABLE ASSEMBLY,False,adjacent,,"DIBBS RFQ Text Search result, AMSC field, retrieved 20260930T164027Z",past deadline
SPE4A626T89P2,5995-01-032-5730,SPE4A626T89P2,06-15-2026,06-22-2026,2026-08-21 02:41:27,Origin,Origin,Tech,7017147146,https://dibbs2.bsm.dla.mil/Downloads/RFQ/2/SPE4A626T89P2.PDF,https://www.dibbs.bsm.dla.mil/RFQ/RFQRec.aspx?sn=SPE4A626T89P2,https://www.dibbs.bsm.dla.mil/rfq/rfqrec.aspx?sn=SPE4A626T89P2,CABLE ASSEMBLY,20,20260930T164044Z,5995-01-032-5730,"CABLE ASSEMBLY,RADI",G,334419,1.0,,,2026-06-15,2026-06-22,CABLE ASSEMBLY,DIBBS|SPE4A626T89P2|5995-01-032-5730,C10,Harnesses / Cable Assemblies / Box Builds,CABLE ASSEMBLY,CABLE ASSEMBLY,False,adjacent,,"DIBBS RFQ Text Search result, AMSC field, retrieved 20260930T164044Z",past deadline
SPE4A626T88V1,5995-01-484-8758,SPE4A626T88V1,06-12-2026,06-22-2026,2026-08-21 02:41:27,Origin,Destination,Tech,7017010242,https://dibbs2.bsm.dla.mil/Downloads/RFQ/1/SPE4A626T88V1.PDF,https://www.dibbs.bsm.dla.mil/RFQ/RFQRec.aspx?sn=SPE4A626T88V1,https://www.dibbs.bsm.dla.mil/rfq/rfqrec.aspx?sn=SPE4A626T88V1,CABLE ASSEMBLY,20,20260930T164044Z,5995-01-484-8758,"CABLE ASSEMBLY SET,ELE",G,335931,1.0,,,2026-06-12,2026-06-22,CABLE ASSEMBLY,DIBBS|SPE4A626T88V1|5995-01-484-8758,C10,Harnesses / Cable Assemblies / Box Builds,CABLE ASSEMBLY,CABLE ASSEMBLY,False,adjacent,,"DIBBS RFQ Text Search result, AMSC field, retrieved 20260930T164044Z",past deadline
SPE4A626T822A,4920-01-462-9074,SPE4A626T822A,02-25-2026,03-04-2026,2026-08-21 02:41:27,Origin,Origin,Tech,7015604954,https://dibbs2.bsm.dla.mil/Downloads/RFQ/A/SPE4A626T822A.PDF,https://www.dibbs.bsm.dla.mil/RFQ/RFQRec.aspx?sn=SPE4A626T822A,https://www.dibbs.bsm.dla.mil/rfq/rfqrec.aspx?sn=SPE4A626T822A,CABLE ASSEMBLY,20,20260930T164044Z,4920-01-462-9074,"CABLE ASSEMBLY,INTE",G,334419,37.0,,,2026-02-25,2026-03-04,CABLE ASSEMBLY,DIBBS|SPE4A626T822A|4920-01-462-9074,C10,Harnesses / Cable Assemblies / Box Builds,CABLE ASSEMBLY,CABLE ASSEMBLY,False,adjacent,,"DIBBS RFQ Text Search result, AMSC field, retrieved 20260930T164044Z",past deadline
SPE4A626T80V6,6150-01-559-6613,SPE4A626T80V6,06-05-2026,06-12-2026,2026-08-21 02:41:27,Origin,Origin,Tech,7016869814,https://dibbs2.bsm.dla.mil/Downloads/RFQ/6/SPE4A626T80V6.PDF,https://www.dibbs.bsm.dla.mil/RFQ/RFQRec.aspx?sn=SPE4A626T80V6,https://www.dibbs.bsm.dla.mil/rfq/rfqrec.aspx?sn=SPE4A626T80V6,CABLE ASSEMBLY,20,20260930T164044Z,6150-01-559-6613,"CABLE ASSEMBLY,SPEC",G,334419,1.0,,,2026-06-05,2026-06-12,CABLE ASSEMBLY,DIBBS|SPE4A626T80V6|6150-01-559-6613,C10,Harnesses / Cable Assemblies / Box Builds,CABLE ASSEMBLY,CABLE ASSEMBLY,False,adjacent,,"DIBBS RFQ Text Search result, AMSC field, retrieved 20260930T164044Z",past deadline
SPE4A726T262W,6150-01-723-5539,SPE4A726T262W,04-17-2026,04-24-2026,2026-08-21 02:41:27,Origin,Origin,Tech,7016376418,https://dibbs2.bsm.dla.mil/Downloads/RFQ/W/SPE4A726T262W.PDF,https://www.dibbs.bsm.dla.mil/RFQ/RFQRec.aspx?sn=SPE4A726T262W,https://www.dibbs.bsm.dla.mil/rfq/rfqrec.aspx?sn=SPE4A726T262W,CABLE ASSEMBLY,20,20260930T164044Z,6150-01-723-5539,"CABLE ASSEMBLY,SPEC",G,332510,3.0,,,2026-04-17,2026-04-24,CABLE ASSEMBLY,DIBBS|SPE4A726T262W|6150-01-723-5539,C10,Harnesses / Cable Assemblies / Box Builds,CABLE ASSEMBLY,CABLE ASSEMBLY,False,adjacent,,"DIBBS RFQ Text Search result, AMSC field, retrieved 20260930T164044Z",past deadline
SPE4A726T227Q,6150-01-128-5592,SPE4A726T227Q,04-10-2026,04-17-2026,2026-08-21 02:41:27,Origin,Origin,Tech,7015599429,https://dibbs2.bsm.dla.mil/Downloads/RFQ/Q/SPE4A726T227Q.PDF,https://www.dibbs.bsm.dla.mil/RFQ/RFQRec.aspx?sn=SPE4A726T227Q,https://www.dibbs.bsm.dla.mil/rfq/rfqrec.aspx?sn=SPE4A726T227Q,CABLE ASSEMBLY,20,20260930T164044Z,6150-01-128-5592,"CABLE ASSEMBLY,SPEC",G,334419,39.0,,,2026-04-10,2026-04-17,CABLE ASSEMBLY,DIBBS|SPE4A726T227Q|6150-01-128-5592,C10,Harnesses / Cable Assemblies / Box Builds,CABLE ASSEMBLY,CABLE ASSEMBLY,False,adjacent,,"DIBBS RFQ Text Search result, AMSC field, retrieved 20260930T164044Z",past deadline
SPE4A726T214U,5995-01-623-7803,SPE4A726T214U,04-08-2026,04-15-2026,2026-08-21 02:41:27,Origin,Origin,Tech,7016228516,https://dibbs2.bsm.dla.mil/Downloads/RFQ/U/SPE4A726T214U.PDF,https://www.dibbs.bsm.dla.mil/RFQ/RFQRec.aspx?sn=SPE4A726T214U,https://www.dibbs.bsm.dla.mil/rfq/rfqrec.aspx?sn=SPE4A726T214U,CABLE ASSEMBLY,20,20260930T164044Z,5995-01-623-7803,"CABLE ASSEMBLY,SPEC",G,335931,1.0,,,2026-04-08,2026-04-15,CABLE ASSEMBLY,DIBBS|SPE4A726T214U|5995-01-623-7803,C10,Harnesses / Cable Assemblies / Box Builds,CABLE ASSEMBLY,CABLE ASSEMBLY,False,adjacent,,"DIBBS RFQ Text Search result, AMSC field, retrieved 20260930T164044Z",past deadline
SPE4A726T212Q,5995-01-440-1904,SPE4A726T212Q,04-08-2026,04-15-2026,2026-08-21 02:41:27,Origin,Origin,Tech,7016228632,https://dibbs2.bsm.dla.mil/Downloads/RFQ/Q/SPE4A726T212Q.PDF,https://www.dibbs.bsm.dla.mil/RFQ/RFQRec.aspx?sn=SPE4A726T212Q,https://www.dibbs.bsm.dla.mil/rfq/rfqrec.aspx?sn=SPE4A726T212Q,CABLE ASSEMBLY,20,20260930T164044Z,5995-01-440-1904,"CABLE ASSEMBLY,RADI",G,334419,265.0,,,2026-04-08,2026-04-15,CABLE ASSEMBLY,DIBBS|SPE4A726T212Q|5995-01-440-1904,C10,Harnesses / Cable Assemblies / Box Builds,CABLE ASSEMBLY,CABLE ASSEMBLY,False,adjacent,,"DIBBS RFQ Text Search result, AMSC field, retrieved 20260930T164044Z",past deadline
SPE4A726T9492,4935-01-193-6661,SPE4A726T9492,02-19-2026,02-26-2026,2026-08-21 02:41:27,Origin,Origin,Tech,7014544895,https://dibbs2.bsm.dla.mil/Downloads/RFQ/2/SPE4A726T9492.PDF,https://www.dibbs.bsm.dla.mil/RFQ/RFQRec.aspx?sn=SPE4A726T9492,https://www.dibbs.bsm.dla.mil/rfq/rfqrec.aspx?sn=SPE4A726T9492,CABLE ASSEMBLY,20,20260930T164044Z,4935-01-193-6661,"CABLE ASSEMBLY,POWE",G,334514,9.0,,,2026-02-19,2026-02-26,CABLE ASSEMBLY,DIBBS|SPE4A726T9492|4935-01-193-6661,C10,Harnesses / Cable Assemblies / Box Builds,CABLE ASSEMBLY,CABLE ASSEMBLY,False,adjacent,,"DIBBS RFQ Text Search result, AMSC field, retrieved 20260930T164044Z",past deadline
SPE4A726T9463,6150-01-278-0753,SPE4A726T9463,02-18-2026,02-25-2026,2026-08-21 02:41:27,Origin,Origin,Tech,7015476410,https://dibbs2.bsm.dla.mil/Downloads/RFQ/3/SPE4A726T9463.PDF,https://www.dibbs.bsm.dla.mil/RFQ/RFQRec.aspx?sn=SPE4A726T9463,https://www.dibbs.bsm.dla.mil/rfq/rfqrec.aspx?sn=SPE4A726T9463,CABLE ASSEMBLY,20,20260930T164044Z,6150-01-278-0753,"CABLE ASSEMBLY,SPEC",G,334419,16.0,,,2026-02-18,2026-02-25,CABLE ASSEMBLY,DIBBS|SPE4A726T9463|6150-01-278-0753,C10,Harnesses / Cable Assemblies / Box Builds,CABLE ASSEMBLY,CABLE ASSEMBLY,False,adjacent,,"DIBBS RFQ Text Search result, AMSC field, retrieved 20260930T164044Z",past deadline
SPE4A626T69H5,5995-01-568-7250,SPE4A626T69H5,05-22-2026,05-29-2026,2026-08-21 02:41:27,Origin,Origin,Tech,7016845218,https://dibbs2.bsm.dla.mil/Downloads/RFQ/5/SPE4A626T69H5.PDF,https://www.dibbs.bsm.dla.mil/RFQ/RFQRec.aspx?sn=SPE4A626T69H5,https://www.dibbs.bsm.dla.mil/rfq/rfqrec.aspx?sn=SPE4A626T69H5,CABLE ASSEMBLY,20,20260930T164044Z,5995-01-568-7250,"CABLE ASSEMBLY,SPEC",G,335931,5.0,,,2026-05-22,2026-05-29,CABLE ASSEMBLY,DIBBS|SPE4A626T69H5|5995-01-568-7250,C10,Harnesses / Cable Assemblies / Box Builds,CABLE ASSEMBLY,CABLE ASSEMBLY,False,adjacent,,"DIBBS RFQ Text Search result, AMSC field, retrieved 20260930T164044Z",past deadline
SPE4A626T68J1,5995-01-716-9192,SPE4A626T68J1,05-22-2026,06-04-2026,2026-08-21 02:41:27,Destination,Destination,Tech,7016832984,https://dibbs2.bsm.dla.mil/Downloads/RFQ/1/SPE4A626T68J1.PDF,https://www.dibbs.bsm.dla.mil/RFQ/RFQRec.aspx?sn=SPE4A626T68J1,https://www.dibbs.bsm.dla.mil/rfq/rfqrec.aspx?sn=SPE4A626T68J1,CABLE ASSEMBLY,20,20260930T164044Z,5995-01-716-9192,"CABLE ASSEMBLY,SPEC",G,335931,1.0,,,2026-05-22,2026-06-04,CABLE ASSEMBLY,DIBBS|SPE4A626T68J1|5995-01-716-9192,C10,Harnesses / Cable Assemblies / Box Builds,CABLE ASSEMBLY,CABLE ASSEMBLY,False,adjacent,,"DIBBS RFQ Text Search result, AMSC field, retrieved 20260930T164044Z",past deadline
SPE4A626T67K2,5995-01-682-8154,SPE4A626T67K2,05-21-2026,05-28-2026,2026-08-21 02:41:27,Origin,Origin,Tech,7016879964,https://dibbs2.bsm.dla.mil/Downloads/RFQ/2/SPE4A626T67K2.PDF,https://www.dibbs.bsm.dla.mil/RFQ/RFQRec.aspx?sn=SPE4A626T67K2,https://www.dibbs.bsm.dla.mil/rfq/rfqrec.aspx?sn=SPE4A626T67K2,CABLE ASSEMBLY,20,20260930T164044Z,5995-01-682-8154,"CABLE ASSEMBLY,SPEC",G,335931,5.0,,,2026-05-21,2026-05-28,CABLE ASSEMBLY,DIBBS|SPE4A626T67K2|5995-01-682-8154,C10,Harnesses / Cable Assemblies / Box Builds,CABLE ASSEMBLY,CABLE ASSEMBLY,False,adjacent,,"DIBBS RFQ Text Search result, AMSC field, retrieved 20260930T164044Z",past deadline
SPE4A626T60P3,6150-01-718-7966,SPE4A626T60P3,05-19-2026,05-26-2026,2026-08-21 02:41:27,Origin,Origin,Tech,7014545161,https://dibbs2.bsm.dla.mil/Downloads/RFQ/3/SPE4A626T60P3.PDF,https://www.dibbs.bsm.dla.mil/RFQ/RFQRec.aspx?sn=SPE4A626T60P3,https://www.dibbs.bsm.dla.mil/rfq/rfqrec.aspx?sn=SPE4A626T60P3,CABLE ASSEMBLY,20,20260930T164044Z,6150-01-718-7966,"CABLE ASSEMBLY,SPEC",G,335311,2.0,,,2026-05-19,2026-05-26,CABLE ASSEMBLY,DIBBS|SPE4A626T60P3|6150-01-718-7966,C10,Harnesses / Cable Assemblies / Box Builds,CABLE ASSEMBLY,CABLE ASSEMBLY,False,adjacent,,"DIBBS RFQ Text Search result, AMSC field, retrieved 20260930T164044Z",past deadline
SPE4A626T55K3,5995-01-665-6387,SPE4A626T55K3,05-14-2026,05-28-2026,2026-08-21 02:41:27,Origin,Origin,Tech,7016783267,https://dibbs2.bsm.dla.mil/Downloads/RFQ/3/SPE4A626T55K3.PDF,https://www.dibbs.bsm.dla.mil/RFQ/RFQRec.aspx?sn=SPE4A626T55K3,https://www.dibbs.bsm.dla.mil/rfq/rfqrec.aspx?sn=SPE4A626T55K3,CABLE ASSEMBLY,20,20260930T164044Z,5995-01-665-6387,"CABLE ASSEMBLY,SPEC",G,335931,8.0,,,2026-05-14,2026-05-28,CABLE ASSEMBLY,DIBBS|SPE4A626T55K3|5995-01-665-6387,C10,Harnesses / Cable Assemblies / Box Builds,CABLE ASSEMBLY,CABLE ASSEMBLY,False,adjacent,,"DIBBS RFQ Text Search result, AMSC field, retrieved 20260930T164044Z",past deadline
SPE4A726T192H,5995-01-679-0386,SPE4A726T192H,04-03-2026,06-26-2026,2026-08-21 02:41:27,Origin,Origin,None,7016153671,https://dibbs2.bsm.dla.mil/Downloads/RFQ/H/SPE4A726T192H.PDF,https://www.dibbs.bsm.dla.mil/RFQ/RFQRec.aspx?sn=SPE4A726T192H,https://www.dibbs.bsm.dla.mil/rfq/rfqrec.aspx?sn=SPE4A726T192H,CABLE ASSEMBLY,20,20260930T164044Z,5995-01-679-0386,"CABLE ASSEMBLY,SPEC",G,335931,4.0,,,2026-04-03,2026-06-26,CABLE ASSEMBLY,DIBBS|SPE4A726T192H|5995-01-679-0386,C10,Harnesses / Cable Assemblies / Box Builds,CABLE ASSEMBLY,CABLE ASSEMBLY,False,adjacent,,"DIBBS RFQ Text Search result, AMSC field, retrieved 20260930T164044Z",past deadline
SPE4A726T149Y,5995-01-209-6187,SPE4A726T149Y,03-26-2026,04-02-2026,2026-08-21 02:41:27,Origin,Origin,Tech,7016048569,https://dibbs2.bsm.dla.mil/Downloads/RFQ/Y/SPE4A726T149Y.PDF,https://www.dibbs.bsm.dla.mil/RFQ/RFQRec.aspx?sn=SPE4A726T149Y,https://www.dibbs.bsm.dla.mil/rfq/rfqrec.aspx?sn=SPE4A726T149Y,CABLE ASSEMBLY,20,20260930T164044Z,5995-01-209-6187,"CABLE ASSEMBLY,RADI",G,334419,15.0,,,2026-03-26,2026-04-02,CABLE ASSEMBLY,DIBBS|SPE4A726T149Y|5995-01-209-6187,C10,Harnesses / Cable Assemblies / Box Builds,CABLE ASSEMBLY,CABLE ASSEMBLY,False,adjacent,,"DIBBS RFQ Text Search result, AMSC field, retrieved 20260930T164044Z",past deadline
SPE4A726T097C,5995-01-091-6345,SPE4A726T097C,03-17-2026,03-24-2026,2026-08-21 02:41:27,Origin,Origin,Tech,7015854473,https://dibbs2.bsm.dla.mil/Downloads/RFQ/C/SPE4A726T097C.PDF,https://www.dibbs.bsm.dla.mil/RFQ/RFQRec.aspx?sn=SPE4A726T097C,https://www.dibbs.bsm.dla.mil/rfq/rfqrec.aspx?sn=SPE4A726T097C,CABLE ASSEMBLY,20,20260930T164044Z,5995-01-091-6345,"CABLE ASSEMBLY,RADI",G,334419,8.0,,,2026-03-17,2026-03-24,CABLE ASSEMBLY,DIBBS|SPE4A726T097C|5995-01-091-6345,C10,Harnesses / Cable Assemblies / Box Builds,CABLE ASSEMBLY,CABLE ASSEMBLY,False,adjacent,,"DIBBS RFQ Text Search result, AMSC field, retrieved 20260930T164044Z",past deadline
SPE4A726T075M,5995-01-676-3348,SPE4A726T075M,03-11-2026,03-18-2026,2026-08-21 02:41:27,Origin,Origin,Tech,7015854006,https://dibbs2.bsm.dla.mil/Downloads/RFQ/M/SPE4A726T075M.PDF,https://www.dibbs.bsm.dla.mil/RFQ/RFQRec.aspx?sn=SPE4A726T075M,https://www.dibbs.bsm.dla.mil/rfq/rfqrec.aspx?sn=SPE4A726T075M,CABLE ASSEMBLY,20,20260930T164044Z,5995-01-676-3348,"CABLE ASSEMBLY,SPEC",G,335931,17.0,,,2026-03-11,2026-03-18,CABLE ASSEMBLY,DIBBS|SPE4A726T075M|5995-01-676-3348,C10,Harnesses / Cable Assemblies / Box Builds,CABLE ASSEMBLY,CABLE ASSEMBLY,False,adjacent,,"DIBBS RFQ Text Search result, AMSC field, retrieved 20260930T164044Z",past deadline
SPE4A726T075G,5995-01-658-6845,SPE4A726T075G,03-11-2026,03-18-2026,2026-08-21 02:41:27,Origin,Origin,Tech,7015853304,https://dibbs2.bsm.dla.mil/Downloads/RFQ/G/SPE4A726T075G.PDF,https://www.dibbs.bsm.dla.mil/RFQ/RFQRec.aspx?sn=SPE4A726T075G,https://www.dibbs.bsm.dla.mil/rfq/rfqrec.aspx?sn=SPE4A726T075G,CABLE ASSEMBLY,20,20260930T164044Z,5995-01-658-6845,"CABLE ASSEMBLY,RADI",G,335931,13.0,,,2026-03-11,2026-03-18,CABLE ASSEMBLY,DIBBS|SPE4A726T075G|5995-01-658-6845,C10,Harnesses / Cable Assemblies / Box Builds,CABLE ASSEMBLY,CABLE ASSEMBLY,False,adjacent,,"DIBBS RFQ Text Search result, AMSC field, retrieved 20260930T164044Z",past deadline
SPE4A726T073M,1640-01-667-2717,SPE4A726T073M,03-11-2026,03-18-2026,2026-08-21 02:41:27,Origin,Origin,Tech,7015688843,https://dibbs2.bsm.dla.mil/Downloads/RFQ/M/SPE4A726T073M.PDF,https://www.dibbs.bsm.dla.mil/RFQ/RFQRec.aspx?sn=SPE4A726T073M,https://www.dibbs.bsm.dla.mil/rfq/rfqrec.aspx?sn=SPE4A726T073M,CABLE ASSEMBLY,20,20260930T164044Z,1640-01-667-2717,"CABLE ASSEMBLY,CONT",G,336413,6.0,,,2026-03-11,2026-03-18,CABLE ASSEMBLY,DIBBS|SPE4A726T073M|1640-01-667-2717,C10,Harnesses / Cable Assemblies / Box Builds,CABLE ASSEMBLY,CABLE ASSEMBLY,False,adjacent,,"DIBBS RFQ Text Search result, AMSC field, retrieved 20260930T164044Z",past deadline
SPE4A726T069V,5995-01-674-3731,SPE4A726T069V,03-11-2026,03-18-2026,2026-08-21 02:41:27,Origin,Origin,Tech,7015853738,https://dibbs2.bsm.dla.mil/Downloads/RFQ/V/SPE4A726T069V.PDF,https://www.dibbs.bsm.dla.mil/RFQ/RFQRec.aspx?sn=SPE4A726T069V,https://www.dibbs.bsm.dla.mil/rfq/rfqrec.aspx?sn=SPE4A726T069V,CABLE ASSEMBLY,20,20260930T164044Z,5995-01-674-3731,"CABLE ASSEMBLY,SPEC",G,335931,12.0,,,2026-03-11,2026-03-18,CABLE ASSEMBLY,DIBBS|SPE4A726T069V|5995-01-674-3731,C10,Harnesses / Cable Assemblies / Box Builds,CABLE ASSEMBLY,CABLE ASSEMBLY,False,adjacent,,"DIBBS RFQ Text Search result, AMSC field, retrieved 20260930T164044Z",past deadline
SPE4A726T042N,6150-01-309-9305,SPE4A726T042N,03-05-2026,03-12-2026,2026-08-21 02:41:27,Origin,Origin,Tech,7013943647,https://dibbs2.bsm.dla.mil/Downloads/RFQ/N/SPE4A726T042N.PDF,https://www.dibbs.bsm.dla.mil/RFQ/RFQRec.aspx?sn=SPE4A726T042N,https://www.dibbs.bsm.dla.mil/rfq/rfqrec.aspx?sn=SPE4A726T042N,CABLE ASSEMBLY,20,20260930T164044Z,6150-01-309-9305,"CABLE ASSEMBLY,SPEC",G,334419,5.0,,,2026-03-05,2026-03-12,CABLE ASSEMBLY,DIBBS|SPE4A726T042N|6150-01-309-9305,C10,Harnesses / Cable Assemblies / Box Builds,CABLE ASSEMBLY,CABLE ASSEMBLY,False,adjacent,,"DIBBS RFQ Text Search result, AMSC field, retrieved 20260930T164044Z",past deadline
SPE4A626U2795,5995-01-674-7240,SPE4A626U2795,04-14-2026,05-01-2026,2026-08-21 02:41:27,Origin,Destination,Tech,1000231153,https://dibbs2.bsm.dla.mil/Downloads/RFQ/5/SPE4A626U2795.PDF,https://www.dibbs.bsm.dla.mil/RFQ/RFQRec.aspx?sn=SPE4A626U2795,https://www.dibbs.bsm.dla.mil/rfq/rfqrec.aspx?sn=SPE4A626U2795,CABLE ASSEMBLY,20,20260930T164044Z,5995-01-674-7240,"CABLE ASSEMBLY,SPEC",G,335931,97.0,,,2026-04-14,2026-05-01,CABLE ASSEMBLY,DIBBS|SPE4A626U2795|5995-01-674-7240,C10,Harnesses / Cable Assemblies / Box Builds,CABLE ASSEMBLY,CABLE ASSEMBLY,False,adjacent,,"DIBBS RFQ Text Search result, AMSC field, retrieved 20260930T164044Z",past deadline
SPE4A626U2578,6150-01-725-2055,SPE4A626U2578,04-09-2026,04-23-2026,2026-08-21 02:41:27,Origin,Origin,Tech,1000229528,https://dibbs2.bsm.dla.mil/Downloads/RFQ/8/SPE4A626U2578.PDF,https://www.dibbs.bsm.dla.mil/RFQ/RFQRec.aspx?sn=SPE4A626U2578,https://www.dibbs.bsm.dla.mil/rfq/rfqrec.aspx?sn=SPE4A626U2578,CABLE ASSEMBLY,20,20260930T164044Z,6150-01-725-2055,"CABLE ASSEMBLY,POWE",G,335311,4.0,,,2026-04-09,2026-04-23,CABLE ASSEMBLY,DIBBS|SPE4A626U2578|6150-01-725-2055,C10,Harnesses / Cable Assemblies / Box Builds,CABLE ASSEMBLY,CABLE ASSEMBLY,False,adjacent,,"DIBBS RFQ Text Search result, AMSC field, retrieved 20260930T164044Z",past deadline
SPE7M126T370P,6110-01-467-5988,SPE7M126T370P,09-24-2026,10-05-2026,2026-09-23 04:54:57,Origin,Destination,Tech,7017437855,https://dibbs2.bsm.dla.mil/Downloads/RFQ/P/SPE7M126T370P.PDF,https://www.dibbs.bsm.dla.mil/RFQ/RFQRec.aspx?sn=SPE7M126T370P,https://www.dibbs.bsm.dla.mil/rfq/rfqrec.aspx?sn=SPE7M126T370P,BOX,12,20260930T164423Z,6110-01-467-5988,DISTRIBUTION BOX,G,335932,9.0,,,2026-09-24,2026-10-05,BOX,DIBBS|SPE7M126T370P|6110-01-467-5988,C10,Harnesses / Cable Assemblies / Box Builds,DISTRIBUTION BOX,DISTRIBUTION BOX,False,adjacent,,"DIBBS RFQ Text Search result, AMSC field, retrieved 20260930T164423Z",open by deadline
SPE7M126T351C,6110-01-628-0598,SPE7M126T351C,09-14-2026,09-24-2026,2026-09-13 03:47:14,Origin,Destination,Tech,7017780995,https://dibbs2.bsm.dla.mil/Downloads/RFQ/C/SPE7M126T351C.PDF,https://www.dibbs.bsm.dla.mil/RFQ/RFQRec.aspx?sn=SPE7M126T351C,https://www.dibbs.bsm.dla.mil/rfq/rfqrec.aspx?sn=SPE7M126T351C,BOX,14,20260930T164500Z,6110-01-628-0598,DISTRIBUTION BOX,G,335999,2.0,,,2026-09-14,2026-09-24,BOX,DIBBS|SPE7M126T351C|6110-01-628-0598,C10,Harnesses / Cable Assemblies / Box Builds,DISTRIBUTION BOX,DISTRIBUTION BOX,False,adjacent,,"DIBBS RFQ Text Search result, AMSC field, retrieved 20260930T164500Z",past deadline
SPE7M126T324G,6110-01-628-0598,SPE7M126T324G,09-02-2026,09-14-2026,2026-09-01 11:39:16,Origin,Destination,Tech,7017397569,https://dibbs2.bsm.dla.mil/Downloads/RFQ/G/SPE7M126T324G.PDF,https://www.dibbs.bsm.dla.mil/RFQ/RFQRec.aspx?sn=SPE7M126T324G,https://www.dibbs.bsm.dla.mil/rfq/rfqrec.aspx?sn=SPE7M126T324G,BOX,15,20260930T164519Z,6110-01-628-0598,DISTRIBUTION BOX,G,335999,1.0,,,2026-09-02,2026-09-14,BOX,DIBBS|SPE7M126T324G|6110-01-628-0598,C10,Harnesses / Cable Assemblies / Box Builds,DISTRIBUTION BOX,DISTRIBUTION BOX,False,adjacent,,"DIBBS RFQ Text Search result, AMSC field, retrieved 20260930T164519Z",past deadline
SPE7L126T766W,1045-01-627-1471,SPE7L126T766W,06-26-2026,07-06-2026,2026-08-21 02:41:27,Origin,Origin,Tech,7016983041,https://dibbs2.bsm.dla.mil/Downloads/RFQ/W/SPE7L126T766W.PDF,https://www.dibbs.bsm.dla.mil/RFQ/RFQRec.aspx?sn=SPE7L126T766W,https://www.dibbs.bsm.dla.mil/rfq/rfqrec.aspx?sn=SPE7L126T766W,BOX,18,20260930T164621Z,1045-01-627-1471,"CONTROL BOX,ELECTRI",G,332994,1.0,,,2026-06-26,2026-07-06,BOX,DIBBS|SPE7L126T766W|1045-01-627-1471,C10,Harnesses / Cable Assemblies / Box Builds,CONTROL BOX,CONTROL BOX,False,adjacent,,"DIBBS RFQ Text Search result, AMSC field, retrieved 20260930T164621Z",past deadline
SPE7L426T6402,2540-01-540-8415,SPE7L426T6402,08-20-2026,08-31-2026,2026-08-21 02:41:27,Origin,Origin,Tech,7017777467,https://dibbs2.bsm.dla.mil/Downloads/RFQ/2/SPE7L426T6402.PDF,https://www.dibbs.bsm.dla.mil/RFQ/RFQRec.aspx?sn=SPE7L426T6402,https://www.dibbs.bsm.dla.mil/rfq/rfqrec.aspx?sn=SPE7L426T6402,BOX,19,20260930T164640Z,2540-01-540-8415,"CONTROL BOX,ELECTRI",G,336390,6.0,,,2026-08-20,2026-08-31,BOX,DIBBS|SPE7L426T6402|2540-01-540-8415,C10,Harnesses / Cable Assemblies / Box Builds,CONTROL BOX,CONTROL BOX,False,adjacent,,"DIBBS RFQ Text Search result, AMSC field, retrieved 20260930T164640Z",past deadline
