sol_key,clin,pr,prli,unit,quantity,nsn,is_first_article_line,line_key,source,unit_price_selected,price_basis,estimated_value
SPE4A026T2701,0001,7016368624,0001,EA,1.0,6150-01-371-0274,False,DIBBS|SPE4A026T2701|CLIN0001,"SPE4A026T2701.PDF, CLIN table",1200.0,"exact-NSN history, most recent award",1200.0
SPE4A026T2909,0001,7016548596,0001,EA,1.0,6150-01-656-8103,False,DIBBS|SPE4A026T2909|CLIN0001,"SPE4A026T2909.PDF, CLIN table",4277.77,"exact-NSN history, most recent award",4277.77
SPE4A026T4020,0001,7017559893,0001,EA,1.0,5995-01-680-4126,False,DIBBS|SPE4A026T4020|CLIN0001,"SPE4A026T4020.PDF, CLIN table",6612.0,"exact-NSN history, most recent award",6612.0
SPE4A026T4020,0002,0000000000,,EA,1.0,0001S00000053,True,DIBBS|SPE4A026T4020|CLIN0002,"SPE4A026T4020.PDF, CLIN table",,,
SPE4A026T4230,0001,7017752493,0001,EA,1.0,6150-01-513-8127,False,DIBBS|SPE4A026T4230|CLIN0001,"SPE4A026T4230.PDF, CLIN table",12980.0,"exact-NSN history, most recent award",12980.0
SPE4A026T4334,0001,7017861125,0001,EA,1.0,6150-01-688-1574,False,DIBBS|SPE4A026T4334|CLIN0001,"SPE4A026T4334.PDF, CLIN table",2680.0,"exact-NSN history, most recent award",2680.0
SPE4A026T4334,0002,0000000000,,EA,1.0,0001S00000053,True,DIBBS|SPE4A026T4334|CLIN0002,"SPE4A026T4334.PDF, CLIN table",,,
SPE4A026T4348,0001,7017426040,0001,EA,1.0,6150-01-546-2030,False,DIBBS|SPE4A026T4348|CLIN0001,"SPE4A026T4348.PDF, CLIN table",10243.0,"exact-NSN history, most recent award",10243.0
SPE4A026T4348,0002,0000000000,,EA,1.0,0001S00000053,True,DIBBS|SPE4A026T4348|CLIN0002,"SPE4A026T4348.PDF, CLIN table",,,
SPE4A026T4439,0001,7017947626,0001,EA,1.0,5995-01-579-6552,False,DIBBS|SPE4A026T4439|CLIN0001,"SPE4A026T4439.PDF, CLIN table",,unpriced,
SPE4A026T4439,0002,0000000000,,EA,1.0,0001S00000052,True,DIBBS|SPE4A026T4439|CLIN0002,"SPE4A026T4439.PDF, CLIN table",,,
SPE4A026T4617,0001,7018121860,0001,EA,1.0,6150-00-902-9830,False,DIBBS|SPE4A026T4617|CLIN0001,"SPE4A026T4617.PDF, CLIN table",9793.37,"exact-NSN history, most recent award",9793.37
SPE4A026T4658,0001,7018118565,0001,EA,1.0,6150-01-673-1749,False,DIBBS|SPE4A026T4658|CLIN0001,"SPE4A026T4658.PDF, CLIN table",14777.77,"exact-NSN history, most recent award",14777.77
SPE4A026T4677,0001,7017801122,0001,EA,1.0,4920-01-565-4272,False,DIBBS|SPE4A026T4677|CLIN0001,"SPE4A026T4677.PDF, CLIN table",,unpriced,
SPE4A026T4734,0001,7018121994,0001,EA,1.0,6150-01-674-4561,False,DIBBS|SPE4A026T4734|CLIN0001,"SPE4A026T4734.PDF, CLIN table",1950.0,"exact-NSN history, most recent award",1950.0
SPE4A026T4734,0002,0000000000,,EA,1.0,0001S00000053,True,DIBBS|SPE4A026T4734|CLIN0002,"SPE4A026T4734.PDF, CLIN table",,,
SPE4A026T4896,0001,7018319028,0001,EA,1.0,6150-01-601-2876,False,DIBBS|SPE4A026T4896|CLIN0001,"SPE4A026T4896.PDF, CLIN table",1494.16,"exact-NSN history, most recent award",1494.16
SPE4A026T4936,0001,7018319082,0001,EA,1.0,4920-01-622-6861,False,DIBBS|SPE4A026T4936|CLIN0001,"SPE4A026T4936.PDF, CLIN table",,unpriced,
SPE4A026T4944,0001,7017823796,0001,EA,1.0,5995-01-681-7913,False,DIBBS|SPE4A026T4944|CLIN0001,"SPE4A026T4944.PDF, CLIN table",2900.0,"exact-NSN history, most recent award",2900.0
SPE4A026T4954,0001,7018373917,0001,EA,1.0,6150-01-588-5621,False,DIBBS|SPE4A026T4954|CLIN0001,"SPE4A026T4954.PDF, CLIN table",394.0,"exact-NSN history, most recent award",394.0
SPE4A026T4963,0001,7018016208,0001,EA,1.0,6150-01-689-9193,False,DIBBS|SPE4A026T4963|CLIN0001,"SPE4A026T4963.PDF, CLIN table",,unpriced,
SPE4A026T5032,0001,7018402225,0001,EA,1.0,5995-01-722-4855,False,DIBBS|SPE4A026T5032|CLIN0001,"SPE4A026T5032.PDF, CLIN table",,unpriced,
SPE4A026T5032,0002,7018420583,0001,EA,1.0,5995-01-722-4855,False,DIBBS|SPE4A026T5032|CLIN0002,"SPE4A026T5032.PDF, CLIN table",,unpriced,
SPE4A026T5074,0001,7018469892,0001,EA,1.0,6150-01-659-5477,False,DIBBS|SPE4A026T5074|CLIN0001,"SPE4A026T5074.PDF, CLIN table",,unpriced,
SPE4A026T5074,0002,0000000000,,EA,1.0,0001S00000053,True,DIBBS|SPE4A026T5074|CLIN0002,"SPE4A026T5074.PDF, CLIN table",,,
SPE4A126T1498,0001,0070306942,0001,EA,4.0,6150-01-555-9790,False,DIBBS|SPE4A126T1498|CLIN0001,"SPE4A126T1498.PDF, CLIN table",9347.45,"exact-NSN history, most recent award",37389.8
SPE4A126T1682,0001,0080394037,0001,EA,36.0,5995-01-245-7656,False,DIBBS|SPE4A126T1682|CLIN0001,"SPE4A126T1682.PDF, CLIN table",525.25,"exact-NSN history, most recent award",18909.0
SPE4A126T1925,0001,0084603376,0001,EA,1.0,6150-01-671-3748,False,DIBBS|SPE4A126T1925|CLIN0001,"SPE4A126T1925.PDF, CLIN table",10750.0,"exact-NSN history, most recent award",10750.0
SPE4A126T1925,0002,0000000000,,EA,1.0,0001S00000053,True,DIBBS|SPE4A126T1925|CLIN0002,"SPE4A126T1925.PDF, CLIN table",,,
SPE4A126T2772,0001,7016627919,0001,EA,1.0,6150-01-659-1218,False,DIBBS|SPE4A126T2772|CLIN0001,"SPE4A126T2772.PDF, CLIN table",,unpriced,
SPE4A426T0083,0001,7016227685,0001,EA,14.0,6150-01-543-3021,False,DIBBS|SPE4A426T0083|CLIN0001,"SPE4A426T0083.PDF, CLIN table",700.0,"exact-NSN history, most recent award",9800.0
SPE4A426T0111,0001,7016752729,0001,EA,12.0,6150-01-543-3021,False,DIBBS|SPE4A426T0111|CLIN0001,"SPE4A426T0111.PDF, CLIN table",610.77,"exact-NSN history, most recent award",7329.24
SPE4A426T0192,0001,7018068030,0001,EA,1.0,6150-01-644-9865,False,DIBBS|SPE4A426T0192|CLIN0001,"SPE4A426T0192.PDF, CLIN table",2650.0,"exact-NSN history, most recent award",2650.0
SPE4A426T0192,0002,0000000000,,EA,1.0,S00000061,True,DIBBS|SPE4A426T0192|CLIN0002,"SPE4A426T0192.PDF, CLIN table",,,
SPE4A426T0200,0001,7018378352,0001,EA,5.0,6150-01-560-3859,False,DIBBS|SPE4A426T0200|CLIN0001,"SPE4A426T0200.PDF, CLIN table",5852.0,"exact-NSN history, most recent award",29260.0
SPE4A426T0200,0002,0000000000,,EA,1.0,0001S00000052,True,DIBBS|SPE4A426T0200|CLIN0002,"SPE4A426T0200.PDF, CLIN table",,,
SPE4A526T111H,0001,7016646773,0001,EA,5.0,1620-01-018-2099,False,DIBBS|SPE4A526T111H|CLIN0001,"SPE4A526T111H.PDF, CLIN table",1821.25,"exact-NSN history, most recent award",9106.25
SPE4A526T211W,0001,7017039029,0001,EA,11.0,4920-01-695-4302,False,DIBBS|SPE4A526T211W|CLIN0001,"SPE4A526T211W.PDF, CLIN table",952.77,"exact-NSN history, most recent award",10480.47
SPE4A526T273W,0001,7017384944,0001,EA,1.0,1680-01-552-5486,False,DIBBS|SPE4A526T273W|CLIN0001,"SPE4A526T273W.PDF, CLIN table",,unpriced,
SPE4A526T332W,0001,7017696856,0001,EA,20.0,6210-01-133-2313,False,DIBBS|SPE4A526T332W|CLIN0001,"SPE4A526T332W.PDF, CLIN table",496.0,"exact-NSN history, most recent award",9920.0
SPE4A526T332W,0002,0000000000,,EA,1.0,0001S00000052,True,DIBBS|SPE4A526T332W|CLIN0002,"SPE4A526T332W.PDF, CLIN table",,,
SPE4A526T356L,0001,7016694912,0001,EA,1.0,4030-01-048-6544,False,DIBBS|SPE4A526T356L|CLIN0001,"SPE4A526T356L.PDF, CLIN table",173.0,"exact-NSN history, most recent award",173.0
SPE4A526T399A,0001,7017732324,0001,EA,63.0,6680-01-200-6045,False,DIBBS|SPE4A526T399A|CLIN0001,"SPE4A526T399A.PDF, CLIN table",499.0,"exact-NSN history, most recent award",31437.0
SPE4A526T399A,0002,0000000000,,EA,1.0,0001S00000053,True,DIBBS|SPE4A526T399A|CLIN0002,"SPE4A526T399A.PDF, CLIN table",,,
SPE4A526T425M,0001,7018069038,0001,EA,10.0,4920-01-695-4302,False,DIBBS|SPE4A526T425M|CLIN0001,"SPE4A526T425M.PDF, CLIN table",952.77,"exact-NSN history, most recent award",9527.7
SPE4A526T449D,0001,7018069416,0001,EA,4.0,4920-01-607-6861,False,DIBBS|SPE4A526T449D|CLIN0001,"SPE4A526T449D.PDF, CLIN table",4318.33,"exact-NSN history, most recent award",17273.32
SPE4A526T6635,0001,7015051984,0001,EA,7.0,6220-00-608-9560,False,DIBBS|SPE4A526T6635|CLIN0001,"SPE4A526T6635.PDF, CLIN table",149.0,"exact-NSN history, most recent award",1043.0
SPE4A526T8110,0001,7015537504,0001,EA,7.0,4920-01-695-4302,False,DIBBS|SPE4A526T8110|CLIN0001,"SPE4A526T8110.PDF, CLIN table",920.76,"exact-NSN history, most recent award",6445.32
SPE4A526T9993,0001,7015905066,0001,EA,92.0,9905-01-693-5342,False,DIBBS|SPE4A526T9993|CLIN0001,"SPE4A526T9993.PDF, CLIN table",8.91,"exact-NSN history, most recent award",819.72
SPE4A626T01LL,0001,7015853352,0001,EA,17.0,5995-01-657-8337,False,DIBBS|SPE4A626T01LL|CLIN0001,"SPE4A626T01LL.PDF, CLIN table",1403.77,"exact-NSN history, most recent award",23864.09
SPE4A626T01MM,0001,7015955884,0001,EA,5.0,5995-01-472-9762,False,DIBBS|SPE4A626T01MM|CLIN0001,"SPE4A626T01MM.PDF, CLIN table",383.65,"exact-NSN history, most recent award",1918.25
SPE4A626T01MM,0002,0000000000,,EA,1.0,0001S00000053,True,DIBBS|SPE4A626T01MM|CLIN0002,"SPE4A626T01MM.PDF, CLIN table",,,
SPE4A626T01QF,0001,7017272541,0001,EA,5.0,6150-01-419-9740,False,DIBBS|SPE4A626T01QF|CLIN0001,"SPE4A626T01QF.PDF, CLIN table",20661.88,"exact-NSN history, most recent award",103309.40000000001
SPE4A626T01QF,0002,0000000000,,EA,1.0,0001S00000053,True,DIBBS|SPE4A626T01QF|CLIN0002,"SPE4A626T01QF.PDF, CLIN table",,,
SPE4A626T01VB,0001,7015852557,0001,EA,3.0,5995-01-568-7249,False,DIBBS|SPE4A626T01VB|CLIN0001,"SPE4A626T01VB.PDF, CLIN table",1510.25,"exact-NSN history, most recent award",4530.75
SPE4A626T01ZM,0001,7017108990,0001,EA,13.0,5995-01-672-7891,False,DIBBS|SPE4A626T01ZM|CLIN0001,"SPE4A626T01ZM.PDF, CLIN table",146.57,"exact-NSN history, most recent award",1905.4099999999999
SPE4A626T01ZM,0002,0000000000,,EA,1.0,0001S00000053,True,DIBBS|SPE4A626T01ZM|CLIN0002,"SPE4A626T01ZM.PDF, CLIN table",,,
SPE4A626T02AD,0001,7016336438,0001,EA,8.0,5995-01-674-4050,False,DIBBS|SPE4A626T02AD|CLIN0001,"SPE4A626T02AD.PDF, CLIN table",3275.0,"exact-NSN history, most recent award",26200.0
SPE4A626T02AD,0002,0000000000,,EA,1.0,0001S00000053,True,DIBBS|SPE4A626T02AD|CLIN0002,"SPE4A626T02AD.PDF, CLIN table",,,
SPE4A626T02CQ,0001,7017274275,0001,EA,4.0,6150-01-513-8716,False,DIBBS|SPE4A626T02CQ|CLIN0001,"SPE4A626T02CQ.PDF, CLIN table",2030.0,"exact-NSN history, most recent award",8120.0
SPE4A626T02EX,0001,7014230306,0001,EA,4.0,5995-01-119-4899,False,DIBBS|SPE4A626T02EX|CLIN0001,"SPE4A626T02EX.PDF, CLIN table",625.0,"exact-NSN history, most recent award",2500.0
SPE4A626T02EX,0002,0000000000,,EA,1.0,S00000061,True,DIBBS|SPE4A626T02EX|CLIN0002,"SPE4A626T02EX.PDF, CLIN table",,,
SPE4A626T02JC,0001,7016335097,0001,EA,17.0,6150-01-352-3934,False,DIBBS|SPE4A626T02JC|CLIN0001,"SPE4A626T02JC.PDF, CLIN table",1340.0,"exact-NSN history, most recent award",22780.0
SPE4A626T02JC,0002,0000000000,,EA,1.0,0001S00000052,True,DIBBS|SPE4A626T02JC|CLIN0002,"SPE4A626T02JC.PDF, CLIN table",,,
SPE4A626T02UC,0001,7017384058,0001,EA,4.0,6150-01-091-6599,False,DIBBS|SPE4A626T02UC|CLIN0001,"SPE4A626T02UC.PDF, CLIN table",1165.0,"exact-NSN history, most recent award",4660.0
SPE4A626T02UC,0002,0000000000,,EA,1.0,S00000061,True,DIBBS|SPE4A626T02UC|CLIN0002,"SPE4A626T02UC.PDF, CLIN table",,,
SPE4A626T02XN,0001,7017385068,0001,EA,4.0,6150-01-527-4031,False,DIBBS|SPE4A626T02XN|CLIN0001,"SPE4A626T02XN.PDF, CLIN table",26920.1,"exact-NSN history, most recent award",107680.4
SPE4A626T02XN,0002,0000000000,,EA,1.0,0001S00000052,True,DIBBS|SPE4A626T02XN|CLIN0002,"SPE4A626T02XN.PDF, CLIN table",,,
SPE4A626T02ZD,0001,7017384949,0001,EA,3.0,1420-01-714-9324,False,DIBBS|SPE4A626T02ZD|CLIN0001,"SPE4A626T02ZD.PDF, CLIN table",3300.0,"exact-NSN history, most recent award",9900.0
SPE4A626T02ZD,0002,0000000000,,EA,1.0,S00000061,True,DIBBS|SPE4A626T02ZD|CLIN0002,"SPE4A626T02ZD.PDF, CLIN table",,,
SPE4A626T02ZR,0001,7017385416,0001,EA,42.0,5995-01-734-9939,False,DIBBS|SPE4A626T02ZR|CLIN0001,"SPE4A626T02ZR.PDF, CLIN table",80.0,"exact-NSN history, most recent award",3360.0
SPE4A626T03B7,0001,7015934266,0001,EA,1.0,6150-01-266-2189,False,DIBBS|SPE4A626T03B7|CLIN0001,"SPE4A626T03B7.PDF, CLIN table",2975.25,"exact-NSN history, most recent award",2975.25
SPE4A626T03B7,0002,0000000000,,EA,1.0,0001S00000052,True,DIBBS|SPE4A626T03B7|CLIN0002,"SPE4A626T03B7.PDF, CLIN table",,,
SPE4A626T03JE,0001,7008784244,0001,EA,18.0,6680-01-313-3450,False,DIBBS|SPE4A626T03JE|CLIN0001,"SPE4A626T03JE.PDF, CLIN table",1447.0,"exact-NSN history, most recent award",26046.0
SPE4A626T03PH,0001,7017274283,0001,EA,3.0,6150-01-513-6270,False,DIBBS|SPE4A626T03PH|CLIN0001,"SPE4A626T03PH.PDF, CLIN table",9500.0,"exact-NSN history, most recent award",28500.0
SPE4A626T03PH,0002,0000000000,,EA,1.0,0001S00000053,True,DIBBS|SPE4A626T03PH|CLIN0002,"SPE4A626T03PH.PDF, CLIN table",,,
SPE4A626T03PJ,0001,7017274279,0001,EA,3.0,6150-01-513-8127,False,DIBBS|SPE4A626T03PJ|CLIN0001,"SPE4A626T03PJ.PDF, CLIN table",12980.0,"exact-NSN history, most recent award",38940.0
SPE4A626T03PY,0001,7017382609,0001,EA,4.0,6150-01-113-4249,False,DIBBS|SPE4A626T03PY|CLIN0001,"SPE4A626T03PY.PDF, CLIN table",3100.0,"exact-NSN history, most recent award",12400.0
SPE4A626T03PY,0002,0000000000,,EA,1.0,S00000061,True,DIBBS|SPE4A626T03PY|CLIN0002,"SPE4A626T03PY.PDF, CLIN table",,,
SPE4A626T03QA,0001,7017380507,0001,EA,2.0,6150-01-113-4249,False,DIBBS|SPE4A626T03QA|CLIN0001,"SPE4A626T03QA.PDF, CLIN table",3100.0,"exact-NSN history, most recent award",6200.0
SPE4A626T03QA,0002,0000000000,,EA,1.0,S00000061,True,DIBBS|SPE4A626T03QA|CLIN0002,"SPE4A626T03QA.PDF, CLIN table",,,
SPE4A626T03QD,0001,7017380506,0001,EA,5.0,6150-01-113-4249,False,DIBBS|SPE4A626T03QD|CLIN0001,"SPE4A626T03QD.PDF, CLIN table",3100.0,"exact-NSN history, most recent award",15500.0
SPE4A626T03QD,0002,0000000000,,EA,1.0,S00000061,True,DIBBS|SPE4A626T03QD|CLIN0002,"SPE4A626T03QD.PDF, CLIN table",,,
SPE4A626T03TJ,0001,7017409309,0001,EA,36.0,6210-01-003-0260,False,DIBBS|SPE4A626T03TJ|CLIN0001,"SPE4A626T03TJ.PDF, CLIN table",13.75,"exact-NSN history, most recent award",495.0
SPE4A626T03UC,0001,7017410172,0001,EA,3.0,6150-01-091-6466,False,DIBBS|SPE4A626T03UC|CLIN0001,"SPE4A626T03UC.PDF, CLIN table",5092.5,"exact-NSN history, most recent award",15277.5
SPE4A626T03UC,0002,0000000000,,EA,1.0,S00000061,True,DIBBS|SPE4A626T03UC|CLIN0002,"SPE4A626T03UC.PDF, CLIN table",,,
SPE4A626T03WD,0001,7017408410,0001,EA,13.0,6150-01-465-7759,False,DIBBS|SPE4A626T03WD|CLIN0001,"SPE4A626T03WD.PDF, CLIN table",2425.63,"exact-NSN history, most recent award",31533.190000000002
SPE4A626T03WD,0002,0000000000,,EA,1.0,0001S00000053,True,DIBBS|SPE4A626T03WD|CLIN0002,"SPE4A626T03WD.PDF, CLIN table",,,
SPE4A626T04AD,0001,7017408384,0001,EA,7.0,6150-01-578-2373,False,DIBBS|SPE4A626T04AD|CLIN0001,"SPE4A626T04AD.PDF, CLIN table",385.0,"exact-NSN history, most recent award",2695.0
SPE4A626T04CZ,0001,7017409626,0001,EA,4.0,6150-01-674-2768,False,DIBBS|SPE4A626T04CZ|CLIN0001,"SPE4A626T04CZ.PDF, CLIN table",1225.0,"exact-NSN history, most recent award",4900.0
SPE4A626T04CZ,0002,0000000000,,EA,1.0,0001S00000053,True,DIBBS|SPE4A626T04CZ|CLIN0002,"SPE4A626T04CZ.PDF, CLIN table",,,
SPE4A626T04HS,0001,7017408211,0001,EA,11.0,1420-01-714-8853,False,DIBBS|SPE4A626T04HS|CLIN0001,"SPE4A626T04HS.PDF, CLIN table",877.62,"exact-NSN history, most recent award",9653.82
SPE4A626T04QZ,0001,7017409521,0001,EA,2.0,6150-01-681-9363,False,DIBBS|SPE4A626T04QZ|CLIN0001,"SPE4A626T04QZ.PDF, CLIN table",2685.0,"exact-NSN history, most recent award",5370.0
SPE4A626T04QZ,0002,0000000000,,EA,1.0,0001S00000053,True,DIBBS|SPE4A626T04QZ|CLIN0002,"SPE4A626T04QZ.PDF, CLIN table",,,
SPE4A626T04RC,0001,7017409125,0001,EA,13.0,5995-01-328-5975,False,DIBBS|SPE4A626T04RC|CLIN0001,"SPE4A626T04RC.PDF, CLIN table",220.0,"exact-NSN history, most recent award",2860.0
SPE4A626T04RC,0002,0000000000,,EA,1.0,0001S00000052,True,DIBBS|SPE4A626T04RC|CLIN0002,"SPE4A626T04RC.PDF, CLIN table",,,
SPE4A626T04RG,0001,7017408990,0001,EA,161.0,6150-01-390-7058,False,DIBBS|SPE4A626T04RG|CLIN0001,"SPE4A626T04RG.PDF, CLIN table",257.15,"exact-NSN history, most recent award",41401.149999999994
SPE4A626T04RG,0002,0000000000,,EA,1.0,S00000061,True,DIBBS|SPE4A626T04RG|CLIN0002,"SPE4A626T04RG.PDF, CLIN table",,,
SPE4A626T04RM,0001,7017410066,0001,EA,8.0,6150-01-252-7272,False,DIBBS|SPE4A626T04RM|CLIN0001,"SPE4A626T04RM.PDF, CLIN table",496.0,"exact-NSN history, most recent award",3968.0
SPE4A626T04RM,0002,0000000000,,EA,1.0,S00000061,True,DIBBS|SPE4A626T04RM|CLIN0002,"SPE4A626T04RM.PDF, CLIN table",,,
SPE4A626T04WE,0001,7017039385,0001,EA,110.0,5995-01-247-6068,False,DIBBS|SPE4A626T04WE|CLIN0001,"SPE4A626T04WE.PDF, CLIN table",525.25,"exact-NSN history, most recent award",57777.5
SPE4A626T05AQ,0001,7015610371,0001,EA,9.0,6220-00-225-3462,False,DIBBS|SPE4A626T05AQ|CLIN0001,"SPE4A626T05AQ.PDF, CLIN table",590.2,"exact-NSN history, most recent award",5311.8
SPE4A626T05BB,0001,7015604319,0001,EA,3.0,6150-01-384-5278,False,DIBBS|SPE4A626T05BB|CLIN0001,"SPE4A626T05BB.PDF, CLIN table",2889.0,"exact-NSN history, most recent award",8667.0
SPE4A626T05BS,0001,7013234814,0001,EA,17.0,6210-01-345-2558,False,DIBBS|SPE4A626T05BS|CLIN0001,"SPE4A626T05BS.PDF, CLIN table",155.0,"exact-NSN history, most recent award",2635.0
SPE4A626T05UF,0001,7017409391,0001,EA,30.0,6150-01-406-8168,False,DIBBS|SPE4A626T05UF|CLIN0001,"SPE4A626T05UF.PDF, CLIN table",1124.75,"exact-NSN history, most recent award",33742.5
SPE4A626T05UF,0002,0000000000,,EA,1.0,0001S00000053,True,DIBBS|SPE4A626T05UF|CLIN0002,"SPE4A626T05UF.PDF, CLIN table",,,
SPE4A626T05XS,0001,7017487509,0001,EA,5.0,5995-01-191-1399,False,DIBBS|SPE4A626T05XS|CLIN0001,"SPE4A626T05XS.PDF, CLIN table",5363.0,"exact-NSN history, most recent award",26815.0
SPE4A626T05XS,0002,0000000000,,EA,1.0,S00000061,True,DIBBS|SPE4A626T05XS|CLIN0002,"SPE4A626T05XS.PDF, CLIN table",,,
SPE4A626T06BU,0001,7017487358,0001,EA,6.0,5995-01-463-2396,False,DIBBS|SPE4A626T06BU|CLIN0001,"SPE4A626T06BU.PDF, CLIN table",2950.0,"exact-NSN history, most recent award",17700.0
SPE4A626T06BU,0002,0000000000,,EA,1.0,0001S00000053,True,DIBBS|SPE4A626T06BU|CLIN0002,"SPE4A626T06BU.PDF, CLIN table",,,
SPE4A626T06EU,0001,7017486388,0001,EA,2.0,6150-01-642-7485,False,DIBBS|SPE4A626T06EU|CLIN0001,"SPE4A626T06EU.PDF, CLIN table",1755.5,"exact-NSN history, most recent award",3511.0
SPE4A626T06HC,0001,7017496412,0001,EA,9.0,6150-00-986-9878,False,DIBBS|SPE4A626T06HC|CLIN0001,"SPE4A626T06HC.PDF, CLIN table",364.52,"exact-NSN history, most recent award",3280.68
SPE4A626T06QD,0001,7017487359,0001,EA,6.0,5995-01-463-2492,False,DIBBS|SPE4A626T06QD|CLIN0001,"SPE4A626T06QD.PDF, CLIN table",5752.68,"exact-NSN history, most recent award",34516.08
SPE4A626T06QD,0002,0000000000,,EA,1.0,0001S00000053,True,DIBBS|SPE4A626T06QD|CLIN0002,"SPE4A626T06QD.PDF, CLIN table",,,
SPE4A626T06QF,0001,7017486638,0001,EA,20.0,5995-01-537-3779,False,DIBBS|SPE4A626T06QF|CLIN0001,"SPE4A626T06QF.PDF, CLIN table",807.11,"exact-NSN history, most recent award",16142.2
SPE4A626T06QF,0002,0000000000,,EA,1.0,0001S00000052,True,DIBBS|SPE4A626T06QF|CLIN0002,"SPE4A626T06QF.PDF, CLIN table",,,
SPE4A626T06YT,0001,7017476883,0001,EA,1.0,5995-01-615-4057,False,DIBBS|SPE4A626T06YT|CLIN0001,"SPE4A626T06YT.PDF, CLIN table",,unpriced,
SPE4A626T07BX,0001,7017528826,0001,EA,4.0,6150-01-294-5595,False,DIBBS|SPE4A626T07BX|CLIN0001,"SPE4A626T07BX.PDF, CLIN table",396.83,"exact-NSN history, most recent award",1587.32
SPE4A626T07EU,0001,7017528022,0001,EA,7.0,5995-01-665-1200,False,DIBBS|SPE4A626T07EU|CLIN0001,"SPE4A626T07EU.PDF, CLIN table",6992.75,"exact-NSN history, most recent award",48949.25
SPE4A626T07GA,0001,7017529412,0001,EA,19.0,5995-01-730-6197,False,DIBBS|SPE4A626T07GA|CLIN0001,"SPE4A626T07GA.PDF, CLIN table",1692.5,"exact-NSN history, most recent award",32157.5
SPE4A626T07GY,0001,7017527678,0001,EA,5.0,5995-01-676-5485,False,DIBBS|SPE4A626T07GY|CLIN0001,"SPE4A626T07GY.PDF, CLIN table",2500.0,"exact-NSN history, most recent award",12500.0
SPE4A626T07KK,0001,7017487649,0001,EA,12.0,6150-01-674-4580,False,DIBBS|SPE4A626T07KK|CLIN0001,"SPE4A626T07KK.PDF, CLIN table",5775.0,"exact-NSN history, most recent award",69300.0
SPE4A626T07KK,0002,0000000000,,EA,1.0,0001S00000053,True,DIBBS|SPE4A626T07KK|CLIN0002,"SPE4A626T07KK.PDF, CLIN table",,,
SPE4A626T07LC,0001,7017527853,0001,EA,1.0,5995-01-680-4465,False,DIBBS|SPE4A626T07LC|CLIN0001,"SPE4A626T07LC.PDF, CLIN table",4430.88,"exact-NSN history, most recent award",4430.88
SPE4A626T07LC,0002,0000000000,,EA,1.0,0001S00000052,True,DIBBS|SPE4A626T07LC|CLIN0002,"SPE4A626T07LC.PDF, CLIN table",,,
SPE4A626T07QC,0001,7017528834,0001,EA,4.0,6150-01-013-5313,False,DIBBS|SPE4A626T07QC|CLIN0001,"SPE4A626T07QC.PDF, CLIN table",3138.0,"exact-NSN history, most recent award",12552.0
SPE4A626T08LE,0001,7017572678,0001,EA,5.0,6150-01-161-8513,False,DIBBS|SPE4A626T08LE|CLIN0001,"SPE4A626T08LE.PDF, CLIN table",3500.0,"exact-NSN history, most recent award",17500.0
SPE4A626T08LE,0002,0000000000,,EA,1.0,0001S00000053,True,DIBBS|SPE4A626T08LE|CLIN0002,"SPE4A626T08LE.PDF, CLIN table",,,
SPE4A626T08VN,0001,7017571644,0001,EA,19.0,5995-01-579-3007,False,DIBBS|SPE4A626T08VN|CLIN0001,"SPE4A626T08VN.PDF, CLIN table",1300.0,"exact-NSN history, most recent award",24700.0
SPE4A626T08VN,0002,0000000000,,EA,1.0,0001S00000053,True,DIBBS|SPE4A626T08VN|CLIN0002,"SPE4A626T08VN.PDF, CLIN table",,,
SPE4A626T08ZV,0001,7017572524,0001,EA,5.0,6150-01-676-3904,False,DIBBS|SPE4A626T08ZV|CLIN0001,"SPE4A626T08ZV.PDF, CLIN table",1250.77,"exact-NSN history, most recent award",6253.85
SPE4A626T09KX,0001,7016048839,0001,EA,2.0,5995-01-651-8578,False,DIBBS|SPE4A626T09KX|CLIN0001,"SPE4A626T09KX.PDF, CLIN table",9665.5,"exact-NSN history, most recent award",19331.0
SPE4A626T09KX,0002,0000000000,,EA,1.0,0001S00000053,True,DIBBS|SPE4A626T09KX|CLIN0002,"SPE4A626T09KX.PDF, CLIN table",,,
SPE4A626T09SV,0001,7017148387,0001,EA,13.0,6150-01-567-7145,False,DIBBS|SPE4A626T09SV|CLIN0001,"SPE4A626T09SV.PDF, CLIN table",428.0,"exact-NSN history, most recent award",5564.0
SPE4A626T09SV,0002,0000000000,,EA,1.0,0001S00000053,True,DIBBS|SPE4A626T09SV|CLIN0002,"SPE4A626T09SV.PDF, CLIN table",,,
SPE4A626T09VA,0001,7017486956,0001,EA,12.0,6150-01-091-6297,False,DIBBS|SPE4A626T09VA|CLIN0001,"SPE4A626T09VA.PDF, CLIN table",913.0,"exact-NSN history, most recent award",10956.0
SPE4A626T09VA,0002,0000000000,,EA,1.0,S00000061,True,DIBBS|SPE4A626T09VA|CLIN0002,"SPE4A626T09VA.PDF, CLIN table",,,
SPE4A626T10BX,0001,7014545850,0001,EA,275.0,6150-01-106-8668,False,DIBBS|SPE4A626T10BX|CLIN0001,"SPE4A626T10BX.PDF, CLIN table",1180.88,"exact-NSN history, most recent award",324742.00000000006
SPE4A626T10BX,0002,0000000000,,EA,1.0,S00000061,True,DIBBS|SPE4A626T10BX|CLIN0002,"SPE4A626T10BX.PDF, CLIN table",,,
SPE4A626T10DZ,0001,7017662722,0001,EA,12.0,6150-01-315-3987,False,DIBBS|SPE4A626T10DZ|CLIN0001,"SPE4A626T10DZ.PDF, CLIN table",335.5,"exact-NSN history, most recent award",4026.0
SPE4A626T10HZ,0001,7017677428,0001,EA,21.0,5995-01-198-1884,False,DIBBS|SPE4A626T10HZ|CLIN0001,"SPE4A626T10HZ.PDF, CLIN table",125.0,"exact-NSN history, most recent award",2625.0
SPE4A626T10KA,0001,7015111271,0001,EA,10.0,6210-01-088-4986,False,DIBBS|SPE4A626T10KA|CLIN0001,"SPE4A626T10KA.PDF, CLIN table",45.43,"exact-NSN history, most recent award",454.3
SPE4A626T10TM,0001,7017697269,0001,EA,5.0,6150-01-144-8899,False,DIBBS|SPE4A626T10TM|CLIN0001,"SPE4A626T10TM.PDF, CLIN table",2229.75,"exact-NSN history, most recent award",11148.75
SPE4A626T10TY,0001,7017695574,0001,EA,62.0,5995-01-201-4129,False,DIBBS|SPE4A626T10TY|CLIN0001,"SPE4A626T10TY.PDF, CLIN table",299.81,"exact-NSN history, most recent award",18588.22
SPE4A626T10TY,0002,0000000000,,EA,1.0,0001S00000053,True,DIBBS|SPE4A626T10TY|CLIN0002,"SPE4A626T10TY.PDF, CLIN table",,,
SPE4A626T10XZ,0001,7017696977,0001,EA,2.0,6150-01-588-3131,False,DIBBS|SPE4A626T10XZ|CLIN0001,"SPE4A626T10XZ.PDF, CLIN table",277.77,"exact-NSN history, most recent award",555.54
SPE4A626T10XZ,0002,0000000000,,EA,1.0,0001S00000053,True,DIBBS|SPE4A626T10XZ|CLIN0002,"SPE4A626T10XZ.PDF, CLIN table",,,
SPE4A626T10YY,0001,7015926069,0001,EA,35.0,1420-01-714-8760,False,DIBBS|SPE4A626T10YY|CLIN0001,"SPE4A626T10YY.PDF, CLIN table",326.0,"exact-NSN history, most recent award",11410.0
SPE4A626T10YY,0002,0000000000,,EA,1.0,S00000061,True,DIBBS|SPE4A626T10YY|CLIN0002,"SPE4A626T10YY.PDF, CLIN table",,,
SPE4A626T10ZE,0001,7017694833,0001,EA,4.0,5995-01-642-4408,False,DIBBS|SPE4A626T10ZE|CLIN0001,"SPE4A626T10ZE.PDF, CLIN table",5000.0,"exact-NSN history, most recent award",20000.0
SPE4A626T11AB,0001,7015926072,0001,EA,20.0,1420-01-714-8820,False,DIBBS|SPE4A626T11AB|CLIN0001,"SPE4A626T11AB.PDF, CLIN table",877.62,"exact-NSN history, most recent award",17552.4
SPE4A626T11AB,0002,0000000000,,EA,1.0,S00000061,True,DIBBS|SPE4A626T11AB|CLIN0002,"SPE4A626T11AB.PDF, CLIN table",,,
SPE4A626T11AR,0001,7017695839,0001,EA,1.0,6150-01-713-4440,False,DIBBS|SPE4A626T11AR|CLIN0001,"SPE4A626T11AR.PDF, CLIN table",1211.0,"exact-NSN history, most recent award",1211.0
SPE4A626T11CA,0001,7017697267,0001,EA,6.0,6150-01-144-8900,False,DIBBS|SPE4A626T11CA|CLIN0001,"SPE4A626T11CA.PDF, CLIN table",496.8,"exact-NSN history, most recent award",2980.8
SPE4A626T11CU,0001,7017695609,0001,EA,5.0,5995-01-705-9417,False,DIBBS|SPE4A626T11CU|CLIN0001,"SPE4A626T11CU.PDF, CLIN table",606.37,"exact-NSN history, most recent award",3031.85
SPE4A626T11CV,0001,7017492986,0001,EA,1.0,6150-01-666-6420,False,DIBBS|SPE4A626T11CV|CLIN0001,"SPE4A626T11CV.PDF, CLIN table",477.77,"exact-NSN history, most recent award",477.77
SPE4A626T11LQ,0001,7015926073,0001,EA,25.0,1420-01-714-8823,False,DIBBS|SPE4A626T11LQ|CLIN0001,"SPE4A626T11LQ.PDF, CLIN table",925.0,"exact-NSN history, most recent award",23125.0
SPE4A626T11LQ,0002,0000000000,,EA,1.0,S00000061,True,DIBBS|SPE4A626T11LQ|CLIN0002,"SPE4A626T11LQ.PDF, CLIN table",,,
SPE4A626T12AR,0001,7017740772,0001,EA,7.0,5995-01-545-5626,False,DIBBS|SPE4A626T12AR|CLIN0001,"SPE4A626T12AR.PDF, CLIN table",1731.0,"exact-NSN history, most recent award",12117.0
SPE4A626T12AR,0002,0000000000,,EA,1.0,0001S00000053,True,DIBBS|SPE4A626T12AR|CLIN0002,"SPE4A626T12AR.PDF, CLIN table",,,
SPE4A626T12BY,0001,7017739939,0001,EA,1.0,6150-01-605-0227,False,DIBBS|SPE4A626T12BY|CLIN0001,"SPE4A626T12BY.PDF, CLIN table",4829.75,"exact-NSN history, most recent award",4829.75
SPE4A626T12BY,0002,0000000000,,EA,1.0,S00000061,True,DIBBS|SPE4A626T12BY|CLIN0002,"SPE4A626T12BY.PDF, CLIN table",,,
SPE4A626T12CU,0001,7017741924,0001,EA,8.0,6150-01-568-9945,False,DIBBS|SPE4A626T12CU|CLIN0001,"SPE4A626T12CU.PDF, CLIN table",1475.5,"exact-NSN history, most recent award",11804.0
SPE4A626T12ET,0001,7017739916,0001,EA,10.0,6150-01-648-8144,False,DIBBS|SPE4A626T12ET|CLIN0001,"SPE4A626T12ET.PDF, CLIN table",1238.0,"exact-NSN history, most recent award",12380.0
SPE4A626T12ET,0002,0000000000,,EA,1.0,S00000061,True,DIBBS|SPE4A626T12ET|CLIN0002,"SPE4A626T12ET.PDF, CLIN table",,,
SPE4A626T12FM,0001,7017740968,0001,EA,13.0,6150-01-674-5930,False,DIBBS|SPE4A626T12FM|CLIN0001,"SPE4A626T12FM.PDF, CLIN table",1260.0,"exact-NSN history, most recent award",16380.0
SPE4A626T12FM,0002,0000000000,,EA,1.0,0001S00000053,True,DIBBS|SPE4A626T12FM|CLIN0002,"SPE4A626T12FM.PDF, CLIN table",,,
SPE4A626T12HY,0001,7017741005,0001,EA,5.0,6150-01-674-2839,False,DIBBS|SPE4A626T12HY|CLIN0001,"SPE4A626T12HY.PDF, CLIN table",4340.0,"exact-NSN history, most recent award",21700.0
SPE4A626T12HY,0002,0000000000,,EA,1.0,0001S00000053,True,DIBBS|SPE4A626T12HY|CLIN0002,"SPE4A626T12HY.PDF, CLIN table",,,
SPE4A626T12SG,0001,7017742694,0001,EA,265.0,6220-01-324-0045,False,DIBBS|SPE4A626T12SG|CLIN0001,"SPE4A626T12SG.PDF, CLIN table",5.0,"exact-NSN history, most recent award",1325.0
SPE4A626T12SJ,0001,7017741000,0001,EA,1.0,6150-01-674-4547,False,DIBBS|SPE4A626T12SJ|CLIN0001,"SPE4A626T12SJ.PDF, CLIN table",5329.75,"exact-NSN history, most recent award",5329.75
SPE4A626T12SJ,0002,0000000000,,EA,1.0,0001S00000053,True,DIBBS|SPE4A626T12SJ|CLIN0002,"SPE4A626T12SJ.PDF, CLIN table",,,
SPE4A626T12SK,0001,7017739740,0001,EA,49.0,6150-01-631-6134,False,DIBBS|SPE4A626T12SK|CLIN0001,"SPE4A626T12SK.PDF, CLIN table",1133.0,"exact-NSN history, most recent award",55517.0
SPE4A626T12SK,0002,0000000000,,EA,1.0,0001S00000053,True,DIBBS|SPE4A626T12SK|CLIN0002,"SPE4A626T12SK.PDF, CLIN table",,,
SPE4A626T12XU,0001,7015212583,0001,EA,17.0,6210-00-099-7122,False,DIBBS|SPE4A626T12XU|CLIN0001,"SPE4A626T12XU.PDF, CLIN table",42.73,"exact-NSN history, most recent award",726.41
SPE4A626T13MB,0001,7017109009,0001,EA,4.0,5995-01-206-7876,False,DIBBS|SPE4A626T13MB|CLIN0001,"SPE4A626T13MB.PDF, CLIN table",310.0,"exact-NSN history, most recent award",1240.0
SPE4A626T13MB,0002,0000000000,,EA,1.0,S00000061,True,DIBBS|SPE4A626T13MB|CLIN0002,"SPE4A626T13MB.PDF, CLIN table",,,
SPE4A626T13NF,0001,7017109454,0001,EA,29.0,6150-01-271-1297,False,DIBBS|SPE4A626T13NF|CLIN0001,"SPE4A626T13NF.PDF, CLIN table",64.0,"exact-NSN history, most recent award",1856.0
SPE4A626T13NF,0002,0000000000,,EA,1.0,S00000061,True,DIBBS|SPE4A626T13NF|CLIN0002,"SPE4A626T13NF.PDF, CLIN table",,,
SPE4A626T13NZ,0001,7017739714,0001,EA,27.0,6150-01-493-2645,False,DIBBS|SPE4A626T13NZ|CLIN0001,"SPE4A626T13NZ.PDF, CLIN table",89.96,"exact-NSN history, most recent award",2428.9199999999996
SPE4A626T13NZ,0002,0000000000,,EA,1.0,S00000061,True,DIBBS|SPE4A626T13NZ|CLIN0002,"SPE4A626T13NZ.PDF, CLIN table",,,
SPE4A626T13PV,0001,7017695697,0001,EA,2.0,6150-01-607-6612,False,DIBBS|SPE4A626T13PV|CLIN0001,"SPE4A626T13PV.PDF, CLIN table",692.5,"exact-NSN history, most recent award",1385.0
SPE4A626T13TS,0001,7017570079,0001,EA,1.0,5995-01-689-9669,False,DIBBS|SPE4A626T13TS|CLIN0001,"SPE4A626T13TS.PDF, CLIN table",,unpriced,
SPE4A626T13UF,0001,7017487223,0001,EA,19.0,6150-01-350-1296,False,DIBBS|SPE4A626T13UF|CLIN0001,"SPE4A626T13UF.PDF, CLIN table",2135.95,"exact-NSN history, most recent award",40583.049999999996
SPE4A626T13UF,0002,0000000000,,EA,1.0,0001S00000053,True,DIBBS|SPE4A626T13UF|CLIN0002,"SPE4A626T13UF.PDF, CLIN table",,,
SPE4A626T13UM,0001,7017108293,0001,EA,132.0,6150-01-530-3294,False,DIBBS|SPE4A626T13UM|CLIN0001,"SPE4A626T13UM.PDF, CLIN table",1055.5,"exact-NSN history, most recent award",139326.0
SPE4A626T13UM,0002,0000000000,,EA,1.0,S00000061,True,DIBBS|SPE4A626T13UM|CLIN0002,"SPE4A626T13UM.PDF, CLIN table",,,
SPE4A626T13XZ,0001,7017741521,0001,EA,4.0,6150-01-721-7742,False,DIBBS|SPE4A626T13XZ|CLIN0001,"SPE4A626T13XZ.PDF, CLIN table",,unpriced,
SPE4A626T14BG,0001,7017722152,0001,EA,1.0,3110-01-308-6112,False,DIBBS|SPE4A626T14BG|CLIN0001,"SPE4A626T14BG.PDF, CLIN table",23.7,"exact-NSN history, most recent award",23.7
SPE4A626T14CT,0001,7017765834,0001,EA,3.0,6150-01-091-6986,False,DIBBS|SPE4A626T14CT|CLIN0001,"SPE4A626T14CT.PDF, CLIN table",799.39,"exact-NSN history, most recent award",2398.17
SPE4A626T14CT,0002,0000000000,,EA,1.0,0001S00000053,True,DIBBS|SPE4A626T14CT|CLIN0002,"SPE4A626T14CT.PDF, CLIN table",,,
SPE4A626T14CT,0003,0000000000,,EA,1.0,S00000061,True,DIBBS|SPE4A626T14CT|CLIN0003,"SPE4A626T14CT.PDF, CLIN table",,,
SPE4A626T14PE,0001,7017226411,0001,EA,10.0,6150-01-326-0282,False,DIBBS|SPE4A626T14PE|CLIN0001,"SPE4A626T14PE.PDF, CLIN table",1493.0,"exact-NSN history, most recent award",14930.0
SPE4A626T14TD,0001,7013631170,0001,EA,82.0,6150-01-268-4249,False,DIBBS|SPE4A626T14TD|CLIN0001,"SPE4A626T14TD.PDF, CLIN table",374.59,"exact-NSN history, most recent award",30716.379999999997
SPE4A626T14TD,0002,0000000000,,EA,1.0,0001S00000052,True,DIBBS|SPE4A626T14TD|CLIN0002,"SPE4A626T14TD.PDF, CLIN table",,,
SPE4A626T14TS,0001,7017763231,0001,EA,10.0,5995-01-692-7565,False,DIBBS|SPE4A626T14TS|CLIN0001,"SPE4A626T14TS.PDF, CLIN table",,unpriced,
SPE4A626T14UH,0001,7017825847,0001,EA,1.0,6150-01-577-1901,False,DIBBS|SPE4A626T14UH|CLIN0001,"SPE4A626T14UH.PDF, CLIN table",3400.0,"exact-NSN history, most recent award",3400.0
SPE4A626T15HV,0001,7017836899,0001,EA,56.0,6150-01-492-1770,False,DIBBS|SPE4A626T15HV|CLIN0001,"SPE4A626T15HV.PDF, CLIN table",1223.7,"exact-NSN history, most recent award",68527.2
SPE4A626T15LX,0001,7017838977,0001,EA,10.0,5995-01-673-9173,False,DIBBS|SPE4A626T15LX|CLIN0001,"SPE4A626T15LX.PDF, CLIN table",2425.0,"exact-NSN history, most recent award",24250.0
SPE4A626T15LX,0002,0000000000,,EA,1.0,0001S00000053,True,DIBBS|SPE4A626T15LX|CLIN0002,"SPE4A626T15LX.PDF, CLIN table",,,
SPE4A626T15ST,0001,7017838324,0001,EA,82.0,6150-01-107-3455,False,DIBBS|SPE4A626T15ST|CLIN0001,"SPE4A626T15ST.PDF, CLIN table",0.01,"exact-NSN history, most recent award",0.8200000000000001
SPE4A626T15ST,0002,0000000000,,EA,1.0,0001S00000053,True,DIBBS|SPE4A626T15ST|CLIN0002,"SPE4A626T15ST.PDF, CLIN table",,,
SPE4A626T15TA,0001,7017837107,0001,EA,2.0,6150-01-495-6270,False,DIBBS|SPE4A626T15TA|CLIN0001,"SPE4A626T15TA.PDF, CLIN table",515.75,"exact-NSN history, most recent award",1031.5
SPE4A626T15TA,0002,7017837107,0002,EA,14.0,6150-01-495-6270,False,DIBBS|SPE4A626T15TA|CLIN0002,"SPE4A626T15TA.PDF, CLIN table",515.75,"exact-NSN history, most recent award",7220.5
SPE4A626T15TA,0003,0000000000,,EA,1.0,0001S00000053,True,DIBBS|SPE4A626T15TA|CLIN0003,"SPE4A626T15TA.PDF, CLIN table",,,
SPE4A626T15VS,0001,7017838785,0001,EA,51.0,6150-01-406-8166,False,DIBBS|SPE4A626T15VS|CLIN0001,"SPE4A626T15VS.PDF, CLIN table",,unpriced,
SPE4A626T15VS,0002,0000000000,,EA,1.0,0001S00000053,True,DIBBS|SPE4A626T15VS|CLIN0002,"SPE4A626T15VS.PDF, CLIN table",,,
SPE4A626T15VU,0001,7017838927,0001,EA,11.0,6150-01-678-8766,False,DIBBS|SPE4A626T15VU|CLIN0001,"SPE4A626T15VU.PDF, CLIN table",8450.0,"exact-NSN history, most recent award",92950.0
SPE4A626T15VU,0002,0000000000,,EA,1.0,0001S00000053,True,DIBBS|SPE4A626T15VU|CLIN0002,"SPE4A626T15VU.PDF, CLIN table",,,
SPE4A626T15VY,0001,7017837207,0001,EA,6.0,6150-01-475-1573,False,DIBBS|SPE4A626T15VY|CLIN0001,"SPE4A626T15VY.PDF, CLIN table",4000.0,"exact-NSN history, most recent award",24000.0
SPE4A626T15VZ,0001,7017838582,0001,EA,289.0,5995-01-449-1453,False,DIBBS|SPE4A626T15VZ|CLIN0001,"SPE4A626T15VZ.PDF, CLIN table",416.0,"exact-NSN history, most recent award",120224.0
SPE4A626T15VZ,0002,0000000000,,EA,1.0,0001S00000053,True,DIBBS|SPE4A626T15VZ|CLIN0002,"SPE4A626T15VZ.PDF, CLIN table",,,
SPE4A626T15YM,0001,7016753861,0001,EA,22.0,6150-01-451-1102,False,DIBBS|SPE4A626T15YM|CLIN0001,"SPE4A626T15YM.PDF, CLIN table",294.02,"exact-NSN history, most recent award",6468.44
SPE4A626T15YM,0002,0000000000,,EA,1.0,0001S00000053,True,DIBBS|SPE4A626T15YM|CLIN0002,"SPE4A626T15YM.PDF, CLIN table",,,
SPE4A626T15YY,0001,7017528909,0001,EA,1.0,5995-01-293-1450,False,DIBBS|SPE4A626T15YY|CLIN0001,"SPE4A626T15YY.PDF, CLIN table",,unpriced,
SPE4A626T15ZG,0001,7017864757,0001,EA,2.0,6150-01-280-1284,False,DIBBS|SPE4A626T15ZG|CLIN0001,"SPE4A626T15ZG.PDF, CLIN table",5110.0,"exact-NSN history, most recent award",10220.0
SPE4A626T15ZG,0002,0000000000,,EA,1.0,0001S00000052,True,DIBBS|SPE4A626T15ZG|CLIN0002,"SPE4A626T15ZG.PDF, CLIN table",,,
SPE4A626T16DS,0001,7017869232,0001,EA,59.0,5995-01-201-4129,False,DIBBS|SPE4A626T16DS|CLIN0001,"SPE4A626T16DS.PDF, CLIN table",299.81,"exact-NSN history, most recent award",17688.79
SPE4A626T16DS,0002,0000000000,,EA,1.0,0001S00000053,True,DIBBS|SPE4A626T16DS|CLIN0002,"SPE4A626T16DS.PDF, CLIN table",,,
SPE4A626T16DW,0001,7017870265,0001,EA,4.0,5995-01-208-2739,False,DIBBS|SPE4A626T16DW|CLIN0001,"SPE4A626T16DW.PDF, CLIN table",4223.0,"exact-NSN history, most recent award",16892.0
SPE4A626T16DW,0002,0000000000,,EA,1.0,0001S00000053,True,DIBBS|SPE4A626T16DW|CLIN0002,"SPE4A626T16DW.PDF, CLIN table",,,
SPE4A626T16JH,0001,7017869424,0001,EA,2.0,6150-01-678-1250,False,DIBBS|SPE4A626T16JH|CLIN0001,"SPE4A626T16JH.PDF, CLIN table",,unpriced,
SPE4A626T16JH,0002,0000000000,,EA,1.0,0001S00000053,True,DIBBS|SPE4A626T16JH|CLIN0002,"SPE4A626T16JH.PDF, CLIN table",,,
SPE4A626T16LA,0001,7017868529,0001,EA,8.0,6150-01-717-6264,False,DIBBS|SPE4A626T16LA|CLIN0001,"SPE4A626T16LA.PDF, CLIN table",4575.0,"exact-NSN history, most recent award",36600.0
SPE4A626T16MB,0001,7017868236,0001,EA,5.0,6150-01-663-7316,False,DIBBS|SPE4A626T16MB|CLIN0001,"SPE4A626T16MB.PDF, CLIN table",383.86,"exact-NSN history, most recent award",1919.3000000000002
SPE4A626T17AR,0001,7017868048,0001,EA,1.0,6150-01-654-4421,False,DIBBS|SPE4A626T17AR|CLIN0001,"SPE4A626T17AR.PDF, CLIN table",913.23,"exact-NSN history, most recent award",913.23
SPE4A626T17DX,0001,7017868247,0001,EA,2.0,6150-01-607-6612,False,DIBBS|SPE4A626T17DX|CLIN0001,"SPE4A626T17DX.PDF, CLIN table",692.5,"exact-NSN history, most recent award",1385.0
SPE4A626T17EH,0001,7017868221,0001,EA,9.0,6150-01-727-3608,False,DIBBS|SPE4A626T17EH|CLIN0001,"SPE4A626T17EH.PDF, CLIN table",4343.43,"exact-NSN history, most recent award",39090.87
SPE4A626T17FX,0001,7017055656,0001,EA,1.0,4920-01-565-4285,False,DIBBS|SPE4A626T17FX|CLIN0001,"SPE4A626T17FX.PDF, CLIN table",,unpriced,
SPE4A626T17HE,0001,7017868622,0001,EA,20.0,1420-01-714-8852,False,DIBBS|SPE4A626T17HE|CLIN0001,"SPE4A626T17HE.PDF, CLIN table",225.0,"exact-NSN history, most recent award",4500.0
SPE4A626T17HE,0002,0000000000,,EA,1.0,S00000061,True,DIBBS|SPE4A626T17HE|CLIN0002,"SPE4A626T17HE.PDF, CLIN table",,,
SPE4A626T17HR,0001,7017274277,0001,EA,3.0,6150-01-513-8479,False,DIBBS|SPE4A626T17HR|CLIN0001,"SPE4A626T17HR.PDF, CLIN table",4498.0,"exact-NSN history, most recent award",13494.0
SPE4A626T17JL,0001,7017493617,0001,EA,1.0,5995-01-601-1307,False,DIBBS|SPE4A626T17JL|CLIN0001,"SPE4A626T17JL.PDF, CLIN table",992.25,"exact-NSN history, most recent award",992.25
SPE4A626T17JL,0002,0000000000,,EA,1.0,0001S00000053,True,DIBBS|SPE4A626T17JL|CLIN0002,"SPE4A626T17JL.PDF, CLIN table",,,
SPE4A626T17KL,0001,7017809732,0001,EA,1.0,6150-01-104-8987,False,DIBBS|SPE4A626T17KL|CLIN0001,"SPE4A626T17KL.PDF, CLIN table",91.0,"exact-NSN history, most recent award",91.0
SPE4A626T17LC,0001,7017837833,0001,EA,1.0,6150-01-523-2454,False,DIBBS|SPE4A626T17LC|CLIN0001,"SPE4A626T17LC.PDF, CLIN table",11375.5,"exact-NSN history, most recent award",11375.5
SPE4A626T17MX,0001,7017915316,0001,EA,12.0,6150-00-003-9733,False,DIBBS|SPE4A626T17MX|CLIN0001,"SPE4A626T17MX.PDF, CLIN table",250.25,"exact-NSN history, most recent award",3003.0
SPE4A626T17WY,0001,7017912291,0001,EA,22.0,6150-00-993-6161,False,DIBBS|SPE4A626T17WY|CLIN0001,"SPE4A626T17WY.PDF, CLIN table",225.25,"exact-NSN history, most recent award",4955.5
SPE4A626T18CH,0001,7017915638,0001,EA,45.0,6150-01-344-0325,False,DIBBS|SPE4A626T18CH|CLIN0001,"SPE4A626T18CH.PDF, CLIN table",446.25,"exact-NSN history, most recent award",20081.25
SPE4A626T18CH,0002,0000000000,,EA,1.0,0001S00000052,True,DIBBS|SPE4A626T18CH|CLIN0002,"SPE4A626T18CH.PDF, CLIN table",,,
SPE4A626T18MR,0001,7017913384,0001,EA,166.0,6150-01-582-7230,False,DIBBS|SPE4A626T18MR|CLIN0001,"SPE4A626T18MR.PDF, CLIN table",139.0,"exact-NSN history, most recent award",23074.0
SPE4A626T18MR,0002,0000000000,,EA,1.0,S00000061,True,DIBBS|SPE4A626T18MR|CLIN0002,"SPE4A626T18MR.PDF, CLIN table",,,
SPE4A626T18Q0,0001,7016285629,0001,EA,555.0,5995-01-563-4678,False,DIBBS|SPE4A626T18Q0|CLIN0001,"SPE4A626T18Q0.PDF, CLIN table",5.16,"exact-NSN history, most recent award",2863.8
SPE4A626T18QM,0001,7017858540,0001,EA,1.0,6150-01-729-6259,False,DIBBS|SPE4A626T18QM|CLIN0001,"SPE4A626T18QM.PDF, CLIN table",777.77,"exact-NSN history, most recent award",777.77
SPE4A626T18SA,0001,7016753816,0001,EA,4.0,6150-01-462-5018,False,DIBBS|SPE4A626T18SA|CLIN0001,"SPE4A626T18SA.PDF, CLIN table",11500.0,"exact-NSN history, most recent award",46000.0
SPE4A626T18SA,0002,0000000000,,EA,1.0,0001S00000053,True,DIBBS|SPE4A626T18SA|CLIN0002,"SPE4A626T18SA.PDF, CLIN table",,,
SPE4A626T18XV,0001,7017912717,0001,EA,3.0,6150-01-440-4386,False,DIBBS|SPE4A626T18XV|CLIN0001,"SPE4A626T18XV.PDF, CLIN table",1800.0,"exact-NSN history, most recent award",5400.0
SPE4A626T18XV,0002,0000000000,,EA,1.0,0001S00000053,True,DIBBS|SPE4A626T18XV|CLIN0002,"SPE4A626T18XV.PDF, CLIN table",,,
SPE4A626T18ZT,0001,7017868889,0001,EA,1.0,5995-01-680-4465,False,DIBBS|SPE4A626T18ZT|CLIN0001,"SPE4A626T18ZT.PDF, CLIN table",4430.88,"exact-NSN history, most recent award",4430.88
SPE4A626T18ZT,0002,0000000000,,EA,1.0,0001S00000052,True,DIBBS|SPE4A626T18ZT|CLIN0002,"SPE4A626T18ZT.PDF, CLIN table",,,
SPE4A626T19AT,0001,7017916380,0001,EA,1.0,6210-01-174-8340,False,DIBBS|SPE4A626T19AT|CLIN0001,"SPE4A626T19AT.PDF, CLIN table",5448.0,"exact-NSN history, most recent award",5448.0
SPE4A626T19BM,0001,7017696659,0001,EA,3.0,5995-01-680-4464,False,DIBBS|SPE4A626T19BM|CLIN0001,"SPE4A626T19BM.PDF, CLIN table",2829.5,"exact-NSN history, most recent award",8488.5
SPE4A626T19BM,0002,0000000000,,EA,1.0,0001S00000053,True,DIBBS|SPE4A626T19BM|CLIN0002,"SPE4A626T19BM.PDF, CLIN table",,,
SPE4A626T19FJ,0001,7017939444,0001,EA,75.0,6150-01-128-5596,False,DIBBS|SPE4A626T19FJ|CLIN0001,"SPE4A626T19FJ.PDF, CLIN table",313.0,"exact-NSN history, most recent award",23475.0
SPE4A626T19FJ,0002,0000000000,,EA,1.0,0001S00000053,True,DIBBS|SPE4A626T19FJ|CLIN0002,"SPE4A626T19FJ.PDF, CLIN table",,,
SPE4A626T19GG,0001,7017940998,0001,EA,30.0,5995-01-074-0779,False,DIBBS|SPE4A626T19GG|CLIN0001,"SPE4A626T19GG.PDF, CLIN table",97.77,"exact-NSN history, most recent award",2933.1
SPE4A626T19HK,0001,7017939806,0001,EA,12.0,6150-01-350-1296,False,DIBBS|SPE4A626T19HK|CLIN0001,"SPE4A626T19HK.PDF, CLIN table",2175.0,"exact-NSN history, most recent award",26100.0
SPE4A626T19HK,0002,0000000000,,EA,1.0,0001S00000053,True,DIBBS|SPE4A626T19HK|CLIN0002,"SPE4A626T19HK.PDF, CLIN table",,,
SPE4A626T19LF,0001,7017939506,0001,EA,38.0,5995-01-537-3779,False,DIBBS|SPE4A626T19LF|CLIN0001,"SPE4A626T19LF.PDF, CLIN table",807.11,"exact-NSN history, most recent award",30670.18
SPE4A626T19LF,0002,0000000000,,EA,1.0,0001S00000052,True,DIBBS|SPE4A626T19LF|CLIN0002,"SPE4A626T19LF.PDF, CLIN table",,,
SPE4A626T19MD,0001,7017939264,0001,EA,88.0,6150-01-467-6783,False,DIBBS|SPE4A626T19MD|CLIN0001,"SPE4A626T19MD.PDF, CLIN table",338.0,"exact-NSN history, most recent award",29744.0
SPE4A626T19MD,0002,0000000000,,EA,1.0,S00000061,True,DIBBS|SPE4A626T19MD|CLIN0002,"SPE4A626T19MD.PDF, CLIN table",,,
SPE4A626T19MT,0001,7017939708,0001,EA,5.0,6150-01-625-6286,False,DIBBS|SPE4A626T19MT|CLIN0001,"SPE4A626T19MT.PDF, CLIN table",968.0,"exact-NSN history, most recent award",4840.0
SPE4A626T19NS,0001,7017938689,0001,EA,7.0,5995-01-665-6387,False,DIBBS|SPE4A626T19NS|CLIN0001,"SPE4A626T19NS.PDF, CLIN table",1395.26,"exact-NSN history, most recent award",9766.82
SPE4A626T19PC,0001,7017940786,0001,EA,24.0,6150-01-687-1879,False,DIBBS|SPE4A626T19PC|CLIN0001,"SPE4A626T19PC.PDF, CLIN table",3530.95,"exact-NSN history, most recent award",84742.79999999999
SPE4A626T19PC,0002,0000000000,,EA,1.0,0001S00000053,True,DIBBS|SPE4A626T19PC|CLIN0002,"SPE4A626T19PC.PDF, CLIN table",,,
SPE4A626T19Q2,0001,7013233837,0001,EA,81.0,6150-01-571-7873,False,DIBBS|SPE4A626T19Q2|CLIN0001,"SPE4A626T19Q2.PDF, CLIN table",550.0,"exact-NSN history, most recent award",44550.0
SPE4A626T19SR,0001,7017858527,0001,EA,1.0,5995-01-642-2945,False,DIBBS|SPE4A626T19SR|CLIN0001,"SPE4A626T19SR.PDF, CLIN table",502.77,"exact-NSN history, most recent award",502.77
SPE4A626T19TL,0001,7017939373,0001,EA,2.0,6150-01-593-8490,False,DIBBS|SPE4A626T19TL|CLIN0001,"SPE4A626T19TL.PDF, CLIN table",2250.0,"exact-NSN history, most recent award",4500.0
SPE4A626T19TL,0002,0000000000,,EA,1.0,S00000061,True,DIBBS|SPE4A626T19TL|CLIN0002,"SPE4A626T19TL.PDF, CLIN table",,,
SPE4A626T19VU,0001,7017940715,0001,EA,1.0,6150-01-676-0777,False,DIBBS|SPE4A626T19VU|CLIN0001,"SPE4A626T19VU.PDF, CLIN table",10800.0,"exact-NSN history, most recent award",10800.0
SPE4A626T19VU,0002,0000000000,,EA,1.0,0001S00000053,True,DIBBS|SPE4A626T19VU|CLIN0002,"SPE4A626T19VU.PDF, CLIN table",,,
SPE4A626T19WV,0001,7017940533,0001,EA,100.0,6150-01-210-3596,False,DIBBS|SPE4A626T19WV|CLIN0001,"SPE4A626T19WV.PDF, CLIN table",14.99,"exact-NSN history, most recent award",1499.0
SPE4A626T19WV,0002,0000000000,,EA,1.0,0001S00000053,True,DIBBS|SPE4A626T19WV|CLIN0002,"SPE4A626T19WV.PDF, CLIN table",,,
SPE4A626T20CZ,0001,7017950219,0001,EA,762.0,6150-01-081-1350,False,DIBBS|SPE4A626T20CZ|CLIN0001,"SPE4A626T20CZ.PDF, CLIN table",64.25,"exact-NSN history, most recent award",48958.5
SPE4A626T20CZ,0002,0000000000,,EA,1.0,0001S00000053,True,DIBBS|SPE4A626T20CZ|CLIN0002,"SPE4A626T20CZ.PDF, CLIN table",,,
SPE4A626T20CZ,0003,0000000000,,EA,1.0,S00000062,True,DIBBS|SPE4A626T20CZ|CLIN0003,"SPE4A626T20CZ.PDF, CLIN table",,,
SPE4A626T20EA,0001,7017838181,0001,EA,7.0,6150-01-624-0272,False,DIBBS|SPE4A626T20EA|CLIN0001,"SPE4A626T20EA.PDF, CLIN table",1300.0,"exact-NSN history, most recent award",9100.0
SPE4A626T20EA,0002,0000000000,,EA,1.0,S00000061,True,DIBBS|SPE4A626T20EA|CLIN0002,"SPE4A626T20EA.PDF, CLIN table",,,
SPE4A626T20FP,0001,7017870012,0001,EA,2.0,5995-01-571-2043,False,DIBBS|SPE4A626T20FP|CLIN0001,"SPE4A626T20FP.PDF, CLIN table",434.34,"exact-NSN history, most recent award",868.68
SPE4A626T20GV,0001,7017836987,0001,EA,27.0,6150-01-662-7173,False,DIBBS|SPE4A626T20GV|CLIN0001,"SPE4A626T20GV.PDF, CLIN table",499.95,"exact-NSN history, most recent award",13498.65
SPE4A626T20KG,0001,7017895818,0001,EA,1.0,5995-01-610-0682,False,DIBBS|SPE4A626T20KG|CLIN0001,"SPE4A626T20KG.PDF, CLIN table",2889.0,"exact-NSN history, most recent award",2889.0
SPE4A626T20QA,0001,7017938887,0001,EA,13.0,6150-01-662-7181,False,DIBBS|SPE4A626T20QA|CLIN0001,"SPE4A626T20QA.PDF, CLIN table",1375.0,"exact-NSN history, most recent award",17875.0
SPE4A626T20QC,0001,7017939594,0001,EA,13.0,5995-01-560-5079,False,DIBBS|SPE4A626T20QC|CLIN0001,"SPE4A626T20QC.PDF, CLIN table",310.25,"exact-NSN history, most recent award",4033.25
SPE4A626T20QD,0001,7017939619,0001,EA,14.0,6150-01-506-7477,False,DIBBS|SPE4A626T20QD|CLIN0001,"SPE4A626T20QD.PDF, CLIN table",483.0,"exact-NSN history, most recent award",6762.0
SPE4A626T20QD,0002,0000000000,,EA,1.0,0001S00000053,True,DIBBS|SPE4A626T20QD|CLIN0002,"SPE4A626T20QD.PDF, CLIN table",,,
SPE4A626T20RA,0001,7017940804,0001,EA,2.0,5995-01-684-0876,False,DIBBS|SPE4A626T20RA|CLIN0001,"SPE4A626T20RA.PDF, CLIN table",1947.36,"exact-NSN history, most recent award",3894.72
SPE4A626T20RA,0002,0000000000,,EA,1.0,0001S00000053,True,DIBBS|SPE4A626T20RA|CLIN0002,"SPE4A626T20RA.PDF, CLIN table",,,
SPE4A626T20RL,0001,7017839108,0001,EA,2.0,6150-01-306-7065,False,DIBBS|SPE4A626T20RL|CLIN0001,"SPE4A626T20RL.PDF, CLIN table",1249.0,"exact-NSN history, most recent award",2498.0
SPE4A626T21AL,0001,7017837703,0001,EA,27.0,6150-01-598-0863,False,DIBBS|SPE4A626T21AL|CLIN0001,"SPE4A626T21AL.PDF, CLIN table",87.0,"exact-NSN history, most recent award",2349.0
SPE4A626T21AL,0002,0000000000,,EA,1.0,S00000061,True,DIBBS|SPE4A626T21AL|CLIN0002,"SPE4A626T21AL.PDF, CLIN table",,,
SPE4A626T21M9,0001,7016336347,0001,EA,2.0,6150-01-668-5537,False,DIBBS|SPE4A626T21M9|CLIN0001,"SPE4A626T21M9.PDF, CLIN table",,unpriced,
SPE4A626T21NK,0001,7017880078,0001,EA,1.0,6150-01-660-0430,False,DIBBS|SPE4A626T21NK|CLIN0001,"SPE4A626T21NK.PDF, CLIN table",850.0,"exact-NSN history, most recent award",850.0
SPE4A626T21SE,0001,7017674703,0001,EA,1.0,5995-01-710-5540,False,DIBBS|SPE4A626T21SE|CLIN0001,"SPE4A626T21SE.PDF, CLIN table",,unpriced,
SPE4A626T21SH,0001,7017480873,0001,EA,3.0,5995-01-513-8562,False,DIBBS|SPE4A626T21SH|CLIN0001,"SPE4A626T21SH.PDF, CLIN table",201.92,"exact-NSN history, most recent award",605.76
SPE4A626T21SH,0002,0000000000,,EA,1.0,0001S00000053,True,DIBBS|SPE4A626T21SH|CLIN0002,"SPE4A626T21SH.PDF, CLIN table",,,
SPE4A626T21UT,0001,7016471861,0001,EA,124.0,5995-01-693-3894,False,DIBBS|SPE4A626T21UT|CLIN0001,"SPE4A626T21UT.PDF, CLIN table",,unpriced,
SPE4A626T21UT,0002,0000000000,,EA,1.0,0001S00000053,True,DIBBS|SPE4A626T21UT|CLIN0002,"SPE4A626T21UT.PDF, CLIN table",,,
SPE4A626T21UT,0003,0000000000,,EA,1.0,S00000062,True,DIBBS|SPE4A626T21UT|CLIN0003,"SPE4A626T21UT.PDF, CLIN table",,,
SPE4A626T21WK,0001,7015955179,0001,EA,40.0,6150-01-582-5556,False,DIBBS|SPE4A626T21WK|CLIN0001,"SPE4A626T21WK.PDF, CLIN table",2120.0,"exact-NSN history, most recent award",84800.0
SPE4A626T21WK,0002,0000000000,,EA,1.0,0001S00000053,True,DIBBS|SPE4A626T21WK|CLIN0002,"SPE4A626T21WK.PDF, CLIN table",,,
SPE4A626T21XB,0001,7017965621,0001,EA,1.0,6150-01-540-8031,False,DIBBS|SPE4A626T21XB|CLIN0001,"SPE4A626T21XB.PDF, CLIN table",,unpriced,
SPE4A626T21XK,0001,7014870755,0001,EA,54.0,6220-01-130-6632,False,DIBBS|SPE4A626T21XK|CLIN0001,"SPE4A626T21XK.PDF, CLIN table",384.0,"exact-NSN history, most recent award",20736.0
SPE4A626T21XK,0002,0000000000,,EA,1.0,0001S00000053,True,DIBBS|SPE4A626T21XK|CLIN0002,"SPE4A626T21XK.PDF, CLIN table",,,
SPE4A626T21XL,0001,7017741001,0001,EA,14.0,5995-01-674-4050,False,DIBBS|SPE4A626T21XL|CLIN0001,"SPE4A626T21XL.PDF, CLIN table",3275.0,"exact-NSN history, most recent award",45850.0
SPE4A626T21XL,0002,0000000000,,EA,1.0,0001S00000053,True,DIBBS|SPE4A626T21XL|CLIN0002,"SPE4A626T21XL.PDF, CLIN table",,,
SPE4A626T21YD,0001,7014545656,0001,EA,14.0,5995-01-677-8566,False,DIBBS|SPE4A626T21YD|CLIN0001,"SPE4A626T21YD.PDF, CLIN table",273.62,"exact-NSN history, most recent award",3830.6800000000003
SPE4A626T21YD,0002,0000000000,,EA,1.0,0001S00000053,True,DIBBS|SPE4A626T21YD|CLIN0002,"SPE4A626T21YD.PDF, CLIN table",,,
SPE4A626T21YK,0001,7017383791,0001,EA,11.0,5995-01-406-8999,False,DIBBS|SPE4A626T21YK|CLIN0001,"SPE4A626T21YK.PDF, CLIN table",2989.75,"exact-NSN history, most recent award",32887.25
SPE4A626T21YK,0002,0000000000,,EA,1.0,0001S00000052,True,DIBBS|SPE4A626T21YK|CLIN0002,"SPE4A626T21YK.PDF, CLIN table",,,
SPE4A626T21YM,0001,7014545125,0001,EA,3.0,5995-01-718-8266,False,DIBBS|SPE4A626T21YM|CLIN0001,"SPE4A626T21YM.PDF, CLIN table",5390.0,"exact-NSN history, most recent award",16170.0
SPE4A626T21YM,0002,0000000000,,EA,1.0,S00000061,True,DIBBS|SPE4A626T21YM|CLIN0002,"SPE4A626T21YM.PDF, CLIN table",,,
SPE4A626T22GG,0001,7017486289,0001,EA,10.0,6150-01-491-8386,False,DIBBS|SPE4A626T22GG|CLIN0001,"SPE4A626T22GG.PDF, CLIN table",2024.2,"exact-NSN history, most recent award",20242.0
SPE4A626T22HM,0001,7017837283,0001,EA,18.0,6150-01-473-2454,False,DIBBS|SPE4A626T22HM|CLIN0001,"SPE4A626T22HM.PDF, CLIN table",232.25,"exact-NSN history, most recent award",4180.5
SPE4A626T22HM,0002,0000000000,,EA,1.0,0001S00000053,True,DIBBS|SPE4A626T22HM|CLIN0002,"SPE4A626T22HM.PDF, CLIN table",,,
SPE4A626T22HS,0001,7014870284,0001,EA,3.0,5995-01-520-9726,False,DIBBS|SPE4A626T22HS|CLIN0001,"SPE4A626T22HS.PDF, CLIN table",2399.0,"exact-NSN history, most recent award",7197.0
SPE4A626T22HS,0002,7014870284,0002,EA,33.0,5995-01-520-9726,False,DIBBS|SPE4A626T22HS|CLIN0002,"SPE4A626T22HS.PDF, CLIN table",2399.0,"exact-NSN history, most recent award",79167.0
SPE4A626T22HS,0003,0000000000,,EA,1.0,0001S00000053,True,DIBBS|SPE4A626T22HS|CLIN0003,"SPE4A626T22HS.PDF, CLIN table",,,
SPE4A626T22JE,0001,7015454344,0001,EA,6.0,6150-15-035-4167,False,DIBBS|SPE4A626T22JE|CLIN0001,"SPE4A626T22JE.PDF, CLIN table",,unpriced,
SPE4A626T22JX,0001,7017408491,0001,EA,5.0,6150-01-536-8764,False,DIBBS|SPE4A626T22JX|CLIN0001,"SPE4A626T22JX.PDF, CLIN table",1829.75,"exact-NSN history, most recent award",9148.75
SPE4A626T22JX,0002,0000000000,,EA,1.0,0001S00000053,True,DIBBS|SPE4A626T22JX|CLIN0002,"SPE4A626T22JX.PDF, CLIN table",,,
SPE4A626T22ND,0001,7017698084,0001,EA,2.0,5995-01-724-6399,False,DIBBS|SPE4A626T22ND|CLIN0001,"SPE4A626T22ND.PDF, CLIN table",,unpriced,
SPE4A626T22NG,0001,7017940738,0001,EA,2.0,5995-01-674-2694,False,DIBBS|SPE4A626T22NG|CLIN0001,"SPE4A626T22NG.PDF, CLIN table",2492.25,"exact-NSN history, most recent award",4984.5
SPE4A626T22NG,0002,0000000000,,EA,1.0,0001S00000053,True,DIBBS|SPE4A626T22NG|CLIN0002,"SPE4A626T22NG.PDF, CLIN table",,,
SPE4A626T22NN,0001,7017913232,0001,EA,10.0,6150-01-651-9394,False,DIBBS|SPE4A626T22NN|CLIN0001,"SPE4A626T22NN.PDF, CLIN table",907.52,"exact-NSN history, most recent award",9075.2
SPE4A626T22QQ,0001,7016752872,0001,AY,21.0,6150-01-235-0423,False,DIBBS|SPE4A626T22QQ|CLIN0001,"SPE4A626T22QQ.PDF, CLIN table",1025.5,"exact-NSN history, most recent award",21535.5
SPE4A626T22QY,0001,7017740930,0001,EA,46.0,6150-01-678-6731,False,DIBBS|SPE4A626T22QY|CLIN0001,"SPE4A626T22QY.PDF, CLIN table",188.23,"exact-NSN history, most recent award",8658.58
SPE4A626T23DU,0001,7017940890,0001,EA,13.0,6150-01-669-2995,False,DIBBS|SPE4A626T23DU|CLIN0001,"SPE4A626T23DU.PDF, CLIN table",2100.0,"exact-NSN history, most recent award",27300.0
SPE4A626T23DU,0002,0000000000,,EA,1.0,0001S00000053,True,DIBBS|SPE4A626T23DU|CLIN0002,"SPE4A626T23DU.PDF, CLIN table",,,
SPE4A626T23GU,0001,7018066625,0001,EA,2.0,5995-01-434-1161,False,DIBBS|SPE4A626T23GU|CLIN0001,"SPE4A626T23GU.PDF, CLIN table",409.35,"exact-NSN history, most recent award",818.7
SPE4A626T23LL,0001,7018069530,0001,EA,6.0,6150-00-707-3949,False,DIBBS|SPE4A626T23LL|CLIN0001,"SPE4A626T23LL.PDF, CLIN table",73.84,"exact-NSN history, most recent award",443.04
SPE4A626T23RC,0001,7018066578,0001,EA,7.0,6150-01-677-9978,False,DIBBS|SPE4A626T23RC|CLIN0001,"SPE4A626T23RC.PDF, CLIN table",75.28,"exact-NSN history, most recent award",526.96
SPE4A626T23YA,0001,7018020383,0001,EA,1.0,6150-01-367-5604,False,DIBBS|SPE4A626T23YA|CLIN0001,"SPE4A626T23YA.PDF, CLIN table",360.0,"exact-NSN history, most recent award",360.0
SPE4A626T23YH,0001,7017990829,0001,EA,3.0,6150-01-513-6210,False,DIBBS|SPE4A626T23YH|CLIN0001,"SPE4A626T23YH.PDF, CLIN table",6283.0,"exact-NSN history, most recent award",18849.0
SPE4A626T24CG,0001,7015974592,0001,EA,2.0,5995-01-692-7565,False,DIBBS|SPE4A626T24CG|CLIN0001,"SPE4A626T24CG.PDF, CLIN table",,unpriced,
SPE4A626T24CJ,0001,7017274394,0001,EA,2.0,5995-01-706-9116,False,DIBBS|SPE4A626T24CJ|CLIN0001,"SPE4A626T24CJ.PDF, CLIN table",,unpriced,
SPE4A626T24DD,0001,7018024547,0001,EA,1.0,6150-01-702-2653,False,DIBBS|SPE4A626T24DD|CLIN0001,"SPE4A626T24DD.PDF, CLIN table",3525.25,"exact-NSN history, most recent award",3525.25
SPE4A626T24DH,0001,7018069466,0001,EA,5.0,3110-00-679-9631,False,DIBBS|SPE4A626T24DH|CLIN0001,"SPE4A626T24DH.PDF, CLIN table",84.7,"exact-NSN history, most recent award",423.5
SPE4A626T24DK,0001,7016227738,0001,EA,10.0,5995-01-281-8805,False,DIBBS|SPE4A626T24DK|CLIN0001,"SPE4A626T24DK.PDF, CLIN table",1800.42,"exact-NSN history, most recent award",18004.2
SPE4A626T24DK,0002,0000000000,,EA,1.0,S00000061,True,DIBBS|SPE4A626T24DK|CLIN0002,"SPE4A626T24DK.PDF, CLIN table",,,
SPE4A626T24JC,0001,7017838923,0001,EA,15.0,5995-01-678-0764,False,DIBBS|SPE4A626T24JC|CLIN0001,"SPE4A626T24JC.PDF, CLIN table",400.0,"exact-NSN history, most recent award",6000.0
SPE4A626T24JC,0002,0000000000,,EA,1.0,0001S00000053,True,DIBBS|SPE4A626T24JC|CLIN0002,"SPE4A626T24JC.PDF, CLIN table",,,
SPE4A626T24KK,0001,7018067841,0001,EA,30.0,6150-01-389-6169,False,DIBBS|SPE4A626T24KK|CLIN0001,"SPE4A626T24KK.PDF, CLIN table",3065.0,"exact-NSN history, most recent award",91950.0
SPE4A626T24KK,0002,0000000000,,EA,1.0,0001S00000053,True,DIBBS|SPE4A626T24KK|CLIN0002,"SPE4A626T24KK.PDF, CLIN table",,,
SPE4A626T24KK,0003,0000000000,,EA,1.0,S00000062,True,DIBBS|SPE4A626T24KK|CLIN0003,"SPE4A626T24KK.PDF, CLIN table",,,
SPE4A626T24NQ,0001,7018016322,0001,EA,10.0,6150-01-312-4174,False,DIBBS|SPE4A626T24NQ|CLIN0001,"SPE4A626T24NQ.PDF, CLIN table",910.75,"exact-NSN history, most recent award",9107.5
SPE4A626T24YD,0001,7017395757,0001,EA,1.0,5995-01-674-1721,False,DIBBS|SPE4A626T24YD|CLIN0001,"SPE4A626T24YD.PDF, CLIN table",663.0,"exact-NSN history, most recent award",663.0
SPE4A626T25AL,0001,7018067777,0001,EA,2.0,5995-01-623-0195,False,DIBBS|SPE4A626T25AL|CLIN0001,"SPE4A626T25AL.PDF, CLIN table",19225.5,"exact-NSN history, most recent award",38451.0
SPE4A626T25AL,0002,0000000000,,EA,1.0,0001S00000052,True,DIBBS|SPE4A626T25AL|CLIN0002,"SPE4A626T25AL.PDF, CLIN table",,,
SPE4A626T25TL,0001,7017837761,0001,EA,4.0,6150-01-506-3655,False,DIBBS|SPE4A626T25TL|CLIN0001,"SPE4A626T25TL.PDF, CLIN table",2908.0,"exact-NSN history, most recent award",11632.0
SPE4A626T25TL,0002,0000000000,,EA,1.0,0001S00000053,True,DIBBS|SPE4A626T25TL|CLIN0002,"SPE4A626T25TL.PDF, CLIN table",,,
SPE4A626T25UP,0001,7017941003,0001,EA,52.0,1420-01-070-4995,False,DIBBS|SPE4A626T25UP|CLIN0001,"SPE4A626T25UP.PDF, CLIN table",9.75,"exact-NSN history, most recent award",507.0
SPE4A626T25V8,0001,7016309985,0001,EA,1.0,6150-01-523-7528,False,DIBBS|SPE4A626T25V8|CLIN0001,"SPE4A626T25V8.PDF, CLIN table",3566.0,"exact-NSN history, most recent award",3566.0
SPE4A626T25VG,0001,7018087632,0001,EA,2.0,5995-01-513-1226,False,DIBBS|SPE4A626T25VG|CLIN0001,"SPE4A626T25VG.PDF, CLIN table",1125.25,"exact-NSN history, most recent award",2250.5
SPE4A626T25XG,0001,7017939446,0001,EA,42.0,6150-01-128-5590,False,DIBBS|SPE4A626T25XG|CLIN0001,"SPE4A626T25XG.PDF, CLIN table",379.26,"exact-NSN history, most recent award",15928.92
SPE4A626T25XG,0002,0000000000,,EA,1.0,0001S00000053,True,DIBBS|SPE4A626T25XG|CLIN0002,"SPE4A626T25XG.PDF, CLIN table",,,
SPE4A626T26JS,0001,7018115989,0001,EA,1.0,6150-01-666-6420,False,DIBBS|SPE4A626T26JS|CLIN0001,"SPE4A626T26JS.PDF, CLIN table",477.77,"exact-NSN history, most recent award",477.77
SPE4A626T26PD,0001,7017529361,0001,EA,9.0,6150-01-422-9129,False,DIBBS|SPE4A626T26PD|CLIN0001,"SPE4A626T26PD.PDF, CLIN table",1152.5,"exact-NSN history, most recent award",10372.5
SPE4A626T26QT,0001,7018194839,0001,EA,6.0,6150-01-607-6680,False,DIBBS|SPE4A626T26QT|CLIN0001,"SPE4A626T26QT.PDF, CLIN table",2294.0,"exact-NSN history, most recent award",13764.0
SPE4A626T26RT,0001,7018129760,0001,EA,2.0,6150-01-651-7337,False,DIBBS|SPE4A626T26RT|CLIN0001,"SPE4A626T26RT.PDF, CLIN table",1320.0,"exact-NSN history, most recent award",2640.0
SPE4A626T26RT,0002,7018129761,0001,EA,1.0,6150-01-651-7337,False,DIBBS|SPE4A626T26RT|CLIN0002,"SPE4A626T26RT.PDF, CLIN table",1320.0,"exact-NSN history, most recent award",1320.0
SPE4A626T26RT,0003,0000000000,,EA,1.0,0001S00000053,True,DIBBS|SPE4A626T26RT|CLIN0003,"SPE4A626T26RT.PDF, CLIN table",,,
SPE4A626T26SE,0001,7018197372,0001,EA,41.0,6150-01-440-2996,False,DIBBS|SPE4A626T26SE|CLIN0001,"SPE4A626T26SE.PDF, CLIN table",675.32,"exact-NSN history, most recent award",27688.120000000003
SPE4A626T26SS,0001,7017272651,0001,EA,18.0,6150-01-669-5727,False,DIBBS|SPE4A626T26SS|CLIN0001,"SPE4A626T26SS.PDF, CLIN table",,unpriced,
SPE4A626T26SS,0002,0000000000,,EA,1.0,0001S00000053,True,DIBBS|SPE4A626T26SS|CLIN0002,"SPE4A626T26SS.PDF, CLIN table",,,
SPE4A626T26YV,0001,7018067859,0001,EA,2.0,6150-01-091-4293,False,DIBBS|SPE4A626T26YV|CLIN0001,"SPE4A626T26YV.PDF, CLIN table",2800.0,"exact-NSN history, most recent award",5600.0
SPE4A626T26YV,0002,0000000000,,EA,1.0,S00000061,True,DIBBS|SPE4A626T26YV|CLIN0002,"SPE4A626T26YV.PDF, CLIN table",,,
SPE4A626T26ZV,0001,7017914608,0001,EA,99.0,5995-01-425-7122,False,DIBBS|SPE4A626T26ZV|CLIN0001,"SPE4A626T26ZV.PDF, CLIN table",1275.47,"exact-NSN history, most recent award",126271.53
SPE4A626T26ZV,0002,0000000000,,EA,1.0,0001S00000053,True,DIBBS|SPE4A626T26ZV|CLIN0002,"SPE4A626T26ZV.PDF, CLIN table",,,
SPE4A626T27AA,0001,7018067928,0001,EA,13.0,5995-01-406-8999,False,DIBBS|SPE4A626T27AA|CLIN0001,"SPE4A626T27AA.PDF, CLIN table",2989.75,"exact-NSN history, most recent award",38866.75
SPE4A626T27AA,0002,0000000000,,EA,1.0,0001S00000052,True,DIBBS|SPE4A626T27AA|CLIN0002,"SPE4A626T27AA.PDF, CLIN table",,,
SPE4A626T27AM,0001,7018068426,0001,EA,5.0,5995-01-721-2473,False,DIBBS|SPE4A626T27AM|CLIN0001,"SPE4A626T27AM.PDF, CLIN table",,unpriced,
SPE4A626T27AV,0001,7017837155,0001,EA,2.0,5995-01-728-7760,False,DIBBS|SPE4A626T27AV|CLIN0001,"SPE4A626T27AV.PDF, CLIN table",,unpriced,
SPE4A626T27BJ,0001,7017730384,0001,EA,3.0,5995-01-412-5883,False,DIBBS|SPE4A626T27BJ|CLIN0001,"SPE4A626T27BJ.PDF, CLIN table",,unpriced,
SPE4A626T27DN,0001,7015853798,0001,EA,35.0,6150-01-669-9634,False,DIBBS|SPE4A626T27DN|CLIN0001,"SPE4A626T27DN.PDF, CLIN table",123.0,"exact-NSN history, most recent award",4305.0
SPE4A626T27DN,0002,0000000000,,EA,1.0,0001S00000053,True,DIBBS|SPE4A626T27DN|CLIN0002,"SPE4A626T27DN.PDF, CLIN table",,,
SPE4A626T27EK,0001,7017697068,0001,EA,3.0,5995-01-579-7009,False,DIBBS|SPE4A626T27EK|CLIN0001,"SPE4A626T27EK.PDF, CLIN table",146.5,"exact-NSN history, most recent award",439.5
SPE4A626T27GW,0001,7018147053,0001,EA,1.0,6150-01-601-2876,False,DIBBS|SPE4A626T27GW|CLIN0001,"SPE4A626T27GW.PDF, CLIN table",1494.16,"exact-NSN history, most recent award",1494.16
SPE4A626T27PJ,0001,7018247843,0001,EA,2.0,5995-01-195-3142,False,DIBBS|SPE4A626T27PJ|CLIN0001,"SPE4A626T27PJ.PDF, CLIN table",739.0,"exact-NSN history, most recent award",1478.0
SPE4A626T27PN,0001,7018247848,0001,EA,13.0,5995-01-199-4045,False,DIBBS|SPE4A626T27PN|CLIN0001,"SPE4A626T27PN.PDF, CLIN table",6384.0,"exact-NSN history, most recent award",82992.0
SPE4A626T27PN,0002,0000000000,,EA,1.0,S00000061,True,DIBBS|SPE4A626T27PN|CLIN0002,"SPE4A626T27PN.PDF, CLIN table",,,
SPE4A626T27T7,0001,7016438254,0001,EA,5.0,6150-01-165-5659,False,DIBBS|SPE4A626T27T7|CLIN0001,"SPE4A626T27T7.PDF, CLIN table",5885.0,"exact-NSN history, most recent award",29425.0
SPE4A626T27T7,0002,0000000000,,EA,1.0,0001S00000053,True,DIBBS|SPE4A626T27T7|CLIN0002,"SPE4A626T27T7.PDF, CLIN table",,,
SPE4A626T27TB,0001,7018247775,0001,EA,23.0,6150-01-442-8441,False,DIBBS|SPE4A626T27TB|CLIN0001,"SPE4A626T27TB.PDF, CLIN table",12.99,"exact-NSN history, most recent award",298.77
SPE4A626T27TB,0002,7018247775,0002,EA,147.0,6150-01-442-8441,False,DIBBS|SPE4A626T27TB|CLIN0002,"SPE4A626T27TB.PDF, CLIN table",12.99,"exact-NSN history, most recent award",1909.53
SPE4A626T27WX,0001,7018247290,0001,EA,2.0,5995-01-676-1126,False,DIBBS|SPE4A626T27WX|CLIN0001,"SPE4A626T27WX.PDF, CLIN table",3600.0,"exact-NSN history, most recent award",7200.0
SPE4A626T27WX,0002,0000000000,,EA,1.0,0001S00000053,True,DIBBS|SPE4A626T27WX|CLIN0002,"SPE4A626T27WX.PDF, CLIN table",,,
SPE4A626T27XC,0001,7018248043,0001,EA,3.0,6150-01-589-1848,False,DIBBS|SPE4A626T27XC|CLIN0001,"SPE4A626T27XC.PDF, CLIN table",3925.0,"exact-NSN history, most recent award",11775.0
SPE4A626T27XC,0002,0000000000,,EA,1.0,S00000061,True,DIBBS|SPE4A626T27XC|CLIN0002,"SPE4A626T27XC.PDF, CLIN table",,,
SPE4A626T27YB,0001,7018247279,0001,EA,2.0,6150-01-676-4131,False,DIBBS|SPE4A626T27YB|CLIN0001,"SPE4A626T27YB.PDF, CLIN table",2225.0,"exact-NSN history, most recent award",4450.0
SPE4A626T27YB,0002,0000000000,,EA,1.0,0001S00000053,True,DIBBS|SPE4A626T27YB|CLIN0002,"SPE4A626T27YB.PDF, CLIN table",,,
SPE4A626T27YM,0001,7018247349,0001,EA,200.0,5995-01-697-0336,False,DIBBS|SPE4A626T27YM|CLIN0001,"SPE4A626T27YM.PDF, CLIN table",102.0,"exact-NSN history, most recent award",20400.0
SPE4A626T28BU,0001,7018185637,0001,EA,2.0,6150-01-666-6420,False,DIBBS|SPE4A626T28BU|CLIN0001,"SPE4A626T28BU.PDF, CLIN table",477.77,"exact-NSN history, most recent award",955.54
SPE4A626T28CN,0001,7018185808,0001,EA,2.0,5995-01-660-0650,False,DIBBS|SPE4A626T28CN|CLIN0001,"SPE4A626T28CN.PDF, CLIN table",5670.0,"exact-NSN history, most recent award",11340.0
SPE4A626T28DZ,0001,7015607076,0001,EA,21.0,3110-01-453-8330,False,DIBBS|SPE4A626T28DZ|CLIN0001,"SPE4A626T28DZ.PDF, CLIN table",882.89,"exact-NSN history, most recent award",18540.69
SPE4A626T28HP,0001,7017949660,0001,EA,1.0,5995-01-716-9374,False,DIBBS|SPE4A626T28HP|CLIN0001,"SPE4A626T28HP.PDF, CLIN table",777.77,"exact-NSN history, most recent award",777.77
SPE4A626T28HP,0002,7017947105,0001,EA,1.0,5995-01-716-9374,False,DIBBS|SPE4A626T28HP|CLIN0002,"SPE4A626T28HP.PDF, CLIN table",777.77,"exact-NSN history, most recent award",777.77
SPE4A626T28HX,0001,7016848835,0001,EA,2.0,6150-01-676-4131,False,DIBBS|SPE4A626T28HX|CLIN0001,"SPE4A626T28HX.PDF, CLIN table",2225.0,"exact-NSN history, most recent award",4450.0
SPE4A626T28HX,0002,0000000000,,EA,1.0,0001S00000053,True,DIBBS|SPE4A626T28HX|CLIN0002,"SPE4A626T28HX.PDF, CLIN table",,,
SPE4A626T28KK,0001,7012491643,0001,EA,3.0,6695-01-612-7686,False,DIBBS|SPE4A626T28KK|CLIN0001,"SPE4A626T28KK.PDF, CLIN table",43400.0,"exact-NSN history, most recent award",130200.0
SPE4A626T28NP,0001,7018247866,0001,EA,9.0,5995-01-463-3334,False,DIBBS|SPE4A626T28NP|CLIN0001,"SPE4A626T28NP.PDF, CLIN table",458.0,"exact-NSN history, most recent award",4122.0
SPE4A626T28NP,0002,0000000000,,EA,1.0,S00000061,True,DIBBS|SPE4A626T28NP|CLIN0002,"SPE4A626T28NP.PDF, CLIN table",,,
SPE4A626T28NV,0001,7018247664,0001,EA,8.0,5995-01-447-0749,False,DIBBS|SPE4A626T28NV|CLIN0001,"SPE4A626T28NV.PDF, CLIN table",441.73,"exact-NSN history, most recent award",3533.84
SPE4A626T28NV,0002,0000000000,,EA,1.0,S00000061,True,DIBBS|SPE4A626T28NV|CLIN0002,"SPE4A626T28NV.PDF, CLIN table",,,
SPE4A626T28PB,0001,7018272910,0001,EA,90.0,6210-00-067-8385,False,DIBBS|SPE4A626T28PB|CLIN0001,"SPE4A626T28PB.PDF, CLIN table",9.49,"exact-NSN history, most recent award",854.1
SPE4A626T28QH,0001,7018248681,0001,EA,73.0,5995-01-225-7627,False,DIBBS|SPE4A626T28QH|CLIN0001,"SPE4A626T28QH.PDF, CLIN table",92.12,"exact-NSN history, most recent award",6724.76
SPE4A626T28QH,0002,0000000000,,EA,1.0,0001S00000053,True,DIBBS|SPE4A626T28QH|CLIN0002,"SPE4A626T28QH.PDF, CLIN table",,,
SPE4A626T28QS,0001,7016716733,0001,EA,1.0,6150-01-673-0212,False,DIBBS|SPE4A626T28QS|CLIN0001,"SPE4A626T28QS.PDF, CLIN table",11.33,"exact-NSN history, most recent award",11.33
SPE4A626T28QS,0002,0000000000,,EA,1.0,0001S00000053,True,DIBBS|SPE4A626T28QS|CLIN0002,"SPE4A626T28QS.PDF, CLIN table",,,
SPE4A626T28TQ,0001,7018248677,0001,EA,23.0,6150-01-316-1244,False,DIBBS|SPE4A626T28TQ|CLIN0001,"SPE4A626T28TQ.PDF, CLIN table",,unpriced,
SPE4A626T28UP,0001,7018287825,0001,EA,181.0,5995-01-054-7178,False,DIBBS|SPE4A626T28UP|CLIN0001,"SPE4A626T28UP.PDF, CLIN table",26.84,"exact-NSN history, most recent award",4858.04
SPE4A626T28VK,0001,7018283486,0001,EA,5.0,6150-01-302-7711,False,DIBBS|SPE4A626T28VK|CLIN0001,"SPE4A626T28VK.PDF, CLIN table",452.0,"exact-NSN history, most recent award",2260.0
SPE4A626T28VS,0001,7018248440,0001,EA,19.0,6150-01-352-3934,False,DIBBS|SPE4A626T28VS|CLIN0001,"SPE4A626T28VS.PDF, CLIN table",1340.0,"exact-NSN history, most recent award",25460.0
SPE4A626T28VS,0002,0000000000,,EA,1.0,0001S00000052,True,DIBBS|SPE4A626T28VS|CLIN0002,"SPE4A626T28VS.PDF, CLIN table",,,
SPE4A626T28VW,0001,7015245951,0001,EA,4.0,6150-01-650-4957,False,DIBBS|SPE4A626T28VW|CLIN0001,"SPE4A626T28VW.PDF, CLIN table",2472.5,"exact-NSN history, most recent award",9890.0
SPE4A626T28WN,0001,7018248673,0001,EA,19.0,6150-01-316-8833,False,DIBBS|SPE4A626T28WN|CLIN0001,"SPE4A626T28WN.PDF, CLIN table",587.35,"exact-NSN history, most recent award",11159.65
SPE4A626T28WN,0002,0000000000,,EA,1.0,0001S00000053,True,DIBBS|SPE4A626T28WN|CLIN0002,"SPE4A626T28WN.PDF, CLIN table",,,
SPE4A626T28WR,0001,7018249075,0001,EA,3.0,6150-01-431-4335,False,DIBBS|SPE4A626T28WR|CLIN0001,"SPE4A626T28WR.PDF, CLIN table",2910.75,"exact-NSN history, most recent award",8732.25
SPE4A626T28WR,0002,0000000000,,EA,1.0,0001S00000053,True,DIBBS|SPE4A626T28WR|CLIN0002,"SPE4A626T28WR.PDF, CLIN table",,,
SPE4A626T28WS,0001,7017939282,0001,EA,3.0,5995-01-571-9578,False,DIBBS|SPE4A626T28WS|CLIN0001,"SPE4A626T28WS.PDF, CLIN table",2100.5,"exact-NSN history, most recent award",6301.5
SPE4A626T28WU,0001,7018277487,0001,EA,5.0,6210-00-844-7449,False,DIBBS|SPE4A626T28WU|CLIN0001,"SPE4A626T28WU.PDF, CLIN table",64.99,"exact-NSN history, most recent award",324.95
SPE4A626T28YD,0001,7018227186,0001,EA,1.0,5995-01-682-8158,False,DIBBS|SPE4A626T28YD|CLIN0001,"SPE4A626T28YD.PDF, CLIN table",2993.5,"exact-NSN history, most recent award",2993.5
SPE4A626T28YD,0002,0000000000,,EA,1.0,S00000061,True,DIBBS|SPE4A626T28YD|CLIN0002,"SPE4A626T28YD.PDF, CLIN table",,,
SPE4A626T29CL,0001,7018235004,0001,EA,1.0,5995-01-618-7842,False,DIBBS|SPE4A626T29CL|CLIN0001,"SPE4A626T29CL.PDF, CLIN table",967.0,"exact-NSN history, most recent award",967.0
SPE4A626T29CT,0001,7015657007,0001,EA,15.0,5995-01-579-9917,False,DIBBS|SPE4A626T29CT|CLIN0001,"SPE4A626T29CT.PDF, CLIN table",2369.0,"exact-NSN history, most recent award",35535.0
SPE4A626T29CT,0002,0000000000,,EA,1.0,0001S00000053,True,DIBBS|SPE4A626T29CT|CLIN0002,"SPE4A626T29CT.PDF, CLIN table",,,
SPE4A626T29DB,0001,7018067940,0001,EA,6.0,6150-01-705-6689,False,DIBBS|SPE4A626T29DB|CLIN0001,"SPE4A626T29DB.PDF, CLIN table",2625.0,"exact-NSN history, most recent award",15750.0
SPE4A626T29GW,0001,7017727276,0001,EA,1.0,5995-01-645-8758,False,DIBBS|SPE4A626T29GW|CLIN0001,"SPE4A626T29GW.PDF, CLIN table",,unpriced,
SPE4A626T29HA,0001,7018027438,0001,EA,1.0,5995-01-722-0758,False,DIBBS|SPE4A626T29HA|CLIN0001,"SPE4A626T29HA.PDF, CLIN table",,unpriced,
SPE4A626T29HB,0001,7017493470,0001,AY,1.0,5995-01-698-2842,False,DIBBS|SPE4A626T29HB|CLIN0001,"SPE4A626T29HB.PDF, CLIN table",,unpriced,
SPE4A626T29HF,0001,7017636714,0001,EA,2.0,6150-01-503-6262,False,DIBBS|SPE4A626T29HF|CLIN0001,"SPE4A626T29HF.PDF, CLIN table",1850.0,"exact-NSN history, most recent award",3700.0
SPE4A626T29HF,0002,0000000000,,EA,1.0,0001S00000053,True,DIBBS|SPE4A626T29HF|CLIN0002,"SPE4A626T29HF.PDF, CLIN table",,,
SPE4A626T29JB,0001,7016227678,0001,EA,16.0,6150-01-690-1102,False,DIBBS|SPE4A626T29JB|CLIN0001,"SPE4A626T29JB.PDF, CLIN table",1629.75,"exact-NSN history, most recent award",26076.0
SPE4A626T29JB,0002,0000000000,,EA,1.0,0001S00000053,True,DIBBS|SPE4A626T29JB|CLIN0002,"SPE4A626T29JB.PDF, CLIN table",,,
SPE4A626T29JQ,0001,7018256254,0001,EA,2.0,5995-01-706-9733,False,DIBBS|SPE4A626T29JQ|CLIN0001,"SPE4A626T29JQ.PDF, CLIN table",,unpriced,
SPE4A626T29MD,0001,7018186226,0001,EA,1.0,5995-01-676-4908,False,DIBBS|SPE4A626T29MD|CLIN0001,"SPE4A626T29MD.PDF, CLIN table",2150.0,"exact-NSN history, most recent award",2150.0
SPE4A626T29MD,0002,0000000000,,EA,1.0,0001S00000053,True,DIBBS|SPE4A626T29MD|CLIN0002,"SPE4A626T29MD.PDF, CLIN table",,,
SPE4A626T29NE,0001,7018333235,0001,EA,550.0,6150-01-739-5138,False,DIBBS|SPE4A626T29NE|CLIN0001,"SPE4A626T29NE.PDF, CLIN table",,unpriced,
SPE4A626T29TD,0001,7018343103,0001,EA,6.0,6150-01-091-6465,False,DIBBS|SPE4A626T29TD|CLIN0001,"SPE4A626T29TD.PDF, CLIN table",3000.0,"exact-NSN history, most recent award",18000.0
SPE4A626T29TD,0002,0000000000,,EA,1.0,S00000061,True,DIBBS|SPE4A626T29TD|CLIN0002,"SPE4A626T29TD.PDF, CLIN table",,,
SPE4A626T29UH,0001,7018343636,0001,EA,3.0,5995-01-136-8856,False,DIBBS|SPE4A626T29UH|CLIN0001,"SPE4A626T29UH.PDF, CLIN table",6300.0,"exact-NSN history, most recent award",18900.0
SPE4A626T29UH,0002,0000000000,,EA,1.0,S00000061,True,DIBBS|SPE4A626T29UH|CLIN0002,"SPE4A626T29UH.PDF, CLIN table",,,
SPE4A626T30AH,0001,7018342076,0001,EA,19.0,6150-01-582-5556,False,DIBBS|SPE4A626T30AH|CLIN0001,"SPE4A626T30AH.PDF, CLIN table",2120.0,"exact-NSN history, most recent award",40280.0
SPE4A626T30AH,0002,0000000000,,EA,1.0,0001S00000053,True,DIBBS|SPE4A626T30AH|CLIN0002,"SPE4A626T30AH.PDF, CLIN table",,,
SPE4A626T30AL,0001,7018342195,0001,EA,33.0,5995-01-527-7469,False,DIBBS|SPE4A626T30AL|CLIN0001,"SPE4A626T30AL.PDF, CLIN table",1610.75,"exact-NSN history, most recent award",53154.75
SPE4A626T30AL,0002,0000000000,,EA,1.0,0001S00000053,True,DIBBS|SPE4A626T30AL|CLIN0002,"SPE4A626T30AL.PDF, CLIN table",,,
SPE4A626T30CF,0001,7018343328,0001,EA,2.0,6150-01-674-4551,False,DIBBS|SPE4A626T30CF|CLIN0001,"SPE4A626T30CF.PDF, CLIN table",10650.0,"exact-NSN history, most recent award",21300.0
SPE4A626T30CF,0002,0000000000,,EA,1.0,0001S00000053,True,DIBBS|SPE4A626T30CF|CLIN0002,"SPE4A626T30CF.PDF, CLIN table",,,
SPE4A626T30CG,0001,7018342074,0001,EA,3.0,6150-01-583-5373,False,DIBBS|SPE4A626T30CG|CLIN0001,"SPE4A626T30CG.PDF, CLIN table",6772.75,"exact-NSN history, most recent award",20318.25
SPE4A626T30DZ,0001,7018343342,0001,EA,5.0,6150-01-676-0251,False,DIBBS|SPE4A626T30DZ|CLIN0001,"SPE4A626T30DZ.PDF, CLIN table",3848.05,"exact-NSN history, most recent award",19240.25
SPE4A626T30HU,0001,7018341481,0001,EA,9.0,5995-01-647-9670,False,DIBBS|SPE4A626T30HU|CLIN0001,"SPE4A626T30HU.PDF, CLIN table",1508.88,"exact-NSN history, most recent award",13579.920000000002
SPE4A626T30HU,0002,0000000000,,EA,1.0,0001S00000053,True,DIBBS|SPE4A626T30HU|CLIN0002,"SPE4A626T30HU.PDF, CLIN table",,,
SPE4A626T30M8,0001,7016403392,0001,EA,5.0,5995-01-108-8981,False,DIBBS|SPE4A626T30M8|CLIN0001,"SPE4A626T30M8.PDF, CLIN table",830.0,"exact-NSN history, most recent award",4150.0
SPE4A626T30M8,0002,0000000000,,EA,1.0,S00000061,True,DIBBS|SPE4A626T30M8|CLIN0002,"SPE4A626T30M8.PDF, CLIN table",,,
SPE4A626T30N6,0001,7015955506,0001,EA,9.0,5995-01-206-7875,False,DIBBS|SPE4A626T30N6|CLIN0001,"SPE4A626T30N6.PDF, CLIN table",810.0,"exact-NSN history, most recent award",7290.0
SPE4A626T30N6,0002,0000000000,,EA,1.0,S00000061,True,DIBBS|SPE4A626T30N6|CLIN0002,"SPE4A626T30N6.PDF, CLIN table",,,
SPE4A626T30QD,0001,7018341538,0001,EA,15.0,5995-01-458-4369,False,DIBBS|SPE4A626T30QD|CLIN0001,"SPE4A626T30QD.PDF, CLIN table",3793.0,"exact-NSN history, most recent award",56895.0
SPE4A626T30QD,0002,0000000000,,EA,1.0,0001S00000053,True,DIBBS|SPE4A626T30QD|CLIN0002,"SPE4A626T30QD.PDF, CLIN table",,,
SPE4A626T30QE,0001,7018249045,0001,EA,9.0,5995-01-004-2944,False,DIBBS|SPE4A626T30QE|CLIN0001,"SPE4A626T30QE.PDF, CLIN table",2051.97,"exact-NSN history, most recent award",18467.73
SPE4A626T30QE,0002,0000000000,,EA,1.0,0001S00000052,True,DIBBS|SPE4A626T30QE|CLIN0002,"SPE4A626T30QE.PDF, CLIN table",,,
SPE4A626T30QJ,0001,7018342303,0001,EA,5.0,6150-01-492-2753,False,DIBBS|SPE4A626T30QJ|CLIN0001,"SPE4A626T30QJ.PDF, CLIN table",1766.55,"exact-NSN history, most recent award",8832.75
SPE4A626T30QJ,0002,0000000000,,EA,1.0,0001S00000053,True,DIBBS|SPE4A626T30QJ|CLIN0002,"SPE4A626T30QJ.PDF, CLIN table",,,
SPE4A626T30QM,0001,7018342899,0001,EA,8.0,6150-01-411-1672,False,DIBBS|SPE4A626T30QM|CLIN0001,"SPE4A626T30QM.PDF, CLIN table",696.64,"exact-NSN history, most recent award",5573.12
SPE4A626T30QM,0002,0000000000,,EA,1.0,S00000061,True,DIBBS|SPE4A626T30QM|CLIN0002,"SPE4A626T30QM.PDF, CLIN table",,,
SPE4A626T30QR,0001,7018342030,0001,EA,3.0,6150-01-553-6551,False,DIBBS|SPE4A626T30QR|CLIN0001,"SPE4A626T30QR.PDF, CLIN table",3855.78,"exact-NSN history, most recent award",11567.34
SPE4A626T30QS,0001,7018341517,0001,EA,6.0,6150-01-663-2751,False,DIBBS|SPE4A626T30QS|CLIN0001,"SPE4A626T30QS.PDF, CLIN table",877.25,"exact-NSN history, most recent award",5263.5
SPE4A626T30QW,0001,7018341551,0001,EA,1.0,5995-01-467-7459,False,DIBBS|SPE4A626T30QW|CLIN0001,"SPE4A626T30QW.PDF, CLIN table",4952.0,"exact-NSN history, most recent award",4952.0
SPE4A626T30QW,0002,0000000000,,EA,1.0,0001S00000053,True,DIBBS|SPE4A626T30QW|CLIN0002,"SPE4A626T30QW.PDF, CLIN table",,,
SPE4A626T30RC,0001,7018341514,0001,EA,2.0,6150-01-664-0257,False,DIBBS|SPE4A626T30RC|CLIN0001,"SPE4A626T30RC.PDF, CLIN table",3600.0,"exact-NSN history, most recent award",7200.0
SPE4A626T30RJ,0001,7018283081,0001,EA,1.0,6150-01-676-5201,False,DIBBS|SPE4A626T30RJ|CLIN0001,"SPE4A626T30RJ.PDF, CLIN table",5470.0,"exact-NSN history, most recent award",5470.0
SPE4A626T30RX,0001,7018298979,0001,EA,1.0,5995-01-610-0682,False,DIBBS|SPE4A626T30RX|CLIN0001,"SPE4A626T30RX.PDF, CLIN table",2889.0,"exact-NSN history, most recent award",2889.0
SPE4A626T30S2,0001,7016469374,0001,EA,11.0,6150-01-522-3621,False,DIBBS|SPE4A626T30S2|CLIN0001,"SPE4A626T30S2.PDF, CLIN table",3650.0,"exact-NSN history, most recent award",40150.0
SPE4A626T30S2,0002,0000000000,,EA,1.0,0001S00000052,True,DIBBS|SPE4A626T30S2|CLIN0002,"SPE4A626T30S2.PDF, CLIN table",,,
SPE4A626T30SU,0001,7018301767,0001,EA,1.0,6150-01-629-7900,False,DIBBS|SPE4A626T30SU|CLIN0001,"SPE4A626T30SU.PDF, CLIN table",510.25,"exact-NSN history, most recent award",510.25
SPE4A626T30SU,0002,0000000000,,EA,1.0,S00000061,True,DIBBS|SPE4A626T30SU|CLIN0002,"SPE4A626T30SU.PDF, CLIN table",,,
SPE4A626T30TK,0001,7018342606,0001,EA,19.0,6150-01-607-6666,False,DIBBS|SPE4A626T30TK|CLIN0001,"SPE4A626T30TK.PDF, CLIN table",32.0,"exact-NSN history, most recent award",608.0
SPE4A626T30UZ,0001,7017696058,0001,EA,8.0,6150-01-610-1205,False,DIBBS|SPE4A626T30UZ|CLIN0001,"SPE4A626T30UZ.PDF, CLIN table",548.6,"exact-NSN history, most recent award",4388.8
SPE4A626T30UZ,0002,0000000000,,EA,1.0,0001S00000053,True,DIBBS|SPE4A626T30UZ|CLIN0002,"SPE4A626T30UZ.PDF, CLIN table",,,
SPE4A626T30XV,0001,7018378817,0001,EA,5.0,5995-01-044-0347,False,DIBBS|SPE4A626T30XV|CLIN0001,"SPE4A626T30XV.PDF, CLIN table",334.41,"exact-NSN history, most recent award",1672.0500000000002
SPE4A626T30YE,0001,7018378395,0001,EA,2.0,5995-01-091-6353,False,DIBBS|SPE4A626T30YE|CLIN0001,"SPE4A626T30YE.PDF, CLIN table",,unpriced,
SPE4A626T30YE,0002,0000000000,,EA,1.0,S00000061,True,DIBBS|SPE4A626T30YE|CLIN0002,"SPE4A626T30YE.PDF, CLIN table",,,
SPE4A626T30ZQ,0001,7018377184,0001,EA,36.0,6150-01-165-5659,False,DIBBS|SPE4A626T30ZQ|CLIN0001,"SPE4A626T30ZQ.PDF, CLIN table",5885.0,"exact-NSN history, most recent award",211860.0
SPE4A626T30ZQ,0002,0000000000,,EA,1.0,0001S00000053,True,DIBBS|SPE4A626T30ZQ|CLIN0002,"SPE4A626T30ZQ.PDF, CLIN table",,,
SPE4A626T31AH,0001,7018377598,0001,EA,2.0,6150-01-288-6856,False,DIBBS|SPE4A626T31AH|CLIN0001,"SPE4A626T31AH.PDF, CLIN table",2252.52,"exact-NSN history, most recent award",4505.04
SPE4A626T31CQ,0001,7018379458,0001,EA,42.0,6150-01-444-1012,False,DIBBS|SPE4A626T31CQ|CLIN0001,"SPE4A626T31CQ.PDF, CLIN table",833.84,"exact-NSN history, most recent award",35021.28
SPE4A626T31CQ,0002,0000000000,,EA,1.0,0001S00000053,True,DIBBS|SPE4A626T31CQ|CLIN0002,"SPE4A626T31CQ.PDF, CLIN table",,,
SPE4A626T31D5,0001,7016471184,0001,EA,11.0,6150-01-522-3621,False,DIBBS|SPE4A626T31D5|CLIN0001,"SPE4A626T31D5.PDF, CLIN table",3650.0,"exact-NSN history, most recent award",40150.0
SPE4A626T31D5,0002,0000000000,,EA,1.0,0001S00000052,True,DIBBS|SPE4A626T31D5|CLIN0002,"SPE4A626T31D5.PDF, CLIN table",,,
SPE4A626T31DF,0001,7018378188,0001,EA,5.0,6150-01-468-6304,False,DIBBS|SPE4A626T31DF|CLIN0001,"SPE4A626T31DF.PDF, CLIN table",693.41,"exact-NSN history, most recent award",3467.0499999999997
SPE4A626T31DF,0002,0000000000,,EA,1.0,0001S00000052,True,DIBBS|SPE4A626T31DF|CLIN0002,"SPE4A626T31DF.PDF, CLIN table",,,
SPE4A626T31GB,0001,7018378121,0001,EA,9.0,6150-01-564-6013,False,DIBBS|SPE4A626T31GB|CLIN0001,"SPE4A626T31GB.PDF, CLIN table",1109.0,"exact-NSN history, most recent award",9981.0
SPE4A626T31JF,0001,7018378960,0001,EA,6.0,5995-01-604-8209,False,DIBBS|SPE4A626T31JF|CLIN0001,"SPE4A626T31JF.PDF, CLIN table",1478.1,"exact-NSN history, most recent award",8868.599999999999
SPE4A626T31JF,0002,0000000000,,EA,1.0,0001S00000053,True,DIBBS|SPE4A626T31JF|CLIN0002,"SPE4A626T31JF.PDF, CLIN table",,,
SPE4A626T31JR,0001,7018377436,0001,EA,2.0,5995-01-656-2955,False,DIBBS|SPE4A626T31JR|CLIN0001,"SPE4A626T31JR.PDF, CLIN table",798.71,"exact-NSN history, most recent award",1597.42
SPE4A626T31KJ,0001,7018378989,0001,EA,2.0,6150-01-679-4318,False,DIBBS|SPE4A626T31KJ|CLIN0001,"SPE4A626T31KJ.PDF, CLIN table",1310.75,"exact-NSN history, most recent award",2621.5
SPE4A626T31KN,0001,7018377671,0001,EA,7.0,6150-01-651-3613,False,DIBBS|SPE4A626T31KN|CLIN0001,"SPE4A626T31KN.PDF, CLIN table",177.77,"exact-NSN history, most recent award",1244.39
SPE4A626T31KS,0001,7018377645,0001,EA,15.0,5995-01-687-2127,False,DIBBS|SPE4A626T31KS|CLIN0001,"SPE4A626T31KS.PDF, CLIN table",1996.0,"exact-NSN history, most recent award",29940.0
SPE4A626T31ML,0001,7018378317,0001,EA,2.0,5995-01-725-7846,False,DIBBS|SPE4A626T31ML|CLIN0001,"SPE4A626T31ML.PDF, CLIN table",1775.25,"exact-NSN history, most recent award",3550.5
SPE4A626T31NC,0001,7018377086,0001,EA,3.0,5995-01-707-5754,False,DIBBS|SPE4A626T31NC|CLIN0001,"SPE4A626T31NC.PDF, CLIN table",,unpriced,
SPE4A626T31NK,0001,7018343402,0001,EA,4.0,5995-01-680-2059,False,DIBBS|SPE4A626T31NK|CLIN0001,"SPE4A626T31NK.PDF, CLIN table",310.75,"exact-NSN history, most recent award",1243.0
SPE4A626T31NL,0001,7018379320,0001,EA,1.0,6150-01-713-4492,False,DIBBS|SPE4A626T31NL|CLIN0001,"SPE4A626T31NL.PDF, CLIN table",150.0,"exact-NSN history, most recent award",150.0
SPE4A626T31NN,0001,7018379327,0001,EA,1.0,5995-01-714-1260,False,DIBBS|SPE4A626T31NN|CLIN0001,"SPE4A626T31NN.PDF, CLIN table",9998.42,"exact-NSN history, most recent award",9998.42
SPE4A626T31NY,0001,7018377084,0001,EA,2.0,5995-01-707-5285,False,DIBBS|SPE4A626T31NY|CLIN0001,"SPE4A626T31NY.PDF, CLIN table",750.0,"exact-NSN history, most recent award",1500.0
SPE4A626T31PF,0001,7018379329,0001,EA,1.0,5995-01-714-1434,False,DIBBS|SPE4A626T31PF|CLIN0001,"SPE4A626T31PF.PDF, CLIN table",6412.87,"exact-NSN history, most recent award",6412.87
SPE4A626T31PH,0001,7018379172,0001,EA,18.0,5995-01-730-6197,False,DIBBS|SPE4A626T31PH|CLIN0001,"SPE4A626T31PH.PDF, CLIN table",1692.5,"exact-NSN history, most recent award",30465.0
SPE4A626T31QU,0001,7018379586,0001,EA,3.0,5995-00-772-8815,False,DIBBS|SPE4A626T31QU|CLIN0001,"SPE4A626T31QU.PDF, CLIN table",362.32,"exact-NSN history, most recent award",1086.96
SPE4A626T31RH,0001,7018378894,0001,EA,2.0,5995-01-249-3135,False,DIBBS|SPE4A626T31RH|CLIN0001,"SPE4A626T31RH.PDF, CLIN table",3410.0,"exact-NSN history, most recent award",6820.0
SPE4A626T31RK,0001,7018378335,0001,EA,2.0,5995-01-429-1147,False,DIBBS|SPE4A626T31RK|CLIN0001,"SPE4A626T31RK.PDF, CLIN table",1300.0,"exact-NSN history, most recent award",2600.0
SPE4A626T31RQ,0001,7018377861,0001,EA,3.0,6150-01-312-7426,False,DIBBS|SPE4A626T31RQ|CLIN0001,"SPE4A626T31RQ.PDF, CLIN table",,unpriced,
SPE4A626T31RQ,0002,0000000000,,EA,1.0,S00000061,True,DIBBS|SPE4A626T31RQ|CLIN0002,"SPE4A626T31RQ.PDF, CLIN table",,,
SPE4A626T31SC,0001,7018379013,0001,EA,5.0,5995-01-612-2152,False,DIBBS|SPE4A626T31SC|CLIN0001,"SPE4A626T31SC.PDF, CLIN table",77.77,"exact-NSN history, most recent award",388.84999999999997
SPE4A626T31SN,0001,7018379071,0001,EA,14.0,6150-01-679-4738,False,DIBBS|SPE4A626T31SN|CLIN0001,"SPE4A626T31SN.PDF, CLIN table",,unpriced,
SPE4A626T31TQ,0001,7018377828,0001,EA,2.0,6150-01-620-1391,False,DIBBS|SPE4A626T31TQ|CLIN0001,"SPE4A626T31TQ.PDF, CLIN table",387.21,"exact-NSN history, most recent award",774.42
SPE4A626T31TV,0001,7018368680,0001,EA,3.0,5995-01-426-1161,False,DIBBS|SPE4A626T31TV|CLIN0001,"SPE4A626T31TV.PDF, CLIN table",338.5,"exact-NSN history, most recent award",1015.5
SPE4A626T31VN,0001,7018389473,0001,EA,20.0,6220-00-501-2752,False,DIBBS|SPE4A626T31VN|CLIN0001,"SPE4A626T31VN.PDF, CLIN table",2653.0,"exact-NSN history, most recent award",53060.0
SPE4A626T32CQ,0001,7018391721,0001,EA,159.0,6210-00-635-4700,False,DIBBS|SPE4A626T32CQ|CLIN0001,"SPE4A626T32CQ.PDF, CLIN table",19.88,"exact-NSN history, most recent award",3160.9199999999996
SPE4A626T32DK,0001,7018391726,0001,EA,28.0,6220-00-694-3661,False,DIBBS|SPE4A626T32DK|CLIN0001,"SPE4A626T32DK.PDF, CLIN table",6.0,"exact-NSN history, most recent award",168.0
SPE4A626T32HS,0001,7018391541,0001,EA,14.0,5995-01-338-3600,False,DIBBS|SPE4A626T32HS|CLIN0001,"SPE4A626T32HS.PDF, CLIN table",3433.75,"exact-NSN history, most recent award",48072.5
SPE4A626T32HS,0002,0000000000,,EA,1.0,S00000061,True,DIBBS|SPE4A626T32HS|CLIN0002,"SPE4A626T32HS.PDF, CLIN table",,,
SPE4A626T32LP,0001,7018392390,0001,EA,19.0,6150-01-615-4693,False,DIBBS|SPE4A626T32LP|CLIN0001,"SPE4A626T32LP.PDF, CLIN table",810.5,"exact-NSN history, most recent award",15399.5
SPE4A626T32PX,0001,7018329390,0001,EA,1.0,6150-01-713-4474,False,DIBBS|SPE4A626T32PX|CLIN0001,"SPE4A626T32PX.PDF, CLIN table",710.25,"exact-NSN history, most recent award",710.25
SPE4A626T32PZ,0001,7018382319,0001,EA,1.0,5995-01-680-2076,False,DIBBS|SPE4A626T32PZ|CLIN0001,"SPE4A626T32PZ.PDF, CLIN table",216.0,"exact-NSN history, most recent award",216.0
SPE4A626T32QP,0001,7018380872,0001,EA,3.0,6150-01-669-5725,False,DIBBS|SPE4A626T32QP|CLIN0001,"SPE4A626T32QP.PDF, CLIN table",1525.25,"exact-NSN history, most recent award",4575.75
SPE4A626T33AM,0001,7018343180,0001,EA,7.0,6150-01-091-6466,False,DIBBS|SPE4A626T33AM|CLIN0001,"SPE4A626T33AM.PDF, CLIN table",5092.5,"exact-NSN history, most recent award",35647.5
SPE4A626T33AM,0002,0000000000,,EA,1.0,S00000061,True,DIBBS|SPE4A626T33AM|CLIN0002,"SPE4A626T33AM.PDF, CLIN table",,,
SPE4A626T33BP,0001,7017274290,0001,EA,1.0,6150-01-475-0684,False,DIBBS|SPE4A626T33BP|CLIN0001,"SPE4A626T33BP.PDF, CLIN table",10145.0,"exact-NSN history, most recent award",10145.0
SPE4A626T33BP,0002,7017274292,0001,EA,1.0,6150-01-475-0684,False,DIBBS|SPE4A626T33BP|CLIN0002,"SPE4A626T33BP.PDF, CLIN table",10145.0,"exact-NSN history, most recent award",10145.0
SPE4A626T33BP,0003,7017274291,0001,EA,1.0,6150-01-475-0684,False,DIBBS|SPE4A626T33BP|CLIN0003,"SPE4A626T33BP.PDF, CLIN table",10145.0,"exact-NSN history, most recent award",10145.0
SPE4A626T33GU,0001,7018411980,0001,EA,15.0,6220-00-633-1584,False,DIBBS|SPE4A626T33GU|CLIN0001,"SPE4A626T33GU.PDF, CLIN table",225.0,"exact-NSN history, most recent award",3375.0
SPE4A626T33LK,0001,7018414304,0001,EA,10.0,6150-01-109-7604,False,DIBBS|SPE4A626T33LK|CLIN0001,"SPE4A626T33LK.PDF, CLIN table",3214.69,"exact-NSN history, most recent award",32146.9
SPE4A626T33LK,0002,0000000000,,EA,1.0,S00000061,True,DIBBS|SPE4A626T33LK|CLIN0002,"SPE4A626T33LK.PDF, CLIN table",,,
SPE4A626T33NC,0001,7018413999,0001,EA,9.0,5995-01-194-1221,False,DIBBS|SPE4A626T33NC|CLIN0001,"SPE4A626T33NC.PDF, CLIN table",2803.52,"exact-NSN history, most recent award",25231.68
SPE4A626T33NC,0002,0000000000,,EA,1.0,S00000061,True,DIBBS|SPE4A626T33NC|CLIN0002,"SPE4A626T33NC.PDF, CLIN table",,,
SPE4A626T33RS,0001,7018413572,0001,EA,6.0,6150-01-247-4768,False,DIBBS|SPE4A626T33RS|CLIN0001,"SPE4A626T33RS.PDF, CLIN table",650.0,"exact-NSN history, most recent award",3900.0
SPE4A626T33TM,0001,7018412009,0001,EA,17.0,6150-01-329-8105,False,DIBBS|SPE4A626T33TM|CLIN0001,"SPE4A626T33TM.PDF, CLIN table",294.0,"exact-NSN history, most recent award",4998.0
SPE4A626T33UC,0001,7018412511,0001,EA,7.0,6150-01-351-3351,False,DIBBS|SPE4A626T33UC|CLIN0001,"SPE4A626T33UC.PDF, CLIN table",1850.0,"exact-NSN history, most recent award",12950.0
SPE4A626T33UC,0002,0000000000,,EA,1.0,S00000061,True,DIBBS|SPE4A626T33UC|CLIN0002,"SPE4A626T33UC.PDF, CLIN table",,,
SPE4A626T33ZD,0001,7018345979,0001,EA,12.0,5995-01-734-9866,False,DIBBS|SPE4A626T33ZD|CLIN0001,"SPE4A626T33ZD.PDF, CLIN table",777.77,"exact-NSN history, most recent award",9333.24
SPE4A626T33ZN,0001,7018346085,0001,EA,2.0,5995-01-543-3243,False,DIBBS|SPE4A626T33ZN|CLIN0001,"SPE4A626T33ZN.PDF, CLIN table",198.85,"exact-NSN history, most recent award",397.7
SPE4A626T33ZN,0002,7018346084,0001,EA,2.0,5995-01-543-3243,False,DIBBS|SPE4A626T33ZN|CLIN0002,"SPE4A626T33ZN.PDF, CLIN table",198.85,"exact-NSN history, most recent award",397.7
SPE4A626T33ZN,0003,0000000000,,EA,1.0,0001S00000053,True,DIBBS|SPE4A626T33ZN|CLIN0003,"SPE4A626T33ZN.PDF, CLIN table",,,
SPE4A626T34AH,0001,7018343408,0001,EA,9.0,6150-01-678-8766,False,DIBBS|SPE4A626T34AH|CLIN0001,"SPE4A626T34AH.PDF, CLIN table",8450.0,"exact-NSN history, most recent award",76050.0
SPE4A626T34AH,0002,0000000000,,EA,1.0,0001S00000053,True,DIBBS|SPE4A626T34AH|CLIN0002,"SPE4A626T34AH.PDF, CLIN table",,,
SPE4A626T34DG,0001,7014871054,0001,EA,4.0,6210-00-551-3748,False,DIBBS|SPE4A626T34DG|CLIN0001,"SPE4A626T34DG.PDF, CLIN table",470.54,"exact-NSN history, most recent award",1882.16
SPE4A626T34GN,0001,7016891985,0001,EA,1.0,6150-01-440-8606,False,DIBBS|SPE4A626T34GN|CLIN0001,"SPE4A626T34GN.PDF, CLIN table",872.0,"exact-NSN history, most recent award",872.0
SPE4A626T34GN,0002,0000000000,,EA,1.0,S00000061,True,DIBBS|SPE4A626T34GN|CLIN0002,"SPE4A626T34GN.PDF, CLIN table",,,
SPE4A626T34HD,0001,7018066948,0001,EA,10.0,6150-01-522-3613,False,DIBBS|SPE4A626T34HD|CLIN0001,"SPE4A626T34HD.PDF, CLIN table",3388.65,"exact-NSN history, most recent award",33886.5
SPE4A626T34HD,0002,0000000000,,EA,1.0,0001S00000052,True,DIBBS|SPE4A626T34HD|CLIN0002,"SPE4A626T34HD.PDF, CLIN table",,,
SPE4A626T34LK,0001,7018368542,0001,EA,2.0,5995-01-699-3498,False,DIBBS|SPE4A626T34LK|CLIN0001,"SPE4A626T34LK.PDF, CLIN table",2922.75,"exact-NSN history, most recent award",5845.5
SPE4A626T34LM,0001,7018368544,0001,EA,1.0,6150-01-655-9101,False,DIBBS|SPE4A626T34LM|CLIN0001,"SPE4A626T34LM.PDF, CLIN table",18500.0,"exact-NSN history, most recent award",18500.0
SPE4A626T34NS,0001,7018373901,0001,EA,3.0,6150-01-700-9280,False,DIBBS|SPE4A626T34NS|CLIN0001,"SPE4A626T34NS.PDF, CLIN table",400.0,"exact-NSN history, most recent award",1200.0
SPE4A626T34QP,0001,7018358813,0001,EA,20.0,6210-00-067-8360,False,DIBBS|SPE4A626T34QP|CLIN0001,"SPE4A626T34QP.PDF, CLIN table",0.5,"exact-NSN history, most recent award",10.0
SPE4A626T34TV,0001,7018377299,0001,EA,1.0,6150-01-705-9324,False,DIBBS|SPE4A626T34TV|CLIN0001,"SPE4A626T34TV.PDF, CLIN table",1240.77,"exact-NSN history, most recent award",1240.77
SPE4A626T34TV,0002,0000000000,,EA,1.0,0001S00000053,True,DIBBS|SPE4A626T34TV|CLIN0002,"SPE4A626T34TV.PDF, CLIN table",,,
SPE4A626T34WQ,0001,7016880703,0001,EA,3.0,6150-01-707-5235,False,DIBBS|SPE4A626T34WQ|CLIN0001,"SPE4A626T34WQ.PDF, CLIN table",,unpriced,
SPE4A626T34XD,0001,7017911176,0001,EA,1.0,5995-01-716-1635,False,DIBBS|SPE4A626T34XD|CLIN0001,"SPE4A626T34XD.PDF, CLIN table",,unpriced,
SPE4A626T34XD,0002,0000000000,,EA,1.0,0001S00000053,True,DIBBS|SPE4A626T34XD|CLIN0002,"SPE4A626T34XD.PDF, CLIN table",,,
SPE4A626T34XH,0001,7018248674,0001,EA,17.0,6150-01-316-8829,False,DIBBS|SPE4A626T34XH|CLIN0001,"SPE4A626T34XH.PDF, CLIN table",240.0,"exact-NSN history, most recent award",4080.0
SPE4A626T34XH,0002,0000000000,,EA,1.0,0001S00000053,True,DIBBS|SPE4A626T34XH|CLIN0002,"SPE4A626T34XH.PDF, CLIN table",,,
SPE4A626T34XL,0001,7018414313,0001,EA,48.0,6150-01-496-6576,False,DIBBS|SPE4A626T34XL|CLIN0001,"SPE4A626T34XL.PDF, CLIN table",525.77,"exact-NSN history, most recent award",25236.96
SPE4A626T34XU,0001,7017739807,0001,EA,11.0,5995-01-658-7433,False,DIBBS|SPE4A626T34XU|CLIN0001,"SPE4A626T34XU.PDF, CLIN table",350.0,"exact-NSN history, most recent award",3850.0
SPE4A626T34XU,0002,0000000000,,EA,1.0,S00000061,True,DIBBS|SPE4A626T34XU|CLIN0002,"SPE4A626T34XU.PDF, CLIN table",,,
SPE4A626T34ZZ,0001,7018458720,0001,EA,6.0,6150-01-024-6680,False,DIBBS|SPE4A626T34ZZ|CLIN0001,"SPE4A626T34ZZ.PDF, CLIN table",1095.82,"exact-NSN history, most recent award",6574.92
SPE4A626T34ZZ,0002,0000000000,,EA,1.0,0001S00000053,True,DIBBS|SPE4A626T34ZZ|CLIN0002,"SPE4A626T34ZZ.PDF, CLIN table",,,
SPE4A626T35BT,0001,7018457789,0001,EA,23.0,6150-01-131-3678,False,DIBBS|SPE4A626T35BT|CLIN0001,"SPE4A626T35BT.PDF, CLIN table",1898.0,"exact-NSN history, most recent award",43654.0
SPE4A626T35BT,0002,0000000000,,EA,1.0,0001S00000053,True,DIBBS|SPE4A626T35BT|CLIN0002,"SPE4A626T35BT.PDF, CLIN table",,,
SPE4A626T35CL,0001,7018458963,0001,EA,8.0,6150-01-091-6485,False,DIBBS|SPE4A626T35CL|CLIN0001,"SPE4A626T35CL.PDF, CLIN table",958.0,"exact-NSN history, most recent award",7664.0
SPE4A626T35CL,0002,0000000000,,EA,1.0,S00000061,True,DIBBS|SPE4A626T35CL|CLIN0002,"SPE4A626T35CL.PDF, CLIN table",,,
SPE4A626T35FH,0001,7018458772,0001,EA,17.0,6150-01-350-1294,False,DIBBS|SPE4A626T35FH|CLIN0001,"SPE4A626T35FH.PDF, CLIN table",428.0,"exact-NSN history, most recent award",7276.0
SPE4A626T35FH,0002,0000000000,,EA,1.0,0001S00000053,True,DIBBS|SPE4A626T35FH|CLIN0002,"SPE4A626T35FH.PDF, CLIN table",,,
SPE4A626T35GL,0001,7018458041,0001,EA,15.0,6150-01-481-1580,False,DIBBS|SPE4A626T35GL|CLIN0001,"SPE4A626T35GL.PDF, CLIN table",2750.0,"exact-NSN history, most recent award",41250.0
SPE4A626T35GL,0002,0000000000,,EA,1.0,S00000061,True,DIBBS|SPE4A626T35GL|CLIN0002,"SPE4A626T35GL.PDF, CLIN table",,,
SPE4A626T35HV,0001,7018457622,0001,EA,9.0,6150-01-491-8386,False,DIBBS|SPE4A626T35HV|CLIN0001,"SPE4A626T35HV.PDF, CLIN table",2455.5,"exact-NSN history, most recent award",22099.5
SPE4A626T35JN,0001,7018458837,0001,EA,5.0,6150-01-370-9784,False,DIBBS|SPE4A626T35JN|CLIN0001,"SPE4A626T35JN.PDF, CLIN table",1632.0,"exact-NSN history, most recent award",8160.0
SPE4A626T35LB,0001,7018459246,0001,EA,2.0,6150-01-689-9193,False,DIBBS|SPE4A626T35LB|CLIN0001,"SPE4A626T35LB.PDF, CLIN table",,unpriced,
SPE4A626T35MQ,0001,7018459375,0001,EA,2.0,6150-01-676-0777,False,DIBBS|SPE4A626T35MQ|CLIN0001,"SPE4A626T35MQ.PDF, CLIN table",10800.0,"exact-NSN history, most recent award",21600.0
SPE4A626T35MQ,0002,0000000000,,EA,1.0,0001S00000053,True,DIBBS|SPE4A626T35MQ|CLIN0002,"SPE4A626T35MQ.PDF, CLIN table",,,
SPE4A626T35NF,0001,7018457583,0001,EA,4.0,5995-01-711-0276,False,DIBBS|SPE4A626T35NF|CLIN0001,"SPE4A626T35NF.PDF, CLIN table",2641.0,"exact-NSN history, most recent award",10564.0
SPE4A626T35SG,0001,7018458974,0001,EA,13.0,5995-01-460-7299,False,DIBBS|SPE4A626T35SG|CLIN0001,"SPE4A626T35SG.PDF, CLIN table",115.5,"exact-NSN history, most recent award",1501.5
SPE4A626T35SG,0002,0000000000,,EA,1.0,0001S00000053,True,DIBBS|SPE4A626T35SG|CLIN0002,"SPE4A626T35SG.PDF, CLIN table",,,
SPE4A626T35TB,0001,7018458669,0001,EA,8.0,5995-01-406-0096,False,DIBBS|SPE4A626T35TB|CLIN0001,"SPE4A626T35TB.PDF, CLIN table",695.0,"exact-NSN history, most recent award",5560.0
SPE4A626T35TB,0002,0000000000,,EA,1.0,S00000061,True,DIBBS|SPE4A626T35TB|CLIN0002,"SPE4A626T35TB.PDF, CLIN table",,,
SPE4A626T35VP,0001,7017226608,0001,EA,4.0,1420-01-714-8769,False,DIBBS|SPE4A626T35VP|CLIN0001,"SPE4A626T35VP.PDF, CLIN table",,unpriced,
SPE4A626T35VP,0002,0000000000,,EA,1.0,S00000061,True,DIBBS|SPE4A626T35VP|CLIN0002,"SPE4A626T35VP.PDF, CLIN table",,,
SPE4A626T35VQ,0001,7015629117,0001,EA,1.0,5995-01-680-2076,False,DIBBS|SPE4A626T35VQ|CLIN0001,"SPE4A626T35VQ.PDF, CLIN table",216.0,"exact-NSN history, most recent award",216.0
SPE4A626T35VW,0001,7018406963,0001,EA,1.0,6150-01-624-6258,False,DIBBS|SPE4A626T35VW|CLIN0001,"SPE4A626T35VW.PDF, CLIN table",,unpriced,
SPE4A626T35VW,0002,0000000000,,EA,1.0,S00000061,True,DIBBS|SPE4A626T35VW|CLIN0002,"SPE4A626T35VW.PDF, CLIN table",,,
SPE4A626T35XD,0001,7017108106,0001,EA,8.0,5995-01-501-7277,False,DIBBS|SPE4A626T35XD|CLIN0001,"SPE4A626T35XD.PDF, CLIN table",3176.0,"exact-NSN history, most recent award",25408.0
SPE4A626T35XD,0002,0000000000,,EA,1.0,S00000061,True,DIBBS|SPE4A626T35XD|CLIN0002,"SPE4A626T35XD.PDF, CLIN table",,,
SPE4A626T35XE,0001,7016644577,0001,EA,6.0,5995-01-501-7277,False,DIBBS|SPE4A626T35XE|CLIN0001,"SPE4A626T35XE.PDF, CLIN table",3176.0,"exact-NSN history, most recent award",19056.0
SPE4A626T35XE,0002,0000000000,,EA,1.0,S00000061,True,DIBBS|SPE4A626T35XE|CLIN0002,"SPE4A626T35XE.PDF, CLIN table",,,
SPE4A626T35XQ,0001,7015604440,0001,EA,6.0,6150-01-642-7485,False,DIBBS|SPE4A626T35XQ|CLIN0001,"SPE4A626T35XQ.PDF, CLIN table",1755.5,"exact-NSN history, most recent award",10533.0
SPE4A626T35YA,0001,7018458889,0001,EA,61.0,6220-00-189-4797,False,DIBBS|SPE4A626T35YA|CLIN0001,"SPE4A626T35YA.PDF, CLIN table",11.35,"exact-NSN history, most recent award",692.35
SPE4A626T35YA,0002,7018458889,0002,EA,76.0,6220-00-189-4797,False,DIBBS|SPE4A626T35YA|CLIN0002,"SPE4A626T35YA.PDF, CLIN table",11.35,"exact-NSN history, most recent award",862.6
SPE4A626T36AA,0001,7018458515,0001,EA,26.0,5995-01-187-4980,False,DIBBS|SPE4A626T36AA|CLIN0001,"SPE4A626T36AA.PDF, CLIN table",81.25,"exact-NSN history, most recent award",2112.5
SPE4A626T36AC,0001,7018459075,0001,EA,7.0,6150-01-463-3389,False,DIBBS|SPE4A626T36AC|CLIN0001,"SPE4A626T36AC.PDF, CLIN table",439.0,"exact-NSN history, most recent award",3073.0
SPE4A626T36AC,0002,0000000000,,EA,1.0,S00000061,True,DIBBS|SPE4A626T36AC|CLIN0002,"SPE4A626T36AC.PDF, CLIN table",,,
SPE4A626T36AZ,0001,7018470558,0001,EA,45.0,6150-01-312-4179,False,DIBBS|SPE4A626T36AZ|CLIN0001,"SPE4A626T36AZ.PDF, CLIN table",1443.75,"exact-NSN history, most recent award",64968.75
SPE4A626T36BA,0001,7018459034,0001,EA,1.0,5995-01-110-4497,False,DIBBS|SPE4A626T36BA|CLIN0001,"SPE4A626T36BA.PDF, CLIN table",11640.0,"exact-NSN history, most recent award",11640.0
SPE4A626T36BA,0002,0000000000,,EA,1.0,S00000061,True,DIBBS|SPE4A626T36BA|CLIN0002,"SPE4A626T36BA.PDF, CLIN table",,,
SPE4A626T36BS,0001,7018458570,0001,EA,40.0,5995-01-220-0178,False,DIBBS|SPE4A626T36BS|CLIN0001,"SPE4A626T36BS.PDF, CLIN table",265.5,"exact-NSN history, most recent award",10620.0
SPE4A626T36BS,0002,0000000000,,EA,1.0,0001S00000053,True,DIBBS|SPE4A626T36BS|CLIN0002,"SPE4A626T36BS.PDF, CLIN table",,,
SPE4A626T36BW,0001,7018459267,0001,EA,2.0,5995-01-684-0876,False,DIBBS|SPE4A626T36BW|CLIN0001,"SPE4A626T36BW.PDF, CLIN table",2025.0,"exact-NSN history, most recent award",4050.0
SPE4A626T36BW,0002,0000000000,,EA,1.0,0001S00000053,True,DIBBS|SPE4A626T36BW|CLIN0002,"SPE4A626T36BW.PDF, CLIN table",,,
SPE4A626T36CB,0001,7018457896,0001,EA,3.0,6150-01-571-3096,False,DIBBS|SPE4A626T36CB|CLIN0001,"SPE4A626T36CB.PDF, CLIN table",3395.75,"exact-NSN history, most recent award",10187.25
SPE4A626T36CB,0002,0000000000,,EA,1.0,S00000061,True,DIBBS|SPE4A626T36CB|CLIN0002,"SPE4A626T36CB.PDF, CLIN table",,,
SPE4A626T36CX,0001,7018458168,0001,EA,2.0,5995-01-620-3186,False,DIBBS|SPE4A626T36CX|CLIN0001,"SPE4A626T36CX.PDF, CLIN table",2975.0,"exact-NSN history, most recent award",5950.0
SPE4A626T36CX,0002,0000000000,,EA,1.0,S00000061,True,DIBBS|SPE4A626T36CX|CLIN0002,"SPE4A626T36CX.PDF, CLIN table",,,
SPE4A626T36F3,0001,7016438250,0001,EA,2.0,5995-01-166-8069,False,DIBBS|SPE4A626T36F3|CLIN0001,"SPE4A626T36F3.PDF, CLIN table",69.75,"exact-NSN history, most recent award",139.5
SPE4A626T36F3,0002,7016438250,0002,EA,8.0,5995-01-166-8069,False,DIBBS|SPE4A626T36F3|CLIN0002,"SPE4A626T36F3.PDF, CLIN table",69.75,"exact-NSN history, most recent award",558.0
SPE4A626T36F3,0003,0000000000,,EA,1.0,0001S00000053,True,DIBBS|SPE4A626T36F3|CLIN0003,"SPE4A626T36F3.PDF, CLIN table",,,
SPE4A626T36F6,0001,7016439081,0001,EA,4.0,6210-01-384-2374,False,DIBBS|SPE4A626T36F6|CLIN0001,"SPE4A626T36F6.PDF, CLIN table",395.0,"exact-NSN history, most recent award",1580.0
SPE4A626T36FL,0001,7018343320,0001,EA,3.0,6150-01-672-6451,False,DIBBS|SPE4A626T36FL|CLIN0001,"SPE4A626T36FL.PDF, CLIN table",7100.0,"exact-NSN history, most recent award",21300.0
SPE4A626T36G0,0001,7016439220,0001,EA,11.0,6150-01-392-0062,False,DIBBS|SPE4A626T36G0|CLIN0001,"SPE4A626T36G0.PDF, CLIN table",1850.0,"exact-NSN history, most recent award",20350.0
SPE4A626T36HX,0001,7018446323,0001,EA,1.0,6150-01-498-0550,False,DIBBS|SPE4A626T36HX|CLIN0001,"SPE4A626T36HX.PDF, CLIN table",3885.25,"exact-NSN history, most recent award",3885.25
SPE4A626T36J8,0001,7016438481,0001,EA,5.0,5995-01-686-5657,False,DIBBS|SPE4A626T36J8|CLIN0001,"SPE4A626T36J8.PDF, CLIN table",600.0,"exact-NSN history, most recent award",3000.0
SPE4A626T36J8,0002,0000000000,,EA,1.0,0001S00000053,True,DIBBS|SPE4A626T36J8|CLIN0002,"SPE4A626T36J8.PDF, CLIN table",,,
SPE4A626T36JR,0001,7018446271,0001,EA,1.0,5995-01-615-4057,False,DIBBS|SPE4A626T36JR|CLIN0001,"SPE4A626T36JR.PDF, CLIN table",456.25,"exact-NSN history, most recent award",456.25
SPE4A626T36K9,0001,7016471778,0001,EA,14.0,5995-01-604-8209,False,DIBBS|SPE4A626T36K9|CLIN0001,"SPE4A626T36K9.PDF, CLIN table",1478.1,"exact-NSN history, most recent award",20693.399999999998
SPE4A626T36K9,0002,0000000000,,EA,1.0,0001S00000053,True,DIBBS|SPE4A626T36K9|CLIN0002,"SPE4A626T36K9.PDF, CLIN table",,,
SPE4A626T36KC,0001,7018446305,0001,EA,5.0,6150-01-655-9101,False,DIBBS|SPE4A626T36KC|CLIN0001,"SPE4A626T36KC.PDF, CLIN table",18500.0,"exact-NSN history, most recent award",92500.0
SPE4A626T36KV,0001,7018445148,0001,EA,1.0,5995-01-669-1717,False,DIBBS|SPE4A626T36KV|CLIN0001,"SPE4A626T36KV.PDF, CLIN table",4192.75,"exact-NSN history, most recent award",4192.75
SPE4A626T36LM,0001,7018436982,0001,EA,5.0,6150-01-677-2837,False,DIBBS|SPE4A626T36LM|CLIN0001,"SPE4A626T36LM.PDF, CLIN table",,unpriced,
SPE4A626T36LN,0001,7018436987,0001,EA,1.0,6150-15-035-4167,False,DIBBS|SPE4A626T36LN|CLIN0001,"SPE4A626T36LN.PDF, CLIN table",,unpriced,
SPE4A626T36NA,0001,7018437812,0001,EA,1.0,5995-01-729-2493,False,DIBBS|SPE4A626T36NA|CLIN0001,"SPE4A626T36NA.PDF, CLIN table",2125.0,"exact-NSN history, most recent award",2125.0
SPE4A626T36ND,0001,7018468186,0001,EA,44.0,6150-01-669-2680,False,DIBBS|SPE4A626T36ND|CLIN0001,"SPE4A626T36ND.PDF, CLIN table",1192.75,"exact-NSN history, most recent award",52481.0
SPE4A626T36ND,0002,0000000000,,EA,1.0,0001S00000053,True,DIBBS|SPE4A626T36ND|CLIN0002,"SPE4A626T36ND.PDF, CLIN table",,,
SPE4A626T36PD,0001,7018343115,0001,EA,70.0,5340-01-374-4458,False,DIBBS|SPE4A626T36PD|CLIN0001,"SPE4A626T36PD.PDF, CLIN table",195.0,"exact-NSN history, most recent award",13650.0
SPE4A626T36RK,0001,7017696804,0001,EA,3.0,6150-01-561-7521,False,DIBBS|SPE4A626T36RK|CLIN0001,"SPE4A626T36RK.PDF, CLIN table",1300.0,"exact-NSN history, most recent award",3900.0
SPE4A626T36RK,0002,0000000000,,EA,1.0,0001S00000052,True,DIBBS|SPE4A626T36RK|CLIN0002,"SPE4A626T36RK.PDF, CLIN table",,,
SPE4A626T36SR,0001,7017740646,0001,AY,2.0,5995-01-698-2842,False,DIBBS|SPE4A626T36SR|CLIN0001,"SPE4A626T36SR.PDF, CLIN table",,unpriced,
SPE4A626T36TB,0001,7018379738,0001,EA,25.0,3110-00-679-9631,False,DIBBS|SPE4A626T36TB|CLIN0001,"SPE4A626T36TB.PDF, CLIN table",84.7,"exact-NSN history, most recent award",2117.5
SPE4A626T36UX,0001,7018247337,0001,EA,13.0,6150-01-674-3347,False,DIBBS|SPE4A626T36UX|CLIN0001,"SPE4A626T36UX.PDF, CLIN table",79.5,"exact-NSN history, most recent award",1033.5
SPE4A626T36UX,0002,0000000000,,EA,1.0,0001S00000053,True,DIBBS|SPE4A626T36UX|CLIN0002,"SPE4A626T36UX.PDF, CLIN table",,,
SPE4A626T36VC,0001,7014998779,0001,EA,1.0,5995-01-721-8563,False,DIBBS|SPE4A626T36VC|CLIN0001,"SPE4A626T36VC.PDF, CLIN table",,unpriced,
SPE4A626T36VJ,0001,7018249325,0001,EA,534.0,5325-00-410-0033,False,DIBBS|SPE4A626T36VJ|CLIN0001,"SPE4A626T36VJ.PDF, CLIN table",2.68,"exact-NSN history, most recent award",1431.1200000000001
SPE4A626T36WD,0001,7018451764,0001,EA,1.0,6150-01-569-7731,False,DIBBS|SPE4A626T36WD|CLIN0001,"SPE4A626T36WD.PDF, CLIN table",4295.5,"exact-NSN history, most recent award",4295.5
SPE4A626T36WD,0002,0000000000,,EA,1.0,S00000061,True,DIBBS|SPE4A626T36WD|CLIN0002,"SPE4A626T36WD.PDF, CLIN table",,,
SPE4A626T36WP,0001,7017940713,0001,EA,45.0,6150-01-676-1899,False,DIBBS|SPE4A626T36WP|CLIN0001,"SPE4A626T36WP.PDF, CLIN table",37.17,"exact-NSN history, most recent award",1672.65
SPE4A626T36WP,0002,0000000000,,EA,1.0,0001S00000053,True,DIBBS|SPE4A626T36WP|CLIN0002,"SPE4A626T36WP.PDF, CLIN table",,,
SPE4A626T36WQ,0001,7018414189,0001,EA,2.0,6150-01-504-2607,False,DIBBS|SPE4A626T36WQ|CLIN0001,"SPE4A626T36WQ.PDF, CLIN table",255.0,"exact-NSN history, most recent award",510.0
SPE4A626T36XY,0001,7018436979,0001,EA,1.0,5995-01-717-3793,False,DIBBS|SPE4A626T36XY|CLIN0001,"SPE4A626T36XY.PDF, CLIN table",,unpriced,
SPE4A626T36YB,0001,7018447070,0001,EA,1.0,5995-01-578-8313,False,DIBBS|SPE4A626T36YB|CLIN0001,"SPE4A626T36YB.PDF, CLIN table",,unpriced,
SPE4A626T36ZD,0001,7018517308,0001,EA,2.0,5995-01-679-0785,False,DIBBS|SPE4A626T36ZD|CLIN0001,"SPE4A626T36ZD.PDF, CLIN table",6550.0,"exact-NSN history, most recent award",13100.0
SPE4A626T36ZJ,0001,7018516616,0001,EA,4.0,5995-01-673-7628,False,DIBBS|SPE4A626T36ZJ|CLIN0001,"SPE4A626T36ZJ.PDF, CLIN table",200.0,"exact-NSN history, most recent award",800.0
SPE4A626T37BB,0001,7014168809,0001,EA,7.0,6220-00-841-1275,False,DIBBS|SPE4A626T37BB|CLIN0001,"SPE4A626T37BB.PDF, CLIN table",900.0,"exact-NSN history, most recent award",6300.0
SPE4A626T37DB,0001,7018377705,0001,EA,2.0,6150-01-052-2835,False,DIBBS|SPE4A626T37DB|CLIN0001,"SPE4A626T37DB.PDF, CLIN table",1419.9,"exact-NSN history, most recent award",2839.8
SPE4A626T37DB,0002,0000000000,,EA,1.0,0001S00000052,True,DIBBS|SPE4A626T37DB|CLIN0002,"SPE4A626T37DB.PDF, CLIN table",,,
SPE4A626T37DG,0001,7018459392,0001,EA,4.0,5995-01-674-2696,False,DIBBS|SPE4A626T37DG|CLIN0001,"SPE4A626T37DG.PDF, CLIN table",3300.0,"exact-NSN history, most recent award",13200.0
SPE4A626T37DG,0002,0000000000,,EA,1.0,0001S00000053,True,DIBBS|SPE4A626T37DG|CLIN0002,"SPE4A626T37DG.PDF, CLIN table",,,
SPE4A626T37DJ,0001,7018469380,0001,EA,1.0,5995-01-721-7611,False,DIBBS|SPE4A626T37DJ|CLIN0001,"SPE4A626T37DJ.PDF, CLIN table",1752.0,"exact-NSN history, most recent award",1752.0
SPE4A626T37DP,0001,7018237589,0001,EA,13.0,6150-01-451-2284,False,DIBBS|SPE4A626T37DP|CLIN0001,"SPE4A626T37DP.PDF, CLIN table",733.98,"exact-NSN history, most recent award",9541.74
SPE4A626T37DP,0002,0000000000,,EA,1.0,0001S00000053,True,DIBBS|SPE4A626T37DP|CLIN0002,"SPE4A626T37DP.PDF, CLIN table",,,
SPE4A626T37EH,0001,7018458087,0001,EA,30.0,6150-01-541-6997,False,DIBBS|SPE4A626T37EH|CLIN0001,"SPE4A626T37EH.PDF, CLIN table",1250.0,"exact-NSN history, most recent award",37500.0
SPE4A626T37EH,0002,0000000000,,EA,1.0,0001S00000053,True,DIBBS|SPE4A626T37EH|CLIN0002,"SPE4A626T37EH.PDF, CLIN table",,,
SPE4A626T37EV,0001,7017528798,0001,EA,10.0,6150-01-588-8420,False,DIBBS|SPE4A626T37EV|CLIN0001,"SPE4A626T37EV.PDF, CLIN table",65.0,"exact-NSN history, most recent award",650.0
SPE4A626T37FE,0001,7018458821,0001,EA,8.0,6150-01-315-3988,False,DIBBS|SPE4A626T37FE|CLIN0001,"SPE4A626T37FE.PDF, CLIN table",998.0,"exact-NSN history, most recent award",7984.0
SPE4A626T37LT,0001,7018560847,0001,EA,13.0,6150-01-337-5083,False,DIBBS|SPE4A626T37LT|CLIN0001,"SPE4A626T37LT.PDF, CLIN table",6300.0,"exact-NSN history, most recent award",81900.0
SPE4A626T37LT,0002,0000000000,,EA,1.0,0001S00000052,True,DIBBS|SPE4A626T37LT|CLIN0002,"SPE4A626T37LT.PDF, CLIN table",,,
SPE4A626T37NX,0001,7018470518,0001,EA,2.0,6150-01-513-6213,False,DIBBS|SPE4A626T37NX|CLIN0001,"SPE4A626T37NX.PDF, CLIN table",10387.0,"exact-NSN history, most recent award",20774.0
SPE4A626T37RP,0001,7018186216,0001,EA,1.0,6150-01-717-5480,False,DIBBS|SPE4A626T37RP|CLIN0001,"SPE4A626T37RP.PDF, CLIN table",,unpriced,
SPE4A626T37RR,0001,7018529577,0001,EA,1.0,5995-01-395-5319,False,DIBBS|SPE4A626T37RR|CLIN0001,"SPE4A626T37RR.PDF, CLIN table",3200.0,"exact-NSN history, most recent award",3200.0
SPE4A626T37RX,0001,7017913765,0001,EA,89.0,6220-00-557-8228,False,DIBBS|SPE4A626T37RX|CLIN0001,"SPE4A626T37RX.PDF, CLIN table",14.29,"exact-NSN history, most recent award",1271.81
SPE4A626T37RY,0001,7018458949,0001,EA,6.0,6150-01-091-6981,False,DIBBS|SPE4A626T37RY|CLIN0001,"SPE4A626T37RY.PDF, CLIN table",869.6,"exact-NSN history, most recent award",5217.6
SPE4A626T37RY,0002,0000000000,,EA,1.0,S00000061,True,DIBBS|SPE4A626T37RY|CLIN0002,"SPE4A626T37RY.PDF, CLIN table",,,
SPE4A626T37RZ,0001,7017697722,0001,EA,12.0,6220-01-076-9372,False,DIBBS|SPE4A626T37RZ|CLIN0001,"SPE4A626T37RZ.PDF, CLIN table",195.95,"exact-NSN history, most recent award",2351.3999999999996
SPE4A626T37SH,0001,7016337477,0001,EA,2.0,5995-01-260-4144,False,DIBBS|SPE4A626T37SH|CLIN0001,"SPE4A626T37SH.PDF, CLIN table",149.0,"exact-NSN history, most recent award",298.0
SPE4A626T37VG,0001,7018341974,0001,EA,3.0,1680-01-448-9561,False,DIBBS|SPE4A626T37VG|CLIN0001,"SPE4A626T37VG.PDF, CLIN table",3405.0,"exact-NSN history, most recent award",10215.0
SPE4A626T37VG,0002,7018341974,0002,EA,3.0,1680-01-448-9561,False,DIBBS|SPE4A626T37VG|CLIN0002,"SPE4A626T37VG.PDF, CLIN table",3405.0,"exact-NSN history, most recent award",10215.0
SPE4A626T37VG,0003,0000000000,,EA,1.0,0001S00000052,True,DIBBS|SPE4A626T37VG|CLIN0003,"SPE4A626T37VG.PDF, CLIN table",,,
SPE4A626T37YE,0001,7018581880,0001,EA,12.0,6220-01-253-6684,False,DIBBS|SPE4A626T37YE|CLIN0001,"SPE4A626T37YE.PDF, CLIN table",462.81,"exact-NSN history, most recent award",5553.72
SPE4A626T37YY,0001,7018504975,0001,EA,1.0,5995-01-657-2500,False,DIBBS|SPE4A626T37YY|CLIN0001,"SPE4A626T37YY.PDF, CLIN table",8995.0,"exact-NSN history, most recent award",8995.0
SPE4A626T38F2,0001,7016437734,0001,EA,9.0,5995-01-118-5064,False,DIBBS|SPE4A626T38F2|CLIN0001,"SPE4A626T38F2.PDF, CLIN table",631.25,"exact-NSN history, most recent award",5681.25
SPE4A626T38F2,0002,0000000000,,EA,1.0,S00000061,True,DIBBS|SPE4A626T38F2|CLIN0002,"SPE4A626T38F2.PDF, CLIN table",,,
SPE4A626T40V4,0001,7013345300,0001,EA,1.0,5995-01-242-0077,False,DIBBS|SPE4A626T40V4|CLIN0001,"SPE4A626T40V4.PDF, CLIN table",4999.99,"exact-NSN history, most recent award",4999.99
SPE4A626T40V4,0002,0000000000,,EA,1.0,0001S00000052,True,DIBBS|SPE4A626T40V4|CLIN0002,"SPE4A626T40V4.PDF, CLIN table",,,
SPE4A626T41A6,0001,7016534055,0001,EA,1.0,6210-01-036-4043,False,DIBBS|SPE4A626T41A6|CLIN0001,"SPE4A626T41A6.PDF, CLIN table",141.41,"exact-NSN history, most recent award",141.41
SPE4A626T41C0,0001,7015905833,0001,EA,1.0,5995-01-702-1568,False,DIBBS|SPE4A626T41C0|CLIN0001,"SPE4A626T41C0.PDF, CLIN table",,unpriced,
SPE4A626T42K0,0001,7016437624,0001,EA,9.0,5995-01-737-9260,False,DIBBS|SPE4A626T42K0|CLIN0001,"SPE4A626T42K0.PDF, CLIN table",,unpriced,
SPE4A626T42V0,0001,7016645344,0001,EA,5.0,6150-01-091-6984,False,DIBBS|SPE4A626T42V0|CLIN0001,"SPE4A626T42V0.PDF, CLIN table",793.58,"exact-NSN history, most recent award",3967.9
SPE4A626T42V0,0002,0000000000,,EA,1.0,S00000061,True,DIBBS|SPE4A626T42V0|CLIN0002,"SPE4A626T42V0.PDF, CLIN table",,,
SPE4A626T43T0,0001,7016645357,0001,EA,16.0,1440-01-546-0994,False,DIBBS|SPE4A626T43T0|CLIN0001,"SPE4A626T43T0.PDF, CLIN table",75.59,"exact-NSN history, most recent award",1209.44
SPE4A626T43T0,0002,0000000000,,EA,1.0,0001S00000052,True,DIBBS|SPE4A626T43T0|CLIN0002,"SPE4A626T43T0.PDF, CLIN table",,,
SPE4A626T44B9,0001,7016644726,0001,EA,2.0,6150-01-676-0777,False,DIBBS|SPE4A626T44B9|CLIN0001,"SPE4A626T44B9.PDF, CLIN table",10800.0,"exact-NSN history, most recent award",21600.0
SPE4A626T44B9,0002,0000000000,,EA,1.0,0001S00000053,True,DIBBS|SPE4A626T44B9|CLIN0002,"SPE4A626T44B9.PDF, CLIN table",,,
SPE4A626T44X9,0001,7016647193,0001,EA,3.0,6150-01-350-1298,False,DIBBS|SPE4A626T44X9|CLIN0001,"SPE4A626T44X9.PDF, CLIN table",640.0,"exact-NSN history, most recent award",1920.0
SPE4A626T44X9,0002,0000000000,,EA,1.0,0001S00000053,True,DIBBS|SPE4A626T44X9|CLIN0002,"SPE4A626T44X9.PDF, CLIN table",,,
SPE4A626T456Z,0001,7014383558,0001,EA,3.0,5995-01-621-8125,False,DIBBS|SPE4A626T456Z|CLIN0001,"SPE4A626T456Z.PDF, CLIN table",2125.95,"exact-NSN history, most recent award",6377.849999999999
SPE4A626T456Z,0002,0000000000,,EA,1.0,0001S00000053,True,DIBBS|SPE4A626T456Z|CLIN0002,"SPE4A626T456Z.PDF, CLIN table",,,
SPE4A626T45P4,0001,7016647102,0001,EA,12.0,6220-01-253-6684,False,DIBBS|SPE4A626T45P4|CLIN0001,"SPE4A626T45P4.PDF, CLIN table",462.81,"exact-NSN history, most recent award",5553.72
SPE4A626T46C8,0001,7016645724,0001,EA,171.0,6210-00-056-9193,False,DIBBS|SPE4A626T46C8|CLIN0001,"SPE4A626T46C8.PDF, CLIN table",10.88,"exact-NSN history, most recent award",1860.4800000000002
SPE4A626T472Z,0001,7015084954,0001,EA,1.0,5995-01-087-1260,False,DIBBS|SPE4A626T472Z|CLIN0001,"SPE4A626T472Z.PDF, CLIN table",12450.75,"exact-NSN history, most recent award",12450.75
SPE4A626T473D,0001,7015053246,0001,EA,36.0,6150-01-389-6169,False,DIBBS|SPE4A626T473D|CLIN0001,"SPE4A626T473D.PDF, CLIN table",3065.0,"exact-NSN history, most recent award",110340.0
SPE4A626T473D,0002,0000000000,,EA,1.0,0001S00000053,True,DIBBS|SPE4A626T473D|CLIN0002,"SPE4A626T473D.PDF, CLIN table",,,
SPE4A626T473D,0003,0000000000,,EA,1.0,S00000062,True,DIBBS|SPE4A626T473D|CLIN0003,"SPE4A626T473D.PDF, CLIN table",,,
SPE4A626T47P4,0001,7016613931,0001,EA,18.0,3110-01-133-5305,False,DIBBS|SPE4A626T47P4|CLIN0001,"SPE4A626T47P4.PDF, CLIN table",144.45,"exact-NSN history, most recent award",2600.1
SPE4A626T47R1,0001,7016529330,0001,EA,1.0,6150-01-714-8467,False,DIBBS|SPE4A626T47R1|CLIN0001,"SPE4A626T47R1.PDF, CLIN table",,unpriced,
SPE4A626T488Y,0001,7015054119,0001,EA,10.0,6150-01-579-5463,False,DIBBS|SPE4A626T488Y|CLIN0001,"SPE4A626T488Y.PDF, CLIN table",950.0,"exact-NSN history, most recent award",9500.0
SPE4A626T488Y,0002,0000000000,,EA,1.0,0001S00000053,True,DIBBS|SPE4A626T488Y|CLIN0002,"SPE4A626T488Y.PDF, CLIN table",,,
SPE4A626T491G,0001,7015050348,0001,EA,15.0,6150-01-504-8164,False,DIBBS|SPE4A626T491G|CLIN0001,"SPE4A626T491G.PDF, CLIN table",1450.0,"exact-NSN history, most recent award",21750.0
SPE4A626T491G,0002,0000000000,,EA,1.0,0001S00000053,True,DIBBS|SPE4A626T491G|CLIN0002,"SPE4A626T491G.PDF, CLIN table",,,
SPE4A626T493M,0001,7015054694,0001,EA,1.0,6150-01-605-2460,False,DIBBS|SPE4A626T493M|CLIN0001,"SPE4A626T493M.PDF, CLIN table",2238.0,"exact-NSN history, most recent award",2238.0
SPE4A626T493M,0002,0000000000,,EA,1.0,S00000061,True,DIBBS|SPE4A626T493M|CLIN0002,"SPE4A626T493M.PDF, CLIN table",,,
SPE4A626T49D6,0001,7016708338,0001,EA,2.0,6150-01-579-7090,False,DIBBS|SPE4A626T49D6|CLIN0001,"SPE4A626T49D6.PDF, CLIN table",1875.0,"exact-NSN history, most recent award",3750.0
SPE4A626T50J3,0001,7016723243,0001,EA,1.0,6150-01-285-4457,False,DIBBS|SPE4A626T50J3|CLIN0001,"SPE4A626T50J3.PDF, CLIN table",1430.25,"exact-NSN history, most recent award",1430.25
SPE4A626T512F,0001,7014382170,0001,EA,2.0,6150-01-674-3713,False,DIBBS|SPE4A626T512F|CLIN0001,"SPE4A626T512F.PDF, CLIN table",2650.0,"exact-NSN history, most recent award",5300.0
SPE4A626T512F,0002,0000000000,,EA,1.0,0001S00000053,True,DIBBS|SPE4A626T512F|CLIN0002,"SPE4A626T512F.PDF, CLIN table",,,
SPE4A626T51E1,0001,7013333849,0001,EA,79.0,6150-01-128-5594,False,DIBBS|SPE4A626T51E1|CLIN0001,"SPE4A626T51E1.PDF, CLIN table",469.5,"exact-NSN history, most recent award",37090.5
SPE4A626T51E1,0002,0000000000,,EA,1.0,0001S00000053,True,DIBBS|SPE4A626T51E1|CLIN0002,"SPE4A626T51E1.PDF, CLIN table",,,
SPE4A626T51Q6,0001,7016753289,0001,EA,3.0,6150-01-030-0510,False,DIBBS|SPE4A626T51Q6|CLIN0001,"SPE4A626T51Q6.PDF, CLIN table",3419.4,"exact-NSN history, most recent award",10258.2
SPE4A626T51Q6,0002,0000000000,,EA,1.0,0001S00000053,True,DIBBS|SPE4A626T51Q6|CLIN0002,"SPE4A626T51Q6.PDF, CLIN table",,,
SPE4A626T520X,0001,7015191713,0001,EA,3.0,5995-01-087-1260,False,DIBBS|SPE4A626T520X|CLIN0001,"SPE4A626T520X.PDF, CLIN table",12450.75,"exact-NSN history, most recent award",37352.25
SPE4A626T52D8,0001,7016753867,0001,EA,16.0,6150-01-412-6437,False,DIBBS|SPE4A626T52D8|CLIN0001,"SPE4A626T52D8.PDF, CLIN table",1500.0,"exact-NSN history, most recent award",24000.0
SPE4A626T52M5,0001,7016753168,0001,EA,22.0,6150-01-577-4716,False,DIBBS|SPE4A626T52M5|CLIN0001,"SPE4A626T52M5.PDF, CLIN table",549.99,"exact-NSN history, most recent award",12099.78
SPE4A626T52M5,0002,0000000000,,EA,1.0,0001S00000053,True,DIBBS|SPE4A626T52M5|CLIN0002,"SPE4A626T52M5.PDF, CLIN table",,,
SPE4A626T53H3,0001,7016752709,0001,EA,5.0,6150-01-251-2902,False,DIBBS|SPE4A626T53H3|CLIN0001,"SPE4A626T53H3.PDF, CLIN table",930.85,"exact-NSN history, most recent award",4654.25
SPE4A626T53H3,0002,0000000000,,EA,1.0,S00000061,True,DIBBS|SPE4A626T53H3|CLIN0002,"SPE4A626T53H3.PDF, CLIN table",,,
SPE4A626T549S,0001,7014384092,0001,EA,57.0,6150-01-577-4716,False,DIBBS|SPE4A626T549S|CLIN0001,"SPE4A626T549S.PDF, CLIN table",549.99,"exact-NSN history, most recent award",31349.43
SPE4A626T549S,0002,0000000000,,EA,1.0,0001S00000053,True,DIBBS|SPE4A626T549S|CLIN0002,"SPE4A626T549S.PDF, CLIN table",,,
SPE4A626T54L2,0001,7016049552,0001,EA,41.0,6150-01-128-5593,False,DIBBS|SPE4A626T54L2|CLIN0001,"SPE4A626T54L2.PDF, CLIN table",,unpriced,
SPE4A626T54M0,0001,7016645005,0001,EA,37.0,6150-01-128-5592,False,DIBBS|SPE4A626T54M0|CLIN0001,"SPE4A626T54M0.PDF, CLIN table",429.3,"exact-NSN history, most recent award",15884.1
SPE4A626T54M0,0002,0000000000,,EA,1.0,0001S00000053,True,DIBBS|SPE4A626T54M0|CLIN0002,"SPE4A626T54M0.PDF, CLIN table",,,
SPE4A626T54Y2,0001,7014487198,0001,EA,14.0,6210-00-990-4645,False,DIBBS|SPE4A626T54Y2|CLIN0001,"SPE4A626T54Y2.PDF, CLIN table",57.2,"exact-NSN history, most recent award",800.8000000000001
SPE4A626T559A,0001,7015247883,0001,EA,14.0,6150-01-422-9129,False,DIBBS|SPE4A626T559A|CLIN0001,"SPE4A626T559A.PDF, CLIN table",1152.5,"exact-NSN history, most recent award",16135.0
SPE4A626T559A,0002,0000000000,,EA,1.0,S00000062,True,DIBBS|SPE4A626T559A|CLIN0002,"SPE4A626T559A.PDF, CLIN table",,,
SPE4A626T55K3,0001,7016783267,0001,EA,8.0,5995-01-665-6387,False,DIBBS|SPE4A626T55K3|CLIN0001,"SPE4A626T55K3.PDF, CLIN table",1395.26,"exact-NSN history, most recent award",11162.08
SPE4A626T55M6,0001,7016785560,0001,EA,45.0,6220-00-151-7538,False,DIBBS|SPE4A626T55M6|CLIN0001,"SPE4A626T55M6.PDF, CLIN table",49.0,"exact-NSN history, most recent award",2205.0
SPE4A626T56M3,0001,7016785055,0001,EA,38.0,6150-01-346-5095,False,DIBBS|SPE4A626T56M3|CLIN0001,"SPE4A626T56M3.PDF, CLIN table",209.97,"exact-NSN history, most recent award",7978.86
SPE4A626T56S6,0001,7016785174,0001,EA,29.0,6210-01-416-8427,False,DIBBS|SPE4A626T56S6|CLIN0001,"SPE4A626T56S6.PDF, CLIN table",199.9,"exact-NSN history, most recent award",5797.1
SPE4A626T571B,0001,7014232649,0001,EA,3.0,6150-01-106-3195,False,DIBBS|SPE4A626T571B|CLIN0001,"SPE4A626T571B.PDF, CLIN table",207.65,"exact-NSN history, most recent award",622.95
SPE4A626T571B,0002,0000000000,,EA,1.0,0001S00000052,True,DIBBS|SPE4A626T571B|CLIN0002,"SPE4A626T571B.PDF, CLIN table",,,
SPE4A626T571K,0001,7015211921,0001,EA,9.0,6150-01-492-4611,False,DIBBS|SPE4A626T571K|CLIN0001,"SPE4A626T571K.PDF, CLIN table",5197.5,"exact-NSN history, most recent award",46777.5
SPE4A626T571K,0002,0000000000,,EA,1.0,0001S00000053,True,DIBBS|SPE4A626T571K|CLIN0002,"SPE4A626T571K.PDF, CLIN table",,,
SPE4A626T571P,0001,7015246467,0001,EA,26.0,6150-01-319-2630,False,DIBBS|SPE4A626T571P|CLIN0001,"SPE4A626T571P.PDF, CLIN table",27.25,"exact-NSN history, most recent award",708.5
SPE4A626T571P,0002,0000000000,,EA,1.0,0001S00000053,True,DIBBS|SPE4A626T571P|CLIN0002,"SPE4A626T571P.PDF, CLIN table",,,
SPE4A626T576S,0001,7015245241,0001,EA,41.0,6210-01-204-0538,False,DIBBS|SPE4A626T576S|CLIN0001,"SPE4A626T576S.PDF, CLIN table",14.5,"exact-NSN history, most recent award",594.5
SPE4A626T57H3,0001,7015537819,0001,EA,3.0,6150-00-415-2879,False,DIBBS|SPE4A626T57H3|CLIN0001,"SPE4A626T57H3.PDF, CLIN table",1575.25,"exact-NSN history, most recent award",4725.75
SPE4A626T57R8,0001,7014382949,0001,EA,3.0,5995-01-091-6410,False,DIBBS|SPE4A626T57R8|CLIN0001,"SPE4A626T57R8.PDF, CLIN table",4605.0,"exact-NSN history, most recent award",13815.0
SPE4A626T57R8,0002,0000000000,,EA,1.0,S00000061,True,DIBBS|SPE4A626T57R8|CLIN0002,"SPE4A626T57R8.PDF, CLIN table",,,
SPE4A626T58P6,0001,7016751524,0001,EA,5.0,6210-00-441-9716,False,DIBBS|SPE4A626T58P6|CLIN0001,"SPE4A626T58P6.PDF, CLIN table",936.9,"exact-NSN history, most recent award",4684.5
SPE4A626T58R3,0001,7016752730,0001,EA,4.0,6150-01-249-7717,False,DIBBS|SPE4A626T58R3|CLIN0001,"SPE4A626T58R3.PDF, CLIN table",957.0,"exact-NSN history, most recent award",3828.0
SPE4A626T58R3,0002,0000000000,,EA,1.0,S00000061,True,DIBBS|SPE4A626T58R3|CLIN0002,"SPE4A626T58R3.PDF, CLIN table",,,
SPE4A626T58R5,0001,7016471701,0001,EA,6.0,6150-01-550-4766,False,DIBBS|SPE4A626T58R5|CLIN0001,"SPE4A626T58R5.PDF, CLIN table",4265.0,"exact-NSN history, most recent award",25590.0
SPE4A626T58R5,0002,0000000000,,EA,1.0,0001S00000052,True,DIBBS|SPE4A626T58R5|CLIN0002,"SPE4A626T58R5.PDF, CLIN table",,,
SPE4A626T59C0,0001,7016799010,0001,EA,17.0,5995-00-707-8794,False,DIBBS|SPE4A626T59C0|CLIN0001,"SPE4A626T59C0.PDF, CLIN table",165.0,"exact-NSN history, most recent award",2805.0
SPE4A626T59Z9,0001,7016811358,0001,EA,3.0,6150-01-085-8169,False,DIBBS|SPE4A626T59Z9|CLIN0001,"SPE4A626T59Z9.PDF, CLIN table",4425.5,"exact-NSN history, most recent award",13276.5
SPE4A626T60A7,0001,7016785431,0001,EA,4.0,6680-01-313-3450,False,DIBBS|SPE4A626T60A7|CLIN0001,"SPE4A626T60A7.PDF, CLIN table",1447.0,"exact-NSN history, most recent award",5788.0
SPE4A626T60P3,0001,7014545161,0001,EA,2.0,6150-01-718-7966,False,DIBBS|SPE4A626T60P3|CLIN0001,"SPE4A626T60P3.PDF, CLIN table",4470.0,"exact-NSN history, most recent award",8940.0
SPE4A626T60P3,0002,0000000000,,EA,1.0,S00000061,True,DIBBS|SPE4A626T60P3|CLIN0002,"SPE4A626T60P3.PDF, CLIN table",,,
SPE4A626T60Q5,0001,7016438543,0001,EA,2.0,6150-01-680-2759,False,DIBBS|SPE4A626T60Q5|CLIN0001,"SPE4A626T60Q5.PDF, CLIN table",1100.11,"exact-NSN history, most recent award",2200.22
SPE4A626T60Q5,0002,0000000000,,EA,1.0,0001S00000053,True,DIBBS|SPE4A626T60Q5|CLIN0002,"SPE4A626T60Q5.PDF, CLIN table",,,
SPE4A626T60Q7,0001,7016244096,0001,EA,15.0,6150-01-506-7477,False,DIBBS|SPE4A626T60Q7|CLIN0001,"SPE4A626T60Q7.PDF, CLIN table",483.0,"exact-NSN history, most recent award",7245.0
SPE4A626T60Q7,0002,0000000000,,EA,1.0,0001S00000053,True,DIBBS|SPE4A626T60Q7|CLIN0002,"SPE4A626T60Q7.PDF, CLIN table",,,
SPE4A626T613H,0001,7015246441,0001,EA,17.0,5995-01-678-2684,False,DIBBS|SPE4A626T613H|CLIN0001,"SPE4A626T613H.PDF, CLIN table",756.94,"exact-NSN history, most recent award",12867.980000000001
SPE4A626T613H,0002,0000000000,,EA,1.0,0001S00000053,True,DIBBS|SPE4A626T613H|CLIN0002,"SPE4A626T613H.PDF, CLIN table",,,
SPE4A626T616N,0001,7015153843,0001,EA,1.0,5995-01-687-0925,False,DIBBS|SPE4A626T616N|CLIN0001,"SPE4A626T616N.PDF, CLIN table",,unpriced,
SPE4A626T621J,0001,7015213350,0001,AY,4.0,6150-01-610-6408,False,DIBBS|SPE4A626T621J|CLIN0001,"SPE4A626T621J.PDF, CLIN table",5250.0,"exact-NSN history, most recent award",21000.0
SPE4A626T636M,0001,7014381016,0001,EA,4.0,6150-01-203-8312,False,DIBBS|SPE4A626T636M|CLIN0001,"SPE4A626T636M.PDF, CLIN table",,unpriced,
SPE4A626T637J,0001,7015403560,0001,EA,2.0,5995-00-111-2738,False,DIBBS|SPE4A626T637J|CLIN0001,"SPE4A626T637J.PDF, CLIN table",750.0,"exact-NSN history, most recent award",1500.0
SPE4A626T63K5,0001,7016848771,0001,EA,1.0,5995-01-676-1136,False,DIBBS|SPE4A626T63K5|CLIN0001,"SPE4A626T63K5.PDF, CLIN table",4150.0,"exact-NSN history, most recent award",4150.0
SPE4A626T63K5,0002,0000000000,,EA,1.0,0001S00000053,True,DIBBS|SPE4A626T63K5|CLIN0002,"SPE4A626T63K5.PDF, CLIN table",,,
SPE4A626T63P2,0001,7016846652,0001,EA,19.0,5995-01-734-9942,False,DIBBS|SPE4A626T63P2|CLIN0001,"SPE4A626T63P2.PDF, CLIN table",1252.39,"exact-NSN history, most recent award",23795.410000000003
SPE4A626T648Z,0001,7015378587,0001,EA,10.0,4920-01-667-7698,False,DIBBS|SPE4A626T648Z|CLIN0001,"SPE4A626T648Z.PDF, CLIN table",125.77,"exact-NSN history, most recent award",1257.7
SPE4A626T648Z,0002,7015378586,0001,EA,2.0,4920-01-667-7698,False,DIBBS|SPE4A626T648Z|CLIN0002,"SPE4A626T648Z.PDF, CLIN table",125.77,"exact-NSN history, most recent award",251.54
SPE4A626T64L4,0001,7016849302,0001,EA,6.0,6220-00-501-2752,False,DIBBS|SPE4A626T64L4|CLIN0001,"SPE4A626T64L4.PDF, CLIN table",2653.0,"exact-NSN history, most recent award",15918.0
SPE4A626T64L4,0002,7016849302,0002,EA,11.0,6220-00-501-2752,False,DIBBS|SPE4A626T64L4|CLIN0002,"SPE4A626T64L4.PDF, CLIN table",2653.0,"exact-NSN history, most recent award",29183.0
SPE4A626T66K0,0001,7015051491,0001,EA,14.0,5995-01-098-1375,False,DIBBS|SPE4A626T66K0|CLIN0001,"SPE4A626T66K0.PDF, CLIN table",122.0,"exact-NSN history, most recent award",1708.0
SPE4A626T66K0,0002,0000000000,,EA,1.0,S00000061,True,DIBBS|SPE4A626T66K0|CLIN0002,"SPE4A626T66K0.PDF, CLIN table",,,
SPE4A626T67F1,0001,7016879251,0001,EA,4.0,6150-01-420-6806,False,DIBBS|SPE4A626T67F1|CLIN0001,"SPE4A626T67F1.PDF, CLIN table",1110.75,"exact-NSN history, most recent award",4443.0
SPE4A626T67K2,0001,7016879964,0001,EA,5.0,5995-01-682-8154,False,DIBBS|SPE4A626T67K2|CLIN0001,"SPE4A626T67K2.PDF, CLIN table",499.5,"exact-NSN history, most recent award",2497.5
SPE4A626T67K2,0002,0000000000,,EA,1.0,S00000061,True,DIBBS|SPE4A626T67K2|CLIN0002,"SPE4A626T67K2.PDF, CLIN table",,,
SPE4A626T68J1,0001,7016832984,0001,EA,1.0,5995-01-716-9192,False,DIBBS|SPE4A626T68J1|CLIN0001,"SPE4A626T68J1.PDF, CLIN table",577.77,"exact-NSN history, most recent award",577.77
SPE4A626T693Y,0001,7014628421,0001,EA,17.0,6210-01-165-6387,False,DIBBS|SPE4A626T693Y|CLIN0001,"SPE4A626T693Y.PDF, CLIN table",125.59,"exact-NSN history, most recent award",2135.03
SPE4A626T69H5,0001,7016845218,0001,EA,5.0,5995-01-568-7250,False,DIBBS|SPE4A626T69H5|CLIN0001,"SPE4A626T69H5.PDF, CLIN table",,unpriced,
SPE4A626T69H5,0002,0000000000,,EA,1.0,0001S00000052,True,DIBBS|SPE4A626T69H5|CLIN0002,"SPE4A626T69H5.PDF, CLIN table",,,
SPE4A626T69J9,0001,7016771951,0001,EA,8.0,5995-01-723-7343,False,DIBBS|SPE4A626T69J9|CLIN0001,"SPE4A626T69J9.PDF, CLIN table",,unpriced,
SPE4A626T69M7,0001,7016879984,0001,EA,15.0,6150-01-451-1108,False,DIBBS|SPE4A626T69M7|CLIN0001,"SPE4A626T69M7.PDF, CLIN table",135.0,"exact-NSN history, most recent award",2025.0
SPE4A626T69M7,0002,0000000000,,EA,1.0,0001S00000053,True,DIBBS|SPE4A626T69M7|CLIN0002,"SPE4A626T69M7.PDF, CLIN table",,,
SPE4A626T69M9,0001,7016879190,0001,EA,15.0,6210-00-842-6939,False,DIBBS|SPE4A626T69M9|CLIN0001,"SPE4A626T69M9.PDF, CLIN table",34.81,"exact-NSN history, most recent award",522.1500000000001
SPE4A626T69S4,0001,7016878816,0001,EA,4.0,6150-01-288-9983,False,DIBBS|SPE4A626T69S4|CLIN0001,"SPE4A626T69S4.PDF, CLIN table",1245.0,"exact-NSN history, most recent award",4980.0
SPE4A626T69S4,0002,0000000000,,EA,1.0,0001S00000052,True,DIBBS|SPE4A626T69S4|CLIN0002,"SPE4A626T69S4.PDF, CLIN table",,,
SPE4A626T69S6,0001,7016833276,0001,EA,2.0,6150-01-693-3017,False,DIBBS|SPE4A626T69S6|CLIN0001,"SPE4A626T69S6.PDF, CLIN table",2826.09,"exact-NSN history, most recent award",5652.18
SPE4A626T69T3,0001,7016049529,0001,EA,37.0,6150-01-128-5590,False,DIBBS|SPE4A626T69T3|CLIN0001,"SPE4A626T69T3.PDF, CLIN table",379.26,"exact-NSN history, most recent award",14032.619999999999
SPE4A626T69T3,0002,0000000000,,EA,1.0,0001S00000053,True,DIBBS|SPE4A626T69T3|CLIN0002,"SPE4A626T69T3.PDF, CLIN table",,,
SPE4A626T69U5,0001,7016646310,0001,EA,2.0,5995-01-408-3287,False,DIBBS|SPE4A626T69U5|CLIN0001,"SPE4A626T69U5.PDF, CLIN table",2887.5,"exact-NSN history, most recent award",5775.0
SPE4A626T71S4,0001,7016802998,0001,EA,2.0,5995-01-087-1260,False,DIBBS|SPE4A626T71S4|CLIN0001,"SPE4A626T71S4.PDF, CLIN table",12450.75,"exact-NSN history, most recent award",24901.5
SPE4A626T71Z5,0001,7016849495,0001,EA,133.0,6210-00-519-0448,False,DIBBS|SPE4A626T71Z5|CLIN0001,"SPE4A626T71Z5.PDF, CLIN table",12.72,"exact-NSN history, most recent award",1691.76
SPE4A626T71Z5,0002,0000000000,,EA,1.0,0001S00000053,True,DIBBS|SPE4A626T71Z5|CLIN0002,"SPE4A626T71Z5.PDF, CLIN table",,,
SPE4A626T721X,0001,7015246214,0001,EA,2.0,5995-01-705-9028,False,DIBBS|SPE4A626T721X|CLIN0001,"SPE4A626T721X.PDF, CLIN table",,unpriced,
SPE4A626T729A,0001,7015536656,0001,EA,1.0,5995-01-726-2489,False,DIBBS|SPE4A626T729A|CLIN0001,"SPE4A626T729A.PDF, CLIN table",,unpriced,
SPE4A626T732K,0001,7015596084,0001,EA,2.0,5995-01-091-6019,False,DIBBS|SPE4A626T732K|CLIN0001,"SPE4A626T732K.PDF, CLIN table",199.57,"exact-NSN history, most recent award",399.14
SPE4A626T732K,0002,0000000000,,EA,1.0,0001S00000053,True,DIBBS|SPE4A626T732K|CLIN0002,"SPE4A626T732K.PDF, CLIN table",,,
SPE4A626T73G5,0001,7016645021,0001,EA,7.0,4920-01-565-4276,False,DIBBS|SPE4A626T73G5|CLIN0001,"SPE4A626T73G5.PDF, CLIN table",919.33,"exact-NSN history, most recent award",6435.31
SPE4A626T746U,0001,7015601619,0001,EA,8.0,6150-01-538-2881,False,DIBBS|SPE4A626T746U|CLIN0001,"SPE4A626T746U.PDF, CLIN table",1399.0,"exact-NSN history, most recent award",11192.0
SPE4A626T746U,0002,0000000000,,EA,1.0,0001S00000053,True,DIBBS|SPE4A626T746U|CLIN0002,"SPE4A626T746U.PDF, CLIN table",,,
SPE4A626T74Q2,0001,7016751753,0001,EA,4.0,5995-01-112-7018,False,DIBBS|SPE4A626T74Q2|CLIN0001,"SPE4A626T74Q2.PDF, CLIN table",2599.0,"exact-NSN history, most recent award",10396.0
SPE4A626T74Q2,0002,7016751753,0002,EA,28.0,5995-01-112-7018,False,DIBBS|SPE4A626T74Q2|CLIN0002,"SPE4A626T74Q2.PDF, CLIN table",2599.0,"exact-NSN history, most recent award",72772.0
SPE4A626T74Q2,0003,0000000000,,EA,1.0,0001S00000053,True,DIBBS|SPE4A626T74Q2|CLIN0003,"SPE4A626T74Q2.PDF, CLIN table",,,
SPE4A626T74Q6,0001,7016847246,0001,EA,52.0,6210-00-399-7028,False,DIBBS|SPE4A626T74Q6|CLIN0001,"SPE4A626T74Q6.PDF, CLIN table",51.35,"exact-NSN history, most recent award",2670.2000000000003
SPE4A626T769J,0001,7015601767,0001,EA,41.0,6150-01-210-3596,False,DIBBS|SPE4A626T769J|CLIN0001,"SPE4A626T769J.PDF, CLIN table",14.99,"exact-NSN history, most recent award",614.59
SPE4A626T769J,0002,0000000000,,EA,1.0,0001S00000053,True,DIBBS|SPE4A626T769J|CLIN0002,"SPE4A626T769J.PDF, CLIN table",,,
SPE4A626T76A3,0001,7017010239,0001,EA,6.0,6150-01-219-2852,False,DIBBS|SPE4A626T76A3|CLIN0001,"SPE4A626T76A3.PDF, CLIN table",520.0,"exact-NSN history, most recent award",3120.0
SPE4A626T76A3,0002,0000000000,,EA,1.0,S00000061,True,DIBBS|SPE4A626T76A3|CLIN0002,"SPE4A626T76A3.PDF, CLIN table",,,
SPE4A626T76M7,0001,7017010194,0001,EA,2.0,6150-01-693-0357,False,DIBBS|SPE4A626T76M7|CLIN0001,"SPE4A626T76M7.PDF, CLIN table",3210.5,"exact-NSN history, most recent award",6421.0
SPE4A626T76M7,0002,0000000000,,EA,1.0,0001S00000053,True,DIBBS|SPE4A626T76M7|CLIN0002,"SPE4A626T76M7.PDF, CLIN table",,,
SPE4A626T76S1,0001,7017010222,0001,EA,7.0,5995-01-690-0452,False,DIBBS|SPE4A626T76S1|CLIN0001,"SPE4A626T76S1.PDF, CLIN table",12500.0,"exact-NSN history, most recent award",87500.0
SPE4A626T76S1,0002,0000000000,,EA,1.0,0001S00000053,True,DIBBS|SPE4A626T76S1|CLIN0002,"SPE4A626T76S1.PDF, CLIN table",,,
SPE4A626T76X5,0001,7017011435,0001,EA,4.0,5995-01-091-6468,False,DIBBS|SPE4A626T76X5|CLIN0001,"SPE4A626T76X5.PDF, CLIN table",3097.5,"exact-NSN history, most recent award",12390.0
SPE4A626T76X5,0002,0000000000,,EA,1.0,S00000061,True,DIBBS|SPE4A626T76X5|CLIN0002,"SPE4A626T76X5.PDF, CLIN table",,,
SPE4A626T773C,0001,7015607934,0001,EA,26.0,5995-00-169-6049,False,DIBBS|SPE4A626T773C|CLIN0001,"SPE4A626T773C.PDF, CLIN table",56.92,"exact-NSN history, most recent award",1479.92
SPE4A626T77P4,0001,7015111024,0001,EA,7.0,5995-01-463-2492,False,DIBBS|SPE4A626T77P4|CLIN0001,"SPE4A626T77P4.PDF, CLIN table",5752.68,"exact-NSN history, most recent award",40268.76
SPE4A626T77P4,0002,0000000000,,EA,1.0,0001S00000053,True,DIBBS|SPE4A626T77P4|CLIN0002,"SPE4A626T77P4.PDF, CLIN table",,,
SPE4A626T782D,0001,7015599986,0001,EA,70.0,1420-01-070-4995,False,DIBBS|SPE4A626T782D|CLIN0001,"SPE4A626T782D.PDF, CLIN table",9.75,"exact-NSN history, most recent award",682.5
SPE4A626T78F8,0001,7017011928,0001,EA,8.0,6150-01-650-4959,False,DIBBS|SPE4A626T78F8|CLIN0001,"SPE4A626T78F8.PDF, CLIN table",2203.71,"exact-NSN history, most recent award",17629.68
SPE4A626T793J,0001,7015603680,0001,EA,1.0,5995-01-622-5096,False,DIBBS|SPE4A626T793J|CLIN0001,"SPE4A626T793J.PDF, CLIN table",4100.0,"exact-NSN history, most recent award",4100.0
SPE4A626T793J,0002,0000000000,,EA,1.0,0001S00000053,True,DIBBS|SPE4A626T793J|CLIN0002,"SPE4A626T793J.PDF, CLIN table",,,
SPE4A626T79W1,0001,7017039783,0001,EA,9.0,5995-01-241-3852,False,DIBBS|SPE4A626T79W1|CLIN0001,"SPE4A626T79W1.PDF, CLIN table",130.0,"exact-NSN history, most recent award",1170.0
SPE4A626T800G,0001,7014383126,0001,EA,3.0,5995-01-725-6015,False,DIBBS|SPE4A626T800G|CLIN0001,"SPE4A626T800G.PDF, CLIN table",,unpriced,
SPE4A626T803V,0001,7015658101,0001,EA,35.0,6210-00-143-6614,False,DIBBS|SPE4A626T803V|CLIN0001,"SPE4A626T803V.PDF, CLIN table",12.26,"exact-NSN history, most recent award",429.09999999999997
SPE4A626T80G3,0001,7017039719,0001,EA,2.0,5995-01-725-7846,False,DIBBS|SPE4A626T80G3|CLIN0001,"SPE4A626T80G3.PDF, CLIN table",1775.25,"exact-NSN history, most recent award",3550.5
SPE4A626T80V6,0001,7016869814,0001,EA,1.0,6150-01-559-6613,False,DIBBS|SPE4A626T80V6|CLIN0001,"SPE4A626T80V6.PDF, CLIN table",1415.65,"exact-NSN history, most recent award",1415.65
SPE4A626T80V6,0002,0000000000,,EA,1.0,0001S00000053,True,DIBBS|SPE4A626T80V6|CLIN0002,"SPE4A626T80V6.PDF, CLIN table",,,
SPE4A626T81P6,0001,7017060369,0001,EA,17.0,6150-01-165-5659,False,DIBBS|SPE4A626T81P6|CLIN0001,"SPE4A626T81P6.PDF, CLIN table",5885.0,"exact-NSN history, most recent award",100045.0
SPE4A626T81P6,0002,0000000000,,EA,1.0,0001S00000053,True,DIBBS|SPE4A626T81P6|CLIN0002,"SPE4A626T81P6.PDF, CLIN table",,,
SPE4A626T81S3,0001,7017004664,0001,EA,1.0,5995-01-606-7405,False,DIBBS|SPE4A626T81S3|CLIN0001,"SPE4A626T81S3.PDF, CLIN table",1748.25,"exact-NSN history, most recent award",1748.25
SPE4A626T81T3,0001,7017061840,0001,EA,163.0,6150-01-106-8556,False,DIBBS|SPE4A626T81T3|CLIN0001,"SPE4A626T81T3.PDF, CLIN table",720.0,"exact-NSN history, most recent award",117360.0
SPE4A626T81T3,0002,0000000000,,EA,1.0,S00000061,True,DIBBS|SPE4A626T81T3|CLIN0002,"SPE4A626T81T3.PDF, CLIN table",,,
SPE4A626T81V7,0001,7017011436,0001,EA,4.0,6150-01-091-6465,False,DIBBS|SPE4A626T81V7|CLIN0001,"SPE4A626T81V7.PDF, CLIN table",3000.0,"exact-NSN history, most recent award",12000.0
SPE4A626T81V7,0002,0000000000,,EA,1.0,S00000061,True,DIBBS|SPE4A626T81V7|CLIN0002,"SPE4A626T81V7.PDF, CLIN table",,,
SPE4A626T81V8,0001,7016849239,0001,EA,14.0,6150-01-672-0227,False,DIBBS|SPE4A626T81V8|CLIN0001,"SPE4A626T81V8.PDF, CLIN table",3100.0,"exact-NSN history, most recent award",43400.0
SPE4A626T81V8,0002,0000000000,,EA,1.0,0001S00000053,True,DIBBS|SPE4A626T81V8|CLIN0002,"SPE4A626T81V8.PDF, CLIN table",,,
SPE4A626T822A,0001,7015604954,0001,EA,37.0,4920-01-462-9074,False,DIBBS|SPE4A626T822A|CLIN0001,"SPE4A626T822A.PDF, CLIN table",325.25,"exact-NSN history, most recent award",12034.25
SPE4A626T831M,0001,7015657021,0001,EA,4.0,5995-01-579-3004,False,DIBBS|SPE4A626T831M|CLIN0001,"SPE4A626T831M.PDF, CLIN table",1350.0,"exact-NSN history, most recent award",5400.0
SPE4A626T831M,0002,0000000000,,EA,1.0,0001S00000053,True,DIBBS|SPE4A626T831M|CLIN0002,"SPE4A626T831M.PDF, CLIN table",,,
SPE4A626T83H3,0001,7017038970,0001,EA,1.0,5995-01-697-4627,False,DIBBS|SPE4A626T83H3|CLIN0001,"SPE4A626T83H3.PDF, CLIN table",,unpriced,
SPE4A626T83Q9,0001,7017034563,0001,EA,2.0,6150-01-576-6066,False,DIBBS|SPE4A626T83Q9|CLIN0001,"SPE4A626T83Q9.PDF, CLIN table",31000.0,"exact-NSN history, most recent award",62000.0
SPE4A626T83Q9,0002,0000000000,,EA,1.0,0001S00000053,True,DIBBS|SPE4A626T83Q9|CLIN0002,"SPE4A626T83Q9.PDF, CLIN table",,,
SPE4A626T83U6,0001,7012491196,0001,EA,70.0,1440-01-546-0994,False,DIBBS|SPE4A626T83U6|CLIN0001,"SPE4A626T83U6.PDF, CLIN table",75.59,"exact-NSN history, most recent award",5291.3
SPE4A626T83U6,0002,0000000000,,EA,1.0,0001S00000052,True,DIBBS|SPE4A626T83U6|CLIN0002,"SPE4A626T83U6.PDF, CLIN table",,,
SPE4A626T84C0,0001,7016930064,0001,EA,2.0,5995-01-680-7986,False,DIBBS|SPE4A626T84C0|CLIN0001,"SPE4A626T84C0.PDF, CLIN table",22050.0,"exact-NSN history, most recent award",44100.0
SPE4A626T84D2,0001,7017098115,0001,EA,14.0,6150-01-549-1520,False,DIBBS|SPE4A626T84D2|CLIN0001,"SPE4A626T84D2.PDF, CLIN table",1900.0,"exact-NSN history, most recent award",26600.0
SPE4A626T84J8,0001,7017108560,0001,EA,46.0,6220-00-712-1779,False,DIBBS|SPE4A626T84J8|CLIN0001,"SPE4A626T84J8.PDF, CLIN table",152.1,"exact-NSN history, most recent award",6996.599999999999
SPE4A626T84P1,0001,7017108871,0001,EA,3.0,5995-01-191-1399,False,DIBBS|SPE4A626T84P1|CLIN0001,"SPE4A626T84P1.PDF, CLIN table",5363.0,"exact-NSN history, most recent award",16089.0
SPE4A626T84P1,0002,0000000000,,EA,1.0,S00000061,True,DIBBS|SPE4A626T84P1|CLIN0002,"SPE4A626T84P1.PDF, CLIN table",,,
SPE4A626T84R0,0001,7017108830,0001,EA,159.0,6150-01-472-4491,False,DIBBS|SPE4A626T84R0|CLIN0001,"SPE4A626T84R0.PDF, CLIN table",300.0,"exact-NSN history, most recent award",47700.0
SPE4A626T84R0,0002,0000000000,,EA,1.0,0001S00000053,True,DIBBS|SPE4A626T84R0|CLIN0002,"SPE4A626T84R0.PDF, CLIN table",,,
SPE4A626T84Z3,0001,7017107963,0001,EA,2.0,6150-01-612-1878,False,DIBBS|SPE4A626T84Z3|CLIN0001,"SPE4A626T84Z3.PDF, CLIN table",2442.75,"exact-NSN history, most recent award",4885.5
SPE4A626T84Z3,0002,0000000000,,EA,1.0,0001S00000053,True,DIBBS|SPE4A626T84Z3|CLIN0002,"SPE4A626T84Z3.PDF, CLIN table",,,
SPE4A626T85B9,0001,7017109236,0001,EA,14.0,5995-01-598-0382,False,DIBBS|SPE4A626T85B9|CLIN0001,"SPE4A626T85B9.PDF, CLIN table",702.38,"exact-NSN history, most recent award",9833.32
SPE4A626T85V1,0001,7014630134,0001,EA,14.0,5995-01-411-7093,False,DIBBS|SPE4A626T85V1|CLIN0001,"SPE4A626T85V1.PDF, CLIN table",1127.0,"exact-NSN history, most recent award",15778.0
SPE4A626T85V1,0002,0000000000,,EA,1.0,S00000061,True,DIBBS|SPE4A626T85V1|CLIN0002,"SPE4A626T85V1.PDF, CLIN table",,,
SPE4A626T85W7,0001,7015112070,0001,EA,57.0,5995-01-705-8691,False,DIBBS|SPE4A626T85W7|CLIN0001,"SPE4A626T85W7.PDF, CLIN table",275.15,"exact-NSN history, most recent award",15683.55
SPE4A626T85W7,0002,0000000000,,EA,1.0,0001S00000053,True,DIBBS|SPE4A626T85W7|CLIN0002,"SPE4A626T85W7.PDF, CLIN table",,,
SPE4A626T86S0,0001,7016997107,0001,EA,1.0,6210-01-003-0260,False,DIBBS|SPE4A626T86S0|CLIN0001,"SPE4A626T86S0.PDF, CLIN table",13.75,"exact-NSN history, most recent award",13.75
SPE4A626T88D6,0001,7017011083,0001,EA,18.0,5995-01-587-6864,False,DIBBS|SPE4A626T88D6|CLIN0001,"SPE4A626T88D6.PDF, CLIN table",2231.2,"exact-NSN history, most recent award",40161.6
SPE4A626T88D6,0002,0000000000,,EA,1.0,0001S00000053,True,DIBBS|SPE4A626T88D6|CLIN0002,"SPE4A626T88D6.PDF, CLIN table",,,
SPE4A626T88U0,0001,7016294042,0001,EA,4.0,6150-00-153-7296,False,DIBBS|SPE4A626T88U0|CLIN0001,"SPE4A626T88U0.PDF, CLIN table",51.44,"exact-NSN history, most recent award",205.76
SPE4A626T88U0,0002,0000000000,,EA,1.0,0001S00000053,True,DIBBS|SPE4A626T88U0|CLIN0002,"SPE4A626T88U0.PDF, CLIN table",,,
SPE4A626T88V1,0001,7017010242,0001,EA,1.0,5995-01-484-8758,False,DIBBS|SPE4A626T88V1|CLIN0001,"SPE4A626T88V1.PDF, CLIN table",7425.5,"exact-NSN history, most recent award",7425.5
SPE4A626T88V5,0001,7017038859,0001,EA,3.0,6210-01-384-2261,False,DIBBS|SPE4A626T88V5|CLIN0001,"SPE4A626T88V5.PDF, CLIN table",450.0,"exact-NSN history, most recent award",1350.0
SPE4A626T88W2,0001,7015501550,0001,EA,2.0,6150-01-627-5494,False,DIBBS|SPE4A626T88W2|CLIN0001,"SPE4A626T88W2.PDF, CLIN table",1815.0,"exact-NSN history, most recent award",3630.0
SPE4A626T88W2,0002,0000000000,,EA,1.0,0001S00000053,True,DIBBS|SPE4A626T88W2|CLIN0002,"SPE4A626T88W2.PDF, CLIN table",,,
SPE4A626T88Y8,0001,7017011734,0001,EA,205.0,6210-01-096-1152,False,DIBBS|SPE4A626T88Y8|CLIN0001,"SPE4A626T88Y8.PDF, CLIN table",7.36,"exact-NSN history, most recent award",1508.8
SPE4A626T88Y8,0002,0000000000,,EA,1.0,0001S00000052,True,DIBBS|SPE4A626T88Y8|CLIN0002,"SPE4A626T88Y8.PDF, CLIN table",,,
SPE4A626T89P2,0001,7017147146,0001,EA,1.0,5995-01-032-5730,False,DIBBS|SPE4A626T89P2|CLIN0001,"SPE4A626T89P2.PDF, CLIN table",3867.0,"exact-NSN history, most recent award",3867.0
SPE4A626T89P2,0002,0000000000,,EA,1.0,0001S00000052,True,DIBBS|SPE4A626T89P2|CLIN0002,"SPE4A626T89P2.PDF, CLIN table",,,
SPE4A626T89S2,0001,7017149422,0001,EA,2.0,6150-01-109-7604,False,DIBBS|SPE4A626T89S2|CLIN0001,"SPE4A626T89S2.PDF, CLIN table",3214.69,"exact-NSN history, most recent award",6429.38
SPE4A626T89S2,0002,0000000000,,EA,1.0,S00000061,True,DIBBS|SPE4A626T89S2|CLIN0002,"SPE4A626T89S2.PDF, CLIN table",,,
SPE4A626T90F3,0001,7017146835,0001,EA,76.0,6150-01-315-1837,False,DIBBS|SPE4A626T90F3|CLIN0001,"SPE4A626T90F3.PDF, CLIN table",894.14,"exact-NSN history, most recent award",67954.64
SPE4A626T90F3,0002,0000000000,,EA,1.0,0001S00000053,True,DIBBS|SPE4A626T90F3|CLIN0002,"SPE4A626T90F3.PDF, CLIN table",,,
SPE4A626T91J0,0001,7017147376,0001,EA,64.0,6150-01-434-1113,False,DIBBS|SPE4A626T91J0|CLIN0001,"SPE4A626T91J0.PDF, CLIN table",2541.4,"exact-NSN history, most recent award",162649.6
SPE4A626T92N3,0001,7014871384,0001,EA,9.0,6150-01-674-4243,False,DIBBS|SPE4A626T92N3|CLIN0001,"SPE4A626T92N3.PDF, CLIN table",12301.4,"exact-NSN history, most recent award",110712.59999999999
SPE4A626T92N3,0002,0000000000,,EA,1.0,0001S00000053,True,DIBBS|SPE4A626T92N3|CLIN0002,"SPE4A626T92N3.PDF, CLIN table",,,
SPE4A626T93T9,0001,7013413966,0001,EA,2.0,6150-01-577-1674,False,DIBBS|SPE4A626T93T9|CLIN0001,"SPE4A626T93T9.PDF, CLIN table",9920.0,"exact-NSN history, most recent award",19840.0
SPE4A626T94B1,0001,7017200535,0001,EA,49.0,6150-01-119-4117,False,DIBBS|SPE4A626T94B1|CLIN0001,"SPE4A626T94B1.PDF, CLIN table",956.84,"exact-NSN history, most recent award",46885.16
SPE4A626T94B1,0002,0000000000,,EA,1.0,0001S00000053,True,DIBBS|SPE4A626T94B1|CLIN0002,"SPE4A626T94B1.PDF, CLIN table",,,
SPE4A626T94P9,0001,7017199443,0001,EA,22.0,5995-01-579-9917,False,DIBBS|SPE4A626T94P9|CLIN0001,"SPE4A626T94P9.PDF, CLIN table",2369.0,"exact-NSN history, most recent award",52118.0
SPE4A626T94P9,0002,0000000000,,EA,1.0,0001S00000053,True,DIBBS|SPE4A626T94P9|CLIN0002,"SPE4A626T94P9.PDF, CLIN table",,,
SPE4A626T94S4,0001,7017200913,0001,EA,9.0,5995-01-663-7006,False,DIBBS|SPE4A626T94S4|CLIN0001,"SPE4A626T94S4.PDF, CLIN table",2475.0,"exact-NSN history, most recent award",22275.0
SPE4A626T94S4,0002,0000000000,,EA,1.0,0001S00000053,True,DIBBS|SPE4A626T94S4|CLIN0002,"SPE4A626T94S4.PDF, CLIN table",,,
SPE4A626T95A4,0001,7017204504,0001,EA,2.0,6150-00-923-5966,False,DIBBS|SPE4A626T95A4|CLIN0001,"SPE4A626T95A4.PDF, CLIN table",565.02009,"exact-NSN history, most recent award",1130.04018
SPE4A626T95J9,0001,7017200525,0001,EA,31.0,6150-01-451-2022,False,DIBBS|SPE4A626T95J9|CLIN0001,"SPE4A626T95J9.PDF, CLIN table",419.0,"exact-NSN history, most recent award",12989.0
SPE4A626T95J9,0002,0000000000,,EA,1.0,0001S00000053,True,DIBBS|SPE4A626T95J9|CLIN0002,"SPE4A626T95J9.PDF, CLIN table",,,
SPE4A626T95N8,0001,7017200602,0001,EA,1.0,6150-01-462-5018,False,DIBBS|SPE4A626T95N8|CLIN0001,"SPE4A626T95N8.PDF, CLIN table",11500.0,"exact-NSN history, most recent award",11500.0
SPE4A626T95N8,0002,0000000000,,EA,1.0,0001S00000053,True,DIBBS|SPE4A626T95N8|CLIN0002,"SPE4A626T95N8.PDF, CLIN table",,,
SPE4A626T96Y4,0001,7017227540,0001,EA,5.0,6150-01-288-9983,False,DIBBS|SPE4A626T96Y4|CLIN0001,"SPE4A626T96Y4.PDF, CLIN table",1245.0,"exact-NSN history, most recent award",6225.0
SPE4A626T96Y4,0002,0000000000,,EA,1.0,0001S00000052,True,DIBBS|SPE4A626T96Y4|CLIN0002,"SPE4A626T96Y4.PDF, CLIN table",,,
SPE4A626T97S4,0001,7017226376,0001,EA,6.0,5995-01-707-5754,False,DIBBS|SPE4A626T97S4|CLIN0001,"SPE4A626T97S4.PDF, CLIN table",,unpriced,
SPE4A626T97T5,0001,7017225689,0001,EA,20.0,6150-01-727-3608,False,DIBBS|SPE4A626T97T5|CLIN0001,"SPE4A626T97T5.PDF, CLIN table",4873.0,"exact-NSN history, most recent award",97460.0
SPE4A626T97Y8,0001,7017038872,0001,EA,3.0,6210-01-384-0386,False,DIBBS|SPE4A626T97Y8|CLIN0001,"SPE4A626T97Y8.PDF, CLIN table",715.95,"exact-NSN history, most recent award",2147.8500000000004
SPE4A626T97Z1,0001,7017038857,0001,EA,4.0,6210-01-384-2297,False,DIBBS|SPE4A626T97Z1|CLIN0001,"SPE4A626T97Z1.PDF, CLIN table",155.0,"exact-NSN history, most recent award",620.0
SPE4A626T97Z1,0002,0000000000,,EA,1.0,0001S00000053,True,DIBBS|SPE4A626T97Z1|CLIN0002,"SPE4A626T97Z1.PDF, CLIN table",,,
SPE4A626T97Z5,0001,7017108081,0001,EA,13.0,6210-01-497-6087,False,DIBBS|SPE4A626T97Z5|CLIN0001,"SPE4A626T97Z5.PDF, CLIN table",310.23,"exact-NSN history, most recent award",4032.9900000000002
SPE4A626T97Z6,0001,7017226601,0001,EA,6.0,1420-01-714-8959,False,DIBBS|SPE4A626T97Z6|CLIN0001,"SPE4A626T97Z6.PDF, CLIN table",1029.75,"exact-NSN history, most recent award",6178.5
SPE4A626T97Z6,0002,0000000000,,EA,1.0,S00000061,True,DIBBS|SPE4A626T97Z6|CLIN0002,"SPE4A626T97Z6.PDF, CLIN table",,,
SPE4A626T98B4,0001,7017226603,0001,EA,10.0,1420-01-714-8852,False,DIBBS|SPE4A626T98B4|CLIN0001,"SPE4A626T98B4.PDF, CLIN table",225.0,"exact-NSN history, most recent award",2250.0
SPE4A626T98B4,0002,0000000000,,EA,1.0,S00000061,True,DIBBS|SPE4A626T98B4|CLIN0002,"SPE4A626T98B4.PDF, CLIN table",,,
SPE4A626T98C4,0001,7016990194,0001,EA,17.0,5995-01-112-7627,False,DIBBS|SPE4A626T98C4|CLIN0001,"SPE4A626T98C4.PDF, CLIN table",95.0,"exact-NSN history, most recent award",1615.0
SPE4A626T98C4,0002,0000000000,,EA,1.0,0001S00000053,True,DIBBS|SPE4A626T98C4|CLIN0002,"SPE4A626T98C4.PDF, CLIN table",,,
SPE4A626T98G7,0001,7016644692,0001,EA,6.0,6150-01-473-1579,False,DIBBS|SPE4A626T98G7|CLIN0001,"SPE4A626T98G7.PDF, CLIN table",1575.0,"exact-NSN history, most recent award",9450.0
SPE4A626T98G7,0002,0000000000,,EA,1.0,0001S00000053,True,DIBBS|SPE4A626T98G7|CLIN0002,"SPE4A626T98G7.PDF, CLIN table",,,
SPE4A626T98H1,0001,7017147884,0001,EA,105.0,5995-01-592-8450,False,DIBBS|SPE4A626T98H1|CLIN0001,"SPE4A626T98H1.PDF, CLIN table",834.2,"exact-NSN history, most recent award",87591.0
SPE4A626T98H1,0002,0000000000,,EA,1.0,0001S00000053,True,DIBBS|SPE4A626T98H1|CLIN0002,"SPE4A626T98H1.PDF, CLIN table",,,
SPE4A626T98H7,0001,7017109164,0001,EA,1.0,6150-01-698-8391,False,DIBBS|SPE4A626T98H7|CLIN0001,"SPE4A626T98H7.PDF, CLIN table",13300.0,"exact-NSN history, most recent award",13300.0
SPE4A626T98H7,0002,0000000000,,EA,1.0,0001S00000053,True,DIBBS|SPE4A626T98H7|CLIN0002,"SPE4A626T98H7.PDF, CLIN table",,,
SPE4A626U2259,0001,1000223927,0001,EA,16.0,6210-01-298-0451,False,DIBBS|SPE4A626U2259|CLIN0001,"SPE4A626U2259.PDF, CLIN table",324.5,"exact-NSN history, most recent award",5192.0
SPE4A626U2456,0001,1000227258,0001,EA,16.0,5995-01-259-2703,False,DIBBS|SPE4A626U2456|CLIN0001,"SPE4A626U2456.PDF, CLIN table",556.01,"exact-NSN history, most recent award",8896.16
SPE4A626U2525,0001,1000229491,0001,EA,5.0,5995-01-186-6439,False,DIBBS|SPE4A626U2525|CLIN0001,"SPE4A626U2525.PDF, CLIN table",998.0,"exact-NSN history, most recent award",4990.0
SPE4A626U2548,0001,1000229481,0001,EA,4.0,5995-01-389-6325,False,DIBBS|SPE4A626U2548|CLIN0001,"SPE4A626U2548.PDF, CLIN table",749.5,"exact-NSN history, most recent award",2998.0
SPE4A626U2555,0001,1000229518,0001,EA,1.0,5995-01-705-9028,False,DIBBS|SPE4A626U2555|CLIN0001,"SPE4A626U2555.PDF, CLIN table",,unpriced,
SPE4A626U2578,0001,1000229528,0001,EA,4.0,6150-01-725-2055,False,DIBBS|SPE4A626U2578|CLIN0001,"SPE4A626U2578.PDF, CLIN table",3552.25,"exact-NSN history, most recent award",14209.0
SPE4A626U2581,0001,1000229484,0001,EA,4.0,5995-01-727-5128,False,DIBBS|SPE4A626U2581|CLIN0001,"SPE4A626U2581.PDF, CLIN table",2434.43,"exact-NSN history, most recent award",9737.72
SPE4A626U2703,0001,1000230779,0001,EA,21.0,6150-01-509-6003,False,DIBBS|SPE4A626U2703|CLIN0001,"SPE4A626U2703.PDF, CLIN table",303.0,"exact-NSN history, most recent award",6363.0
SPE4A626U2739,0001,1000231096,0001,EA,12.0,6350-00-549-6654,False,DIBBS|SPE4A626U2739|CLIN0001,"SPE4A626U2739.PDF, CLIN table",254.0,"exact-NSN history, most recent award",3048.0
SPE4A626U2795,0001,1000231153,0001,EA,97.0,5995-01-674-7240,False,DIBBS|SPE4A626U2795|CLIN0001,"SPE4A626U2795.PDF, CLIN table",47.95,"exact-NSN history, most recent award",4651.150000000001
SPE4A626U2817,0001,1000230362,0001,EA,1.0,5995-01-429-4241,False,DIBBS|SPE4A626U2817|CLIN0001,"SPE4A626U2817.PDF, CLIN table",3090.0,"exact-NSN history, most recent award",3090.0
SPE4A626U2838,0001,1000229510,0001,EA,1394.0,5995-00-933-7180,False,DIBBS|SPE4A626U2838|CLIN0001,"SPE4A626U2838.PDF, CLIN table",85.0,"exact-NSN history, most recent award",118490.0
SPE4A626U2865,0001,1000231603,0001,EA,15.0,6150-01-665-1807,False,DIBBS|SPE4A626U2865|CLIN0001,"SPE4A626U2865.PDF, CLIN table",379.0,"exact-NSN history, most recent award",5685.0
SPE4A626U2873,0001,1000231105,0001,EA,75.0,6150-01-245-7651,False,DIBBS|SPE4A626U2873|CLIN0001,"SPE4A626U2873.PDF, CLIN table",461.5,"exact-NSN history, most recent award",34612.5
SPE4A626U2952,0001,1000223909,0001,EA,5.0,5995-01-137-6478,False,DIBBS|SPE4A626U2952|CLIN0001,"SPE4A626U2952.PDF, CLIN table",679.23,"exact-NSN history, most recent award",3396.15
SPE4A626U2954,0001,1000219605,0001,EA,31.0,5995-01-624-7004,False,DIBBS|SPE4A626U2954|CLIN0001,"SPE4A626U2954.PDF, CLIN table",388.03,"exact-NSN history, most recent award",12028.929999999998
SPE4A626U3072,0001,1000232751,0001,EA,98.0,6210-00-226-4542,False,DIBBS|SPE4A626U3072|CLIN0001,"SPE4A626U3072.PDF, CLIN table",33.63,"exact-NSN history, most recent award",3295.7400000000002
SPE4A626U3099,0001,1000232665,0001,EA,3.0,6150-01-379-0592,False,DIBBS|SPE4A626U3099|CLIN0001,"SPE4A626U3099.PDF, CLIN table",1031.59,"exact-NSN history, most recent award",3094.7699999999995
SPE4A626U3186,0001,1000181655,0001,EA,8.0,6150-01-453-2729,False,DIBBS|SPE4A626U3186|CLIN0001,"SPE4A626U3186.PDF, CLIN table",4208.12,"exact-NSN history, most recent award",33664.96
SPE4A626U3233,0001,1000235461,0001,EA,36.0,6150-01-247-4768,False,DIBBS|SPE4A626U3233|CLIN0001,"SPE4A626U3233.PDF, CLIN table",650.0,"exact-NSN history, most recent award",23400.0
SPE4A626U4199,0001,1000236145,0001,EA,7.0,6150-01-611-2057,False,DIBBS|SPE4A626U4199|CLIN0001,"SPE4A626U4199.PDF, CLIN table",554.1,"exact-NSN history, most recent award",3878.7000000000003
SPE4A626U4203,0001,1000238725,0001,EA,139.0,5995-01-714-5022,False,DIBBS|SPE4A626U4203|CLIN0001,"SPE4A626U4203.PDF, CLIN table",849.73,"exact-NSN history, most recent award",118112.47
SPE4A726T015N,0001,7015475611,0001,EA,2.0,2915-00-968-6362,False,DIBBS|SPE4A726T015N|CLIN0001,"SPE4A726T015N.PDF, CLIN table",284.6,"exact-NSN history, most recent award",569.2
SPE4A726T021Z,0001,7015689393,0001,EA,3.0,5995-01-406-8999,False,DIBBS|SPE4A726T021Z|CLIN0001,"SPE4A726T021Z.PDF, CLIN table",2500.0,"exact-NSN history, most recent award",7500.0
SPE4A726T021Z,0002,0000000000,,EA,1.0,0001S00000052,True,DIBBS|SPE4A726T021Z|CLIN0002,"SPE4A726T021Z.PDF, CLIN table",,,
SPE4A726T022V,0001,7015689079,0001,EA,3.0,5995-01-707-5754,False,DIBBS|SPE4A726T022V|CLIN0001,"SPE4A726T022V.PDF, CLIN table",,unpriced,
SPE4A726T026V,0001,7015689296,0001,EA,1.0,5995-01-702-0466,False,DIBBS|SPE4A726T026V|CLIN0001,"SPE4A726T026V.PDF, CLIN table",,unpriced,
SPE4A726T029X,0001,7015689418,0001,EA,3.0,6150-01-106-2048,False,DIBBS|SPE4A726T029X|CLIN0001,"SPE4A726T029X.PDF, CLIN table",245.7,"exact-NSN history, most recent award",737.0999999999999
SPE4A726T029X,0002,0000000000,,EA,1.0,0001S00000053,True,DIBBS|SPE4A726T029X|CLIN0002,"SPE4A726T029X.PDF, CLIN table",,,
SPE4A726T029X,0003,0000000000,,EA,1.0,S00000061,True,DIBBS|SPE4A726T029X|CLIN0003,"SPE4A726T029X.PDF, CLIN table",,,
SPE4A726T036X,0001,7014383952,0001,EA,161.0,1560-00-768-1018,False,DIBBS|SPE4A726T036X|CLIN0001,"SPE4A726T036X.PDF, CLIN table",6.71,"exact-NSN history, most recent award",1080.31
SPE4A726T036X,0002,0000000000,,EA,1.0,0001S00000052,True,DIBBS|SPE4A726T036X|CLIN0002,"SPE4A726T036X.PDF, CLIN table",,,
SPE4A726T042J,0001,7014631023,0001,EA,2.0,6150-01-239-2780,False,DIBBS|SPE4A726T042J|CLIN0001,"SPE4A726T042J.PDF, CLIN table",8813.0,"exact-NSN history, most recent award",17626.0
SPE4A726T042J,0002,0000000000,,EA,1.0,0001S00000052,True,DIBBS|SPE4A726T042J|CLIN0002,"SPE4A726T042J.PDF, CLIN table",,,
SPE4A726T042L,0001,7015601256,0001,EA,18.0,6150-01-541-6995,False,DIBBS|SPE4A726T042L|CLIN0001,"SPE4A726T042L.PDF, CLIN table",1049.0,"exact-NSN history, most recent award",18882.0
SPE4A726T042L,0002,0000000000,,EA,1.0,0001S00000053,True,DIBBS|SPE4A726T042L|CLIN0002,"SPE4A726T042L.PDF, CLIN table",,,
SPE4A726T042N,0001,7013943647,0001,EA,5.0,6150-01-309-9305,False,DIBBS|SPE4A726T042N|CLIN0001,"SPE4A726T042N.PDF, CLIN table",530.0,"exact-NSN history, most recent award",2650.0
SPE4A726T042N,0002,0000000000,,EA,1.0,S00000061,True,DIBBS|SPE4A726T042N|CLIN0002,"SPE4A726T042N.PDF, CLIN table",,,
SPE4A726T043E,0001,7015689295,0001,EA,4.0,5995-01-702-1349,False,DIBBS|SPE4A726T043E|CLIN0001,"SPE4A726T043E.PDF, CLIN table",,unpriced,
SPE4A726T043F,0001,7015746430,0001,EA,17.0,5995-01-197-5554,False,DIBBS|SPE4A726T043F|CLIN0001,"SPE4A726T043F.PDF, CLIN table",700.0,"exact-NSN history, most recent award",11900.0
SPE4A726T046D,0001,7015609178,0001,EA,7.0,5995-01-395-2080,False,DIBBS|SPE4A726T046D|CLIN0001,"SPE4A726T046D.PDF, CLIN table",325.5,"exact-NSN history, most recent award",2278.5
SPE4A726T049U,0001,7015537058,0001,EA,10.0,6150-01-719-3135,False,DIBBS|SPE4A726T049U|CLIN0001,"SPE4A726T049U.PDF, CLIN table",,unpriced,
SPE4A726T056R,0001,7015601210,0001,EA,17.0,6150-01-669-2995,False,DIBBS|SPE4A726T056R|CLIN0001,"SPE4A726T056R.PDF, CLIN table",2100.0,"exact-NSN history, most recent award",35700.0
SPE4A726T056R,0002,0000000000,,EA,1.0,0001S00000053,True,DIBBS|SPE4A726T056R|CLIN0002,"SPE4A726T056R.PDF, CLIN table",,,
SPE4A726T061Q,0001,7015854934,0001,EA,34.0,6150-01-314-5230,False,DIBBS|SPE4A726T061Q|CLIN0001,"SPE4A726T061Q.PDF, CLIN table",689.25,"exact-NSN history, most recent award",23434.5
SPE4A726T061Q,0002,0000000000,,EA,1.0,0001S00000053,True,DIBBS|SPE4A726T061Q|CLIN0002,"SPE4A726T061Q.PDF, CLIN table",,,
SPE4A726T062E,0001,7015852075,0001,EA,8.0,5995-01-447-0749,False,DIBBS|SPE4A726T062E|CLIN0001,"SPE4A726T062E.PDF, CLIN table",441.73,"exact-NSN history, most recent award",3533.84
SPE4A726T062E,0002,0000000000,,EA,1.0,S00000061,True,DIBBS|SPE4A726T062E|CLIN0002,"SPE4A726T062E.PDF, CLIN table",,,
SPE4A726T066U,0001,7015853770,0001,EA,5.0,5995-01-674-1042,False,DIBBS|SPE4A726T066U|CLIN0001,"SPE4A726T066U.PDF, CLIN table",1750.0,"exact-NSN history, most recent award",8750.0
SPE4A726T066U,0002,0000000000,,EA,1.0,0001S00000053,True,DIBBS|SPE4A726T066U|CLIN0002,"SPE4A726T066U.PDF, CLIN table",,,
SPE4A726T069V,0001,7015853738,0001,EA,12.0,5995-01-674-3731,False,DIBBS|SPE4A726T069V|CLIN0001,"SPE4A726T069V.PDF, CLIN table",5750.0,"exact-NSN history, most recent award",69000.0
SPE4A726T069V,0002,0000000000,,EA,1.0,0001S00000053,True,DIBBS|SPE4A726T069V|CLIN0002,"SPE4A726T069V.PDF, CLIN table",,,
SPE4A726T070Y,0001,7015657744,0001,EA,5.0,6210-00-544-2310,False,DIBBS|SPE4A726T070Y|CLIN0001,"SPE4A726T070Y.PDF, CLIN table",355.27,"exact-NSN history, most recent award",1776.35
SPE4A726T073A,0001,7015853240,0001,EA,25.0,6150-01-422-7745,False,DIBBS|SPE4A726T073A|CLIN0001,"SPE4A726T073A.PDF, CLIN table",269.0,"exact-NSN history, most recent award",6725.0
SPE4A726T073M,0001,7015688843,0001,EA,6.0,1640-01-667-2717,False,DIBBS|SPE4A726T073M|CLIN0001,"SPE4A726T073M.PDF, CLIN table",100.0,"exact-NSN history, most recent award",600.0
SPE4A726T073M,0002,0000000000,,EA,1.0,0001S00000052,True,DIBBS|SPE4A726T073M|CLIN0002,"SPE4A726T073M.PDF, CLIN table",,,
SPE4A726T075C,0001,7015854618,0001,EA,23.0,5995-01-710-4526,False,DIBBS|SPE4A726T075C|CLIN0001,"SPE4A726T075C.PDF, CLIN table",,unpriced,
SPE4A726T075G,0001,7015853304,0001,EA,13.0,5995-01-658-6845,False,DIBBS|SPE4A726T075G|CLIN0001,"SPE4A726T075G.PDF, CLIN table",440.0,"exact-NSN history, most recent award",5720.0
SPE4A726T075G,0002,0000000000,,EA,1.0,S00000061,True,DIBBS|SPE4A726T075G|CLIN0002,"SPE4A726T075G.PDF, CLIN table",,,
SPE4A726T075M,0001,7015854006,0001,EA,17.0,5995-01-676-3348,False,DIBBS|SPE4A726T075M|CLIN0001,"SPE4A726T075M.PDF, CLIN table",,unpriced,
SPE4A726T075M,0002,0000000000,,EA,1.0,0001S00000053,True,DIBBS|SPE4A726T075M|CLIN0002,"SPE4A726T075M.PDF, CLIN table",,,
SPE4A726T084Z,0001,7015904148,0001,EA,3.0,5995-01-389-6325,False,DIBBS|SPE4A726T084Z|CLIN0001,"SPE4A726T084Z.PDF, CLIN table",749.5,"exact-NSN history, most recent award",2248.5
SPE4A726T087Y,0001,7015904312,0001,EA,6.0,5995-01-727-5128,False,DIBBS|SPE4A726T087Y|CLIN0001,"SPE4A726T087Y.PDF, CLIN table",2434.43,"exact-NSN history, most recent award",14606.579999999998
SPE4A726T089Q,0001,7015853651,0001,EA,3.0,5995-01-702-9330,False,DIBBS|SPE4A726T089Q|CLIN0001,"SPE4A726T089Q.PDF, CLIN table",2125.0,"exact-NSN history, most recent award",6375.0
SPE4A726T089Q,0002,0000000000,,EA,1.0,0001S00000053,True,DIBBS|SPE4A726T089Q|CLIN0002,"SPE4A726T089Q.PDF, CLIN table",,,
SPE4A726T091W,0001,7015905308,0001,EA,9.0,5995-01-681-0506,False,DIBBS|SPE4A726T091W|CLIN0001,"SPE4A726T091W.PDF, CLIN table",1970.0,"exact-NSN history, most recent award",17730.0
SPE4A726T095U,0001,7015765954,0001,EA,1.0,6150-01-667-1482,False,DIBBS|SPE4A726T095U|CLIN0001,"SPE4A726T095U.PDF, CLIN table",3600.0,"exact-NSN history, most recent award",3600.0
SPE4A726T095U,0002,0000000000,,EA,1.0,0001S00000053,True,DIBBS|SPE4A726T095U|CLIN0002,"SPE4A726T095U.PDF, CLIN table",,,
SPE4A726T097C,0001,7015854473,0001,EA,8.0,5995-01-091-6345,False,DIBBS|SPE4A726T097C|CLIN0001,"SPE4A726T097C.PDF, CLIN table",789.0,"exact-NSN history, most recent award",6312.0
SPE4A726T097C,0002,0000000000,,EA,1.0,S00000061,True,DIBBS|SPE4A726T097C|CLIN0002,"SPE4A726T097C.PDF, CLIN table",,,
SPE4A726T098J,0001,7015913079,0001,EA,37.0,6150-01-430-9186,False,DIBBS|SPE4A726T098J|CLIN0001,"SPE4A726T098J.PDF, CLIN table",146.25,"exact-NSN history, most recent award",5411.25
SPE4A726T098J,0002,0000000000,,EA,1.0,0001S00000053,True,DIBBS|SPE4A726T098J|CLIN0002,"SPE4A726T098J.PDF, CLIN table",,,
SPE4A726T103R,0001,7015956152,0001,EA,2.0,6150-01-681-9956,False,DIBBS|SPE4A726T103R|CLIN0001,"SPE4A726T103R.PDF, CLIN table",3492.0,"exact-NSN history, most recent award",6984.0
SPE4A726T103R,0002,0000000000,,EA,1.0,0001S00000053,True,DIBBS|SPE4A726T103R|CLIN0002,"SPE4A726T103R.PDF, CLIN table",,,
SPE4A726T111C,0001,7015876812,0001,EA,1.0,5995-01-676-3451,False,DIBBS|SPE4A726T111C|CLIN0001,"SPE4A726T111C.PDF, CLIN table",,unpriced,
SPE4A726T111J,0001,7015956014,0001,EA,29.0,6150-01-245-7651,False,DIBBS|SPE4A726T111J|CLIN0001,"SPE4A726T111J.PDF, CLIN table",461.5,"exact-NSN history, most recent award",13383.5
SPE4A726T111N,0001,7015954748,0001,EA,6.0,6150-01-091-4655,False,DIBBS|SPE4A726T111N|CLIN0001,"SPE4A726T111N.PDF, CLIN table",768.56,"exact-NSN history, most recent award",4611.36
SPE4A726T111N,0002,0000000000,,EA,1.0,S00000061,True,DIBBS|SPE4A726T111N|CLIN0002,"SPE4A726T111N.PDF, CLIN table",,,
SPE4A726T111V,0001,7015954846,0001,EA,17.0,5995-01-481-2362,False,DIBBS|SPE4A726T111V|CLIN0001,"SPE4A726T111V.PDF, CLIN table",542.25,"exact-NSN history, most recent award",9218.25
SPE4A726T113K,0001,7015980003,0001,EA,2.0,6220-00-712-1779,False,DIBBS|SPE4A726T113K|CLIN0001,"SPE4A726T113K.PDF, CLIN table",152.1,"exact-NSN history, most recent award",304.2
SPE4A726T118B,0001,7015993744,0001,EA,12.0,6220-00-694-3661,False,DIBBS|SPE4A726T118B|CLIN0001,"SPE4A726T118B.PDF, CLIN table",6.0,"exact-NSN history, most recent award",72.0
SPE4A726T118L,0001,7015994561,0001,EA,5.0,6210-00-635-4700,False,DIBBS|SPE4A726T118L|CLIN0001,"SPE4A726T118L.PDF, CLIN table",19.88,"exact-NSN history, most recent award",99.39999999999999
SPE4A726T118L,0002,7015994561,0002,EA,27.0,6210-00-635-4700,False,DIBBS|SPE4A726T118L|CLIN0002,"SPE4A726T118L.PDF, CLIN table",19.88,"exact-NSN history, most recent award",536.76
SPE4A726T118U,0001,7015994295,0001,EA,53.0,1450-00-767-0167,False,DIBBS|SPE4A726T118U|CLIN0001,"SPE4A726T118U.PDF, CLIN table",8.54,"exact-NSN history, most recent award",452.61999999999995
SPE4A726T130V,0001,7015658497,0001,EA,3.0,5995-01-672-3217,False,DIBBS|SPE4A726T130V|CLIN0001,"SPE4A726T130V.PDF, CLIN table",,unpriced,
SPE4A726T136B,0001,7015905806,0001,EA,1.0,6150-01-264-3302,False,DIBBS|SPE4A726T136B|CLIN0001,"SPE4A726T136B.PDF, CLIN table",999.0,"exact-NSN history, most recent award",999.0
SPE4A726T136B,0002,0000000000,,EA,1.0,0001S00000052,True,DIBBS|SPE4A726T136B|CLIN0002,"SPE4A726T136B.PDF, CLIN table",,,
SPE4A726T142K,0001,7015955357,0001,EA,2.0,6150-01-626-4872,False,DIBBS|SPE4A726T142K|CLIN0001,"SPE4A726T142K.PDF, CLIN table",9594.0,"exact-NSN history, most recent award",19188.0
SPE4A726T142K,0002,0000000000,,EA,1.0,0001S00000053,True,DIBBS|SPE4A726T142K|CLIN0002,"SPE4A726T142K.PDF, CLIN table",,,
SPE4A726T149S,0001,7016017688,0001,EA,1.0,6150-01-553-7524,False,DIBBS|SPE4A726T149S|CLIN0001,"SPE4A726T149S.PDF, CLIN table",,unpriced,
SPE4A726T149Y,0001,7016048569,0001,EA,15.0,5995-01-209-6187,False,DIBBS|SPE4A726T149Y|CLIN0001,"SPE4A726T149Y.PDF, CLIN table",249.44,"exact-NSN history, most recent award",3741.6
SPE4A726T149Y,0002,0000000000,,EA,1.0,S00000061,True,DIBBS|SPE4A726T149Y|CLIN0002,"SPE4A726T149Y.PDF, CLIN table",,,
SPE4A726T149Z,0001,7015955827,0001,EA,7.0,6350-00-549-6654,False,DIBBS|SPE4A726T149Z|CLIN0001,"SPE4A726T149Z.PDF, CLIN table",254.0,"exact-NSN history, most recent award",1778.0
SPE4A726T150C,0001,7015854145,0001,EA,5.0,5995-01-263-5337,False,DIBBS|SPE4A726T150C|CLIN0001,"SPE4A726T150C.PDF, CLIN table",650.0,"exact-NSN history, most recent award",3250.0
SPE4A726T150L,0001,7016049267,0001,EA,35.0,6150-01-380-3791,False,DIBBS|SPE4A726T150L|CLIN0001,"SPE4A726T150L.PDF, CLIN table",172.92,"exact-NSN history, most recent award",6052.2
SPE4A726T150L,0002,0000000000,,EA,1.0,0001S00000053,True,DIBBS|SPE4A726T150L|CLIN0002,"SPE4A726T150L.PDF, CLIN table",,,
SPE4A726T159B,0001,7016081211,0001,EA,12.0,5995-01-406-8999,False,DIBBS|SPE4A726T159B|CLIN0001,"SPE4A726T159B.PDF, CLIN table",2500.0,"exact-NSN history, most recent award",30000.0
SPE4A726T159B,0002,0000000000,,EA,1.0,0001S00000052,True,DIBBS|SPE4A726T159B|CLIN0002,"SPE4A726T159B.PDF, CLIN table",,,
SPE4A726T159H,0001,7016082178,0001,EA,5.0,6220-01-472-2537,False,DIBBS|SPE4A726T159H|CLIN0001,"SPE4A726T159H.PDF, CLIN table",734.43,"exact-NSN history, most recent award",3672.1499999999996
SPE4A726T159H,0002,0000000000,,EA,1.0,0001S00000052,True,DIBBS|SPE4A726T159H|CLIN0002,"SPE4A726T159H.PDF, CLIN table",,,
SPE4A726T165K,0001,7016080342,0001,EA,4.0,5995-01-232-5745,False,DIBBS|SPE4A726T165K|CLIN0001,"SPE4A726T165K.PDF, CLIN table",481.0,"exact-NSN history, most recent award",1924.0
SPE4A726T165K,0002,0000000000,,EA,1.0,0001S00000053,True,DIBBS|SPE4A726T165K|CLIN0002,"SPE4A726T165K.PDF, CLIN table",,,
SPE4A726T179T,0001,7015853562,0001,EA,2.0,5895-01-708-6340,False,DIBBS|SPE4A726T179T|CLIN0001,"SPE4A726T179T.PDF, CLIN table",,unpriced,
SPE4A726T188B,0001,7015658490,0001,EA,14.0,5995-01-674-1507,False,DIBBS|SPE4A726T188B|CLIN0001,"SPE4A726T188B.PDF, CLIN table",1700.0,"exact-NSN history, most recent award",23800.0
SPE4A726T188B,0002,0000000000,,EA,1.0,0001S00000053,True,DIBBS|SPE4A726T188B|CLIN0002,"SPE4A726T188B.PDF, CLIN table",,,
SPE4A726T192H,0001,7016153671,0001,EA,4.0,5995-01-679-0386,False,DIBBS|SPE4A726T192H|CLIN0001,"SPE4A726T192H.PDF, CLIN table",437.76,"exact-NSN history, most recent award",1751.04
SPE4A726T194P,0001,7016080702,0001,EA,3.0,5995-01-185-0977,False,DIBBS|SPE4A726T194P|CLIN0001,"SPE4A726T194P.PDF, CLIN table",8466.0,"exact-NSN history, most recent award",25398.0
SPE4A726T208W,0001,7016227808,0001,EA,35.0,5995-00-823-2608,False,DIBBS|SPE4A726T208W|CLIN0001,"SPE4A726T208W.PDF, CLIN table",0.01,"exact-NSN history, most recent award",0.35000000000000003
SPE4A726T210N,0001,7016227101,0001,EA,8.0,6150-01-091-6408,False,DIBBS|SPE4A726T210N|CLIN0001,"SPE4A726T210N.PDF, CLIN table",3000.0,"exact-NSN history, most recent award",24000.0
SPE4A726T210N,0002,0000000000,,EA,1.0,S00000061,True,DIBBS|SPE4A726T210N|CLIN0002,"SPE4A726T210N.PDF, CLIN table",,,
SPE4A726T212Q,0001,7016228632,0001,EA,265.0,5995-01-440-1904,False,DIBBS|SPE4A726T212Q|CLIN0001,"SPE4A726T212Q.PDF, CLIN table",188.0,"exact-NSN history, most recent award",49820.0
SPE4A726T212Q,0002,0000000000,,EA,1.0,0001S00000053,True,DIBBS|SPE4A726T212Q|CLIN0002,"SPE4A726T212Q.PDF, CLIN table",,,
SPE4A726T214U,0001,7016228516,0001,EA,1.0,5995-01-623-7803,False,DIBBS|SPE4A726T214U|CLIN0001,"SPE4A726T214U.PDF, CLIN table",6319.0,"exact-NSN history, most recent award",6319.0
SPE4A726T214U,0002,0000000000,,EA,1.0,0001S00000052,True,DIBBS|SPE4A726T214U|CLIN0002,"SPE4A726T214U.PDF, CLIN table",,,
SPE4A726T218K,0001,7016227372,0001,EA,4.0,6150-01-105-5320,False,DIBBS|SPE4A726T218K|CLIN0001,"SPE4A726T218K.PDF, CLIN table",5469.0,"exact-NSN history, most recent award",21876.0
SPE4A726T218K,0002,0000000000,,EA,1.0,0001S00000052,True,DIBBS|SPE4A726T218K|CLIN0002,"SPE4A726T218K.PDF, CLIN table",,,
SPE4A726T221C,0001,7016227766,0001,EA,2.0,5995-01-273-7421,False,DIBBS|SPE4A726T221C|CLIN0001,"SPE4A726T221C.PDF, CLIN table",5348.03,"exact-NSN history, most recent award",10696.06
SPE4A726T227K,0001,7016229310,0001,EA,10.0,6210-00-237-8021,False,DIBBS|SPE4A726T227K|CLIN0001,"SPE4A726T227K.PDF, CLIN table",131.0,"exact-NSN history, most recent award",1310.0
SPE4A726T227Q,0001,7015599429,0001,EA,39.0,6150-01-128-5592,False,DIBBS|SPE4A726T227Q|CLIN0001,"SPE4A726T227Q.PDF, CLIN table",429.3,"exact-NSN history, most recent award",16742.7
SPE4A726T227Q,0002,0000000000,,EA,1.0,0001S00000053,True,DIBBS|SPE4A726T227Q|CLIN0002,"SPE4A726T227Q.PDF, CLIN table",,,
SPE4A726T228D,0001,7016226812,0001,EA,1.0,5995-01-676-3014,False,DIBBS|SPE4A726T228D|CLIN0001,"SPE4A726T228D.PDF, CLIN table",3600.0,"exact-NSN history, most recent award",3600.0
SPE4A726T228D,0002,0000000000,,EA,1.0,0001S00000053,True,DIBBS|SPE4A726T228D|CLIN0002,"SPE4A726T228D.PDF, CLIN table",,,
SPE4A726T237Q,0001,7016285795,0001,EA,4.0,6150-01-625-6152,False,DIBBS|SPE4A726T237Q|CLIN0001,"SPE4A726T237Q.PDF, CLIN table",1610.0,"exact-NSN history, most recent award",6440.0
SPE4A726T241Q,0001,7015641495,0001,EA,1.0,5895-01-708-6340,False,DIBBS|SPE4A726T241Q|CLIN0001,"SPE4A726T241Q.PDF, CLIN table",,unpriced,
SPE4A726T244U,0001,7016285417,0001,EA,98.0,5995-01-162-5350,False,DIBBS|SPE4A726T244U|CLIN0001,"SPE4A726T244U.PDF, CLIN table",175.0,"exact-NSN history, most recent award",17150.0
SPE4A726T244U,0002,0000000000,,EA,1.0,S00000061,True,DIBBS|SPE4A726T244U|CLIN0002,"SPE4A726T244U.PDF, CLIN table",,,
SPE4A726T245U,0001,7016336008,0001,EA,2.0,6150-01-091-4349,False,DIBBS|SPE4A726T245U|CLIN0001,"SPE4A726T245U.PDF, CLIN table",5994.0,"exact-NSN history, most recent award",11988.0
SPE4A726T245U,0002,0000000000,,EA,1.0,S00000061,True,DIBBS|SPE4A726T245U|CLIN0002,"SPE4A726T245U.PDF, CLIN table",,,
SPE4A726T252W,0001,7016336633,0001,EA,15.0,5995-01-658-6849,False,DIBBS|SPE4A726T252W|CLIN0001,"SPE4A726T252W.PDF, CLIN table",244.8,"exact-NSN history, most recent award",3672.0
SPE4A726T252W,0002,0000000000,,EA,1.0,S00000061,True,DIBBS|SPE4A726T252W|CLIN0002,"SPE4A726T252W.PDF, CLIN table",,,
SPE4A726T253Y,0001,7016336302,0001,EA,8.0,6150-01-438-0443,False,DIBBS|SPE4A726T253Y|CLIN0001,"SPE4A726T253Y.PDF, CLIN table",1895.0,"exact-NSN history, most recent award",15160.0
SPE4A726T253Y,0002,0000000000,,EA,1.0,S00000061,True,DIBBS|SPE4A726T253Y|CLIN0002,"SPE4A726T253Y.PDF, CLIN table",,,
SPE4A726T257B,0001,7014488790,0001,EA,4.0,1680-01-660-4932,False,DIBBS|SPE4A726T257B|CLIN0001,"SPE4A726T257B.PDF, CLIN table",,unpriced,
SPE4A726T262A,0001,7016337538,0001,EA,21.0,6150-01-365-5548,False,DIBBS|SPE4A726T262A|CLIN0001,"SPE4A726T262A.PDF, CLIN table",1295.99,"exact-NSN history, most recent award",27215.79
SPE4A726T262A,0002,0000000000,,EA,1.0,0001S00000053,True,DIBBS|SPE4A726T262A|CLIN0002,"SPE4A726T262A.PDF, CLIN table",,,
SPE4A726T262W,0001,7016376418,0001,EA,3.0,6150-01-723-5539,False,DIBBS|SPE4A726T262W|CLIN0001,"SPE4A726T262W.PDF, CLIN table",,unpriced,
SPE4A726T272S,0001,7016286660,0001,EA,3.0,5850-01-470-4657,False,DIBBS|SPE4A726T272S|CLIN0001,"SPE4A726T272S.PDF, CLIN table",,unpriced,
SPE4A726T301F,0001,7016336761,0001,EA,4.0,1560-00-757-7337,False,DIBBS|SPE4A726T301F|CLIN0001,"SPE4A726T301F.PDF, CLIN table",488.72,"exact-NSN history, most recent award",1954.88
SPE4A726T301F,0002,0000000000,,EA,1.0,0001S00000052,True,DIBBS|SPE4A726T301F|CLIN0002,"SPE4A726T301F.PDF, CLIN table",,,
SPE4A726T330Q,0001,7016468000,0001,EA,1.0,1650-00-326-2080,False,DIBBS|SPE4A726T330Q|CLIN0001,"SPE4A726T330Q.PDF, CLIN table",323.32,"exact-NSN history, most recent award",323.32
SPE4A726T330Q,0002,0000000000,,EA,1.0,0001S00000053,True,DIBBS|SPE4A726T330Q|CLIN0002,"SPE4A726T330Q.PDF, CLIN table",,,
SPE4A726T359J,0001,7016645154,0001,EA,5.0,5821-01-076-2490,False,DIBBS|SPE4A726T359J|CLIN0001,"SPE4A726T359J.PDF, CLIN table",526.03,"exact-NSN history, most recent award",2630.1499999999996
SPE4A726T359J,0002,0000000000,,EA,1.0,0001S00000052,True,DIBBS|SPE4A726T359J|CLIN0002,"SPE4A726T359J.PDF, CLIN table",,,
SPE4A726T395J,0001,7016049154,0001,EA,5.0,1430-01-092-0579,False,DIBBS|SPE4A726T395J|CLIN0001,"SPE4A726T395J.PDF, CLIN table",1298.0,"exact-NSN history, most recent award",6490.0
SPE4A726T395J,0002,0000000000,,EA,1.0,S00000061,True,DIBBS|SPE4A726T395J|CLIN0002,"SPE4A726T395J.PDF, CLIN table",,,
SPE4A726T398N,0001,7016880444,0001,EA,1.0,1560-01-539-5146,False,DIBBS|SPE4A726T398N|CLIN0001,"SPE4A726T398N.PDF, CLIN table",1191.95,"exact-NSN history, most recent award",1191.95
SPE4A726T398N,0002,0000000000,,EA,1.0,0001S00000052,True,DIBBS|SPE4A726T398N|CLIN0002,"SPE4A726T398N.PDF, CLIN table",,,
SPE4A726T438E,0001,7016645688,0001,EA,33.0,1660-00-066-2078,False,DIBBS|SPE4A726T438E|CLIN0001,"SPE4A726T438E.PDF, CLIN table",15.23,"exact-NSN history, most recent award",502.59000000000003
SPE4A726T438E,0002,0000000000,,EA,1.0,0001S00000052,True,DIBBS|SPE4A726T438E|CLIN0002,"SPE4A726T438E.PDF, CLIN table",,,
SPE4A726T438E,0003,0000000000,,EA,1.0,S00000061,True,DIBBS|SPE4A726T438E|CLIN0003,"SPE4A726T438E.PDF, CLIN table",,,
SPE4A726T457Q,0001,7016787595,0001,EA,80.0,5975-01-090-8876,False,DIBBS|SPE4A726T457Q|CLIN0001,"SPE4A726T457Q.PDF, CLIN table",33.0,"exact-NSN history, most recent award",2640.0
SPE4A726T457Q,0002,0000000000,,EA,1.0,0001S00000052,True,DIBBS|SPE4A726T457Q|CLIN0002,"SPE4A726T457Q.PDF, CLIN table",,,
SPE4A726T463X,0001,7017038577,0001,EA,3.0,5850-01-470-4659,False,DIBBS|SPE4A726T463X|CLIN0001,"SPE4A726T463X.PDF, CLIN table",,unpriced,
SPE4A726T565Q,0001,7017399373,0001,EA,2.0,5975-01-016-8263,False,DIBBS|SPE4A726T565Q|CLIN0001,"SPE4A726T565Q.PDF, CLIN table",792.0,"exact-NSN history, most recent award",1584.0
SPE4A726T565Q,0002,0000000000,,EA,1.0,0001S00000053,True,DIBBS|SPE4A726T565Q|CLIN0002,"SPE4A726T565Q.PDF, CLIN table",,,
SPE4A726T618M,0001,7017200364,0001,EA,32.0,1560-01-160-8811,False,DIBBS|SPE4A726T618M|CLIN0001,"SPE4A726T618M.PDF, CLIN table",46.25,"exact-NSN history, most recent award",1480.0
SPE4A726T618M,0002,0000000000,,EA,1.0,S00000062,True,DIBBS|SPE4A726T618M|CLIN0002,"SPE4A726T618M.PDF, CLIN table",,,
SPE4A726T620R,0001,7017409180,0001,EA,20.0,1680-00-610-9059,False,DIBBS|SPE4A726T620R|CLIN0001,"SPE4A726T620R.PDF, CLIN table",74.48,"exact-NSN history, most recent award",1489.6000000000001
SPE4A726T625E,0001,7017571454,0001,EA,2.0,1560-01-602-7703,False,DIBBS|SPE4A726T625E|CLIN0001,"SPE4A726T625E.PDF, CLIN table",,unpriced,
SPE4A726T632Q,0001,7017697730,0001,EA,3.0,5850-01-470-4659,False,DIBBS|SPE4A726T632Q|CLIN0001,"SPE4A726T632Q.PDF, CLIN table",,unpriced,
SPE4A726T633L,0001,7017739978,0001,EA,132.0,6220-01-413-9828,False,DIBBS|SPE4A726T633L|CLIN0001,"SPE4A726T633L.PDF, CLIN table",25.66,"exact-NSN history, most recent award",3387.12
SPE4A726T633L,0002,0000000000,,EA,1.0,0001S00000053,True,DIBBS|SPE4A726T633L|CLIN0002,"SPE4A726T633L.PDF, CLIN table",,,
SPE4A726T634Z,0001,7016846555,0001,EA,11.0,1560-00-846-5592,False,DIBBS|SPE4A726T634Z|CLIN0001,"SPE4A726T634Z.PDF, CLIN table",635.0,"exact-NSN history, most recent award",6985.0
SPE4A726T634Z,0002,0000000000,,EA,1.0,0001S00000052,True,DIBBS|SPE4A726T634Z|CLIN0002,"SPE4A726T634Z.PDF, CLIN table",,,
SPE4A726T646D,0001,7017697714,0001,EA,12.0,1560-01-624-7028,False,DIBBS|SPE4A726T646D|CLIN0001,"SPE4A726T646D.PDF, CLIN table",1000.0,"exact-NSN history, most recent award",12000.0
SPE4A726T646D,0002,0000000000,,EA,1.0,0001S00000052,True,DIBBS|SPE4A726T646D|CLIN0002,"SPE4A726T646D.PDF, CLIN table",,,
SPE4A726T649L,0001,7017869978,0001,AY,1.0,1680-01-564-0708,False,DIBBS|SPE4A726T649L|CLIN0001,"SPE4A726T649L.PDF, CLIN table",850.0,"exact-NSN history, most recent award",850.0
SPE4A726T649S,0001,7017870364,0001,EA,3.0,1560-01-623-1091,False,DIBBS|SPE4A726T649S|CLIN0001,"SPE4A726T649S.PDF, CLIN table",,unpriced,
SPE4A726T656H,0001,7017869669,0001,EA,7.0,2840-01-159-4216,False,DIBBS|SPE4A726T656H|CLIN0001,"SPE4A726T656H.PDF, CLIN table",,unpriced,
SPE4A726T656H,0002,0000000000,,EA,1.0,0001S00000052,True,DIBBS|SPE4A726T656H|CLIN0002,"SPE4A726T656H.PDF, CLIN table",,,
SPE4A726T662G,0001,7017913490,0001,PG,40.0,5365-01-031-7479,False,DIBBS|SPE4A726T662G|CLIN0001,"SPE4A726T662G.PDF, CLIN table",120.22,"exact-NSN history, most recent award",4808.8
SPE4A726T680J,0001,7017740626,0001,EA,4.0,1680-01-524-3147,False,DIBBS|SPE4A726T680J|CLIN0001,"SPE4A726T680J.PDF, CLIN table",1265.0,"exact-NSN history, most recent award",5060.0
SPE4A726T680J,0002,0000000000,,EA,1.0,0001S00000052,True,DIBBS|SPE4A726T680J|CLIN0002,"SPE4A726T680J.PDF, CLIN table",,,
SPE4A726T684E,0001,7017148695,0001,PG,81.0,1560-00-610-2623,False,DIBBS|SPE4A726T684E|CLIN0001,"SPE4A726T684E.PDF, CLIN table",78.95,"exact-NSN history, most recent award",6394.95
SPE4A726T690R,0001,7018036819,0001,EA,49.0,1560-01-160-8811,False,DIBBS|SPE4A726T690R|CLIN0001,"SPE4A726T690R.PDF, CLIN table",46.25,"exact-NSN history, most recent award",2266.25
SPE4A726T690R,0002,0000000000,,EA,1.0,S00000062,True,DIBBS|SPE4A726T690R|CLIN0002,"SPE4A726T690R.PDF, CLIN table",,,
SPE4A726T701D,0001,7017940245,0001,EA,51.0,1680-00-895-4084,False,DIBBS|SPE4A726T701D|CLIN0001,"SPE4A726T701D.PDF, CLIN table",1755.55,"exact-NSN history, most recent award",89533.05
SPE4A726T701D,0002,0000000000,,EA,1.0,0001S00000052,True,DIBBS|SPE4A726T701D|CLIN0002,"SPE4A726T701D.PDF, CLIN table",,,
SPE4A726T702H,0001,7017940009,0001,EA,18.0,6695-00-267-9198,False,DIBBS|SPE4A726T702H|CLIN0001,"SPE4A726T702H.PDF, CLIN table",150.0,"exact-NSN history, most recent award",2700.0
SPE4A726T703R,0001,7017572344,0001,EA,83.0,1630-01-290-3120,False,DIBBS|SPE4A726T703R|CLIN0001,"SPE4A726T703R.PDF, CLIN table",51.45,"exact-NSN history, most recent award",4270.35
SPE4A726T706Y,0001,7016473538,0001,EA,50.0,5995-01-006-0570,False,DIBBS|SPE4A726T706Y|CLIN0001,"SPE4A726T706Y.PDF, CLIN table",136.46,"exact-NSN history, most recent award",6823.0
SPE4A726T706Y,0002,0000000000,,EA,1.0,0001S00000052,True,DIBBS|SPE4A726T706Y|CLIN0002,"SPE4A726T706Y.PDF, CLIN table",,,
SPE4A726T721D,0001,7017940919,0001,EA,7.0,1680-01-251-8495,False,DIBBS|SPE4A726T721D|CLIN0001,"SPE4A726T721D.PDF, CLIN table",15329.87,"exact-NSN history, most recent award",107309.09000000001
SPE4A726T721D,0002,0000000000,,EA,1.0,0001S00000052,True,DIBBS|SPE4A726T721D|CLIN0002,"SPE4A726T721D.PDF, CLIN table",,,
SPE4A726T722Q,0001,7018247745,0001,EA,749.0,1560-00-731-0532,False,DIBBS|SPE4A726T722Q|CLIN0001,"SPE4A726T722Q.PDF, CLIN table",75.94,"exact-NSN history, most recent award",56879.06
SPE4A726T729Z,0001,7017011444,0001,EA,9.0,1680-01-562-1657,False,DIBBS|SPE4A726T729Z|CLIN0001,"SPE4A726T729Z.PDF, CLIN table",1895.39,"exact-NSN history, most recent award",17058.510000000002
SPE4A726T743E,0001,7018341484,0001,EA,2.0,6150-01-647-4553,False,DIBBS|SPE4A726T743E|CLIN0001,"SPE4A726T743E.PDF, CLIN table",2250.0,"exact-NSN history, most recent award",4500.0
SPE4A726T755K,0001,7018390017,0001,EA,218.0,1450-00-767-0167,False,DIBBS|SPE4A726T755K|CLIN0001,"SPE4A726T755K.PDF, CLIN table",8.54,"exact-NSN history, most recent award",1861.7199999999998
SPE4A726T781U,0001,7018457765,0001,EA,2.0,5995-00-004-3784,False,DIBBS|SPE4A726T781U|CLIN0001,"SPE4A726T781U.PDF, CLIN table",2450.0,"exact-NSN history, most recent award",4900.0
SPE4A726T781U,0002,0000000000,,EA,1.0,0001S00000052,True,DIBBS|SPE4A726T781U|CLIN0002,"SPE4A726T781U.PDF, CLIN table",,,
SPE4A726T785J,0001,7018249465,0001,EA,9.0,1620-00-230-7144,False,DIBBS|SPE4A726T785J|CLIN0001,"SPE4A726T785J.PDF, CLIN table",600.0,"exact-NSN history, most recent award",5400.0
SPE4A726T785J,0002,0000000000,,EA,1.0,0001S00000052,True,DIBBS|SPE4A726T785J|CLIN0002,"SPE4A726T785J.PDF, CLIN table",,,
SPE4A726T789B,0001,7018458904,0001,EA,12.0,1560-01-291-8096,False,DIBBS|SPE4A726T789B|CLIN0001,"SPE4A726T789B.PDF, CLIN table",297.0,"exact-NSN history, most recent award",3564.0
SPE4A726T789B,0002,0000000000,,EA,1.0,0001S00000052,True,DIBBS|SPE4A726T789B|CLIN0002,"SPE4A726T789B.PDF, CLIN table",,,
SPE4A726T793H,0001,7018045402,0001,EA,1.0,5975-01-702-1296,False,DIBBS|SPE4A726T793H|CLIN0001,"SPE4A726T793H.PDF, CLIN table",,unpriced,
SPE4A726T795C,0001,7017148762,0001,EA,153.0,1560-00-597-0188,False,DIBBS|SPE4A726T795C|CLIN0001,"SPE4A726T795C.PDF, CLIN table",3.77,"exact-NSN history, most recent award",576.8100000000001
SPE4A726T798Z,0001,7018343307,0001,EA,11.0,1560-00-340-4251,False,DIBBS|SPE4A726T798Z|CLIN0001,"SPE4A726T798Z.PDF, CLIN table",296.5,"exact-NSN history, most recent award",3261.5
SPE4A726T799B,0001,7017741408,0001,EA,6.0,5895-01-705-8327,False,DIBBS|SPE4A726T799B|CLIN0001,"SPE4A726T799B.PDF, CLIN table",9311.6,"exact-NSN history, most recent award",55869.600000000006
SPE4A726T8352,0001,7015211013,0001,EA,8.0,5995-01-569-1109,False,DIBBS|SPE4A726T8352|CLIN0001,"SPE4A726T8352.PDF, CLIN table",2200.0,"exact-NSN history, most recent award",17600.0
SPE4A726T8352,0002,0000000000,,EA,1.0,0001S00000052,True,DIBBS|SPE4A726T8352|CLIN0002,"SPE4A726T8352.PDF, CLIN table",,,
SPE4A726T9206,0001,7010532503,0001,EA,4.0,6150-01-281-6793,False,DIBBS|SPE4A726T9206|CLIN0001,"SPE4A726T9206.PDF, CLIN table",578.0,"exact-NSN history, most recent award",2312.0
SPE4A726T9206,0002,0000000000,,EA,1.0,0001S00000052,True,DIBBS|SPE4A726T9206|CLIN0002,"SPE4A726T9206.PDF, CLIN table",,,
SPE4A726T9463,0001,7015476410,0001,EA,16.0,6150-01-278-0753,False,DIBBS|SPE4A726T9463|CLIN0001,"SPE4A726T9463.PDF, CLIN table",3675.0,"exact-NSN history, most recent award",58800.0
SPE4A726T9463,0002,0000000000,,EA,1.0,0001S00000052,True,DIBBS|SPE4A726T9463|CLIN0002,"SPE4A726T9463.PDF, CLIN table",,,
SPE4A726T9492,0001,7014544895,0001,EA,9.0,4935-01-193-6661,False,DIBBS|SPE4A726T9492|CLIN0001,"SPE4A726T9492.PDF, CLIN table",,unpriced,
SPE4A726T9492,0002,0000000000,,EA,1.0,S00000061,True,DIBBS|SPE4A726T9492|CLIN0002,"SPE4A726T9492.PDF, CLIN table",,,
SPE4A726U0018,0001,1000187499,0001,PG,3.0,5365-01-031-7479,False,DIBBS|SPE4A726U0018|CLIN0001,"SPE4A726U0018.PDF, CLIN table",120.22,"exact-NSN history, most recent award",360.65999999999997
SPE4AC26T0081,0001,7016992048,0001,EA,1.0,1560-01-602-7703,False,DIBBS|SPE4AC26T0081|CLIN0001,"SPE4AC26T0081.PDF, CLIN table",,unpriced,
SPE4AN26T0062,0001,7016735777,0001,EA,2.0,6210-01-151-7933,False,DIBBS|SPE4AN26T0062|CLIN0001,"SPE4AN26T0062.PDF, CLIN table",6.03,"exact-NSN history, most recent award",12.06
SPE4AN26T0077,0001,7017809406,0001,EA,2.0,5995-01-660-0650,False,DIBBS|SPE4AN26T0077|CLIN0001,"SPE4AN26T0077.PDF, CLIN table",5670.0,"exact-NSN history, most recent award",11340.0
SPE7L026T0300,0001,7016529863,0001,EA,1.0,2590-01-666-8862,False,DIBBS|SPE7L026T0300|CLIN0001,"SPE7L026T0300.PDF, CLIN table",,unpriced,
SPE7L026T0301,0001,7016489703,0001,EA,1.0,2590-01-666-8863,False,DIBBS|SPE7L026T0301|CLIN0001,"SPE7L026T0301.PDF, CLIN table",,unpriced,
SPE7L026T0306,0001,7016732266,0001,EA,17.0,3010-01-657-5734,False,DIBBS|SPE7L026T0306|CLIN0001,"SPE7L026T0306.PDF, CLIN table",,unpriced,
SPE7L026T0460,0001,7018324087,0001,EA,1.0,2590-01-686-7705,False,DIBBS|SPE7L026T0460|CLIN0001,"SPE7L026T0460.PDF, CLIN table",,unpriced,
SPE7L126T01A7,0001,7017987529,0001,EA,27.0,5340-01-518-4837,False,DIBBS|SPE7L126T01A7|CLIN0001,"SPE7L126T01A7.PDF, CLIN table",90.0,"exact-NSN history, most recent award",2430.0
SPE7L126T02F1,0001,7018016522,0001,EA,10.0,5340-01-203-7458,False,DIBBS|SPE7L126T02F1|CLIN0001,"SPE7L126T02F1.PDF, CLIN table",850.0,"exact-NSN history, most recent award",8500.0
SPE7L126T03V1,0001,7018068377,0001,EA,4.0,3010-01-305-7976,False,DIBBS|SPE7L126T03V1|CLIN0001,"SPE7L126T03V1.PDF, CLIN table",893.0,"exact-NSN history, most recent award",3572.0
SPE7L126T04N1,0001,7017529406,0001,EA,8.0,5340-01-413-2044,False,DIBBS|SPE7L126T04N1|CLIN0001,"SPE7L126T04N1.PDF, CLIN table",,unpriced,
SPE7L126T05K5,0001,7017437833,0001,EA,101.0,5340-01-320-1289,False,DIBBS|SPE7L126T05K5|CLIN0001,"SPE7L126T05K5.PDF, CLIN table",42.49,"exact-NSN history, most recent award",4291.49
SPE7L126T05M7,0001,7018063987,0001,EA,5.0,5340-01-445-7742,False,DIBBS|SPE7L126T05M7|CLIN0001,"SPE7L126T05M7.PDF, CLIN table",68.0,"exact-NSN history, most recent award",340.0
SPE7L126T05Z7,0001,7018118540,0001,EA,4.0,5340-01-680-3400,False,DIBBS|SPE7L126T05Z7|CLIN0001,"SPE7L126T05Z7.PDF, CLIN table",,unpriced,
SPE7L126T06B2,0001,7018118755,0001,EA,4.0,5340-01-355-7354,False,DIBBS|SPE7L126T06B2|CLIN0001,"SPE7L126T06B2.PDF, CLIN table",,unpriced,
SPE7L126T07A2,0001,7017673507,0001,EA,1.0,5340-01-510-9754,False,DIBBS|SPE7L126T07A2|CLIN0001,"SPE7L126T07A2.PDF, CLIN table",,unpriced,
SPE7L126T08W2,0001,7015609833,0001,EA,26.0,2590-01-104-9147,False,DIBBS|SPE7L126T08W2|CLIN0001,"SPE7L126T08W2.PDF, CLIN table",725.0,"exact-NSN history, most recent award",18850.0
SPE7L126T08W2,0002,0000000000,,EA,1.0,0001S00000053,True,DIBBS|SPE7L126T08W2|CLIN0002,"SPE7L126T08W2.PDF, CLIN table",,,
SPE7L126T10Y9,0001,7017984372,0001,EA,19.0,5340-01-560-2988,False,DIBBS|SPE7L126T10Y9|CLIN0001,"SPE7L126T10Y9.PDF, CLIN table",283.4,"exact-NSN history, most recent award",5384.599999999999
SPE7L126T11K9,0001,7016270895,0001,EA,25.0,5340-01-478-3633,False,DIBBS|SPE7L126T11K9|CLIN0001,"SPE7L126T11K9.PDF, CLIN table",120.0,"exact-NSN history, most recent award",3000.0
SPE7L126T11L1,0001,7018271073,0001,EA,60.0,5340-01-464-4138,False,DIBBS|SPE7L126T11L1|CLIN0001,"SPE7L126T11L1.PDF, CLIN table",272.0,"exact-NSN history, most recent award",16320.0
SPE7L126T11M5,0001,7018274203,0001,EA,1.0,5340-01-429-6034,False,DIBBS|SPE7L126T11M5|CLIN0001,"SPE7L126T11M5.PDF, CLIN table",15598.63,"exact-NSN history, most recent award",15598.63
SPE7L126T11M5,0002,0000000000,,EA,1.0,0001S00000053,True,DIBBS|SPE7L126T11M5|CLIN0002,"SPE7L126T11M5.PDF, CLIN table",,,
SPE7L126T11Y6,0001,7018068488,0001,EA,2.0,5340-01-729-7972,False,DIBBS|SPE7L126T11Y6|CLIN0001,"SPE7L126T11Y6.PDF, CLIN table",,unpriced,
SPE7L126T12P3,0001,7017900269,0001,EA,100.0,5355-00-706-8064,False,DIBBS|SPE7L126T12P3|CLIN0001,"SPE7L126T12P3.PDF, CLIN table",29.39,"exact-NSN history, most recent award",2939.0
SPE7L126T12Y5,0001,7018379612,0001,EA,52.0,5340-00-776-7847,False,DIBBS|SPE7L126T12Y5|CLIN0001,"SPE7L126T12Y5.PDF, CLIN table",4.09,"exact-NSN history, most recent award",212.68
SPE7L126T14G2,0001,7018271876,0001,EA,50.0,5340-01-140-4525,False,DIBBS|SPE7L126T14G2|CLIN0001,"SPE7L126T14G2.PDF, CLIN table",18.0,"exact-NSN history, most recent award",900.0
SPE7L126T14V5,0001,7017559693,0001,EA,16.0,5340-01-721-4041,False,DIBBS|SPE7L126T14V5|CLIN0001,"SPE7L126T14V5.PDF, CLIN table",,unpriced,
SPE7L126T15G2,0001,7015417166,0001,EA,19.0,5930-01-455-1402,False,DIBBS|SPE7L126T15G2|CLIN0001,"SPE7L126T15G2.PDF, CLIN table",1332.2,"exact-NSN history, most recent award",25311.8
SPE7L126T16M9,0001,7018496489,0001,EA,247.0,5340-01-109-6235,False,DIBBS|SPE7L126T16M9|CLIN0001,"SPE7L126T16M9.PDF, CLIN table",26.0,"exact-NSN history, most recent award",6422.0
SPE7L126T16Y7,0001,7018496509,0001,EA,64.0,5340-01-617-8878,False,DIBBS|SPE7L126T16Y7|CLIN0001,"SPE7L126T16Y7.PDF, CLIN table",29.75,"exact-NSN history, most recent award",1904.0
SPE7L126T17J0,0001,7017236878,0001,EA,137.0,5340-00-737-9224,False,DIBBS|SPE7L126T17J0|CLIN0001,"SPE7L126T17J0.PDF, CLIN table",250.0,"exact-NSN history, most recent award",34250.0
SPE7L126T17V7,0001,7018517417,0001,EA,1.0,2590-01-669-9292,False,DIBBS|SPE7L126T17V7|CLIN0001,"SPE7L126T17V7.PDF, CLIN table",1100.0,"exact-NSN history, most recent award",1100.0
SPE7L126T17W1,0001,7018517248,0001,EA,1.0,5340-01-670-1373,False,DIBBS|SPE7L126T17W1|CLIN0001,"SPE7L126T17W1.PDF, CLIN table",816.0,"exact-NSN history, most recent award",816.0
SPE7L126T18W2,0001,7018379092,0001,EA,7.0,5340-01-728-7809,False,DIBBS|SPE7L126T18W2|CLIN0001,"SPE7L126T18W2.PDF, CLIN table",,unpriced,
SPE7L126T19C5,0001,7018558592,0001,EA,1.0,5340-01-479-0619,False,DIBBS|SPE7L126T19C5|CLIN0001,"SPE7L126T19C5.PDF, CLIN table",58.0,"exact-NSN history, most recent award",58.0
SPE7L126T19E9,0001,7018038112,0001,EA,1.0,5340-01-736-4974,False,DIBBS|SPE7L126T19E9|CLIN0001,"SPE7L126T19E9.PDF, CLIN table",,unpriced,
SPE7L126T19H9,0001,7017227622,0001,EA,26.0,5340-01-599-9911,False,DIBBS|SPE7L126T19H9|CLIN0001,"SPE7L126T19H9.PDF, CLIN table",840.23,"exact-NSN history, most recent award",21845.98
SPE7L126T19J4,0001,7015141267,0001,EA,1.0,4810-01-641-9297,False,DIBBS|SPE7L126T19J4|CLIN0001,"SPE7L126T19J4.PDF, CLIN table",,unpriced,
SPE7L126T204U,0001,7015893463,0001,EA,5.0,5340-01-366-1547,False,DIBBS|SPE7L126T204U|CLIN0001,"SPE7L126T204U.PDF, CLIN table",2850.0,"exact-NSN history, most recent award",14250.0
SPE7L126T266X,0001,7016117061,0001,EA,2.0,5340-01-670-1373,False,DIBBS|SPE7L126T266X|CLIN0001,"SPE7L126T266X.PDF, CLIN table",810.0,"exact-NSN history, most recent award",1620.0
SPE7L126T267V,0001,7015900171,0001,EA,1.0,5340-01-341-9520,False,DIBBS|SPE7L126T267V|CLIN0001,"SPE7L126T267V.PDF, CLIN table",48.0,"exact-NSN history, most recent award",48.0
SPE7L126T320E,0001,7011949190,0001,EA,1.0,5340-01-268-3039,False,DIBBS|SPE7L126T320E|CLIN0001,"SPE7L126T320E.PDF, CLIN table",5252.77,"exact-NSN history, most recent award",5252.77
SPE7L126T333P,0001,7016268805,0001,PG,15.0,5355-00-538-6382,False,DIBBS|SPE7L126T333P|CLIN0001,"SPE7L126T333P.PDF, CLIN table",20.0,"exact-NSN history, most recent award",300.0
SPE7L126T340G,0001,7016267490,0001,EA,35.0,5340-01-529-6501,False,DIBBS|SPE7L126T340G|CLIN0001,"SPE7L126T340G.PDF, CLIN table",64.1,"exact-NSN history, most recent award",2243.5
SPE7L126T395A,0001,7015679882,0001,EA,20.0,2510-00-930-2313,False,DIBBS|SPE7L126T395A|CLIN0001,"SPE7L126T395A.PDF, CLIN table",29.43,"exact-NSN history, most recent award",588.6
SPE7L126T401F,0001,7016416465,0001,EA,11.0,3010-01-494-1506,False,DIBBS|SPE7L126T401F|CLIN0001,"SPE7L126T401F.PDF, CLIN table",277.7,"exact-NSN history, most recent award",3054.7
SPE7L126T405P,0001,7016359224,0001,EA,1.0,5355-01-320-2812,False,DIBBS|SPE7L126T405P|CLIN0001,"SPE7L126T405P.PDF, CLIN table",124.79,"exact-NSN history, most recent award",124.79
SPE7L126T408G,0001,7016271053,0001,EA,20.0,5340-01-033-6912,False,DIBBS|SPE7L126T408G|CLIN0001,"SPE7L126T408G.PDF, CLIN table",1334.77,"exact-NSN history, most recent award",26695.4
SPE7L126T417H,0001,7016182612,0001,EA,1.0,5340-01-649-5321,False,DIBBS|SPE7L126T417H|CLIN0001,"SPE7L126T417H.PDF, CLIN table",,unpriced,
SPE7L126T420F,0001,7016485549,0001,EA,62.0,5340-01-100-0125,False,DIBBS|SPE7L126T420F|CLIN0001,"SPE7L126T420F.PDF, CLIN table",99.3,"exact-NSN history, most recent award",6156.599999999999
SPE7L126T438V,0001,7015744898,0001,EA,6.0,1015-01-026-5256,False,DIBBS|SPE7L126T438V|CLIN0001,"SPE7L126T438V.PDF, CLIN table",1775.25,"exact-NSN history, most recent award",10651.5
SPE7L126T511X,0001,7016690427,0001,EA,14.0,5340-01-593-9670,False,DIBBS|SPE7L126T511X|CLIN0001,"SPE7L126T511X.PDF, CLIN table",547.99,"exact-NSN history, most recent award",7671.860000000001
SPE7L126T511X,0002,0000000000,,EA,1.0,0001S00000053,True,DIBBS|SPE7L126T511X|CLIN0002,"SPE7L126T511X.PDF, CLIN table",,,
SPE7L126T524D,0001,7016708503,0001,EA,27.0,5340-01-714-2831,False,DIBBS|SPE7L126T524D|CLIN0001,"SPE7L126T524D.PDF, CLIN table",,unpriced,
SPE7L126T536N,0001,7015974694,0001,EA,1.0,5340-01-720-6274,False,DIBBS|SPE7L126T536N|CLIN0001,"SPE7L126T536N.PDF, CLIN table",,unpriced,
SPE7L126T564P,0001,7014385184,0001,EA,1.0,5340-01-463-1004,False,DIBBS|SPE7L126T564P|CLIN0001,"SPE7L126T564P.PDF, CLIN table",4479.03,"exact-NSN history, most recent award",4479.03
SPE7L126T610T,0001,7012858461,0001,EA,2.0,3040-01-670-0451,False,DIBBS|SPE7L126T610T|CLIN0001,"SPE7L126T610T.PDF, CLIN table",,unpriced,
SPE7L126T628U,0001,7012653504,0001,EA,11.0,5340-01-606-2288,False,DIBBS|SPE7L126T628U|CLIN0001,"SPE7L126T628U.PDF, CLIN table",,unpriced,
SPE7L126T628U,0002,0000000000,,EA,1.0,0001S00000053,True,DIBBS|SPE7L126T628U|CLIN0002,"SPE7L126T628U.PDF, CLIN table",,,
SPE7L126T643J,0001,7017014663,0001,EA,34.0,3010-01-494-1506,False,DIBBS|SPE7L126T643J|CLIN0001,"SPE7L126T643J.PDF, CLIN table",277.7,"exact-NSN history, most recent award",9441.8
SPE7L126T671L,0001,7017039541,0001,EA,9.0,3040-01-270-6471,False,DIBBS|SPE7L126T671L|CLIN0001,"SPE7L126T671L.PDF, CLIN table",170.0,"exact-NSN history, most recent award",1530.0
SPE7L126T696T,0001,7017134142,0001,EA,126.0,5340-01-617-6431,False,DIBBS|SPE7L126T696T|CLIN0001,"SPE7L126T696T.PDF, CLIN table",31.44,"exact-NSN history, most recent award",3961.44
SPE7L126T700L,0001,7017049972,0001,EA,98.0,5355-00-058-0337,False,DIBBS|SPE7L126T700L|CLIN0001,"SPE7L126T700L.PDF, CLIN table",56.69,"exact-NSN history, most recent award",5555.62
SPE7L126T733H,0001,7017234373,0001,EA,167.0,5340-01-439-3757,False,DIBBS|SPE7L126T733H|CLIN0001,"SPE7L126T733H.PDF, CLIN table",24.96,"exact-NSN history, most recent award",4168.32
SPE7L126T746A,0001,7017233330,0001,EA,88.0,5340-01-073-3084,False,DIBBS|SPE7L126T746A|CLIN0001,"SPE7L126T746A.PDF, CLIN table",25.6,"exact-NSN history, most recent award",2252.8
SPE7L126T759P,0001,7014131694,0001,EA,3.0,3010-01-305-7976,False,DIBBS|SPE7L126T759P|CLIN0001,"SPE7L126T759P.PDF, CLIN table",893.0,"exact-NSN history, most recent award",2679.0
SPE7L126T766W,0001,7016983041,0001,EA,1.0,1045-01-627-1471,False,DIBBS|SPE7L126T766W|CLIN0001,"SPE7L126T766W.PDF, CLIN table",,unpriced,
SPE7L126T775V,0001,7016014148,0001,EA,2.0,2510-01-728-0868,False,DIBBS|SPE7L126T775V|CLIN0001,"SPE7L126T775V.PDF, CLIN table",,unpriced,
SPE7L126T809C,0001,7017436955,0001,EA,1653.0,5340-00-399-1198,False,DIBBS|SPE7L126T809C|CLIN0001,"SPE7L126T809C.PDF, CLIN table",4.59,"exact-NSN history, most recent award",7587.2699999999995
SPE7L126T809C,0002,0000000000,,EA,1.0,0001S00000053,True,DIBBS|SPE7L126T809C|CLIN0002,"SPE7L126T809C.PDF, CLIN table",,,
SPE7L126T817R,0001,7017440083,0001,EA,37.0,5340-01-568-0789,False,DIBBS|SPE7L126T817R|CLIN0001,"SPE7L126T817R.PDF, CLIN table",88.17,"exact-NSN history, most recent award",3262.29
SPE7L126T862S,0001,7017574933,0001,EA,1.0,2590-01-728-2447,False,DIBBS|SPE7L126T862S|CLIN0001,"SPE7L126T862S.PDF, CLIN table",33.6,"exact-NSN history, most recent award",33.6
SPE7L126T907S,0001,7017450056,0001,EA,35.0,5340-01-275-3757,False,DIBBS|SPE7L126T907S|CLIN0001,"SPE7L126T907S.PDF, CLIN table",3775.71,"exact-NSN history, most recent award",132149.85
SPE7L126T920P,0001,7017039402,0001,EA,2.0,5340-01-496-6480,False,DIBBS|SPE7L126T920P|CLIN0001,"SPE7L126T920P.PDF, CLIN table",39.77,"exact-NSN history, most recent award",79.54
SPE7L126T920W,0001,7017315181,0001,EA,19.0,5340-01-492-3318,False,DIBBS|SPE7L126T920W|CLIN0001,"SPE7L126T920W.PDF, CLIN table",98.06,"exact-NSN history, most recent award",1863.14
SPE7L126T921C,0001,7017233748,0001,EA,18.0,5340-01-674-4126,False,DIBBS|SPE7L126T921C|CLIN0001,"SPE7L126T921C.PDF, CLIN table",16.81,"exact-NSN history, most recent award",302.58
SPE7L126T945M,0001,7017252415,0001,EA,9.0,5340-01-109-4326,False,DIBBS|SPE7L126T945M|CLIN0001,"SPE7L126T945M.PDF, CLIN table",537.95,"exact-NSN history, most recent award",4841.55
SPE7L126T977W,0001,7017869859,0001,EA,9.0,3040-01-270-6471,False,DIBBS|SPE7L126T977W|CLIN0001,"SPE7L126T977W.PDF, CLIN table",170.0,"exact-NSN history, most recent award",1530.0
SPE7L126T988B,0001,7017204501,0001,EA,10.0,2510-00-417-2752,False,DIBBS|SPE7L126T988B|CLIN0001,"SPE7L126T988B.PDF, CLIN table",92.22,"exact-NSN history, most recent award",922.2
SPE7L126T9916,0001,7015087605,0001,EA,5.0,5340-01-603-9393,False,DIBBS|SPE7L126T9916|CLIN0001,"SPE7L126T9916.PDF, CLIN table",1465.0,"exact-NSN history, most recent award",7325.0
SPE7L126T9916,0002,0000000000,,EA,1.0,0001S00000053,True,DIBBS|SPE7L126T9916|CLIN0002,"SPE7L126T9916.PDF, CLIN table",,,
SPE7L126T994T,0001,7017252534,0001,EA,7.0,5340-01-482-0402,False,DIBBS|SPE7L126T994T|CLIN0001,"SPE7L126T994T.PDF, CLIN table",225.0,"exact-NSN history, most recent award",1575.0
SPE7L126T996Z,0001,7017982377,0001,EA,3.0,5340-01-183-7233,False,DIBBS|SPE7L126T996Z|CLIN0001,"SPE7L126T996Z.PDF, CLIN table",0.51,"exact-NSN history, most recent award",1.53
SPE7L126T996Z,0002,7017982377,0002,EA,116.0,5340-01-183-7233,False,DIBBS|SPE7L126T996Z|CLIN0002,"SPE7L126T996Z.PDF, CLIN table",0.51,"exact-NSN history, most recent award",59.160000000000004
SPE7L126T996Z,0003,7017982377,0003,EA,1896.0,5340-01-183-7233,False,DIBBS|SPE7L126T996Z|CLIN0003,"SPE7L126T996Z.PDF, CLIN table",0.51,"exact-NSN history, most recent award",966.96
SPE7L326T094Z,0001,7017315824,0001,EA,4.0,2530-01-707-9921,False,DIBBS|SPE7L326T094Z|CLIN0001,"SPE7L326T094Z.PDF, CLIN table",,unpriced,
SPE7L326T094Z,0002,0000000000,,EA,1.0,0001S00000053,True,DIBBS|SPE7L326T094Z|CLIN0002,"SPE7L326T094Z.PDF, CLIN table",,,
SPE7L326T114Z,0001,7017438782,0001,EA,2.0,2530-01-707-9921,False,DIBBS|SPE7L326T114Z|CLIN0001,"SPE7L326T114Z.PDF, CLIN table",,unpriced,
SPE7L326T144S,0001,7008308581,0001,AY,2.0,4810-01-616-3849,False,DIBBS|SPE7L326T144S|CLIN0001,"SPE7L326T144S.PDF, CLIN table",,unpriced,
SPE7L326T147D,0001,7017730998,0001,EA,1.0,2590-01-687-7510,False,DIBBS|SPE7L326T147D|CLIN0001,"SPE7L326T147D.PDF, CLIN table",7617.51,"exact-NSN history, most recent award",7617.51
SPE7L326T150D,0001,7017573895,0001,EA,8.0,2590-01-032-7410,False,DIBBS|SPE7L326T150D|CLIN0001,"SPE7L326T150D.PDF, CLIN table",775.0,"exact-NSN history, most recent award",6200.0
SPE7L326T152K,0001,7017777616,0001,EA,10.0,2590-01-100-0423,False,DIBBS|SPE7L326T152K|CLIN0001,"SPE7L326T152K.PDF, CLIN table",337.48,"exact-NSN history, most recent award",3374.8
SPE7L326T154U,0001,7017777166,0001,EA,9.0,2510-01-439-6563,False,DIBBS|SPE7L326T154U|CLIN0001,"SPE7L326T154U.PDF, CLIN table",489.9,"exact-NSN history, most recent award",4409.099999999999
SPE7L326T160T,0001,7017780247,0001,EA,8.0,2590-01-209-8427,False,DIBBS|SPE7L326T160T|CLIN0001,"SPE7L326T160T.PDF, CLIN table",875.0,"exact-NSN history, most recent award",7000.0
SPE7L326T167S,0001,7017275364,0001,EA,1.0,3040-01-650-4568,False,DIBBS|SPE7L326T167S|CLIN0001,"SPE7L326T167S.PDF, CLIN table",,unpriced,
SPE7L326T192W,0001,7017985245,0001,EA,6.0,3010-01-316-0190,False,DIBBS|SPE7L326T192W|CLIN0001,"SPE7L326T192W.PDF, CLIN table",8275.0,"exact-NSN history, most recent award",49650.0
SPE7L326T202A,0001,7017809044,0001,EA,13.0,3010-01-494-1506,False,DIBBS|SPE7L326T202A|CLIN0001,"SPE7L326T202A.PDF, CLIN table",277.7,"exact-NSN history, most recent award",3610.1
SPE7L326T207G,0001,7017367452,0001,EA,9.0,3040-01-147-3497,False,DIBBS|SPE7L326T207G|CLIN0001,"SPE7L326T207G.PDF, CLIN table",90.0,"exact-NSN history, most recent award",810.0
SPE7L326T227V,0001,7018067618,0001,EA,17.0,2590-01-736-4474,False,DIBBS|SPE7L326T227V|CLIN0001,"SPE7L326T227V.PDF, CLIN table",1200.0,"exact-NSN history, most recent award",20400.0
SPE7L326T237C,0001,7018270748,0001,EA,319.0,1095-00-890-4218,False,DIBBS|SPE7L326T237C|CLIN0001,"SPE7L326T237C.PDF, CLIN table",11.5,"exact-NSN history, most recent award",3668.5
SPE7L326T237C,0002,0000000000,,EA,1.0,0001S00000052,True,DIBBS|SPE7L326T237C|CLIN0002,"SPE7L326T237C.PDF, CLIN table",,,
SPE7L326T247Q,0001,7018269357,0001,EA,16.0,3040-00-735-4263,False,DIBBS|SPE7L326T247Q|CLIN0001,"SPE7L326T247Q.PDF, CLIN table",487.0,"exact-NSN history, most recent award",7792.0
SPE7L326T250H,0001,7014422417,0001,EA,8.0,2510-01-620-8051,False,DIBBS|SPE7L326T250H|CLIN0001,"SPE7L326T250H.PDF, CLIN table",900.0,"exact-NSN history, most recent award",7200.0
SPE7L326T250H,0002,0000000000,,EA,1.0,0001S00000053,True,DIBBS|SPE7L326T250H|CLIN0002,"SPE7L326T250H.PDF, CLIN table",,,
SPE7L326T252M,0001,7017528328,0001,EA,48.0,2510-01-210-6942,False,DIBBS|SPE7L326T252M|CLIN0001,"SPE7L326T252M.PDF, CLIN table",10.29,"exact-NSN history, most recent award",493.91999999999996
SPE7L326T254M,0001,7017778174,0001,EA,63.0,2590-01-716-4124,False,DIBBS|SPE7L326T254M|CLIN0001,"SPE7L326T254M.PDF, CLIN table",530.75,"exact-NSN history, most recent award",33437.25
SPE7L326T254M,0002,0000000000,,EA,1.0,0001S00000053,True,DIBBS|SPE7L326T254M|CLIN0002,"SPE7L326T254M.PDF, CLIN table",,,
SPE7L326T254Q,0001,7018068861,0001,EA,4.0,5355-01-343-1793,False,DIBBS|SPE7L326T254Q|CLIN0001,"SPE7L326T254Q.PDF, CLIN table",,unpriced,
SPE7L326T254Q,0002,0000000000,,EA,1.0,0001S00000053,True,DIBBS|SPE7L326T254Q|CLIN0002,"SPE7L326T254Q.PDF, CLIN table",,,
SPE7L326T256E,0001,7017660793,0001,EA,1.0,3040-01-723-0637,False,DIBBS|SPE7L326T256E|CLIN0001,"SPE7L326T256E.PDF, CLIN table",,unpriced,
SPE7L326T257D,0001,7018069464,0001,PG,9.0,2530-00-678-6128,False,DIBBS|SPE7L326T257D|CLIN0001,"SPE7L326T257D.PDF, CLIN table",45.21,"exact-NSN history, most recent award",406.89
SPE7L326T258P,0001,7018378697,0001,EA,43.0,3040-01-241-4818,False,DIBBS|SPE7L326T258P|CLIN0001,"SPE7L326T258P.PDF, CLIN table",29.7,"exact-NSN history, most recent award",1277.1
SPE7L326T282R,0001,7018495006,0001,EA,71.0,2590-01-677-8642,False,DIBBS|SPE7L326T282R|CLIN0001,"SPE7L326T282R.PDF, CLIN table",394.85,"exact-NSN history, most recent award",28034.350000000002
SPE7L326T282R,0002,0000000000,,EA,1.0,0001S00000053,True,DIBBS|SPE7L326T282R|CLIN0002,"SPE7L326T282R.PDF, CLIN table",,,
SPE7L326T290Q,0001,7017235020,0001,EA,168.0,2590-01-493-7898,False,DIBBS|SPE7L326T290Q|CLIN0001,"SPE7L326T290Q.PDF, CLIN table",667.0,"exact-NSN history, most recent award",112056.0
SPE7L326T4755,0001,7015016139,0001,EA,1.0,3040-01-641-5088,False,DIBBS|SPE7L326T4755|CLIN0001,"SPE7L326T4755.PDF, CLIN table",,unpriced,
SPE7L326T6345,0001,7015689010,0001,EA,1.0,2590-01-121-7773,False,DIBBS|SPE7L326T6345|CLIN0001,"SPE7L326T6345.PDF, CLIN table",425.0,"exact-NSN history, most recent award",425.0
SPE7L326T9247,0001,7015835519,0001,EA,1.0,2910-01-705-3891,False,DIBBS|SPE7L326T9247|CLIN0001,"SPE7L326T9247.PDF, CLIN table",,unpriced,
SPE7L326T9995,0001,7016691938,0001,EA,17.0,2590-01-104-9132,False,DIBBS|SPE7L326T9995|CLIN0001,"SPE7L326T9995.PDF, CLIN table",173.32,"exact-NSN history, most recent award",2946.44
SPE7L426T2972,0001,7015698915,0001,EA,50.0,2590-01-668-6993,False,DIBBS|SPE7L426T2972|CLIN0001,"SPE7L426T2972.PDF, CLIN table",131.82,"exact-NSN history, most recent award",6591.0
SPE7L426T2972,0002,0000000000,,EA,1.0,0001S00000053,True,DIBBS|SPE7L426T2972|CLIN0002,"SPE7L426T2972.PDF, CLIN table",,,
SPE7L426T3239,0001,7015697306,0001,EA,6.0,2590-01-108-5389,False,DIBBS|SPE7L426T3239|CLIN0001,"SPE7L426T3239.PDF, CLIN table",645.0,"exact-NSN history, most recent award",3870.0
SPE7L426T3239,0002,0000000000,,EA,1.0,0001S00000053,True,DIBBS|SPE7L426T3239|CLIN0002,"SPE7L426T3239.PDF, CLIN table",,,
SPE7L426T4025,0001,7016081440,0001,EA,2.0,2540-01-698-2591,False,DIBBS|SPE7L426T4025|CLIN0001,"SPE7L426T4025.PDF, CLIN table",,unpriced,
SPE7L426T4469,0001,7016088641,0001,EA,1180.0,2530-00-504-0393,False,DIBBS|SPE7L426T4469|CLIN0001,"SPE7L426T4469.PDF, CLIN table",7.0,"exact-NSN history, most recent award",8260.0
SPE7L426T4915,0001,7017045542,0001,EA,74.0,2510-01-567-5881,False,DIBBS|SPE7L426T4915|CLIN0001,"SPE7L426T4915.PDF, CLIN table",90.0,"exact-NSN history, most recent award",6660.0
SPE7L426T4915,0002,0000000000,,EA,1.0,0001S00000053,True,DIBBS|SPE7L426T4915|CLIN0002,"SPE7L426T4915.PDF, CLIN table",,,
SPE7L426T4984,0001,7016471619,0001,EA,1.0,2540-01-702-1714,False,DIBBS|SPE7L426T4984|CLIN0001,"SPE7L426T4984.PDF, CLIN table",,unpriced,
SPE7L426T6402,0001,7017777467,0001,EA,6.0,2540-01-540-8415,False,DIBBS|SPE7L426T6402|CLIN0001,"SPE7L426T6402.PDF, CLIN table",2000.0,"exact-NSN history, most recent award",12000.0
SPE7L426T6629,0001,7018068157,0001,EA,11.0,6150-01-422-7736,False,DIBBS|SPE7L426T6629|CLIN0001,"SPE7L426T6629.PDF, CLIN table",2556.29,"exact-NSN history, most recent award",28119.19
SPE7L426T6658,0001,7016992052,0001,EA,1.0,1005-01-113-1456,False,DIBBS|SPE7L426T6658|CLIN0001,"SPE7L426T6658.PDF, CLIN table",225.16,"exact-NSN history, most recent award",225.16
SPE7L426T6955,0001,7018340481,0001,EA,3.0,5930-00-941-8185,False,DIBBS|SPE7L426T6955|CLIN0001,"SPE7L426T6955.PDF, CLIN table",258.0,"exact-NSN history, most recent award",774.0
SPE7L426T7210,0001,7018497657,0001,EA,5.0,6150-01-454-6623,False,DIBBS|SPE7L426T7210|CLIN0001,"SPE7L426T7210.PDF, CLIN table",1938.444,"exact-NSN history, most recent award",9692.22
SPE7L426T7210,0002,0000000000,,EA,1.0,0001S00000053,True,DIBBS|SPE7L426T7210|CLIN0002,"SPE7L426T7210.PDF, CLIN table",,,
SPE7L426T7243,0001,7018517341,0001,EA,18.0,3950-01-342-4088,False,DIBBS|SPE7L426T7243|CLIN0001,"SPE7L426T7243.PDF, CLIN table",340.0,"exact-NSN history, most recent award",6120.0
SPE7L426T7255,0001,7017697565,0001,EA,2.0,5995-01-425-5346,False,DIBBS|SPE7L426T7255|CLIN0001,"SPE7L426T7255.PDF, CLIN table",1425.98,"exact-NSN history, most recent award",2851.96
SPE7L426T7259,0001,7018494717,0001,EA,6.0,6150-01-422-2574,False,DIBBS|SPE7L426T7259|CLIN0001,"SPE7L426T7259.PDF, CLIN table",1027.0,"exact-NSN history, most recent award",6162.0
SPE7L426T7273,0001,7018496487,0001,EA,6.0,2590-01-108-5389,False,DIBBS|SPE7L426T7273|CLIN0001,"SPE7L426T7273.PDF, CLIN table",645.0,"exact-NSN history, most recent award",3870.0
SPE7L426T7273,0002,0000000000,,EA,1.0,0001S00000053,True,DIBBS|SPE7L426T7273|CLIN0002,"SPE7L426T7273.PDF, CLIN table",,,
SPE7L526T2133,0001,7012918669,0001,EA,1.0,4730-01-701-5377,False,DIBBS|SPE7L526T2133|CLIN0001,"SPE7L526T2133.PDF, CLIN table",,unpriced,
SPE7L526T2335,0001,7015053634,0001,EA,30.0,6150-01-672-8926,False,DIBBS|SPE7L526T2335|CLIN0001,"SPE7L526T2335.PDF, CLIN table",646.46,"exact-NSN history, most recent award",19393.800000000003
SPE7L526T3902,0001,7017049825,0001,EA,65.0,2910-01-561-1346,False,DIBBS|SPE7L526T3902|CLIN0001,"SPE7L526T3902.PDF, CLIN table",701.52,"exact-NSN history, most recent award",45598.799999999996
SPE7L526T4284,0001,7013881160,0001,EA,9.0,5355-01-200-5186,False,DIBBS|SPE7L526T4284|CLIN0001,"SPE7L526T4284.PDF, CLIN table",200.0,"exact-NSN history, most recent award",1800.0
SPE7L526T5200,0001,7017777215,0001,EA,2.0,5995-01-676-7607,False,DIBBS|SPE7L526T5200|CLIN0001,"SPE7L526T5200.PDF, CLIN table",,unpriced,
SPE7L526T5200,0002,0000000000,,EA,1.0,0001S00000053,True,DIBBS|SPE7L526T5200|CLIN0002,"SPE7L526T5200.PDF, CLIN table",,,
SPE7L526T5302,0001,7018075920,0001,EA,178.0,5995-00-772-8813,False,DIBBS|SPE7L526T5302|CLIN0001,"SPE7L526T5302.PDF, CLIN table",269.0,"exact-NSN history, most recent award",47882.0
SPE7L526T5302,0002,7018075920,0002,EA,534.0,5995-00-772-8813,False,DIBBS|SPE7L526T5302|CLIN0002,"SPE7L526T5302.PDF, CLIN table",269.0,"exact-NSN history, most recent award",143646.0
SPE7L726T4100,0001,7017315033,0001,EA,80.0,6650-00-419-4170,False,DIBBS|SPE7L726T4100|CLIN0001,"SPE7L726T4100.PDF, CLIN table",21.3,"exact-NSN history, most recent award",1704.0
SPE7L726T4141,0001,7017367472,0001,EA,10.0,6650-00-828-6553,False,DIBBS|SPE7L726T4141|CLIN0001,"SPE7L726T4141.PDF, CLIN table",714.0,"exact-NSN history, most recent award",7140.0
SPE7L726T4141,0002,0000000000,,EA,1.0,0001S00000053,True,DIBBS|SPE7L726T4141|CLIN0002,"SPE7L726T4141.PDF, CLIN table",,,
SPE7L726T4313,0001,7017498444,0001,EA,10.0,6650-01-063-1341,False,DIBBS|SPE7L726T4313|CLIN0001,"SPE7L726T4313.PDF, CLIN table",256.5,"exact-NSN history, most recent award",2565.0
SPE7L726T4670,0001,7016887831,0001,EA,24.0,1095-00-450-8514,False,DIBBS|SPE7L726T4670|CLIN0001,"SPE7L726T4670.PDF, CLIN table",689.34,"exact-NSN history, most recent award",16544.16
SPE7L726T4670,0002,0000000000,,EA,1.0,0001S00000052,True,DIBBS|SPE7L726T4670|CLIN0002,"SPE7L726T4670.PDF, CLIN table",,,
SPE7L726T4945,0001,7016755672,0001,EA,2.0,6650-01-577-4444,False,DIBBS|SPE7L726T4945|CLIN0001,"SPE7L726T4945.PDF, CLIN table",,unpriced,
SPE7L726T4945,0002,0000000000,,EA,1.0,0001S00000053,True,DIBBS|SPE7L726T4945|CLIN0002,"SPE7L726T4945.PDF, CLIN table",,,
SPE7L726T5099,0001,7015896359,0001,EA,6.0,6650-01-577-4445,False,DIBBS|SPE7L726T5099|CLIN0001,"SPE7L726T5099.PDF, CLIN table",0.01,"exact-NSN history, most recent award",0.06
SPE7L726T5099,0002,0000000000,,EA,1.0,0001S00000053,True,DIBBS|SPE7L726T5099|CLIN0002,"SPE7L726T5099.PDF, CLIN table",,,
SPE7L726T5209,0001,7017800035,0001,EA,4.0,1055-01-398-5408,False,DIBBS|SPE7L726T5209|CLIN0001,"SPE7L726T5209.PDF, CLIN table",1525.0,"exact-NSN history, most recent award",6100.0
SPE7L726T5256,0001,7017048324,0001,EA,75.0,6650-00-864-2942,False,DIBBS|SPE7L726T5256|CLIN0001,"SPE7L726T5256.PDF, CLIN table",85.0,"exact-NSN history, most recent award",6375.0
SPE7L726T5256,0002,0000000000,,EA,1.0,0001S00000053,True,DIBBS|SPE7L726T5256|CLIN0002,"SPE7L726T5256.PDF, CLIN table",,,
SPE7L726T5514,0001,7018346035,0001,EA,1.0,1020-01-180-4933,False,DIBBS|SPE7L726T5514|CLIN0001,"SPE7L726T5514.PDF, CLIN table",1300.0,"exact-NSN history, most recent award",1300.0
SPE7LX26U002T,0001,1000240960,0001,EA,127.0,2590-01-698-8230,False,DIBBS|SPE7LX26U002T|CLIN0001,"SPE7LX26U002T.PDF, CLIN table",98.11,"exact-NSN history, most recent award",12459.97
SPE7LX26U007R,0001,1000244770,0001,EA,14.0,5340-01-658-8789,False,DIBBS|SPE7LX26U007R|CLIN0001,"SPE7LX26U007R.PDF, CLIN table",320.0,"exact-NSN history, most recent award",4480.0
SPE7LX26U011D,0001,1000237497,0001,EA,42.0,5340-01-670-2178,False,DIBBS|SPE7LX26U011D|CLIN0001,"SPE7LX26U011D.PDF, CLIN table",11.89,"exact-NSN history, most recent award",499.38
SPE7M026T031T,0001,7017603382,0001,PG,4.0,5935-01-067-4780,False,DIBBS|SPE7M026T031T|CLIN0001,"SPE7M026T031T.PDF, CLIN table",0.93,"exact-NSN history, most recent award",3.72
SPE7M026T031T,0002,7017603382,0002,PG,28.0,5935-01-067-4780,False,DIBBS|SPE7M026T031T|CLIN0002,"SPE7M026T031T.PDF, CLIN table",0.93,"exact-NSN history, most recent award",26.040000000000003
SPE7M026T063A,0001,7018065071,0001,EA,50.0,5999-01-576-0387,False,DIBBS|SPE7M026T063A|CLIN0001,"SPE7M026T063A.PDF, CLIN table",,unpriced,
SPE7M026T074M,0001,7017281970,0001,PM,1.0,9535-01-012-2380,False,DIBBS|SPE7M026T074M|CLIN0001,"SPE7M026T074M.PDF, CLIN table",13500.0,"exact-NSN history, most recent award",13500.0
SPE7M026T095W,0001,7018446230,0001,EA,1.0,5999-01-683-0886,False,DIBBS|SPE7M026T095W|CLIN0001,"SPE7M026T095W.PDF, CLIN table",1559.17,"exact-NSN history, most recent award",1559.17
SPE7M026T103A,0001,7017473386,0001,EA,1.0,5930-01-119-5637,False,DIBBS|SPE7M026T103A|CLIN0001,"SPE7M026T103A.PDF, CLIN table",411.76,"exact-NSN history, most recent award",411.76
SPE7M026T6027,0001,7015725895,0001,EA,3.0,4730-01-693-6899,False,DIBBS|SPE7M026T6027|CLIN0001,"SPE7M026T6027.PDF, CLIN table",,unpriced,
SPE7M026T6803,0001,7014201870,0001,EA,1.0,6110-01-303-4667,False,DIBBS|SPE7M026T6803|CLIN0001,"SPE7M026T6803.PDF, CLIN table",1232.0,"exact-NSN history, most recent award",1232.0
SPE7M026T7262,0001,7016494246,0001,EA,9.0,5930-00-903-0783,False,DIBBS|SPE7M026T7262|CLIN0001,"SPE7M026T7262.PDF, CLIN table",384.38,"exact-NSN history, most recent award",3459.42
SPE7M026T7262,0002,0000000000,,EA,1.0,0001S00000053,True,DIBBS|SPE7M026T7262|CLIN0002,"SPE7M026T7262.PDF, CLIN table",,,
SPE7M026T7338,0001,7016514533,0001,EA,4.0,5930-00-903-0783,False,DIBBS|SPE7M026T7338|CLIN0001,"SPE7M026T7338.PDF, CLIN table",384.38,"exact-NSN history, most recent award",1537.52
SPE7M026T7338,0002,0000000000,,EA,1.0,0001S00000053,True,DIBBS|SPE7M026T7338|CLIN0002,"SPE7M026T7338.PDF, CLIN table",,,
SPE7M026T7442,0001,7016540192,0001,EA,85.0,5930-00-903-0783,False,DIBBS|SPE7M026T7442|CLIN0001,"SPE7M026T7442.PDF, CLIN table",384.38,"exact-NSN history, most recent award",32672.3
SPE7M026T7442,0002,0000000000,,EA,1.0,0001S00000053,True,DIBBS|SPE7M026T7442|CLIN0002,"SPE7M026T7442.PDF, CLIN table",,,
SPE7M026T9763,0001,7017334193,0001,EA,1.0,6110-01-303-4666,False,DIBBS|SPE7M026T9763|CLIN0001,"SPE7M026T9763.PDF, CLIN table",3495.0,"exact-NSN history, most recent award",3495.0
SPE7M026T9763,0002,0000000000,,EA,1.0,0001S00000053,True,DIBBS|SPE7M026T9763|CLIN0002,"SPE7M026T9763.PDF, CLIN table",,,
SPE7M026T9937,0001,7017395906,0001,EA,1.0,6110-01-310-3807,False,DIBBS|SPE7M026T9937|CLIN0001,"SPE7M026T9937.PDF, CLIN table",1628.0,"exact-NSN history, most recent award",1628.0
SPE7M126T021S,0001,7013875834,0001,EA,13.0,6110-00-392-2894,False,DIBBS|SPE7M126T021S|CLIN0001,"SPE7M126T021S.PDF, CLIN table",1200.0,"exact-NSN history, most recent award",15600.0
SPE7M126T056D,0001,7008203949,0001,EA,20.0,6105-01-227-1194,False,DIBBS|SPE7M126T056D|CLIN0001,"SPE7M126T056D.PDF, CLIN table",6897.67,"exact-NSN history, most recent award",137953.4
SPE7M126T063J,0001,7016732203,0001,EA,1.0,6110-00-690-7693,False,DIBBS|SPE7M126T063J|CLIN0001,"SPE7M126T063J.PDF, CLIN table",892.0,"exact-NSN history, most recent award",892.0
SPE7M126T063J,0002,0000000000,,EA,1.0,0001S00000053,True,DIBBS|SPE7M126T063J|CLIN0002,"SPE7M126T063J.PDF, CLIN table",,,
SPE7M126T125G,0001,7017047009,0001,EA,2.0,6110-01-310-3810,False,DIBBS|SPE7M126T125G|CLIN0001,"SPE7M126T125G.PDF, CLIN table",1245.0,"exact-NSN history, most recent award",2490.0
SPE7M126T125G,0002,0000000000,,EA,1.0,0001S00000053,True,DIBBS|SPE7M126T125G|CLIN0002,"SPE7M126T125G.PDF, CLIN table",,,
SPE7M126T142H,0001,7017112723,0001,EA,1.0,6020-01-722-4909,False,DIBBS|SPE7M126T142H|CLIN0001,"SPE7M126T142H.PDF, CLIN table",,unpriced,
SPE7M126T204J,0001,7017316140,0001,EA,1.0,6110-01-054-3018,False,DIBBS|SPE7M126T204J|CLIN0001,"SPE7M126T204J.PDF, CLIN table",33000.0,"exact-NSN history, most recent award",33000.0
SPE7M126T231N,0001,7014637663,0001,EA,1.0,6110-01-063-1162,False,DIBBS|SPE7M126T231N|CLIN0001,"SPE7M126T231N.PDF, CLIN table",2745.5,"exact-NSN history, most recent award",2745.5
SPE7M126T231N,0002,0000000000,,EA,1.0,0001S00000052,True,DIBBS|SPE7M126T231N|CLIN0002,"SPE7M126T231N.PDF, CLIN table",,,
SPE7M126T285V,0001,7015496891,0001,EA,1.0,6110-01-737-1205,False,DIBBS|SPE7M126T285V|CLIN0001,"SPE7M126T285V.PDF, CLIN table",,unpriced,
SPE7M126T289E,0001,7017776689,0001,EA,67.0,6110-01-525-1298,False,DIBBS|SPE7M126T289E|CLIN0001,"SPE7M126T289E.PDF, CLIN table",1391.25,"exact-NSN history, most recent award",93213.75
SPE7M126T296A,0001,7017982587,0001,EA,5.0,6110-01-501-0024,False,DIBBS|SPE7M126T296A|CLIN0001,"SPE7M126T296A.PDF, CLIN table",2700.0,"exact-NSN history, most recent award",13500.0
SPE7M126T308L,0001,7016129641,0001,EA,1.0,6110-01-737-1205,False,DIBBS|SPE7M126T308L|CLIN0001,"SPE7M126T308L.PDF, CLIN table",,unpriced,
SPE7M126T308L,0002,7016129638,0001,EA,1.0,6110-01-737-1205,False,DIBBS|SPE7M126T308L|CLIN0002,"SPE7M126T308L.PDF, CLIN table",,unpriced,
SPE7M126T316C,0001,7017439715,0001,EA,32.0,5995-01-420-5513,False,DIBBS|SPE7M126T316C|CLIN0001,"SPE7M126T316C.PDF, CLIN table",375.0,"exact-NSN history, most recent award",12000.0
SPE7M126T324G,0001,7017397569,0001,EA,1.0,6110-01-628-0598,False,DIBBS|SPE7M126T324G|CLIN0001,"SPE7M126T324G.PDF, CLIN table",,unpriced,
SPE7M126T325G,0001,7017695982,0001,EA,6.0,6110-01-527-4932,False,DIBBS|SPE7M126T325G|CLIN0001,"SPE7M126T325G.PDF, CLIN table",5197.5,"exact-NSN history, most recent award",31185.0
SPE7M126T325T,0001,7018067569,0001,EA,1.0,6110-01-055-3507,False,DIBBS|SPE7M126T325T|CLIN0001,"SPE7M126T325T.PDF, CLIN table",10237.5,"exact-NSN history, most recent award",10237.5
SPE7M126T325T,0002,0000000000,,EA,1.0,0001S00000052,True,DIBBS|SPE7M126T325T|CLIN0002,"SPE7M126T325T.PDF, CLIN table",,,
SPE7M126T346D,0001,7018271860,0001,EA,3.0,6020-01-721-7293,False,DIBBS|SPE7M126T346D|CLIN0001,"SPE7M126T346D.PDF, CLIN table",3221.0,"exact-NSN history, most recent award",9663.0
SPE7M126T351C,0001,7017780995,0001,EA,2.0,6110-01-628-0598,False,DIBBS|SPE7M126T351C|CLIN0001,"SPE7M126T351C.PDF, CLIN table",,unpriced,
SPE7M126T352B,0001,7018273128,0001,EA,1.0,6110-01-587-9091,False,DIBBS|SPE7M126T352B|CLIN0001,"SPE7M126T352B.PDF, CLIN table",9336.25,"exact-NSN history, most recent award",9336.25
SPE7M126T363A,0001,7014131043,0001,EA,3.0,2090-01-714-2999,False,DIBBS|SPE7M126T363A|CLIN0001,"SPE7M126T363A.PDF, CLIN table",,unpriced,
SPE7M126T370P,0001,7017437855,0001,EA,9.0,6110-01-467-5988,False,DIBBS|SPE7M126T370P|CLIN0001,"SPE7M126T370P.PDF, CLIN table",3246.02,"exact-NSN history, most recent award",29214.18
SPE7M126T387D,0001,7009671195,0001,EA,1.0,6110-01-644-8998,False,DIBBS|SPE7M126T387D|CLIN0001,"SPE7M126T387D.PDF, CLIN table",,unpriced,
SPE7M126T6561,0001,7014415093,0001,EA,4.0,6110-01-280-8691,False,DIBBS|SPE7M126T6561|CLIN0001,"SPE7M126T6561.PDF, CLIN table",6998.95,"exact-NSN history, most recent award",27995.8
SPE7M126T6561,0002,0000000000,,EA,1.0,0001S00000052,True,DIBBS|SPE7M126T6561|CLIN0002,"SPE7M126T6561.PDF, CLIN table",,,
SPE7M126T8769,0001,7015974783,0001,EA,1.0,6110-01-717-6047,False,DIBBS|SPE7M126T8769|CLIN0001,"SPE7M126T8769.PDF, CLIN table",,unpriced,
SPE7M126U6293,0001,1000244194,0001,EA,104.0,6020-01-417-5244,False,DIBBS|SPE7M126U6293|CLIN0001,"SPE7M126U6293.PDF, CLIN table",614.0,"exact-NSN history, most recent award",63856.0
SPE7M126U6566,0001,1000244644,0001,EA,23.0,6115-01-058-2390,False,DIBBS|SPE7M126U6566|CLIN0001,"SPE7M126U6566.PDF, CLIN table",422.0,"exact-NSN history, most recent award",9706.0
SPE7M126U6953,0001,1000244321,0001,EA,13.0,6110-01-525-1298,False,DIBBS|SPE7M126U6953|CLIN0001,"SPE7M126U6953.PDF, CLIN table",1391.25,"exact-NSN history, most recent award",18086.25
SPE7M126U6954,0001,1000243921,0001,EA,25.0,6110-01-498-3928,False,DIBBS|SPE7M126U6954|CLIN0001,"SPE7M126U6954.PDF, CLIN table",2558.83,"exact-NSN history, most recent award",63970.75
SPE7M226T2175,0001,7014811137,0001,EA,25.0,5340-01-698-6156,False,DIBBS|SPE7M226T2175|CLIN0001,"SPE7M226T2175.PDF, CLIN table",,unpriced,
SPE7M226T2959,0001,7015897466,0001,EA,3.0,5930-00-538-6214,False,DIBBS|SPE7M226T2959|CLIN0001,"SPE7M226T2959.PDF, CLIN table",324.0,"exact-NSN history, most recent award",972.0
SPE7M226T3238,0001,7016086844,0001,EA,2.0,5930-01-263-3748,False,DIBBS|SPE7M226T3238|CLIN0001,"SPE7M226T3238.PDF, CLIN table",1771.0,"exact-NSN history, most recent award",3542.0
SPE7M226T3365,0001,7016173175,0001,EA,5.0,5930-01-732-7386,False,DIBBS|SPE7M226T3365|CLIN0001,"SPE7M226T3365.PDF, CLIN table",7986.0,"exact-NSN history, most recent award",39930.0
SPE7M226T4245,0001,7016620563,0001,EA,7.0,5930-01-721-6661,False,DIBBS|SPE7M226T4245|CLIN0001,"SPE7M226T4245.PDF, CLIN table",3387.0,"exact-NSN history, most recent award",23709.0
SPE7M226T4450,0001,7016707608,0001,EA,1.0,5999-01-666-5762,False,DIBBS|SPE7M226T4450|CLIN0001,"SPE7M226T4450.PDF, CLIN table",5630.0,"exact-NSN history, most recent award",5630.0
SPE7M226T4655,0001,7015330208,0001,EA,251.0,6210-01-056-5170,False,DIBBS|SPE7M226T4655|CLIN0001,"SPE7M226T4655.PDF, CLIN table",207.0,"exact-NSN history, most recent award",51957.0
SPE7M226T5582,0001,7017233293,0001,EA,10.0,6210-00-425-1076,False,DIBBS|SPE7M226T5582|CLIN0001,"SPE7M226T5582.PDF, CLIN table",260.0,"exact-NSN history, most recent award",2600.0
SPE7M226T6658,0001,7018182754,0001,EA,3.0,5895-01-631-4596,False,DIBBS|SPE7M226T6658|CLIN0001,"SPE7M226T6658.PDF, CLIN table",5747.0,"exact-NSN history, most recent award",17241.0
SPE7M226T6718,0001,7017799992,0001,EA,1.0,5355-01-230-1623,False,DIBBS|SPE7M226T6718|CLIN0001,"SPE7M226T6718.PDF, CLIN table",235.17,"exact-NSN history, most recent award",235.17
SPE7M226T6757,0001,7018249117,0001,EA,26.0,6210-01-384-2259,False,DIBBS|SPE7M226T6757|CLIN0001,"SPE7M226T6757.PDF, CLIN table",301.0,"exact-NSN history, most recent award",7826.0
SPE7M226T6767,0001,7018268488,0001,EA,2.0,5930-01-263-3749,False,DIBBS|SPE7M226T6767|CLIN0001,"SPE7M226T6767.PDF, CLIN table",777.0,"exact-NSN history, most recent award",1554.0
SPE7M226T6791,0001,7018269956,0001,EA,3.0,5355-01-230-1623,False,DIBBS|SPE7M226T6791|CLIN0001,"SPE7M226T6791.PDF, CLIN table",235.17,"exact-NSN history, most recent award",705.51
SPE7M226T6794,0001,7018271964,0001,EA,3.0,5930-01-267-3219,False,DIBBS|SPE7M226T6794|CLIN0001,"SPE7M226T6794.PDF, CLIN table",1980.0,"exact-NSN history, most recent award",5940.0
SPE7M226T6844,0001,7018268487,0001,EA,2.0,5930-01-263-5938,False,DIBBS|SPE7M226T6844|CLIN0001,"SPE7M226T6844.PDF, CLIN table",431.0,"exact-NSN history, most recent award",862.0
SPE7M226T6859,0001,7017780483,0001,EA,2.0,5930-01-278-9052,False,DIBBS|SPE7M226T6859|CLIN0001,"SPE7M226T6859.PDF, CLIN table",1016.24,"exact-NSN history, most recent award",2032.48
SPE7M226T6894,0001,7018390124,0001,EA,1.0,5995-01-697-2612,False,DIBBS|SPE7M226T6894|CLIN0001,"SPE7M226T6894.PDF, CLIN table",926.0,"exact-NSN history, most recent award",926.0
SPE7M226T7017,0001,7018496288,0001,EA,3.0,5995-01-653-9449,False,DIBBS|SPE7M226T7017|CLIN0001,"SPE7M226T7017.PDF, CLIN table",1600.7,"exact-NSN history, most recent award",4802.1
SPE7M226T7029,0001,7018496099,0001,EA,11.0,6020-01-658-7070,False,DIBBS|SPE7M226T7029|CLIN0001,"SPE7M226T7029.PDF, CLIN table",607.32,"exact-NSN history, most recent award",6680.52
SPE7M226T7070,0001,7018268485,0001,EA,3.0,5930-01-263-5942,False,DIBBS|SPE7M226T7070|CLIN0001,"SPE7M226T7070.PDF, CLIN table",25250.0,"exact-NSN history, most recent award",75750.0
SPE7M326T3329,0001,7011934776,0001,EA,1.0,4730-01-697-7958,False,DIBBS|SPE7M326T3329|CLIN0001,"SPE7M326T3329.PDF, CLIN table",,unpriced,
SPE7M326T7151,0001,7017127158,0001,EA,1.0,4730-01-672-8394,False,DIBBS|SPE7M326T7151|CLIN0001,"SPE7M326T7151.PDF, CLIN table",,unpriced,
SPE7M326T7152,0001,7017127160,0001,EA,1.0,4730-01-686-7144,False,DIBBS|SPE7M326T7152|CLIN0001,"SPE7M326T7152.PDF, CLIN table",,unpriced,
SPE7M326T7497,0001,7017289997,0001,EA,1.0,4730-01-668-3121,False,DIBBS|SPE7M326T7497|CLIN0001,"SPE7M326T7497.PDF, CLIN table",600.0,"exact-NSN history, most recent award",600.0
SPE7M326T8352,0001,7017808957,0001,EA,1.0,4730-01-535-5474,False,DIBBS|SPE7M326T8352|CLIN0001,"SPE7M326T8352.PDF, CLIN table",2979.4,"exact-NSN history, most recent award",2979.4
SPE7M326T8751,0001,7018016166,0001,EA,1.0,4730-01-738-1964,False,DIBBS|SPE7M326T8751|CLIN0001,"SPE7M326T8751.PDF, CLIN table",,unpriced,
SPE7M426T161A,0001,7017046656,0001,EA,10.0,5340-01-237-7422,False,DIBBS|SPE7M426T161A|CLIN0001,"SPE7M426T161A.PDF, CLIN table",15.68,"exact-NSN history, most recent award",156.8
SPE7M426T161A,0002,7017046656,0002,EA,235.0,5340-01-237-7422,False,DIBBS|SPE7M426T161A|CLIN0002,"SPE7M426T161A.PDF, CLIN table",15.68,"exact-NSN history, most recent award",3684.7999999999997
SPE7M426T185M,0001,7017049020,0001,EA,27.0,2090-01-701-4688,False,DIBBS|SPE7M426T185M|CLIN0001,"SPE7M426T185M.PDF, CLIN table",,unpriced,
SPE7M426T315U,0001,7017778717,0001,EA,5.0,2040-01-717-5592,False,DIBBS|SPE7M426T315U|CLIN0001,"SPE7M426T315U.PDF, CLIN table",2908.79,"exact-NSN history, most recent award",14543.95
SPE7M426T346L,0001,7017437334,0001,EA,47.0,2040-00-851-9471,False,DIBBS|SPE7M426T346L|CLIN0001,"SPE7M426T346L.PDF, CLIN table",4216.75,"exact-NSN history, most recent award",198187.25
SPE7M426T385J,0001,7017983567,0001,EA,121.0,2040-01-451-4739,False,DIBBS|SPE7M426T385J|CLIN0001,"SPE7M426T385J.PDF, CLIN table",8.95,"exact-NSN history, most recent award",1082.9499999999998
SPE7M426T385N,0001,7017777343,0001,EA,10.0,2040-01-443-7740,False,DIBBS|SPE7M426T385N|CLIN0001,"SPE7M426T385N.PDF, CLIN table",54.0,"exact-NSN history, most recent award",540.0
SPE7M426T395G,0001,7018271750,0001,EA,3.0,2040-01-098-2432,False,DIBBS|SPE7M426T395G|CLIN0001,"SPE7M426T395G.PDF, CLIN table",5762.4,"exact-NSN history, most recent award",17287.199999999997
SPE7M426T403Q,0001,7017659254,0001,EA,2.0,2040-01-443-7740,False,DIBBS|SPE7M426T403Q|CLIN0001,"SPE7M426T403Q.PDF, CLIN table",54.0,"exact-NSN history, most recent award",108.0
SPE7M426T450T,0001,7017919111,0001,EA,16.0,2040-01-691-0985,False,DIBBS|SPE7M426T450T|CLIN0001,"SPE7M426T450T.PDF, CLIN table",,unpriced,
SPE7M426T8934,0001,7015234765,0001,EA,109.0,2090-01-701-4688,False,DIBBS|SPE7M426T8934|CLIN0001,"SPE7M426T8934.PDF, CLIN table",,unpriced,
SPE7M426T9191,0001,7014137095,0001,EA,13.0,2090-01-701-4683,False,DIBBS|SPE7M426T9191|CLIN0001,"SPE7M426T9191.PDF, CLIN table",,unpriced,
SPE7M426T9831,0001,7016087372,0001,EA,5.0,5930-01-737-5152,False,DIBBS|SPE7M426T9831|CLIN0001,"SPE7M426T9831.PDF, CLIN table",,unpriced,
SPE7M526T008Q,0001,7015892596,0001,EA,7.0,5985-01-187-4995,False,DIBBS|SPE7M526T008Q|CLIN0001,"SPE7M526T008Q.PDF, CLIN table",4405.71,"exact-NSN history, most recent award",30839.97
SPE7M526T008Q,0002,0000000000,,EA,1.0,0001S00000053,True,DIBBS|SPE7M526T008Q|CLIN0002,"SPE7M526T008Q.PDF, CLIN table",,,
SPE7M526T105L,0001,7015697190,0001,EA,12.0,5985-01-112-0455,False,DIBBS|SPE7M526T105L|CLIN0001,"SPE7M526T105L.PDF, CLIN table",1095.58,"exact-NSN history, most recent award",13146.96
SPE7M526T105L,0002,0000000000,,EA,1.0,0001S00000052,True,DIBBS|SPE7M526T105L|CLIN0002,"SPE7M526T105L.PDF, CLIN table",,,
SPE7M526T114W,0001,7015891902,0001,EA,14.0,5930-00-679-3983,False,DIBBS|SPE7M526T114W|CLIN0001,"SPE7M526T114W.PDF, CLIN table",575.0,"exact-NSN history, most recent award",8050.0
SPE7M526T118T,0001,7015893643,0001,EA,13.0,5930-01-369-5169,False,DIBBS|SPE7M526T118T|CLIN0001,"SPE7M526T118T.PDF, CLIN table",2305.12,"exact-NSN history, most recent award",29966.559999999998
SPE7M526T118T,0002,0000000000,,EA,1.0,0001S00000052,True,DIBBS|SPE7M526T118T|CLIN0002,"SPE7M526T118T.PDF, CLIN table",,,
SPE7M526T153L,0001,7016691287,0001,EA,3.0,5985-01-112-0455,False,DIBBS|SPE7M526T153L|CLIN0001,"SPE7M526T153L.PDF, CLIN table",1095.58,"exact-NSN history, most recent award",3286.74
SPE7M526T153L,0002,0000000000,,EA,1.0,0001S00000052,True,DIBBS|SPE7M526T153L|CLIN0002,"SPE7M526T153L.PDF, CLIN table",,,
SPE7M526T195X,0001,7016888807,0001,EA,50.0,5930-00-270-3028,False,DIBBS|SPE7M526T195X|CLIN0001,"SPE7M526T195X.PDF, CLIN table",455.95,"exact-NSN history, most recent award",22797.5
SPE7M526T195X,0002,0000000000,,EA,1.0,0001S00000053,True,DIBBS|SPE7M526T195X|CLIN0002,"SPE7M526T195X.PDF, CLIN table",,,
SPE7M526T301T,0001,7017047065,0001,EA,28.0,5999-01-311-7311,False,DIBBS|SPE7M526T301T|CLIN0001,"SPE7M526T301T.PDF, CLIN table",471.19,"exact-NSN history, most recent award",13193.32
SPE7M526T406B,0001,7014850620,0001,EA,1.0,6110-01-367-8226,False,DIBBS|SPE7M526T406B|CLIN0001,"SPE7M526T406B.PDF, CLIN table",1727.0,"exact-NSN history, most recent award",1727.0
SPE7M526T406B,0002,7014850621,0001,EA,1.0,6110-01-367-8226,False,DIBBS|SPE7M526T406B|CLIN0002,"SPE7M526T406B.PDF, CLIN table",1727.0,"exact-NSN history, most recent award",1727.0
SPE7M526T406B,0003,0000000000,,EA,1.0,0001S00000053,True,DIBBS|SPE7M526T406B|CLIN0003,"SPE7M526T406B.PDF, CLIN table",,,
SPE7M526T454A,0001,7009463281,0001,EA,40.0,5999-01-327-2231,False,DIBBS|SPE7M526T454A|CLIN0001,"SPE7M526T454A.PDF, CLIN table",217.97,"exact-NSN history, most recent award",8718.8
SPE7M526T454A,0002,0000000000,,EA,1.0,S00000061,True,DIBBS|SPE7M526T454A|CLIN0002,"SPE7M526T454A.PDF, CLIN table",,,
SPE7M526T477J,0001,7018272319,0001,EA,4.0,5985-00-788-6961,False,DIBBS|SPE7M526T477J|CLIN0001,"SPE7M526T477J.PDF, CLIN table",2744.0,"exact-NSN history, most recent award",10976.0
SPE7M526T477J,0002,0000000000,,EA,1.0,0001S00000053,True,DIBBS|SPE7M526T477J|CLIN0002,"SPE7M526T477J.PDF, CLIN table",,,
SPE7M526T513R,0001,7018376993,0001,EA,1.0,5985-01-649-2547,False,DIBBS|SPE7M526T513R|CLIN0001,"SPE7M526T513R.PDF, CLIN table",1102.68,"exact-NSN history, most recent award",1102.68
SPE7M526T516C,0001,7018274672,0001,EA,48.0,5930-00-270-3028,False,DIBBS|SPE7M526T516C|CLIN0001,"SPE7M526T516C.PDF, CLIN table",455.95,"exact-NSN history, most recent award",21885.6
SPE7M526T516C,0002,0000000000,,EA,1.0,0001S00000053,True,DIBBS|SPE7M526T516C|CLIN0002,"SPE7M526T516C.PDF, CLIN table",,,
SPE7M526T525B,0001,7018495190,0001,EA,33.0,5999-00-935-2312,False,DIBBS|SPE7M526T525B|CLIN0001,"SPE7M526T525B.PDF, CLIN table",1419.0,"exact-NSN history, most recent award",46827.0
SPE7M526T525B,0002,0000000000,,EA,1.0,0001S00000053,True,DIBBS|SPE7M526T525B|CLIN0002,"SPE7M526T525B.PDF, CLIN table",,,
SPE7M826T1719,0001,7014130777,0001,EA,3.0,6110-01-719-0093,False,DIBBS|SPE7M826T1719|CLIN0001,"SPE7M826T1719.PDF, CLIN table",,unpriced,
SPE7M826T2223,0001,7007469818,0001,EA,2.0,5930-01-473-8375,False,DIBBS|SPE7M826T2223|CLIN0001,"SPE7M826T2223.PDF, CLIN table",8765.72,"exact-NSN history, most recent award",17531.44
SPE7M826T2502,0001,7008951871,0001,EA,5.0,5930-01-021-6318,False,DIBBS|SPE7M826T2502|CLIN0001,"SPE7M826T2502.PDF, CLIN table",10.32,"exact-NSN history, most recent award",51.6
SPE7M826T2579,0001,7005516269,0001,EA,13.0,5930-01-257-5860,False,DIBBS|SPE7M826T2579|CLIN0001,"SPE7M826T2579.PDF, CLIN table",485.0,"exact-NSN history, most recent award",6305.0
SPE7M826T3090,0001,7016182674,0001,EA,1.0,5930-01-586-5969,False,DIBBS|SPE7M826T3090|CLIN0001,"SPE7M826T3090.PDF, CLIN table",,unpriced,
SPE7M826T3207,0001,7016267630,0001,EA,11.0,5930-01-485-9295,False,DIBBS|SPE7M826T3207|CLIN0001,"SPE7M826T3207.PDF, CLIN table",,unpriced,
SPE7M826T3277,0001,7013007963,0001,EA,10.0,5930-01-209-6632,False,DIBBS|SPE7M826T3277|CLIN0001,"SPE7M826T3277.PDF, CLIN table",,unpriced,
SPE7M826T3632,0001,7015602426,0001,EA,8.0,5930-01-196-4367,False,DIBBS|SPE7M826T3632|CLIN0001,"SPE7M826T3632.PDF, CLIN table",2096.05,"exact-NSN history, most recent award",16768.4
SPE7M826T3632,0002,0000000000,,EA,1.0,S00000061,True,DIBBS|SPE7M826T3632|CLIN0002,"SPE7M826T3632.PDF, CLIN table",,,
SPE7M826T3980,0001,7015162664,0001,EA,1.0,5930-01-586-5969,False,DIBBS|SPE7M826T3980|CLIN0001,"SPE7M826T3980.PDF, CLIN table",,unpriced,
SPE7M826T4052,0001,7016689617,0001,EA,130.0,5930-01-183-6757,False,DIBBS|SPE7M826T4052|CLIN0001,"SPE7M826T4052.PDF, CLIN table",47.22,"exact-NSN history, most recent award",6138.599999999999
SPE7M826T4052,0002,0000000000,,EA,1.0,0001S00000053,True,DIBBS|SPE7M826T4052|CLIN0002,"SPE7M826T4052.PDF, CLIN table",,,
SPE7M826T4073,0001,7014130960,0001,EA,4.0,5930-01-718-8967,False,DIBBS|SPE7M826T4073|CLIN0001,"SPE7M826T4073.PDF, CLIN table",,unpriced,
SPE7M826T4087,0001,7016687117,0001,EA,14.0,5930-00-927-6723,False,DIBBS|SPE7M826T4087|CLIN0001,"SPE7M826T4087.PDF, CLIN table",3491.2,"exact-NSN history, most recent award",48876.799999999996
SPE7M826T4087,0002,0000000000,,EA,1.0,0001S00000052,True,DIBBS|SPE7M826T4087|CLIN0002,"SPE7M826T4087.PDF, CLIN table",,,
SPE7M826T4455,0001,7013986782,0001,EA,4.0,5930-01-263-5021,False,DIBBS|SPE7M826T4455|CLIN0001,"SPE7M826T4455.PDF, CLIN table",421.0,"exact-NSN history, most recent award",1684.0
SPE7M826T4455,0002,0000000000,,EA,1.0,0001S00000053,True,DIBBS|SPE7M826T4455|CLIN0002,"SPE7M826T4455.PDF, CLIN table",,,
SPE7M826T4535,0001,7016090864,0001,EA,2.0,5930-01-570-7751,False,DIBBS|SPE7M826T4535|CLIN0001,"SPE7M826T4535.PDF, CLIN table",17230.0,"exact-NSN history, most recent award",34460.0
SPE7M826T4535,0002,0000000000,,EA,1.0,0001S00000052,True,DIBBS|SPE7M826T4535|CLIN0002,"SPE7M826T4535.PDF, CLIN table",,,
SPE7M826T4741,0001,7017049256,0001,EA,3.0,5930-01-183-6757,False,DIBBS|SPE7M826T4741|CLIN0001,"SPE7M826T4741.PDF, CLIN table",48.66,"exact-NSN history, most recent award",145.98
SPE7M826T4741,0002,7017049256,0002,EA,557.0,5930-01-183-6757,False,DIBBS|SPE7M826T4741|CLIN0002,"SPE7M826T4741.PDF, CLIN table",48.66,"exact-NSN history, most recent award",27103.62
SPE7M826T4741,0003,0000000000,,EA,1.0,0001S00000053,True,DIBBS|SPE7M826T4741|CLIN0003,"SPE7M826T4741.PDF, CLIN table",,,
SPE7M826T4840,0001,7016735801,0001,EA,2.0,5930-01-737-0753,False,DIBBS|SPE7M826T4840|CLIN0001,"SPE7M826T4840.PDF, CLIN table",,unpriced,
SPE7M826T5130,0001,7017227229,0001,EA,621.0,5930-00-933-6815,False,DIBBS|SPE7M826T5130|CLIN0001,"SPE7M826T5130.PDF, CLIN table",41.2,"exact-NSN history, most recent award",25585.2
SPE7M826T5182,0001,7017383018,0001,EA,1.0,5930-01-454-0238,False,DIBBS|SPE7M826T5182|CLIN0001,"SPE7M826T5182.PDF, CLIN table",,unpriced,
SPE7M826T5225,0001,7017411156,0001,EA,1.0,5930-01-194-8584,False,DIBBS|SPE7M826T5225|CLIN0001,"SPE7M826T5225.PDF, CLIN table",2320.5,"exact-NSN history, most recent award",2320.5
SPE7M826T5225,0002,0000000000,,EA,1.0,S00000061,True,DIBBS|SPE7M826T5225|CLIN0002,"SPE7M826T5225.PDF, CLIN table",,,
SPE7M826T5284,0001,7017441448,0001,EA,2.0,5930-00-412-8582,False,DIBBS|SPE7M826T5284|CLIN0001,"SPE7M826T5284.PDF, CLIN table",2200.0,"exact-NSN history, most recent award",4400.0
SPE7M826T5500,0001,7008310126,0001,EA,63.0,5930-01-438-5827,False,DIBBS|SPE7M826T5500|CLIN0001,"SPE7M826T5500.PDF, CLIN table",1578.26,"exact-NSN history, most recent award",99430.38
SPE7M826T5579,0001,7017589341,0001,EA,1.0,5930-01-194-8584,False,DIBBS|SPE7M826T5579|CLIN0001,"SPE7M826T5579.PDF, CLIN table",5000.0,"exact-NSN history, most recent award",5000.0
SPE7M826T5579,0002,0000000000,,EA,1.0,S00000061,True,DIBBS|SPE7M826T5579|CLIN0002,"SPE7M826T5579.PDF, CLIN table",,,
SPE7M826T5686,0001,7017696810,0001,EA,3.0,5930-01-312-4172,False,DIBBS|SPE7M826T5686|CLIN0001,"SPE7M826T5686.PDF, CLIN table",4750.0,"exact-NSN history, most recent award",14250.0
SPE7M826T5716,0001,7017039909,0001,EA,5.0,5930-01-536-3060,False,DIBBS|SPE7M826T5716|CLIN0001,"SPE7M826T5716.PDF, CLIN table",3623.0,"exact-NSN history, most recent award",18115.0
SPE7M826T5716,0002,0000000000,,EA,1.0,0001S00000052,True,DIBBS|SPE7M826T5716|CLIN0002,"SPE7M826T5716.PDF, CLIN table",,,
SPE7M826T5819,0001,7017775500,0001,EA,2.0,5930-01-567-2470,False,DIBBS|SPE7M826T5819|CLIN0001,"SPE7M826T5819.PDF, CLIN table",575.0,"exact-NSN history, most recent award",1150.0
SPE7M826T5819,0002,0000000000,,EA,1.0,0001S00000053,True,DIBBS|SPE7M826T5819|CLIN0002,"SPE7M826T5819.PDF, CLIN table",,,
SPE7M826T5897,0001,7017779374,0001,EA,236.0,5930-00-796-8845,False,DIBBS|SPE7M826T5897|CLIN0001,"SPE7M826T5897.PDF, CLIN table",69.85,"exact-NSN history, most recent award",16484.6
SPE7M826T5897,0002,0000000000,,EA,1.0,0001S00000053,True,DIBBS|SPE7M826T5897|CLIN0002,"SPE7M826T5897.PDF, CLIN table",,,
SPE7M826T5901,0001,7017778498,0001,EA,43.0,5930-01-316-8991,False,DIBBS|SPE7M826T5901|CLIN0001,"SPE7M826T5901.PDF, CLIN table",901.47,"exact-NSN history, most recent award",38763.21
SPE7M826T5901,0002,0000000000,,EA,1.0,0001S00000052,True,DIBBS|SPE7M826T5901|CLIN0002,"SPE7M826T5901.PDF, CLIN table",,,
SPE7M826T5908,0001,7017608424,0001,EA,1.0,5930-01-367-8616,False,DIBBS|SPE7M826T5908|CLIN0001,"SPE7M826T5908.PDF, CLIN table",1.48,"exact-NSN history, most recent award",1.48
SPE7M826T5948,0001,7017438062,0001,EA,54.0,5930-01-174-6031,False,DIBBS|SPE7M826T5948|CLIN0001,"SPE7M826T5948.PDF, CLIN table",1200.0,"exact-NSN history, most recent award",64800.0
SPE7M826T5948,0002,0000000000,,EA,1.0,0001S00000052,True,DIBBS|SPE7M826T5948|CLIN0002,"SPE7M826T5948.PDF, CLIN table",,,
SPE7M826T6013,0001,7011801548,0001,EA,34.0,5930-00-755-0761,False,DIBBS|SPE7M826T6013|CLIN0001,"SPE7M826T6013.PDF, CLIN table",26.32,"exact-NSN history, most recent award",894.88
SPE7M826T6053,0001,7005359768,0001,AY,11.0,5930-01-633-5271,False,DIBBS|SPE7M826T6053|CLIN0001,"SPE7M826T6053.PDF, CLIN table",,unpriced,
SPE7M826T6153,0001,7017986441,0001,EA,36.0,5930-01-098-3248,False,DIBBS|SPE7M826T6153|CLIN0001,"SPE7M826T6153.PDF, CLIN table",576.03,"exact-NSN history, most recent award",20737.079999999998
SPE7M826T6229,0001,7009536231,0001,EA,11.0,5930-01-479-3244,False,DIBBS|SPE7M826T6229|CLIN0001,"SPE7M826T6229.PDF, CLIN table",,unpriced,
SPE7M826T6252,0001,7018038189,0001,EA,1.0,5930-00-903-0783,False,DIBBS|SPE7M826T6252|CLIN0001,"SPE7M826T6252.PDF, CLIN table",555.37,"exact-NSN history, most recent award",555.37
SPE7M826T6252,0002,0000000000,,EA,1.0,0001S00000053,True,DIBBS|SPE7M826T6252|CLIN0002,"SPE7M826T6252.PDF, CLIN table",,,
SPE7M826T6263,0001,7013879871,0001,EA,23.0,5930-01-324-2220,False,DIBBS|SPE7M826T6263|CLIN0001,"SPE7M826T6263.PDF, CLIN table",2236.22,"exact-NSN history, most recent award",51433.06
SPE7M826T6273,0001,7014131236,0001,EA,13.0,5930-01-721-7844,False,DIBBS|SPE7M826T6273|CLIN0001,"SPE7M826T6273.PDF, CLIN table",,unpriced,
SPE7M826T6329,0001,7009278723,0001,EA,8.0,5930-01-028-1953,False,DIBBS|SPE7M826T6329|CLIN0001,"SPE7M826T6329.PDF, CLIN table",60.49,"exact-NSN history, most recent award",483.92
SPE7M826T6349,0001,7012919075,0001,EA,2.0,5930-01-722-1508,False,DIBBS|SPE7M826T6349|CLIN0001,"SPE7M826T6349.PDF, CLIN table",,unpriced,
SPE7M826T6356,0001,7018068526,0001,EA,5.0,5930-01-312-4172,False,DIBBS|SPE7M826T6356|CLIN0001,"SPE7M826T6356.PDF, CLIN table",4500.0,"exact-NSN history, most recent award",22500.0
SPE7M826T6381,0001,7017986516,0001,EA,35.0,5930-01-266-0616,False,DIBBS|SPE7M826T6381|CLIN0001,"SPE7M826T6381.PDF, CLIN table",1176.4,"exact-NSN history, most recent award",41174.0
SPE7M826T6395,0001,7018016569,0001,EA,1.0,5930-01-481-9042,False,DIBBS|SPE7M826T6395|CLIN0001,"SPE7M826T6395.PDF, CLIN table",126.71,"exact-NSN history, most recent award",126.71
SPE7M826T6408,0001,7017984458,0001,EA,42.0,5930-00-538-6124,False,DIBBS|SPE7M826T6408|CLIN0001,"SPE7M826T6408.PDF, CLIN table",1100.0,"exact-NSN history, most recent award",46200.0
SPE7M826T6451,0001,7013820782,0001,EA,1.0,5930-01-663-9130,False,DIBBS|SPE7M826T6451|CLIN0001,"SPE7M826T6451.PDF, CLIN table",4950.5,"exact-NSN history, most recent award",4950.5
SPE7M826T6534,0001,7018271326,0001,EA,244.0,5930-01-148-8874,False,DIBBS|SPE7M826T6534|CLIN0001,"SPE7M826T6534.PDF, CLIN table",175.0,"exact-NSN history, most recent award",42700.0
SPE7M826T6534,0002,0000000000,,EA,1.0,0001S00000053,True,DIBBS|SPE7M826T6534|CLIN0002,"SPE7M826T6534.PDF, CLIN table",,,
SPE7M826T6635,0001,7018270595,0001,EA,8.0,5930-01-567-2470,False,DIBBS|SPE7M826T6635|CLIN0001,"SPE7M826T6635.PDF, CLIN table",575.0,"exact-NSN history, most recent award",4600.0
SPE7M826T6635,0002,0000000000,,EA,1.0,0001S00000053,True,DIBBS|SPE7M826T6635|CLIN0002,"SPE7M826T6635.PDF, CLIN table",,,
SPE7M826T6640,0001,7018274773,0001,EA,20.0,5930-01-167-4606,False,DIBBS|SPE7M826T6640|CLIN0001,"SPE7M826T6640.PDF, CLIN table",647.0,"exact-NSN history, most recent award",12940.0
SPE7M826T6640,0002,0000000000,,EA,1.0,0001S00000053,True,DIBBS|SPE7M826T6640|CLIN0002,"SPE7M826T6640.PDF, CLIN table",,,
SPE7M826T6649,0001,7016095042,0001,EA,1.0,5930-01-722-1508,False,DIBBS|SPE7M826T6649|CLIN0001,"SPE7M826T6649.PDF, CLIN table",,unpriced,
SPE7M826T6662,0001,7018273074,0001,EA,210.0,5930-01-452-9533,False,DIBBS|SPE7M826T6662|CLIN0001,"SPE7M826T6662.PDF, CLIN table",1250.0,"exact-NSN history, most recent award",262500.0
SPE7M826T6662,0002,0000000000,,EA,1.0,0001S00000053,True,DIBBS|SPE7M826T6662|CLIN0002,"SPE7M826T6662.PDF, CLIN table",,,
SPE7M826T6677,0001,7018340673,0001,EA,2.0,5930-01-144-4940,False,DIBBS|SPE7M826T6677|CLIN0001,"SPE7M826T6677.PDF, CLIN table",625.9,"exact-NSN history, most recent award",1251.8
SPE7M826T6719,0001,7018379573,0001,EA,2.0,5930-01-369-9000,False,DIBBS|SPE7M826T6719|CLIN0001,"SPE7M826T6719.PDF, CLIN table",397.55,"exact-NSN history, most recent award",795.1
SPE7M826T6729,0001,7018378479,0001,EA,54.0,5930-01-531-5956,False,DIBBS|SPE7M826T6729|CLIN0001,"SPE7M826T6729.PDF, CLIN table",649.98,"exact-NSN history, most recent award",35098.92
SPE7M826T6747,0001,7018269366,0001,EA,20.0,5930-01-316-6710,False,DIBBS|SPE7M826T6747|CLIN0001,"SPE7M826T6747.PDF, CLIN table",944.0,"exact-NSN history, most recent award",18880.0
SPE7M826T6747,0002,0000000000,,EA,1.0,0001S00000052,True,DIBBS|SPE7M826T6747|CLIN0002,"SPE7M826T6747.PDF, CLIN table",,,
SPE7M826T6766,0001,7018271698,0001,EA,49.0,5930-01-098-3248,False,DIBBS|SPE7M826T6766|CLIN0001,"SPE7M826T6766.PDF, CLIN table",576.03,"exact-NSN history, most recent award",28225.469999999998
SPE7M826T6768,0001,7014264874,0001,EA,58.0,5930-01-169-3099,False,DIBBS|SPE7M826T6768|CLIN0001,"SPE7M826T6768.PDF, CLIN table",729.7,"exact-NSN history, most recent award",42322.600000000006
SPE7M826T6768,0002,0000000000,,EA,1.0,S00000061,True,DIBBS|SPE7M826T6768|CLIN0002,"SPE7M826T6768.PDF, CLIN table",,,
SPE7M826T6773,0001,7018269025,0001,EA,25.0,5930-01-681-3528,False,DIBBS|SPE7M826T6773|CLIN0001,"SPE7M826T6773.PDF, CLIN table",,unpriced,
SPE7M826T6777,0001,7018064073,0001,EA,2.0,5930-01-681-3528,False,DIBBS|SPE7M826T6777|CLIN0001,"SPE7M826T6777.PDF, CLIN table",,unpriced,
SPE7M826T6864,0001,7018498362,0001,EA,1.0,5930-01-570-7751,False,DIBBS|SPE7M826T6864|CLIN0001,"SPE7M826T6864.PDF, CLIN table",17230.0,"exact-NSN history, most recent award",17230.0
SPE7M826T6864,0002,0000000000,,EA,1.0,0001S00000052,True,DIBBS|SPE7M826T6864|CLIN0002,"SPE7M826T6864.PDF, CLIN table",,,
SPE7M826T6879,0001,7018498369,0001,EA,6.0,5930-01-571-3507,False,DIBBS|SPE7M826T6879|CLIN0001,"SPE7M826T6879.PDF, CLIN table",2310.25,"exact-NSN history, most recent award",13861.5
SPE7M826T6883,0001,7018497527,0001,EA,17.0,5930-01-479-3244,False,DIBBS|SPE7M826T6883|CLIN0001,"SPE7M826T6883.PDF, CLIN table",,unpriced,
SPE7M826T6890,0001,7018498550,0001,EA,21.0,5930-00-538-6124,False,DIBBS|SPE7M826T6890|CLIN0001,"SPE7M826T6890.PDF, CLIN table",1100.0,"exact-NSN history, most recent award",23100.0
SPE7M826T6916,0001,7005354215,0001,EA,19.0,5930-01-577-5673,False,DIBBS|SPE7M826T6916|CLIN0001,"SPE7M826T6916.PDF, CLIN table",119.55,"exact-NSN history, most recent award",2271.45
SPE7M826T6916,0002,0000000000,,EA,1.0,0001S00000053,True,DIBBS|SPE7M826T6916|CLIN0002,"SPE7M826T6916.PDF, CLIN table",,,
SPE7M826T6928,0001,7017778497,0001,EA,76.0,5930-01-316-8989,False,DIBBS|SPE7M826T6928|CLIN0001,"SPE7M826T6928.PDF, CLIN table",972.5,"exact-NSN history, most recent award",73910.0
SPE7M826T6928,0002,0000000000,,EA,1.0,0001S00000052,True,DIBBS|SPE7M826T6928|CLIN0002,"SPE7M826T6928.PDF, CLIN table",,,
SPE7M826T6930,0001,7011382744,0001,EA,5.0,5930-00-328-9330,False,DIBBS|SPE7M826T6930|CLIN0001,"SPE7M826T6930.PDF, CLIN table",514.03,"exact-NSN history, most recent award",2570.1499999999996
SPE7M826T6939,0001,7018271883,0001,EA,12.0,5930-01-516-5996,False,DIBBS|SPE7M826T6939|CLIN0001,"SPE7M826T6939.PDF, CLIN table",7120.0,"exact-NSN history, most recent award",85440.0
SPE7M826T6948,0001,7018270628,0001,EA,51.0,5930-01-277-0087,False,DIBBS|SPE7M826T6948|CLIN0001,"SPE7M826T6948.PDF, CLIN table",883.51,"exact-NSN history, most recent award",45059.01
SPE7M826T6956,0001,7018494633,0001,EA,8.0,5930-01-567-2470,False,DIBBS|SPE7M826T6956|CLIN0001,"SPE7M826T6956.PDF, CLIN table",575.0,"exact-NSN history, most recent award",4600.0
SPE7M826T6956,0002,0000000000,,EA,1.0,0001S00000053,True,DIBBS|SPE7M826T6956|CLIN0002,"SPE7M826T6956.PDF, CLIN table",,,
SPE7MC26T136C,0001,7017425359,0001,EA,1.0,4810-01-660-0126,False,DIBBS|SPE7MC26T136C|CLIN0001,"SPE7MC26T136C.PDF, CLIN table",,unpriced,
SPE7MC26T7272,0001,7016089223,0001,EA,9.0,4810-01-705-8611,False,DIBBS|SPE7MC26T7272|CLIN0001,"SPE7MC26T7272.PDF, CLIN table",7031.78,"exact-NSN history, most recent award",63286.02
SPE8E426T1466,0001,7015773192,0001,EA,1.0,9515-01-702-1341,False,DIBBS|SPE8E426T1466|CLIN0001,"SPE8E426T1466.PDF, CLIN table",,unpriced,
SPE8E426T1487,0001,7015990322,0001,PM,10.0,9515-01-435-1763,False,DIBBS|SPE8E426T1487|CLIN0001,"SPE8E426T1487.PDF, CLIN table",625.0,"exact-NSN history, most recent award",6250.0
SPE8E426T1608,0001,7016564785,0001,SH,24.0,9535-01-353-5538,False,DIBBS|SPE8E426T1608|CLIN0001,"SPE8E426T1608.PDF, CLIN table",99.0,"exact-NSN history, most recent award",2376.0
SPE8E426T1620,0001,7016768687,0001,PM,22.0,9535-01-309-7184,False,DIBBS|SPE8E426T1620|CLIN0001,"SPE8E426T1620.PDF, CLIN table",148.95,"exact-NSN history, most recent award",3276.8999999999996
SPE8E426T1707,0001,7016179644,0001,PM,6.0,9515-00-224-3093,False,DIBBS|SPE8E426T1707|CLIN0001,"SPE8E426T1707.PDF, CLIN table",3569.0,"exact-NSN history, most recent award",21414.0
SPE8E426T1759,0001,7017123083,0001,PM,7.0,9515-00-224-3090,False,DIBBS|SPE8E426T1759|CLIN0001,"SPE8E426T1759.PDF, CLIN table",2740.0,"exact-NSN history, most recent award",19180.0
SPE8E426T1766,0001,7017122049,0001,EA,3.0,9515-01-388-2361,False,DIBBS|SPE8E426T1766|CLIN0001,"SPE8E426T1766.PDF, CLIN table",2690.0,"exact-NSN history, most recent award",8070.0
SPE8E426T1781,0001,7015990401,0001,EA,7.0,9515-01-474-3077,False,DIBBS|SPE8E426T1781|CLIN0001,"SPE8E426T1781.PDF, CLIN table",2767.0,"exact-NSN history, most recent award",19369.0
SPE8E426T1791,0001,7017122655,0001,PM,22.0,9535-00-596-2008,False,DIBBS|SPE8E426T1791|CLIN0001,"SPE8E426T1791.PDF, CLIN table",864.0,"exact-NSN history, most recent award",19008.0
SPE8E426T1840,0001,7016157433,0001,EA,1.0,9515-01-519-0953,False,DIBBS|SPE8E426T1840|CLIN0001,"SPE8E426T1840.PDF, CLIN table",1645.0,"exact-NSN history, most recent award",1645.0
SPE8E426T1842,0001,7016179945,0001,EA,17.0,9515-01-147-5830,False,DIBBS|SPE8E426T1842|CLIN0001,"SPE8E426T1842.PDF, CLIN table",292.0,"exact-NSN history, most recent award",4964.0
SPE8E426T1842,0002,0000000000,,EA,1.0,0001S00000053,True,DIBBS|SPE8E426T1842|CLIN0002,"SPE8E426T1842.PDF, CLIN table",,,
SPE8E426T1918,0001,7017585148,0001,PM,11.0,9535-01-012-3426,False,DIBBS|SPE8E426T1918|CLIN0001,"SPE8E426T1918.PDF, CLIN table",2469.73,"exact-NSN history, most recent award",27167.03
SPE8E426T1936,0001,7016178423,0001,EA,4.0,9515-01-268-3376,False,DIBBS|SPE8E426T1936|CLIN0001,"SPE8E426T1936.PDF, CLIN table",4853.59,"exact-NSN history, most recent award",19414.36
SPE8E426T1936,0002,0000000000,,EA,1.0,0001S00000053,True,DIBBS|SPE8E426T1936|CLIN0002,"SPE8E426T1936.PDF, CLIN table",,,
SPE8E426T1942,0001,7017758629,0001,PM,2.0,9535-00-003-6946,False,DIBBS|SPE8E426T1942|CLIN0001,"SPE8E426T1942.PDF, CLIN table",10584.0,"exact-NSN history, most recent award",21168.0
SPE8E426T2024,0001,7016566605,0001,PM,22.0,9515-00-233-6266,False,DIBBS|SPE8E426T2024|CLIN0001,"SPE8E426T2024.PDF, CLIN table",398.0,"exact-NSN history, most recent award",8756.0
SPE8E426T2038,0001,7017758404,0001,PM,15.0,9535-01-013-4079,False,DIBBS|SPE8E426T2038|CLIN0001,"SPE8E426T2038.PDF, CLIN table",2257.92,"exact-NSN history, most recent award",33868.8
SPE8E426T2083,0001,7017422259,0001,PM,45.0,9515-00-153-3236,False,DIBBS|SPE8E426T2083|CLIN0001,"SPE8E426T2083.PDF, CLIN table",1390.0,"exact-NSN history, most recent award",62550.0
SPE8E426T2126,0001,7017757179,0001,PM,5.0,9535-00-242-8611,False,DIBBS|SPE8E426T2126|CLIN0001,"SPE8E426T2126.PDF, CLIN table",1581.85,"exact-NSN history, most recent award",7909.25
SPE8E426T2171,0001,7017963950,0001,PM,2.0,9515-00-204-4621,False,DIBBS|SPE8E426T2171|CLIN0001,"SPE8E426T2171.PDF, CLIN table",7188.24,"exact-NSN history, most recent award",14376.48
SPE8E426T2174,0001,7016376235,0001,PM,3.0,9515-00-001-3322,False,DIBBS|SPE8E426T2174|CLIN0001,"SPE8E426T2174.PDF, CLIN table",5500.0,"exact-NSN history, most recent award",16500.0
SPE8E426T2190,0001,7016376521,0001,PM,4.0,9515-01-350-5319,False,DIBBS|SPE8E426T2190|CLIN0001,"SPE8E426T2190.PDF, CLIN table",9882.95,"exact-NSN history, most recent award",39531.8
SPE8E426T2191,0001,7017585614,0001,PM,2.0,9535-00-223-1872,False,DIBBS|SPE8E426T2191|CLIN0001,"SPE8E426T2191.PDF, CLIN table",4525.0,"exact-NSN history, most recent award",9050.0
SPE8E426T2205,0001,7018161358,0001,PM,4.0,9535-00-824-5340,False,DIBBS|SPE8E426T2205|CLIN0001,"SPE8E426T2205.PDF, CLIN table",4688.44,"exact-NSN history, most recent award",18753.76
SPE8E426T2206,0001,7018160222,0001,PM,3.0,9535-00-053-1851,False,DIBBS|SPE8E426T2206|CLIN0001,"SPE8E426T2206.PDF, CLIN table",3166.1,"exact-NSN history, most recent award",9498.3
SPE8E426T2247,0001,7018161619,0001,PM,8.0,9535-01-013-4080,False,DIBBS|SPE8E426T2247|CLIN0001,"SPE8E426T2247.PDF, CLIN table",2079.5,"exact-NSN history, most recent award",16636.0
SPE8E426T2248,0001,7016768666,0001,PM,8.0,9515-00-596-2445,False,DIBBS|SPE8E426T2248|CLIN0001,"SPE8E426T2248.PDF, CLIN table",335.0,"exact-NSN history, most recent award",2680.0
SPE8E426T2249,0001,7016564739,0001,PM,1.0,9515-00-596-2445,False,DIBBS|SPE8E426T2249|CLIN0001,"SPE8E426T2249.PDF, CLIN table",335.0,"exact-NSN history, most recent award",335.0
SPE8E426T2249,0002,7016564739,0002,PM,10.0,9515-00-596-2445,False,DIBBS|SPE8E426T2249|CLIN0002,"SPE8E426T2249.PDF, CLIN table",335.0,"exact-NSN history, most recent award",3350.0
SPE8E426T2330,0001,7016565917,0001,PM,26.0,9515-00-229-0192,False,DIBBS|SPE8E426T2330|CLIN0001,"SPE8E426T2330.PDF, CLIN table",409.1,"exact-NSN history, most recent award",10636.6
SPE8E426T2335,0001,7016566549,0001,PM,6.0,9515-00-237-5339,False,DIBBS|SPE8E426T2335|CLIN0001,"SPE8E426T2335.PDF, CLIN table",6262.5,"exact-NSN history, most recent award",37575.0
SPE8E426T2343,0001,7016566597,0001,PM,6.0,9515-00-640-4919,False,DIBBS|SPE8E426T2343|CLIN0001,"SPE8E426T2343.PDF, CLIN table",884.26,"exact-NSN history, most recent award",5305.5599999999995
SPE8E426T2366,0001,7016565236,0001,PM,3.0,9515-01-010-2546,False,DIBBS|SPE8E426T2366|CLIN0001,"SPE8E426T2366.PDF, CLIN table",3759.0,"exact-NSN history, most recent award",11277.0
SPE8E526T2248,0001,7016178497,0001,EA,10.0,9340-00-830-1633,False,DIBBS|SPE8E526T2248|CLIN0001,"SPE8E526T2248.PDF, CLIN table",43.5,"exact-NSN history, most recent award",435.0
SPE8E526T2248,0002,0000000000,,EA,1.0,0001S00000053,True,DIBBS|SPE8E526T2248|CLIN0002,"SPE8E526T2248.PDF, CLIN table",,,
SPE8E526T2281,0001,7016179525,0001,EA,5.0,9330-01-442-4815,False,DIBBS|SPE8E526T2281|CLIN0001,"SPE8E526T2281.PDF, CLIN table",,unpriced,
SPE8E526T2551,0001,7016179075,0001,EA,136.0,9330-01-087-5074,False,DIBBS|SPE8E526T2551|CLIN0001,"SPE8E526T2551.PDF, CLIN table",26.75,"exact-NSN history, most recent award",3638.0
SPE8E526T2551,0002,0000000000,,EA,1.0,0001S00000052,True,DIBBS|SPE8E526T2551|CLIN0002,"SPE8E526T2551.PDF, CLIN table",,,
SPE8E526T2940,0001,7016566414,0001,EA,54.0,9340-00-417-0538,False,DIBBS|SPE8E526T2940|CLIN0001,"SPE8E526T2940.PDF, CLIN table",39.67,"exact-NSN history, most recent award",2142.1800000000003
SPE8E526T3224,0001,7017122576,0001,EA,46.0,9340-01-439-2377,False,DIBBS|SPE8E526T3224|CLIN0001,"SPE8E526T3224.PDF, CLIN table",2789.0,"exact-NSN history, most recent award",128294.0
SPE8E526T3224,0002,0000000000,,EA,1.0,0001S00000053,True,DIBBS|SPE8E526T3224|CLIN0002,"SPE8E526T3224.PDF, CLIN table",,,
SPE8E526T3361,0001,7017122748,0001,EA,190.0,9330-01-087-5074,False,DIBBS|SPE8E526T3361|CLIN0001,"SPE8E526T3361.PDF, CLIN table",26.75,"exact-NSN history, most recent award",5082.5
SPE8E526T3361,0002,0000000000,,EA,1.0,0001S00000052,True,DIBBS|SPE8E526T3361|CLIN0002,"SPE8E526T3361.PDF, CLIN table",,,
SPE8E526T3875,0001,7016179049,0001,EA,38.0,9340-00-688-8143,False,DIBBS|SPE8E526T3875|CLIN0001,"SPE8E526T3875.PDF, CLIN table",500.5,"exact-NSN history, most recent award",19019.0
SPE8E526T4024,0001,7017964092,0001,EA,10.0,9340-01-439-2377,False,DIBBS|SPE8E526T4024|CLIN0001,"SPE8E526T4024.PDF, CLIN table",2789.0,"exact-NSN history, most recent award",27890.0
SPE8E526T4024,0002,0000000000,,EA,1.0,0001S00000053,True,DIBBS|SPE8E526T4024|CLIN0002,"SPE8E526T4024.PDF, CLIN table",,,
SPE8E526T4185,0001,7018161337,0001,EA,32.0,9340-01-501-8597,False,DIBBS|SPE8E526T4185|CLIN0001,"SPE8E526T4185.PDF, CLIN table",110.0,"exact-NSN history, most recent award",3520.0
SPE8E526T4516,0001,7018560096,0001,EA,8.0,9340-00-417-0540,False,DIBBS|SPE8E526T4516|CLIN0001,"SPE8E526T4516.PDF, CLIN table",282.8,"exact-NSN history, most recent award",2262.4
SPE8E626T2266,0001,7016179429,0001,EA,62.0,9905-01-068-2368,False,DIBBS|SPE8E626T2266|CLIN0001,"SPE8E626T2266.PDF, CLIN table",,unpriced,
SPE8E626T2266,0002,0000000000,,EA,1.0,S00000062,True,DIBBS|SPE8E626T2266|CLIN0002,"SPE8E626T2266.PDF, CLIN table",,,
SPE8E626T2271,0001,7016180037,0001,EA,178.0,9905-01-129-0315,False,DIBBS|SPE8E626T2271|CLIN0001,"SPE8E626T2271.PDF, CLIN table",35.95,"exact-NSN history, most recent award",6399.1
SPE8E626T2394,0001,7016179377,0001,EA,100.0,9905-01-486-9099,False,DIBBS|SPE8E626T2394|CLIN0001,"SPE8E626T2394.PDF, CLIN table",40.0,"exact-NSN history, most recent award",4000.0
SPE8E626T2737,0001,7016555258,0001,EA,3.0,4240-01-568-9652,False,DIBBS|SPE8E626T2737|CLIN0001,"SPE8E626T2737.PDF, CLIN table",,unpriced,
SPE8E626T2978,0001,7016650150,0001,EA,40.0,9905-01-167-8085,False,DIBBS|SPE8E626T2978|CLIN0001,"SPE8E626T2978.PDF, CLIN table",6.0,"exact-NSN history, most recent award",240.0
SPE8E626T3036,0001,7016936808,0001,HD,46.0,9905-01-023-4226,False,DIBBS|SPE8E626T3036|CLIN0001,"SPE8E626T3036.PDF, CLIN table",21.95,"exact-NSN history, most recent award",1009.6999999999999
SPE8E626T3036,0002,7016936808,0002,HD,231.0,9905-01-023-4226,False,DIBBS|SPE8E626T3036|CLIN0002,"SPE8E626T3036.PDF, CLIN table",21.95,"exact-NSN history, most recent award",5070.45
SPE8E626T3071,0001,7016922640,0001,EA,75.0,9905-01-496-3749,False,DIBBS|SPE8E626T3071|CLIN0001,"SPE8E626T3071.PDF, CLIN table",5.95,"exact-NSN history, most recent award",446.25
SPE8E626T3417,0001,7016967139,0001,EA,7.0,4240-01-568-9652,False,DIBBS|SPE8E626T3417|CLIN0001,"SPE8E626T3417.PDF, CLIN table",,unpriced,
SPE8E626T3530,0001,7017276192,0001,EA,5.0,9905-00-137-2077,False,DIBBS|SPE8E626T3530|CLIN0001,"SPE8E626T3530.PDF, CLIN table",29.95,"exact-NSN history, most recent award",149.75
SPE8E626T3708,0001,7017422488,0001,EA,32.0,9905-01-490-6752,False,DIBBS|SPE8E626T3708|CLIN0001,"SPE8E626T3708.PDF, CLIN table",225.0,"exact-NSN history, most recent award",7200.0
SPE8E626T3724,0001,7017471450,0001,EA,1.0,9905-01-436-8526,False,DIBBS|SPE8E626T3724|CLIN0001,"SPE8E626T3724.PDF, CLIN table",250.0,"exact-NSN history, most recent award",250.0
SPE8E626T4106,0001,7016179631,0001,EA,171.0,4240-01-655-4858,False,DIBBS|SPE8E626T4106|CLIN0001,"SPE8E626T4106.PDF, CLIN table",250.0,"exact-NSN history, most recent award",42750.0
SPE8E626T4106,0002,0000000000,,EA,1.0,0001S00000053,True,DIBBS|SPE8E626T4106|CLIN0002,"SPE8E626T4106.PDF, CLIN table",,,
SPE8E626T4155,0001,7016668856,0001,EA,1.0,9905-01-729-5349,False,DIBBS|SPE8E626T4155|CLIN0001,"SPE8E626T4155.PDF, CLIN table",,unpriced,
SPE8E626T4212,0001,7017423150,0001,EA,48.0,9905-01-658-5657,False,DIBBS|SPE8E626T4212|CLIN0001,"SPE8E626T4212.PDF, CLIN table",,unpriced,
SPE8E626T4247,0001,7017873151,0001,EA,1.0,9905-01-436-8526,False,DIBBS|SPE8E626T4247|CLIN0001,"SPE8E626T4247.PDF, CLIN table",150.0,"exact-NSN history, most recent award",150.0
SPE8E626T4271,0001,7017923927,0001,EA,50.0,9905-00-781-5732,False,DIBBS|SPE8E626T4271|CLIN0001,"SPE8E626T4271.PDF, CLIN table",6.25,"exact-NSN history, most recent award",312.5
SPE8E626T4316,0001,7017964276,0001,EA,53.0,9905-01-254-4782,False,DIBBS|SPE8E626T4316|CLIN0001,"SPE8E626T4316.PDF, CLIN table",20.75,"exact-NSN history, most recent award",1099.75
SPE8E626T4343,0001,7018014347,0001,EA,20.0,9905-01-436-8526,False,DIBBS|SPE8E626T4343|CLIN0001,"SPE8E626T4343.PDF, CLIN table",150.0,"exact-NSN history, most recent award",3000.0
SPE8E626T4351,0001,7018016392,0001,EA,1.0,9905-01-708-6962,False,DIBBS|SPE8E626T4351|CLIN0001,"SPE8E626T4351.PDF, CLIN table",,unpriced,
SPE8E626T4359,0001,7018038124,0001,EA,1.0,9905-01-729-5349,False,DIBBS|SPE8E626T4359|CLIN0001,"SPE8E626T4359.PDF, CLIN table",,unpriced,
SPE8E626T4542,0001,7018161245,0001,EA,64.0,9905-01-490-6752,False,DIBBS|SPE8E626T4542|CLIN0001,"SPE8E626T4542.PDF, CLIN table",50.95,"exact-NSN history, most recent award",3260.8
SPE8E626T4718,0001,7018487299,0001,EA,30.0,9905-01-418-8323,False,DIBBS|SPE8E626T4718|CLIN0001,"SPE8E626T4718.PDF, CLIN table",9.95,"exact-NSN history, most recent award",298.5
SPE8E626T4728,0001,7018468439,0001,EA,1.0,9905-01-496-3743,False,DIBBS|SPE8E626T4728|CLIN0001,"SPE8E626T4728.PDF, CLIN table",120.0,"exact-NSN history, most recent award",120.0
SPE8E626T4746,0001,7018560178,0001,EA,2.0,9905-01-098-2214,False,DIBBS|SPE8E626T4746|CLIN0001,"SPE8E626T4746.PDF, CLIN table",90.0,"exact-NSN history, most recent award",180.0
SPE8E626T4760,0001,7018146326,0001,EA,16.0,9905-00-624-3415,False,DIBBS|SPE8E626T4760|CLIN0001,"SPE8E626T4760.PDF, CLIN table",225.0,"exact-NSN history, most recent award",3600.0
SPE8E626T4774,0001,7018560679,0001,EA,6.0,9905-01-068-2368,False,DIBBS|SPE8E626T4774|CLIN0001,"SPE8E626T4774.PDF, CLIN table",,unpriced,
SPE8E626T4774,0002,0000000000,,EA,1.0,S00000062,True,DIBBS|SPE8E626T4774|CLIN0002,"SPE8E626T4774.PDF, CLIN table",,,
SPE8E726T2421,0001,7016555301,0001,EA,1.0,6210-01-019-1289,False,DIBBS|SPE8E726T2421|CLIN0001,"SPE8E726T2421.PDF, CLIN table",1785.0,"exact-NSN history, most recent award",1785.0
SPE8E726T2496,0001,7016564741,0001,EA,51.0,6220-01-316-4619,False,DIBBS|SPE8E726T2496|CLIN0001,"SPE8E726T2496.PDF, CLIN table",84.96,"exact-NSN history, most recent award",4332.96
SPE8E726T2517,0001,7016565358,0001,EA,33.0,6220-01-586-4043,False,DIBBS|SPE8E726T2517|CLIN0001,"SPE8E726T2517.PDF, CLIN table",5871.75,"exact-NSN history, most recent award",193767.75
SPE8E726T2517,0002,0000000000,,EA,1.0,0001S00000052,True,DIBBS|SPE8E726T2517|CLIN0002,"SPE8E726T2517.PDF, CLIN table",,,
SPE8E726T2642,0001,7016779109,0001,EA,12.0,6220-01-646-5501,False,DIBBS|SPE8E726T2642|CLIN0001,"SPE8E726T2642.PDF, CLIN table",2948.0,"exact-NSN history, most recent award",35376.0
SPE8E726T2642,0002,0000000000,,EA,1.0,0001S00000052,True,DIBBS|SPE8E726T2642|CLIN0002,"SPE8E726T2642.PDF, CLIN table",,,
SPE8E726T2804,0001,7016966685,0001,EA,2.0,6240-01-666-2543,False,DIBBS|SPE8E726T2804|CLIN0001,"SPE8E726T2804.PDF, CLIN table",,unpriced,
SPE8E726T2804,0002,7016966678,0001,EA,2.0,6240-01-666-2543,False,DIBBS|SPE8E726T2804|CLIN0002,"SPE8E726T2804.PDF, CLIN table",,unpriced,
SPE8E726T2817,0001,7016967103,0001,EA,12.0,6210-01-099-6583,False,DIBBS|SPE8E726T2817|CLIN0001,"SPE8E726T2817.PDF, CLIN table",60.79,"exact-NSN history, most recent award",729.48
SPE8E726T2920,0001,7017123329,0001,EA,70.0,6210-01-255-5069,False,DIBBS|SPE8E726T2920|CLIN0001,"SPE8E726T2920.PDF, CLIN table",46.77,"exact-NSN history, most recent award",3273.9
SPE8E726T2943,0001,7017122098,0001,EA,5.0,6210-01-384-2292,False,DIBBS|SPE8E726T2943|CLIN0001,"SPE8E726T2943.PDF, CLIN table",125.0,"exact-NSN history, most recent award",625.0
SPE8E726T3034,0001,7016937683,0001,EA,133.0,6220-01-661-4029,False,DIBBS|SPE8E726T3034|CLIN0001,"SPE8E726T3034.PDF, CLIN table",19.7,"exact-NSN history, most recent award",2620.1
SPE8E726T3241,0001,7017276986,0001,EA,2.0,6210-00-519-1581,False,DIBBS|SPE8E726T3241|CLIN0001,"SPE8E726T3241.PDF, CLIN table",55.0,"exact-NSN history, most recent award",110.0
SPE8E726T3356,0001,7017422825,0001,EA,10.0,6210-01-384-2292,False,DIBBS|SPE8E726T3356|CLIN0001,"SPE8E726T3356.PDF, CLIN table",125.0,"exact-NSN history, most recent award",1250.0
SPE8E726T3572,0001,7017116854,0001,EA,1.0,6210-01-529-4454,False,DIBBS|SPE8E726T3572|CLIN0001,"SPE8E726T3572.PDF, CLIN table",,unpriced,
SPE8E726T3659,0001,7017911004,0001,EA,3.0,6210-01-006-5079,False,DIBBS|SPE8E726T3659|CLIN0001,"SPE8E726T3659.PDF, CLIN table",57.77,"exact-NSN history, most recent award",173.31
SPE8E726T3689,0001,7015331849,0001,EA,1.0,6240-01-666-2543,False,DIBBS|SPE8E726T3689|CLIN0001,"SPE8E726T3689.PDF, CLIN table",,unpriced,
SPE8E726T3839,0001,7018161263,0001,EA,14.0,6210-01-384-2292,False,DIBBS|SPE8E726T3839|CLIN0001,"SPE8E726T3839.PDF, CLIN table",125.0,"exact-NSN history, most recent award",1750.0
SPE8E726T3856,0001,7018161692,0001,EA,8.0,6220-00-781-9313,False,DIBBS|SPE8E726T3856|CLIN0001,"SPE8E726T3856.PDF, CLIN table",685.0,"exact-NSN history, most recent award",5480.0
SPE8E726T3856,0002,0000000000,,EA,1.0,0001S00000052,True,DIBBS|SPE8E726T3856|CLIN0002,"SPE8E726T3856.PDF, CLIN table",,,
SPE8E726T3863,0001,7018333870,0001,EA,183.0,6210-01-206-0138,False,DIBBS|SPE8E726T3863|CLIN0001,"SPE8E726T3863.PDF, CLIN table",52.0,"exact-NSN history, most recent award",9516.0
SPE8E726T3923,0001,7018316602,0001,EA,1.0,6210-00-406-1398,False,DIBBS|SPE8E726T3923|CLIN0001,"SPE8E726T3923.PDF, CLIN table",26.95,"exact-NSN history, most recent award",26.95
SPE8E726T3983,0001,7018365035,0001,EA,25.0,6220-01-661-4029,False,DIBBS|SPE8E726T3983|CLIN0001,"SPE8E726T3983.PDF, CLIN table",19.7,"exact-NSN history, most recent award",492.5
SPE8E726T3983,0002,7018365035,0002,EA,113.0,6220-01-661-4029,False,DIBBS|SPE8E726T3983|CLIN0002,"SPE8E726T3983.PDF, CLIN table",19.7,"exact-NSN history, most recent award",2226.1
SPE8E826T4122,0001,7017122916,0001,EA,40.0,4530-01-032-9252,False,DIBBS|SPE8E826T4122|CLIN0001,"SPE8E826T4122.PDF, CLIN table",135.75,"exact-NSN history, most recent award",5430.0
SPE8E926T2754,0001,7016956704,0001,PM,2.0,9535-01-441-3470,False,DIBBS|SPE8E926T2754|CLIN0001,"SPE8E926T2754.PDF, CLIN table",7265.0,"exact-NSN history, most recent award",14530.0
SPE8E926T3206,0001,7017585638,0001,PM,11.0,9535-00-232-7551,False,DIBBS|SPE8E926T3206|CLIN0001,"SPE8E926T3206.PDF, CLIN table",1054.5,"exact-NSN history, most recent award",11599.5
SPE8E926T3392,0001,7017585295,0001,PM,9.0,9535-01-431-3167,False,DIBBS|SPE8E926T3392|CLIN0001,"SPE8E926T3392.PDF, CLIN table",8986.12,"exact-NSN history, most recent award",80875.08
SPE8E926T3558,0001,7017758298,0001,PM,50.0,9515-00-952-6280,False,DIBBS|SPE8E926T3558|CLIN0001,"SPE8E926T3558.PDF, CLIN table",257.0,"exact-NSN history, most recent award",12850.0
SPE8E926T3558,0002,7017758298,0002,PM,150.0,9515-00-952-6280,False,DIBBS|SPE8E926T3558|CLIN0002,"SPE8E926T3558.PDF, CLIN table",257.0,"exact-NSN history, most recent award",38550.0
SPE8E926T3750,0001,7018161716,0001,PM,70.0,9515-00-187-3960,False,DIBBS|SPE8E926T3750|CLIN0001,"SPE8E926T3750.PDF, CLIN table",290.0,"exact-NSN history, most recent award",20300.0
SPE8E926T3771,0001,7017964674,0001,PM,40.0,9535-00-242-8613,False,DIBBS|SPE8E926T3771|CLIN0001,"SPE8E926T3771.PDF, CLIN table",1575.0,"exact-NSN history, most recent award",63000.0
SPE8E926T3884,0001,7018364256,0001,PM,3.0,9535-00-781-6258,False,DIBBS|SPE8E926T3884|CLIN0001,"SPE8E926T3884.PDF, CLIN table",1866.24,"exact-NSN history, most recent award",5598.72
SPE8E926T3904,0001,7018364544,0001,PM,7.0,9535-00-043-0080,False,DIBBS|SPE8E926T3904|CLIN0001,"SPE8E926T3904.PDF, CLIN table",1439.69,"exact-NSN history, most recent award",10077.83
SPE8EE26T1778,0001,7016967590,0001,EA,3.0,3950-01-342-4089,False,DIBBS|SPE8EE26T1778|CLIN0001,"SPE8EE26T1778.PDF, CLIN table",45.62,"exact-NSN history, most recent award",136.85999999999999
SPE8EE26T2689,0001,7018517343,0001,EA,1.0,3950-01-342-4089,False,DIBBS|SPE8EE26T2689|CLIN0001,"SPE8EE26T2689.PDF, CLIN table",45.62,"exact-NSN history, most recent award",45.62
SPE8EF26T1604,0001,7017585479,0001,EA,2.0,1730-01-486-9338,False,DIBBS|SPE8EF26T1604|CLIN0001,"SPE8EF26T1604.PDF, CLIN table",1067.0,"exact-NSN history, most recent award",2134.0
SPE8EN26T2916,0001,7014346274,0001,EA,1.0,7025-01-609-7428,False,DIBBS|SPE8EN26T2916|CLIN0001,"SPE8EN26T2916.PDF, CLIN table",,unpriced,
SPE8EN26T3103,0001,7018161207,0001,EA,2.0,7050-01-422-2586,False,DIBBS|SPE8EN26T3103|CLIN0001,"SPE8EN26T3103.PDF, CLIN table",4986.0,"exact-NSN history, most recent award",9972.0
SPE8EN26T3157,0001,7018161510,0001,EA,20.0,7040-01-462-8859,False,DIBBS|SPE8EN26T3157|CLIN0001,"SPE8EN26T3157.PDF, CLIN table",686.0,"exact-NSN history, most recent award",13720.0
SPE4A026T2701,0001,7016368624,0001,EA,1.0,6150-01-371-0274,False,DIBBS|SPE4A026T2701|CLIN0001,"SPE4A026T2701.PDF, CLIN table",1200.0,"exact-NSN history, most recent award",1200.0
SPE4A026T2909,0001,7016548596,0001,EA,1.0,6150-01-656-8103,False,DIBBS|SPE4A026T2909|CLIN0001,"SPE4A026T2909.PDF, CLIN table",4277.77,"exact-NSN history, most recent award",4277.77
SPE4A026T4020,0001,7017559893,0001,EA,1.0,5995-01-680-4126,False,DIBBS|SPE4A026T4020|CLIN0001,"SPE4A026T4020.PDF, CLIN table",6612.0,"exact-NSN history, most recent award",6612.0
SPE4A026T4020,0002,0000000000,,EA,1.0,0001S00000053,True,DIBBS|SPE4A026T4020|CLIN0002,"SPE4A026T4020.PDF, CLIN table",,,
SPE4A026T4230,0001,7017752493,0001,EA,1.0,6150-01-513-8127,False,DIBBS|SPE4A026T4230|CLIN0001,"SPE4A026T4230.PDF, CLIN table",12980.0,"exact-NSN history, most recent award",12980.0
SPE4A026T4334,0001,7017861125,0001,EA,1.0,6150-01-688-1574,False,DIBBS|SPE4A026T4334|CLIN0001,"SPE4A026T4334.PDF, CLIN table",2680.0,"exact-NSN history, most recent award",2680.0
SPE4A026T4334,0002,0000000000,,EA,1.0,0001S00000053,True,DIBBS|SPE4A026T4334|CLIN0002,"SPE4A026T4334.PDF, CLIN table",,,
SPE4A026T4348,0001,7017426040,0001,EA,1.0,6150-01-546-2030,False,DIBBS|SPE4A026T4348|CLIN0001,"SPE4A026T4348.PDF, CLIN table",10243.0,"exact-NSN history, most recent award",10243.0
SPE4A026T4348,0002,0000000000,,EA,1.0,0001S00000053,True,DIBBS|SPE4A026T4348|CLIN0002,"SPE4A026T4348.PDF, CLIN table",,,
SPE4A026T4439,0001,7017947626,0001,EA,1.0,5995-01-579-6552,False,DIBBS|SPE4A026T4439|CLIN0001,"SPE4A026T4439.PDF, CLIN table",,unpriced,
SPE4A026T4439,0002,0000000000,,EA,1.0,0001S00000052,True,DIBBS|SPE4A026T4439|CLIN0002,"SPE4A026T4439.PDF, CLIN table",,,
SPE4A026T4617,0001,7018121860,0001,EA,1.0,6150-00-902-9830,False,DIBBS|SPE4A026T4617|CLIN0001,"SPE4A026T4617.PDF, CLIN table",9793.37,"exact-NSN history, most recent award",9793.37
SPE4A026T4658,0001,7018118565,0001,EA,1.0,6150-01-673-1749,False,DIBBS|SPE4A026T4658|CLIN0001,"SPE4A026T4658.PDF, CLIN table",14777.77,"exact-NSN history, most recent award",14777.77
SPE4A026T4677,0001,7017801122,0001,EA,1.0,4920-01-565-4272,False,DIBBS|SPE4A026T4677|CLIN0001,"SPE4A026T4677.PDF, CLIN table",,unpriced,
SPE4A026T4734,0001,7018121994,0001,EA,1.0,6150-01-674-4561,False,DIBBS|SPE4A026T4734|CLIN0001,"SPE4A026T4734.PDF, CLIN table",1950.0,"exact-NSN history, most recent award",1950.0
SPE4A026T4734,0002,0000000000,,EA,1.0,0001S00000053,True,DIBBS|SPE4A026T4734|CLIN0002,"SPE4A026T4734.PDF, CLIN table",,,
SPE4A026T4896,0001,7018319028,0001,EA,1.0,6150-01-601-2876,False,DIBBS|SPE4A026T4896|CLIN0001,"SPE4A026T4896.PDF, CLIN table",1494.16,"exact-NSN history, most recent award",1494.16
SPE4A026T4936,0001,7018319082,0001,EA,1.0,4920-01-622-6861,False,DIBBS|SPE4A026T4936|CLIN0001,"SPE4A026T4936.PDF, CLIN table",,unpriced,
SPE4A026T4944,0001,7017823796,0001,EA,1.0,5995-01-681-7913,False,DIBBS|SPE4A026T4944|CLIN0001,"SPE4A026T4944.PDF, CLIN table",2900.0,"exact-NSN history, most recent award",2900.0
SPE4A026T4954,0001,7018373917,0001,EA,1.0,6150-01-588-5621,False,DIBBS|SPE4A026T4954|CLIN0001,"SPE4A026T4954.PDF, CLIN table",394.0,"exact-NSN history, most recent award",394.0
SPE4A026T4963,0001,7018016208,0001,EA,1.0,6150-01-689-9193,False,DIBBS|SPE4A026T4963|CLIN0001,"SPE4A026T4963.PDF, CLIN table",,unpriced,
SPE4A026T5032,0001,7018402225,0001,EA,1.0,5995-01-722-4855,False,DIBBS|SPE4A026T5032|CLIN0001,"SPE4A026T5032.PDF, CLIN table",,unpriced,
SPE4A026T5032,0002,7018420583,0001,EA,1.0,5995-01-722-4855,False,DIBBS|SPE4A026T5032|CLIN0002,"SPE4A026T5032.PDF, CLIN table",,unpriced,
SPE4A026T5074,0001,7018469892,0001,EA,1.0,6150-01-659-5477,False,DIBBS|SPE4A026T5074|CLIN0001,"SPE4A026T5074.PDF, CLIN table",,unpriced,
SPE4A026T5074,0002,0000000000,,EA,1.0,0001S00000053,True,DIBBS|SPE4A026T5074|CLIN0002,"SPE4A026T5074.PDF, CLIN table",,,
SPE4A126T1498,0001,0070306942,0001,EA,4.0,6150-01-555-9790,False,DIBBS|SPE4A126T1498|CLIN0001,"SPE4A126T1498.PDF, CLIN table",9347.45,"exact-NSN history, most recent award",37389.8
SPE4A126T1682,0001,0080394037,0001,EA,36.0,5995-01-245-7656,False,DIBBS|SPE4A126T1682|CLIN0001,"SPE4A126T1682.PDF, CLIN table",525.25,"exact-NSN history, most recent award",18909.0
SPE4A126T1925,0001,0084603376,0001,EA,1.0,6150-01-671-3748,False,DIBBS|SPE4A126T1925|CLIN0001,"SPE4A126T1925.PDF, CLIN table",10750.0,"exact-NSN history, most recent award",10750.0
SPE4A126T1925,0002,0000000000,,EA,1.0,0001S00000053,True,DIBBS|SPE4A126T1925|CLIN0002,"SPE4A126T1925.PDF, CLIN table",,,
SPE4A126T2772,0001,7016627919,0001,EA,1.0,6150-01-659-1218,False,DIBBS|SPE4A126T2772|CLIN0001,"SPE4A126T2772.PDF, CLIN table",,unpriced,
SPE4A426T0083,0001,7016227685,0001,EA,14.0,6150-01-543-3021,False,DIBBS|SPE4A426T0083|CLIN0001,"SPE4A426T0083.PDF, CLIN table",700.0,"exact-NSN history, most recent award",9800.0
SPE4A426T0111,0001,7016752729,0001,EA,12.0,6150-01-543-3021,False,DIBBS|SPE4A426T0111|CLIN0001,"SPE4A426T0111.PDF, CLIN table",610.77,"exact-NSN history, most recent award",7329.24
SPE4A426T0192,0001,7018068030,0001,EA,1.0,6150-01-644-9865,False,DIBBS|SPE4A426T0192|CLIN0001,"SPE4A426T0192.PDF, CLIN table",2650.0,"exact-NSN history, most recent award",2650.0
SPE4A426T0192,0002,0000000000,,EA,1.0,S00000061,True,DIBBS|SPE4A426T0192|CLIN0002,"SPE4A426T0192.PDF, CLIN table",,,
SPE4A426T0200,0001,7018378352,0001,EA,5.0,6150-01-560-3859,False,DIBBS|SPE4A426T0200|CLIN0001,"SPE4A426T0200.PDF, CLIN table",5852.0,"exact-NSN history, most recent award",29260.0
SPE4A426T0200,0002,0000000000,,EA,1.0,0001S00000052,True,DIBBS|SPE4A426T0200|CLIN0002,"SPE4A426T0200.PDF, CLIN table",,,
SPE4A526T111H,0001,7016646773,0001,EA,5.0,1620-01-018-2099,False,DIBBS|SPE4A526T111H|CLIN0001,"SPE4A526T111H.PDF, CLIN table",1821.25,"exact-NSN history, most recent award",9106.25
SPE4A526T211W,0001,7017039029,0001,EA,11.0,4920-01-695-4302,False,DIBBS|SPE4A526T211W|CLIN0001,"SPE4A526T211W.PDF, CLIN table",952.77,"exact-NSN history, most recent award",10480.47
SPE4A526T273W,0001,7017384944,0001,EA,1.0,1680-01-552-5486,False,DIBBS|SPE4A526T273W|CLIN0001,"SPE4A526T273W.PDF, CLIN table",,unpriced,
SPE4A526T332W,0001,7017696856,0001,EA,20.0,6210-01-133-2313,False,DIBBS|SPE4A526T332W|CLIN0001,"SPE4A526T332W.PDF, CLIN table",496.0,"exact-NSN history, most recent award",9920.0
SPE4A526T332W,0002,0000000000,,EA,1.0,0001S00000052,True,DIBBS|SPE4A526T332W|CLIN0002,"SPE4A526T332W.PDF, CLIN table",,,
SPE4A526T356L,0001,7016694912,0001,EA,1.0,4030-01-048-6544,False,DIBBS|SPE4A526T356L|CLIN0001,"SPE4A526T356L.PDF, CLIN table",173.0,"exact-NSN history, most recent award",173.0
SPE4A526T399A,0001,7017732324,0001,EA,63.0,6680-01-200-6045,False,DIBBS|SPE4A526T399A|CLIN0001,"SPE4A526T399A.PDF, CLIN table",499.0,"exact-NSN history, most recent award",31437.0
SPE4A526T399A,0002,0000000000,,EA,1.0,0001S00000053,True,DIBBS|SPE4A526T399A|CLIN0002,"SPE4A526T399A.PDF, CLIN table",,,
SPE4A526T425M,0001,7018069038,0001,EA,10.0,4920-01-695-4302,False,DIBBS|SPE4A526T425M|CLIN0001,"SPE4A526T425M.PDF, CLIN table",952.77,"exact-NSN history, most recent award",9527.7
SPE4A526T449D,0001,7018069416,0001,EA,4.0,4920-01-607-6861,False,DIBBS|SPE4A526T449D|CLIN0001,"SPE4A526T449D.PDF, CLIN table",4318.33,"exact-NSN history, most recent award",17273.32
SPE4A526T6635,0001,7015051984,0001,EA,7.0,6220-00-608-9560,False,DIBBS|SPE4A526T6635|CLIN0001,"SPE4A526T6635.PDF, CLIN table",149.0,"exact-NSN history, most recent award",1043.0
SPE4A526T8110,0001,7015537504,0001,EA,7.0,4920-01-695-4302,False,DIBBS|SPE4A526T8110|CLIN0001,"SPE4A526T8110.PDF, CLIN table",920.76,"exact-NSN history, most recent award",6445.32
SPE4A526T9993,0001,7015905066,0001,EA,92.0,9905-01-693-5342,False,DIBBS|SPE4A526T9993|CLIN0001,"SPE4A526T9993.PDF, CLIN table",8.91,"exact-NSN history, most recent award",819.72
SPE4A626T01LL,0001,7015853352,0001,EA,17.0,5995-01-657-8337,False,DIBBS|SPE4A626T01LL|CLIN0001,"SPE4A626T01LL.PDF, CLIN table",1403.77,"exact-NSN history, most recent award",23864.09
SPE4A626T01MM,0001,7015955884,0001,EA,5.0,5995-01-472-9762,False,DIBBS|SPE4A626T01MM|CLIN0001,"SPE4A626T01MM.PDF, CLIN table",383.65,"exact-NSN history, most recent award",1918.25
SPE4A626T01MM,0002,0000000000,,EA,1.0,0001S00000053,True,DIBBS|SPE4A626T01MM|CLIN0002,"SPE4A626T01MM.PDF, CLIN table",,,
SPE4A626T01QF,0001,7017272541,0001,EA,5.0,6150-01-419-9740,False,DIBBS|SPE4A626T01QF|CLIN0001,"SPE4A626T01QF.PDF, CLIN table",20661.88,"exact-NSN history, most recent award",103309.40000000001
SPE4A626T01QF,0002,0000000000,,EA,1.0,0001S00000053,True,DIBBS|SPE4A626T01QF|CLIN0002,"SPE4A626T01QF.PDF, CLIN table",,,
SPE4A626T01VB,0001,7015852557,0001,EA,3.0,5995-01-568-7249,False,DIBBS|SPE4A626T01VB|CLIN0001,"SPE4A626T01VB.PDF, CLIN table",1510.25,"exact-NSN history, most recent award",4530.75
SPE4A626T01ZM,0001,7017108990,0001,EA,13.0,5995-01-672-7891,False,DIBBS|SPE4A626T01ZM|CLIN0001,"SPE4A626T01ZM.PDF, CLIN table",146.57,"exact-NSN history, most recent award",1905.4099999999999
SPE4A626T01ZM,0002,0000000000,,EA,1.0,0001S00000053,True,DIBBS|SPE4A626T01ZM|CLIN0002,"SPE4A626T01ZM.PDF, CLIN table",,,
SPE4A626T02AD,0001,7016336438,0001,EA,8.0,5995-01-674-4050,False,DIBBS|SPE4A626T02AD|CLIN0001,"SPE4A626T02AD.PDF, CLIN table",3275.0,"exact-NSN history, most recent award",26200.0
SPE4A626T02AD,0002,0000000000,,EA,1.0,0001S00000053,True,DIBBS|SPE4A626T02AD|CLIN0002,"SPE4A626T02AD.PDF, CLIN table",,,
SPE4A626T02CQ,0001,7017274275,0001,EA,4.0,6150-01-513-8716,False,DIBBS|SPE4A626T02CQ|CLIN0001,"SPE4A626T02CQ.PDF, CLIN table",2030.0,"exact-NSN history, most recent award",8120.0
SPE4A626T02EX,0001,7014230306,0001,EA,4.0,5995-01-119-4899,False,DIBBS|SPE4A626T02EX|CLIN0001,"SPE4A626T02EX.PDF, CLIN table",625.0,"exact-NSN history, most recent award",2500.0
SPE4A626T02EX,0002,0000000000,,EA,1.0,S00000061,True,DIBBS|SPE4A626T02EX|CLIN0002,"SPE4A626T02EX.PDF, CLIN table",,,
SPE4A626T02JC,0001,7016335097,0001,EA,17.0,6150-01-352-3934,False,DIBBS|SPE4A626T02JC|CLIN0001,"SPE4A626T02JC.PDF, CLIN table",1340.0,"exact-NSN history, most recent award",22780.0
SPE4A626T02JC,0002,0000000000,,EA,1.0,0001S00000052,True,DIBBS|SPE4A626T02JC|CLIN0002,"SPE4A626T02JC.PDF, CLIN table",,,
SPE4A626T02UC,0001,7017384058,0001,EA,4.0,6150-01-091-6599,False,DIBBS|SPE4A626T02UC|CLIN0001,"SPE4A626T02UC.PDF, CLIN table",1165.0,"exact-NSN history, most recent award",4660.0
SPE4A626T02UC,0002,0000000000,,EA,1.0,S00000061,True,DIBBS|SPE4A626T02UC|CLIN0002,"SPE4A626T02UC.PDF, CLIN table",,,
SPE4A626T02XN,0001,7017385068,0001,EA,4.0,6150-01-527-4031,False,DIBBS|SPE4A626T02XN|CLIN0001,"SPE4A626T02XN.PDF, CLIN table",26920.1,"exact-NSN history, most recent award",107680.4
SPE4A626T02XN,0002,0000000000,,EA,1.0,0001S00000052,True,DIBBS|SPE4A626T02XN|CLIN0002,"SPE4A626T02XN.PDF, CLIN table",,,
SPE4A626T02ZD,0001,7017384949,0001,EA,3.0,1420-01-714-9324,False,DIBBS|SPE4A626T02ZD|CLIN0001,"SPE4A626T02ZD.PDF, CLIN table",3300.0,"exact-NSN history, most recent award",9900.0
SPE4A626T02ZD,0002,0000000000,,EA,1.0,S00000061,True,DIBBS|SPE4A626T02ZD|CLIN0002,"SPE4A626T02ZD.PDF, CLIN table",,,
SPE4A626T02ZR,0001,7017385416,0001,EA,42.0,5995-01-734-9939,False,DIBBS|SPE4A626T02ZR|CLIN0001,"SPE4A626T02ZR.PDF, CLIN table",80.0,"exact-NSN history, most recent award",3360.0
SPE4A626T03B7,0001,7015934266,0001,EA,1.0,6150-01-266-2189,False,DIBBS|SPE4A626T03B7|CLIN0001,"SPE4A626T03B7.PDF, CLIN table",2975.25,"exact-NSN history, most recent award",2975.25
SPE4A626T03B7,0002,0000000000,,EA,1.0,0001S00000052,True,DIBBS|SPE4A626T03B7|CLIN0002,"SPE4A626T03B7.PDF, CLIN table",,,
SPE4A626T03JE,0001,7008784244,0001,EA,18.0,6680-01-313-3450,False,DIBBS|SPE4A626T03JE|CLIN0001,"SPE4A626T03JE.PDF, CLIN table",1447.0,"exact-NSN history, most recent award",26046.0
SPE4A626T03PH,0001,7017274283,0001,EA,3.0,6150-01-513-6270,False,DIBBS|SPE4A626T03PH|CLIN0001,"SPE4A626T03PH.PDF, CLIN table",9500.0,"exact-NSN history, most recent award",28500.0
SPE4A626T03PH,0002,0000000000,,EA,1.0,0001S00000053,True,DIBBS|SPE4A626T03PH|CLIN0002,"SPE4A626T03PH.PDF, CLIN table",,,
SPE4A626T03PJ,0001,7017274279,0001,EA,3.0,6150-01-513-8127,False,DIBBS|SPE4A626T03PJ|CLIN0001,"SPE4A626T03PJ.PDF, CLIN table",12980.0,"exact-NSN history, most recent award",38940.0
SPE4A626T03PY,0001,7017382609,0001,EA,4.0,6150-01-113-4249,False,DIBBS|SPE4A626T03PY|CLIN0001,"SPE4A626T03PY.PDF, CLIN table",3100.0,"exact-NSN history, most recent award",12400.0
SPE4A626T03PY,0002,0000000000,,EA,1.0,S00000061,True,DIBBS|SPE4A626T03PY|CLIN0002,"SPE4A626T03PY.PDF, CLIN table",,,
SPE4A626T03QA,0001,7017380507,0001,EA,2.0,6150-01-113-4249,False,DIBBS|SPE4A626T03QA|CLIN0001,"SPE4A626T03QA.PDF, CLIN table",3100.0,"exact-NSN history, most recent award",6200.0
SPE4A626T03QA,0002,0000000000,,EA,1.0,S00000061,True,DIBBS|SPE4A626T03QA|CLIN0002,"SPE4A626T03QA.PDF, CLIN table",,,
SPE4A626T03QD,0001,7017380506,0001,EA,5.0,6150-01-113-4249,False,DIBBS|SPE4A626T03QD|CLIN0001,"SPE4A626T03QD.PDF, CLIN table",3100.0,"exact-NSN history, most recent award",15500.0
SPE4A626T03QD,0002,0000000000,,EA,1.0,S00000061,True,DIBBS|SPE4A626T03QD|CLIN0002,"SPE4A626T03QD.PDF, CLIN table",,,
SPE4A626T03TJ,0001,7017409309,0001,EA,36.0,6210-01-003-0260,False,DIBBS|SPE4A626T03TJ|CLIN0001,"SPE4A626T03TJ.PDF, CLIN table",13.75,"exact-NSN history, most recent award",495.0
SPE4A626T03UC,0001,7017410172,0001,EA,3.0,6150-01-091-6466,False,DIBBS|SPE4A626T03UC|CLIN0001,"SPE4A626T03UC.PDF, CLIN table",5092.5,"exact-NSN history, most recent award",15277.5
SPE4A626T03UC,0002,0000000000,,EA,1.0,S00000061,True,DIBBS|SPE4A626T03UC|CLIN0002,"SPE4A626T03UC.PDF, CLIN table",,,
SPE4A626T03WD,0001,7017408410,0001,EA,13.0,6150-01-465-7759,False,DIBBS|SPE4A626T03WD|CLIN0001,"SPE4A626T03WD.PDF, CLIN table",2425.63,"exact-NSN history, most recent award",31533.190000000002
SPE4A626T03WD,0002,0000000000,,EA,1.0,0001S00000053,True,DIBBS|SPE4A626T03WD|CLIN0002,"SPE4A626T03WD.PDF, CLIN table",,,
SPE4A626T04AD,0001,7017408384,0001,EA,7.0,6150-01-578-2373,False,DIBBS|SPE4A626T04AD|CLIN0001,"SPE4A626T04AD.PDF, CLIN table",385.0,"exact-NSN history, most recent award",2695.0
SPE4A626T04CZ,0001,7017409626,0001,EA,4.0,6150-01-674-2768,False,DIBBS|SPE4A626T04CZ|CLIN0001,"SPE4A626T04CZ.PDF, CLIN table",1225.0,"exact-NSN history, most recent award",4900.0
SPE4A626T04CZ,0002,0000000000,,EA,1.0,0001S00000053,True,DIBBS|SPE4A626T04CZ|CLIN0002,"SPE4A626T04CZ.PDF, CLIN table",,,
SPE4A626T04HS,0001,7017408211,0001,EA,11.0,1420-01-714-8853,False,DIBBS|SPE4A626T04HS|CLIN0001,"SPE4A626T04HS.PDF, CLIN table",877.62,"exact-NSN history, most recent award",9653.82
SPE4A626T04QZ,0001,7017409521,0001,EA,2.0,6150-01-681-9363,False,DIBBS|SPE4A626T04QZ|CLIN0001,"SPE4A626T04QZ.PDF, CLIN table",2685.0,"exact-NSN history, most recent award",5370.0
SPE4A626T04QZ,0002,0000000000,,EA,1.0,0001S00000053,True,DIBBS|SPE4A626T04QZ|CLIN0002,"SPE4A626T04QZ.PDF, CLIN table",,,
SPE4A626T04RC,0001,7017409125,0001,EA,13.0,5995-01-328-5975,False,DIBBS|SPE4A626T04RC|CLIN0001,"SPE4A626T04RC.PDF, CLIN table",220.0,"exact-NSN history, most recent award",2860.0
SPE4A626T04RC,0002,0000000000,,EA,1.0,0001S00000052,True,DIBBS|SPE4A626T04RC|CLIN0002,"SPE4A626T04RC.PDF, CLIN table",,,
SPE4A626T04RG,0001,7017408990,0001,EA,161.0,6150-01-390-7058,False,DIBBS|SPE4A626T04RG|CLIN0001,"SPE4A626T04RG.PDF, CLIN table",257.15,"exact-NSN history, most recent award",41401.149999999994
SPE4A626T04RG,0002,0000000000,,EA,1.0,S00000061,True,DIBBS|SPE4A626T04RG|CLIN0002,"SPE4A626T04RG.PDF, CLIN table",,,
SPE4A626T04RM,0001,7017410066,0001,EA,8.0,6150-01-252-7272,False,DIBBS|SPE4A626T04RM|CLIN0001,"SPE4A626T04RM.PDF, CLIN table",496.0,"exact-NSN history, most recent award",3968.0
SPE4A626T04RM,0002,0000000000,,EA,1.0,S00000061,True,DIBBS|SPE4A626T04RM|CLIN0002,"SPE4A626T04RM.PDF, CLIN table",,,
SPE4A626T04WE,0001,7017039385,0001,EA,110.0,5995-01-247-6068,False,DIBBS|SPE4A626T04WE|CLIN0001,"SPE4A626T04WE.PDF, CLIN table",525.25,"exact-NSN history, most recent award",57777.5
SPE4A626T05AQ,0001,7015610371,0001,EA,9.0,6220-00-225-3462,False,DIBBS|SPE4A626T05AQ|CLIN0001,"SPE4A626T05AQ.PDF, CLIN table",590.2,"exact-NSN history, most recent award",5311.8
SPE4A626T05BB,0001,7015604319,0001,EA,3.0,6150-01-384-5278,False,DIBBS|SPE4A626T05BB|CLIN0001,"SPE4A626T05BB.PDF, CLIN table",2889.0,"exact-NSN history, most recent award",8667.0
SPE4A626T05BS,0001,7013234814,0001,EA,17.0,6210-01-345-2558,False,DIBBS|SPE4A626T05BS|CLIN0001,"SPE4A626T05BS.PDF, CLIN table",155.0,"exact-NSN history, most recent award",2635.0
SPE4A626T05UF,0001,7017409391,0001,EA,30.0,6150-01-406-8168,False,DIBBS|SPE4A626T05UF|CLIN0001,"SPE4A626T05UF.PDF, CLIN table",1124.75,"exact-NSN history, most recent award",33742.5
SPE4A626T05UF,0002,0000000000,,EA,1.0,0001S00000053,True,DIBBS|SPE4A626T05UF|CLIN0002,"SPE4A626T05UF.PDF, CLIN table",,,
SPE4A626T05XS,0001,7017487509,0001,EA,5.0,5995-01-191-1399,False,DIBBS|SPE4A626T05XS|CLIN0001,"SPE4A626T05XS.PDF, CLIN table",5363.0,"exact-NSN history, most recent award",26815.0
SPE4A626T05XS,0002,0000000000,,EA,1.0,S00000061,True,DIBBS|SPE4A626T05XS|CLIN0002,"SPE4A626T05XS.PDF, CLIN table",,,
SPE4A626T06BU,0001,7017487358,0001,EA,6.0,5995-01-463-2396,False,DIBBS|SPE4A626T06BU|CLIN0001,"SPE4A626T06BU.PDF, CLIN table",2950.0,"exact-NSN history, most recent award",17700.0
SPE4A626T06BU,0002,0000000000,,EA,1.0,0001S00000053,True,DIBBS|SPE4A626T06BU|CLIN0002,"SPE4A626T06BU.PDF, CLIN table",,,
SPE4A626T06EU,0001,7017486388,0001,EA,2.0,6150-01-642-7485,False,DIBBS|SPE4A626T06EU|CLIN0001,"SPE4A626T06EU.PDF, CLIN table",1755.5,"exact-NSN history, most recent award",3511.0
SPE4A626T06HC,0001,7017496412,0001,EA,9.0,6150-00-986-9878,False,DIBBS|SPE4A626T06HC|CLIN0001,"SPE4A626T06HC.PDF, CLIN table",364.52,"exact-NSN history, most recent award",3280.68
SPE4A626T06QD,0001,7017487359,0001,EA,6.0,5995-01-463-2492,False,DIBBS|SPE4A626T06QD|CLIN0001,"SPE4A626T06QD.PDF, CLIN table",5752.68,"exact-NSN history, most recent award",34516.08
SPE4A626T06QD,0002,0000000000,,EA,1.0,0001S00000053,True,DIBBS|SPE4A626T06QD|CLIN0002,"SPE4A626T06QD.PDF, CLIN table",,,
SPE4A626T06QF,0001,7017486638,0001,EA,20.0,5995-01-537-3779,False,DIBBS|SPE4A626T06QF|CLIN0001,"SPE4A626T06QF.PDF, CLIN table",807.11,"exact-NSN history, most recent award",16142.2
SPE4A626T06QF,0002,0000000000,,EA,1.0,0001S00000052,True,DIBBS|SPE4A626T06QF|CLIN0002,"SPE4A626T06QF.PDF, CLIN table",,,
SPE4A626T06YT,0001,7017476883,0001,EA,1.0,5995-01-615-4057,False,DIBBS|SPE4A626T06YT|CLIN0001,"SPE4A626T06YT.PDF, CLIN table",,unpriced,
SPE4A626T07BX,0001,7017528826,0001,EA,4.0,6150-01-294-5595,False,DIBBS|SPE4A626T07BX|CLIN0001,"SPE4A626T07BX.PDF, CLIN table",396.83,"exact-NSN history, most recent award",1587.32
SPE4A626T07EU,0001,7017528022,0001,EA,7.0,5995-01-665-1200,False,DIBBS|SPE4A626T07EU|CLIN0001,"SPE4A626T07EU.PDF, CLIN table",6992.75,"exact-NSN history, most recent award",48949.25
SPE4A626T07GA,0001,7017529412,0001,EA,19.0,5995-01-730-6197,False,DIBBS|SPE4A626T07GA|CLIN0001,"SPE4A626T07GA.PDF, CLIN table",1692.5,"exact-NSN history, most recent award",32157.5
SPE4A626T07GY,0001,7017527678,0001,EA,5.0,5995-01-676-5485,False,DIBBS|SPE4A626T07GY|CLIN0001,"SPE4A626T07GY.PDF, CLIN table",2500.0,"exact-NSN history, most recent award",12500.0
SPE4A626T07KK,0001,7017487649,0001,EA,12.0,6150-01-674-4580,False,DIBBS|SPE4A626T07KK|CLIN0001,"SPE4A626T07KK.PDF, CLIN table",5775.0,"exact-NSN history, most recent award",69300.0
SPE4A626T07KK,0002,0000000000,,EA,1.0,0001S00000053,True,DIBBS|SPE4A626T07KK|CLIN0002,"SPE4A626T07KK.PDF, CLIN table",,,
SPE4A626T07LC,0001,7017527853,0001,EA,1.0,5995-01-680-4465,False,DIBBS|SPE4A626T07LC|CLIN0001,"SPE4A626T07LC.PDF, CLIN table",4430.88,"exact-NSN history, most recent award",4430.88
SPE4A626T07LC,0002,0000000000,,EA,1.0,0001S00000052,True,DIBBS|SPE4A626T07LC|CLIN0002,"SPE4A626T07LC.PDF, CLIN table",,,
SPE4A626T07QC,0001,7017528834,0001,EA,4.0,6150-01-013-5313,False,DIBBS|SPE4A626T07QC|CLIN0001,"SPE4A626T07QC.PDF, CLIN table",3138.0,"exact-NSN history, most recent award",12552.0
SPE4A626T08LE,0001,7017572678,0001,EA,5.0,6150-01-161-8513,False,DIBBS|SPE4A626T08LE|CLIN0001,"SPE4A626T08LE.PDF, CLIN table",3500.0,"exact-NSN history, most recent award",17500.0
SPE4A626T08LE,0002,0000000000,,EA,1.0,0001S00000053,True,DIBBS|SPE4A626T08LE|CLIN0002,"SPE4A626T08LE.PDF, CLIN table",,,
SPE4A626T08VN,0001,7017571644,0001,EA,19.0,5995-01-579-3007,False,DIBBS|SPE4A626T08VN|CLIN0001,"SPE4A626T08VN.PDF, CLIN table",1300.0,"exact-NSN history, most recent award",24700.0
SPE4A626T08VN,0002,0000000000,,EA,1.0,0001S00000053,True,DIBBS|SPE4A626T08VN|CLIN0002,"SPE4A626T08VN.PDF, CLIN table",,,
SPE4A626T08ZV,0001,7017572524,0001,EA,5.0,6150-01-676-3904,False,DIBBS|SPE4A626T08ZV|CLIN0001,"SPE4A626T08ZV.PDF, CLIN table",1250.77,"exact-NSN history, most recent award",6253.85
SPE4A626T09KX,0001,7016048839,0001,EA,2.0,5995-01-651-8578,False,DIBBS|SPE4A626T09KX|CLIN0001,"SPE4A626T09KX.PDF, CLIN table",9665.5,"exact-NSN history, most recent award",19331.0
SPE4A626T09KX,0002,0000000000,,EA,1.0,0001S00000053,True,DIBBS|SPE4A626T09KX|CLIN0002,"SPE4A626T09KX.PDF, CLIN table",,,
SPE4A626T09SV,0001,7017148387,0001,EA,13.0,6150-01-567-7145,False,DIBBS|SPE4A626T09SV|CLIN0001,"SPE4A626T09SV.PDF, CLIN table",428.0,"exact-NSN history, most recent award",5564.0
SPE4A626T09SV,0002,0000000000,,EA,1.0,0001S00000053,True,DIBBS|SPE4A626T09SV|CLIN0002,"SPE4A626T09SV.PDF, CLIN table",,,
SPE4A626T09VA,0001,7017486956,0001,EA,12.0,6150-01-091-6297,False,DIBBS|SPE4A626T09VA|CLIN0001,"SPE4A626T09VA.PDF, CLIN table",913.0,"exact-NSN history, most recent award",10956.0
SPE4A626T09VA,0002,0000000000,,EA,1.0,S00000061,True,DIBBS|SPE4A626T09VA|CLIN0002,"SPE4A626T09VA.PDF, CLIN table",,,
SPE4A626T10BX,0001,7014545850,0001,EA,275.0,6150-01-106-8668,False,DIBBS|SPE4A626T10BX|CLIN0001,"SPE4A626T10BX.PDF, CLIN table",1180.88,"exact-NSN history, most recent award",324742.00000000006
SPE4A626T10BX,0002,0000000000,,EA,1.0,S00000061,True,DIBBS|SPE4A626T10BX|CLIN0002,"SPE4A626T10BX.PDF, CLIN table",,,
SPE4A626T10DZ,0001,7017662722,0001,EA,12.0,6150-01-315-3987,False,DIBBS|SPE4A626T10DZ|CLIN0001,"SPE4A626T10DZ.PDF, CLIN table",335.5,"exact-NSN history, most recent award",4026.0
SPE4A626T10HZ,0001,7017677428,0001,EA,21.0,5995-01-198-1884,False,DIBBS|SPE4A626T10HZ|CLIN0001,"SPE4A626T10HZ.PDF, CLIN table",125.0,"exact-NSN history, most recent award",2625.0
SPE4A626T10KA,0001,7015111271,0001,EA,10.0,6210-01-088-4986,False,DIBBS|SPE4A626T10KA|CLIN0001,"SPE4A626T10KA.PDF, CLIN table",45.43,"exact-NSN history, most recent award",454.3
SPE4A626T10TM,0001,7017697269,0001,EA,5.0,6150-01-144-8899,False,DIBBS|SPE4A626T10TM|CLIN0001,"SPE4A626T10TM.PDF, CLIN table",2229.75,"exact-NSN history, most recent award",11148.75
SPE4A626T10TY,0001,7017695574,0001,EA,62.0,5995-01-201-4129,False,DIBBS|SPE4A626T10TY|CLIN0001,"SPE4A626T10TY.PDF, CLIN table",299.81,"exact-NSN history, most recent award",18588.22
SPE4A626T10TY,0002,0000000000,,EA,1.0,0001S00000053,True,DIBBS|SPE4A626T10TY|CLIN0002,"SPE4A626T10TY.PDF, CLIN table",,,
SPE4A626T10XZ,0001,7017696977,0001,EA,2.0,6150-01-588-3131,False,DIBBS|SPE4A626T10XZ|CLIN0001,"SPE4A626T10XZ.PDF, CLIN table",277.77,"exact-NSN history, most recent award",555.54
SPE4A626T10XZ,0002,0000000000,,EA,1.0,0001S00000053,True,DIBBS|SPE4A626T10XZ|CLIN0002,"SPE4A626T10XZ.PDF, CLIN table",,,
SPE4A626T10YY,0001,7015926069,0001,EA,35.0,1420-01-714-8760,False,DIBBS|SPE4A626T10YY|CLIN0001,"SPE4A626T10YY.PDF, CLIN table",326.0,"exact-NSN history, most recent award",11410.0
SPE4A626T10YY,0002,0000000000,,EA,1.0,S00000061,True,DIBBS|SPE4A626T10YY|CLIN0002,"SPE4A626T10YY.PDF, CLIN table",,,
SPE4A626T10ZE,0001,7017694833,0001,EA,4.0,5995-01-642-4408,False,DIBBS|SPE4A626T10ZE|CLIN0001,"SPE4A626T10ZE.PDF, CLIN table",5000.0,"exact-NSN history, most recent award",20000.0
SPE4A626T11AB,0001,7015926072,0001,EA,20.0,1420-01-714-8820,False,DIBBS|SPE4A626T11AB|CLIN0001,"SPE4A626T11AB.PDF, CLIN table",877.62,"exact-NSN history, most recent award",17552.4
SPE4A626T11AB,0002,0000000000,,EA,1.0,S00000061,True,DIBBS|SPE4A626T11AB|CLIN0002,"SPE4A626T11AB.PDF, CLIN table",,,
SPE4A626T11AR,0001,7017695839,0001,EA,1.0,6150-01-713-4440,False,DIBBS|SPE4A626T11AR|CLIN0001,"SPE4A626T11AR.PDF, CLIN table",1211.0,"exact-NSN history, most recent award",1211.0
SPE4A626T11CA,0001,7017697267,0001,EA,6.0,6150-01-144-8900,False,DIBBS|SPE4A626T11CA|CLIN0001,"SPE4A626T11CA.PDF, CLIN table",496.8,"exact-NSN history, most recent award",2980.8
SPE4A626T11CU,0001,7017695609,0001,EA,5.0,5995-01-705-9417,False,DIBBS|SPE4A626T11CU|CLIN0001,"SPE4A626T11CU.PDF, CLIN table",606.37,"exact-NSN history, most recent award",3031.85
SPE4A626T11CV,0001,7017492986,0001,EA,1.0,6150-01-666-6420,False,DIBBS|SPE4A626T11CV|CLIN0001,"SPE4A626T11CV.PDF, CLIN table",477.77,"exact-NSN history, most recent award",477.77
SPE4A626T11LQ,0001,7015926073,0001,EA,25.0,1420-01-714-8823,False,DIBBS|SPE4A626T11LQ|CLIN0001,"SPE4A626T11LQ.PDF, CLIN table",925.0,"exact-NSN history, most recent award",23125.0
SPE4A626T11LQ,0002,0000000000,,EA,1.0,S00000061,True,DIBBS|SPE4A626T11LQ|CLIN0002,"SPE4A626T11LQ.PDF, CLIN table",,,
SPE4A626T12AR,0001,7017740772,0001,EA,7.0,5995-01-545-5626,False,DIBBS|SPE4A626T12AR|CLIN0001,"SPE4A626T12AR.PDF, CLIN table",1731.0,"exact-NSN history, most recent award",12117.0
SPE4A626T12AR,0002,0000000000,,EA,1.0,0001S00000053,True,DIBBS|SPE4A626T12AR|CLIN0002,"SPE4A626T12AR.PDF, CLIN table",,,
SPE4A626T12BY,0001,7017739939,0001,EA,1.0,6150-01-605-0227,False,DIBBS|SPE4A626T12BY|CLIN0001,"SPE4A626T12BY.PDF, CLIN table",4829.75,"exact-NSN history, most recent award",4829.75
SPE4A626T12BY,0002,0000000000,,EA,1.0,S00000061,True,DIBBS|SPE4A626T12BY|CLIN0002,"SPE4A626T12BY.PDF, CLIN table",,,
SPE4A626T12CU,0001,7017741924,0001,EA,8.0,6150-01-568-9945,False,DIBBS|SPE4A626T12CU|CLIN0001,"SPE4A626T12CU.PDF, CLIN table",1475.5,"exact-NSN history, most recent award",11804.0
SPE4A626T12ET,0001,7017739916,0001,EA,10.0,6150-01-648-8144,False,DIBBS|SPE4A626T12ET|CLIN0001,"SPE4A626T12ET.PDF, CLIN table",1238.0,"exact-NSN history, most recent award",12380.0
SPE4A626T12ET,0002,0000000000,,EA,1.0,S00000061,True,DIBBS|SPE4A626T12ET|CLIN0002,"SPE4A626T12ET.PDF, CLIN table",,,
SPE4A626T12FM,0001,7017740968,0001,EA,13.0,6150-01-674-5930,False,DIBBS|SPE4A626T12FM|CLIN0001,"SPE4A626T12FM.PDF, CLIN table",1260.0,"exact-NSN history, most recent award",16380.0
SPE4A626T12FM,0002,0000000000,,EA,1.0,0001S00000053,True,DIBBS|SPE4A626T12FM|CLIN0002,"SPE4A626T12FM.PDF, CLIN table",,,
SPE4A626T12HY,0001,7017741005,0001,EA,5.0,6150-01-674-2839,False,DIBBS|SPE4A626T12HY|CLIN0001,"SPE4A626T12HY.PDF, CLIN table",4340.0,"exact-NSN history, most recent award",21700.0
SPE4A626T12HY,0002,0000000000,,EA,1.0,0001S00000053,True,DIBBS|SPE4A626T12HY|CLIN0002,"SPE4A626T12HY.PDF, CLIN table",,,
SPE4A626T12SG,0001,7017742694,0001,EA,265.0,6220-01-324-0045,False,DIBBS|SPE4A626T12SG|CLIN0001,"SPE4A626T12SG.PDF, CLIN table",5.0,"exact-NSN history, most recent award",1325.0
SPE4A626T12SJ,0001,7017741000,0001,EA,1.0,6150-01-674-4547,False,DIBBS|SPE4A626T12SJ|CLIN0001,"SPE4A626T12SJ.PDF, CLIN table",5329.75,"exact-NSN history, most recent award",5329.75
SPE4A626T12SJ,0002,0000000000,,EA,1.0,0001S00000053,True,DIBBS|SPE4A626T12SJ|CLIN0002,"SPE4A626T12SJ.PDF, CLIN table",,,
SPE4A626T12SK,0001,7017739740,0001,EA,49.0,6150-01-631-6134,False,DIBBS|SPE4A626T12SK|CLIN0001,"SPE4A626T12SK.PDF, CLIN table",1133.0,"exact-NSN history, most recent award",55517.0
SPE4A626T12SK,0002,0000000000,,EA,1.0,0001S00000053,True,DIBBS|SPE4A626T12SK|CLIN0002,"SPE4A626T12SK.PDF, CLIN table",,,
SPE4A626T12XU,0001,7015212583,0001,EA,17.0,6210-00-099-7122,False,DIBBS|SPE4A626T12XU|CLIN0001,"SPE4A626T12XU.PDF, CLIN table",42.73,"exact-NSN history, most recent award",726.41
SPE4A626T13MB,0001,7017109009,0001,EA,4.0,5995-01-206-7876,False,DIBBS|SPE4A626T13MB|CLIN0001,"SPE4A626T13MB.PDF, CLIN table",310.0,"exact-NSN history, most recent award",1240.0
SPE4A626T13MB,0002,0000000000,,EA,1.0,S00000061,True,DIBBS|SPE4A626T13MB|CLIN0002,"SPE4A626T13MB.PDF, CLIN table",,,
SPE4A626T13NF,0001,7017109454,0001,EA,29.0,6150-01-271-1297,False,DIBBS|SPE4A626T13NF|CLIN0001,"SPE4A626T13NF.PDF, CLIN table",64.0,"exact-NSN history, most recent award",1856.0
SPE4A626T13NF,0002,0000000000,,EA,1.0,S00000061,True,DIBBS|SPE4A626T13NF|CLIN0002,"SPE4A626T13NF.PDF, CLIN table",,,
SPE4A626T13NZ,0001,7017739714,0001,EA,27.0,6150-01-493-2645,False,DIBBS|SPE4A626T13NZ|CLIN0001,"SPE4A626T13NZ.PDF, CLIN table",89.96,"exact-NSN history, most recent award",2428.9199999999996
SPE4A626T13NZ,0002,0000000000,,EA,1.0,S00000061,True,DIBBS|SPE4A626T13NZ|CLIN0002,"SPE4A626T13NZ.PDF, CLIN table",,,
SPE4A626T13PV,0001,7017695697,0001,EA,2.0,6150-01-607-6612,False,DIBBS|SPE4A626T13PV|CLIN0001,"SPE4A626T13PV.PDF, CLIN table",692.5,"exact-NSN history, most recent award",1385.0
SPE4A626T13TS,0001,7017570079,0001,EA,1.0,5995-01-689-9669,False,DIBBS|SPE4A626T13TS|CLIN0001,"SPE4A626T13TS.PDF, CLIN table",,unpriced,
SPE4A626T13UF,0001,7017487223,0001,EA,19.0,6150-01-350-1296,False,DIBBS|SPE4A626T13UF|CLIN0001,"SPE4A626T13UF.PDF, CLIN table",2135.95,"exact-NSN history, most recent award",40583.049999999996
SPE4A626T13UF,0002,0000000000,,EA,1.0,0001S00000053,True,DIBBS|SPE4A626T13UF|CLIN0002,"SPE4A626T13UF.PDF, CLIN table",,,
SPE4A626T13UM,0001,7017108293,0001,EA,132.0,6150-01-530-3294,False,DIBBS|SPE4A626T13UM|CLIN0001,"SPE4A626T13UM.PDF, CLIN table",1055.5,"exact-NSN history, most recent award",139326.0
SPE4A626T13UM,0002,0000000000,,EA,1.0,S00000061,True,DIBBS|SPE4A626T13UM|CLIN0002,"SPE4A626T13UM.PDF, CLIN table",,,
SPE4A626T13XZ,0001,7017741521,0001,EA,4.0,6150-01-721-7742,False,DIBBS|SPE4A626T13XZ|CLIN0001,"SPE4A626T13XZ.PDF, CLIN table",,unpriced,
SPE4A626T14BG,0001,7017722152,0001,EA,1.0,3110-01-308-6112,False,DIBBS|SPE4A626T14BG|CLIN0001,"SPE4A626T14BG.PDF, CLIN table",23.7,"exact-NSN history, most recent award",23.7
SPE4A626T14CT,0001,7017765834,0001,EA,3.0,6150-01-091-6986,False,DIBBS|SPE4A626T14CT|CLIN0001,"SPE4A626T14CT.PDF, CLIN table",799.39,"exact-NSN history, most recent award",2398.17
SPE4A626T14CT,0002,0000000000,,EA,1.0,0001S00000053,True,DIBBS|SPE4A626T14CT|CLIN0002,"SPE4A626T14CT.PDF, CLIN table",,,
SPE4A626T14CT,0003,0000000000,,EA,1.0,S00000061,True,DIBBS|SPE4A626T14CT|CLIN0003,"SPE4A626T14CT.PDF, CLIN table",,,
SPE4A626T14PE,0001,7017226411,0001,EA,10.0,6150-01-326-0282,False,DIBBS|SPE4A626T14PE|CLIN0001,"SPE4A626T14PE.PDF, CLIN table",1493.0,"exact-NSN history, most recent award",14930.0
SPE4A626T14TD,0001,7013631170,0001,EA,82.0,6150-01-268-4249,False,DIBBS|SPE4A626T14TD|CLIN0001,"SPE4A626T14TD.PDF, CLIN table",374.59,"exact-NSN history, most recent award",30716.379999999997
SPE4A626T14TD,0002,0000000000,,EA,1.0,0001S00000052,True,DIBBS|SPE4A626T14TD|CLIN0002,"SPE4A626T14TD.PDF, CLIN table",,,
SPE4A626T14TS,0001,7017763231,0001,EA,10.0,5995-01-692-7565,False,DIBBS|SPE4A626T14TS|CLIN0001,"SPE4A626T14TS.PDF, CLIN table",,unpriced,
SPE4A626T14UH,0001,7017825847,0001,EA,1.0,6150-01-577-1901,False,DIBBS|SPE4A626T14UH|CLIN0001,"SPE4A626T14UH.PDF, CLIN table",3400.0,"exact-NSN history, most recent award",3400.0
SPE4A626T15HV,0001,7017836899,0001,EA,56.0,6150-01-492-1770,False,DIBBS|SPE4A626T15HV|CLIN0001,"SPE4A626T15HV.PDF, CLIN table",1223.7,"exact-NSN history, most recent award",68527.2
SPE4A626T15LX,0001,7017838977,0001,EA,10.0,5995-01-673-9173,False,DIBBS|SPE4A626T15LX|CLIN0001,"SPE4A626T15LX.PDF, CLIN table",2425.0,"exact-NSN history, most recent award",24250.0
SPE4A626T15LX,0002,0000000000,,EA,1.0,0001S00000053,True,DIBBS|SPE4A626T15LX|CLIN0002,"SPE4A626T15LX.PDF, CLIN table",,,
SPE4A626T15ST,0001,7017838324,0001,EA,82.0,6150-01-107-3455,False,DIBBS|SPE4A626T15ST|CLIN0001,"SPE4A626T15ST.PDF, CLIN table",0.01,"exact-NSN history, most recent award",0.8200000000000001
SPE4A626T15ST,0002,0000000000,,EA,1.0,0001S00000053,True,DIBBS|SPE4A626T15ST|CLIN0002,"SPE4A626T15ST.PDF, CLIN table",,,
SPE4A626T15TA,0001,7017837107,0001,EA,2.0,6150-01-495-6270,False,DIBBS|SPE4A626T15TA|CLIN0001,"SPE4A626T15TA.PDF, CLIN table",515.75,"exact-NSN history, most recent award",1031.5
SPE4A626T15TA,0002,7017837107,0002,EA,14.0,6150-01-495-6270,False,DIBBS|SPE4A626T15TA|CLIN0002,"SPE4A626T15TA.PDF, CLIN table",515.75,"exact-NSN history, most recent award",7220.5
SPE4A626T15TA,0003,0000000000,,EA,1.0,0001S00000053,True,DIBBS|SPE4A626T15TA|CLIN0003,"SPE4A626T15TA.PDF, CLIN table",,,
SPE4A626T15VS,0001,7017838785,0001,EA,51.0,6150-01-406-8166,False,DIBBS|SPE4A626T15VS|CLIN0001,"SPE4A626T15VS.PDF, CLIN table",,unpriced,
SPE4A626T15VS,0002,0000000000,,EA,1.0,0001S00000053,True,DIBBS|SPE4A626T15VS|CLIN0002,"SPE4A626T15VS.PDF, CLIN table",,,
SPE4A626T15VU,0001,7017838927,0001,EA,11.0,6150-01-678-8766,False,DIBBS|SPE4A626T15VU|CLIN0001,"SPE4A626T15VU.PDF, CLIN table",8450.0,"exact-NSN history, most recent award",92950.0
SPE4A626T15VU,0002,0000000000,,EA,1.0,0001S00000053,True,DIBBS|SPE4A626T15VU|CLIN0002,"SPE4A626T15VU.PDF, CLIN table",,,
SPE4A626T15VY,0001,7017837207,0001,EA,6.0,6150-01-475-1573,False,DIBBS|SPE4A626T15VY|CLIN0001,"SPE4A626T15VY.PDF, CLIN table",4000.0,"exact-NSN history, most recent award",24000.0
SPE4A626T15VZ,0001,7017838582,0001,EA,289.0,5995-01-449-1453,False,DIBBS|SPE4A626T15VZ|CLIN0001,"SPE4A626T15VZ.PDF, CLIN table",416.0,"exact-NSN history, most recent award",120224.0
SPE4A626T15VZ,0002,0000000000,,EA,1.0,0001S00000053,True,DIBBS|SPE4A626T15VZ|CLIN0002,"SPE4A626T15VZ.PDF, CLIN table",,,
SPE4A626T15YM,0001,7016753861,0001,EA,22.0,6150-01-451-1102,False,DIBBS|SPE4A626T15YM|CLIN0001,"SPE4A626T15YM.PDF, CLIN table",294.02,"exact-NSN history, most recent award",6468.44
SPE4A626T15YM,0002,0000000000,,EA,1.0,0001S00000053,True,DIBBS|SPE4A626T15YM|CLIN0002,"SPE4A626T15YM.PDF, CLIN table",,,
SPE4A626T15YY,0001,7017528909,0001,EA,1.0,5995-01-293-1450,False,DIBBS|SPE4A626T15YY|CLIN0001,"SPE4A626T15YY.PDF, CLIN table",,unpriced,
SPE4A626T15ZG,0001,7017864757,0001,EA,2.0,6150-01-280-1284,False,DIBBS|SPE4A626T15ZG|CLIN0001,"SPE4A626T15ZG.PDF, CLIN table",5110.0,"exact-NSN history, most recent award",10220.0
SPE4A626T15ZG,0002,0000000000,,EA,1.0,0001S00000052,True,DIBBS|SPE4A626T15ZG|CLIN0002,"SPE4A626T15ZG.PDF, CLIN table",,,
SPE4A626T16DS,0001,7017869232,0001,EA,59.0,5995-01-201-4129,False,DIBBS|SPE4A626T16DS|CLIN0001,"SPE4A626T16DS.PDF, CLIN table",299.81,"exact-NSN history, most recent award",17688.79
SPE4A626T16DS,0002,0000000000,,EA,1.0,0001S00000053,True,DIBBS|SPE4A626T16DS|CLIN0002,"SPE4A626T16DS.PDF, CLIN table",,,
SPE4A626T16DW,0001,7017870265,0001,EA,4.0,5995-01-208-2739,False,DIBBS|SPE4A626T16DW|CLIN0001,"SPE4A626T16DW.PDF, CLIN table",4223.0,"exact-NSN history, most recent award",16892.0
SPE4A626T16DW,0002,0000000000,,EA,1.0,0001S00000053,True,DIBBS|SPE4A626T16DW|CLIN0002,"SPE4A626T16DW.PDF, CLIN table",,,
SPE4A626T16JH,0001,7017869424,0001,EA,2.0,6150-01-678-1250,False,DIBBS|SPE4A626T16JH|CLIN0001,"SPE4A626T16JH.PDF, CLIN table",,unpriced,
SPE4A626T16JH,0002,0000000000,,EA,1.0,0001S00000053,True,DIBBS|SPE4A626T16JH|CLIN0002,"SPE4A626T16JH.PDF, CLIN table",,,
SPE4A626T16LA,0001,7017868529,0001,EA,8.0,6150-01-717-6264,False,DIBBS|SPE4A626T16LA|CLIN0001,"SPE4A626T16LA.PDF, CLIN table",4575.0,"exact-NSN history, most recent award",36600.0
SPE4A626T16MB,0001,7017868236,0001,EA,5.0,6150-01-663-7316,False,DIBBS|SPE4A626T16MB|CLIN0001,"SPE4A626T16MB.PDF, CLIN table",383.86,"exact-NSN history, most recent award",1919.3000000000002
SPE4A626T17AR,0001,7017868048,0001,EA,1.0,6150-01-654-4421,False,DIBBS|SPE4A626T17AR|CLIN0001,"SPE4A626T17AR.PDF, CLIN table",913.23,"exact-NSN history, most recent award",913.23
SPE4A626T17DX,0001,7017868247,0001,EA,2.0,6150-01-607-6612,False,DIBBS|SPE4A626T17DX|CLIN0001,"SPE4A626T17DX.PDF, CLIN table",692.5,"exact-NSN history, most recent award",1385.0
SPE4A626T17EH,0001,7017868221,0001,EA,9.0,6150-01-727-3608,False,DIBBS|SPE4A626T17EH|CLIN0001,"SPE4A626T17EH.PDF, CLIN table",4343.43,"exact-NSN history, most recent award",39090.87
SPE4A626T17FX,0001,7017055656,0001,EA,1.0,4920-01-565-4285,False,DIBBS|SPE4A626T17FX|CLIN0001,"SPE4A626T17FX.PDF, CLIN table",,unpriced,
SPE4A626T17HE,0001,7017868622,0001,EA,20.0,1420-01-714-8852,False,DIBBS|SPE4A626T17HE|CLIN0001,"SPE4A626T17HE.PDF, CLIN table",225.0,"exact-NSN history, most recent award",4500.0
SPE4A626T17HE,0002,0000000000,,EA,1.0,S00000061,True,DIBBS|SPE4A626T17HE|CLIN0002,"SPE4A626T17HE.PDF, CLIN table",,,
SPE4A626T17HR,0001,7017274277,0001,EA,3.0,6150-01-513-8479,False,DIBBS|SPE4A626T17HR|CLIN0001,"SPE4A626T17HR.PDF, CLIN table",4498.0,"exact-NSN history, most recent award",13494.0
SPE4A626T17JL,0001,7017493617,0001,EA,1.0,5995-01-601-1307,False,DIBBS|SPE4A626T17JL|CLIN0001,"SPE4A626T17JL.PDF, CLIN table",992.25,"exact-NSN history, most recent award",992.25
SPE4A626T17JL,0002,0000000000,,EA,1.0,0001S00000053,True,DIBBS|SPE4A626T17JL|CLIN0002,"SPE4A626T17JL.PDF, CLIN table",,,
SPE4A626T17KL,0001,7017809732,0001,EA,1.0,6150-01-104-8987,False,DIBBS|SPE4A626T17KL|CLIN0001,"SPE4A626T17KL.PDF, CLIN table",91.0,"exact-NSN history, most recent award",91.0
SPE4A626T17LC,0001,7017837833,0001,EA,1.0,6150-01-523-2454,False,DIBBS|SPE4A626T17LC|CLIN0001,"SPE4A626T17LC.PDF, CLIN table",11375.5,"exact-NSN history, most recent award",11375.5
SPE4A626T17MX,0001,7017915316,0001,EA,12.0,6150-00-003-9733,False,DIBBS|SPE4A626T17MX|CLIN0001,"SPE4A626T17MX.PDF, CLIN table",250.25,"exact-NSN history, most recent award",3003.0
SPE4A626T17WY,0001,7017912291,0001,EA,22.0,6150-00-993-6161,False,DIBBS|SPE4A626T17WY|CLIN0001,"SPE4A626T17WY.PDF, CLIN table",225.25,"exact-NSN history, most recent award",4955.5
SPE4A626T18CH,0001,7017915638,0001,EA,45.0,6150-01-344-0325,False,DIBBS|SPE4A626T18CH|CLIN0001,"SPE4A626T18CH.PDF, CLIN table",446.25,"exact-NSN history, most recent award",20081.25
SPE4A626T18CH,0002,0000000000,,EA,1.0,0001S00000052,True,DIBBS|SPE4A626T18CH|CLIN0002,"SPE4A626T18CH.PDF, CLIN table",,,
SPE4A626T18MR,0001,7017913384,0001,EA,166.0,6150-01-582-7230,False,DIBBS|SPE4A626T18MR|CLIN0001,"SPE4A626T18MR.PDF, CLIN table",139.0,"exact-NSN history, most recent award",23074.0
SPE4A626T18MR,0002,0000000000,,EA,1.0,S00000061,True,DIBBS|SPE4A626T18MR|CLIN0002,"SPE4A626T18MR.PDF, CLIN table",,,
SPE4A626T18Q0,0001,7016285629,0001,EA,555.0,5995-01-563-4678,False,DIBBS|SPE4A626T18Q0|CLIN0001,"SPE4A626T18Q0.PDF, CLIN table",5.16,"exact-NSN history, most recent award",2863.8
SPE4A626T18QM,0001,7017858540,0001,EA,1.0,6150-01-729-6259,False,DIBBS|SPE4A626T18QM|CLIN0001,"SPE4A626T18QM.PDF, CLIN table",777.77,"exact-NSN history, most recent award",777.77
SPE4A626T18SA,0001,7016753816,0001,EA,4.0,6150-01-462-5018,False,DIBBS|SPE4A626T18SA|CLIN0001,"SPE4A626T18SA.PDF, CLIN table",11500.0,"exact-NSN history, most recent award",46000.0
SPE4A626T18SA,0002,0000000000,,EA,1.0,0001S00000053,True,DIBBS|SPE4A626T18SA|CLIN0002,"SPE4A626T18SA.PDF, CLIN table",,,
SPE4A626T18XV,0001,7017912717,0001,EA,3.0,6150-01-440-4386,False,DIBBS|SPE4A626T18XV|CLIN0001,"SPE4A626T18XV.PDF, CLIN table",1800.0,"exact-NSN history, most recent award",5400.0
SPE4A626T18XV,0002,0000000000,,EA,1.0,0001S00000053,True,DIBBS|SPE4A626T18XV|CLIN0002,"SPE4A626T18XV.PDF, CLIN table",,,
SPE4A626T18ZT,0001,7017868889,0001,EA,1.0,5995-01-680-4465,False,DIBBS|SPE4A626T18ZT|CLIN0001,"SPE4A626T18ZT.PDF, CLIN table",4430.88,"exact-NSN history, most recent award",4430.88
SPE4A626T18ZT,0002,0000000000,,EA,1.0,0001S00000052,True,DIBBS|SPE4A626T18ZT|CLIN0002,"SPE4A626T18ZT.PDF, CLIN table",,,
SPE4A626T19AT,0001,7017916380,0001,EA,1.0,6210-01-174-8340,False,DIBBS|SPE4A626T19AT|CLIN0001,"SPE4A626T19AT.PDF, CLIN table",5448.0,"exact-NSN history, most recent award",5448.0
SPE4A626T19BM,0001,7017696659,0001,EA,3.0,5995-01-680-4464,False,DIBBS|SPE4A626T19BM|CLIN0001,"SPE4A626T19BM.PDF, CLIN table",2829.5,"exact-NSN history, most recent award",8488.5
SPE4A626T19BM,0002,0000000000,,EA,1.0,0001S00000053,True,DIBBS|SPE4A626T19BM|CLIN0002,"SPE4A626T19BM.PDF, CLIN table",,,
SPE4A626T19FJ,0001,7017939444,0001,EA,75.0,6150-01-128-5596,False,DIBBS|SPE4A626T19FJ|CLIN0001,"SPE4A626T19FJ.PDF, CLIN table",313.0,"exact-NSN history, most recent award",23475.0
SPE4A626T19FJ,0002,0000000000,,EA,1.0,0001S00000053,True,DIBBS|SPE4A626T19FJ|CLIN0002,"SPE4A626T19FJ.PDF, CLIN table",,,
SPE4A626T19GG,0001,7017940998,0001,EA,30.0,5995-01-074-0779,False,DIBBS|SPE4A626T19GG|CLIN0001,"SPE4A626T19GG.PDF, CLIN table",97.77,"exact-NSN history, most recent award",2933.1
SPE4A626T19HK,0001,7017939806,0001,EA,12.0,6150-01-350-1296,False,DIBBS|SPE4A626T19HK|CLIN0001,"SPE4A626T19HK.PDF, CLIN table",2175.0,"exact-NSN history, most recent award",26100.0
SPE4A626T19HK,0002,0000000000,,EA,1.0,0001S00000053,True,DIBBS|SPE4A626T19HK|CLIN0002,"SPE4A626T19HK.PDF, CLIN table",,,
SPE4A626T19LF,0001,7017939506,0001,EA,38.0,5995-01-537-3779,False,DIBBS|SPE4A626T19LF|CLIN0001,"SPE4A626T19LF.PDF, CLIN table",807.11,"exact-NSN history, most recent award",30670.18
SPE4A626T19LF,0002,0000000000,,EA,1.0,0001S00000052,True,DIBBS|SPE4A626T19LF|CLIN0002,"SPE4A626T19LF.PDF, CLIN table",,,
SPE4A626T19MD,0001,7017939264,0001,EA,88.0,6150-01-467-6783,False,DIBBS|SPE4A626T19MD|CLIN0001,"SPE4A626T19MD.PDF, CLIN table",338.0,"exact-NSN history, most recent award",29744.0
SPE4A626T19MD,0002,0000000000,,EA,1.0,S00000061,True,DIBBS|SPE4A626T19MD|CLIN0002,"SPE4A626T19MD.PDF, CLIN table",,,
SPE4A626T19MT,0001,7017939708,0001,EA,5.0,6150-01-625-6286,False,DIBBS|SPE4A626T19MT|CLIN0001,"SPE4A626T19MT.PDF, CLIN table",968.0,"exact-NSN history, most recent award",4840.0
SPE4A626T19NS,0001,7017938689,0001,EA,7.0,5995-01-665-6387,False,DIBBS|SPE4A626T19NS|CLIN0001,"SPE4A626T19NS.PDF, CLIN table",1395.26,"exact-NSN history, most recent award",9766.82
SPE4A626T19PC,0001,7017940786,0001,EA,24.0,6150-01-687-1879,False,DIBBS|SPE4A626T19PC|CLIN0001,"SPE4A626T19PC.PDF, CLIN table",3530.95,"exact-NSN history, most recent award",84742.79999999999
SPE4A626T19PC,0002,0000000000,,EA,1.0,0001S00000053,True,DIBBS|SPE4A626T19PC|CLIN0002,"SPE4A626T19PC.PDF, CLIN table",,,
SPE4A626T19Q2,0001,7013233837,0001,EA,81.0,6150-01-571-7873,False,DIBBS|SPE4A626T19Q2|CLIN0001,"SPE4A626T19Q2.PDF, CLIN table",550.0,"exact-NSN history, most recent award",44550.0
SPE4A626T19SR,0001,7017858527,0001,EA,1.0,5995-01-642-2945,False,DIBBS|SPE4A626T19SR|CLIN0001,"SPE4A626T19SR.PDF, CLIN table",502.77,"exact-NSN history, most recent award",502.77
SPE4A626T19TL,0001,7017939373,0001,EA,2.0,6150-01-593-8490,False,DIBBS|SPE4A626T19TL|CLIN0001,"SPE4A626T19TL.PDF, CLIN table",2250.0,"exact-NSN history, most recent award",4500.0
SPE4A626T19TL,0002,0000000000,,EA,1.0,S00000061,True,DIBBS|SPE4A626T19TL|CLIN0002,"SPE4A626T19TL.PDF, CLIN table",,,
SPE4A626T19VU,0001,7017940715,0001,EA,1.0,6150-01-676-0777,False,DIBBS|SPE4A626T19VU|CLIN0001,"SPE4A626T19VU.PDF, CLIN table",10800.0,"exact-NSN history, most recent award",10800.0
SPE4A626T19VU,0002,0000000000,,EA,1.0,0001S00000053,True,DIBBS|SPE4A626T19VU|CLIN0002,"SPE4A626T19VU.PDF, CLIN table",,,
SPE4A626T19WV,0001,7017940533,0001,EA,100.0,6150-01-210-3596,False,DIBBS|SPE4A626T19WV|CLIN0001,"SPE4A626T19WV.PDF, CLIN table",14.99,"exact-NSN history, most recent award",1499.0
SPE4A626T19WV,0002,0000000000,,EA,1.0,0001S00000053,True,DIBBS|SPE4A626T19WV|CLIN0002,"SPE4A626T19WV.PDF, CLIN table",,,
SPE4A626T20CZ,0001,7017950219,0001,EA,762.0,6150-01-081-1350,False,DIBBS|SPE4A626T20CZ|CLIN0001,"SPE4A626T20CZ.PDF, CLIN table",64.25,"exact-NSN history, most recent award",48958.5
SPE4A626T20CZ,0002,0000000000,,EA,1.0,0001S00000053,True,DIBBS|SPE4A626T20CZ|CLIN0002,"SPE4A626T20CZ.PDF, CLIN table",,,
SPE4A626T20CZ,0003,0000000000,,EA,1.0,S00000062,True,DIBBS|SPE4A626T20CZ|CLIN0003,"SPE4A626T20CZ.PDF, CLIN table",,,
SPE4A626T20EA,0001,7017838181,0001,EA,7.0,6150-01-624-0272,False,DIBBS|SPE4A626T20EA|CLIN0001,"SPE4A626T20EA.PDF, CLIN table",1300.0,"exact-NSN history, most recent award",9100.0
SPE4A626T20EA,0002,0000000000,,EA,1.0,S00000061,True,DIBBS|SPE4A626T20EA|CLIN0002,"SPE4A626T20EA.PDF, CLIN table",,,
SPE4A626T20FP,0001,7017870012,0001,EA,2.0,5995-01-571-2043,False,DIBBS|SPE4A626T20FP|CLIN0001,"SPE4A626T20FP.PDF, CLIN table",434.34,"exact-NSN history, most recent award",868.68
SPE4A626T20GV,0001,7017836987,0001,EA,27.0,6150-01-662-7173,False,DIBBS|SPE4A626T20GV|CLIN0001,"SPE4A626T20GV.PDF, CLIN table",499.95,"exact-NSN history, most recent award",13498.65
SPE4A626T20KG,0001,7017895818,0001,EA,1.0,5995-01-610-0682,False,DIBBS|SPE4A626T20KG|CLIN0001,"SPE4A626T20KG.PDF, CLIN table",2889.0,"exact-NSN history, most recent award",2889.0
SPE4A626T20QA,0001,7017938887,0001,EA,13.0,6150-01-662-7181,False,DIBBS|SPE4A626T20QA|CLIN0001,"SPE4A626T20QA.PDF, CLIN table",1375.0,"exact-NSN history, most recent award",17875.0
SPE4A626T20QC,0001,7017939594,0001,EA,13.0,5995-01-560-5079,False,DIBBS|SPE4A626T20QC|CLIN0001,"SPE4A626T20QC.PDF, CLIN table",310.25,"exact-NSN history, most recent award",4033.25
SPE4A626T20QD,0001,7017939619,0001,EA,14.0,6150-01-506-7477,False,DIBBS|SPE4A626T20QD|CLIN0001,"SPE4A626T20QD.PDF, CLIN table",483.0,"exact-NSN history, most recent award",6762.0
SPE4A626T20QD,0002,0000000000,,EA,1.0,0001S00000053,True,DIBBS|SPE4A626T20QD|CLIN0002,"SPE4A626T20QD.PDF, CLIN table",,,
SPE4A626T20RA,0001,7017940804,0001,EA,2.0,5995-01-684-0876,False,DIBBS|SPE4A626T20RA|CLIN0001,"SPE4A626T20RA.PDF, CLIN table",1947.36,"exact-NSN history, most recent award",3894.72
SPE4A626T20RA,0002,0000000000,,EA,1.0,0001S00000053,True,DIBBS|SPE4A626T20RA|CLIN0002,"SPE4A626T20RA.PDF, CLIN table",,,
SPE4A626T20RL,0001,7017839108,0001,EA,2.0,6150-01-306-7065,False,DIBBS|SPE4A626T20RL|CLIN0001,"SPE4A626T20RL.PDF, CLIN table",1249.0,"exact-NSN history, most recent award",2498.0
SPE4A626T21AL,0001,7017837703,0001,EA,27.0,6150-01-598-0863,False,DIBBS|SPE4A626T21AL|CLIN0001,"SPE4A626T21AL.PDF, CLIN table",87.0,"exact-NSN history, most recent award",2349.0
SPE4A626T21AL,0002,0000000000,,EA,1.0,S00000061,True,DIBBS|SPE4A626T21AL|CLIN0002,"SPE4A626T21AL.PDF, CLIN table",,,
SPE4A626T21M9,0001,7016336347,0001,EA,2.0,6150-01-668-5537,False,DIBBS|SPE4A626T21M9|CLIN0001,"SPE4A626T21M9.PDF, CLIN table",,unpriced,
SPE4A626T21NK,0001,7017880078,0001,EA,1.0,6150-01-660-0430,False,DIBBS|SPE4A626T21NK|CLIN0001,"SPE4A626T21NK.PDF, CLIN table",850.0,"exact-NSN history, most recent award",850.0
SPE4A626T21SE,0001,7017674703,0001,EA,1.0,5995-01-710-5540,False,DIBBS|SPE4A626T21SE|CLIN0001,"SPE4A626T21SE.PDF, CLIN table",,unpriced,
SPE4A626T21SH,0001,7017480873,0001,EA,3.0,5995-01-513-8562,False,DIBBS|SPE4A626T21SH|CLIN0001,"SPE4A626T21SH.PDF, CLIN table",201.92,"exact-NSN history, most recent award",605.76
SPE4A626T21SH,0002,0000000000,,EA,1.0,0001S00000053,True,DIBBS|SPE4A626T21SH|CLIN0002,"SPE4A626T21SH.PDF, CLIN table",,,
SPE4A626T21UT,0001,7016471861,0001,EA,124.0,5995-01-693-3894,False,DIBBS|SPE4A626T21UT|CLIN0001,"SPE4A626T21UT.PDF, CLIN table",,unpriced,
SPE4A626T21UT,0002,0000000000,,EA,1.0,0001S00000053,True,DIBBS|SPE4A626T21UT|CLIN0002,"SPE4A626T21UT.PDF, CLIN table",,,
SPE4A626T21UT,0003,0000000000,,EA,1.0,S00000062,True,DIBBS|SPE4A626T21UT|CLIN0003,"SPE4A626T21UT.PDF, CLIN table",,,
SPE4A626T21WK,0001,7015955179,0001,EA,40.0,6150-01-582-5556,False,DIBBS|SPE4A626T21WK|CLIN0001,"SPE4A626T21WK.PDF, CLIN table",2120.0,"exact-NSN history, most recent award",84800.0
SPE4A626T21WK,0002,0000000000,,EA,1.0,0001S00000053,True,DIBBS|SPE4A626T21WK|CLIN0002,"SPE4A626T21WK.PDF, CLIN table",,,
SPE4A626T21XB,0001,7017965621,0001,EA,1.0,6150-01-540-8031,False,DIBBS|SPE4A626T21XB|CLIN0001,"SPE4A626T21XB.PDF, CLIN table",,unpriced,
SPE4A626T21XK,0001,7014870755,0001,EA,54.0,6220-01-130-6632,False,DIBBS|SPE4A626T21XK|CLIN0001,"SPE4A626T21XK.PDF, CLIN table",384.0,"exact-NSN history, most recent award",20736.0
SPE4A626T21XK,0002,0000000000,,EA,1.0,0001S00000053,True,DIBBS|SPE4A626T21XK|CLIN0002,"SPE4A626T21XK.PDF, CLIN table",,,
SPE4A626T21XL,0001,7017741001,0001,EA,14.0,5995-01-674-4050,False,DIBBS|SPE4A626T21XL|CLIN0001,"SPE4A626T21XL.PDF, CLIN table",3275.0,"exact-NSN history, most recent award",45850.0
SPE4A626T21XL,0002,0000000000,,EA,1.0,0001S00000053,True,DIBBS|SPE4A626T21XL|CLIN0002,"SPE4A626T21XL.PDF, CLIN table",,,
SPE4A626T21YD,0001,7014545656,0001,EA,14.0,5995-01-677-8566,False,DIBBS|SPE4A626T21YD|CLIN0001,"SPE4A626T21YD.PDF, CLIN table",273.62,"exact-NSN history, most recent award",3830.6800000000003
SPE4A626T21YD,0002,0000000000,,EA,1.0,0001S00000053,True,DIBBS|SPE4A626T21YD|CLIN0002,"SPE4A626T21YD.PDF, CLIN table",,,
SPE4A626T21YK,0001,7017383791,0001,EA,11.0,5995-01-406-8999,False,DIBBS|SPE4A626T21YK|CLIN0001,"SPE4A626T21YK.PDF, CLIN table",2989.75,"exact-NSN history, most recent award",32887.25
SPE4A626T21YK,0002,0000000000,,EA,1.0,0001S00000052,True,DIBBS|SPE4A626T21YK|CLIN0002,"SPE4A626T21YK.PDF, CLIN table",,,
SPE4A626T21YM,0001,7014545125,0001,EA,3.0,5995-01-718-8266,False,DIBBS|SPE4A626T21YM|CLIN0001,"SPE4A626T21YM.PDF, CLIN table",5390.0,"exact-NSN history, most recent award",16170.0
SPE4A626T21YM,0002,0000000000,,EA,1.0,S00000061,True,DIBBS|SPE4A626T21YM|CLIN0002,"SPE4A626T21YM.PDF, CLIN table",,,
SPE4A626T22GG,0001,7017486289,0001,EA,10.0,6150-01-491-8386,False,DIBBS|SPE4A626T22GG|CLIN0001,"SPE4A626T22GG.PDF, CLIN table",2024.2,"exact-NSN history, most recent award",20242.0
SPE4A626T22HM,0001,7017837283,0001,EA,18.0,6150-01-473-2454,False,DIBBS|SPE4A626T22HM|CLIN0001,"SPE4A626T22HM.PDF, CLIN table",232.25,"exact-NSN history, most recent award",4180.5
SPE4A626T22HM,0002,0000000000,,EA,1.0,0001S00000053,True,DIBBS|SPE4A626T22HM|CLIN0002,"SPE4A626T22HM.PDF, CLIN table",,,
SPE4A626T22HS,0001,7014870284,0001,EA,3.0,5995-01-520-9726,False,DIBBS|SPE4A626T22HS|CLIN0001,"SPE4A626T22HS.PDF, CLIN table",2399.0,"exact-NSN history, most recent award",7197.0
SPE4A626T22HS,0002,7014870284,0002,EA,33.0,5995-01-520-9726,False,DIBBS|SPE4A626T22HS|CLIN0002,"SPE4A626T22HS.PDF, CLIN table",2399.0,"exact-NSN history, most recent award",79167.0
SPE4A626T22HS,0003,0000000000,,EA,1.0,0001S00000053,True,DIBBS|SPE4A626T22HS|CLIN0003,"SPE4A626T22HS.PDF, CLIN table",,,
SPE4A626T22JE,0001,7015454344,0001,EA,6.0,6150-15-035-4167,False,DIBBS|SPE4A626T22JE|CLIN0001,"SPE4A626T22JE.PDF, CLIN table",,unpriced,
SPE4A626T22JX,0001,7017408491,0001,EA,5.0,6150-01-536-8764,False,DIBBS|SPE4A626T22JX|CLIN0001,"SPE4A626T22JX.PDF, CLIN table",1829.75,"exact-NSN history, most recent award",9148.75
SPE4A626T22JX,0002,0000000000,,EA,1.0,0001S00000053,True,DIBBS|SPE4A626T22JX|CLIN0002,"SPE4A626T22JX.PDF, CLIN table",,,
SPE4A626T22ND,0001,7017698084,0001,EA,2.0,5995-01-724-6399,False,DIBBS|SPE4A626T22ND|CLIN0001,"SPE4A626T22ND.PDF, CLIN table",,unpriced,
SPE4A626T22NG,0001,7017940738,0001,EA,2.0,5995-01-674-2694,False,DIBBS|SPE4A626T22NG|CLIN0001,"SPE4A626T22NG.PDF, CLIN table",2492.25,"exact-NSN history, most recent award",4984.5
SPE4A626T22NG,0002,0000000000,,EA,1.0,0001S00000053,True,DIBBS|SPE4A626T22NG|CLIN0002,"SPE4A626T22NG.PDF, CLIN table",,,
SPE4A626T22NN,0001,7017913232,0001,EA,10.0,6150-01-651-9394,False,DIBBS|SPE4A626T22NN|CLIN0001,"SPE4A626T22NN.PDF, CLIN table",907.52,"exact-NSN history, most recent award",9075.2
SPE4A626T22QQ,0001,7016752872,0001,AY,21.0,6150-01-235-0423,False,DIBBS|SPE4A626T22QQ|CLIN0001,"SPE4A626T22QQ.PDF, CLIN table",1025.5,"exact-NSN history, most recent award",21535.5
SPE4A626T22QY,0001,7017740930,0001,EA,46.0,6150-01-678-6731,False,DIBBS|SPE4A626T22QY|CLIN0001,"SPE4A626T22QY.PDF, CLIN table",188.23,"exact-NSN history, most recent award",8658.58
SPE4A626T23DU,0001,7017940890,0001,EA,13.0,6150-01-669-2995,False,DIBBS|SPE4A626T23DU|CLIN0001,"SPE4A626T23DU.PDF, CLIN table",2100.0,"exact-NSN history, most recent award",27300.0
SPE4A626T23DU,0002,0000000000,,EA,1.0,0001S00000053,True,DIBBS|SPE4A626T23DU|CLIN0002,"SPE4A626T23DU.PDF, CLIN table",,,
SPE4A626T23GU,0001,7018066625,0001,EA,2.0,5995-01-434-1161,False,DIBBS|SPE4A626T23GU|CLIN0001,"SPE4A626T23GU.PDF, CLIN table",409.35,"exact-NSN history, most recent award",818.7
SPE4A626T23LL,0001,7018069530,0001,EA,6.0,6150-00-707-3949,False,DIBBS|SPE4A626T23LL|CLIN0001,"SPE4A626T23LL.PDF, CLIN table",73.84,"exact-NSN history, most recent award",443.04
SPE4A626T23RC,0001,7018066578,0001,EA,7.0,6150-01-677-9978,False,DIBBS|SPE4A626T23RC|CLIN0001,"SPE4A626T23RC.PDF, CLIN table",75.28,"exact-NSN history, most recent award",526.96
SPE4A626T23YA,0001,7018020383,0001,EA,1.0,6150-01-367-5604,False,DIBBS|SPE4A626T23YA|CLIN0001,"SPE4A626T23YA.PDF, CLIN table",360.0,"exact-NSN history, most recent award",360.0
SPE4A626T23YH,0001,7017990829,0001,EA,3.0,6150-01-513-6210,False,DIBBS|SPE4A626T23YH|CLIN0001,"SPE4A626T23YH.PDF, CLIN table",6283.0,"exact-NSN history, most recent award",18849.0
SPE4A626T24CG,0001,7015974592,0001,EA,2.0,5995-01-692-7565,False,DIBBS|SPE4A626T24CG|CLIN0001,"SPE4A626T24CG.PDF, CLIN table",,unpriced,
SPE4A626T24CJ,0001,7017274394,0001,EA,2.0,5995-01-706-9116,False,DIBBS|SPE4A626T24CJ|CLIN0001,"SPE4A626T24CJ.PDF, CLIN table",,unpriced,
SPE4A626T24DD,0001,7018024547,0001,EA,1.0,6150-01-702-2653,False,DIBBS|SPE4A626T24DD|CLIN0001,"SPE4A626T24DD.PDF, CLIN table",3525.25,"exact-NSN history, most recent award",3525.25
SPE4A626T24DH,0001,7018069466,0001,EA,5.0,3110-00-679-9631,False,DIBBS|SPE4A626T24DH|CLIN0001,"SPE4A626T24DH.PDF, CLIN table",84.7,"exact-NSN history, most recent award",423.5
SPE4A626T24DK,0001,7016227738,0001,EA,10.0,5995-01-281-8805,False,DIBBS|SPE4A626T24DK|CLIN0001,"SPE4A626T24DK.PDF, CLIN table",1800.42,"exact-NSN history, most recent award",18004.2
SPE4A626T24DK,0002,0000000000,,EA,1.0,S00000061,True,DIBBS|SPE4A626T24DK|CLIN0002,"SPE4A626T24DK.PDF, CLIN table",,,
SPE4A626T24JC,0001,7017838923,0001,EA,15.0,5995-01-678-0764,False,DIBBS|SPE4A626T24JC|CLIN0001,"SPE4A626T24JC.PDF, CLIN table",400.0,"exact-NSN history, most recent award",6000.0
SPE4A626T24JC,0002,0000000000,,EA,1.0,0001S00000053,True,DIBBS|SPE4A626T24JC|CLIN0002,"SPE4A626T24JC.PDF, CLIN table",,,
SPE4A626T24KK,0001,7018067841,0001,EA,30.0,6150-01-389-6169,False,DIBBS|SPE4A626T24KK|CLIN0001,"SPE4A626T24KK.PDF, CLIN table",3065.0,"exact-NSN history, most recent award",91950.0
SPE4A626T24KK,0002,0000000000,,EA,1.0,0001S00000053,True,DIBBS|SPE4A626T24KK|CLIN0002,"SPE4A626T24KK.PDF, CLIN table",,,
SPE4A626T24KK,0003,0000000000,,EA,1.0,S00000062,True,DIBBS|SPE4A626T24KK|CLIN0003,"SPE4A626T24KK.PDF, CLIN table",,,
SPE4A626T24NQ,0001,7018016322,0001,EA,10.0,6150-01-312-4174,False,DIBBS|SPE4A626T24NQ|CLIN0001,"SPE4A626T24NQ.PDF, CLIN table",910.75,"exact-NSN history, most recent award",9107.5
SPE4A626T24YD,0001,7017395757,0001,EA,1.0,5995-01-674-1721,False,DIBBS|SPE4A626T24YD|CLIN0001,"SPE4A626T24YD.PDF, CLIN table",663.0,"exact-NSN history, most recent award",663.0
SPE4A626T25AL,0001,7018067777,0001,EA,2.0,5995-01-623-0195,False,DIBBS|SPE4A626T25AL|CLIN0001,"SPE4A626T25AL.PDF, CLIN table",19225.5,"exact-NSN history, most recent award",38451.0
SPE4A626T25AL,0002,0000000000,,EA,1.0,0001S00000052,True,DIBBS|SPE4A626T25AL|CLIN0002,"SPE4A626T25AL.PDF, CLIN table",,,
SPE4A626T25TL,0001,7017837761,0001,EA,4.0,6150-01-506-3655,False,DIBBS|SPE4A626T25TL|CLIN0001,"SPE4A626T25TL.PDF, CLIN table",2908.0,"exact-NSN history, most recent award",11632.0
SPE4A626T25TL,0002,0000000000,,EA,1.0,0001S00000053,True,DIBBS|SPE4A626T25TL|CLIN0002,"SPE4A626T25TL.PDF, CLIN table",,,
SPE4A626T25UP,0001,7017941003,0001,EA,52.0,1420-01-070-4995,False,DIBBS|SPE4A626T25UP|CLIN0001,"SPE4A626T25UP.PDF, CLIN table",9.75,"exact-NSN history, most recent award",507.0
SPE4A626T25V8,0001,7016309985,0001,EA,1.0,6150-01-523-7528,False,DIBBS|SPE4A626T25V8|CLIN0001,"SPE4A626T25V8.PDF, CLIN table",3566.0,"exact-NSN history, most recent award",3566.0
SPE4A626T25VG,0001,7018087632,0001,EA,2.0,5995-01-513-1226,False,DIBBS|SPE4A626T25VG|CLIN0001,"SPE4A626T25VG.PDF, CLIN table",1125.25,"exact-NSN history, most recent award",2250.5
SPE4A626T25XG,0001,7017939446,0001,EA,42.0,6150-01-128-5590,False,DIBBS|SPE4A626T25XG|CLIN0001,"SPE4A626T25XG.PDF, CLIN table",379.26,"exact-NSN history, most recent award",15928.92
SPE4A626T25XG,0002,0000000000,,EA,1.0,0001S00000053,True,DIBBS|SPE4A626T25XG|CLIN0002,"SPE4A626T25XG.PDF, CLIN table",,,
SPE4A626T26JS,0001,7018115989,0001,EA,1.0,6150-01-666-6420,False,DIBBS|SPE4A626T26JS|CLIN0001,"SPE4A626T26JS.PDF, CLIN table",477.77,"exact-NSN history, most recent award",477.77
SPE4A626T26PD,0001,7017529361,0001,EA,9.0,6150-01-422-9129,False,DIBBS|SPE4A626T26PD|CLIN0001,"SPE4A626T26PD.PDF, CLIN table",1152.5,"exact-NSN history, most recent award",10372.5
SPE4A626T26QT,0001,7018194839,0001,EA,6.0,6150-01-607-6680,False,DIBBS|SPE4A626T26QT|CLIN0001,"SPE4A626T26QT.PDF, CLIN table",2294.0,"exact-NSN history, most recent award",13764.0
SPE4A626T26RT,0001,7018129760,0001,EA,2.0,6150-01-651-7337,False,DIBBS|SPE4A626T26RT|CLIN0001,"SPE4A626T26RT.PDF, CLIN table",1320.0,"exact-NSN history, most recent award",2640.0
SPE4A626T26RT,0002,7018129761,0001,EA,1.0,6150-01-651-7337,False,DIBBS|SPE4A626T26RT|CLIN0002,"SPE4A626T26RT.PDF, CLIN table",1320.0,"exact-NSN history, most recent award",1320.0
SPE4A626T26RT,0003,0000000000,,EA,1.0,0001S00000053,True,DIBBS|SPE4A626T26RT|CLIN0003,"SPE4A626T26RT.PDF, CLIN table",,,
SPE4A626T26SE,0001,7018197372,0001,EA,41.0,6150-01-440-2996,False,DIBBS|SPE4A626T26SE|CLIN0001,"SPE4A626T26SE.PDF, CLIN table",675.32,"exact-NSN history, most recent award",27688.120000000003
SPE4A626T26SS,0001,7017272651,0001,EA,18.0,6150-01-669-5727,False,DIBBS|SPE4A626T26SS|CLIN0001,"SPE4A626T26SS.PDF, CLIN table",,unpriced,
SPE4A626T26SS,0002,0000000000,,EA,1.0,0001S00000053,True,DIBBS|SPE4A626T26SS|CLIN0002,"SPE4A626T26SS.PDF, CLIN table",,,
SPE4A626T26YV,0001,7018067859,0001,EA,2.0,6150-01-091-4293,False,DIBBS|SPE4A626T26YV|CLIN0001,"SPE4A626T26YV.PDF, CLIN table",2800.0,"exact-NSN history, most recent award",5600.0
SPE4A626T26YV,0002,0000000000,,EA,1.0,S00000061,True,DIBBS|SPE4A626T26YV|CLIN0002,"SPE4A626T26YV.PDF, CLIN table",,,
SPE4A626T26ZV,0001,7017914608,0001,EA,99.0,5995-01-425-7122,False,DIBBS|SPE4A626T26ZV|CLIN0001,"SPE4A626T26ZV.PDF, CLIN table",1275.47,"exact-NSN history, most recent award",126271.53
SPE4A626T26ZV,0002,0000000000,,EA,1.0,0001S00000053,True,DIBBS|SPE4A626T26ZV|CLIN0002,"SPE4A626T26ZV.PDF, CLIN table",,,
SPE4A626T27AA,0001,7018067928,0001,EA,13.0,5995-01-406-8999,False,DIBBS|SPE4A626T27AA|CLIN0001,"SPE4A626T27AA.PDF, CLIN table",2989.75,"exact-NSN history, most recent award",38866.75
SPE4A626T27AA,0002,0000000000,,EA,1.0,0001S00000052,True,DIBBS|SPE4A626T27AA|CLIN0002,"SPE4A626T27AA.PDF, CLIN table",,,
SPE4A626T27AM,0001,7018068426,0001,EA,5.0,5995-01-721-2473,False,DIBBS|SPE4A626T27AM|CLIN0001,"SPE4A626T27AM.PDF, CLIN table",,unpriced,
SPE4A626T27AV,0001,7017837155,0001,EA,2.0,5995-01-728-7760,False,DIBBS|SPE4A626T27AV|CLIN0001,"SPE4A626T27AV.PDF, CLIN table",,unpriced,
SPE4A626T27BJ,0001,7017730384,0001,EA,3.0,5995-01-412-5883,False,DIBBS|SPE4A626T27BJ|CLIN0001,"SPE4A626T27BJ.PDF, CLIN table",,unpriced,
SPE4A626T27DN,0001,7015853798,0001,EA,35.0,6150-01-669-9634,False,DIBBS|SPE4A626T27DN|CLIN0001,"SPE4A626T27DN.PDF, CLIN table",123.0,"exact-NSN history, most recent award",4305.0
SPE4A626T27DN,0002,0000000000,,EA,1.0,0001S00000053,True,DIBBS|SPE4A626T27DN|CLIN0002,"SPE4A626T27DN.PDF, CLIN table",,,
SPE4A626T27EK,0001,7017697068,0001,EA,3.0,5995-01-579-7009,False,DIBBS|SPE4A626T27EK|CLIN0001,"SPE4A626T27EK.PDF, CLIN table",146.5,"exact-NSN history, most recent award",439.5
SPE4A626T27GW,0001,7018147053,0001,EA,1.0,6150-01-601-2876,False,DIBBS|SPE4A626T27GW|CLIN0001,"SPE4A626T27GW.PDF, CLIN table",1494.16,"exact-NSN history, most recent award",1494.16
SPE4A626T27PJ,0001,7018247843,0001,EA,2.0,5995-01-195-3142,False,DIBBS|SPE4A626T27PJ|CLIN0001,"SPE4A626T27PJ.PDF, CLIN table",739.0,"exact-NSN history, most recent award",1478.0
SPE4A626T27PN,0001,7018247848,0001,EA,13.0,5995-01-199-4045,False,DIBBS|SPE4A626T27PN|CLIN0001,"SPE4A626T27PN.PDF, CLIN table",6384.0,"exact-NSN history, most recent award",82992.0
SPE4A626T27PN,0002,0000000000,,EA,1.0,S00000061,True,DIBBS|SPE4A626T27PN|CLIN0002,"SPE4A626T27PN.PDF, CLIN table",,,
SPE4A626T27T7,0001,7016438254,0001,EA,5.0,6150-01-165-5659,False,DIBBS|SPE4A626T27T7|CLIN0001,"SPE4A626T27T7.PDF, CLIN table",5885.0,"exact-NSN history, most recent award",29425.0
SPE4A626T27T7,0002,0000000000,,EA,1.0,0001S00000053,True,DIBBS|SPE4A626T27T7|CLIN0002,"SPE4A626T27T7.PDF, CLIN table",,,
SPE4A626T27TB,0001,7018247775,0001,EA,23.0,6150-01-442-8441,False,DIBBS|SPE4A626T27TB|CLIN0001,"SPE4A626T27TB.PDF, CLIN table",12.99,"exact-NSN history, most recent award",298.77
SPE4A626T27TB,0002,7018247775,0002,EA,147.0,6150-01-442-8441,False,DIBBS|SPE4A626T27TB|CLIN0002,"SPE4A626T27TB.PDF, CLIN table",12.99,"exact-NSN history, most recent award",1909.53
SPE4A626T27WX,0001,7018247290,0001,EA,2.0,5995-01-676-1126,False,DIBBS|SPE4A626T27WX|CLIN0001,"SPE4A626T27WX.PDF, CLIN table",3600.0,"exact-NSN history, most recent award",7200.0
SPE4A626T27WX,0002,0000000000,,EA,1.0,0001S00000053,True,DIBBS|SPE4A626T27WX|CLIN0002,"SPE4A626T27WX.PDF, CLIN table",,,
SPE4A626T27XC,0001,7018248043,0001,EA,3.0,6150-01-589-1848,False,DIBBS|SPE4A626T27XC|CLIN0001,"SPE4A626T27XC.PDF, CLIN table",3925.0,"exact-NSN history, most recent award",11775.0
SPE4A626T27XC,0002,0000000000,,EA,1.0,S00000061,True,DIBBS|SPE4A626T27XC|CLIN0002,"SPE4A626T27XC.PDF, CLIN table",,,
SPE4A626T27YB,0001,7018247279,0001,EA,2.0,6150-01-676-4131,False,DIBBS|SPE4A626T27YB|CLIN0001,"SPE4A626T27YB.PDF, CLIN table",2225.0,"exact-NSN history, most recent award",4450.0
SPE4A626T27YB,0002,0000000000,,EA,1.0,0001S00000053,True,DIBBS|SPE4A626T27YB|CLIN0002,"SPE4A626T27YB.PDF, CLIN table",,,
SPE4A626T27YM,0001,7018247349,0001,EA,200.0,5995-01-697-0336,False,DIBBS|SPE4A626T27YM|CLIN0001,"SPE4A626T27YM.PDF, CLIN table",102.0,"exact-NSN history, most recent award",20400.0
SPE4A626T28BU,0001,7018185637,0001,EA,2.0,6150-01-666-6420,False,DIBBS|SPE4A626T28BU|CLIN0001,"SPE4A626T28BU.PDF, CLIN table",477.77,"exact-NSN history, most recent award",955.54
SPE4A626T28CN,0001,7018185808,0001,EA,2.0,5995-01-660-0650,False,DIBBS|SPE4A626T28CN|CLIN0001,"SPE4A626T28CN.PDF, CLIN table",5670.0,"exact-NSN history, most recent award",11340.0
SPE4A626T28DZ,0001,7015607076,0001,EA,21.0,3110-01-453-8330,False,DIBBS|SPE4A626T28DZ|CLIN0001,"SPE4A626T28DZ.PDF, CLIN table",882.89,"exact-NSN history, most recent award",18540.69
SPE4A626T28HP,0001,7017949660,0001,EA,1.0,5995-01-716-9374,False,DIBBS|SPE4A626T28HP|CLIN0001,"SPE4A626T28HP.PDF, CLIN table",777.77,"exact-NSN history, most recent award",777.77
SPE4A626T28HP,0002,7017947105,0001,EA,1.0,5995-01-716-9374,False,DIBBS|SPE4A626T28HP|CLIN0002,"SPE4A626T28HP.PDF, CLIN table",777.77,"exact-NSN history, most recent award",777.77
SPE4A626T28HX,0001,7016848835,0001,EA,2.0,6150-01-676-4131,False,DIBBS|SPE4A626T28HX|CLIN0001,"SPE4A626T28HX.PDF, CLIN table",2225.0,"exact-NSN history, most recent award",4450.0
SPE4A626T28HX,0002,0000000000,,EA,1.0,0001S00000053,True,DIBBS|SPE4A626T28HX|CLIN0002,"SPE4A626T28HX.PDF, CLIN table",,,
SPE4A626T28KK,0001,7012491643,0001,EA,3.0,6695-01-612-7686,False,DIBBS|SPE4A626T28KK|CLIN0001,"SPE4A626T28KK.PDF, CLIN table",43400.0,"exact-NSN history, most recent award",130200.0
SPE4A626T28NP,0001,7018247866,0001,EA,9.0,5995-01-463-3334,False,DIBBS|SPE4A626T28NP|CLIN0001,"SPE4A626T28NP.PDF, CLIN table",458.0,"exact-NSN history, most recent award",4122.0
SPE4A626T28NP,0002,0000000000,,EA,1.0,S00000061,True,DIBBS|SPE4A626T28NP|CLIN0002,"SPE4A626T28NP.PDF, CLIN table",,,
SPE4A626T28NV,0001,7018247664,0001,EA,8.0,5995-01-447-0749,False,DIBBS|SPE4A626T28NV|CLIN0001,"SPE4A626T28NV.PDF, CLIN table",441.73,"exact-NSN history, most recent award",3533.84
SPE4A626T28NV,0002,0000000000,,EA,1.0,S00000061,True,DIBBS|SPE4A626T28NV|CLIN0002,"SPE4A626T28NV.PDF, CLIN table",,,
SPE4A626T28PB,0001,7018272910,0001,EA,90.0,6210-00-067-8385,False,DIBBS|SPE4A626T28PB|CLIN0001,"SPE4A626T28PB.PDF, CLIN table",9.49,"exact-NSN history, most recent award",854.1
SPE4A626T28QH,0001,7018248681,0001,EA,73.0,5995-01-225-7627,False,DIBBS|SPE4A626T28QH|CLIN0001,"SPE4A626T28QH.PDF, CLIN table",92.12,"exact-NSN history, most recent award",6724.76
SPE4A626T28QH,0002,0000000000,,EA,1.0,0001S00000053,True,DIBBS|SPE4A626T28QH|CLIN0002,"SPE4A626T28QH.PDF, CLIN table",,,
SPE4A626T28QS,0001,7016716733,0001,EA,1.0,6150-01-673-0212,False,DIBBS|SPE4A626T28QS|CLIN0001,"SPE4A626T28QS.PDF, CLIN table",11.33,"exact-NSN history, most recent award",11.33
SPE4A626T28QS,0002,0000000000,,EA,1.0,0001S00000053,True,DIBBS|SPE4A626T28QS|CLIN0002,"SPE4A626T28QS.PDF, CLIN table",,,
SPE4A626T28TQ,0001,7018248677,0001,EA,23.0,6150-01-316-1244,False,DIBBS|SPE4A626T28TQ|CLIN0001,"SPE4A626T28TQ.PDF, CLIN table",,unpriced,
SPE4A626T28UP,0001,7018287825,0001,EA,181.0,5995-01-054-7178,False,DIBBS|SPE4A626T28UP|CLIN0001,"SPE4A626T28UP.PDF, CLIN table",26.84,"exact-NSN history, most recent award",4858.04
SPE4A626T28VK,0001,7018283486,0001,EA,5.0,6150-01-302-7711,False,DIBBS|SPE4A626T28VK|CLIN0001,"SPE4A626T28VK.PDF, CLIN table",452.0,"exact-NSN history, most recent award",2260.0
SPE4A626T28VS,0001,7018248440,0001,EA,19.0,6150-01-352-3934,False,DIBBS|SPE4A626T28VS|CLIN0001,"SPE4A626T28VS.PDF, CLIN table",1340.0,"exact-NSN history, most recent award",25460.0
SPE4A626T28VS,0002,0000000000,,EA,1.0,0001S00000052,True,DIBBS|SPE4A626T28VS|CLIN0002,"SPE4A626T28VS.PDF, CLIN table",,,
SPE4A626T28VW,0001,7015245951,0001,EA,4.0,6150-01-650-4957,False,DIBBS|SPE4A626T28VW|CLIN0001,"SPE4A626T28VW.PDF, CLIN table",2472.5,"exact-NSN history, most recent award",9890.0
SPE4A626T28WN,0001,7018248673,0001,EA,19.0,6150-01-316-8833,False,DIBBS|SPE4A626T28WN|CLIN0001,"SPE4A626T28WN.PDF, CLIN table",587.35,"exact-NSN history, most recent award",11159.65
SPE4A626T28WN,0002,0000000000,,EA,1.0,0001S00000053,True,DIBBS|SPE4A626T28WN|CLIN0002,"SPE4A626T28WN.PDF, CLIN table",,,
SPE4A626T28WR,0001,7018249075,0001,EA,3.0,6150-01-431-4335,False,DIBBS|SPE4A626T28WR|CLIN0001,"SPE4A626T28WR.PDF, CLIN table",2910.75,"exact-NSN history, most recent award",8732.25
SPE4A626T28WR,0002,0000000000,,EA,1.0,0001S00000053,True,DIBBS|SPE4A626T28WR|CLIN0002,"SPE4A626T28WR.PDF, CLIN table",,,
SPE4A626T28WS,0001,7017939282,0001,EA,3.0,5995-01-571-9578,False,DIBBS|SPE4A626T28WS|CLIN0001,"SPE4A626T28WS.PDF, CLIN table",2100.5,"exact-NSN history, most recent award",6301.5
SPE4A626T28WU,0001,7018277487,0001,EA,5.0,6210-00-844-7449,False,DIBBS|SPE4A626T28WU|CLIN0001,"SPE4A626T28WU.PDF, CLIN table",64.99,"exact-NSN history, most recent award",324.95
SPE4A626T28YD,0001,7018227186,0001,EA,1.0,5995-01-682-8158,False,DIBBS|SPE4A626T28YD|CLIN0001,"SPE4A626T28YD.PDF, CLIN table",2993.5,"exact-NSN history, most recent award",2993.5
SPE4A626T28YD,0002,0000000000,,EA,1.0,S00000061,True,DIBBS|SPE4A626T28YD|CLIN0002,"SPE4A626T28YD.PDF, CLIN table",,,
SPE4A626T29CL,0001,7018235004,0001,EA,1.0,5995-01-618-7842,False,DIBBS|SPE4A626T29CL|CLIN0001,"SPE4A626T29CL.PDF, CLIN table",967.0,"exact-NSN history, most recent award",967.0
SPE4A626T29CT,0001,7015657007,0001,EA,15.0,5995-01-579-9917,False,DIBBS|SPE4A626T29CT|CLIN0001,"SPE4A626T29CT.PDF, CLIN table",2369.0,"exact-NSN history, most recent award",35535.0
SPE4A626T29CT,0002,0000000000,,EA,1.0,0001S00000053,True,DIBBS|SPE4A626T29CT|CLIN0002,"SPE4A626T29CT.PDF, CLIN table",,,
SPE4A626T29DB,0001,7018067940,0001,EA,6.0,6150-01-705-6689,False,DIBBS|SPE4A626T29DB|CLIN0001,"SPE4A626T29DB.PDF, CLIN table",2625.0,"exact-NSN history, most recent award",15750.0
SPE4A626T29GW,0001,7017727276,0001,EA,1.0,5995-01-645-8758,False,DIBBS|SPE4A626T29GW|CLIN0001,"SPE4A626T29GW.PDF, CLIN table",,unpriced,
SPE4A626T29HA,0001,7018027438,0001,EA,1.0,5995-01-722-0758,False,DIBBS|SPE4A626T29HA|CLIN0001,"SPE4A626T29HA.PDF, CLIN table",,unpriced,
SPE4A626T29HB,0001,7017493470,0001,AY,1.0,5995-01-698-2842,False,DIBBS|SPE4A626T29HB|CLIN0001,"SPE4A626T29HB.PDF, CLIN table",,unpriced,
SPE4A626T29HF,0001,7017636714,0001,EA,2.0,6150-01-503-6262,False,DIBBS|SPE4A626T29HF|CLIN0001,"SPE4A626T29HF.PDF, CLIN table",1850.0,"exact-NSN history, most recent award",3700.0
SPE4A626T29HF,0002,0000000000,,EA,1.0,0001S00000053,True,DIBBS|SPE4A626T29HF|CLIN0002,"SPE4A626T29HF.PDF, CLIN table",,,
SPE4A626T29JB,0001,7016227678,0001,EA,16.0,6150-01-690-1102,False,DIBBS|SPE4A626T29JB|CLIN0001,"SPE4A626T29JB.PDF, CLIN table",1629.75,"exact-NSN history, most recent award",26076.0
SPE4A626T29JB,0002,0000000000,,EA,1.0,0001S00000053,True,DIBBS|SPE4A626T29JB|CLIN0002,"SPE4A626T29JB.PDF, CLIN table",,,
SPE4A626T29JQ,0001,7018256254,0001,EA,2.0,5995-01-706-9733,False,DIBBS|SPE4A626T29JQ|CLIN0001,"SPE4A626T29JQ.PDF, CLIN table",,unpriced,
SPE4A626T29MD,0001,7018186226,0001,EA,1.0,5995-01-676-4908,False,DIBBS|SPE4A626T29MD|CLIN0001,"SPE4A626T29MD.PDF, CLIN table",2150.0,"exact-NSN history, most recent award",2150.0
SPE4A626T29MD,0002,0000000000,,EA,1.0,0001S00000053,True,DIBBS|SPE4A626T29MD|CLIN0002,"SPE4A626T29MD.PDF, CLIN table",,,
SPE4A626T29NE,0001,7018333235,0001,EA,550.0,6150-01-739-5138,False,DIBBS|SPE4A626T29NE|CLIN0001,"SPE4A626T29NE.PDF, CLIN table",,unpriced,
SPE4A626T29TD,0001,7018343103,0001,EA,6.0,6150-01-091-6465,False,DIBBS|SPE4A626T29TD|CLIN0001,"SPE4A626T29TD.PDF, CLIN table",3000.0,"exact-NSN history, most recent award",18000.0
SPE4A626T29TD,0002,0000000000,,EA,1.0,S00000061,True,DIBBS|SPE4A626T29TD|CLIN0002,"SPE4A626T29TD.PDF, CLIN table",,,
SPE4A626T29UH,0001,7018343636,0001,EA,3.0,5995-01-136-8856,False,DIBBS|SPE4A626T29UH|CLIN0001,"SPE4A626T29UH.PDF, CLIN table",6300.0,"exact-NSN history, most recent award",18900.0
SPE4A626T29UH,0002,0000000000,,EA,1.0,S00000061,True,DIBBS|SPE4A626T29UH|CLIN0002,"SPE4A626T29UH.PDF, CLIN table",,,
SPE4A626T30AH,0001,7018342076,0001,EA,19.0,6150-01-582-5556,False,DIBBS|SPE4A626T30AH|CLIN0001,"SPE4A626T30AH.PDF, CLIN table",2120.0,"exact-NSN history, most recent award",40280.0
SPE4A626T30AH,0002,0000000000,,EA,1.0,0001S00000053,True,DIBBS|SPE4A626T30AH|CLIN0002,"SPE4A626T30AH.PDF, CLIN table",,,
SPE4A626T30AL,0001,7018342195,0001,EA,33.0,5995-01-527-7469,False,DIBBS|SPE4A626T30AL|CLIN0001,"SPE4A626T30AL.PDF, CLIN table",1610.75,"exact-NSN history, most recent award",53154.75
SPE4A626T30AL,0002,0000000000,,EA,1.0,0001S00000053,True,DIBBS|SPE4A626T30AL|CLIN0002,"SPE4A626T30AL.PDF, CLIN table",,,
SPE4A626T30CF,0001,7018343328,0001,EA,2.0,6150-01-674-4551,False,DIBBS|SPE4A626T30CF|CLIN0001,"SPE4A626T30CF.PDF, CLIN table",10650.0,"exact-NSN history, most recent award",21300.0
SPE4A626T30CF,0002,0000000000,,EA,1.0,0001S00000053,True,DIBBS|SPE4A626T30CF|CLIN0002,"SPE4A626T30CF.PDF, CLIN table",,,
SPE4A626T30CG,0001,7018342074,0001,EA,3.0,6150-01-583-5373,False,DIBBS|SPE4A626T30CG|CLIN0001,"SPE4A626T30CG.PDF, CLIN table",6772.75,"exact-NSN history, most recent award",20318.25
SPE4A626T30DZ,0001,7018343342,0001,EA,5.0,6150-01-676-0251,False,DIBBS|SPE4A626T30DZ|CLIN0001,"SPE4A626T30DZ.PDF, CLIN table",3848.05,"exact-NSN history, most recent award",19240.25
SPE4A626T30HU,0001,7018341481,0001,EA,9.0,5995-01-647-9670,False,DIBBS|SPE4A626T30HU|CLIN0001,"SPE4A626T30HU.PDF, CLIN table",1508.88,"exact-NSN history, most recent award",13579.920000000002
SPE4A626T30HU,0002,0000000000,,EA,1.0,0001S00000053,True,DIBBS|SPE4A626T30HU|CLIN0002,"SPE4A626T30HU.PDF, CLIN table",,,
SPE4A626T30M8,0001,7016403392,0001,EA,5.0,5995-01-108-8981,False,DIBBS|SPE4A626T30M8|CLIN0001,"SPE4A626T30M8.PDF, CLIN table",830.0,"exact-NSN history, most recent award",4150.0
SPE4A626T30M8,0002,0000000000,,EA,1.0,S00000061,True,DIBBS|SPE4A626T30M8|CLIN0002,"SPE4A626T30M8.PDF, CLIN table",,,
SPE4A626T30N6,0001,7015955506,0001,EA,9.0,5995-01-206-7875,False,DIBBS|SPE4A626T30N6|CLIN0001,"SPE4A626T30N6.PDF, CLIN table",810.0,"exact-NSN history, most recent award",7290.0
SPE4A626T30N6,0002,0000000000,,EA,1.0,S00000061,True,DIBBS|SPE4A626T30N6|CLIN0002,"SPE4A626T30N6.PDF, CLIN table",,,
SPE4A626T30QD,0001,7018341538,0001,EA,15.0,5995-01-458-4369,False,DIBBS|SPE4A626T30QD|CLIN0001,"SPE4A626T30QD.PDF, CLIN table",3793.0,"exact-NSN history, most recent award",56895.0
SPE4A626T30QD,0002,0000000000,,EA,1.0,0001S00000053,True,DIBBS|SPE4A626T30QD|CLIN0002,"SPE4A626T30QD.PDF, CLIN table",,,
SPE4A626T30QE,0001,7018249045,0001,EA,9.0,5995-01-004-2944,False,DIBBS|SPE4A626T30QE|CLIN0001,"SPE4A626T30QE.PDF, CLIN table",2051.97,"exact-NSN history, most recent award",18467.73
SPE4A626T30QE,0002,0000000000,,EA,1.0,0001S00000052,True,DIBBS|SPE4A626T30QE|CLIN0002,"SPE4A626T30QE.PDF, CLIN table",,,
SPE4A626T30QJ,0001,7018342303,0001,EA,5.0,6150-01-492-2753,False,DIBBS|SPE4A626T30QJ|CLIN0001,"SPE4A626T30QJ.PDF, CLIN table",1766.55,"exact-NSN history, most recent award",8832.75
SPE4A626T30QJ,0002,0000000000,,EA,1.0,0001S00000053,True,DIBBS|SPE4A626T30QJ|CLIN0002,"SPE4A626T30QJ.PDF, CLIN table",,,
SPE4A626T30QM,0001,7018342899,0001,EA,8.0,6150-01-411-1672,False,DIBBS|SPE4A626T30QM|CLIN0001,"SPE4A626T30QM.PDF, CLIN table",696.64,"exact-NSN history, most recent award",5573.12
SPE4A626T30QM,0002,0000000000,,EA,1.0,S00000061,True,DIBBS|SPE4A626T30QM|CLIN0002,"SPE4A626T30QM.PDF, CLIN table",,,
SPE4A626T30QR,0001,7018342030,0001,EA,3.0,6150-01-553-6551,False,DIBBS|SPE4A626T30QR|CLIN0001,"SPE4A626T30QR.PDF, CLIN table",3855.78,"exact-NSN history, most recent award",11567.34
SPE4A626T30QS,0001,7018341517,0001,EA,6.0,6150-01-663-2751,False,DIBBS|SPE4A626T30QS|CLIN0001,"SPE4A626T30QS.PDF, CLIN table",877.25,"exact-NSN history, most recent award",5263.5
SPE4A626T30QW,0001,7018341551,0001,EA,1.0,5995-01-467-7459,False,DIBBS|SPE4A626T30QW|CLIN0001,"SPE4A626T30QW.PDF, CLIN table",4952.0,"exact-NSN history, most recent award",4952.0
SPE4A626T30QW,0002,0000000000,,EA,1.0,0001S00000053,True,DIBBS|SPE4A626T30QW|CLIN0002,"SPE4A626T30QW.PDF, CLIN table",,,
SPE4A626T30RC,0001,7018341514,0001,EA,2.0,6150-01-664-0257,False,DIBBS|SPE4A626T30RC|CLIN0001,"SPE4A626T30RC.PDF, CLIN table",3600.0,"exact-NSN history, most recent award",7200.0
SPE4A626T30RJ,0001,7018283081,0001,EA,1.0,6150-01-676-5201,False,DIBBS|SPE4A626T30RJ|CLIN0001,"SPE4A626T30RJ.PDF, CLIN table",5470.0,"exact-NSN history, most recent award",5470.0
SPE4A626T30RX,0001,7018298979,0001,EA,1.0,5995-01-610-0682,False,DIBBS|SPE4A626T30RX|CLIN0001,"SPE4A626T30RX.PDF, CLIN table",2889.0,"exact-NSN history, most recent award",2889.0
SPE4A626T30S2,0001,7016469374,0001,EA,11.0,6150-01-522-3621,False,DIBBS|SPE4A626T30S2|CLIN0001,"SPE4A626T30S2.PDF, CLIN table",3650.0,"exact-NSN history, most recent award",40150.0
SPE4A626T30S2,0002,0000000000,,EA,1.0,0001S00000052,True,DIBBS|SPE4A626T30S2|CLIN0002,"SPE4A626T30S2.PDF, CLIN table",,,
SPE4A626T30SU,0001,7018301767,0001,EA,1.0,6150-01-629-7900,False,DIBBS|SPE4A626T30SU|CLIN0001,"SPE4A626T30SU.PDF, CLIN table",510.25,"exact-NSN history, most recent award",510.25
SPE4A626T30SU,0002,0000000000,,EA,1.0,S00000061,True,DIBBS|SPE4A626T30SU|CLIN0002,"SPE4A626T30SU.PDF, CLIN table",,,
SPE4A626T30TK,0001,7018342606,0001,EA,19.0,6150-01-607-6666,False,DIBBS|SPE4A626T30TK|CLIN0001,"SPE4A626T30TK.PDF, CLIN table",32.0,"exact-NSN history, most recent award",608.0
SPE4A626T30UZ,0001,7017696058,0001,EA,8.0,6150-01-610-1205,False,DIBBS|SPE4A626T30UZ|CLIN0001,"SPE4A626T30UZ.PDF, CLIN table",548.6,"exact-NSN history, most recent award",4388.8
SPE4A626T30UZ,0002,0000000000,,EA,1.0,0001S00000053,True,DIBBS|SPE4A626T30UZ|CLIN0002,"SPE4A626T30UZ.PDF, CLIN table",,,
SPE4A626T30XV,0001,7018378817,0001,EA,5.0,5995-01-044-0347,False,DIBBS|SPE4A626T30XV|CLIN0001,"SPE4A626T30XV.PDF, CLIN table",334.41,"exact-NSN history, most recent award",1672.0500000000002
SPE4A626T30YE,0001,7018378395,0001,EA,2.0,5995-01-091-6353,False,DIBBS|SPE4A626T30YE|CLIN0001,"SPE4A626T30YE.PDF, CLIN table",,unpriced,
SPE4A626T30YE,0002,0000000000,,EA,1.0,S00000061,True,DIBBS|SPE4A626T30YE|CLIN0002,"SPE4A626T30YE.PDF, CLIN table",,,
SPE4A626T30ZQ,0001,7018377184,0001,EA,36.0,6150-01-165-5659,False,DIBBS|SPE4A626T30ZQ|CLIN0001,"SPE4A626T30ZQ.PDF, CLIN table",5885.0,"exact-NSN history, most recent award",211860.0
SPE4A626T30ZQ,0002,0000000000,,EA,1.0,0001S00000053,True,DIBBS|SPE4A626T30ZQ|CLIN0002,"SPE4A626T30ZQ.PDF, CLIN table",,,
SPE4A626T31AH,0001,7018377598,0001,EA,2.0,6150-01-288-6856,False,DIBBS|SPE4A626T31AH|CLIN0001,"SPE4A626T31AH.PDF, CLIN table",2252.52,"exact-NSN history, most recent award",4505.04
SPE4A626T31CQ,0001,7018379458,0001,EA,42.0,6150-01-444-1012,False,DIBBS|SPE4A626T31CQ|CLIN0001,"SPE4A626T31CQ.PDF, CLIN table",833.84,"exact-NSN history, most recent award",35021.28
SPE4A626T31CQ,0002,0000000000,,EA,1.0,0001S00000053,True,DIBBS|SPE4A626T31CQ|CLIN0002,"SPE4A626T31CQ.PDF, CLIN table",,,
SPE4A626T31D5,0001,7016471184,0001,EA,11.0,6150-01-522-3621,False,DIBBS|SPE4A626T31D5|CLIN0001,"SPE4A626T31D5.PDF, CLIN table",3650.0,"exact-NSN history, most recent award",40150.0
SPE4A626T31D5,0002,0000000000,,EA,1.0,0001S00000052,True,DIBBS|SPE4A626T31D5|CLIN0002,"SPE4A626T31D5.PDF, CLIN table",,,
SPE4A626T31DF,0001,7018378188,0001,EA,5.0,6150-01-468-6304,False,DIBBS|SPE4A626T31DF|CLIN0001,"SPE4A626T31DF.PDF, CLIN table",693.41,"exact-NSN history, most recent award",3467.0499999999997
SPE4A626T31DF,0002,0000000000,,EA,1.0,0001S00000052,True,DIBBS|SPE4A626T31DF|CLIN0002,"SPE4A626T31DF.PDF, CLIN table",,,
SPE4A626T31GB,0001,7018378121,0001,EA,9.0,6150-01-564-6013,False,DIBBS|SPE4A626T31GB|CLIN0001,"SPE4A626T31GB.PDF, CLIN table",1109.0,"exact-NSN history, most recent award",9981.0
SPE4A626T31JF,0001,7018378960,0001,EA,6.0,5995-01-604-8209,False,DIBBS|SPE4A626T31JF|CLIN0001,"SPE4A626T31JF.PDF, CLIN table",1478.1,"exact-NSN history, most recent award",8868.599999999999
SPE4A626T31JF,0002,0000000000,,EA,1.0,0001S00000053,True,DIBBS|SPE4A626T31JF|CLIN0002,"SPE4A626T31JF.PDF, CLIN table",,,
SPE4A626T31JR,0001,7018377436,0001,EA,2.0,5995-01-656-2955,False,DIBBS|SPE4A626T31JR|CLIN0001,"SPE4A626T31JR.PDF, CLIN table",798.71,"exact-NSN history, most recent award",1597.42
SPE4A626T31KJ,0001,7018378989,0001,EA,2.0,6150-01-679-4318,False,DIBBS|SPE4A626T31KJ|CLIN0001,"SPE4A626T31KJ.PDF, CLIN table",1310.75,"exact-NSN history, most recent award",2621.5
SPE4A626T31KN,0001,7018377671,0001,EA,7.0,6150-01-651-3613,False,DIBBS|SPE4A626T31KN|CLIN0001,"SPE4A626T31KN.PDF, CLIN table",177.77,"exact-NSN history, most recent award",1244.39
SPE4A626T31KS,0001,7018377645,0001,EA,15.0,5995-01-687-2127,False,DIBBS|SPE4A626T31KS|CLIN0001,"SPE4A626T31KS.PDF, CLIN table",1996.0,"exact-NSN history, most recent award",29940.0
SPE4A626T31ML,0001,7018378317,0001,EA,2.0,5995-01-725-7846,False,DIBBS|SPE4A626T31ML|CLIN0001,"SPE4A626T31ML.PDF, CLIN table",1775.25,"exact-NSN history, most recent award",3550.5
SPE4A626T31NC,0001,7018377086,0001,EA,3.0,5995-01-707-5754,False,DIBBS|SPE4A626T31NC|CLIN0001,"SPE4A626T31NC.PDF, CLIN table",,unpriced,
SPE4A626T31NK,0001,7018343402,0001,EA,4.0,5995-01-680-2059,False,DIBBS|SPE4A626T31NK|CLIN0001,"SPE4A626T31NK.PDF, CLIN table",310.75,"exact-NSN history, most recent award",1243.0
SPE4A626T31NL,0001,7018379320,0001,EA,1.0,6150-01-713-4492,False,DIBBS|SPE4A626T31NL|CLIN0001,"SPE4A626T31NL.PDF, CLIN table",150.0,"exact-NSN history, most recent award",150.0
SPE4A626T31NN,0001,7018379327,0001,EA,1.0,5995-01-714-1260,False,DIBBS|SPE4A626T31NN|CLIN0001,"SPE4A626T31NN.PDF, CLIN table",9998.42,"exact-NSN history, most recent award",9998.42
SPE4A626T31NY,0001,7018377084,0001,EA,2.0,5995-01-707-5285,False,DIBBS|SPE4A626T31NY|CLIN0001,"SPE4A626T31NY.PDF, CLIN table",750.0,"exact-NSN history, most recent award",1500.0
SPE4A626T31PF,0001,7018379329,0001,EA,1.0,5995-01-714-1434,False,DIBBS|SPE4A626T31PF|CLIN0001,"SPE4A626T31PF.PDF, CLIN table",6412.87,"exact-NSN history, most recent award",6412.87
SPE4A626T31PH,0001,7018379172,0001,EA,18.0,5995-01-730-6197,False,DIBBS|SPE4A626T31PH|CLIN0001,"SPE4A626T31PH.PDF, CLIN table",1692.5,"exact-NSN history, most recent award",30465.0
SPE4A626T31QU,0001,7018379586,0001,EA,3.0,5995-00-772-8815,False,DIBBS|SPE4A626T31QU|CLIN0001,"SPE4A626T31QU.PDF, CLIN table",362.32,"exact-NSN history, most recent award",1086.96
SPE4A626T31RH,0001,7018378894,0001,EA,2.0,5995-01-249-3135,False,DIBBS|SPE4A626T31RH|CLIN0001,"SPE4A626T31RH.PDF, CLIN table",3410.0,"exact-NSN history, most recent award",6820.0
SPE4A626T31RK,0001,7018378335,0001,EA,2.0,5995-01-429-1147,False,DIBBS|SPE4A626T31RK|CLIN0001,"SPE4A626T31RK.PDF, CLIN table",1300.0,"exact-NSN history, most recent award",2600.0
SPE4A626T31RQ,0001,7018377861,0001,EA,3.0,6150-01-312-7426,False,DIBBS|SPE4A626T31RQ|CLIN0001,"SPE4A626T31RQ.PDF, CLIN table",,unpriced,
SPE4A626T31RQ,0002,0000000000,,EA,1.0,S00000061,True,DIBBS|SPE4A626T31RQ|CLIN0002,"SPE4A626T31RQ.PDF, CLIN table",,,
SPE4A626T31SC,0001,7018379013,0001,EA,5.0,5995-01-612-2152,False,DIBBS|SPE4A626T31SC|CLIN0001,"SPE4A626T31SC.PDF, CLIN table",77.77,"exact-NSN history, most recent award",388.84999999999997
SPE4A626T31SN,0001,7018379071,0001,EA,14.0,6150-01-679-4738,False,DIBBS|SPE4A626T31SN|CLIN0001,"SPE4A626T31SN.PDF, CLIN table",,unpriced,
SPE4A626T31TQ,0001,7018377828,0001,EA,2.0,6150-01-620-1391,False,DIBBS|SPE4A626T31TQ|CLIN0001,"SPE4A626T31TQ.PDF, CLIN table",387.21,"exact-NSN history, most recent award",774.42
SPE4A626T31TV,0001,7018368680,0001,EA,3.0,5995-01-426-1161,False,DIBBS|SPE4A626T31TV|CLIN0001,"SPE4A626T31TV.PDF, CLIN table",338.5,"exact-NSN history, most recent award",1015.5
SPE4A626T31VN,0001,7018389473,0001,EA,20.0,6220-00-501-2752,False,DIBBS|SPE4A626T31VN|CLIN0001,"SPE4A626T31VN.PDF, CLIN table",2653.0,"exact-NSN history, most recent award",53060.0
SPE4A626T32CQ,0001,7018391721,0001,EA,159.0,6210-00-635-4700,False,DIBBS|SPE4A626T32CQ|CLIN0001,"SPE4A626T32CQ.PDF, CLIN table",19.88,"exact-NSN history, most recent award",3160.9199999999996
SPE4A626T32DK,0001,7018391726,0001,EA,28.0,6220-00-694-3661,False,DIBBS|SPE4A626T32DK|CLIN0001,"SPE4A626T32DK.PDF, CLIN table",6.0,"exact-NSN history, most recent award",168.0
SPE4A626T32HS,0001,7018391541,0001,EA,14.0,5995-01-338-3600,False,DIBBS|SPE4A626T32HS|CLIN0001,"SPE4A626T32HS.PDF, CLIN table",3433.75,"exact-NSN history, most recent award",48072.5
SPE4A626T32HS,0002,0000000000,,EA,1.0,S00000061,True,DIBBS|SPE4A626T32HS|CLIN0002,"SPE4A626T32HS.PDF, CLIN table",,,
SPE4A626T32LP,0001,7018392390,0001,EA,19.0,6150-01-615-4693,False,DIBBS|SPE4A626T32LP|CLIN0001,"SPE4A626T32LP.PDF, CLIN table",810.5,"exact-NSN history, most recent award",15399.5
SPE4A626T32PX,0001,7018329390,0001,EA,1.0,6150-01-713-4474,False,DIBBS|SPE4A626T32PX|CLIN0001,"SPE4A626T32PX.PDF, CLIN table",710.25,"exact-NSN history, most recent award",710.25
SPE4A626T32PZ,0001,7018382319,0001,EA,1.0,5995-01-680-2076,False,DIBBS|SPE4A626T32PZ|CLIN0001,"SPE4A626T32PZ.PDF, CLIN table",216.0,"exact-NSN history, most recent award",216.0
SPE4A626T32QP,0001,7018380872,0001,EA,3.0,6150-01-669-5725,False,DIBBS|SPE4A626T32QP|CLIN0001,"SPE4A626T32QP.PDF, CLIN table",1525.25,"exact-NSN history, most recent award",4575.75
SPE4A626T33AM,0001,7018343180,0001,EA,7.0,6150-01-091-6466,False,DIBBS|SPE4A626T33AM|CLIN0001,"SPE4A626T33AM.PDF, CLIN table",5092.5,"exact-NSN history, most recent award",35647.5
SPE4A626T33AM,0002,0000000000,,EA,1.0,S00000061,True,DIBBS|SPE4A626T33AM|CLIN0002,"SPE4A626T33AM.PDF, CLIN table",,,
SPE4A626T33BP,0001,7017274290,0001,EA,1.0,6150-01-475-0684,False,DIBBS|SPE4A626T33BP|CLIN0001,"SPE4A626T33BP.PDF, CLIN table",10145.0,"exact-NSN history, most recent award",10145.0
SPE4A626T33BP,0002,7017274292,0001,EA,1.0,6150-01-475-0684,False,DIBBS|SPE4A626T33BP|CLIN0002,"SPE4A626T33BP.PDF, CLIN table",10145.0,"exact-NSN history, most recent award",10145.0
SPE4A626T33BP,0003,7017274291,0001,EA,1.0,6150-01-475-0684,False,DIBBS|SPE4A626T33BP|CLIN0003,"SPE4A626T33BP.PDF, CLIN table",10145.0,"exact-NSN history, most recent award",10145.0
SPE4A626T33GU,0001,7018411980,0001,EA,15.0,6220-00-633-1584,False,DIBBS|SPE4A626T33GU|CLIN0001,"SPE4A626T33GU.PDF, CLIN table",225.0,"exact-NSN history, most recent award",3375.0
SPE4A626T33LK,0001,7018414304,0001,EA,10.0,6150-01-109-7604,False,DIBBS|SPE4A626T33LK|CLIN0001,"SPE4A626T33LK.PDF, CLIN table",3214.69,"exact-NSN history, most recent award",32146.9
SPE4A626T33LK,0002,0000000000,,EA,1.0,S00000061,True,DIBBS|SPE4A626T33LK|CLIN0002,"SPE4A626T33LK.PDF, CLIN table",,,
SPE4A626T33NC,0001,7018413999,0001,EA,9.0,5995-01-194-1221,False,DIBBS|SPE4A626T33NC|CLIN0001,"SPE4A626T33NC.PDF, CLIN table",2803.52,"exact-NSN history, most recent award",25231.68
SPE4A626T33NC,0002,0000000000,,EA,1.0,S00000061,True,DIBBS|SPE4A626T33NC|CLIN0002,"SPE4A626T33NC.PDF, CLIN table",,,
SPE4A626T33RS,0001,7018413572,0001,EA,6.0,6150-01-247-4768,False,DIBBS|SPE4A626T33RS|CLIN0001,"SPE4A626T33RS.PDF, CLIN table",650.0,"exact-NSN history, most recent award",3900.0
SPE4A626T33TM,0001,7018412009,0001,EA,17.0,6150-01-329-8105,False,DIBBS|SPE4A626T33TM|CLIN0001,"SPE4A626T33TM.PDF, CLIN table",294.0,"exact-NSN history, most recent award",4998.0
SPE4A626T33UC,0001,7018412511,0001,EA,7.0,6150-01-351-3351,False,DIBBS|SPE4A626T33UC|CLIN0001,"SPE4A626T33UC.PDF, CLIN table",1850.0,"exact-NSN history, most recent award",12950.0
SPE4A626T33UC,0002,0000000000,,EA,1.0,S00000061,True,DIBBS|SPE4A626T33UC|CLIN0002,"SPE4A626T33UC.PDF, CLIN table",,,
SPE4A626T33ZD,0001,7018345979,0001,EA,12.0,5995-01-734-9866,False,DIBBS|SPE4A626T33ZD|CLIN0001,"SPE4A626T33ZD.PDF, CLIN table",777.77,"exact-NSN history, most recent award",9333.24
SPE4A626T33ZN,0001,7018346085,0001,EA,2.0,5995-01-543-3243,False,DIBBS|SPE4A626T33ZN|CLIN0001,"SPE4A626T33ZN.PDF, CLIN table",198.85,"exact-NSN history, most recent award",397.7
SPE4A626T33ZN,0002,7018346084,0001,EA,2.0,5995-01-543-3243,False,DIBBS|SPE4A626T33ZN|CLIN0002,"SPE4A626T33ZN.PDF, CLIN table",198.85,"exact-NSN history, most recent award",397.7
SPE4A626T33ZN,0003,0000000000,,EA,1.0,0001S00000053,True,DIBBS|SPE4A626T33ZN|CLIN0003,"SPE4A626T33ZN.PDF, CLIN table",,,
SPE4A626T34AH,0001,7018343408,0001,EA,9.0,6150-01-678-8766,False,DIBBS|SPE4A626T34AH|CLIN0001,"SPE4A626T34AH.PDF, CLIN table",8450.0,"exact-NSN history, most recent award",76050.0
SPE4A626T34AH,0002,0000000000,,EA,1.0,0001S00000053,True,DIBBS|SPE4A626T34AH|CLIN0002,"SPE4A626T34AH.PDF, CLIN table",,,
SPE4A626T34DG,0001,7014871054,0001,EA,4.0,6210-00-551-3748,False,DIBBS|SPE4A626T34DG|CLIN0001,"SPE4A626T34DG.PDF, CLIN table",470.54,"exact-NSN history, most recent award",1882.16
SPE4A626T34GN,0001,7016891985,0001,EA,1.0,6150-01-440-8606,False,DIBBS|SPE4A626T34GN|CLIN0001,"SPE4A626T34GN.PDF, CLIN table",872.0,"exact-NSN history, most recent award",872.0
SPE4A626T34GN,0002,0000000000,,EA,1.0,S00000061,True,DIBBS|SPE4A626T34GN|CLIN0002,"SPE4A626T34GN.PDF, CLIN table",,,
SPE4A626T34HD,0001,7018066948,0001,EA,10.0,6150-01-522-3613,False,DIBBS|SPE4A626T34HD|CLIN0001,"SPE4A626T34HD.PDF, CLIN table",3388.65,"exact-NSN history, most recent award",33886.5
SPE4A626T34HD,0002,0000000000,,EA,1.0,0001S00000052,True,DIBBS|SPE4A626T34HD|CLIN0002,"SPE4A626T34HD.PDF, CLIN table",,,
SPE4A626T34LK,0001,7018368542,0001,EA,2.0,5995-01-699-3498,False,DIBBS|SPE4A626T34LK|CLIN0001,"SPE4A626T34LK.PDF, CLIN table",2922.75,"exact-NSN history, most recent award",5845.5
SPE4A626T34LM,0001,7018368544,0001,EA,1.0,6150-01-655-9101,False,DIBBS|SPE4A626T34LM|CLIN0001,"SPE4A626T34LM.PDF, CLIN table",18500.0,"exact-NSN history, most recent award",18500.0
SPE4A626T34NS,0001,7018373901,0001,EA,3.0,6150-01-700-9280,False,DIBBS|SPE4A626T34NS|CLIN0001,"SPE4A626T34NS.PDF, CLIN table",400.0,"exact-NSN history, most recent award",1200.0
SPE4A626T34QP,0001,7018358813,0001,EA,20.0,6210-00-067-8360,False,DIBBS|SPE4A626T34QP|CLIN0001,"SPE4A626T34QP.PDF, CLIN table",0.5,"exact-NSN history, most recent award",10.0
SPE4A626T34TV,0001,7018377299,0001,EA,1.0,6150-01-705-9324,False,DIBBS|SPE4A626T34TV|CLIN0001,"SPE4A626T34TV.PDF, CLIN table",1240.77,"exact-NSN history, most recent award",1240.77
SPE4A626T34TV,0002,0000000000,,EA,1.0,0001S00000053,True,DIBBS|SPE4A626T34TV|CLIN0002,"SPE4A626T34TV.PDF, CLIN table",,,
SPE4A626T34WQ,0001,7016880703,0001,EA,3.0,6150-01-707-5235,False,DIBBS|SPE4A626T34WQ|CLIN0001,"SPE4A626T34WQ.PDF, CLIN table",,unpriced,
SPE4A626T34XD,0001,7017911176,0001,EA,1.0,5995-01-716-1635,False,DIBBS|SPE4A626T34XD|CLIN0001,"SPE4A626T34XD.PDF, CLIN table",,unpriced,
SPE4A626T34XD,0002,0000000000,,EA,1.0,0001S00000053,True,DIBBS|SPE4A626T34XD|CLIN0002,"SPE4A626T34XD.PDF, CLIN table",,,
SPE4A626T34XH,0001,7018248674,0001,EA,17.0,6150-01-316-8829,False,DIBBS|SPE4A626T34XH|CLIN0001,"SPE4A626T34XH.PDF, CLIN table",240.0,"exact-NSN history, most recent award",4080.0
SPE4A626T34XH,0002,0000000000,,EA,1.0,0001S00000053,True,DIBBS|SPE4A626T34XH|CLIN0002,"SPE4A626T34XH.PDF, CLIN table",,,
SPE4A626T34XL,0001,7018414313,0001,EA,48.0,6150-01-496-6576,False,DIBBS|SPE4A626T34XL|CLIN0001,"SPE4A626T34XL.PDF, CLIN table",525.77,"exact-NSN history, most recent award",25236.96
SPE4A626T34XU,0001,7017739807,0001,EA,11.0,5995-01-658-7433,False,DIBBS|SPE4A626T34XU|CLIN0001,"SPE4A626T34XU.PDF, CLIN table",350.0,"exact-NSN history, most recent award",3850.0
SPE4A626T34XU,0002,0000000000,,EA,1.0,S00000061,True,DIBBS|SPE4A626T34XU|CLIN0002,"SPE4A626T34XU.PDF, CLIN table",,,
SPE4A626T34ZZ,0001,7018458720,0001,EA,6.0,6150-01-024-6680,False,DIBBS|SPE4A626T34ZZ|CLIN0001,"SPE4A626T34ZZ.PDF, CLIN table",1095.82,"exact-NSN history, most recent award",6574.92
SPE4A626T34ZZ,0002,0000000000,,EA,1.0,0001S00000053,True,DIBBS|SPE4A626T34ZZ|CLIN0002,"SPE4A626T34ZZ.PDF, CLIN table",,,
SPE4A626T35BT,0001,7018457789,0001,EA,23.0,6150-01-131-3678,False,DIBBS|SPE4A626T35BT|CLIN0001,"SPE4A626T35BT.PDF, CLIN table",1898.0,"exact-NSN history, most recent award",43654.0
SPE4A626T35BT,0002,0000000000,,EA,1.0,0001S00000053,True,DIBBS|SPE4A626T35BT|CLIN0002,"SPE4A626T35BT.PDF, CLIN table",,,
SPE4A626T35CL,0001,7018458963,0001,EA,8.0,6150-01-091-6485,False,DIBBS|SPE4A626T35CL|CLIN0001,"SPE4A626T35CL.PDF, CLIN table",958.0,"exact-NSN history, most recent award",7664.0
SPE4A626T35CL,0002,0000000000,,EA,1.0,S00000061,True,DIBBS|SPE4A626T35CL|CLIN0002,"SPE4A626T35CL.PDF, CLIN table",,,
SPE4A626T35FH,0001,7018458772,0001,EA,17.0,6150-01-350-1294,False,DIBBS|SPE4A626T35FH|CLIN0001,"SPE4A626T35FH.PDF, CLIN table",428.0,"exact-NSN history, most recent award",7276.0
SPE4A626T35FH,0002,0000000000,,EA,1.0,0001S00000053,True,DIBBS|SPE4A626T35FH|CLIN0002,"SPE4A626T35FH.PDF, CLIN table",,,
SPE4A626T35GL,0001,7018458041,0001,EA,15.0,6150-01-481-1580,False,DIBBS|SPE4A626T35GL|CLIN0001,"SPE4A626T35GL.PDF, CLIN table",2750.0,"exact-NSN history, most recent award",41250.0
SPE4A626T35GL,0002,0000000000,,EA,1.0,S00000061,True,DIBBS|SPE4A626T35GL|CLIN0002,"SPE4A626T35GL.PDF, CLIN table",,,
SPE4A626T35HV,0001,7018457622,0001,EA,9.0,6150-01-491-8386,False,DIBBS|SPE4A626T35HV|CLIN0001,"SPE4A626T35HV.PDF, CLIN table",2455.5,"exact-NSN history, most recent award",22099.5
SPE4A626T35JN,0001,7018458837,0001,EA,5.0,6150-01-370-9784,False,DIBBS|SPE4A626T35JN|CLIN0001,"SPE4A626T35JN.PDF, CLIN table",1632.0,"exact-NSN history, most recent award",8160.0
SPE4A626T35LB,0001,7018459246,0001,EA,2.0,6150-01-689-9193,False,DIBBS|SPE4A626T35LB|CLIN0001,"SPE4A626T35LB.PDF, CLIN table",,unpriced,
SPE4A626T35MQ,0001,7018459375,0001,EA,2.0,6150-01-676-0777,False,DIBBS|SPE4A626T35MQ|CLIN0001,"SPE4A626T35MQ.PDF, CLIN table",10800.0,"exact-NSN history, most recent award",21600.0
SPE4A626T35MQ,0002,0000000000,,EA,1.0,0001S00000053,True,DIBBS|SPE4A626T35MQ|CLIN0002,"SPE4A626T35MQ.PDF, CLIN table",,,
SPE4A626T35NF,0001,7018457583,0001,EA,4.0,5995-01-711-0276,False,DIBBS|SPE4A626T35NF|CLIN0001,"SPE4A626T35NF.PDF, CLIN table",2641.0,"exact-NSN history, most recent award",10564.0
SPE4A626T35SG,0001,7018458974,0001,EA,13.0,5995-01-460-7299,False,DIBBS|SPE4A626T35SG|CLIN0001,"SPE4A626T35SG.PDF, CLIN table",115.5,"exact-NSN history, most recent award",1501.5
SPE4A626T35SG,0002,0000000000,,EA,1.0,0001S00000053,True,DIBBS|SPE4A626T35SG|CLIN0002,"SPE4A626T35SG.PDF, CLIN table",,,
SPE4A626T35TB,0001,7018458669,0001,EA,8.0,5995-01-406-0096,False,DIBBS|SPE4A626T35TB|CLIN0001,"SPE4A626T35TB.PDF, CLIN table",695.0,"exact-NSN history, most recent award",5560.0
SPE4A626T35TB,0002,0000000000,,EA,1.0,S00000061,True,DIBBS|SPE4A626T35TB|CLIN0002,"SPE4A626T35TB.PDF, CLIN table",,,
SPE4A626T35VP,0001,7017226608,0001,EA,4.0,1420-01-714-8769,False,DIBBS|SPE4A626T35VP|CLIN0001,"SPE4A626T35VP.PDF, CLIN table",,unpriced,
SPE4A626T35VP,0002,0000000000,,EA,1.0,S00000061,True,DIBBS|SPE4A626T35VP|CLIN0002,"SPE4A626T35VP.PDF, CLIN table",,,
SPE4A626T35VQ,0001,7015629117,0001,EA,1.0,5995-01-680-2076,False,DIBBS|SPE4A626T35VQ|CLIN0001,"SPE4A626T35VQ.PDF, CLIN table",216.0,"exact-NSN history, most recent award",216.0
SPE4A626T35VW,0001,7018406963,0001,EA,1.0,6150-01-624-6258,False,DIBBS|SPE4A626T35VW|CLIN0001,"SPE4A626T35VW.PDF, CLIN table",,unpriced,
SPE4A626T35VW,0002,0000000000,,EA,1.0,S00000061,True,DIBBS|SPE4A626T35VW|CLIN0002,"SPE4A626T35VW.PDF, CLIN table",,,
SPE4A626T35XD,0001,7017108106,0001,EA,8.0,5995-01-501-7277,False,DIBBS|SPE4A626T35XD|CLIN0001,"SPE4A626T35XD.PDF, CLIN table",3176.0,"exact-NSN history, most recent award",25408.0
SPE4A626T35XD,0002,0000000000,,EA,1.0,S00000061,True,DIBBS|SPE4A626T35XD|CLIN0002,"SPE4A626T35XD.PDF, CLIN table",,,
SPE4A626T35XE,0001,7016644577,0001,EA,6.0,5995-01-501-7277,False,DIBBS|SPE4A626T35XE|CLIN0001,"SPE4A626T35XE.PDF, CLIN table",3176.0,"exact-NSN history, most recent award",19056.0
SPE4A626T35XE,0002,0000000000,,EA,1.0,S00000061,True,DIBBS|SPE4A626T35XE|CLIN0002,"SPE4A626T35XE.PDF, CLIN table",,,
SPE4A626T35XQ,0001,7015604440,0001,EA,6.0,6150-01-642-7485,False,DIBBS|SPE4A626T35XQ|CLIN0001,"SPE4A626T35XQ.PDF, CLIN table",1755.5,"exact-NSN history, most recent award",10533.0
SPE4A626T35YA,0001,7018458889,0001,EA,61.0,6220-00-189-4797,False,DIBBS|SPE4A626T35YA|CLIN0001,"SPE4A626T35YA.PDF, CLIN table",11.35,"exact-NSN history, most recent award",692.35
SPE4A626T35YA,0002,7018458889,0002,EA,76.0,6220-00-189-4797,False,DIBBS|SPE4A626T35YA|CLIN0002,"SPE4A626T35YA.PDF, CLIN table",11.35,"exact-NSN history, most recent award",862.6
SPE4A626T36AA,0001,7018458515,0001,EA,26.0,5995-01-187-4980,False,DIBBS|SPE4A626T36AA|CLIN0001,"SPE4A626T36AA.PDF, CLIN table",81.25,"exact-NSN history, most recent award",2112.5
SPE4A626T36AC,0001,7018459075,0001,EA,7.0,6150-01-463-3389,False,DIBBS|SPE4A626T36AC|CLIN0001,"SPE4A626T36AC.PDF, CLIN table",439.0,"exact-NSN history, most recent award",3073.0
SPE4A626T36AC,0002,0000000000,,EA,1.0,S00000061,True,DIBBS|SPE4A626T36AC|CLIN0002,"SPE4A626T36AC.PDF, CLIN table",,,
SPE4A626T36AZ,0001,7018470558,0001,EA,45.0,6150-01-312-4179,False,DIBBS|SPE4A626T36AZ|CLIN0001,"SPE4A626T36AZ.PDF, CLIN table",1443.75,"exact-NSN history, most recent award",64968.75
SPE4A626T36BA,0001,7018459034,0001,EA,1.0,5995-01-110-4497,False,DIBBS|SPE4A626T36BA|CLIN0001,"SPE4A626T36BA.PDF, CLIN table",11640.0,"exact-NSN history, most recent award",11640.0
SPE4A626T36BA,0002,0000000000,,EA,1.0,S00000061,True,DIBBS|SPE4A626T36BA|CLIN0002,"SPE4A626T36BA.PDF, CLIN table",,,
SPE4A626T36BS,0001,7018458570,0001,EA,40.0,5995-01-220-0178,False,DIBBS|SPE4A626T36BS|CLIN0001,"SPE4A626T36BS.PDF, CLIN table",265.5,"exact-NSN history, most recent award",10620.0
SPE4A626T36BS,0002,0000000000,,EA,1.0,0001S00000053,True,DIBBS|SPE4A626T36BS|CLIN0002,"SPE4A626T36BS.PDF, CLIN table",,,
SPE4A626T36BW,0001,7018459267,0001,EA,2.0,5995-01-684-0876,False,DIBBS|SPE4A626T36BW|CLIN0001,"SPE4A626T36BW.PDF, CLIN table",2025.0,"exact-NSN history, most recent award",4050.0
SPE4A626T36BW,0002,0000000000,,EA,1.0,0001S00000053,True,DIBBS|SPE4A626T36BW|CLIN0002,"SPE4A626T36BW.PDF, CLIN table",,,
SPE4A626T36CB,0001,7018457896,0001,EA,3.0,6150-01-571-3096,False,DIBBS|SPE4A626T36CB|CLIN0001,"SPE4A626T36CB.PDF, CLIN table",3395.75,"exact-NSN history, most recent award",10187.25
SPE4A626T36CB,0002,0000000000,,EA,1.0,S00000061,True,DIBBS|SPE4A626T36CB|CLIN0002,"SPE4A626T36CB.PDF, CLIN table",,,
SPE4A626T36CX,0001,7018458168,0001,EA,2.0,5995-01-620-3186,False,DIBBS|SPE4A626T36CX|CLIN0001,"SPE4A626T36CX.PDF, CLIN table",2975.0,"exact-NSN history, most recent award",5950.0
SPE4A626T36CX,0002,0000000000,,EA,1.0,S00000061,True,DIBBS|SPE4A626T36CX|CLIN0002,"SPE4A626T36CX.PDF, CLIN table",,,
SPE4A626T36F3,0001,7016438250,0001,EA,2.0,5995-01-166-8069,False,DIBBS|SPE4A626T36F3|CLIN0001,"SPE4A626T36F3.PDF, CLIN table",69.75,"exact-NSN history, most recent award",139.5
SPE4A626T36F3,0002,7016438250,0002,EA,8.0,5995-01-166-8069,False,DIBBS|SPE4A626T36F3|CLIN0002,"SPE4A626T36F3.PDF, CLIN table",69.75,"exact-NSN history, most recent award",558.0
SPE4A626T36F3,0003,0000000000,,EA,1.0,0001S00000053,True,DIBBS|SPE4A626T36F3|CLIN0003,"SPE4A626T36F3.PDF, CLIN table",,,
SPE4A626T36F6,0001,7016439081,0001,EA,4.0,6210-01-384-2374,False,DIBBS|SPE4A626T36F6|CLIN0001,"SPE4A626T36F6.PDF, CLIN table",395.0,"exact-NSN history, most recent award",1580.0
SPE4A626T36FL,0001,7018343320,0001,EA,3.0,6150-01-672-6451,False,DIBBS|SPE4A626T36FL|CLIN0001,"SPE4A626T36FL.PDF, CLIN table",7100.0,"exact-NSN history, most recent award",21300.0
SPE4A626T36G0,0001,7016439220,0001,EA,11.0,6150-01-392-0062,False,DIBBS|SPE4A626T36G0|CLIN0001,"SPE4A626T36G0.PDF, CLIN table",1850.0,"exact-NSN history, most recent award",20350.0
SPE4A626T36HX,0001,7018446323,0001,EA,1.0,6150-01-498-0550,False,DIBBS|SPE4A626T36HX|CLIN0001,"SPE4A626T36HX.PDF, CLIN table",3885.25,"exact-NSN history, most recent award",3885.25
SPE4A626T36J8,0001,7016438481,0001,EA,5.0,5995-01-686-5657,False,DIBBS|SPE4A626T36J8|CLIN0001,"SPE4A626T36J8.PDF, CLIN table",600.0,"exact-NSN history, most recent award",3000.0
SPE4A626T36J8,0002,0000000000,,EA,1.0,0001S00000053,True,DIBBS|SPE4A626T36J8|CLIN0002,"SPE4A626T36J8.PDF, CLIN table",,,
SPE4A626T36JR,0001,7018446271,0001,EA,1.0,5995-01-615-4057,False,DIBBS|SPE4A626T36JR|CLIN0001,"SPE4A626T36JR.PDF, CLIN table",456.25,"exact-NSN history, most recent award",456.25
SPE4A626T36K9,0001,7016471778,0001,EA,14.0,5995-01-604-8209,False,DIBBS|SPE4A626T36K9|CLIN0001,"SPE4A626T36K9.PDF, CLIN table",1478.1,"exact-NSN history, most recent award",20693.399999999998
SPE4A626T36K9,0002,0000000000,,EA,1.0,0001S00000053,True,DIBBS|SPE4A626T36K9|CLIN0002,"SPE4A626T36K9.PDF, CLIN table",,,
SPE4A626T36KC,0001,7018446305,0001,EA,5.0,6150-01-655-9101,False,DIBBS|SPE4A626T36KC|CLIN0001,"SPE4A626T36KC.PDF, CLIN table",18500.0,"exact-NSN history, most recent award",92500.0
SPE4A626T36KV,0001,7018445148,0001,EA,1.0,5995-01-669-1717,False,DIBBS|SPE4A626T36KV|CLIN0001,"SPE4A626T36KV.PDF, CLIN table",4192.75,"exact-NSN history, most recent award",4192.75
SPE4A626T36LM,0001,7018436982,0001,EA,5.0,6150-01-677-2837,False,DIBBS|SPE4A626T36LM|CLIN0001,"SPE4A626T36LM.PDF, CLIN table",,unpriced,
SPE4A626T36LN,0001,7018436987,0001,EA,1.0,6150-15-035-4167,False,DIBBS|SPE4A626T36LN|CLIN0001,"SPE4A626T36LN.PDF, CLIN table",,unpriced,
SPE4A626T36NA,0001,7018437812,0001,EA,1.0,5995-01-729-2493,False,DIBBS|SPE4A626T36NA|CLIN0001,"SPE4A626T36NA.PDF, CLIN table",2125.0,"exact-NSN history, most recent award",2125.0
SPE4A626T36ND,0001,7018468186,0001,EA,44.0,6150-01-669-2680,False,DIBBS|SPE4A626T36ND|CLIN0001,"SPE4A626T36ND.PDF, CLIN table",1192.75,"exact-NSN history, most recent award",52481.0
SPE4A626T36ND,0002,0000000000,,EA,1.0,0001S00000053,True,DIBBS|SPE4A626T36ND|CLIN0002,"SPE4A626T36ND.PDF, CLIN table",,,
SPE4A626T36PD,0001,7018343115,0001,EA,70.0,5340-01-374-4458,False,DIBBS|SPE4A626T36PD|CLIN0001,"SPE4A626T36PD.PDF, CLIN table",195.0,"exact-NSN history, most recent award",13650.0
SPE4A626T36RK,0001,7017696804,0001,EA,3.0,6150-01-561-7521,False,DIBBS|SPE4A626T36RK|CLIN0001,"SPE4A626T36RK.PDF, CLIN table",1300.0,"exact-NSN history, most recent award",3900.0
SPE4A626T36RK,0002,0000000000,,EA,1.0,0001S00000052,True,DIBBS|SPE4A626T36RK|CLIN0002,"SPE4A626T36RK.PDF, CLIN table",,,
SPE4A626T36SR,0001,7017740646,0001,AY,2.0,5995-01-698-2842,False,DIBBS|SPE4A626T36SR|CLIN0001,"SPE4A626T36SR.PDF, CLIN table",,unpriced,
SPE4A626T36TB,0001,7018379738,0001,EA,25.0,3110-00-679-9631,False,DIBBS|SPE4A626T36TB|CLIN0001,"SPE4A626T36TB.PDF, CLIN table",84.7,"exact-NSN history, most recent award",2117.5
SPE4A626T36UX,0001,7018247337,0001,EA,13.0,6150-01-674-3347,False,DIBBS|SPE4A626T36UX|CLIN0001,"SPE4A626T36UX.PDF, CLIN table",79.5,"exact-NSN history, most recent award",1033.5
SPE4A626T36UX,0002,0000000000,,EA,1.0,0001S00000053,True,DIBBS|SPE4A626T36UX|CLIN0002,"SPE4A626T36UX.PDF, CLIN table",,,
SPE4A626T36VC,0001,7014998779,0001,EA,1.0,5995-01-721-8563,False,DIBBS|SPE4A626T36VC|CLIN0001,"SPE4A626T36VC.PDF, CLIN table",,unpriced,
SPE4A626T36VJ,0001,7018249325,0001,EA,534.0,5325-00-410-0033,False,DIBBS|SPE4A626T36VJ|CLIN0001,"SPE4A626T36VJ.PDF, CLIN table",2.68,"exact-NSN history, most recent award",1431.1200000000001
SPE4A626T36WD,0001,7018451764,0001,EA,1.0,6150-01-569-7731,False,DIBBS|SPE4A626T36WD|CLIN0001,"SPE4A626T36WD.PDF, CLIN table",4295.5,"exact-NSN history, most recent award",4295.5
SPE4A626T36WD,0002,0000000000,,EA,1.0,S00000061,True,DIBBS|SPE4A626T36WD|CLIN0002,"SPE4A626T36WD.PDF, CLIN table",,,
SPE4A626T36WP,0001,7017940713,0001,EA,45.0,6150-01-676-1899,False,DIBBS|SPE4A626T36WP|CLIN0001,"SPE4A626T36WP.PDF, CLIN table",37.17,"exact-NSN history, most recent award",1672.65
SPE4A626T36WP,0002,0000000000,,EA,1.0,0001S00000053,True,DIBBS|SPE4A626T36WP|CLIN0002,"SPE4A626T36WP.PDF, CLIN table",,,
SPE4A626T36WQ,0001,7018414189,0001,EA,2.0,6150-01-504-2607,False,DIBBS|SPE4A626T36WQ|CLIN0001,"SPE4A626T36WQ.PDF, CLIN table",255.0,"exact-NSN history, most recent award",510.0
SPE4A626T36XY,0001,7018436979,0001,EA,1.0,5995-01-717-3793,False,DIBBS|SPE4A626T36XY|CLIN0001,"SPE4A626T36XY.PDF, CLIN table",,unpriced,
SPE4A626T36YB,0001,7018447070,0001,EA,1.0,5995-01-578-8313,False,DIBBS|SPE4A626T36YB|CLIN0001,"SPE4A626T36YB.PDF, CLIN table",,unpriced,
SPE4A626T36ZD,0001,7018517308,0001,EA,2.0,5995-01-679-0785,False,DIBBS|SPE4A626T36ZD|CLIN0001,"SPE4A626T36ZD.PDF, CLIN table",6550.0,"exact-NSN history, most recent award",13100.0
SPE4A626T36ZJ,0001,7018516616,0001,EA,4.0,5995-01-673-7628,False,DIBBS|SPE4A626T36ZJ|CLIN0001,"SPE4A626T36ZJ.PDF, CLIN table",200.0,"exact-NSN history, most recent award",800.0
SPE4A626T37BB,0001,7014168809,0001,EA,7.0,6220-00-841-1275,False,DIBBS|SPE4A626T37BB|CLIN0001,"SPE4A626T37BB.PDF, CLIN table",900.0,"exact-NSN history, most recent award",6300.0
SPE4A626T37DB,0001,7018377705,0001,EA,2.0,6150-01-052-2835,False,DIBBS|SPE4A626T37DB|CLIN0001,"SPE4A626T37DB.PDF, CLIN table",1419.9,"exact-NSN history, most recent award",2839.8
SPE4A626T37DB,0002,0000000000,,EA,1.0,0001S00000052,True,DIBBS|SPE4A626T37DB|CLIN0002,"SPE4A626T37DB.PDF, CLIN table",,,
SPE4A626T37DG,0001,7018459392,0001,EA,4.0,5995-01-674-2696,False,DIBBS|SPE4A626T37DG|CLIN0001,"SPE4A626T37DG.PDF, CLIN table",3300.0,"exact-NSN history, most recent award",13200.0
SPE4A626T37DG,0002,0000000000,,EA,1.0,0001S00000053,True,DIBBS|SPE4A626T37DG|CLIN0002,"SPE4A626T37DG.PDF, CLIN table",,,
SPE4A626T37DJ,0001,7018469380,0001,EA,1.0,5995-01-721-7611,False,DIBBS|SPE4A626T37DJ|CLIN0001,"SPE4A626T37DJ.PDF, CLIN table",1752.0,"exact-NSN history, most recent award",1752.0
SPE4A626T37DP,0001,7018237589,0001,EA,13.0,6150-01-451-2284,False,DIBBS|SPE4A626T37DP|CLIN0001,"SPE4A626T37DP.PDF, CLIN table",733.98,"exact-NSN history, most recent award",9541.74
SPE4A626T37DP,0002,0000000000,,EA,1.0,0001S00000053,True,DIBBS|SPE4A626T37DP|CLIN0002,"SPE4A626T37DP.PDF, CLIN table",,,
SPE4A626T37EH,0001,7018458087,0001,EA,30.0,6150-01-541-6997,False,DIBBS|SPE4A626T37EH|CLIN0001,"SPE4A626T37EH.PDF, CLIN table",1250.0,"exact-NSN history, most recent award",37500.0
SPE4A626T37EH,0002,0000000000,,EA,1.0,0001S00000053,True,DIBBS|SPE4A626T37EH|CLIN0002,"SPE4A626T37EH.PDF, CLIN table",,,
SPE4A626T37EV,0001,7017528798,0001,EA,10.0,6150-01-588-8420,False,DIBBS|SPE4A626T37EV|CLIN0001,"SPE4A626T37EV.PDF, CLIN table",65.0,"exact-NSN history, most recent award",650.0
SPE4A626T37FE,0001,7018458821,0001,EA,8.0,6150-01-315-3988,False,DIBBS|SPE4A626T37FE|CLIN0001,"SPE4A626T37FE.PDF, CLIN table",998.0,"exact-NSN history, most recent award",7984.0
SPE4A626T37LT,0001,7018560847,0001,EA,13.0,6150-01-337-5083,False,DIBBS|SPE4A626T37LT|CLIN0001,"SPE4A626T37LT.PDF, CLIN table",6300.0,"exact-NSN history, most recent award",81900.0
SPE4A626T37LT,0002,0000000000,,EA,1.0,0001S00000052,True,DIBBS|SPE4A626T37LT|CLIN0002,"SPE4A626T37LT.PDF, CLIN table",,,
SPE4A626T37NX,0001,7018470518,0001,EA,2.0,6150-01-513-6213,False,DIBBS|SPE4A626T37NX|CLIN0001,"SPE4A626T37NX.PDF, CLIN table",10387.0,"exact-NSN history, most recent award",20774.0
SPE4A626T37RP,0001,7018186216,0001,EA,1.0,6150-01-717-5480,False,DIBBS|SPE4A626T37RP|CLIN0001,"SPE4A626T37RP.PDF, CLIN table",,unpriced,
SPE4A626T37RR,0001,7018529577,0001,EA,1.0,5995-01-395-5319,False,DIBBS|SPE4A626T37RR|CLIN0001,"SPE4A626T37RR.PDF, CLIN table",3200.0,"exact-NSN history, most recent award",3200.0
SPE4A626T37RX,0001,7017913765,0001,EA,89.0,6220-00-557-8228,False,DIBBS|SPE4A626T37RX|CLIN0001,"SPE4A626T37RX.PDF, CLIN table",14.29,"exact-NSN history, most recent award",1271.81
SPE4A626T37RY,0001,7018458949,0001,EA,6.0,6150-01-091-6981,False,DIBBS|SPE4A626T37RY|CLIN0001,"SPE4A626T37RY.PDF, CLIN table",869.6,"exact-NSN history, most recent award",5217.6
SPE4A626T37RY,0002,0000000000,,EA,1.0,S00000061,True,DIBBS|SPE4A626T37RY|CLIN0002,"SPE4A626T37RY.PDF, CLIN table",,,
SPE4A626T37RZ,0001,7017697722,0001,EA,12.0,6220-01-076-9372,False,DIBBS|SPE4A626T37RZ|CLIN0001,"SPE4A626T37RZ.PDF, CLIN table",195.95,"exact-NSN history, most recent award",2351.3999999999996
SPE4A626T37SH,0001,7016337477,0001,EA,2.0,5995-01-260-4144,False,DIBBS|SPE4A626T37SH|CLIN0001,"SPE4A626T37SH.PDF, CLIN table",149.0,"exact-NSN history, most recent award",298.0
SPE4A626T37VG,0001,7018341974,0001,EA,3.0,1680-01-448-9561,False,DIBBS|SPE4A626T37VG|CLIN0001,"SPE4A626T37VG.PDF, CLIN table",3405.0,"exact-NSN history, most recent award",10215.0
SPE4A626T37VG,0002,7018341974,0002,EA,3.0,1680-01-448-9561,False,DIBBS|SPE4A626T37VG|CLIN0002,"SPE4A626T37VG.PDF, CLIN table",3405.0,"exact-NSN history, most recent award",10215.0
SPE4A626T37VG,0003,0000000000,,EA,1.0,0001S00000052,True,DIBBS|SPE4A626T37VG|CLIN0003,"SPE4A626T37VG.PDF, CLIN table",,,
SPE4A626T37YE,0001,7018581880,0001,EA,12.0,6220-01-253-6684,False,DIBBS|SPE4A626T37YE|CLIN0001,"SPE4A626T37YE.PDF, CLIN table",462.81,"exact-NSN history, most recent award",5553.72
SPE4A626T37YY,0001,7018504975,0001,EA,1.0,5995-01-657-2500,False,DIBBS|SPE4A626T37YY|CLIN0001,"SPE4A626T37YY.PDF, CLIN table",8995.0,"exact-NSN history, most recent award",8995.0
SPE4A626T38F2,0001,7016437734,0001,EA,9.0,5995-01-118-5064,False,DIBBS|SPE4A626T38F2|CLIN0001,"SPE4A626T38F2.PDF, CLIN table",631.25,"exact-NSN history, most recent award",5681.25
SPE4A626T38F2,0002,0000000000,,EA,1.0,S00000061,True,DIBBS|SPE4A626T38F2|CLIN0002,"SPE4A626T38F2.PDF, CLIN table",,,
SPE4A626T40V4,0001,7013345300,0001,EA,1.0,5995-01-242-0077,False,DIBBS|SPE4A626T40V4|CLIN0001,"SPE4A626T40V4.PDF, CLIN table",4999.99,"exact-NSN history, most recent award",4999.99
SPE4A626T40V4,0002,0000000000,,EA,1.0,0001S00000052,True,DIBBS|SPE4A626T40V4|CLIN0002,"SPE4A626T40V4.PDF, CLIN table",,,
SPE4A626T41A6,0001,7016534055,0001,EA,1.0,6210-01-036-4043,False,DIBBS|SPE4A626T41A6|CLIN0001,"SPE4A626T41A6.PDF, CLIN table",141.41,"exact-NSN history, most recent award",141.41
SPE4A626T41C0,0001,7015905833,0001,EA,1.0,5995-01-702-1568,False,DIBBS|SPE4A626T41C0|CLIN0001,"SPE4A626T41C0.PDF, CLIN table",,unpriced,
SPE4A626T42K0,0001,7016437624,0001,EA,9.0,5995-01-737-9260,False,DIBBS|SPE4A626T42K0|CLIN0001,"SPE4A626T42K0.PDF, CLIN table",,unpriced,
SPE4A626T42V0,0001,7016645344,0001,EA,5.0,6150-01-091-6984,False,DIBBS|SPE4A626T42V0|CLIN0001,"SPE4A626T42V0.PDF, CLIN table",793.58,"exact-NSN history, most recent award",3967.9
SPE4A626T42V0,0002,0000000000,,EA,1.0,S00000061,True,DIBBS|SPE4A626T42V0|CLIN0002,"SPE4A626T42V0.PDF, CLIN table",,,
SPE4A626T43T0,0001,7016645357,0001,EA,16.0,1440-01-546-0994,False,DIBBS|SPE4A626T43T0|CLIN0001,"SPE4A626T43T0.PDF, CLIN table",75.59,"exact-NSN history, most recent award",1209.44
SPE4A626T43T0,0002,0000000000,,EA,1.0,0001S00000052,True,DIBBS|SPE4A626T43T0|CLIN0002,"SPE4A626T43T0.PDF, CLIN table",,,
SPE4A626T44B9,0001,7016644726,0001,EA,2.0,6150-01-676-0777,False,DIBBS|SPE4A626T44B9|CLIN0001,"SPE4A626T44B9.PDF, CLIN table",10800.0,"exact-NSN history, most recent award",21600.0
SPE4A626T44B9,0002,0000000000,,EA,1.0,0001S00000053,True,DIBBS|SPE4A626T44B9|CLIN0002,"SPE4A626T44B9.PDF, CLIN table",,,
SPE4A626T44X9,0001,7016647193,0001,EA,3.0,6150-01-350-1298,False,DIBBS|SPE4A626T44X9|CLIN0001,"SPE4A626T44X9.PDF, CLIN table",640.0,"exact-NSN history, most recent award",1920.0
SPE4A626T44X9,0002,0000000000,,EA,1.0,0001S00000053,True,DIBBS|SPE4A626T44X9|CLIN0002,"SPE4A626T44X9.PDF, CLIN table",,,
SPE4A626T456Z,0001,7014383558,0001,EA,3.0,5995-01-621-8125,False,DIBBS|SPE4A626T456Z|CLIN0001,"SPE4A626T456Z.PDF, CLIN table",2125.95,"exact-NSN history, most recent award",6377.849999999999
SPE4A626T456Z,0002,0000000000,,EA,1.0,0001S00000053,True,DIBBS|SPE4A626T456Z|CLIN0002,"SPE4A626T456Z.PDF, CLIN table",,,
SPE4A626T45P4,0001,7016647102,0001,EA,12.0,6220-01-253-6684,False,DIBBS|SPE4A626T45P4|CLIN0001,"SPE4A626T45P4.PDF, CLIN table",462.81,"exact-NSN history, most recent award",5553.72
SPE4A626T46C8,0001,7016645724,0001,EA,171.0,6210-00-056-9193,False,DIBBS|SPE4A626T46C8|CLIN0001,"SPE4A626T46C8.PDF, CLIN table",10.88,"exact-NSN history, most recent award",1860.4800000000002
SPE4A626T472Z,0001,7015084954,0001,EA,1.0,5995-01-087-1260,False,DIBBS|SPE4A626T472Z|CLIN0001,"SPE4A626T472Z.PDF, CLIN table",12450.75,"exact-NSN history, most recent award",12450.75
SPE4A626T473D,0001,7015053246,0001,EA,36.0,6150-01-389-6169,False,DIBBS|SPE4A626T473D|CLIN0001,"SPE4A626T473D.PDF, CLIN table",3065.0,"exact-NSN history, most recent award",110340.0
SPE4A626T473D,0002,0000000000,,EA,1.0,0001S00000053,True,DIBBS|SPE4A626T473D|CLIN0002,"SPE4A626T473D.PDF, CLIN table",,,
SPE4A626T473D,0003,0000000000,,EA,1.0,S00000062,True,DIBBS|SPE4A626T473D|CLIN0003,"SPE4A626T473D.PDF, CLIN table",,,
SPE4A626T47P4,0001,7016613931,0001,EA,18.0,3110-01-133-5305,False,DIBBS|SPE4A626T47P4|CLIN0001,"SPE4A626T47P4.PDF, CLIN table",144.45,"exact-NSN history, most recent award",2600.1
SPE4A626T47R1,0001,7016529330,0001,EA,1.0,6150-01-714-8467,False,DIBBS|SPE4A626T47R1|CLIN0001,"SPE4A626T47R1.PDF, CLIN table",,unpriced,
SPE4A626T488Y,0001,7015054119,0001,EA,10.0,6150-01-579-5463,False,DIBBS|SPE4A626T488Y|CLIN0001,"SPE4A626T488Y.PDF, CLIN table",950.0,"exact-NSN history, most recent award",9500.0
SPE4A626T488Y,0002,0000000000,,EA,1.0,0001S00000053,True,DIBBS|SPE4A626T488Y|CLIN0002,"SPE4A626T488Y.PDF, CLIN table",,,
SPE4A626T491G,0001,7015050348,0001,EA,15.0,6150-01-504-8164,False,DIBBS|SPE4A626T491G|CLIN0001,"SPE4A626T491G.PDF, CLIN table",1450.0,"exact-NSN history, most recent award",21750.0
SPE4A626T491G,0002,0000000000,,EA,1.0,0001S00000053,True,DIBBS|SPE4A626T491G|CLIN0002,"SPE4A626T491G.PDF, CLIN table",,,
SPE4A626T493M,0001,7015054694,0001,EA,1.0,6150-01-605-2460,False,DIBBS|SPE4A626T493M|CLIN0001,"SPE4A626T493M.PDF, CLIN table",2238.0,"exact-NSN history, most recent award",2238.0
SPE4A626T493M,0002,0000000000,,EA,1.0,S00000061,True,DIBBS|SPE4A626T493M|CLIN0002,"SPE4A626T493M.PDF, CLIN table",,,
SPE4A626T49D6,0001,7016708338,0001,EA,2.0,6150-01-579-7090,False,DIBBS|SPE4A626T49D6|CLIN0001,"SPE4A626T49D6.PDF, CLIN table",1875.0,"exact-NSN history, most recent award",3750.0
SPE4A626T50J3,0001,7016723243,0001,EA,1.0,6150-01-285-4457,False,DIBBS|SPE4A626T50J3|CLIN0001,"SPE4A626T50J3.PDF, CLIN table",1430.25,"exact-NSN history, most recent award",1430.25
SPE4A626T512F,0001,7014382170,0001,EA,2.0,6150-01-674-3713,False,DIBBS|SPE4A626T512F|CLIN0001,"SPE4A626T512F.PDF, CLIN table",2650.0,"exact-NSN history, most recent award",5300.0
SPE4A626T512F,0002,0000000000,,EA,1.0,0001S00000053,True,DIBBS|SPE4A626T512F|CLIN0002,"SPE4A626T512F.PDF, CLIN table",,,
SPE4A626T51E1,0001,7013333849,0001,EA,79.0,6150-01-128-5594,False,DIBBS|SPE4A626T51E1|CLIN0001,"SPE4A626T51E1.PDF, CLIN table",469.5,"exact-NSN history, most recent award",37090.5
SPE4A626T51E1,0002,0000000000,,EA,1.0,0001S00000053,True,DIBBS|SPE4A626T51E1|CLIN0002,"SPE4A626T51E1.PDF, CLIN table",,,
SPE4A626T51Q6,0001,7016753289,0001,EA,3.0,6150-01-030-0510,False,DIBBS|SPE4A626T51Q6|CLIN0001,"SPE4A626T51Q6.PDF, CLIN table",3419.4,"exact-NSN history, most recent award",10258.2
SPE4A626T51Q6,0002,0000000000,,EA,1.0,0001S00000053,True,DIBBS|SPE4A626T51Q6|CLIN0002,"SPE4A626T51Q6.PDF, CLIN table",,,
SPE4A626T520X,0001,7015191713,0001,EA,3.0,5995-01-087-1260,False,DIBBS|SPE4A626T520X|CLIN0001,"SPE4A626T520X.PDF, CLIN table",12450.75,"exact-NSN history, most recent award",37352.25
SPE4A626T52D8,0001,7016753867,0001,EA,16.0,6150-01-412-6437,False,DIBBS|SPE4A626T52D8|CLIN0001,"SPE4A626T52D8.PDF, CLIN table",1500.0,"exact-NSN history, most recent award",24000.0
SPE4A626T52M5,0001,7016753168,0001,EA,22.0,6150-01-577-4716,False,DIBBS|SPE4A626T52M5|CLIN0001,"SPE4A626T52M5.PDF, CLIN table",549.99,"exact-NSN history, most recent award",12099.78
SPE4A626T52M5,0002,0000000000,,EA,1.0,0001S00000053,True,DIBBS|SPE4A626T52M5|CLIN0002,"SPE4A626T52M5.PDF, CLIN table",,,
SPE4A626T53H3,0001,7016752709,0001,EA,5.0,6150-01-251-2902,False,DIBBS|SPE4A626T53H3|CLIN0001,"SPE4A626T53H3.PDF, CLIN table",930.85,"exact-NSN history, most recent award",4654.25
SPE4A626T53H3,0002,0000000000,,EA,1.0,S00000061,True,DIBBS|SPE4A626T53H3|CLIN0002,"SPE4A626T53H3.PDF, CLIN table",,,
SPE4A626T549S,0001,7014384092,0001,EA,57.0,6150-01-577-4716,False,DIBBS|SPE4A626T549S|CLIN0001,"SPE4A626T549S.PDF, CLIN table",549.99,"exact-NSN history, most recent award",31349.43
SPE4A626T549S,0002,0000000000,,EA,1.0,0001S00000053,True,DIBBS|SPE4A626T549S|CLIN0002,"SPE4A626T549S.PDF, CLIN table",,,
SPE4A626T54L2,0001,7016049552,0001,EA,41.0,6150-01-128-5593,False,DIBBS|SPE4A626T54L2|CLIN0001,"SPE4A626T54L2.PDF, CLIN table",,unpriced,
SPE4A626T54M0,0001,7016645005,0001,EA,37.0,6150-01-128-5592,False,DIBBS|SPE4A626T54M0|CLIN0001,"SPE4A626T54M0.PDF, CLIN table",429.3,"exact-NSN history, most recent award",15884.1
SPE4A626T54M0,0002,0000000000,,EA,1.0,0001S00000053,True,DIBBS|SPE4A626T54M0|CLIN0002,"SPE4A626T54M0.PDF, CLIN table",,,
SPE4A626T54Y2,0001,7014487198,0001,EA,14.0,6210-00-990-4645,False,DIBBS|SPE4A626T54Y2|CLIN0001,"SPE4A626T54Y2.PDF, CLIN table",57.2,"exact-NSN history, most recent award",800.8000000000001
SPE4A626T559A,0001,7015247883,0001,EA,14.0,6150-01-422-9129,False,DIBBS|SPE4A626T559A|CLIN0001,"SPE4A626T559A.PDF, CLIN table",1152.5,"exact-NSN history, most recent award",16135.0
SPE4A626T559A,0002,0000000000,,EA,1.0,S00000062,True,DIBBS|SPE4A626T559A|CLIN0002,"SPE4A626T559A.PDF, CLIN table",,,
SPE4A626T55K3,0001,7016783267,0001,EA,8.0,5995-01-665-6387,False,DIBBS|SPE4A626T55K3|CLIN0001,"SPE4A626T55K3.PDF, CLIN table",1395.26,"exact-NSN history, most recent award",11162.08
SPE4A626T55M6,0001,7016785560,0001,EA,45.0,6220-00-151-7538,False,DIBBS|SPE4A626T55M6|CLIN0001,"SPE4A626T55M6.PDF, CLIN table",49.0,"exact-NSN history, most recent award",2205.0
SPE4A626T56M3,0001,7016785055,0001,EA,38.0,6150-01-346-5095,False,DIBBS|SPE4A626T56M3|CLIN0001,"SPE4A626T56M3.PDF, CLIN table",209.97,"exact-NSN history, most recent award",7978.86
SPE4A626T56S6,0001,7016785174,0001,EA,29.0,6210-01-416-8427,False,DIBBS|SPE4A626T56S6|CLIN0001,"SPE4A626T56S6.PDF, CLIN table",199.9,"exact-NSN history, most recent award",5797.1
SPE4A626T571B,0001,7014232649,0001,EA,3.0,6150-01-106-3195,False,DIBBS|SPE4A626T571B|CLIN0001,"SPE4A626T571B.PDF, CLIN table",207.65,"exact-NSN history, most recent award",622.95
SPE4A626T571B,0002,0000000000,,EA,1.0,0001S00000052,True,DIBBS|SPE4A626T571B|CLIN0002,"SPE4A626T571B.PDF, CLIN table",,,
SPE4A626T571K,0001,7015211921,0001,EA,9.0,6150-01-492-4611,False,DIBBS|SPE4A626T571K|CLIN0001,"SPE4A626T571K.PDF, CLIN table",5197.5,"exact-NSN history, most recent award",46777.5
SPE4A626T571K,0002,0000000000,,EA,1.0,0001S00000053,True,DIBBS|SPE4A626T571K|CLIN0002,"SPE4A626T571K.PDF, CLIN table",,,
SPE4A626T571P,0001,7015246467,0001,EA,26.0,6150-01-319-2630,False,DIBBS|SPE4A626T571P|CLIN0001,"SPE4A626T571P.PDF, CLIN table",27.25,"exact-NSN history, most recent award",708.5
SPE4A626T571P,0002,0000000000,,EA,1.0,0001S00000053,True,DIBBS|SPE4A626T571P|CLIN0002,"SPE4A626T571P.PDF, CLIN table",,,
SPE4A626T576S,0001,7015245241,0001,EA,41.0,6210-01-204-0538,False,DIBBS|SPE4A626T576S|CLIN0001,"SPE4A626T576S.PDF, CLIN table",14.5,"exact-NSN history, most recent award",594.5
SPE4A626T57H3,0001,7015537819,0001,EA,3.0,6150-00-415-2879,False,DIBBS|SPE4A626T57H3|CLIN0001,"SPE4A626T57H3.PDF, CLIN table",1575.25,"exact-NSN history, most recent award",4725.75
SPE4A626T57R8,0001,7014382949,0001,EA,3.0,5995-01-091-6410,False,DIBBS|SPE4A626T57R8|CLIN0001,"SPE4A626T57R8.PDF, CLIN table",4605.0,"exact-NSN history, most recent award",13815.0
SPE4A626T57R8,0002,0000000000,,EA,1.0,S00000061,True,DIBBS|SPE4A626T57R8|CLIN0002,"SPE4A626T57R8.PDF, CLIN table",,,
SPE4A626T58P6,0001,7016751524,0001,EA,5.0,6210-00-441-9716,False,DIBBS|SPE4A626T58P6|CLIN0001,"SPE4A626T58P6.PDF, CLIN table",936.9,"exact-NSN history, most recent award",4684.5
SPE4A626T58R3,0001,7016752730,0001,EA,4.0,6150-01-249-7717,False,DIBBS|SPE4A626T58R3|CLIN0001,"SPE4A626T58R3.PDF, CLIN table",957.0,"exact-NSN history, most recent award",3828.0
SPE4A626T58R3,0002,0000000000,,EA,1.0,S00000061,True,DIBBS|SPE4A626T58R3|CLIN0002,"SPE4A626T58R3.PDF, CLIN table",,,
SPE4A626T58R5,0001,7016471701,0001,EA,6.0,6150-01-550-4766,False,DIBBS|SPE4A626T58R5|CLIN0001,"SPE4A626T58R5.PDF, CLIN table",4265.0,"exact-NSN history, most recent award",25590.0
SPE4A626T58R5,0002,0000000000,,EA,1.0,0001S00000052,True,DIBBS|SPE4A626T58R5|CLIN0002,"SPE4A626T58R5.PDF, CLIN table",,,
SPE4A626T59C0,0001,7016799010,0001,EA,17.0,5995-00-707-8794,False,DIBBS|SPE4A626T59C0|CLIN0001,"SPE4A626T59C0.PDF, CLIN table",165.0,"exact-NSN history, most recent award",2805.0
SPE4A626T59Z9,0001,7016811358,0001,EA,3.0,6150-01-085-8169,False,DIBBS|SPE4A626T59Z9|CLIN0001,"SPE4A626T59Z9.PDF, CLIN table",4425.5,"exact-NSN history, most recent award",13276.5
SPE4A626T60A7,0001,7016785431,0001,EA,4.0,6680-01-313-3450,False,DIBBS|SPE4A626T60A7|CLIN0001,"SPE4A626T60A7.PDF, CLIN table",1447.0,"exact-NSN history, most recent award",5788.0
SPE4A626T60P3,0001,7014545161,0001,EA,2.0,6150-01-718-7966,False,DIBBS|SPE4A626T60P3|CLIN0001,"SPE4A626T60P3.PDF, CLIN table",4470.0,"exact-NSN history, most recent award",8940.0
SPE4A626T60P3,0002,0000000000,,EA,1.0,S00000061,True,DIBBS|SPE4A626T60P3|CLIN0002,"SPE4A626T60P3.PDF, CLIN table",,,
SPE4A626T60Q5,0001,7016438543,0001,EA,2.0,6150-01-680-2759,False,DIBBS|SPE4A626T60Q5|CLIN0001,"SPE4A626T60Q5.PDF, CLIN table",1100.11,"exact-NSN history, most recent award",2200.22
SPE4A626T60Q5,0002,0000000000,,EA,1.0,0001S00000053,True,DIBBS|SPE4A626T60Q5|CLIN0002,"SPE4A626T60Q5.PDF, CLIN table",,,
SPE4A626T60Q7,0001,7016244096,0001,EA,15.0,6150-01-506-7477,False,DIBBS|SPE4A626T60Q7|CLIN0001,"SPE4A626T60Q7.PDF, CLIN table",483.0,"exact-NSN history, most recent award",7245.0
SPE4A626T60Q7,0002,0000000000,,EA,1.0,0001S00000053,True,DIBBS|SPE4A626T60Q7|CLIN0002,"SPE4A626T60Q7.PDF, CLIN table",,,
SPE4A626T613H,0001,7015246441,0001,EA,17.0,5995-01-678-2684,False,DIBBS|SPE4A626T613H|CLIN0001,"SPE4A626T613H.PDF, CLIN table",756.94,"exact-NSN history, most recent award",12867.980000000001
SPE4A626T613H,0002,0000000000,,EA,1.0,0001S00000053,True,DIBBS|SPE4A626T613H|CLIN0002,"SPE4A626T613H.PDF, CLIN table",,,
SPE4A626T616N,0001,7015153843,0001,EA,1.0,5995-01-687-0925,False,DIBBS|SPE4A626T616N|CLIN0001,"SPE4A626T616N.PDF, CLIN table",,unpriced,
SPE4A626T621J,0001,7015213350,0001,AY,4.0,6150-01-610-6408,False,DIBBS|SPE4A626T621J|CLIN0001,"SPE4A626T621J.PDF, CLIN table",5250.0,"exact-NSN history, most recent award",21000.0
SPE4A626T636M,0001,7014381016,0001,EA,4.0,6150-01-203-8312,False,DIBBS|SPE4A626T636M|CLIN0001,"SPE4A626T636M.PDF, CLIN table",,unpriced,
SPE4A626T637J,0001,7015403560,0001,EA,2.0,5995-00-111-2738,False,DIBBS|SPE4A626T637J|CLIN0001,"SPE4A626T637J.PDF, CLIN table",750.0,"exact-NSN history, most recent award",1500.0
SPE4A626T63K5,0001,7016848771,0001,EA,1.0,5995-01-676-1136,False,DIBBS|SPE4A626T63K5|CLIN0001,"SPE4A626T63K5.PDF, CLIN table",4150.0,"exact-NSN history, most recent award",4150.0
SPE4A626T63K5,0002,0000000000,,EA,1.0,0001S00000053,True,DIBBS|SPE4A626T63K5|CLIN0002,"SPE4A626T63K5.PDF, CLIN table",,,
SPE4A626T63P2,0001,7016846652,0001,EA,19.0,5995-01-734-9942,False,DIBBS|SPE4A626T63P2|CLIN0001,"SPE4A626T63P2.PDF, CLIN table",1252.39,"exact-NSN history, most recent award",23795.410000000003
SPE4A626T648Z,0001,7015378587,0001,EA,10.0,4920-01-667-7698,False,DIBBS|SPE4A626T648Z|CLIN0001,"SPE4A626T648Z.PDF, CLIN table",125.77,"exact-NSN history, most recent award",1257.7
SPE4A626T648Z,0002,7015378586,0001,EA,2.0,4920-01-667-7698,False,DIBBS|SPE4A626T648Z|CLIN0002,"SPE4A626T648Z.PDF, CLIN table",125.77,"exact-NSN history, most recent award",251.54
SPE4A626T64L4,0001,7016849302,0001,EA,6.0,6220-00-501-2752,False,DIBBS|SPE4A626T64L4|CLIN0001,"SPE4A626T64L4.PDF, CLIN table",2653.0,"exact-NSN history, most recent award",15918.0
SPE4A626T64L4,0002,7016849302,0002,EA,11.0,6220-00-501-2752,False,DIBBS|SPE4A626T64L4|CLIN0002,"SPE4A626T64L4.PDF, CLIN table",2653.0,"exact-NSN history, most recent award",29183.0
SPE4A626T66K0,0001,7015051491,0001,EA,14.0,5995-01-098-1375,False,DIBBS|SPE4A626T66K0|CLIN0001,"SPE4A626T66K0.PDF, CLIN table",122.0,"exact-NSN history, most recent award",1708.0
SPE4A626T66K0,0002,0000000000,,EA,1.0,S00000061,True,DIBBS|SPE4A626T66K0|CLIN0002,"SPE4A626T66K0.PDF, CLIN table",,,
SPE4A626T67F1,0001,7016879251,0001,EA,4.0,6150-01-420-6806,False,DIBBS|SPE4A626T67F1|CLIN0001,"SPE4A626T67F1.PDF, CLIN table",1110.75,"exact-NSN history, most recent award",4443.0
SPE4A626T67K2,0001,7016879964,0001,EA,5.0,5995-01-682-8154,False,DIBBS|SPE4A626T67K2|CLIN0001,"SPE4A626T67K2.PDF, CLIN table",499.5,"exact-NSN history, most recent award",2497.5
SPE4A626T67K2,0002,0000000000,,EA,1.0,S00000061,True,DIBBS|SPE4A626T67K2|CLIN0002,"SPE4A626T67K2.PDF, CLIN table",,,
SPE4A626T68J1,0001,7016832984,0001,EA,1.0,5995-01-716-9192,False,DIBBS|SPE4A626T68J1|CLIN0001,"SPE4A626T68J1.PDF, CLIN table",577.77,"exact-NSN history, most recent award",577.77
SPE4A626T693Y,0001,7014628421,0001,EA,17.0,6210-01-165-6387,False,DIBBS|SPE4A626T693Y|CLIN0001,"SPE4A626T693Y.PDF, CLIN table",125.59,"exact-NSN history, most recent award",2135.03
SPE4A626T69H5,0001,7016845218,0001,EA,5.0,5995-01-568-7250,False,DIBBS|SPE4A626T69H5|CLIN0001,"SPE4A626T69H5.PDF, CLIN table",,unpriced,
SPE4A626T69H5,0002,0000000000,,EA,1.0,0001S00000052,True,DIBBS|SPE4A626T69H5|CLIN0002,"SPE4A626T69H5.PDF, CLIN table",,,
SPE4A626T69J9,0001,7016771951,0001,EA,8.0,5995-01-723-7343,False,DIBBS|SPE4A626T69J9|CLIN0001,"SPE4A626T69J9.PDF, CLIN table",,unpriced,
SPE4A626T69M7,0001,7016879984,0001,EA,15.0,6150-01-451-1108,False,DIBBS|SPE4A626T69M7|CLIN0001,"SPE4A626T69M7.PDF, CLIN table",135.0,"exact-NSN history, most recent award",2025.0
SPE4A626T69M7,0002,0000000000,,EA,1.0,0001S00000053,True,DIBBS|SPE4A626T69M7|CLIN0002,"SPE4A626T69M7.PDF, CLIN table",,,
SPE4A626T69M9,0001,7016879190,0001,EA,15.0,6210-00-842-6939,False,DIBBS|SPE4A626T69M9|CLIN0001,"SPE4A626T69M9.PDF, CLIN table",34.81,"exact-NSN history, most recent award",522.1500000000001
SPE4A626T69S4,0001,7016878816,0001,EA,4.0,6150-01-288-9983,False,DIBBS|SPE4A626T69S4|CLIN0001,"SPE4A626T69S4.PDF, CLIN table",1245.0,"exact-NSN history, most recent award",4980.0
SPE4A626T69S4,0002,0000000000,,EA,1.0,0001S00000052,True,DIBBS|SPE4A626T69S4|CLIN0002,"SPE4A626T69S4.PDF, CLIN table",,,
SPE4A626T69S6,0001,7016833276,0001,EA,2.0,6150-01-693-3017,False,DIBBS|SPE4A626T69S6|CLIN0001,"SPE4A626T69S6.PDF, CLIN table",2826.09,"exact-NSN history, most recent award",5652.18
SPE4A626T69T3,0001,7016049529,0001,EA,37.0,6150-01-128-5590,False,DIBBS|SPE4A626T69T3|CLIN0001,"SPE4A626T69T3.PDF, CLIN table",379.26,"exact-NSN history, most recent award",14032.619999999999
SPE4A626T69T3,0002,0000000000,,EA,1.0,0001S00000053,True,DIBBS|SPE4A626T69T3|CLIN0002,"SPE4A626T69T3.PDF, CLIN table",,,
SPE4A626T69U5,0001,7016646310,0001,EA,2.0,5995-01-408-3287,False,DIBBS|SPE4A626T69U5|CLIN0001,"SPE4A626T69U5.PDF, CLIN table",2887.5,"exact-NSN history, most recent award",5775.0
SPE4A626T71S4,0001,7016802998,0001,EA,2.0,5995-01-087-1260,False,DIBBS|SPE4A626T71S4|CLIN0001,"SPE4A626T71S4.PDF, CLIN table",12450.75,"exact-NSN history, most recent award",24901.5
SPE4A626T71Z5,0001,7016849495,0001,EA,133.0,6210-00-519-0448,False,DIBBS|SPE4A626T71Z5|CLIN0001,"SPE4A626T71Z5.PDF, CLIN table",12.72,"exact-NSN history, most recent award",1691.76
SPE4A626T71Z5,0002,0000000000,,EA,1.0,0001S00000053,True,DIBBS|SPE4A626T71Z5|CLIN0002,"SPE4A626T71Z5.PDF, CLIN table",,,
SPE4A626T721X,0001,7015246214,0001,EA,2.0,5995-01-705-9028,False,DIBBS|SPE4A626T721X|CLIN0001,"SPE4A626T721X.PDF, CLIN table",,unpriced,
SPE4A626T729A,0001,7015536656,0001,EA,1.0,5995-01-726-2489,False,DIBBS|SPE4A626T729A|CLIN0001,"SPE4A626T729A.PDF, CLIN table",,unpriced,
SPE4A626T732K,0001,7015596084,0001,EA,2.0,5995-01-091-6019,False,DIBBS|SPE4A626T732K|CLIN0001,"SPE4A626T732K.PDF, CLIN table",199.57,"exact-NSN history, most recent award",399.14
SPE4A626T732K,0002,0000000000,,EA,1.0,0001S00000053,True,DIBBS|SPE4A626T732K|CLIN0002,"SPE4A626T732K.PDF, CLIN table",,,
SPE4A626T73G5,0001,7016645021,0001,EA,7.0,4920-01-565-4276,False,DIBBS|SPE4A626T73G5|CLIN0001,"SPE4A626T73G5.PDF, CLIN table",919.33,"exact-NSN history, most recent award",6435.31
SPE4A626T746U,0001,7015601619,0001,EA,8.0,6150-01-538-2881,False,DIBBS|SPE4A626T746U|CLIN0001,"SPE4A626T746U.PDF, CLIN table",1399.0,"exact-NSN history, most recent award",11192.0
SPE4A626T746U,0002,0000000000,,EA,1.0,0001S00000053,True,DIBBS|SPE4A626T746U|CLIN0002,"SPE4A626T746U.PDF, CLIN table",,,
SPE4A626T74Q2,0001,7016751753,0001,EA,4.0,5995-01-112-7018,False,DIBBS|SPE4A626T74Q2|CLIN0001,"SPE4A626T74Q2.PDF, CLIN table",2599.0,"exact-NSN history, most recent award",10396.0
SPE4A626T74Q2,0002,7016751753,0002,EA,28.0,5995-01-112-7018,False,DIBBS|SPE4A626T74Q2|CLIN0002,"SPE4A626T74Q2.PDF, CLIN table",2599.0,"exact-NSN history, most recent award",72772.0
SPE4A626T74Q2,0003,0000000000,,EA,1.0,0001S00000053,True,DIBBS|SPE4A626T74Q2|CLIN0003,"SPE4A626T74Q2.PDF, CLIN table",,,
SPE4A626T74Q6,0001,7016847246,0001,EA,52.0,6210-00-399-7028,False,DIBBS|SPE4A626T74Q6|CLIN0001,"SPE4A626T74Q6.PDF, CLIN table",51.35,"exact-NSN history, most recent award",2670.2000000000003
SPE4A626T769J,0001,7015601767,0001,EA,41.0,6150-01-210-3596,False,DIBBS|SPE4A626T769J|CLIN0001,"SPE4A626T769J.PDF, CLIN table",14.99,"exact-NSN history, most recent award",614.59
SPE4A626T769J,0002,0000000000,,EA,1.0,0001S00000053,True,DIBBS|SPE4A626T769J|CLIN0002,"SPE4A626T769J.PDF, CLIN table",,,
SPE4A626T76A3,0001,7017010239,0001,EA,6.0,6150-01-219-2852,False,DIBBS|SPE4A626T76A3|CLIN0001,"SPE4A626T76A3.PDF, CLIN table",520.0,"exact-NSN history, most recent award",3120.0
SPE4A626T76A3,0002,0000000000,,EA,1.0,S00000061,True,DIBBS|SPE4A626T76A3|CLIN0002,"SPE4A626T76A3.PDF, CLIN table",,,
SPE4A626T76M7,0001,7017010194,0001,EA,2.0,6150-01-693-0357,False,DIBBS|SPE4A626T76M7|CLIN0001,"SPE4A626T76M7.PDF, CLIN table",3210.5,"exact-NSN history, most recent award",6421.0
SPE4A626T76M7,0002,0000000000,,EA,1.0,0001S00000053,True,DIBBS|SPE4A626T76M7|CLIN0002,"SPE4A626T76M7.PDF, CLIN table",,,
SPE4A626T76S1,0001,7017010222,0001,EA,7.0,5995-01-690-0452,False,DIBBS|SPE4A626T76S1|CLIN0001,"SPE4A626T76S1.PDF, CLIN table",12500.0,"exact-NSN history, most recent award",87500.0
SPE4A626T76S1,0002,0000000000,,EA,1.0,0001S00000053,True,DIBBS|SPE4A626T76S1|CLIN0002,"SPE4A626T76S1.PDF, CLIN table",,,
SPE4A626T76X5,0001,7017011435,0001,EA,4.0,5995-01-091-6468,False,DIBBS|SPE4A626T76X5|CLIN0001,"SPE4A626T76X5.PDF, CLIN table",3097.5,"exact-NSN history, most recent award",12390.0
SPE4A626T76X5,0002,0000000000,,EA,1.0,S00000061,True,DIBBS|SPE4A626T76X5|CLIN0002,"SPE4A626T76X5.PDF, CLIN table",,,
SPE4A626T773C,0001,7015607934,0001,EA,26.0,5995-00-169-6049,False,DIBBS|SPE4A626T773C|CLIN0001,"SPE4A626T773C.PDF, CLIN table",56.92,"exact-NSN history, most recent award",1479.92
SPE4A626T77P4,0001,7015111024,0001,EA,7.0,5995-01-463-2492,False,DIBBS|SPE4A626T77P4|CLIN0001,"SPE4A626T77P4.PDF, CLIN table",5752.68,"exact-NSN history, most recent award",40268.76
SPE4A626T77P4,0002,0000000000,,EA,1.0,0001S00000053,True,DIBBS|SPE4A626T77P4|CLIN0002,"SPE4A626T77P4.PDF, CLIN table",,,
SPE4A626T782D,0001,7015599986,0001,EA,70.0,1420-01-070-4995,False,DIBBS|SPE4A626T782D|CLIN0001,"SPE4A626T782D.PDF, CLIN table",9.75,"exact-NSN history, most recent award",682.5
SPE4A626T78F8,0001,7017011928,0001,EA,8.0,6150-01-650-4959,False,DIBBS|SPE4A626T78F8|CLIN0001,"SPE4A626T78F8.PDF, CLIN table",2203.71,"exact-NSN history, most recent award",17629.68
SPE4A626T793J,0001,7015603680,0001,EA,1.0,5995-01-622-5096,False,DIBBS|SPE4A626T793J|CLIN0001,"SPE4A626T793J.PDF, CLIN table",4100.0,"exact-NSN history, most recent award",4100.0
SPE4A626T793J,0002,0000000000,,EA,1.0,0001S00000053,True,DIBBS|SPE4A626T793J|CLIN0002,"SPE4A626T793J.PDF, CLIN table",,,
SPE4A626T79W1,0001,7017039783,0001,EA,9.0,5995-01-241-3852,False,DIBBS|SPE4A626T79W1|CLIN0001,"SPE4A626T79W1.PDF, CLIN table",130.0,"exact-NSN history, most recent award",1170.0
SPE4A626T800G,0001,7014383126,0001,EA,3.0,5995-01-725-6015,False,DIBBS|SPE4A626T800G|CLIN0001,"SPE4A626T800G.PDF, CLIN table",,unpriced,
SPE4A626T803V,0001,7015658101,0001,EA,35.0,6210-00-143-6614,False,DIBBS|SPE4A626T803V|CLIN0001,"SPE4A626T803V.PDF, CLIN table",12.26,"exact-NSN history, most recent award",429.09999999999997
SPE4A626T80G3,0001,7017039719,0001,EA,2.0,5995-01-725-7846,False,DIBBS|SPE4A626T80G3|CLIN0001,"SPE4A626T80G3.PDF, CLIN table",1775.25,"exact-NSN history, most recent award",3550.5
SPE4A626T80V6,0001,7016869814,0001,EA,1.0,6150-01-559-6613,False,DIBBS|SPE4A626T80V6|CLIN0001,"SPE4A626T80V6.PDF, CLIN table",1415.65,"exact-NSN history, most recent award",1415.65
SPE4A626T80V6,0002,0000000000,,EA,1.0,0001S00000053,True,DIBBS|SPE4A626T80V6|CLIN0002,"SPE4A626T80V6.PDF, CLIN table",,,
SPE4A626T81P6,0001,7017060369,0001,EA,17.0,6150-01-165-5659,False,DIBBS|SPE4A626T81P6|CLIN0001,"SPE4A626T81P6.PDF, CLIN table",5885.0,"exact-NSN history, most recent award",100045.0
SPE4A626T81P6,0002,0000000000,,EA,1.0,0001S00000053,True,DIBBS|SPE4A626T81P6|CLIN0002,"SPE4A626T81P6.PDF, CLIN table",,,
SPE4A626T81S3,0001,7017004664,0001,EA,1.0,5995-01-606-7405,False,DIBBS|SPE4A626T81S3|CLIN0001,"SPE4A626T81S3.PDF, CLIN table",1748.25,"exact-NSN history, most recent award",1748.25
SPE4A626T81T3,0001,7017061840,0001,EA,163.0,6150-01-106-8556,False,DIBBS|SPE4A626T81T3|CLIN0001,"SPE4A626T81T3.PDF, CLIN table",720.0,"exact-NSN history, most recent award",117360.0
SPE4A626T81T3,0002,0000000000,,EA,1.0,S00000061,True,DIBBS|SPE4A626T81T3|CLIN0002,"SPE4A626T81T3.PDF, CLIN table",,,
SPE4A626T81V7,0001,7017011436,0001,EA,4.0,6150-01-091-6465,False,DIBBS|SPE4A626T81V7|CLIN0001,"SPE4A626T81V7.PDF, CLIN table",3000.0,"exact-NSN history, most recent award",12000.0
SPE4A626T81V7,0002,0000000000,,EA,1.0,S00000061,True,DIBBS|SPE4A626T81V7|CLIN0002,"SPE4A626T81V7.PDF, CLIN table",,,
SPE4A626T81V8,0001,7016849239,0001,EA,14.0,6150-01-672-0227,False,DIBBS|SPE4A626T81V8|CLIN0001,"SPE4A626T81V8.PDF, CLIN table",3100.0,"exact-NSN history, most recent award",43400.0
SPE4A626T81V8,0002,0000000000,,EA,1.0,0001S00000053,True,DIBBS|SPE4A626T81V8|CLIN0002,"SPE4A626T81V8.PDF, CLIN table",,,
SPE4A626T822A,0001,7015604954,0001,EA,37.0,4920-01-462-9074,False,DIBBS|SPE4A626T822A|CLIN0001,"SPE4A626T822A.PDF, CLIN table",325.25,"exact-NSN history, most recent award",12034.25
SPE4A626T831M,0001,7015657021,0001,EA,4.0,5995-01-579-3004,False,DIBBS|SPE4A626T831M|CLIN0001,"SPE4A626T831M.PDF, CLIN table",1350.0,"exact-NSN history, most recent award",5400.0
SPE4A626T831M,0002,0000000000,,EA,1.0,0001S00000053,True,DIBBS|SPE4A626T831M|CLIN0002,"SPE4A626T831M.PDF, CLIN table",,,
SPE4A626T83H3,0001,7017038970,0001,EA,1.0,5995-01-697-4627,False,DIBBS|SPE4A626T83H3|CLIN0001,"SPE4A626T83H3.PDF, CLIN table",,unpriced,
SPE4A626T83Q9,0001,7017034563,0001,EA,2.0,6150-01-576-6066,False,DIBBS|SPE4A626T83Q9|CLIN0001,"SPE4A626T83Q9.PDF, CLIN table",31000.0,"exact-NSN history, most recent award",62000.0
SPE4A626T83Q9,0002,0000000000,,EA,1.0,0001S00000053,True,DIBBS|SPE4A626T83Q9|CLIN0002,"SPE4A626T83Q9.PDF, CLIN table",,,
SPE4A626T83U6,0001,7012491196,0001,EA,70.0,1440-01-546-0994,False,DIBBS|SPE4A626T83U6|CLIN0001,"SPE4A626T83U6.PDF, CLIN table",75.59,"exact-NSN history, most recent award",5291.3
SPE4A626T83U6,0002,0000000000,,EA,1.0,0001S00000052,True,DIBBS|SPE4A626T83U6|CLIN0002,"SPE4A626T83U6.PDF, CLIN table",,,
SPE4A626T84C0,0001,7016930064,0001,EA,2.0,5995-01-680-7986,False,DIBBS|SPE4A626T84C0|CLIN0001,"SPE4A626T84C0.PDF, CLIN table",22050.0,"exact-NSN history, most recent award",44100.0
SPE4A626T84D2,0001,7017098115,0001,EA,14.0,6150-01-549-1520,False,DIBBS|SPE4A626T84D2|CLIN0001,"SPE4A626T84D2.PDF, CLIN table",1900.0,"exact-NSN history, most recent award",26600.0
SPE4A626T84J8,0001,7017108560,0001,EA,46.0,6220-00-712-1779,False,DIBBS|SPE4A626T84J8|CLIN0001,"SPE4A626T84J8.PDF, CLIN table",152.1,"exact-NSN history, most recent award",6996.599999999999
SPE4A626T84P1,0001,7017108871,0001,EA,3.0,5995-01-191-1399,False,DIBBS|SPE4A626T84P1|CLIN0001,"SPE4A626T84P1.PDF, CLIN table",5363.0,"exact-NSN history, most recent award",16089.0
SPE4A626T84P1,0002,0000000000,,EA,1.0,S00000061,True,DIBBS|SPE4A626T84P1|CLIN0002,"SPE4A626T84P1.PDF, CLIN table",,,
SPE4A626T84R0,0001,7017108830,0001,EA,159.0,6150-01-472-4491,False,DIBBS|SPE4A626T84R0|CLIN0001,"SPE4A626T84R0.PDF, CLIN table",300.0,"exact-NSN history, most recent award",47700.0
SPE4A626T84R0,0002,0000000000,,EA,1.0,0001S00000053,True,DIBBS|SPE4A626T84R0|CLIN0002,"SPE4A626T84R0.PDF, CLIN table",,,
SPE4A626T84Z3,0001,7017107963,0001,EA,2.0,6150-01-612-1878,False,DIBBS|SPE4A626T84Z3|CLIN0001,"SPE4A626T84Z3.PDF, CLIN table",2442.75,"exact-NSN history, most recent award",4885.5
SPE4A626T84Z3,0002,0000000000,,EA,1.0,0001S00000053,True,DIBBS|SPE4A626T84Z3|CLIN0002,"SPE4A626T84Z3.PDF, CLIN table",,,
SPE4A626T85B9,0001,7017109236,0001,EA,14.0,5995-01-598-0382,False,DIBBS|SPE4A626T85B9|CLIN0001,"SPE4A626T85B9.PDF, CLIN table",702.38,"exact-NSN history, most recent award",9833.32
SPE4A626T85V1,0001,7014630134,0001,EA,14.0,5995-01-411-7093,False,DIBBS|SPE4A626T85V1|CLIN0001,"SPE4A626T85V1.PDF, CLIN table",1127.0,"exact-NSN history, most recent award",15778.0
SPE4A626T85V1,0002,0000000000,,EA,1.0,S00000061,True,DIBBS|SPE4A626T85V1|CLIN0002,"SPE4A626T85V1.PDF, CLIN table",,,
SPE4A626T85W7,0001,7015112070,0001,EA,57.0,5995-01-705-8691,False,DIBBS|SPE4A626T85W7|CLIN0001,"SPE4A626T85W7.PDF, CLIN table",275.15,"exact-NSN history, most recent award",15683.55
SPE4A626T85W7,0002,0000000000,,EA,1.0,0001S00000053,True,DIBBS|SPE4A626T85W7|CLIN0002,"SPE4A626T85W7.PDF, CLIN table",,,
SPE4A626T86S0,0001,7016997107,0001,EA,1.0,6210-01-003-0260,False,DIBBS|SPE4A626T86S0|CLIN0001,"SPE4A626T86S0.PDF, CLIN table",13.75,"exact-NSN history, most recent award",13.75
SPE4A626T88D6,0001,7017011083,0001,EA,18.0,5995-01-587-6864,False,DIBBS|SPE4A626T88D6|CLIN0001,"SPE4A626T88D6.PDF, CLIN table",2231.2,"exact-NSN history, most recent award",40161.6
SPE4A626T88D6,0002,0000000000,,EA,1.0,0001S00000053,True,DIBBS|SPE4A626T88D6|CLIN0002,"SPE4A626T88D6.PDF, CLIN table",,,
SPE4A626T88U0,0001,7016294042,0001,EA,4.0,6150-00-153-7296,False,DIBBS|SPE4A626T88U0|CLIN0001,"SPE4A626T88U0.PDF, CLIN table",51.44,"exact-NSN history, most recent award",205.76
SPE4A626T88U0,0002,0000000000,,EA,1.0,0001S00000053,True,DIBBS|SPE4A626T88U0|CLIN0002,"SPE4A626T88U0.PDF, CLIN table",,,
SPE4A626T88V1,0001,7017010242,0001,EA,1.0,5995-01-484-8758,False,DIBBS|SPE4A626T88V1|CLIN0001,"SPE4A626T88V1.PDF, CLIN table",7425.5,"exact-NSN history, most recent award",7425.5
SPE4A626T88V5,0001,7017038859,0001,EA,3.0,6210-01-384-2261,False,DIBBS|SPE4A626T88V5|CLIN0001,"SPE4A626T88V5.PDF, CLIN table",450.0,"exact-NSN history, most recent award",1350.0
SPE4A626T88W2,0001,7015501550,0001,EA,2.0,6150-01-627-5494,False,DIBBS|SPE4A626T88W2|CLIN0001,"SPE4A626T88W2.PDF, CLIN table",1815.0,"exact-NSN history, most recent award",3630.0
SPE4A626T88W2,0002,0000000000,,EA,1.0,0001S00000053,True,DIBBS|SPE4A626T88W2|CLIN0002,"SPE4A626T88W2.PDF, CLIN table",,,
SPE4A626T88Y8,0001,7017011734,0001,EA,205.0,6210-01-096-1152,False,DIBBS|SPE4A626T88Y8|CLIN0001,"SPE4A626T88Y8.PDF, CLIN table",7.36,"exact-NSN history, most recent award",1508.8
SPE4A626T88Y8,0002,0000000000,,EA,1.0,0001S00000052,True,DIBBS|SPE4A626T88Y8|CLIN0002,"SPE4A626T88Y8.PDF, CLIN table",,,
SPE4A626T89P2,0001,7017147146,0001,EA,1.0,5995-01-032-5730,False,DIBBS|SPE4A626T89P2|CLIN0001,"SPE4A626T89P2.PDF, CLIN table",3867.0,"exact-NSN history, most recent award",3867.0
SPE4A626T89P2,0002,0000000000,,EA,1.0,0001S00000052,True,DIBBS|SPE4A626T89P2|CLIN0002,"SPE4A626T89P2.PDF, CLIN table",,,
SPE4A626T89S2,0001,7017149422,0001,EA,2.0,6150-01-109-7604,False,DIBBS|SPE4A626T89S2|CLIN0001,"SPE4A626T89S2.PDF, CLIN table",3214.69,"exact-NSN history, most recent award",6429.38
SPE4A626T89S2,0002,0000000000,,EA,1.0,S00000061,True,DIBBS|SPE4A626T89S2|CLIN0002,"SPE4A626T89S2.PDF, CLIN table",,,
SPE4A626T90F3,0001,7017146835,0001,EA,76.0,6150-01-315-1837,False,DIBBS|SPE4A626T90F3|CLIN0001,"SPE4A626T90F3.PDF, CLIN table",894.14,"exact-NSN history, most recent award",67954.64
SPE4A626T90F3,0002,0000000000,,EA,1.0,0001S00000053,True,DIBBS|SPE4A626T90F3|CLIN0002,"SPE4A626T90F3.PDF, CLIN table",,,
SPE4A626T91J0,0001,7017147376,0001,EA,64.0,6150-01-434-1113,False,DIBBS|SPE4A626T91J0|CLIN0001,"SPE4A626T91J0.PDF, CLIN table",2541.4,"exact-NSN history, most recent award",162649.6
SPE4A626T92N3,0001,7014871384,0001,EA,9.0,6150-01-674-4243,False,DIBBS|SPE4A626T92N3|CLIN0001,"SPE4A626T92N3.PDF, CLIN table",12301.4,"exact-NSN history, most recent award",110712.59999999999
SPE4A626T92N3,0002,0000000000,,EA,1.0,0001S00000053,True,DIBBS|SPE4A626T92N3|CLIN0002,"SPE4A626T92N3.PDF, CLIN table",,,
SPE4A626T93T9,0001,7013413966,0001,EA,2.0,6150-01-577-1674,False,DIBBS|SPE4A626T93T9|CLIN0001,"SPE4A626T93T9.PDF, CLIN table",9920.0,"exact-NSN history, most recent award",19840.0
SPE4A626T94B1,0001,7017200535,0001,EA,49.0,6150-01-119-4117,False,DIBBS|SPE4A626T94B1|CLIN0001,"SPE4A626T94B1.PDF, CLIN table",956.84,"exact-NSN history, most recent award",46885.16
SPE4A626T94B1,0002,0000000000,,EA,1.0,0001S00000053,True,DIBBS|SPE4A626T94B1|CLIN0002,"SPE4A626T94B1.PDF, CLIN table",,,
SPE4A626T94P9,0001,7017199443,0001,EA,22.0,5995-01-579-9917,False,DIBBS|SPE4A626T94P9|CLIN0001,"SPE4A626T94P9.PDF, CLIN table",2369.0,"exact-NSN history, most recent award",52118.0
SPE4A626T94P9,0002,0000000000,,EA,1.0,0001S00000053,True,DIBBS|SPE4A626T94P9|CLIN0002,"SPE4A626T94P9.PDF, CLIN table",,,
SPE4A626T94S4,0001,7017200913,0001,EA,9.0,5995-01-663-7006,False,DIBBS|SPE4A626T94S4|CLIN0001,"SPE4A626T94S4.PDF, CLIN table",2475.0,"exact-NSN history, most recent award",22275.0
SPE4A626T94S4,0002,0000000000,,EA,1.0,0001S00000053,True,DIBBS|SPE4A626T94S4|CLIN0002,"SPE4A626T94S4.PDF, CLIN table",,,
SPE4A626T95A4,0001,7017204504,0001,EA,2.0,6150-00-923-5966,False,DIBBS|SPE4A626T95A4|CLIN0001,"SPE4A626T95A4.PDF, CLIN table",565.02009,"exact-NSN history, most recent award",1130.04018
SPE4A626T95J9,0001,7017200525,0001,EA,31.0,6150-01-451-2022,False,DIBBS|SPE4A626T95J9|CLIN0001,"SPE4A626T95J9.PDF, CLIN table",419.0,"exact-NSN history, most recent award",12989.0
SPE4A626T95J9,0002,0000000000,,EA,1.0,0001S00000053,True,DIBBS|SPE4A626T95J9|CLIN0002,"SPE4A626T95J9.PDF, CLIN table",,,
SPE4A626T95N8,0001,7017200602,0001,EA,1.0,6150-01-462-5018,False,DIBBS|SPE4A626T95N8|CLIN0001,"SPE4A626T95N8.PDF, CLIN table",11500.0,"exact-NSN history, most recent award",11500.0
SPE4A626T95N8,0002,0000000000,,EA,1.0,0001S00000053,True,DIBBS|SPE4A626T95N8|CLIN0002,"SPE4A626T95N8.PDF, CLIN table",,,
SPE4A626T96Y4,0001,7017227540,0001,EA,5.0,6150-01-288-9983,False,DIBBS|SPE4A626T96Y4|CLIN0001,"SPE4A626T96Y4.PDF, CLIN table",1245.0,"exact-NSN history, most recent award",6225.0
SPE4A626T96Y4,0002,0000000000,,EA,1.0,0001S00000052,True,DIBBS|SPE4A626T96Y4|CLIN0002,"SPE4A626T96Y4.PDF, CLIN table",,,
SPE4A626T97S4,0001,7017226376,0001,EA,6.0,5995-01-707-5754,False,DIBBS|SPE4A626T97S4|CLIN0001,"SPE4A626T97S4.PDF, CLIN table",,unpriced,
SPE4A626T97T5,0001,7017225689,0001,EA,20.0,6150-01-727-3608,False,DIBBS|SPE4A626T97T5|CLIN0001,"SPE4A626T97T5.PDF, CLIN table",4873.0,"exact-NSN history, most recent award",97460.0
SPE4A626T97Y8,0001,7017038872,0001,EA,3.0,6210-01-384-0386,False,DIBBS|SPE4A626T97Y8|CLIN0001,"SPE4A626T97Y8.PDF, CLIN table",715.95,"exact-NSN history, most recent award",2147.8500000000004
SPE4A626T97Z1,0001,7017038857,0001,EA,4.0,6210-01-384-2297,False,DIBBS|SPE4A626T97Z1|CLIN0001,"SPE4A626T97Z1.PDF, CLIN table",155.0,"exact-NSN history, most recent award",620.0
SPE4A626T97Z1,0002,0000000000,,EA,1.0,0001S00000053,True,DIBBS|SPE4A626T97Z1|CLIN0002,"SPE4A626T97Z1.PDF, CLIN table",,,
SPE4A626T97Z5,0001,7017108081,0001,EA,13.0,6210-01-497-6087,False,DIBBS|SPE4A626T97Z5|CLIN0001,"SPE4A626T97Z5.PDF, CLIN table",310.23,"exact-NSN history, most recent award",4032.9900000000002
SPE4A626T97Z6,0001,7017226601,0001,EA,6.0,1420-01-714-8959,False,DIBBS|SPE4A626T97Z6|CLIN0001,"SPE4A626T97Z6.PDF, CLIN table",1029.75,"exact-NSN history, most recent award",6178.5
SPE4A626T97Z6,0002,0000000000,,EA,1.0,S00000061,True,DIBBS|SPE4A626T97Z6|CLIN0002,"SPE4A626T97Z6.PDF, CLIN table",,,
SPE4A626T98B4,0001,7017226603,0001,EA,10.0,1420-01-714-8852,False,DIBBS|SPE4A626T98B4|CLIN0001,"SPE4A626T98B4.PDF, CLIN table",225.0,"exact-NSN history, most recent award",2250.0
SPE4A626T98B4,0002,0000000000,,EA,1.0,S00000061,True,DIBBS|SPE4A626T98B4|CLIN0002,"SPE4A626T98B4.PDF, CLIN table",,,
SPE4A626T98C4,0001,7016990194,0001,EA,17.0,5995-01-112-7627,False,DIBBS|SPE4A626T98C4|CLIN0001,"SPE4A626T98C4.PDF, CLIN table",95.0,"exact-NSN history, most recent award",1615.0
SPE4A626T98C4,0002,0000000000,,EA,1.0,0001S00000053,True,DIBBS|SPE4A626T98C4|CLIN0002,"SPE4A626T98C4.PDF, CLIN table",,,
SPE4A626T98G7,0001,7016644692,0001,EA,6.0,6150-01-473-1579,False,DIBBS|SPE4A626T98G7|CLIN0001,"SPE4A626T98G7.PDF, CLIN table",1575.0,"exact-NSN history, most recent award",9450.0
SPE4A626T98G7,0002,0000000000,,EA,1.0,0001S00000053,True,DIBBS|SPE4A626T98G7|CLIN0002,"SPE4A626T98G7.PDF, CLIN table",,,
SPE4A626T98H1,0001,7017147884,0001,EA,105.0,5995-01-592-8450,False,DIBBS|SPE4A626T98H1|CLIN0001,"SPE4A626T98H1.PDF, CLIN table",834.2,"exact-NSN history, most recent award",87591.0
SPE4A626T98H1,0002,0000000000,,EA,1.0,0001S00000053,True,DIBBS|SPE4A626T98H1|CLIN0002,"SPE4A626T98H1.PDF, CLIN table",,,
SPE4A626T98H7,0001,7017109164,0001,EA,1.0,6150-01-698-8391,False,DIBBS|SPE4A626T98H7|CLIN0001,"SPE4A626T98H7.PDF, CLIN table",13300.0,"exact-NSN history, most recent award",13300.0
SPE4A626T98H7,0002,0000000000,,EA,1.0,0001S00000053,True,DIBBS|SPE4A626T98H7|CLIN0002,"SPE4A626T98H7.PDF, CLIN table",,,
SPE4A626U2259,0001,1000223927,0001,EA,16.0,6210-01-298-0451,False,DIBBS|SPE4A626U2259|CLIN0001,"SPE4A626U2259.PDF, CLIN table",324.5,"exact-NSN history, most recent award",5192.0
SPE4A626U2456,0001,1000227258,0001,EA,16.0,5995-01-259-2703,False,DIBBS|SPE4A626U2456|CLIN0001,"SPE4A626U2456.PDF, CLIN table",556.01,"exact-NSN history, most recent award",8896.16
SPE4A626U2525,0001,1000229491,0001,EA,5.0,5995-01-186-6439,False,DIBBS|SPE4A626U2525|CLIN0001,"SPE4A626U2525.PDF, CLIN table",998.0,"exact-NSN history, most recent award",4990.0
SPE4A626U2548,0001,1000229481,0001,EA,4.0,5995-01-389-6325,False,DIBBS|SPE4A626U2548|CLIN0001,"SPE4A626U2548.PDF, CLIN table",749.5,"exact-NSN history, most recent award",2998.0
SPE4A626U2555,0001,1000229518,0001,EA,1.0,5995-01-705-9028,False,DIBBS|SPE4A626U2555|CLIN0001,"SPE4A626U2555.PDF, CLIN table",,unpriced,
SPE4A626U2578,0001,1000229528,0001,EA,4.0,6150-01-725-2055,False,DIBBS|SPE4A626U2578|CLIN0001,"SPE4A626U2578.PDF, CLIN table",3552.25,"exact-NSN history, most recent award",14209.0
SPE4A626U2581,0001,1000229484,0001,EA,4.0,5995-01-727-5128,False,DIBBS|SPE4A626U2581|CLIN0001,"SPE4A626U2581.PDF, CLIN table",2434.43,"exact-NSN history, most recent award",9737.72
SPE4A626U2703,0001,1000230779,0001,EA,21.0,6150-01-509-6003,False,DIBBS|SPE4A626U2703|CLIN0001,"SPE4A626U2703.PDF, CLIN table",303.0,"exact-NSN history, most recent award",6363.0
SPE4A626U2739,0001,1000231096,0001,EA,12.0,6350-00-549-6654,False,DIBBS|SPE4A626U2739|CLIN0001,"SPE4A626U2739.PDF, CLIN table",254.0,"exact-NSN history, most recent award",3048.0
SPE4A626U2795,0001,1000231153,0001,EA,97.0,5995-01-674-7240,False,DIBBS|SPE4A626U2795|CLIN0001,"SPE4A626U2795.PDF, CLIN table",47.95,"exact-NSN history, most recent award",4651.150000000001
SPE4A626U2817,0001,1000230362,0001,EA,1.0,5995-01-429-4241,False,DIBBS|SPE4A626U2817|CLIN0001,"SPE4A626U2817.PDF, CLIN table",3090.0,"exact-NSN history, most recent award",3090.0
SPE4A626U2838,0001,1000229510,0001,EA,1394.0,5995-00-933-7180,False,DIBBS|SPE4A626U2838|CLIN0001,"SPE4A626U2838.PDF, CLIN table",85.0,"exact-NSN history, most recent award",118490.0
SPE4A626U2865,0001,1000231603,0001,EA,15.0,6150-01-665-1807,False,DIBBS|SPE4A626U2865|CLIN0001,"SPE4A626U2865.PDF, CLIN table",379.0,"exact-NSN history, most recent award",5685.0
SPE4A626U2873,0001,1000231105,0001,EA,75.0,6150-01-245-7651,False,DIBBS|SPE4A626U2873|CLIN0001,"SPE4A626U2873.PDF, CLIN table",461.5,"exact-NSN history, most recent award",34612.5
SPE4A626U2952,0001,1000223909,0001,EA,5.0,5995-01-137-6478,False,DIBBS|SPE4A626U2952|CLIN0001,"SPE4A626U2952.PDF, CLIN table",679.23,"exact-NSN history, most recent award",3396.15
SPE4A626U2954,0001,1000219605,0001,EA,31.0,5995-01-624-7004,False,DIBBS|SPE4A626U2954|CLIN0001,"SPE4A626U2954.PDF, CLIN table",388.03,"exact-NSN history, most recent award",12028.929999999998
SPE4A626U3072,0001,1000232751,0001,EA,98.0,6210-00-226-4542,False,DIBBS|SPE4A626U3072|CLIN0001,"SPE4A626U3072.PDF, CLIN table",33.63,"exact-NSN history, most recent award",3295.7400000000002
SPE4A626U3099,0001,1000232665,0001,EA,3.0,6150-01-379-0592,False,DIBBS|SPE4A626U3099|CLIN0001,"SPE4A626U3099.PDF, CLIN table",1031.59,"exact-NSN history, most recent award",3094.7699999999995
SPE4A626U3186,0001,1000181655,0001,EA,8.0,6150-01-453-2729,False,DIBBS|SPE4A626U3186|CLIN0001,"SPE4A626U3186.PDF, CLIN table",4208.12,"exact-NSN history, most recent award",33664.96
SPE4A626U3233,0001,1000235461,0001,EA,36.0,6150-01-247-4768,False,DIBBS|SPE4A626U3233|CLIN0001,"SPE4A626U3233.PDF, CLIN table",650.0,"exact-NSN history, most recent award",23400.0
SPE4A626U4199,0001,1000236145,0001,EA,7.0,6150-01-611-2057,False,DIBBS|SPE4A626U4199|CLIN0001,"SPE4A626U4199.PDF, CLIN table",554.1,"exact-NSN history, most recent award",3878.7000000000003
SPE4A626U4203,0001,1000238725,0001,EA,139.0,5995-01-714-5022,False,DIBBS|SPE4A626U4203|CLIN0001,"SPE4A626U4203.PDF, CLIN table",849.73,"exact-NSN history, most recent award",118112.47
SPE4A726T015N,0001,7015475611,0001,EA,2.0,2915-00-968-6362,False,DIBBS|SPE4A726T015N|CLIN0001,"SPE4A726T015N.PDF, CLIN table",284.6,"exact-NSN history, most recent award",569.2
SPE4A726T021Z,0001,7015689393,0001,EA,3.0,5995-01-406-8999,False,DIBBS|SPE4A726T021Z|CLIN0001,"SPE4A726T021Z.PDF, CLIN table",2500.0,"exact-NSN history, most recent award",7500.0
SPE4A726T021Z,0002,0000000000,,EA,1.0,0001S00000052,True,DIBBS|SPE4A726T021Z|CLIN0002,"SPE4A726T021Z.PDF, CLIN table",,,
SPE4A726T022V,0001,7015689079,0001,EA,3.0,5995-01-707-5754,False,DIBBS|SPE4A726T022V|CLIN0001,"SPE4A726T022V.PDF, CLIN table",,unpriced,
SPE4A726T026V,0001,7015689296,0001,EA,1.0,5995-01-702-0466,False,DIBBS|SPE4A726T026V|CLIN0001,"SPE4A726T026V.PDF, CLIN table",,unpriced,
SPE4A726T029X,0001,7015689418,0001,EA,3.0,6150-01-106-2048,False,DIBBS|SPE4A726T029X|CLIN0001,"SPE4A726T029X.PDF, CLIN table",245.7,"exact-NSN history, most recent award",737.0999999999999
SPE4A726T029X,0002,0000000000,,EA,1.0,0001S00000053,True,DIBBS|SPE4A726T029X|CLIN0002,"SPE4A726T029X.PDF, CLIN table",,,
SPE4A726T029X,0003,0000000000,,EA,1.0,S00000061,True,DIBBS|SPE4A726T029X|CLIN0003,"SPE4A726T029X.PDF, CLIN table",,,
SPE4A726T036X,0001,7014383952,0001,EA,161.0,1560-00-768-1018,False,DIBBS|SPE4A726T036X|CLIN0001,"SPE4A726T036X.PDF, CLIN table",6.71,"exact-NSN history, most recent award",1080.31
SPE4A726T036X,0002,0000000000,,EA,1.0,0001S00000052,True,DIBBS|SPE4A726T036X|CLIN0002,"SPE4A726T036X.PDF, CLIN table",,,
SPE4A726T042J,0001,7014631023,0001,EA,2.0,6150-01-239-2780,False,DIBBS|SPE4A726T042J|CLIN0001,"SPE4A726T042J.PDF, CLIN table",8813.0,"exact-NSN history, most recent award",17626.0
SPE4A726T042J,0002,0000000000,,EA,1.0,0001S00000052,True,DIBBS|SPE4A726T042J|CLIN0002,"SPE4A726T042J.PDF, CLIN table",,,
SPE4A726T042L,0001,7015601256,0001,EA,18.0,6150-01-541-6995,False,DIBBS|SPE4A726T042L|CLIN0001,"SPE4A726T042L.PDF, CLIN table",1049.0,"exact-NSN history, most recent award",18882.0
SPE4A726T042L,0002,0000000000,,EA,1.0,0001S00000053,True,DIBBS|SPE4A726T042L|CLIN0002,"SPE4A726T042L.PDF, CLIN table",,,
SPE4A726T042N,0001,7013943647,0001,EA,5.0,6150-01-309-9305,False,DIBBS|SPE4A726T042N|CLIN0001,"SPE4A726T042N.PDF, CLIN table",530.0,"exact-NSN history, most recent award",2650.0
SPE4A726T042N,0002,0000000000,,EA,1.0,S00000061,True,DIBBS|SPE4A726T042N|CLIN0002,"SPE4A726T042N.PDF, CLIN table",,,
SPE4A726T043E,0001,7015689295,0001,EA,4.0,5995-01-702-1349,False,DIBBS|SPE4A726T043E|CLIN0001,"SPE4A726T043E.PDF, CLIN table",,unpriced,
SPE4A726T043F,0001,7015746430,0001,EA,17.0,5995-01-197-5554,False,DIBBS|SPE4A726T043F|CLIN0001,"SPE4A726T043F.PDF, CLIN table",700.0,"exact-NSN history, most recent award",11900.0
SPE4A726T046D,0001,7015609178,0001,EA,7.0,5995-01-395-2080,False,DIBBS|SPE4A726T046D|CLIN0001,"SPE4A726T046D.PDF, CLIN table",325.5,"exact-NSN history, most recent award",2278.5
SPE4A726T049U,0001,7015537058,0001,EA,10.0,6150-01-719-3135,False,DIBBS|SPE4A726T049U|CLIN0001,"SPE4A726T049U.PDF, CLIN table",,unpriced,
SPE4A726T056R,0001,7015601210,0001,EA,17.0,6150-01-669-2995,False,DIBBS|SPE4A726T056R|CLIN0001,"SPE4A726T056R.PDF, CLIN table",2100.0,"exact-NSN history, most recent award",35700.0
SPE4A726T056R,0002,0000000000,,EA,1.0,0001S00000053,True,DIBBS|SPE4A726T056R|CLIN0002,"SPE4A726T056R.PDF, CLIN table",,,
SPE4A726T061Q,0001,7015854934,0001,EA,34.0,6150-01-314-5230,False,DIBBS|SPE4A726T061Q|CLIN0001,"SPE4A726T061Q.PDF, CLIN table",689.25,"exact-NSN history, most recent award",23434.5
SPE4A726T061Q,0002,0000000000,,EA,1.0,0001S00000053,True,DIBBS|SPE4A726T061Q|CLIN0002,"SPE4A726T061Q.PDF, CLIN table",,,
SPE4A726T062E,0001,7015852075,0001,EA,8.0,5995-01-447-0749,False,DIBBS|SPE4A726T062E|CLIN0001,"SPE4A726T062E.PDF, CLIN table",441.73,"exact-NSN history, most recent award",3533.84
SPE4A726T062E,0002,0000000000,,EA,1.0,S00000061,True,DIBBS|SPE4A726T062E|CLIN0002,"SPE4A726T062E.PDF, CLIN table",,,
SPE4A726T066U,0001,7015853770,0001,EA,5.0,5995-01-674-1042,False,DIBBS|SPE4A726T066U|CLIN0001,"SPE4A726T066U.PDF, CLIN table",1750.0,"exact-NSN history, most recent award",8750.0
SPE4A726T066U,0002,0000000000,,EA,1.0,0001S00000053,True,DIBBS|SPE4A726T066U|CLIN0002,"SPE4A726T066U.PDF, CLIN table",,,
SPE4A726T069V,0001,7015853738,0001,EA,12.0,5995-01-674-3731,False,DIBBS|SPE4A726T069V|CLIN0001,"SPE4A726T069V.PDF, CLIN table",5750.0,"exact-NSN history, most recent award",69000.0
SPE4A726T069V,0002,0000000000,,EA,1.0,0001S00000053,True,DIBBS|SPE4A726T069V|CLIN0002,"SPE4A726T069V.PDF, CLIN table",,,
SPE4A726T070Y,0001,7015657744,0001,EA,5.0,6210-00-544-2310,False,DIBBS|SPE4A726T070Y|CLIN0001,"SPE4A726T070Y.PDF, CLIN table",355.27,"exact-NSN history, most recent award",1776.35
SPE4A726T073A,0001,7015853240,0001,EA,25.0,6150-01-422-7745,False,DIBBS|SPE4A726T073A|CLIN0001,"SPE4A726T073A.PDF, CLIN table",269.0,"exact-NSN history, most recent award",6725.0
SPE4A726T073M,0001,7015688843,0001,EA,6.0,1640-01-667-2717,False,DIBBS|SPE4A726T073M|CLIN0001,"SPE4A726T073M.PDF, CLIN table",100.0,"exact-NSN history, most recent award",600.0
SPE4A726T073M,0002,0000000000,,EA,1.0,0001S00000052,True,DIBBS|SPE4A726T073M|CLIN0002,"SPE4A726T073M.PDF, CLIN table",,,
SPE4A726T075C,0001,7015854618,0001,EA,23.0,5995-01-710-4526,False,DIBBS|SPE4A726T075C|CLIN0001,"SPE4A726T075C.PDF, CLIN table",,unpriced,
SPE4A726T075G,0001,7015853304,0001,EA,13.0,5995-01-658-6845,False,DIBBS|SPE4A726T075G|CLIN0001,"SPE4A726T075G.PDF, CLIN table",440.0,"exact-NSN history, most recent award",5720.0
SPE4A726T075G,0002,0000000000,,EA,1.0,S00000061,True,DIBBS|SPE4A726T075G|CLIN0002,"SPE4A726T075G.PDF, CLIN table",,,
SPE4A726T075M,0001,7015854006,0001,EA,17.0,5995-01-676-3348,False,DIBBS|SPE4A726T075M|CLIN0001,"SPE4A726T075M.PDF, CLIN table",,unpriced,
SPE4A726T075M,0002,0000000000,,EA,1.0,0001S00000053,True,DIBBS|SPE4A726T075M|CLIN0002,"SPE4A726T075M.PDF, CLIN table",,,
SPE4A726T084Z,0001,7015904148,0001,EA,3.0,5995-01-389-6325,False,DIBBS|SPE4A726T084Z|CLIN0001,"SPE4A726T084Z.PDF, CLIN table",749.5,"exact-NSN history, most recent award",2248.5
SPE4A726T087Y,0001,7015904312,0001,EA,6.0,5995-01-727-5128,False,DIBBS|SPE4A726T087Y|CLIN0001,"SPE4A726T087Y.PDF, CLIN table",2434.43,"exact-NSN history, most recent award",14606.579999999998
SPE4A726T089Q,0001,7015853651,0001,EA,3.0,5995-01-702-9330,False,DIBBS|SPE4A726T089Q|CLIN0001,"SPE4A726T089Q.PDF, CLIN table",2125.0,"exact-NSN history, most recent award",6375.0
SPE4A726T089Q,0002,0000000000,,EA,1.0,0001S00000053,True,DIBBS|SPE4A726T089Q|CLIN0002,"SPE4A726T089Q.PDF, CLIN table",,,
SPE4A726T091W,0001,7015905308,0001,EA,9.0,5995-01-681-0506,False,DIBBS|SPE4A726T091W|CLIN0001,"SPE4A726T091W.PDF, CLIN table",1970.0,"exact-NSN history, most recent award",17730.0
SPE4A726T095U,0001,7015765954,0001,EA,1.0,6150-01-667-1482,False,DIBBS|SPE4A726T095U|CLIN0001,"SPE4A726T095U.PDF, CLIN table",3600.0,"exact-NSN history, most recent award",3600.0
SPE4A726T095U,0002,0000000000,,EA,1.0,0001S00000053,True,DIBBS|SPE4A726T095U|CLIN0002,"SPE4A726T095U.PDF, CLIN table",,,
SPE4A726T097C,0001,7015854473,0001,EA,8.0,5995-01-091-6345,False,DIBBS|SPE4A726T097C|CLIN0001,"SPE4A726T097C.PDF, CLIN table",789.0,"exact-NSN history, most recent award",6312.0
SPE4A726T097C,0002,0000000000,,EA,1.0,S00000061,True,DIBBS|SPE4A726T097C|CLIN0002,"SPE4A726T097C.PDF, CLIN table",,,
SPE4A726T098J,0001,7015913079,0001,EA,37.0,6150-01-430-9186,False,DIBBS|SPE4A726T098J|CLIN0001,"SPE4A726T098J.PDF, CLIN table",146.25,"exact-NSN history, most recent award",5411.25
SPE4A726T098J,0002,0000000000,,EA,1.0,0001S00000053,True,DIBBS|SPE4A726T098J|CLIN0002,"SPE4A726T098J.PDF, CLIN table",,,
SPE4A726T103R,0001,7015956152,0001,EA,2.0,6150-01-681-9956,False,DIBBS|SPE4A726T103R|CLIN0001,"SPE4A726T103R.PDF, CLIN table",3492.0,"exact-NSN history, most recent award",6984.0
SPE4A726T103R,0002,0000000000,,EA,1.0,0001S00000053,True,DIBBS|SPE4A726T103R|CLIN0002,"SPE4A726T103R.PDF, CLIN table",,,
SPE4A726T111C,0001,7015876812,0001,EA,1.0,5995-01-676-3451,False,DIBBS|SPE4A726T111C|CLIN0001,"SPE4A726T111C.PDF, CLIN table",,unpriced,
SPE4A726T111J,0001,7015956014,0001,EA,29.0,6150-01-245-7651,False,DIBBS|SPE4A726T111J|CLIN0001,"SPE4A726T111J.PDF, CLIN table",461.5,"exact-NSN history, most recent award",13383.5
SPE4A726T111N,0001,7015954748,0001,EA,6.0,6150-01-091-4655,False,DIBBS|SPE4A726T111N|CLIN0001,"SPE4A726T111N.PDF, CLIN table",768.56,"exact-NSN history, most recent award",4611.36
SPE4A726T111N,0002,0000000000,,EA,1.0,S00000061,True,DIBBS|SPE4A726T111N|CLIN0002,"SPE4A726T111N.PDF, CLIN table",,,
SPE4A726T111V,0001,7015954846,0001,EA,17.0,5995-01-481-2362,False,DIBBS|SPE4A726T111V|CLIN0001,"SPE4A726T111V.PDF, CLIN table",542.25,"exact-NSN history, most recent award",9218.25
SPE4A726T113K,0001,7015980003,0001,EA,2.0,6220-00-712-1779,False,DIBBS|SPE4A726T113K|CLIN0001,"SPE4A726T113K.PDF, CLIN table",152.1,"exact-NSN history, most recent award",304.2
SPE4A726T118B,0001,7015993744,0001,EA,12.0,6220-00-694-3661,False,DIBBS|SPE4A726T118B|CLIN0001,"SPE4A726T118B.PDF, CLIN table",6.0,"exact-NSN history, most recent award",72.0
SPE4A726T118L,0001,7015994561,0001,EA,5.0,6210-00-635-4700,False,DIBBS|SPE4A726T118L|CLIN0001,"SPE4A726T118L.PDF, CLIN table",19.88,"exact-NSN history, most recent award",99.39999999999999
SPE4A726T118L,0002,7015994561,0002,EA,27.0,6210-00-635-4700,False,DIBBS|SPE4A726T118L|CLIN0002,"SPE4A726T118L.PDF, CLIN table",19.88,"exact-NSN history, most recent award",536.76
SPE4A726T118U,0001,7015994295,0001,EA,53.0,1450-00-767-0167,False,DIBBS|SPE4A726T118U|CLIN0001,"SPE4A726T118U.PDF, CLIN table",8.54,"exact-NSN history, most recent award",452.61999999999995
SPE4A726T130V,0001,7015658497,0001,EA,3.0,5995-01-672-3217,False,DIBBS|SPE4A726T130V|CLIN0001,"SPE4A726T130V.PDF, CLIN table",,unpriced,
SPE4A726T136B,0001,7015905806,0001,EA,1.0,6150-01-264-3302,False,DIBBS|SPE4A726T136B|CLIN0001,"SPE4A726T136B.PDF, CLIN table",999.0,"exact-NSN history, most recent award",999.0
SPE4A726T136B,0002,0000000000,,EA,1.0,0001S00000052,True,DIBBS|SPE4A726T136B|CLIN0002,"SPE4A726T136B.PDF, CLIN table",,,
SPE4A726T142K,0001,7015955357,0001,EA,2.0,6150-01-626-4872,False,DIBBS|SPE4A726T142K|CLIN0001,"SPE4A726T142K.PDF, CLIN table",9594.0,"exact-NSN history, most recent award",19188.0
SPE4A726T142K,0002,0000000000,,EA,1.0,0001S00000053,True,DIBBS|SPE4A726T142K|CLIN0002,"SPE4A726T142K.PDF, CLIN table",,,
SPE4A726T149S,0001,7016017688,0001,EA,1.0,6150-01-553-7524,False,DIBBS|SPE4A726T149S|CLIN0001,"SPE4A726T149S.PDF, CLIN table",,unpriced,
SPE4A726T149Y,0001,7016048569,0001,EA,15.0,5995-01-209-6187,False,DIBBS|SPE4A726T149Y|CLIN0001,"SPE4A726T149Y.PDF, CLIN table",249.44,"exact-NSN history, most recent award",3741.6
SPE4A726T149Y,0002,0000000000,,EA,1.0,S00000061,True,DIBBS|SPE4A726T149Y|CLIN0002,"SPE4A726T149Y.PDF, CLIN table",,,
SPE4A726T149Z,0001,7015955827,0001,EA,7.0,6350-00-549-6654,False,DIBBS|SPE4A726T149Z|CLIN0001,"SPE4A726T149Z.PDF, CLIN table",254.0,"exact-NSN history, most recent award",1778.0
SPE4A726T150C,0001,7015854145,0001,EA,5.0,5995-01-263-5337,False,DIBBS|SPE4A726T150C|CLIN0001,"SPE4A726T150C.PDF, CLIN table",650.0,"exact-NSN history, most recent award",3250.0
SPE4A726T150L,0001,7016049267,0001,EA,35.0,6150-01-380-3791,False,DIBBS|SPE4A726T150L|CLIN0001,"SPE4A726T150L.PDF, CLIN table",172.92,"exact-NSN history, most recent award",6052.2
SPE4A726T150L,0002,0000000000,,EA,1.0,0001S00000053,True,DIBBS|SPE4A726T150L|CLIN0002,"SPE4A726T150L.PDF, CLIN table",,,
SPE4A726T159B,0001,7016081211,0001,EA,12.0,5995-01-406-8999,False,DIBBS|SPE4A726T159B|CLIN0001,"SPE4A726T159B.PDF, CLIN table",2500.0,"exact-NSN history, most recent award",30000.0
SPE4A726T159B,0002,0000000000,,EA,1.0,0001S00000052,True,DIBBS|SPE4A726T159B|CLIN0002,"SPE4A726T159B.PDF, CLIN table",,,
SPE4A726T159H,0001,7016082178,0001,EA,5.0,6220-01-472-2537,False,DIBBS|SPE4A726T159H|CLIN0001,"SPE4A726T159H.PDF, CLIN table",734.43,"exact-NSN history, most recent award",3672.1499999999996
SPE4A726T159H,0002,0000000000,,EA,1.0,0001S00000052,True,DIBBS|SPE4A726T159H|CLIN0002,"SPE4A726T159H.PDF, CLIN table",,,
SPE4A726T165K,0001,7016080342,0001,EA,4.0,5995-01-232-5745,False,DIBBS|SPE4A726T165K|CLIN0001,"SPE4A726T165K.PDF, CLIN table",481.0,"exact-NSN history, most recent award",1924.0
SPE4A726T165K,0002,0000000000,,EA,1.0,0001S00000053,True,DIBBS|SPE4A726T165K|CLIN0002,"SPE4A726T165K.PDF, CLIN table",,,
SPE4A726T179T,0001,7015853562,0001,EA,2.0,5895-01-708-6340,False,DIBBS|SPE4A726T179T|CLIN0001,"SPE4A726T179T.PDF, CLIN table",,unpriced,
SPE4A726T188B,0001,7015658490,0001,EA,14.0,5995-01-674-1507,False,DIBBS|SPE4A726T188B|CLIN0001,"SPE4A726T188B.PDF, CLIN table",1700.0,"exact-NSN history, most recent award",23800.0
SPE4A726T188B,0002,0000000000,,EA,1.0,0001S00000053,True,DIBBS|SPE4A726T188B|CLIN0002,"SPE4A726T188B.PDF, CLIN table",,,
SPE4A726T192H,0001,7016153671,0001,EA,4.0,5995-01-679-0386,False,DIBBS|SPE4A726T192H|CLIN0001,"SPE4A726T192H.PDF, CLIN table",437.76,"exact-NSN history, most recent award",1751.04
SPE4A726T194P,0001,7016080702,0001,EA,3.0,5995-01-185-0977,False,DIBBS|SPE4A726T194P|CLIN0001,"SPE4A726T194P.PDF, CLIN table",8466.0,"exact-NSN history, most recent award",25398.0
SPE4A726T208W,0001,7016227808,0001,EA,35.0,5995-00-823-2608,False,DIBBS|SPE4A726T208W|CLIN0001,"SPE4A726T208W.PDF, CLIN table",0.01,"exact-NSN history, most recent award",0.35000000000000003
SPE4A726T210N,0001,7016227101,0001,EA,8.0,6150-01-091-6408,False,DIBBS|SPE4A726T210N|CLIN0001,"SPE4A726T210N.PDF, CLIN table",3000.0,"exact-NSN history, most recent award",24000.0
SPE4A726T210N,0002,0000000000,,EA,1.0,S00000061,True,DIBBS|SPE4A726T210N|CLIN0002,"SPE4A726T210N.PDF, CLIN table",,,
SPE4A726T212Q,0001,7016228632,0001,EA,265.0,5995-01-440-1904,False,DIBBS|SPE4A726T212Q|CLIN0001,"SPE4A726T212Q.PDF, CLIN table",188.0,"exact-NSN history, most recent award",49820.0
SPE4A726T212Q,0002,0000000000,,EA,1.0,0001S00000053,True,DIBBS|SPE4A726T212Q|CLIN0002,"SPE4A726T212Q.PDF, CLIN table",,,
SPE4A726T214U,0001,7016228516,0001,EA,1.0,5995-01-623-7803,False,DIBBS|SPE4A726T214U|CLIN0001,"SPE4A726T214U.PDF, CLIN table",6319.0,"exact-NSN history, most recent award",6319.0
SPE4A726T214U,0002,0000000000,,EA,1.0,0001S00000052,True,DIBBS|SPE4A726T214U|CLIN0002,"SPE4A726T214U.PDF, CLIN table",,,
SPE4A726T218K,0001,7016227372,0001,EA,4.0,6150-01-105-5320,False,DIBBS|SPE4A726T218K|CLIN0001,"SPE4A726T218K.PDF, CLIN table",5469.0,"exact-NSN history, most recent award",21876.0
SPE4A726T218K,0002,0000000000,,EA,1.0,0001S00000052,True,DIBBS|SPE4A726T218K|CLIN0002,"SPE4A726T218K.PDF, CLIN table",,,
SPE4A726T221C,0001,7016227766,0001,EA,2.0,5995-01-273-7421,False,DIBBS|SPE4A726T221C|CLIN0001,"SPE4A726T221C.PDF, CLIN table",5348.03,"exact-NSN history, most recent award",10696.06
SPE4A726T227K,0001,7016229310,0001,EA,10.0,6210-00-237-8021,False,DIBBS|SPE4A726T227K|CLIN0001,"SPE4A726T227K.PDF, CLIN table",131.0,"exact-NSN history, most recent award",1310.0
SPE4A726T227Q,0001,7015599429,0001,EA,39.0,6150-01-128-5592,False,DIBBS|SPE4A726T227Q|CLIN0001,"SPE4A726T227Q.PDF, CLIN table",429.3,"exact-NSN history, most recent award",16742.7
SPE4A726T227Q,0002,0000000000,,EA,1.0,0001S00000053,True,DIBBS|SPE4A726T227Q|CLIN0002,"SPE4A726T227Q.PDF, CLIN table",,,
SPE4A726T228D,0001,7016226812,0001,EA,1.0,5995-01-676-3014,False,DIBBS|SPE4A726T228D|CLIN0001,"SPE4A726T228D.PDF, CLIN table",3600.0,"exact-NSN history, most recent award",3600.0
SPE4A726T228D,0002,0000000000,,EA,1.0,0001S00000053,True,DIBBS|SPE4A726T228D|CLIN0002,"SPE4A726T228D.PDF, CLIN table",,,
SPE4A726T237Q,0001,7016285795,0001,EA,4.0,6150-01-625-6152,False,DIBBS|SPE4A726T237Q|CLIN0001,"SPE4A726T237Q.PDF, CLIN table",1610.0,"exact-NSN history, most recent award",6440.0
SPE4A726T241Q,0001,7015641495,0001,EA,1.0,5895-01-708-6340,False,DIBBS|SPE4A726T241Q|CLIN0001,"SPE4A726T241Q.PDF, CLIN table",,unpriced,
SPE4A726T244U,0001,7016285417,0001,EA,98.0,5995-01-162-5350,False,DIBBS|SPE4A726T244U|CLIN0001,"SPE4A726T244U.PDF, CLIN table",175.0,"exact-NSN history, most recent award",17150.0
SPE4A726T244U,0002,0000000000,,EA,1.0,S00000061,True,DIBBS|SPE4A726T244U|CLIN0002,"SPE4A726T244U.PDF, CLIN table",,,
SPE4A726T245U,0001,7016336008,0001,EA,2.0,6150-01-091-4349,False,DIBBS|SPE4A726T245U|CLIN0001,"SPE4A726T245U.PDF, CLIN table",5994.0,"exact-NSN history, most recent award",11988.0
SPE4A726T245U,0002,0000000000,,EA,1.0,S00000061,True,DIBBS|SPE4A726T245U|CLIN0002,"SPE4A726T245U.PDF, CLIN table",,,
SPE4A726T252W,0001,7016336633,0001,EA,15.0,5995-01-658-6849,False,DIBBS|SPE4A726T252W|CLIN0001,"SPE4A726T252W.PDF, CLIN table",244.8,"exact-NSN history, most recent award",3672.0
SPE4A726T252W,0002,0000000000,,EA,1.0,S00000061,True,DIBBS|SPE4A726T252W|CLIN0002,"SPE4A726T252W.PDF, CLIN table",,,
SPE4A726T253Y,0001,7016336302,0001,EA,8.0,6150-01-438-0443,False,DIBBS|SPE4A726T253Y|CLIN0001,"SPE4A726T253Y.PDF, CLIN table",1895.0,"exact-NSN history, most recent award",15160.0
SPE4A726T253Y,0002,0000000000,,EA,1.0,S00000061,True,DIBBS|SPE4A726T253Y|CLIN0002,"SPE4A726T253Y.PDF, CLIN table",,,
SPE4A726T257B,0001,7014488790,0001,EA,4.0,1680-01-660-4932,False,DIBBS|SPE4A726T257B|CLIN0001,"SPE4A726T257B.PDF, CLIN table",,unpriced,
SPE4A726T262A,0001,7016337538,0001,EA,21.0,6150-01-365-5548,False,DIBBS|SPE4A726T262A|CLIN0001,"SPE4A726T262A.PDF, CLIN table",1295.99,"exact-NSN history, most recent award",27215.79
SPE4A726T262A,0002,0000000000,,EA,1.0,0001S00000053,True,DIBBS|SPE4A726T262A|CLIN0002,"SPE4A726T262A.PDF, CLIN table",,,
SPE4A726T262W,0001,7016376418,0001,EA,3.0,6150-01-723-5539,False,DIBBS|SPE4A726T262W|CLIN0001,"SPE4A726T262W.PDF, CLIN table",,unpriced,
SPE4A726T272S,0001,7016286660,0001,EA,3.0,5850-01-470-4657,False,DIBBS|SPE4A726T272S|CLIN0001,"SPE4A726T272S.PDF, CLIN table",,unpriced,
SPE4A726T301F,0001,7016336761,0001,EA,4.0,1560-00-757-7337,False,DIBBS|SPE4A726T301F|CLIN0001,"SPE4A726T301F.PDF, CLIN table",488.72,"exact-NSN history, most recent award",1954.88
SPE4A726T301F,0002,0000000000,,EA,1.0,0001S00000052,True,DIBBS|SPE4A726T301F|CLIN0002,"SPE4A726T301F.PDF, CLIN table",,,
SPE4A726T330Q,0001,7016468000,0001,EA,1.0,1650-00-326-2080,False,DIBBS|SPE4A726T330Q|CLIN0001,"SPE4A726T330Q.PDF, CLIN table",323.32,"exact-NSN history, most recent award",323.32
SPE4A726T330Q,0002,0000000000,,EA,1.0,0001S00000053,True,DIBBS|SPE4A726T330Q|CLIN0002,"SPE4A726T330Q.PDF, CLIN table",,,
SPE4A726T359J,0001,7016645154,0001,EA,5.0,5821-01-076-2490,False,DIBBS|SPE4A726T359J|CLIN0001,"SPE4A726T359J.PDF, CLIN table",526.03,"exact-NSN history, most recent award",2630.1499999999996
SPE4A726T359J,0002,0000000000,,EA,1.0,0001S00000052,True,DIBBS|SPE4A726T359J|CLIN0002,"SPE4A726T359J.PDF, CLIN table",,,
SPE4A726T395J,0001,7016049154,0001,EA,5.0,1430-01-092-0579,False,DIBBS|SPE4A726T395J|CLIN0001,"SPE4A726T395J.PDF, CLIN table",1298.0,"exact-NSN history, most recent award",6490.0
SPE4A726T395J,0002,0000000000,,EA,1.0,S00000061,True,DIBBS|SPE4A726T395J|CLIN0002,"SPE4A726T395J.PDF, CLIN table",,,
SPE4A726T398N,0001,7016880444,0001,EA,1.0,1560-01-539-5146,False,DIBBS|SPE4A726T398N|CLIN0001,"SPE4A726T398N.PDF, CLIN table",1191.95,"exact-NSN history, most recent award",1191.95
SPE4A726T398N,0002,0000000000,,EA,1.0,0001S00000052,True,DIBBS|SPE4A726T398N|CLIN0002,"SPE4A726T398N.PDF, CLIN table",,,
SPE4A726T438E,0001,7016645688,0001,EA,33.0,1660-00-066-2078,False,DIBBS|SPE4A726T438E|CLIN0001,"SPE4A726T438E.PDF, CLIN table",15.23,"exact-NSN history, most recent award",502.59000000000003
SPE4A726T438E,0002,0000000000,,EA,1.0,0001S00000052,True,DIBBS|SPE4A726T438E|CLIN0002,"SPE4A726T438E.PDF, CLIN table",,,
SPE4A726T438E,0003,0000000000,,EA,1.0,S00000061,True,DIBBS|SPE4A726T438E|CLIN0003,"SPE4A726T438E.PDF, CLIN table",,,
SPE4A726T457Q,0001,7016787595,0001,EA,80.0,5975-01-090-8876,False,DIBBS|SPE4A726T457Q|CLIN0001,"SPE4A726T457Q.PDF, CLIN table",33.0,"exact-NSN history, most recent award",2640.0
SPE4A726T457Q,0002,0000000000,,EA,1.0,0001S00000052,True,DIBBS|SPE4A726T457Q|CLIN0002,"SPE4A726T457Q.PDF, CLIN table",,,
SPE4A726T463X,0001,7017038577,0001,EA,3.0,5850-01-470-4659,False,DIBBS|SPE4A726T463X|CLIN0001,"SPE4A726T463X.PDF, CLIN table",,unpriced,
SPE4A726T565Q,0001,7017399373,0001,EA,2.0,5975-01-016-8263,False,DIBBS|SPE4A726T565Q|CLIN0001,"SPE4A726T565Q.PDF, CLIN table",792.0,"exact-NSN history, most recent award",1584.0
SPE4A726T565Q,0002,0000000000,,EA,1.0,0001S00000053,True,DIBBS|SPE4A726T565Q|CLIN0002,"SPE4A726T565Q.PDF, CLIN table",,,
SPE4A726T618M,0001,7017200364,0001,EA,32.0,1560-01-160-8811,False,DIBBS|SPE4A726T618M|CLIN0001,"SPE4A726T618M.PDF, CLIN table",46.25,"exact-NSN history, most recent award",1480.0
SPE4A726T618M,0002,0000000000,,EA,1.0,S00000062,True,DIBBS|SPE4A726T618M|CLIN0002,"SPE4A726T618M.PDF, CLIN table",,,
SPE4A726T620R,0001,7017409180,0001,EA,20.0,1680-00-610-9059,False,DIBBS|SPE4A726T620R|CLIN0001,"SPE4A726T620R.PDF, CLIN table",74.48,"exact-NSN history, most recent award",1489.6000000000001
SPE4A726T625E,0001,7017571454,0001,EA,2.0,1560-01-602-7703,False,DIBBS|SPE4A726T625E|CLIN0001,"SPE4A726T625E.PDF, CLIN table",,unpriced,
SPE4A726T632Q,0001,7017697730,0001,EA,3.0,5850-01-470-4659,False,DIBBS|SPE4A726T632Q|CLIN0001,"SPE4A726T632Q.PDF, CLIN table",,unpriced,
SPE4A726T633L,0001,7017739978,0001,EA,132.0,6220-01-413-9828,False,DIBBS|SPE4A726T633L|CLIN0001,"SPE4A726T633L.PDF, CLIN table",25.66,"exact-NSN history, most recent award",3387.12
SPE4A726T633L,0002,0000000000,,EA,1.0,0001S00000053,True,DIBBS|SPE4A726T633L|CLIN0002,"SPE4A726T633L.PDF, CLIN table",,,
SPE4A726T634Z,0001,7016846555,0001,EA,11.0,1560-00-846-5592,False,DIBBS|SPE4A726T634Z|CLIN0001,"SPE4A726T634Z.PDF, CLIN table",635.0,"exact-NSN history, most recent award",6985.0
SPE4A726T634Z,0002,0000000000,,EA,1.0,0001S00000052,True,DIBBS|SPE4A726T634Z|CLIN0002,"SPE4A726T634Z.PDF, CLIN table",,,
SPE4A726T646D,0001,7017697714,0001,EA,12.0,1560-01-624-7028,False,DIBBS|SPE4A726T646D|CLIN0001,"SPE4A726T646D.PDF, CLIN table",1000.0,"exact-NSN history, most recent award",12000.0
SPE4A726T646D,0002,0000000000,,EA,1.0,0001S00000052,True,DIBBS|SPE4A726T646D|CLIN0002,"SPE4A726T646D.PDF, CLIN table",,,
SPE4A726T649L,0001,7017869978,0001,AY,1.0,1680-01-564-0708,False,DIBBS|SPE4A726T649L|CLIN0001,"SPE4A726T649L.PDF, CLIN table",850.0,"exact-NSN history, most recent award",850.0
SPE4A726T649S,0001,7017870364,0001,EA,3.0,1560-01-623-1091,False,DIBBS|SPE4A726T649S|CLIN0001,"SPE4A726T649S.PDF, CLIN table",,unpriced,
SPE4A726T656H,0001,7017869669,0001,EA,7.0,2840-01-159-4216,False,DIBBS|SPE4A726T656H|CLIN0001,"SPE4A726T656H.PDF, CLIN table",,unpriced,
SPE4A726T656H,0002,0000000000,,EA,1.0,0001S00000052,True,DIBBS|SPE4A726T656H|CLIN0002,"SPE4A726T656H.PDF, CLIN table",,,
SPE4A726T662G,0001,7017913490,0001,PG,40.0,5365-01-031-7479,False,DIBBS|SPE4A726T662G|CLIN0001,"SPE4A726T662G.PDF, CLIN table",120.22,"exact-NSN history, most recent award",4808.8
SPE4A726T680J,0001,7017740626,0001,EA,4.0,1680-01-524-3147,False,DIBBS|SPE4A726T680J|CLIN0001,"SPE4A726T680J.PDF, CLIN table",1265.0,"exact-NSN history, most recent award",5060.0
SPE4A726T680J,0002,0000000000,,EA,1.0,0001S00000052,True,DIBBS|SPE4A726T680J|CLIN0002,"SPE4A726T680J.PDF, CLIN table",,,
SPE4A726T684E,0001,7017148695,0001,PG,81.0,1560-00-610-2623,False,DIBBS|SPE4A726T684E|CLIN0001,"SPE4A726T684E.PDF, CLIN table",78.95,"exact-NSN history, most recent award",6394.95
SPE4A726T690R,0001,7018036819,0001,EA,49.0,1560-01-160-8811,False,DIBBS|SPE4A726T690R|CLIN0001,"SPE4A726T690R.PDF, CLIN table",46.25,"exact-NSN history, most recent award",2266.25
SPE4A726T690R,0002,0000000000,,EA,1.0,S00000062,True,DIBBS|SPE4A726T690R|CLIN0002,"SPE4A726T690R.PDF, CLIN table",,,
SPE4A726T701D,0001,7017940245,0001,EA,51.0,1680-00-895-4084,False,DIBBS|SPE4A726T701D|CLIN0001,"SPE4A726T701D.PDF, CLIN table",1755.55,"exact-NSN history, most recent award",89533.05
SPE4A726T701D,0002,0000000000,,EA,1.0,0001S00000052,True,DIBBS|SPE4A726T701D|CLIN0002,"SPE4A726T701D.PDF, CLIN table",,,
SPE4A726T702H,0001,7017940009,0001,EA,18.0,6695-00-267-9198,False,DIBBS|SPE4A726T702H|CLIN0001,"SPE4A726T702H.PDF, CLIN table",150.0,"exact-NSN history, most recent award",2700.0
SPE4A726T703R,0001,7017572344,0001,EA,83.0,1630-01-290-3120,False,DIBBS|SPE4A726T703R|CLIN0001,"SPE4A726T703R.PDF, CLIN table",51.45,"exact-NSN history, most recent award",4270.35
SPE4A726T706Y,0001,7016473538,0001,EA,50.0,5995-01-006-0570,False,DIBBS|SPE4A726T706Y|CLIN0001,"SPE4A726T706Y.PDF, CLIN table",136.46,"exact-NSN history, most recent award",6823.0
SPE4A726T706Y,0002,0000000000,,EA,1.0,0001S00000052,True,DIBBS|SPE4A726T706Y|CLIN0002,"SPE4A726T706Y.PDF, CLIN table",,,
SPE4A726T721D,0001,7017940919,0001,EA,7.0,1680-01-251-8495,False,DIBBS|SPE4A726T721D|CLIN0001,"SPE4A726T721D.PDF, CLIN table",15329.87,"exact-NSN history, most recent award",107309.09000000001
SPE4A726T721D,0002,0000000000,,EA,1.0,0001S00000052,True,DIBBS|SPE4A726T721D|CLIN0002,"SPE4A726T721D.PDF, CLIN table",,,
SPE4A726T722Q,0001,7018247745,0001,EA,749.0,1560-00-731-0532,False,DIBBS|SPE4A726T722Q|CLIN0001,"SPE4A726T722Q.PDF, CLIN table",75.94,"exact-NSN history, most recent award",56879.06
SPE4A726T729Z,0001,7017011444,0001,EA,9.0,1680-01-562-1657,False,DIBBS|SPE4A726T729Z|CLIN0001,"SPE4A726T729Z.PDF, CLIN table",1895.39,"exact-NSN history, most recent award",17058.510000000002
SPE4A726T743E,0001,7018341484,0001,EA,2.0,6150-01-647-4553,False,DIBBS|SPE4A726T743E|CLIN0001,"SPE4A726T743E.PDF, CLIN table",2250.0,"exact-NSN history, most recent award",4500.0
SPE4A726T755K,0001,7018390017,0001,EA,218.0,1450-00-767-0167,False,DIBBS|SPE4A726T755K|CLIN0001,"SPE4A726T755K.PDF, CLIN table",8.54,"exact-NSN history, most recent award",1861.7199999999998
SPE4A726T781U,0001,7018457765,0001,EA,2.0,5995-00-004-3784,False,DIBBS|SPE4A726T781U|CLIN0001,"SPE4A726T781U.PDF, CLIN table",2450.0,"exact-NSN history, most recent award",4900.0
SPE4A726T781U,0002,0000000000,,EA,1.0,0001S00000052,True,DIBBS|SPE4A726T781U|CLIN0002,"SPE4A726T781U.PDF, CLIN table",,,
SPE4A726T785J,0001,7018249465,0001,EA,9.0,1620-00-230-7144,False,DIBBS|SPE4A726T785J|CLIN0001,"SPE4A726T785J.PDF, CLIN table",600.0,"exact-NSN history, most recent award",5400.0
SPE4A726T785J,0002,0000000000,,EA,1.0,0001S00000052,True,DIBBS|SPE4A726T785J|CLIN0002,"SPE4A726T785J.PDF, CLIN table",,,
SPE4A726T789B,0001,7018458904,0001,EA,12.0,1560-01-291-8096,False,DIBBS|SPE4A726T789B|CLIN0001,"SPE4A726T789B.PDF, CLIN table",297.0,"exact-NSN history, most recent award",3564.0
SPE4A726T789B,0002,0000000000,,EA,1.0,0001S00000052,True,DIBBS|SPE4A726T789B|CLIN0002,"SPE4A726T789B.PDF, CLIN table",,,
SPE4A726T793H,0001,7018045402,0001,EA,1.0,5975-01-702-1296,False,DIBBS|SPE4A726T793H|CLIN0001,"SPE4A726T793H.PDF, CLIN table",,unpriced,
SPE4A726T795C,0001,7017148762,0001,EA,153.0,1560-00-597-0188,False,DIBBS|SPE4A726T795C|CLIN0001,"SPE4A726T795C.PDF, CLIN table",3.77,"exact-NSN history, most recent award",576.8100000000001
SPE4A726T798Z,0001,7018343307,0001,EA,11.0,1560-00-340-4251,False,DIBBS|SPE4A726T798Z|CLIN0001,"SPE4A726T798Z.PDF, CLIN table",296.5,"exact-NSN history, most recent award",3261.5
SPE4A726T799B,0001,7017741408,0001,EA,6.0,5895-01-705-8327,False,DIBBS|SPE4A726T799B|CLIN0001,"SPE4A726T799B.PDF, CLIN table",9311.6,"exact-NSN history, most recent award",55869.600000000006
SPE4A726T8352,0001,7015211013,0001,EA,8.0,5995-01-569-1109,False,DIBBS|SPE4A726T8352|CLIN0001,"SPE4A726T8352.PDF, CLIN table",2200.0,"exact-NSN history, most recent award",17600.0
SPE4A726T8352,0002,0000000000,,EA,1.0,0001S00000052,True,DIBBS|SPE4A726T8352|CLIN0002,"SPE4A726T8352.PDF, CLIN table",,,
SPE4A726T9206,0001,7010532503,0001,EA,4.0,6150-01-281-6793,False,DIBBS|SPE4A726T9206|CLIN0001,"SPE4A726T9206.PDF, CLIN table",578.0,"exact-NSN history, most recent award",2312.0
SPE4A726T9206,0002,0000000000,,EA,1.0,0001S00000052,True,DIBBS|SPE4A726T9206|CLIN0002,"SPE4A726T9206.PDF, CLIN table",,,
SPE4A726T9463,0001,7015476410,0001,EA,16.0,6150-01-278-0753,False,DIBBS|SPE4A726T9463|CLIN0001,"SPE4A726T9463.PDF, CLIN table",3675.0,"exact-NSN history, most recent award",58800.0
SPE4A726T9463,0002,0000000000,,EA,1.0,0001S00000052,True,DIBBS|SPE4A726T9463|CLIN0002,"SPE4A726T9463.PDF, CLIN table",,,
SPE4A726T9492,0001,7014544895,0001,EA,9.0,4935-01-193-6661,False,DIBBS|SPE4A726T9492|CLIN0001,"SPE4A726T9492.PDF, CLIN table",,unpriced,
SPE4A726T9492,0002,0000000000,,EA,1.0,S00000061,True,DIBBS|SPE4A726T9492|CLIN0002,"SPE4A726T9492.PDF, CLIN table",,,
SPE4A726U0018,0001,1000187499,0001,PG,3.0,5365-01-031-7479,False,DIBBS|SPE4A726U0018|CLIN0001,"SPE4A726U0018.PDF, CLIN table",120.22,"exact-NSN history, most recent award",360.65999999999997
SPE4AC26T0081,0001,7016992048,0001,EA,1.0,1560-01-602-7703,False,DIBBS|SPE4AC26T0081|CLIN0001,"SPE4AC26T0081.PDF, CLIN table",,unpriced,
SPE4AN26T0062,0001,7016735777,0001,EA,2.0,6210-01-151-7933,False,DIBBS|SPE4AN26T0062|CLIN0001,"SPE4AN26T0062.PDF, CLIN table",6.03,"exact-NSN history, most recent award",12.06
SPE4AN26T0077,0001,7017809406,0001,EA,2.0,5995-01-660-0650,False,DIBBS|SPE4AN26T0077|CLIN0001,"SPE4AN26T0077.PDF, CLIN table",5670.0,"exact-NSN history, most recent award",11340.0
SPE7L026T0300,0001,7016529863,0001,EA,1.0,2590-01-666-8862,False,DIBBS|SPE7L026T0300|CLIN0001,"SPE7L026T0300.PDF, CLIN table",,unpriced,
SPE7L026T0301,0001,7016489703,0001,EA,1.0,2590-01-666-8863,False,DIBBS|SPE7L026T0301|CLIN0001,"SPE7L026T0301.PDF, CLIN table",,unpriced,
SPE7L026T0306,0001,7016732266,0001,EA,17.0,3010-01-657-5734,False,DIBBS|SPE7L026T0306|CLIN0001,"SPE7L026T0306.PDF, CLIN table",,unpriced,
SPE7L026T0460,0001,7018324087,0001,EA,1.0,2590-01-686-7705,False,DIBBS|SPE7L026T0460|CLIN0001,"SPE7L026T0460.PDF, CLIN table",,unpriced,
SPE7L126T01A7,0001,7017987529,0001,EA,27.0,5340-01-518-4837,False,DIBBS|SPE7L126T01A7|CLIN0001,"SPE7L126T01A7.PDF, CLIN table",90.0,"exact-NSN history, most recent award",2430.0
SPE7L126T02F1,0001,7018016522,0001,EA,10.0,5340-01-203-7458,False,DIBBS|SPE7L126T02F1|CLIN0001,"SPE7L126T02F1.PDF, CLIN table",850.0,"exact-NSN history, most recent award",8500.0
SPE7L126T03V1,0001,7018068377,0001,EA,4.0,3010-01-305-7976,False,DIBBS|SPE7L126T03V1|CLIN0001,"SPE7L126T03V1.PDF, CLIN table",893.0,"exact-NSN history, most recent award",3572.0
SPE7L126T04N1,0001,7017529406,0001,EA,8.0,5340-01-413-2044,False,DIBBS|SPE7L126T04N1|CLIN0001,"SPE7L126T04N1.PDF, CLIN table",,unpriced,
SPE7L126T05K5,0001,7017437833,0001,EA,101.0,5340-01-320-1289,False,DIBBS|SPE7L126T05K5|CLIN0001,"SPE7L126T05K5.PDF, CLIN table",42.49,"exact-NSN history, most recent award",4291.49
SPE7L126T05M7,0001,7018063987,0001,EA,5.0,5340-01-445-7742,False,DIBBS|SPE7L126T05M7|CLIN0001,"SPE7L126T05M7.PDF, CLIN table",68.0,"exact-NSN history, most recent award",340.0
SPE7L126T05Z7,0001,7018118540,0001,EA,4.0,5340-01-680-3400,False,DIBBS|SPE7L126T05Z7|CLIN0001,"SPE7L126T05Z7.PDF, CLIN table",,unpriced,
SPE7L126T06B2,0001,7018118755,0001,EA,4.0,5340-01-355-7354,False,DIBBS|SPE7L126T06B2|CLIN0001,"SPE7L126T06B2.PDF, CLIN table",,unpriced,
SPE7L126T07A2,0001,7017673507,0001,EA,1.0,5340-01-510-9754,False,DIBBS|SPE7L126T07A2|CLIN0001,"SPE7L126T07A2.PDF, CLIN table",,unpriced,
SPE7L126T08W2,0001,7015609833,0001,EA,26.0,2590-01-104-9147,False,DIBBS|SPE7L126T08W2|CLIN0001,"SPE7L126T08W2.PDF, CLIN table",725.0,"exact-NSN history, most recent award",18850.0
SPE7L126T08W2,0002,0000000000,,EA,1.0,0001S00000053,True,DIBBS|SPE7L126T08W2|CLIN0002,"SPE7L126T08W2.PDF, CLIN table",,,
SPE7L126T10Y9,0001,7017984372,0001,EA,19.0,5340-01-560-2988,False,DIBBS|SPE7L126T10Y9|CLIN0001,"SPE7L126T10Y9.PDF, CLIN table",283.4,"exact-NSN history, most recent award",5384.599999999999
SPE7L126T11K9,0001,7016270895,0001,EA,25.0,5340-01-478-3633,False,DIBBS|SPE7L126T11K9|CLIN0001,"SPE7L126T11K9.PDF, CLIN table",120.0,"exact-NSN history, most recent award",3000.0
SPE7L126T11L1,0001,7018271073,0001,EA,60.0,5340-01-464-4138,False,DIBBS|SPE7L126T11L1|CLIN0001,"SPE7L126T11L1.PDF, CLIN table",272.0,"exact-NSN history, most recent award",16320.0
SPE7L126T11M5,0001,7018274203,0001,EA,1.0,5340-01-429-6034,False,DIBBS|SPE7L126T11M5|CLIN0001,"SPE7L126T11M5.PDF, CLIN table",15598.63,"exact-NSN history, most recent award",15598.63
SPE7L126T11M5,0002,0000000000,,EA,1.0,0001S00000053,True,DIBBS|SPE7L126T11M5|CLIN0002,"SPE7L126T11M5.PDF, CLIN table",,,
SPE7L126T11Y6,0001,7018068488,0001,EA,2.0,5340-01-729-7972,False,DIBBS|SPE7L126T11Y6|CLIN0001,"SPE7L126T11Y6.PDF, CLIN table",,unpriced,
SPE7L126T12P3,0001,7017900269,0001,EA,100.0,5355-00-706-8064,False,DIBBS|SPE7L126T12P3|CLIN0001,"SPE7L126T12P3.PDF, CLIN table",29.39,"exact-NSN history, most recent award",2939.0
SPE7L126T12Y5,0001,7018379612,0001,EA,52.0,5340-00-776-7847,False,DIBBS|SPE7L126T12Y5|CLIN0001,"SPE7L126T12Y5.PDF, CLIN table",4.09,"exact-NSN history, most recent award",212.68
SPE7L126T14G2,0001,7018271876,0001,EA,50.0,5340-01-140-4525,False,DIBBS|SPE7L126T14G2|CLIN0001,"SPE7L126T14G2.PDF, CLIN table",18.0,"exact-NSN history, most recent award",900.0
SPE7L126T14V5,0001,7017559693,0001,EA,16.0,5340-01-721-4041,False,DIBBS|SPE7L126T14V5|CLIN0001,"SPE7L126T14V5.PDF, CLIN table",,unpriced,
SPE7L126T15G2,0001,7015417166,0001,EA,19.0,5930-01-455-1402,False,DIBBS|SPE7L126T15G2|CLIN0001,"SPE7L126T15G2.PDF, CLIN table",1332.2,"exact-NSN history, most recent award",25311.8
SPE7L126T16M9,0001,7018496489,0001,EA,247.0,5340-01-109-6235,False,DIBBS|SPE7L126T16M9|CLIN0001,"SPE7L126T16M9.PDF, CLIN table",26.0,"exact-NSN history, most recent award",6422.0
SPE7L126T16Y7,0001,7018496509,0001,EA,64.0,5340-01-617-8878,False,DIBBS|SPE7L126T16Y7|CLIN0001,"SPE7L126T16Y7.PDF, CLIN table",29.75,"exact-NSN history, most recent award",1904.0
SPE7L126T17J0,0001,7017236878,0001,EA,137.0,5340-00-737-9224,False,DIBBS|SPE7L126T17J0|CLIN0001,"SPE7L126T17J0.PDF, CLIN table",250.0,"exact-NSN history, most recent award",34250.0
SPE7L126T17V7,0001,7018517417,0001,EA,1.0,2590-01-669-9292,False,DIBBS|SPE7L126T17V7|CLIN0001,"SPE7L126T17V7.PDF, CLIN table",1100.0,"exact-NSN history, most recent award",1100.0
SPE7L126T17W1,0001,7018517248,0001,EA,1.0,5340-01-670-1373,False,DIBBS|SPE7L126T17W1|CLIN0001,"SPE7L126T17W1.PDF, CLIN table",816.0,"exact-NSN history, most recent award",816.0
SPE7L126T18W2,0001,7018379092,0001,EA,7.0,5340-01-728-7809,False,DIBBS|SPE7L126T18W2|CLIN0001,"SPE7L126T18W2.PDF, CLIN table",,unpriced,
SPE7L126T19C5,0001,7018558592,0001,EA,1.0,5340-01-479-0619,False,DIBBS|SPE7L126T19C5|CLIN0001,"SPE7L126T19C5.PDF, CLIN table",58.0,"exact-NSN history, most recent award",58.0
SPE7L126T19E9,0001,7018038112,0001,EA,1.0,5340-01-736-4974,False,DIBBS|SPE7L126T19E9|CLIN0001,"SPE7L126T19E9.PDF, CLIN table",,unpriced,
SPE7L126T19H9,0001,7017227622,0001,EA,26.0,5340-01-599-9911,False,DIBBS|SPE7L126T19H9|CLIN0001,"SPE7L126T19H9.PDF, CLIN table",840.23,"exact-NSN history, most recent award",21845.98
SPE7L126T19J4,0001,7015141267,0001,EA,1.0,4810-01-641-9297,False,DIBBS|SPE7L126T19J4|CLIN0001,"SPE7L126T19J4.PDF, CLIN table",,unpriced,
SPE7L126T204U,0001,7015893463,0001,EA,5.0,5340-01-366-1547,False,DIBBS|SPE7L126T204U|CLIN0001,"SPE7L126T204U.PDF, CLIN table",2850.0,"exact-NSN history, most recent award",14250.0
SPE7L126T266X,0001,7016117061,0001,EA,2.0,5340-01-670-1373,False,DIBBS|SPE7L126T266X|CLIN0001,"SPE7L126T266X.PDF, CLIN table",810.0,"exact-NSN history, most recent award",1620.0
SPE7L126T267V,0001,7015900171,0001,EA,1.0,5340-01-341-9520,False,DIBBS|SPE7L126T267V|CLIN0001,"SPE7L126T267V.PDF, CLIN table",48.0,"exact-NSN history, most recent award",48.0
SPE7L126T320E,0001,7011949190,0001,EA,1.0,5340-01-268-3039,False,DIBBS|SPE7L126T320E|CLIN0001,"SPE7L126T320E.PDF, CLIN table",5252.77,"exact-NSN history, most recent award",5252.77
SPE7L126T333P,0001,7016268805,0001,PG,15.0,5355-00-538-6382,False,DIBBS|SPE7L126T333P|CLIN0001,"SPE7L126T333P.PDF, CLIN table",20.0,"exact-NSN history, most recent award",300.0
SPE7L126T340G,0001,7016267490,0001,EA,35.0,5340-01-529-6501,False,DIBBS|SPE7L126T340G|CLIN0001,"SPE7L126T340G.PDF, CLIN table",64.1,"exact-NSN history, most recent award",2243.5
SPE7L126T395A,0001,7015679882,0001,EA,20.0,2510-00-930-2313,False,DIBBS|SPE7L126T395A|CLIN0001,"SPE7L126T395A.PDF, CLIN table",29.43,"exact-NSN history, most recent award",588.6
SPE7L126T401F,0001,7016416465,0001,EA,11.0,3010-01-494-1506,False,DIBBS|SPE7L126T401F|CLIN0001,"SPE7L126T401F.PDF, CLIN table",277.7,"exact-NSN history, most recent award",3054.7
SPE7L126T405P,0001,7016359224,0001,EA,1.0,5355-01-320-2812,False,DIBBS|SPE7L126T405P|CLIN0001,"SPE7L126T405P.PDF, CLIN table",124.79,"exact-NSN history, most recent award",124.79
SPE7L126T408G,0001,7016271053,0001,EA,20.0,5340-01-033-6912,False,DIBBS|SPE7L126T408G|CLIN0001,"SPE7L126T408G.PDF, CLIN table",1334.77,"exact-NSN history, most recent award",26695.4
SPE7L126T417H,0001,7016182612,0001,EA,1.0,5340-01-649-5321,False,DIBBS|SPE7L126T417H|CLIN0001,"SPE7L126T417H.PDF, CLIN table",,unpriced,
SPE7L126T420F,0001,7016485549,0001,EA,62.0,5340-01-100-0125,False,DIBBS|SPE7L126T420F|CLIN0001,"SPE7L126T420F.PDF, CLIN table",99.3,"exact-NSN history, most recent award",6156.599999999999
SPE7L126T438V,0001,7015744898,0001,EA,6.0,1015-01-026-5256,False,DIBBS|SPE7L126T438V|CLIN0001,"SPE7L126T438V.PDF, CLIN table",1775.25,"exact-NSN history, most recent award",10651.5
SPE7L126T511X,0001,7016690427,0001,EA,14.0,5340-01-593-9670,False,DIBBS|SPE7L126T511X|CLIN0001,"SPE7L126T511X.PDF, CLIN table",547.99,"exact-NSN history, most recent award",7671.860000000001
SPE7L126T511X,0002,0000000000,,EA,1.0,0001S00000053,True,DIBBS|SPE7L126T511X|CLIN0002,"SPE7L126T511X.PDF, CLIN table",,,
SPE7L126T524D,0001,7016708503,0001,EA,27.0,5340-01-714-2831,False,DIBBS|SPE7L126T524D|CLIN0001,"SPE7L126T524D.PDF, CLIN table",,unpriced,
SPE7L126T536N,0001,7015974694,0001,EA,1.0,5340-01-720-6274,False,DIBBS|SPE7L126T536N|CLIN0001,"SPE7L126T536N.PDF, CLIN table",,unpriced,
SPE7L126T564P,0001,7014385184,0001,EA,1.0,5340-01-463-1004,False,DIBBS|SPE7L126T564P|CLIN0001,"SPE7L126T564P.PDF, CLIN table",4479.03,"exact-NSN history, most recent award",4479.03
SPE7L126T610T,0001,7012858461,0001,EA,2.0,3040-01-670-0451,False,DIBBS|SPE7L126T610T|CLIN0001,"SPE7L126T610T.PDF, CLIN table",,unpriced,
SPE7L126T628U,0001,7012653504,0001,EA,11.0,5340-01-606-2288,False,DIBBS|SPE7L126T628U|CLIN0001,"SPE7L126T628U.PDF, CLIN table",,unpriced,
SPE7L126T628U,0002,0000000000,,EA,1.0,0001S00000053,True,DIBBS|SPE7L126T628U|CLIN0002,"SPE7L126T628U.PDF, CLIN table",,,
SPE7L126T643J,0001,7017014663,0001,EA,34.0,3010-01-494-1506,False,DIBBS|SPE7L126T643J|CLIN0001,"SPE7L126T643J.PDF, CLIN table",277.7,"exact-NSN history, most recent award",9441.8
SPE7L126T671L,0001,7017039541,0001,EA,9.0,3040-01-270-6471,False,DIBBS|SPE7L126T671L|CLIN0001,"SPE7L126T671L.PDF, CLIN table",170.0,"exact-NSN history, most recent award",1530.0
SPE7L126T696T,0001,7017134142,0001,EA,126.0,5340-01-617-6431,False,DIBBS|SPE7L126T696T|CLIN0001,"SPE7L126T696T.PDF, CLIN table",31.44,"exact-NSN history, most recent award",3961.44
SPE7L126T700L,0001,7017049972,0001,EA,98.0,5355-00-058-0337,False,DIBBS|SPE7L126T700L|CLIN0001,"SPE7L126T700L.PDF, CLIN table",56.69,"exact-NSN history, most recent award",5555.62
SPE7L126T733H,0001,7017234373,0001,EA,167.0,5340-01-439-3757,False,DIBBS|SPE7L126T733H|CLIN0001,"SPE7L126T733H.PDF, CLIN table",24.96,"exact-NSN history, most recent award",4168.32
SPE7L126T746A,0001,7017233330,0001,EA,88.0,5340-01-073-3084,False,DIBBS|SPE7L126T746A|CLIN0001,"SPE7L126T746A.PDF, CLIN table",25.6,"exact-NSN history, most recent award",2252.8
SPE7L126T759P,0001,7014131694,0001,EA,3.0,3010-01-305-7976,False,DIBBS|SPE7L126T759P|CLIN0001,"SPE7L126T759P.PDF, CLIN table",893.0,"exact-NSN history, most recent award",2679.0
SPE7L126T766W,0001,7016983041,0001,EA,1.0,1045-01-627-1471,False,DIBBS|SPE7L126T766W|CLIN0001,"SPE7L126T766W.PDF, CLIN table",,unpriced,
SPE7L126T775V,0001,7016014148,0001,EA,2.0,2510-01-728-0868,False,DIBBS|SPE7L126T775V|CLIN0001,"SPE7L126T775V.PDF, CLIN table",,unpriced,
SPE7L126T809C,0001,7017436955,0001,EA,1653.0,5340-00-399-1198,False,DIBBS|SPE7L126T809C|CLIN0001,"SPE7L126T809C.PDF, CLIN table",4.59,"exact-NSN history, most recent award",7587.2699999999995
SPE7L126T809C,0002,0000000000,,EA,1.0,0001S00000053,True,DIBBS|SPE7L126T809C|CLIN0002,"SPE7L126T809C.PDF, CLIN table",,,
SPE7L126T817R,0001,7017440083,0001,EA,37.0,5340-01-568-0789,False,DIBBS|SPE7L126T817R|CLIN0001,"SPE7L126T817R.PDF, CLIN table",88.17,"exact-NSN history, most recent award",3262.29
SPE7L126T862S,0001,7017574933,0001,EA,1.0,2590-01-728-2447,False,DIBBS|SPE7L126T862S|CLIN0001,"SPE7L126T862S.PDF, CLIN table",33.6,"exact-NSN history, most recent award",33.6
SPE7L126T907S,0001,7017450056,0001,EA,35.0,5340-01-275-3757,False,DIBBS|SPE7L126T907S|CLIN0001,"SPE7L126T907S.PDF, CLIN table",3775.71,"exact-NSN history, most recent award",132149.85
SPE7L126T920P,0001,7017039402,0001,EA,2.0,5340-01-496-6480,False,DIBBS|SPE7L126T920P|CLIN0001,"SPE7L126T920P.PDF, CLIN table",39.77,"exact-NSN history, most recent award",79.54
SPE7L126T920W,0001,7017315181,0001,EA,19.0,5340-01-492-3318,False,DIBBS|SPE7L126T920W|CLIN0001,"SPE7L126T920W.PDF, CLIN table",98.06,"exact-NSN history, most recent award",1863.14
SPE7L126T921C,0001,7017233748,0001,EA,18.0,5340-01-674-4126,False,DIBBS|SPE7L126T921C|CLIN0001,"SPE7L126T921C.PDF, CLIN table",16.81,"exact-NSN history, most recent award",302.58
SPE7L126T945M,0001,7017252415,0001,EA,9.0,5340-01-109-4326,False,DIBBS|SPE7L126T945M|CLIN0001,"SPE7L126T945M.PDF, CLIN table",537.95,"exact-NSN history, most recent award",4841.55
SPE7L126T977W,0001,7017869859,0001,EA,9.0,3040-01-270-6471,False,DIBBS|SPE7L126T977W|CLIN0001,"SPE7L126T977W.PDF, CLIN table",170.0,"exact-NSN history, most recent award",1530.0
SPE7L126T988B,0001,7017204501,0001,EA,10.0,2510-00-417-2752,False,DIBBS|SPE7L126T988B|CLIN0001,"SPE7L126T988B.PDF, CLIN table",92.22,"exact-NSN history, most recent award",922.2
SPE7L126T9916,0001,7015087605,0001,EA,5.0,5340-01-603-9393,False,DIBBS|SPE7L126T9916|CLIN0001,"SPE7L126T9916.PDF, CLIN table",1465.0,"exact-NSN history, most recent award",7325.0
SPE7L126T9916,0002,0000000000,,EA,1.0,0001S00000053,True,DIBBS|SPE7L126T9916|CLIN0002,"SPE7L126T9916.PDF, CLIN table",,,
SPE7L126T994T,0001,7017252534,0001,EA,7.0,5340-01-482-0402,False,DIBBS|SPE7L126T994T|CLIN0001,"SPE7L126T994T.PDF, CLIN table",225.0,"exact-NSN history, most recent award",1575.0
SPE7L126T996Z,0001,7017982377,0001,EA,3.0,5340-01-183-7233,False,DIBBS|SPE7L126T996Z|CLIN0001,"SPE7L126T996Z.PDF, CLIN table",0.51,"exact-NSN history, most recent award",1.53
SPE7L126T996Z,0002,7017982377,0002,EA,116.0,5340-01-183-7233,False,DIBBS|SPE7L126T996Z|CLIN0002,"SPE7L126T996Z.PDF, CLIN table",0.51,"exact-NSN history, most recent award",59.160000000000004
SPE7L126T996Z,0003,7017982377,0003,EA,1896.0,5340-01-183-7233,False,DIBBS|SPE7L126T996Z|CLIN0003,"SPE7L126T996Z.PDF, CLIN table",0.51,"exact-NSN history, most recent award",966.96
SPE7L326T094Z,0001,7017315824,0001,EA,4.0,2530-01-707-9921,False,DIBBS|SPE7L326T094Z|CLIN0001,"SPE7L326T094Z.PDF, CLIN table",,unpriced,
SPE7L326T094Z,0002,0000000000,,EA,1.0,0001S00000053,True,DIBBS|SPE7L326T094Z|CLIN0002,"SPE7L326T094Z.PDF, CLIN table",,,
SPE7L326T114Z,0001,7017438782,0001,EA,2.0,2530-01-707-9921,False,DIBBS|SPE7L326T114Z|CLIN0001,"SPE7L326T114Z.PDF, CLIN table",,unpriced,
SPE7L326T144S,0001,7008308581,0001,AY,2.0,4810-01-616-3849,False,DIBBS|SPE7L326T144S|CLIN0001,"SPE7L326T144S.PDF, CLIN table",,unpriced,
SPE7L326T147D,0001,7017730998,0001,EA,1.0,2590-01-687-7510,False,DIBBS|SPE7L326T147D|CLIN0001,"SPE7L326T147D.PDF, CLIN table",7617.51,"exact-NSN history, most recent award",7617.51
SPE7L326T150D,0001,7017573895,0001,EA,8.0,2590-01-032-7410,False,DIBBS|SPE7L326T150D|CLIN0001,"SPE7L326T150D.PDF, CLIN table",775.0,"exact-NSN history, most recent award",6200.0
SPE7L326T152K,0001,7017777616,0001,EA,10.0,2590-01-100-0423,False,DIBBS|SPE7L326T152K|CLIN0001,"SPE7L326T152K.PDF, CLIN table",337.48,"exact-NSN history, most recent award",3374.8
SPE7L326T154U,0001,7017777166,0001,EA,9.0,2510-01-439-6563,False,DIBBS|SPE7L326T154U|CLIN0001,"SPE7L326T154U.PDF, CLIN table",489.9,"exact-NSN history, most recent award",4409.099999999999
SPE7L326T160T,0001,7017780247,0001,EA,8.0,2590-01-209-8427,False,DIBBS|SPE7L326T160T|CLIN0001,"SPE7L326T160T.PDF, CLIN table",875.0,"exact-NSN history, most recent award",7000.0
SPE7L326T167S,0001,7017275364,0001,EA,1.0,3040-01-650-4568,False,DIBBS|SPE7L326T167S|CLIN0001,"SPE7L326T167S.PDF, CLIN table",,unpriced,
SPE7L326T192W,0001,7017985245,0001,EA,6.0,3010-01-316-0190,False,DIBBS|SPE7L326T192W|CLIN0001,"SPE7L326T192W.PDF, CLIN table",8275.0,"exact-NSN history, most recent award",49650.0
SPE7L326T202A,0001,7017809044,0001,EA,13.0,3010-01-494-1506,False,DIBBS|SPE7L326T202A|CLIN0001,"SPE7L326T202A.PDF, CLIN table",277.7,"exact-NSN history, most recent award",3610.1
SPE7L326T207G,0001,7017367452,0001,EA,9.0,3040-01-147-3497,False,DIBBS|SPE7L326T207G|CLIN0001,"SPE7L326T207G.PDF, CLIN table",90.0,"exact-NSN history, most recent award",810.0
SPE7L326T227V,0001,7018067618,0001,EA,17.0,2590-01-736-4474,False,DIBBS|SPE7L326T227V|CLIN0001,"SPE7L326T227V.PDF, CLIN table",1200.0,"exact-NSN history, most recent award",20400.0
SPE7L326T237C,0001,7018270748,0001,EA,319.0,1095-00-890-4218,False,DIBBS|SPE7L326T237C|CLIN0001,"SPE7L326T237C.PDF, CLIN table",11.5,"exact-NSN history, most recent award",3668.5
SPE7L326T237C,0002,0000000000,,EA,1.0,0001S00000052,True,DIBBS|SPE7L326T237C|CLIN0002,"SPE7L326T237C.PDF, CLIN table",,,
SPE7L326T247Q,0001,7018269357,0001,EA,16.0,3040-00-735-4263,False,DIBBS|SPE7L326T247Q|CLIN0001,"SPE7L326T247Q.PDF, CLIN table",487.0,"exact-NSN history, most recent award",7792.0
SPE7L326T250H,0001,7014422417,0001,EA,8.0,2510-01-620-8051,False,DIBBS|SPE7L326T250H|CLIN0001,"SPE7L326T250H.PDF, CLIN table",900.0,"exact-NSN history, most recent award",7200.0
SPE7L326T250H,0002,0000000000,,EA,1.0,0001S00000053,True,DIBBS|SPE7L326T250H|CLIN0002,"SPE7L326T250H.PDF, CLIN table",,,
SPE7L326T252M,0001,7017528328,0001,EA,48.0,2510-01-210-6942,False,DIBBS|SPE7L326T252M|CLIN0001,"SPE7L326T252M.PDF, CLIN table",10.29,"exact-NSN history, most recent award",493.91999999999996
SPE7L326T254M,0001,7017778174,0001,EA,63.0,2590-01-716-4124,False,DIBBS|SPE7L326T254M|CLIN0001,"SPE7L326T254M.PDF, CLIN table",530.75,"exact-NSN history, most recent award",33437.25
SPE7L326T254M,0002,0000000000,,EA,1.0,0001S00000053,True,DIBBS|SPE7L326T254M|CLIN0002,"SPE7L326T254M.PDF, CLIN table",,,
SPE7L326T254Q,0001,7018068861,0001,EA,4.0,5355-01-343-1793,False,DIBBS|SPE7L326T254Q|CLIN0001,"SPE7L326T254Q.PDF, CLIN table",,unpriced,
SPE7L326T254Q,0002,0000000000,,EA,1.0,0001S00000053,True,DIBBS|SPE7L326T254Q|CLIN0002,"SPE7L326T254Q.PDF, CLIN table",,,
SPE7L326T256E,0001,7017660793,0001,EA,1.0,3040-01-723-0637,False,DIBBS|SPE7L326T256E|CLIN0001,"SPE7L326T256E.PDF, CLIN table",,unpriced,
SPE7L326T257D,0001,7018069464,0001,PG,9.0,2530-00-678-6128,False,DIBBS|SPE7L326T257D|CLIN0001,"SPE7L326T257D.PDF, CLIN table",45.21,"exact-NSN history, most recent award",406.89
SPE7L326T258P,0001,7018378697,0001,EA,43.0,3040-01-241-4818,False,DIBBS|SPE7L326T258P|CLIN0001,"SPE7L326T258P.PDF, CLIN table",29.7,"exact-NSN history, most recent award",1277.1
SPE7L326T282R,0001,7018495006,0001,EA,71.0,2590-01-677-8642,False,DIBBS|SPE7L326T282R|CLIN0001,"SPE7L326T282R.PDF, CLIN table",394.85,"exact-NSN history, most recent award",28034.350000000002
SPE7L326T282R,0002,0000000000,,EA,1.0,0001S00000053,True,DIBBS|SPE7L326T282R|CLIN0002,"SPE7L326T282R.PDF, CLIN table",,,
SPE7L326T290Q,0001,7017235020,0001,EA,168.0,2590-01-493-7898,False,DIBBS|SPE7L326T290Q|CLIN0001,"SPE7L326T290Q.PDF, CLIN table",667.0,"exact-NSN history, most recent award",112056.0
SPE7L326T4755,0001,7015016139,0001,EA,1.0,3040-01-641-5088,False,DIBBS|SPE7L326T4755|CLIN0001,"SPE7L326T4755.PDF, CLIN table",,unpriced,
SPE7L326T6345,0001,7015689010,0001,EA,1.0,2590-01-121-7773,False,DIBBS|SPE7L326T6345|CLIN0001,"SPE7L326T6345.PDF, CLIN table",425.0,"exact-NSN history, most recent award",425.0
SPE7L326T9247,0001,7015835519,0001,EA,1.0,2910-01-705-3891,False,DIBBS|SPE7L326T9247|CLIN0001,"SPE7L326T9247.PDF, CLIN table",,unpriced,
SPE7L326T9995,0001,7016691938,0001,EA,17.0,2590-01-104-9132,False,DIBBS|SPE7L326T9995|CLIN0001,"SPE7L326T9995.PDF, CLIN table",173.32,"exact-NSN history, most recent award",2946.44
SPE7L426T2972,0001,7015698915,0001,EA,50.0,2590-01-668-6993,False,DIBBS|SPE7L426T2972|CLIN0001,"SPE7L426T2972.PDF, CLIN table",131.82,"exact-NSN history, most recent award",6591.0
SPE7L426T2972,0002,0000000000,,EA,1.0,0001S00000053,True,DIBBS|SPE7L426T2972|CLIN0002,"SPE7L426T2972.PDF, CLIN table",,,
SPE7L426T3239,0001,7015697306,0001,EA,6.0,2590-01-108-5389,False,DIBBS|SPE7L426T3239|CLIN0001,"SPE7L426T3239.PDF, CLIN table",645.0,"exact-NSN history, most recent award",3870.0
SPE7L426T3239,0002,0000000000,,EA,1.0,0001S00000053,True,DIBBS|SPE7L426T3239|CLIN0002,"SPE7L426T3239.PDF, CLIN table",,,
SPE7L426T4025,0001,7016081440,0001,EA,2.0,2540-01-698-2591,False,DIBBS|SPE7L426T4025|CLIN0001,"SPE7L426T4025.PDF, CLIN table",,unpriced,
SPE7L426T4469,0001,7016088641,0001,EA,1180.0,2530-00-504-0393,False,DIBBS|SPE7L426T4469|CLIN0001,"SPE7L426T4469.PDF, CLIN table",7.0,"exact-NSN history, most recent award",8260.0
SPE7L426T4915,0001,7017045542,0001,EA,74.0,2510-01-567-5881,False,DIBBS|SPE7L426T4915|CLIN0001,"SPE7L426T4915.PDF, CLIN table",90.0,"exact-NSN history, most recent award",6660.0
SPE7L426T4915,0002,0000000000,,EA,1.0,0001S00000053,True,DIBBS|SPE7L426T4915|CLIN0002,"SPE7L426T4915.PDF, CLIN table",,,
SPE7L426T4984,0001,7016471619,0001,EA,1.0,2540-01-702-1714,False,DIBBS|SPE7L426T4984|CLIN0001,"SPE7L426T4984.PDF, CLIN table",,unpriced,
SPE7L426T6402,0001,7017777467,0001,EA,6.0,2540-01-540-8415,False,DIBBS|SPE7L426T6402|CLIN0001,"SPE7L426T6402.PDF, CLIN table",2000.0,"exact-NSN history, most recent award",12000.0
SPE7L426T6629,0001,7018068157,0001,EA,11.0,6150-01-422-7736,False,DIBBS|SPE7L426T6629|CLIN0001,"SPE7L426T6629.PDF, CLIN table",2556.29,"exact-NSN history, most recent award",28119.19
SPE7L426T6658,0001,7016992052,0001,EA,1.0,1005-01-113-1456,False,DIBBS|SPE7L426T6658|CLIN0001,"SPE7L426T6658.PDF, CLIN table",225.16,"exact-NSN history, most recent award",225.16
SPE7L426T6955,0001,7018340481,0001,EA,3.0,5930-00-941-8185,False,DIBBS|SPE7L426T6955|CLIN0001,"SPE7L426T6955.PDF, CLIN table",258.0,"exact-NSN history, most recent award",774.0
SPE7L426T7210,0001,7018497657,0001,EA,5.0,6150-01-454-6623,False,DIBBS|SPE7L426T7210|CLIN0001,"SPE7L426T7210.PDF, CLIN table",1938.444,"exact-NSN history, most recent award",9692.22
SPE7L426T7210,0002,0000000000,,EA,1.0,0001S00000053,True,DIBBS|SPE7L426T7210|CLIN0002,"SPE7L426T7210.PDF, CLIN table",,,
SPE7L426T7243,0001,7018517341,0001,EA,18.0,3950-01-342-4088,False,DIBBS|SPE7L426T7243|CLIN0001,"SPE7L426T7243.PDF, CLIN table",340.0,"exact-NSN history, most recent award",6120.0
SPE7L426T7255,0001,7017697565,0001,EA,2.0,5995-01-425-5346,False,DIBBS|SPE7L426T7255|CLIN0001,"SPE7L426T7255.PDF, CLIN table",1425.98,"exact-NSN history, most recent award",2851.96
SPE7L426T7259,0001,7018494717,0001,EA,6.0,6150-01-422-2574,False,DIBBS|SPE7L426T7259|CLIN0001,"SPE7L426T7259.PDF, CLIN table",1027.0,"exact-NSN history, most recent award",6162.0
SPE7L426T7273,0001,7018496487,0001,EA,6.0,2590-01-108-5389,False,DIBBS|SPE7L426T7273|CLIN0001,"SPE7L426T7273.PDF, CLIN table",645.0,"exact-NSN history, most recent award",3870.0
SPE7L426T7273,0002,0000000000,,EA,1.0,0001S00000053,True,DIBBS|SPE7L426T7273|CLIN0002,"SPE7L426T7273.PDF, CLIN table",,,
SPE7L526T2133,0001,7012918669,0001,EA,1.0,4730-01-701-5377,False,DIBBS|SPE7L526T2133|CLIN0001,"SPE7L526T2133.PDF, CLIN table",,unpriced,
SPE7L526T2335,0001,7015053634,0001,EA,30.0,6150-01-672-8926,False,DIBBS|SPE7L526T2335|CLIN0001,"SPE7L526T2335.PDF, CLIN table",646.46,"exact-NSN history, most recent award",19393.800000000003
SPE7L526T3902,0001,7017049825,0001,EA,65.0,2910-01-561-1346,False,DIBBS|SPE7L526T3902|CLIN0001,"SPE7L526T3902.PDF, CLIN table",701.52,"exact-NSN history, most recent award",45598.799999999996
SPE7L526T4284,0001,7013881160,0001,EA,9.0,5355-01-200-5186,False,DIBBS|SPE7L526T4284|CLIN0001,"SPE7L526T4284.PDF, CLIN table",200.0,"exact-NSN history, most recent award",1800.0
SPE7L526T5200,0001,7017777215,0001,EA,2.0,5995-01-676-7607,False,DIBBS|SPE7L526T5200|CLIN0001,"SPE7L526T5200.PDF, CLIN table",,unpriced,
SPE7L526T5200,0002,0000000000,,EA,1.0,0001S00000053,True,DIBBS|SPE7L526T5200|CLIN0002,"SPE7L526T5200.PDF, CLIN table",,,
SPE7L526T5302,0001,7018075920,0001,EA,178.0,5995-00-772-8813,False,DIBBS|SPE7L526T5302|CLIN0001,"SPE7L526T5302.PDF, CLIN table",269.0,"exact-NSN history, most recent award",47882.0
SPE7L526T5302,0002,7018075920,0002,EA,534.0,5995-00-772-8813,False,DIBBS|SPE7L526T5302|CLIN0002,"SPE7L526T5302.PDF, CLIN table",269.0,"exact-NSN history, most recent award",143646.0
SPE7L726T4100,0001,7017315033,0001,EA,80.0,6650-00-419-4170,False,DIBBS|SPE7L726T4100|CLIN0001,"SPE7L726T4100.PDF, CLIN table",21.3,"exact-NSN history, most recent award",1704.0
SPE7L726T4141,0001,7017367472,0001,EA,10.0,6650-00-828-6553,False,DIBBS|SPE7L726T4141|CLIN0001,"SPE7L726T4141.PDF, CLIN table",714.0,"exact-NSN history, most recent award",7140.0
SPE7L726T4141,0002,0000000000,,EA,1.0,0001S00000053,True,DIBBS|SPE7L726T4141|CLIN0002,"SPE7L726T4141.PDF, CLIN table",,,
SPE7L726T4313,0001,7017498444,0001,EA,10.0,6650-01-063-1341,False,DIBBS|SPE7L726T4313|CLIN0001,"SPE7L726T4313.PDF, CLIN table",256.5,"exact-NSN history, most recent award",2565.0
SPE7L726T4670,0001,7016887831,0001,EA,24.0,1095-00-450-8514,False,DIBBS|SPE7L726T4670|CLIN0001,"SPE7L726T4670.PDF, CLIN table",689.34,"exact-NSN history, most recent award",16544.16
SPE7L726T4670,0002,0000000000,,EA,1.0,0001S00000052,True,DIBBS|SPE7L726T4670|CLIN0002,"SPE7L726T4670.PDF, CLIN table",,,
SPE7L726T4945,0001,7016755672,0001,EA,2.0,6650-01-577-4444,False,DIBBS|SPE7L726T4945|CLIN0001,"SPE7L726T4945.PDF, CLIN table",,unpriced,
SPE7L726T4945,0002,0000000000,,EA,1.0,0001S00000053,True,DIBBS|SPE7L726T4945|CLIN0002,"SPE7L726T4945.PDF, CLIN table",,,
SPE7L726T5099,0001,7015896359,0001,EA,6.0,6650-01-577-4445,False,DIBBS|SPE7L726T5099|CLIN0001,"SPE7L726T5099.PDF, CLIN table",0.01,"exact-NSN history, most recent award",0.06
SPE7L726T5099,0002,0000000000,,EA,1.0,0001S00000053,True,DIBBS|SPE7L726T5099|CLIN0002,"SPE7L726T5099.PDF, CLIN table",,,
SPE7L726T5209,0001,7017800035,0001,EA,4.0,1055-01-398-5408,False,DIBBS|SPE7L726T5209|CLIN0001,"SPE7L726T5209.PDF, CLIN table",1525.0,"exact-NSN history, most recent award",6100.0
SPE7L726T5256,0001,7017048324,0001,EA,75.0,6650-00-864-2942,False,DIBBS|SPE7L726T5256|CLIN0001,"SPE7L726T5256.PDF, CLIN table",85.0,"exact-NSN history, most recent award",6375.0
SPE7L726T5256,0002,0000000000,,EA,1.0,0001S00000053,True,DIBBS|SPE7L726T5256|CLIN0002,"SPE7L726T5256.PDF, CLIN table",,,
SPE7L726T5514,0001,7018346035,0001,EA,1.0,1020-01-180-4933,False,DIBBS|SPE7L726T5514|CLIN0001,"SPE7L726T5514.PDF, CLIN table",1300.0,"exact-NSN history, most recent award",1300.0
SPE7LX26U002T,0001,1000240960,0001,EA,127.0,2590-01-698-8230,False,DIBBS|SPE7LX26U002T|CLIN0001,"SPE7LX26U002T.PDF, CLIN table",98.11,"exact-NSN history, most recent award",12459.97
SPE7LX26U007R,0001,1000244770,0001,EA,14.0,5340-01-658-8789,False,DIBBS|SPE7LX26U007R|CLIN0001,"SPE7LX26U007R.PDF, CLIN table",320.0,"exact-NSN history, most recent award",4480.0
SPE7LX26U011D,0001,1000237497,0001,EA,42.0,5340-01-670-2178,False,DIBBS|SPE7LX26U011D|CLIN0001,"SPE7LX26U011D.PDF, CLIN table",11.89,"exact-NSN history, most recent award",499.38
SPE7M026T031T,0001,7017603382,0001,PG,4.0,5935-01-067-4780,False,DIBBS|SPE7M026T031T|CLIN0001,"SPE7M026T031T.PDF, CLIN table",0.93,"exact-NSN history, most recent award",3.72
SPE7M026T031T,0002,7017603382,0002,PG,28.0,5935-01-067-4780,False,DIBBS|SPE7M026T031T|CLIN0002,"SPE7M026T031T.PDF, CLIN table",0.93,"exact-NSN history, most recent award",26.040000000000003
SPE7M026T063A,0001,7018065071,0001,EA,50.0,5999-01-576-0387,False,DIBBS|SPE7M026T063A|CLIN0001,"SPE7M026T063A.PDF, CLIN table",,unpriced,
SPE7M026T074M,0001,7017281970,0001,PM,1.0,9535-01-012-2380,False,DIBBS|SPE7M026T074M|CLIN0001,"SPE7M026T074M.PDF, CLIN table",13500.0,"exact-NSN history, most recent award",13500.0
SPE7M026T095W,0001,7018446230,0001,EA,1.0,5999-01-683-0886,False,DIBBS|SPE7M026T095W|CLIN0001,"SPE7M026T095W.PDF, CLIN table",1559.17,"exact-NSN history, most recent award",1559.17
SPE7M026T103A,0001,7017473386,0001,EA,1.0,5930-01-119-5637,False,DIBBS|SPE7M026T103A|CLIN0001,"SPE7M026T103A.PDF, CLIN table",411.76,"exact-NSN history, most recent award",411.76
SPE7M026T6027,0001,7015725895,0001,EA,3.0,4730-01-693-6899,False,DIBBS|SPE7M026T6027|CLIN0001,"SPE7M026T6027.PDF, CLIN table",,unpriced,
SPE7M026T6803,0001,7014201870,0001,EA,1.0,6110-01-303-4667,False,DIBBS|SPE7M026T6803|CLIN0001,"SPE7M026T6803.PDF, CLIN table",1232.0,"exact-NSN history, most recent award",1232.0
SPE7M026T7262,0001,7016494246,0001,EA,9.0,5930-00-903-0783,False,DIBBS|SPE7M026T7262|CLIN0001,"SPE7M026T7262.PDF, CLIN table",384.38,"exact-NSN history, most recent award",3459.42
SPE7M026T7262,0002,0000000000,,EA,1.0,0001S00000053,True,DIBBS|SPE7M026T7262|CLIN0002,"SPE7M026T7262.PDF, CLIN table",,,
SPE7M026T7338,0001,7016514533,0001,EA,4.0,5930-00-903-0783,False,DIBBS|SPE7M026T7338|CLIN0001,"SPE7M026T7338.PDF, CLIN table",384.38,"exact-NSN history, most recent award",1537.52
SPE7M026T7338,0002,0000000000,,EA,1.0,0001S00000053,True,DIBBS|SPE7M026T7338|CLIN0002,"SPE7M026T7338.PDF, CLIN table",,,
SPE7M026T7442,0001,7016540192,0001,EA,85.0,5930-00-903-0783,False,DIBBS|SPE7M026T7442|CLIN0001,"SPE7M026T7442.PDF, CLIN table",384.38,"exact-NSN history, most recent award",32672.3
SPE7M026T7442,0002,0000000000,,EA,1.0,0001S00000053,True,DIBBS|SPE7M026T7442|CLIN0002,"SPE7M026T7442.PDF, CLIN table",,,
SPE7M026T9763,0001,7017334193,0001,EA,1.0,6110-01-303-4666,False,DIBBS|SPE7M026T9763|CLIN0001,"SPE7M026T9763.PDF, CLIN table",3495.0,"exact-NSN history, most recent award",3495.0
SPE7M026T9763,0002,0000000000,,EA,1.0,0001S00000053,True,DIBBS|SPE7M026T9763|CLIN0002,"SPE7M026T9763.PDF, CLIN table",,,
SPE7M026T9937,0001,7017395906,0001,EA,1.0,6110-01-310-3807,False,DIBBS|SPE7M026T9937|CLIN0001,"SPE7M026T9937.PDF, CLIN table",1628.0,"exact-NSN history, most recent award",1628.0
SPE7M126T021S,0001,7013875834,0001,EA,13.0,6110-00-392-2894,False,DIBBS|SPE7M126T021S|CLIN0001,"SPE7M126T021S.PDF, CLIN table",1200.0,"exact-NSN history, most recent award",15600.0
SPE7M126T056D,0001,7008203949,0001,EA,20.0,6105-01-227-1194,False,DIBBS|SPE7M126T056D|CLIN0001,"SPE7M126T056D.PDF, CLIN table",6897.67,"exact-NSN history, most recent award",137953.4
SPE7M126T063J,0001,7016732203,0001,EA,1.0,6110-00-690-7693,False,DIBBS|SPE7M126T063J|CLIN0001,"SPE7M126T063J.PDF, CLIN table",892.0,"exact-NSN history, most recent award",892.0
SPE7M126T063J,0002,0000000000,,EA,1.0,0001S00000053,True,DIBBS|SPE7M126T063J|CLIN0002,"SPE7M126T063J.PDF, CLIN table",,,
SPE7M126T125G,0001,7017047009,0001,EA,2.0,6110-01-310-3810,False,DIBBS|SPE7M126T125G|CLIN0001,"SPE7M126T125G.PDF, CLIN table",1245.0,"exact-NSN history, most recent award",2490.0
SPE7M126T125G,0002,0000000000,,EA,1.0,0001S00000053,True,DIBBS|SPE7M126T125G|CLIN0002,"SPE7M126T125G.PDF, CLIN table",,,
SPE7M126T142H,0001,7017112723,0001,EA,1.0,6020-01-722-4909,False,DIBBS|SPE7M126T142H|CLIN0001,"SPE7M126T142H.PDF, CLIN table",,unpriced,
SPE7M126T204J,0001,7017316140,0001,EA,1.0,6110-01-054-3018,False,DIBBS|SPE7M126T204J|CLIN0001,"SPE7M126T204J.PDF, CLIN table",33000.0,"exact-NSN history, most recent award",33000.0
SPE7M126T231N,0001,7014637663,0001,EA,1.0,6110-01-063-1162,False,DIBBS|SPE7M126T231N|CLIN0001,"SPE7M126T231N.PDF, CLIN table",2745.5,"exact-NSN history, most recent award",2745.5
SPE7M126T231N,0002,0000000000,,EA,1.0,0001S00000052,True,DIBBS|SPE7M126T231N|CLIN0002,"SPE7M126T231N.PDF, CLIN table",,,
SPE7M126T285V,0001,7015496891,0001,EA,1.0,6110-01-737-1205,False,DIBBS|SPE7M126T285V|CLIN0001,"SPE7M126T285V.PDF, CLIN table",,unpriced,
SPE7M126T289E,0001,7017776689,0001,EA,67.0,6110-01-525-1298,False,DIBBS|SPE7M126T289E|CLIN0001,"SPE7M126T289E.PDF, CLIN table",1391.25,"exact-NSN history, most recent award",93213.75
SPE7M126T296A,0001,7017982587,0001,EA,5.0,6110-01-501-0024,False,DIBBS|SPE7M126T296A|CLIN0001,"SPE7M126T296A.PDF, CLIN table",2700.0,"exact-NSN history, most recent award",13500.0
SPE7M126T308L,0001,7016129641,0001,EA,1.0,6110-01-737-1205,False,DIBBS|SPE7M126T308L|CLIN0001,"SPE7M126T308L.PDF, CLIN table",,unpriced,
SPE7M126T308L,0002,7016129638,0001,EA,1.0,6110-01-737-1205,False,DIBBS|SPE7M126T308L|CLIN0002,"SPE7M126T308L.PDF, CLIN table",,unpriced,
SPE7M126T316C,0001,7017439715,0001,EA,32.0,5995-01-420-5513,False,DIBBS|SPE7M126T316C|CLIN0001,"SPE7M126T316C.PDF, CLIN table",375.0,"exact-NSN history, most recent award",12000.0
SPE7M126T324G,0001,7017397569,0001,EA,1.0,6110-01-628-0598,False,DIBBS|SPE7M126T324G|CLIN0001,"SPE7M126T324G.PDF, CLIN table",,unpriced,
SPE7M126T325G,0001,7017695982,0001,EA,6.0,6110-01-527-4932,False,DIBBS|SPE7M126T325G|CLIN0001,"SPE7M126T325G.PDF, CLIN table",5197.5,"exact-NSN history, most recent award",31185.0
SPE7M126T325T,0001,7018067569,0001,EA,1.0,6110-01-055-3507,False,DIBBS|SPE7M126T325T|CLIN0001,"SPE7M126T325T.PDF, CLIN table",10237.5,"exact-NSN history, most recent award",10237.5
SPE7M126T325T,0002,0000000000,,EA,1.0,0001S00000052,True,DIBBS|SPE7M126T325T|CLIN0002,"SPE7M126T325T.PDF, CLIN table",,,
SPE7M126T346D,0001,7018271860,0001,EA,3.0,6020-01-721-7293,False,DIBBS|SPE7M126T346D|CLIN0001,"SPE7M126T346D.PDF, CLIN table",3221.0,"exact-NSN history, most recent award",9663.0
SPE7M126T351C,0001,7017780995,0001,EA,2.0,6110-01-628-0598,False,DIBBS|SPE7M126T351C|CLIN0001,"SPE7M126T351C.PDF, CLIN table",,unpriced,
SPE7M126T352B,0001,7018273128,0001,EA,1.0,6110-01-587-9091,False,DIBBS|SPE7M126T352B|CLIN0001,"SPE7M126T352B.PDF, CLIN table",9336.25,"exact-NSN history, most recent award",9336.25
SPE7M126T363A,0001,7014131043,0001,EA,3.0,2090-01-714-2999,False,DIBBS|SPE7M126T363A|CLIN0001,"SPE7M126T363A.PDF, CLIN table",,unpriced,
SPE7M126T370P,0001,7017437855,0001,EA,9.0,6110-01-467-5988,False,DIBBS|SPE7M126T370P|CLIN0001,"SPE7M126T370P.PDF, CLIN table",3246.02,"exact-NSN history, most recent award",29214.18
SPE7M126T387D,0001,7009671195,0001,EA,1.0,6110-01-644-8998,False,DIBBS|SPE7M126T387D|CLIN0001,"SPE7M126T387D.PDF, CLIN table",,unpriced,
SPE7M126T6561,0001,7014415093,0001,EA,4.0,6110-01-280-8691,False,DIBBS|SPE7M126T6561|CLIN0001,"SPE7M126T6561.PDF, CLIN table",6998.95,"exact-NSN history, most recent award",27995.8
SPE7M126T6561,0002,0000000000,,EA,1.0,0001S00000052,True,DIBBS|SPE7M126T6561|CLIN0002,"SPE7M126T6561.PDF, CLIN table",,,
SPE7M126T8769,0001,7015974783,0001,EA,1.0,6110-01-717-6047,False,DIBBS|SPE7M126T8769|CLIN0001,"SPE7M126T8769.PDF, CLIN table",,unpriced,
SPE7M126U6293,0001,1000244194,0001,EA,104.0,6020-01-417-5244,False,DIBBS|SPE7M126U6293|CLIN0001,"SPE7M126U6293.PDF, CLIN table",614.0,"exact-NSN history, most recent award",63856.0
SPE7M126U6566,0001,1000244644,0001,EA,23.0,6115-01-058-2390,False,DIBBS|SPE7M126U6566|CLIN0001,"SPE7M126U6566.PDF, CLIN table",422.0,"exact-NSN history, most recent award",9706.0
SPE7M126U6953,0001,1000244321,0001,EA,13.0,6110-01-525-1298,False,DIBBS|SPE7M126U6953|CLIN0001,"SPE7M126U6953.PDF, CLIN table",1391.25,"exact-NSN history, most recent award",18086.25
SPE7M126U6954,0001,1000243921,0001,EA,25.0,6110-01-498-3928,False,DIBBS|SPE7M126U6954|CLIN0001,"SPE7M126U6954.PDF, CLIN table",2558.83,"exact-NSN history, most recent award",63970.75
SPE7M226T2175,0001,7014811137,0001,EA,25.0,5340-01-698-6156,False,DIBBS|SPE7M226T2175|CLIN0001,"SPE7M226T2175.PDF, CLIN table",,unpriced,
SPE7M226T2959,0001,7015897466,0001,EA,3.0,5930-00-538-6214,False,DIBBS|SPE7M226T2959|CLIN0001,"SPE7M226T2959.PDF, CLIN table",324.0,"exact-NSN history, most recent award",972.0
SPE7M226T3238,0001,7016086844,0001,EA,2.0,5930-01-263-3748,False,DIBBS|SPE7M226T3238|CLIN0001,"SPE7M226T3238.PDF, CLIN table",1771.0,"exact-NSN history, most recent award",3542.0
SPE7M226T3365,0001,7016173175,0001,EA,5.0,5930-01-732-7386,False,DIBBS|SPE7M226T3365|CLIN0001,"SPE7M226T3365.PDF, CLIN table",7986.0,"exact-NSN history, most recent award",39930.0
SPE7M226T4245,0001,7016620563,0001,EA,7.0,5930-01-721-6661,False,DIBBS|SPE7M226T4245|CLIN0001,"SPE7M226T4245.PDF, CLIN table",3387.0,"exact-NSN history, most recent award",23709.0
SPE7M226T4450,0001,7016707608,0001,EA,1.0,5999-01-666-5762,False,DIBBS|SPE7M226T4450|CLIN0001,"SPE7M226T4450.PDF, CLIN table",5630.0,"exact-NSN history, most recent award",5630.0
SPE7M226T4655,0001,7015330208,0001,EA,251.0,6210-01-056-5170,False,DIBBS|SPE7M226T4655|CLIN0001,"SPE7M226T4655.PDF, CLIN table",207.0,"exact-NSN history, most recent award",51957.0
SPE7M226T5582,0001,7017233293,0001,EA,10.0,6210-00-425-1076,False,DIBBS|SPE7M226T5582|CLIN0001,"SPE7M226T5582.PDF, CLIN table",260.0,"exact-NSN history, most recent award",2600.0
SPE7M226T6658,0001,7018182754,0001,EA,3.0,5895-01-631-4596,False,DIBBS|SPE7M226T6658|CLIN0001,"SPE7M226T6658.PDF, CLIN table",5747.0,"exact-NSN history, most recent award",17241.0
SPE7M226T6718,0001,7017799992,0001,EA,1.0,5355-01-230-1623,False,DIBBS|SPE7M226T6718|CLIN0001,"SPE7M226T6718.PDF, CLIN table",235.17,"exact-NSN history, most recent award",235.17
SPE7M226T6757,0001,7018249117,0001,EA,26.0,6210-01-384-2259,False,DIBBS|SPE7M226T6757|CLIN0001,"SPE7M226T6757.PDF, CLIN table",301.0,"exact-NSN history, most recent award",7826.0
SPE7M226T6767,0001,7018268488,0001,EA,2.0,5930-01-263-3749,False,DIBBS|SPE7M226T6767|CLIN0001,"SPE7M226T6767.PDF, CLIN table",777.0,"exact-NSN history, most recent award",1554.0
SPE7M226T6791,0001,7018269956,0001,EA,3.0,5355-01-230-1623,False,DIBBS|SPE7M226T6791|CLIN0001,"SPE7M226T6791.PDF, CLIN table",235.17,"exact-NSN history, most recent award",705.51
SPE7M226T6794,0001,7018271964,0001,EA,3.0,5930-01-267-3219,False,DIBBS|SPE7M226T6794|CLIN0001,"SPE7M226T6794.PDF, CLIN table",1980.0,"exact-NSN history, most recent award",5940.0
SPE7M226T6844,0001,7018268487,0001,EA,2.0,5930-01-263-5938,False,DIBBS|SPE7M226T6844|CLIN0001,"SPE7M226T6844.PDF, CLIN table",431.0,"exact-NSN history, most recent award",862.0
SPE7M226T6859,0001,7017780483,0001,EA,2.0,5930-01-278-9052,False,DIBBS|SPE7M226T6859|CLIN0001,"SPE7M226T6859.PDF, CLIN table",1016.24,"exact-NSN history, most recent award",2032.48
SPE7M226T6894,0001,7018390124,0001,EA,1.0,5995-01-697-2612,False,DIBBS|SPE7M226T6894|CLIN0001,"SPE7M226T6894.PDF, CLIN table",926.0,"exact-NSN history, most recent award",926.0
SPE7M226T7017,0001,7018496288,0001,EA,3.0,5995-01-653-9449,False,DIBBS|SPE7M226T7017|CLIN0001,"SPE7M226T7017.PDF, CLIN table",1600.7,"exact-NSN history, most recent award",4802.1
SPE7M226T7029,0001,7018496099,0001,EA,11.0,6020-01-658-7070,False,DIBBS|SPE7M226T7029|CLIN0001,"SPE7M226T7029.PDF, CLIN table",607.32,"exact-NSN history, most recent award",6680.52
SPE7M226T7070,0001,7018268485,0001,EA,3.0,5930-01-263-5942,False,DIBBS|SPE7M226T7070|CLIN0001,"SPE7M226T7070.PDF, CLIN table",25250.0,"exact-NSN history, most recent award",75750.0
SPE7M326T3329,0001,7011934776,0001,EA,1.0,4730-01-697-7958,False,DIBBS|SPE7M326T3329|CLIN0001,"SPE7M326T3329.PDF, CLIN table",,unpriced,
SPE7M326T7151,0001,7017127158,0001,EA,1.0,4730-01-672-8394,False,DIBBS|SPE7M326T7151|CLIN0001,"SPE7M326T7151.PDF, CLIN table",,unpriced,
SPE7M326T7152,0001,7017127160,0001,EA,1.0,4730-01-686-7144,False,DIBBS|SPE7M326T7152|CLIN0001,"SPE7M326T7152.PDF, CLIN table",,unpriced,
SPE7M326T7497,0001,7017289997,0001,EA,1.0,4730-01-668-3121,False,DIBBS|SPE7M326T7497|CLIN0001,"SPE7M326T7497.PDF, CLIN table",600.0,"exact-NSN history, most recent award",600.0
SPE7M326T8352,0001,7017808957,0001,EA,1.0,4730-01-535-5474,False,DIBBS|SPE7M326T8352|CLIN0001,"SPE7M326T8352.PDF, CLIN table",2979.4,"exact-NSN history, most recent award",2979.4
SPE7M326T8751,0001,7018016166,0001,EA,1.0,4730-01-738-1964,False,DIBBS|SPE7M326T8751|CLIN0001,"SPE7M326T8751.PDF, CLIN table",,unpriced,
SPE7M426T161A,0001,7017046656,0001,EA,10.0,5340-01-237-7422,False,DIBBS|SPE7M426T161A|CLIN0001,"SPE7M426T161A.PDF, CLIN table",15.68,"exact-NSN history, most recent award",156.8
SPE7M426T161A,0002,7017046656,0002,EA,235.0,5340-01-237-7422,False,DIBBS|SPE7M426T161A|CLIN0002,"SPE7M426T161A.PDF, CLIN table",15.68,"exact-NSN history, most recent award",3684.7999999999997
SPE7M426T185M,0001,7017049020,0001,EA,27.0,2090-01-701-4688,False,DIBBS|SPE7M426T185M|CLIN0001,"SPE7M426T185M.PDF, CLIN table",,unpriced,
SPE7M426T315U,0001,7017778717,0001,EA,5.0,2040-01-717-5592,False,DIBBS|SPE7M426T315U|CLIN0001,"SPE7M426T315U.PDF, CLIN table",2908.79,"exact-NSN history, most recent award",14543.95
SPE7M426T346L,0001,7017437334,0001,EA,47.0,2040-00-851-9471,False,DIBBS|SPE7M426T346L|CLIN0001,"SPE7M426T346L.PDF, CLIN table",4216.75,"exact-NSN history, most recent award",198187.25
SPE7M426T385J,0001,7017983567,0001,EA,121.0,2040-01-451-4739,False,DIBBS|SPE7M426T385J|CLIN0001,"SPE7M426T385J.PDF, CLIN table",8.95,"exact-NSN history, most recent award",1082.9499999999998
SPE7M426T385N,0001,7017777343,0001,EA,10.0,2040-01-443-7740,False,DIBBS|SPE7M426T385N|CLIN0001,"SPE7M426T385N.PDF, CLIN table",54.0,"exact-NSN history, most recent award",540.0
SPE7M426T395G,0001,7018271750,0001,EA,3.0,2040-01-098-2432,False,DIBBS|SPE7M426T395G|CLIN0001,"SPE7M426T395G.PDF, CLIN table",5762.4,"exact-NSN history, most recent award",17287.199999999997
SPE7M426T403Q,0001,7017659254,0001,EA,2.0,2040-01-443-7740,False,DIBBS|SPE7M426T403Q|CLIN0001,"SPE7M426T403Q.PDF, CLIN table",54.0,"exact-NSN history, most recent award",108.0
SPE7M426T450T,0001,7017919111,0001,EA,16.0,2040-01-691-0985,False,DIBBS|SPE7M426T450T|CLIN0001,"SPE7M426T450T.PDF, CLIN table",,unpriced,
SPE7M426T8934,0001,7015234765,0001,EA,109.0,2090-01-701-4688,False,DIBBS|SPE7M426T8934|CLIN0001,"SPE7M426T8934.PDF, CLIN table",,unpriced,
SPE7M426T9191,0001,7014137095,0001,EA,13.0,2090-01-701-4683,False,DIBBS|SPE7M426T9191|CLIN0001,"SPE7M426T9191.PDF, CLIN table",,unpriced,
SPE7M426T9831,0001,7016087372,0001,EA,5.0,5930-01-737-5152,False,DIBBS|SPE7M426T9831|CLIN0001,"SPE7M426T9831.PDF, CLIN table",,unpriced,
SPE7M526T008Q,0001,7015892596,0001,EA,7.0,5985-01-187-4995,False,DIBBS|SPE7M526T008Q|CLIN0001,"SPE7M526T008Q.PDF, CLIN table",4405.71,"exact-NSN history, most recent award",30839.97
SPE7M526T008Q,0002,0000000000,,EA,1.0,0001S00000053,True,DIBBS|SPE7M526T008Q|CLIN0002,"SPE7M526T008Q.PDF, CLIN table",,,
SPE7M526T105L,0001,7015697190,0001,EA,12.0,5985-01-112-0455,False,DIBBS|SPE7M526T105L|CLIN0001,"SPE7M526T105L.PDF, CLIN table",1095.58,"exact-NSN history, most recent award",13146.96
SPE7M526T105L,0002,0000000000,,EA,1.0,0001S00000052,True,DIBBS|SPE7M526T105L|CLIN0002,"SPE7M526T105L.PDF, CLIN table",,,
SPE7M526T114W,0001,7015891902,0001,EA,14.0,5930-00-679-3983,False,DIBBS|SPE7M526T114W|CLIN0001,"SPE7M526T114W.PDF, CLIN table",575.0,"exact-NSN history, most recent award",8050.0
SPE7M526T118T,0001,7015893643,0001,EA,13.0,5930-01-369-5169,False,DIBBS|SPE7M526T118T|CLIN0001,"SPE7M526T118T.PDF, CLIN table",2305.12,"exact-NSN history, most recent award",29966.559999999998
SPE7M526T118T,0002,0000000000,,EA,1.0,0001S00000052,True,DIBBS|SPE7M526T118T|CLIN0002,"SPE7M526T118T.PDF, CLIN table",,,
SPE7M526T153L,0001,7016691287,0001,EA,3.0,5985-01-112-0455,False,DIBBS|SPE7M526T153L|CLIN0001,"SPE7M526T153L.PDF, CLIN table",1095.58,"exact-NSN history, most recent award",3286.74
SPE7M526T153L,0002,0000000000,,EA,1.0,0001S00000052,True,DIBBS|SPE7M526T153L|CLIN0002,"SPE7M526T153L.PDF, CLIN table",,,
SPE7M526T195X,0001,7016888807,0001,EA,50.0,5930-00-270-3028,False,DIBBS|SPE7M526T195X|CLIN0001,"SPE7M526T195X.PDF, CLIN table",455.95,"exact-NSN history, most recent award",22797.5
SPE7M526T195X,0002,0000000000,,EA,1.0,0001S00000053,True,DIBBS|SPE7M526T195X|CLIN0002,"SPE7M526T195X.PDF, CLIN table",,,
SPE7M526T301T,0001,7017047065,0001,EA,28.0,5999-01-311-7311,False,DIBBS|SPE7M526T301T|CLIN0001,"SPE7M526T301T.PDF, CLIN table",471.19,"exact-NSN history, most recent award",13193.32
SPE7M526T406B,0001,7014850620,0001,EA,1.0,6110-01-367-8226,False,DIBBS|SPE7M526T406B|CLIN0001,"SPE7M526T406B.PDF, CLIN table",1727.0,"exact-NSN history, most recent award",1727.0
SPE7M526T406B,0002,7014850621,0001,EA,1.0,6110-01-367-8226,False,DIBBS|SPE7M526T406B|CLIN0002,"SPE7M526T406B.PDF, CLIN table",1727.0,"exact-NSN history, most recent award",1727.0
SPE7M526T406B,0003,0000000000,,EA,1.0,0001S00000053,True,DIBBS|SPE7M526T406B|CLIN0003,"SPE7M526T406B.PDF, CLIN table",,,
SPE7M526T454A,0001,7009463281,0001,EA,40.0,5999-01-327-2231,False,DIBBS|SPE7M526T454A|CLIN0001,"SPE7M526T454A.PDF, CLIN table",217.97,"exact-NSN history, most recent award",8718.8
SPE7M526T454A,0002,0000000000,,EA,1.0,S00000061,True,DIBBS|SPE7M526T454A|CLIN0002,"SPE7M526T454A.PDF, CLIN table",,,
SPE7M526T477J,0001,7018272319,0001,EA,4.0,5985-00-788-6961,False,DIBBS|SPE7M526T477J|CLIN0001,"SPE7M526T477J.PDF, CLIN table",2744.0,"exact-NSN history, most recent award",10976.0
SPE7M526T477J,0002,0000000000,,EA,1.0,0001S00000053,True,DIBBS|SPE7M526T477J|CLIN0002,"SPE7M526T477J.PDF, CLIN table",,,
SPE7M526T513R,0001,7018376993,0001,EA,1.0,5985-01-649-2547,False,DIBBS|SPE7M526T513R|CLIN0001,"SPE7M526T513R.PDF, CLIN table",1102.68,"exact-NSN history, most recent award",1102.68
SPE7M526T516C,0001,7018274672,0001,EA,48.0,5930-00-270-3028,False,DIBBS|SPE7M526T516C|CLIN0001,"SPE7M526T516C.PDF, CLIN table",455.95,"exact-NSN history, most recent award",21885.6
SPE7M526T516C,0002,0000000000,,EA,1.0,0001S00000053,True,DIBBS|SPE7M526T516C|CLIN0002,"SPE7M526T516C.PDF, CLIN table",,,
SPE7M526T525B,0001,7018495190,0001,EA,33.0,5999-00-935-2312,False,DIBBS|SPE7M526T525B|CLIN0001,"SPE7M526T525B.PDF, CLIN table",1419.0,"exact-NSN history, most recent award",46827.0
SPE7M526T525B,0002,0000000000,,EA,1.0,0001S00000053,True,DIBBS|SPE7M526T525B|CLIN0002,"SPE7M526T525B.PDF, CLIN table",,,
SPE7M826T1719,0001,7014130777,0001,EA,3.0,6110-01-719-0093,False,DIBBS|SPE7M826T1719|CLIN0001,"SPE7M826T1719.PDF, CLIN table",,unpriced,
SPE7M826T2223,0001,7007469818,0001,EA,2.0,5930-01-473-8375,False,DIBBS|SPE7M826T2223|CLIN0001,"SPE7M826T2223.PDF, CLIN table",8765.72,"exact-NSN history, most recent award",17531.44
SPE7M826T2502,0001,7008951871,0001,EA,5.0,5930-01-021-6318,False,DIBBS|SPE7M826T2502|CLIN0001,"SPE7M826T2502.PDF, CLIN table",10.32,"exact-NSN history, most recent award",51.6
SPE7M826T2579,0001,7005516269,0001,EA,13.0,5930-01-257-5860,False,DIBBS|SPE7M826T2579|CLIN0001,"SPE7M826T2579.PDF, CLIN table",485.0,"exact-NSN history, most recent award",6305.0
SPE7M826T3090,0001,7016182674,0001,EA,1.0,5930-01-586-5969,False,DIBBS|SPE7M826T3090|CLIN0001,"SPE7M826T3090.PDF, CLIN table",,unpriced,
SPE7M826T3207,0001,7016267630,0001,EA,11.0,5930-01-485-9295,False,DIBBS|SPE7M826T3207|CLIN0001,"SPE7M826T3207.PDF, CLIN table",,unpriced,
SPE7M826T3277,0001,7013007963,0001,EA,10.0,5930-01-209-6632,False,DIBBS|SPE7M826T3277|CLIN0001,"SPE7M826T3277.PDF, CLIN table",,unpriced,
SPE7M826T3632,0001,7015602426,0001,EA,8.0,5930-01-196-4367,False,DIBBS|SPE7M826T3632|CLIN0001,"SPE7M826T3632.PDF, CLIN table",2096.05,"exact-NSN history, most recent award",16768.4
SPE7M826T3632,0002,0000000000,,EA,1.0,S00000061,True,DIBBS|SPE7M826T3632|CLIN0002,"SPE7M826T3632.PDF, CLIN table",,,
SPE7M826T3980,0001,7015162664,0001,EA,1.0,5930-01-586-5969,False,DIBBS|SPE7M826T3980|CLIN0001,"SPE7M826T3980.PDF, CLIN table",,unpriced,
SPE7M826T4052,0001,7016689617,0001,EA,130.0,5930-01-183-6757,False,DIBBS|SPE7M826T4052|CLIN0001,"SPE7M826T4052.PDF, CLIN table",47.22,"exact-NSN history, most recent award",6138.599999999999
SPE7M826T4052,0002,0000000000,,EA,1.0,0001S00000053,True,DIBBS|SPE7M826T4052|CLIN0002,"SPE7M826T4052.PDF, CLIN table",,,
SPE7M826T4073,0001,7014130960,0001,EA,4.0,5930-01-718-8967,False,DIBBS|SPE7M826T4073|CLIN0001,"SPE7M826T4073.PDF, CLIN table",,unpriced,
SPE7M826T4087,0001,7016687117,0001,EA,14.0,5930-00-927-6723,False,DIBBS|SPE7M826T4087|CLIN0001,"SPE7M826T4087.PDF, CLIN table",3491.2,"exact-NSN history, most recent award",48876.799999999996
SPE7M826T4087,0002,0000000000,,EA,1.0,0001S00000052,True,DIBBS|SPE7M826T4087|CLIN0002,"SPE7M826T4087.PDF, CLIN table",,,
SPE7M826T4455,0001,7013986782,0001,EA,4.0,5930-01-263-5021,False,DIBBS|SPE7M826T4455|CLIN0001,"SPE7M826T4455.PDF, CLIN table",421.0,"exact-NSN history, most recent award",1684.0
SPE7M826T4455,0002,0000000000,,EA,1.0,0001S00000053,True,DIBBS|SPE7M826T4455|CLIN0002,"SPE7M826T4455.PDF, CLIN table",,,
SPE7M826T4535,0001,7016090864,0001,EA,2.0,5930-01-570-7751,False,DIBBS|SPE7M826T4535|CLIN0001,"SPE7M826T4535.PDF, CLIN table",17230.0,"exact-NSN history, most recent award",34460.0
SPE7M826T4535,0002,0000000000,,EA,1.0,0001S00000052,True,DIBBS|SPE7M826T4535|CLIN0002,"SPE7M826T4535.PDF, CLIN table",,,
SPE7M826T4741,0001,7017049256,0001,EA,3.0,5930-01-183-6757,False,DIBBS|SPE7M826T4741|CLIN0001,"SPE7M826T4741.PDF, CLIN table",48.66,"exact-NSN history, most recent award",145.98
SPE7M826T4741,0002,7017049256,0002,EA,557.0,5930-01-183-6757,False,DIBBS|SPE7M826T4741|CLIN0002,"SPE7M826T4741.PDF, CLIN table",48.66,"exact-NSN history, most recent award",27103.62
SPE7M826T4741,0003,0000000000,,EA,1.0,0001S00000053,True,DIBBS|SPE7M826T4741|CLIN0003,"SPE7M826T4741.PDF, CLIN table",,,
SPE7M826T4840,0001,7016735801,0001,EA,2.0,5930-01-737-0753,False,DIBBS|SPE7M826T4840|CLIN0001,"SPE7M826T4840.PDF, CLIN table",,unpriced,
SPE7M826T5130,0001,7017227229,0001,EA,621.0,5930-00-933-6815,False,DIBBS|SPE7M826T5130|CLIN0001,"SPE7M826T5130.PDF, CLIN table",41.2,"exact-NSN history, most recent award",25585.2
SPE7M826T5182,0001,7017383018,0001,EA,1.0,5930-01-454-0238,False,DIBBS|SPE7M826T5182|CLIN0001,"SPE7M826T5182.PDF, CLIN table",,unpriced,
SPE7M826T5225,0001,7017411156,0001,EA,1.0,5930-01-194-8584,False,DIBBS|SPE7M826T5225|CLIN0001,"SPE7M826T5225.PDF, CLIN table",2320.5,"exact-NSN history, most recent award",2320.5
SPE7M826T5225,0002,0000000000,,EA,1.0,S00000061,True,DIBBS|SPE7M826T5225|CLIN0002,"SPE7M826T5225.PDF, CLIN table",,,
SPE7M826T5284,0001,7017441448,0001,EA,2.0,5930-00-412-8582,False,DIBBS|SPE7M826T5284|CLIN0001,"SPE7M826T5284.PDF, CLIN table",2200.0,"exact-NSN history, most recent award",4400.0
SPE7M826T5500,0001,7008310126,0001,EA,63.0,5930-01-438-5827,False,DIBBS|SPE7M826T5500|CLIN0001,"SPE7M826T5500.PDF, CLIN table",1578.26,"exact-NSN history, most recent award",99430.38
SPE7M826T5579,0001,7017589341,0001,EA,1.0,5930-01-194-8584,False,DIBBS|SPE7M826T5579|CLIN0001,"SPE7M826T5579.PDF, CLIN table",5000.0,"exact-NSN history, most recent award",5000.0
SPE7M826T5579,0002,0000000000,,EA,1.0,S00000061,True,DIBBS|SPE7M826T5579|CLIN0002,"SPE7M826T5579.PDF, CLIN table",,,
SPE7M826T5686,0001,7017696810,0001,EA,3.0,5930-01-312-4172,False,DIBBS|SPE7M826T5686|CLIN0001,"SPE7M826T5686.PDF, CLIN table",4750.0,"exact-NSN history, most recent award",14250.0
SPE7M826T5716,0001,7017039909,0001,EA,5.0,5930-01-536-3060,False,DIBBS|SPE7M826T5716|CLIN0001,"SPE7M826T5716.PDF, CLIN table",3623.0,"exact-NSN history, most recent award",18115.0
SPE7M826T5716,0002,0000000000,,EA,1.0,0001S00000052,True,DIBBS|SPE7M826T5716|CLIN0002,"SPE7M826T5716.PDF, CLIN table",,,
SPE7M826T5819,0001,7017775500,0001,EA,2.0,5930-01-567-2470,False,DIBBS|SPE7M826T5819|CLIN0001,"SPE7M826T5819.PDF, CLIN table",575.0,"exact-NSN history, most recent award",1150.0
SPE7M826T5819,0002,0000000000,,EA,1.0,0001S00000053,True,DIBBS|SPE7M826T5819|CLIN0002,"SPE7M826T5819.PDF, CLIN table",,,
SPE7M826T5897,0001,7017779374,0001,EA,236.0,5930-00-796-8845,False,DIBBS|SPE7M826T5897|CLIN0001,"SPE7M826T5897.PDF, CLIN table",69.85,"exact-NSN history, most recent award",16484.6
SPE7M826T5897,0002,0000000000,,EA,1.0,0001S00000053,True,DIBBS|SPE7M826T5897|CLIN0002,"SPE7M826T5897.PDF, CLIN table",,,
SPE7M826T5901,0001,7017778498,0001,EA,43.0,5930-01-316-8991,False,DIBBS|SPE7M826T5901|CLIN0001,"SPE7M826T5901.PDF, CLIN table",901.47,"exact-NSN history, most recent award",38763.21
SPE7M826T5901,0002,0000000000,,EA,1.0,0001S00000052,True,DIBBS|SPE7M826T5901|CLIN0002,"SPE7M826T5901.PDF, CLIN table",,,
SPE7M826T5908,0001,7017608424,0001,EA,1.0,5930-01-367-8616,False,DIBBS|SPE7M826T5908|CLIN0001,"SPE7M826T5908.PDF, CLIN table",1.48,"exact-NSN history, most recent award",1.48
SPE7M826T5948,0001,7017438062,0001,EA,54.0,5930-01-174-6031,False,DIBBS|SPE7M826T5948|CLIN0001,"SPE7M826T5948.PDF, CLIN table",1200.0,"exact-NSN history, most recent award",64800.0
SPE7M826T5948,0002,0000000000,,EA,1.0,0001S00000052,True,DIBBS|SPE7M826T5948|CLIN0002,"SPE7M826T5948.PDF, CLIN table",,,
SPE7M826T6013,0001,7011801548,0001,EA,34.0,5930-00-755-0761,False,DIBBS|SPE7M826T6013|CLIN0001,"SPE7M826T6013.PDF, CLIN table",26.32,"exact-NSN history, most recent award",894.88
SPE7M826T6053,0001,7005359768,0001,AY,11.0,5930-01-633-5271,False,DIBBS|SPE7M826T6053|CLIN0001,"SPE7M826T6053.PDF, CLIN table",,unpriced,
SPE7M826T6153,0001,7017986441,0001,EA,36.0,5930-01-098-3248,False,DIBBS|SPE7M826T6153|CLIN0001,"SPE7M826T6153.PDF, CLIN table",576.03,"exact-NSN history, most recent award",20737.079999999998
SPE7M826T6229,0001,7009536231,0001,EA,11.0,5930-01-479-3244,False,DIBBS|SPE7M826T6229|CLIN0001,"SPE7M826T6229.PDF, CLIN table",,unpriced,
SPE7M826T6252,0001,7018038189,0001,EA,1.0,5930-00-903-0783,False,DIBBS|SPE7M826T6252|CLIN0001,"SPE7M826T6252.PDF, CLIN table",555.37,"exact-NSN history, most recent award",555.37
SPE7M826T6252,0002,0000000000,,EA,1.0,0001S00000053,True,DIBBS|SPE7M826T6252|CLIN0002,"SPE7M826T6252.PDF, CLIN table",,,
SPE7M826T6263,0001,7013879871,0001,EA,23.0,5930-01-324-2220,False,DIBBS|SPE7M826T6263|CLIN0001,"SPE7M826T6263.PDF, CLIN table",2236.22,"exact-NSN history, most recent award",51433.06
SPE7M826T6273,0001,7014131236,0001,EA,13.0,5930-01-721-7844,False,DIBBS|SPE7M826T6273|CLIN0001,"SPE7M826T6273.PDF, CLIN table",,unpriced,
SPE7M826T6329,0001,7009278723,0001,EA,8.0,5930-01-028-1953,False,DIBBS|SPE7M826T6329|CLIN0001,"SPE7M826T6329.PDF, CLIN table",60.49,"exact-NSN history, most recent award",483.92
SPE7M826T6349,0001,7012919075,0001,EA,2.0,5930-01-722-1508,False,DIBBS|SPE7M826T6349|CLIN0001,"SPE7M826T6349.PDF, CLIN table",,unpriced,
SPE7M826T6356,0001,7018068526,0001,EA,5.0,5930-01-312-4172,False,DIBBS|SPE7M826T6356|CLIN0001,"SPE7M826T6356.PDF, CLIN table",4500.0,"exact-NSN history, most recent award",22500.0
SPE7M826T6381,0001,7017986516,0001,EA,35.0,5930-01-266-0616,False,DIBBS|SPE7M826T6381|CLIN0001,"SPE7M826T6381.PDF, CLIN table",1176.4,"exact-NSN history, most recent award",41174.0
SPE7M826T6395,0001,7018016569,0001,EA,1.0,5930-01-481-9042,False,DIBBS|SPE7M826T6395|CLIN0001,"SPE7M826T6395.PDF, CLIN table",126.71,"exact-NSN history, most recent award",126.71
SPE7M826T6408,0001,7017984458,0001,EA,42.0,5930-00-538-6124,False,DIBBS|SPE7M826T6408|CLIN0001,"SPE7M826T6408.PDF, CLIN table",1100.0,"exact-NSN history, most recent award",46200.0
SPE7M826T6451,0001,7013820782,0001,EA,1.0,5930-01-663-9130,False,DIBBS|SPE7M826T6451|CLIN0001,"SPE7M826T6451.PDF, CLIN table",4950.5,"exact-NSN history, most recent award",4950.5
SPE7M826T6534,0001,7018271326,0001,EA,244.0,5930-01-148-8874,False,DIBBS|SPE7M826T6534|CLIN0001,"SPE7M826T6534.PDF, CLIN table",175.0,"exact-NSN history, most recent award",42700.0
SPE7M826T6534,0002,0000000000,,EA,1.0,0001S00000053,True,DIBBS|SPE7M826T6534|CLIN0002,"SPE7M826T6534.PDF, CLIN table",,,
SPE7M826T6635,0001,7018270595,0001,EA,8.0,5930-01-567-2470,False,DIBBS|SPE7M826T6635|CLIN0001,"SPE7M826T6635.PDF, CLIN table",575.0,"exact-NSN history, most recent award",4600.0
SPE7M826T6635,0002,0000000000,,EA,1.0,0001S00000053,True,DIBBS|SPE7M826T6635|CLIN0002,"SPE7M826T6635.PDF, CLIN table",,,
SPE7M826T6640,0001,7018274773,0001,EA,20.0,5930-01-167-4606,False,DIBBS|SPE7M826T6640|CLIN0001,"SPE7M826T6640.PDF, CLIN table",647.0,"exact-NSN history, most recent award",12940.0
SPE7M826T6640,0002,0000000000,,EA,1.0,0001S00000053,True,DIBBS|SPE7M826T6640|CLIN0002,"SPE7M826T6640.PDF, CLIN table",,,
SPE7M826T6649,0001,7016095042,0001,EA,1.0,5930-01-722-1508,False,DIBBS|SPE7M826T6649|CLIN0001,"SPE7M826T6649.PDF, CLIN table",,unpriced,
SPE7M826T6662,0001,7018273074,0001,EA,210.0,5930-01-452-9533,False,DIBBS|SPE7M826T6662|CLIN0001,"SPE7M826T6662.PDF, CLIN table",1250.0,"exact-NSN history, most recent award",262500.0
SPE7M826T6662,0002,0000000000,,EA,1.0,0001S00000053,True,DIBBS|SPE7M826T6662|CLIN0002,"SPE7M826T6662.PDF, CLIN table",,,
SPE7M826T6677,0001,7018340673,0001,EA,2.0,5930-01-144-4940,False,DIBBS|SPE7M826T6677|CLIN0001,"SPE7M826T6677.PDF, CLIN table",625.9,"exact-NSN history, most recent award",1251.8
SPE7M826T6719,0001,7018379573,0001,EA,2.0,5930-01-369-9000,False,DIBBS|SPE7M826T6719|CLIN0001,"SPE7M826T6719.PDF, CLIN table",397.55,"exact-NSN history, most recent award",795.1
SPE7M826T6729,0001,7018378479,0001,EA,54.0,5930-01-531-5956,False,DIBBS|SPE7M826T6729|CLIN0001,"SPE7M826T6729.PDF, CLIN table",649.98,"exact-NSN history, most recent award",35098.92
SPE7M826T6747,0001,7018269366,0001,EA,20.0,5930-01-316-6710,False,DIBBS|SPE7M826T6747|CLIN0001,"SPE7M826T6747.PDF, CLIN table",944.0,"exact-NSN history, most recent award",18880.0
SPE7M826T6747,0002,0000000000,,EA,1.0,0001S00000052,True,DIBBS|SPE7M826T6747|CLIN0002,"SPE7M826T6747.PDF, CLIN table",,,
SPE7M826T6766,0001,7018271698,0001,EA,49.0,5930-01-098-3248,False,DIBBS|SPE7M826T6766|CLIN0001,"SPE7M826T6766.PDF, CLIN table",576.03,"exact-NSN history, most recent award",28225.469999999998
SPE7M826T6768,0001,7014264874,0001,EA,58.0,5930-01-169-3099,False,DIBBS|SPE7M826T6768|CLIN0001,"SPE7M826T6768.PDF, CLIN table",729.7,"exact-NSN history, most recent award",42322.600000000006
SPE7M826T6768,0002,0000000000,,EA,1.0,S00000061,True,DIBBS|SPE7M826T6768|CLIN0002,"SPE7M826T6768.PDF, CLIN table",,,
SPE7M826T6773,0001,7018269025,0001,EA,25.0,5930-01-681-3528,False,DIBBS|SPE7M826T6773|CLIN0001,"SPE7M826T6773.PDF, CLIN table",,unpriced,
SPE7M826T6777,0001,7018064073,0001,EA,2.0,5930-01-681-3528,False,DIBBS|SPE7M826T6777|CLIN0001,"SPE7M826T6777.PDF, CLIN table",,unpriced,
SPE7M826T6864,0001,7018498362,0001,EA,1.0,5930-01-570-7751,False,DIBBS|SPE7M826T6864|CLIN0001,"SPE7M826T6864.PDF, CLIN table",17230.0,"exact-NSN history, most recent award",17230.0
SPE7M826T6864,0002,0000000000,,EA,1.0,0001S00000052,True,DIBBS|SPE7M826T6864|CLIN0002,"SPE7M826T6864.PDF, CLIN table",,,
SPE7M826T6879,0001,7018498369,0001,EA,6.0,5930-01-571-3507,False,DIBBS|SPE7M826T6879|CLIN0001,"SPE7M826T6879.PDF, CLIN table",2310.25,"exact-NSN history, most recent award",13861.5
SPE7M826T6883,0001,7018497527,0001,EA,17.0,5930-01-479-3244,False,DIBBS|SPE7M826T6883|CLIN0001,"SPE7M826T6883.PDF, CLIN table",,unpriced,
SPE7M826T6890,0001,7018498550,0001,EA,21.0,5930-00-538-6124,False,DIBBS|SPE7M826T6890|CLIN0001,"SPE7M826T6890.PDF, CLIN table",1100.0,"exact-NSN history, most recent award",23100.0
SPE7M826T6916,0001,7005354215,0001,EA,19.0,5930-01-577-5673,False,DIBBS|SPE7M826T6916|CLIN0001,"SPE7M826T6916.PDF, CLIN table",119.55,"exact-NSN history, most recent award",2271.45
SPE7M826T6916,0002,0000000000,,EA,1.0,0001S00000053,True,DIBBS|SPE7M826T6916|CLIN0002,"SPE7M826T6916.PDF, CLIN table",,,
SPE7M826T6928,0001,7017778497,0001,EA,76.0,5930-01-316-8989,False,DIBBS|SPE7M826T6928|CLIN0001,"SPE7M826T6928.PDF, CLIN table",972.5,"exact-NSN history, most recent award",73910.0
SPE7M826T6928,0002,0000000000,,EA,1.0,0001S00000052,True,DIBBS|SPE7M826T6928|CLIN0002,"SPE7M826T6928.PDF, CLIN table",,,
SPE7M826T6930,0001,7011382744,0001,EA,5.0,5930-00-328-9330,False,DIBBS|SPE7M826T6930|CLIN0001,"SPE7M826T6930.PDF, CLIN table",514.03,"exact-NSN history, most recent award",2570.1499999999996
SPE7M826T6939,0001,7018271883,0001,EA,12.0,5930-01-516-5996,False,DIBBS|SPE7M826T6939|CLIN0001,"SPE7M826T6939.PDF, CLIN table",7120.0,"exact-NSN history, most recent award",85440.0
SPE7M826T6948,0001,7018270628,0001,EA,51.0,5930-01-277-0087,False,DIBBS|SPE7M826T6948|CLIN0001,"SPE7M826T6948.PDF, CLIN table",883.51,"exact-NSN history, most recent award",45059.01
SPE7M826T6956,0001,7018494633,0001,EA,8.0,5930-01-567-2470,False,DIBBS|SPE7M826T6956|CLIN0001,"SPE7M826T6956.PDF, CLIN table",575.0,"exact-NSN history, most recent award",4600.0
SPE7M826T6956,0002,0000000000,,EA,1.0,0001S00000053,True,DIBBS|SPE7M826T6956|CLIN0002,"SPE7M826T6956.PDF, CLIN table",,,
SPE7MC26T136C,0001,7017425359,0001,EA,1.0,4810-01-660-0126,False,DIBBS|SPE7MC26T136C|CLIN0001,"SPE7MC26T136C.PDF, CLIN table",,unpriced,
SPE7MC26T7272,0001,7016089223,0001,EA,9.0,4810-01-705-8611,False,DIBBS|SPE7MC26T7272|CLIN0001,"SPE7MC26T7272.PDF, CLIN table",7031.78,"exact-NSN history, most recent award",63286.02
SPE8E426T1466,0001,7015773192,0001,EA,1.0,9515-01-702-1341,False,DIBBS|SPE8E426T1466|CLIN0001,"SPE8E426T1466.PDF, CLIN table",,unpriced,
SPE8E426T1487,0001,7015990322,0001,PM,10.0,9515-01-435-1763,False,DIBBS|SPE8E426T1487|CLIN0001,"SPE8E426T1487.PDF, CLIN table",625.0,"exact-NSN history, most recent award",6250.0
SPE8E426T1608,0001,7016564785,0001,SH,24.0,9535-01-353-5538,False,DIBBS|SPE8E426T1608|CLIN0001,"SPE8E426T1608.PDF, CLIN table",99.0,"exact-NSN history, most recent award",2376.0
SPE8E426T1620,0001,7016768687,0001,PM,22.0,9535-01-309-7184,False,DIBBS|SPE8E426T1620|CLIN0001,"SPE8E426T1620.PDF, CLIN table",148.95,"exact-NSN history, most recent award",3276.8999999999996
SPE8E426T1707,0001,7016179644,0001,PM,6.0,9515-00-224-3093,False,DIBBS|SPE8E426T1707|CLIN0001,"SPE8E426T1707.PDF, CLIN table",3569.0,"exact-NSN history, most recent award",21414.0
SPE8E426T1759,0001,7017123083,0001,PM,7.0,9515-00-224-3090,False,DIBBS|SPE8E426T1759|CLIN0001,"SPE8E426T1759.PDF, CLIN table",2740.0,"exact-NSN history, most recent award",19180.0
SPE8E426T1766,0001,7017122049,0001,EA,3.0,9515-01-388-2361,False,DIBBS|SPE8E426T1766|CLIN0001,"SPE8E426T1766.PDF, CLIN table",2690.0,"exact-NSN history, most recent award",8070.0
SPE8E426T1781,0001,7015990401,0001,EA,7.0,9515-01-474-3077,False,DIBBS|SPE8E426T1781|CLIN0001,"SPE8E426T1781.PDF, CLIN table",2767.0,"exact-NSN history, most recent award",19369.0
SPE8E426T1791,0001,7017122655,0001,PM,22.0,9535-00-596-2008,False,DIBBS|SPE8E426T1791|CLIN0001,"SPE8E426T1791.PDF, CLIN table",864.0,"exact-NSN history, most recent award",19008.0
SPE8E426T1840,0001,7016157433,0001,EA,1.0,9515-01-519-0953,False,DIBBS|SPE8E426T1840|CLIN0001,"SPE8E426T1840.PDF, CLIN table",1645.0,"exact-NSN history, most recent award",1645.0
SPE8E426T1842,0001,7016179945,0001,EA,17.0,9515-01-147-5830,False,DIBBS|SPE8E426T1842|CLIN0001,"SPE8E426T1842.PDF, CLIN table",292.0,"exact-NSN history, most recent award",4964.0
SPE8E426T1842,0002,0000000000,,EA,1.0,0001S00000053,True,DIBBS|SPE8E426T1842|CLIN0002,"SPE8E426T1842.PDF, CLIN table",,,
SPE8E426T1918,0001,7017585148,0001,PM,11.0,9535-01-012-3426,False,DIBBS|SPE8E426T1918|CLIN0001,"SPE8E426T1918.PDF, CLIN table",2469.73,"exact-NSN history, most recent award",27167.03
SPE8E426T1936,0001,7016178423,0001,EA,4.0,9515-01-268-3376,False,DIBBS|SPE8E426T1936|CLIN0001,"SPE8E426T1936.PDF, CLIN table",4853.59,"exact-NSN history, most recent award",19414.36
SPE8E426T1936,0002,0000000000,,EA,1.0,0001S00000053,True,DIBBS|SPE8E426T1936|CLIN0002,"SPE8E426T1936.PDF, CLIN table",,,
SPE8E426T1942,0001,7017758629,0001,PM,2.0,9535-00-003-6946,False,DIBBS|SPE8E426T1942|CLIN0001,"SPE8E426T1942.PDF, CLIN table",10584.0,"exact-NSN history, most recent award",21168.0
SPE8E426T2024,0001,7016566605,0001,PM,22.0,9515-00-233-6266,False,DIBBS|SPE8E426T2024|CLIN0001,"SPE8E426T2024.PDF, CLIN table",398.0,"exact-NSN history, most recent award",8756.0
SPE8E426T2038,0001,7017758404,0001,PM,15.0,9535-01-013-4079,False,DIBBS|SPE8E426T2038|CLIN0001,"SPE8E426T2038.PDF, CLIN table",2257.92,"exact-NSN history, most recent award",33868.8
SPE8E426T2083,0001,7017422259,0001,PM,45.0,9515-00-153-3236,False,DIBBS|SPE8E426T2083|CLIN0001,"SPE8E426T2083.PDF, CLIN table",1390.0,"exact-NSN history, most recent award",62550.0
SPE8E426T2126,0001,7017757179,0001,PM,5.0,9535-00-242-8611,False,DIBBS|SPE8E426T2126|CLIN0001,"SPE8E426T2126.PDF, CLIN table",1581.85,"exact-NSN history, most recent award",7909.25
SPE8E426T2171,0001,7017963950,0001,PM,2.0,9515-00-204-4621,False,DIBBS|SPE8E426T2171|CLIN0001,"SPE8E426T2171.PDF, CLIN table",7188.24,"exact-NSN history, most recent award",14376.48
SPE8E426T2174,0001,7016376235,0001,PM,3.0,9515-00-001-3322,False,DIBBS|SPE8E426T2174|CLIN0001,"SPE8E426T2174.PDF, CLIN table",5500.0,"exact-NSN history, most recent award",16500.0
SPE8E426T2190,0001,7016376521,0001,PM,4.0,9515-01-350-5319,False,DIBBS|SPE8E426T2190|CLIN0001,"SPE8E426T2190.PDF, CLIN table",9882.95,"exact-NSN history, most recent award",39531.8
SPE8E426T2191,0001,7017585614,0001,PM,2.0,9535-00-223-1872,False,DIBBS|SPE8E426T2191|CLIN0001,"SPE8E426T2191.PDF, CLIN table",4525.0,"exact-NSN history, most recent award",9050.0
SPE8E426T2205,0001,7018161358,0001,PM,4.0,9535-00-824-5340,False,DIBBS|SPE8E426T2205|CLIN0001,"SPE8E426T2205.PDF, CLIN table",4688.44,"exact-NSN history, most recent award",18753.76
SPE8E426T2206,0001,7018160222,0001,PM,3.0,9535-00-053-1851,False,DIBBS|SPE8E426T2206|CLIN0001,"SPE8E426T2206.PDF, CLIN table",3166.1,"exact-NSN history, most recent award",9498.3
SPE8E426T2247,0001,7018161619,0001,PM,8.0,9535-01-013-4080,False,DIBBS|SPE8E426T2247|CLIN0001,"SPE8E426T2247.PDF, CLIN table",2079.5,"exact-NSN history, most recent award",16636.0
SPE8E426T2248,0001,7016768666,0001,PM,8.0,9515-00-596-2445,False,DIBBS|SPE8E426T2248|CLIN0001,"SPE8E426T2248.PDF, CLIN table",335.0,"exact-NSN history, most recent award",2680.0
SPE8E426T2249,0001,7016564739,0001,PM,1.0,9515-00-596-2445,False,DIBBS|SPE8E426T2249|CLIN0001,"SPE8E426T2249.PDF, CLIN table",335.0,"exact-NSN history, most recent award",335.0
SPE8E426T2249,0002,7016564739,0002,PM,10.0,9515-00-596-2445,False,DIBBS|SPE8E426T2249|CLIN0002,"SPE8E426T2249.PDF, CLIN table",335.0,"exact-NSN history, most recent award",3350.0
SPE8E426T2330,0001,7016565917,0001,PM,26.0,9515-00-229-0192,False,DIBBS|SPE8E426T2330|CLIN0001,"SPE8E426T2330.PDF, CLIN table",409.1,"exact-NSN history, most recent award",10636.6
SPE8E426T2335,0001,7016566549,0001,PM,6.0,9515-00-237-5339,False,DIBBS|SPE8E426T2335|CLIN0001,"SPE8E426T2335.PDF, CLIN table",6262.5,"exact-NSN history, most recent award",37575.0
SPE8E426T2343,0001,7016566597,0001,PM,6.0,9515-00-640-4919,False,DIBBS|SPE8E426T2343|CLIN0001,"SPE8E426T2343.PDF, CLIN table",884.26,"exact-NSN history, most recent award",5305.5599999999995
SPE8E426T2366,0001,7016565236,0001,PM,3.0,9515-01-010-2546,False,DIBBS|SPE8E426T2366|CLIN0001,"SPE8E426T2366.PDF, CLIN table",3759.0,"exact-NSN history, most recent award",11277.0
SPE8E526T2248,0001,7016178497,0001,EA,10.0,9340-00-830-1633,False,DIBBS|SPE8E526T2248|CLIN0001,"SPE8E526T2248.PDF, CLIN table",43.5,"exact-NSN history, most recent award",435.0
SPE8E526T2248,0002,0000000000,,EA,1.0,0001S00000053,True,DIBBS|SPE8E526T2248|CLIN0002,"SPE8E526T2248.PDF, CLIN table",,,
SPE8E526T2281,0001,7016179525,0001,EA,5.0,9330-01-442-4815,False,DIBBS|SPE8E526T2281|CLIN0001,"SPE8E526T2281.PDF, CLIN table",,unpriced,
SPE8E526T2551,0001,7016179075,0001,EA,136.0,9330-01-087-5074,False,DIBBS|SPE8E526T2551|CLIN0001,"SPE8E526T2551.PDF, CLIN table",26.75,"exact-NSN history, most recent award",3638.0
SPE8E526T2551,0002,0000000000,,EA,1.0,0001S00000052,True,DIBBS|SPE8E526T2551|CLIN0002,"SPE8E526T2551.PDF, CLIN table",,,
SPE8E526T2940,0001,7016566414,0001,EA,54.0,9340-00-417-0538,False,DIBBS|SPE8E526T2940|CLIN0001,"SPE8E526T2940.PDF, CLIN table",39.67,"exact-NSN history, most recent award",2142.1800000000003
SPE8E526T3224,0001,7017122576,0001,EA,46.0,9340-01-439-2377,False,DIBBS|SPE8E526T3224|CLIN0001,"SPE8E526T3224.PDF, CLIN table",2789.0,"exact-NSN history, most recent award",128294.0
SPE8E526T3224,0002,0000000000,,EA,1.0,0001S00000053,True,DIBBS|SPE8E526T3224|CLIN0002,"SPE8E526T3224.PDF, CLIN table",,,
SPE8E526T3361,0001,7017122748,0001,EA,190.0,9330-01-087-5074,False,DIBBS|SPE8E526T3361|CLIN0001,"SPE8E526T3361.PDF, CLIN table",26.75,"exact-NSN history, most recent award",5082.5
SPE8E526T3361,0002,0000000000,,EA,1.0,0001S00000052,True,DIBBS|SPE8E526T3361|CLIN0002,"SPE8E526T3361.PDF, CLIN table",,,
SPE8E526T3875,0001,7016179049,0001,EA,38.0,9340-00-688-8143,False,DIBBS|SPE8E526T3875|CLIN0001,"SPE8E526T3875.PDF, CLIN table",500.5,"exact-NSN history, most recent award",19019.0
SPE8E526T4024,0001,7017964092,0001,EA,10.0,9340-01-439-2377,False,DIBBS|SPE8E526T4024|CLIN0001,"SPE8E526T4024.PDF, CLIN table",2789.0,"exact-NSN history, most recent award",27890.0
SPE8E526T4024,0002,0000000000,,EA,1.0,0001S00000053,True,DIBBS|SPE8E526T4024|CLIN0002,"SPE8E526T4024.PDF, CLIN table",,,
SPE8E526T4185,0001,7018161337,0001,EA,32.0,9340-01-501-8597,False,DIBBS|SPE8E526T4185|CLIN0001,"SPE8E526T4185.PDF, CLIN table",110.0,"exact-NSN history, most recent award",3520.0
SPE8E526T4516,0001,7018560096,0001,EA,8.0,9340-00-417-0540,False,DIBBS|SPE8E526T4516|CLIN0001,"SPE8E526T4516.PDF, CLIN table",282.8,"exact-NSN history, most recent award",2262.4
SPE8E626T2266,0001,7016179429,0001,EA,62.0,9905-01-068-2368,False,DIBBS|SPE8E626T2266|CLIN0001,"SPE8E626T2266.PDF, CLIN table",,unpriced,
SPE8E626T2266,0002,0000000000,,EA,1.0,S00000062,True,DIBBS|SPE8E626T2266|CLIN0002,"SPE8E626T2266.PDF, CLIN table",,,
SPE8E626T2271,0001,7016180037,0001,EA,178.0,9905-01-129-0315,False,DIBBS|SPE8E626T2271|CLIN0001,"SPE8E626T2271.PDF, CLIN table",35.95,"exact-NSN history, most recent award",6399.1
SPE8E626T2394,0001,7016179377,0001,EA,100.0,9905-01-486-9099,False,DIBBS|SPE8E626T2394|CLIN0001,"SPE8E626T2394.PDF, CLIN table",40.0,"exact-NSN history, most recent award",4000.0
SPE8E626T2737,0001,7016555258,0001,EA,3.0,4240-01-568-9652,False,DIBBS|SPE8E626T2737|CLIN0001,"SPE8E626T2737.PDF, CLIN table",,unpriced,
SPE8E626T2978,0001,7016650150,0001,EA,40.0,9905-01-167-8085,False,DIBBS|SPE8E626T2978|CLIN0001,"SPE8E626T2978.PDF, CLIN table",6.0,"exact-NSN history, most recent award",240.0
SPE8E626T3036,0001,7016936808,0001,HD,46.0,9905-01-023-4226,False,DIBBS|SPE8E626T3036|CLIN0001,"SPE8E626T3036.PDF, CLIN table",21.95,"exact-NSN history, most recent award",1009.6999999999999
SPE8E626T3036,0002,7016936808,0002,HD,231.0,9905-01-023-4226,False,DIBBS|SPE8E626T3036|CLIN0002,"SPE8E626T3036.PDF, CLIN table",21.95,"exact-NSN history, most recent award",5070.45
SPE8E626T3071,0001,7016922640,0001,EA,75.0,9905-01-496-3749,False,DIBBS|SPE8E626T3071|CLIN0001,"SPE8E626T3071.PDF, CLIN table",5.95,"exact-NSN history, most recent award",446.25
SPE8E626T3417,0001,7016967139,0001,EA,7.0,4240-01-568-9652,False,DIBBS|SPE8E626T3417|CLIN0001,"SPE8E626T3417.PDF, CLIN table",,unpriced,
SPE8E626T3530,0001,7017276192,0001,EA,5.0,9905-00-137-2077,False,DIBBS|SPE8E626T3530|CLIN0001,"SPE8E626T3530.PDF, CLIN table",29.95,"exact-NSN history, most recent award",149.75
SPE8E626T3708,0001,7017422488,0001,EA,32.0,9905-01-490-6752,False,DIBBS|SPE8E626T3708|CLIN0001,"SPE8E626T3708.PDF, CLIN table",225.0,"exact-NSN history, most recent award",7200.0
SPE8E626T3724,0001,7017471450,0001,EA,1.0,9905-01-436-8526,False,DIBBS|SPE8E626T3724|CLIN0001,"SPE8E626T3724.PDF, CLIN table",250.0,"exact-NSN history, most recent award",250.0
SPE8E626T4106,0001,7016179631,0001,EA,171.0,4240-01-655-4858,False,DIBBS|SPE8E626T4106|CLIN0001,"SPE8E626T4106.PDF, CLIN table",250.0,"exact-NSN history, most recent award",42750.0
SPE8E626T4106,0002,0000000000,,EA,1.0,0001S00000053,True,DIBBS|SPE8E626T4106|CLIN0002,"SPE8E626T4106.PDF, CLIN table",,,
SPE8E626T4155,0001,7016668856,0001,EA,1.0,9905-01-729-5349,False,DIBBS|SPE8E626T4155|CLIN0001,"SPE8E626T4155.PDF, CLIN table",,unpriced,
SPE8E626T4212,0001,7017423150,0001,EA,48.0,9905-01-658-5657,False,DIBBS|SPE8E626T4212|CLIN0001,"SPE8E626T4212.PDF, CLIN table",,unpriced,
SPE8E626T4247,0001,7017873151,0001,EA,1.0,9905-01-436-8526,False,DIBBS|SPE8E626T4247|CLIN0001,"SPE8E626T4247.PDF, CLIN table",150.0,"exact-NSN history, most recent award",150.0
SPE8E626T4271,0001,7017923927,0001,EA,50.0,9905-00-781-5732,False,DIBBS|SPE8E626T4271|CLIN0001,"SPE8E626T4271.PDF, CLIN table",6.25,"exact-NSN history, most recent award",312.5
SPE8E626T4316,0001,7017964276,0001,EA,53.0,9905-01-254-4782,False,DIBBS|SPE8E626T4316|CLIN0001,"SPE8E626T4316.PDF, CLIN table",20.75,"exact-NSN history, most recent award",1099.75
SPE8E626T4343,0001,7018014347,0001,EA,20.0,9905-01-436-8526,False,DIBBS|SPE8E626T4343|CLIN0001,"SPE8E626T4343.PDF, CLIN table",150.0,"exact-NSN history, most recent award",3000.0
SPE8E626T4351,0001,7018016392,0001,EA,1.0,9905-01-708-6962,False,DIBBS|SPE8E626T4351|CLIN0001,"SPE8E626T4351.PDF, CLIN table",,unpriced,
SPE8E626T4359,0001,7018038124,0001,EA,1.0,9905-01-729-5349,False,DIBBS|SPE8E626T4359|CLIN0001,"SPE8E626T4359.PDF, CLIN table",,unpriced,
SPE8E626T4542,0001,7018161245,0001,EA,64.0,9905-01-490-6752,False,DIBBS|SPE8E626T4542|CLIN0001,"SPE8E626T4542.PDF, CLIN table",50.95,"exact-NSN history, most recent award",3260.8
SPE8E626T4718,0001,7018487299,0001,EA,30.0,9905-01-418-8323,False,DIBBS|SPE8E626T4718|CLIN0001,"SPE8E626T4718.PDF, CLIN table",9.95,"exact-NSN history, most recent award",298.5
SPE8E626T4728,0001,7018468439,0001,EA,1.0,9905-01-496-3743,False,DIBBS|SPE8E626T4728|CLIN0001,"SPE8E626T4728.PDF, CLIN table",120.0,"exact-NSN history, most recent award",120.0
SPE8E626T4746,0001,7018560178,0001,EA,2.0,9905-01-098-2214,False,DIBBS|SPE8E626T4746|CLIN0001,"SPE8E626T4746.PDF, CLIN table",90.0,"exact-NSN history, most recent award",180.0
SPE8E626T4760,0001,7018146326,0001,EA,16.0,9905-00-624-3415,False,DIBBS|SPE8E626T4760|CLIN0001,"SPE8E626T4760.PDF, CLIN table",225.0,"exact-NSN history, most recent award",3600.0
SPE8E626T4774,0001,7018560679,0001,EA,6.0,9905-01-068-2368,False,DIBBS|SPE8E626T4774|CLIN0001,"SPE8E626T4774.PDF, CLIN table",,unpriced,
SPE8E626T4774,0002,0000000000,,EA,1.0,S00000062,True,DIBBS|SPE8E626T4774|CLIN0002,"SPE8E626T4774.PDF, CLIN table",,,
SPE8E726T2421,0001,7016555301,0001,EA,1.0,6210-01-019-1289,False,DIBBS|SPE8E726T2421|CLIN0001,"SPE8E726T2421.PDF, CLIN table",1785.0,"exact-NSN history, most recent award",1785.0
SPE8E726T2496,0001,7016564741,0001,EA,51.0,6220-01-316-4619,False,DIBBS|SPE8E726T2496|CLIN0001,"SPE8E726T2496.PDF, CLIN table",84.96,"exact-NSN history, most recent award",4332.96
SPE8E726T2517,0001,7016565358,0001,EA,33.0,6220-01-586-4043,False,DIBBS|SPE8E726T2517|CLIN0001,"SPE8E726T2517.PDF, CLIN table",5871.75,"exact-NSN history, most recent award",193767.75
SPE8E726T2517,0002,0000000000,,EA,1.0,0001S00000052,True,DIBBS|SPE8E726T2517|CLIN0002,"SPE8E726T2517.PDF, CLIN table",,,
SPE8E726T2642,0001,7016779109,0001,EA,12.0,6220-01-646-5501,False,DIBBS|SPE8E726T2642|CLIN0001,"SPE8E726T2642.PDF, CLIN table",2948.0,"exact-NSN history, most recent award",35376.0
SPE8E726T2642,0002,0000000000,,EA,1.0,0001S00000052,True,DIBBS|SPE8E726T2642|CLIN0002,"SPE8E726T2642.PDF, CLIN table",,,
SPE8E726T2804,0001,7016966685,0001,EA,2.0,6240-01-666-2543,False,DIBBS|SPE8E726T2804|CLIN0001,"SPE8E726T2804.PDF, CLIN table",,unpriced,
SPE8E726T2804,0002,7016966678,0001,EA,2.0,6240-01-666-2543,False,DIBBS|SPE8E726T2804|CLIN0002,"SPE8E726T2804.PDF, CLIN table",,unpriced,
SPE8E726T2817,0001,7016967103,0001,EA,12.0,6210-01-099-6583,False,DIBBS|SPE8E726T2817|CLIN0001,"SPE8E726T2817.PDF, CLIN table",60.79,"exact-NSN history, most recent award",729.48
SPE8E726T2920,0001,7017123329,0001,EA,70.0,6210-01-255-5069,False,DIBBS|SPE8E726T2920|CLIN0001,"SPE8E726T2920.PDF, CLIN table",46.77,"exact-NSN history, most recent award",3273.9
SPE8E726T2943,0001,7017122098,0001,EA,5.0,6210-01-384-2292,False,DIBBS|SPE8E726T2943|CLIN0001,"SPE8E726T2943.PDF, CLIN table",125.0,"exact-NSN history, most recent award",625.0
SPE8E726T3034,0001,7016937683,0001,EA,133.0,6220-01-661-4029,False,DIBBS|SPE8E726T3034|CLIN0001,"SPE8E726T3034.PDF, CLIN table",19.7,"exact-NSN history, most recent award",2620.1
SPE8E726T3241,0001,7017276986,0001,EA,2.0,6210-00-519-1581,False,DIBBS|SPE8E726T3241|CLIN0001,"SPE8E726T3241.PDF, CLIN table",55.0,"exact-NSN history, most recent award",110.0
SPE8E726T3356,0001,7017422825,0001,EA,10.0,6210-01-384-2292,False,DIBBS|SPE8E726T3356|CLIN0001,"SPE8E726T3356.PDF, CLIN table",125.0,"exact-NSN history, most recent award",1250.0
SPE8E726T3572,0001,7017116854,0001,EA,1.0,6210-01-529-4454,False,DIBBS|SPE8E726T3572|CLIN0001,"SPE8E726T3572.PDF, CLIN table",,unpriced,
SPE8E726T3659,0001,7017911004,0001,EA,3.0,6210-01-006-5079,False,DIBBS|SPE8E726T3659|CLIN0001,"SPE8E726T3659.PDF, CLIN table",57.77,"exact-NSN history, most recent award",173.31
SPE8E726T3689,0001,7015331849,0001,EA,1.0,6240-01-666-2543,False,DIBBS|SPE8E726T3689|CLIN0001,"SPE8E726T3689.PDF, CLIN table",,unpriced,
SPE8E726T3839,0001,7018161263,0001,EA,14.0,6210-01-384-2292,False,DIBBS|SPE8E726T3839|CLIN0001,"SPE8E726T3839.PDF, CLIN table",125.0,"exact-NSN history, most recent award",1750.0
SPE8E726T3856,0001,7018161692,0001,EA,8.0,6220-00-781-9313,False,DIBBS|SPE8E726T3856|CLIN0001,"SPE8E726T3856.PDF, CLIN table",685.0,"exact-NSN history, most recent award",5480.0
SPE8E726T3856,0002,0000000000,,EA,1.0,0001S00000052,True,DIBBS|SPE8E726T3856|CLIN0002,"SPE8E726T3856.PDF, CLIN table",,,
SPE8E726T3863,0001,7018333870,0001,EA,183.0,6210-01-206-0138,False,DIBBS|SPE8E726T3863|CLIN0001,"SPE8E726T3863.PDF, CLIN table",52.0,"exact-NSN history, most recent award",9516.0
SPE8E726T3923,0001,7018316602,0001,EA,1.0,6210-00-406-1398,False,DIBBS|SPE8E726T3923|CLIN0001,"SPE8E726T3923.PDF, CLIN table",26.95,"exact-NSN history, most recent award",26.95
SPE8E726T3983,0001,7018365035,0001,EA,25.0,6220-01-661-4029,False,DIBBS|SPE8E726T3983|CLIN0001,"SPE8E726T3983.PDF, CLIN table",19.7,"exact-NSN history, most recent award",492.5
SPE8E726T3983,0002,7018365035,0002,EA,113.0,6220-01-661-4029,False,DIBBS|SPE8E726T3983|CLIN0002,"SPE8E726T3983.PDF, CLIN table",19.7,"exact-NSN history, most recent award",2226.1
SPE8E826T4122,0001,7017122916,0001,EA,40.0,4530-01-032-9252,False,DIBBS|SPE8E826T4122|CLIN0001,"SPE8E826T4122.PDF, CLIN table",135.75,"exact-NSN history, most recent award",5430.0
SPE8E926T2754,0001,7016956704,0001,PM,2.0,9535-01-441-3470,False,DIBBS|SPE8E926T2754|CLIN0001,"SPE8E926T2754.PDF, CLIN table",7265.0,"exact-NSN history, most recent award",14530.0
SPE8E926T3206,0001,7017585638,0001,PM,11.0,9535-00-232-7551,False,DIBBS|SPE8E926T3206|CLIN0001,"SPE8E926T3206.PDF, CLIN table",1054.5,"exact-NSN history, most recent award",11599.5
SPE8E926T3392,0001,7017585295,0001,PM,9.0,9535-01-431-3167,False,DIBBS|SPE8E926T3392|CLIN0001,"SPE8E926T3392.PDF, CLIN table",8986.12,"exact-NSN history, most recent award",80875.08
SPE8E926T3558,0001,7017758298,0001,PM,50.0,9515-00-952-6280,False,DIBBS|SPE8E926T3558|CLIN0001,"SPE8E926T3558.PDF, CLIN table",257.0,"exact-NSN history, most recent award",12850.0
SPE8E926T3558,0002,7017758298,0002,PM,150.0,9515-00-952-6280,False,DIBBS|SPE8E926T3558|CLIN0002,"SPE8E926T3558.PDF, CLIN table",257.0,"exact-NSN history, most recent award",38550.0
SPE8E926T3750,0001,7018161716,0001,PM,70.0,9515-00-187-3960,False,DIBBS|SPE8E926T3750|CLIN0001,"SPE8E926T3750.PDF, CLIN table",290.0,"exact-NSN history, most recent award",20300.0
SPE8E926T3771,0001,7017964674,0001,PM,40.0,9535-00-242-8613,False,DIBBS|SPE8E926T3771|CLIN0001,"SPE8E926T3771.PDF, CLIN table",1575.0,"exact-NSN history, most recent award",63000.0
SPE8E926T3884,0001,7018364256,0001,PM,3.0,9535-00-781-6258,False,DIBBS|SPE8E926T3884|CLIN0001,"SPE8E926T3884.PDF, CLIN table",1866.24,"exact-NSN history, most recent award",5598.72
SPE8E926T3904,0001,7018364544,0001,PM,7.0,9535-00-043-0080,False,DIBBS|SPE8E926T3904|CLIN0001,"SPE8E926T3904.PDF, CLIN table",1439.69,"exact-NSN history, most recent award",10077.83
SPE8EE26T1778,0001,7016967590,0001,EA,3.0,3950-01-342-4089,False,DIBBS|SPE8EE26T1778|CLIN0001,"SPE8EE26T1778.PDF, CLIN table",45.62,"exact-NSN history, most recent award",136.85999999999999
SPE8EE26T2689,0001,7018517343,0001,EA,1.0,3950-01-342-4089,False,DIBBS|SPE8EE26T2689|CLIN0001,"SPE8EE26T2689.PDF, CLIN table",45.62,"exact-NSN history, most recent award",45.62
SPE8EF26T1604,0001,7017585479,0001,EA,2.0,1730-01-486-9338,False,DIBBS|SPE8EF26T1604|CLIN0001,"SPE8EF26T1604.PDF, CLIN table",1067.0,"exact-NSN history, most recent award",2134.0
SPE8EN26T2916,0001,7014346274,0001,EA,1.0,7025-01-609-7428,False,DIBBS|SPE8EN26T2916|CLIN0001,"SPE8EN26T2916.PDF, CLIN table",,unpriced,
SPE8EN26T3103,0001,7018161207,0001,EA,2.0,7050-01-422-2586,False,DIBBS|SPE8EN26T3103|CLIN0001,"SPE8EN26T3103.PDF, CLIN table",4986.0,"exact-NSN history, most recent award",9972.0
SPE8EN26T3157,0001,7018161510,0001,EA,20.0,7040-01-462-8859,False,DIBBS|SPE8EN26T3157|CLIN0001,"SPE8EN26T3157.PDF, CLIN table",686.0,"exact-NSN history, most recent award",13720.0
