sol_key,solicitation,pdf_file,pdf_date_issued,pdf_return_by,pages,set_aside,set_aside_page,first_article_required,first_article_required_page,cmmc_required,cmmc_required_page,export_controlled_data,export_controlled_data_page,critical_application_item,critical_application_item_page,full_and_open_phrase,full_and_open_phrase_page,origin_inspection,origin_inspection_page,generic_late_quote_boilerplate,generic_late_quote_boilerplate_page,price_note,product_lines,fat_lines,estimated_value_total,parse_warnings,hist_unit_price,hist_award_date,hist_order_qty,hist_contract,hist_cage,hist_source,hist_age_years,hist_records
SPE1C127Q0005,SPE1C127Q0005,SPE1C127Q0005.PDF,2026-09-14,2026-09-21,23,Partial small business set-aside; HUBZone set-aside,11,True,7,False,,False,,False,,False,,False,,False,,no procurement history in PDF - investigate DLA management price; line stays unpriced,0,0,,no CLINs parsed,,,,,,,,
SPE4A026T2701,SPE4A0-26-T-2701,SPE4A026T2701.PDF,2026-04-21,2026-04-28,23,HUBZone set-aside,2,False,,True,7,True,7,False,,False,,False,,True,3,recent exact-NSN history,1,0,1200.0,,1200.0,2026-04-08,1.0,SPE4A026P1303P00001,23371,SPE4A026T2701.PDF p.6,0.5,2.0
SPE4A026T2909,SPE4A0-26-T-2909,SPE4A026T2909.PDF,2026-05-04,2026-05-11,23,HUBZone set-aside,2,False,,True,7,False,,False,,False,,False,,True,3,recent exact-NSN history,1,0,4277.77,,4277.77,2025-11-05,1.0,SPE4A626V2466P00001,646V6,SPE4A026T2909.PDF p.6,0.9,3.0
SPE4A026T4020,SPE4A0-26-T-4020,SPE4A026T4020.PDF,2026-07-24,2026-07-31,21,HUBZone set-aside,2,True,3,True,8,True,8,False,,False,,True,3,True,4,recent exact-NSN history,1,1,6612.0,,6612.0,2025-08-26,3.0,SPE4A625PAAZJ,0HS46,SPE4A026T4020.PDF p.6,1.1,2.0
SPE4A026T4230,SPE4A0-26-T-4230,SPE4A026T4230.PDF,2026-08-10,2026-08-17,20,Total small business set-aside,2,False,,True,8,True,7,True,8,False,,True,2,True,3,recent exact-NSN history,1,0,12980.0,,12980.0,2024-05-01,2.0,SPE4A624V150K,3T8J4,SPE4A026T4230.PDF p.6,2.4,5.0
SPE4A026T4334,SPE4A0-26-T-4334,SPE4A026T4334.PDF,2026-08-19,2026-08-26,21,HUBZone set-aside,2,True,3,True,9,True,8,False,,False,,True,3,True,4,recent exact-NSN history,1,1,2680.0,,2680.0,2025-11-20,1.0,SPE4A626P6821P00001,8SKT8,SPE4A026T4334.PDF p.6,0.9,1.0
SPE4A026T4348,SPE4A0-26-T-4348,SPE4A026T4348.PDF,2026-08-19,2026-08-26,21,HUBZone set-aside,2,True,3,True,8,True,8,True,9,False,,True,3,True,4,history older than 5 years - compare with DLA management price,1,1,10243.0,,10243.0,2017-05-25,4.0,SPE4A617VD738,32865,SPE4A026T4348.PDF p.7,9.3,2.0
SPE4A026T4439,SPE4A0-26-T-4439,SPE4A026T4439.PDF,2026-08-24,2026-08-31,20,HUBZone set-aside,2,True,3,True,7,True,7,True,8,False,,True,3,True,4,no procurement history in PDF - investigate DLA management price; line stays unpriced,1,1,,,,,,,,,,
SPE4A026T4617,SPE4A0-26-T-4617,SPE4A026T4617.PDF,2026-09-04,2026-09-11,19,HUBZone set-aside,2,False,,True,7,True,7,True,8,False,,False,,True,3,recent exact-NSN history,1,0,9793.37,,9793.37,2023-05-10,1.0,SPE4A623PM274,80495,SPE4A026T4617.PDF p.6,3.4,9.0
SPE4A026T4658,SPE4A0-26-T-4658,SPE4A026T4658.PDF,2026-09-04,2026-09-11,20,Total small business set-aside,2,False,,True,7,True,7,False,,False,,True,2,True,3,recent exact-NSN history,1,0,14777.77,,14777.77,2026-08-12,1.0,SPE4A126V1587,646V6,SPE4A026T4658.PDF p.5,0.1,6.0
SPE4A026T4677,SPE4A0-26-T-4677,SPE4A026T4677.PDF,2026-09-04,2026-09-11,20,HUBZone set-aside,2,False,,True,7,True,7,False,,False,,False,,True,3,no procurement history in PDF - investigate DLA management price; line stays unpriced,1,0,,,,,,,,,,
SPE4A026T4734,SPE4A0-26-T-4734,SPE4A026T4734.PDF,2026-09-09,2026-09-16,22,HUBZone set-aside,2,True,3,True,9,True,8,False,,False,,True,3,True,4,recent exact-NSN history,1,1,1950.0,,1950.0,2025-11-20,1.0,SPE4A626P6957P00001,8SKT8,SPE4A026T4734.PDF p.7,0.9,6.0
SPE4A026T4896,SPE4A0-26-T-4896,SPE4A026T4896.PDF,2026-09-18,2026-09-25,19,HUBZone set-aside,2,False,,True,7,True,7,True,8,False,,True,3,True,3,history older than 5 years - compare with DLA management price,1,0,1494.16,,1494.16,2017-04-21,1.0,SPE4A617VB590,1N8T8,SPE4A026T4896.PDF p.6,9.4,1.0
SPE4A026T4936,SPE4A0-26-T-4936,SPE4A026T4936.PDF,2026-09-21,2026-09-28,19,HUBZone set-aside,2,False,,False,,False,,False,,False,,False,,True,3,no procurement history in PDF - investigate DLA management price; line stays unpriced,1,0,,,,,,,,,,
SPE4A026T4944,SPE4A0-26-T-4944,SPE4A026T4944.PDF,2026-09-21,2026-09-28,19,HUBZone set-aside,2,False,,False,,True,7,True,8,False,,True,3,True,3,recent exact-NSN history,1,0,2900.0,,2900.0,2025-12-31,9.0,SPE4A626PB044P00001,8SKT8,SPE4A026T4944.PDF p.6,0.7,1.0
SPE4A026T4954,SPE4A0-26-T-4954,SPE4A026T4954.PDF,2026-09-22,2026-09-29,19,HUBZone set-aside,2,False,,False,,False,,True,7,False,,True,3,True,3,recent exact-NSN history,1,0,394.0,,394.0,2026-06-12,1.0,SPE4A126V0907,3T8J4,SPE4A026T4954.PDF p.6,0.3,9.0
SPE4A026T4963,SPE4A0-26-T-4963,SPE4A026T4963.PDF,2026-09-22,2026-09-29,18,HUBZone set-aside,2,False,,False,,False,,False,,False,,False,,True,3,no procurement history in PDF - investigate DLA management price; line stays unpriced,1,0,,,,,,,,,,
SPE4A026T5032,SPE4A0-26-T-5032,SPE4A026T5032.PDF,2026-09-25,2026-10-02,21,HUBZone set-aside,2,False,,False,,False,,False,,False,,False,,True,3,no procurement history in PDF - investigate DLA management price; line stays unpriced,2,0,,,,,,,,,,
SPE4A026T5074,SPE4A0-26-T-5074,SPE4A026T5074.PDF,2026-09-30,2026-10-07,23,HUBZone set-aside,2,True,3,False,,True,8,True,9,False,,True,3,True,4,no procurement history in PDF - investigate DLA management price; line stays unpriced,1,1,,,,,,,,,,
SPE4A126T1498,SPE4A1-26-T-1498,SPE4A126T1498.PDF,2026-02-26,2026-03-05,23,Total small business set-aside,2,False,,True,7,False,,False,,False,,False,,True,3,recent exact-NSN history,1,0,37389.8,,9347.45,2025-11-19,4.0,SPE4A626P6408,58078,SPE4A126T1498.PDF p.6,0.9,5.0
SPE4A126T1682,SPE4A1-26-T-1682,SPE4A126T1682.PDF,2026-03-18,2026-03-30,25,HUBZone set-aside,2,False,,True,7,False,,False,,False,,True,3,True,3,recent exact-NSN history,1,0,18909.0,,525.25,2025-08-20,66.0,SPE4A625PYV19P00001,646V6,SPE4A126T1682.PDF p.6,1.1,11.0
SPE4A126T1925,SPE4A1-26-T-1925,SPE4A126T1925.PDF,2026-04-22,2026-04-29,26,HUBZone set-aside,2,True,3,True,8,True,8,True,9,False,,True,3,True,4,recent exact-NSN history,1,1,10750.0,,10750.0,2025-02-27,11.0,SPE4A625PH228,6ZSR8,SPE4A126T1925.PDF p.7,1.6,8.0
SPE4A126T2772,SPE4A1-26-T-2772,SPE4A126T2772.PDF,2026-09-15,2026-09-22,20,HUBZone set-aside,2,False,,True,8,True,7,False,,False,,True,3,True,3,no procurement history in PDF - investigate DLA management price; line stays unpriced,1,0,,,,,,,,,,
SPE4A426T0083,SPE4A4-26-T-0083,SPE4A426T0083.PDF,2026-04-10,2026-04-17,23,HUBZone set-aside,2,False,,True,8,True,7,False,,False,,False,,True,3,recent exact-NSN history,1,0,9800.0,,700.0,2025-05-22,2.0,SPE4A625V272X,9NTF1,SPE4A426T0083.PDF p.6,1.4,2.0
SPE4A426T0111,SPE4A4-26-T-0111,SPE4A426T0111.PDF,2026-05-18,2026-05-26,19,HUBZone set-aside,2,False,,True,8,True,7,False,,False,,False,,True,3,recent exact-NSN history,1,0,7329.24,,610.77,2026-04-21,3.0,SPE4A626PN308,646V6,SPE4A426T0111.PDF p.6,0.4,4.0
SPE4A426T0192,SPE4A4-26-T-0192,SPE4A426T0192.PDF,2026-08-28,2026-09-04,22,HUBZone set-aside,2,True,3,True,8,True,8,False,,False,,True,3,True,4,recent exact-NSN history,1,1,2650.0,,2650.0,2024-02-01,2.0,SPE4A624PE247P00002,8WBD2,SPE4A426T0192.PDF p.7,2.7,5.0
SPE4A426T0200,SPE4A4-26-T-0200,SPE4A426T0200.PDF,2026-09-17,2026-09-24,21,HUBZone set-aside,2,True,3,True,9,True,8,True,9,False,,True,3,True,4,history older than 5 years - compare with DLA management price,1,1,29260.0,,5852.0,2019-07-29,12.0,SPE4A919Z0571,98752,SPE4A426T0200.PDF p.7,7.2,5.0
SPE4A526T111H,SPE4A5-26-T-111H,SPE4A526T111H.PDF,2026-05-06,2026-05-13,23,HUBZone set-aside,2,False,,True,8,False,,True,8,False,,False,,True,3,recent exact-NSN history,1,0,9106.25,,1821.25,2026-04-07,4.0,SPE4A526P4145,7TT37,SPE4A526T111H.PDF p.6,0.5,18.0
SPE4A526T211W,SPE4A5-26-T-211W,SPE4A526T211W.PDF,2026-06-04,2026-06-11,19,HUBZone set-aside,2,False,,True,8,True,7,True,8,False,,True,3,True,3,recent exact-NSN history,1,0,10480.47,,952.77,2026-05-12,7.0,SPE4A526P5073,646V6,SPE4A526T211W.PDF p.6,0.4,11.0
SPE4A526T273W,SPE4A5-26-T-273W,SPE4A526T273W.PDF,2026-07-07,2026-07-14,19,HUBZone set-aside,2,False,,True,7,True,7,False,,False,,False,,True,3,no procurement history in PDF - investigate DLA management price; line stays unpriced,1,0,,,,,,,,,,
SPE4A526T332W,SPE4A5-26-T-332W,SPE4A526T332W.PDF,2026-08-06,2026-08-13,21,HUBZone set-aside,2,True,3,True,8,True,8,True,10,False,,True,3,True,4,history older than 5 years - compare with DLA management price,1,1,9920.0,,496.0,2013-05-23,5.0,SPE4A513M5419,58985,SPE4A526T332W.PDF p.6,13.4,1.0
SPE4A526T356L,SPE4A5-26-T-356L,SPE4A526T356L.PDF,2026-08-17,2026-08-24,19,HUBZone set-aside,2,False,,True,7,True,7,True,8,False,,True,3,True,3,history older than 5 years - compare with DLA management price,1,0,173.0,,173.0,1986-08-05,5.0,SP050094MEH31,62502,SPE4A526T356L.PDF p.6,40.2,1.0
SPE4A526T399A,SPE4A5-26-T-399A,SPE4A526T399A.PDF,2026-09-01,2026-09-08,21,Total small business set-aside,2,True,3,True,9,True,8,True,9,False,,True,2,True,3,recent exact-NSN history,1,1,31437.0,,499.0,2024-01-08,119.0,SPE4A624PB924,77221,SPE4A526T399A.PDF p.6,2.7,19.0
SPE4A526T425M,SPE4A5-26-T-425M,SPE4A526T425M.PDF,2026-09-15,2026-09-22,19,HUBZone set-aside,2,False,,True,8,True,7,True,8,False,,True,3,True,3,recent exact-NSN history,1,0,9527.7,,952.77,2026-05-12,7.0,SPE4A526P5073,646V6,SPE4A526T425M.PDF p.6,0.4,11.0
SPE4A526T449D,SPE4A5-26-T-449D,SPE4A526T449D.PDF,2026-09-18,2026-09-25,19,Total small business set-aside,2,False,,True,7,True,7,True,8,False,,True,2,True,3,recent exact-NSN history,1,0,17273.32,,4318.33,2025-03-26,2.0,SPE4A625PL282,72DG1,SPE4A526T449D.PDF p.6,1.5,11.0
SPE4A526T6635,SPE4A5-26-T-6635,SPE4A526T6635.PDF,2026-01-12,2026-01-20,28,HUBZone set-aside,2,False,,True,7,True,7,True,8,False,,False,,True,3,history older than 5 years - compare with DLA management price,1,0,1043.0,,149.0,2005-06-29,2.0,SP057005M6956,2B816,SPE4A526T6635.PDF p.6,21.3,1.0
SPE4A526T8110,SPE4A5-26-T-8110,SPE4A526T8110.PDF,2026-02-17,2026-02-24,27,HUBZone set-aside,2,False,,True,8,True,7,True,8,False,,True,3,True,3,recent exact-NSN history,1,0,6445.32,,920.76,2026-01-20,5.0,SPE4A526P2517,0RLV7,SPE4A526T8110.PDF p.6,0.7,8.0
SPE4A526T9993,SPE4A5-26-T-9993,SPE4A526T9993.PDF,2026-03-16,2026-03-23,23,HUBZone set-aside,2,False,,True,7,True,7,True,8,False,,False,,True,3,recent exact-NSN history,1,0,819.72,,8.91,2025-06-26,279.0,SPE4A525F011NP00001,3B1R2,SPE4A526T9993.PDF p.6,1.3,3.0
SPE4A626Q0866,SPE4A626Q0866,SPE4A626Q0866.PDF,2026-04-30,2026-05-15,26,Partial small business set-aside; HUBZone set-aside,14,False,,True,3,True,3,True,4,False,,False,,False,,no procurement history in PDF - investigate DLA management price; line stays unpriced,0,0,,no CLINs parsed,,,,,,,,
SPE4A626Q1200,SPE4A626Q1200,SPE4A626Q1200.PDF,2026-07-22,2026-07-30,24,Partial small business set-aside; HUBZone set-aside,11,True,6,False,,True,2,True,3,False,,False,,False,,no procurement history in PDF - investigate DLA management price; line stays unpriced,0,0,,no CLINs parsed,,,,,,,,
SPE4A626Q1360,SPE4A626Q1360,SPE4A626Q1360.PDF,2026-08-27,2026-09-10,17,HUBZone set-aside,17,True,7,True,3,True,4,True,4,False,,False,,False,,no procurement history in PDF - investigate DLA management price; line stays unpriced,0,0,,no CLINs parsed,,,,,,,,
SPE4A626T01LL,SPE4A6-26-T-01LL,SPE4A626T01LL.PDF,2026-06-29,2026-07-06,20,No set-aside clause found (check SF18 block),,False,,True,9,True,8,False,,False,,False,,True,3,recent exact-NSN history,1,0,23864.09,,1403.77,2025-12-02,6.0,SPE4A626V4382,646V6,SPE4A626T01LL.PDF p.6,0.8,20.0
SPE4A626T01MM,SPE4A6-26-T-01MM,SPE4A626T01MM.PDF,2026-06-29,2026-07-06,21,HUBZone set-aside,2,True,3,False,,False,,True,8,False,,True,3,True,4,recent exact-NSN history,1,1,1918.25,,383.65,2025-02-26,13.0,SPE4A625PH007,4VAS1,SPE4A626T01MM.PDF p.7,1.6,7.0
SPE4A626T01QF,SPE4A6-26-T-01QF,SPE4A626T01QF.PDF,2026-06-29,2026-07-06,21,Total small business set-aside,2,True,3,True,8,True,7,True,8,False,,True,2,True,3,history older than 5 years - compare with DLA management price,1,1,103309.40000000001,,20661.88,2015-04-23,5.0,SPE4A615M9227P00001,67291,SPE4A626T01QF.PDF p.6,11.4,1.0
SPE4A626T01VB,SPE4A6-26-T-01VB,SPE4A626T01VB.PDF,2026-06-30,2026-07-07,20,HUBZone set-aside,2,False,,True,7,True,7,True,8,False,,True,3,True,3,recent exact-NSN history,1,0,4530.75,,1510.25,2026-01-26,3.0,SPE4A626PD585,6ZSR8,SPE4A626T01VB.PDF p.6,0.7,7.0
SPE4A626T01ZM,SPE4A6-26-T-01ZM,SPE4A626T01ZM.PDF,2026-06-30,2026-07-07,22,HUBZone set-aside,2,True,3,True,8,True,8,True,9,False,,True,3,True,4,recent exact-NSN history,1,1,1905.4099999999999,,146.57,2024-02-29,24.0,SPE7LX24FZ07TP00001,75Q65,SPE4A626T01ZM.PDF p.7,2.6,2.0
SPE4A626T02AD,SPE4A6-26-T-02AD,SPE4A626T02AD.PDF,2026-06-30,2026-07-07,22,Total small business set-aside,2,True,3,True,7,True,7,False,,False,,True,2,True,4,recent exact-NSN history,1,1,26200.0,,3275.0,2026-01-23,9.0,SPE4A626PD269,8WBD2,SPE4A626T02AD.PDF p.6,0.7,6.0
SPE4A626T02CQ,SPE4A6-26-T-02CQ,SPE4A626T02CQ.PDF,2026-07-01,2026-07-08,19,HUBZone set-aside,2,False,,True,7,True,7,True,8,False,,True,3,True,3,history older than 5 years - compare with DLA management price,1,0,8120.0,,2030.0,2006-01-11,1.0,SPM4A606M2515,0T0G3,SPE4A626T02CQ.PDF p.6,20.7,2.0
SPE4A626T02EX,SPE4A6-26-T-02EX,SPE4A626T02EX.PDF,2026-07-01,2026-07-08,21,HUBZone set-aside,2,True,3,True,9,True,8,True,9,False,,True,3,True,4,history older than 5 years - compare with DLA management price,1,1,2500.0,,625.0,2014-01-16,4.0,SPE4A614M6909,012M4,SPE4A626T02EX.PDF p.7,12.7,2.0
SPE4A626T02JC,SPE4A6-26-T-02JC,SPE4A626T02JC.PDF,2026-07-02,2026-07-09,23,No set-aside clause found (check SF18 block),,True,3,True,9,True,9,True,10,False,,True,3,True,4,recent exact-NSN history,1,1,22780.0,,1340.0,2026-01-14,12.0,SPE4A626PC245P00001,3B8L1,SPE4A626T02JC.PDF p.7,0.7,16.0
SPE4A626T02UC,SPE4A6-26-T-02UC,SPE4A626T02UC.PDF,2026-07-06,2026-07-13,23,HUBZone set-aside,2,True,3,True,9,True,8,True,9,False,,True,3,True,4,history older than 5 years - compare with DLA management price,1,1,4660.0,,1165.0,2010-05-25,12.0,SPM4A610MN543,24581,SPE4A626T02UC.PDF p.7,16.4,3.0
SPE4A626T02XN,SPE4A6-26-T-02XN,SPE4A626T02XN.PDF,2026-07-06,2026-07-13,25,HUBZone set-aside; SDVOSB set-aside,2,True,3,True,9,True,8,True,9,False,,True,3,True,4,recent exact-NSN history,1,1,107680.4,,26920.1,2023-11-21,20.0,SPE4A624F3539P00002,8WBD2,SPE4A626T02XN.PDF p.6,2.9,7.0
SPE4A626T02ZD,SPE4A6-26-T-02ZD,SPE4A626T02ZD.PDF,2026-07-06,2026-07-13,22,HUBZone set-aside,2,True,3,True,8,True,8,True,9,False,,True,3,True,4,recent exact-NSN history,1,1,9900.0,,3300.0,2026-05-14,7.0,SPE4A626PR175P00001,23371,SPE4A626T02ZD.PDF p.7,0.4,2.0
SPE4A626T02ZR,SPE4A6-26-T-02ZR,SPE4A626T02ZR.PDF,2026-07-06,2026-07-13,19,HUBZone set-aside,2,False,,True,7,True,7,False,,False,,False,,True,3,recent exact-NSN history,1,0,3360.0,,80.0,2026-06-23,1.0,SPE4A126V1014,19DN2,SPE4A626T02ZR.PDF p.6,0.3,4.0
SPE4A626T03B7,SPE4A6-26-T-03B7,SPE4A626T03B7.PDF,2026-03-23,2026-03-30,25,HUBZone set-aside,2,True,3,True,9,True,8,True,9,False,,True,3,True,4,recent exact-NSN history,1,1,2975.25,,2975.25,2025-05-14,1.0,SPE4A625PS543,6ZSR8,SPE4A626T03B7.PDF p.7,1.4,2.0
SPE4A626T03JE,SPE4A6-26-T-03JE,SPE4A626T03JE.PDF,2026-07-07,2026-07-14,20,HUBZone set-aside,2,False,,True,8,True,8,True,9,False,,True,3,True,3,recent exact-NSN history,1,0,26046.0,,1447.0,2025-01-28,1.0,SPE4A625PD369,08AF1,SPE4A626T03JE.PDF p.6,1.7,20.0
SPE4A626T03PH,SPE4A6-26-T-03PH,SPE4A626T03PH.PDF,2026-07-07,2026-07-14,21,HUBZone set-aside,2,True,3,True,8,True,8,False,,False,,True,3,True,4,history older than 5 years - compare with DLA management price,1,1,28500.0,,9500.0,2020-02-10,1.0,SPE4AL20P0087P00001,6ZSR8,SPE4A626T03PH.PDF p.6,6.6,5.0
SPE4A626T03PJ,SPE4A6-26-T-03PJ,SPE4A626T03PJ.PDF,2026-07-07,2026-07-14,20,Total small business set-aside,2,False,,True,8,True,7,True,8,False,,True,2,True,3,recent exact-NSN history,1,0,38940.0,,12980.0,2024-05-01,2.0,SPE4A624V150K,3T8J4,SPE4A626T03PJ.PDF p.6,2.4,5.0
SPE4A626T03PY,SPE4A6-26-T-03PY,SPE4A626T03PY.PDF,2026-07-07,2026-07-14,22,HUBZone set-aside,2,True,3,True,8,True,8,True,9,False,,True,3,True,4,recent exact-NSN history,1,1,12400.0,,3100.0,2025-04-04,11.0,SPE4A625PM649P00001,6ZSR8,SPE4A626T03PY.PDF p.7,1.5,6.0
SPE4A626T03QA,SPE4A6-26-T-03QA,SPE4A626T03QA.PDF,2026-07-07,2026-07-14,22,HUBZone set-aside,2,True,3,True,8,True,8,True,9,False,,True,3,True,4,recent exact-NSN history,1,1,6200.0,,3100.0,2025-04-04,11.0,SPE4A625PM649P00001,6ZSR8,SPE4A626T03QA.PDF p.7,1.5,6.0
SPE4A626T03QD,SPE4A6-26-T-03QD,SPE4A626T03QD.PDF,2026-07-07,2026-07-14,22,Total small business set-aside,2,True,3,True,8,True,8,True,9,False,,True,2,True,4,recent exact-NSN history,1,1,15500.0,,3100.0,2025-04-04,11.0,SPE4A625PM649P00001,6ZSR8,SPE4A626T03QD.PDF p.7,1.5,6.0
SPE4A626T03TJ,SPE4A6-26-T-03TJ,SPE4A626T03TJ.PDF,2026-07-08,2026-07-15,18,HUBZone set-aside,2,False,,False,,False,,False,,False,,False,,True,3,history older than 5 years - compare with DLA management price,1,0,495.0,,13.75,2005-12-14,55.0,SP050006V2266,0NP10,SPE4A626T03TJ.PDF p.6,20.8,1.0
SPE4A626T03UC,SPE4A6-26-T-03UC,SPE4A626T03UC.PDF,2026-07-08,2026-07-15,22,HUBZone set-aside; SDVOSB set-aside,2,True,3,True,10,True,9,True,10,False,,True,3,True,4,recent exact-NSN history,1,1,15277.5,,5092.5,2025-12-12,5.0,SPE4A626P9504P00001,7BUL6,SPE4A626T03UC.PDF p.7,0.8,20.0
SPE4A626T03WD,SPE4A6-26-T-03WD,SPE4A626T03WD.PDF,2026-07-08,2026-07-15,22,HUBZone set-aside; WOSB set-aside,2,True,3,True,9,True,8,True,9,False,,True,3,True,4,recent exact-NSN history,1,1,31533.190000000002,,2425.63,2025-06-23,13.0,SPE4A625PX259,8BPE2,SPE4A626T03WD.PDF p.6,1.3,14.0
SPE4A626T04AD,SPE4A6-26-T-04AD,SPE4A626T04AD.PDF,2026-07-08,2026-07-15,20,HUBZone set-aside,2,False,,True,8,True,7,False,,False,,True,3,True,3,recent exact-NSN history,1,0,2695.0,,385.0,2024-11-18,11.0,SPE4A625P6090,3T8J4,SPE4A626T04AD.PDF p.6,1.9,6.0
SPE4A626T04CZ,SPE4A6-26-T-04CZ,SPE4A626T04CZ.PDF,2026-07-08,2026-07-15,22,HUBZone set-aside,2,True,3,True,8,True,8,False,,False,,True,3,True,4,recent exact-NSN history,1,1,4900.0,,1225.0,2025-10-23,4.0,SPE4A626P3335,6ZSR8,SPE4A626T04CZ.PDF p.7,0.9,6.0
SPE4A626T04HS,SPE4A6-26-T-04HS,SPE4A626T04HS.PDF,2026-07-08,2026-07-15,20,HUBZone set-aside,2,False,,True,7,True,7,False,,False,,True,3,True,3,recent exact-NSN history,1,0,9653.82,,877.62,2025-07-14,2.0,SPE4A625PAJ33,4R2Y5,SPE4A626T04HS.PDF p.6,1.2,2.0
SPE4A626T04QZ,SPE4A6-26-T-04QZ,SPE4A626T04QZ.PDF,2026-07-09,2026-07-16,22,HUBZone set-aside,2,True,3,True,8,True,8,False,,False,,True,3,True,4,recent exact-NSN history,1,1,5370.0,,2685.0,2023-12-06,7.0,SPE4A624P8546,73F14,SPE4A626T04QZ.PDF p.7,2.8,4.0
SPE4A626T04RC,SPE4A6-26-T-04RC,SPE4A626T04RC.PDF,2026-07-09,2026-07-16,21,HUBZone set-aside,2,True,3,True,8,True,8,True,9,False,,True,3,True,4,history older than 5 years - compare with DLA management price,1,1,2860.0,,220.0,2007-01-18,22.0,SPM41205D41020005,0HS46,SPE4A626T04RC.PDF p.7,19.7,2.0
SPE4A626T04RG,SPE4A6-26-T-04RG,SPE4A626T04RG.PDF,2026-07-09,2026-07-16,23,HUBZone set-aside; WOSB set-aside,2,True,3,True,10,True,9,False,,False,,True,3,True,4,recent exact-NSN history,1,1,41401.149999999994,,257.15,2025-07-02,475.0,SPE4A625PY684P00001,5PAL3,SPE4A626T04RG.PDF p.7,1.2,20.0
SPE4A626T04RM,SPE4A6-26-T-04RM,SPE4A626T04RM.PDF,2026-07-09,2026-07-16,22,HUBZone set-aside,2,True,3,True,8,True,9,True,9,False,,True,3,True,4,recent exact-NSN history,1,1,3968.0,,496.0,2023-04-24,10.0,SPE4A623PL177P00001,29056,SPE4A626T04RM.PDF p.7,3.4,11.0
SPE4A626T04WE,SPE4A6-26-T-04WE,SPE4A626T04WE.PDF,2026-07-09,2026-07-16,20,Total small business set-aside,2,False,,True,8,True,7,False,,False,,False,,True,3,recent exact-NSN history,1,0,57777.5,,525.25,2026-06-24,87.0,SPE4A626PV855P00001,646V6,SPE4A626T04WE.PDF p.5,0.3,14.0
SPE4A626T05AQ,SPE4A6-26-T-05AQ,SPE4A626T05AQ.PDF,2026-07-10,2026-07-17,19,HUBZone set-aside,2,False,,True,8,True,7,True,8,False,,False,,True,3,recent exact-NSN history,1,0,5311.8,,590.2,2023-04-14,13.0,SPE4A623F052C,8X897,SPE4A626T05AQ.PDF p.6,3.5,20.0
SPE4A626T05BB,SPE4A6-26-T-05BB,SPE4A626T05BB.PDF,2026-07-10,2026-07-17,20,HUBZone set-aside,2,False,,True,8,True,7,False,,False,,True,3,True,3,recent exact-NSN history,1,0,8667.0,,2889.0,2025-09-03,4.0,SPE4A625P0E56P00001,7R6A0,SPE4A626T05BB.PDF p.6,1.1,20.0
SPE4A626T05BS,SPE4A6-26-T-05BS,SPE4A626T05BS.PDF,2026-07-10,2026-07-17,19,HUBZone set-aside,2,False,,True,8,True,7,True,8,False,,True,3,True,3,history older than 5 years - compare with DLA management price,1,0,2635.0,,155.0,2018-12-04,3.0,SPE4A519V0500,92772,SPE4A626T05BS.PDF p.6,7.8,3.0
SPE4A626T05UF,SPE4A6-26-T-05UF,SPE4A626T05UF.PDF,2026-07-14,2026-07-21,21,Total small business set-aside,2,True,3,True,7,True,7,True,8,False,,True,2,True,4,recent exact-NSN history,1,1,33742.5,,1124.75,2025-01-22,56.0,SPE4A625PC639,6ZSR8,SPE4A626T05UF.PDF p.6,1.7,2.0
SPE4A626T05XS,SPE4A6-26-T-05XS,SPE4A626T05XS.PDF,2026-07-15,2026-07-22,21,Total small business set-aside,2,True,3,True,8,True,8,True,9,False,,True,2,True,4,recent exact-NSN history,1,1,26815.0,,5363.0,2024-05-08,2.0,SPE4A624PN823P00001,24581,SPE4A626T05XS.PDF p.7,2.4,2.0
SPE4A626T06BU,SPE4A6-26-T-06BU,SPE4A626T06BU.PDF,2026-07-15,2026-07-22,21,Total small business set-aside,2,True,3,True,8,True,8,True,9,False,,True,2,True,4,recent exact-NSN history,1,1,17700.0,,2950.0,2025-09-05,2.0,SPE4A625P0E80P00001,8SKT8,SPE4A626T06BU.PDF p.6,1.1,15.0
SPE4A626T06EU,SPE4A6-26-T-06EU,SPE4A626T06EU.PDF,2026-07-15,2026-07-22,19,HUBZone set-aside,2,False,,True,8,True,7,True,8,False,,True,3,True,3,recent exact-NSN history,1,0,3511.0,,1755.5,2025-10-08,6.0,SPE4A626P1202P00001,6ZSR8,SPE4A626T06EU.PDF p.6,1.0,8.0
SPE4A626T06HC,SPE4A6-26-T-06HC,SPE4A626T06HC.PDF,2026-07-15,2026-07-22,20,HUBZone set-aside,2,False,,True,7,True,7,True,8,True,8,True,3,True,3,recent exact-NSN history,1,0,3280.68,,364.52,2026-03-02,9.0,SPE4A626PH289P00001,646V6,SPE4A626T06HC.PDF p.6,0.6,6.0
SPE4A626T06QD,SPE4A6-26-T-06QD,SPE4A626T06QD.PDF,2026-07-15,2026-07-22,22,HUBZone set-aside; WOSB set-aside,2,True,3,True,8,True,8,True,9,False,,True,3,True,4,recent exact-NSN history,1,1,34516.08,,5752.68,2025-05-22,9.0,SPE4A625PT724P00001,0REY5,SPE4A626T06QD.PDF p.7,1.4,18.0
SPE4A626T06QF,SPE4A6-26-T-06QF,SPE4A626T06QF.PDF,2026-07-15,2026-07-22,20,Total small business set-aside,2,True,3,True,7,True,7,True,8,False,,True,2,True,4,recent exact-NSN history,1,1,16142.2,,807.11,2026-03-05,14.0,SPE4A626PH416,42827,SPE4A626T06QF.PDF p.6,0.6,3.0
SPE4A626T06YT,SPE4A6-26-T-06YT,SPE4A626T06YT.PDF,2026-07-17,2026-07-24,19,HUBZone set-aside,2,False,,True,7,True,7,False,,False,,True,3,True,3,no procurement history in PDF - investigate DLA management price; line stays unpriced,1,0,,,,,,,,,,
SPE4A626T07BX,SPE4A6-26-T-07BX,SPE4A626T07BX.PDF,2026-07-17,2026-07-24,22,HUBZone set-aside,2,False,,True,7,True,7,True,8,False,,False,,True,3,recent exact-NSN history,1,0,1587.32,,396.83,2025-08-27,24.0,SPE4A625PZ798P00001,00642,SPE4A626T07BX.PDF p.6,1.1,9.0
SPE4A626T07EU,SPE4A6-26-T-07EU,SPE4A626T07EU.PDF,2026-07-17,2026-07-24,19,Total small business set-aside,2,False,,True,8,True,7,True,8,False,,True,2,True,3,recent exact-NSN history,1,0,48949.25,,6992.75,2026-06-17,3.0,SPE4A626PV264,6ZSR8,SPE4A626T07EU.PDF p.5,0.3,8.0
SPE4A626T07GA,SPE4A6-26-T-07GA,SPE4A626T07GA.PDF,2026-07-17,2026-07-24,19,HUBZone set-aside,2,False,,True,8,True,7,True,8,False,,True,3,True,3,recent exact-NSN history,1,0,32157.5,,1692.5,2026-07-09,6.0,SPE4A626PX391,6ZSR8,SPE4A626T07GA.PDF p.6,0.2,1.0
SPE4A626T07GY,SPE4A6-26-T-07GY,SPE4A626T07GY.PDF,2026-07-17,2026-07-24,19,HUBZone set-aside,2,False,,True,7,True,7,False,,False,,False,,True,3,recent exact-NSN history,1,0,12500.0,,2500.0,2026-04-15,3.0,SPE4A126V0339,23371,SPE4A626T07GY.PDF p.6,0.5,4.0
SPE4A626T07KK,SPE4A6-26-T-07KK,SPE4A626T07KK.PDF,2026-07-17,2026-07-24,22,Total small business set-aside,2,True,3,True,7,True,7,True,8,False,,True,2,True,4,recent exact-NSN history,1,1,69300.0,,5775.0,2025-09-19,7.0,SPE4A625P3251,6ZSR8,SPE4A626T07KK.PDF p.6,1.0,8.0
SPE4A626T07LC,SPE4A6-26-T-07LC,SPE4A626T07LC.PDF,2026-07-17,2026-07-24,21,HUBZone set-aside,2,True,3,True,9,True,8,True,9,False,,True,3,True,4,recent exact-NSN history,1,1,4430.88,,4430.88,2026-07-09,2.0,SPE4A626PX396,0DR48,SPE4A626T07LC.PDF p.6,0.2,3.0
SPE4A626T07QC,SPE4A6-26-T-07QC,SPE4A626T07QC.PDF,2026-07-20,2026-07-27,20,HUBZone set-aside,2,False,,True,7,True,7,False,,False,,False,,True,3,recent exact-NSN history,1,0,12552.0,,3138.0,2022-03-09,1.0,SPE4A622PE868P00001,3T8J4,SPE4A626T07QC.PDF p.6,4.6,3.0
SPE4A626T08LE,SPE4A6-26-T-08LE,SPE4A626T08LE.PDF,2026-07-22,2026-07-29,21,Total small business set-aside,2,True,3,True,8,False,,True,9,False,,True,9,True,3,recent exact-NSN history,1,1,17500.0,,3500.0,2026-07-16,6.0,SPE4A626PX966,87SW0,SPE4A626T08LE.PDF p.6,0.2,11.0
SPE4A626T08VN,SPE4A6-26-T-08VN,SPE4A626T08VN.PDF,2026-07-22,2026-07-29,20,Total small business set-aside,2,True,3,True,8,True,7,True,8,False,,True,2,True,4,recent exact-NSN history,1,1,24700.0,,1300.0,2026-02-18,19.0,SPE4A626PF894P00001,8SKT8,SPE4A626T08VN.PDF p.6,0.6,4.0
SPE4A626T08ZV,SPE4A6-26-T-08ZV,SPE4A626T08ZV.PDF,2026-07-23,2026-07-30,19,HUBZone set-aside,2,False,,True,8,True,7,False,,False,,True,3,True,3,recent exact-NSN history,1,0,6253.85,,1250.77,2024-11-05,5.0,SPE4A625V2415P00001,646V6,SPE4A626T08ZV.PDF p.6,1.9,3.0
SPE4A626T09KX,SPE4A6-26-T-09KX,SPE4A626T09KX.PDF,2026-07-24,2026-07-31,22,HUBZone set-aside,2,True,3,True,9,True,8,False,,False,,True,3,True,4,recent exact-NSN history,1,1,19331.0,,9665.5,2026-06-23,5.0,SPE4A626PV602,6ZSR8,SPE4A626T09KX.PDF p.7,0.3,4.0
SPE4A626T09SV,SPE4A6-26-T-09SV,SPE4A626T09SV.PDF,2026-07-27,2026-08-03,23,HUBZone set-aside,2,True,3,True,8,True,8,False,,False,,True,3,True,4,recent exact-NSN history,1,1,5564.0,,428.0,2025-10-29,24.0,SPE4A626F1721,0XPA4,SPE4A626T09SV.PDF p.7,0.9,20.0
SPE4A626T09VA,SPE4A6-26-T-09VA,SPE4A626T09VA.PDF,2026-07-28,2026-08-04,21,HUBZone set-aside,2,True,3,True,9,True,8,True,9,False,,True,3,True,4,recent exact-NSN history,1,1,10956.0,,913.0,2026-03-09,5.0,SPE4A626F7065P00001,3R7N5,SPE4A626T09VA.PDF p.7,0.6,16.0
SPE4A626T10BX,SPE4A6-26-T-10BX,SPE4A626T10BX.PDF,2026-07-29,2026-08-05,23,HUBZone set-aside; SDVOSB set-aside,2,True,3,True,9,True,9,True,11,False,,True,3,True,4,recent exact-NSN history,1,1,324742.00000000006,,1180.88,2025-09-19,237.0,SPE4A625P0ZL7P00002,5ZD19,SPE4A626T10BX.PDF p.7,1.0,20.0
SPE4A626T10DZ,SPE4A6-26-T-10DZ,SPE4A626T10DZ.PDF,2026-07-29,2026-08-05,20,HUBZone set-aside,2,False,,True,7,True,7,True,8,False,,True,3,True,3,recent exact-NSN history,1,0,4026.0,,335.5,2025-10-28,36.0,SPE4A626V2044,6ZSR8,SPE4A626T10DZ.PDF p.6,0.9,10.0
SPE4A626T10HZ,SPE4A6-26-T-10HZ,SPE4A626T10HZ.PDF,2026-07-30,2026-08-06,20,HUBZone set-aside,2,False,,True,7,True,7,True,8,False,,True,3,True,3,history older than 5 years - compare with DLA management price,1,0,2625.0,,125.0,1983-08-23,78.0,F3365782C2168,00752,SPE4A626T10HZ.PDF p.6,43.1,1.0
SPE4A626T10KA,SPE4A6-26-T-10KA,SPE4A626T10KA.PDF,2026-07-30,2026-08-06,20,HUBZone set-aside,2,False,,True,7,True,8,True,8,False,,True,3,True,3,history older than 5 years - compare with DLA management price,1,0,454.3,,45.43,1985-04-21,2.0,N0010484G02750014,34228,SPE4A626T10KA.PDF p.6,41.4,1.0
SPE4A626T10TM,SPE4A6-26-T-10TM,SPE4A626T10TM.PDF,2026-07-31,2026-08-07,25,HUBZone set-aside,2,False,,True,7,True,7,True,8,False,,True,3,True,3,recent exact-NSN history,1,0,11148.75,,2229.75,2025-07-17,27.0,SPE4A625V443TP00001,6ZSR8,SPE4A626T10TM.PDF p.6,1.2,7.0
SPE4A626T10TY,SPE4A6-26-T-10TY,SPE4A626T10TY.PDF,2026-07-31,2026-08-07,23,HUBZone set-aside,2,True,3,True,8,True,8,True,9,False,,True,3,True,4,recent exact-NSN history,1,1,18588.22,,299.81,2026-07-28,60.0,SPE4A626PY975P00001,012M4,SPE4A626T10TY.PDF p.7,0.2,15.0
SPE4A626T10XZ,SPE4A6-26-T-10XZ,SPE4A626T10XZ.PDF,2026-07-31,2026-08-07,21,HUBZone set-aside,2,True,3,True,8,True,8,False,,False,,True,3,True,4,recent exact-NSN history,1,1,555.54,,277.77,2025-11-20,13.0,SPE4A626V3653P00001,646V6,SPE4A626T10XZ.PDF p.6,0.9,13.0
SPE4A626T10YY,SPE4A6-26-T-10YY,SPE4A626T10YY.PDF,2026-07-31,2026-08-07,22,HUBZone set-aside,2,True,3,True,8,True,8,True,9,False,,True,3,True,4,recent exact-NSN history,1,1,11410.0,,326.0,2024-08-30,7.0,SPE4A624PY804P00001,9BKX7,SPE4A626T10YY.PDF p.7,2.1,1.0
SPE4A626T10ZE,SPE4A6-26-T-10ZE,SPE4A626T10ZE.PDF,2026-07-31,2026-08-07,20,No set-aside clause found (check SF18 block),,False,,True,8,False,,True,9,False,,True,3,True,3,recent exact-NSN history,1,0,20000.0,,5000.0,2026-06-03,5.0,SPE4A626PS525,3B8L1,SPE4A626T10ZE.PDF p.6,0.3,20.0
SPE4A626T11AB,SPE4A6-26-T-11AB,SPE4A626T11AB.PDF,2026-07-31,2026-08-07,22,Total small business set-aside,2,True,3,True,8,True,8,True,9,False,,True,2,True,4,recent exact-NSN history,1,1,17552.4,,877.62,2025-08-05,5.0,SPE4A625PL916P00001,4R2Y5,SPE4A626T11AB.PDF p.7,1.2,1.0
SPE4A626T11AR,SPE4A6-26-T-11AR,SPE4A626T11AR.PDF,2026-07-31,2026-08-07,19,HUBZone set-aside,2,False,,True,7,True,7,False,,False,,False,,True,3,recent exact-NSN history,1,0,1211.0,,1211.0,2026-04-08,1.0,SPE4A626V047P,0HS46,SPE4A626T11AR.PDF p.6,0.5,3.0
SPE4A626T11CA,SPE4A6-26-T-11CA,SPE4A626T11CA.PDF,2026-08-03,2026-08-10,24,HUBZone set-aside,2,False,,True,8,True,8,True,9,False,,True,3,True,3,recent exact-NSN history,1,0,2980.8,,496.8,2025-11-20,291.0,SPE4A626V3634P00002,7VKN1,SPE4A626T11CA.PDF p.6,0.9,20.0
SPE4A626T11CU,SPE4A6-26-T-11CU,SPE4A626T11CU.PDF,2026-08-03,2026-08-10,19,HUBZone set-aside,2,False,,True,7,True,7,True,8,False,,True,3,True,3,recent exact-NSN history,1,0,3031.85,,606.37,2025-01-24,10.0,SPE4A625PC949,75Q65,SPE4A626T11CU.PDF p.6,1.7,4.0
SPE4A626T11CV,SPE4A6-26-T-11CV,SPE4A626T11CV.PDF,2026-08-03,2026-08-10,19,HUBZone set-aside,2,False,,True,7,False,,False,,False,,False,,True,3,recent exact-NSN history,1,0,477.77,,477.77,2025-10-17,1.0,SPE4A626V1136P00001,646V6,SPE4A626T11CV.PDF p.6,1.0,13.0
SPE4A626T11LQ,SPE4A6-26-T-11LQ,SPE4A626T11LQ.PDF,2026-08-04,2026-08-11,22,Total small business set-aside,2,True,3,True,8,True,8,True,9,False,,True,2,True,4,recent exact-NSN history,1,1,23125.0,,925.0,2026-01-20,5.0,SPE4A626PC775P00001,6ZSR8,SPE4A626T11LQ.PDF p.6,0.7,2.0
SPE4A626T12AR,SPE4A6-26-T-12AR,SPE4A626T12AR.PDF,2026-08-05,2026-08-12,21,HUBZone set-aside,2,True,3,True,9,True,8,True,9,False,,True,3,True,4,recent exact-NSN history,1,1,12117.0,,1731.0,2025-09-15,7.0,SPE4A625P0W66,0HS46,SPE4A626T12AR.PDF p.6,1.0,12.0
SPE4A626T12BY,SPE4A6-26-T-12BY,SPE4A626T12BY.PDF,2026-08-05,2026-08-12,24,HUBZone set-aside,2,True,3,True,9,True,8,True,9,False,,True,3,True,4,recent exact-NSN history,1,1,4829.75,,4829.75,2026-06-25,1.0,SPE4A626PT725,6ZSR8,SPE4A626T12BY.PDF p.7,0.3,8.0
SPE4A626T12CU,SPE4A6-26-T-12CU,SPE4A626T12CU.PDF,2026-08-05,2026-08-12,19,HUBZone set-aside,2,False,,True,7,True,7,True,8,False,,False,,True,3,recent exact-NSN history,1,0,11804.0,,1475.5,2026-03-26,16.0,SPE4A626PK882,6ZSR8,SPE4A626T12CU.PDF p.6,0.5,17.0
SPE4A626T12ET,SPE4A6-26-T-12ET,SPE4A626T12ET.PDF,2026-08-05,2026-08-12,22,HUBZone set-aside,2,True,3,True,9,True,8,True,9,False,,True,3,True,4,recent exact-NSN history,1,1,12380.0,,1238.0,2026-07-20,8.0,SPE4A626PY312,29056,SPE4A626T12ET.PDF p.7,0.2,6.0
SPE4A626T12FM,SPE4A6-26-T-12FM,SPE4A626T12FM.PDF,2026-08-05,2026-08-12,22,No set-aside clause found (check SF18 block),,True,3,True,8,True,8,True,9,False,,True,3,True,4,recent exact-NSN history,1,1,16380.0,,1260.0,2026-05-20,4.0,SPE4A626PR891,7BUL6,SPE4A626T12FM.PDF p.7,0.4,8.0
SPE4A626T12HY,SPE4A6-26-T-12HY,SPE4A626T12HY.PDF,2026-08-05,2026-08-12,22,No set-aside clause found (check SF18 block),,True,3,True,8,True,8,True,9,False,,True,3,True,4,recent exact-NSN history,1,1,21700.0,,4340.0,2026-07-22,5.0,SPE4A626PY223,3B8L1,SPE4A626T12HY.PDF p.7,0.2,14.0
SPE4A626T12SG,SPE4A6-26-T-12SG,SPE4A626T12SG.PDF,2026-08-06,2026-08-13,19,HUBZone set-aside,2,False,,True,7,True,7,False,,False,,True,3,True,3,history older than 5 years - compare with DLA management price,1,0,1325.0,,5.0,2020-03-10,363.0,SPE8E720P0818,1N0P1,SPE4A626T12SG.PDF p.6,6.6,3.0
SPE4A626T12SJ,SPE4A6-26-T-12SJ,SPE4A626T12SJ.PDF,2026-08-06,2026-08-13,22,HUBZone set-aside,2,True,3,True,9,True,8,True,9,False,,True,3,True,4,recent exact-NSN history,1,1,5329.75,,5329.75,2026-01-09,11.0,SPE4A626PB718P00001,6ZSR8,SPE4A626T12SJ.PDF p.6,0.7,7.0
SPE4A626T12SK,SPE4A6-26-T-12SK,SPE4A626T12SK.PDF,2026-08-06,2026-08-13,21,No set-aside clause found (check SF18 block),,True,3,True,8,True,8,False,,False,,True,3,True,4,recent exact-NSN history,1,1,55517.0,,1133.0,2026-03-10,55.0,SPE4A626PJ164,3WGD1,SPE4A626T12SK.PDF p.7,0.6,15.0
SPE4A626T12XU,SPE4A6-26-T-12XU,SPE4A626T12XU.PDF,2026-08-06,2026-08-13,19,HUBZone set-aside,2,False,,False,,False,,True,8,False,,True,3,True,3,history older than 5 years - compare with DLA management price,1,0,726.41,,42.73,2018-02-26,65.0,SPE4A618PA674,0JP67,SPE4A626T12XU.PDF p.6,8.6,2.0
SPE4A626T13MB,SPE4A6-26-T-13MB,SPE4A626T13MB.PDF,2026-08-06,2026-08-13,21,HUBZone set-aside,2,True,3,True,8,True,8,True,9,False,,True,3,True,4,recent exact-NSN history,1,1,1240.0,,310.0,2024-06-17,13.0,SPE4A624PS286,31068,SPE4A626T13MB.PDF p.7,2.3,14.0
SPE4A626T13NF,SPE4A6-26-T-13NF,SPE4A626T13NF.PDF,2026-08-06,2026-08-13,21,HUBZone set-aside,2,True,3,True,9,True,8,True,9,False,,True,3,True,4,history older than 5 years - compare with DLA management price,1,1,1856.0,,64.0,2018-04-12,87.0,SPE4A618PE180,29056,SPE4A626T13NF.PDF p.7,8.5,9.0
SPE4A626T13NZ,SPE4A6-26-T-13NZ,SPE4A626T13NZ.PDF,2026-08-06,2026-08-13,21,HUBZone set-aside,2,True,3,True,8,True,8,True,9,False,,True,3,True,4,recent exact-NSN history,1,1,2428.9199999999996,,89.96,2023-03-27,82.0,SPE4A623PH482P00004,012M4,SPE4A626T13NZ.PDF p.7,3.5,13.0
SPE4A626T13PV,SPE4A6-26-T-13PV,SPE4A626T13PV.PDF,2026-08-06,2026-08-13,21,HUBZone set-aside,2,False,,True,7,True,7,True,8,False,,True,3,True,3,recent exact-NSN history,1,0,1385.0,,692.5,2024-03-15,7.0,SPE4A624PJ033P00001,6ZSR8,SPE4A626T13PV.PDF p.6,2.5,8.0
SPE4A626T13TS,SPE4A6-26-T-13TS,SPE4A626T13TS.PDF,2026-08-06,2026-08-13,20,HUBZone set-aside,2,False,,True,7,True,7,False,,False,,True,3,True,3,no procurement history in PDF - investigate DLA management price; line stays unpriced,1,0,,,,,,,,,,
SPE4A626T13UF,SPE4A6-26-T-13UF,SPE4A626T13UF.PDF,2026-08-06,2026-08-13,22,HUBZone set-aside; SDVOSB set-aside,2,True,3,True,8,True,8,True,9,False,,True,3,True,4,recent exact-NSN history,1,1,40583.049999999996,,2135.95,2026-08-05,12.0,SPE4A626PY289,6ZSR8,SPE4A626T13UF.PDF p.6,0.2,8.0
SPE4A626T13UM,SPE4A6-26-T-13UM,SPE4A626T13UM.PDF,2026-08-06,2026-08-13,22,HUBZone set-aside; WOSB set-aside,2,True,3,True,10,True,9,True,10,False,,True,3,True,4,recent exact-NSN history,1,1,139326.0,,1055.5,2026-02-19,100.0,SPE4A626F6086,6XU84,SPE4A626T13UM.PDF p.7,0.6,20.0
SPE4A626T13XZ,SPE4A6-26-T-13XZ,SPE4A626T13XZ.PDF,2026-08-06,2026-08-13,19,HUBZone set-aside,2,False,,False,,True,7,True,8,False,,True,3,True,3,no procurement history in PDF - investigate DLA management price; line stays unpriced,1,0,,,,,,,,,,
SPE4A626T14BG,SPE4A6-26-T-14BG,SPE4A626T14BG.PDF,2026-08-07,2026-08-14,20,HUBZone set-aside,2,False,,True,7,True,7,False,,False,,False,,True,3,history older than 5 years - compare with DLA management price,1,0,23.7,,23.7,1991-01-17,100.0,DLA50091MDH74,75108,SPE4A626T14BG.PDF p.6,35.7,1.0
SPE4A626T14CT,SPE4A6-26-T-14CT,SPE4A626T14CT.PDF,2026-08-07,2026-08-14,24,HUBZone set-aside,2,True,3,True,9,True,9,True,10,False,,True,3,True,5,recent exact-NSN history,1,2,2398.17,,799.39,2026-06-25,7.0,SPE4A626PV836P00001,012M4,SPE4A626T14CT.PDF p.7,0.3,6.0
SPE4A626T14PE,SPE4A6-26-T-14PE,SPE4A626T14PE.PDF,2026-08-10,2026-08-17,19,Total small business set-aside,2,False,,True,7,True,7,True,8,False,,True,2,True,3,history older than 5 years - compare with DLA management price,1,0,14930.0,,1493.0,2017-12-07,10.0,SPE4A418V2137,3T8J4,SPE4A626T14PE.PDF p.5,8.8,6.0
SPE4A626T14TD,SPE4A6-26-T-14TD,SPE4A626T14TD.PDF,2026-08-11,2026-08-18,20,Total small business set-aside,2,True,3,True,8,True,7,True,8,False,,True,2,True,3,recent exact-NSN history,1,1,30716.379999999997,,374.59,2025-08-26,35.0,SPE4A625PYK89P00001,4LH05,SPE4A626T14TD.PDF p.6,1.1,9.0
SPE4A626T14TS,SPE4A6-26-T-14TS,SPE4A626T14TS.PDF,2026-08-11,2026-08-18,19,HUBZone set-aside,2,False,,True,8,True,7,True,8,False,,True,3,True,3,no procurement history in PDF - investigate DLA management price; line stays unpriced,1,0,,,,,,,,,,
SPE4A626T14UH,SPE4A6-26-T-14UH,SPE4A626T14UH.PDF,2026-08-11,2026-08-18,19,HUBZone set-aside,2,False,,True,7,False,,False,,False,,True,3,True,3,recent exact-NSN history,1,0,3400.0,,3400.0,2026-04-24,1.0,SPE4A626PP009P00001,646V6,SPE4A626T14UH.PDF p.6,0.4,1.0
SPE4A626T15HV,SPE4A6-26-T-15HV,SPE4A626T15HV.PDF,2026-08-12,2026-08-19,20,HUBZone set-aside; SDVOSB set-aside,2,False,,True,7,True,7,True,8,False,,True,3,True,3,recent exact-NSN history,1,0,68527.2,,1223.7,2026-07-28,15.0,SPE4A126V1430,87WV1,SPE4A626T15HV.PDF p.6,0.2,13.0
SPE4A626T15LX,SPE4A6-26-T-15LX,SPE4A626T15LX.PDF,2026-08-12,2026-08-19,22,Total small business set-aside,2,True,3,True,8,True,7,False,,False,,True,2,True,4,recent exact-NSN history,1,1,24250.0,,2425.0,2026-07-28,4.0,SPE4A626PAB53,19DN2,SPE4A626T15LX.PDF p.6,0.2,4.0
SPE4A626T15ST,SPE4A6-26-T-15ST,SPE4A626T15ST.PDF,2026-08-12,2026-08-19,21,HUBZone set-aside,2,True,3,True,9,True,8,True,9,False,,True,3,True,4,history older than 5 years - compare with DLA management price,1,1,0.8200000000000001,,0.01,2009-04-03,2300.0,W56HZV09C0302,00016,SPE4A626T15ST.PDF p.7,17.5,1.0
SPE4A626T15TA,SPE4A6-26-T-15TA,SPE4A626T15TA.PDF,2026-08-12,2026-08-19,22,HUBZone set-aside,2,True,3,True,8,False,,True,9,False,,True,3,True,4,recent exact-NSN history,2,1,8252.0,,515.75,2023-03-14,15.0,SPE4A623F8988P00001,79NB1,SPE4A626T15TA.PDF p.7,3.5,19.0
SPE4A626T15VS,SPE4A6-26-T-15VS,SPE4A626T15VS.PDF,2026-08-13,2026-08-20,21,Total small business set-aside,2,True,3,True,8,True,7,True,8,False,,True,2,True,4,no procurement history in PDF - investigate DLA management price; line stays unpriced,1,1,,,,,,,,,,
SPE4A626T15VU,SPE4A6-26-T-15VU,SPE4A626T15VU.PDF,2026-08-13,2026-08-20,26,Total small business set-aside,2,True,3,True,8,True,7,False,,False,,True,2,True,3,recent exact-NSN history,1,1,92950.0,,8450.0,2026-06-02,2.0,SPE4A626PP029P00001,6ZSR8,SPE4A626T15VU.PDF p.6,0.3,5.0
SPE4A626T15VY,SPE4A6-26-T-15VY,SPE4A626T15VY.PDF,2026-08-13,2026-08-20,19,HUBZone set-aside,2,False,,True,7,True,7,True,8,False,,True,3,True,3,history older than 5 years - compare with DLA management price,1,0,24000.0,,4000.0,2021-06-01,1.0,SPE4A621PL464P00001,5N063,SPE4A626T15VY.PDF p.6,5.3,2.0
SPE4A626T15VZ,SPE4A6-26-T-15VZ,SPE4A626T15VZ.PDF,2026-08-13,2026-08-20,21,HUBZone set-aside; SDVOSB set-aside,2,True,3,True,9,True,8,True,9,False,,True,3,True,4,recent exact-NSN history,1,1,120224.0,,416.0,2026-06-04,291.0,SPE4A626PT949,35KC3,SPE4A626T15VZ.PDF p.6,0.3,19.0
SPE4A626T15YM,SPE4A6-26-T-15YM,SPE4A626T15YM.PDF,2026-08-13,2026-08-20,22,HUBZone set-aside,2,True,3,True,8,True,8,False,,False,,True,3,True,4,recent exact-NSN history,1,1,6468.44,,294.02,2025-06-26,13.0,SPE4A625PX769P00001,02AV2,SPE4A626T15YM.PDF p.7,1.3,2.0
SPE4A626T15YY,SPE4A6-26-T-15YY,SPE4A626T15YY.PDF,2026-08-13,2026-08-20,19,HUBZone set-aside,2,False,,True,7,True,7,True,8,False,,True,3,True,3,no procurement history in PDF - investigate DLA management price; line stays unpriced,1,0,,,,,,,,,,
SPE4A626T15ZG,SPE4A6-26-T-15ZG,SPE4A626T15ZG.PDF,2026-08-13,2026-08-20,22,HUBZone set-aside,2,True,3,True,9,True,8,True,9,False,,True,3,True,4,recent exact-NSN history,1,1,10220.0,,5110.0,2021-10-15,2.0,SPE4A622P1671P00002,67291,SPE4A626T15ZG.PDF p.7,5.0,3.0
SPE4A626T16DS,SPE4A6-26-T-16DS,SPE4A626T16DS.PDF,2026-08-13,2026-08-20,23,HUBZone set-aside,2,True,3,True,8,True,8,True,9,False,,True,3,True,4,recent exact-NSN history,1,1,17688.79,,299.81,2026-07-28,60.0,SPE4A626PY975P00002,012M4,SPE4A626T16DS.PDF p.7,0.2,15.0
SPE4A626T16DW,SPE4A6-26-T-16DW,SPE4A626T16DW.PDF,2026-08-13,2026-08-20,21,HUBZone set-aside,2,True,3,True,8,True,8,True,9,False,,True,3,True,4,recent exact-NSN history,1,1,16892.0,,4223.0,2026-07-28,3.0,SPE4A626PY447,0HS46,SPE4A626T16DW.PDF p.6,0.2,6.0
SPE4A626T16JH,SPE4A6-26-T-16JH,SPE4A626T16JH.PDF,2026-08-13,2026-08-20,21,Total small business set-aside,2,True,3,True,7,True,7,True,8,False,,True,2,True,4,no procurement history in PDF - investigate DLA management price; line stays unpriced,1,1,,,,,,,,,,
SPE4A626T16LA,SPE4A6-26-T-16LA,SPE4A626T16LA.PDF,2026-08-13,2026-08-20,20,Total small business set-aside,2,False,,True,7,False,,True,7,False,,True,2,True,3,recent exact-NSN history,1,0,36600.0,,4575.0,2025-12-11,6.0,SPE4A626P9218P00001,6ZSR8,SPE4A626T16LA.PDF p.5,0.8,1.0
SPE4A626T16MB,SPE4A6-26-T-16MB,SPE4A626T16MB.PDF,2026-08-14,2026-08-21,19,HUBZone set-aside,2,False,,True,7,True,7,False,,False,,False,,True,3,recent exact-NSN history,1,0,1919.3000000000002,,383.86,2023-11-15,11.0,SPE4A624V2498,4AWV9,SPE4A626T16MB.PDF p.6,2.9,3.0
SPE4A626T17AR,SPE4A6-26-T-17AR,SPE4A626T17AR.PDF,2026-08-17,2026-08-24,19,HUBZone set-aside,2,False,,True,7,False,,True,7,False,,True,3,True,3,history older than 5 years - compare with DLA management price,1,0,913.23,,913.23,2020-10-16,5.0,SPE4A621V1550,067A4,SPE4A626T17AR.PDF p.6,6.0,6.0
SPE4A626T17DX,SPE4A6-26-T-17DX,SPE4A626T17DX.PDF,2026-08-17,2026-08-24,21,HUBZone set-aside,2,False,,True,7,True,7,True,8,False,,True,3,True,3,recent exact-NSN history,1,0,1385.0,,692.5,2024-03-15,7.0,SPE4A624PJ033P00001,6ZSR8,SPE4A626T17DX.PDF p.6,2.5,8.0
SPE4A626T17EH,SPE4A6-26-T-17EH,SPE4A626T17EH.PDF,2026-08-17,2026-08-24,19,HUBZone set-aside,2,False,,True,8,True,7,False,,False,,False,,True,3,recent exact-NSN history,1,0,39090.87,,4343.43,2026-08-12,9.0,SPE4A626PAY44,646V6,SPE4A626T17EH.PDF p.6,0.1,2.0
SPE4A626T17FX,SPE4A6-26-T-17FX,SPE4A626T17FX.PDF,2026-08-17,2026-08-24,20,HUBZone set-aside,2,False,,True,7,True,7,False,,False,,False,,True,3,no procurement history in PDF - investigate DLA management price; line stays unpriced,1,0,,,,,,,,,,
SPE4A626T17HE,SPE4A6-26-T-17HE,SPE4A626T17HE.PDF,2026-08-17,2026-08-24,22,HUBZone set-aside,2,True,3,True,8,True,8,False,,False,,True,3,True,4,recent exact-NSN history,1,1,4500.0,,225.0,2024-08-28,7.0,SPE4A624PY767P00001,9BKX7,SPE4A626T17HE.PDF p.7,2.1,1.0
SPE4A626T17HR,SPE4A6-26-T-17HR,SPE4A626T17HR.PDF,2026-08-17,2026-08-24,19,HUBZone set-aside,2,False,,True,8,True,7,True,8,False,,True,3,True,3,history older than 5 years - compare with DLA management price,1,0,13494.0,,4498.0,2016-10-03,5.0,SPE4A617V0052,3T8J4,SPE4A626T17HR.PDF p.6,10.0,3.0
SPE4A626T17JL,SPE4A6-26-T-17JL,SPE4A626T17JL.PDF,2026-08-17,2026-08-24,22,HUBZone set-aside,2,True,3,True,8,True,8,False,,False,,True,3,True,4,recent exact-NSN history,1,1,992.25,,992.25,2026-05-15,1.0,SPE4A026P1656,6ZSR8,SPE4A626T17JL.PDF p.7,0.4,2.0
SPE4A626T17KL,SPE4A6-26-T-17KL,SPE4A626T17KL.PDF,2026-08-17,2026-08-24,20,HUBZone set-aside,2,False,,True,8,True,7,False,,False,,False,,True,3,history older than 5 years - compare with DLA management price,1,0,91.0,,91.0,2012-07-24,40.0,SPE4A612M3598,1B5X6,SPE4A626T17KL.PDF p.6,14.2,3.0
SPE4A626T17LC,SPE4A6-26-T-17LC,SPE4A626T17LC.PDF,2026-08-17,2026-08-24,19,HUBZone set-aside,2,False,,True,7,False,,True,8,False,,False,,True,3,recent exact-NSN history,1,0,11375.5,,11375.5,2026-01-27,1.0,SPE4A626V7294,6ZSR8,SPE4A626T17LC.PDF p.6,0.7,20.0
SPE4A626T17MX,SPE4A6-26-T-17MX,SPE4A626T17MX.PDF,2026-08-17,2026-08-24,20,HUBZone set-aside,2,False,,True,7,True,7,True,8,False,,True,3,True,3,recent exact-NSN history,1,0,3003.0,,250.25,2025-12-18,10.0,SPE4A626V5484P00001,646V6,SPE4A626T17MX.PDF p.6,0.8,19.0
SPE4A626T17WY,SPE4A6-26-T-17WY,SPE4A626T17WY.PDF,2026-08-17,2026-08-24,19,HUBZone set-aside,2,False,,True,8,True,7,True,8,False,,False,,True,3,recent exact-NSN history,1,0,4955.5,,225.25,2026-05-19,1.0,SPE4A626F098Z,646V6,SPE4A626T17WY.PDF p.6,0.4,20.0
SPE4A626T18CH,SPE4A6-26-T-18CH,SPE4A626T18CH.PDF,2026-08-17,2026-08-24,22,HUBZone set-aside; SDVOSB set-aside,2,True,3,True,8,True,8,True,9,False,,True,3,True,4,recent exact-NSN history,1,1,20081.25,,446.25,2025-12-10,40.0,SPE4A626P9221P00003,7BUL6,SPE4A626T18CH.PDF p.7,0.8,15.0
SPE4A626T18MR,SPE4A6-26-T-18MR,SPE4A626T18MR.PDF,2026-08-17,2026-08-24,21,HUBZone set-aside; SDVOSB set-aside,2,True,3,True,8,True,8,True,9,False,,True,3,True,4,recent exact-NSN history,1,1,23074.0,,139.0,2026-05-26,94.0,SPE4A626PN493,1L2M7,SPE4A626T18MR.PDF p.7,0.3,20.0
SPE4A626T18Q0,SPE4A6-26-T-18Q0,SPE4A626T18Q0.PDF,2026-04-13,2026-04-20,23,HUBZone set-aside,2,False,,True,8,True,7,True,8,False,,True,3,True,3,recent exact-NSN history,1,0,2863.8,,5.16,2025-11-06,745.0,SPE4A626P5049P00001,7GL31,SPE4A626T18Q0.PDF p.6,0.9,20.0
SPE4A626T18QM,SPE4A6-26-T-18QM,SPE4A626T18QM.PDF,2026-08-18,2026-08-25,19,HUBZone set-aside,2,False,,False,,True,7,False,,False,,False,,True,3,recent exact-NSN history,1,0,777.77,,777.77,2026-07-20,1.0,SPE4A626PY574,646V6,SPE4A626T18QM.PDF p.6,0.2,1.0
SPE4A626T18SA,SPE4A6-26-T-18SA,SPE4A626T18SA.PDF,2026-08-18,2026-08-25,25,Total small business set-aside,2,True,3,True,8,True,7,True,8,False,,True,2,True,4,recent exact-NSN history,1,1,46000.0,,11500.0,2024-08-22,5.0,SPE4A624PY098P00001,6ZSR8,SPE4A626T18SA.PDF p.6,2.1,9.0
SPE4A626T18XV,SPE4A6-26-T-18XV,SPE4A626T18XV.PDF,2026-08-18,2026-08-25,22,HUBZone set-aside,2,True,3,True,8,True,8,True,9,False,,True,3,True,4,recent exact-NSN history,1,1,5400.0,,1800.0,2026-08-05,32.0,SPE4A626PX443,6ZSR8,SPE4A626T18XV.PDF p.7,0.2,19.0
SPE4A626T18ZT,SPE4A6-26-T-18ZT,SPE4A626T18ZT.PDF,2026-08-18,2026-08-25,21,HUBZone set-aside,2,True,3,True,9,True,8,True,9,False,,True,3,True,4,recent exact-NSN history,1,1,4430.88,,4430.88,2026-07-09,2.0,SPE4A626PX396,0DR48,SPE4A626T18ZT.PDF p.6,0.2,3.0
SPE4A626T19AT,SPE4A6-26-T-19AT,SPE4A626T19AT.PDF,2026-08-18,2026-08-25,19,HUBZone set-aside,2,False,,True,7,True,7,True,8,False,,False,,True,3,recent exact-NSN history,1,0,5448.0,,5448.0,2025-06-05,2.0,SPE4A625PV323,13774,SPE4A626T19AT.PDF p.6,1.3,4.0
SPE4A626T19BM,SPE4A6-26-T-19BM,SPE4A626T19BM.PDF,2026-08-18,2026-08-25,20,HUBZone set-aside,2,True,3,True,8,False,,True,8,False,,True,3,True,4,recent exact-NSN history,1,1,8488.5,,2829.5,2025-05-28,4.0,SPE4A625V295K,6ZSR8,SPE4A626T19BM.PDF p.7,1.3,1.0
SPE4A626T19FJ,SPE4A6-26-T-19FJ,SPE4A626T19FJ.PDF,2026-08-19,2026-08-26,22,HUBZone set-aside; WOSB set-aside,2,True,3,True,9,True,8,True,9,False,,True,3,True,4,history older than 5 years - compare with DLA management price,1,1,23475.0,,313.0,2018-05-30,72.0,SPE4A618PF998P00002,4VAS1,SPE4A626T19FJ.PDF p.7,8.3,3.0
SPE4A626T19GG,SPE4A6-26-T-19GG,SPE4A626T19GG.PDF,2026-08-19,2026-08-26,19,HUBZone set-aside,2,False,,True,7,True,7,False,,False,,False,,True,3,recent exact-NSN history,1,0,2933.1,,97.77,2026-01-22,13.0,SPE4A526V0645,646V6,SPE4A626T19GG.PDF p.6,0.7,4.0
SPE4A626T19HK,SPE4A6-26-T-19HK,SPE4A626T19HK.PDF,2026-08-19,2026-08-26,22,HUBZone set-aside,2,True,3,True,8,True,8,True,9,False,,True,3,True,4,recent exact-NSN history,1,1,26100.0,,2175.0,2026-08-12,21.0,SPE4A626PAM48,3B8L1,SPE4A626T19HK.PDF p.6,0.1,9.0
SPE4A626T19LF,SPE4A6-26-T-19LF,SPE4A626T19LF.PDF,2026-08-19,2026-08-26,21,No set-aside clause found (check SF18 block),,True,3,True,8,True,8,True,9,False,,True,3,True,4,recent exact-NSN history,1,1,30670.18,,807.11,2026-03-05,14.0,SPE4A626PH416,42827,SPE4A626T19LF.PDF p.7,0.6,3.0
SPE4A626T19MD,SPE4A6-26-T-19MD,SPE4A626T19MD.PDF,2026-08-19,2026-08-26,21,Total small business set-aside,2,True,3,True,8,True,8,True,9,False,,True,2,True,4,recent exact-NSN history,1,1,29744.0,,338.0,2026-02-04,124.0,SPE4A626PE269P00001,29056,SPE4A626T19MD.PDF p.7,0.7,18.0
SPE4A626T19MT,SPE4A6-26-T-19MT,SPE4A626T19MT.PDF,2026-08-19,2026-08-26,19,HUBZone set-aside,2,False,,True,7,True,7,False,,False,,False,,True,3,recent exact-NSN history,1,0,4840.0,,968.0,2025-12-02,5.0,SPE4A626V4357,3T8J4,SPE4A626T19MT.PDF p.6,0.8,12.0
SPE4A626T19NS,SPE4A6-26-T-19NS,SPE4A626T19NS.PDF,2026-08-19,2026-08-26,19,HUBZone set-aside,2,False,,True,7,True,7,True,8,False,,True,3,True,3,recent exact-NSN history,1,0,9766.82,,1395.26,2024-01-29,10.0,SPE4A624PD773P00001,90095,SPE4A626T19NS.PDF p.6,2.7,2.0
SPE4A626T19PC,SPE4A6-26-T-19PC,SPE4A626T19PC.PDF,2026-08-19,2026-08-26,20,Total small business set-aside,2,True,3,True,8,True,7,True,8,False,,True,2,True,4,recent exact-NSN history,1,1,84742.79999999999,,3530.95,2026-08-13,27.0,SPE4A626PAG62,6ZSR8,SPE4A626T19PC.PDF p.6,0.1,7.0
SPE4A626T19Q2,SPE4A6-26-T-19Q2,SPE4A626T19Q2.PDF,2026-04-13,2026-04-20,23,HUBZone set-aside,2,False,,True,7,False,,True,8,False,,True,3,True,3,recent exact-NSN history,1,0,44550.0,,550.0,2025-01-28,23.0,SPE4A625PD434,8SKT8,SPE4A626T19Q2.PDF p.6,1.7,1.0
SPE4A626T19SR,SPE4A6-26-T-19SR,SPE4A626T19SR.PDF,2026-08-19,2026-08-26,19,HUBZone set-aside,2,False,,True,7,True,7,True,8,False,,False,,True,3,recent exact-NSN history,1,0,502.77,,502.77,2025-06-09,2.0,SPE4A625PV768P00002,646V6,SPE4A626T19SR.PDF p.6,1.3,2.0
SPE4A626T19TL,SPE4A6-26-T-19TL,SPE4A626T19TL.PDF,2026-08-19,2026-08-26,21,HUBZone set-aside,2,True,3,True,9,True,8,True,9,False,,True,3,True,4,recent exact-NSN history,1,1,4500.0,,2250.0,2026-02-23,4.0,SPE4A626PG482P00001,9XUD2,SPE4A626T19TL.PDF p.7,0.6,8.0
SPE4A626T19VU,SPE4A6-26-T-19VU,SPE4A626T19VU.PDF,2026-08-19,2026-08-26,21,HUBZone set-aside,2,True,3,True,8,True,8,False,,False,,True,3,True,4,recent exact-NSN history,1,1,10800.0,,10800.0,2025-08-27,1.0,SPE4A625PAAAUP00001,6ZSR8,SPE4A626T19VU.PDF p.7,1.1,10.0
SPE4A626T19WV,SPE4A6-26-T-19WV,SPE4A626T19WV.PDF,2026-08-19,2026-08-26,21,HUBZone set-aside,2,True,3,True,9,True,8,True,9,False,,True,3,True,4,history older than 5 years - compare with DLA management price,1,1,1499.0,,14.99,2020-04-22,499.0,SPE4A620PF160P00002,6ZSR8,SPE4A626T19WV.PDF p.6,6.4,17.0
SPE4A626T20CZ,SPE4A6-26-T-20CZ,SPE4A626T20CZ.PDF,2026-08-19,2026-08-26,22,Total small business set-aside,2,True,3,True,9,True,8,True,9,False,,True,2,True,4,recent exact-NSN history,1,2,48958.5,,64.25,2025-12-16,151.0,SPE4A626F3563P00001,72DG1,SPE4A626T20CZ.PDF p.7,0.8,20.0
SPE4A626T20EA,SPE4A6-26-T-20EA,SPE4A626T20EA.PDF,2026-08-19,2026-08-26,21,HUBZone set-aside,2,True,3,True,9,True,8,True,9,False,,True,3,True,4,recent exact-NSN history,1,1,9100.0,,1300.0,2026-02-18,4.0,SPE4A626PG008P00001,9XUD2,SPE4A626T20EA.PDF p.7,0.6,3.0
SPE4A626T20FP,SPE4A6-26-T-20FP,SPE4A626T20FP.PDF,2026-08-19,2026-08-26,22,HUBZone set-aside,2,False,,True,7,False,,False,,False,,False,,True,3,recent exact-NSN history,1,0,868.68,,434.34,2026-08-17,14.0,SPE4A626PAP45,646V6,SPE4A626T20FP.PDF p.6,0.1,8.0
SPE4A626T20GV,SPE4A6-26-T-20GV,SPE4A626T20GV.PDF,2026-08-20,2026-08-27,19,HUBZone set-aside,2,False,,True,8,True,7,True,8,False,,True,3,True,3,recent exact-NSN history,1,0,13498.65,,499.95,2026-05-13,25.0,SPE4A726V2874,012M4,SPE4A626T20GV.PDF p.6,0.4,10.0
SPE4A626T20KG,SPE4A6-26-T-20KG,SPE4A626T20KG.PDF,2026-08-20,2026-08-27,19,HUBZone set-aside,2,False,,True,7,False,,False,,False,,False,,True,3,recent exact-NSN history,1,0,2889.0,,2889.0,2024-07-12,1.0,SPE4AN24V0009,0HS46,SPE4A626T20KG.PDF p.6,2.2,2.0
SPE4A626T20QA,SPE4A6-26-T-20QA,SPE4A626T20QA.PDF,2026-08-20,2026-08-27,19,Total small business set-aside,2,False,,True,7,True,7,True,8,False,,True,2,True,3,recent exact-NSN history,1,0,17875.0,,1375.0,2026-06-17,9.0,SPE4A626PV235,23371,SPE4A626T20QA.PDF p.5,0.3,7.0
SPE4A626T20QC,SPE4A6-26-T-20QC,SPE4A626T20QC.PDF,2026-08-20,2026-08-27,20,HUBZone set-aside,2,False,,True,7,True,8,True,8,False,,True,3,True,3,recent exact-NSN history,1,0,4033.25,,310.25,2024-10-24,13.0,SPE4A625P2792,6ZSR8,SPE4A626T20QC.PDF p.6,1.9,8.0
SPE4A626T20QD,SPE4A6-26-T-20QD,SPE4A626T20QD.PDF,2026-08-20,2026-08-27,21,HUBZone set-aside,2,True,3,True,9,True,8,True,9,False,,True,3,True,4,recent exact-NSN history,1,1,6762.0,,483.0,2025-06-18,29.0,SPE4A625PW819P00001,3T8J4,SPE4A626T20QD.PDF p.7,1.3,9.0
SPE4A626T20RA,SPE4A6-26-T-20RA,SPE4A626T20RA.PDF,2026-08-20,2026-08-27,23,HUBZone set-aside,2,True,3,True,9,True,8,False,,False,,True,3,True,4,recent exact-NSN history,1,1,3894.72,,1947.36,2026-06-25,14.0,SPE4A626PV976,0REY5,SPE4A626T20RA.PDF p.7,0.3,5.0
SPE4A626T20RL,SPE4A6-26-T-20RL,SPE4A626T20RL.PDF,2026-08-20,2026-08-27,20,HUBZone set-aside,2,False,,True,7,True,7,True,8,False,,True,3,True,3,history older than 5 years - compare with DLA management price,1,0,2498.0,,1249.0,1996-10-16,2.0,SP045197MC028,8A549,SPE4A626T20RL.PDF p.6,30.0,1.0
SPE4A626T21AL,SPE4A6-26-T-21AL,SPE4A626T21AL.PDF,2026-08-20,2026-08-27,21,HUBZone set-aside,2,True,3,True,8,True,8,False,,False,,True,3,True,4,recent exact-NSN history,1,1,2349.0,,87.0,2023-11-09,16.0,SPE4A624P4076P00001,5N063,SPE4A626T21AL.PDF p.7,2.9,12.0
SPE4A626T21M9,SPE4A6-26-T-21M9,SPE4A626T21M9.PDF,2026-04-15,2026-04-22,23,HUBZone set-aside,2,False,,True,7,True,7,True,8,False,,True,3,True,3,no procurement history in PDF - investigate DLA management price; line stays unpriced,1,0,,,,,,,,,,
SPE4A626T21NK,SPE4A6-26-T-21NK,SPE4A626T21NK.PDF,2026-08-24,2026-08-31,20,HUBZone set-aside,2,False,,True,8,True,7,True,8,False,,True,3,True,3,recent exact-NSN history,1,0,850.0,,850.0,2026-03-16,1.0,SPE4A626PJ862P00001,3T8J4,SPE4A626T21NK.PDF p.6,0.5,6.0
SPE4A626T21SE,SPE4A6-26-T-21SE,SPE4A626T21SE.PDF,2026-08-24,2026-08-31,18,Total small business set-aside,2,False,,True,6,True,6,False,,False,,False,,True,3,no procurement history in PDF - investigate DLA management price; line stays unpriced,1,0,,,,,,,,,,
SPE4A626T21SH,SPE4A6-26-T-21SH,SPE4A626T21SH.PDF,2026-08-24,2026-08-31,22,HUBZone set-aside,2,True,3,True,9,True,8,False,,False,,True,3,True,4,history older than 5 years - compare with DLA management price,1,1,605.76,,201.92,2020-01-16,1.0,SPE4A620P7442P00001,90142,SPE4A626T21SH.PDF p.7,6.7,3.0
SPE4A626T21UT,SPE4A6-26-T-21UT,SPE4A626T21UT.PDF,2026-08-25,2026-09-01,22,HUBZone set-aside,2,True,3,True,8,True,8,True,9,False,,True,3,True,4,no procurement history in PDF - investigate DLA management price; line stays unpriced,1,2,,,,,,,,,,
SPE4A626T21WK,SPE4A6-26-T-21WK,SPE4A626T21WK.PDF,2026-08-25,2026-09-01,21,HUBZone set-aside,2,True,3,True,8,True,8,True,9,False,,True,3,True,4,recent exact-NSN history,1,1,84800.0,,2120.0,2025-07-08,15.0,SPE4A625PAB81,3B8L1,SPE4A626T21WK.PDF p.7,1.2,20.0
SPE4A626T21XB,SPE4A6-26-T-21XB,SPE4A626T21XB.PDF,2026-08-25,2026-09-01,19,HUBZone set-aside,2,False,,False,,False,,True,7,False,,True,3,True,3,no procurement history in PDF - investigate DLA management price; line stays unpriced,1,0,,,,,,,,,,
SPE4A626T21XK,SPE4A6-26-T-21XK,SPE4A626T21XK.PDF,2026-08-25,2026-09-01,20,HUBZone set-aside,2,True,3,False,,False,,True,8,False,,True,3,True,4,recent exact-NSN history,1,1,20736.0,,384.0,2021-10-26,17.0,SPE4A622P2586P00001,58985,SPE4A626T21XK.PDF p.6,4.9,4.0
SPE4A626T21XL,SPE4A6-26-T-21XL,SPE4A626T21XL.PDF,2026-08-25,2026-09-01,22,Total small business set-aside,2,True,3,True,7,True,7,False,,False,,True,2,True,4,recent exact-NSN history,1,1,45850.0,,3275.0,2026-01-23,9.0,SPE4A626PD269,8WBD2,SPE4A626T21XL.PDF p.6,0.7,6.0
SPE4A626T21YD,SPE4A6-26-T-21YD,SPE4A626T21YD.PDF,2026-08-25,2026-09-01,21,HUBZone set-aside,2,True,3,True,8,True,8,True,9,False,,True,3,True,4,recent exact-NSN history,1,1,3830.6800000000003,,273.62,2025-07-05,4.0,SPE7LX25F54S1P00001,4V314,SPE4A626T21YD.PDF p.7,1.2,2.0
SPE4A626T21YK,SPE4A6-26-T-21YK,SPE4A626T21YK.PDF,2026-08-25,2026-09-01,21,Total small business set-aside,2,True,3,True,8,False,,True,9,False,,True,2,True,4,recent exact-NSN history,1,1,32887.25,,2989.75,2026-07-08,5.0,SPE4A626PN154,6ZSR8,SPE4A626T21YK.PDF p.6,0.2,18.0
SPE4A626T21YM,SPE4A6-26-T-21YM,SPE4A626T21YM.PDF,2026-08-25,2026-09-01,22,HUBZone set-aside,2,True,3,True,8,True,8,True,9,False,,True,3,True,4,recent exact-NSN history,1,1,16170.0,,5390.0,2025-04-02,1.0,SPE4A625PM285P00001,29056,SPE4A626T21YM.PDF p.7,1.5,1.0
SPE4A626T22GG,SPE4A6-26-T-22GG,SPE4A626T22GG.PDF,2026-08-26,2026-09-02,22,Total small business set-aside,2,False,,True,7,True,7,True,8,False,,True,2,True,3,recent exact-NSN history,1,0,20242.0,,2024.2,2025-03-20,8.0,SPE4A125P1161P00002,42827,SPE4A626T22GG.PDF p.5,1.5,11.0
SPE4A626T22HM,SPE4A6-26-T-22HM,SPE4A626T22HM.PDF,2026-08-26,2026-09-02,22,HUBZone set-aside,2,True,3,True,8,True,8,True,9,False,,True,3,True,4,recent exact-NSN history,1,1,4180.5,,232.25,2026-07-20,22.0,SPE4A626PY283,6ZSR8,SPE4A626T22HM.PDF p.7,0.2,9.0
SPE4A626T22HS,SPE4A6-26-T-22HS,SPE4A626T22HS.PDF,2026-08-26,2026-09-02,24,HUBZone set-aside; SDVOSB set-aside,2,True,3,True,8,True,8,True,9,False,,True,3,True,4,history older than 5 years - compare with DLA management price,2,1,86364.0,,2399.0,2021-06-28,16.0,SPE4A621F265M,02AV2,SPE4A626T22HS.PDF p.7,5.3,20.0
SPE4A626T22JE,SPE4A6-26-T-22JE,SPE4A626T22JE.PDF,2026-08-26,2026-09-02,19,HUBZone set-aside,2,False,,True,7,True,7,False,,False,,False,,True,3,no procurement history in PDF - investigate DLA management price; line stays unpriced,1,0,,,,,,,,,,
SPE4A626T22JX,SPE4A6-26-T-22JX,SPE4A626T22JX.PDF,2026-08-26,2026-09-02,21,HUBZone set-aside,2,True,3,True,8,True,8,True,9,False,,True,3,True,4,recent exact-NSN history,1,1,9148.75,,1829.75,2026-03-10,5.0,SPE4A626PG446,6ZSR8,SPE4A626T22JX.PDF p.7,0.6,6.0
SPE4A626T22ND,SPE4A6-26-T-22ND,SPE4A626T22ND.PDF,2026-08-26,2026-09-02,19,HUBZone set-aside,2,False,,False,,True,7,False,,False,,False,,True,3,no procurement history in PDF - investigate DLA management price; line stays unpriced,1,0,,,,,,,,,,
SPE4A626T22NG,SPE4A6-26-T-22NG,SPE4A626T22NG.PDF,2026-08-26,2026-09-02,23,HUBZone set-aside,2,True,3,True,8,True,8,False,,False,,True,3,True,4,recent exact-NSN history,1,1,4984.5,,2492.25,2026-03-10,3.0,SPE4A626PH345,6ZSR8,SPE4A626T22NG.PDF p.7,0.6,6.0
SPE4A626T22NN,SPE4A6-26-T-22NN,SPE4A626T22NN.PDF,2026-08-26,2026-09-02,20,HUBZone set-aside,2,False,,True,7,True,7,True,8,False,,True,3,True,3,recent exact-NSN history,1,0,9075.2,,907.52,2026-05-14,13.0,SPE4A626PL239,646V6,SPE4A626T22NN.PDF p.6,0.4,11.0
SPE4A626T22QQ,SPE4A6-26-T-22QQ,SPE4A626T22QQ.PDF,2026-08-27,2026-09-03,24,HUBZone set-aside; SDVOSB set-aside,2,False,,True,7,True,7,True,8,False,,True,3,True,3,recent exact-NSN history,1,0,21535.5,,1025.5,2024-10-07,9.0,SPE4A625V0514,6ZSR8,SPE4A626T22QQ.PDF p.6,2.0,10.0
SPE4A626T22QY,SPE4A6-26-T-22QY,SPE4A626T22QY.PDF,2026-08-27,2026-09-03,22,HUBZone set-aside,2,False,,True,7,True,7,True,9,False,,True,3,True,3,recent exact-NSN history,1,0,8658.58,,188.23,2026-07-28,61.0,SPE4A626PAB14,34623,SPE4A626T22QY.PDF p.6,0.2,20.0
SPE4A626T23DU,SPE4A6-26-T-23DU,SPE4A626T23DU.PDF,2026-08-27,2026-09-03,25,No set-aside clause found (check SF18 block),,True,3,True,9,True,8,True,9,True,8,True,3,True,4,recent exact-NSN history,1,1,27300.0,,2100.0,2025-08-12,14.0,SPE4A625PYK23P00001,6ZSR8,SPE4A626T23DU.PDF p.7,1.1,8.0
SPE4A626T23GU,SPE4A6-26-T-23GU,SPE4A626T23GU.PDF,2026-08-27,2026-09-03,19,HUBZone set-aside,2,False,,False,,True,7,True,8,False,,True,3,True,3,history older than 5 years - compare with DLA management price,1,0,818.7,,409.35,2019-08-26,20.0,SPE4A619PK712P00001,1SNT7,SPE4A626T23GU.PDF p.6,7.1,1.0
SPE4A626T23LL,SPE4A6-26-T-23LL,SPE4A626T23LL.PDF,2026-08-27,2026-09-03,20,HUBZone set-aside,2,False,,True,8,True,7,True,8,False,,True,3,True,3,recent exact-NSN history,1,0,443.04,,73.84,2022-04-05,64.0,SPE4A622PH566,51915,SPE4A626T23LL.PDF p.6,4.5,10.0
SPE4A626T23RC,SPE4A6-26-T-23RC,SPE4A626T23RC.PDF,2026-08-27,2026-09-03,19,HUBZone set-aside,2,False,,True,7,True,7,True,8,False,,True,3,True,3,recent exact-NSN history,1,0,526.96,,75.28,2026-06-18,2.0,SPE4A626PV495,073S2,SPE4A626T23RC.PDF p.6,0.3,4.0
SPE4A626T23YA,SPE4A6-26-T-23YA,SPE4A626T23YA.PDF,2026-08-28,2026-09-04,19,HUBZone set-aside,2,False,,True,8,True,7,False,,False,,True,3,True,3,history older than 5 years - compare with DLA management price,1,0,360.0,,360.0,2018-01-19,5.0,SPE4A418V3428,1XC80,SPE4A626T23YA.PDF p.6,8.7,4.0
SPE4A626T23YH,SPE4A6-26-T-23YH,SPE4A626T23YH.PDF,2026-08-28,2026-09-04,19,HUBZone set-aside,2,False,,True,7,True,7,False,,False,,False,,True,3,history older than 5 years - compare with DLA management price,1,0,18849.0,,6283.0,2007-07-13,2.0,SPM4A607MA113,3T8J4,SPE4A626T23YH.PDF p.6,19.2,2.0
SPE4A626T24CG,SPE4A6-26-T-24CG,SPE4A626T24CG.PDF,2026-08-28,2026-09-04,19,HUBZone set-aside,2,False,,True,8,True,7,True,8,False,,True,3,True,3,no procurement history in PDF - investigate DLA management price; line stays unpriced,1,0,,,,,,,,,,
SPE4A626T24CJ,SPE4A6-26-T-24CJ,SPE4A626T24CJ.PDF,2026-08-28,2026-09-04,19,HUBZone set-aside,2,False,,True,8,True,7,True,8,False,,True,3,True,3,no procurement history in PDF - investigate DLA management price; line stays unpriced,1,0,,,,,,,,,,
SPE4A626T24DD,SPE4A6-26-T-24DD,SPE4A626T24DD.PDF,2026-08-28,2026-09-04,19,HUBZone set-aside,2,False,,True,7,True,7,False,,False,,False,,True,3,recent exact-NSN history,1,0,3525.25,,3525.25,2026-07-22,1.0,SPE4A026P2225,646V6,SPE4A626T24DD.PDF p.6,0.2,3.0
SPE4A626T24DH,SPE4A6-26-T-24DH,SPE4A626T24DH.PDF,2026-08-28,2026-09-04,20,HUBZone set-aside,2,False,,True,8,True,7,True,8,False,,True,3,True,3,history older than 5 years - compare with DLA management price,1,0,423.5,,84.7,2020-05-20,184.0,SPE4A620PH510,6FN58,SPE4A626T24DH.PDF p.6,6.4,8.0
SPE4A626T24DK,SPE4A6-26-T-24DK,SPE4A626T24DK.PDF,2026-08-28,2026-09-04,21,Total small business set-aside,2,True,3,True,8,True,8,True,9,False,,True,2,True,4,recent exact-NSN history,1,1,18004.2,,1800.42,2025-07-14,7.0,SPE4A625PZ578P00003,31068,SPE4A626T24DK.PDF p.7,1.2,20.0
SPE4A626T24JC,SPE4A6-26-T-24JC,SPE4A626T24JC.PDF,2026-08-28,2026-09-04,21,HUBZone set-aside,2,True,3,True,9,True,8,True,9,False,,True,3,True,4,recent exact-NSN history,1,1,6000.0,,400.0,2026-08-25,14.0,SPE4A626PC655,0XPA4,SPE4A626T24JC.PDF p.7,0.1,12.0
SPE4A626T24KK,SPE4A6-26-T-24KK,SPE4A626T24KK.PDF,2026-08-28,2026-09-04,24,HUBZone set-aside; SDVOSB set-aside,2,True,3,True,9,True,9,True,10,False,,True,3,True,5,recent exact-NSN history,1,2,91950.0,,3065.0,2025-07-15,60.0,SPE4A625PAJ94P00003,3B8L1,SPE4A626T24KK.PDF p.7,1.2,20.0
SPE4A626T24NQ,SPE4A6-26-T-24NQ,SPE4A626T24NQ.PDF,2026-08-28,2026-09-04,19,HUBZone set-aside,2,False,,True,8,True,7,False,,False,,False,,True,3,recent exact-NSN history,1,0,9107.5,,910.75,2025-07-28,4.0,SPE4A625V474G,6ZSR8,SPE4A626T24NQ.PDF p.6,1.2,10.0
SPE4A626T24YD,SPE4A6-26-T-24YD,SPE4A626T24YD.PDF,2026-08-31,2026-09-08,19,HUBZone set-aside,2,False,,True,7,False,,False,,False,,False,,True,3,recent exact-NSN history,1,0,663.0,,663.0,2021-10-12,1.0,SPE4A622P1465,3T8J4,SPE4A626T24YD.PDF p.6,5.0,2.0
SPE4A626T25AL,SPE4A6-26-T-25AL,SPE4A626T25AL.PDF,2026-09-01,2026-09-08,21,Total small business set-aside,2,True,3,True,8,True,7,True,8,False,,False,,True,3,recent exact-NSN history,1,1,38451.0,,19225.5,2026-08-13,2.0,SPE4A626PAT40,6ZSR8,SPE4A626T25AL.PDF p.6,0.1,5.0
SPE4A626T25TL,SPE4A6-26-T-25TL,SPE4A626T25TL.PDF,2026-09-02,2026-09-09,24,HUBZone set-aside,2,True,3,True,8,True,8,True,9,False,,True,3,True,4,history older than 5 years - compare with DLA management price,1,1,11632.0,,2908.0,2019-08-26,18.0,SPE4A619PJ238P00001,02AV2,SPE4A626T25TL.PDF p.6,7.1,4.0
SPE4A626T25UP,SPE4A6-26-T-25UP,SPE4A626T25UP.PDF,2026-09-02,2026-09-09,19,HUBZone set-aside,2,False,,True,8,True,7,True,8,False,,False,,True,3,history older than 5 years - compare with DLA management price,1,0,507.0,,9.75,2016-03-31,284.0,SPE4A616MA781,6LY89,SPE4A626T25UP.PDF p.6,10.5,7.0
SPE4A626T25V8,SPE4A6-26-T-25V8,SPE4A626T25V8.PDF,2026-04-17,2026-04-24,24,HUBZone set-aside,2,False,,True,8,True,7,False,,False,,False,,True,3,recent exact-NSN history,1,0,3566.0,,3566.0,2024-10-01,1.0,SPE4A625V0032,3T8J4,SPE4A626T25V8.PDF p.6,2.0,4.0
SPE4A626T25VG,SPE4A6-26-T-25VG,SPE4A626T25VG.PDF,2026-09-02,2026-09-09,19,HUBZone set-aside,2,False,,True,8,True,7,False,,False,,False,,True,3,recent exact-NSN history,1,0,2250.5,,1125.25,2026-05-15,2.0,SPE4A626PR539P00001,646V6,SPE4A626T25VG.PDF p.6,0.4,3.0
SPE4A626T25XG,SPE4A6-26-T-25XG,SPE4A626T25XG.PDF,2026-09-02,2026-09-09,20,Total small business set-aside,2,True,3,True,8,True,7,True,8,False,,True,2,True,3,history older than 5 years - compare with DLA management price,1,1,15928.92,,379.26,2018-02-28,36.0,SPE4AX18F2188,90142,SPE4A626T25XG.PDF p.6,8.6,16.0
SPE4A626T26JS,SPE4A6-26-T-26JS,SPE4A626T26JS.PDF,2026-09-04,2026-09-11,19,HUBZone set-aside,2,False,,True,7,False,,False,,False,,False,,True,3,recent exact-NSN history,1,0,477.77,,477.77,2025-10-17,1.0,SPE4A626V1136P00001,646V6,SPE4A626T26JS.PDF p.6,1.0,13.0
SPE4A626T26PD,SPE4A6-26-T-26PD,SPE4A626T26PD.PDF,2026-09-04,2026-09-11,22,HUBZone set-aside,2,False,,True,7,True,7,True,9,True,9,True,3,True,3,recent exact-NSN history,1,0,10372.5,,1152.5,2025-09-22,9.0,SPE4A625P7767P00002,5N063,SPE4A626T26PD.PDF p.6,1.0,8.0
SPE4A626T26QT,SPE4A6-26-T-26QT,SPE4A626T26QT.PDF,2026-09-04,2026-09-11,20,HUBZone set-aside,2,False,,True,8,True,7,True,8,False,,True,3,True,3,recent exact-NSN history,1,0,13764.0,,2294.0,2026-08-24,8.0,SPE4A626PAAU7,3T8J4,SPE4A626T26QT.PDF p.6,0.1,13.0
SPE4A626T26RT,SPE4A6-26-T-26RT,SPE4A626T26RT.PDF,2026-09-04,2026-09-11,23,HUBZone set-aside,2,True,3,True,8,True,8,True,9,False,,True,3,True,4,history older than 5 years - compare with DLA management price,2,1,3960.0,,1320.0,2021-03-26,1.0,SPE4A621PE993,N0013,SPE4A626T26RT.PDF p.7,5.5,1.0
SPE4A626T26SE,SPE4A6-26-T-26SE,SPE4A626T26SE.PDF,2026-09-04,2026-09-11,20,Total small business set-aside,2,False,,True,7,True,7,True,8,False,,True,2,True,3,recent exact-NSN history,1,0,27688.120000000003,,675.32,2025-01-31,16.0,SPE4A625PE051,0RLV7,SPE4A626T26SE.PDF p.6,1.7,9.0
SPE4A626T26SS,SPE4A6-26-T-26SS,SPE4A626T26SS.PDF,2026-09-04,2026-09-11,32,Total small business set-aside,2,True,3,False,,True,8,True,9,True,8,True,2,True,4,no procurement history in PDF - investigate DLA management price; line stays unpriced,1,1,,,,,,,,,,
SPE4A626T26YV,SPE4A6-26-T-26YV,SPE4A626T26YV.PDF,2026-09-08,2026-09-15,21,HUBZone set-aside,2,True,3,True,8,True,8,True,9,False,,True,3,True,4,recent exact-NSN history,1,1,5600.0,,2800.0,2026-08-20,2.0,SPE4A626PS150,23371,SPE4A626T26YV.PDF p.7,0.1,4.0
SPE4A626T26ZV,SPE4A6-26-T-26ZV,SPE4A626T26ZV.PDF,2026-09-08,2026-09-15,22,HUBZone set-aside; WOSB set-aside,2,True,3,True,9,True,8,True,9,False,,True,3,True,4,recent exact-NSN history,1,1,126271.53,,1275.47,2025-12-30,67.0,SPE4A626PA939P00001,11201,SPE4A626T26ZV.PDF p.7,0.8,20.0
SPE4A626T27AA,SPE4A6-26-T-27AA,SPE4A626T27AA.PDF,2026-09-08,2026-09-15,21,Total small business set-aside,2,True,3,True,8,False,,True,9,False,,True,2,True,4,recent exact-NSN history,1,1,38866.75,,2989.75,2026-07-08,5.0,SPE4A626PN154,6ZSR8,SPE4A626T27AA.PDF p.6,0.2,18.0
SPE4A626T27AM,SPE4A6-26-T-27AM,SPE4A626T27AM.PDF,2026-09-08,2026-09-15,19,HUBZone set-aside,2,False,,True,7,True,7,False,,False,,False,,True,3,no procurement history in PDF - investigate DLA management price; line stays unpriced,1,0,,,,,,,,,,
SPE4A626T27AV,SPE4A6-26-T-27AV,SPE4A626T27AV.PDF,2026-09-08,2026-09-15,19,HUBZone set-aside,2,False,,False,,False,,True,7,False,,True,3,True,3,no procurement history in PDF - investigate DLA management price; line stays unpriced,1,0,,,,,,,,,,
SPE4A626T27BJ,SPE4A6-26-T-27BJ,SPE4A626T27BJ.PDF,2026-09-08,2026-09-15,19,HUBZone set-aside,2,False,,True,7,True,7,False,,False,,False,,True,3,no procurement history in PDF - investigate DLA management price; line stays unpriced,1,0,,,,,,,,,,
SPE4A626T27DN,SPE4A6-26-T-27DN,SPE4A626T27DN.PDF,2026-09-09,2026-09-16,22,HUBZone set-aside,2,True,3,True,9,True,8,True,9,False,,True,3,True,4,recent exact-NSN history,1,1,4305.0,,123.0,2024-08-19,24.0,SPE4A624PX659,75Q65,SPE4A626T27DN.PDF p.7,2.1,1.0
SPE4A626T27EK,SPE4A6-26-T-27EK,SPE4A626T27EK.PDF,2026-09-09,2026-09-16,20,HUBZone set-aside,2,False,,True,7,True,7,True,8,False,,True,3,True,3,recent exact-NSN history,1,0,439.5,,146.5,2024-07-23,13.0,SPE4A724PF073P00001,5N063,SPE4A626T27EK.PDF p.6,2.2,5.0
SPE4A626T27GW,SPE4A6-26-T-27GW,SPE4A626T27GW.PDF,2026-09-09,2026-09-16,19,HUBZone set-aside,2,False,,True,7,True,7,True,8,False,,True,3,True,3,history older than 5 years - compare with DLA management price,1,0,1494.16,,1494.16,2017-04-21,1.0,SPE4A617VB590,1N8T8,SPE4A626T27GW.PDF p.6,9.4,1.0
SPE4A626T27PJ,SPE4A6-26-T-27PJ,SPE4A626T27PJ.PDF,2026-09-10,2026-09-17,19,HUBZone set-aside,2,False,,True,7,True,7,True,8,False,,True,3,True,3,history older than 5 years - compare with DLA management price,1,0,1478.0,,739.0,1994-02-21,7.0,N0010494G02015032,15090,SPE4A626T27PJ.PDF p.6,32.6,1.0
SPE4A626T27PN,SPE4A6-26-T-27PN,SPE4A626T27PN.PDF,2026-09-10,2026-09-17,22,HUBZone set-aside; SDVOSB set-aside,2,True,3,True,8,True,8,False,,False,,True,3,True,4,recent exact-NSN history,1,1,82992.0,,6384.0,2026-08-11,1.0,SPE4A626F300U,02AV2,SPE4A626T27PN.PDF p.7,0.1,20.0
SPE4A626T27T7,SPE4A6-26-T-27T7,SPE4A626T27T7.PDF,2026-04-22,2026-04-29,27,HUBZone set-aside,2,True,3,True,9,True,8,True,9,False,,True,3,True,4,recent exact-NSN history,1,1,29425.0,,5885.0,2026-04-08,62.0,SPE4A626PZ155,6ZSR8,SPE4A626T27T7.PDF p.6,0.5,19.0
SPE4A626T27TB,SPE4A6-26-T-27TB,SPE4A626T27TB.PDF,2026-09-10,2026-09-17,20,HUBZone set-aside,2,False,,True,7,True,7,True,8,False,,True,3,True,3,recent exact-NSN history,2,0,2208.3,,12.99,2025-07-31,105.0,SPE4A625PF057,1PT53,SPE4A626T27TB.PDF p.6,1.2,13.0
SPE4A626T27WX,SPE4A6-26-T-27WX,SPE4A626T27WX.PDF,2026-09-10,2026-09-17,22,HUBZone set-aside,2,True,3,True,9,True,8,True,10,False,,True,3,True,4,recent exact-NSN history,1,1,7200.0,,3600.0,2026-05-21,3.0,SPE4A626PL199P00001,8SKT8,SPE4A626T27WX.PDF p.7,0.4,8.0
SPE4A626T27XC,SPE4A6-26-T-27XC,SPE4A626T27XC.PDF,2026-09-10,2026-09-17,22,HUBZone set-aside,2,True,3,True,8,True,8,True,9,False,,True,3,True,4,recent exact-NSN history,1,1,11775.0,,3925.0,2025-10-20,3.0,SPE4A626P2864P00001,6ZSR8,SPE4A626T27XC.PDF p.7,0.9,10.0
SPE4A626T27YB,SPE4A6-26-T-27YB,SPE4A626T27YB.PDF,2026-09-10,2026-09-17,21,HUBZone set-aside,2,True,3,True,9,True,8,True,9,False,,True,3,True,4,recent exact-NSN history,1,1,4450.0,,2225.0,2025-10-15,3.0,SPE4A626P2275,6ZSR8,SPE4A626T27YB.PDF p.7,1.0,6.0
SPE4A626T27YM,SPE4A6-26-T-27YM,SPE4A626T27YM.PDF,2026-09-10,2026-09-17,19,HUBZone set-aside,2,False,,True,7,True,7,False,,False,,False,,True,3,recent exact-NSN history,1,0,20400.0,,102.0,2026-06-25,25.0,SPE4A626PW172,0HS46,SPE4A626T27YM.PDF p.6,0.3,3.0
SPE4A626T28BU,SPE4A6-26-T-28BU,SPE4A626T28BU.PDF,2026-09-10,2026-09-17,19,HUBZone set-aside,2,False,,True,7,False,,False,,False,,False,,True,3,recent exact-NSN history,1,0,955.54,,477.77,2025-10-17,1.0,SPE4A626V1136P00001,646V6,SPE4A626T28BU.PDF p.6,1.0,13.0
SPE4A626T28CN,SPE4A6-26-T-28CN,SPE4A626T28CN.PDF,2026-09-10,2026-09-17,20,HUBZone set-aside,2,False,,True,8,True,7,False,,False,,False,,True,3,recent exact-NSN history,1,0,11340.0,,5670.0,2024-12-10,1.0,SPE4A625P8721,51283,SPE4A626T28CN.PDF p.6,1.8,3.0
SPE4A626T28DZ,SPE4A6-26-T-28DZ,SPE4A626T28DZ.PDF,2026-09-10,2026-09-17,20,HUBZone set-aside; SDVOSB set-aside,2,False,,True,8,True,7,True,8,False,,True,3,True,3,recent exact-NSN history,1,0,18540.69,,882.89,2023-11-29,17.0,SPE4A624V3529,3WGD1,SPE4A626T28DZ.PDF p.6,2.8,5.0
SPE4A626T28HP,SPE4A6-26-T-28HP,SPE4A626T28HP.PDF,2026-09-10,2026-09-17,20,HUBZone set-aside,2,False,,True,7,True,7,False,,False,,False,,True,3,recent exact-NSN history,2,0,1555.54,,777.77,2026-02-17,1.0,SPE4A626PF534P00001,646V6,SPE4A626T28HP.PDF p.6,0.6,2.0
SPE4A626T28HX,SPE4A6-26-T-28HX,SPE4A626T28HX.PDF,2026-09-10,2026-09-17,21,HUBZone set-aside,2,True,3,True,9,True,8,True,9,False,,True,3,True,4,recent exact-NSN history,1,1,4450.0,,2225.0,2025-10-15,3.0,SPE4A626P2275,6ZSR8,SPE4A626T28HX.PDF p.7,1.0,6.0
SPE4A626T28KK,SPE4A6-26-T-28KK,SPE4A626T28KK.PDF,2026-09-10,2026-09-17,20,Total small business set-aside,2,False,,True,7,True,7,False,,False,,False,,True,3,recent exact-NSN history,1,0,130200.0,,43400.0,2025-02-03,3.0,SPE4A525V0949,4K0V2,SPE4A626T28KK.PDF p.5,1.7,20.0
SPE4A626T28NP,SPE4A6-26-T-28NP,SPE4A626T28NP.PDF,2026-09-11,2026-09-18,22,HUBZone set-aside,2,True,3,True,8,True,8,True,9,False,,True,3,True,4,recent exact-NSN history,1,1,4122.0,,458.0,2024-01-30,13.0,SPE4A624PB997P00001,29056,SPE4A626T28NP.PDF p.7,2.7,8.0
SPE4A626T28NV,SPE4A6-26-T-28NV,SPE4A626T28NV.PDF,2026-09-11,2026-09-18,21,HUBZone set-aside,2,True,3,True,9,True,8,True,9,False,,True,3,True,4,recent exact-NSN history,1,1,3533.84,,441.73,2026-02-19,8.0,SPE4A626PG122,31068,SPE4A626T28NV.PDF p.7,0.6,6.0
SPE4A626T28PB,SPE4A6-26-T-28PB,SPE4A626T28PB.PDF,2026-09-11,2026-09-18,19,HUBZone set-aside,2,False,,False,,False,,True,7,False,,True,3,True,3,recent exact-NSN history,1,0,854.1,,9.49,2026-07-22,55.0,SPE4A626V271B,83803,SPE4A626T28PB.PDF p.6,0.2,16.0
SPE4A626T28QH,SPE4A6-26-T-28QH,SPE4A626T28QH.PDF,2026-09-11,2026-09-18,21,HUBZone set-aside,2,True,3,True,9,True,8,True,9,False,,True,3,True,4,recent exact-NSN history,1,1,6724.76,,92.12,2022-09-26,176.0,SPE4A622PY896P00001,7L6Q3,SPE4A626T28QH.PDF p.7,4.0,3.0
SPE4A626T28QS,SPE4A6-26-T-28QS,SPE4A626T28QS.PDF,2026-09-11,2026-09-18,22,HUBZone set-aside,2,True,3,True,8,True,8,True,9,False,,True,3,True,4,recent exact-NSN history,1,1,11.33,,11.33,2023-04-24,4.0,SPE4A623PL252,75Q65,SPE4A626T28QS.PDF p.7,3.4,1.0
SPE4A626T28TQ,SPE4A6-26-T-28TQ,SPE4A626T28TQ.PDF,2026-09-11,2026-09-18,20,HUBZone set-aside,2,False,,True,7,True,7,True,8,False,,True,3,True,3,no procurement history in PDF - investigate DLA management price; line stays unpriced,1,0,,,,,,,,,,
SPE4A626T28UP,SPE4A6-26-T-28UP,SPE4A626T28UP.PDF,2026-09-11,2026-09-18,19,HUBZone set-aside,2,False,,True,8,True,7,False,,False,,False,,True,3,recent exact-NSN history,1,0,4858.04,,26.84,2026-07-09,361.0,SPE4A126V1142,3T8J4,SPE4A626T28UP.PDF p.6,0.2,20.0
SPE4A626T28VK,SPE4A6-26-T-28VK,SPE4A626T28VK.PDF,2026-09-11,2026-09-18,20,HUBZone set-aside,2,False,,True,7,True,7,True,8,False,,True,3,True,3,history older than 5 years - compare with DLA management price,1,0,2260.0,,452.0,2013-03-13,16.0,SPE4A613V8592,3T8J4,SPE4A626T28VK.PDF p.6,13.5,2.0
SPE4A626T28VS,SPE4A6-26-T-28VS,SPE4A626T28VS.PDF,2026-09-11,2026-09-18,23,No set-aside clause found (check SF18 block),,True,3,True,9,True,9,True,10,False,,True,3,True,4,recent exact-NSN history,1,1,25460.0,,1340.0,2026-01-14,12.0,SPE4A626PC245P00002,3B8L1,SPE4A626T28VS.PDF p.7,0.7,16.0
SPE4A626T28VW,SPE4A6-26-T-28VW,SPE4A626T28VW.PDF,2026-09-11,2026-09-18,20,HUBZone set-aside,2,False,,True,8,True,7,True,8,False,,True,3,True,3,recent exact-NSN history,1,0,9890.0,,2472.5,2026-07-29,2.0,SPE4A626PAD10,6ZSR8,SPE4A626T28VW.PDF p.6,0.2,8.0
SPE4A626T28WN,SPE4A6-26-T-28WN,SPE4A626T28WN.PDF,2026-09-11,2026-09-18,24,HUBZone set-aside,2,True,3,True,8,True,8,True,9,False,,True,3,True,4,history older than 5 years - compare with DLA management price,1,1,11159.65,,587.35,2019-05-21,54.0,SPE4A619PG087P00001,02AV2,SPE4A626T28WN.PDF p.7,7.4,4.0
SPE4A626T28WR,SPE4A6-26-T-28WR,SPE4A626T28WR.PDF,2026-09-11,2026-09-18,22,HUBZone set-aside,2,True,3,True,8,True,8,True,9,False,,True,3,True,4,recent exact-NSN history,1,1,8732.25,,2910.75,2026-01-23,4.0,SPE4A626PD421,6ZSR8,SPE4A626T28WR.PDF p.7,0.7,10.0
SPE4A626T28WS,SPE4A6-26-T-28WS,SPE4A626T28WS.PDF,2026-09-11,2026-09-18,22,HUBZone set-aside,2,False,,True,7,False,,True,7,False,,True,3,True,3,recent exact-NSN history,1,0,6301.5,,2100.5,2023-05-30,2.0,SPE4A623PP880,6ZSR8,SPE4A626T28WS.PDF p.6,3.3,13.0
SPE4A626T28WU,SPE4A6-26-T-28WU,SPE4A626T28WU.PDF,2026-09-11,2026-09-18,19,HUBZone set-aside,2,False,,False,,False,,True,7,False,,True,3,True,3,recent exact-NSN history,1,0,324.95,,64.99,2023-10-05,15.0,SPE4A624P0782,83803,SPE4A626T28WU.PDF p.6,3.0,5.0
SPE4A626T28YD,SPE4A6-26-T-28YD,SPE4A626T28YD.PDF,2026-09-14,2026-09-21,20,HUBZone set-aside,2,True,3,True,8,False,,False,,False,,True,3,True,4,recent exact-NSN history,1,1,2993.5,,2993.5,2026-03-24,1.0,SPE4A626PK745,9B7H3,SPE4A626T28YD.PDF p.7,0.5,1.0
SPE4A626T29CL,SPE4A6-26-T-29CL,SPE4A626T29CL.PDF,2026-09-14,2026-09-21,19,HUBZone set-aside,2,False,,True,7,False,,False,,False,,False,,True,3,recent exact-NSN history,1,0,967.0,,967.0,2025-07-17,7.0,SPE4A625V441EP00001,3T8J4,SPE4A626T29CL.PDF p.6,1.2,9.0
SPE4A626T29CT,SPE4A6-26-T-29CT,SPE4A626T29CT.PDF,2026-09-14,2026-09-21,21,HUBZone set-aside; SDVOSB set-aside,2,True,3,True,8,True,8,False,,False,,True,3,True,4,recent exact-NSN history,1,1,35535.0,,2369.0,2025-12-03,22.0,SPE4A626P8196P00002,3WGD1,SPE4A626T29CT.PDF p.7,0.8,20.0
SPE4A626T29DB,SPE4A6-26-T-29DB,SPE4A626T29DB.PDF,2026-09-14,2026-09-21,21,Total small business set-aside,2,False,,True,7,True,7,True,8,True,7,True,2,True,3,recent exact-NSN history,1,0,15750.0,,2625.0,2026-01-05,5.0,SPE4A626PB090,3B8L1,SPE4A626T29DB.PDF p.5,0.7,1.0
SPE4A626T29GW,SPE4A6-26-T-29GW,SPE4A626T29GW.PDF,2026-09-15,2026-09-22,19,HUBZone set-aside,2,False,,True,7,False,,False,,False,,False,,True,3,no procurement history in PDF - investigate DLA management price; line stays unpriced,1,0,,,,,,,,,,
SPE4A626T29HA,SPE4A6-26-T-29HA,SPE4A626T29HA.PDF,2026-09-15,2026-09-22,19,HUBZone set-aside,2,False,,False,,False,,True,7,False,,True,3,True,3,no procurement history in PDF - investigate DLA management price; line stays unpriced,1,0,,,,,,,,,,
SPE4A626T29HB,SPE4A6-26-T-29HB,SPE4A626T29HB.PDF,2026-09-15,2026-09-22,19,HUBZone set-aside,2,False,,False,,True,7,True,8,False,,True,3,True,3,no procurement history in PDF - investigate DLA management price; line stays unpriced,1,0,,,,,,,,,,
SPE4A626T29HF,SPE4A6-26-T-29HF,SPE4A626T29HF.PDF,2026-09-15,2026-09-22,20,HUBZone set-aside,2,True,3,True,8,True,7,False,,False,,True,3,True,4,history older than 5 years - compare with DLA management price,1,1,3700.0,,1850.0,2020-04-27,14.0,SPE4A620PG385P00003,3B8L1,SPE4A626T29HF.PDF p.6,6.4,7.0
SPE4A626T29JB,SPE4A6-26-T-29JB,SPE4A626T29JB.PDF,2026-09-15,2026-09-22,24,Total small business set-aside,2,True,3,True,7,True,7,True,8,False,,True,2,True,4,recent exact-NSN history,1,1,26076.0,,1629.75,2026-01-28,13.0,SPE4A626PD847,6ZSR8,SPE4A626T29JB.PDF p.6,0.7,6.0
SPE4A626T29JQ,SPE4A6-26-T-29JQ,SPE4A626T29JQ.PDF,2026-09-15,2026-09-22,19,HUBZone set-aside,2,False,,False,,True,7,True,8,False,,True,3,True,3,no procurement history in PDF - investigate DLA management price; line stays unpriced,1,0,,,,,,,,,,
SPE4A626T29MD,SPE4A6-26-T-29MD,SPE4A626T29MD.PDF,2026-09-15,2026-09-22,22,HUBZone set-aside,2,True,3,True,9,True,8,True,9,False,,True,3,True,4,recent exact-NSN history,1,1,2150.0,,2150.0,2025-07-16,3.0,SPE4A025P1517,8SKT8,SPE4A626T29MD.PDF p.7,1.2,2.0
SPE4A626T29NE,SPE4A6-26-T-29NE,SPE4A626T29NE.PDF,2026-09-15,2026-09-22,19,HUBZone set-aside,2,False,,False,,True,7,False,,False,,False,,True,3,no procurement history in PDF - investigate DLA management price; line stays unpriced,1,0,,,,,,,,,,
SPE4A626T29TD,SPE4A6-26-T-29TD,SPE4A626T29TD.PDF,2026-09-16,2026-09-23,21,HUBZone set-aside; SDVOSB set-aside,2,True,3,True,8,True,8,True,9,False,,True,3,True,4,recent exact-NSN history,1,1,18000.0,,3000.0,2026-05-06,14.0,SPE4A626PQ311P00001,30463,SPE4A626T29TD.PDF p.7,0.4,7.0
SPE4A626T29UH,SPE4A6-26-T-29UH,SPE4A626T29UH.PDF,2026-09-16,2026-09-23,21,No set-aside clause found (check SF18 block),,True,3,True,9,True,8,False,,False,,True,3,True,4,recent exact-NSN history,1,1,18900.0,,6300.0,2026-09-01,5.0,SPE4A526P7430,7BUL6,SPE4A626T29UH.PDF p.7,0.1,12.0
SPE4A626T30AH,SPE4A6-26-T-30AH,SPE4A626T30AH.PDF,2026-09-16,2026-09-23,21,HUBZone set-aside; WOSB set-aside,2,True,3,True,8,True,8,True,9,False,,True,3,True,4,recent exact-NSN history,1,1,40280.0,,2120.0,2025-07-08,15.0,SPE4A625PAB81,3B8L1,SPE4A626T30AH.PDF p.7,1.2,20.0
SPE4A626T30AL,SPE4A6-26-T-30AL,SPE4A626T30AL.PDF,2026-09-16,2026-09-23,21,Total small business set-aside,2,True,3,True,8,True,8,True,8,False,,True,2,True,3,recent exact-NSN history,1,1,53154.75,,1610.75,2026-08-05,5.0,SPE4A626PAP38,6ZSR8,SPE4A626T30AL.PDF p.6,0.2,8.0
SPE4A626T30CF,SPE4A6-26-T-30CF,SPE4A626T30CF.PDF,2026-09-16,2026-09-23,20,Total small business set-aside,2,True,3,True,8,True,7,True,8,False,,True,2,True,3,recent exact-NSN history,1,1,21300.0,,10650.0,2026-09-02,3.0,SPE4A626P0H26,6ZSR8,SPE4A626T30CF.PDF p.6,0.1,11.0
SPE4A626T30CG,SPE4A6-26-T-30CG,SPE4A626T30CG.PDF,2026-09-16,2026-09-23,19,HUBZone set-aside,2,False,,True,7,True,7,True,8,False,,True,3,True,3,recent exact-NSN history,1,0,20318.25,,6772.75,2026-09-10,1.0,SPE4A626P0S47,6ZSR8,SPE4A626T30CG.PDF p.6,0.1,1.0
SPE4A626T30DZ,SPE4A6-26-T-30DZ,SPE4A626T30DZ.PDF,2026-09-16,2026-09-23,19,Total small business set-aside,2,False,,True,7,True,7,False,,False,,False,,True,3,recent exact-NSN history,1,0,19240.25,,3848.05,2026-07-29,7.0,SPE4A626PX598,6ZSR8,SPE4A626T30DZ.PDF p.5,0.2,20.0
SPE4A626T30HU,SPE4A6-26-T-30HU,SPE4A626T30HU.PDF,2026-09-16,2026-09-23,22,HUBZone set-aside,2,True,3,True,8,True,8,False,,False,,True,3,True,4,recent exact-NSN history,1,1,13579.920000000002,,1508.88,2025-11-12,42.0,SPE4A626P5736P00003,5ZD19,SPE4A626T30HU.PDF p.7,0.9,7.0
SPE4A626T30M8,SPE4A6-26-T-30M8,SPE4A626T30M8.PDF,2026-04-23,2026-04-30,25,HUBZone set-aside,2,True,3,True,8,True,8,True,9,False,,True,3,True,4,history older than 5 years - compare with DLA management price,1,1,4150.0,,830.0,2014-11-26,6.0,SPE4A615M2828,24581,SPE4A626T30M8.PDF p.7,11.8,10.0
SPE4A626T30N6,SPE4A6-26-T-30N6,SPE4A626T30N6.PDF,2026-04-23,2026-04-30,25,HUBZone set-aside,2,True,3,True,8,True,8,True,9,False,,True,3,True,4,recent exact-NSN history,1,1,7290.0,,810.0,2025-03-12,8.0,SPE4A525F6088,88829,SPE4A626T30N6.PDF p.7,1.6,11.0
SPE4A626T30QD,SPE4A6-26-T-30QD,SPE4A626T30QD.PDF,2026-09-16,2026-09-23,20,Total small business set-aside,2,True,3,True,7,True,7,True,8,False,,True,2,True,4,recent exact-NSN history,1,1,56895.0,,3793.0,2026-06-29,11.0,SPE4A626PW492P00001,2Y430,SPE4A626T30QD.PDF p.6,0.3,9.0
SPE4A626T30QE,SPE4A6-26-T-30QE,SPE4A626T30QE.PDF,2026-09-16,2026-09-23,22,HUBZone set-aside; SDVOSB set-aside,2,True,3,True,9,True,8,True,9,False,,True,3,True,4,recent exact-NSN history,1,1,18467.73,,2051.97,2025-12-16,76.0,SPE4A626P9862P00001,5ZD19,SPE4A626T30QE.PDF p.7,0.8,18.0
SPE4A626T30QJ,SPE4A6-26-T-30QJ,SPE4A626T30QJ.PDF,2026-09-16,2026-09-23,21,HUBZone set-aside,2,True,3,True,8,True,8,True,9,False,,True,3,True,4,recent exact-NSN history,1,1,8832.75,,1766.55,2021-11-09,41.0,SPE4AX22F0753P00003,7VSL7,SPE4A626T30QJ.PDF p.7,4.9,5.0
SPE4A626T30QM,SPE4A6-26-T-30QM,SPE4A626T30QM.PDF,2026-09-16,2026-09-23,21,HUBZone set-aside,2,True,3,True,9,True,8,True,9,False,,True,3,True,4,recent exact-NSN history,1,1,5573.12,,696.64,2024-11-27,9.0,SPE4A625PZ165,0AF93,SPE4A626T30QM.PDF p.7,1.8,3.0
SPE4A626T30QR,SPE4A6-26-T-30QR,SPE4A626T30QR.PDF,2026-09-16,2026-09-23,21,HUBZone set-aside,2,False,,True,7,False,,True,7,False,,True,3,True,3,recent exact-NSN history,1,0,11567.34,,3855.78,2021-11-17,4.0,SPE4AX22F0820P00002,0HLG5,SPE4A626T30QR.PDF p.6,4.9,4.0
SPE4A626T30QS,SPE4A6-26-T-30QS,SPE4A626T30QS.PDF,2026-09-16,2026-09-23,19,HUBZone set-aside,2,False,,True,8,True,7,True,8,False,,False,,True,3,recent exact-NSN history,1,0,5263.5,,877.25,2025-10-22,4.0,SPE4A626P3128,646V6,SPE4A626T30QS.PDF p.6,0.9,5.0
SPE4A626T30QW,SPE4A6-26-T-30QW,SPE4A626T30QW.PDF,2026-09-16,2026-09-23,23,HUBZone set-aside,2,True,3,True,8,True,8,True,9,False,,True,3,True,4,recent exact-NSN history,1,1,4952.0,,4952.0,2025-06-16,4.0,SPE4A625PW492P00001,73F14,SPE4A626T30QW.PDF p.7,1.3,4.0
SPE4A626T30RC,SPE4A6-26-T-30RC,SPE4A626T30RC.PDF,2026-09-16,2026-09-23,20,HUBZone set-aside,2,False,,True,8,True,7,True,8,False,,True,3,True,3,recent exact-NSN history,1,0,7200.0,,3600.0,2026-04-01,2.0,SPE4A626PL564,23371,SPE4A626T30RC.PDF p.6,0.5,4.0
SPE4A626T30RJ,SPE4A6-26-T-30RJ,SPE4A626T30RJ.PDF,2026-09-16,2026-09-23,21,HUBZone set-aside,2,False,,True,9,True,7,True,9,False,,True,3,True,3,recent exact-NSN history,1,0,5470.0,,5470.0,2026-08-17,1.0,SPE4A126V1646P00001,3T8J4,SPE4A626T30RJ.PDF p.6,0.1,4.0
SPE4A626T30RX,SPE4A6-26-T-30RX,SPE4A626T30RX.PDF,2026-09-17,2026-09-24,19,HUBZone set-aside,2,False,,True,7,False,,False,,False,,False,,True,3,recent exact-NSN history,1,0,2889.0,,2889.0,2024-07-12,1.0,SPE4AN24V0009,0HS46,SPE4A626T30RX.PDF p.6,2.2,2.0
SPE4A626T30S2,SPE4A6-26-T-30S2,SPE4A626T30S2.PDF,2026-04-23,2026-04-30,26,HUBZone set-aside; SDVOSB set-aside,2,True,3,True,9,True,8,True,9,False,,True,3,True,4,recent exact-NSN history,1,1,40150.0,,3650.0,2026-04-07,14.0,SPE4A626PL874,87WV1,SPE4A626T30S2.PDF p.7,0.5,19.0
SPE4A626T30SU,SPE4A6-26-T-30SU,SPE4A626T30SU.PDF,2026-09-17,2026-09-24,21,HUBZone set-aside,2,True,3,True,9,True,8,False,,False,,True,3,True,4,recent exact-NSN history,1,1,510.25,,510.25,2025-07-01,1.0,SPE4A625PY539P00002,4VAS1,SPE4A626T30SU.PDF p.7,1.2,4.0
SPE4A626T30TK,SPE4A6-26-T-30TK,SPE4A626T30TK.PDF,2026-09-17,2026-09-24,20,HUBZone set-aside,2,False,,True,8,True,7,True,8,False,,True,3,True,3,recent exact-NSN history,1,0,608.0,,32.0,2026-07-29,14.0,SPE4A126V1348,19DN2,SPE4A626T30TK.PDF p.6,0.2,8.0
SPE4A626T30UZ,SPE4A6-26-T-30UZ,SPE4A626T30UZ.PDF,2026-09-17,2026-09-24,22,HUBZone set-aside,2,True,3,True,8,True,8,True,9,False,,True,3,True,4,recent exact-NSN history,1,1,4388.8,,548.6,2026-02-18,8.0,SPE4A626PF978,4VAS1,SPE4A626T30UZ.PDF p.7,0.6,4.0
SPE4A626T30XV,SPE4A6-26-T-30XV,SPE4A626T30XV.PDF,2026-09-17,2026-09-24,19,HUBZone set-aside,2,False,,False,,True,7,False,,False,,False,,True,3,recent exact-NSN history,1,0,1672.0500000000002,,334.41,2026-08-31,24.0,SPE4A126V1765,02103,SPE4A626T30XV.PDF p.6,0.1,4.0
SPE4A626T30YE,SPE4A6-26-T-30YE,SPE4A626T30YE.PDF,2026-09-17,2026-09-24,21,HUBZone set-aside,2,True,3,True,9,True,8,True,9,False,,True,3,True,4,no procurement history in PDF - investigate DLA management price; line stays unpriced,1,1,,,,,,,,,,
SPE4A626T30ZQ,SPE4A6-26-T-30ZQ,SPE4A626T30ZQ.PDF,2026-09-17,2026-09-24,23,HUBZone set-aside; WOSB set-aside,2,True,3,True,9,True,8,True,9,False,,True,3,True,4,recent exact-NSN history,1,1,211860.0,,5885.0,2026-04-08,62.0,SPE4A626PZ155P00002,6ZSR8,SPE4A626T30ZQ.PDF p.7,0.5,19.0
SPE4A626T31AH,SPE4A6-26-T-31AH,SPE4A626T31AH.PDF,2026-09-17,2026-09-24,21,HUBZone set-aside,2,False,,True,8,True,7,False,,False,,False,,True,3,recent exact-NSN history,1,0,4505.04,,2252.52,2026-04-09,2.0,SPE4A626PM059P00001,646V6,SPE4A626T31AH.PDF p.6,0.5,9.0
SPE4A626T31CQ,SPE4A6-26-T-31CQ,SPE4A626T31CQ.PDF,2026-09-17,2026-09-24,22,HUBZone set-aside; WOSB set-aside,2,True,3,True,8,True,8,True,9,False,,True,3,True,4,recent exact-NSN history,1,1,35021.28,,833.84,2026-02-06,115.0,SPE4A626PE844P00001,56Z87,SPE4A626T31CQ.PDF p.7,0.6,19.0
SPE4A626T31D5,SPE4A6-26-T-31D5,SPE4A626T31D5.PDF,2026-04-23,2026-04-30,26,HUBZone set-aside; SDVOSB set-aside,2,True,3,True,9,True,8,True,9,False,,True,3,True,4,recent exact-NSN history,1,1,40150.0,,3650.0,2026-04-07,14.0,SPE4A626PL874,87WV1,SPE4A626T31D5.PDF p.7,0.5,19.0
SPE4A626T31DF,SPE4A6-26-T-31DF,SPE4A626T31DF.PDF,2026-09-17,2026-09-24,22,HUBZone set-aside,2,True,3,True,8,True,8,True,9,False,,True,3,True,4,recent exact-NSN history,1,1,3467.0499999999997,,693.41,2026-09-15,4.0,SPE4A626F429V,0PXV4,SPE4A626T31DF.PDF p.6,0.0,18.0
SPE4A626T31GB,SPE4A6-26-T-31GB,SPE4A626T31GB.PDF,2026-09-17,2026-09-24,20,HUBZone set-aside,2,False,,True,7,True,7,False,,False,,False,,True,3,recent exact-NSN history,1,0,9981.0,,1109.0,2026-05-19,17.0,SPE4A626V138PP00001,8HBL2,SPE4A626T31GB.PDF p.6,0.4,8.0
SPE4A626T31JF,SPE4A6-26-T-31JF,SPE4A626T31JF.PDF,2026-09-17,2026-09-24,21,HUBZone set-aside,2,True,3,True,9,True,8,True,9,False,,False,,True,4,recent exact-NSN history,1,1,8868.599999999999,,1478.1,2024-03-26,6.0,SPE4A624PK008,067A4,SPE4A626T31JF.PDF p.7,2.5,7.0
SPE4A626T31JR,SPE4A6-26-T-31JR,SPE4A626T31JR.PDF,2026-09-17,2026-09-24,19,HUBZone set-aside,2,False,,True,7,True,7,False,,False,,False,,True,3,recent exact-NSN history,1,0,1597.42,,798.71,2025-04-08,5.0,SPE4A625PM937,012M4,SPE4A626T31JR.PDF p.6,1.5,4.0
SPE4A626T31KJ,SPE4A6-26-T-31KJ,SPE4A626T31KJ.PDF,2026-09-17,2026-09-24,19,HUBZone set-aside,2,False,,True,7,True,7,True,8,False,,True,3,True,3,recent exact-NSN history,1,0,2621.5,,1310.75,2026-02-04,11.0,SPE4A626PE469P00001,6ZSR8,SPE4A626T31KJ.PDF p.6,0.7,5.0
SPE4A626T31KN,SPE4A6-26-T-31KN,SPE4A626T31KN.PDF,2026-09-17,2026-09-24,19,HUBZone set-aside,2,False,,True,7,True,7,False,,False,,False,,True,3,recent exact-NSN history,1,0,1244.39,,177.77,2026-09-14,7.0,SPE4A126V1831,646V6,SPE4A626T31KN.PDF p.6,0.0,17.0
SPE4A626T31KS,SPE4A6-26-T-31KS,SPE4A626T31KS.PDF,2026-09-17,2026-09-24,19,No set-aside clause found (check SF18 block),,False,,True,8,True,7,True,8,False,,True,3,True,3,recent exact-NSN history,1,0,29940.0,,1996.0,2026-08-31,4.0,SPE4A626P0F96,3T8J4,SPE4A626T31KS.PDF p.6,0.1,2.0
SPE4A626T31ML,SPE4A6-26-T-31ML,SPE4A626T31ML.PDF,2026-09-17,2026-09-24,19,HUBZone set-aside,2,False,,True,7,True,7,False,,False,,False,,True,3,recent exact-NSN history,1,0,3550.5,,1775.25,2025-10-17,4.0,SPE4A626V1105,6ZSR8,SPE4A626T31ML.PDF p.6,1.0,1.0
SPE4A626T31NC,SPE4A6-26-T-31NC,SPE4A626T31NC.PDF,2026-09-17,2026-09-24,18,Total small business set-aside,2,False,,True,6,True,6,False,,False,,True,2,True,3,no procurement history in PDF - investigate DLA management price; line stays unpriced,1,0,,,,,,,,,,
SPE4A626T31NK,SPE4A6-26-T-31NK,SPE4A626T31NK.PDF,2026-09-17,2026-09-24,19,HUBZone set-aside,2,False,,True,7,True,7,False,,False,,False,,True,3,recent exact-NSN history,1,0,1243.0,,310.75,2026-02-05,1.0,SPE4A626PE666,6ZSR8,SPE4A626T31NK.PDF p.6,0.6,12.0
SPE4A626T31NL,SPE4A6-26-T-31NL,SPE4A626T31NL.PDF,2026-09-17,2026-09-24,19,HUBZone set-aside,2,False,,True,7,True,7,False,,False,,False,,True,3,recent exact-NSN history,1,0,150.0,,150.0,2026-06-25,3.0,SPE4A126V0854P00001,3T8J4,SPE4A626T31NL.PDF p.6,0.3,4.0
SPE4A626T31NN,SPE4A6-26-T-31NN,SPE4A626T31NN.PDF,2026-09-17,2026-09-24,19,HUBZone set-aside,2,False,,True,8,True,7,True,8,False,,True,3,True,3,recent exact-NSN history,1,0,9998.42,,9998.42,2026-01-06,2.0,SPE4A626PB239P00001,0DR48,SPE4A626T31NN.PDF p.6,0.7,1.0
SPE4A626T31NY,SPE4A6-26-T-31NY,SPE4A626T31NY.PDF,2026-09-17,2026-09-24,19,HUBZone set-aside,2,False,,True,7,True,7,False,,False,,True,3,True,3,recent exact-NSN history,1,0,1500.0,,750.0,2026-05-11,2.0,SPE4A626PQ618P00001,646V6,SPE4A626T31NY.PDF p.6,0.4,1.0
SPE4A626T31PF,SPE4A6-26-T-31PF,SPE4A626T31PF.PDF,2026-09-17,2026-09-24,19,HUBZone set-aside,2,False,,True,8,True,7,True,8,False,,True,3,True,3,recent exact-NSN history,1,0,6412.87,,6412.87,2025-12-18,2.0,SPE4A626PA150P00001,0DR48,SPE4A626T31PF.PDF p.6,0.8,1.0
SPE4A626T31PH,SPE4A6-26-T-31PH,SPE4A626T31PH.PDF,2026-09-17,2026-09-24,19,HUBZone set-aside,2,False,,True,8,True,7,True,8,False,,True,3,True,3,recent exact-NSN history,1,0,30465.0,,1692.5,2026-07-09,6.0,SPE4A626PX391,6ZSR8,SPE4A626T31PH.PDF p.6,0.2,1.0
SPE4A626T31QU,SPE4A6-26-T-31QU,SPE4A626T31QU.PDF,2026-09-17,2026-09-24,21,HUBZone set-aside,2,False,,True,7,True,7,False,,True,8,True,3,True,3,recent exact-NSN history,1,0,1086.96,,362.32,2023-03-29,8.0,SPE4A623V095Z,6S406,SPE4A626T31QU.PDF p.6,3.5,11.0
SPE4A626T31RH,SPE4A6-26-T-31RH,SPE4A626T31RH.PDF,2026-09-17,2026-09-24,19,HUBZone set-aside,2,False,,True,7,True,7,True,8,False,,True,3,True,3,history older than 5 years - compare with DLA management price,1,0,6820.0,,3410.0,2016-11-03,5.0,SPE4A617P2382,24930,SPE4A626T31RH.PDF p.6,9.9,2.0
SPE4A626T31RK,SPE4A6-26-T-31RK,SPE4A626T31RK.PDF,2026-09-17,2026-09-24,20,HUBZone set-aside,2,False,,True,8,True,7,True,8,False,,True,3,True,3,recent exact-NSN history,1,0,2600.0,,1300.0,2024-09-27,4.0,SPE4A624PW999,6ZSR8,SPE4A626T31RK.PDF p.6,2.0,5.0
SPE4A626T31RQ,SPE4A6-26-T-31RQ,SPE4A626T31RQ.PDF,2026-09-17,2026-09-24,21,HUBZone set-aside,2,True,3,True,9,True,8,True,9,False,,True,3,True,4,no procurement history in PDF - investigate DLA management price; line stays unpriced,1,1,,,,,,,,,,
SPE4A626T31SC,SPE4A6-26-T-31SC,SPE4A626T31SC.PDF,2026-09-17,2026-09-24,18,HUBZone set-aside,2,False,,True,7,False,,False,,False,,False,,True,3,recent exact-NSN history,1,0,388.84999999999997,,77.77,2026-05-27,14.0,SPE4A126V0351P00001,646V6,SPE4A626T31SC.PDF p.6,0.3,11.0
SPE4A626T31SN,SPE4A6-26-T-31SN,SPE4A626T31SN.PDF,2026-09-17,2026-09-24,19,HUBZone set-aside,2,False,,True,7,False,,True,7,False,,True,3,True,3,no procurement history in PDF - investigate DLA management price; line stays unpriced,1,0,,,,,,,,,,
SPE4A626T31TQ,SPE4A6-26-T-31TQ,SPE4A626T31TQ.PDF,2026-09-17,2026-09-24,18,HUBZone set-aside,2,False,,False,,False,,False,,False,,False,,True,3,recent exact-NSN history,1,0,774.42,,387.21,2024-01-19,2.0,SPE4A624V7663,067A4,SPE4A626T31TQ.PDF p.6,2.7,19.0
SPE4A626T31TV,SPE4A6-26-T-31TV,SPE4A626T31TV.PDF,2026-09-17,2026-09-24,21,HUBZone set-aside,2,False,,True,7,True,7,False,,False,,True,3,True,3,history older than 5 years - compare with DLA management price,1,0,1015.5,,338.5,2017-09-15,72.0,SPE4A617VK449,0XPA4,SPE4A626T31TV.PDF p.6,9.0,1.0
SPE4A626T31VN,SPE4A6-26-T-31VN,SPE4A626T31VN.PDF,2026-09-18,2026-09-25,20,HUBZone set-aside; SDVOSB set-aside,2,False,,True,7,True,7,True,8,False,,True,3,True,3,recent exact-NSN history,1,0,53060.0,,2653.0,2025-11-12,19.0,SPE4A626V2886P00001,4S7J4,SPE4A626T31VN.PDF p.6,0.9,20.0
SPE4A626T32CQ,SPE4A6-26-T-32CQ,SPE4A626T32CQ.PDF,2026-09-18,2026-09-25,19,HUBZone set-aside,2,False,,False,,False,,True,7,False,,True,3,True,3,recent exact-NSN history,1,0,3160.9199999999996,,19.88,2024-09-18,198.0,SPE4A624V494X,61125,SPE4A626T32CQ.PDF p.6,2.0,20.0
SPE4A626T32DK,SPE4A6-26-T-32DK,SPE4A626T32DK.PDF,2026-09-18,2026-09-25,19,HUBZone set-aside,2,False,,True,8,True,7,True,8,False,,True,3,True,3,recent exact-NSN history,1,0,168.0,,6.0,2025-09-17,6.0,SPE4A625P0Y52P00001,3T949,SPE4A626T32DK.PDF p.6,1.0,20.0
SPE4A626T32HS,SPE4A6-26-T-32HS,SPE4A626T32HS.PDF,2026-09-18,2026-09-25,21,HUBZone set-aside; SDVOSB set-aside,2,True,3,True,8,False,,False,,False,,True,3,True,4,recent exact-NSN history,1,1,48072.5,,3433.75,2026-09-01,18.0,SPE4A626P0G32,3WGD1,SPE4A626T32HS.PDF p.7,0.1,20.0
SPE4A626T32LP,SPE4A6-26-T-32LP,SPE4A626T32LP.PDF,2026-09-18,2026-09-25,20,Total small business set-aside,2,False,,True,7,True,7,True,8,False,,True,2,True,3,recent exact-NSN history,1,0,15399.5,,810.5,2026-06-24,14.0,SPE4A626V217Y,4VAS1,SPE4A626T32LP.PDF p.6,0.3,17.0
SPE4A626T32PX,SPE4A6-26-T-32PX,SPE4A626T32PX.PDF,2026-09-18,2026-09-25,19,HUBZone set-aside,2,False,,True,8,True,7,False,,False,,False,,True,3,recent exact-NSN history,1,0,710.25,,710.25,2026-02-25,1.0,SPE4A626PG875P00001,6ZSR8,SPE4A626T32PX.PDF p.6,0.6,2.0
SPE4A626T32PZ,SPE4A6-26-T-32PZ,SPE4A626T32PZ.PDF,2026-09-18,2026-09-25,19,HUBZone set-aside,2,False,,True,7,True,7,False,,False,,False,,True,3,recent exact-NSN history,1,0,216.0,,216.0,2026-05-07,2.0,SPE4A126V0541,3T8J4,SPE4A626T32PZ.PDF p.6,0.4,13.0
SPE4A626T32QP,SPE4A6-26-T-32QP,SPE4A626T32QP.PDF,2026-09-18,2026-09-25,21,HUBZone set-aside,2,False,,True,8,True,7,True,8,False,,True,3,True,3,recent exact-NSN history,1,0,4575.75,,1525.25,2026-05-28,1.0,SPE4A026P1772,646V6,SPE4A626T32QP.PDF p.6,0.3,1.0
SPE4A626T33AM,SPE4A6-26-T-33AM,SPE4A626T33AM.PDF,2026-09-18,2026-09-25,22,HUBZone set-aside; SDVOSB set-aside,2,True,3,True,10,True,9,True,10,False,,True,3,True,4,recent exact-NSN history,1,1,35647.5,,5092.5,2025-12-12,5.0,SPE4A626P9504P00001,7BUL6,SPE4A626T33AM.PDF p.7,0.8,20.0
SPE4A626T33BP,SPE4A6-26-T-33BP,SPE4A626T33BP.PDF,2026-09-18,2026-09-25,21,Total small business set-aside,2,False,,False,,False,,True,7,False,,False,,True,3,history older than 5 years - compare with DLA management price,3,0,30435.0,,10145.0,2013-03-06,6.0,SPE4A613V7917,0XPA4,SPE4A626T33BP.PDF p.5,13.6,4.0
SPE4A626T33GU,SPE4A6-26-T-33GU,SPE4A626T33GU.PDF,2026-09-21,2026-09-28,20,HUBZone set-aside,2,False,,True,8,True,8,True,9,False,,False,,True,3,recent exact-NSN history,1,0,3375.0,,225.0,2026-06-23,11.0,SPE4A626PV586,3T949,SPE4A626T33GU.PDF p.6,0.3,20.0
SPE4A626T33LK,SPE4A6-26-T-33LK,SPE4A626T33LK.PDF,2026-09-21,2026-09-28,21,Total small business set-aside,2,True,3,True,9,True,8,True,9,False,,True,2,True,4,recent exact-NSN history,1,1,32146.9,,3214.69,2026-05-27,18.0,SPE4A626PS347P00001,56Z87,SPE4A626T33LK.PDF p.7,0.3,12.0
SPE4A626T33NC,SPE4A6-26-T-33NC,SPE4A626T33NC.PDF,2026-09-21,2026-09-28,22,Total small business set-aside,2,True,3,True,8,True,8,True,9,False,,True,2,True,4,recent exact-NSN history,1,1,25231.68,,2803.52,2026-06-18,2.0,SPE4A626PV357,7KKF3,SPE4A626T33NC.PDF p.6,0.3,12.0
SPE4A626T33RS,SPE4A6-26-T-33RS,SPE4A626T33RS.PDF,2026-09-21,2026-09-28,19,HUBZone set-aside,2,False,,True,7,False,,True,7,False,,False,,True,3,recent exact-NSN history,1,0,3900.0,,650.0,2026-05-28,25.0,SPE4A626F131P,5PAL3,SPE4A626T33RS.PDF p.6,0.3,20.0
SPE4A626T33TM,SPE4A6-26-T-33TM,SPE4A626T33TM.PDF,2026-09-21,2026-09-28,20,HUBZone set-aside,2,False,,True,8,True,7,True,8,False,,True,3,True,3,recent exact-NSN history,1,0,4998.0,,294.0,2026-09-08,18.0,SPE4A626P0M56,14321,SPE4A626T33TM.PDF p.6,0.1,13.0
SPE4A626T33UC,SPE4A6-26-T-33UC,SPE4A626T33UC.PDF,2026-09-21,2026-09-28,22,HUBZone set-aside,2,True,3,True,10,True,9,True,10,False,,True,3,True,4,recent exact-NSN history,1,1,12950.0,,1850.0,2026-08-26,8.0,SPE4A626PS921,73F14,SPE4A626T33UC.PDF p.7,0.1,20.0
SPE4A626T33ZD,SPE4A6-26-T-33ZD,SPE4A626T33ZD.PDF,2026-09-21,2026-09-28,19,HUBZone set-aside,2,False,,False,,False,,False,,False,,False,,True,3,recent exact-NSN history,1,0,9333.24,,777.77,2026-08-13,1.0,SPE4A026P2417,646V6,SPE4A626T33ZD.PDF p.6,0.1,1.0
SPE4A626T33ZN,SPE4A6-26-T-33ZN,SPE4A626T33ZN.PDF,2026-09-21,2026-09-28,25,HUBZone set-aside,2,True,3,True,8,True,8,False,,False,,True,3,True,4,recent exact-NSN history,2,1,795.4,,198.85,2026-02-19,1.0,SPE4A626PG182,02103,SPE4A626T33ZN.PDF p.7,0.6,3.0
SPE4A626T34AH,SPE4A6-26-T-34AH,SPE4A626T34AH.PDF,2026-09-21,2026-09-28,26,Total small business set-aside,2,True,3,True,8,True,7,False,,False,,True,2,True,3,recent exact-NSN history,1,1,76050.0,,8450.0,2026-08-31,6.0,SPE4A626PAQ66,6ZSR8,SPE4A626T34AH.PDF p.6,0.1,6.0
SPE4A626T34DG,SPE4A6-26-T-34DG,SPE4A626T34DG.PDF,2026-09-21,2026-09-28,19,HUBZone set-aside,2,False,,True,8,True,7,True,8,False,,True,3,True,3,recent exact-NSN history,1,0,1882.16,,470.54,2026-09-03,2.0,SPE4A626PG384,55560,SPE4A626T34DG.PDF p.6,0.1,14.0
SPE4A626T34GN,SPE4A6-26-T-34GN,SPE4A626T34GN.PDF,2026-09-21,2026-09-28,22,HUBZone set-aside,2,True,3,True,8,True,8,True,9,False,,True,3,True,4,history older than 5 years - compare with DLA management price,1,1,872.0,,872.0,2008-04-11,1.0,SPM4A608V3768,29056,SPE4A626T34GN.PDF p.7,18.5,3.0
SPE4A626T34HD,SPE4A6-26-T-34HD,SPE4A626T34HD.PDF,2026-09-21,2026-09-28,23,HUBZone set-aside; SDVOSB set-aside,2,True,3,True,8,True,8,True,9,False,,True,3,True,4,recent exact-NSN history,1,1,33886.5,,3388.65,2024-07-12,37.0,SPE4A624PU296P00001,3WGD1,SPE4A626T34HD.PDF p.7,2.2,20.0
SPE4A626T34LK,SPE4A6-26-T-34LK,SPE4A626T34LK.PDF,2026-09-22,2026-09-29,19,HUBZone set-aside,2,False,,True,7,True,7,False,,False,,False,,True,3,recent exact-NSN history,1,0,5845.5,,2922.75,2026-09-18,1.0,SPE4AC26P0227,6ZSR8,SPE4A626T34LK.PDF p.6,0.0,6.0
SPE4A626T34LM,SPE4A6-26-T-34LM,SPE4A626T34LM.PDF,2026-09-22,2026-09-29,18,Total small business set-aside,2,False,,True,7,True,6,False,,False,,False,,True,3,recent exact-NSN history,1,0,18500.0,,18500.0,2025-02-03,1.0,SPE4A625V8242P00001,0XPA4,SPE4A626T34LM.PDF p.5,1.7,1.0
SPE4A626T34NS,SPE4A6-26-T-34NS,SPE4A626T34NS.PDF,2026-09-22,2026-09-29,19,HUBZone set-aside,2,False,,True,7,True,7,False,,False,,False,,True,3,recent exact-NSN history,1,0,1200.0,,400.0,2026-09-04,3.0,SPE4A626P0L22P00001,19DN2,SPE4A626T34NS.PDF p.6,0.1,2.0
SPE4A626T34QP,SPE4A6-26-T-34QP,SPE4A626T34QP.PDF,2026-09-22,2026-09-29,19,HUBZone set-aside,2,False,,False,,False,,True,8,False,,True,3,True,3,history older than 5 years - compare with DLA management price,1,0,10.0,,0.5,1969-03-21,240.0,DSA40069MV301,83330,SPE4A626T34QP.PDF p.6,57.5,1.0
SPE4A626T34TV,SPE4A6-26-T-34TV,SPE4A626T34TV.PDF,2026-09-22,2026-09-29,22,HUBZone set-aside,2,True,3,True,8,True,8,True,9,False,,True,3,True,4,recent exact-NSN history,1,1,1240.77,,1240.77,2026-04-08,1.0,SPE4A626PM213,646V6,SPE4A626T34TV.PDF p.7,0.5,1.0
SPE4A626T34WQ,SPE4A6-26-T-34WQ,SPE4A626T34WQ.PDF,2026-09-22,2026-09-29,19,Total small business set-aside,2,False,,True,7,True,8,True,8,False,,True,2,True,3,no procurement history in PDF - investigate DLA management price; line stays unpriced,1,0,,,,,,,,,,
SPE4A626T34XD,SPE4A6-26-T-34XD,SPE4A626T34XD.PDF,2026-09-22,2026-09-29,22,HUBZone set-aside,2,True,3,False,,True,8,False,,False,,True,3,True,4,no procurement history in PDF - investigate DLA management price; line stays unpriced,1,1,,,,,,,,,,
SPE4A626T34XH,SPE4A6-26-T-34XH,SPE4A626T34XH.PDF,2026-09-22,2026-09-29,22,HUBZone set-aside,2,True,3,True,9,True,8,True,9,False,,True,3,True,4,history older than 5 years - compare with DLA management price,1,1,4080.0,,240.0,2019-07-02,78.0,SPE4A619PJ068P00001,1XC80,SPE4A626T34XH.PDF p.7,7.2,3.0
SPE4A626T34XL,SPE4A6-26-T-34XL,SPE4A626T34XL.PDF,2026-09-22,2026-09-29,19,Total small business set-aside,2,False,,True,7,False,,False,,False,,True,2,True,3,recent exact-NSN history,1,0,25236.96,,525.77,2026-09-02,14.0,SPE4A126V1509,646V6,SPE4A626T34XL.PDF p.5,0.1,20.0
SPE4A626T34XU,SPE4A6-26-T-34XU,SPE4A626T34XU.PDF,2026-09-22,2026-09-29,22,HUBZone set-aside,2,True,3,True,8,True,8,True,9,False,,True,3,True,4,history older than 5 years - compare with DLA management price,1,1,3850.0,,350.0,2020-10-15,16.0,SPE4A621F0581P00001,0XPA4,SPE4A626T34XU.PDF p.7,6.0,10.0
SPE4A626T34ZZ,SPE4A6-26-T-34ZZ,SPE4A626T34ZZ.PDF,2026-09-23,2026-09-30,22,HUBZone set-aside,2,True,3,True,8,True,8,False,,False,,True,3,True,4,recent exact-NSN history,1,1,6574.92,,1095.82,2024-01-23,2.0,SPE7M124FA239P00001,54X10,SPE4A626T34ZZ.PDF p.7,2.7,2.0
SPE4A626T35BT,SPE4A6-26-T-35BT,SPE4A626T35BT.PDF,2026-09-23,2026-09-30,20,Total small business set-aside,2,True,3,True,7,True,7,True,8,False,,True,2,True,4,recent exact-NSN history,1,1,43654.0,,1898.0,2025-03-27,38.0,SPE4A625PL242P00001,02AV2,SPE4A626T35BT.PDF p.6,1.5,2.0
SPE4A626T35CL,SPE4A6-26-T-35CL,SPE4A626T35CL.PDF,2026-09-23,2026-09-30,21,HUBZone set-aside,2,True,3,True,8,True,8,True,9,False,,True,3,True,4,recent exact-NSN history,1,1,7664.0,,958.0,2024-08-22,11.0,SPE4A624PW466P00001,29056,SPE4A626T35CL.PDF p.7,2.1,10.0
SPE4A626T35FH,SPE4A6-26-T-35FH,SPE4A626T35FH.PDF,2026-09-23,2026-09-30,21,HUBZone set-aside,2,True,3,True,8,True,8,True,9,False,,True,3,True,4,recent exact-NSN history,1,1,7276.0,,428.0,2026-01-21,18.0,SPE4A626PC771P00001,8SKT8,SPE4A626T35FH.PDF p.7,0.7,18.0
SPE4A626T35GL,SPE4A6-26-T-35GL,SPE4A626T35GL.PDF,2026-09-23,2026-09-30,22,Total small business set-aside,2,True,3,True,8,True,8,True,9,False,,True,2,True,4,recent exact-NSN history,1,1,41250.0,,2750.0,2026-08-19,33.0,SPE4A126P1281,51819,SPE4A626T35GL.PDF p.7,0.1,6.0
SPE4A626T35HV,SPE4A6-26-T-35HV,SPE4A626T35HV.PDF,2026-09-23,2026-09-30,22,Total small business set-aside,2,False,,True,7,True,7,True,8,False,,True,2,True,3,recent exact-NSN history,1,0,22099.5,,2455.5,2026-09-16,4.0,SPE4A626P0W68,6ZSR8,SPE4A626T35HV.PDF p.5,0.0,12.0
SPE4A626T35JN,SPE4A6-26-T-35JN,SPE4A626T35JN.PDF,2026-09-23,2026-09-30,19,HUBZone set-aside,2,False,,True,7,False,,True,7,False,,True,3,True,3,recent exact-NSN history,1,0,8160.0,,1632.0,2026-06-22,3.0,SPE4A126V0855,3T8J4,SPE4A626T35JN.PDF p.6,0.3,19.0
SPE4A626T35LB,SPE4A6-26-T-35LB,SPE4A626T35LB.PDF,2026-09-23,2026-09-30,18,HUBZone set-aside,2,False,,False,,False,,False,,False,,False,,True,3,no procurement history in PDF - investigate DLA management price; line stays unpriced,1,0,,,,,,,,,,
SPE4A626T35MQ,SPE4A6-26-T-35MQ,SPE4A626T35MQ.PDF,2026-09-23,2026-09-30,21,No set-aside clause found (check SF18 block),,True,3,True,8,True,8,False,,False,,True,3,True,4,recent exact-NSN history,1,1,21600.0,,10800.0,2025-08-27,1.0,SPE4A625PAAAUP00001,6ZSR8,SPE4A626T35MQ.PDF p.7,1.1,10.0
SPE4A626T35NF,SPE4A6-26-T-35NF,SPE4A626T35NF.PDF,2026-09-23,2026-09-30,19,HUBZone set-aside,2,False,,True,7,True,7,True,8,False,,True,3,True,3,recent exact-NSN history,1,0,10564.0,,2641.0,2026-06-25,2.0,SPE4A626V230N,0HS46,SPE4A626T35NF.PDF p.6,0.3,8.0
SPE4A626T35SG,SPE4A6-26-T-35SG,SPE4A626T35SG.PDF,2026-09-23,2026-09-30,22,HUBZone set-aside,2,True,3,True,8,True,8,True,9,False,,True,3,True,4,history older than 5 years - compare with DLA management price,1,1,1501.5,,115.5,2020-02-20,23.0,SPE4A620P9778P00001,4VAS1,SPE4A626T35SG.PDF p.6,6.6,6.0
SPE4A626T35TB,SPE4A6-26-T-35TB,SPE4A626T35TB.PDF,2026-09-23,2026-09-30,21,HUBZone set-aside,2,True,3,True,8,True,8,True,9,False,,True,3,True,4,recent exact-NSN history,1,1,5560.0,,695.0,2026-06-11,29.0,SPE4A626PU681,23371,SPE4A626T35TB.PDF p.7,0.3,3.0
SPE4A626T35VP,SPE4A6-26-T-35VP,SPE4A626T35VP.PDF,2026-09-23,2026-09-30,22,HUBZone set-aside,2,True,3,True,8,True,8,True,9,False,,True,3,True,4,no procurement history in PDF - investigate DLA management price; line stays unpriced,1,1,,,,,,,,,,
SPE4A626T35VQ,SPE4A6-26-T-35VQ,SPE4A626T35VQ.PDF,2026-09-23,2026-09-30,19,HUBZone set-aside,2,False,,True,7,True,7,False,,False,,False,,True,3,recent exact-NSN history,1,0,216.0,,216.0,2026-05-07,2.0,SPE4A126V0541,3T8J4,SPE4A626T35VQ.PDF p.6,0.4,13.0
SPE4A626T35VW,SPE4A6-26-T-35VW,SPE4A626T35VW.PDF,2026-09-23,2026-09-30,22,HUBZone set-aside,2,True,3,True,8,True,8,True,9,False,,True,3,True,4,no procurement history in PDF - investigate DLA management price; line stays unpriced,1,1,,,,,,,,,,
SPE4A626T35XD,SPE4A6-26-T-35XD,SPE4A626T35XD.PDF,2026-09-24,2026-10-01,21,HUBZone set-aside; SDVOSB set-aside,2,True,3,True,8,True,8,True,9,False,,True,3,True,4,recent exact-NSN history,1,1,25408.0,,3176.0,2025-06-25,8.0,SPE4A625PX735,3WGD1,SPE4A626T35XD.PDF p.7,1.3,20.0
SPE4A626T35XE,SPE4A6-26-T-35XE,SPE4A626T35XE.PDF,2026-09-24,2026-10-01,21,HUBZone set-aside; SDVOSB set-aside,2,True,3,True,8,True,8,True,9,False,,True,3,True,4,recent exact-NSN history,1,1,19056.0,,3176.0,2025-06-25,8.0,SPE4A625PX735,3WGD1,SPE4A626T35XE.PDF p.7,1.3,20.0
SPE4A626T35XQ,SPE4A6-26-T-35XQ,SPE4A626T35XQ.PDF,2026-09-24,2026-10-01,19,HUBZone set-aside,2,False,,True,8,True,7,True,8,False,,True,3,True,3,recent exact-NSN history,1,0,10533.0,,1755.5,2025-10-08,6.0,SPE4A626P1202P00001,6ZSR8,SPE4A626T35XQ.PDF p.6,1.0,8.0
SPE4A626T35YA,SPE4A6-26-T-35YA,SPE4A626T35YA.PDF,2026-09-24,2026-10-01,20,HUBZone set-aside,2,False,,False,,False,,True,7,False,,False,,True,3,history older than 5 years - compare with DLA management price,2,0,1554.95,,11.35,2021-02-08,153.0,SPE4A621F7347,91729,SPE4A626T35YA.PDF p.6,5.6,20.0
SPE4A626T36AA,SPE4A6-26-T-36AA,SPE4A626T36AA.PDF,2026-09-24,2026-10-01,20,HUBZone set-aside,2,False,,True,8,True,7,True,8,False,,False,,True,3,recent exact-NSN history,1,0,2112.5,,81.25,2025-11-04,55.0,SPE4A626P4675P00001,646V6,SPE4A626T36AA.PDF p.6,0.9,8.0
SPE4A626T36AC,SPE4A6-26-T-36AC,SPE4A626T36AC.PDF,2026-09-24,2026-10-01,22,HUBZone set-aside,2,True,3,True,8,True,8,True,9,False,,True,3,True,4,recent exact-NSN history,1,1,3073.0,,439.0,2024-04-10,9.0,SPE4A624PL360P00001,29056,SPE4A626T36AC.PDF p.7,2.5,9.0
SPE4A626T36AZ,SPE4A6-26-T-36AZ,SPE4A626T36AZ.PDF,2026-09-24,2026-10-01,21,Total small business set-aside,2,False,,True,7,True,7,False,,False,,True,2,True,3,history older than 5 years - compare with DLA management price,1,0,64968.75,,1443.75,2019-10-31,66.0,SPE4A620P2174P00004,5S5W0,SPE4A626T36AZ.PDF p.6,6.9,10.0
SPE4A626T36BA,SPE4A6-26-T-36BA,SPE4A626T36BA.PDF,2026-09-24,2026-10-01,21,HUBZone set-aside,2,True,3,True,8,True,8,True,9,False,,True,3,True,4,recent exact-NSN history,1,1,11640.0,,11640.0,2025-06-27,2.0,SPE4A625PX971,7DWH2,SPE4A626T36BA.PDF p.7,1.3,19.0
SPE4A626T36BS,SPE4A6-26-T-36BS,SPE4A626T36BS.PDF,2026-09-24,2026-10-01,21,HUBZone set-aside,2,True,3,True,9,True,8,True,9,False,,True,3,True,4,recent exact-NSN history,1,1,10620.0,,265.5,2025-03-19,13.0,SPE4A625PK074P00001,6ZSR8,SPE4A626T36BS.PDF p.7,1.5,6.0
SPE4A626T36BW,SPE4A6-26-T-36BW,SPE4A626T36BW.PDF,2026-09-24,2026-10-01,23,HUBZone set-aside,2,True,3,True,9,True,8,False,,False,,True,3,True,4,recent exact-NSN history,1,1,4050.0,,2025.0,2026-08-20,2.0,SPE4A126P1348,19DN2,SPE4A626T36BW.PDF p.7,0.1,6.0
SPE4A626T36CB,SPE4A6-26-T-36CB,SPE4A626T36CB.PDF,2026-09-24,2026-10-01,22,HUBZone set-aside,2,True,3,True,8,True,8,True,9,False,,True,3,True,4,recent exact-NSN history,1,1,10187.25,,3395.75,2026-01-28,4.0,SPE4A626PD830,6ZSR8,SPE4A626T36CB.PDF p.7,0.7,13.0
SPE4A626T36CX,SPE4A6-26-T-36CX,SPE4A626T36CX.PDF,2026-09-24,2026-10-01,23,HUBZone set-aside,2,True,3,True,8,True,8,True,9,False,,True,3,True,4,recent exact-NSN history,1,1,5950.0,,2975.0,2025-06-16,4.0,SPE4A625PW499P00001,6ZSR8,SPE4A626T36CX.PDF p.7,1.3,5.0
SPE4A626T36F3,SPE4A6-26-T-36F3,SPE4A626T36F3.PDF,2026-04-27,2026-05-04,26,HUBZone set-aside,2,True,3,True,8,True,8,True,9,False,,True,3,True,4,recent exact-NSN history,2,1,697.5,,69.75,2023-01-20,96.0,SPE4A623PA287,012M4,SPE4A626T36F3.PDF p.7,3.7,14.0
SPE4A626T36F6,SPE4A6-26-T-36F6,SPE4A626T36F6.PDF,2026-04-27,2026-05-04,24,HUBZone set-aside,2,False,,True,7,True,7,True,8,False,,True,3,True,3,recent exact-NSN history,1,0,1580.0,,395.0,2023-05-10,5.0,SPE4A623PM326,0BTU8,SPE4A626T36F6.PDF p.6,3.4,9.0
SPE4A626T36FL,SPE4A6-26-T-36FL,SPE4A626T36FL.PDF,2026-09-24,2026-10-01,19,HUBZone set-aside,2,False,,True,8,True,7,True,8,False,,True,3,True,3,recent exact-NSN history,1,0,21300.0,,7100.0,2026-06-22,2.0,SPE4A126V0958P00001,8SKT8,SPE4A626T36FL.PDF p.6,0.3,5.0
SPE4A626T36G0,SPE4A6-26-T-36G0,SPE4A626T36G0.PDF,2026-04-27,2026-05-04,25,Total small business set-aside,2,False,,True,8,True,7,True,8,False,,True,2,True,3,recent exact-NSN history,1,0,20350.0,,1850.0,2025-11-03,9.0,SPE4A626V2314,8SKT8,SPE4A626T36G0.PDF p.5,0.9,13.0
SPE4A626T36HX,SPE4A6-26-T-36HX,SPE4A626T36HX.PDF,2026-09-25,2026-10-02,19,HUBZone set-aside,2,False,,True,7,False,,True,8,False,,True,3,True,3,recent exact-NSN history,1,0,3885.25,,3885.25,2025-12-09,1.0,SPE4A626P9043,6ZSR8,SPE4A626T36HX.PDF p.6,0.8,1.0
SPE4A626T36J8,SPE4A6-26-T-36J8,SPE4A626T36J8.PDF,2026-04-27,2026-05-04,25,HUBZone set-aside,2,True,3,True,8,True,8,False,,False,,True,3,True,4,recent exact-NSN history,1,1,3000.0,,600.0,2026-04-01,2.0,SPE4A626PL476,8SKT8,SPE4A626T36J8.PDF p.7,0.5,2.0
SPE4A626T36JR,SPE4A6-26-T-36JR,SPE4A626T36JR.PDF,2026-09-25,2026-10-02,19,HUBZone set-aside,2,False,,True,7,True,7,False,,False,,True,3,True,3,recent exact-NSN history,1,0,456.25,,456.25,2026-08-07,1.0,SPE4A626V296C,4VAS1,SPE4A626T36JR.PDF p.6,0.1,1.0
SPE4A626T36K9,SPE4A6-26-T-36K9,SPE4A626T36K9.PDF,2026-04-27,2026-05-04,25,HUBZone set-aside; SDVOSB set-aside,2,True,3,True,9,True,8,True,9,False,,True,3,True,4,recent exact-NSN history,1,1,20693.399999999998,,1478.1,2024-03-26,6.0,SPE4A624PK008,067A4,SPE4A626T36K9.PDF p.7,2.5,7.0
SPE4A626T36KC,SPE4A6-26-T-36KC,SPE4A626T36KC.PDF,2026-09-25,2026-10-02,18,Total small business set-aside,2,False,,True,7,True,6,False,,False,,False,,True,3,recent exact-NSN history,1,0,92500.0,,18500.0,2025-02-03,1.0,SPE4A625V8242P00001,0XPA4,SPE4A626T36KC.PDF p.5,1.7,1.0
SPE4A626T36KV,SPE4A6-26-T-36KV,SPE4A626T36KV.PDF,2026-09-25,2026-10-02,19,HUBZone set-aside,2,False,,True,7,True,7,False,,False,,False,,True,3,recent exact-NSN history,1,0,4192.75,,4192.75,2026-03-17,1.0,SPE4A626PJ940P00001,6ZSR8,SPE4A626T36KV.PDF p.6,0.5,1.0
SPE4A626T36LM,SPE4A6-26-T-36LM,SPE4A626T36LM.PDF,2026-09-25,2026-10-02,19,HUBZone set-aside,2,False,,True,7,False,,False,,False,,False,,True,3,no procurement history in PDF - investigate DLA management price; line stays unpriced,1,0,,,,,,,,,,
SPE4A626T36LN,SPE4A6-26-T-36LN,SPE4A626T36LN.PDF,2026-09-25,2026-10-02,19,HUBZone set-aside,2,False,,True,7,True,7,False,,False,,False,,True,3,no procurement history in PDF - investigate DLA management price; line stays unpriced,1,0,,,,,,,,,,
SPE4A626T36NA,SPE4A6-26-T-36NA,SPE4A626T36NA.PDF,2026-09-25,2026-10-02,19,HUBZone set-aside,2,False,,True,7,True,7,False,,False,,False,,True,3,recent exact-NSN history,1,0,2125.0,,2125.0,2026-01-28,1.0,SPE4A626V7519,646V6,SPE4A626T36NA.PDF p.6,0.7,2.0
SPE4A626T36ND,SPE4A6-26-T-36ND,SPE4A626T36ND.PDF,2026-09-25,2026-10-02,24,HUBZone set-aside,2,True,3,True,8,True,8,True,9,False,,True,3,True,4,recent exact-NSN history,1,1,52481.0,,1192.75,2026-08-14,3.0,SPE4A626PAY85,6ZSR8,SPE4A626T36ND.PDF p.7,0.1,9.0
SPE4A626T36PD,SPE4A6-26-T-36PD,SPE4A626T36PD.PDF,2026-09-25,2026-10-02,19,HUBZone set-aside,2,False,,True,7,True,7,True,8,False,,False,,True,3,recent exact-NSN history,1,0,13650.0,,195.0,2022-07-13,1.0,SPETA622P0454P00001,5A964,SPE4A626T36PD.PDF p.6,4.2,5.0
SPE4A626T36RK,SPE4A6-26-T-36RK,SPE4A626T36RK.PDF,2026-09-25,2026-10-02,22,HUBZone set-aside,2,True,3,True,9,True,8,True,9,False,,True,3,True,4,history older than 5 years - compare with DLA management price,1,1,3900.0,,1300.0,2019-04-01,14.0,SPE4A619PC724P00001,66791,SPE4A626T36RK.PDF p.6,7.5,3.0
SPE4A626T36SR,SPE4A6-26-T-36SR,SPE4A626T36SR.PDF,2026-09-25,2026-10-02,19,HUBZone set-aside,2,False,,False,,True,7,True,8,False,,True,3,True,3,no procurement history in PDF - investigate DLA management price; line stays unpriced,1,0,,,,,,,,,,
SPE4A626T36TB,SPE4A6-26-T-36TB,SPE4A626T36TB.PDF,2026-09-25,2026-10-02,20,HUBZone set-aside,2,False,,True,8,True,7,True,8,False,,True,3,True,3,history older than 5 years - compare with DLA management price,1,0,2117.5,,84.7,2020-05-20,184.0,SPE4A620PH510,6FN58,SPE4A626T36TB.PDF p.6,6.4,8.0
SPE4A626T36UX,SPE4A6-26-T-36UX,SPE4A626T36UX.PDF,2026-09-25,2026-10-02,21,HUBZone set-aside,2,True,3,True,8,True,8,True,9,False,,True,3,True,4,history older than 5 years - compare with DLA management price,1,1,1033.5,,79.5,2021-01-05,6.0,SPE4A621V8270,0XPA4,SPE4A626T36UX.PDF p.7,5.7,2.0
SPE4A626T36VC,SPE4A6-26-T-36VC,SPE4A626T36VC.PDF,2026-09-25,2026-10-02,19,HUBZone set-aside,2,False,,True,8,True,7,False,,False,,False,,True,3,no procurement history in PDF - investigate DLA management price; line stays unpriced,1,0,,,,,,,,,,
SPE4A626T36VJ,SPE4A6-26-T-36VJ,SPE4A626T36VJ.PDF,2026-09-25,2026-10-02,19,HUBZone set-aside,2,False,,True,7,True,7,True,8,False,,True,3,True,3,history older than 5 years - compare with DLA management price,1,0,1431.1200000000001,,2.68,2021-08-16,1249.0,SPE4A121V0729,6R888,SPE4A626T36VJ.PDF p.6,5.1,13.0
SPE4A626T36WD,SPE4A6-26-T-36WD,SPE4A626T36WD.PDF,2026-09-25,2026-10-02,21,HUBZone set-aside,2,True,3,True,8,True,8,True,9,False,,True,3,True,4,recent exact-NSN history,1,1,4295.5,,4295.5,2026-04-28,1.0,SPE4A626PP296P00001,6ZSR8,SPE4A626T36WD.PDF p.7,0.4,7.0
SPE4A626T36WP,SPE4A6-26-T-36WP,SPE4A626T36WP.PDF,2026-09-25,2026-10-02,22,HUBZone set-aside,2,True,3,True,9,True,8,True,9,False,,True,3,True,4,recent exact-NSN history,1,1,1672.65,,37.17,2025-12-18,57.0,SPE4A626PA300,75Q65,SPE4A626T36WP.PDF p.7,0.8,3.0
SPE4A626T36WQ,SPE4A6-26-T-36WQ,SPE4A626T36WQ.PDF,2026-09-25,2026-10-02,19,HUBZone set-aside,2,False,,True,8,True,7,True,8,False,,True,3,True,3,recent exact-NSN history,1,0,510.0,,255.0,2023-02-06,16.0,SPE4A123P0564,73F14,SPE4A626T36WQ.PDF p.6,3.6,17.0
SPE4A626T36XY,SPE4A6-26-T-36XY,SPE4A626T36XY.PDF,2026-09-25,2026-10-02,19,HUBZone set-aside,2,False,,True,7,True,7,False,,False,,False,,True,3,no procurement history in PDF - investigate DLA management price; line stays unpriced,1,0,,,,,,,,,,
SPE4A626T36YB,SPE4A6-26-T-36YB,SPE4A626T36YB.PDF,2026-09-25,2026-10-02,19,HUBZone set-aside,2,False,,True,7,True,7,True,8,False,,True,3,True,3,no procurement history in PDF - investigate DLA management price; line stays unpriced,1,0,,,,,,,,,,
SPE4A626T36ZD,SPE4A6-26-T-36ZD,SPE4A626T36ZD.PDF,2026-09-28,2026-10-05,19,HUBZone set-aside,2,False,,True,7,True,7,True,8,False,,True,3,True,3,recent exact-NSN history,1,0,13100.0,,6550.0,2026-02-26,5.0,SPE4A626PG968P00002,8SKT8,SPE4A626T36ZD.PDF p.6,0.6,1.0
SPE4A626T36ZJ,SPE4A6-26-T-36ZJ,SPE4A626T36ZJ.PDF,2026-09-28,2026-10-05,19,No set-aside clause found (check SF18 block),,False,,True,8,True,7,True,8,False,,True,3,True,3,recent exact-NSN history,1,0,800.0,,200.0,2026-02-18,5.0,SPE4A626PF859P00001,9XUD2,SPE4A626T36ZJ.PDF p.6,0.6,2.0
SPE4A626T37BB,SPE4A6-26-T-37BB,SPE4A626T37BB.PDF,2026-09-28,2026-10-05,19,HUBZone set-aside,2,False,,True,8,True,7,False,,False,,False,,True,3,history older than 5 years - compare with DLA management price,1,0,6300.0,,900.0,2020-05-08,8.0,SPE4A420P0718P00002,52115,SPE4A626T37BB.PDF p.6,6.4,2.0
SPE4A626T37DB,SPE4A6-26-T-37DB,SPE4A626T37DB.PDF,2026-09-28,2026-10-05,22,HUBZone set-aside,2,True,3,True,8,True,8,True,9,False,,True,3,True,4,recent exact-NSN history,1,1,2839.8,,1419.9,2026-08-31,2.0,SPE4A626P0E64,67291,SPE4A626T37DB.PDF p.6,0.1,5.0
SPE4A626T37DG,SPE4A6-26-T-37DG,SPE4A626T37DG.PDF,2026-09-28,2026-10-05,23,HUBZone set-aside,2,True,3,True,8,True,8,False,,False,,True,3,True,4,recent exact-NSN history,1,1,13200.0,,3300.0,2026-01-08,4.0,SPE4A626PB640,73F14,SPE4A626T37DG.PDF p.7,0.7,6.0
SPE4A626T37DJ,SPE4A6-26-T-37DJ,SPE4A626T37DJ.PDF,2026-09-28,2026-10-05,19,HUBZone set-aside,2,False,,True,7,True,7,False,,False,,False,,True,3,recent exact-NSN history,1,0,1752.0,,1752.0,2026-06-23,1.0,SPE4A626PV744,646V6,SPE4A626T37DJ.PDF p.6,0.3,2.0
SPE4A626T37DP,SPE4A6-26-T-37DP,SPE4A626T37DP.PDF,2026-09-28,2026-10-05,22,HUBZone set-aside,2,True,3,True,8,True,8,True,9,False,,True,3,True,4,recent exact-NSN history,1,1,9541.74,,733.98,2026-07-29,38.0,SPE4A626PAD27,8HBL2,SPE4A626T37DP.PDF p.7,0.2,12.0
SPE4A626T37EH,SPE4A6-26-T-37EH,SPE4A626T37EH.PDF,2026-09-28,2026-10-05,22,Total small business set-aside,2,True,3,True,8,True,8,True,9,False,,True,2,True,4,recent exact-NSN history,1,1,37500.0,,1250.0,2026-06-23,13.0,SPE4A626F212CP00001,73F14,SPE4A626T37EH.PDF p.6,0.3,19.0
SPE4A626T37EV,SPE4A6-26-T-37EV,SPE4A626T37EV.PDF,2026-09-28,2026-10-05,20,HUBZone set-aside,2,False,,True,7,True,7,False,,False,,True,3,True,3,history older than 5 years - compare with DLA management price,1,0,650.0,,65.0,2020-10-20,33.0,SPE4A621V2558,0XPA4,SPE4A626T37EV.PDF p.6,5.9,18.0
SPE4A626T37FE,SPE4A6-26-T-37FE,SPE4A626T37FE.PDF,2026-09-28,2026-10-05,20,HUBZone set-aside,2,False,,True,8,True,7,True,8,False,,True,3,True,3,recent exact-NSN history,1,0,7984.0,,998.0,2025-11-13,14.0,SPE4A626P5641,3T8J4,SPE4A626T37FE.PDF p.6,0.9,6.0
SPE4A626T37LT,SPE4A6-26-T-37LT,SPE4A626T37LT.PDF,2026-09-29,2026-10-06,24,Total small business set-aside,2,True,3,True,7,True,7,True,8,False,,True,2,True,4,recent exact-NSN history,1,1,81900.0,,6300.0,2025-02-06,3.0,SPE4A625PE652P00002,8WBD2,SPE4A626T37LT.PDF p.6,1.6,5.0
SPE4A626T37NX,SPE4A6-26-T-37NX,SPE4A626T37NX.PDF,2026-09-29,2026-10-06,20,Total small business set-aside,2,False,,True,8,True,7,True,8,False,,True,2,True,3,history older than 5 years - compare with DLA management price,1,0,20774.0,,10387.0,2015-06-19,1.0,SPE4AL15M0256,3T8J4,SPE4A626T37NX.PDF p.5,11.3,3.0
SPE4A626T37RP,SPE4A6-26-T-37RP,SPE4A626T37RP.PDF,2026-09-29,2026-10-06,19,HUBZone set-aside,2,False,,False,,True,7,False,,False,,True,3,True,3,no procurement history in PDF - investigate DLA management price; line stays unpriced,1,0,,,,,,,,,,
SPE4A626T37RR,SPE4A6-26-T-37RR,SPE4A626T37RR.PDF,2026-09-29,2026-10-06,20,HUBZone set-aside,2,False,,True,7,True,7,True,8,False,,True,3,True,3,recent exact-NSN history,1,0,3200.0,,3200.0,2026-03-31,1.0,SPE7M826P1244,646V6,SPE4A626T37RR.PDF p.6,0.5,7.0
SPE4A626T37RX,SPE4A6-26-T-37RX,SPE4A626T37RX.PDF,2026-09-29,2026-10-06,19,HUBZone set-aside,2,False,,False,,False,,True,7,False,,True,3,True,3,recent exact-NSN history,1,0,1271.81,,14.29,2023-11-01,305.0,SPE4A624F2123,5A910,SPE4A626T37RX.PDF p.6,2.9,10.0
SPE4A626T37RY,SPE4A6-26-T-37RY,SPE4A626T37RY.PDF,2026-09-29,2026-10-06,22,HUBZone set-aside,2,True,3,True,9,True,8,True,9,False,,True,3,True,4,recent exact-NSN history,1,1,5217.6,,869.6,2025-05-19,5.0,SPE4A625PT197P00001,012M4,SPE4A626T37RY.PDF p.7,1.4,10.0
SPE4A626T37RZ,SPE4A6-26-T-37RZ,SPE4A626T37RZ.PDF,2026-09-29,2026-10-06,19,HUBZone set-aside,2,False,,False,,False,,True,7,False,,True,3,True,3,recent exact-NSN history,1,0,2351.3999999999996,,195.95,2023-01-23,75.0,SPE4A623P9523,0BTU8,SPE4A626T37RZ.PDF p.6,3.7,15.0
SPE4A626T37SH,SPE4A6-26-T-37SH,SPE4A626T37SH.PDF,2026-09-30,2026-10-07,19,HUBZone set-aside,2,False,,True,7,True,7,True,8,False,,True,3,True,3,history older than 5 years - compare with DLA management price,1,0,298.0,,149.0,1998-09-18,4.0,SP045198MMG07,0HS46,SPE4A626T37SH.PDF p.6,28.0,1.0
SPE4A626T37VG,SPE4A6-26-T-37VG,SPE4A626T37VG.PDF,2026-09-30,2026-10-07,29,HUBZone set-aside,2,True,3,True,8,True,8,True,9,False,,True,3,True,4,recent exact-NSN history,2,1,20430.0,,3405.0,2026-08-11,5.0,SPE4A726PD145,0WW63,SPE4A626T37VG.PDF p.7,0.1,11.0
SPE4A626T37YE,SPE4A6-26-T-37YE,SPE4A626T37YE.PDF,2026-09-30,2026-10-07,19,HUBZone set-aside,2,False,,True,8,True,7,False,,False,,False,,True,3,history older than 5 years - compare with DLA management price,1,0,5553.72,,462.81,2017-11-21,30.0,SPE4A618V3299,2B195,SPE4A626T37YE.PDF p.6,8.9,9.0
SPE4A626T37YY,SPE4A6-26-T-37YY,SPE4A626T37YY.PDF,2026-09-30,2026-10-07,20,HUBZone set-aside,2,False,,True,7,False,,False,,False,,True,3,True,3,recent exact-NSN history,1,0,8995.0,,8995.0,2025-02-06,1.0,SPE4A625V8463P00001,6ZSR8,SPE4A626T37YY.PDF p.6,1.6,2.0
SPE4A626T38F2,SPE4A6-26-T-38F2,SPE4A626T38F2.PDF,2026-04-29,2026-05-06,25,HUBZone set-aside,2,True,3,True,8,True,8,True,9,False,,True,3,True,4,recent exact-NSN history,1,1,5681.25,,631.25,2025-11-24,8.0,SPE4A626P7162,31068,SPE4A626T38F2.PDF p.7,0.8,10.0
SPE4A626T40V4,SPE4A6-26-T-40V4,SPE4A626T40V4.PDF,2026-05-04,2026-05-11,25,HUBZone set-aside,2,True,3,True,9,True,8,True,9,False,,True,3,True,4,history older than 5 years - compare with DLA management price,1,1,4999.99,,4999.99,2014-07-02,5.0,SPE4A414VH564,35KC3,SPE4A626T40V4.PDF p.7,12.2,3.0
SPE4A626T41A6,SPE4A6-26-T-41A6,SPE4A626T41A6.PDF,2026-05-04,2026-05-11,23,HUBZone set-aside,2,False,,False,,True,7,True,8,False,,True,3,True,3,history older than 5 years - compare with DLA management price,1,0,141.41,,141.41,1986-05-24,6.0,DLA40086AB4091175,5R507,SPE4A626T41A6.PDF p.6,40.4,1.0
SPE4A626T41C0,SPE4A6-26-T-41C0,SPE4A626T41C0.PDF,2026-05-04,2026-05-11,23,HUBZone set-aside,2,False,,False,,True,7,False,,False,,True,3,True,3,no procurement history in PDF - investigate DLA management price; line stays unpriced,1,0,,,,,,,,,,
SPE4A626T42K0,SPE4A6-26-T-42K0,SPE4A626T42K0.PDF,2026-05-05,2026-05-12,23,HUBZone set-aside,2,False,,False,,True,7,False,,False,,False,,True,3,no procurement history in PDF - investigate DLA management price; line stays unpriced,1,0,,,,,,,,,,
SPE4A626T42V0,SPE4A6-26-T-42V0,SPE4A626T42V0.PDF,2026-05-06,2026-05-13,26,HUBZone set-aside,2,True,3,True,8,False,,True,9,False,,True,3,True,4,recent exact-NSN history,1,1,3967.9,,793.58,2026-02-03,6.0,SPE4A626PE141,012M4,SPE4A626T42V0.PDF p.7,0.7,9.0
SPE4A626T43T0,SPE4A6-26-T-43T0,SPE4A626T43T0.PDF,2026-05-06,2026-05-13,25,HUBZone set-aside,2,True,3,True,8,True,8,True,9,False,,True,3,True,4,history older than 5 years - compare with DLA management price,1,1,1209.44,,75.59,2014-08-08,61.0,SPE4A414VK754,19151,SPE4A626T43T0.PDF p.6,12.1,3.0
SPE4A626T44B9,SPE4A6-26-T-44B9,SPE4A626T44B9.PDF,2026-05-06,2026-05-13,25,No set-aside clause found (check SF18 block),,True,3,True,8,True,8,False,,False,,True,3,True,4,recent exact-NSN history,1,1,21600.0,,10800.0,2025-08-27,1.0,SPE4A625PAAAUP00001,6ZSR8,SPE4A626T44B9.PDF p.7,1.1,10.0
SPE4A626T44X9,SPE4A6-26-T-44X9,SPE4A626T44X9.PDF,2026-05-06,2026-05-13,26,HUBZone set-aside,2,True,3,True,8,True,8,True,9,False,,True,3,True,4,history older than 5 years - compare with DLA management price,1,1,1920.0,,640.0,2020-11-05,17.0,SPE4A621P2887,0XPA4,SPE4A626T44X9.PDF p.7,5.9,8.0
SPE4A626T456Z,SPE4A6-26-T-456Z,SPE4A626T456Z.PDF,2026-01-09,2026-01-16,30,HUBZone set-aside,2,True,3,True,9,True,8,False,,False,,True,3,True,4,recent exact-NSN history,1,1,6377.849999999999,,2125.95,2023-01-28,2.0,SPE4A623PB580P00001,6ZSR8,SPE4A626T456Z.PDF p.6,3.7,3.0
SPE4A626T45P4,SPE4A6-26-T-45P4,SPE4A626T45P4.PDF,2026-05-06,2026-05-13,23,HUBZone set-aside,2,False,,True,8,True,7,False,,False,,False,,True,3,history older than 5 years - compare with DLA management price,1,0,5553.72,,462.81,2017-11-21,30.0,SPE4A618V3299,2B195,SPE4A626T45P4.PDF p.6,8.9,9.0
SPE4A626T46C8,SPE4A6-26-T-46C8,SPE4A626T46C8.PDF,2026-05-06,2026-05-13,22,HUBZone set-aside,2,False,,False,,False,,True,7,False,,True,3,True,3,recent exact-NSN history,1,0,1860.4800000000002,,10.88,2025-06-25,362.0,SPE4A625PX755,0E8W5,SPE4A626T46C8.PDF p.6,1.3,2.0
SPE4A626T472Z,SPE4A6-26-T-472Z,SPE4A626T472Z.PDF,2026-01-13,2026-01-20,27,HUBZone set-aside,2,False,,True,8,True,7,True,8,False,,True,3,True,3,history older than 5 years - compare with DLA management price,1,0,12450.75,,12450.75,2018-07-27,1.0,SPE4A418V017PP00001,24600,SPE4A626T472Z.PDF p.6,8.2,6.0
SPE4A626T473D,SPE4A6-26-T-473D,SPE4A626T473D.PDF,2026-01-13,2026-01-20,32,HUBZone set-aside; SDVOSB set-aside,2,True,3,True,9,True,9,True,11,False,,True,3,True,5,recent exact-NSN history,1,2,110340.0,,3065.0,2025-07-15,60.0,SPE4A625PAJ94P00001,3B8L1,SPE4A626T473D.PDF p.7,1.2,20.0
SPE4A626T47P4,SPE4A6-26-T-47P4,SPE4A626T47P4.PDF,2026-05-07,2026-05-14,24,HUBZone set-aside,2,False,,False,,True,8,False,,False,,False,,True,3,history older than 5 years - compare with DLA management price,1,0,2600.1,,144.45,1989-04-19,62.0,DAAE0789P0893,4L516,SPE4A626T47P4.PDF p.6,37.4,1.0
SPE4A626T47R1,SPE4A6-26-T-47R1,SPE4A626T47R1.PDF,2026-05-08,2026-05-15,23,HUBZone set-aside,2,False,,False,,False,,False,,False,,False,,True,3,no procurement history in PDF - investigate DLA management price; line stays unpriced,1,0,,,,,,,,,,
SPE4A626T488Y,SPE4A6-26-T-488Y,SPE4A626T488Y.PDF,2026-01-14,2026-01-21,29,HUBZone set-aside,2,True,3,True,8,True,8,False,,False,,True,3,True,4,recent exact-NSN history,1,1,9500.0,,950.0,2025-04-29,4.0,SPE4A625PQ428,58078,SPE4A626T488Y.PDF p.7,1.4,2.0
SPE4A626T491G,SPE4A6-26-T-491G,SPE4A626T491G.PDF,2026-01-14,2026-01-21,29,Total small business set-aside,2,True,3,True,7,True,7,True,8,False,,True,2,True,4,recent exact-NSN history,1,1,21750.0,,1450.0,2025-06-12,15.0,SPE4A625PW139P00001,8WBD2,SPE4A626T491G.PDF p.6,1.3,1.0
SPE4A626T493M,SPE4A6-26-T-493M,SPE4A626T493M.PDF,2026-01-14,2026-01-21,30,HUBZone set-aside,2,True,3,True,8,True,8,True,9,False,,True,3,True,4,recent exact-NSN history,1,1,2238.0,,2238.0,2023-11-09,4.0,SPE4A624P4083P00001,29056,SPE4A626T493M.PDF p.7,2.9,1.0
SPE4A626T49D6,SPE4A6-26-T-49D6,SPE4A626T49D6.PDF,2026-05-08,2026-05-15,23,HUBZone set-aside,2,False,,True,8,True,7,True,8,False,,True,3,True,3,recent exact-NSN history,1,0,3750.0,,1875.0,2023-02-03,14.0,SPE4A623PC238P00001,6ZSR8,SPE4A626T49D6.PDF p.6,3.7,6.0
SPE4A626T50J3,SPE4A6-26-T-50J3,SPE4A626T50J3.PDF,2026-05-11,2026-05-18,23,HUBZone set-aside,2,False,,True,8,True,7,False,,False,,True,3,True,3,recent exact-NSN history,1,0,1430.25,,1430.25,2025-10-07,1.0,SPE4A626P1351P00004,646V6,SPE4A626T50J3.PDF p.6,1.0,20.0
SPE4A626T512F,SPE4A6-26-T-512F,SPE4A626T512F.PDF,2026-01-20,2026-01-27,30,HUBZone set-aside,2,True,3,True,9,True,8,False,,False,,True,3,True,4,history older than 5 years - compare with DLA management price,1,1,5300.0,,2650.0,2021-03-23,5.0,SPE4A621PE589P00002,73F14,SPE4A626T512F.PDF p.6,5.5,3.0
SPE4A626T51E1,SPE4A6-26-T-51E1,SPE4A626T51E1.PDF,2026-05-12,2026-05-19,26,Total small business set-aside,2,True,3,True,8,True,8,True,9,False,,True,2,True,4,history older than 5 years - compare with DLA management price,1,1,37090.5,,469.5,2019-01-23,58.0,SPE4A619P7147P00001,4VAS1,SPE4A626T51E1.PDF p.6,7.7,4.0
SPE4A626T51Q6,SPE4A6-26-T-51Q6,SPE4A626T51Q6.PDF,2026-05-13,2026-05-20,25,HUBZone set-aside,2,True,3,True,7,True,7,True,8,False,,True,3,True,4,history older than 5 years - compare with DLA management price,1,1,10258.2,,3419.4,2009-11-20,1.0,SPM45103D4085094602,90142,SPE4A626T51Q6.PDF p.6,16.9,2.0
SPE4A626T520X,SPE4A6-26-T-520X,SPE4A626T520X.PDF,2026-01-21,2026-01-28,27,Total small business set-aside,2,False,,True,8,True,7,True,8,False,,True,2,True,3,history older than 5 years - compare with DLA management price,1,0,37352.25,,12450.75,2018-07-27,1.0,SPE4A418V017PP00001,24600,SPE4A626T520X.PDF p.5,8.2,6.0
SPE4A626T52D8,SPE4A6-26-T-52D8,SPE4A626T52D8.PDF,2026-05-13,2026-05-20,23,Total small business set-aside,2,False,,True,7,True,7,True,8,False,,False,,True,3,recent exact-NSN history,1,0,24000.0,,1500.0,2025-12-10,13.0,SPE4A626V4930P00001,9XUD2,SPE4A626T52D8.PDF p.5,0.8,20.0
SPE4A626T52M5,SPE4A6-26-T-52M5,SPE4A626T52M5.PDF,2026-05-13,2026-05-20,25,HUBZone set-aside; SDVOSB set-aside,2,True,3,True,8,True,8,True,9,False,,True,3,True,4,history older than 5 years - compare with DLA management price,1,1,12099.78,,549.99,2021-09-10,27.0,SPE4A621PU764,83C25,SPE4A626T52M5.PDF p.7,5.1,10.0
SPE4A626T53H3,SPE4A6-26-T-53H3,SPE4A626T53H3.PDF,2026-05-13,2026-05-20,26,HUBZone set-aside,2,True,3,True,9,True,8,True,9,False,,True,3,True,4,recent exact-NSN history,1,1,4654.25,,930.85,2025-04-02,9.0,SPE4A625PM379P00002,5N063,SPE4A626T53H3.PDF p.7,1.5,8.0
SPE4A626T549S,SPE4A6-26-T-549S,SPE4A626T549S.PDF,2026-01-23,2026-01-30,30,HUBZone set-aside; SDVOSB set-aside,2,True,3,True,8,True,8,True,9,False,,True,3,True,4,history older than 5 years - compare with DLA management price,1,1,31349.43,,549.99,2021-09-10,27.0,SPE4A621PU764,83C25,SPE4A626T549S.PDF p.7,5.1,10.0
SPE4A626T54L2,SPE4A6-26-T-54L2,SPE4A626T54L2.PDF,2026-05-13,2026-05-20,23,HUBZone set-aside,2,False,,True,7,False,,True,7,False,,False,,True,3,no procurement history in PDF - investigate DLA management price; line stays unpriced,1,0,,,,,,,,,,
SPE4A626T54M0,SPE4A6-26-T-54M0,SPE4A626T54M0.PDF,2026-05-14,2026-05-21,25,HUBZone set-aside; SDVOSB set-aside,2,True,3,True,9,True,8,True,9,False,,True,3,True,4,history older than 5 years - compare with DLA management price,1,1,15884.1,,429.3,2019-03-19,48.0,SPE4A619PB988P00001,3B8L1,SPE4A626T54M0.PDF p.6,7.5,5.0
SPE4A626T54Y2,SPE4A6-26-T-54Y2,SPE4A626T54Y2.PDF,2026-05-14,2026-05-21,23,HUBZone set-aside,2,False,,False,,False,,True,7,False,,False,,True,3,recent exact-NSN history,1,0,800.8000000000001,,57.2,2025-04-17,17.0,SPE4A625V171KP00001,83803,SPE4A626T54Y2.PDF p.6,1.5,4.0
SPE4A626T559A,SPE4A6-26-T-559A,SPE4A626T559A.PDF,2026-01-23,2026-01-30,31,Total small business set-aside,2,True,3,True,8,True,8,True,10,True,10,True,2,True,4,recent exact-NSN history,1,1,16135.0,,1152.5,2025-09-22,9.0,SPE4A625P7767,5N063,SPE4A626T559A.PDF p.6,1.0,8.0
SPE4A626T55K3,SPE4A6-26-T-55K3,SPE4A626T55K3.PDF,2026-05-14,2026-05-21,19,HUBZone set-aside,2,False,,True,7,True,7,True,8,False,,True,3,True,3,recent exact-NSN history,1,0,11162.08,,1395.26,2024-01-29,10.0,SPE4A624PD773P00001,90095,SPE4A626T55K3.PDF p.6,2.7,2.0
SPE4A626T55M6,SPE4A6-26-T-55M6,SPE4A626T55M6.PDF,2026-05-15,2026-05-22,19,HUBZone set-aside,2,False,,True,8,True,7,True,8,False,,True,3,True,3,recent exact-NSN history,1,0,2205.0,,49.0,2025-12-09,136.0,SPE4A626V4962,13774,SPE4A626T55M6.PDF p.6,0.8,19.0
SPE4A626T56M3,SPE4A6-26-T-56M3,SPE4A626T56M3.PDF,2026-05-15,2026-05-22,19,HUBZone set-aside,2,False,,True,8,True,7,True,8,False,,False,,True,3,recent exact-NSN history,1,0,7978.86,,209.97,2025-06-02,18.0,SPE4A625PU654,012M4,SPE4A626T56M3.PDF p.6,1.3,20.0
SPE4A626T56S6,SPE4A6-26-T-56S6,SPE4A626T56S6.PDF,2026-05-15,2026-05-22,19,HUBZone set-aside,2,False,,False,,False,,True,8,False,,True,3,True,3,recent exact-NSN history,1,0,5797.1,,199.9,2025-10-30,27.0,SPE4A626V2245P00001,33583,SPE4A626T56S6.PDF p.6,0.9,15.0
SPE4A626T571B,SPE4A6-26-T-571B,SPE4A626T571B.PDF,2026-01-26,2026-02-02,30,HUBZone set-aside,2,True,3,True,8,True,8,True,9,False,,True,3,True,4,history older than 5 years - compare with DLA management price,1,1,622.95,,207.65,2010-04-15,14.0,SPM4A610MJ623,0SSP0,SPE4A626T571B.PDF p.6,16.5,3.0
SPE4A626T571K,SPE4A6-26-T-571K,SPE4A626T571K.PDF,2026-01-26,2026-02-02,30,HUBZone set-aside; SDVOSB set-aside,2,True,3,True,9,True,8,True,9,False,,True,3,True,4,recent exact-NSN history,1,1,46777.5,,5197.5,2024-07-31,7.0,SPE4A624PW135P00002,7BUL6,SPE4A626T571K.PDF p.6,2.2,14.0
SPE4A626T571P,SPE4A6-26-T-571P,SPE4A626T571P.PDF,2026-01-26,2026-02-02,30,HUBZone set-aside,2,True,3,True,9,True,8,False,,False,,True,3,True,4,history older than 5 years - compare with DLA management price,1,1,708.5,,27.25,2013-06-06,192.0,SPE4A613MJ477P00002,3BAS6,SPE4A626T571P.PDF p.6,13.3,4.0
SPE4A626T576S,SPE4A6-26-T-576S,SPE4A626T576S.PDF,2026-01-26,2026-02-02,27,HUBZone set-aside,2,False,,False,,False,,True,7,False,,False,,True,3,history older than 5 years - compare with DLA management price,1,0,594.5,,14.5,2006-05-04,5.0,SP057006M6524,2B195,SPE4A626T576S.PDF p.6,20.4,1.0
SPE4A626T57H3,SPE4A6-26-T-57H3,SPE4A626T57H3.PDF,2026-05-15,2026-05-22,20,HUBZone set-aside,2,False,,True,7,True,7,True,8,False,,True,3,True,3,recent exact-NSN history,1,0,4725.75,,1575.25,2025-10-02,5.0,SPE4A626V0208P00001,6ZSR8,SPE4A626T57H3.PDF p.6,1.0,20.0
SPE4A626T57R8,SPE4A6-26-T-57R8,SPE4A626T57R8.PDF,2026-05-15,2026-05-22,21,HUBZone set-aside,2,True,3,True,9,True,8,True,9,False,,True,3,True,4,recent exact-NSN history,1,1,13815.0,,4605.0,2025-11-14,8.0,SPE4A626P6167P00001,3B8L1,SPE4A626T57R8.PDF p.7,0.9,18.0
SPE4A626T58P6,SPE4A6-26-T-58P6,SPE4A626T58P6.PDF,2026-05-15,2026-05-22,19,HUBZone set-aside,2,False,,True,7,True,7,True,8,False,,False,,True,3,recent exact-NSN history,1,0,4684.5,,936.9,2026-01-07,9.0,SPE4A626PB487,85CZ7,SPE4A626T58P6.PDF p.6,0.7,13.0
SPE4A626T58R3,SPE4A6-26-T-58R3,SPE4A626T58R3.PDF,2026-05-15,2026-05-22,21,HUBZone set-aside,2,True,3,True,8,True,8,True,9,False,,True,3,True,4,recent exact-NSN history,1,1,3828.0,,957.0,2024-05-09,9.0,SPE4A624PN480P00001,1XC80,SPE4A626T58R3.PDF p.7,2.4,10.0
SPE4A626T58R5,SPE4A6-26-T-58R5,SPE4A626T58R5.PDF,2026-05-15,2026-05-22,21,Total small business set-aside,2,True,3,True,8,True,7,True,8,False,,True,2,True,3,recent exact-NSN history,1,1,25590.0,,4265.0,2025-07-18,5.0,SPE4A625PAQ46P00001,73F14,SPE4A626T58R5.PDF p.6,1.2,4.0
SPE4A626T59C0,SPE4A6-26-T-59C0,SPE4A626T59C0.PDF,2026-05-18,2026-05-26,19,HUBZone set-aside,2,False,,True,7,False,,False,,False,,False,,True,3,history older than 5 years - compare with DLA management price,1,0,2805.0,,165.0,2014-07-22,8.0,SPE4A614VJ268P00001,1GX03,SPE4A626T59C0.PDF p.6,12.2,9.0
SPE4A626T59Z9,SPE4A6-26-T-59Z9,SPE4A626T59Z9.PDF,2026-05-19,2026-05-26,19,HUBZone set-aside,2,False,,True,7,True,7,True,8,False,,True,3,True,3,recent exact-NSN history,1,0,13276.5,,4425.5,2026-02-26,3.0,SPE4A626PH075P00001,6ZSR8,SPE4A626T59Z9.PDF p.6,0.6,3.0
SPE4A626T60A7,SPE4A6-26-T-60A7,SPE4A626T60A7.PDF,2026-05-19,2026-05-26,20,HUBZone set-aside,2,False,,True,8,True,8,True,9,False,,True,3,True,3,recent exact-NSN history,1,0,5788.0,,1447.0,2025-01-28,1.0,SPE4A625PD369,08AF1,SPE4A626T60A7.PDF p.6,1.7,20.0
SPE4A626T60P3,SPE4A6-26-T-60P3,SPE4A626T60P3.PDF,2026-05-19,2026-05-26,21,HUBZone set-aside,2,True,3,True,8,True,9,True,9,False,,True,3,True,4,recent exact-NSN history,1,1,8940.0,,4470.0,2025-02-14,1.0,SPE4A625PF371,29056,SPE4A626T60P3.PDF p.7,1.6,1.0
SPE4A626T60Q5,SPE4A6-26-T-60Q5,SPE4A626T60Q5.PDF,2026-05-19,2026-05-26,22,HUBZone set-aside,2,True,3,True,9,True,8,True,9,False,,True,3,True,4,history older than 5 years - compare with DLA management price,1,1,2200.22,,1100.11,2020-04-27,1.0,SPE4A620PG439P00001,84JX8,SPE4A626T60Q5.PDF p.7,6.4,1.0
SPE4A626T60Q7,SPE4A6-26-T-60Q7,SPE4A626T60Q7.PDF,2026-05-19,2026-05-26,21,HUBZone set-aside,2,True,3,True,9,True,8,True,9,False,,True,3,True,4,recent exact-NSN history,1,1,7245.0,,483.0,2025-06-18,29.0,SPE4A625PW819P00001,3T8J4,SPE4A626T60Q7.PDF p.7,1.3,9.0
SPE4A626T613H,SPE4A6-26-T-613H,SPE4A626T613H.PDF,2026-01-30,2026-02-06,30,HUBZone set-aside,2,True,3,True,8,True,8,True,10,False,,True,3,True,4,recent exact-NSN history,1,1,12867.980000000001,,756.94,2025-02-07,8.0,SPE4A625PE705P00002,75Q65,SPE4A626T613H.PDF p.7,1.6,2.0
SPE4A626T616N,SPE4A6-26-T-616N,SPE4A626T616N.PDF,2026-02-03,2026-02-10,27,HUBZone set-aside,2,False,,False,,False,,False,,False,,True,3,True,3,no procurement history in PDF - investigate DLA management price; line stays unpriced,1,0,,,,,,,,,,
SPE4A626T621J,SPE4A6-26-T-621J,SPE4A626T621J.PDF,2026-02-03,2026-02-10,28,HUBZone set-aside,2,False,,True,8,True,7,False,,False,,True,3,True,3,recent exact-NSN history,1,0,21000.0,,5250.0,2024-06-20,2.0,SPE4A624V272SP00001,6ZSR8,SPE4A626T621J.PDF p.6,2.3,4.0
SPE4A626T636M,SPE4A6-26-T-636M,SPE4A626T636M.PDF,2026-02-06,2026-02-13,28,HUBZone set-aside,2,False,,False,,False,,False,,False,,False,,True,3,no procurement history in PDF - investigate DLA management price; line stays unpriced,1,0,,,,,,,,,,
SPE4A626T637J,SPE4A6-26-T-637J,SPE4A626T637J.PDF,2026-02-06,2026-02-13,29,HUBZone set-aside,2,False,,True,7,True,7,False,,False,,True,3,True,3,history older than 5 years - compare with DLA management price,1,0,1500.0,,750.0,2017-10-06,5.0,SPE4A618P0342,1JQZ6,SPE4A626T637J.PDF p.6,9.0,5.0
SPE4A626T63K5,SPE4A6-26-T-63K5,SPE4A626T63K5.PDF,2026-05-20,2026-05-27,21,HUBZone set-aside,2,True,3,True,8,True,8,True,9,False,,True,3,True,4,recent exact-NSN history,1,1,4150.0,,4150.0,2026-04-28,2.0,SPE4A626PP109,6ZSR8,SPE4A626T63K5.PDF p.7,0.4,3.0
SPE4A626T63P2,SPE4A6-26-T-63P2,SPE4A626T63P2.PDF,2026-05-20,2026-05-27,19,HUBZone set-aside,2,False,,True,7,True,7,False,,False,,False,,True,3,recent exact-NSN history,1,0,23795.410000000003,,1252.39,2026-05-18,4.0,SPE4A626PR784,646V6,SPE4A626T63P2.PDF p.6,0.4,1.0
SPE4A626T648Z,SPE4A6-26-T-648Z,SPE4A626T648Z.PDF,2026-02-09,2026-02-17,27,Total small business set-aside,2,False,,True,6,False,,False,,False,,False,,True,3,history older than 5 years - compare with DLA management price,2,0,1509.24,,125.77,2019-04-29,1.0,SPE4A619PE633P00001,65442,SPE4A626T648Z.PDF p.5,7.4,1.0
SPE4A626T64L4,SPE4A6-26-T-64L4,SPE4A626T64L4.PDF,2026-05-20,2026-05-27,21,HUBZone set-aside; SDVOSB set-aside,2,False,,True,7,True,7,True,8,False,,True,3,True,3,recent exact-NSN history,2,0,45101.0,,2653.0,2025-11-12,19.0,SPE4A626V2886P00001,4S7J4,SPE4A626T64L4.PDF p.6,0.9,20.0
SPE4A626T66K0,SPE4A6-26-T-66K0,SPE4A626T66K0.PDF,2026-05-21,2026-05-28,21,HUBZone set-aside,2,True,3,True,9,True,8,True,9,False,,True,3,True,4,recent exact-NSN history,1,1,1708.0,,122.0,2024-10-08,25.0,SPE4A625P1130P00001,90142,SPE4A626T66K0.PDF p.7,2.0,6.0
SPE4A626T67F1,SPE4A6-26-T-67F1,SPE4A626T67F1.PDF,2026-05-21,2026-05-28,19,HUBZone set-aside,2,False,,True,7,True,7,True,8,False,,False,,True,3,recent exact-NSN history,1,0,4443.0,,1110.75,2025-10-10,3.0,SPE4A626V0686P00001,6ZSR8,SPE4A626T67F1.PDF p.6,1.0,4.0
SPE4A626T67K2,SPE4A6-26-T-67K2,SPE4A626T67K2.PDF,2026-05-21,2026-05-28,20,HUBZone set-aside,2,True,3,True,8,False,,False,,False,,True,3,True,4,recent exact-NSN history,1,1,2497.5,,499.5,2025-02-06,6.0,SPE4A625PZ294P00001,9VP58,SPE4A626T67K2.PDF p.7,1.6,3.0
SPE4A626T68J1,SPE4A6-26-T-68J1,SPE4A626T68J1.PDF,2026-05-22,2026-05-29,19,HUBZone set-aside,2,False,,True,7,True,7,False,,False,,False,,True,3,recent exact-NSN history,1,0,577.77,,577.77,2026-04-02,1.0,SPE4A626PL708,646V6,SPE4A626T68J1.PDF p.6,0.5,1.0
SPE4A626T693Y,SPE4A6-26-T-693Y,SPE4A626T693Y.PDF,2026-02-13,2026-02-20,27,HUBZone set-aside,2,False,,True,8,True,7,True,8,False,,True,3,True,3,history older than 5 years - compare with DLA management price,1,0,2135.03,,125.59,2019-02-05,61.0,SPE8E719V0691,0BTU8,SPE4A626T693Y.PDF p.6,7.6,4.0
SPE4A626T69H5,SPE4A6-26-T-69H5,SPE4A626T69H5.PDF,2026-05-22,2026-05-29,22,No set-aside clause found (check SF18 block),,True,3,True,8,True,8,True,9,False,,True,3,True,4,no procurement history in PDF - investigate DLA management price; line stays unpriced,1,1,,,,,,,,,,
SPE4A626T69J9,SPE4A6-26-T-69J9,SPE4A626T69J9.PDF,2026-05-22,2026-05-29,19,HUBZone set-aside,2,False,,False,,True,7,True,8,False,,True,3,True,3,no procurement history in PDF - investigate DLA management price; line stays unpriced,1,0,,,,,,,,,,
SPE4A626T69M7,SPE4A6-26-T-69M7,SPE4A626T69M7.PDF,2026-05-22,2026-05-29,21,HUBZone set-aside,2,True,3,True,8,True,9,False,,False,,True,3,True,4,recent exact-NSN history,1,1,2025.0,,135.0,2023-05-30,6.0,SPE4A623PP772,6ZSR8,SPE4A626T69M7.PDF p.6,3.3,3.0
SPE4A626T69M9,SPE4A6-26-T-69M9,SPE4A626T69M9.PDF,2026-05-22,2026-05-29,19,HUBZone set-aside,2,False,,False,,False,,True,7,False,,False,,True,3,recent exact-NSN history,1,0,522.1500000000001,,34.81,2025-05-29,19.0,SPE4A625V304A,83803,SPE4A626T69M9.PDF p.6,1.3,6.0
SPE4A626T69S4,SPE4A6-26-T-69S4,SPE4A626T69S4.PDF,2026-05-22,2026-05-29,22,HUBZone set-aside,2,True,3,True,9,True,8,True,9,False,,True,3,True,4,history older than 5 years - compare with DLA management price,1,1,4980.0,,1245.0,2021-04-16,5.0,SPE4A421P0345P00002,67291,SPE4A626T69S4.PDF p.7,5.5,10.0
SPE4A626T69S6,SPE4A6-26-T-69S6,SPE4A626T69S6.PDF,2026-05-22,2026-05-29,20,HUBZone set-aside,2,False,,True,7,True,7,True,8,False,,True,3,True,3,recent exact-NSN history,1,0,5652.18,,2826.09,2024-07-12,2.0,SPE4A624V322EP00001,1B5X6,SPE4A626T69S6.PDF p.6,2.2,2.0
SPE4A626T69T3,SPE4A6-26-T-69T3,SPE4A626T69T3.PDF,2026-05-22,2026-05-29,21,HUBZone set-aside,2,True,3,True,9,True,8,True,9,False,,True,3,True,4,history older than 5 years - compare with DLA management price,1,1,14032.619999999999,,379.26,2018-02-28,36.0,SPE4AX18F2188,90142,SPE4A626T69T3.PDF p.6,8.6,16.0
SPE4A626T69U5,SPE4A6-26-T-69U5,SPE4A626T69U5.PDF,2026-05-22,2026-05-29,20,HUBZone set-aside,2,False,,True,7,True,8,True,8,False,,True,3,True,3,history older than 5 years - compare with DLA management price,1,0,5775.0,,2887.5,1992-02-03,2.0,F0470491C0016,60854,SPE4A626T69U5.PDF p.6,34.7,1.0
SPE4A626T71S4,SPE4A6-26-T-71S4,SPE4A626T71S4.PDF,2026-05-27,2026-06-03,19,HUBZone set-aside,2,False,,True,8,True,7,True,8,False,,True,3,True,3,history older than 5 years - compare with DLA management price,1,0,24901.5,,12450.75,2018-07-27,1.0,SPE4A418V017PP00001,24600,SPE4A626T71S4.PDF p.6,8.2,6.0
SPE4A626T71Z5,SPE4A6-26-T-71Z5,SPE4A626T71Z5.PDF,2026-05-28,2026-06-04,21,HUBZone set-aside,2,True,3,False,,False,,True,9,False,,True,3,True,4,recent exact-NSN history,1,1,1691.76,,12.72,2026-03-16,521.0,SPE4A626PJ726,83803,SPE4A626T71Z5.PDF p.7,0.5,19.0
SPE4A626T721X,SPE4A6-26-T-721X,SPE4A626T721X.PDF,2026-02-18,2026-02-25,27,HUBZone set-aside,2,False,,False,,True,7,False,,False,,False,,True,3,no procurement history in PDF - investigate DLA management price; line stays unpriced,1,0,,,,,,,,,,
SPE4A626T729A,SPE4A6-26-T-729A,SPE4A626T729A.PDF,2026-02-19,2026-02-26,27,HUBZone set-aside,2,False,,False,,True,7,False,,False,,False,,True,3,no procurement history in PDF - investigate DLA management price; line stays unpriced,1,0,,,,,,,,,,
SPE4A626T732K,SPE4A6-26-T-732K,SPE4A626T732K.PDF,2026-02-20,2026-02-27,27,HUBZone set-aside,2,True,3,True,8,True,8,False,,False,,True,3,True,4,history older than 5 years - compare with DLA management price,1,1,399.14,,199.57,2012-01-12,64.0,SPM4A612MDU03,1GX03,SPE4A626T732K.PDF p.6,14.7,6.0
SPE4A626T73G5,SPE4A6-26-T-73G5,SPE4A626T73G5.PDF,2026-05-29,2026-06-05,19,HUBZone set-aside,2,False,,True,7,True,7,True,8,False,,False,,True,3,recent exact-NSN history,1,0,6435.31,,919.33,2025-10-08,5.0,SPE4A526P0370P00001,72DG1,SPE4A626T73G5.PDF p.6,1.0,12.0
SPE4A626T746U,SPE4A6-26-T-746U,SPE4A626T746U.PDF,2026-02-20,2026-02-27,25,HUBZone set-aside,2,True,3,True,9,True,8,False,,False,,True,3,True,4,recent exact-NSN history,1,1,11192.0,,1399.0,2025-03-18,9.0,SPE4A625F8403,6ZSR8,SPE4A626T746U.PDF p.7,1.5,20.0
SPE4A626T74Q2,SPE4A6-26-T-74Q2,SPE4A626T74Q2.PDF,2026-06-01,2026-06-08,23,HUBZone set-aside; SDVOSB set-aside,2,True,3,True,8,True,8,True,9,False,,True,3,True,4,recent exact-NSN history,2,1,83168.0,,2599.0,2025-11-21,36.0,SPE4A626P7042P00001,8HBL2,SPE4A626T74Q2.PDF p.7,0.9,20.0
SPE4A626T74Q6,SPE4A6-26-T-74Q6,SPE4A626T74Q6.PDF,2026-06-01,2026-06-08,19,HUBZone set-aside,2,False,,False,,False,,True,8,False,,True,3,True,3,recent exact-NSN history,1,0,2670.2000000000003,,51.35,2025-02-28,57.0,SPE4A625V9963,85213,SPE4A626T74Q6.PDF p.6,1.6,7.0
SPE4A626T769J,SPE4A6-26-T-769J,SPE4A626T769J.PDF,2026-02-20,2026-02-27,26,HUBZone set-aside,2,True,3,True,9,True,8,True,9,False,,True,3,True,4,history older than 5 years - compare with DLA management price,1,1,614.59,,14.99,2020-04-22,499.0,SPE4A620PF160P00002,6ZSR8,SPE4A626T769J.PDF p.6,6.4,17.0
SPE4A626T76A3,SPE4A6-26-T-76A3,SPE4A626T76A3.PDF,2026-06-03,2026-06-10,21,HUBZone set-aside,2,True,3,True,9,True,8,True,9,False,,True,3,True,4,recent exact-NSN history,1,1,3120.0,,520.0,2023-11-28,5.0,SPE4A624P7014P00001,0XPA4,SPE4A626T76A3.PDF p.7,2.8,16.0
SPE4A626T76M7,SPE4A6-26-T-76M7,SPE4A626T76M7.PDF,2026-06-03,2026-06-10,21,HUBZone set-aside,2,True,3,True,8,True,8,True,9,False,,True,3,True,4,recent exact-NSN history,1,1,6421.0,,3210.5,2026-05-14,3.0,SPE4A626PQ852,6ZSR8,SPE4A626T76M7.PDF p.7,0.4,6.0
SPE4A626T76S1,SPE4A6-26-T-76S1,SPE4A626T76S1.PDF,2026-06-03,2026-06-10,20,Total small business set-aside,2,True,3,True,7,True,7,False,,False,,True,2,True,4,recent exact-NSN history,1,1,87500.0,,12500.0,2025-11-14,1.0,SPE4A626P5544P00001,8SKT8,SPE4A626T76S1.PDF p.6,0.9,3.0
SPE4A626T76X5,SPE4A6-26-T-76X5,SPE4A626T76X5.PDF,2026-06-03,2026-06-10,21,HUBZone set-aside,2,True,3,True,8,True,8,True,9,False,,True,3,True,4,recent exact-NSN history,1,1,12390.0,,3097.5,2026-01-06,7.0,SPE4A626PB329P00001,7BUL6,SPE4A626T76X5.PDF p.7,0.7,20.0
SPE4A626T773C,SPE4A6-26-T-773C,SPE4A626T773C.PDF,2026-02-23,2026-03-02,23,HUBZone set-aside,2,False,,True,8,True,7,False,,False,,False,,True,3,recent exact-NSN history,1,0,1479.92,,56.92,2025-04-03,38.0,SPE4A625V126E,02103,SPE4A626T773C.PDF p.6,1.5,6.0
SPE4A626T77P4,SPE4A6-26-T-77P4,SPE4A626T77P4.PDF,2026-06-03,2026-06-10,22,HUBZone set-aside; SDVOSB set-aside,2,True,3,True,8,True,8,True,9,False,,True,3,True,4,recent exact-NSN history,1,1,40268.76,,5752.68,2025-05-22,9.0,SPE4A625PT724P00001,0REY5,SPE4A626T77P4.PDF p.7,1.4,18.0
SPE4A626T782D,SPE4A6-26-T-782D,SPE4A626T782D.PDF,2026-02-23,2026-03-02,23,HUBZone set-aside,2,False,,True,8,True,7,True,8,False,,False,,True,3,history older than 5 years - compare with DLA management price,1,0,682.5,,9.75,2016-03-31,284.0,SPE4A616MA781,6LY89,SPE4A626T782D.PDF p.6,10.5,6.0
SPE4A626T78F8,SPE4A6-26-T-78F8,SPE4A626T78F8.PDF,2026-06-03,2026-06-10,20,Total small business set-aside,2,False,,True,8,True,7,True,8,False,,True,2,True,3,recent exact-NSN history,1,0,17629.68,,2203.71,2026-02-04,9.0,SPE4A626PE484P00001,646V6,SPE4A626T78F8.PDF p.5,0.7,8.0
SPE4A626T793J,SPE4A6-26-T-793J,SPE4A626T793J.PDF,2026-02-24,2026-03-03,26,HUBZone set-aside,2,True,3,True,8,True,8,False,,False,,True,3,True,4,recent exact-NSN history,1,1,4100.0,,4100.0,2025-05-08,1.0,SPE4A625PR611P00002,8SKT8,SPE4A626T793J.PDF p.7,1.4,6.0
SPE4A626T79W1,SPE4A6-26-T-79W1,SPE4A626T79W1.PDF,2026-06-04,2026-06-11,19,HUBZone set-aside,2,False,,True,7,True,7,True,8,False,,False,,True,3,recent exact-NSN history,1,0,1170.0,,130.0,2026-02-17,17.0,SPE4A626V8461P00001,9XUD2,SPE4A626T79W1.PDF p.6,0.6,7.0
SPE4A626T800G,SPE4A6-26-T-800G,SPE4A626T800G.PDF,2026-02-24,2026-03-03,23,Total small business set-aside,2,False,,False,,True,7,True,8,False,,True,2,True,3,no procurement history in PDF - investigate DLA management price; line stays unpriced,1,0,,,,,,,,,,
SPE4A626T803V,SPE4A6-26-T-803V,SPE4A626T803V.PDF,2026-02-25,2026-03-04,23,HUBZone set-aside,2,False,,False,,False,,True,7,False,,False,,True,3,recent exact-NSN history,1,0,429.09999999999997,,12.26,2022-01-03,45.0,SPE4A622P8378,83803,SPE4A626T803V.PDF p.6,4.7,2.0
SPE4A626T80G3,SPE4A6-26-T-80G3,SPE4A626T80G3.PDF,2026-06-04,2026-06-11,19,HUBZone set-aside,2,False,,True,7,True,7,False,,False,,False,,True,3,recent exact-NSN history,1,0,3550.5,,1775.25,2025-10-17,4.0,SPE4A626V1105,6ZSR8,SPE4A626T80G3.PDF p.6,1.0,1.0
SPE4A626T80V6,SPE4A6-26-T-80V6,SPE4A626T80V6.PDF,2026-06-05,2026-06-12,21,HUBZone set-aside,2,True,3,True,8,True,8,False,,False,,True,3,True,4,history older than 5 years - compare with DLA management price,1,1,1415.65,,1415.65,2015-07-10,13.0,SPE4A615MC065P00001,56Z87,SPE4A626T80V6.PDF p.6,11.2,2.0
SPE4A626T81P6,SPE4A6-26-T-81P6,SPE4A626T81P6.PDF,2026-06-05,2026-06-12,23,HUBZone set-aside,2,True,3,True,9,True,8,True,9,False,,True,3,True,4,recent exact-NSN history,1,1,100045.0,,5885.0,2026-04-08,62.0,SPE4A626PZ155,6ZSR8,SPE4A626T81P6.PDF p.6,0.5,19.0
SPE4A626T81S3,SPE4A6-26-T-81S3,SPE4A626T81S3.PDF,2026-06-05,2026-06-12,19,HUBZone set-aside,2,False,,True,8,True,7,False,,False,,False,,True,3,history older than 5 years - compare with DLA management price,1,0,1748.25,,1748.25,2020-10-23,4.0,SPE4A621P1162,34222,SPE4A626T81S3.PDF p.6,5.9,1.0
SPE4A626T81T3,SPE4A6-26-T-81T3,SPE4A626T81T3.PDF,2026-06-05,2026-06-12,22,HUBZone set-aside; SDVOSB set-aside,2,True,3,True,10,True,9,True,10,False,,True,3,True,4,recent exact-NSN history,1,1,117360.0,,720.0,2026-02-04,160.0,SPE4A626PE595P00001,9XUD2,SPE4A626T81T3.PDF p.7,0.7,18.0
SPE4A626T81V7,SPE4A6-26-T-81V7,SPE4A626T81V7.PDF,2026-06-08,2026-06-15,21,Total small business set-aside,2,True,3,True,8,True,8,True,9,False,,True,2,True,4,recent exact-NSN history,1,1,12000.0,,3000.0,2026-05-06,14.0,SPE4A626PQ311,30463,SPE4A626T81V7.PDF p.7,0.4,7.0
SPE4A626T81V8,SPE4A6-26-T-81V8,SPE4A626T81V8.PDF,2026-06-08,2026-06-15,25,Total small business set-aside,2,True,3,True,9,True,8,True,9,False,,True,2,True,4,recent exact-NSN history,1,1,43400.0,,3100.0,2026-06-02,12.0,SPE4A626PP004,6ZSR8,SPE4A626T81V8.PDF p.6,0.3,8.0
SPE4A626T822A,SPE4A6-26-T-822A,SPE4A626T822A.PDF,2026-02-25,2026-03-04,23,HUBZone set-aside,2,False,,True,7,True,7,True,8,False,,True,3,True,3,recent exact-NSN history,1,0,12034.25,,325.25,2025-09-24,14.0,SPE4A525P8885,646V6,SPE4A626T822A.PDF p.6,1.0,8.0
SPE4A626T831M,SPE4A6-26-T-831M,SPE4A626T831M.PDF,2026-02-26,2026-03-05,25,HUBZone set-aside,2,True,3,True,8,True,8,True,9,False,,True,3,True,4,recent exact-NSN history,1,1,5400.0,,1350.0,2025-09-25,12.0,SPE4A625P1E48,8SKT8,SPE4A626T831M.PDF p.7,1.0,8.0
SPE4A626T83H3,SPE4A6-26-T-83H3,SPE4A626T83H3.PDF,2026-06-09,2026-06-16,20,HUBZone set-aside,2,False,,True,8,True,7,False,,False,,False,,True,3,no procurement history in PDF - investigate DLA management price; line stays unpriced,1,0,,,,,,,,,,
SPE4A626T83Q9,SPE4A6-26-T-83Q9,SPE4A626T83Q9.PDF,2026-06-09,2026-06-16,20,Total small business set-aside,2,True,3,True,7,True,7,False,,False,,True,2,True,4,recent exact-NSN history,1,1,62000.0,,31000.0,2026-02-17,2.0,SPE4A626PF748P00001,9XUD2,SPE4A626T83Q9.PDF p.6,0.6,5.0
SPE4A626T83U6,SPE4A6-26-T-83U6,SPE4A626T83U6.PDF,2026-06-09,2026-06-16,21,HUBZone set-aside,2,True,3,True,8,True,8,True,9,False,,True,3,True,4,history older than 5 years - compare with DLA management price,1,1,5291.3,,75.59,2014-08-08,61.0,SPE4A414VK754,19151,SPE4A626T83U6.PDF p.6,12.1,3.0
SPE4A626T84C0,SPE4A6-26-T-84C0,SPE4A626T84C0.PDF,2026-06-09,2026-06-16,19,HUBZone set-aside,2,False,,True,7,True,7,True,8,False,,True,3,True,3,recent exact-NSN history,1,0,44100.0,,22050.0,2026-05-12,2.0,SPE4A026P1576P00001,7BUL6,SPE4A626T84C0.PDF p.6,0.4,14.0
SPE4A626T84D2,SPE4A6-26-T-84D2,SPE4A626T84D2.PDF,2026-06-09,2026-06-16,19,Total small business set-aside,2,False,,True,6,True,6,False,,False,,True,2,True,3,recent exact-NSN history,1,0,26600.0,,1900.0,2026-02-17,14.0,SPE4A626PF771P00001,9XUD2,SPE4A626T84D2.PDF p.5,0.6,3.0
SPE4A626T84J8,SPE4A6-26-T-84J8,SPE4A626T84J8.PDF,2026-06-10,2026-06-17,19,HUBZone set-aside,2,False,,True,7,True,7,True,8,False,,True,3,True,3,history older than 5 years - compare with DLA management price,1,0,6996.599999999999,,152.1,2016-11-03,140.0,SPE4A417V1075P00002,0X1H8,SPE4A626T84J8.PDF p.6,9.9,9.0
SPE4A626T84P1,SPE4A6-26-T-84P1,SPE4A626T84P1.PDF,2026-06-10,2026-06-17,21,Total small business set-aside,2,True,3,True,8,True,8,True,9,False,,True,2,True,4,recent exact-NSN history,1,1,16089.0,,5363.0,2024-05-08,2.0,SPE4A624PN823P00001,24581,SPE4A626T84P1.PDF p.7,2.4,2.0
SPE4A626T84R0,SPE4A6-26-T-84R0,SPE4A626T84R0.PDF,2026-06-10,2026-06-17,21,HUBZone set-aside; SDVOSB set-aside,2,True,3,True,8,True,8,True,9,False,,True,3,True,4,recent exact-NSN history,1,1,47700.0,,300.0,2026-02-17,109.0,SPE4A626PF816P00001,9XUD2,SPE4A626T84R0.PDF p.7,0.6,19.0
SPE4A626T84Z3,SPE4A6-26-T-84Z3,SPE4A626T84Z3.PDF,2026-06-10,2026-06-17,22,HUBZone set-aside,2,True,3,True,9,True,8,True,10,False,,True,3,True,4,recent exact-NSN history,1,1,4885.5,,2442.75,2026-02-19,2.0,SPE4A626PG074,6ZSR8,SPE4A626T84Z3.PDF p.6,0.6,3.0
SPE4A626T85B9,SPE4A6-26-T-85B9,SPE4A626T85B9.PDF,2026-06-10,2026-06-17,18,HUBZone set-aside,2,False,,True,7,False,,False,,False,,False,,True,3,recent exact-NSN history,1,0,9833.32,,702.38,2025-12-09,4.0,SPE4A626P8861P00001,9XUD2,SPE4A626T85B9.PDF p.6,0.8,14.0
SPE4A626T85V1,SPE4A6-26-T-85V1,SPE4A626T85V1.PDF,2026-06-10,2026-06-17,22,Total small business set-aside,2,True,3,True,9,True,8,False,,False,,True,2,True,4,recent exact-NSN history,1,1,15778.0,,1127.0,2022-05-02,3.0,SPE4A622PL214P00001,24581,SPE4A626T85V1.PDF p.6,4.4,2.0
SPE4A626T85W7,SPE4A6-26-T-85W7,SPE4A626T85W7.PDF,2026-06-10,2026-06-17,21,Total small business set-aside,2,True,3,True,8,True,8,True,9,False,,True,2,True,4,recent exact-NSN history,1,1,15683.55,,275.15,2024-01-19,14.0,SPE4A624PC727,75Q65,SPE4A626T85W7.PDF p.6,2.7,1.0
SPE4A626T86S0,SPE4A6-26-T-86S0,SPE4A626T86S0.PDF,2026-06-10,2026-06-17,18,HUBZone set-aside,2,False,,False,,False,,False,,False,,False,,True,3,history older than 5 years - compare with DLA management price,1,0,13.75,,13.75,2005-12-14,55.0,SP050006V2266,0NP10,SPE4A626T86S0.PDF p.6,20.8,1.0
SPE4A626T88D6,SPE4A6-26-T-88D6,SPE4A626T88D6.PDF,2026-06-12,2026-06-22,21,HUBZone set-aside; WOSB set-aside,2,True,3,True,9,True,8,False,,False,,True,3,True,4,recent exact-NSN history,1,1,40161.6,,2231.2,2026-05-27,27.0,SPE4A626PS284,0REY5,SPE4A626T88D6.PDF p.7,0.3,15.0
SPE4A626T88U0,SPE4A6-26-T-88U0,SPE4A626T88U0.PDF,2026-06-12,2026-06-22,22,HUBZone set-aside,2,True,3,True,9,True,8,True,9,False,,True,3,True,4,history older than 5 years - compare with DLA management price,1,1,205.76,,51.44,2015-08-03,129.0,SPE4A615MD458,00642,SPE4A626T88U0.PDF p.7,11.2,6.0
SPE4A626T88V1,SPE4A6-26-T-88V1,SPE4A626T88V1.PDF,2026-06-12,2026-06-22,20,HUBZone set-aside,2,False,,True,8,True,7,False,,False,,False,,True,3,recent exact-NSN history,1,0,7425.5,,7425.5,2025-01-22,1.0,SPE4A625PC712,6ZSR8,SPE4A626T88V1.PDF p.6,1.7,9.0
SPE4A626T88V5,SPE4A6-26-T-88V5,SPE4A626T88V5.PDF,2026-06-12,2026-06-22,19,HUBZone set-aside,2,False,,True,7,False,,True,8,False,,True,3,True,3,history older than 5 years - compare with DLA management price,1,0,1350.0,,450.0,2018-02-21,8.0,SPE4A418V4257,0BTU8,SPE4A626T88V5.PDF p.6,8.6,4.0
SPE4A626T88W2,SPE4A6-26-T-88W2,SPE4A626T88W2.PDF,2026-06-12,2026-06-22,23,HUBZone set-aside,2,True,3,True,8,True,8,False,,False,,True,3,True,4,recent exact-NSN history,1,1,3630.0,,1815.0,2025-04-30,2.0,SPE4A625PQ873P00003,9F5P2,SPE4A626T88W2.PDF p.7,1.4,4.0
SPE4A626T88Y8,SPE4A6-26-T-88Y8,SPE4A626T88Y8.PDF,2026-06-12,2026-06-22,21,HUBZone set-aside,2,True,3,True,9,True,8,True,9,False,,True,3,True,4,recent exact-NSN history,1,1,1508.8,,7.36,2025-08-05,100.0,SPE4A625F317L,33682,SPE4A626T88Y8.PDF p.7,1.2,20.0
SPE4A626T89P2,SPE4A6-26-T-89P2,SPE4A626T89P2.PDF,2026-06-15,2026-06-22,22,HUBZone set-aside,2,True,3,True,9,True,8,False,,False,,True,3,True,4,recent exact-NSN history,1,1,3867.0,,3867.0,2026-05-26,2.0,SPE4A626PS458,0HS46,SPE4A626T89P2.PDF p.7,0.3,11.0
SPE4A626T89S2,SPE4A6-26-T-89S2,SPE4A626T89S2.PDF,2026-06-15,2026-06-22,21,HUBZone set-aside,2,True,3,True,9,True,8,True,9,False,,True,3,True,4,recent exact-NSN history,1,1,6429.38,,3214.69,2026-05-27,18.0,SPE4A626PS347,56Z87,SPE4A626T89S2.PDF p.7,0.3,12.0
SPE4A626T90F3,SPE4A6-26-T-90F3,SPE4A626T90F3.PDF,2026-06-15,2026-06-22,21,HUBZone set-aside; SDVOSB set-aside,2,True,3,True,9,True,8,True,9,False,,True,3,True,4,recent exact-NSN history,1,1,67954.64,,894.14,2025-10-22,60.0,SPE4A626P3115P00001,8HBL2,SPE4A626T90F3.PDF p.6,0.9,20.0
SPE4A626T91J0,SPE4A6-26-T-91J0,SPE4A626T91J0.PDF,2026-06-15,2026-06-22,20,HUBZone set-aside; SDVOSB set-aside,2,False,,True,7,True,7,True,8,False,,True,3,True,3,recent exact-NSN history,1,0,162649.6,,2541.4,2026-03-05,154.0,SPE4A626PH575P00002,6FN58,SPE4A626T91J0.PDF p.6,0.6,20.0
SPE4A626T92N3,SPE4A6-26-T-92N3,SPE4A626T92N3.PDF,2026-06-16,2026-06-23,22,No set-aside clause found (check SF18 block),,True,3,True,8,True,8,True,9,False,,True,3,True,4,recent exact-NSN history,1,1,110712.59999999999,,12301.4,2024-01-31,39.0,SPE4A524F5521P00002,7VSL7,SPE4A626T92N3.PDF p.7,2.7,5.0
SPE4A626T93T9,SPE4A6-26-T-93T9,SPE4A626T93T9.PDF,2026-06-16,2026-06-23,20,HUBZone set-aside,2,False,,True,8,True,7,False,,False,,True,3,True,3,recent exact-NSN history,1,0,19840.0,,9920.0,2022-08-24,1.0,SPE4A622PU188P00001,0T0G3,SPE4A626T93T9.PDF p.6,4.1,7.0
SPE4A626T94B1,SPE4A6-26-T-94B1,SPE4A626T94B1.PDF,2026-06-17,2026-06-24,21,Total small business set-aside,2,True,3,True,9,True,8,True,9,False,,True,2,True,4,recent exact-NSN history,1,1,46885.16,,956.84,2026-05-28,53.0,SPE4A626PS907P00001,56Z87,SPE4A626T94B1.PDF p.6,0.3,10.0
SPE4A626T94P9,SPE4A6-26-T-94P9,SPE4A626T94P9.PDF,2026-06-17,2026-06-24,21,HUBZone set-aside; SDVOSB set-aside,2,True,3,True,8,True,8,False,,False,,True,3,True,4,recent exact-NSN history,1,1,52118.0,,2369.0,2025-12-03,22.0,SPE4A626P8196P00002,3WGD1,SPE4A626T94P9.PDF p.7,0.8,20.0
SPE4A626T94S4,SPE4A6-26-T-94S4,SPE4A626T94S4.PDF,2026-06-17,2026-06-24,20,Total small business set-aside,2,True,3,True,8,True,7,False,,False,,True,2,True,4,recent exact-NSN history,1,1,22275.0,,2475.0,2026-05-21,30.0,SPE4A626PS351,6ZSR8,SPE4A626T94S4.PDF p.6,0.4,2.0
SPE4A626T95A4,SPE4A6-26-T-95A4,SPE4A626T95A4.PDF,2026-06-17,2026-06-24,21,HUBZone set-aside,2,False,,True,8,True,7,False,,False,,True,3,True,3,history older than 5 years - compare with DLA management price,1,0,1130.04018,,565.02009,2020-12-28,3.0,SPE4A621V7918,00642,SPE4A626T95A4.PDF p.6,5.8,15.0
SPE4A626T95J9,SPE4A6-26-T-95J9,SPE4A626T95J9.PDF,2026-06-17,2026-06-24,22,HUBZone set-aside,2,True,3,True,9,True,8,True,9,False,,True,3,True,4,recent exact-NSN history,1,1,12989.0,,419.0,2023-09-25,8.0,SPE4A623PYY37P00002,02AV2,SPE4A626T95J9.PDF p.7,3.0,4.0
SPE4A626T95N8,SPE4A6-26-T-95N8,SPE4A626T95N8.PDF,2026-06-17,2026-06-24,25,HUBZone set-aside,2,True,3,True,9,True,8,True,9,False,,True,3,True,4,recent exact-NSN history,1,1,11500.0,,11500.0,2024-08-22,5.0,SPE4A624PY098P00001,6ZSR8,SPE4A626T95N8.PDF p.7,2.1,9.0
SPE4A626T96Y4,SPE4A6-26-T-96Y4,SPE4A626T96Y4.PDF,2026-06-18,2026-06-25,22,HUBZone set-aside,2,True,3,True,9,True,8,True,9,False,,True,3,True,4,history older than 5 years - compare with DLA management price,1,1,6225.0,,1245.0,2021-04-16,5.0,SPE4A421P0345P00002,67291,SPE4A626T96Y4.PDF p.7,5.5,10.0
SPE4A626T97S4,SPE4A6-26-T-97S4,SPE4A626T97S4.PDF,2026-06-18,2026-06-25,18,Total small business set-aside,2,False,,True,6,True,6,False,,False,,True,2,True,3,no procurement history in PDF - investigate DLA management price; line stays unpriced,1,0,,,,,,,,,,
SPE4A626T97T5,SPE4A6-26-T-97T5,SPE4A626T97T5.PDF,2026-06-18,2026-06-25,19,HUBZone set-aside,2,False,,True,8,True,7,False,,False,,False,,True,3,recent exact-NSN history,1,0,97460.0,,4873.0,2026-06-11,10.0,SPE4A626PT457,3T8J4,SPE4A626T97T5.PDF p.6,0.3,1.0
SPE4A626T97Y8,SPE4A6-26-T-97Y8,SPE4A626T97Y8.PDF,2026-06-18,2026-06-25,19,HUBZone set-aside,2,False,,False,,True,7,True,8,False,,True,3,True,3,history older than 5 years - compare with DLA management price,1,0,2147.8500000000004,,715.95,2018-01-25,8.0,SPE4A618V6743,0BTU8,SPE4A626T97Y8.PDF p.6,8.7,4.0
SPE4A626T97Z1,SPE4A6-26-T-97Z1,SPE4A626T97Z1.PDF,2026-06-18,2026-06-25,21,HUBZone set-aside,2,True,3,True,8,False,,True,9,False,,True,3,True,4,history older than 5 years - compare with DLA management price,1,1,620.0,,155.0,2018-10-18,9.0,SPE4A619P1135,92772,SPE4A626T97Z1.PDF p.6,8.0,4.0
SPE4A626T97Z5,SPE4A6-26-T-97Z5,SPE4A626T97Z5.PDF,2026-06-18,2026-06-25,19,HUBZone set-aside,2,False,,True,8,True,7,False,,False,,False,,True,3,recent exact-NSN history,1,0,4032.9900000000002,,310.23,2024-01-31,6.0,SPE4A624PE141,13028,SPE4A626T97Z5.PDF p.6,2.7,19.0
SPE4A626T97Z6,SPE4A6-26-T-97Z6,SPE4A626T97Z6.PDF,2026-06-18,2026-06-25,22,HUBZone set-aside,2,True,3,True,8,True,8,False,,False,,True,3,True,4,recent exact-NSN history,1,1,6178.5,,1029.75,2026-04-01,2.0,SPE4A626PK994P00001,6ZSR8,SPE4A626T97Z6.PDF p.7,0.5,3.0
SPE4A626T98B4,SPE4A6-26-T-98B4,SPE4A626T98B4.PDF,2026-06-18,2026-06-25,22,HUBZone set-aside,2,True,3,True,8,True,8,False,,False,,True,3,True,4,recent exact-NSN history,1,1,2250.0,,225.0,2024-08-28,7.0,SPE4A624PY767,9BKX7,SPE4A626T98B4.PDF p.7,2.1,1.0
SPE4A626T98C4,SPE4A6-26-T-98C4,SPE4A626T98C4.PDF,2026-06-18,2026-06-25,21,HUBZone set-aside,2,True,3,True,9,True,8,True,9,False,,True,3,True,4,recent exact-NSN history,1,1,1615.0,,95.0,2022-12-14,64.0,SPE4A623P7198P00002,51819,SPE4A626T98C4.PDF p.6,3.8,20.0
SPE4A626T98G7,SPE4A6-26-T-98G7,SPE4A626T98G7.PDF,2026-06-22,2026-06-29,21,HUBZone set-aside,2,True,3,True,9,True,8,True,9,False,,True,3,True,4,recent exact-NSN history,1,1,9450.0,,1575.0,2025-09-10,4.0,SPE4A625P0Q66P00001,8SKT8,SPE4A626T98G7.PDF p.6,1.1,7.0
SPE4A626T98H1,SPE4A6-26-T-98H1,SPE4A626T98H1.PDF,2026-06-22,2026-06-29,21,Total small business set-aside,2,True,3,True,9,True,8,False,,False,,True,2,True,4,recent exact-NSN history,1,1,87591.0,,834.2,2025-08-08,104.0,SPE4A625PYF70P00001,0REY5,SPE4A626T98H1.PDF p.6,1.1,20.0
SPE4A626T98H7,SPE4A6-26-T-98H7,SPE4A626T98H7.PDF,2026-06-22,2026-06-29,22,HUBZone set-aside,2,True,3,True,8,True,8,False,,False,,True,3,True,4,recent exact-NSN history,1,1,13300.0,,13300.0,2025-06-11,1.0,SPE4A625PV892P00001,02AV2,SPE4A626T98H7.PDF p.7,1.3,3.0
SPE4A626U2259,SPE4A6-26-U-2259,SPE4A626U2259.PDF,2026-02-26,2026-03-12,25,HUBZone set-aside,4,False,,True,10,True,9,False,,False,,False,,True,5,recent exact-NSN history,1,0,5192.0,,324.5,2022-02-24,28.0,SPE4A122P0900,2B195,SPE4A626U2259.PDF p.8,4.6,8.0
SPE4A626U2456,SPE4A6-26-U-2456,SPE4A626U2456.PDF,2026-03-26,2026-04-09,25,HUBZone set-aside,4,False,,True,9,True,9,True,10,False,,True,5,True,5,recent exact-NSN history,1,0,8896.16,,556.01,2025-10-24,16.0,SPE4A626P3602P00001,31068,SPE4A626U2456.PDF p.8,0.9,3.0
SPE4A626U2525,SPE4A6-26-U-2525,SPE4A626U2525.PDF,2026-04-09,2026-04-23,25,Total small business set-aside,4,False,,True,10,True,9,True,10,False,,True,4,True,5,recent exact-NSN history,1,0,4990.0,,998.0,2025-07-31,11.0,SPE4A625PF309P00001,3T8J4,SPE4A626U2525.PDF p.8,1.2,11.0
SPE4A626U2548,SPE4A6-26-U-2548,SPE4A626U2548.PDF,2026-04-09,2026-04-23,25,Total small business set-aside,4,False,,True,10,True,9,False,,False,,False,,True,5,history older than 5 years - compare with DLA management price,1,0,2998.0,,749.5,2017-10-16,23.0,SPE4A618P1004,3B8L1,SPE4A626U2548.PDF p.7,9.0,14.0
SPE4A626U2555,SPE4A6-26-U-2555,SPE4A626U2555.PDF,2026-04-09,2026-04-23,25,Total small business set-aside,4,False,,False,,True,9,False,,False,,False,,True,5,no procurement history in PDF - investigate DLA management price; line stays unpriced,1,0,,,,,,,,,,
SPE4A626U2578,SPE4A6-26-U-2578,SPE4A626U2578.PDF,2026-04-09,2026-04-23,25,Total small business set-aside,4,False,,True,9,True,9,False,,False,,True,4,True,5,recent exact-NSN history,1,0,14209.0,,3552.25,2025-09-10,2.0,SPE4A625P0N17,6ZSR8,SPE4A626U2578.PDF p.8,1.1,1.0
SPE4A626U2581,SPE4A6-26-U-2581,SPE4A626U2581.PDF,2026-04-09,2026-04-23,24,No set-aside clause found (check SF18 block),,False,,False,,True,9,False,,False,,False,,True,5,recent exact-NSN history,1,0,9737.72,,2434.43,2026-01-27,3.0,SPE4A626V7324P00001,646V6,SPE4A626U2581.PDF p.8,0.7,1.0
SPE4A626U2703,SPE4A6-26-U-2703,SPE4A626U2703.PDF,2026-04-13,2026-04-27,25,Total small business set-aside,4,False,,True,9,True,9,False,,False,,False,,True,5,recent exact-NSN history,1,0,6363.0,,303.0,2024-09-03,23.0,SPE4A624V459X,3R7N5,SPE4A626U2703.PDF p.7,2.1,17.0
SPE4A626U2739,SPE4A6-26-U-2739,SPE4A626U2739.PDF,2026-04-14,2026-04-28,25,Total small business set-aside,4,False,,True,9,True,9,True,10,False,,True,4,True,5,recent exact-NSN history,1,0,3048.0,,254.0,2024-05-06,5.0,SPE4A624PN592P00001,7CNH6,SPE4A626U2739.PDF p.8,2.4,6.0
SPE4A626U2795,SPE4A6-26-U-2795,SPE4A626U2795.PDF,2026-04-14,2026-04-28,25,No set-aside clause found (check SF18 block),,False,,True,10,True,9,False,,False,,False,,True,5,history older than 5 years - compare with DLA management price,1,0,4651.150000000001,,47.95,2020-05-18,316.0,SPE4A620PH873,3B3Z8,SPE4A626U2795.PDF p.8,6.4,2.0
SPE4A626U2817,SPE4A6-26-U-2817,SPE4A626U2817.PDF,2026-04-15,2026-04-29,25,HUBZone set-aside,4,False,,True,10,True,9,True,10,False,,True,5,True,5,recent exact-NSN history,1,0,3090.0,,3090.0,2025-01-28,1.0,SPE4A625V7763P00001,8BPE2,SPE4A626U2817.PDF p.8,1.7,6.0
SPE4A626U2838,SPE4A6-26-U-2838,SPE4A626U2838.PDF,2026-04-17,2026-05-01,25,Total small business set-aside,4,False,,True,9,True,9,True,10,False,,True,4,True,5,recent exact-NSN history,1,0,118490.0,,85.0,2022-12-12,5082.0,SPE4A623C0032P00004,3B8L1,SPE4A626U2838.PDF p.8,3.8,20.0
SPE4A626U2865,SPE4A6-26-U-2865,SPE4A626U2865.PDF,2026-04-21,2026-05-05,26,No set-aside clause found (check SF18 block),,False,,True,10,True,10,True,11,False,,True,5,True,6,recent exact-NSN history,1,0,5685.0,,379.0,2025-02-11,11.0,SPE4A625V8754,3T8J4,SPE4A626U2865.PDF p.8,1.6,20.0
SPE4A626U2873,SPE4A6-26-U-2873,SPE4A626U2873.PDF,2026-04-24,2026-05-08,27,Total small business set-aside,4,False,,True,9,True,9,True,10,False,,True,4,True,5,recent exact-NSN history,1,0,34612.5,,461.5,2023-07-05,41.0,SPE4A623F265EP00001,30842,SPE4A626U2873.PDF p.8,3.2,9.0
SPE4A626U2952,SPE4A6-26-U-2952,SPE4A626U2952.PDF,2026-04-30,2026-05-14,25,HUBZone set-aside,4,False,,True,10,True,9,True,10,False,,True,5,True,5,recent exact-NSN history,1,0,3396.15,,679.23,2025-01-14,9.0,SPE4A625V7024,012M4,SPE4A626U2952.PDF p.8,1.7,5.0
SPE4A626U2954,SPE4A6-26-U-2954,SPE4A626U2954.PDF,2026-04-30,2026-05-14,25,Total small business set-aside,4,False,,True,9,True,9,True,10,False,,True,4,True,5,recent exact-NSN history,1,0,12028.929999999998,,388.03,2025-04-24,28.0,SPE4A625F056KP00001,02AV2,SPE4A626U2954.PDF p.8,1.4,19.0
SPE4A626U3072,SPE4A6-26-U-3072,SPE4A626U3072.PDF,2026-05-19,2026-06-02,20,Total small business set-aside,4,False,,False,,False,,True,9,False,,False,,True,5,recent exact-NSN history,1,0,3295.7400000000002,,33.63,2023-01-18,142.0,SPE4A623V7134,54991,SPE4A626U3072.PDF p.8,3.7,10.0
SPE4A626U3099,SPE4A6-26-U-3099,SPE4A626U3099.PDF,2026-05-28,2026-06-11,23,Total small business set-aside,4,False,,True,9,True,9,True,10,False,,True,4,True,5,recent exact-NSN history,1,0,3094.7699999999995,,1031.59,2025-03-12,26.0,SPE4A525F6069P00001,0UWS0,SPE4A626U3099.PDF p.8,1.6,20.0
SPE4A626U3186,SPE4A6-26-U-3186,SPE4A626U3186.PDF,2026-06-09,2026-06-23,21,Total small business set-aside,4,False,,True,10,True,9,True,10,False,,True,4,True,5,recent exact-NSN history,1,0,33664.96,,4208.12,2025-07-31,12.0,SPE4A625PG407,8BPE2,SPE4A626U3186.PDF p.8,1.2,4.0
SPE4A626U3233,SPE4A6-26-U-3233,SPE4A626U3233.PDF,2026-06-18,2026-07-02,20,HUBZone set-aside; SDVOSB set-aside,4,False,,True,9,False,,True,9,False,,False,,True,5,recent exact-NSN history,1,0,23400.0,,650.0,2026-05-28,25.0,SPE4A626F131P,5PAL3,SPE4A626U3233.PDF p.8,0.3,20.0
SPE4A626U4199,SPE4A6-26-U-4199,SPE4A626U4199.PDF,2026-09-15,2026-09-29,22,HUBZone set-aside,4,False,,True,10,True,9,True,10,False,,True,5,True,5,recent exact-NSN history,1,0,3878.7000000000003,,554.1,2026-03-17,12.0,SPE4A626F7414,4VAS1,SPE4A626U4199.PDF p.8,0.5,6.0
SPE4A626U4203,SPE4A6-26-U-4203,SPE4A626U4203.PDF,2026-09-17,2026-10-01,21,HUBZone set-aside,4,False,,False,,False,,False,,False,,False,,True,5,recent exact-NSN history,1,0,118112.47,,849.73,2025-12-29,27.0,SPE4A626V5853,7NC52,SPE4A626U4203.PDF p.8,0.8,4.0
SPE4A627Q0006,SPE4A627Q0006,SPE4A627Q0006.PDF,2026-09-25,2026-09-27,25,Partial small business set-aside; HUBZone set-aside,12,False,,True,4,True,4,True,5,False,,False,,False,,no procurement history in PDF - investigate DLA management price; line stays unpriced,0,0,,no CLINs parsed,,,,,,,,
SPE4A726Q1089,SPE4A726Q1089,SPE4A726Q1089.PDF,2026-09-01,2026-09-10,19,Partial small business set-aside,12,False,,True,3,True,3,False,,False,,False,,False,,no procurement history in PDF - investigate DLA management price; line stays unpriced,0,0,,no CLINs parsed,,,,,,,,
SPE4A726T015N,SPE4A7-26-T-015N,SPE4A726T015N.PDF,2026-02-25,2026-03-04,23,HUBZone set-aside,2,False,,True,7,True,7,True,8,False,,True,3,True,3,history older than 5 years - compare with DLA management price,1,0,569.2,,284.6,2013-03-05,18.0,SPE4A713V0785,58918,SPE4A726T015N.PDF p.6,13.6,7.0
SPE4A726T021Z,SPE4A7-26-T-021Z,SPE4A726T021Z.PDF,2026-02-26,2026-03-05,25,HUBZone set-aside,2,True,3,True,8,False,,True,9,False,,True,3,True,4,recent exact-NSN history,1,1,7500.0,,2500.0,2025-09-16,35.0,SPE4A625F432RP00001,60118,SPE4A726T021Z.PDF p.7,1.0,17.0
SPE4A726T022V,SPE4A7-26-T-022V,SPE4A726T022V.PDF,2026-02-26,2026-03-05,22,Total small business set-aside,2,False,,True,6,True,6,False,,False,,True,2,True,3,no procurement history in PDF - investigate DLA management price; line stays unpriced,1,0,,,,,,,,,,
SPE4A726T026V,SPE4A7-26-T-026V,SPE4A726T026V.PDF,2026-02-27,2026-03-06,23,HUBZone set-aside,2,False,,False,,True,7,False,,False,,False,,True,3,no procurement history in PDF - investigate DLA management price; line stays unpriced,1,0,,,,,,,,,,
SPE4A726T029X,SPE4A7-26-T-029X,SPE4A726T029X.PDF,2026-02-27,2026-03-06,27,HUBZone set-aside,2,True,3,True,9,True,9,True,11,False,,True,3,True,5,history older than 5 years - compare with DLA management price,1,2,737.0999999999999,,245.7,2012-05-24,4.0,SPE4A612M1405,0SSP0,SPE4A726T029X.PDF p.8,14.4,7.0
SPE4A726T036X,SPE4A7-26-T-036X,SPE4A726T036X.PDF,2026-03-03,2026-03-10,25,HUBZone set-aside,2,True,3,True,9,True,8,True,9,False,,True,3,True,4,history older than 5 years - compare with DLA management price,1,1,1080.31,,6.71,1998-05-26,386.0,SP047598MNA97,55345,SPE4A726T036X.PDF p.7,28.3,1.0
SPE4A726T042J,SPE4A7-26-T-042J,SPE4A726T042J.PDF,2026-03-05,2026-03-12,27,Total small business set-aside,2,True,3,True,7,True,7,True,8,False,,True,2,True,3,history older than 5 years - compare with DLA management price,1,1,17626.0,,8813.0,2018-01-12,5.0,SPE4A618P6453P00002,67291,SPE4A726T042J.PDF p.6,8.7,2.0
SPE4A726T042L,SPE4A7-26-T-042L,SPE4A726T042L.PDF,2026-03-05,2026-03-12,25,Total small business set-aside,2,True,3,True,8,True,7,True,8,False,,True,2,True,3,recent exact-NSN history,1,1,18882.0,,1049.0,2025-05-27,23.0,SPE4A625PT679,02AV2,SPE4A726T042L.PDF p.6,1.3,7.0
SPE4A726T042N,SPE4A7-26-T-042N,SPE4A726T042N.PDF,2026-03-05,2026-03-12,26,HUBZone set-aside,2,True,3,True,9,True,8,True,9,False,,True,3,True,4,history older than 5 years - compare with DLA management price,1,1,2650.0,,530.0,2018-02-24,37.0,SPE4A618PA614,4EX55,SPE4A726T042N.PDF p.7,8.6,4.0
SPE4A726T043E,SPE4A7-26-T-043E,SPE4A726T043E.PDF,2026-03-05,2026-03-12,23,HUBZone set-aside,2,False,,True,7,True,7,False,,False,,False,,True,3,no procurement history in PDF - investigate DLA management price; line stays unpriced,1,0,,,,,,,,,,
SPE4A726T043F,SPE4A7-26-T-043F,SPE4A726T043F.PDF,2026-03-05,2026-03-12,26,HUBZone set-aside,2,False,,True,7,True,7,False,,False,,True,3,True,3,history older than 5 years - compare with DLA management price,1,0,11900.0,,700.0,2007-08-20,10.0,SPM4A607MB636,0XPA4,SPE4A726T043F.PDF p.6,19.1,2.0
SPE4A726T046D,SPE4A7-26-T-046D,SPE4A726T046D.PDF,2026-03-06,2026-03-13,24,HUBZone set-aside,2,False,,True,7,True,7,True,8,False,,True,3,True,3,recent exact-NSN history,1,0,2278.5,,325.5,2022-07-20,17.0,SPE4A422P0535P00001,6ZSR8,SPE4A726T046D.PDF p.6,4.2,3.0
SPE4A726T049U,SPE4A7-26-T-049U,SPE4A726T049U.PDF,2026-03-06,2026-03-13,23,HUBZone set-aside,2,False,,False,,True,7,False,,False,,False,,True,3,no procurement history in PDF - investigate DLA management price; line stays unpriced,1,0,,,,,,,,,,
SPE4A726T056R,SPE4A7-26-T-056R,SPE4A726T056R.PDF,2026-03-11,2026-03-18,29,No set-aside clause found (check SF18 block),,True,3,True,9,True,8,True,9,True,8,True,3,True,4,recent exact-NSN history,1,1,35700.0,,2100.0,2025-08-12,14.0,SPE4A625PYK23P00001,6ZSR8,SPE4A726T056R.PDF p.7,1.1,8.0
SPE4A726T061Q,SPE4A7-26-T-061Q,SPE4A726T061Q.PDF,2026-03-11,2026-03-18,25,HUBZone set-aside; SDVOSB set-aside,2,True,3,True,9,True,8,False,,False,,True,3,True,4,recent exact-NSN history,1,1,23434.5,,689.25,2025-06-24,15.0,SPE4A625PX451,6ZSR8,SPE4A726T061Q.PDF p.7,1.3,20.0
SPE4A726T062E,SPE4A7-26-T-062E,SPE4A726T062E.PDF,2026-03-11,2026-03-18,25,HUBZone set-aside,2,True,3,True,9,True,8,True,9,False,,True,3,True,4,recent exact-NSN history,1,1,3533.84,,441.73,2026-02-19,8.0,SPE4A626PG122,31068,SPE4A726T062E.PDF p.7,0.6,6.0
SPE4A726T066U,SPE4A7-26-T-066U,SPE4A726T066U.PDF,2026-03-11,2026-03-18,26,HUBZone set-aside,2,True,3,True,9,True,8,True,9,False,,True,3,True,4,recent exact-NSN history,1,1,8750.0,,1750.0,2025-12-10,1.0,SPE4A626P9233,8SKT8,SPE4A726T066U.PDF p.7,0.8,5.0
SPE4A726T069V,SPE4A7-26-T-069V,SPE4A726T069V.PDF,2026-03-11,2026-03-18,27,No set-aside clause found (check SF18 block),,True,3,True,8,True,8,True,9,False,,True,3,True,4,recent exact-NSN history,1,1,69000.0,,5750.0,2025-08-29,17.0,SPE4A625P0AZRP00001,3B8L1,SPE4A726T069V.PDF p.7,1.1,4.0
SPE4A726T070Y,SPE4A7-26-T-070Y,SPE4A726T070Y.PDF,2026-03-11,2026-03-18,23,HUBZone set-aside,2,False,,True,7,False,,True,8,False,,True,3,True,3,recent exact-NSN history,1,0,1776.35,,355.27,2025-06-06,7.0,SPE4A625PV518,55560,SPE4A726T070Y.PDF p.6,1.3,13.0
SPE4A726T073A,SPE4A7-26-T-073A,SPE4A726T073A.PDF,2026-03-11,2026-03-18,24,HUBZone set-aside,2,False,,True,8,True,7,True,8,False,,True,3,True,3,history older than 5 years - compare with DLA management price,1,0,6725.0,,269.0,2012-03-30,26.0,SPM4A612V5143,3T8J4,SPE4A726T073A.PDF p.6,14.5,2.0
SPE4A726T073M,SPE4A7-26-T-073M,SPE4A726T073M.PDF,2026-03-11,2026-03-18,25,HUBZone set-aside,2,True,3,False,,True,8,False,,False,,True,3,True,4,history older than 5 years - compare with DLA management price,1,1,600.0,,100.0,2020-02-21,10.0,SPE4A720P6395P00001,59157,SPE4A726T073M.PDF p.6,6.6,1.0
SPE4A726T075C,SPE4A7-26-T-075C,SPE4A726T075C.PDF,2026-03-11,2026-03-18,22,Total small business set-aside,2,False,,False,,True,6,True,7,False,,False,,True,3,no procurement history in PDF - investigate DLA management price; line stays unpriced,1,0,,,,,,,,,,
SPE4A726T075G,SPE4A7-26-T-075G,SPE4A726T075G.PDF,2026-03-11,2026-03-18,27,HUBZone set-aside,2,True,3,True,10,True,9,True,10,False,,True,3,True,4,history older than 5 years - compare with DLA management price,1,1,5720.0,,440.0,2020-12-16,8.0,SPE4A621F4269P00001,0XPA4,SPE4A726T075G.PDF p.7,5.8,14.0
SPE4A726T075M,SPE4A7-26-T-075M,SPE4A726T075M.PDF,2026-03-11,2026-03-18,24,Total small business set-aside,2,True,3,True,7,True,7,True,8,False,,True,2,True,4,no procurement history in PDF - investigate DLA management price; line stays unpriced,1,1,,,,,,,,,,
SPE4A726T084Z,SPE4A7-26-T-084Z,SPE4A726T084Z.PDF,2026-03-13,2026-03-20,24,HUBZone set-aside,2,False,,True,8,True,7,False,,False,,False,,True,3,history older than 5 years - compare with DLA management price,1,0,2248.5,,749.5,2017-10-16,23.0,SPE4A618P1004,3B8L1,SPE4A726T084Z.PDF p.6,9.0,14.0
SPE4A726T087Y,SPE4A7-26-T-087Y,SPE4A726T087Y.PDF,2026-03-13,2026-03-20,23,HUBZone set-aside,2,False,,False,,True,7,False,,False,,False,,True,3,recent exact-NSN history,1,0,14606.579999999998,,2434.43,2026-01-27,3.0,SPE4A626V7324P00001,646V6,SPE4A726T087Y.PDF p.6,0.7,1.0
SPE4A726T089Q,SPE4A7-26-T-089Q,SPE4A726T089Q.PDF,2026-03-13,2026-03-20,26,HUBZone set-aside,2,True,3,True,9,True,8,True,9,False,,True,3,True,4,recent exact-NSN history,1,1,6375.0,,2125.0,2025-10-15,4.0,SPE4A626P2211,6ZSR8,SPE4A726T089Q.PDF p.7,1.0,3.0
SPE4A726T091W,SPE4A7-26-T-091W,SPE4A726T091W.PDF,2026-03-16,2026-03-23,22,Total small business set-aside,2,False,,True,6,True,6,False,,False,,True,2,True,3,recent exact-NSN history,1,0,17730.0,,1970.0,2024-04-15,9.0,SPE4A524V1757,3T8J4,SPE4A726T091W.PDF p.5,2.5,1.0
SPE4A726T095U,SPE4A7-26-T-095U,SPE4A726T095U.PDF,2026-03-17,2026-03-24,28,HUBZone set-aside,2,True,3,True,7,True,7,True,8,False,,True,3,True,4,recent exact-NSN history,1,1,3600.0,,3600.0,2024-02-21,6.0,SPE4A624PF449P00001,1XC80,SPE4A726T095U.PDF p.6,2.6,1.0
SPE4A726T097C,SPE4A7-26-T-097C,SPE4A726T097C.PDF,2026-03-17,2026-03-24,25,HUBZone set-aside,2,True,3,True,9,True,8,True,9,False,,True,3,True,4,recent exact-NSN history,1,1,6312.0,,789.0,2023-01-31,9.0,SPE4A623PB817P00003,3R7N5,SPE4A726T097C.PDF p.7,3.7,9.0
SPE4A726T098J,SPE4A7-26-T-098J,SPE4A726T098J.PDF,2026-03-17,2026-03-24,26,Total small business set-aside,2,True,3,True,9,True,8,True,9,False,,True,2,True,4,recent exact-NSN history,1,1,5411.25,,146.25,2025-06-30,32.0,SPE4A625PY179P00001,7BUL6,SPE4A726T098J.PDF p.6,1.3,10.0
SPE4A726T103R,SPE4A7-26-T-103R,SPE4A726T103R.PDF,2026-03-18,2026-03-25,25,HUBZone set-aside,2,True,3,True,9,True,8,True,9,False,,True,3,True,4,recent exact-NSN history,1,1,6984.0,,3492.0,2026-03-10,2.0,SPE4A626PJ068,6ZSR8,SPE4A726T103R.PDF p.7,0.6,7.0
SPE4A726T111C,SPE4A7-26-T-111C,SPE4A726T111C.PDF,2026-03-18,2026-03-25,23,HUBZone set-aside,2,False,,True,7,False,,False,,False,,False,,True,3,no procurement history in PDF - investigate DLA management price; line stays unpriced,1,0,,,,,,,,,,
SPE4A726T111J,SPE4A7-26-T-111J,SPE4A726T111J.PDF,2026-03-18,2026-03-25,26,HUBZone set-aside,2,False,,True,7,True,7,True,8,False,,True,3,True,3,recent exact-NSN history,1,0,13383.5,,461.5,2023-07-05,41.0,SPE4A623F265EP00001,30842,SPE4A726T111J.PDF p.6,3.2,9.0
SPE4A726T111N,SPE4A7-26-T-111N,SPE4A726T111N.PDF,2026-03-18,2026-03-25,26,HUBZone set-aside,2,True,3,True,9,True,8,True,9,False,,True,3,True,4,recent exact-NSN history,1,1,4611.36,,768.56,2025-06-18,6.0,SPE4A625PN664P00001,012M4,SPE4A726T111N.PDF p.7,1.3,5.0
SPE4A726T111V,SPE4A7-26-T-111V,SPE4A726T111V.PDF,2026-03-18,2026-03-25,24,HUBZone set-aside,2,False,,True,8,True,7,True,8,False,,True,3,True,3,recent exact-NSN history,1,0,9218.25,,542.25,2025-10-20,34.0,SPE4A626P2804P00001,6ZSR8,SPE4A726T111V.PDF p.6,0.9,6.0
SPE4A726T113K,SPE4A7-26-T-113K,SPE4A726T113K.PDF,2026-03-19,2026-03-26,23,HUBZone set-aside,2,False,,True,7,True,7,True,8,False,,True,3,True,3,history older than 5 years - compare with DLA management price,1,0,304.2,,152.1,2016-11-03,140.0,SPE4A417V1075P00002,0X1H8,SPE4A726T113K.PDF p.6,9.9,9.0
SPE4A726T118B,SPE4A7-26-T-118B,SPE4A726T118B.PDF,2026-03-20,2026-03-27,23,HUBZone set-aside,2,False,,True,8,True,7,True,8,False,,True,3,True,3,recent exact-NSN history,1,0,72.0,,6.0,2025-09-17,6.0,SPE4A625P0Y52P00001,3T949,SPE4A726T118B.PDF p.6,1.0,20.0
SPE4A726T118L,SPE4A7-26-T-118L,SPE4A726T118L.PDF,2026-03-20,2026-03-27,24,HUBZone set-aside,2,False,,False,,False,,True,7,False,,True,3,True,3,recent exact-NSN history,2,0,636.16,,19.88,2024-09-18,198.0,SPE4A624V494X,61125,SPE4A726T118L.PDF p.6,2.0,20.0
SPE4A726T118U,SPE4A7-26-T-118U,SPE4A726T118U.PDF,2026-03-20,2026-03-27,23,HUBZone set-aside,2,False,,True,7,True,7,False,,False,,False,,True,3,history older than 5 years - compare with DLA management price,1,0,452.61999999999995,,8.54,2021-01-28,146.0,SPE4A721P4738P00001,01413,SPE4A726T118U.PDF p.6,5.7,6.0
SPE4A726T130V,SPE4A7-26-T-130V,SPE4A726T130V.PDF,2026-03-23,2026-03-30,23,HUBZone set-aside,2,False,,True,8,True,7,True,8,False,,True,3,True,3,no procurement history in PDF - investigate DLA management price; line stays unpriced,1,0,,,,,,,,,,
SPE4A726T136B,SPE4A7-26-T-136B,SPE4A726T136B.PDF,2026-03-24,2026-03-31,26,HUBZone set-aside,2,True,3,True,9,True,8,True,9,False,,True,3,True,4,history older than 5 years - compare with DLA management price,1,1,999.0,,999.0,2020-12-15,3.0,SPE4A621P6885,3T8J4,SPE4A726T136B.PDF p.7,5.8,7.0
SPE4A726T142K,SPE4A7-26-T-142K,SPE4A726T142K.PDF,2026-03-25,2026-04-01,25,Total small business set-aside,2,True,3,True,8,True,8,True,9,False,,True,2,True,4,recent exact-NSN history,1,1,19188.0,,9594.0,2022-10-18,3.0,SPE4AX23F0342P00003,88829,SPE4A726T142K.PDF p.6,4.0,3.0
SPE4A726T149S,SPE4A7-26-T-149S,SPE4A726T149S.PDF,2026-03-26,2026-04-02,22,HUBZone set-aside,2,False,,False,,False,,True,7,False,,False,,True,3,no procurement history in PDF - investigate DLA management price; line stays unpriced,1,0,,,,,,,,,,
SPE4A726T149Y,SPE4A7-26-T-149Y,SPE4A726T149Y.PDF,2026-03-26,2026-04-02,26,HUBZone set-aside,2,True,3,True,8,True,8,True,9,False,,True,3,True,4,recent exact-NSN history,1,1,3741.6,,249.44,2024-08-28,20.0,SPE4A624PV474P00002,02103,SPE4A726T149Y.PDF p.7,2.1,10.0
SPE4A726T149Z,SPE4A7-26-T-149Z,SPE4A726T149Z.PDF,2026-03-26,2026-04-02,23,HUBZone set-aside,2,False,,True,7,True,7,True,8,False,,True,3,True,3,recent exact-NSN history,1,0,1778.0,,254.0,2024-05-06,5.0,SPE4A624PN592P00001,7CNH6,SPE4A726T149Z.PDF p.6,2.4,6.0
SPE4A726T150C,SPE4A7-26-T-150C,SPE4A726T150C.PDF,2026-03-26,2026-04-02,24,HUBZone set-aside,2,False,,True,8,True,7,True,8,False,,True,3,True,3,recent exact-NSN history,1,0,3250.0,,650.0,2024-06-04,5.0,SPE4A624V229DP00002,5N063,SPE4A726T150C.PDF p.6,2.3,7.0
SPE4A726T150L,SPE4A7-26-T-150L,SPE4A726T150L.PDF,2026-03-26,2026-04-02,25,HUBZone set-aside,2,True,3,True,9,True,8,True,9,False,,True,3,True,4,recent exact-NSN history,1,1,6052.2,,172.92,2025-04-11,50.0,SPE4A625PN501P00001,012M4,SPE4A726T150L.PDF p.7,1.5,18.0
SPE4A726T159B,SPE4A7-26-T-159B,SPE4A726T159B.PDF,2026-03-26,2026-04-02,25,HUBZone set-aside,2,True,3,True,8,False,,True,9,False,,True,3,True,4,recent exact-NSN history,1,1,30000.0,,2500.0,2025-09-16,35.0,SPE4A625F432RP00001,60118,SPE4A726T159B.PDF p.7,1.0,17.0
SPE4A726T159H,SPE4A7-26-T-159H,SPE4A726T159H.PDF,2026-03-26,2026-04-02,25,HUBZone set-aside,2,True,3,True,8,True,8,True,9,False,,True,3,True,4,recent exact-NSN history,1,1,3672.1499999999996,,734.43,2026-01-23,11.0,SPE4A626PD301,2Y126,SPE4A726T159H.PDF p.7,0.7,18.0
SPE4A726T165K,SPE4A7-26-T-165K,SPE4A726T165K.PDF,2026-03-27,2026-04-03,25,HUBZone set-aside,2,True,3,True,9,True,8,True,9,False,,True,3,True,4,history older than 5 years - compare with DLA management price,1,1,1924.0,,481.0,2017-01-11,43.0,SPE4A617P4241P00001,82340,SPE4A726T165K.PDF p.6,9.7,3.0
SPE4A726T179T,SPE4A7-26-T-179T,SPE4A726T179T.PDF,2026-03-31,2026-04-07,23,HUBZone set-aside,2,False,,False,,True,7,True,8,False,,True,3,True,3,no procurement history in PDF - investigate DLA management price; line stays unpriced,1,0,,,,,,,,,,
SPE4A726T188B,SPE4A7-26-T-188B,SPE4A726T188B.PDF,2026-04-02,2026-04-09,27,No set-aside clause found (check SF18 block),,True,3,True,9,True,8,False,,False,,True,3,True,4,history older than 5 years - compare with DLA management price,1,1,23800.0,,1700.0,2021-04-28,81.0,SPE4A721P8703P00003,27456,SPE4A726T188B.PDF p.7,5.4,3.0
SPE4A726T192H,SPE4A7-26-T-192H,SPE4A726T192H.PDF,2026-04-03,2026-04-10,23,HUBZone set-aside,2,False,,True,7,True,7,True,8,False,,True,3,True,3,recent exact-NSN history,1,0,1751.04,,437.76,2026-01-15,4.0,SPE4A626PC231P00001,9XUD2,SPE4A726T192H.PDF p.6,0.7,1.0
SPE4A726T194P,SPE4A7-26-T-194P,SPE4A726T194P.PDF,2026-04-03,2026-04-10,23,HUBZone set-aside,2,False,,True,8,True,7,True,8,False,,True,3,True,3,history older than 5 years - compare with DLA management price,1,0,25398.0,,8466.0,2015-06-18,3.0,SPE4A615VG399P00001,25693,SPE4A726T194P.PDF p.6,11.3,3.0
SPE4A726T208W,SPE4A7-26-T-208W,SPE4A726T208W.PDF,2026-04-08,2026-04-15,23,HUBZone set-aside,2,False,,True,7,False,,True,8,False,,True,3,True,3,history older than 5 years - compare with DLA management price,1,0,0.35000000000000003,,0.01,1999-04-06,1.0,SP045197D4004F722,90142,SPE4A726T208W.PDF p.6,27.5,1.0
SPE4A726T210N,SPE4A7-26-T-210N,SPE4A726T210N.PDF,2026-04-08,2026-04-15,25,HUBZone set-aside; SDVOSB set-aside,2,True,3,True,9,True,8,True,9,False,,True,3,True,4,recent exact-NSN history,1,1,24000.0,,3000.0,2026-01-26,5.0,SPE4A626PD457,30463,SPE4A726T210N.PDF p.7,0.7,12.0
SPE4A726T212Q,SPE4A7-26-T-212Q,SPE4A726T212Q.PDF,2026-04-08,2026-04-15,25,HUBZone set-aside; SDVOSB set-aside,2,True,3,True,9,True,8,False,,False,,True,3,True,4,recent exact-NSN history,1,1,49820.0,,188.0,2025-11-12,197.0,SPE4A626P5733P00001,5S5W0,SPE4A726T212Q.PDF p.6,0.9,20.0
SPE4A726T214U,SPE4A7-26-T-214U,SPE4A726T214U.PDF,2026-04-08,2026-04-15,25,HUBZone set-aside,2,True,3,True,8,True,8,False,,False,,True,3,True,4,recent exact-NSN history,1,1,6319.0,,6319.0,2025-12-02,2.0,SPE4A626P8084P00001,29056,SPE4A726T214U.PDF p.7,0.8,2.0
SPE4A726T218K,SPE4A7-26-T-218K,SPE4A726T218K.PDF,2026-04-08,2026-04-15,24,Total small business set-aside,2,True,3,True,8,True,7,True,8,False,,True,2,True,3,history older than 5 years - compare with DLA management price,1,1,21876.0,,5469.0,1979-09-24,2.0,F0460679G0044QP01,94756,SPE4A726T218K.PDF p.6,47.0,1.0
SPE4A726T221C,SPE4A7-26-T-221C,SPE4A726T221C.PDF,2026-04-08,2026-04-15,24,HUBZone set-aside,2,False,,True,8,True,7,True,8,False,,True,3,True,3,history older than 5 years - compare with DLA management price,1,0,10696.06,,5348.03,2017-07-21,25.0,SPRPA117GC101Z69U,78286,SPE4A726T221C.PDF p.6,9.2,4.0
SPE4A726T227K,SPE4A7-26-T-227K,SPE4A726T227K.PDF,2026-04-10,2026-04-17,23,HUBZone set-aside,2,False,,False,,False,,True,7,False,,True,3,True,3,history older than 5 years - compare with DLA management price,1,0,1310.0,,131.0,2013-10-08,55.0,SPE4A614M0529,1T9K5,SPE4A726T227K.PDF p.6,13.0,3.0
SPE4A726T227Q,SPE4A7-26-T-227Q,SPE4A726T227Q.PDF,2026-04-10,2026-04-17,25,HUBZone set-aside; SDVOSB set-aside,2,True,3,True,9,True,8,True,9,False,,True,3,True,4,history older than 5 years - compare with DLA management price,1,1,16742.7,,429.3,2019-03-19,48.0,SPE4A619PB988P00001,3B8L1,SPE4A726T227Q.PDF p.6,7.5,5.0
SPE4A726T228D,SPE4A7-26-T-228D,SPE4A726T228D.PDF,2026-04-10,2026-04-17,25,HUBZone set-aside,2,True,3,True,8,True,8,True,9,False,,True,3,True,4,recent exact-NSN history,1,1,3600.0,,3600.0,2025-03-05,2.0,SPE4A625PH765P00002,8SKT8,SPE4A726T228D.PDF p.7,1.6,1.0
SPE4A726T237Q,SPE4A7-26-T-237Q,SPE4A726T237Q.PDF,2026-04-10,2026-04-17,23,HUBZone set-aside,2,False,,True,8,True,7,True,8,False,,True,3,True,3,recent exact-NSN history,1,0,6440.0,,1610.0,2024-05-28,5.0,SPE4A624V219Q,29056,SPE4A726T237Q.PDF p.6,2.3,9.0
SPE4A726T241Q,SPE4A7-26-T-241Q,SPE4A726T241Q.PDF,2026-04-13,2026-04-20,23,HUBZone set-aside,2,False,,False,,True,7,True,8,False,,True,3,True,3,no procurement history in PDF - investigate DLA management price; line stays unpriced,1,0,,,,,,,,,,
SPE4A726T244U,SPE4A7-26-T-244U,SPE4A726T244U.PDF,2026-04-14,2026-04-21,25,Total small business set-aside,2,True,3,True,8,True,8,True,9,False,,True,2,True,4,history older than 5 years - compare with DLA management price,1,1,17150.0,,175.0,2018-09-06,117.0,SPE4A618PP809P00003,634U1,SPE4A726T244U.PDF p.7,8.1,10.0
SPE4A726T245U,SPE4A7-26-T-245U,SPE4A726T245U.PDF,2026-04-15,2026-04-22,26,HUBZone set-aside,2,True,3,True,8,True,8,True,9,False,,True,3,True,4,recent exact-NSN history,1,1,11988.0,,5994.0,2026-03-09,1.0,SPE4A626PH975,29056,SPE4A726T245U.PDF p.7,0.6,4.0
SPE4A726T252W,SPE4A7-26-T-252W,SPE4A726T252W.PDF,2026-04-15,2026-04-22,27,HUBZone set-aside,2,True,3,True,9,True,9,True,10,False,,True,3,True,4,recent exact-NSN history,1,1,3672.0,,244.8,2022-03-16,10.0,SPE4A622F9471,0XPA4,SPE4A726T252W.PDF p.7,4.5,12.0
SPE4A726T253Y,SPE4A7-26-T-253Y,SPE4A726T253Y.PDF,2026-04-15,2026-04-22,26,Total small business set-aside,2,True,3,True,9,True,8,True,9,False,,True,2,True,4,recent exact-NSN history,1,1,15160.0,,1895.0,2025-09-11,6.0,SPE4A625P0R98,6ZSR8,SPE4A726T253Y.PDF p.7,1.1,6.0
SPE4A726T257B,SPE4A7-26-T-257B,SPE4A726T257B.PDF,2026-04-15,2026-04-22,23,HUBZone set-aside,2,False,,False,,True,7,False,,False,,False,,True,3,no procurement history in PDF - investigate DLA management price; line stays unpriced,1,0,,,,,,,,,,
SPE4A726T262A,SPE4A7-26-T-262A,SPE4A726T262A.PDF,2026-04-17,2026-04-24,27,Total small business set-aside,2,True,3,True,8,True,8,True,10,True,9,True,2,True,4,history older than 5 years - compare with DLA management price,1,1,27215.79,,1295.99,2020-01-23,15.0,SPE7L520P0408,6ZSR8,SPE4A726T262A.PDF p.6,6.7,6.0
SPE4A726T262W,SPE4A7-26-T-262W,SPE4A726T262W.PDF,2026-04-17,2026-04-24,23,HUBZone set-aside,2,False,,True,7,True,7,True,8,False,,True,3,True,3,no procurement history in PDF - investigate DLA management price; line stays unpriced,1,0,,,,,,,,,,
SPE4A726T272S,SPE4A7-26-T-272S,SPE4A726T272S.PDF,2026-04-21,2026-04-28,23,HUBZone set-aside,2,False,,True,7,True,7,True,8,False,,True,3,True,3,no procurement history in PDF - investigate DLA management price; line stays unpriced,1,0,,,,,,,,,,
SPE4A726T301F,SPE4A7-26-T-301F,SPE4A726T301F.PDF,2026-04-29,2026-05-06,25,HUBZone set-aside,2,True,3,True,9,True,8,True,9,False,,True,3,True,4,recent exact-NSN history,1,1,1954.88,,488.72,2024-11-19,14.0,SPE4A725P2220P00002,4EZD2,SPE4A726T301F.PDF p.6,1.9,4.0
SPE4A726T330Q,SPE4A7-26-T-330Q,SPE4A726T330Q.PDF,2026-05-11,2026-05-18,25,HUBZone set-aside,2,True,3,True,8,True,8,True,9,False,,True,3,True,4,recent exact-NSN history,1,1,323.32,,323.32,2025-02-26,23.0,SPE4A725F3837P00003,0PXV4,SPE4A726T330Q.PDF p.7,1.6,2.0
SPE4A726T359J,SPE4A7-26-T-359J,SPE4A726T359J.PDF,2026-05-15,2026-05-22,21,HUBZone set-aside,2,True,3,True,8,True,8,False,,False,,True,3,True,4,recent exact-NSN history,1,1,2630.1499999999996,,526.03,2025-08-21,5.0,SPE4A725PE355P00001,7L6Q3,SPE4A726T359J.PDF p.7,1.1,9.0
SPE4A726T395J,SPE4A7-26-T-395J,SPE4A726T395J.PDF,2026-05-21,2026-05-28,22,HUBZone set-aside,2,True,3,True,9,True,8,True,9,False,,True,3,True,4,history older than 5 years - compare with DLA management price,1,1,6490.0,,1298.0,2010-09-01,6.0,SPM4A610MAU31,24581,SPE4A726T395J.PDF p.7,16.1,7.0
SPE4A726T398N,SPE4A7-26-T-398N,SPE4A726T398N.PDF,2026-05-21,2026-05-28,21,HUBZone set-aside,2,True,3,True,8,True,8,True,9,False,,True,3,True,4,recent exact-NSN history,1,1,1191.95,,1191.95,2026-01-12,4.0,SPE4A726P5166,3CHR2,SPE4A726T398N.PDF p.7,0.7,14.0
SPE4A726T438E,SPE4A7-26-T-438E,SPE4A726T438E.PDF,2026-06-02,2026-06-09,23,HUBZone set-aside,2,True,3,True,10,True,9,True,10,False,,True,3,True,5,history older than 5 years - compare with DLA management price,1,2,502.59000000000003,,15.23,2016-10-06,273.0,SPE4A717P0104P00001,9J595,SPE4A726T438E.PDF p.8,10.0,2.0
SPE4A726T457Q,SPE4A7-26-T-457Q,SPE4A726T457Q.PDF,2026-06-05,2026-06-12,21,HUBZone set-aside,2,True,3,True,9,True,8,True,9,False,,True,3,True,4,recent exact-NSN history,1,1,2640.0,,33.0,2025-12-02,64.0,SPE4A726P3415P00001,34CZ9,SPE4A726T457Q.PDF p.7,0.8,20.0
SPE4A726T463X,SPE4A7-26-T-463X,SPE4A726T463X.PDF,2026-06-08,2026-06-15,19,HUBZone set-aside,2,False,,False,,True,7,True,8,False,,True,3,True,3,no procurement history in PDF - investigate DLA management price; line stays unpriced,1,0,,,,,,,,,,
SPE4A726T565Q,SPE4A7-26-T-565Q,SPE4A726T565Q.PDF,2026-07-13,2026-07-20,21,HUBZone set-aside,2,True,3,True,8,True,8,False,,False,,True,3,True,4,history older than 5 years - compare with DLA management price,1,1,1584.0,,792.0,2019-04-15,9.0,SPE4A619PD594,28210,SPE4A726T565Q.PDF p.7,7.5,6.0
SPE4A726T618M,SPE4A7-26-T-618M,SPE4A726T618M.PDF,2026-08-06,2026-08-13,21,HUBZone set-aside,2,True,3,True,9,True,8,True,9,False,,True,3,True,4,history older than 5 years - compare with DLA management price,1,1,1480.0,,46.25,2014-02-10,937.0,SPE4A714M5637P00001,65789,SPE4A726T618M.PDF p.7,12.6,3.0
SPE4A726T620R,SPE4A7-26-T-620R,SPE4A726T620R.PDF,2026-08-06,2026-08-13,20,HUBZone set-aside,2,False,,True,7,True,7,True,8,False,,True,3,True,3,history older than 5 years - compare with DLA management price,1,0,1489.6000000000001,,74.48,2017-04-05,79.0,SPE4A717P8004,98313,SPE4A726T620R.PDF p.6,9.5,10.0
SPE4A726T625E,SPE4A7-26-T-625E,SPE4A726T625E.PDF,2026-08-06,2026-08-13,26,HUBZone set-aside,2,False,,True,8,False,,True,8,False,,True,3,True,3,no procurement history in PDF - investigate DLA management price; line stays unpriced,1,0,,,,,,,,,,
SPE4A726T632Q,SPE4A7-26-T-632Q,SPE4A726T632Q.PDF,2026-08-10,2026-08-17,19,HUBZone set-aside,2,False,,False,,True,7,True,8,False,,True,3,True,3,no procurement history in PDF - investigate DLA management price; line stays unpriced,1,0,,,,,,,,,,
SPE4A726T633L,SPE4A7-26-T-633L,SPE4A726T633L.PDF,2026-08-10,2026-08-17,21,HUBZone set-aside,2,True,3,True,9,True,8,True,9,False,,True,3,True,4,recent exact-NSN history,1,1,3387.12,,25.66,2025-12-02,485.0,SPE4A726P3260,34623,SPE4A726T633L.PDF p.7,0.8,20.0
SPE4A726T634Z,SPE4A7-26-T-634Z,SPE4A726T634Z.PDF,2026-08-10,2026-08-17,22,HUBZone set-aside,2,True,3,True,8,True,8,True,9,False,,True,3,True,4,history older than 5 years - compare with DLA management price,1,1,6985.0,,635.0,1981-06-06,12.0,F0960380G1410SA1700,11960,SPE4A726T634Z.PDF p.7,45.3,1.0
SPE4A726T646D,SPE4A7-26-T-646D,SPE4A726T646D.PDF,2026-08-13,2026-08-20,23,HUBZone set-aside,2,True,3,True,9,True,8,True,9,False,,True,3,True,4,recent exact-NSN history,1,1,12000.0,,1000.0,2024-10-21,15.0,SPE4A725P0961P00003,9D1B0,SPE4A726T646D.PDF p.6,1.9,6.0
SPE4A726T649L,SPE4A7-26-T-649L,SPE4A726T649L.PDF,2026-08-13,2026-08-20,19,HUBZone set-aside,2,False,,True,7,True,7,False,,False,,False,,True,3,recent exact-NSN history,1,0,850.0,,850.0,2026-05-26,2.0,SPE4A726V3678,3BTS1,SPE4A726T649L.PDF p.6,0.3,9.0
SPE4A726T649S,SPE4A7-26-T-649S,SPE4A726T649S.PDF,2026-08-13,2026-08-20,20,HUBZone set-aside,2,False,,True,7,True,7,False,,False,,False,,True,3,no procurement history in PDF - investigate DLA management price; line stays unpriced,1,0,,,,,,,,,,
SPE4A726T656H,SPE4A7-26-T-656H,SPE4A726T656H.PDF,2026-08-17,2026-08-24,21,HUBZone set-aside,2,True,3,True,9,True,8,True,9,False,,True,3,True,4,no procurement history in PDF - investigate DLA management price; line stays unpriced,1,1,,,,,,,,,,
SPE4A726T662G,SPE4A7-26-T-662G,SPE4A726T662G.PDF,2026-08-17,2026-08-24,19,HUBZone set-aside,2,False,,True,7,True,7,True,8,False,,True,3,True,3,recent exact-NSN history,1,0,4808.8,,120.22,2025-12-29,55.0,SPE4A426V0005P00001,4U6M9,SPE4A726T662G.PDF p.6,0.8,9.0
SPE4A726T680J,SPE4A7-26-T-680J,SPE4A726T680J.PDF,2026-08-20,2026-08-27,21,HUBZone set-aside,2,True,3,True,8,True,8,True,9,False,,True,3,True,4,recent exact-NSN history,1,1,5060.0,,1265.0,2025-11-26,4.0,SPE4A726P3116,2Y126,SPE4A726T680J.PDF p.7,0.8,5.0
SPE4A726T684E,SPE4A7-26-T-684E,SPE4A726T684E.PDF,2026-08-21,2026-08-28,20,HUBZone set-aside,2,False,,True,8,True,7,True,8,False,,True,3,True,3,recent exact-NSN history,1,0,6394.95,,78.95,2026-03-10,15.0,SPE4A726V2655,9J595,SPE4A726T684E.PDF p.6,0.6,20.0
SPE4A726T690R,SPE4A7-26-T-690R,SPE4A726T690R.PDF,2026-08-26,2026-09-02,21,HUBZone set-aside,2,True,3,True,9,True,8,True,9,False,,True,3,True,4,history older than 5 years - compare with DLA management price,1,1,2266.25,,46.25,2014-02-10,937.0,SPE4A714M5637P00001,65789,SPE4A726T690R.PDF p.7,12.6,3.0
SPE4A726T701D,SPE4A7-26-T-701D,SPE4A726T701D.PDF,2026-08-28,2026-09-04,21,Total small business set-aside,2,True,3,True,9,True,8,True,9,False,,True,2,True,4,recent exact-NSN history,1,1,89533.05,,1755.55,2026-06-16,31.0,SPE4AX26F199ZP00001,30842,SPE4A726T701D.PDF p.6,0.3,20.0
SPE4A726T702H,SPE4A7-26-T-702H,SPE4A726T702H.PDF,2026-08-28,2026-09-04,19,HUBZone set-aside,2,False,,False,,True,7,True,8,False,,True,3,True,3,history older than 5 years - compare with DLA management price,1,0,2700.0,,150.0,2010-03-31,1.0,SPM4A610MH081,55345,SPE4A726T702H.PDF p.6,16.5,2.0
SPE4A726T703R,SPE4A7-26-T-703R,SPE4A726T703R.PDF,2026-08-31,2026-09-08,20,HUBZone set-aside,2,False,,True,7,True,7,True,8,False,,True,3,True,3,recent exact-NSN history,1,0,4270.35,,51.45,2024-02-27,13.0,SPE4A724P7709,50888,SPE4A726T703R.PDF p.6,2.6,9.0
SPE4A726T706Y,SPE4A7-26-T-706Y,SPE4A726T706Y.PDF,2026-09-01,2026-09-08,21,HUBZone set-aside,2,True,3,True,8,True,8,True,9,False,,True,3,True,4,history older than 5 years - compare with DLA management price,1,1,6823.0,,136.46,2019-03-18,116.0,SPE4A219F1113,38597,SPE4A726T706Y.PDF p.7,7.5,12.0
SPE4A726T721D,SPE4A7-26-T-721D,SPE4A726T721D.PDF,2026-09-09,2026-09-16,21,HUBZone set-aside,2,True,3,True,8,True,8,True,9,False,,True,3,True,4,history older than 5 years - compare with DLA management price,1,1,107309.09000000001,,15329.87,2021-07-28,4.0,SPE4A721PB959P00003,0JGJ8,SPE4A726T721D.PDF p.7,5.2,6.0
SPE4A726T722Q,SPE4A7-26-T-722Q,SPE4A726T722Q.PDF,2026-09-10,2026-09-17,21,Total small business set-aside,2,False,,True,7,True,7,True,8,False,,True,2,True,3,recent exact-NSN history,1,0,56879.06,,75.94,2026-07-02,167.0,SPE4A726F8532P00001,32821,SPE4A726T722Q.PDF p.6,0.2,20.0
SPE4A726T729Z,SPE4A7-26-T-729Z,SPE4A726T729Z.PDF,2026-09-10,2026-09-17,19,HUBZone set-aside,2,False,,True,8,True,7,True,8,False,,True,3,True,3,recent exact-NSN history,1,0,17058.510000000002,,1895.39,2026-01-15,6.0,SPE4A726V1901P00001,65534,SPE4A726T729Z.PDF p.6,0.7,13.0
SPE4A726T743E,SPE4A7-26-T-743E,SPE4A726T743E.PDF,2026-09-16,2026-09-23,19,HUBZone set-aside,2,False,,False,,False,,True,7,False,,True,3,True,3,recent exact-NSN history,1,0,4500.0,,2250.0,2026-03-10,4.0,SPE4A726P7684,646V6,SPE4A726T743E.PDF p.6,0.6,6.0
SPE4A726T755K,SPE4A7-26-T-755K,SPE4A726T755K.PDF,2026-09-18,2026-09-25,19,HUBZone set-aside,2,False,,True,8,True,7,False,,False,,False,,True,3,history older than 5 years - compare with DLA management price,1,0,1861.7199999999998,,8.54,2021-01-28,146.0,SPE4A721P4738P00001,01413,SPE4A726T755K.PDF p.6,5.7,6.0
SPE4A726T781U,SPE4A7-26-T-781U,SPE4A726T781U.PDF,2026-09-23,2026-09-30,21,HUBZone set-aside,2,True,3,True,9,True,8,True,9,False,,False,,True,4,recent exact-NSN history,1,1,4900.0,,2450.0,2026-02-12,6.0,SPE4A726P6810P00001,8SKT8,SPE4A726T781U.PDF p.6,0.6,5.0
SPE4A726T785J,SPE4A7-26-T-785J,SPE4A726T785J.PDF,2026-09-23,2026-09-30,22,HUBZone set-aside,2,True,3,True,8,True,8,True,9,True,9,True,3,True,4,recent exact-NSN history,1,1,5400.0,,600.0,2025-05-16,19.0,SPE4A725F5893,1HC54,SPE4A726T785J.PDF p.7,1.4,10.0
SPE4A726T789B,SPE4A7-26-T-789B,SPE4A726T789B.PDF,2026-09-24,2026-10-01,22,HUBZone set-aside,2,True,3,True,9,True,8,True,9,False,,True,3,True,4,history older than 5 years - compare with DLA management price,1,1,3564.0,,297.0,2018-09-10,34.0,SPE4A718PE947P00003,3H683,SPE4A726T789B.PDF p.7,8.1,14.0
SPE4A726T793H,SPE4A7-26-T-793H,SPE4A726T793H.PDF,2026-09-25,2026-10-02,19,HUBZone set-aside,2,False,,True,7,True,7,False,,False,,True,3,True,3,no procurement history in PDF - investigate DLA management price; line stays unpriced,1,0,,,,,,,,,,
SPE4A726T795C,SPE4A7-26-T-795C,SPE4A726T795C.PDF,2026-09-25,2026-10-02,19,HUBZone set-aside,2,False,,True,7,True,7,True,8,False,,True,3,True,3,recent exact-NSN history,1,0,576.8100000000001,,3.77,2025-09-24,186.0,SPE4A625P1AU0,0C2D2,SPE4A726T795C.PDF p.6,1.0,13.0
SPE4A726T798Z,SPE4A7-26-T-798Z,SPE4A726T798Z.PDF,2026-09-29,2026-10-06,19,HUBZone set-aside,2,False,,True,8,True,7,True,8,False,,True,3,True,3,recent exact-NSN history,1,0,3261.5,,296.5,2026-05-14,20.0,SPE4A726PB027,05SC4,SPE4A726T798Z.PDF p.6,0.4,4.0
SPE4A726T799B,SPE4A7-26-T-799B,SPE4A726T799B.PDF,2026-09-29,2026-10-06,26,Total small business set-aside,2,False,,True,7,True,7,True,8,True,7,True,2,True,3,recent exact-NSN history,1,0,55869.600000000006,,9311.6,2026-06-25,1.0,SPE4A726PC886,34623,SPE4A726T799B.PDF p.5,0.3,6.0
SPE4A726T8352,SPE4A7-26-T-8352,SPE4A726T8352.PDF,2026-01-26,2026-02-02,30,No set-aside clause found (check SF18 block),,True,3,True,8,True,8,True,9,False,,True,3,True,4,recent exact-NSN history,1,1,17600.0,,2200.0,2025-09-11,10.0,SPE4A725PF230P00001,8WBD2,SPE4A726T8352.PDF p.7,1.1,5.0
SPE4A726T9206,SPE4A7-26-T-9206,SPE4A726T9206.PDF,2026-02-13,2026-02-20,30,HUBZone set-aside,2,True,3,True,9,True,8,True,9,False,,True,3,True,4,history older than 5 years - compare with DLA management price,1,1,2312.0,,578.0,1993-11-08,14.0,F3460194M0174,94580,SPE4A726T9206.PDF p.7,32.9,1.0
SPE4A726T9463,SPE4A7-26-T-9463,SPE4A726T9463.PDF,2026-02-18,2026-02-25,29,Total small business set-aside,2,True,3,True,9,True,8,True,10,False,,True,2,True,3,recent exact-NSN history,1,1,58800.0,,3675.0,2024-12-02,4.0,SPE4A725P2794P00001,7BUL6,SPE4A726T9463.PDF p.6,1.8,17.0
SPE4A726T9492,SPE4A7-26-T-9492,SPE4A726T9492.PDF,2026-02-19,2026-02-26,29,HUBZone set-aside,2,True,3,False,,True,8,True,9,False,,True,3,True,4,no procurement history in PDF - investigate DLA management price; line stays unpriced,1,1,,,,,,,,,,
SPE4A726U0018,SPE4A7-26-U-0018,SPE4A726U0018.PDF,2026-06-09,2026-06-23,21,HUBZone set-aside,4,False,,True,9,True,9,True,10,False,,True,5,True,5,recent exact-NSN history,1,0,360.65999999999997,,120.22,2025-12-29,55.0,SPE4A426V0005,4U6M9,SPE4A726U0018.PDF p.8,0.8,9.0
SPE4AC26T0081,SPE4AC-26-T-0081,SPE4AC26T0081.PDF,2026-08-17,2026-08-24,26,HUBZone set-aside,2,False,,True,8,False,,True,8,False,,True,3,True,3,no procurement history in PDF - investigate DLA management price; line stays unpriced,1,0,,,,,,,,,,
SPE4AN26T0062,SPE4AN-26-T-0062,SPE4AN26T0062.PDF,2026-05-20,2026-05-27,19,HUBZone set-aside,2,False,,False,,True,8,True,8,False,,True,3,True,3,history older than 5 years - compare with DLA management price,1,0,12.06,,6.03,1991-01-18,34.0,DLA40091AB7090166,2P655,SPE4AN26T0062.PDF p.6,35.7,1.0
SPE4AN26T0077,SPE4AN-26-T-0077,SPE4AN26T0077.PDF,2026-08-14,2026-08-21,19,HUBZone set-aside,2,False,,True,8,True,7,False,,False,,False,,True,3,recent exact-NSN history,1,0,11340.0,,5670.0,2024-12-10,1.0,SPE4A625P8721,51283,SPE4AN26T0077.PDF p.6,1.8,3.0
SPE7L026T0300,SPE7L0-26-T-0300,SPE7L026T0300.PDF,2026-05-14,2026-05-26,24,HUBZone set-aside,2,False,,True,8,True,7,False,,True,8,True,3,True,3,no procurement history in PDF - investigate DLA management price; line stays unpriced,1,0,,,,,,,,,,
SPE7L026T0301,SPE7L0-26-T-0301,SPE7L026T0301.PDF,2026-05-14,2026-05-26,24,HUBZone set-aside,2,False,,True,8,True,7,False,,True,8,True,3,True,3,no procurement history in PDF - investigate DLA management price; line stays unpriced,1,0,,,,,,,,,,
SPE7L026T0306,SPE7L0-26-T-0306,SPE7L026T0306.PDF,2026-05-18,2026-05-28,20,HUBZone set-aside,2,False,,True,7,True,7,False,,True,8,True,3,True,3,no procurement history in PDF - investigate DLA management price; line stays unpriced,1,0,,,,,,,,,,
SPE7L026T0460,SPE7L0-26-T-0460,SPE7L026T0460.PDF,2026-09-16,2026-09-28,19,HUBZone set-aside,2,False,,False,,True,7,False,,True,8,False,,True,3,no procurement history in PDF - investigate DLA management price; line stays unpriced,1,0,,,,,,,,,,
SPE7L126Q1445,SPE7L126Q1445,SPE7L126Q1445.PDF,2026-08-05,2026-08-17,6,HUBZone set-aside,6,False,,True,2,True,2,False,,False,,False,,False,,no procurement history in PDF - investigate DLA management price; line stays unpriced,0,0,,no CLINs parsed,,,,,,,,
SPE7L126Q1464,SPE7L126Q1464,SPE7L126Q1464.PDF,2026-08-05,2026-08-19,18,Partial small business set-aside; HUBZone set-aside,8,False,,False,,False,,False,,True,4,False,,False,,no procurement history in PDF - investigate DLA management price; line stays unpriced,0,0,,no CLINs parsed,,,,,,,,
SPE7L126T01A7,SPE7L1-26-T-01A7,SPE7L126T01A7.PDF,2026-08-21,2026-08-31,19,HUBZone set-aside,2,False,,True,7,True,7,False,,True,8,False,,True,3,recent exact-NSN history,1,0,2430.0,,90.0,2022-01-27,72.0,SPE7L122V4169,5M721,SPE7L126T01A7.PDF p.6,4.7,9.0
SPE7L126T02F1,SPE7L1-26-T-02F1,SPE7L126T02F1.PDF,2026-08-26,2026-09-08,22,HUBZone set-aside,2,False,,True,7,False,,True,7,True,7,True,3,True,3,recent exact-NSN history,1,0,8500.0,,850.0,2026-01-15,1.0,SPE7L026V0693,61125,SPE7L126T02F1.PDF p.6,0.7,8.0
SPE7L126T03V1,SPE7L1-26-T-03V1,SPE7L126T03V1.PDF,2026-08-27,2026-09-08,18,HUBZone set-aside,2,False,,False,,False,,False,,False,,False,,True,3,history older than 5 years - compare with DLA management price,1,0,3572.0,,893.0,2015-04-15,7.0,SPE7L315V7426,T7652,SPE7L126T03V1.PDF p.6,11.5,4.0
SPE7L126T04N1,SPE7L1-26-T-04N1,SPE7L126T04N1.PDF,2026-08-28,2026-09-08,19,HUBZone set-aside,2,False,,True,8,True,7,True,8,True,7,False,,True,3,no procurement history in PDF - investigate DLA management price; line stays unpriced,1,0,,,,,,,,,,
SPE7L126T05K5,SPE7L1-26-T-05K5,SPE7L126T05K5.PDF,2026-09-01,2026-09-11,19,HUBZone set-aside,2,False,,True,7,False,,True,8,True,7,True,3,True,3,recent exact-NSN history,1,0,4291.49,,42.49,2025-07-29,98.0,SPE7L025V1931,0DEE1,SPE7L126T05K5.PDF p.6,1.2,7.0
SPE7L126T05M7,SPE7L1-26-T-05M7,SPE7L126T05M7.PDF,2026-09-01,2026-09-11,20,HUBZone set-aside,2,False,,True,7,True,7,True,8,True,8,False,,True,3,recent exact-NSN history,1,0,340.0,,68.0,2025-03-17,8.0,SPE7L325V3676P00001,0H2H1,SPE7L126T05M7.PDF p.6,1.5,3.0
SPE7L126T05Z7,SPE7L1-26-T-05Z7,SPE7L126T05Z7.PDF,2026-09-02,2026-09-14,19,HUBZone set-aside,2,False,,False,,True,7,False,,False,,False,,True,3,no procurement history in PDF - investigate DLA management price; line stays unpriced,1,0,,,,,,,,,,
SPE7L126T06B2,SPE7L1-26-T-06B2,SPE7L126T06B2.PDF,2026-09-02,2026-09-14,19,HUBZone set-aside,2,False,,False,,False,,False,,True,7,False,,True,3,no procurement history in PDF - investigate DLA management price; line stays unpriced,1,0,,,,,,,,,,
SPE7L126T07A2,SPE7L1-26-T-07A2,SPE7L126T07A2.PDF,2026-09-04,2026-09-14,19,HUBZone set-aside,2,False,,True,7,False,,True,7,True,7,False,,True,3,no procurement history in PDF - investigate DLA management price; line stays unpriced,1,0,,,,,,,,,,
SPE7L126T08W2,SPE7L1-26-T-08W2,SPE7L126T08W2.PDF,2026-09-10,2026-09-21,21,Total small business set-aside,2,True,3,True,9,True,8,True,9,False,,True,2,True,4,recent exact-NSN history,1,1,18850.0,,725.0,2024-11-14,26.0,SPE7L325P0952P00002,6ZSR8,SPE7L126T08W2.PDF p.6,1.9,2.0
SPE7L126T10Y9,SPE7L1-26-T-10Y9,SPE7L126T10Y9.PDF,2026-09-11,2026-09-21,20,HUBZone set-aside,2,False,,True,7,False,,False,,True,7,True,3,True,3,recent exact-NSN history,1,0,5384.599999999999,,283.4,2025-06-04,50.0,SPE7L125P6946,7BUL6,SPE7L126T10Y9.PDF p.6,1.3,5.0
SPE7L126T11K9,SPE7L1-26-T-11K9,SPE7L126T11K9.PDF,2026-09-14,2026-09-24,20,HUBZone set-aside,2,False,,True,8,True,7,False,,False,,True,3,True,3,history older than 5 years - compare with DLA management price,1,0,3000.0,,120.0,2021-08-17,8.0,SPE5E221V2938P00001,6K404,SPE7L126T11K9.PDF p.6,5.1,8.0
SPE7L126T11L1,SPE7L1-26-T-11L1,SPE7L126T11L1.PDF,2026-09-14,2026-09-24,20,Total small business set-aside,2,False,,True,7,True,7,True,8,True,7,False,,True,3,recent exact-NSN history,1,0,16320.0,,272.0,2026-08-27,3.0,SPE7L126V195Z,6K404,SPE7L126T11L1.PDF p.5,0.1,8.0
SPE7L126T11M5,SPE7L1-26-T-11M5,SPE7L126T11M5.PDF,2026-09-14,2026-09-24,22,Total small business set-aside,2,True,3,True,8,True,8,True,9,True,8,True,2,True,4,recent exact-NSN history,1,1,15598.63,,15598.63,2022-07-05,2.0,SPE7L722P2256P00001,1A424,SPE7L126T11M5.PDF p.6,4.2,1.0
SPE7L126T11Y6,SPE7L1-26-T-11Y6,SPE7L126T11Y6.PDF,2026-09-15,2026-09-25,19,HUBZone set-aside,2,False,,True,8,True,7,False,,True,7,False,,True,3,no procurement history in PDF - investigate DLA management price; line stays unpriced,1,0,,,,,,,,,,
SPE7L126T12P3,SPE7L1-26-T-12P3,SPE7L126T12P3.PDF,2026-09-16,2026-09-28,19,HUBZone set-aside,2,False,,True,7,True,7,False,,True,7,True,3,True,3,recent exact-NSN history,1,0,2939.0,,29.39,2024-06-29,100.0,SPE4A624FBWLK,1HEN9,SPE7L126T12P3.PDF p.6,2.3,5.0
SPE7L126T12Y5,SPE7L1-26-T-12Y5,SPE7L126T12Y5.PDF,2026-09-17,2026-09-28,19,HUBZone set-aside,2,False,,True,8,True,7,True,8,True,7,True,3,True,3,history older than 5 years - compare with DLA management price,1,0,212.68,,4.09,2020-01-16,186.0,SPE5EK20V1901,28548,SPE7L126T12Y5.PDF p.6,6.7,6.0
SPE7L126T14G2,SPE7L1-26-T-14G2,SPE7L126T14G2.PDF,2026-09-18,2026-09-28,19,HUBZone set-aside,2,False,,True,8,True,7,False,,True,7,False,,True,3,recent exact-NSN history,1,0,900.0,,18.0,2022-09-22,26.0,SPE7L322P6277,1N0P1,SPE7L126T14G2.PDF p.6,4.0,4.0
SPE7L126T14V5,SPE7L1-26-T-14V5,SPE7L126T14V5.PDF,2026-09-21,2026-10-01,19,HUBZone set-aside,2,False,,True,8,True,7,False,,True,8,False,,True,3,no procurement history in PDF - investigate DLA management price; line stays unpriced,1,0,,,,,,,,,,
SPE7L126T15G2,SPE7L1-26-T-15G2,SPE7L126T15G2.PDF,2026-09-22,2026-10-02,18,No set-aside clause found (check SF18 block),,False,,False,,False,,False,,False,,False,,True,3,recent exact-NSN history,1,0,25311.8,,1332.2,2024-11-12,19.0,SPE7M825V0296P00001,6PZL1,SPE7L126T15G2.PDF p.6,1.9,19.0
SPE7L126T16M9,SPE7L1-26-T-16M9,SPE7L126T16M9.PDF,2026-09-25,2026-10-05,19,HUBZone set-aside,2,False,,True,8,True,7,True,8,True,8,False,,True,3,recent exact-NSN history,1,0,6422.0,,26.0,2026-05-18,232.0,SPE7L126V7088P00001,34CZ9,SPE7L126T16M9.PDF p.6,0.4,4.0
SPE7L126T16Y7,SPE7L1-26-T-16Y7,SPE7L126T16Y7.PDF,2026-09-25,2026-10-05,19,HUBZone set-aside,2,False,,True,7,False,,True,8,True,7,False,,True,3,recent exact-NSN history,1,0,1904.0,,29.75,2024-08-27,71.0,SPE7L124P8872,3BTS1,SPE7L126T16Y7.PDF p.6,2.1,8.0
SPE7L126T17J0,SPE7L1-26-T-17J0,SPE7L126T17J0.PDF,2026-09-25,2026-10-05,19,Total small business set-aside,2,False,,True,8,True,7,True,8,True,8,False,,True,3,recent exact-NSN history,1,0,34250.0,,250.0,2026-07-01,23.0,SPE7L426V2008,9CZH4,SPE7L126T17J0.PDF p.5,0.2,20.0
SPE7L126T17V7,SPE7L1-26-T-17V7,SPE7L126T17V7.PDF,2026-09-28,2026-10-08,19,HUBZone set-aside,2,False,,True,7,True,7,False,,False,,True,3,True,3,recent exact-NSN history,1,0,1100.0,,1100.0,2025-12-18,1.0,SPE7L126V3602P00001,6K404,SPE7L126T17V7.PDF p.6,0.8,2.0
SPE7L126T17W1,SPE7L1-26-T-17W1,SPE7L126T17W1.PDF,2026-09-28,2026-10-08,18,HUBZone set-aside,2,False,,False,,False,,True,7,True,7,True,3,True,3,recent exact-NSN history,1,0,816.0,,816.0,2026-04-03,2.0,SPE7L126V7555P00001,6K404,SPE7L126T17W1.PDF p.6,0.5,3.0
SPE7L126T18W2,SPE7L1-26-T-18W2,SPE7L126T18W2.PDF,2026-09-30,2026-10-13,20,HUBZone set-aside,2,False,,True,8,True,7,False,,True,7,False,,True,3,no procurement history in PDF - investigate DLA management price; line stays unpriced,1,0,,,,,,,,,,
SPE7L126T19C5,SPE7L1-26-T-19C5,SPE7L126T19C5.PDF,2026-09-30,2026-10-13,19,HUBZone set-aside,2,False,,False,,False,,False,,False,,False,,True,3,recent exact-NSN history,1,0,58.0,,58.0,2026-08-12,5.0,SPE7L126V167C,1W810,SPE7L126T19C5.PDF p.6,0.1,4.0
SPE7L126T19E9,SPE7L1-26-T-19E9,SPE7L126T19E9.PDF,2026-09-30,2026-10-13,19,HUBZone set-aside,2,False,,True,8,True,7,True,8,True,7,True,3,True,3,no procurement history in PDF - investigate DLA management price; line stays unpriced,1,0,,,,,,,,,,
SPE7L126T19H9,SPE7L1-26-T-19H9,SPE7L126T19H9.PDF,2026-09-30,2026-10-13,20,HUBZone set-aside,2,False,,True,8,True,7,False,,True,7,False,,True,3,recent exact-NSN history,1,0,21845.98,,840.23,2024-12-11,1.0,SPE7L125V2330,7Z016,SPE7L126T19H9.PDF p.6,1.8,3.0
SPE7L126T19J4,SPE7L1-26-T-19J4,SPE7L126T19J4.PDF,2026-09-30,2026-10-13,19,HUBZone set-aside,2,False,,True,7,True,7,False,,True,7,False,,True,3,no procurement history in PDF - investigate DLA management price; line stays unpriced,1,0,,,,,,,,,,
SPE7L126T204U,SPE7L1-26-T-204U,SPE7L126T204U.PDF,2026-03-13,2026-03-23,25,HUBZone set-aside,2,False,,True,9,True,7,True,9,True,8,True,3,True,3,history older than 5 years - compare with DLA management price,1,0,14250.0,,2850.0,2019-05-22,5.0,SPE5EK19P1889P00001,4DEY3,SPE7L126T204U.PDF p.6,7.4,6.0
SPE7L126T266X,SPE7L1-26-T-266X,SPE7L126T266X.PDF,2026-03-30,2026-04-09,22,HUBZone set-aside,2,False,,False,,False,,True,7,True,7,True,3,True,3,recent exact-NSN history,1,0,1620.0,,810.0,2026-01-06,2.0,SPE7L126V4037,6K404,SPE7L126T266X.PDF p.6,0.7,2.0
SPE7L126T267V,SPE7L1-26-T-267V,SPE7L126T267V.PDF,2026-03-30,2026-04-09,23,HUBZone set-aside,2,False,,True,7,True,7,False,,False,,False,,True,3,history older than 5 years - compare with DLA management price,1,0,48.0,,48.0,2018-11-23,16.0,SPE5EK19V1191,7ZSF2,SPE7L126T267V.PDF p.6,7.9,3.0
SPE7L126T320E,SPE7L1-26-T-320E,SPE7L126T320E.PDF,2026-04-06,2026-04-16,23,HUBZone set-aside,2,False,,True,8,True,7,False,,True,8,False,,True,3,recent exact-NSN history,1,0,5252.77,,5252.77,2025-03-25,1.0,SPE7L025V1460P00001,646V6,SPE7L126T320E.PDF p.6,1.5,4.0
SPE7L126T333P,SPE7L1-26-T-333P,SPE7L126T333P.PDF,2026-04-10,2026-04-20,23,HUBZone set-aside,2,False,,False,,False,,False,,False,,False,,True,3,history older than 5 years - compare with DLA management price,1,0,300.0,,20.0,2017-02-23,18.0,SPE5E317V0476P00001,23480,SPE7L126T333P.PDF p.6,9.6,3.0
SPE7L126T340G,SPE7L1-26-T-340G,SPE7L126T340G.PDF,2026-04-10,2026-04-20,23,HUBZone set-aside,2,False,,True,7,True,7,False,,True,7,False,,True,3,recent exact-NSN history,1,0,2243.5,,64.1,2025-10-23,18.0,SPE7L126F0946,6F0K2,SPE7L126T340G.PDF p.6,0.9,18.0
SPE7L126T395A,SPE7L1-26-T-395A,SPE7L126T395A.PDF,2026-04-21,2026-05-01,23,HUBZone set-aside,2,False,,True,7,True,7,False,,True,8,True,3,True,3,history older than 5 years - compare with DLA management price,1,0,588.6,,29.43,2017-11-08,20.0,SPE7L018P0305P00001,1N0P1,SPE7L126T395A.PDF p.6,8.9,3.0
SPE7L126T401F,SPE7L1-26-T-401F,SPE7L126T401F.PDF,2026-04-22,2026-05-04,24,HUBZone set-aside,2,False,,True,7,True,7,False,,True,8,False,,True,3,recent exact-NSN history,1,0,3054.7,,277.7,2025-07-17,34.0,SPE7L125V072Z,7SK93,SPE7L126T401F.PDF p.6,1.2,13.0
SPE7L126T405P,SPE7L1-26-T-405P,SPE7L126T405P.PDF,2026-04-22,2026-05-04,23,HUBZone set-aside,2,False,,False,,False,,False,,True,7,False,,True,3,recent exact-NSN history,1,0,124.79,,124.79,2024-05-24,2.0,SPE4A624FBELKP00001,1HEN9,SPE7L126T405P.PDF p.6,2.4,10.0
SPE7L126T408G,SPE7L1-26-T-408G,SPE7L126T408G.PDF,2026-04-23,2026-05-04,24,HUBZone set-aside,2,False,,True,8,True,7,True,8,True,7,False,,True,3,recent exact-NSN history,1,0,26695.4,,1334.77,2026-02-26,23.0,SPE4A526FACKX,1HEN9,SPE7L126T408G.PDF p.6,0.6,8.0
SPE7L126T417H,SPE7L1-26-T-417H,SPE7L126T417H.PDF,2026-04-23,2026-05-04,24,HUBZone set-aside,2,False,,False,,True,7,False,,True,7,False,,True,3,no procurement history in PDF - investigate DLA management price; line stays unpriced,1,0,,,,,,,,,,
SPE7L126T420F,SPE7L1-26-T-420F,SPE7L126T420F.PDF,2026-04-24,2026-05-04,23,HUBZone set-aside,2,False,,True,7,True,7,True,8,True,7,False,,True,3,recent exact-NSN history,1,0,6156.599999999999,,99.3,2025-08-28,58.0,SPE7L125V164A,9LSA3,SPE7L126T420F.PDF p.6,1.1,20.0
SPE7L126T438V,SPE7L1-26-T-438V,SPE7L126T438V.PDF,2026-04-27,2026-05-07,27,HUBZone set-aside,2,False,,True,7,True,7,False,,True,8,True,3,True,3,recent exact-NSN history,1,0,10651.5,,1775.25,2024-11-15,6.0,SPE7L725P0475P00001,6ZSR8,SPE7L126T438V.PDF p.6,1.9,20.0
SPE7L126T511X,SPE7L1-26-T-511X,SPE7L126T511X.PDF,2026-05-08,2026-05-18,26,HUBZone set-aside,2,True,3,True,8,True,8,False,,True,8,True,3,True,4,recent exact-NSN history,1,1,7671.860000000001,,547.99,2025-01-07,32.0,SPE7L325P1924P00002,3WGD1,SPE7L126T511X.PDF p.7,1.7,17.0
SPE7L126T524D,SPE7L1-26-T-524D,SPE7L126T524D.PDF,2026-05-08,2026-05-18,23,HUBZone set-aside,2,False,,True,8,True,8,True,8,True,7,False,,True,3,no procurement history in PDF - investigate DLA management price; line stays unpriced,1,0,,,,,,,,,,
SPE7L126T536N,SPE7L1-26-T-536N,SPE7L126T536N.PDF,2026-05-12,2026-05-22,23,HUBZone set-aside,2,False,,True,8,True,7,False,,True,7,False,,True,3,no procurement history in PDF - investigate DLA management price; line stays unpriced,1,0,,,,,,,,,,
SPE7L126T564P,SPE7L1-26-T-564P,SPE7L126T564P.PDF,2026-05-18,2026-05-28,20,HUBZone set-aside,2,False,,True,7,True,7,False,,True,7,True,3,True,3,history older than 5 years - compare with DLA management price,1,0,4479.03,,4479.03,2013-03-01,1.0,SPM5EK13M2848,1VL99,SPE7L126T564P.PDF p.6,13.6,1.0
SPE7L126T610T,SPE7L1-26-T-610T,SPE7L126T610T.PDF,2026-05-27,2026-06-08,19,HUBZone set-aside,2,False,,True,7,True,7,True,8,True,7,True,3,True,3,no procurement history in PDF - investigate DLA management price; line stays unpriced,1,0,,,,,,,,,,
SPE7L126T628U,SPE7L1-26-T-628U,SPE7L126T628U.PDF,2026-05-29,2026-06-08,21,HUBZone set-aside,2,True,3,False,,False,,False,,False,,True,3,True,4,no procurement history in PDF - investigate DLA management price; line stays unpriced,1,1,,,,,,,,,,
SPE7L126T643J,SPE7L1-26-T-643J,SPE7L126T643J.PDF,2026-06-04,2026-06-15,20,HUBZone set-aside,2,False,,True,7,True,7,False,,True,8,False,,True,3,recent exact-NSN history,1,0,9441.8,,277.7,2025-07-17,34.0,SPE7L125V072Z,7SK93,SPE7L126T643J.PDF p.6,1.2,13.0
SPE7L126T671L,SPE7L1-26-T-671L,SPE7L126T671L.PDF,2026-06-05,2026-06-15,19,HUBZone set-aside,2,False,,True,7,True,7,True,8,True,8,True,3,True,3,recent exact-NSN history,1,0,1530.0,,170.0,2022-09-28,11.0,SPE7L322V217W,62WS2,SPE7L126T671L.PDF p.6,4.0,7.0
SPE7L126T696T,SPE7L1-26-T-696T,SPE7L126T696T.PDF,2026-06-12,2026-06-22,19,HUBZone set-aside,2,False,,True,8,True,7,False,,False,,False,,True,3,recent exact-NSN history,1,0,3961.44,,31.44,2025-10-16,50.0,SPE4A526FA64Q,1HEN9,SPE7L126T696T.PDF p.6,1.0,20.0
SPE7L126T700L,SPE7L1-26-T-700L,SPE7L126T700L.PDF,2026-06-12,2026-06-22,19,HUBZone set-aside,2,False,,True,7,True,7,True,8,True,7,False,,True,3,recent exact-NSN history,1,0,5555.62,,56.69,2023-11-29,110.0,SPE4A624FZ45V,1HEN9,SPE7L126T700L.PDF p.6,2.8,20.0
SPE7L126T733H,SPE7L1-26-T-733H,SPE7L126T733H.PDF,2026-06-22,2026-07-02,19,HUBZone set-aside,2,False,,False,,False,,True,7,True,7,False,,True,3,recent exact-NSN history,1,0,4168.32,,24.96,2026-03-26,31.0,SPE4A526FAPGB,1HEN9,SPE7L126T733H.PDF p.6,0.5,20.0
SPE7L126T746A,SPE7L1-26-T-746A,SPE7L126T746A.PDF,2026-06-22,2026-07-02,20,HUBZone set-aside,2,False,,True,7,True,7,True,8,True,7,False,,True,3,recent exact-NSN history,1,0,2252.8,,25.6,2026-02-19,88.0,SPE4A526FAXZ2,1HEN9,SPE7L126T746A.PDF p.6,0.6,8.0
SPE7L126T759P,SPE7L1-26-T-759P,SPE7L126T759P.PDF,2026-06-25,2026-07-06,18,HUBZone set-aside,2,False,,False,,False,,False,,False,,False,,True,3,history older than 5 years - compare with DLA management price,1,0,2679.0,,893.0,2015-04-15,7.0,SPE7L315V7426,T7652,SPE7L126T759P.PDF p.6,11.5,4.0
SPE7L126T766W,SPE7L1-26-T-766W,SPE7L126T766W.PDF,2026-06-26,2026-07-06,19,HUBZone set-aside,2,False,,True,7,True,7,False,,True,7,True,3,True,3,no procurement history in PDF - investigate DLA management price; line stays unpriced,1,0,,,,,,,,,,
SPE7L126T775V,SPE7L1-26-T-775V,SPE7L126T775V.PDF,2026-06-29,2026-07-09,20,HUBZone set-aside,2,False,,True,7,True,7,True,8,True,8,True,3,True,3,no procurement history in PDF - investigate DLA management price; line stays unpriced,1,0,,,,,,,,,,
SPE7L126T809C,SPE7L1-26-T-809C,SPE7L126T809C.PDF,2026-07-10,2026-07-20,22,HUBZone set-aside,2,True,3,True,8,True,8,True,10,True,8,True,3,True,4,recent exact-NSN history,1,1,7587.2699999999995,,4.59,2026-02-19,300.0,SPE4A526FAWK1P00001,1HEN9,SPE7L126T809C.PDF p.7,0.6,17.0
SPE7L126T817R,SPE7L1-26-T-817R,SPE7L126T817R.PDF,2026-07-10,2026-07-20,19,HUBZone set-aside,2,False,,False,,False,,False,,True,7,False,,True,3,recent exact-NSN history,1,0,3262.29,,88.17,2026-07-08,56.0,SPE7L426V1997,11MB9,SPE7L126T817R.PDF p.6,0.2,20.0
SPE7L126T862S,SPE7L1-26-T-862S,SPE7L126T862S.PDF,2026-07-23,2026-08-03,19,HUBZone set-aside,2,False,,False,,False,,False,,True,7,True,3,True,3,recent exact-NSN history,1,0,33.6,,33.6,2026-05-11,1.0,SPE7L126V9579P00001,6K404,SPE7L126T862S.PDF p.6,0.4,1.0
SPE7L126T907S,SPE7L1-26-T-907S,SPE7L126T907S.PDF,2026-08-04,2026-08-14,18,Total small business set-aside,2,False,,True,6,True,6,False,,True,7,False,,True,3,recent exact-NSN history,1,0,132149.85,,3775.71,2025-12-23,36.0,SPE7M126V4221P00001,11MB9,SPE7L126T907S.PDF p.5,0.8,3.0
SPE7L126T920P,SPE7L1-26-T-920P,SPE7L126T920P.PDF,2026-08-06,2026-08-17,20,HUBZone set-aside,2,False,,True,8,True,7,False,,True,8,True,3,True,3,history older than 5 years - compare with DLA management price,1,0,79.54,,39.77,2015-10-20,6.0,SPE5E716M0247,0DEE1,SPE7L126T920P.PDF p.6,10.9,2.0
SPE7L126T920W,SPE7L1-26-T-920W,SPE7L126T920W.PDF,2026-08-06,2026-08-17,20,HUBZone set-aside,2,False,,False,,False,,False,,False,,True,3,True,3,recent exact-NSN history,1,0,1863.14,,98.06,2026-05-14,17.0,SPE7L126P7008P00001,6K404,SPE7L126T920W.PDF p.6,0.4,8.0
SPE7L126T921C,SPE7L1-26-T-921C,SPE7L126T921C.PDF,2026-08-06,2026-08-17,19,HUBZone set-aside,2,False,,True,8,True,7,True,8,True,7,False,,True,3,recent exact-NSN history,1,0,302.58,,16.81,2026-05-08,33.0,SPE4A526FB20X,1HEN9,SPE7L126T921C.PDF p.6,0.4,13.0
SPE7L126T945M,SPE7L1-26-T-945M,SPE7L126T945M.PDF,2026-08-10,2026-08-20,19,HUBZone set-aside,2,False,,True,8,True,7,True,8,True,7,True,3,True,3,history older than 5 years - compare with DLA management price,1,0,4841.55,,537.95,2020-01-27,6.0,SPE5EK20V2044,62WS2,SPE7L126T945M.PDF p.6,6.7,11.0
SPE7L126T977W,SPE7L1-26-T-977W,SPE7L126T977W.PDF,2026-08-18,2026-08-28,19,HUBZone set-aside,2,False,,True,7,True,7,True,8,True,8,True,3,True,3,recent exact-NSN history,1,0,1530.0,,170.0,2022-09-28,11.0,SPE7L322V217W,62WS2,SPE7L126T977W.PDF p.6,4.0,7.0
SPE7L126T988B,SPE7L1-26-T-988B,SPE7L126T988B.PDF,2026-08-19,2026-08-31,20,HUBZone set-aside,2,False,,True,8,True,7,False,,True,8,True,3,True,3,history older than 5 years - compare with DLA management price,1,0,922.2,,92.22,2018-07-05,57.0,SPE7L318V8967P00001,6VTA5,SPE7L126T988B.PDF p.6,8.2,4.0
SPE7L126T9916,SPE7L1-26-T-9916,SPE7L126T9916.PDF,2026-01-14,2026-01-26,30,HUBZone set-aside,2,True,3,True,9,True,8,False,,False,,True,3,True,4,history older than 5 years - compare with DLA management price,1,1,7325.0,,1465.0,2017-06-04,5.0,SPE5EJ17P1633P00001,1DPK8,SPE7L126T9916.PDF p.7,9.3,1.0
SPE7L126T994T,SPE7L1-26-T-994T,SPE7L126T994T.PDF,2026-08-20,2026-08-31,19,HUBZone set-aside,2,False,,True,7,True,7,True,8,False,,True,3,True,3,recent exact-NSN history,1,0,1575.0,,225.0,2026-08-11,3.0,SPE7M126P9590,57094,SPE7L126T994T.PDF p.6,0.1,3.0
SPE7L126T996Z,SPE7L1-26-T-996Z,SPE7L126T996Z.PDF,2026-08-21,2026-08-31,23,HUBZone set-aside,2,False,,True,7,True,7,False,,False,,False,,True,3,recent exact-NSN history,3,0,1027.65,,0.51,2022-04-07,3616.0,SPE7L322V8023,34623,SPE7L126T996Z.PDF p.6,4.5,12.0
SPE7L326Q1013,SPE7L326Q1013,SPE7L326Q1013.PDF,2026-05-22,2026-06-05,21,Partial small business set-aside; HUBZone set-aside,12,False,,True,4,True,4,False,,False,,False,,True,2,no procurement history in PDF - investigate DLA management price; line stays unpriced,0,0,,no CLINs parsed,,,,,,,,
SPE7L326Q1276,SPE7L326Q1276,SPE7L326Q1276.PDF,2026-09-14,2026-09-28,10,Total small business set-aside; HUBZone set-aside,5,False,,False,,False,,False,,False,,False,,False,,no procurement history in PDF - investigate DLA management price; line stays unpriced,0,0,,no CLINs parsed,,,,,,,,
SPE7L326T094Z,SPE7L3-26-T-094Z,SPE7L326T094Z.PDF,2026-06-30,2026-07-10,18,HUBZone set-aside,2,True,3,False,,False,,False,,False,,True,3,True,4,no procurement history in PDF - investigate DLA management price; line stays unpriced,1,1,,,,,,,,,,
SPE7L326T114Z,SPE7L3-26-T-114Z,SPE7L326T114Z.PDF,2026-07-10,2026-07-20,22,HUBZone set-aside,2,True,8,True,8,True,7,True,8,True,7,True,3,True,3,no procurement history in PDF - investigate DLA management price; line stays unpriced,1,0,,,,,,,,,,
SPE7L326T144S,SPE7L3-26-T-144S,SPE7L326T144S.PDF,2026-08-03,2026-08-13,19,HUBZone set-aside,2,False,,True,7,False,,True,8,True,7,False,,True,3,no procurement history in PDF - investigate DLA management price; line stays unpriced,1,0,,,,,,,,,,
SPE7L326T147D,SPE7L3-26-T-147D,SPE7L326T147D.PDF,2026-08-05,2026-08-17,20,HUBZone set-aside,2,False,,True,7,True,7,False,,True,8,True,3,True,3,recent exact-NSN history,1,0,7617.51,,7617.51,2025-06-10,1.0,SPE7L125P7221P00001,1DA72,SPE7L326T147D.PDF p.6,1.3,1.0
SPE7L326T150D,SPE7L3-26-T-150D,SPE7L326T150D.PDF,2026-08-06,2026-08-17,21,HUBZone set-aside,2,False,,True,7,True,7,False,,True,8,True,3,True,3,recent exact-NSN history,1,0,6200.0,,775.0,2026-03-05,3.0,SPE7L126V6371,1F926,SPE7L326T150D.PDF p.6,0.6,6.0
SPE7L326T152K,SPE7L3-26-T-152K,SPE7L326T152K.PDF,2026-08-07,2026-08-17,19,HUBZone set-aside,2,False,,True,7,True,7,True,7,False,,True,3,True,3,recent exact-NSN history,1,0,3374.8,,337.48,2023-12-18,77.0,SPE7L324V2365,4R2Y5,SPE7L326T152K.PDF p.6,2.8,16.0
SPE7L326T154U,SPE7L3-26-T-154U,SPE7L326T154U.PDF,2026-08-07,2026-08-17,20,HUBZone set-aside,2,False,,True,8,True,7,False,,True,8,True,3,True,3,recent exact-NSN history,1,0,4409.099999999999,,489.9,2025-04-02,7.0,SPE7L325P3704,8UNV3,SPE7L326T154U.PDF p.6,1.5,6.0
SPE7L326T160T,SPE7L3-26-T-160T,SPE7L326T160T.PDF,2026-08-07,2026-08-17,20,HUBZone set-aside,2,False,,True,7,True,7,True,8,True,7,True,3,True,3,recent exact-NSN history,1,0,7000.0,,875.0,2026-06-17,4.0,SPE7L326P4215P00001,05RU8,SPE7L326T160T.PDF p.6,0.3,12.0
SPE7L326T167S,SPE7L3-26-T-167S,SPE7L326T167S.PDF,2026-08-07,2026-08-17,22,HUBZone set-aside,2,False,,True,7,True,7,True,9,True,8,True,3,True,3,no procurement history in PDF - investigate DLA management price; line stays unpriced,1,0,,,,,,,,,,
SPE7L326T192W,SPE7L3-26-T-192W,SPE7L326T192W.PDF,2026-08-21,2026-08-31,22,Total small business set-aside,2,False,,True,7,True,8,True,9,False,,True,2,True,3,recent exact-NSN history,1,0,49650.0,,8275.0,2025-12-11,3.0,SPE7L026V0438,1A004,SPE7L326T192W.PDF p.5,0.8,11.0
SPE7L326T202A,SPE7L3-26-T-202A,SPE7L326T202A.PDF,2026-08-24,2026-09-03,20,HUBZone set-aside,2,False,,True,7,True,7,False,,True,8,False,,True,3,recent exact-NSN history,1,0,3610.1,,277.7,2025-07-17,34.0,SPE7L125V072Z,7SK93,SPE7L326T202A.PDF p.6,1.2,13.0
SPE7L326T207G,SPE7L3-26-T-207G,SPE7L326T207G.PDF,2026-08-27,2026-09-08,20,HUBZone set-aside,2,False,,False,,False,,True,8,True,7,True,3,True,3,history older than 5 years - compare with DLA management price,1,0,810.0,,90.0,2016-10-03,20.0,SPE7L317P0056P00001,7FL29,SPE7L326T207G.PDF p.6,10.0,2.0
SPE7L326T227V,SPE7L3-26-T-227V,SPE7L326T227V.PDF,2026-09-08,2026-09-18,19,Total small business set-aside,2,False,,False,,False,,True,6,True,6,True,2,True,3,recent exact-NSN history,1,0,20400.0,,1200.0,2026-06-25,36.0,SPE7L326P4549,9RQJ0,SPE7L326T227V.PDF p.5,0.3,1.0
SPE7L326T237C,SPE7L3-26-T-237C,SPE7L326T237C.PDF,2026-09-11,2026-09-21,23,HUBZone set-aside,2,True,3,True,9,True,10,True,11,False,,True,3,True,4,history older than 5 years - compare with DLA management price,1,1,3668.5,,11.5,2009-02-11,276.0,SPM7L409M0737,32067,SPE7L326T237C.PDF p.7,17.6,5.0
SPE7L326T247Q,SPE7L3-26-T-247Q,SPE7L326T247Q.PDF,2026-09-11,2026-09-21,20,HUBZone set-aside,2,False,,True,7,True,7,False,,True,8,True,3,True,3,history older than 5 years - compare with DLA management price,1,0,7792.0,,487.0,2020-03-26,45.0,SPE7L320P3957P00001,33436,SPE7L326T247Q.PDF p.6,6.5,9.0
SPE7L326T250H,SPE7L3-26-T-250H,SPE7L326T250H.PDF,2026-09-14,2026-09-24,21,HUBZone set-aside,2,True,3,False,,False,,True,9,True,8,True,3,True,4,recent exact-NSN history,1,1,7200.0,,900.0,2025-03-31,9.0,SPE7L325P3527P00002,8RDE7,SPE7L326T250H.PDF p.7,1.5,2.0
SPE7L326T252M,SPE7L3-26-T-252M,SPE7L326T252M.PDF,2026-09-15,2026-09-25,19,HUBZone set-aside,2,False,,True,8,True,7,True,8,True,8,True,3,True,3,history older than 5 years - compare with DLA management price,1,0,493.91999999999996,,10.29,2011-05-31,437.0,SPM7LX09D9001YM5201,34623,SPE7L326T252M.PDF p.6,15.3,6.0
SPE7L326T254M,SPE7L3-26-T-254M,SPE7L326T254M.PDF,2026-09-16,2026-09-28,21,HUBZone set-aside,2,True,3,True,8,True,8,False,,True,8,True,3,True,4,recent exact-NSN history,1,1,33437.25,,530.75,2025-05-29,43.0,SPE7L325P4759,0JVY6,SPE7L326T254M.PDF p.7,1.3,4.0
SPE7L326T254Q,SPE7L3-26-T-254Q,SPE7L326T254Q.PDF,2026-09-16,2026-09-28,23,HUBZone set-aside,2,True,3,True,9,True,8,True,9,True,9,True,3,True,4,no procurement history in PDF - investigate DLA management price; line stays unpriced,1,1,,,,,,,,,,
SPE7L326T256E,SPE7L3-26-T-256E,SPE7L326T256E.PDF,2026-09-17,2026-09-28,19,HUBZone set-aside,2,False,,False,,True,7,False,,False,,True,3,True,3,no procurement history in PDF - investigate DLA management price; line stays unpriced,1,0,,,,,,,,,,
SPE7L326T257D,SPE7L3-26-T-257D,SPE7L326T257D.PDF,2026-09-17,2026-09-28,19,HUBZone set-aside,2,False,,False,,False,,False,,False,,True,3,True,3,history older than 5 years - compare with DLA management price,1,0,406.89,,45.21,2020-12-09,102.0,SPE7L321V2798,DP776,SPE7L326T257D.PDF p.6,5.8,20.0
SPE7L326T258P,SPE7L3-26-T-258P,SPE7L326T258P.PDF,2026-09-17,2026-09-28,19,HUBZone set-aside,2,False,,True,7,True,8,True,8,True,7,False,,True,3,recent exact-NSN history,1,0,1277.1,,29.7,2026-09-02,43.0,SPE7L326P5686,0GE52,SPE7L326T258P.PDF p.6,0.1,7.0
SPE7L326T282R,SPE7L3-26-T-282R,SPE7L326T282R.PDF,2026-09-25,2026-10-05,20,Total small business set-aside,2,True,3,True,7,True,7,False,,False,,True,2,True,4,recent exact-NSN history,1,1,28034.350000000002,,394.85,2026-05-27,211.0,SPE7L326P4061,0JVY6,SPE7L326T282R.PDF p.6,0.3,5.0
SPE7L326T290Q,SPE7L3-26-T-290Q,SPE7L326T290Q.PDF,2026-09-28,2026-10-08,21,HUBZone set-aside,2,False,,True,9,True,7,True,9,True,8,True,3,True,3,recent exact-NSN history,1,0,112056.0,,667.0,2025-02-26,253.0,SPE7L125F3887P00001,1CSL0,SPE7L326T290Q.PDF p.6,1.6,20.0
SPE7L326T4755,SPE7L3-26-T-4755,SPE7L326T4755.PDF,2026-01-21,2026-02-02,27,HUBZone set-aside,2,False,,False,,True,7,False,,False,,True,3,True,3,no procurement history in PDF - investigate DLA management price; line stays unpriced,1,0,,,,,,,,,,
SPE7L326T6345,SPE7L3-26-T-6345,SPE7L326T6345.PDF,2026-02-26,2026-03-09,26,HUBZone set-aside,2,False,,True,8,True,7,True,8,True,8,True,3,True,3,recent exact-NSN history,1,0,425.0,,425.0,2025-08-12,30.0,SPE7L325P6244,51819,SPE7L326T6345.PDF p.6,1.1,4.0
SPE7L326T9247,SPE7L3-26-T-9247,SPE7L326T9247.PDF,2026-04-28,2026-05-08,22,HUBZone set-aside,2,False,,False,,False,,False,,False,,False,,True,3,no procurement history in PDF - investigate DLA management price; line stays unpriced,1,0,,,,,,,,,,
SPE7L326T9995,SPE7L3-26-T-9995,SPE7L326T9995.PDF,2026-05-08,2026-05-18,24,HUBZone set-aside,2,False,,True,8,True,7,False,,True,7,True,3,True,3,history older than 5 years - compare with DLA management price,1,0,2946.44,,173.32,2021-02-19,18.0,SPE7L321V4554,00642,SPE7L326T9995.PDF p.6,5.6,3.0
SPE7L426T2972,SPE7L4-26-T-2972,SPE7L426T2972.PDF,2026-03-10,2026-03-20,27,HUBZone set-aside,2,True,3,True,8,True,8,True,9,True,9,True,3,True,4,recent exact-NSN history,1,1,6591.0,,131.82,2025-09-04,54.0,SPE7L325P6631,75Q65,SPE7L426T2972.PDF p.7,1.1,5.0
SPE7L426T3239,SPE7L4-26-T-3239,SPE7L426T3239.PDF,2026-03-23,2026-04-02,25,HUBZone set-aside,2,True,3,True,9,True,8,True,9,True,8,True,3,True,4,history older than 5 years - compare with DLA management price,1,1,3870.0,,645.0,2021-05-28,20.0,SPE7L221P0514,2Y126,SPE7L426T3239.PDF p.7,5.3,1.0
SPE7L426T4025,SPE7L4-26-T-4025,SPE7L426T4025.PDF,2026-04-24,2026-05-04,24,HUBZone set-aside,2,False,,False,,True,7,True,8,True,7,True,3,True,3,no procurement history in PDF - investigate DLA management price; line stays unpriced,1,0,,,,,,,,,,
SPE7L426T4469,SPE7L4-26-T-4469,SPE7L426T4469.PDF,2026-05-12,2026-05-22,23,HUBZone set-aside,2,False,,True,7,True,7,True,8,True,7,True,3,True,3,recent exact-NSN history,1,0,8260.0,,7.0,2025-05-09,963.0,SPE7L125P5905P00002,9ZQV3,SPE7L426T4469.PDF p.6,1.4,18.0
SPE7L426T4915,SPE7L4-26-T-4915,SPE7L426T4915.PDF,2026-06-05,2026-06-15,21,HUBZone set-aside,2,True,3,False,,False,,False,,True,8,True,3,True,4,recent exact-NSN history,1,1,6660.0,,90.0,2026-01-27,51.0,SPE7L526P0953,3RRM7,SPE7L426T4915.PDF p.7,0.7,12.0
SPE7L426T4984,SPE7L4-26-T-4984,SPE7L426T4984.PDF,2026-06-05,2026-06-15,19,HUBZone set-aside,2,False,,False,,True,7,False,,False,,False,,True,3,no procurement history in PDF - investigate DLA management price; line stays unpriced,1,0,,,,,,,,,,
SPE7L426T6402,SPE7L4-26-T-6402,SPE7L426T6402.PDF,2026-08-20,2026-08-31,20,HUBZone set-aside,2,False,,True,8,True,7,False,,False,,True,3,True,3,recent exact-NSN history,1,0,12000.0,,2000.0,2025-10-03,7.0,SPE7L126P0493,2Y126,SPE7L426T6402.PDF p.6,1.0,14.0
SPE7L426T6629,SPE7L4-26-T-6629,SPE7L426T6629.PDF,2026-08-28,2026-09-08,21,HUBZone set-aside,2,False,,True,7,True,7,True,8,True,8,True,3,True,3,recent exact-NSN history,1,0,28119.19,,2556.29,2026-03-10,17.0,SPE7L426V0916P00002,9B7H3,SPE7L426T6629.PDF p.6,0.6,10.0
SPE7L426T6658,SPE7L4-26-T-6658,SPE7L426T6658.PDF,2026-08-31,2026-09-10,21,HUBZone set-aside,2,False,,True,7,True,7,False,,False,,True,3,True,3,history older than 5 years - compare with DLA management price,1,0,225.16,,225.16,2005-11-03,6.0,SPM7L106V0474,50888,SPE7L426T6658.PDF p.6,20.9,2.0
SPE7L426T6955,SPE7L4-26-T-6955,SPE7L426T6955.PDF,2026-09-16,2026-09-28,20,HUBZone set-aside,2,False,,True,7,True,7,True,8,True,7,True,3,True,3,history older than 5 years - compare with DLA management price,1,0,774.0,,258.0,2010-11-10,9.0,SPM7L411M0503,5HP95,SPE7L426T6955.PDF p.6,15.9,3.0
SPE7L426T7210,SPE7L4-26-T-7210,SPE7L426T7210.PDF,2026-09-25,2026-10-05,23,HUBZone set-aside,2,True,3,True,8,True,8,False,,False,,True,3,True,4,history older than 5 years - compare with DLA management price,1,1,9692.22,,1938.444,2016-06-16,5.0,SPE7L116M2328,6ZSR8,SPE7L426T7210.PDF p.6,10.3,7.0
SPE7L426T7243,SPE7L4-26-T-7243,SPE7L426T7243.PDF,2026-09-28,2026-10-08,19,HUBZone set-aside,2,False,,False,,False,,False,,True,7,True,3,True,3,recent exact-NSN history,1,0,6120.0,,340.0,2026-06-29,2.0,SPE7L226V0829,6RUH0,SPE7L426T7243.PDF p.6,0.3,10.0
SPE7L426T7255,SPE7L4-26-T-7255,SPE7L426T7255.PDF,2026-09-28,2026-10-08,18,HUBZone set-aside,2,False,,False,,False,,False,,False,,True,3,True,3,recent exact-NSN history,1,0,2851.96,,1425.98,2024-06-21,9.0,SPE7L424V1927,012M4,SPE7L426T7255.PDF p.6,2.3,2.0
SPE7L426T7259,SPE7L4-26-T-7259,SPE7L426T7259.PDF,2026-09-28,2026-10-08,21,HUBZone set-aside,2,False,,True,8,True,7,True,8,False,,True,3,True,3,recent exact-NSN history,1,0,6162.0,,1027.0,2026-07-29,6.0,SPE7L426V2081,3T8J4,SPE7L426T7259.PDF p.6,0.2,8.0
SPE7L426T7273,SPE7L4-26-T-7273,SPE7L426T7273.PDF,2026-09-29,2026-10-09,22,HUBZone set-aside,2,True,3,True,9,True,8,True,9,True,8,True,3,True,4,history older than 5 years - compare with DLA management price,1,1,3870.0,,645.0,2021-05-28,20.0,SPE7L221P0514,2Y126,SPE7L426T7273.PDF p.7,5.3,1.0
SPE7L526T2133,SPE7L5-26-T-2133,SPE7L526T2133.PDF,2026-02-20,2026-03-02,23,HUBZone set-aside,2,False,,True,7,True,7,False,,True,7,False,,True,3,no procurement history in PDF - investigate DLA management price; line stays unpriced,1,0,,,,,,,,,,
SPE7L526T2335,SPE7L5-26-T-2335,SPE7L526T2335.PDF,2026-03-10,2026-03-20,24,HUBZone set-aside,2,False,,True,8,True,7,False,,True,7,False,,True,3,recent exact-NSN history,1,0,19393.800000000003,,646.46,2022-02-04,5.0,SPE7L122V4478,75Q65,SPE7L526T2335.PDF p.6,4.7,1.0
SPE7L526T3902,SPE7L5-26-T-3902,SPE7L526T3902.PDF,2026-06-05,2026-06-15,19,Total small business set-aside,2,False,,True,7,True,7,False,,False,,True,2,True,3,recent exact-NSN history,1,0,45598.799999999996,,701.52,2026-05-21,73.0,SPE7L326V3294,4EZD2,SPE7L526T3902.PDF p.5,0.4,20.0
SPE7L526T4284,SPE7L5-26-T-4284,SPE7L526T4284.PDF,2026-07-07,2026-07-17,19,HUBZone set-aside,2,False,,True,8,True,7,True,8,True,8,True,3,True,3,recent exact-NSN history,1,0,1800.0,,200.0,2024-06-13,1.0,SPE4A524P7325,55345,SPE7L526T4284.PDF p.6,2.3,2.0
SPE7L526T5200,SPE7L5-26-T-5200,SPE7L526T5200.PDF,2026-08-27,2026-09-08,22,HUBZone set-aside,2,True,3,True,9,True,8,False,,True,8,True,3,True,4,no procurement history in PDF - investigate DLA management price; line stays unpriced,1,1,,,,,,,,,,
SPE7L526T5302,SPE7L5-26-T-5302,SPE7L526T5302.PDF,2026-09-04,2026-09-14,25,HUBZone set-aside,2,False,,True,9,True,9,True,10,True,9,True,3,True,3,recent exact-NSN history,2,0,191528.0,,269.0,2025-11-14,615.0,SPE7L026F0887P00001,7R6A0,SPE7L526T5302.PDF p.7,0.9,20.0
SPE7L726Q2063,SPE7L726Q2063,SPE7L726Q2063.PDF,2026-07-23,2026-08-03,28,Partial small business set-aside; HUBZone set-aside,14,False,,True,4,True,3,False,,True,4,False,,False,,no procurement history in PDF - investigate DLA management price; line stays unpriced,0,0,,no CLINs parsed,,,,,,,,
SPE7L726Q2311,SPE7L726Q2311,SPE7L726Q2311.PDF,2026-08-27,2026-09-07,19,Partial small business set-aside; HUBZone set-aside,8,False,,False,,True,2,False,,True,2,False,,False,,no procurement history in PDF - investigate DLA management price; line stays unpriced,0,0,,no CLINs parsed,,,,,,,,
SPE7L726T4100,SPE7L7-26-T-4100,SPE7L726T4100.PDF,2026-06-29,2026-07-09,19,HUBZone set-aside,2,False,,True,7,True,7,True,8,True,8,True,3,True,3,recent exact-NSN history,1,0,1704.0,,21.3,2024-09-16,77.0,SPE7L724P3486,4U6M9,SPE7L726T4100.PDF p.6,2.0,7.0
SPE7L726T4141,SPE7L7-26-T-4141,SPE7L726T4141.PDF,2026-07-02,2026-07-13,23,HUBZone set-aside,2,True,3,True,8,True,8,True,10,True,10,True,3,True,4,recent exact-NSN history,1,1,7140.0,,714.0,2025-10-03,7.0,SPE7L726P0020P00001,8Z0Z2,SPE7L726T4141.PDF p.7,1.0,6.0
SPE7L726T4313,SPE7L7-26-T-4313,SPE7L726T4313.PDF,2026-07-15,2026-07-27,19,HUBZone set-aside,2,False,,True,7,True,7,False,,True,8,True,3,True,3,recent exact-NSN history,1,0,2565.0,,256.5,2026-05-19,10.0,SPE7M126P6984P00001,16XK4,SPE7L726T4313.PDF p.6,0.4,4.0
SPE7L726T4670,SPE7L7-26-T-4670,SPE7L726T4670.PDF,2026-08-10,2026-08-20,23,HUBZone set-aside; SDVOSB set-aside,2,True,3,True,8,True,8,True,11,False,,True,3,True,4,history older than 5 years - compare with DLA management price,1,1,16544.16,,689.34,2020-12-10,39.0,SPE7L121P1220,64V18,SPE7L726T4670.PDF p.6,5.8,20.0
SPE7L726T4945,SPE7L7-26-T-4945,SPE7L726T4945.PDF,2026-08-26,2026-09-08,22,HUBZone set-aside,2,True,3,True,8,True,8,False,,False,,True,3,True,4,no procurement history in PDF - investigate DLA management price; line stays unpriced,1,1,,,,,,,,,,
SPE7L726T5099,SPE7L7-26-T-5099,SPE7L726T5099.PDF,2026-09-03,2026-09-14,22,HUBZone set-aside,2,True,3,True,9,True,8,False,,True,9,True,3,True,4,history older than 5 years - compare with DLA management price,1,1,0.06,,0.01,2013-06-21,0.0,W56HZV13P0383,11934,SPE7L726T5099.PDF p.7,13.3,1.0
SPE7L726T5209,SPE7L7-26-T-5209,SPE7L726T5209.PDF,2026-09-11,2026-09-21,20,HUBZone set-aside,2,False,,True,7,False,,False,,False,,True,3,True,3,recent exact-NSN history,1,0,6100.0,,1525.0,2022-08-10,2.0,SPE7L422P3026,7VNH4,SPE7L726T5209.PDF p.6,4.1,6.0
SPE7L726T5256,SPE7L7-26-T-5256,SPE7L726T5256.PDF,2026-09-15,2026-09-25,23,HUBZone set-aside,2,True,3,True,8,True,8,True,11,True,10,True,3,True,4,recent exact-NSN history,1,1,6375.0,,85.0,2025-04-04,169.0,SPE7L725P1972P00002,8Z0Z2,SPE7L726T5256.PDF p.7,1.5,14.0
SPE7L726T5514,SPE7L7-26-T-5514,SPE7L726T5514.PDF,2026-09-28,2026-10-08,21,HUBZone set-aside,2,False,,True,8,True,9,True,9,False,,True,3,True,3,history older than 5 years - compare with DLA management price,1,0,1300.0,,1300.0,2017-08-23,6.0,SPE7L217P0980,1YDC9,SPE7L726T5514.PDF p.6,9.1,4.0
SPE7LX26U002T,SPE7LX-26-U-002T,SPE7LX26U002T.PDF,2026-09-14,2026-09-28,20,HUBZone set-aside,4,False,,True,9,True,9,True,10,True,10,False,,True,5,recent exact-NSN history,1,0,12459.97,,98.11,2026-09-10,43.0,SPE7L126F183Z,0NJT4,SPE7LX26U002T.PDF p.8,0.1,10.0
SPE7LX26U007R,SPE7LX-26-U-007R,SPE7LX26U007R.PDF,2026-09-23,2026-10-07,20,HUBZone set-aside; SDVOSB set-aside,4,False,,True,9,True,9,False,,True,10,False,,True,5,recent exact-NSN history,1,0,4480.0,,320.0,2026-05-13,6.0,SPE7L126V9135,8FM04,SPE7LX26U007R.PDF p.8,0.4,3.0
SPE7LX26U011D,SPE7LX-26-U-011D,SPE7LX26U011D.PDF,2026-09-30,2026-10-14,22,Total small business set-aside,4,False,,True,9,True,9,False,,True,9,False,,True,5,recent exact-NSN history,1,0,499.38,,11.89,2025-04-16,83.0,SPE7L125V7713,7YWT4,SPE7LX26U011D.PDF p.8,1.5,4.0
SPE7M026Q0855,SPE7M026Q0855,SPE7M026Q0855.PDF,2026-06-02,2026-06-16,13,Total small business set-aside; HUBZone set-aside,6,True,6,True,9,True,8,True,9,False,,False,,False,,no procurement history in PDF - investigate DLA management price; line stays unpriced,0,0,,no CLINs parsed,,,,,,,,
SPE7M026Q1221,SPE7M026Q1221,SPE7M026Q1221.PDF,2026-08-19,2026-08-26,18,Partial small business set-aside; HUBZone set-aside,8,False,,True,3,True,3,False,,True,3,False,,False,,no procurement history in PDF - investigate DLA management price; line stays unpriced,0,0,,no CLINs parsed,,,,,,,,
SPE7M026Q1238,SPE7M026Q1238,SPE7M026Q1238.PDF,2026-08-25,2026-09-08,24,Partial small business set-aside; HUBZone set-aside,11,False,,False,,False,,False,,False,,False,,False,,no procurement history in PDF - investigate DLA management price; line stays unpriced,0,0,,no CLINs parsed,,,,,,,,
SPE7M026T031T,SPE7M0-26-T-031T,SPE7M026T031T.PDF,2026-08-06,2026-08-17,21,HUBZone set-aside,2,False,,True,7,True,7,True,8,False,,True,3,True,3,history older than 5 years - compare with DLA management price,2,0,29.76,,0.93,1983-05-23,10.0,F4260083C4011,8Z052,SPE7M026T031T.PDF p.6,43.4,1.0
SPE7M026T063A,SPE7M0-26-T-063A,SPE7M026T063A.PDF,2026-08-28,2026-09-08,19,HUBZone set-aside,2,False,,True,8,True,7,False,,True,7,False,,True,3,no procurement history in PDF - investigate DLA management price; line stays unpriced,1,0,,,,,,,,,,
SPE7M026T074M,SPE7M0-26-T-074M,SPE7M026T074M.PDF,2026-09-08,2026-09-18,20,HUBZone set-aside,2,False,,False,,False,,False,,False,,False,,True,3,recent exact-NSN history,1,0,13500.0,,13500.0,2025-12-05,2.0,SPE7M026P0876P00001,1Q494,SPE7M026T074M.PDF p.6,0.8,3.0
SPE7M026T095W,SPE7M0-26-T-095W,SPE7M026T095W.PDF,2026-09-23,2026-10-05,19,HUBZone set-aside,2,False,,True,7,False,,False,,False,,False,,True,3,recent exact-NSN history,1,0,1559.17,,1559.17,2026-04-16,2.0,SPE7M126V8194,895S5,SPE7M026T095W.PDF p.6,0.5,5.0
SPE7M026T103A,SPE7M0-26-T-103A,SPE7M026T103A.PDF,2026-09-29,2026-10-09,19,HUBZone set-aside,2,False,,False,,False,,False,,False,,False,,True,3,history older than 5 years - compare with DLA management price,1,0,411.76,,411.76,2018-07-26,6.0,SPE7M818P3203,5BSD6,SPE7M026T103A.PDF p.6,8.2,4.0
SPE7M026T6027,SPE7M0-26-T-6027,SPE7M026T6027.PDF,2026-03-20,2026-03-30,23,HUBZone set-aside,2,False,,False,,True,7,False,,True,8,False,,True,3,no procurement history in PDF - investigate DLA management price; line stays unpriced,1,0,,,,,,,,,,
SPE7M026T6803,SPE7M0-26-T-6803,SPE7M026T6803.PDF,2026-04-13,2026-04-23,23,HUBZone set-aside,2,False,,True,7,False,,True,7,False,,True,3,True,3,history older than 5 years - compare with DLA management price,1,0,1232.0,,1232.0,2003-09-30,12.0,SP043003W3922,58475,SPE7M026T6803.PDF p.6,23.0,1.0
SPE7M026T7262,SPE7M0-26-T-7262,SPE7M026T7262.PDF,2026-04-24,2026-05-04,25,HUBZone set-aside,2,True,3,True,8,True,8,False,,False,,True,3,True,4,recent exact-NSN history,1,1,3459.42,,384.38,2023-03-15,10.0,SPE7M823P1388,7K6J5,SPE7M026T7262.PDF p.7,3.5,19.0
SPE7M026T7338,SPE7M0-26-T-7338,SPE7M026T7338.PDF,2026-04-27,2026-05-07,25,HUBZone set-aside,2,True,3,True,8,True,8,False,,False,,True,3,True,4,recent exact-NSN history,1,1,1537.52,,384.38,2023-03-15,10.0,SPE7M823P1388,7K6J5,SPE7M026T7338.PDF p.7,3.5,19.0
SPE7M026T7442,SPE7M0-26-T-7442,SPE7M026T7442.PDF,2026-04-28,2026-05-08,24,Total small business set-aside,2,True,3,True,7,True,7,False,,False,,True,2,True,3,recent exact-NSN history,1,1,32672.3,,384.38,2023-03-15,10.0,SPE7M823P1388,7K6J5,SPE7M026T7442.PDF p.6,3.5,19.0
SPE7M026T9763,SPE7M0-26-T-9763,SPE7M026T9763.PDF,2026-07-01,2026-07-13,20,HUBZone set-aside,2,True,3,False,,False,,True,8,False,,True,3,True,4,history older than 5 years - compare with DLA management price,1,1,3495.0,,3495.0,2016-02-02,3.0,SPE7M016M1624,92772,SPE7M026T9763.PDF p.6,10.7,7.0
SPE7M026T9937,SPE7M0-26-T-9937,SPE7M026T9937.PDF,2026-07-08,2026-07-20,19,HUBZone set-aside,2,False,,True,7,False,,True,7,True,7,False,,True,3,recent exact-NSN history,1,0,1628.0,,1628.0,2026-06-16,1.0,SPE7M026P3397,92772,SPE7M026T9937.PDF p.6,0.3,3.0
SPE7M126Q1035,SPE7M126Q1035,SPE7M126Q1035.PDF,2026-07-09,2026-07-23,15,Total small business set-aside; HUBZone set-aside,6,True,5,True,8,True,7,True,8,False,,False,,False,,no procurement history in PDF - investigate DLA management price; line stays unpriced,0,0,,no CLINs parsed,,,,,,,,
SPE7M126Q1235,SPE7M126Q1235,SPE7M126Q1235.PDF,2026-07-10,2026-08-10,14,HUBZone set-aside,14,True,2,True,10,True,9,True,10,True,10,False,,False,,no procurement history in PDF - investigate DLA management price; line stays unpriced,0,0,,no CLINs parsed,,,,,,,,
SPE7M126Q1465,SPE7M126Q1465,SPE7M126Q1465.PDF,2026-09-04,2026-09-18,12,Total small business set-aside; HUBZone set-aside,5,False,,True,7,True,7,False,,True,7,True,4,False,,no procurement history in PDF - investigate DLA management price; line stays unpriced,0,0,,no CLINs parsed,,,,,,,,
SPE7M126T021S,SPE7M1-26-T-021S,SPE7M126T021S.PDF,2026-05-01,2026-05-11,23,HUBZone set-aside,2,False,,False,,False,,True,7,True,7,True,3,True,3,history older than 5 years - compare with DLA management price,1,0,15600.0,,1200.0,2017-05-22,6.0,SPE7M917P1977,0HBH8,SPE7M126T021S.PDF p.6,9.4,2.0
SPE7M126T056D,SPE7M1-26-T-056D,SPE7M126T056D.PDF,2026-05-08,2026-05-18,23,HUBZone set-aside,2,False,,True,7,True,7,True,8,True,7,True,3,True,3,history older than 5 years - compare with DLA management price,1,0,137953.4,,6897.67,2014-06-11,3.0,SPE7MC14M7442,1N0P1,SPE7M126T056D.PDF p.6,12.3,2.0
SPE7M126T063J,SPE7M1-26-T-063J,SPE7M126T063J.PDF,2026-05-13,2026-05-26,24,HUBZone set-aside,2,True,3,False,,False,,False,,False,,True,3,True,4,history older than 5 years - compare with DLA management price,1,1,892.0,,892.0,2021-04-14,2.0,SPE7M821P2031,58985,SPE7M126T063J.PDF p.7,5.5,7.0
SPE7M126T125G,SPE7M1-26-T-125G,SPE7M126T125G.PDF,2026-06-05,2026-06-15,20,HUBZone set-aside,2,True,3,False,,False,,True,9,True,9,False,,True,4,recent exact-NSN history,1,1,2490.0,,1245.0,2024-09-26,6.0,SPE7M124PA743,92772,SPE7M126T125G.PDF p.7,2.0,9.0
SPE7M126T142H,SPE7M1-26-T-142H,SPE7M126T142H.PDF,2026-06-12,2026-06-22,19,HUBZone set-aside,2,False,,True,7,True,7,False,,True,7,False,,True,3,no procurement history in PDF - investigate DLA management price; line stays unpriced,1,0,,,,,,,,,,
SPE7M126T204J,SPE7M1-26-T-204J,SPE7M126T204J.PDF,2026-07-10,2026-07-20,18,HUBZone set-aside,2,False,,False,,False,,False,,False,,True,3,True,3,recent exact-NSN history,1,0,33000.0,,33000.0,2026-02-11,6.0,SPE7M126V6043P00001,84027,SPE7M126T204J.PDF p.6,0.6,16.0
SPE7M126T231N,SPE7M1-26-T-231N,SPE7M126T231N.PDF,2026-07-24,2026-08-03,23,HUBZone set-aside,2,True,3,True,8,True,8,True,9,True,8,True,3,True,4,history older than 5 years - compare with DLA management price,1,1,2745.5,,2745.5,2015-02-03,1.0,SPE7M915M1532,67291,SPE7M126T231N.PDF p.6,11.7,5.0
SPE7M126T285V,SPE7M1-26-T-285V,SPE7M126T285V.PDF,2026-08-18,2026-08-28,19,HUBZone set-aside,2,False,,True,7,True,7,False,,True,7,False,,True,3,no procurement history in PDF - investigate DLA management price; line stays unpriced,1,0,,,,,,,,,,
SPE7M126T289E,SPE7M1-26-T-289E,SPE7M126T289E.PDF,2026-08-19,2026-08-31,23,HUBZone set-aside; SDVOSB set-aside,2,False,,True,7,True,8,True,8,False,,True,3,True,3,recent exact-NSN history,1,0,93213.75,,1391.25,2026-06-23,15.0,SPE7M326V3265,7BUL6,SPE7M126T289E.PDF p.6,0.3,20.0
SPE7M126T296A,SPE7M1-26-T-296A,SPE7M126T296A.PDF,2026-08-21,2026-08-31,18,HUBZone set-aside,2,False,,False,,False,,False,,False,,False,,True,3,recent exact-NSN history,1,0,13500.0,,2700.0,2025-11-07,4.0,SPE7M126P0740,51819,SPE7M126T296A.PDF p.6,0.9,4.0
SPE7M126T308L,SPE7M1-26-T-308L,SPE7M126T308L.PDF,2026-08-26,2026-09-08,21,HUBZone set-aside,2,False,,True,7,True,7,False,,True,7,False,,True,3,no procurement history in PDF - investigate DLA management price; line stays unpriced,2,0,,,,,,,,,,
SPE7M126T316C,SPE7M1-26-T-316C,SPE7M126T316C.PDF,2026-08-28,2026-09-08,19,HUBZone set-aside,2,False,,True,7,True,7,False,,False,,False,,True,3,recent exact-NSN history,1,0,12000.0,,375.0,2025-09-18,39.0,SPE7M125PB087P00001,6ZSR8,SPE7M126T316C.PDF p.6,1.0,6.0
SPE7M126T324G,SPE7M1-26-T-324G,SPE7M126T324G.PDF,2026-09-02,2026-09-14,20,HUBZone set-aside,2,False,,True,7,True,8,True,8,True,7,False,,True,3,no procurement history in PDF - investigate DLA management price; line stays unpriced,1,0,,,,,,,,,,
SPE7M126T325G,SPE7M1-26-T-325G,SPE7M126T325G.PDF,2026-09-02,2026-09-14,20,Total small business set-aside,2,False,,False,,False,,False,,True,7,False,,True,3,recent exact-NSN history,1,0,31185.0,,5197.5,2025-09-29,2.0,SPE7M125V9886P00001,7BUL6,SPE7M126T325G.PDF p.5,1.0,20.0
SPE7M126T325T,SPE7M1-26-T-325T,SPE7M126T325T.PDF,2026-09-03,2026-09-14,28,HUBZone set-aside,2,True,3,True,8,True,8,True,9,True,8,True,3,True,4,recent exact-NSN history,1,1,10237.5,,10237.5,2026-08-19,7.0,SPE7L326P5497,7BUL6,SPE7M126T325T.PDF p.6,0.1,11.0
SPE7M126T346D,SPE7M1-26-T-346D,SPE7M126T346D.PDF,2026-09-11,2026-09-21,19,HUBZone set-aside,2,False,,True,7,True,7,False,,False,,False,,True,3,recent exact-NSN history,1,0,9663.0,,3221.0,2026-05-05,1.0,SPE7M026P2724,0HS46,SPE7M126T346D.PDF p.6,0.4,3.0
SPE7M126T351C,SPE7M1-26-T-351C,SPE7M126T351C.PDF,2026-09-14,2026-09-24,20,HUBZone set-aside,2,False,,True,7,True,8,True,8,True,7,False,,True,3,no procurement history in PDF - investigate DLA management price; line stays unpriced,1,0,,,,,,,,,,
SPE7M126T352B,SPE7M1-26-T-352B,SPE7M126T352B.PDF,2026-09-15,2026-09-25,21,HUBZone set-aside,2,False,,True,7,True,8,True,8,True,7,False,,True,3,recent exact-NSN history,1,0,9336.25,,9336.25,2026-09-03,1.0,SPE7M126V8182,00QR4,SPE7M126T352B.PDF p.6,0.1,3.0
SPE7M126T363A,SPE7M1-26-T-363A,SPE7M126T363A.PDF,2026-09-18,2026-09-28,19,HUBZone set-aside,2,False,,True,7,True,7,False,,True,7,False,,True,3,no procurement history in PDF - investigate DLA management price; line stays unpriced,1,0,,,,,,,,,,
SPE7M126T370P,SPE7M1-26-T-370P,SPE7M126T370P.PDF,2026-09-24,2026-10-05,25,Total small business set-aside,2,False,,True,7,True,7,True,8,True,7,False,,True,3,recent exact-NSN history,1,0,29214.18,,3246.02,2024-07-18,17.0,SPE7M124P8646,56Z87,SPE7M126T370P.PDF p.5,2.2,8.0
SPE7M126T387D,SPE7M1-26-T-387D,SPE7M126T387D.PDF,2026-09-28,2026-10-08,19,HUBZone set-aside,2,False,,True,7,True,7,False,,True,7,False,,True,3,no procurement history in PDF - investigate DLA management price; line stays unpriced,1,0,,,,,,,,,,
SPE7M126T6561,SPE7M1-26-T-6561,SPE7M126T6561.PDF,2026-02-27,2026-03-09,28,Total small business set-aside,2,True,3,True,8,True,8,True,9,False,,True,2,True,4,recent exact-NSN history,1,1,27995.8,,6998.95,2021-11-29,2.0,SPE7M922P0062P00002,67291,SPE7M126T6561.PDF p.6,4.8,14.0
SPE7M126T8769,SPE7M1-26-T-8769,SPE7M126T8769.PDF,2026-04-08,2026-04-20,23,HUBZone set-aside,2,False,,False,,True,7,False,,False,,False,,True,3,no procurement history in PDF - investigate DLA management price; line stays unpriced,1,0,,,,,,,,,,
SPE7M126U6293,SPE7M1-26-U-6293,SPE7M126U6293.PDF,2026-09-22,2026-10-06,20,HUBZone set-aside; SDVOSB set-aside,4,False,,True,9,False,,False,,True,9,False,,True,5,recent exact-NSN history,1,0,63856.0,,614.0,2025-12-10,57.0,SPE7M126V3611,23371,SPE7M126U6293.PDF p.8,0.8,20.0
SPE7M126U6566,SPE7M1-26-U-6566,SPE7M126U6566.PDF,2026-09-22,2026-10-06,21,Total small business set-aside,4,False,,True,9,True,9,True,10,False,,True,4,True,5,recent exact-NSN history,1,0,9706.0,,422.0,2026-04-30,17.0,SPE7M126V8015,0JP67,SPE7M126U6566.PDF p.8,0.4,20.0
SPE7M126U6953,SPE7M1-26-U-6953,SPE7M126U6953.PDF,2026-09-30,2026-10-14,24,HUBZone set-aside; SDVOSB set-aside,4,False,,True,9,True,10,True,10,False,,True,5,True,5,recent exact-NSN history,1,0,18086.25,,1391.25,2026-06-23,15.0,SPE7M326V3265,7BUL6,SPE7M126U6953.PDF p.8,0.3,20.0
SPE7M126U6954,SPE7M1-26-U-6954,SPE7M126U6954.PDF,2026-09-30,2026-10-14,24,Total small business set-aside,4,False,,True,9,True,9,True,10,False,,True,4,True,5,recent exact-NSN history,1,0,63970.75,,2558.83,2026-03-26,28.0,SPE7M126P5280P00001,56Z87,SPE7M126U6954.PDF p.8,0.5,19.0
SPE7M226T2175,SPE7M2-26-T-2175,SPE7M226T2175.PDF,2026-01-22,2026-02-02,27,HUBZone set-aside,2,False,,True,7,True,7,True,8,True,7,False,,True,3,no procurement history in PDF - investigate DLA management price; line stays unpriced,1,0,,,,,,,,,,
SPE7M226T2959,SPE7M2-26-T-2959,SPE7M226T2959.PDF,2026-03-13,2026-03-23,23,HUBZone set-aside,2,False,,True,7,True,7,False,,True,7,False,,True,3,recent exact-NSN history,1,0,972.0,,324.0,2025-12-29,2.0,SPE7M226V1240,13774,SPE7M226T2959.PDF p.6,0.8,2.0
SPE7M226T3238,SPE7M2-26-T-3238,SPE7M226T3238.PDF,2026-03-27,2026-04-06,23,HUBZone set-aside,2,False,,True,8,True,7,True,8,False,,True,3,True,3,history older than 5 years - compare with DLA management price,1,0,3542.0,,1771.0,2019-03-08,6.0,SPE7M219P1225,5V128,SPE7M226T3238.PDF p.6,7.6,6.0
SPE7M226T3365,SPE7M2-26-T-3365,SPE7M226T3365.PDF,2026-04-02,2026-04-13,23,HUBZone set-aside,2,False,,True,8,True,7,False,,True,7,False,,True,3,recent exact-NSN history,1,0,39930.0,,7986.0,2025-12-12,2.0,SPE7M226V1067,7EWN8,SPE7M226T3365.PDF p.6,0.8,2.0
SPE7M226T4245,SPE7M2-26-T-4245,SPE7M226T4245.PDF,2026-05-04,2026-05-14,22,Total small business set-aside,2,False,,False,,False,,False,,True,7,False,,True,3,recent exact-NSN history,1,0,23709.0,,3387.0,2026-03-04,8.0,SPE7M226P1828P00001,7DEX5,SPE7M226T4245.PDF p.5,0.6,4.0
SPE7M226T4450,SPE7M2-26-T-4450,SPE7M226T4450.PDF,2026-05-08,2026-05-18,23,HUBZone set-aside,2,False,,True,7,True,7,True,8,True,8,False,,True,3,recent exact-NSN history,1,0,5630.0,,5630.0,2025-07-01,2.0,SPE7M225P3402P00001,7EWN8,SPE7M226T4450.PDF p.6,1.2,1.0
SPE7M226T4655,SPE7M2-26-T-4655,SPE7M226T4655.PDF,2026-05-19,2026-05-29,18,HUBZone set-aside,2,False,,False,,False,,True,7,False,,False,,True,3,history older than 5 years - compare with DLA management price,1,0,51957.0,,207.0,2020-02-18,98.0,SPE7M220V0763,0BTU8,SPE7M226T4655.PDF p.6,6.6,6.0
SPE7M226T5582,SPE7M2-26-T-5582,SPE7M226T5582.PDF,2026-07-10,2026-07-20,19,HUBZone set-aside,2,False,,False,,False,,True,7,True,7,False,,True,3,recent exact-NSN history,1,0,2600.0,,260.0,2024-07-12,5.0,SPE7M224P4181,58985,SPE7M226T5582.PDF p.6,2.2,6.0
SPE7M226T6658,SPE7M2-26-T-6658,SPE7M226T6658.PDF,2026-09-04,2026-09-14,18,Total small business set-aside,2,False,,True,6,True,6,False,,False,,False,,True,3,recent exact-NSN history,1,0,17241.0,,5747.0,2025-05-16,4.0,SPE7M225V3053,0JP67,SPE7M226T6658.PDF p.5,1.4,2.0
SPE7M226T6718,SPE7M2-26-T-6718,SPE7M226T6718.PDF,2026-09-08,2026-09-18,19,HUBZone set-aside,2,False,,False,,True,7,True,8,True,7,False,,True,3,history older than 5 years - compare with DLA management price,1,0,235.17,,235.17,2005-08-09,2.0,SPM56005M1482,1HU38,SPE7M226T6718.PDF p.6,21.1,2.0
SPE7M226T6757,SPE7M2-26-T-6757,SPE7M226T6757.PDF,2026-09-10,2026-09-21,19,HUBZone set-aside,2,False,,True,7,True,7,False,,False,,False,,True,3,recent exact-NSN history,1,0,7826.0,,301.0,2026-03-26,30.0,SPE7M226V2574,57626,SPE7M226T6757.PDF p.6,0.5,4.0
SPE7M226T6767,SPE7M2-26-T-6767,SPE7M226T6767.PDF,2026-09-11,2026-09-21,19,HUBZone set-aside,2,False,,True,8,True,7,False,,False,,False,,True,3,history older than 5 years - compare with DLA management price,1,0,1554.0,,777.0,2021-02-24,2.0,SPE7M221P0790,5V128,SPE7M226T6767.PDF p.6,5.6,12.0
SPE7M226T6791,SPE7M2-26-T-6791,SPE7M226T6791.PDF,2026-09-11,2026-09-21,19,HUBZone set-aside,2,False,,False,,True,7,True,8,True,7,False,,True,3,history older than 5 years - compare with DLA management price,1,0,705.51,,235.17,2005-08-09,2.0,SPM56005M1482,1HU38,SPE7M226T6791.PDF p.6,21.1,2.0
SPE7M226T6794,SPE7M2-26-T-6794,SPE7M226T6794.PDF,2026-09-11,2026-09-21,20,HUBZone set-aside,2,False,,True,7,True,7,True,8,True,7,True,3,True,3,recent exact-NSN history,1,0,5940.0,,1980.0,2026-01-09,2.0,SPE7M226V1346,3T8J4,SPE7M226T6794.PDF p.6,0.7,17.0
SPE7M226T6844,SPE7M2-26-T-6844,SPE7M226T6844.PDF,2026-09-15,2026-09-25,19,HUBZone set-aside,2,False,,True,7,True,7,True,8,True,7,False,,True,3,recent exact-NSN history,1,0,862.0,,431.0,2024-02-29,2.0,SPE7M124P4155,0W778,SPE7M226T6844.PDF p.6,2.6,5.0
SPE7M226T6859,SPE7M2-26-T-6859,SPE7M226T6859.PDF,2026-09-15,2026-09-25,19,HUBZone set-aside,2,False,,True,8,True,7,False,,True,8,False,,True,3,recent exact-NSN history,1,0,2032.48,,1016.24,2023-09-07,1.0,SPE7M023V5822,2B195,SPE7M226T6859.PDF p.6,3.1,17.0
SPE7M226T6894,SPE7M2-26-T-6894,SPE7M226T6894.PDF,2026-09-18,2026-09-28,19,HUBZone set-aside,2,False,,False,,False,,False,,False,,False,,True,3,recent exact-NSN history,1,0,926.0,,926.0,2026-06-22,1.0,SPE7M226V4059,4VAS1,SPE7M226T6894.PDF p.6,0.3,7.0
SPE7M226T7017,SPE7M2-26-T-7017,SPE7M226T7017.PDF,2026-09-25,2026-10-05,19,HUBZone set-aside,2,False,,True,8,True,7,True,8,False,,False,,True,3,recent exact-NSN history,1,0,4802.1,,1600.7,2024-10-07,2.0,SPE4A625V0528P00001,646V6,SPE7M226T7017.PDF p.6,2.0,9.0
SPE7M226T7029,SPE7M2-26-T-7029,SPE7M226T7029.PDF,2026-09-25,2026-10-05,19,HUBZone set-aside,2,False,,True,7,True,7,False,,False,,False,,True,3,recent exact-NSN history,1,0,6680.52,,607.32,2024-04-22,4.0,SPE7M224V1410,4RF03,SPE7M226T7029.PDF p.6,2.4,11.0
SPE7M226T7070,SPE7M2-26-T-7070,SPE7M226T7070.PDF,2026-09-28,2026-10-08,19,HUBZone set-aside,2,False,,True,7,True,7,True,8,True,7,False,,True,3,recent exact-NSN history,1,0,75750.0,,25250.0,2025-09-17,2.0,SPE7M225P4294,5N582,SPE7M226T7070.PDF p.6,1.0,9.0
SPE7M326T3329,SPE7M3-26-T-3329,SPE7M326T3329.PDF,2026-02-23,2026-03-05,23,HUBZone set-aside,2,False,,True,7,True,7,False,,True,7,True,3,True,3,no procurement history in PDF - investigate DLA management price; line stays unpriced,1,0,,,,,,,,,,
SPE7M326T7151,SPE7M3-26-T-7151,SPE7M326T7151.PDF,2026-06-29,2026-07-09,19,HUBZone set-aside,2,False,,True,7,True,7,False,,True,7,False,,True,3,no procurement history in PDF - investigate DLA management price; line stays unpriced,1,0,,,,,,,,,,
SPE7M326T7152,SPE7M3-26-T-7152,SPE7M326T7152.PDF,2026-06-29,2026-07-09,19,HUBZone set-aside,2,False,,False,,True,7,False,,True,8,False,,True,3,no procurement history in PDF - investigate DLA management price; line stays unpriced,1,0,,,,,,,,,,
SPE7M326T7497,SPE7M3-26-T-7497,SPE7M326T7497.PDF,2026-07-16,2026-07-27,20,HUBZone set-aside,2,False,,False,,True,7,False,,True,7,False,,True,3,recent exact-NSN history,1,0,600.0,,600.0,2025-09-16,1.0,SPE7M025P5587,5W3A9,SPE7M326T7497.PDF p.6,1.0,1.0
SPE7M326T8352,SPE7M3-26-T-8352,SPE7M326T8352.PDF,2026-08-21,2026-08-31,19,HUBZone set-aside,2,False,,True,7,True,7,False,,True,8,False,,True,3,recent exact-NSN history,1,0,2979.4,,2979.4,2026-05-26,1.0,SPE7M126P7155,61125,SPE7M326T8352.PDF p.6,0.3,10.0
SPE7M326T8751,SPE7M3-26-T-8751,SPE7M326T8751.PDF,2026-09-01,2026-09-11,19,HUBZone set-aside,2,False,,True,7,True,7,False,,True,8,True,3,True,3,no procurement history in PDF - investigate DLA management price; line stays unpriced,1,0,,,,,,,,,,
SPE7M426Q0490,SPE7M426Q0490,SPE7M426Q0490.PDF,2026-03-05,2026-03-19,40,Partial small business set-aside; SDVOSB set-aside,22,True,2,True,4,True,4,True,5,True,5,False,,False,,no procurement history in PDF - investigate DLA management price; line stays unpriced,0,0,,no CLINs parsed,,,,,,,,
SPE7M426T161A,SPE7M4-26-T-161A,SPE7M426T161A.PDF,2026-06-05,2026-06-15,20,HUBZone set-aside,2,False,,True,8,False,,True,8,False,,False,,True,3,recent exact-NSN history,2,0,3841.6,,15.68,2026-05-08,26.0,SPE4A526FB00Q,1HEN9,SPE7M426T161A.PDF p.6,0.4,20.0
SPE7M426T185M,SPE7M4-26-T-185M,SPE7M426T185M.PDF,2026-06-16,2026-06-26,19,HUBZone set-aside,2,False,,True,7,True,7,True,8,True,7,True,3,True,3,no procurement history in PDF - investigate DLA management price; line stays unpriced,1,0,,,,,,,,,,
SPE7M426T315U,SPE7M4-26-T-315U,SPE7M426T315U.PDF,2026-08-07,2026-08-17,18,HUBZone set-aside,2,False,,False,,False,,False,,True,7,False,,True,3,recent exact-NSN history,1,0,14543.95,,2908.79,2026-03-30,4.0,SPE7L126P5530,8W9A9,SPE7M426T315U.PDF p.6,0.5,5.0
SPE7M426T346L,SPE7M4-26-T-346L,SPE7M426T346L.PDF,2026-08-18,2026-08-28,19,Total small business set-aside,2,False,,True,7,True,7,True,8,True,8,False,,True,3,recent exact-NSN history,1,0,198187.25,,4216.75,2026-06-18,37.0,SPE7M126P7999,3WGD1,SPE7M426T346L.PDF p.5,0.3,20.0
SPE7M426T385J,SPE7M4-26-T-385J,SPE7M426T385J.PDF,2026-09-10,2026-09-21,20,HUBZone set-aside,2,False,,True,7,True,7,True,8,False,,True,3,True,3,recent exact-NSN history,1,0,1082.9499999999998,,8.95,2026-05-20,61.0,SPE7L126P4603,97537,SPE7M426T385J.PDF p.6,0.4,13.0
SPE7M426T385N,SPE7M4-26-T-385N,SPE7M426T385N.PDF,2026-09-10,2026-09-21,19,HUBZone set-aside,2,False,,True,8,True,7,False,,False,,False,,True,3,history older than 5 years - compare with DLA management price,1,0,540.0,,54.0,2013-06-24,60.0,SPE7MC13V0622,6VRU8,SPE7M426T385N.PDF p.6,13.3,2.0
SPE7M426T395G,SPE7M4-26-T-395G,SPE7M426T395G.PDF,2026-09-11,2026-09-21,20,Total small business set-aside,2,False,,True,7,True,7,True,8,True,8,False,,True,3,recent exact-NSN history,1,0,17287.199999999997,,5762.4,2026-08-25,2.0,SPE7M126P8286,7H596,SPE7M426T395G.PDF p.6,0.1,18.0
SPE7M426T403Q,SPE7M4-26-T-403Q,SPE7M426T403Q.PDF,2026-09-11,2026-09-21,19,HUBZone set-aside,2,False,,True,8,True,7,False,,False,,False,,True,3,history older than 5 years - compare with DLA management price,1,0,108.0,,54.0,2013-06-24,60.0,SPE7MC13V0622,6VRU8,SPE7M426T403Q.PDF p.6,13.3,2.0
SPE7M426T450T,SPE7M4-26-T-450T,SPE7M426T450T.PDF,2026-09-28,2026-10-08,18,HUBZone set-aside,2,False,,False,,False,,False,,True,7,False,,True,3,no procurement history in PDF - investigate DLA management price; line stays unpriced,1,0,,,,,,,,,,
SPE7M426T8934,SPE7M4-26-T-8934,SPE7M426T8934.PDF,2026-03-31,2026-04-10,23,HUBZone set-aside,2,False,,True,7,True,7,True,8,True,7,True,3,True,3,no procurement history in PDF - investigate DLA management price; line stays unpriced,1,0,,,,,,,,,,
SPE7M426T9191,SPE7M4-26-T-9191,SPE7M426T9191.PDF,2026-04-02,2026-04-13,23,HUBZone set-aside,2,False,,True,7,True,7,False,,True,8,True,3,True,3,no procurement history in PDF - investigate DLA management price; line stays unpriced,1,0,,,,,,,,,,
SPE7M426T9831,SPE7M4-26-T-9831,SPE7M426T9831.PDF,2026-04-14,2026-04-24,23,HUBZone set-aside,2,False,,False,,True,7,True,8,True,7,False,,True,3,no procurement history in PDF - investigate DLA management price; line stays unpriced,1,0,,,,,,,,,,
SPE7M526Q0952,SPE7M526Q0952,SPE7M526Q0952.PDF,2026-08-31,2026-09-14,8,HUBZone set-aside,8,False,,True,2,True,2,False,,True,2,False,,False,,no procurement history in PDF - investigate DLA management price; line stays unpriced,0,0,,no CLINs parsed,,,,,,,,
SPE7M526T008Q,SPE7M5-26-T-008Q,SPE7M526T008Q.PDF,2026-04-02,2026-04-13,25,Total small business set-aside,2,True,3,True,8,True,7,True,8,False,,True,2,True,4,history older than 5 years - compare with DLA management price,1,1,30839.97,,4405.71,2021-07-16,21.0,SPE7M521F0190,15090,SPE7M526T008Q.PDF p.6,5.2,2.0
SPE7M526T105L,SPE7M5-26-T-105L,SPE7M526T105L.PDF,2026-05-01,2026-05-11,25,HUBZone set-aside,2,True,3,True,8,True,8,True,9,False,,True,3,True,4,history older than 5 years - compare with DLA management price,1,1,13146.96,,1095.58,2019-11-26,4.0,SPE7M520P1814,13499,SPE7M526T105L.PDF p.7,6.8,6.0
SPE7M526T114W,SPE7M5-26-T-114W,SPE7M526T114W.PDF,2026-05-05,2026-05-15,24,HUBZone set-aside,2,False,,True,7,True,7,True,8,False,,False,,True,3,recent exact-NSN history,1,0,8050.0,,575.0,2025-05-16,10.0,SPE7M525P4201,07A78,SPE7M526T114W.PDF p.6,1.4,20.0
SPE7M526T118T,SPE7M5-26-T-118T,SPE7M526T118T.PDF,2026-05-07,2026-05-18,25,HUBZone set-aside,2,True,3,True,8,True,8,True,9,True,8,True,3,True,4,recent exact-NSN history,1,1,29966.559999999998,,2305.12,2021-10-21,6.0,SPE7M522P0986P00001,5VEH9,SPE7M526T118T.PDF p.7,4.9,12.0
SPE7M526T153L,SPE7M5-26-T-153L,SPE7M526T153L.PDF,2026-05-11,2026-05-21,25,HUBZone set-aside,2,True,3,True,8,True,8,True,9,False,,True,3,True,4,history older than 5 years - compare with DLA management price,1,1,3286.74,,1095.58,2019-11-26,4.0,SPE7M520P1814,13499,SPE7M526T153L.PDF p.7,6.8,6.0
SPE7M526T195X,SPE7M5-26-T-195X,SPE7M526T195X.PDF,2026-05-22,2026-06-01,21,Total small business set-aside,2,True,3,True,8,True,8,True,9,True,8,True,2,True,3,recent exact-NSN history,1,1,22797.5,,455.95,2026-05-12,47.0,SPE7M526P3168,045F6,SPE7M526T195X.PDF p.6,0.4,20.0
SPE7M526T301T,SPE7M5-26-T-301T,SPE7M526T301T.PDF,2026-07-06,2026-07-16,19,Total small business set-aside,2,False,,True,7,True,7,False,,False,,False,,True,3,recent exact-NSN history,1,0,13193.32,,471.19,2022-03-29,48.0,SPE7M522V5269,3WGD1,SPE7M526T301T.PDF p.5,4.5,20.0
SPE7M526T406B,SPE7M5-26-T-406B,SPE7M526T406B.PDF,2026-08-13,2026-08-24,22,HUBZone set-aside,2,True,3,False,,False,,False,,False,,True,3,True,4,history older than 5 years - compare with DLA management price,2,1,3454.0,,1727.0,2015-02-05,4.0,SPE7M915M1569,3FEQ2,SPE7M526T406B.PDF p.7,11.6,3.0
SPE7M526T454A,SPE7M5-26-T-454A,SPE7M526T454A.PDF,2026-09-01,2026-09-11,21,HUBZone set-aside,2,True,3,True,8,True,8,True,9,False,,True,3,True,4,recent exact-NSN history,1,1,8718.8,,217.97,2023-05-25,54.0,SPE7M523P4831P00005,5S670,SPE7M526T454A.PDF p.7,3.4,9.0
SPE7M526T477J,SPE7M5-26-T-477J,SPE7M526T477J.PDF,2026-09-11,2026-09-21,21,HUBZone set-aside,2,True,3,False,,False,,True,9,False,,True,3,True,4,recent exact-NSN history,1,1,10976.0,,2744.0,2025-01-21,67.0,SPE7M025P2120P00001,12598,SPE7M526T477J.PDF p.6,1.7,4.0
SPE7M526T513R,SPE7M5-26-T-513R,SPE7M526T513R.PDF,2026-09-18,2026-09-28,19,HUBZone set-aside,2,False,,True,7,True,7,False,,False,,False,,True,3,recent exact-NSN history,1,0,1102.68,,1102.68,2024-03-26,7.0,SPE7M524P3712P00001,3WGD1,SPE7M526T513R.PDF p.6,2.5,12.0
SPE7M526T516C,SPE7M5-26-T-516C,SPE7M526T516C.PDF,2026-09-21,2026-10-01,21,Total small business set-aside,2,True,3,True,8,True,8,True,9,True,8,True,2,True,3,recent exact-NSN history,1,1,21885.6,,455.95,2026-05-12,47.0,SPE7M526P3168,045F6,SPE7M526T516C.PDF p.6,0.4,20.0
SPE7M526T525B,SPE7M5-26-T-525B,SPE7M526T525B.PDF,2026-09-25,2026-10-05,21,Total small business set-aside,2,True,3,False,,False,,True,8,False,,True,2,True,4,recent exact-NSN history,1,1,46827.0,,1419.0,2026-03-26,43.0,SPE7M526P2474,44291,SPE7M526T525B.PDF p.6,0.5,18.0
SPE7M826Q0091,SPE7M826Q0091,SPE7M826Q0091.PDF,2026-02-19,2026-03-02,31,Partial small business set-aside,14,False,,True,2,True,2,True,3,False,,False,,False,,no procurement history in PDF - investigate DLA management price; line stays unpriced,0,0,,no CLINs parsed,,,,,,,,
SPE7M826Q0197,SPE7M826Q0197,SPE7M826Q0197.PDF,2026-07-23,2026-08-06,12,HUBZone set-aside,12,True,4,False,,False,,True,9,False,,False,,False,,no procurement history in PDF - investigate DLA management price; line stays unpriced,0,0,,no CLINs parsed,,,,,,,,
SPE7M826Q0200,SPE7M826Q0200,SPE7M826Q0200.PDF,2026-07-30,2026-08-13,18,Partial small business set-aside; HUBZone set-aside,6,False,,False,,False,,False,,False,,False,,False,,no procurement history in PDF - investigate DLA management price; line stays unpriced,0,0,,no CLINs parsed,,,,,,,,
SPE7M826Q0240,SPE7M826Q0240,SPE7M826Q0240.PDF,2026-09-16,2026-09-29,40,Total small business set-aside; Partial small business set-aside; HUBZone set-aside,21,True,6,True,10,True,9,True,10,False,,False,,False,,no procurement history in PDF - investigate DLA management price; line stays unpriced,0,0,,no CLINs parsed,,,,,,,,
SPE7M826Q0242,SPE7M826Q0242,SPE7M826Q0242.PDF,2026-09-18,2026-10-02,19,Partial small business set-aside; HUBZone set-aside,10,True,2,True,5,True,5,False,,False,,False,,False,,no procurement history in PDF - investigate DLA management price; line stays unpriced,0,0,,no CLINs parsed,,,,,,,,
SPE7M826Q0261,SPE7M826Q0261,SPE7M826Q0261.PDF,2026-09-29,2026-10-06,25,Partial small business set-aside; HUBZone set-aside,9,False,,False,,True,10,True,2,False,,False,,False,,no procurement history in PDF - investigate DLA management price; line stays unpriced,0,0,,no CLINs parsed,,,,,,,,
SPE7M826T1719,SPE7M8-26-T-1719,SPE7M826T1719.PDF,2026-01-22,2026-02-02,26,HUBZone set-aside,2,False,,False,,False,,False,,False,,False,,True,3,no procurement history in PDF - investigate DLA management price; line stays unpriced,1,0,,,,,,,,,,
SPE7M826T2223,SPE7M8-26-T-2223,SPE7M826T2223.PDF,2026-02-19,2026-03-02,27,Total small business set-aside,2,False,,False,,False,,True,7,False,,False,,True,3,history older than 5 years - compare with DLA management price,1,0,17531.44,,8765.72,2021-06-09,3.0,SPE7M821P2737P00001,79343,SPE7M826T2223.PDF p.5,5.3,15.0
SPE7M826T2502,SPE7M8-26-T-2502,SPE7M826T2502.PDF,2026-02-27,2026-03-09,23,HUBZone set-aside,2,False,,False,,False,,False,,False,,True,3,True,3,history older than 5 years - compare with DLA management price,1,0,51.6,,10.32,1996-02-25,143.0,SP093096M4021,3B150,SPE7M826T2502.PDF p.6,30.6,1.0
SPE7M826T2579,SPE7M8-26-T-2579,SPE7M826T2579.PDF,2026-03-12,2026-03-23,23,HUBZone set-aside,2,False,,True,7,True,7,False,,False,,False,,True,3,history older than 5 years - compare with DLA management price,1,0,6305.0,,485.0,2021-09-25,3.0,SPE7M821V3094,0HBH8,SPE7M826T2579.PDF p.6,5.0,6.0
SPE7M826T3090,SPE7M8-26-T-3090,SPE7M826T3090.PDF,2026-04-06,2026-04-16,23,HUBZone set-aside,2,False,,True,7,False,,False,,False,,False,,True,3,no procurement history in PDF - investigate DLA management price; line stays unpriced,1,0,,,,,,,,,,
SPE7M826T3207,SPE7M8-26-T-3207,SPE7M826T3207.PDF,2026-04-10,2026-04-20,23,HUBZone set-aside,2,False,,False,,True,7,True,8,True,7,False,,True,3,no procurement history in PDF - investigate DLA management price; line stays unpriced,1,0,,,,,,,,,,
SPE7M826T3277,SPE7M8-26-T-3277,SPE7M826T3277.PDF,2026-04-10,2026-04-20,24,HUBZone set-aside,2,False,,True,7,True,7,True,8,False,,False,,True,3,no procurement history in PDF - investigate DLA management price; line stays unpriced,1,0,,,,,,,,,,
SPE7M826T3632,SPE7M8-26-T-3632,SPE7M826T3632.PDF,2026-04-27,2026-05-07,24,HUBZone set-aside,2,True,3,True,8,False,,False,,False,,True,3,True,4,recent exact-NSN history,1,1,16768.4,,2096.05,2024-04-27,7.0,SPE7M824P1352P00003,6FN58,SPE7M826T3632.PDF p.7,2.4,8.0
SPE7M826T3980,SPE7M8-26-T-3980,SPE7M826T3980.PDF,2026-05-08,2026-05-18,23,HUBZone set-aside,2,False,,True,7,False,,False,,False,,False,,True,3,no procurement history in PDF - investigate DLA management price; line stays unpriced,1,0,,,,,,,,,,
SPE7M826T4052,SPE7M8-26-T-4052,SPE7M826T4052.PDF,2026-05-11,2026-05-21,26,HUBZone set-aside,2,True,3,True,8,True,8,True,9,False,,True,3,True,4,recent exact-NSN history,1,1,6138.599999999999,,47.22,2025-06-16,63.0,SPE7M825P1775P00001,0GE52,SPE7M826T4052.PDF p.7,1.3,20.0
SPE7M826T4073,SPE7M8-26-T-4073,SPE7M826T4073.PDF,2026-05-11,2026-05-21,22,HUBZone set-aside,2,False,,False,,False,,False,,False,,True,3,True,3,no procurement history in PDF - investigate DLA management price; line stays unpriced,1,0,,,,,,,,,,
SPE7M826T4087,SPE7M8-26-T-4087,SPE7M826T4087.PDF,2026-05-12,2026-05-22,25,Total small business set-aside,2,True,3,True,8,True,8,True,9,False,,True,2,True,4,recent exact-NSN history,1,1,48876.799999999996,,3491.2,2022-07-06,19.0,SPE7M822P2959P00001,54208,SPE7M826T4087.PDF p.6,4.2,12.0
SPE7M826T4455,SPE7M8-26-T-4455,SPE7M826T4455.PDF,2026-05-22,2026-06-01,20,HUBZone set-aside,2,True,3,False,,False,,True,8,False,,False,,True,4,history older than 5 years - compare with DLA management price,1,1,1684.0,,421.0,2021-08-05,8.0,SPE7M821P2786,57626,SPE7M826T4455.PDF p.6,5.2,3.0
SPE7M826T4535,SPE7M8-26-T-4535,SPE7M826T4535.PDF,2026-06-01,2026-06-11,20,Total small business set-aside,2,True,3,True,7,True,7,False,,False,,False,,True,3,recent exact-NSN history,1,1,34460.0,,17230.0,2025-12-03,1.0,SPE7M826P0402,58078,SPE7M826T4535.PDF p.6,0.8,9.0
SPE7M826T4741,SPE7M8-26-T-4741,SPE7M826T4741.PDF,2026-06-08,2026-06-18,23,Total small business set-aside,2,True,3,True,8,True,8,True,9,False,,True,2,True,4,recent exact-NSN history,2,1,27249.6,,48.66,2026-05-20,99.0,SPE7M826P1653P00002,0GE52,SPE7M826T4741.PDF p.6,0.4,20.0
SPE7M826T4840,SPE7M8-26-T-4840,SPE7M826T4840.PDF,2026-06-17,2026-06-29,18,HUBZone set-aside,2,False,,False,,False,,False,,True,7,False,,True,3,no procurement history in PDF - investigate DLA management price; line stays unpriced,1,0,,,,,,,,,,
SPE7M826T5130,SPE7M8-26-T-5130,SPE7M826T5130.PDF,2026-06-30,2026-07-10,20,HUBZone set-aside,2,False,,True,7,True,7,True,8,False,,False,,True,3,recent exact-NSN history,1,0,25585.2,,41.2,2025-01-28,67.0,SPE7M325V1266,8BPE2,SPE7M826T5130.PDF p.6,1.7,11.0
SPE7M826T5182,SPE7M8-26-T-5182,SPE7M826T5182.PDF,2026-07-06,2026-07-16,19,HUBZone set-aside,2,False,,False,,True,7,True,8,True,7,False,,True,3,no procurement history in PDF - investigate DLA management price; line stays unpriced,1,0,,,,,,,,,,
SPE7M826T5225,SPE7M8-26-T-5225,SPE7M826T5225.PDF,2026-07-09,2026-07-20,21,HUBZone set-aside,2,True,3,False,,False,,True,9,True,8,True,3,True,4,recent exact-NSN history,1,1,2320.5,,2320.5,2024-04-18,6.0,SPE7M824P1242P00003,6FN58,SPE7M826T5225.PDF p.7,2.5,13.0
SPE7M826T5284,SPE7M8-26-T-5284,SPE7M826T5284.PDF,2026-07-10,2026-07-20,19,HUBZone set-aside,2,False,,True,7,True,7,False,,False,,False,,True,3,recent exact-NSN history,1,0,4400.0,,2200.0,2026-04-03,1.0,SPE7M826P1266,55097,SPE7M826T5284.PDF p.6,0.5,2.0
SPE7M826T5500,SPE7M8-26-T-5500,SPE7M826T5500.PDF,2026-07-23,2026-08-03,20,HUBZone set-aside,2,False,,True,7,True,7,True,8,False,,False,,True,3,recent exact-NSN history,1,0,99430.38,,1578.26,2023-06-08,4.0,SPE4A523F9425P00001,61423,SPE7M826T5500.PDF p.6,3.3,20.0
SPE7M826T5579,SPE7M8-26-T-5579,SPE7M826T5579.PDF,2026-07-24,2026-08-03,21,HUBZone set-aside,2,True,3,False,,False,,True,9,True,8,True,3,True,4,recent exact-NSN history,1,1,5000.0,,5000.0,2026-07-14,1.0,SPE7M826P2131,7Z016,SPE7M826T5579.PDF p.7,0.2,14.0
SPE7M826T5686,SPE7M8-26-T-5686,SPE7M826T5686.PDF,2026-08-03,2026-08-13,20,HUBZone set-aside,2,False,,True,7,True,7,True,8,False,,False,,True,3,recent exact-NSN history,1,0,14250.0,,4750.0,2025-12-15,2.0,SPE7M826P0475,87SW0,SPE7M826T5686.PDF p.6,0.8,15.0
SPE7M826T5716,SPE7M8-26-T-5716,SPE7M826T5716.PDF,2026-08-06,2026-08-17,19,HUBZone set-aside,2,True,3,False,,False,,False,,False,,True,3,True,4,history older than 5 years - compare with DLA management price,1,1,18115.0,,3623.0,2008-10-03,27.0,SPM70006G00010058,97942,SPE7M826T5716.PDF p.6,18.0,2.0
SPE7M826T5819,SPE7M8-26-T-5819,SPE7M826T5819.PDF,2026-08-07,2026-08-17,21,HUBZone set-aside,2,True,3,False,,False,,False,,False,,True,3,True,4,recent exact-NSN history,1,1,1150.0,,575.0,2026-06-23,50.0,SPE7M826P1659,9MCY1,SPE7M826T5819.PDF p.7,0.3,20.0
SPE7M826T5897,SPE7M8-26-T-5897,SPE7M826T5897.PDF,2026-08-07,2026-08-17,20,HUBZone set-aside,2,True,3,False,,False,,True,8,False,,True,3,True,4,recent exact-NSN history,1,1,16484.6,,69.85,2026-01-23,40.0,SPE7M826P0683,0ZSM8,SPE7M826T5897.PDF p.6,0.7,20.0
SPE7M826T5901,SPE7M8-26-T-5901,SPE7M826T5901.PDF,2026-08-07,2026-08-17,21,Total small business set-aside,2,True,3,False,,False,,True,9,False,,True,2,True,4,recent exact-NSN history,1,1,38763.21,,901.47,2026-02-10,53.0,SPE7M826P0812,00062,SPE7M826T5901.PDF p.6,0.6,13.0
SPE7M826T5908,SPE7M8-26-T-5908,SPE7M826T5908.PDF,2026-08-07,2026-08-17,18,HUBZone set-aside,2,False,,False,,False,,False,,False,,False,,True,3,history older than 5 years - compare with DLA management price,1,0,1.48,,1.48,1993-11-29,179.0,SP090094AA6730376,2B144,SPE7M826T5908.PDF p.6,32.8,1.0
SPE7M826T5948,SPE7M8-26-T-5948,SPE7M826T5948.PDF,2026-08-12,2026-08-24,21,Total small business set-aside,2,True,3,True,8,True,8,True,9,False,,True,2,True,4,recent exact-NSN history,1,1,64800.0,,1200.0,2026-03-31,115.0,SPE7M826P1232P00001,58918,SPE7M826T5948.PDF p.6,0.5,20.0
SPE7M826T6013,SPE7M8-26-T-6013,SPE7M826T6013.PDF,2026-08-18,2026-08-28,19,HUBZone set-aside,2,False,,False,,False,,True,7,False,,True,3,True,3,history older than 5 years - compare with DLA management price,1,0,894.88,,26.32,2020-12-28,387.0,SPE7M821P0878,6AFX5,SPE7M826T6013.PDF p.6,5.8,11.0
SPE7M826T6053,SPE7M8-26-T-6053,SPE7M826T6053.PDF,2026-08-20,2026-08-31,19,HUBZone set-aside,2,False,,True,7,True,7,True,8,False,,False,,True,3,no procurement history in PDF - investigate DLA management price; line stays unpriced,1,0,,,,,,,,,,
SPE7M826T6153,SPE7M8-26-T-6153,SPE7M826T6153.PDF,2026-08-21,2026-08-31,19,No set-aside clause found (check SF18 block),,False,,False,,False,,False,,False,,False,,True,3,recent exact-NSN history,1,0,20737.079999999998,,576.03,2026-06-17,37.0,SPE7M826V1421,3WGD1,SPE7M826T6153.PDF p.6,0.3,20.0
SPE7M826T6229,SPE7M8-26-T-6229,SPE7M826T6229.PDF,2026-08-26,2026-09-08,19,HUBZone set-aside,2,False,,True,7,True,7,True,8,True,8,False,,True,3,no procurement history in PDF - investigate DLA management price; line stays unpriced,1,0,,,,,,,,,,
SPE7M826T6252,SPE7M8-26-T-6252,SPE7M826T6252.PDF,2026-08-27,2026-09-08,22,HUBZone set-aside,2,True,3,True,8,True,8,False,,False,,True,3,True,4,recent exact-NSN history,1,1,555.37,,555.37,2026-08-20,62.0,SPE7M826P2444,6KK31,SPE7M826T6252.PDF p.6,0.1,19.0
SPE7M826T6263,SPE7M8-26-T-6263,SPE7M826T6263.PDF,2026-08-27,2026-09-08,20,HUBZone set-aside,2,False,,True,7,True,7,False,,False,,True,3,True,3,recent exact-NSN history,1,0,51433.06,,2236.22,2025-05-08,22.0,SPE7M825P1530P00001,0VVU9,SPE7M826T6263.PDF p.6,1.4,6.0
SPE7M826T6273,SPE7M8-26-T-6273,SPE7M826T6273.PDF,2026-08-27,2026-09-08,20,HUBZone set-aside,2,False,,True,7,True,7,False,,False,,False,,True,3,no procurement history in PDF - investigate DLA management price; line stays unpriced,1,0,,,,,,,,,,
SPE7M826T6329,SPE7M8-26-T-6329,SPE7M826T6329.PDF,2026-08-28,2026-09-08,19,HUBZone set-aside,2,False,,True,7,False,,True,7,False,,False,,True,3,history older than 5 years - compare with DLA management price,1,0,483.92,,60.49,2003-11-30,33.0,SP093504D5M870001,1JX19,SPE7M826T6329.PDF p.6,22.8,1.0
SPE7M826T6349,SPE7M8-26-T-6349,SPE7M826T6349.PDF,2026-08-28,2026-09-08,19,HUBZone set-aside,2,False,,True,7,True,7,False,,False,,False,,True,3,no procurement history in PDF - investigate DLA management price; line stays unpriced,1,0,,,,,,,,,,
SPE7M826T6356,SPE7M8-26-T-6356,SPE7M826T6356.PDF,2026-08-31,2026-09-10,20,HUBZone set-aside,2,False,,True,7,True,7,True,8,False,,False,,True,3,recent exact-NSN history,1,0,22500.0,,4500.0,2026-08-04,4.0,SPE7M826P2165,87SW0,SPE7M826T6356.PDF p.6,0.2,16.0
SPE7M826T6381,SPE7M8-26-T-6381,SPE7M826T6381.PDF,2026-09-01,2026-09-11,19,HUBZone set-aside,2,False,,True,8,True,7,True,8,False,,False,,True,3,recent exact-NSN history,1,0,41174.0,,1176.4,2025-09-02,12.0,SPE7M825V2105,83803,SPE7M826T6381.PDF p.6,1.1,20.0
SPE7M826T6395,SPE7M8-26-T-6395,SPE7M826T6395.PDF,2026-09-02,2026-09-14,19,HUBZone set-aside,2,False,,False,,False,,False,,False,,True,3,True,3,history older than 5 years - compare with DLA management price,1,0,126.71,,126.71,2015-11-14,64.0,SPE7M816M0675,07232,SPE7M826T6395.PDF p.6,10.9,3.0
SPE7M826T6408,SPE7M8-26-T-6408,SPE7M826T6408.PDF,2026-09-04,2026-09-14,20,Total small business set-aside,2,False,,True,7,True,7,True,8,False,,False,,True,3,recent exact-NSN history,1,0,46200.0,,1100.0,2026-04-28,25.0,SPE7M826P1434P00001,9MCY1,SPE7M826T6408.PDF p.5,0.4,20.0
SPE7M826T6451,SPE7M8-26-T-6451,SPE7M826T6451.PDF,2026-09-10,2026-09-21,19,HUBZone set-aside,2,False,,True,7,True,7,True,8,False,,False,,True,3,recent exact-NSN history,1,0,4950.5,,4950.5,2024-09-11,1.0,SPE7M824P2236P00001,6ZSR8,SPE7M826T6451.PDF p.6,2.1,1.0
SPE7M826T6534,SPE7M8-26-T-6534,SPE7M826T6534.PDF,2026-09-11,2026-09-21,22,Total small business set-aside,2,True,3,False,,False,,True,10,False,,True,2,True,4,recent exact-NSN history,1,1,42700.0,,175.0,2026-01-14,103.0,SPE7M126P3162,1Y5C0,SPE7M826T6534.PDF p.6,0.7,20.0
SPE7M826T6635,SPE7M8-26-T-6635,SPE7M826T6635.PDF,2026-09-14,2026-09-24,21,HUBZone set-aside,2,True,3,False,,False,,False,,False,,True,3,True,4,recent exact-NSN history,1,1,4600.0,,575.0,2026-06-23,50.0,SPE7M826P1659P00001,9MCY1,SPE7M826T6635.PDF p.7,0.3,20.0
SPE7M826T6640,SPE7M8-26-T-6640,SPE7M826T6640.PDF,2026-09-14,2026-09-24,22,HUBZone set-aside,2,True,3,True,9,True,8,True,9,True,9,True,3,True,4,recent exact-NSN history,1,1,12940.0,,647.0,2026-08-12,79.0,SPE7M826P2359,2G657,SPE7M826T6640.PDF p.6,0.1,20.0
SPE7M826T6649,SPE7M8-26-T-6649,SPE7M826T6649.PDF,2026-09-14,2026-09-24,19,HUBZone set-aside,2,False,,True,7,True,7,False,,False,,False,,True,3,no procurement history in PDF - investigate DLA management price; line stays unpriced,1,0,,,,,,,,,,
SPE7M826T6662,SPE7M8-26-T-6662,SPE7M826T6662.PDF,2026-09-15,2026-09-25,22,HUBZone set-aside,2,True,3,True,9,True,8,True,9,False,,True,3,True,4,recent exact-NSN history,1,1,262500.0,,1250.0,2026-05-21,234.0,SPE7M826P1625,58918,SPE7M826T6662.PDF p.6,0.4,20.0
SPE7M826T6677,SPE7M8-26-T-6677,SPE7M826T6677.PDF,2026-09-16,2026-09-28,20,HUBZone set-aside,2,True,7,False,,False,,True,8,False,,True,3,True,3,recent exact-NSN history,1,0,1251.8,,625.9,2025-10-16,3.0,SPE7M826V0068,07232,SPE7M826T6677.PDF p.6,1.0,8.0
SPE7M826T6719,SPE7M8-26-T-6719,SPE7M826T6719.PDF,2026-09-17,2026-09-28,19,HUBZone set-aside,2,False,,True,7,True,7,True,8,True,8,False,,True,3,recent exact-NSN history,1,0,795.1,,397.55,2025-11-26,13.0,SPE7M126P1624P00001,7Z016,SPE7M826T6719.PDF p.6,0.8,16.0
SPE7M826T6729,SPE7M8-26-T-6729,SPE7M826T6729.PDF,2026-09-17,2026-09-28,19,Total small business set-aside,2,False,,True,7,True,7,False,,False,,False,,True,3,recent exact-NSN history,1,0,35098.92,,649.98,2026-06-18,23.0,SPE7M226V4000P00001,3T8J4,SPE7M826T6729.PDF p.5,0.3,10.0
SPE7M826T6747,SPE7M8-26-T-6747,SPE7M826T6747.PDF,2026-09-18,2026-09-28,21,HUBZone set-aside; WOSB set-aside,2,True,3,False,,False,,True,9,False,,True,3,True,4,recent exact-NSN history,1,1,18880.0,,944.0,2026-01-09,16.0,SPE7M126P3054,5V049,SPE7M826T6747.PDF p.7,0.7,20.0
SPE7M826T6766,SPE7M8-26-T-6766,SPE7M826T6766.PDF,2026-09-21,2026-10-01,19,No set-aside clause found (check SF18 block),,False,,False,,False,,False,,False,,False,,True,3,recent exact-NSN history,1,0,28225.469999999998,,576.03,2026-06-17,37.0,SPE7M826V1421,3WGD1,SPE7M826T6766.PDF p.6,0.3,20.0
SPE7M826T6768,SPE7M8-26-T-6768,SPE7M826T6768.PDF,2026-09-21,2026-10-01,21,Total small business set-aside,2,True,3,True,8,True,8,True,9,False,,True,2,True,4,recent exact-NSN history,1,1,42322.600000000006,,729.7,2025-04-07,52.0,SPE7M825P1250P00001,51557,SPE7M826T6768.PDF p.7,1.5,18.0
SPE7M826T6773,SPE7M8-26-T-6773,SPE7M826T6773.PDF,2026-09-22,2026-10-02,19,HUBZone set-aside,2,False,,False,,True,7,False,,False,,False,,True,3,no procurement history in PDF - investigate DLA management price; line stays unpriced,1,0,,,,,,,,,,
SPE7M826T6777,SPE7M8-26-T-6777,SPE7M826T6777.PDF,2026-09-22,2026-10-02,19,HUBZone set-aside,2,False,,False,,True,7,False,,False,,False,,True,3,no procurement history in PDF - investigate DLA management price; line stays unpriced,1,0,,,,,,,,,,
SPE7M826T6864,SPE7M8-26-T-6864,SPE7M826T6864.PDF,2026-09-25,2026-10-05,20,Total small business set-aside,2,True,3,True,7,True,7,False,,False,,False,,True,3,recent exact-NSN history,1,1,17230.0,,17230.0,2025-12-03,1.0,SPE7M826P0402,58078,SPE7M826T6864.PDF p.6,0.8,9.0
SPE7M826T6879,SPE7M8-26-T-6879,SPE7M826T6879.PDF,2026-09-25,2026-10-05,20,HUBZone set-aside,2,False,,True,7,True,7,False,,False,,True,3,True,3,recent exact-NSN history,1,0,13861.5,,2310.25,2025-07-16,6.0,SPE7M825P2008,6ZSR8,SPE7M826T6879.PDF p.6,1.2,15.0
SPE7M826T6883,SPE7M8-26-T-6883,SPE7M826T6883.PDF,2026-09-25,2026-10-05,19,HUBZone set-aside,2,False,,True,7,True,7,True,8,True,8,False,,True,3,no procurement history in PDF - investigate DLA management price; line stays unpriced,1,0,,,,,,,,,,
SPE7M826T6890,SPE7M8-26-T-6890,SPE7M826T6890.PDF,2026-09-25,2026-10-05,20,Total small business set-aside,2,False,,True,7,True,7,True,8,False,,False,,True,3,recent exact-NSN history,1,0,23100.0,,1100.0,2026-04-28,25.0,SPE7M826P1434P00001,9MCY1,SPE7M826T6890.PDF p.5,0.4,20.0
SPE7M826T6916,SPE7M8-26-T-6916,SPE7M826T6916.PDF,2026-09-28,2026-10-08,21,HUBZone set-aside,2,True,3,True,8,True,8,False,,False,,False,,True,4,history older than 5 years - compare with DLA management price,1,1,2271.45,,119.55,2017-02-13,47.0,SPE7M817V0548,0BTU8,SPE7M826T6916.PDF p.6,9.6,10.0
SPE7M826T6928,SPE7M8-26-T-6928,SPE7M826T6928.PDF,2026-09-28,2026-10-08,21,Total small business set-aside,2,True,3,False,,False,,True,9,False,,True,2,True,4,recent exact-NSN history,1,1,73910.0,,972.5,2025-12-10,56.0,SPE7M826P0434,00062,SPE7M826T6928.PDF p.6,0.8,20.0
SPE7M826T6930,SPE7M8-26-T-6930,SPE7M826T6930.PDF,2026-09-28,2026-10-08,19,HUBZone set-aside,2,False,,True,7,True,7,False,,False,,True,3,True,3,recent exact-NSN history,1,0,2570.1499999999996,,514.03,2026-03-06,8.0,SPE7M126V6904,83803,SPE7M826T6930.PDF p.6,0.6,20.0
SPE7M826T6939,SPE7M8-26-T-6939,SPE7M826T6939.PDF,2026-09-29,2026-10-09,19,Total small business set-aside,2,False,,False,,False,,False,,False,,True,2,True,3,recent exact-NSN history,1,0,85440.0,,7120.0,2026-08-06,1.0,SPE7M826V1512,98505,SPE7M826T6939.PDF p.6,0.2,20.0
SPE7M826T6948,SPE7M8-26-T-6948,SPE7M826T6948.PDF,2026-09-29,2026-10-09,20,HUBZone set-aside; WOSB set-aside,2,False,,True,8,True,7,True,8,True,7,True,3,True,3,recent exact-NSN history,1,0,45059.01,,883.51,2025-07-01,62.0,SPE7M825P1916P00002,5X557,SPE7M826T6948.PDF p.6,1.2,20.0
SPE7M826T6956,SPE7M8-26-T-6956,SPE7M826T6956.PDF,2026-09-30,2026-10-13,21,HUBZone set-aside,2,True,3,False,,False,,False,,False,,True,3,True,4,recent exact-NSN history,1,1,4600.0,,575.0,2026-06-23,50.0,SPE7M826P1659P00001,9MCY1,SPE7M826T6956.PDF p.7,0.3,20.0
SPE7MC26T136C,SPE7MC-26-T-136C,SPE7MC26T136C.PDF,2026-07-15,2026-07-27,20,HUBZone set-aside,2,False,,True,7,True,7,False,,True,7,True,3,True,3,no procurement history in PDF - investigate DLA management price; line stays unpriced,1,0,,,,,,,,,,
SPE7MC26T7272,SPE7MC-26-T-7272,SPE7MC26T7272.PDF,2026-03-27,2026-04-06,23,HUBZone set-aside,2,False,,False,,False,,False,,False,,False,,True,3,recent exact-NSN history,1,0,63286.02,,7031.78,2026-02-11,8.0,SPE7MC26P1579P00001,U27T5,SPE7MC26T7272.PDF p.6,0.6,1.0
SPE7MX26Q0002,SPE7MX26Q0002,SPE7MX26Q0002.PDF,2026-03-04,2026-03-19,46,Total small business set-aside; Partial small business set-aside,21,True,2,True,7,True,5,True,5,False,,False,,False,,no procurement history in PDF - investigate DLA management price; line stays unpriced,0,0,,no CLINs parsed,,,,,,,,
SPE8E426Q0206,SPE8E426Q0206,SPE8E426Q0206.PDF,2026-06-05,2026-06-20,41,Partial small business set-aside; HUBZone set-aside,20,False,,False,,False,,False,,False,,False,,False,,no procurement history in PDF - investigate DLA management price; line stays unpriced,0,0,,no CLINs parsed,,,,,,,,
SPE8E426Q0398,SPE8E426Q0398,SPE8E426Q0398.PDF,2026-09-03,2026-09-10,25,Partial small business set-aside; HUBZone set-aside,12,False,,False,,False,,False,,False,,False,,False,,no procurement history in PDF - investigate DLA management price; line stays unpriced,0,0,,no CLINs parsed,,,,,,,,
SPE8E426Q0408,SPE8E426Q0408,SPE8E426Q0408.PDF,2026-09-17,2026-10-01,15,HUBZone set-aside,14,False,,True,3,True,3,False,,False,,False,,False,,no procurement history in PDF - investigate DLA management price; line stays unpriced,0,0,,no CLINs parsed,,,,,,,,
SPE8E426Q0410,SPE8E426Q0410,SPE8E426Q0410.PDF,2026-09-21,2026-10-01,15,HUBZone set-aside,14,False,,True,3,True,3,False,,False,,False,,False,,no procurement history in PDF - investigate DLA management price; line stays unpriced,0,0,,no CLINs parsed,,,,,,,,
SPE8E426Q0413,SPE8E426Q0413,SPE8E426Q0413.PDF,2026-09-25,2026-10-02,23,Partial small business set-aside; HUBZone set-aside,11,False,,False,,False,,True,4,False,,False,,False,,no procurement history in PDF - investigate DLA management price; line stays unpriced,0,0,,no CLINs parsed,,,,,,,,
SPE8E426Q0415,SPE8E426Q0415,SPE8E426Q0415.PDF,2026-09-25,2026-10-02,22,Partial small business set-aside; HUBZone set-aside,10,False,,True,3,True,3,False,,False,,False,,False,,no procurement history in PDF - investigate DLA management price; line stays unpriced,0,0,,no CLINs parsed,,,,,,,,
SPE8E426T1466,SPE8E4-26-T-1466,SPE8E426T1466.PDF,2026-05-06,2026-05-18,23,HUBZone set-aside,2,False,,True,7,True,7,False,,False,,False,,True,3,no procurement history in PDF - investigate DLA management price; line stays unpriced,1,0,,,,,,,,,,
SPE8E426T1487,SPE8E4-26-T-1487,SPE8E426T1487.PDF,2026-05-06,2026-05-18,24,HUBZone set-aside,2,False,,False,,False,,False,,False,,False,,True,3,recent exact-NSN history,1,0,6250.0,,625.0,2025-10-21,7.0,SPE8E426V0081,00DV6,SPE8E426T1487.PDF p.6,0.9,16.0
SPE8E426T1608,SPE8E4-26-T-1608,SPE8E426T1608.PDF,2026-05-18,2026-05-28,20,HUBZone set-aside,2,False,,False,,False,,False,,False,,False,,True,3,history older than 5 years - compare with DLA management price,1,0,2376.0,,99.0,2013-09-30,4.0,SPM8E513MQE08,34FP9,SPE8E426T1608.PDF p.6,13.0,10.0
SPE8E426T1620,SPE8E4-26-T-1620,SPE8E426T1620.PDF,2026-05-19,2026-05-29,20,HUBZone set-aside,2,False,,False,,False,,False,,False,,False,,True,3,recent exact-NSN history,1,0,3276.8999999999996,,148.95,2023-07-21,28.0,SPE8E423V1599,72AP1,SPE8E426T1620.PDF p.6,3.2,15.0
SPE8E426T1707,SPE8E4-26-T-1707,SPE8E426T1707.PDF,2026-06-02,2026-06-12,21,Total small business set-aside,2,False,,False,,False,,False,,False,,False,,True,3,recent exact-NSN history,1,0,21414.0,,3569.0,2025-12-05,5.0,SPE8E426V0374,1Q494,SPE8E426T1707.PDF p.5,0.8,20.0
SPE8E426T1759,SPE8E4-26-T-1759,SPE8E426T1759.PDF,2026-06-11,2026-06-22,21,Total small business set-aside,2,False,,False,,False,,False,,False,,False,,True,3,recent exact-NSN history,1,0,19180.0,,2740.0,2026-06-04,17.0,SPE8E426PQ253,00DV6,SPE8E426T1759.PDF p.5,0.3,20.0
SPE8E426T1766,SPE8E4-26-T-1766,SPE8E426T1766.PDF,2026-06-11,2026-06-22,19,HUBZone set-aside,2,False,,True,7,True,7,False,,False,,False,,True,3,recent exact-NSN history,1,0,8070.0,,2690.0,2025-07-10,9.0,SPE8E425P0153P00001,1M9A0,SPE8E426T1766.PDF p.6,1.2,6.0
SPE8E426T1781,SPE8E4-26-T-1781,SPE8E426T1781.PDF,2026-06-12,2026-06-22,20,Total small business set-aside,2,False,,True,7,True,7,False,,False,,False,,True,3,recent exact-NSN history,1,0,19369.0,,2767.0,2024-04-24,4.0,SPE8E424P0067,5W3A9,SPE8E426T1781.PDF p.5,2.4,7.0
SPE8E426T1791,SPE8E4-26-T-1791,SPE8E426T1791.PDF,2026-06-15,2026-06-25,20,Total small business set-aside,2,False,,False,,False,,True,8,False,,False,,True,3,recent exact-NSN history,1,0,19008.0,,864.0,2026-01-08,20.0,SPE8E426V0510,3V5Q1,SPE8E426T1791.PDF p.5,0.7,20.0
SPE8E426T1840,SPE8E4-26-T-1840,SPE8E426T1840.PDF,2026-06-17,2026-06-29,19,HUBZone set-aside,2,False,,True,7,True,7,False,,False,,False,,True,3,recent exact-NSN history,1,0,1645.0,,1645.0,2026-02-10,1.0,SPE8E426V0633P00001,57140,SPE8E426T1840.PDF p.6,0.6,2.0
SPE8E426T1842,SPE8E4-26-T-1842,SPE8E426T1842.PDF,2026-06-18,2026-06-29,21,HUBZone set-aside,2,True,3,True,8,True,8,True,9,False,,True,3,True,4,history older than 5 years - compare with DLA management price,1,1,4964.0,,292.0,2010-11-22,2.0,SPM8E511M0037,56064,SPE8E426T1842.PDF p.7,15.9,3.0
SPE8E426T1918,SPE8E4-26-T-1918,SPE8E426T1918.PDF,2026-07-23,2026-08-03,20,Total small business set-aside,2,False,,False,,False,,False,,False,,False,,True,3,recent exact-NSN history,1,0,27167.03,,2469.73,2026-06-05,11.0,SPE8E426V1236P00001,3L672,SPE8E426T1918.PDF p.5,0.3,20.0
SPE8E426T1936,SPE8E4-26-T-1936,SPE8E426T1936.PDF,2026-07-29,2026-08-10,20,Total small business set-aside,2,True,3,True,7,True,7,False,,False,,True,2,True,4,recent exact-NSN history,1,1,19414.36,,4853.59,2024-12-27,4.0,SPE8E425CF003P00003,4EZD2,SPE8E426T1936.PDF p.6,1.8,7.0
SPE8E426T1942,SPE8E4-26-T-1942,SPE8E426T1942.PDF,2026-08-06,2026-08-17,20,Total small business set-aside,2,False,,False,,False,,True,8,False,,False,,True,3,recent exact-NSN history,1,0,21168.0,,10584.0,2026-07-27,2.0,SPE8E426PQ302,3V5Q1,SPE8E426T1942.PDF p.5,0.2,20.0
SPE8E426T2024,SPE8E4-26-T-2024,SPE8E426T2024.PDF,2026-08-07,2026-08-17,21,HUBZone set-aside,2,False,,True,7,False,,True,9,False,,False,,True,3,recent exact-NSN history,1,0,8756.0,,398.0,2025-01-06,29.0,SPE8E425V0544,0TB20,SPE8E426T2024.PDF p.6,1.7,20.0
SPE8E426T2038,SPE8E4-26-T-2038,SPE8E426T2038.PDF,2026-08-10,2026-08-20,20,Total small business set-aside,2,False,,False,,False,,False,,False,,False,,True,3,recent exact-NSN history,1,0,33868.8,,2257.92,2026-05-26,1.0,SPE8E426V1183,3L672,SPE8E426T2038.PDF p.5,0.3,20.0
SPE8E426T2083,SPE8E4-26-T-2083,SPE8E426T2083.PDF,2026-08-12,2026-08-24,21,Total small business set-aside,2,False,,True,7,False,,False,,False,,False,,True,3,recent exact-NSN history,1,0,62550.0,,1390.0,2026-01-08,40.0,SPE8E426V0509,1Q494,SPE8E426T2083.PDF p.5,0.7,20.0
SPE8E426T2126,SPE8E4-26-T-2126,SPE8E426T2126.PDF,2026-08-17,2026-08-27,20,HUBZone set-aside,2,False,,False,,False,,False,,False,,False,,True,3,recent exact-NSN history,1,0,7909.25,,1581.85,2026-07-10,6.0,SPE8E426V1362,8V607,SPE8E426T2126.PDF p.6,0.2,20.0
SPE8E426T2171,SPE8E4-26-T-2171,SPE8E426T2171.PDF,2026-08-28,2026-09-08,20,Total small business set-aside,2,False,,False,,False,,False,,False,,False,,True,3,recent exact-NSN history,1,0,14376.48,,7188.24,2025-12-03,1.0,SPE8E426V0355P00001,1JT69,SPE8E426T2171.PDF p.5,0.8,20.0
SPE8E426T2174,SPE8E4-26-T-2174,SPE8E426T2174.PDF,2026-09-01,2026-09-11,20,HUBZone set-aside,2,False,,False,,False,,False,,False,,False,,True,3,recent exact-NSN history,1,0,16500.0,,5500.0,2025-04-22,3.0,SPE8E425PQ292P00001,00DV6,SPE8E426T2174.PDF p.6,1.4,13.0
SPE8E426T2190,SPE8E4-26-T-2190,SPE8E426T2190.PDF,2026-09-03,2026-09-14,21,Total small business set-aside,2,False,,True,7,False,,False,,False,,False,,True,3,recent exact-NSN history,1,0,39531.8,,9882.95,2026-03-06,4.0,SPE8E426V0766P00001,1JT69,SPE8E426T2190.PDF p.5,0.6,20.0
SPE8E426T2191,SPE8E4-26-T-2191,SPE8E426T2191.PDF,2026-09-03,2026-09-14,20,HUBZone set-aside,2,False,,False,,False,,False,,False,,False,,True,3,recent exact-NSN history,1,0,9050.0,,4525.0,2026-02-25,2.0,SPE8E426V0731,3A248,SPE8E426T2191.PDF p.6,0.6,18.0
SPE8E426T2205,SPE8E4-26-T-2205,SPE8E426T2205.PDF,2026-09-08,2026-09-18,20,Total small business set-aside,2,False,,False,,False,,False,,False,,False,,True,3,history older than 5 years - compare with DLA management price,1,0,18753.76,,4688.44,2018-10-11,3.0,SPE8E519V0156,0C0B1,SPE8E426T2205.PDF p.5,8.0,7.0
SPE8E426T2206,SPE8E4-26-T-2206,SPE8E426T2206.PDF,2026-09-08,2026-09-18,20,HUBZone set-aside,2,False,,False,,False,,False,,False,,False,,True,3,recent exact-NSN history,1,0,9498.3,,3166.1,2025-06-23,7.0,SPE8E425V1540,3WJU3,SPE8E426T2206.PDF p.6,1.3,20.0
SPE8E426T2247,SPE8E4-26-T-2247,SPE8E426T2247.PDF,2026-09-15,2026-09-25,20,Total small business set-aside,2,False,,False,,False,,False,,False,,False,,True,3,recent exact-NSN history,1,0,16636.0,,2079.5,2022-04-07,25.0,SPE8E422PQ453,6RG59,SPE8E426T2247.PDF p.5,4.5,20.0
SPE8E426T2248,SPE8E4-26-T-2248,SPE8E426T2248.PDF,2026-09-15,2026-09-25,20,HUBZone set-aside,2,False,,False,,False,,True,8,False,,False,,True,3,recent exact-NSN history,1,0,2680.0,,335.0,2026-02-10,11.0,SPE8E426V0651,00DV6,SPE8E426T2248.PDF p.6,0.6,20.0
SPE8E426T2249,SPE8E4-26-T-2249,SPE8E426T2249.PDF,2026-09-15,2026-09-25,22,HUBZone set-aside,2,False,,False,,False,,True,8,False,,False,,True,3,recent exact-NSN history,2,0,3685.0,,335.0,2026-02-10,11.0,SPE8E426V0651,00DV6,SPE8E426T2249.PDF p.6,0.6,20.0
SPE8E426T2330,SPE8E4-26-T-2330,SPE8E426T2330.PDF,2026-09-24,2026-10-05,20,HUBZone set-aside,2,False,,False,,False,,True,8,False,,False,,True,3,recent exact-NSN history,1,0,10636.6,,409.1,2026-01-15,8.0,SPE8E426PQ123,72AP1,SPE8E426T2330.PDF p.6,0.7,20.0
SPE8E426T2335,SPE8E4-26-T-2335,SPE8E426T2335.PDF,2026-09-25,2026-10-05,21,Total small business set-aside,2,False,,True,7,False,,False,,False,,False,,True,3,recent exact-NSN history,1,0,37575.0,,6262.5,2025-05-29,1.0,SPE8E425V1447,1JT69,SPE8E426T2335.PDF p.5,1.3,20.0
SPE8E426T2343,SPE8E4-26-T-2343,SPE8E426T2343.PDF,2026-09-25,2026-10-05,20,HUBZone set-aside,2,False,,False,,False,,True,9,False,,False,,True,3,history older than 5 years - compare with DLA management price,1,0,5305.5599999999995,,884.26,2021-06-01,13.0,SPE8E421V1300,72AP1,SPE8E426T2343.PDF p.6,5.3,8.0
SPE8E426T2366,SPE8E4-26-T-2366,SPE8E426T2366.PDF,2026-09-29,2026-10-09,20,HUBZone set-aside,2,False,,False,,False,,False,,False,,False,,True,3,recent exact-NSN history,1,0,11277.0,,3759.0,2024-09-25,9.0,SPE8E424PQ537,067C0,SPE8E426T2366.PDF p.6,2.0,20.0
SPE8E526T2248,SPE8E5-26-T-2248,SPE8E526T2248.PDF,2026-04-03,2026-04-13,25,HUBZone set-aside,2,True,3,True,8,True,8,True,9,False,,True,3,True,4,history older than 5 years - compare with DLA management price,1,1,435.0,,43.5,2021-05-13,95.0,SPE8E521CF022,11934,SPE8E526T2248.PDF p.7,5.4,3.0
SPE8E526T2281,SPE8E5-26-T-2281,SPE8E526T2281.PDF,2026-04-03,2026-04-13,23,HUBZone set-aside,2,False,,True,7,True,7,False,,False,,False,,True,3,no procurement history in PDF - investigate DLA management price; line stays unpriced,1,0,,,,,,,,,,
SPE8E526T2551,SPE8E5-26-T-2551,SPE8E526T2551.PDF,2026-04-23,2026-05-04,26,HUBZone set-aside,2,True,3,True,8,True,8,False,,False,,True,3,True,4,history older than 5 years - compare with DLA management price,1,1,3638.0,,26.75,2017-11-13,646.0,SPE8E518CF001NOVATE,09036,SPE8E526T2551.PDF p.6,8.9,20.0
SPE8E526T2940,SPE8E5-26-T-2940,SPE8E526T2940.PDF,2026-05-26,2026-06-05,19,HUBZone set-aside,2,False,,True,7,True,7,False,,False,,True,3,True,3,history older than 5 years - compare with DLA management price,1,0,2142.1800000000003,,39.67,2011-05-16,100.0,SPM8E311M1141,0ZBE8,SPE8E526T2940.PDF p.6,15.4,5.0
SPE8E526T3224,SPE8E5-26-T-3224,SPE8E526T3224.PDF,2026-06-11,2026-06-22,20,Total small business set-aside,2,True,3,True,8,True,7,False,,False,,True,2,True,3,recent exact-NSN history,1,1,128294.0,,2789.0,2022-12-01,57.0,SPE7L123F1917,0WU25,SPE8E526T3224.PDF p.6,3.8,16.0
SPE8E526T3361,SPE8E5-26-T-3361,SPE8E526T3361.PDF,2026-06-22,2026-07-02,22,HUBZone set-aside,2,True,3,True,8,True,8,False,,False,,True,3,True,4,history older than 5 years - compare with DLA management price,1,1,5082.5,,26.75,2017-11-13,646.0,SPE8E518CF001NOVATE,09036,SPE8E526T3361.PDF p.6,8.9,20.0
SPE8E526T3875,SPE8E5-26-T-3875,SPE8E526T3875.PDF,2026-08-06,2026-08-17,18,HUBZone set-aside,2,False,,False,,False,,True,7,False,,False,,True,3,recent exact-NSN history,1,0,19019.0,,500.5,2023-01-18,8.0,SPE8E523P0569,82686,SPE8E526T3875.PDF p.6,3.7,16.0
SPE8E526T4024,SPE8E5-26-T-4024,SPE8E526T4024.PDF,2026-08-20,2026-08-31,21,Total small business set-aside,2,True,3,True,8,True,7,False,,False,,True,2,True,3,recent exact-NSN history,1,1,27890.0,,2789.0,2022-12-01,57.0,SPE7L123F1917,0WU25,SPE8E526T4024.PDF p.6,3.8,16.0
SPE8E526T4185,SPE8E5-26-T-4185,SPE8E526T4185.PDF,2026-09-03,2026-09-14,19,HUBZone set-aside,2,False,,True,7,True,7,False,,False,,False,,True,3,history older than 5 years - compare with DLA management price,1,0,3520.0,,110.0,2018-06-25,47.0,SPE8E518P1046,7LLC2,SPE8E526T4185.PDF p.6,8.3,10.0
SPE8E526T4516,SPE8E5-26-T-4516,SPE8E526T4516.PDF,2026-09-30,2026-10-13,19,HUBZone set-aside,2,False,,True,7,True,7,True,8,False,,False,,True,3,recent exact-NSN history,1,0,2262.4,,282.8,2026-07-22,57.0,SPE8E526P1360,7H7B4,SPE8E526T4516.PDF p.6,0.2,7.0
SPE8E626Q0600,SPE8E626Q0600,SPE8E626Q0600.PDF,2026-08-14,2026-08-24,18,Partial small business set-aside; HUBZone set-aside,8,False,,True,4,True,3,False,,False,,False,,False,,no procurement history in PDF - investigate DLA management price; line stays unpriced,0,0,,no CLINs parsed,,,,,,,,
SPE8E626Q0633,SPE8E626Q0633,SPE8E626Q0633.PDF,2026-08-10,2026-08-17,31,Partial small business set-aside; HUBZone set-aside,20,False,,True,4,True,3,True,4,False,,False,,False,,no procurement history in PDF - investigate DLA management price; line stays unpriced,0,0,,no CLINs parsed,,,,,,,,
SPE8E626Q0655,SPE8E626Q0655,SPE8E626Q0655.PDF,2026-08-20,2026-09-03,7,HUBZone set-aside,7,False,,True,4,True,3,False,,False,,False,,False,,no procurement history in PDF - investigate DLA management price; line stays unpriced,0,0,,no CLINs parsed,,,,,,,,
SPE8E626T2266,SPE8E6-26-T-2266,SPE8E626T2266.PDF,2026-04-03,2026-04-13,25,HUBZone set-aside,2,True,3,True,9,True,9,False,,False,,True,3,True,4,no procurement history in PDF - investigate DLA management price; line stays unpriced,1,1,,,,,,,,,,
SPE8E626T2271,SPE8E6-26-T-2271,SPE8E626T2271.PDF,2026-04-03,2026-04-13,23,HUBZone set-aside,2,False,,True,8,True,7,False,,False,,False,,True,3,recent exact-NSN history,1,0,6399.1,,35.95,2026-03-24,8.0,SPE8E626V1034,0YVT7,SPE8E626T2271.PDF p.6,0.5,1.0
SPE8E626T2394,SPE8E6-26-T-2394,SPE8E626T2394.PDF,2026-04-08,2026-04-20,24,HUBZone set-aside,2,False,,False,,False,,False,,False,,False,,True,3,history older than 5 years - compare with DLA management price,1,0,4000.0,,40.0,2021-08-26,58.0,SPE8E621P1171,6US11,SPE8E626T2394.PDF p.6,5.1,9.0
SPE8E626T2737,SPE8E6-26-T-2737,SPE8E626T2737.PDF,2026-05-01,2026-05-11,24,HUBZone set-aside,2,False,,True,7,True,7,False,,False,,True,3,True,3,no procurement history in PDF - investigate DLA management price; line stays unpriced,1,0,,,,,,,,,,
SPE8E626T2978,SPE8E6-26-T-2978,SPE8E626T2978.PDF,2026-05-19,2026-05-29,19,HUBZone set-aside,2,False,,False,,False,,False,,False,,False,,True,3,history older than 5 years - compare with DLA management price,1,0,240.0,,6.0,2019-03-19,11.0,SPE8E619P0441P00001,L07T1,SPE8E626T2978.PDF p.6,7.5,5.0
SPE8E626T3036,SPE8E6-26-T-3036,SPE8E626T3036.PDF,2026-05-28,2026-06-08,20,HUBZone set-aside,2,False,,True,8,True,7,False,,False,,False,,True,3,recent exact-NSN history,2,0,6080.15,,21.95,2026-03-19,85.0,SPE8E626V1014,0YVT7,SPE8E626T3036.PDF p.6,0.5,20.0
SPE8E626T3071,SPE8E6-26-T-3071,SPE8E626T3071.PDF,2026-05-28,2026-06-08,19,HUBZone set-aside,2,False,,False,,False,,False,,False,,False,,True,3,recent exact-NSN history,1,0,446.25,,5.95,2024-09-26,100.0,SPE8E624V1533,0YVT7,SPE8E626T3071.PDF p.6,2.0,1.0
SPE8E626T3417,SPE8E6-26-T-3417,SPE8E626T3417.PDF,2026-06-18,2026-06-29,20,HUBZone set-aside,2,False,,True,7,True,7,False,,False,,True,3,True,3,no procurement history in PDF - investigate DLA management price; line stays unpriced,1,0,,,,,,,,,,
SPE8E626T3530,SPE8E6-26-T-3530,SPE8E626T3530.PDF,2026-06-30,2026-07-10,19,HUBZone set-aside,2,False,,True,8,True,7,False,,False,,True,3,True,3,history older than 5 years - compare with DLA management price,1,0,149.75,,29.95,2012-04-11,3.0,SPM8E912M0568,0YVT7,SPE8E626T3530.PDF p.6,14.5,1.0
SPE8E626T3708,SPE8E6-26-T-3708,SPE8E626T3708.PDF,2026-07-13,2026-07-23,19,HUBZone set-aside,2,False,,True,7,True,7,False,,False,,False,,True,3,recent exact-NSN history,1,0,7200.0,,225.0,2026-06-15,1.0,SPE8E626V1596,0YVT7,SPE8E626T3708.PDF p.6,0.3,19.0
SPE8E626T3724,SPE8E6-26-T-3724,SPE8E626T3724.PDF,2026-07-15,2026-07-27,19,HUBZone set-aside,2,False,,True,7,True,7,False,,False,,False,,True,3,recent exact-NSN history,1,0,250.0,,250.0,2025-12-02,1.0,SPE8E626V0349,0YVT7,SPE8E626T3724.PDF p.6,0.8,20.0
SPE8E626T4106,SPE8E6-26-T-4106,SPE8E626T4106.PDF,2026-08-06,2026-08-17,23,HUBZone set-aside,2,True,3,True,8,True,8,False,,False,,True,3,True,4,recent exact-NSN history,1,1,42750.0,,250.0,2025-06-26,155.0,SPE8E625CF021,53655,SPE8E626T4106.PDF p.7,1.3,1.0
SPE8E626T4155,SPE8E6-26-T-4155,SPE8E626T4155.PDF,2026-08-07,2026-08-17,19,HUBZone set-aside,2,False,,True,7,True,7,False,,False,,False,,True,3,no procurement history in PDF - investigate DLA management price; line stays unpriced,1,0,,,,,,,,,,
SPE8E626T4212,SPE8E6-26-T-4212,SPE8E626T4212.PDF,2026-08-12,2026-08-24,19,HUBZone set-aside,2,False,,True,7,True,7,False,,False,,False,,True,3,no procurement history in PDF - investigate DLA management price; line stays unpriced,1,0,,,,,,,,,,
SPE8E626T4247,SPE8E6-26-T-4247,SPE8E626T4247.PDF,2026-08-17,2026-08-27,19,HUBZone set-aside,2,False,,True,7,True,7,False,,False,,False,,True,3,recent exact-NSN history,1,0,150.0,,150.0,2026-08-12,4.0,SPE8E626V2002,0YVT7,SPE8E626T4247.PDF p.6,0.1,20.0
SPE8E626T4271,SPE8E6-26-T-4271,SPE8E626T4271.PDF,2026-08-19,2026-08-31,19,HUBZone set-aside,2,False,,True,7,True,7,False,,False,,False,,True,3,history older than 5 years - compare with DLA management price,1,0,312.5,,6.25,2011-08-01,24.0,SPM8EG11M0083,6M161,SPE8E626T4271.PDF p.6,15.2,3.0
SPE8E626T4316,SPE8E6-26-T-4316,SPE8E626T4316.PDF,2026-08-21,2026-08-31,20,HUBZone set-aside,2,False,,True,7,True,7,False,,False,,True,3,True,3,recent exact-NSN history,1,0,1099.75,,20.75,2025-06-23,137.0,SPE8E625V1436P00001,8T775,SPE8E626T4316.PDF p.6,1.3,6.0
SPE8E626T4343,SPE8E6-26-T-4343,SPE8E626T4343.PDF,2026-08-26,2026-09-08,19,HUBZone set-aside,2,False,,True,7,True,7,False,,False,,False,,True,3,recent exact-NSN history,1,0,3000.0,,150.0,2026-08-12,4.0,SPE8E626V2002,0YVT7,SPE8E626T4343.PDF p.6,0.1,20.0
SPE8E626T4351,SPE8E6-26-T-4351,SPE8E626T4351.PDF,2026-08-26,2026-09-08,18,HUBZone set-aside,2,False,,True,7,False,,False,,False,,False,,True,3,no procurement history in PDF - investigate DLA management price; line stays unpriced,1,0,,,,,,,,,,
SPE8E626T4359,SPE8E6-26-T-4359,SPE8E626T4359.PDF,2026-08-27,2026-09-08,19,HUBZone set-aside,2,False,,True,7,True,7,False,,False,,False,,True,3,no procurement history in PDF - investigate DLA management price; line stays unpriced,1,0,,,,,,,,,,
SPE8E626T4542,SPE8E6-26-T-4542,SPE8E626T4542.PDF,2026-09-09,2026-09-21,19,HUBZone set-aside,2,False,,True,7,True,7,False,,False,,False,,True,3,recent exact-NSN history,1,0,3260.8,,50.95,2026-09-04,5.0,SPE8E626P1287,0YVT7,SPE8E626T4542.PDF p.6,0.1,20.0
SPE8E626T4718,SPE8E6-26-T-4718,SPE8E626T4718.PDF,2026-09-25,2026-10-05,19,HUBZone set-aside,2,False,,True,7,True,7,False,,False,,False,,True,3,recent exact-NSN history,1,0,298.5,,9.95,2026-03-24,50.0,SPE8E626V1035,0YVT7,SPE8E626T4718.PDF p.6,0.5,9.0
SPE8E626T4728,SPE8E6-26-T-4728,SPE8E626T4728.PDF,2026-09-25,2026-10-05,19,HUBZone set-aside,2,False,,True,8,True,7,False,,False,,False,,True,3,recent exact-NSN history,1,0,120.0,,120.0,2026-08-18,1.0,SPE8E626V2066,3HTS6,SPE8E626T4728.PDF p.6,0.1,19.0
SPE8E626T4746,SPE8E6-26-T-4746,SPE8E626T4746.PDF,2026-09-29,2026-10-09,19,HUBZone set-aside,2,False,,True,7,True,7,False,,False,,True,3,True,3,recent exact-NSN history,1,0,180.0,,90.0,2021-10-06,7.0,SPE8E622P0025,8T775,SPE8E626T4746.PDF p.6,5.0,2.0
SPE8E626T4760,SPE8E6-26-T-4760,SPE8E626T4760.PDF,2026-09-30,2026-10-13,20,HUBZone set-aside,2,False,,True,7,True,7,False,,False,,True,3,True,3,recent exact-NSN history,1,0,3600.0,,225.0,2025-06-23,16.0,SPE8E625V1423P00001,8T775,SPE8E626T4760.PDF p.6,1.3,19.0
SPE8E626T4774,SPE8E6-26-T-4774,SPE8E626T4774.PDF,2026-09-30,2026-10-13,21,HUBZone set-aside,2,True,3,True,9,True,9,False,,False,,True,3,True,4,no procurement history in PDF - investigate DLA management price; line stays unpriced,1,1,,,,,,,,,,
SPE8E726T2421,SPE8E7-26-T-2421,SPE8E726T2421.PDF,2026-04-30,2026-05-11,23,HUBZone set-aside,2,False,,True,8,True,7,False,,False,,False,,True,3,recent exact-NSN history,1,0,1785.0,,1785.0,2023-09-22,1.0,SPE8E723P1667,0BTU8,SPE8E726T2421.PDF p.6,3.0,4.0
SPE8E726T2496,SPE8E7-26-T-2496,SPE8E726T2496.PDF,2026-05-06,2026-05-18,23,HUBZone set-aside,2,False,,False,,False,,False,,False,,True,3,True,3,history older than 5 years - compare with DLA management price,1,0,4332.96,,84.96,1998-09-20,10.0,SP056098MWU41,0RCD8,SPE8E726T2496.PDF p.6,28.0,1.0
SPE8E726T2517,SPE8E7-26-T-2517,SPE8E726T2517.PDF,2026-05-08,2026-05-18,29,HUBZone set-aside; SDVOSB set-aside,2,True,3,True,9,True,8,False,,False,,True,3,True,4,recent exact-NSN history,1,1,193767.75,,5871.75,2022-09-09,11.0,SPE8E722P1458,67291,SPE8E726T2517.PDF p.7,4.1,12.0
SPE8E726T2642,SPE8E7-26-T-2642,SPE8E726T2642.PDF,2026-05-15,2026-05-26,20,Total small business set-aside,2,True,3,True,7,True,7,False,,False,,False,,True,3,recent exact-NSN history,1,1,35376.0,,2948.0,2025-04-03,11.0,SPE8E725P0503,2Y126,SPE8E726T2642.PDF p.6,1.5,12.0
SPE8E726T2804,SPE8E7-26-T-2804,SPE8E726T2804.PDF,2026-06-02,2026-06-12,21,HUBZone set-aside,2,False,,True,7,True,7,False,,False,,False,,True,3,no procurement history in PDF - investigate DLA management price; line stays unpriced,2,0,,,,,,,,,,
SPE8E726T2817,SPE8E7-26-T-2817,SPE8E726T2817.PDF,2026-06-02,2026-06-12,19,HUBZone set-aside,2,False,,False,,False,,False,,False,,False,,True,3,history older than 5 years - compare with DLA management price,1,0,729.48,,60.79,1979-03-20,3.0,F3365778C0645,76301,SPE8E726T2817.PDF p.6,47.5,1.0
SPE8E726T2920,SPE8E7-26-T-2920,SPE8E726T2920.PDF,2026-06-11,2026-06-22,19,HUBZone set-aside,2,False,,True,8,True,7,False,,False,,False,,True,3,history older than 5 years - compare with DLA management price,1,0,3273.9,,46.77,2021-04-14,8.0,SPE8E721P1106,30194,SPE8E726T2920.PDF p.6,5.5,10.0
SPE8E726T2943,SPE8E7-26-T-2943,SPE8E726T2943.PDF,2026-06-11,2026-06-22,19,HUBZone set-aside,2,False,,True,7,True,7,True,8,False,,False,,True,3,history older than 5 years - compare with DLA management price,1,0,625.0,,125.0,2010-06-25,2.0,SPM4A610MR104,92772,SPE8E726T2943.PDF p.6,16.3,2.0
SPE8E726T3034,SPE8E7-26-T-3034,SPE8E726T3034.PDF,2026-06-11,2026-06-22,19,HUBZone set-aside,2,False,,True,7,True,7,False,,False,,True,3,True,3,recent exact-NSN history,1,0,2620.1,,19.7,2026-05-22,90.0,SPE8E726V0705,34623,SPE8E726T3034.PDF p.6,0.4,18.0
SPE8E726T3241,SPE8E7-26-T-3241,SPE8E726T3241.PDF,2026-07-02,2026-07-13,19,HUBZone set-aside,2,False,,False,,False,,False,,False,,True,3,True,3,history older than 5 years - compare with DLA management price,1,0,110.0,,55.0,2021-03-31,7.0,SPE8E721P1036,4WF58,SPE8E726T3241.PDF p.6,5.5,3.0
SPE8E726T3356,SPE8E7-26-T-3356,SPE8E726T3356.PDF,2026-07-15,2026-07-27,19,HUBZone set-aside,2,False,,True,7,True,7,True,8,False,,False,,True,3,history older than 5 years - compare with DLA management price,1,0,1250.0,,125.0,2010-06-25,2.0,SPM4A610MR104,92772,SPE8E726T3356.PDF p.6,16.3,2.0
SPE8E726T3572,SPE8E7-26-T-3572,SPE8E726T3572.PDF,2026-08-13,2026-08-24,18,HUBZone set-aside,2,False,,False,,False,,False,,False,,False,,True,3,no procurement history in PDF - investigate DLA management price; line stays unpriced,1,0,,,,,,,,,,
SPE8E726T3659,SPE8E7-26-T-3659,SPE8E726T3659.PDF,2026-08-21,2026-08-31,19,HUBZone set-aside,2,False,,True,7,False,,False,,False,,False,,True,3,recent exact-NSN history,1,0,173.31,,57.77,2026-08-11,3.0,SPE8E926V2094,30194,SPE8E726T3659.PDF p.6,0.1,3.0
SPE8E726T3689,SPE8E7-26-T-3689,SPE8E726T3689.PDF,2026-08-26,2026-09-08,20,HUBZone set-aside,2,False,,True,7,True,7,False,,False,,False,,True,3,no procurement history in PDF - investigate DLA management price; line stays unpriced,1,0,,,,,,,,,,
SPE8E726T3839,SPE8E7-26-T-3839,SPE8E726T3839.PDF,2026-09-10,2026-09-21,19,HUBZone set-aside,2,False,,True,7,True,7,True,8,False,,False,,True,3,history older than 5 years - compare with DLA management price,1,0,1750.0,,125.0,2010-06-25,2.0,SPM4A610MR104,92772,SPE8E726T3839.PDF p.6,16.3,2.0
SPE8E726T3856,SPE8E7-26-T-3856,SPE8E726T3856.PDF,2026-09-15,2026-09-25,22,HUBZone set-aside,2,True,3,True,8,True,8,True,9,False,,True,3,True,4,history older than 5 years - compare with DLA management price,1,1,5480.0,,685.0,2020-12-22,11.0,SPE4A621P7488,6ELP9,SPE8E726T3856.PDF p.6,5.8,10.0
SPE8E726T3863,SPE8E7-26-T-3863,SPE8E726T3863.PDF,2026-09-16,2026-09-28,20,HUBZone set-aside,2,False,,True,8,True,7,False,,False,,False,,True,3,history older than 5 years - compare with DLA management price,1,0,9516.0,,52.0,2021-03-04,750.0,SPE8E721V0714P00002,7BUL6,SPE8E726T3863.PDF p.6,5.6,4.0
SPE8E726T3923,SPE8E7-26-T-3923,SPE8E726T3923.PDF,2026-09-17,2026-09-28,19,HUBZone set-aside,2,False,,False,,False,,False,,False,,False,,True,3,history older than 5 years - compare with DLA management price,1,0,26.95,,26.95,2007-11-16,101.0,SPM4A608V0962,8B805,SPE8E726T3923.PDF p.6,18.9,2.0
SPE8E726T3983,SPE8E7-26-T-3983,SPE8E726T3983.PDF,2026-09-28,2026-10-08,21,HUBZone set-aside,2,False,,True,8,True,7,False,,False,,True,3,True,3,recent exact-NSN history,2,0,2718.6,,19.7,2026-05-22,90.0,SPE8E726V0705,34623,SPE8E726T3983.PDF p.6,0.4,18.0
SPE8E826T4122,SPE8E8-26-T-4122,SPE8E826T4122.PDF,2026-06-11,2026-06-22,20,HUBZone set-aside,2,False,,True,7,True,7,True,9,True,8,True,3,True,3,recent exact-NSN history,1,0,5430.0,,135.75,2023-05-22,17.0,SPE8E823P0613,1DPK8,SPE8E826T4122.PDF p.6,3.4,9.0
SPE8E926Q0496,SPE8E926Q0496,SPE8E926Q0496.PDF,2026-07-01,2026-07-08,26,Partial small business set-aside; HUBZone set-aside,13,False,,True,3,True,3,True,4,False,,False,,False,,no procurement history in PDF - investigate DLA management price; line stays unpriced,0,0,,no CLINs parsed,,,,,,,,
SPE8E926Q0708,SPE8E926Q0708,SPE8E926Q0708.PDF,2026-08-20,2026-08-20,24,Partial small business set-aside; HUBZone set-aside,11,False,,False,,False,,False,,False,,False,,False,,no procurement history in PDF - investigate DLA management price; line stays unpriced,0,0,,no CLINs parsed,,,,,,,,
SPE8E926T2754,SPE8E9-26-T-2754,SPE8E926T2754.PDF,2026-06-01,2026-06-11,20,Total small business set-aside,2,False,,False,,False,,False,,False,,True,2,True,3,recent exact-NSN history,1,0,14530.0,,7265.0,2024-10-09,1.0,SPE8E925V0088,1Q494,SPE8E926T2754.PDF p.5,2.0,10.0
SPE8E926T3206,SPE8E9-26-T-3206,SPE8E926T3206.PDF,2026-07-23,2026-08-03,20,Total small business set-aside,2,False,,False,,False,,False,,False,,False,,True,3,recent exact-NSN history,1,0,11599.5,,1054.5,2026-06-30,10.0,SPE8E926V1856P00001,3WJU3,SPE8E926T3206.PDF p.5,0.3,11.0
SPE8E926T3392,SPE8E9-26-T-3392,SPE8E926T3392.PDF,2026-08-06,2026-08-17,20,No set-aside clause found (check SF18 block),,False,,False,,False,,False,,False,,False,,True,3,recent exact-NSN history,1,0,80875.08,,8986.12,2026-05-21,12.0,SPE8E926P0949P00001,0C0B1,SPE8E926T3392.PDF p.6,0.4,19.0
SPE8E926T3558,SPE8E9-26-T-3558,SPE8E926T3558.PDF,2026-08-20,2026-08-31,22,Total small business set-aside,2,False,,False,,False,,True,8,False,,False,,True,3,recent exact-NSN history,2,0,51400.0,,257.0,2026-08-14,44.0,SPE8E926V2121,1Q494,SPE8E926T3558.PDF p.5,0.1,20.0
SPE8E926T3750,SPE8E9-26-T-3750,SPE8E926T3750.PDF,2026-09-09,2026-09-21,20,Total small business set-aside,2,False,,False,,False,,False,,False,,False,,True,3,recent exact-NSN history,1,0,20300.0,,290.0,2026-05-11,70.0,SPE8E926V1502,00DV6,SPE8E926T3750.PDF p.5,0.4,20.0
SPE8E926T3771,SPE8E9-26-T-3771,SPE8E926T3771.PDF,2026-09-11,2026-09-21,20,Total small business set-aside,2,False,,False,,False,,False,,False,,False,,True,3,recent exact-NSN history,1,0,63000.0,,1575.0,2026-05-06,6.0,SPE8E926V1442,00DV6,SPE8E926T3771.PDF p.5,0.4,20.0
SPE8E926T3884,SPE8E9-26-T-3884,SPE8E926T3884.PDF,2026-09-24,2026-10-05,20,HUBZone set-aside,2,False,,False,,False,,False,,False,,False,,True,3,recent exact-NSN history,1,0,5598.72,,1866.24,2022-12-22,4.0,SPE8E923V0609P00001,3V5Q1,SPE8E926T3884.PDF p.6,3.8,13.0
SPE8E926T3904,SPE8E9-26-T-3904,SPE8E926T3904.PDF,2026-09-28,2026-10-08,20,HUBZone set-aside,2,False,,False,,False,,False,,False,,False,,True,3,recent exact-NSN history,1,0,10077.83,,1439.69,2025-10-21,9.0,SPE8E926V0113,8V607,SPE8E926T3904.PDF p.6,0.9,20.0
SPE8EE26T1778,SPE8EE-26-T-1778,SPE8EE26T1778.PDF,2026-06-01,2026-06-11,18,HUBZone set-aside,2,False,,False,,False,,True,7,True,7,True,3,True,3,history older than 5 years - compare with DLA management price,1,0,136.85999999999999,,45.62,2010-02-18,11.0,SPM8EE10M0183,0MXV2,SPE8EE26T1778.PDF p.6,16.6,4.0
SPE8EE26T2689,SPE8EE-26-T-2689,SPE8EE26T2689.PDF,2026-09-28,2026-10-08,18,HUBZone set-aside,2,False,,False,,False,,True,7,True,7,True,3,True,3,history older than 5 years - compare with DLA management price,1,0,45.62,,45.62,2010-02-18,11.0,SPM8EE10M0183,0MXV2,SPE8EE26T2689.PDF p.6,16.6,4.0
SPE8EF26T1604,SPE8EF-26-T-1604,SPE8EF26T1604.PDF,2026-08-10,2026-08-20,19,HUBZone set-aside,2,False,,False,,False,,True,7,False,,False,,True,3,history older than 5 years - compare with DLA management price,1,0,2134.0,,1067.0,2021-01-05,6.0,SPE8EF21P0253P00001,3AD21,SPE8EF26T1604.PDF p.6,5.7,3.0
SPE8EN26T2916,SPE8EN-26-T-2916,SPE8EN26T2916.PDF,2026-08-13,2026-08-24,19,HUBZone set-aside,2,False,,True,7,True,7,False,,False,,False,,True,3,no procurement history in PDF - investigate DLA management price; line stays unpriced,1,0,,,,,,,,,,
SPE8EN26T3103,SPE8EN-26-T-3103,SPE8EN26T3103.PDF,2026-09-03,2026-09-14,22,HUBZone set-aside,2,False,,True,7,True,7,True,8,True,7,False,,True,3,recent exact-NSN history,1,0,9972.0,,4986.0,2025-12-16,2.0,SPE8EN26P0207,13774,SPE8EN26T3103.PDF p.6,0.8,4.0
SPE8EN26T3157,SPE8EN-26-T-3157,SPE8EN26T3157.PDF,2026-09-15,2026-09-25,20,HUBZone set-aside,2,False,,True,7,True,8,False,,False,,False,,True,3,recent exact-NSN history,1,0,13720.0,,686.0,2026-02-02,2.0,SPE8EN26V0289,56064,SPE8EN26T3157.PDF p.6,0.7,20.0
SPE1C127Q0005,SPE1C127Q0005,SPE1C127Q0005.PDF,2026-09-14,2026-09-21,23,Partial small business set-aside; HUBZone set-aside,11,True,7,False,,False,,False,,False,,False,,False,,no procurement history in PDF - investigate DLA management price; line stays unpriced,0,0,,no CLINs parsed,,,,,,,,
SPE4A026T2701,SPE4A0-26-T-2701,SPE4A026T2701.PDF,2026-04-21,2026-04-28,23,HUBZone set-aside,2,False,,True,7,True,7,False,,False,,False,,True,3,recent exact-NSN history,1,0,1200.0,,1200.0,2026-04-08,1.0,SPE4A026P1303P00001,23371,SPE4A026T2701.PDF p.6,0.5,2.0
SPE4A026T2909,SPE4A0-26-T-2909,SPE4A026T2909.PDF,2026-05-04,2026-05-11,23,HUBZone set-aside,2,False,,True,7,False,,False,,False,,False,,True,3,recent exact-NSN history,1,0,4277.77,,4277.77,2025-11-05,1.0,SPE4A626V2466P00001,646V6,SPE4A026T2909.PDF p.6,0.9,3.0
SPE4A026T4020,SPE4A0-26-T-4020,SPE4A026T4020.PDF,2026-07-24,2026-07-31,21,HUBZone set-aside,2,True,3,True,8,True,8,False,,False,,True,3,True,4,recent exact-NSN history,1,1,6612.0,,6612.0,2025-08-26,3.0,SPE4A625PAAZJ,0HS46,SPE4A026T4020.PDF p.6,1.1,2.0
SPE4A026T4230,SPE4A0-26-T-4230,SPE4A026T4230.PDF,2026-08-10,2026-08-17,20,Total small business set-aside,2,False,,True,8,True,7,True,8,False,,True,2,True,3,recent exact-NSN history,1,0,12980.0,,12980.0,2024-05-01,2.0,SPE4A624V150K,3T8J4,SPE4A026T4230.PDF p.6,2.4,5.0
SPE4A026T4334,SPE4A0-26-T-4334,SPE4A026T4334.PDF,2026-08-19,2026-08-26,21,HUBZone set-aside,2,True,3,True,9,True,8,False,,False,,True,3,True,4,recent exact-NSN history,1,1,2680.0,,2680.0,2025-11-20,1.0,SPE4A626P6821P00001,8SKT8,SPE4A026T4334.PDF p.6,0.9,1.0
SPE4A026T4348,SPE4A0-26-T-4348,SPE4A026T4348.PDF,2026-08-19,2026-08-26,21,HUBZone set-aside,2,True,3,True,8,True,8,True,9,False,,True,3,True,4,history older than 5 years - compare with DLA management price,1,1,10243.0,,10243.0,2017-05-25,4.0,SPE4A617VD738,32865,SPE4A026T4348.PDF p.7,9.3,2.0
SPE4A026T4439,SPE4A0-26-T-4439,SPE4A026T4439.PDF,2026-08-24,2026-08-31,20,HUBZone set-aside,2,True,3,True,7,True,7,True,8,False,,True,3,True,4,no procurement history in PDF - investigate DLA management price; line stays unpriced,1,1,,,,,,,,,,
SPE4A026T4617,SPE4A0-26-T-4617,SPE4A026T4617.PDF,2026-09-04,2026-09-11,19,HUBZone set-aside,2,False,,True,7,True,7,True,8,False,,False,,True,3,recent exact-NSN history,1,0,9793.37,,9793.37,2023-05-10,1.0,SPE4A623PM274,80495,SPE4A026T4617.PDF p.6,3.4,9.0
SPE4A026T4658,SPE4A0-26-T-4658,SPE4A026T4658.PDF,2026-09-04,2026-09-11,20,Total small business set-aside,2,False,,True,7,True,7,False,,False,,True,2,True,3,recent exact-NSN history,1,0,14777.77,,14777.77,2026-08-12,1.0,SPE4A126V1587,646V6,SPE4A026T4658.PDF p.5,0.1,6.0
SPE4A026T4677,SPE4A0-26-T-4677,SPE4A026T4677.PDF,2026-09-04,2026-09-11,20,HUBZone set-aside,2,False,,True,7,True,7,False,,False,,False,,True,3,no procurement history in PDF - investigate DLA management price; line stays unpriced,1,0,,,,,,,,,,
SPE4A026T4734,SPE4A0-26-T-4734,SPE4A026T4734.PDF,2026-09-09,2026-09-16,22,HUBZone set-aside,2,True,3,True,9,True,8,False,,False,,True,3,True,4,recent exact-NSN history,1,1,1950.0,,1950.0,2025-11-20,1.0,SPE4A626P6957P00001,8SKT8,SPE4A026T4734.PDF p.7,0.9,6.0
SPE4A026T4896,SPE4A0-26-T-4896,SPE4A026T4896.PDF,2026-09-18,2026-09-25,19,HUBZone set-aside,2,False,,True,7,True,7,True,8,False,,True,3,True,3,history older than 5 years - compare with DLA management price,1,0,1494.16,,1494.16,2017-04-21,1.0,SPE4A617VB590,1N8T8,SPE4A026T4896.PDF p.6,9.4,1.0
SPE4A026T4936,SPE4A0-26-T-4936,SPE4A026T4936.PDF,2026-09-21,2026-09-28,19,HUBZone set-aside,2,False,,False,,False,,False,,False,,False,,True,3,no procurement history in PDF - investigate DLA management price; line stays unpriced,1,0,,,,,,,,,,
SPE4A026T4944,SPE4A0-26-T-4944,SPE4A026T4944.PDF,2026-09-21,2026-09-28,19,HUBZone set-aside,2,False,,False,,True,7,True,8,False,,True,3,True,3,recent exact-NSN history,1,0,2900.0,,2900.0,2025-12-31,9.0,SPE4A626PB044P00001,8SKT8,SPE4A026T4944.PDF p.6,0.7,1.0
SPE4A026T4954,SPE4A0-26-T-4954,SPE4A026T4954.PDF,2026-09-22,2026-09-29,19,HUBZone set-aside,2,False,,False,,False,,True,7,False,,True,3,True,3,recent exact-NSN history,1,0,394.0,,394.0,2026-06-12,1.0,SPE4A126V0907,3T8J4,SPE4A026T4954.PDF p.6,0.3,9.0
SPE4A026T4963,SPE4A0-26-T-4963,SPE4A026T4963.PDF,2026-09-22,2026-09-29,18,HUBZone set-aside,2,False,,False,,False,,False,,False,,False,,True,3,no procurement history in PDF - investigate DLA management price; line stays unpriced,1,0,,,,,,,,,,
SPE4A026T5032,SPE4A0-26-T-5032,SPE4A026T5032.PDF,2026-09-25,2026-10-02,21,HUBZone set-aside,2,False,,False,,False,,False,,False,,False,,True,3,no procurement history in PDF - investigate DLA management price; line stays unpriced,2,0,,,,,,,,,,
SPE4A026T5074,SPE4A0-26-T-5074,SPE4A026T5074.PDF,2026-09-30,2026-10-07,23,HUBZone set-aside,2,True,3,False,,True,8,True,9,False,,True,3,True,4,no procurement history in PDF - investigate DLA management price; line stays unpriced,1,1,,,,,,,,,,
SPE4A126T1498,SPE4A1-26-T-1498,SPE4A126T1498.PDF,2026-02-26,2026-03-05,23,Total small business set-aside,2,False,,True,7,False,,False,,False,,False,,True,3,recent exact-NSN history,1,0,37389.8,,9347.45,2025-11-19,4.0,SPE4A626P6408,58078,SPE4A126T1498.PDF p.6,0.9,5.0
SPE4A126T1682,SPE4A1-26-T-1682,SPE4A126T1682.PDF,2026-03-18,2026-03-30,25,HUBZone set-aside,2,False,,True,7,False,,False,,False,,True,3,True,3,recent exact-NSN history,1,0,18909.0,,525.25,2025-08-20,66.0,SPE4A625PYV19P00001,646V6,SPE4A126T1682.PDF p.6,1.1,11.0
SPE4A126T1925,SPE4A1-26-T-1925,SPE4A126T1925.PDF,2026-04-22,2026-04-29,26,HUBZone set-aside,2,True,3,True,8,True,8,True,9,False,,True,3,True,4,recent exact-NSN history,1,1,10750.0,,10750.0,2025-02-27,11.0,SPE4A625PH228,6ZSR8,SPE4A126T1925.PDF p.7,1.6,8.0
SPE4A126T2772,SPE4A1-26-T-2772,SPE4A126T2772.PDF,2026-09-15,2026-09-22,20,HUBZone set-aside,2,False,,True,8,True,7,False,,False,,True,3,True,3,no procurement history in PDF - investigate DLA management price; line stays unpriced,1,0,,,,,,,,,,
SPE4A426T0083,SPE4A4-26-T-0083,SPE4A426T0083.PDF,2026-04-10,2026-04-17,23,HUBZone set-aside,2,False,,True,8,True,7,False,,False,,False,,True,3,recent exact-NSN history,1,0,9800.0,,700.0,2025-05-22,2.0,SPE4A625V272X,9NTF1,SPE4A426T0083.PDF p.6,1.4,2.0
SPE4A426T0111,SPE4A4-26-T-0111,SPE4A426T0111.PDF,2026-05-18,2026-05-26,19,HUBZone set-aside,2,False,,True,8,True,7,False,,False,,False,,True,3,recent exact-NSN history,1,0,7329.24,,610.77,2026-04-21,3.0,SPE4A626PN308,646V6,SPE4A426T0111.PDF p.6,0.4,4.0
SPE4A426T0192,SPE4A4-26-T-0192,SPE4A426T0192.PDF,2026-08-28,2026-09-04,22,HUBZone set-aside,2,True,3,True,8,True,8,False,,False,,True,3,True,4,recent exact-NSN history,1,1,2650.0,,2650.0,2024-02-01,2.0,SPE4A624PE247P00002,8WBD2,SPE4A426T0192.PDF p.7,2.7,5.0
SPE4A426T0200,SPE4A4-26-T-0200,SPE4A426T0200.PDF,2026-09-17,2026-09-24,21,HUBZone set-aside,2,True,3,True,9,True,8,True,9,False,,True,3,True,4,history older than 5 years - compare with DLA management price,1,1,29260.0,,5852.0,2019-07-29,12.0,SPE4A919Z0571,98752,SPE4A426T0200.PDF p.7,7.2,5.0
SPE4A526T111H,SPE4A5-26-T-111H,SPE4A526T111H.PDF,2026-05-06,2026-05-13,23,HUBZone set-aside,2,False,,True,8,False,,True,8,False,,False,,True,3,recent exact-NSN history,1,0,9106.25,,1821.25,2026-04-07,4.0,SPE4A526P4145,7TT37,SPE4A526T111H.PDF p.6,0.5,18.0
SPE4A526T211W,SPE4A5-26-T-211W,SPE4A526T211W.PDF,2026-06-04,2026-06-11,19,HUBZone set-aside,2,False,,True,8,True,7,True,8,False,,True,3,True,3,recent exact-NSN history,1,0,10480.47,,952.77,2026-05-12,7.0,SPE4A526P5073,646V6,SPE4A526T211W.PDF p.6,0.4,11.0
SPE4A526T273W,SPE4A5-26-T-273W,SPE4A526T273W.PDF,2026-07-07,2026-07-14,19,HUBZone set-aside,2,False,,True,7,True,7,False,,False,,False,,True,3,no procurement history in PDF - investigate DLA management price; line stays unpriced,1,0,,,,,,,,,,
SPE4A526T332W,SPE4A5-26-T-332W,SPE4A526T332W.PDF,2026-08-06,2026-08-13,21,HUBZone set-aside,2,True,3,True,8,True,8,True,10,False,,True,3,True,4,history older than 5 years - compare with DLA management price,1,1,9920.0,,496.0,2013-05-23,5.0,SPE4A513M5419,58985,SPE4A526T332W.PDF p.6,13.4,1.0
SPE4A526T356L,SPE4A5-26-T-356L,SPE4A526T356L.PDF,2026-08-17,2026-08-24,19,HUBZone set-aside,2,False,,True,7,True,7,True,8,False,,True,3,True,3,history older than 5 years - compare with DLA management price,1,0,173.0,,173.0,1986-08-05,5.0,SP050094MEH31,62502,SPE4A526T356L.PDF p.6,40.2,1.0
SPE4A526T399A,SPE4A5-26-T-399A,SPE4A526T399A.PDF,2026-09-01,2026-09-08,21,Total small business set-aside,2,True,3,True,9,True,8,True,9,False,,True,2,True,3,recent exact-NSN history,1,1,31437.0,,499.0,2024-01-08,119.0,SPE4A624PB924,77221,SPE4A526T399A.PDF p.6,2.7,19.0
SPE4A526T425M,SPE4A5-26-T-425M,SPE4A526T425M.PDF,2026-09-15,2026-09-22,19,HUBZone set-aside,2,False,,True,8,True,7,True,8,False,,True,3,True,3,recent exact-NSN history,1,0,9527.7,,952.77,2026-05-12,7.0,SPE4A526P5073,646V6,SPE4A526T425M.PDF p.6,0.4,11.0
SPE4A526T449D,SPE4A5-26-T-449D,SPE4A526T449D.PDF,2026-09-18,2026-09-25,19,Total small business set-aside,2,False,,True,7,True,7,True,8,False,,True,2,True,3,recent exact-NSN history,1,0,17273.32,,4318.33,2025-03-26,2.0,SPE4A625PL282,72DG1,SPE4A526T449D.PDF p.6,1.5,11.0
SPE4A526T6635,SPE4A5-26-T-6635,SPE4A526T6635.PDF,2026-01-12,2026-01-20,28,HUBZone set-aside,2,False,,True,7,True,7,True,8,False,,False,,True,3,history older than 5 years - compare with DLA management price,1,0,1043.0,,149.0,2005-06-29,2.0,SP057005M6956,2B816,SPE4A526T6635.PDF p.6,21.3,1.0
SPE4A526T8110,SPE4A5-26-T-8110,SPE4A526T8110.PDF,2026-02-17,2026-02-24,27,HUBZone set-aside,2,False,,True,8,True,7,True,8,False,,True,3,True,3,recent exact-NSN history,1,0,6445.32,,920.76,2026-01-20,5.0,SPE4A526P2517,0RLV7,SPE4A526T8110.PDF p.6,0.7,8.0
SPE4A526T9993,SPE4A5-26-T-9993,SPE4A526T9993.PDF,2026-03-16,2026-03-23,23,HUBZone set-aside,2,False,,True,7,True,7,True,8,False,,False,,True,3,recent exact-NSN history,1,0,819.72,,8.91,2025-06-26,279.0,SPE4A525F011NP00001,3B1R2,SPE4A526T9993.PDF p.6,1.3,3.0
SPE4A626Q0866,SPE4A626Q0866,SPE4A626Q0866.PDF,2026-04-30,2026-05-15,26,Partial small business set-aside; HUBZone set-aside,14,False,,True,3,True,3,True,4,False,,False,,False,,no procurement history in PDF - investigate DLA management price; line stays unpriced,0,0,,no CLINs parsed,,,,,,,,
SPE4A626Q1200,SPE4A626Q1200,SPE4A626Q1200.PDF,2026-07-22,2026-07-30,24,Partial small business set-aside; HUBZone set-aside,11,True,6,False,,True,2,True,3,False,,False,,False,,no procurement history in PDF - investigate DLA management price; line stays unpriced,0,0,,no CLINs parsed,,,,,,,,
SPE4A626Q1360,SPE4A626Q1360,SPE4A626Q1360.PDF,2026-08-27,2026-09-10,17,HUBZone set-aside,17,True,7,True,3,True,4,True,4,False,,False,,False,,no procurement history in PDF - investigate DLA management price; line stays unpriced,0,0,,no CLINs parsed,,,,,,,,
SPE4A626T01LL,SPE4A6-26-T-01LL,SPE4A626T01LL.PDF,2026-06-29,2026-07-06,20,No set-aside clause found (check SF18 block),,False,,True,9,True,8,False,,False,,False,,True,3,recent exact-NSN history,1,0,23864.09,,1403.77,2025-12-02,6.0,SPE4A626V4382,646V6,SPE4A626T01LL.PDF p.6,0.8,20.0
SPE4A626T01MM,SPE4A6-26-T-01MM,SPE4A626T01MM.PDF,2026-06-29,2026-07-06,21,HUBZone set-aside,2,True,3,False,,False,,True,8,False,,True,3,True,4,recent exact-NSN history,1,1,1918.25,,383.65,2025-02-26,13.0,SPE4A625PH007,4VAS1,SPE4A626T01MM.PDF p.7,1.6,7.0
SPE4A626T01QF,SPE4A6-26-T-01QF,SPE4A626T01QF.PDF,2026-06-29,2026-07-06,21,Total small business set-aside,2,True,3,True,8,True,7,True,8,False,,True,2,True,3,history older than 5 years - compare with DLA management price,1,1,103309.40000000001,,20661.88,2015-04-23,5.0,SPE4A615M9227P00001,67291,SPE4A626T01QF.PDF p.6,11.4,1.0
SPE4A626T01VB,SPE4A6-26-T-01VB,SPE4A626T01VB.PDF,2026-06-30,2026-07-07,20,HUBZone set-aside,2,False,,True,7,True,7,True,8,False,,True,3,True,3,recent exact-NSN history,1,0,4530.75,,1510.25,2026-01-26,3.0,SPE4A626PD585,6ZSR8,SPE4A626T01VB.PDF p.6,0.7,7.0
SPE4A626T01ZM,SPE4A6-26-T-01ZM,SPE4A626T01ZM.PDF,2026-06-30,2026-07-07,22,HUBZone set-aside,2,True,3,True,8,True,8,True,9,False,,True,3,True,4,recent exact-NSN history,1,1,1905.4099999999999,,146.57,2024-02-29,24.0,SPE7LX24FZ07TP00001,75Q65,SPE4A626T01ZM.PDF p.7,2.6,2.0
SPE4A626T02AD,SPE4A6-26-T-02AD,SPE4A626T02AD.PDF,2026-06-30,2026-07-07,22,Total small business set-aside,2,True,3,True,7,True,7,False,,False,,True,2,True,4,recent exact-NSN history,1,1,26200.0,,3275.0,2026-01-23,9.0,SPE4A626PD269,8WBD2,SPE4A626T02AD.PDF p.6,0.7,6.0
SPE4A626T02CQ,SPE4A6-26-T-02CQ,SPE4A626T02CQ.PDF,2026-07-01,2026-07-08,19,HUBZone set-aside,2,False,,True,7,True,7,True,8,False,,True,3,True,3,history older than 5 years - compare with DLA management price,1,0,8120.0,,2030.0,2006-01-11,1.0,SPM4A606M2515,0T0G3,SPE4A626T02CQ.PDF p.6,20.7,2.0
SPE4A626T02EX,SPE4A6-26-T-02EX,SPE4A626T02EX.PDF,2026-07-01,2026-07-08,21,HUBZone set-aside,2,True,3,True,9,True,8,True,9,False,,True,3,True,4,history older than 5 years - compare with DLA management price,1,1,2500.0,,625.0,2014-01-16,4.0,SPE4A614M6909,012M4,SPE4A626T02EX.PDF p.7,12.7,2.0
SPE4A626T02JC,SPE4A6-26-T-02JC,SPE4A626T02JC.PDF,2026-07-02,2026-07-09,23,No set-aside clause found (check SF18 block),,True,3,True,9,True,9,True,10,False,,True,3,True,4,recent exact-NSN history,1,1,22780.0,,1340.0,2026-01-14,12.0,SPE4A626PC245P00001,3B8L1,SPE4A626T02JC.PDF p.7,0.7,16.0
SPE4A626T02UC,SPE4A6-26-T-02UC,SPE4A626T02UC.PDF,2026-07-06,2026-07-13,23,HUBZone set-aside,2,True,3,True,9,True,8,True,9,False,,True,3,True,4,history older than 5 years - compare with DLA management price,1,1,4660.0,,1165.0,2010-05-25,12.0,SPM4A610MN543,24581,SPE4A626T02UC.PDF p.7,16.4,3.0
SPE4A626T02XN,SPE4A6-26-T-02XN,SPE4A626T02XN.PDF,2026-07-06,2026-07-13,25,HUBZone set-aside; SDVOSB set-aside,2,True,3,True,9,True,8,True,9,False,,True,3,True,4,recent exact-NSN history,1,1,107680.4,,26920.1,2023-11-21,20.0,SPE4A624F3539P00002,8WBD2,SPE4A626T02XN.PDF p.6,2.9,7.0
SPE4A626T02ZD,SPE4A6-26-T-02ZD,SPE4A626T02ZD.PDF,2026-07-06,2026-07-13,22,HUBZone set-aside,2,True,3,True,8,True,8,True,9,False,,True,3,True,4,recent exact-NSN history,1,1,9900.0,,3300.0,2026-05-14,7.0,SPE4A626PR175P00001,23371,SPE4A626T02ZD.PDF p.7,0.4,2.0
SPE4A626T02ZR,SPE4A6-26-T-02ZR,SPE4A626T02ZR.PDF,2026-07-06,2026-07-13,19,HUBZone set-aside,2,False,,True,7,True,7,False,,False,,False,,True,3,recent exact-NSN history,1,0,3360.0,,80.0,2026-06-23,1.0,SPE4A126V1014,19DN2,SPE4A626T02ZR.PDF p.6,0.3,4.0
SPE4A626T03B7,SPE4A6-26-T-03B7,SPE4A626T03B7.PDF,2026-03-23,2026-03-30,25,HUBZone set-aside,2,True,3,True,9,True,8,True,9,False,,True,3,True,4,recent exact-NSN history,1,1,2975.25,,2975.25,2025-05-14,1.0,SPE4A625PS543,6ZSR8,SPE4A626T03B7.PDF p.7,1.4,2.0
SPE4A626T03JE,SPE4A6-26-T-03JE,SPE4A626T03JE.PDF,2026-07-07,2026-07-14,20,HUBZone set-aside,2,False,,True,8,True,8,True,9,False,,True,3,True,3,recent exact-NSN history,1,0,26046.0,,1447.0,2025-01-28,1.0,SPE4A625PD369,08AF1,SPE4A626T03JE.PDF p.6,1.7,20.0
SPE4A626T03PH,SPE4A6-26-T-03PH,SPE4A626T03PH.PDF,2026-07-07,2026-07-14,21,HUBZone set-aside,2,True,3,True,8,True,8,False,,False,,True,3,True,4,history older than 5 years - compare with DLA management price,1,1,28500.0,,9500.0,2020-02-10,1.0,SPE4AL20P0087P00001,6ZSR8,SPE4A626T03PH.PDF p.6,6.6,5.0
SPE4A626T03PJ,SPE4A6-26-T-03PJ,SPE4A626T03PJ.PDF,2026-07-07,2026-07-14,20,Total small business set-aside,2,False,,True,8,True,7,True,8,False,,True,2,True,3,recent exact-NSN history,1,0,38940.0,,12980.0,2024-05-01,2.0,SPE4A624V150K,3T8J4,SPE4A626T03PJ.PDF p.6,2.4,5.0
SPE4A626T03PY,SPE4A6-26-T-03PY,SPE4A626T03PY.PDF,2026-07-07,2026-07-14,22,HUBZone set-aside,2,True,3,True,8,True,8,True,9,False,,True,3,True,4,recent exact-NSN history,1,1,12400.0,,3100.0,2025-04-04,11.0,SPE4A625PM649P00001,6ZSR8,SPE4A626T03PY.PDF p.7,1.5,6.0
SPE4A626T03QA,SPE4A6-26-T-03QA,SPE4A626T03QA.PDF,2026-07-07,2026-07-14,22,HUBZone set-aside,2,True,3,True,8,True,8,True,9,False,,True,3,True,4,recent exact-NSN history,1,1,6200.0,,3100.0,2025-04-04,11.0,SPE4A625PM649P00001,6ZSR8,SPE4A626T03QA.PDF p.7,1.5,6.0
SPE4A626T03QD,SPE4A6-26-T-03QD,SPE4A626T03QD.PDF,2026-07-07,2026-07-14,22,Total small business set-aside,2,True,3,True,8,True,8,True,9,False,,True,2,True,4,recent exact-NSN history,1,1,15500.0,,3100.0,2025-04-04,11.0,SPE4A625PM649P00001,6ZSR8,SPE4A626T03QD.PDF p.7,1.5,6.0
SPE4A626T03TJ,SPE4A6-26-T-03TJ,SPE4A626T03TJ.PDF,2026-07-08,2026-07-15,18,HUBZone set-aside,2,False,,False,,False,,False,,False,,False,,True,3,history older than 5 years - compare with DLA management price,1,0,495.0,,13.75,2005-12-14,55.0,SP050006V2266,0NP10,SPE4A626T03TJ.PDF p.6,20.8,1.0
SPE4A626T03UC,SPE4A6-26-T-03UC,SPE4A626T03UC.PDF,2026-07-08,2026-07-15,22,HUBZone set-aside; SDVOSB set-aside,2,True,3,True,10,True,9,True,10,False,,True,3,True,4,recent exact-NSN history,1,1,15277.5,,5092.5,2025-12-12,5.0,SPE4A626P9504P00001,7BUL6,SPE4A626T03UC.PDF p.7,0.8,20.0
SPE4A626T03WD,SPE4A6-26-T-03WD,SPE4A626T03WD.PDF,2026-07-08,2026-07-15,22,HUBZone set-aside; WOSB set-aside,2,True,3,True,9,True,8,True,9,False,,True,3,True,4,recent exact-NSN history,1,1,31533.190000000002,,2425.63,2025-06-23,13.0,SPE4A625PX259,8BPE2,SPE4A626T03WD.PDF p.6,1.3,14.0
SPE4A626T04AD,SPE4A6-26-T-04AD,SPE4A626T04AD.PDF,2026-07-08,2026-07-15,20,HUBZone set-aside,2,False,,True,8,True,7,False,,False,,True,3,True,3,recent exact-NSN history,1,0,2695.0,,385.0,2024-11-18,11.0,SPE4A625P6090,3T8J4,SPE4A626T04AD.PDF p.6,1.9,6.0
SPE4A626T04CZ,SPE4A6-26-T-04CZ,SPE4A626T04CZ.PDF,2026-07-08,2026-07-15,22,HUBZone set-aside,2,True,3,True,8,True,8,False,,False,,True,3,True,4,recent exact-NSN history,1,1,4900.0,,1225.0,2025-10-23,4.0,SPE4A626P3335,6ZSR8,SPE4A626T04CZ.PDF p.7,0.9,6.0
SPE4A626T04HS,SPE4A6-26-T-04HS,SPE4A626T04HS.PDF,2026-07-08,2026-07-15,20,HUBZone set-aside,2,False,,True,7,True,7,False,,False,,True,3,True,3,recent exact-NSN history,1,0,9653.82,,877.62,2025-07-14,2.0,SPE4A625PAJ33,4R2Y5,SPE4A626T04HS.PDF p.6,1.2,2.0
SPE4A626T04QZ,SPE4A6-26-T-04QZ,SPE4A626T04QZ.PDF,2026-07-09,2026-07-16,22,HUBZone set-aside,2,True,3,True,8,True,8,False,,False,,True,3,True,4,recent exact-NSN history,1,1,5370.0,,2685.0,2023-12-06,7.0,SPE4A624P8546,73F14,SPE4A626T04QZ.PDF p.7,2.8,4.0
SPE4A626T04RC,SPE4A6-26-T-04RC,SPE4A626T04RC.PDF,2026-07-09,2026-07-16,21,HUBZone set-aside,2,True,3,True,8,True,8,True,9,False,,True,3,True,4,history older than 5 years - compare with DLA management price,1,1,2860.0,,220.0,2007-01-18,22.0,SPM41205D41020005,0HS46,SPE4A626T04RC.PDF p.7,19.7,2.0
SPE4A626T04RG,SPE4A6-26-T-04RG,SPE4A626T04RG.PDF,2026-07-09,2026-07-16,23,HUBZone set-aside; WOSB set-aside,2,True,3,True,10,True,9,False,,False,,True,3,True,4,recent exact-NSN history,1,1,41401.149999999994,,257.15,2025-07-02,475.0,SPE4A625PY684P00001,5PAL3,SPE4A626T04RG.PDF p.7,1.2,20.0
SPE4A626T04RM,SPE4A6-26-T-04RM,SPE4A626T04RM.PDF,2026-07-09,2026-07-16,22,HUBZone set-aside,2,True,3,True,8,True,9,True,9,False,,True,3,True,4,recent exact-NSN history,1,1,3968.0,,496.0,2023-04-24,10.0,SPE4A623PL177P00001,29056,SPE4A626T04RM.PDF p.7,3.4,11.0
SPE4A626T04WE,SPE4A6-26-T-04WE,SPE4A626T04WE.PDF,2026-07-09,2026-07-16,20,Total small business set-aside,2,False,,True,8,True,7,False,,False,,False,,True,3,recent exact-NSN history,1,0,57777.5,,525.25,2026-06-24,87.0,SPE4A626PV855P00001,646V6,SPE4A626T04WE.PDF p.5,0.3,14.0
SPE4A626T05AQ,SPE4A6-26-T-05AQ,SPE4A626T05AQ.PDF,2026-07-10,2026-07-17,19,HUBZone set-aside,2,False,,True,8,True,7,True,8,False,,False,,True,3,recent exact-NSN history,1,0,5311.8,,590.2,2023-04-14,13.0,SPE4A623F052C,8X897,SPE4A626T05AQ.PDF p.6,3.5,20.0
SPE4A626T05BB,SPE4A6-26-T-05BB,SPE4A626T05BB.PDF,2026-07-10,2026-07-17,20,HUBZone set-aside,2,False,,True,8,True,7,False,,False,,True,3,True,3,recent exact-NSN history,1,0,8667.0,,2889.0,2025-09-03,4.0,SPE4A625P0E56P00001,7R6A0,SPE4A626T05BB.PDF p.6,1.1,20.0
SPE4A626T05BS,SPE4A6-26-T-05BS,SPE4A626T05BS.PDF,2026-07-10,2026-07-17,19,HUBZone set-aside,2,False,,True,8,True,7,True,8,False,,True,3,True,3,history older than 5 years - compare with DLA management price,1,0,2635.0,,155.0,2018-12-04,3.0,SPE4A519V0500,92772,SPE4A626T05BS.PDF p.6,7.8,3.0
SPE4A626T05UF,SPE4A6-26-T-05UF,SPE4A626T05UF.PDF,2026-07-14,2026-07-21,21,Total small business set-aside,2,True,3,True,7,True,7,True,8,False,,True,2,True,4,recent exact-NSN history,1,1,33742.5,,1124.75,2025-01-22,56.0,SPE4A625PC639,6ZSR8,SPE4A626T05UF.PDF p.6,1.7,2.0
SPE4A626T05XS,SPE4A6-26-T-05XS,SPE4A626T05XS.PDF,2026-07-15,2026-07-22,21,Total small business set-aside,2,True,3,True,8,True,8,True,9,False,,True,2,True,4,recent exact-NSN history,1,1,26815.0,,5363.0,2024-05-08,2.0,SPE4A624PN823P00001,24581,SPE4A626T05XS.PDF p.7,2.4,2.0
SPE4A626T06BU,SPE4A6-26-T-06BU,SPE4A626T06BU.PDF,2026-07-15,2026-07-22,21,Total small business set-aside,2,True,3,True,8,True,8,True,9,False,,True,2,True,4,recent exact-NSN history,1,1,17700.0,,2950.0,2025-09-05,2.0,SPE4A625P0E80P00001,8SKT8,SPE4A626T06BU.PDF p.6,1.1,15.0
SPE4A626T06EU,SPE4A6-26-T-06EU,SPE4A626T06EU.PDF,2026-07-15,2026-07-22,19,HUBZone set-aside,2,False,,True,8,True,7,True,8,False,,True,3,True,3,recent exact-NSN history,1,0,3511.0,,1755.5,2025-10-08,6.0,SPE4A626P1202P00001,6ZSR8,SPE4A626T06EU.PDF p.6,1.0,8.0
SPE4A626T06HC,SPE4A6-26-T-06HC,SPE4A626T06HC.PDF,2026-07-15,2026-07-22,20,HUBZone set-aside,2,False,,True,7,True,7,True,8,True,8,True,3,True,3,recent exact-NSN history,1,0,3280.68,,364.52,2026-03-02,9.0,SPE4A626PH289P00001,646V6,SPE4A626T06HC.PDF p.6,0.6,6.0
SPE4A626T06QD,SPE4A6-26-T-06QD,SPE4A626T06QD.PDF,2026-07-15,2026-07-22,22,HUBZone set-aside; WOSB set-aside,2,True,3,True,8,True,8,True,9,False,,True,3,True,4,recent exact-NSN history,1,1,34516.08,,5752.68,2025-05-22,9.0,SPE4A625PT724P00001,0REY5,SPE4A626T06QD.PDF p.7,1.4,18.0
SPE4A626T06QF,SPE4A6-26-T-06QF,SPE4A626T06QF.PDF,2026-07-15,2026-07-22,20,Total small business set-aside,2,True,3,True,7,True,7,True,8,False,,True,2,True,4,recent exact-NSN history,1,1,16142.2,,807.11,2026-03-05,14.0,SPE4A626PH416,42827,SPE4A626T06QF.PDF p.6,0.6,3.0
SPE4A626T06YT,SPE4A6-26-T-06YT,SPE4A626T06YT.PDF,2026-07-17,2026-07-24,19,HUBZone set-aside,2,False,,True,7,True,7,False,,False,,True,3,True,3,no procurement history in PDF - investigate DLA management price; line stays unpriced,1,0,,,,,,,,,,
SPE4A626T07BX,SPE4A6-26-T-07BX,SPE4A626T07BX.PDF,2026-07-17,2026-07-24,22,HUBZone set-aside,2,False,,True,7,True,7,True,8,False,,False,,True,3,recent exact-NSN history,1,0,1587.32,,396.83,2025-08-27,24.0,SPE4A625PZ798P00001,00642,SPE4A626T07BX.PDF p.6,1.1,9.0
SPE4A626T07EU,SPE4A6-26-T-07EU,SPE4A626T07EU.PDF,2026-07-17,2026-07-24,19,Total small business set-aside,2,False,,True,8,True,7,True,8,False,,True,2,True,3,recent exact-NSN history,1,0,48949.25,,6992.75,2026-06-17,3.0,SPE4A626PV264,6ZSR8,SPE4A626T07EU.PDF p.5,0.3,8.0
SPE4A626T07GA,SPE4A6-26-T-07GA,SPE4A626T07GA.PDF,2026-07-17,2026-07-24,19,HUBZone set-aside,2,False,,True,8,True,7,True,8,False,,True,3,True,3,recent exact-NSN history,1,0,32157.5,,1692.5,2026-07-09,6.0,SPE4A626PX391,6ZSR8,SPE4A626T07GA.PDF p.6,0.2,1.0
SPE4A626T07GY,SPE4A6-26-T-07GY,SPE4A626T07GY.PDF,2026-07-17,2026-07-24,19,HUBZone set-aside,2,False,,True,7,True,7,False,,False,,False,,True,3,recent exact-NSN history,1,0,12500.0,,2500.0,2026-04-15,3.0,SPE4A126V0339,23371,SPE4A626T07GY.PDF p.6,0.5,4.0
SPE4A626T07KK,SPE4A6-26-T-07KK,SPE4A626T07KK.PDF,2026-07-17,2026-07-24,22,Total small business set-aside,2,True,3,True,7,True,7,True,8,False,,True,2,True,4,recent exact-NSN history,1,1,69300.0,,5775.0,2025-09-19,7.0,SPE4A625P3251,6ZSR8,SPE4A626T07KK.PDF p.6,1.0,8.0
SPE4A626T07LC,SPE4A6-26-T-07LC,SPE4A626T07LC.PDF,2026-07-17,2026-07-24,21,HUBZone set-aside,2,True,3,True,9,True,8,True,9,False,,True,3,True,4,recent exact-NSN history,1,1,4430.88,,4430.88,2026-07-09,2.0,SPE4A626PX396,0DR48,SPE4A626T07LC.PDF p.6,0.2,3.0
SPE4A626T07QC,SPE4A6-26-T-07QC,SPE4A626T07QC.PDF,2026-07-20,2026-07-27,20,HUBZone set-aside,2,False,,True,7,True,7,False,,False,,False,,True,3,recent exact-NSN history,1,0,12552.0,,3138.0,2022-03-09,1.0,SPE4A622PE868P00001,3T8J4,SPE4A626T07QC.PDF p.6,4.6,3.0
SPE4A626T08LE,SPE4A6-26-T-08LE,SPE4A626T08LE.PDF,2026-07-22,2026-07-29,21,Total small business set-aside,2,True,3,True,8,False,,True,9,False,,True,9,True,3,recent exact-NSN history,1,1,17500.0,,3500.0,2026-07-16,6.0,SPE4A626PX966,87SW0,SPE4A626T08LE.PDF p.6,0.2,11.0
SPE4A626T08VN,SPE4A6-26-T-08VN,SPE4A626T08VN.PDF,2026-07-22,2026-07-29,20,Total small business set-aside,2,True,3,True,8,True,7,True,8,False,,True,2,True,4,recent exact-NSN history,1,1,24700.0,,1300.0,2026-02-18,19.0,SPE4A626PF894P00001,8SKT8,SPE4A626T08VN.PDF p.6,0.6,4.0
SPE4A626T08ZV,SPE4A6-26-T-08ZV,SPE4A626T08ZV.PDF,2026-07-23,2026-07-30,19,HUBZone set-aside,2,False,,True,8,True,7,False,,False,,True,3,True,3,recent exact-NSN history,1,0,6253.85,,1250.77,2024-11-05,5.0,SPE4A625V2415P00001,646V6,SPE4A626T08ZV.PDF p.6,1.9,3.0
SPE4A626T09KX,SPE4A6-26-T-09KX,SPE4A626T09KX.PDF,2026-07-24,2026-07-31,22,HUBZone set-aside,2,True,3,True,9,True,8,False,,False,,True,3,True,4,recent exact-NSN history,1,1,19331.0,,9665.5,2026-06-23,5.0,SPE4A626PV602,6ZSR8,SPE4A626T09KX.PDF p.7,0.3,4.0
SPE4A626T09SV,SPE4A6-26-T-09SV,SPE4A626T09SV.PDF,2026-07-27,2026-08-03,23,HUBZone set-aside,2,True,3,True,8,True,8,False,,False,,True,3,True,4,recent exact-NSN history,1,1,5564.0,,428.0,2025-10-29,24.0,SPE4A626F1721,0XPA4,SPE4A626T09SV.PDF p.7,0.9,20.0
SPE4A626T09VA,SPE4A6-26-T-09VA,SPE4A626T09VA.PDF,2026-07-28,2026-08-04,21,HUBZone set-aside,2,True,3,True,9,True,8,True,9,False,,True,3,True,4,recent exact-NSN history,1,1,10956.0,,913.0,2026-03-09,5.0,SPE4A626F7065P00001,3R7N5,SPE4A626T09VA.PDF p.7,0.6,16.0
SPE4A626T10BX,SPE4A6-26-T-10BX,SPE4A626T10BX.PDF,2026-07-29,2026-08-05,23,HUBZone set-aside; SDVOSB set-aside,2,True,3,True,9,True,9,True,11,False,,True,3,True,4,recent exact-NSN history,1,1,324742.00000000006,,1180.88,2025-09-19,237.0,SPE4A625P0ZL7P00002,5ZD19,SPE4A626T10BX.PDF p.7,1.0,20.0
SPE4A626T10DZ,SPE4A6-26-T-10DZ,SPE4A626T10DZ.PDF,2026-07-29,2026-08-05,20,HUBZone set-aside,2,False,,True,7,True,7,True,8,False,,True,3,True,3,recent exact-NSN history,1,0,4026.0,,335.5,2025-10-28,36.0,SPE4A626V2044,6ZSR8,SPE4A626T10DZ.PDF p.6,0.9,10.0
SPE4A626T10HZ,SPE4A6-26-T-10HZ,SPE4A626T10HZ.PDF,2026-07-30,2026-08-06,20,HUBZone set-aside,2,False,,True,7,True,7,True,8,False,,True,3,True,3,history older than 5 years - compare with DLA management price,1,0,2625.0,,125.0,1983-08-23,78.0,F3365782C2168,00752,SPE4A626T10HZ.PDF p.6,43.1,1.0
SPE4A626T10KA,SPE4A6-26-T-10KA,SPE4A626T10KA.PDF,2026-07-30,2026-08-06,20,HUBZone set-aside,2,False,,True,7,True,8,True,8,False,,True,3,True,3,history older than 5 years - compare with DLA management price,1,0,454.3,,45.43,1985-04-21,2.0,N0010484G02750014,34228,SPE4A626T10KA.PDF p.6,41.4,1.0
SPE4A626T10TM,SPE4A6-26-T-10TM,SPE4A626T10TM.PDF,2026-07-31,2026-08-07,25,HUBZone set-aside,2,False,,True,7,True,7,True,8,False,,True,3,True,3,recent exact-NSN history,1,0,11148.75,,2229.75,2025-07-17,27.0,SPE4A625V443TP00001,6ZSR8,SPE4A626T10TM.PDF p.6,1.2,7.0
SPE4A626T10TY,SPE4A6-26-T-10TY,SPE4A626T10TY.PDF,2026-07-31,2026-08-07,23,HUBZone set-aside,2,True,3,True,8,True,8,True,9,False,,True,3,True,4,recent exact-NSN history,1,1,18588.22,,299.81,2026-07-28,60.0,SPE4A626PY975P00001,012M4,SPE4A626T10TY.PDF p.7,0.2,15.0
SPE4A626T10XZ,SPE4A6-26-T-10XZ,SPE4A626T10XZ.PDF,2026-07-31,2026-08-07,21,HUBZone set-aside,2,True,3,True,8,True,8,False,,False,,True,3,True,4,recent exact-NSN history,1,1,555.54,,277.77,2025-11-20,13.0,SPE4A626V3653P00001,646V6,SPE4A626T10XZ.PDF p.6,0.9,13.0
SPE4A626T10YY,SPE4A6-26-T-10YY,SPE4A626T10YY.PDF,2026-07-31,2026-08-07,22,HUBZone set-aside,2,True,3,True,8,True,8,True,9,False,,True,3,True,4,recent exact-NSN history,1,1,11410.0,,326.0,2024-08-30,7.0,SPE4A624PY804P00001,9BKX7,SPE4A626T10YY.PDF p.7,2.1,1.0
SPE4A626T10ZE,SPE4A6-26-T-10ZE,SPE4A626T10ZE.PDF,2026-07-31,2026-08-07,20,No set-aside clause found (check SF18 block),,False,,True,8,False,,True,9,False,,True,3,True,3,recent exact-NSN history,1,0,20000.0,,5000.0,2026-06-03,5.0,SPE4A626PS525,3B8L1,SPE4A626T10ZE.PDF p.6,0.3,20.0
SPE4A626T11AB,SPE4A6-26-T-11AB,SPE4A626T11AB.PDF,2026-07-31,2026-08-07,22,Total small business set-aside,2,True,3,True,8,True,8,True,9,False,,True,2,True,4,recent exact-NSN history,1,1,17552.4,,877.62,2025-08-05,5.0,SPE4A625PL916P00001,4R2Y5,SPE4A626T11AB.PDF p.7,1.2,1.0
SPE4A626T11AR,SPE4A6-26-T-11AR,SPE4A626T11AR.PDF,2026-07-31,2026-08-07,19,HUBZone set-aside,2,False,,True,7,True,7,False,,False,,False,,True,3,recent exact-NSN history,1,0,1211.0,,1211.0,2026-04-08,1.0,SPE4A626V047P,0HS46,SPE4A626T11AR.PDF p.6,0.5,3.0
SPE4A626T11CA,SPE4A6-26-T-11CA,SPE4A626T11CA.PDF,2026-08-03,2026-08-10,24,HUBZone set-aside,2,False,,True,8,True,8,True,9,False,,True,3,True,3,recent exact-NSN history,1,0,2980.8,,496.8,2025-11-20,291.0,SPE4A626V3634P00002,7VKN1,SPE4A626T11CA.PDF p.6,0.9,20.0
SPE4A626T11CU,SPE4A6-26-T-11CU,SPE4A626T11CU.PDF,2026-08-03,2026-08-10,19,HUBZone set-aside,2,False,,True,7,True,7,True,8,False,,True,3,True,3,recent exact-NSN history,1,0,3031.85,,606.37,2025-01-24,10.0,SPE4A625PC949,75Q65,SPE4A626T11CU.PDF p.6,1.7,4.0
SPE4A626T11CV,SPE4A6-26-T-11CV,SPE4A626T11CV.PDF,2026-08-03,2026-08-10,19,HUBZone set-aside,2,False,,True,7,False,,False,,False,,False,,True,3,recent exact-NSN history,1,0,477.77,,477.77,2025-10-17,1.0,SPE4A626V1136P00001,646V6,SPE4A626T11CV.PDF p.6,1.0,13.0
SPE4A626T11LQ,SPE4A6-26-T-11LQ,SPE4A626T11LQ.PDF,2026-08-04,2026-08-11,22,Total small business set-aside,2,True,3,True,8,True,8,True,9,False,,True,2,True,4,recent exact-NSN history,1,1,23125.0,,925.0,2026-01-20,5.0,SPE4A626PC775P00001,6ZSR8,SPE4A626T11LQ.PDF p.6,0.7,2.0
SPE4A626T12AR,SPE4A6-26-T-12AR,SPE4A626T12AR.PDF,2026-08-05,2026-08-12,21,HUBZone set-aside,2,True,3,True,9,True,8,True,9,False,,True,3,True,4,recent exact-NSN history,1,1,12117.0,,1731.0,2025-09-15,7.0,SPE4A625P0W66,0HS46,SPE4A626T12AR.PDF p.6,1.0,12.0
SPE4A626T12BY,SPE4A6-26-T-12BY,SPE4A626T12BY.PDF,2026-08-05,2026-08-12,24,HUBZone set-aside,2,True,3,True,9,True,8,True,9,False,,True,3,True,4,recent exact-NSN history,1,1,4829.75,,4829.75,2026-06-25,1.0,SPE4A626PT725,6ZSR8,SPE4A626T12BY.PDF p.7,0.3,8.0
SPE4A626T12CU,SPE4A6-26-T-12CU,SPE4A626T12CU.PDF,2026-08-05,2026-08-12,19,HUBZone set-aside,2,False,,True,7,True,7,True,8,False,,False,,True,3,recent exact-NSN history,1,0,11804.0,,1475.5,2026-03-26,16.0,SPE4A626PK882,6ZSR8,SPE4A626T12CU.PDF p.6,0.5,17.0
SPE4A626T12ET,SPE4A6-26-T-12ET,SPE4A626T12ET.PDF,2026-08-05,2026-08-12,22,HUBZone set-aside,2,True,3,True,9,True,8,True,9,False,,True,3,True,4,recent exact-NSN history,1,1,12380.0,,1238.0,2026-07-20,8.0,SPE4A626PY312,29056,SPE4A626T12ET.PDF p.7,0.2,6.0
SPE4A626T12FM,SPE4A6-26-T-12FM,SPE4A626T12FM.PDF,2026-08-05,2026-08-12,22,No set-aside clause found (check SF18 block),,True,3,True,8,True,8,True,9,False,,True,3,True,4,recent exact-NSN history,1,1,16380.0,,1260.0,2026-05-20,4.0,SPE4A626PR891,7BUL6,SPE4A626T12FM.PDF p.7,0.4,8.0
SPE4A626T12HY,SPE4A6-26-T-12HY,SPE4A626T12HY.PDF,2026-08-05,2026-08-12,22,No set-aside clause found (check SF18 block),,True,3,True,8,True,8,True,9,False,,True,3,True,4,recent exact-NSN history,1,1,21700.0,,4340.0,2026-07-22,5.0,SPE4A626PY223,3B8L1,SPE4A626T12HY.PDF p.7,0.2,14.0
SPE4A626T12SG,SPE4A6-26-T-12SG,SPE4A626T12SG.PDF,2026-08-06,2026-08-13,19,HUBZone set-aside,2,False,,True,7,True,7,False,,False,,True,3,True,3,history older than 5 years - compare with DLA management price,1,0,1325.0,,5.0,2020-03-10,363.0,SPE8E720P0818,1N0P1,SPE4A626T12SG.PDF p.6,6.6,3.0
SPE4A626T12SJ,SPE4A6-26-T-12SJ,SPE4A626T12SJ.PDF,2026-08-06,2026-08-13,22,HUBZone set-aside,2,True,3,True,9,True,8,True,9,False,,True,3,True,4,recent exact-NSN history,1,1,5329.75,,5329.75,2026-01-09,11.0,SPE4A626PB718P00001,6ZSR8,SPE4A626T12SJ.PDF p.6,0.7,7.0
SPE4A626T12SK,SPE4A6-26-T-12SK,SPE4A626T12SK.PDF,2026-08-06,2026-08-13,21,No set-aside clause found (check SF18 block),,True,3,True,8,True,8,False,,False,,True,3,True,4,recent exact-NSN history,1,1,55517.0,,1133.0,2026-03-10,55.0,SPE4A626PJ164,3WGD1,SPE4A626T12SK.PDF p.7,0.6,15.0
SPE4A626T12XU,SPE4A6-26-T-12XU,SPE4A626T12XU.PDF,2026-08-06,2026-08-13,19,HUBZone set-aside,2,False,,False,,False,,True,8,False,,True,3,True,3,history older than 5 years - compare with DLA management price,1,0,726.41,,42.73,2018-02-26,65.0,SPE4A618PA674,0JP67,SPE4A626T12XU.PDF p.6,8.6,2.0
SPE4A626T13MB,SPE4A6-26-T-13MB,SPE4A626T13MB.PDF,2026-08-06,2026-08-13,21,HUBZone set-aside,2,True,3,True,8,True,8,True,9,False,,True,3,True,4,recent exact-NSN history,1,1,1240.0,,310.0,2024-06-17,13.0,SPE4A624PS286,31068,SPE4A626T13MB.PDF p.7,2.3,14.0
SPE4A626T13NF,SPE4A6-26-T-13NF,SPE4A626T13NF.PDF,2026-08-06,2026-08-13,21,HUBZone set-aside,2,True,3,True,9,True,8,True,9,False,,True,3,True,4,history older than 5 years - compare with DLA management price,1,1,1856.0,,64.0,2018-04-12,87.0,SPE4A618PE180,29056,SPE4A626T13NF.PDF p.7,8.5,9.0
SPE4A626T13NZ,SPE4A6-26-T-13NZ,SPE4A626T13NZ.PDF,2026-08-06,2026-08-13,21,HUBZone set-aside,2,True,3,True,8,True,8,True,9,False,,True,3,True,4,recent exact-NSN history,1,1,2428.9199999999996,,89.96,2023-03-27,82.0,SPE4A623PH482P00004,012M4,SPE4A626T13NZ.PDF p.7,3.5,13.0
SPE4A626T13PV,SPE4A6-26-T-13PV,SPE4A626T13PV.PDF,2026-08-06,2026-08-13,21,HUBZone set-aside,2,False,,True,7,True,7,True,8,False,,True,3,True,3,recent exact-NSN history,1,0,1385.0,,692.5,2024-03-15,7.0,SPE4A624PJ033P00001,6ZSR8,SPE4A626T13PV.PDF p.6,2.5,8.0
SPE4A626T13TS,SPE4A6-26-T-13TS,SPE4A626T13TS.PDF,2026-08-06,2026-08-13,20,HUBZone set-aside,2,False,,True,7,True,7,False,,False,,True,3,True,3,no procurement history in PDF - investigate DLA management price; line stays unpriced,1,0,,,,,,,,,,
SPE4A626T13UF,SPE4A6-26-T-13UF,SPE4A626T13UF.PDF,2026-08-06,2026-08-13,22,HUBZone set-aside; SDVOSB set-aside,2,True,3,True,8,True,8,True,9,False,,True,3,True,4,recent exact-NSN history,1,1,40583.049999999996,,2135.95,2026-08-05,12.0,SPE4A626PY289,6ZSR8,SPE4A626T13UF.PDF p.6,0.2,8.0
SPE4A626T13UM,SPE4A6-26-T-13UM,SPE4A626T13UM.PDF,2026-08-06,2026-08-13,22,HUBZone set-aside; WOSB set-aside,2,True,3,True,10,True,9,True,10,False,,True,3,True,4,recent exact-NSN history,1,1,139326.0,,1055.5,2026-02-19,100.0,SPE4A626F6086,6XU84,SPE4A626T13UM.PDF p.7,0.6,20.0
SPE4A626T13XZ,SPE4A6-26-T-13XZ,SPE4A626T13XZ.PDF,2026-08-06,2026-08-13,19,HUBZone set-aside,2,False,,False,,True,7,True,8,False,,True,3,True,3,no procurement history in PDF - investigate DLA management price; line stays unpriced,1,0,,,,,,,,,,
SPE4A626T14BG,SPE4A6-26-T-14BG,SPE4A626T14BG.PDF,2026-08-07,2026-08-14,20,HUBZone set-aside,2,False,,True,7,True,7,False,,False,,False,,True,3,history older than 5 years - compare with DLA management price,1,0,23.7,,23.7,1991-01-17,100.0,DLA50091MDH74,75108,SPE4A626T14BG.PDF p.6,35.7,1.0
SPE4A626T14CT,SPE4A6-26-T-14CT,SPE4A626T14CT.PDF,2026-08-07,2026-08-14,24,HUBZone set-aside,2,True,3,True,9,True,9,True,10,False,,True,3,True,5,recent exact-NSN history,1,2,2398.17,,799.39,2026-06-25,7.0,SPE4A626PV836P00001,012M4,SPE4A626T14CT.PDF p.7,0.3,6.0
SPE4A626T14PE,SPE4A6-26-T-14PE,SPE4A626T14PE.PDF,2026-08-10,2026-08-17,19,Total small business set-aside,2,False,,True,7,True,7,True,8,False,,True,2,True,3,history older than 5 years - compare with DLA management price,1,0,14930.0,,1493.0,2017-12-07,10.0,SPE4A418V2137,3T8J4,SPE4A626T14PE.PDF p.5,8.8,6.0
SPE4A626T14TD,SPE4A6-26-T-14TD,SPE4A626T14TD.PDF,2026-08-11,2026-08-18,20,Total small business set-aside,2,True,3,True,8,True,7,True,8,False,,True,2,True,3,recent exact-NSN history,1,1,30716.379999999997,,374.59,2025-08-26,35.0,SPE4A625PYK89P00001,4LH05,SPE4A626T14TD.PDF p.6,1.1,9.0
SPE4A626T14TS,SPE4A6-26-T-14TS,SPE4A626T14TS.PDF,2026-08-11,2026-08-18,19,HUBZone set-aside,2,False,,True,8,True,7,True,8,False,,True,3,True,3,no procurement history in PDF - investigate DLA management price; line stays unpriced,1,0,,,,,,,,,,
SPE4A626T14UH,SPE4A6-26-T-14UH,SPE4A626T14UH.PDF,2026-08-11,2026-08-18,19,HUBZone set-aside,2,False,,True,7,False,,False,,False,,True,3,True,3,recent exact-NSN history,1,0,3400.0,,3400.0,2026-04-24,1.0,SPE4A626PP009P00001,646V6,SPE4A626T14UH.PDF p.6,0.4,1.0
SPE4A626T15HV,SPE4A6-26-T-15HV,SPE4A626T15HV.PDF,2026-08-12,2026-08-19,20,HUBZone set-aside; SDVOSB set-aside,2,False,,True,7,True,7,True,8,False,,True,3,True,3,recent exact-NSN history,1,0,68527.2,,1223.7,2026-07-28,15.0,SPE4A126V1430,87WV1,SPE4A626T15HV.PDF p.6,0.2,13.0
SPE4A626T15LX,SPE4A6-26-T-15LX,SPE4A626T15LX.PDF,2026-08-12,2026-08-19,22,Total small business set-aside,2,True,3,True,8,True,7,False,,False,,True,2,True,4,recent exact-NSN history,1,1,24250.0,,2425.0,2026-07-28,4.0,SPE4A626PAB53,19DN2,SPE4A626T15LX.PDF p.6,0.2,4.0
SPE4A626T15ST,SPE4A6-26-T-15ST,SPE4A626T15ST.PDF,2026-08-12,2026-08-19,21,HUBZone set-aside,2,True,3,True,9,True,8,True,9,False,,True,3,True,4,history older than 5 years - compare with DLA management price,1,1,0.8200000000000001,,0.01,2009-04-03,2300.0,W56HZV09C0302,00016,SPE4A626T15ST.PDF p.7,17.5,1.0
SPE4A626T15TA,SPE4A6-26-T-15TA,SPE4A626T15TA.PDF,2026-08-12,2026-08-19,22,HUBZone set-aside,2,True,3,True,8,False,,True,9,False,,True,3,True,4,recent exact-NSN history,2,1,8252.0,,515.75,2023-03-14,15.0,SPE4A623F8988P00001,79NB1,SPE4A626T15TA.PDF p.7,3.5,19.0
SPE4A626T15VS,SPE4A6-26-T-15VS,SPE4A626T15VS.PDF,2026-08-13,2026-08-20,21,Total small business set-aside,2,True,3,True,8,True,7,True,8,False,,True,2,True,4,no procurement history in PDF - investigate DLA management price; line stays unpriced,1,1,,,,,,,,,,
SPE4A626T15VU,SPE4A6-26-T-15VU,SPE4A626T15VU.PDF,2026-08-13,2026-08-20,26,Total small business set-aside,2,True,3,True,8,True,7,False,,False,,True,2,True,3,recent exact-NSN history,1,1,92950.0,,8450.0,2026-06-02,2.0,SPE4A626PP029P00001,6ZSR8,SPE4A626T15VU.PDF p.6,0.3,5.0
SPE4A626T15VY,SPE4A6-26-T-15VY,SPE4A626T15VY.PDF,2026-08-13,2026-08-20,19,HUBZone set-aside,2,False,,True,7,True,7,True,8,False,,True,3,True,3,history older than 5 years - compare with DLA management price,1,0,24000.0,,4000.0,2021-06-01,1.0,SPE4A621PL464P00001,5N063,SPE4A626T15VY.PDF p.6,5.3,2.0
SPE4A626T15VZ,SPE4A6-26-T-15VZ,SPE4A626T15VZ.PDF,2026-08-13,2026-08-20,21,HUBZone set-aside; SDVOSB set-aside,2,True,3,True,9,True,8,True,9,False,,True,3,True,4,recent exact-NSN history,1,1,120224.0,,416.0,2026-06-04,291.0,SPE4A626PT949,35KC3,SPE4A626T15VZ.PDF p.6,0.3,19.0
SPE4A626T15YM,SPE4A6-26-T-15YM,SPE4A626T15YM.PDF,2026-08-13,2026-08-20,22,HUBZone set-aside,2,True,3,True,8,True,8,False,,False,,True,3,True,4,recent exact-NSN history,1,1,6468.44,,294.02,2025-06-26,13.0,SPE4A625PX769P00001,02AV2,SPE4A626T15YM.PDF p.7,1.3,2.0
SPE4A626T15YY,SPE4A6-26-T-15YY,SPE4A626T15YY.PDF,2026-08-13,2026-08-20,19,HUBZone set-aside,2,False,,True,7,True,7,True,8,False,,True,3,True,3,no procurement history in PDF - investigate DLA management price; line stays unpriced,1,0,,,,,,,,,,
SPE4A626T15ZG,SPE4A6-26-T-15ZG,SPE4A626T15ZG.PDF,2026-08-13,2026-08-20,22,HUBZone set-aside,2,True,3,True,9,True,8,True,9,False,,True,3,True,4,recent exact-NSN history,1,1,10220.0,,5110.0,2021-10-15,2.0,SPE4A622P1671P00002,67291,SPE4A626T15ZG.PDF p.7,5.0,3.0
SPE4A626T16DS,SPE4A6-26-T-16DS,SPE4A626T16DS.PDF,2026-08-13,2026-08-20,23,HUBZone set-aside,2,True,3,True,8,True,8,True,9,False,,True,3,True,4,recent exact-NSN history,1,1,17688.79,,299.81,2026-07-28,60.0,SPE4A626PY975P00002,012M4,SPE4A626T16DS.PDF p.7,0.2,15.0
SPE4A626T16DW,SPE4A6-26-T-16DW,SPE4A626T16DW.PDF,2026-08-13,2026-08-20,21,HUBZone set-aside,2,True,3,True,8,True,8,True,9,False,,True,3,True,4,recent exact-NSN history,1,1,16892.0,,4223.0,2026-07-28,3.0,SPE4A626PY447,0HS46,SPE4A626T16DW.PDF p.6,0.2,6.0
SPE4A626T16JH,SPE4A6-26-T-16JH,SPE4A626T16JH.PDF,2026-08-13,2026-08-20,21,Total small business set-aside,2,True,3,True,7,True,7,True,8,False,,True,2,True,4,no procurement history in PDF - investigate DLA management price; line stays unpriced,1,1,,,,,,,,,,
SPE4A626T16LA,SPE4A6-26-T-16LA,SPE4A626T16LA.PDF,2026-08-13,2026-08-20,20,Total small business set-aside,2,False,,True,7,False,,True,7,False,,True,2,True,3,recent exact-NSN history,1,0,36600.0,,4575.0,2025-12-11,6.0,SPE4A626P9218P00001,6ZSR8,SPE4A626T16LA.PDF p.5,0.8,1.0
SPE4A626T16MB,SPE4A6-26-T-16MB,SPE4A626T16MB.PDF,2026-08-14,2026-08-21,19,HUBZone set-aside,2,False,,True,7,True,7,False,,False,,False,,True,3,recent exact-NSN history,1,0,1919.3000000000002,,383.86,2023-11-15,11.0,SPE4A624V2498,4AWV9,SPE4A626T16MB.PDF p.6,2.9,3.0
SPE4A626T17AR,SPE4A6-26-T-17AR,SPE4A626T17AR.PDF,2026-08-17,2026-08-24,19,HUBZone set-aside,2,False,,True,7,False,,True,7,False,,True,3,True,3,history older than 5 years - compare with DLA management price,1,0,913.23,,913.23,2020-10-16,5.0,SPE4A621V1550,067A4,SPE4A626T17AR.PDF p.6,6.0,6.0
SPE4A626T17DX,SPE4A6-26-T-17DX,SPE4A626T17DX.PDF,2026-08-17,2026-08-24,21,HUBZone set-aside,2,False,,True,7,True,7,True,8,False,,True,3,True,3,recent exact-NSN history,1,0,1385.0,,692.5,2024-03-15,7.0,SPE4A624PJ033P00001,6ZSR8,SPE4A626T17DX.PDF p.6,2.5,8.0
SPE4A626T17EH,SPE4A6-26-T-17EH,SPE4A626T17EH.PDF,2026-08-17,2026-08-24,19,HUBZone set-aside,2,False,,True,8,True,7,False,,False,,False,,True,3,recent exact-NSN history,1,0,39090.87,,4343.43,2026-08-12,9.0,SPE4A626PAY44,646V6,SPE4A626T17EH.PDF p.6,0.1,2.0
SPE4A626T17FX,SPE4A6-26-T-17FX,SPE4A626T17FX.PDF,2026-08-17,2026-08-24,20,HUBZone set-aside,2,False,,True,7,True,7,False,,False,,False,,True,3,no procurement history in PDF - investigate DLA management price; line stays unpriced,1,0,,,,,,,,,,
SPE4A626T17HE,SPE4A6-26-T-17HE,SPE4A626T17HE.PDF,2026-08-17,2026-08-24,22,HUBZone set-aside,2,True,3,True,8,True,8,False,,False,,True,3,True,4,recent exact-NSN history,1,1,4500.0,,225.0,2024-08-28,7.0,SPE4A624PY767P00001,9BKX7,SPE4A626T17HE.PDF p.7,2.1,1.0
SPE4A626T17HR,SPE4A6-26-T-17HR,SPE4A626T17HR.PDF,2026-08-17,2026-08-24,19,HUBZone set-aside,2,False,,True,8,True,7,True,8,False,,True,3,True,3,history older than 5 years - compare with DLA management price,1,0,13494.0,,4498.0,2016-10-03,5.0,SPE4A617V0052,3T8J4,SPE4A626T17HR.PDF p.6,10.0,3.0
SPE4A626T17JL,SPE4A6-26-T-17JL,SPE4A626T17JL.PDF,2026-08-17,2026-08-24,22,HUBZone set-aside,2,True,3,True,8,True,8,False,,False,,True,3,True,4,recent exact-NSN history,1,1,992.25,,992.25,2026-05-15,1.0,SPE4A026P1656,6ZSR8,SPE4A626T17JL.PDF p.7,0.4,2.0
SPE4A626T17KL,SPE4A6-26-T-17KL,SPE4A626T17KL.PDF,2026-08-17,2026-08-24,20,HUBZone set-aside,2,False,,True,8,True,7,False,,False,,False,,True,3,history older than 5 years - compare with DLA management price,1,0,91.0,,91.0,2012-07-24,40.0,SPE4A612M3598,1B5X6,SPE4A626T17KL.PDF p.6,14.2,3.0
SPE4A626T17LC,SPE4A6-26-T-17LC,SPE4A626T17LC.PDF,2026-08-17,2026-08-24,19,HUBZone set-aside,2,False,,True,7,False,,True,8,False,,False,,True,3,recent exact-NSN history,1,0,11375.5,,11375.5,2026-01-27,1.0,SPE4A626V7294,6ZSR8,SPE4A626T17LC.PDF p.6,0.7,20.0
SPE4A626T17MX,SPE4A6-26-T-17MX,SPE4A626T17MX.PDF,2026-08-17,2026-08-24,20,HUBZone set-aside,2,False,,True,7,True,7,True,8,False,,True,3,True,3,recent exact-NSN history,1,0,3003.0,,250.25,2025-12-18,10.0,SPE4A626V5484P00001,646V6,SPE4A626T17MX.PDF p.6,0.8,19.0
SPE4A626T17WY,SPE4A6-26-T-17WY,SPE4A626T17WY.PDF,2026-08-17,2026-08-24,19,HUBZone set-aside,2,False,,True,8,True,7,True,8,False,,False,,True,3,recent exact-NSN history,1,0,4955.5,,225.25,2026-05-19,1.0,SPE4A626F098Z,646V6,SPE4A626T17WY.PDF p.6,0.4,20.0
SPE4A626T18CH,SPE4A6-26-T-18CH,SPE4A626T18CH.PDF,2026-08-17,2026-08-24,22,HUBZone set-aside; SDVOSB set-aside,2,True,3,True,8,True,8,True,9,False,,True,3,True,4,recent exact-NSN history,1,1,20081.25,,446.25,2025-12-10,40.0,SPE4A626P9221P00003,7BUL6,SPE4A626T18CH.PDF p.7,0.8,15.0
SPE4A626T18MR,SPE4A6-26-T-18MR,SPE4A626T18MR.PDF,2026-08-17,2026-08-24,21,HUBZone set-aside; SDVOSB set-aside,2,True,3,True,8,True,8,True,9,False,,True,3,True,4,recent exact-NSN history,1,1,23074.0,,139.0,2026-05-26,94.0,SPE4A626PN493,1L2M7,SPE4A626T18MR.PDF p.7,0.3,20.0
SPE4A626T18Q0,SPE4A6-26-T-18Q0,SPE4A626T18Q0.PDF,2026-04-13,2026-04-20,23,HUBZone set-aside,2,False,,True,8,True,7,True,8,False,,True,3,True,3,recent exact-NSN history,1,0,2863.8,,5.16,2025-11-06,745.0,SPE4A626P5049P00001,7GL31,SPE4A626T18Q0.PDF p.6,0.9,20.0
SPE4A626T18QM,SPE4A6-26-T-18QM,SPE4A626T18QM.PDF,2026-08-18,2026-08-25,19,HUBZone set-aside,2,False,,False,,True,7,False,,False,,False,,True,3,recent exact-NSN history,1,0,777.77,,777.77,2026-07-20,1.0,SPE4A626PY574,646V6,SPE4A626T18QM.PDF p.6,0.2,1.0
SPE4A626T18SA,SPE4A6-26-T-18SA,SPE4A626T18SA.PDF,2026-08-18,2026-08-25,25,Total small business set-aside,2,True,3,True,8,True,7,True,8,False,,True,2,True,4,recent exact-NSN history,1,1,46000.0,,11500.0,2024-08-22,5.0,SPE4A624PY098P00001,6ZSR8,SPE4A626T18SA.PDF p.6,2.1,9.0
SPE4A626T18XV,SPE4A6-26-T-18XV,SPE4A626T18XV.PDF,2026-08-18,2026-08-25,22,HUBZone set-aside,2,True,3,True,8,True,8,True,9,False,,True,3,True,4,recent exact-NSN history,1,1,5400.0,,1800.0,2026-08-05,32.0,SPE4A626PX443,6ZSR8,SPE4A626T18XV.PDF p.7,0.2,19.0
SPE4A626T18ZT,SPE4A6-26-T-18ZT,SPE4A626T18ZT.PDF,2026-08-18,2026-08-25,21,HUBZone set-aside,2,True,3,True,9,True,8,True,9,False,,True,3,True,4,recent exact-NSN history,1,1,4430.88,,4430.88,2026-07-09,2.0,SPE4A626PX396,0DR48,SPE4A626T18ZT.PDF p.6,0.2,3.0
SPE4A626T19AT,SPE4A6-26-T-19AT,SPE4A626T19AT.PDF,2026-08-18,2026-08-25,19,HUBZone set-aside,2,False,,True,7,True,7,True,8,False,,False,,True,3,recent exact-NSN history,1,0,5448.0,,5448.0,2025-06-05,2.0,SPE4A625PV323,13774,SPE4A626T19AT.PDF p.6,1.3,4.0
SPE4A626T19BM,SPE4A6-26-T-19BM,SPE4A626T19BM.PDF,2026-08-18,2026-08-25,20,HUBZone set-aside,2,True,3,True,8,False,,True,8,False,,True,3,True,4,recent exact-NSN history,1,1,8488.5,,2829.5,2025-05-28,4.0,SPE4A625V295K,6ZSR8,SPE4A626T19BM.PDF p.7,1.3,1.0
SPE4A626T19FJ,SPE4A6-26-T-19FJ,SPE4A626T19FJ.PDF,2026-08-19,2026-08-26,22,HUBZone set-aside; WOSB set-aside,2,True,3,True,9,True,8,True,9,False,,True,3,True,4,history older than 5 years - compare with DLA management price,1,1,23475.0,,313.0,2018-05-30,72.0,SPE4A618PF998P00002,4VAS1,SPE4A626T19FJ.PDF p.7,8.3,3.0
SPE4A626T19GG,SPE4A6-26-T-19GG,SPE4A626T19GG.PDF,2026-08-19,2026-08-26,19,HUBZone set-aside,2,False,,True,7,True,7,False,,False,,False,,True,3,recent exact-NSN history,1,0,2933.1,,97.77,2026-01-22,13.0,SPE4A526V0645,646V6,SPE4A626T19GG.PDF p.6,0.7,4.0
SPE4A626T19HK,SPE4A6-26-T-19HK,SPE4A626T19HK.PDF,2026-08-19,2026-08-26,22,HUBZone set-aside,2,True,3,True,8,True,8,True,9,False,,True,3,True,4,recent exact-NSN history,1,1,26100.0,,2175.0,2026-08-12,21.0,SPE4A626PAM48,3B8L1,SPE4A626T19HK.PDF p.6,0.1,9.0
SPE4A626T19LF,SPE4A6-26-T-19LF,SPE4A626T19LF.PDF,2026-08-19,2026-08-26,21,No set-aside clause found (check SF18 block),,True,3,True,8,True,8,True,9,False,,True,3,True,4,recent exact-NSN history,1,1,30670.18,,807.11,2026-03-05,14.0,SPE4A626PH416,42827,SPE4A626T19LF.PDF p.7,0.6,3.0
SPE4A626T19MD,SPE4A6-26-T-19MD,SPE4A626T19MD.PDF,2026-08-19,2026-08-26,21,Total small business set-aside,2,True,3,True,8,True,8,True,9,False,,True,2,True,4,recent exact-NSN history,1,1,29744.0,,338.0,2026-02-04,124.0,SPE4A626PE269P00001,29056,SPE4A626T19MD.PDF p.7,0.7,18.0
SPE4A626T19MT,SPE4A6-26-T-19MT,SPE4A626T19MT.PDF,2026-08-19,2026-08-26,19,HUBZone set-aside,2,False,,True,7,True,7,False,,False,,False,,True,3,recent exact-NSN history,1,0,4840.0,,968.0,2025-12-02,5.0,SPE4A626V4357,3T8J4,SPE4A626T19MT.PDF p.6,0.8,12.0
SPE4A626T19NS,SPE4A6-26-T-19NS,SPE4A626T19NS.PDF,2026-08-19,2026-08-26,19,HUBZone set-aside,2,False,,True,7,True,7,True,8,False,,True,3,True,3,recent exact-NSN history,1,0,9766.82,,1395.26,2024-01-29,10.0,SPE4A624PD773P00001,90095,SPE4A626T19NS.PDF p.6,2.7,2.0
SPE4A626T19PC,SPE4A6-26-T-19PC,SPE4A626T19PC.PDF,2026-08-19,2026-08-26,20,Total small business set-aside,2,True,3,True,8,True,7,True,8,False,,True,2,True,4,recent exact-NSN history,1,1,84742.79999999999,,3530.95,2026-08-13,27.0,SPE4A626PAG62,6ZSR8,SPE4A626T19PC.PDF p.6,0.1,7.0
SPE4A626T19Q2,SPE4A6-26-T-19Q2,SPE4A626T19Q2.PDF,2026-04-13,2026-04-20,23,HUBZone set-aside,2,False,,True,7,False,,True,8,False,,True,3,True,3,recent exact-NSN history,1,0,44550.0,,550.0,2025-01-28,23.0,SPE4A625PD434,8SKT8,SPE4A626T19Q2.PDF p.6,1.7,1.0
SPE4A626T19SR,SPE4A6-26-T-19SR,SPE4A626T19SR.PDF,2026-08-19,2026-08-26,19,HUBZone set-aside,2,False,,True,7,True,7,True,8,False,,False,,True,3,recent exact-NSN history,1,0,502.77,,502.77,2025-06-09,2.0,SPE4A625PV768P00002,646V6,SPE4A626T19SR.PDF p.6,1.3,2.0
SPE4A626T19TL,SPE4A6-26-T-19TL,SPE4A626T19TL.PDF,2026-08-19,2026-08-26,21,HUBZone set-aside,2,True,3,True,9,True,8,True,9,False,,True,3,True,4,recent exact-NSN history,1,1,4500.0,,2250.0,2026-02-23,4.0,SPE4A626PG482P00001,9XUD2,SPE4A626T19TL.PDF p.7,0.6,8.0
SPE4A626T19VU,SPE4A6-26-T-19VU,SPE4A626T19VU.PDF,2026-08-19,2026-08-26,21,HUBZone set-aside,2,True,3,True,8,True,8,False,,False,,True,3,True,4,recent exact-NSN history,1,1,10800.0,,10800.0,2025-08-27,1.0,SPE4A625PAAAUP00001,6ZSR8,SPE4A626T19VU.PDF p.7,1.1,10.0
SPE4A626T19WV,SPE4A6-26-T-19WV,SPE4A626T19WV.PDF,2026-08-19,2026-08-26,21,HUBZone set-aside,2,True,3,True,9,True,8,True,9,False,,True,3,True,4,history older than 5 years - compare with DLA management price,1,1,1499.0,,14.99,2020-04-22,499.0,SPE4A620PF160P00002,6ZSR8,SPE4A626T19WV.PDF p.6,6.4,17.0
SPE4A626T20CZ,SPE4A6-26-T-20CZ,SPE4A626T20CZ.PDF,2026-08-19,2026-08-26,22,Total small business set-aside,2,True,3,True,9,True,8,True,9,False,,True,2,True,4,recent exact-NSN history,1,2,48958.5,,64.25,2025-12-16,151.0,SPE4A626F3563P00001,72DG1,SPE4A626T20CZ.PDF p.7,0.8,20.0
SPE4A626T20EA,SPE4A6-26-T-20EA,SPE4A626T20EA.PDF,2026-08-19,2026-08-26,21,HUBZone set-aside,2,True,3,True,9,True,8,True,9,False,,True,3,True,4,recent exact-NSN history,1,1,9100.0,,1300.0,2026-02-18,4.0,SPE4A626PG008P00001,9XUD2,SPE4A626T20EA.PDF p.7,0.6,3.0
SPE4A626T20FP,SPE4A6-26-T-20FP,SPE4A626T20FP.PDF,2026-08-19,2026-08-26,22,HUBZone set-aside,2,False,,True,7,False,,False,,False,,False,,True,3,recent exact-NSN history,1,0,868.68,,434.34,2026-08-17,14.0,SPE4A626PAP45,646V6,SPE4A626T20FP.PDF p.6,0.1,8.0
SPE4A626T20GV,SPE4A6-26-T-20GV,SPE4A626T20GV.PDF,2026-08-20,2026-08-27,19,HUBZone set-aside,2,False,,True,8,True,7,True,8,False,,True,3,True,3,recent exact-NSN history,1,0,13498.65,,499.95,2026-05-13,25.0,SPE4A726V2874,012M4,SPE4A626T20GV.PDF p.6,0.4,10.0
SPE4A626T20KG,SPE4A6-26-T-20KG,SPE4A626T20KG.PDF,2026-08-20,2026-08-27,19,HUBZone set-aside,2,False,,True,7,False,,False,,False,,False,,True,3,recent exact-NSN history,1,0,2889.0,,2889.0,2024-07-12,1.0,SPE4AN24V0009,0HS46,SPE4A626T20KG.PDF p.6,2.2,2.0
SPE4A626T20QA,SPE4A6-26-T-20QA,SPE4A626T20QA.PDF,2026-08-20,2026-08-27,19,Total small business set-aside,2,False,,True,7,True,7,True,8,False,,True,2,True,3,recent exact-NSN history,1,0,17875.0,,1375.0,2026-06-17,9.0,SPE4A626PV235,23371,SPE4A626T20QA.PDF p.5,0.3,7.0
SPE4A626T20QC,SPE4A6-26-T-20QC,SPE4A626T20QC.PDF,2026-08-20,2026-08-27,20,HUBZone set-aside,2,False,,True,7,True,8,True,8,False,,True,3,True,3,recent exact-NSN history,1,0,4033.25,,310.25,2024-10-24,13.0,SPE4A625P2792,6ZSR8,SPE4A626T20QC.PDF p.6,1.9,8.0
SPE4A626T20QD,SPE4A6-26-T-20QD,SPE4A626T20QD.PDF,2026-08-20,2026-08-27,21,HUBZone set-aside,2,True,3,True,9,True,8,True,9,False,,True,3,True,4,recent exact-NSN history,1,1,6762.0,,483.0,2025-06-18,29.0,SPE4A625PW819P00001,3T8J4,SPE4A626T20QD.PDF p.7,1.3,9.0
SPE4A626T20RA,SPE4A6-26-T-20RA,SPE4A626T20RA.PDF,2026-08-20,2026-08-27,23,HUBZone set-aside,2,True,3,True,9,True,8,False,,False,,True,3,True,4,recent exact-NSN history,1,1,3894.72,,1947.36,2026-06-25,14.0,SPE4A626PV976,0REY5,SPE4A626T20RA.PDF p.7,0.3,5.0
SPE4A626T20RL,SPE4A6-26-T-20RL,SPE4A626T20RL.PDF,2026-08-20,2026-08-27,20,HUBZone set-aside,2,False,,True,7,True,7,True,8,False,,True,3,True,3,history older than 5 years - compare with DLA management price,1,0,2498.0,,1249.0,1996-10-16,2.0,SP045197MC028,8A549,SPE4A626T20RL.PDF p.6,30.0,1.0
SPE4A626T21AL,SPE4A6-26-T-21AL,SPE4A626T21AL.PDF,2026-08-20,2026-08-27,21,HUBZone set-aside,2,True,3,True,8,True,8,False,,False,,True,3,True,4,recent exact-NSN history,1,1,2349.0,,87.0,2023-11-09,16.0,SPE4A624P4076P00001,5N063,SPE4A626T21AL.PDF p.7,2.9,12.0
SPE4A626T21M9,SPE4A6-26-T-21M9,SPE4A626T21M9.PDF,2026-04-15,2026-04-22,23,HUBZone set-aside,2,False,,True,7,True,7,True,8,False,,True,3,True,3,no procurement history in PDF - investigate DLA management price; line stays unpriced,1,0,,,,,,,,,,
SPE4A626T21NK,SPE4A6-26-T-21NK,SPE4A626T21NK.PDF,2026-08-24,2026-08-31,20,HUBZone set-aside,2,False,,True,8,True,7,True,8,False,,True,3,True,3,recent exact-NSN history,1,0,850.0,,850.0,2026-03-16,1.0,SPE4A626PJ862P00001,3T8J4,SPE4A626T21NK.PDF p.6,0.5,6.0
SPE4A626T21SE,SPE4A6-26-T-21SE,SPE4A626T21SE.PDF,2026-08-24,2026-08-31,18,Total small business set-aside,2,False,,True,6,True,6,False,,False,,False,,True,3,no procurement history in PDF - investigate DLA management price; line stays unpriced,1,0,,,,,,,,,,
SPE4A626T21SH,SPE4A6-26-T-21SH,SPE4A626T21SH.PDF,2026-08-24,2026-08-31,22,HUBZone set-aside,2,True,3,True,9,True,8,False,,False,,True,3,True,4,history older than 5 years - compare with DLA management price,1,1,605.76,,201.92,2020-01-16,1.0,SPE4A620P7442P00001,90142,SPE4A626T21SH.PDF p.7,6.7,3.0
SPE4A626T21UT,SPE4A6-26-T-21UT,SPE4A626T21UT.PDF,2026-08-25,2026-09-01,22,HUBZone set-aside,2,True,3,True,8,True,8,True,9,False,,True,3,True,4,no procurement history in PDF - investigate DLA management price; line stays unpriced,1,2,,,,,,,,,,
SPE4A626T21WK,SPE4A6-26-T-21WK,SPE4A626T21WK.PDF,2026-08-25,2026-09-01,21,HUBZone set-aside,2,True,3,True,8,True,8,True,9,False,,True,3,True,4,recent exact-NSN history,1,1,84800.0,,2120.0,2025-07-08,15.0,SPE4A625PAB81,3B8L1,SPE4A626T21WK.PDF p.7,1.2,20.0
SPE4A626T21XB,SPE4A6-26-T-21XB,SPE4A626T21XB.PDF,2026-08-25,2026-09-01,19,HUBZone set-aside,2,False,,False,,False,,True,7,False,,True,3,True,3,no procurement history in PDF - investigate DLA management price; line stays unpriced,1,0,,,,,,,,,,
SPE4A626T21XK,SPE4A6-26-T-21XK,SPE4A626T21XK.PDF,2026-08-25,2026-09-01,20,HUBZone set-aside,2,True,3,False,,False,,True,8,False,,True,3,True,4,recent exact-NSN history,1,1,20736.0,,384.0,2021-10-26,17.0,SPE4A622P2586P00001,58985,SPE4A626T21XK.PDF p.6,4.9,4.0
SPE4A626T21XL,SPE4A6-26-T-21XL,SPE4A626T21XL.PDF,2026-08-25,2026-09-01,22,Total small business set-aside,2,True,3,True,7,True,7,False,,False,,True,2,True,4,recent exact-NSN history,1,1,45850.0,,3275.0,2026-01-23,9.0,SPE4A626PD269,8WBD2,SPE4A626T21XL.PDF p.6,0.7,6.0
SPE4A626T21YD,SPE4A6-26-T-21YD,SPE4A626T21YD.PDF,2026-08-25,2026-09-01,21,HUBZone set-aside,2,True,3,True,8,True,8,True,9,False,,True,3,True,4,recent exact-NSN history,1,1,3830.6800000000003,,273.62,2025-07-05,4.0,SPE7LX25F54S1P00001,4V314,SPE4A626T21YD.PDF p.7,1.2,2.0
SPE4A626T21YK,SPE4A6-26-T-21YK,SPE4A626T21YK.PDF,2026-08-25,2026-09-01,21,Total small business set-aside,2,True,3,True,8,False,,True,9,False,,True,2,True,4,recent exact-NSN history,1,1,32887.25,,2989.75,2026-07-08,5.0,SPE4A626PN154,6ZSR8,SPE4A626T21YK.PDF p.6,0.2,18.0
SPE4A626T21YM,SPE4A6-26-T-21YM,SPE4A626T21YM.PDF,2026-08-25,2026-09-01,22,HUBZone set-aside,2,True,3,True,8,True,8,True,9,False,,True,3,True,4,recent exact-NSN history,1,1,16170.0,,5390.0,2025-04-02,1.0,SPE4A625PM285P00001,29056,SPE4A626T21YM.PDF p.7,1.5,1.0
SPE4A626T22GG,SPE4A6-26-T-22GG,SPE4A626T22GG.PDF,2026-08-26,2026-09-02,22,Total small business set-aside,2,False,,True,7,True,7,True,8,False,,True,2,True,3,recent exact-NSN history,1,0,20242.0,,2024.2,2025-03-20,8.0,SPE4A125P1161P00002,42827,SPE4A626T22GG.PDF p.5,1.5,11.0
SPE4A626T22HM,SPE4A6-26-T-22HM,SPE4A626T22HM.PDF,2026-08-26,2026-09-02,22,HUBZone set-aside,2,True,3,True,8,True,8,True,9,False,,True,3,True,4,recent exact-NSN history,1,1,4180.5,,232.25,2026-07-20,22.0,SPE4A626PY283,6ZSR8,SPE4A626T22HM.PDF p.7,0.2,9.0
SPE4A626T22HS,SPE4A6-26-T-22HS,SPE4A626T22HS.PDF,2026-08-26,2026-09-02,24,HUBZone set-aside; SDVOSB set-aside,2,True,3,True,8,True,8,True,9,False,,True,3,True,4,history older than 5 years - compare with DLA management price,2,1,86364.0,,2399.0,2021-06-28,16.0,SPE4A621F265M,02AV2,SPE4A626T22HS.PDF p.7,5.3,20.0
SPE4A626T22JE,SPE4A6-26-T-22JE,SPE4A626T22JE.PDF,2026-08-26,2026-09-02,19,HUBZone set-aside,2,False,,True,7,True,7,False,,False,,False,,True,3,no procurement history in PDF - investigate DLA management price; line stays unpriced,1,0,,,,,,,,,,
SPE4A626T22JX,SPE4A6-26-T-22JX,SPE4A626T22JX.PDF,2026-08-26,2026-09-02,21,HUBZone set-aside,2,True,3,True,8,True,8,True,9,False,,True,3,True,4,recent exact-NSN history,1,1,9148.75,,1829.75,2026-03-10,5.0,SPE4A626PG446,6ZSR8,SPE4A626T22JX.PDF p.7,0.6,6.0
SPE4A626T22ND,SPE4A6-26-T-22ND,SPE4A626T22ND.PDF,2026-08-26,2026-09-02,19,HUBZone set-aside,2,False,,False,,True,7,False,,False,,False,,True,3,no procurement history in PDF - investigate DLA management price; line stays unpriced,1,0,,,,,,,,,,
SPE4A626T22NG,SPE4A6-26-T-22NG,SPE4A626T22NG.PDF,2026-08-26,2026-09-02,23,HUBZone set-aside,2,True,3,True,8,True,8,False,,False,,True,3,True,4,recent exact-NSN history,1,1,4984.5,,2492.25,2026-03-10,3.0,SPE4A626PH345,6ZSR8,SPE4A626T22NG.PDF p.7,0.6,6.0
SPE4A626T22NN,SPE4A6-26-T-22NN,SPE4A626T22NN.PDF,2026-08-26,2026-09-02,20,HUBZone set-aside,2,False,,True,7,True,7,True,8,False,,True,3,True,3,recent exact-NSN history,1,0,9075.2,,907.52,2026-05-14,13.0,SPE4A626PL239,646V6,SPE4A626T22NN.PDF p.6,0.4,11.0
SPE4A626T22QQ,SPE4A6-26-T-22QQ,SPE4A626T22QQ.PDF,2026-08-27,2026-09-03,24,HUBZone set-aside; SDVOSB set-aside,2,False,,True,7,True,7,True,8,False,,True,3,True,3,recent exact-NSN history,1,0,21535.5,,1025.5,2024-10-07,9.0,SPE4A625V0514,6ZSR8,SPE4A626T22QQ.PDF p.6,2.0,10.0
SPE4A626T22QY,SPE4A6-26-T-22QY,SPE4A626T22QY.PDF,2026-08-27,2026-09-03,22,HUBZone set-aside,2,False,,True,7,True,7,True,9,False,,True,3,True,3,recent exact-NSN history,1,0,8658.58,,188.23,2026-07-28,61.0,SPE4A626PAB14,34623,SPE4A626T22QY.PDF p.6,0.2,20.0
SPE4A626T23DU,SPE4A6-26-T-23DU,SPE4A626T23DU.PDF,2026-08-27,2026-09-03,25,No set-aside clause found (check SF18 block),,True,3,True,9,True,8,True,9,True,8,True,3,True,4,recent exact-NSN history,1,1,27300.0,,2100.0,2025-08-12,14.0,SPE4A625PYK23P00001,6ZSR8,SPE4A626T23DU.PDF p.7,1.1,8.0
SPE4A626T23GU,SPE4A6-26-T-23GU,SPE4A626T23GU.PDF,2026-08-27,2026-09-03,19,HUBZone set-aside,2,False,,False,,True,7,True,8,False,,True,3,True,3,history older than 5 years - compare with DLA management price,1,0,818.7,,409.35,2019-08-26,20.0,SPE4A619PK712P00001,1SNT7,SPE4A626T23GU.PDF p.6,7.1,1.0
SPE4A626T23LL,SPE4A6-26-T-23LL,SPE4A626T23LL.PDF,2026-08-27,2026-09-03,20,HUBZone set-aside,2,False,,True,8,True,7,True,8,False,,True,3,True,3,recent exact-NSN history,1,0,443.04,,73.84,2022-04-05,64.0,SPE4A622PH566,51915,SPE4A626T23LL.PDF p.6,4.5,10.0
SPE4A626T23RC,SPE4A6-26-T-23RC,SPE4A626T23RC.PDF,2026-08-27,2026-09-03,19,HUBZone set-aside,2,False,,True,7,True,7,True,8,False,,True,3,True,3,recent exact-NSN history,1,0,526.96,,75.28,2026-06-18,2.0,SPE4A626PV495,073S2,SPE4A626T23RC.PDF p.6,0.3,4.0
SPE4A626T23YA,SPE4A6-26-T-23YA,SPE4A626T23YA.PDF,2026-08-28,2026-09-04,19,HUBZone set-aside,2,False,,True,8,True,7,False,,False,,True,3,True,3,history older than 5 years - compare with DLA management price,1,0,360.0,,360.0,2018-01-19,5.0,SPE4A418V3428,1XC80,SPE4A626T23YA.PDF p.6,8.7,4.0
SPE4A626T23YH,SPE4A6-26-T-23YH,SPE4A626T23YH.PDF,2026-08-28,2026-09-04,19,HUBZone set-aside,2,False,,True,7,True,7,False,,False,,False,,True,3,history older than 5 years - compare with DLA management price,1,0,18849.0,,6283.0,2007-07-13,2.0,SPM4A607MA113,3T8J4,SPE4A626T23YH.PDF p.6,19.2,2.0
SPE4A626T24CG,SPE4A6-26-T-24CG,SPE4A626T24CG.PDF,2026-08-28,2026-09-04,19,HUBZone set-aside,2,False,,True,8,True,7,True,8,False,,True,3,True,3,no procurement history in PDF - investigate DLA management price; line stays unpriced,1,0,,,,,,,,,,
SPE4A626T24CJ,SPE4A6-26-T-24CJ,SPE4A626T24CJ.PDF,2026-08-28,2026-09-04,19,HUBZone set-aside,2,False,,True,8,True,7,True,8,False,,True,3,True,3,no procurement history in PDF - investigate DLA management price; line stays unpriced,1,0,,,,,,,,,,
SPE4A626T24DD,SPE4A6-26-T-24DD,SPE4A626T24DD.PDF,2026-08-28,2026-09-04,19,HUBZone set-aside,2,False,,True,7,True,7,False,,False,,False,,True,3,recent exact-NSN history,1,0,3525.25,,3525.25,2026-07-22,1.0,SPE4A026P2225,646V6,SPE4A626T24DD.PDF p.6,0.2,3.0
SPE4A626T24DH,SPE4A6-26-T-24DH,SPE4A626T24DH.PDF,2026-08-28,2026-09-04,20,HUBZone set-aside,2,False,,True,8,True,7,True,8,False,,True,3,True,3,history older than 5 years - compare with DLA management price,1,0,423.5,,84.7,2020-05-20,184.0,SPE4A620PH510,6FN58,SPE4A626T24DH.PDF p.6,6.4,8.0
SPE4A626T24DK,SPE4A6-26-T-24DK,SPE4A626T24DK.PDF,2026-08-28,2026-09-04,21,Total small business set-aside,2,True,3,True,8,True,8,True,9,False,,True,2,True,4,recent exact-NSN history,1,1,18004.2,,1800.42,2025-07-14,7.0,SPE4A625PZ578P00003,31068,SPE4A626T24DK.PDF p.7,1.2,20.0
SPE4A626T24JC,SPE4A6-26-T-24JC,SPE4A626T24JC.PDF,2026-08-28,2026-09-04,21,HUBZone set-aside,2,True,3,True,9,True,8,True,9,False,,True,3,True,4,recent exact-NSN history,1,1,6000.0,,400.0,2026-08-25,14.0,SPE4A626PC655,0XPA4,SPE4A626T24JC.PDF p.7,0.1,12.0
SPE4A626T24KK,SPE4A6-26-T-24KK,SPE4A626T24KK.PDF,2026-08-28,2026-09-04,24,HUBZone set-aside; SDVOSB set-aside,2,True,3,True,9,True,9,True,10,False,,True,3,True,5,recent exact-NSN history,1,2,91950.0,,3065.0,2025-07-15,60.0,SPE4A625PAJ94P00003,3B8L1,SPE4A626T24KK.PDF p.7,1.2,20.0
SPE4A626T24NQ,SPE4A6-26-T-24NQ,SPE4A626T24NQ.PDF,2026-08-28,2026-09-04,19,HUBZone set-aside,2,False,,True,8,True,7,False,,False,,False,,True,3,recent exact-NSN history,1,0,9107.5,,910.75,2025-07-28,4.0,SPE4A625V474G,6ZSR8,SPE4A626T24NQ.PDF p.6,1.2,10.0
SPE4A626T24YD,SPE4A6-26-T-24YD,SPE4A626T24YD.PDF,2026-08-31,2026-09-08,19,HUBZone set-aside,2,False,,True,7,False,,False,,False,,False,,True,3,recent exact-NSN history,1,0,663.0,,663.0,2021-10-12,1.0,SPE4A622P1465,3T8J4,SPE4A626T24YD.PDF p.6,5.0,2.0
SPE4A626T25AL,SPE4A6-26-T-25AL,SPE4A626T25AL.PDF,2026-09-01,2026-09-08,21,Total small business set-aside,2,True,3,True,8,True,7,True,8,False,,False,,True,3,recent exact-NSN history,1,1,38451.0,,19225.5,2026-08-13,2.0,SPE4A626PAT40,6ZSR8,SPE4A626T25AL.PDF p.6,0.1,5.0
SPE4A626T25TL,SPE4A6-26-T-25TL,SPE4A626T25TL.PDF,2026-09-02,2026-09-09,24,HUBZone set-aside,2,True,3,True,8,True,8,True,9,False,,True,3,True,4,history older than 5 years - compare with DLA management price,1,1,11632.0,,2908.0,2019-08-26,18.0,SPE4A619PJ238P00001,02AV2,SPE4A626T25TL.PDF p.6,7.1,4.0
SPE4A626T25UP,SPE4A6-26-T-25UP,SPE4A626T25UP.PDF,2026-09-02,2026-09-09,19,HUBZone set-aside,2,False,,True,8,True,7,True,8,False,,False,,True,3,history older than 5 years - compare with DLA management price,1,0,507.0,,9.75,2016-03-31,284.0,SPE4A616MA781,6LY89,SPE4A626T25UP.PDF p.6,10.5,7.0
SPE4A626T25V8,SPE4A6-26-T-25V8,SPE4A626T25V8.PDF,2026-04-17,2026-04-24,24,HUBZone set-aside,2,False,,True,8,True,7,False,,False,,False,,True,3,recent exact-NSN history,1,0,3566.0,,3566.0,2024-10-01,1.0,SPE4A625V0032,3T8J4,SPE4A626T25V8.PDF p.6,2.0,4.0
SPE4A626T25VG,SPE4A6-26-T-25VG,SPE4A626T25VG.PDF,2026-09-02,2026-09-09,19,HUBZone set-aside,2,False,,True,8,True,7,False,,False,,False,,True,3,recent exact-NSN history,1,0,2250.5,,1125.25,2026-05-15,2.0,SPE4A626PR539P00001,646V6,SPE4A626T25VG.PDF p.6,0.4,3.0
SPE4A626T25XG,SPE4A6-26-T-25XG,SPE4A626T25XG.PDF,2026-09-02,2026-09-09,20,Total small business set-aside,2,True,3,True,8,True,7,True,8,False,,True,2,True,3,history older than 5 years - compare with DLA management price,1,1,15928.92,,379.26,2018-02-28,36.0,SPE4AX18F2188,90142,SPE4A626T25XG.PDF p.6,8.6,16.0
SPE4A626T26JS,SPE4A6-26-T-26JS,SPE4A626T26JS.PDF,2026-09-04,2026-09-11,19,HUBZone set-aside,2,False,,True,7,False,,False,,False,,False,,True,3,recent exact-NSN history,1,0,477.77,,477.77,2025-10-17,1.0,SPE4A626V1136P00001,646V6,SPE4A626T26JS.PDF p.6,1.0,13.0
SPE4A626T26PD,SPE4A6-26-T-26PD,SPE4A626T26PD.PDF,2026-09-04,2026-09-11,22,HUBZone set-aside,2,False,,True,7,True,7,True,9,True,9,True,3,True,3,recent exact-NSN history,1,0,10372.5,,1152.5,2025-09-22,9.0,SPE4A625P7767P00002,5N063,SPE4A626T26PD.PDF p.6,1.0,8.0
SPE4A626T26QT,SPE4A6-26-T-26QT,SPE4A626T26QT.PDF,2026-09-04,2026-09-11,20,HUBZone set-aside,2,False,,True,8,True,7,True,8,False,,True,3,True,3,recent exact-NSN history,1,0,13764.0,,2294.0,2026-08-24,8.0,SPE4A626PAAU7,3T8J4,SPE4A626T26QT.PDF p.6,0.1,13.0
SPE4A626T26RT,SPE4A6-26-T-26RT,SPE4A626T26RT.PDF,2026-09-04,2026-09-11,23,HUBZone set-aside,2,True,3,True,8,True,8,True,9,False,,True,3,True,4,history older than 5 years - compare with DLA management price,2,1,3960.0,,1320.0,2021-03-26,1.0,SPE4A621PE993,N0013,SPE4A626T26RT.PDF p.7,5.5,1.0
SPE4A626T26SE,SPE4A6-26-T-26SE,SPE4A626T26SE.PDF,2026-09-04,2026-09-11,20,Total small business set-aside,2,False,,True,7,True,7,True,8,False,,True,2,True,3,recent exact-NSN history,1,0,27688.120000000003,,675.32,2025-01-31,16.0,SPE4A625PE051,0RLV7,SPE4A626T26SE.PDF p.6,1.7,9.0
SPE4A626T26SS,SPE4A6-26-T-26SS,SPE4A626T26SS.PDF,2026-09-04,2026-09-11,32,Total small business set-aside,2,True,3,False,,True,8,True,9,True,8,True,2,True,4,no procurement history in PDF - investigate DLA management price; line stays unpriced,1,1,,,,,,,,,,
SPE4A626T26YV,SPE4A6-26-T-26YV,SPE4A626T26YV.PDF,2026-09-08,2026-09-15,21,HUBZone set-aside,2,True,3,True,8,True,8,True,9,False,,True,3,True,4,recent exact-NSN history,1,1,5600.0,,2800.0,2026-08-20,2.0,SPE4A626PS150,23371,SPE4A626T26YV.PDF p.7,0.1,4.0
SPE4A626T26ZV,SPE4A6-26-T-26ZV,SPE4A626T26ZV.PDF,2026-09-08,2026-09-15,22,HUBZone set-aside; WOSB set-aside,2,True,3,True,9,True,8,True,9,False,,True,3,True,4,recent exact-NSN history,1,1,126271.53,,1275.47,2025-12-30,67.0,SPE4A626PA939P00001,11201,SPE4A626T26ZV.PDF p.7,0.8,20.0
SPE4A626T27AA,SPE4A6-26-T-27AA,SPE4A626T27AA.PDF,2026-09-08,2026-09-15,21,Total small business set-aside,2,True,3,True,8,False,,True,9,False,,True,2,True,4,recent exact-NSN history,1,1,38866.75,,2989.75,2026-07-08,5.0,SPE4A626PN154,6ZSR8,SPE4A626T27AA.PDF p.6,0.2,18.0
SPE4A626T27AM,SPE4A6-26-T-27AM,SPE4A626T27AM.PDF,2026-09-08,2026-09-15,19,HUBZone set-aside,2,False,,True,7,True,7,False,,False,,False,,True,3,no procurement history in PDF - investigate DLA management price; line stays unpriced,1,0,,,,,,,,,,
SPE4A626T27AV,SPE4A6-26-T-27AV,SPE4A626T27AV.PDF,2026-09-08,2026-09-15,19,HUBZone set-aside,2,False,,False,,False,,True,7,False,,True,3,True,3,no procurement history in PDF - investigate DLA management price; line stays unpriced,1,0,,,,,,,,,,
SPE4A626T27BJ,SPE4A6-26-T-27BJ,SPE4A626T27BJ.PDF,2026-09-08,2026-09-15,19,HUBZone set-aside,2,False,,True,7,True,7,False,,False,,False,,True,3,no procurement history in PDF - investigate DLA management price; line stays unpriced,1,0,,,,,,,,,,
SPE4A626T27DN,SPE4A6-26-T-27DN,SPE4A626T27DN.PDF,2026-09-09,2026-09-16,22,HUBZone set-aside,2,True,3,True,9,True,8,True,9,False,,True,3,True,4,recent exact-NSN history,1,1,4305.0,,123.0,2024-08-19,24.0,SPE4A624PX659,75Q65,SPE4A626T27DN.PDF p.7,2.1,1.0
SPE4A626T27EK,SPE4A6-26-T-27EK,SPE4A626T27EK.PDF,2026-09-09,2026-09-16,20,HUBZone set-aside,2,False,,True,7,True,7,True,8,False,,True,3,True,3,recent exact-NSN history,1,0,439.5,,146.5,2024-07-23,13.0,SPE4A724PF073P00001,5N063,SPE4A626T27EK.PDF p.6,2.2,5.0
SPE4A626T27GW,SPE4A6-26-T-27GW,SPE4A626T27GW.PDF,2026-09-09,2026-09-16,19,HUBZone set-aside,2,False,,True,7,True,7,True,8,False,,True,3,True,3,history older than 5 years - compare with DLA management price,1,0,1494.16,,1494.16,2017-04-21,1.0,SPE4A617VB590,1N8T8,SPE4A626T27GW.PDF p.6,9.4,1.0
SPE4A626T27PJ,SPE4A6-26-T-27PJ,SPE4A626T27PJ.PDF,2026-09-10,2026-09-17,19,HUBZone set-aside,2,False,,True,7,True,7,True,8,False,,True,3,True,3,history older than 5 years - compare with DLA management price,1,0,1478.0,,739.0,1994-02-21,7.0,N0010494G02015032,15090,SPE4A626T27PJ.PDF p.6,32.6,1.0
SPE4A626T27PN,SPE4A6-26-T-27PN,SPE4A626T27PN.PDF,2026-09-10,2026-09-17,22,HUBZone set-aside; SDVOSB set-aside,2,True,3,True,8,True,8,False,,False,,True,3,True,4,recent exact-NSN history,1,1,82992.0,,6384.0,2026-08-11,1.0,SPE4A626F300U,02AV2,SPE4A626T27PN.PDF p.7,0.1,20.0
SPE4A626T27T7,SPE4A6-26-T-27T7,SPE4A626T27T7.PDF,2026-04-22,2026-04-29,27,HUBZone set-aside,2,True,3,True,9,True,8,True,9,False,,True,3,True,4,recent exact-NSN history,1,1,29425.0,,5885.0,2026-04-08,62.0,SPE4A626PZ155,6ZSR8,SPE4A626T27T7.PDF p.6,0.5,19.0
SPE4A626T27TB,SPE4A6-26-T-27TB,SPE4A626T27TB.PDF,2026-09-10,2026-09-17,20,HUBZone set-aside,2,False,,True,7,True,7,True,8,False,,True,3,True,3,recent exact-NSN history,2,0,2208.3,,12.99,2025-07-31,105.0,SPE4A625PF057,1PT53,SPE4A626T27TB.PDF p.6,1.2,13.0
SPE4A626T27WX,SPE4A6-26-T-27WX,SPE4A626T27WX.PDF,2026-09-10,2026-09-17,22,HUBZone set-aside,2,True,3,True,9,True,8,True,10,False,,True,3,True,4,recent exact-NSN history,1,1,7200.0,,3600.0,2026-05-21,3.0,SPE4A626PL199P00001,8SKT8,SPE4A626T27WX.PDF p.7,0.4,8.0
SPE4A626T27XC,SPE4A6-26-T-27XC,SPE4A626T27XC.PDF,2026-09-10,2026-09-17,22,HUBZone set-aside,2,True,3,True,8,True,8,True,9,False,,True,3,True,4,recent exact-NSN history,1,1,11775.0,,3925.0,2025-10-20,3.0,SPE4A626P2864P00001,6ZSR8,SPE4A626T27XC.PDF p.7,0.9,10.0
SPE4A626T27YB,SPE4A6-26-T-27YB,SPE4A626T27YB.PDF,2026-09-10,2026-09-17,21,HUBZone set-aside,2,True,3,True,9,True,8,True,9,False,,True,3,True,4,recent exact-NSN history,1,1,4450.0,,2225.0,2025-10-15,3.0,SPE4A626P2275,6ZSR8,SPE4A626T27YB.PDF p.7,1.0,6.0
SPE4A626T27YM,SPE4A6-26-T-27YM,SPE4A626T27YM.PDF,2026-09-10,2026-09-17,19,HUBZone set-aside,2,False,,True,7,True,7,False,,False,,False,,True,3,recent exact-NSN history,1,0,20400.0,,102.0,2026-06-25,25.0,SPE4A626PW172,0HS46,SPE4A626T27YM.PDF p.6,0.3,3.0
SPE4A626T28BU,SPE4A6-26-T-28BU,SPE4A626T28BU.PDF,2026-09-10,2026-09-17,19,HUBZone set-aside,2,False,,True,7,False,,False,,False,,False,,True,3,recent exact-NSN history,1,0,955.54,,477.77,2025-10-17,1.0,SPE4A626V1136P00001,646V6,SPE4A626T28BU.PDF p.6,1.0,13.0
SPE4A626T28CN,SPE4A6-26-T-28CN,SPE4A626T28CN.PDF,2026-09-10,2026-09-17,20,HUBZone set-aside,2,False,,True,8,True,7,False,,False,,False,,True,3,recent exact-NSN history,1,0,11340.0,,5670.0,2024-12-10,1.0,SPE4A625P8721,51283,SPE4A626T28CN.PDF p.6,1.8,3.0
SPE4A626T28DZ,SPE4A6-26-T-28DZ,SPE4A626T28DZ.PDF,2026-09-10,2026-09-17,20,HUBZone set-aside; SDVOSB set-aside,2,False,,True,8,True,7,True,8,False,,True,3,True,3,recent exact-NSN history,1,0,18540.69,,882.89,2023-11-29,17.0,SPE4A624V3529,3WGD1,SPE4A626T28DZ.PDF p.6,2.8,5.0
SPE4A626T28HP,SPE4A6-26-T-28HP,SPE4A626T28HP.PDF,2026-09-10,2026-09-17,20,HUBZone set-aside,2,False,,True,7,True,7,False,,False,,False,,True,3,recent exact-NSN history,2,0,1555.54,,777.77,2026-02-17,1.0,SPE4A626PF534P00001,646V6,SPE4A626T28HP.PDF p.6,0.6,2.0
SPE4A626T28HX,SPE4A6-26-T-28HX,SPE4A626T28HX.PDF,2026-09-10,2026-09-17,21,HUBZone set-aside,2,True,3,True,9,True,8,True,9,False,,True,3,True,4,recent exact-NSN history,1,1,4450.0,,2225.0,2025-10-15,3.0,SPE4A626P2275,6ZSR8,SPE4A626T28HX.PDF p.7,1.0,6.0
SPE4A626T28KK,SPE4A6-26-T-28KK,SPE4A626T28KK.PDF,2026-09-10,2026-09-17,20,Total small business set-aside,2,False,,True,7,True,7,False,,False,,False,,True,3,recent exact-NSN history,1,0,130200.0,,43400.0,2025-02-03,3.0,SPE4A525V0949,4K0V2,SPE4A626T28KK.PDF p.5,1.7,20.0
SPE4A626T28NP,SPE4A6-26-T-28NP,SPE4A626T28NP.PDF,2026-09-11,2026-09-18,22,HUBZone set-aside,2,True,3,True,8,True,8,True,9,False,,True,3,True,4,recent exact-NSN history,1,1,4122.0,,458.0,2024-01-30,13.0,SPE4A624PB997P00001,29056,SPE4A626T28NP.PDF p.7,2.7,8.0
SPE4A626T28NV,SPE4A6-26-T-28NV,SPE4A626T28NV.PDF,2026-09-11,2026-09-18,21,HUBZone set-aside,2,True,3,True,9,True,8,True,9,False,,True,3,True,4,recent exact-NSN history,1,1,3533.84,,441.73,2026-02-19,8.0,SPE4A626PG122,31068,SPE4A626T28NV.PDF p.7,0.6,6.0
SPE4A626T28PB,SPE4A6-26-T-28PB,SPE4A626T28PB.PDF,2026-09-11,2026-09-18,19,HUBZone set-aside,2,False,,False,,False,,True,7,False,,True,3,True,3,recent exact-NSN history,1,0,854.1,,9.49,2026-07-22,55.0,SPE4A626V271B,83803,SPE4A626T28PB.PDF p.6,0.2,16.0
SPE4A626T28QH,SPE4A6-26-T-28QH,SPE4A626T28QH.PDF,2026-09-11,2026-09-18,21,HUBZone set-aside,2,True,3,True,9,True,8,True,9,False,,True,3,True,4,recent exact-NSN history,1,1,6724.76,,92.12,2022-09-26,176.0,SPE4A622PY896P00001,7L6Q3,SPE4A626T28QH.PDF p.7,4.0,3.0
SPE4A626T28QS,SPE4A6-26-T-28QS,SPE4A626T28QS.PDF,2026-09-11,2026-09-18,22,HUBZone set-aside,2,True,3,True,8,True,8,True,9,False,,True,3,True,4,recent exact-NSN history,1,1,11.33,,11.33,2023-04-24,4.0,SPE4A623PL252,75Q65,SPE4A626T28QS.PDF p.7,3.4,1.0
SPE4A626T28TQ,SPE4A6-26-T-28TQ,SPE4A626T28TQ.PDF,2026-09-11,2026-09-18,20,HUBZone set-aside,2,False,,True,7,True,7,True,8,False,,True,3,True,3,no procurement history in PDF - investigate DLA management price; line stays unpriced,1,0,,,,,,,,,,
SPE4A626T28UP,SPE4A6-26-T-28UP,SPE4A626T28UP.PDF,2026-09-11,2026-09-18,19,HUBZone set-aside,2,False,,True,8,True,7,False,,False,,False,,True,3,recent exact-NSN history,1,0,4858.04,,26.84,2026-07-09,361.0,SPE4A126V1142,3T8J4,SPE4A626T28UP.PDF p.6,0.2,20.0
SPE4A626T28VK,SPE4A6-26-T-28VK,SPE4A626T28VK.PDF,2026-09-11,2026-09-18,20,HUBZone set-aside,2,False,,True,7,True,7,True,8,False,,True,3,True,3,history older than 5 years - compare with DLA management price,1,0,2260.0,,452.0,2013-03-13,16.0,SPE4A613V8592,3T8J4,SPE4A626T28VK.PDF p.6,13.5,2.0
SPE4A626T28VS,SPE4A6-26-T-28VS,SPE4A626T28VS.PDF,2026-09-11,2026-09-18,23,No set-aside clause found (check SF18 block),,True,3,True,9,True,9,True,10,False,,True,3,True,4,recent exact-NSN history,1,1,25460.0,,1340.0,2026-01-14,12.0,SPE4A626PC245P00002,3B8L1,SPE4A626T28VS.PDF p.7,0.7,16.0
SPE4A626T28VW,SPE4A6-26-T-28VW,SPE4A626T28VW.PDF,2026-09-11,2026-09-18,20,HUBZone set-aside,2,False,,True,8,True,7,True,8,False,,True,3,True,3,recent exact-NSN history,1,0,9890.0,,2472.5,2026-07-29,2.0,SPE4A626PAD10,6ZSR8,SPE4A626T28VW.PDF p.6,0.2,8.0
SPE4A626T28WN,SPE4A6-26-T-28WN,SPE4A626T28WN.PDF,2026-09-11,2026-09-18,24,HUBZone set-aside,2,True,3,True,8,True,8,True,9,False,,True,3,True,4,history older than 5 years - compare with DLA management price,1,1,11159.65,,587.35,2019-05-21,54.0,SPE4A619PG087P00001,02AV2,SPE4A626T28WN.PDF p.7,7.4,4.0
SPE4A626T28WR,SPE4A6-26-T-28WR,SPE4A626T28WR.PDF,2026-09-11,2026-09-18,22,HUBZone set-aside,2,True,3,True,8,True,8,True,9,False,,True,3,True,4,recent exact-NSN history,1,1,8732.25,,2910.75,2026-01-23,4.0,SPE4A626PD421,6ZSR8,SPE4A626T28WR.PDF p.7,0.7,10.0
SPE4A626T28WS,SPE4A6-26-T-28WS,SPE4A626T28WS.PDF,2026-09-11,2026-09-18,22,HUBZone set-aside,2,False,,True,7,False,,True,7,False,,True,3,True,3,recent exact-NSN history,1,0,6301.5,,2100.5,2023-05-30,2.0,SPE4A623PP880,6ZSR8,SPE4A626T28WS.PDF p.6,3.3,13.0
SPE4A626T28WU,SPE4A6-26-T-28WU,SPE4A626T28WU.PDF,2026-09-11,2026-09-18,19,HUBZone set-aside,2,False,,False,,False,,True,7,False,,True,3,True,3,recent exact-NSN history,1,0,324.95,,64.99,2023-10-05,15.0,SPE4A624P0782,83803,SPE4A626T28WU.PDF p.6,3.0,5.0
SPE4A626T28YD,SPE4A6-26-T-28YD,SPE4A626T28YD.PDF,2026-09-14,2026-09-21,20,HUBZone set-aside,2,True,3,True,8,False,,False,,False,,True,3,True,4,recent exact-NSN history,1,1,2993.5,,2993.5,2026-03-24,1.0,SPE4A626PK745,9B7H3,SPE4A626T28YD.PDF p.7,0.5,1.0
SPE4A626T29CL,SPE4A6-26-T-29CL,SPE4A626T29CL.PDF,2026-09-14,2026-09-21,19,HUBZone set-aside,2,False,,True,7,False,,False,,False,,False,,True,3,recent exact-NSN history,1,0,967.0,,967.0,2025-07-17,7.0,SPE4A625V441EP00001,3T8J4,SPE4A626T29CL.PDF p.6,1.2,9.0
SPE4A626T29CT,SPE4A6-26-T-29CT,SPE4A626T29CT.PDF,2026-09-14,2026-09-21,21,HUBZone set-aside; SDVOSB set-aside,2,True,3,True,8,True,8,False,,False,,True,3,True,4,recent exact-NSN history,1,1,35535.0,,2369.0,2025-12-03,22.0,SPE4A626P8196P00002,3WGD1,SPE4A626T29CT.PDF p.7,0.8,20.0
SPE4A626T29DB,SPE4A6-26-T-29DB,SPE4A626T29DB.PDF,2026-09-14,2026-09-21,21,Total small business set-aside,2,False,,True,7,True,7,True,8,True,7,True,2,True,3,recent exact-NSN history,1,0,15750.0,,2625.0,2026-01-05,5.0,SPE4A626PB090,3B8L1,SPE4A626T29DB.PDF p.5,0.7,1.0
SPE4A626T29GW,SPE4A6-26-T-29GW,SPE4A626T29GW.PDF,2026-09-15,2026-09-22,19,HUBZone set-aside,2,False,,True,7,False,,False,,False,,False,,True,3,no procurement history in PDF - investigate DLA management price; line stays unpriced,1,0,,,,,,,,,,
SPE4A626T29HA,SPE4A6-26-T-29HA,SPE4A626T29HA.PDF,2026-09-15,2026-09-22,19,HUBZone set-aside,2,False,,False,,False,,True,7,False,,True,3,True,3,no procurement history in PDF - investigate DLA management price; line stays unpriced,1,0,,,,,,,,,,
SPE4A626T29HB,SPE4A6-26-T-29HB,SPE4A626T29HB.PDF,2026-09-15,2026-09-22,19,HUBZone set-aside,2,False,,False,,True,7,True,8,False,,True,3,True,3,no procurement history in PDF - investigate DLA management price; line stays unpriced,1,0,,,,,,,,,,
SPE4A626T29HF,SPE4A6-26-T-29HF,SPE4A626T29HF.PDF,2026-09-15,2026-09-22,20,HUBZone set-aside,2,True,3,True,8,True,7,False,,False,,True,3,True,4,history older than 5 years - compare with DLA management price,1,1,3700.0,,1850.0,2020-04-27,14.0,SPE4A620PG385P00003,3B8L1,SPE4A626T29HF.PDF p.6,6.4,7.0
SPE4A626T29JB,SPE4A6-26-T-29JB,SPE4A626T29JB.PDF,2026-09-15,2026-09-22,24,Total small business set-aside,2,True,3,True,7,True,7,True,8,False,,True,2,True,4,recent exact-NSN history,1,1,26076.0,,1629.75,2026-01-28,13.0,SPE4A626PD847,6ZSR8,SPE4A626T29JB.PDF p.6,0.7,6.0
SPE4A626T29JQ,SPE4A6-26-T-29JQ,SPE4A626T29JQ.PDF,2026-09-15,2026-09-22,19,HUBZone set-aside,2,False,,False,,True,7,True,8,False,,True,3,True,3,no procurement history in PDF - investigate DLA management price; line stays unpriced,1,0,,,,,,,,,,
SPE4A626T29MD,SPE4A6-26-T-29MD,SPE4A626T29MD.PDF,2026-09-15,2026-09-22,22,HUBZone set-aside,2,True,3,True,9,True,8,True,9,False,,True,3,True,4,recent exact-NSN history,1,1,2150.0,,2150.0,2025-07-16,3.0,SPE4A025P1517,8SKT8,SPE4A626T29MD.PDF p.7,1.2,2.0
SPE4A626T29NE,SPE4A6-26-T-29NE,SPE4A626T29NE.PDF,2026-09-15,2026-09-22,19,HUBZone set-aside,2,False,,False,,True,7,False,,False,,False,,True,3,no procurement history in PDF - investigate DLA management price; line stays unpriced,1,0,,,,,,,,,,
SPE4A626T29TD,SPE4A6-26-T-29TD,SPE4A626T29TD.PDF,2026-09-16,2026-09-23,21,HUBZone set-aside; SDVOSB set-aside,2,True,3,True,8,True,8,True,9,False,,True,3,True,4,recent exact-NSN history,1,1,18000.0,,3000.0,2026-05-06,14.0,SPE4A626PQ311P00001,30463,SPE4A626T29TD.PDF p.7,0.4,7.0
SPE4A626T29UH,SPE4A6-26-T-29UH,SPE4A626T29UH.PDF,2026-09-16,2026-09-23,21,No set-aside clause found (check SF18 block),,True,3,True,9,True,8,False,,False,,True,3,True,4,recent exact-NSN history,1,1,18900.0,,6300.0,2026-09-01,5.0,SPE4A526P7430,7BUL6,SPE4A626T29UH.PDF p.7,0.1,12.0
SPE4A626T30AH,SPE4A6-26-T-30AH,SPE4A626T30AH.PDF,2026-09-16,2026-09-23,21,HUBZone set-aside; WOSB set-aside,2,True,3,True,8,True,8,True,9,False,,True,3,True,4,recent exact-NSN history,1,1,40280.0,,2120.0,2025-07-08,15.0,SPE4A625PAB81,3B8L1,SPE4A626T30AH.PDF p.7,1.2,20.0
SPE4A626T30AL,SPE4A6-26-T-30AL,SPE4A626T30AL.PDF,2026-09-16,2026-09-23,21,Total small business set-aside,2,True,3,True,8,True,8,True,8,False,,True,2,True,3,recent exact-NSN history,1,1,53154.75,,1610.75,2026-08-05,5.0,SPE4A626PAP38,6ZSR8,SPE4A626T30AL.PDF p.6,0.2,8.0
SPE4A626T30CF,SPE4A6-26-T-30CF,SPE4A626T30CF.PDF,2026-09-16,2026-09-23,20,Total small business set-aside,2,True,3,True,8,True,7,True,8,False,,True,2,True,3,recent exact-NSN history,1,1,21300.0,,10650.0,2026-09-02,3.0,SPE4A626P0H26,6ZSR8,SPE4A626T30CF.PDF p.6,0.1,11.0
SPE4A626T30CG,SPE4A6-26-T-30CG,SPE4A626T30CG.PDF,2026-09-16,2026-09-23,19,HUBZone set-aside,2,False,,True,7,True,7,True,8,False,,True,3,True,3,recent exact-NSN history,1,0,20318.25,,6772.75,2026-09-10,1.0,SPE4A626P0S47,6ZSR8,SPE4A626T30CG.PDF p.6,0.1,1.0
SPE4A626T30DZ,SPE4A6-26-T-30DZ,SPE4A626T30DZ.PDF,2026-09-16,2026-09-23,19,Total small business set-aside,2,False,,True,7,True,7,False,,False,,False,,True,3,recent exact-NSN history,1,0,19240.25,,3848.05,2026-07-29,7.0,SPE4A626PX598,6ZSR8,SPE4A626T30DZ.PDF p.5,0.2,20.0
SPE4A626T30HU,SPE4A6-26-T-30HU,SPE4A626T30HU.PDF,2026-09-16,2026-09-23,22,HUBZone set-aside,2,True,3,True,8,True,8,False,,False,,True,3,True,4,recent exact-NSN history,1,1,13579.920000000002,,1508.88,2025-11-12,42.0,SPE4A626P5736P00003,5ZD19,SPE4A626T30HU.PDF p.7,0.9,7.0
SPE4A626T30M8,SPE4A6-26-T-30M8,SPE4A626T30M8.PDF,2026-04-23,2026-04-30,25,HUBZone set-aside,2,True,3,True,8,True,8,True,9,False,,True,3,True,4,history older than 5 years - compare with DLA management price,1,1,4150.0,,830.0,2014-11-26,6.0,SPE4A615M2828,24581,SPE4A626T30M8.PDF p.7,11.8,10.0
SPE4A626T30N6,SPE4A6-26-T-30N6,SPE4A626T30N6.PDF,2026-04-23,2026-04-30,25,HUBZone set-aside,2,True,3,True,8,True,8,True,9,False,,True,3,True,4,recent exact-NSN history,1,1,7290.0,,810.0,2025-03-12,8.0,SPE4A525F6088,88829,SPE4A626T30N6.PDF p.7,1.6,11.0
SPE4A626T30QD,SPE4A6-26-T-30QD,SPE4A626T30QD.PDF,2026-09-16,2026-09-23,20,Total small business set-aside,2,True,3,True,7,True,7,True,8,False,,True,2,True,4,recent exact-NSN history,1,1,56895.0,,3793.0,2026-06-29,11.0,SPE4A626PW492P00001,2Y430,SPE4A626T30QD.PDF p.6,0.3,9.0
SPE4A626T30QE,SPE4A6-26-T-30QE,SPE4A626T30QE.PDF,2026-09-16,2026-09-23,22,HUBZone set-aside; SDVOSB set-aside,2,True,3,True,9,True,8,True,9,False,,True,3,True,4,recent exact-NSN history,1,1,18467.73,,2051.97,2025-12-16,76.0,SPE4A626P9862P00001,5ZD19,SPE4A626T30QE.PDF p.7,0.8,18.0
SPE4A626T30QJ,SPE4A6-26-T-30QJ,SPE4A626T30QJ.PDF,2026-09-16,2026-09-23,21,HUBZone set-aside,2,True,3,True,8,True,8,True,9,False,,True,3,True,4,recent exact-NSN history,1,1,8832.75,,1766.55,2021-11-09,41.0,SPE4AX22F0753P00003,7VSL7,SPE4A626T30QJ.PDF p.7,4.9,5.0
SPE4A626T30QM,SPE4A6-26-T-30QM,SPE4A626T30QM.PDF,2026-09-16,2026-09-23,21,HUBZone set-aside,2,True,3,True,9,True,8,True,9,False,,True,3,True,4,recent exact-NSN history,1,1,5573.12,,696.64,2024-11-27,9.0,SPE4A625PZ165,0AF93,SPE4A626T30QM.PDF p.7,1.8,3.0
SPE4A626T30QR,SPE4A6-26-T-30QR,SPE4A626T30QR.PDF,2026-09-16,2026-09-23,21,HUBZone set-aside,2,False,,True,7,False,,True,7,False,,True,3,True,3,recent exact-NSN history,1,0,11567.34,,3855.78,2021-11-17,4.0,SPE4AX22F0820P00002,0HLG5,SPE4A626T30QR.PDF p.6,4.9,4.0
SPE4A626T30QS,SPE4A6-26-T-30QS,SPE4A626T30QS.PDF,2026-09-16,2026-09-23,19,HUBZone set-aside,2,False,,True,8,True,7,True,8,False,,False,,True,3,recent exact-NSN history,1,0,5263.5,,877.25,2025-10-22,4.0,SPE4A626P3128,646V6,SPE4A626T30QS.PDF p.6,0.9,5.0
SPE4A626T30QW,SPE4A6-26-T-30QW,SPE4A626T30QW.PDF,2026-09-16,2026-09-23,23,HUBZone set-aside,2,True,3,True,8,True,8,True,9,False,,True,3,True,4,recent exact-NSN history,1,1,4952.0,,4952.0,2025-06-16,4.0,SPE4A625PW492P00001,73F14,SPE4A626T30QW.PDF p.7,1.3,4.0
SPE4A626T30RC,SPE4A6-26-T-30RC,SPE4A626T30RC.PDF,2026-09-16,2026-09-23,20,HUBZone set-aside,2,False,,True,8,True,7,True,8,False,,True,3,True,3,recent exact-NSN history,1,0,7200.0,,3600.0,2026-04-01,2.0,SPE4A626PL564,23371,SPE4A626T30RC.PDF p.6,0.5,4.0
SPE4A626T30RJ,SPE4A6-26-T-30RJ,SPE4A626T30RJ.PDF,2026-09-16,2026-09-23,21,HUBZone set-aside,2,False,,True,9,True,7,True,9,False,,True,3,True,3,recent exact-NSN history,1,0,5470.0,,5470.0,2026-08-17,1.0,SPE4A126V1646P00001,3T8J4,SPE4A626T30RJ.PDF p.6,0.1,4.0
SPE4A626T30RX,SPE4A6-26-T-30RX,SPE4A626T30RX.PDF,2026-09-17,2026-09-24,19,HUBZone set-aside,2,False,,True,7,False,,False,,False,,False,,True,3,recent exact-NSN history,1,0,2889.0,,2889.0,2024-07-12,1.0,SPE4AN24V0009,0HS46,SPE4A626T30RX.PDF p.6,2.2,2.0
SPE4A626T30S2,SPE4A6-26-T-30S2,SPE4A626T30S2.PDF,2026-04-23,2026-04-30,26,HUBZone set-aside; SDVOSB set-aside,2,True,3,True,9,True,8,True,9,False,,True,3,True,4,recent exact-NSN history,1,1,40150.0,,3650.0,2026-04-07,14.0,SPE4A626PL874,87WV1,SPE4A626T30S2.PDF p.7,0.5,19.0
SPE4A626T30SU,SPE4A6-26-T-30SU,SPE4A626T30SU.PDF,2026-09-17,2026-09-24,21,HUBZone set-aside,2,True,3,True,9,True,8,False,,False,,True,3,True,4,recent exact-NSN history,1,1,510.25,,510.25,2025-07-01,1.0,SPE4A625PY539P00002,4VAS1,SPE4A626T30SU.PDF p.7,1.2,4.0
SPE4A626T30TK,SPE4A6-26-T-30TK,SPE4A626T30TK.PDF,2026-09-17,2026-09-24,20,HUBZone set-aside,2,False,,True,8,True,7,True,8,False,,True,3,True,3,recent exact-NSN history,1,0,608.0,,32.0,2026-07-29,14.0,SPE4A126V1348,19DN2,SPE4A626T30TK.PDF p.6,0.2,8.0
SPE4A626T30UZ,SPE4A6-26-T-30UZ,SPE4A626T30UZ.PDF,2026-09-17,2026-09-24,22,HUBZone set-aside,2,True,3,True,8,True,8,True,9,False,,True,3,True,4,recent exact-NSN history,1,1,4388.8,,548.6,2026-02-18,8.0,SPE4A626PF978,4VAS1,SPE4A626T30UZ.PDF p.7,0.6,4.0
SPE4A626T30XV,SPE4A6-26-T-30XV,SPE4A626T30XV.PDF,2026-09-17,2026-09-24,19,HUBZone set-aside,2,False,,False,,True,7,False,,False,,False,,True,3,recent exact-NSN history,1,0,1672.0500000000002,,334.41,2026-08-31,24.0,SPE4A126V1765,02103,SPE4A626T30XV.PDF p.6,0.1,4.0
SPE4A626T30YE,SPE4A6-26-T-30YE,SPE4A626T30YE.PDF,2026-09-17,2026-09-24,21,HUBZone set-aside,2,True,3,True,9,True,8,True,9,False,,True,3,True,4,no procurement history in PDF - investigate DLA management price; line stays unpriced,1,1,,,,,,,,,,
SPE4A626T30ZQ,SPE4A6-26-T-30ZQ,SPE4A626T30ZQ.PDF,2026-09-17,2026-09-24,23,HUBZone set-aside; WOSB set-aside,2,True,3,True,9,True,8,True,9,False,,True,3,True,4,recent exact-NSN history,1,1,211860.0,,5885.0,2026-04-08,62.0,SPE4A626PZ155P00002,6ZSR8,SPE4A626T30ZQ.PDF p.7,0.5,19.0
SPE4A626T31AH,SPE4A6-26-T-31AH,SPE4A626T31AH.PDF,2026-09-17,2026-09-24,21,HUBZone set-aside,2,False,,True,8,True,7,False,,False,,False,,True,3,recent exact-NSN history,1,0,4505.04,,2252.52,2026-04-09,2.0,SPE4A626PM059P00001,646V6,SPE4A626T31AH.PDF p.6,0.5,9.0
SPE4A626T31CQ,SPE4A6-26-T-31CQ,SPE4A626T31CQ.PDF,2026-09-17,2026-09-24,22,HUBZone set-aside; WOSB set-aside,2,True,3,True,8,True,8,True,9,False,,True,3,True,4,recent exact-NSN history,1,1,35021.28,,833.84,2026-02-06,115.0,SPE4A626PE844P00001,56Z87,SPE4A626T31CQ.PDF p.7,0.6,19.0
SPE4A626T31D5,SPE4A6-26-T-31D5,SPE4A626T31D5.PDF,2026-04-23,2026-04-30,26,HUBZone set-aside; SDVOSB set-aside,2,True,3,True,9,True,8,True,9,False,,True,3,True,4,recent exact-NSN history,1,1,40150.0,,3650.0,2026-04-07,14.0,SPE4A626PL874,87WV1,SPE4A626T31D5.PDF p.7,0.5,19.0
SPE4A626T31DF,SPE4A6-26-T-31DF,SPE4A626T31DF.PDF,2026-09-17,2026-09-24,22,HUBZone set-aside,2,True,3,True,8,True,8,True,9,False,,True,3,True,4,recent exact-NSN history,1,1,3467.0499999999997,,693.41,2026-09-15,4.0,SPE4A626F429V,0PXV4,SPE4A626T31DF.PDF p.6,0.0,18.0
SPE4A626T31GB,SPE4A6-26-T-31GB,SPE4A626T31GB.PDF,2026-09-17,2026-09-24,20,HUBZone set-aside,2,False,,True,7,True,7,False,,False,,False,,True,3,recent exact-NSN history,1,0,9981.0,,1109.0,2026-05-19,17.0,SPE4A626V138PP00001,8HBL2,SPE4A626T31GB.PDF p.6,0.4,8.0
SPE4A626T31JF,SPE4A6-26-T-31JF,SPE4A626T31JF.PDF,2026-09-17,2026-09-24,21,HUBZone set-aside,2,True,3,True,9,True,8,True,9,False,,False,,True,4,recent exact-NSN history,1,1,8868.599999999999,,1478.1,2024-03-26,6.0,SPE4A624PK008,067A4,SPE4A626T31JF.PDF p.7,2.5,7.0
SPE4A626T31JR,SPE4A6-26-T-31JR,SPE4A626T31JR.PDF,2026-09-17,2026-09-24,19,HUBZone set-aside,2,False,,True,7,True,7,False,,False,,False,,True,3,recent exact-NSN history,1,0,1597.42,,798.71,2025-04-08,5.0,SPE4A625PM937,012M4,SPE4A626T31JR.PDF p.6,1.5,4.0
SPE4A626T31KJ,SPE4A6-26-T-31KJ,SPE4A626T31KJ.PDF,2026-09-17,2026-09-24,19,HUBZone set-aside,2,False,,True,7,True,7,True,8,False,,True,3,True,3,recent exact-NSN history,1,0,2621.5,,1310.75,2026-02-04,11.0,SPE4A626PE469P00001,6ZSR8,SPE4A626T31KJ.PDF p.6,0.7,5.0
SPE4A626T31KN,SPE4A6-26-T-31KN,SPE4A626T31KN.PDF,2026-09-17,2026-09-24,19,HUBZone set-aside,2,False,,True,7,True,7,False,,False,,False,,True,3,recent exact-NSN history,1,0,1244.39,,177.77,2026-09-14,7.0,SPE4A126V1831,646V6,SPE4A626T31KN.PDF p.6,0.0,17.0
SPE4A626T31KS,SPE4A6-26-T-31KS,SPE4A626T31KS.PDF,2026-09-17,2026-09-24,19,No set-aside clause found (check SF18 block),,False,,True,8,True,7,True,8,False,,True,3,True,3,recent exact-NSN history,1,0,29940.0,,1996.0,2026-08-31,4.0,SPE4A626P0F96,3T8J4,SPE4A626T31KS.PDF p.6,0.1,2.0
SPE4A626T31ML,SPE4A6-26-T-31ML,SPE4A626T31ML.PDF,2026-09-17,2026-09-24,19,HUBZone set-aside,2,False,,True,7,True,7,False,,False,,False,,True,3,recent exact-NSN history,1,0,3550.5,,1775.25,2025-10-17,4.0,SPE4A626V1105,6ZSR8,SPE4A626T31ML.PDF p.6,1.0,1.0
SPE4A626T31NC,SPE4A6-26-T-31NC,SPE4A626T31NC.PDF,2026-09-17,2026-09-24,18,Total small business set-aside,2,False,,True,6,True,6,False,,False,,True,2,True,3,no procurement history in PDF - investigate DLA management price; line stays unpriced,1,0,,,,,,,,,,
SPE4A626T31NK,SPE4A6-26-T-31NK,SPE4A626T31NK.PDF,2026-09-17,2026-09-24,19,HUBZone set-aside,2,False,,True,7,True,7,False,,False,,False,,True,3,recent exact-NSN history,1,0,1243.0,,310.75,2026-02-05,1.0,SPE4A626PE666,6ZSR8,SPE4A626T31NK.PDF p.6,0.6,12.0
SPE4A626T31NL,SPE4A6-26-T-31NL,SPE4A626T31NL.PDF,2026-09-17,2026-09-24,19,HUBZone set-aside,2,False,,True,7,True,7,False,,False,,False,,True,3,recent exact-NSN history,1,0,150.0,,150.0,2026-06-25,3.0,SPE4A126V0854P00001,3T8J4,SPE4A626T31NL.PDF p.6,0.3,4.0
SPE4A626T31NN,SPE4A6-26-T-31NN,SPE4A626T31NN.PDF,2026-09-17,2026-09-24,19,HUBZone set-aside,2,False,,True,8,True,7,True,8,False,,True,3,True,3,recent exact-NSN history,1,0,9998.42,,9998.42,2026-01-06,2.0,SPE4A626PB239P00001,0DR48,SPE4A626T31NN.PDF p.6,0.7,1.0
SPE4A626T31NY,SPE4A6-26-T-31NY,SPE4A626T31NY.PDF,2026-09-17,2026-09-24,19,HUBZone set-aside,2,False,,True,7,True,7,False,,False,,True,3,True,3,recent exact-NSN history,1,0,1500.0,,750.0,2026-05-11,2.0,SPE4A626PQ618P00001,646V6,SPE4A626T31NY.PDF p.6,0.4,1.0
SPE4A626T31PF,SPE4A6-26-T-31PF,SPE4A626T31PF.PDF,2026-09-17,2026-09-24,19,HUBZone set-aside,2,False,,True,8,True,7,True,8,False,,True,3,True,3,recent exact-NSN history,1,0,6412.87,,6412.87,2025-12-18,2.0,SPE4A626PA150P00001,0DR48,SPE4A626T31PF.PDF p.6,0.8,1.0
SPE4A626T31PH,SPE4A6-26-T-31PH,SPE4A626T31PH.PDF,2026-09-17,2026-09-24,19,HUBZone set-aside,2,False,,True,8,True,7,True,8,False,,True,3,True,3,recent exact-NSN history,1,0,30465.0,,1692.5,2026-07-09,6.0,SPE4A626PX391,6ZSR8,SPE4A626T31PH.PDF p.6,0.2,1.0
SPE4A626T31QU,SPE4A6-26-T-31QU,SPE4A626T31QU.PDF,2026-09-17,2026-09-24,21,HUBZone set-aside,2,False,,True,7,True,7,False,,True,8,True,3,True,3,recent exact-NSN history,1,0,1086.96,,362.32,2023-03-29,8.0,SPE4A623V095Z,6S406,SPE4A626T31QU.PDF p.6,3.5,11.0
SPE4A626T31RH,SPE4A6-26-T-31RH,SPE4A626T31RH.PDF,2026-09-17,2026-09-24,19,HUBZone set-aside,2,False,,True,7,True,7,True,8,False,,True,3,True,3,history older than 5 years - compare with DLA management price,1,0,6820.0,,3410.0,2016-11-03,5.0,SPE4A617P2382,24930,SPE4A626T31RH.PDF p.6,9.9,2.0
SPE4A626T31RK,SPE4A6-26-T-31RK,SPE4A626T31RK.PDF,2026-09-17,2026-09-24,20,HUBZone set-aside,2,False,,True,8,True,7,True,8,False,,True,3,True,3,recent exact-NSN history,1,0,2600.0,,1300.0,2024-09-27,4.0,SPE4A624PW999,6ZSR8,SPE4A626T31RK.PDF p.6,2.0,5.0
SPE4A626T31RQ,SPE4A6-26-T-31RQ,SPE4A626T31RQ.PDF,2026-09-17,2026-09-24,21,HUBZone set-aside,2,True,3,True,9,True,8,True,9,False,,True,3,True,4,no procurement history in PDF - investigate DLA management price; line stays unpriced,1,1,,,,,,,,,,
SPE4A626T31SC,SPE4A6-26-T-31SC,SPE4A626T31SC.PDF,2026-09-17,2026-09-24,18,HUBZone set-aside,2,False,,True,7,False,,False,,False,,False,,True,3,recent exact-NSN history,1,0,388.84999999999997,,77.77,2026-05-27,14.0,SPE4A126V0351P00001,646V6,SPE4A626T31SC.PDF p.6,0.3,11.0
SPE4A626T31SN,SPE4A6-26-T-31SN,SPE4A626T31SN.PDF,2026-09-17,2026-09-24,19,HUBZone set-aside,2,False,,True,7,False,,True,7,False,,True,3,True,3,no procurement history in PDF - investigate DLA management price; line stays unpriced,1,0,,,,,,,,,,
SPE4A626T31TQ,SPE4A6-26-T-31TQ,SPE4A626T31TQ.PDF,2026-09-17,2026-09-24,18,HUBZone set-aside,2,False,,False,,False,,False,,False,,False,,True,3,recent exact-NSN history,1,0,774.42,,387.21,2024-01-19,2.0,SPE4A624V7663,067A4,SPE4A626T31TQ.PDF p.6,2.7,19.0
SPE4A626T31TV,SPE4A6-26-T-31TV,SPE4A626T31TV.PDF,2026-09-17,2026-09-24,21,HUBZone set-aside,2,False,,True,7,True,7,False,,False,,True,3,True,3,history older than 5 years - compare with DLA management price,1,0,1015.5,,338.5,2017-09-15,72.0,SPE4A617VK449,0XPA4,SPE4A626T31TV.PDF p.6,9.0,1.0
SPE4A626T31VN,SPE4A6-26-T-31VN,SPE4A626T31VN.PDF,2026-09-18,2026-09-25,20,HUBZone set-aside; SDVOSB set-aside,2,False,,True,7,True,7,True,8,False,,True,3,True,3,recent exact-NSN history,1,0,53060.0,,2653.0,2025-11-12,19.0,SPE4A626V2886P00001,4S7J4,SPE4A626T31VN.PDF p.6,0.9,20.0
SPE4A626T32CQ,SPE4A6-26-T-32CQ,SPE4A626T32CQ.PDF,2026-09-18,2026-09-25,19,HUBZone set-aside,2,False,,False,,False,,True,7,False,,True,3,True,3,recent exact-NSN history,1,0,3160.9199999999996,,19.88,2024-09-18,198.0,SPE4A624V494X,61125,SPE4A626T32CQ.PDF p.6,2.0,20.0
SPE4A626T32DK,SPE4A6-26-T-32DK,SPE4A626T32DK.PDF,2026-09-18,2026-09-25,19,HUBZone set-aside,2,False,,True,8,True,7,True,8,False,,True,3,True,3,recent exact-NSN history,1,0,168.0,,6.0,2025-09-17,6.0,SPE4A625P0Y52P00001,3T949,SPE4A626T32DK.PDF p.6,1.0,20.0
SPE4A626T32HS,SPE4A6-26-T-32HS,SPE4A626T32HS.PDF,2026-09-18,2026-09-25,21,HUBZone set-aside; SDVOSB set-aside,2,True,3,True,8,False,,False,,False,,True,3,True,4,recent exact-NSN history,1,1,48072.5,,3433.75,2026-09-01,18.0,SPE4A626P0G32,3WGD1,SPE4A626T32HS.PDF p.7,0.1,20.0
SPE4A626T32LP,SPE4A6-26-T-32LP,SPE4A626T32LP.PDF,2026-09-18,2026-09-25,20,Total small business set-aside,2,False,,True,7,True,7,True,8,False,,True,2,True,3,recent exact-NSN history,1,0,15399.5,,810.5,2026-06-24,14.0,SPE4A626V217Y,4VAS1,SPE4A626T32LP.PDF p.6,0.3,17.0
SPE4A626T32PX,SPE4A6-26-T-32PX,SPE4A626T32PX.PDF,2026-09-18,2026-09-25,19,HUBZone set-aside,2,False,,True,8,True,7,False,,False,,False,,True,3,recent exact-NSN history,1,0,710.25,,710.25,2026-02-25,1.0,SPE4A626PG875P00001,6ZSR8,SPE4A626T32PX.PDF p.6,0.6,2.0
SPE4A626T32PZ,SPE4A6-26-T-32PZ,SPE4A626T32PZ.PDF,2026-09-18,2026-09-25,19,HUBZone set-aside,2,False,,True,7,True,7,False,,False,,False,,True,3,recent exact-NSN history,1,0,216.0,,216.0,2026-05-07,2.0,SPE4A126V0541,3T8J4,SPE4A626T32PZ.PDF p.6,0.4,13.0
SPE4A626T32QP,SPE4A6-26-T-32QP,SPE4A626T32QP.PDF,2026-09-18,2026-09-25,21,HUBZone set-aside,2,False,,True,8,True,7,True,8,False,,True,3,True,3,recent exact-NSN history,1,0,4575.75,,1525.25,2026-05-28,1.0,SPE4A026P1772,646V6,SPE4A626T32QP.PDF p.6,0.3,1.0
SPE4A626T33AM,SPE4A6-26-T-33AM,SPE4A626T33AM.PDF,2026-09-18,2026-09-25,22,HUBZone set-aside; SDVOSB set-aside,2,True,3,True,10,True,9,True,10,False,,True,3,True,4,recent exact-NSN history,1,1,35647.5,,5092.5,2025-12-12,5.0,SPE4A626P9504P00001,7BUL6,SPE4A626T33AM.PDF p.7,0.8,20.0
SPE4A626T33BP,SPE4A6-26-T-33BP,SPE4A626T33BP.PDF,2026-09-18,2026-09-25,21,Total small business set-aside,2,False,,False,,False,,True,7,False,,False,,True,3,history older than 5 years - compare with DLA management price,3,0,30435.0,,10145.0,2013-03-06,6.0,SPE4A613V7917,0XPA4,SPE4A626T33BP.PDF p.5,13.6,4.0
SPE4A626T33GU,SPE4A6-26-T-33GU,SPE4A626T33GU.PDF,2026-09-21,2026-09-28,20,HUBZone set-aside,2,False,,True,8,True,8,True,9,False,,False,,True,3,recent exact-NSN history,1,0,3375.0,,225.0,2026-06-23,11.0,SPE4A626PV586,3T949,SPE4A626T33GU.PDF p.6,0.3,20.0
SPE4A626T33LK,SPE4A6-26-T-33LK,SPE4A626T33LK.PDF,2026-09-21,2026-09-28,21,Total small business set-aside,2,True,3,True,9,True,8,True,9,False,,True,2,True,4,recent exact-NSN history,1,1,32146.9,,3214.69,2026-05-27,18.0,SPE4A626PS347P00001,56Z87,SPE4A626T33LK.PDF p.7,0.3,12.0
SPE4A626T33NC,SPE4A6-26-T-33NC,SPE4A626T33NC.PDF,2026-09-21,2026-09-28,22,Total small business set-aside,2,True,3,True,8,True,8,True,9,False,,True,2,True,4,recent exact-NSN history,1,1,25231.68,,2803.52,2026-06-18,2.0,SPE4A626PV357,7KKF3,SPE4A626T33NC.PDF p.6,0.3,12.0
SPE4A626T33RS,SPE4A6-26-T-33RS,SPE4A626T33RS.PDF,2026-09-21,2026-09-28,19,HUBZone set-aside,2,False,,True,7,False,,True,7,False,,False,,True,3,recent exact-NSN history,1,0,3900.0,,650.0,2026-05-28,25.0,SPE4A626F131P,5PAL3,SPE4A626T33RS.PDF p.6,0.3,20.0
SPE4A626T33TM,SPE4A6-26-T-33TM,SPE4A626T33TM.PDF,2026-09-21,2026-09-28,20,HUBZone set-aside,2,False,,True,8,True,7,True,8,False,,True,3,True,3,recent exact-NSN history,1,0,4998.0,,294.0,2026-09-08,18.0,SPE4A626P0M56,14321,SPE4A626T33TM.PDF p.6,0.1,13.0
SPE4A626T33UC,SPE4A6-26-T-33UC,SPE4A626T33UC.PDF,2026-09-21,2026-09-28,22,HUBZone set-aside,2,True,3,True,10,True,9,True,10,False,,True,3,True,4,recent exact-NSN history,1,1,12950.0,,1850.0,2026-08-26,8.0,SPE4A626PS921,73F14,SPE4A626T33UC.PDF p.7,0.1,20.0
SPE4A626T33ZD,SPE4A6-26-T-33ZD,SPE4A626T33ZD.PDF,2026-09-21,2026-09-28,19,HUBZone set-aside,2,False,,False,,False,,False,,False,,False,,True,3,recent exact-NSN history,1,0,9333.24,,777.77,2026-08-13,1.0,SPE4A026P2417,646V6,SPE4A626T33ZD.PDF p.6,0.1,1.0
SPE4A626T33ZN,SPE4A6-26-T-33ZN,SPE4A626T33ZN.PDF,2026-09-21,2026-09-28,25,HUBZone set-aside,2,True,3,True,8,True,8,False,,False,,True,3,True,4,recent exact-NSN history,2,1,795.4,,198.85,2026-02-19,1.0,SPE4A626PG182,02103,SPE4A626T33ZN.PDF p.7,0.6,3.0
SPE4A626T34AH,SPE4A6-26-T-34AH,SPE4A626T34AH.PDF,2026-09-21,2026-09-28,26,Total small business set-aside,2,True,3,True,8,True,7,False,,False,,True,2,True,3,recent exact-NSN history,1,1,76050.0,,8450.0,2026-08-31,6.0,SPE4A626PAQ66,6ZSR8,SPE4A626T34AH.PDF p.6,0.1,6.0
SPE4A626T34DG,SPE4A6-26-T-34DG,SPE4A626T34DG.PDF,2026-09-21,2026-09-28,19,HUBZone set-aside,2,False,,True,8,True,7,True,8,False,,True,3,True,3,recent exact-NSN history,1,0,1882.16,,470.54,2026-09-03,2.0,SPE4A626PG384,55560,SPE4A626T34DG.PDF p.6,0.1,14.0
SPE4A626T34GN,SPE4A6-26-T-34GN,SPE4A626T34GN.PDF,2026-09-21,2026-09-28,22,HUBZone set-aside,2,True,3,True,8,True,8,True,9,False,,True,3,True,4,history older than 5 years - compare with DLA management price,1,1,872.0,,872.0,2008-04-11,1.0,SPM4A608V3768,29056,SPE4A626T34GN.PDF p.7,18.5,3.0
SPE4A626T34HD,SPE4A6-26-T-34HD,SPE4A626T34HD.PDF,2026-09-21,2026-09-28,23,HUBZone set-aside; SDVOSB set-aside,2,True,3,True,8,True,8,True,9,False,,True,3,True,4,recent exact-NSN history,1,1,33886.5,,3388.65,2024-07-12,37.0,SPE4A624PU296P00001,3WGD1,SPE4A626T34HD.PDF p.7,2.2,20.0
SPE4A626T34LK,SPE4A6-26-T-34LK,SPE4A626T34LK.PDF,2026-09-22,2026-09-29,19,HUBZone set-aside,2,False,,True,7,True,7,False,,False,,False,,True,3,recent exact-NSN history,1,0,5845.5,,2922.75,2026-09-18,1.0,SPE4AC26P0227,6ZSR8,SPE4A626T34LK.PDF p.6,0.0,6.0
SPE4A626T34LM,SPE4A6-26-T-34LM,SPE4A626T34LM.PDF,2026-09-22,2026-09-29,18,Total small business set-aside,2,False,,True,7,True,6,False,,False,,False,,True,3,recent exact-NSN history,1,0,18500.0,,18500.0,2025-02-03,1.0,SPE4A625V8242P00001,0XPA4,SPE4A626T34LM.PDF p.5,1.7,1.0
SPE4A626T34NS,SPE4A6-26-T-34NS,SPE4A626T34NS.PDF,2026-09-22,2026-09-29,19,HUBZone set-aside,2,False,,True,7,True,7,False,,False,,False,,True,3,recent exact-NSN history,1,0,1200.0,,400.0,2026-09-04,3.0,SPE4A626P0L22P00001,19DN2,SPE4A626T34NS.PDF p.6,0.1,2.0
SPE4A626T34QP,SPE4A6-26-T-34QP,SPE4A626T34QP.PDF,2026-09-22,2026-09-29,19,HUBZone set-aside,2,False,,False,,False,,True,8,False,,True,3,True,3,history older than 5 years - compare with DLA management price,1,0,10.0,,0.5,1969-03-21,240.0,DSA40069MV301,83330,SPE4A626T34QP.PDF p.6,57.5,1.0
SPE4A626T34TV,SPE4A6-26-T-34TV,SPE4A626T34TV.PDF,2026-09-22,2026-09-29,22,HUBZone set-aside,2,True,3,True,8,True,8,True,9,False,,True,3,True,4,recent exact-NSN history,1,1,1240.77,,1240.77,2026-04-08,1.0,SPE4A626PM213,646V6,SPE4A626T34TV.PDF p.7,0.5,1.0
SPE4A626T34WQ,SPE4A6-26-T-34WQ,SPE4A626T34WQ.PDF,2026-09-22,2026-09-29,19,Total small business set-aside,2,False,,True,7,True,8,True,8,False,,True,2,True,3,no procurement history in PDF - investigate DLA management price; line stays unpriced,1,0,,,,,,,,,,
SPE4A626T34XD,SPE4A6-26-T-34XD,SPE4A626T34XD.PDF,2026-09-22,2026-09-29,22,HUBZone set-aside,2,True,3,False,,True,8,False,,False,,True,3,True,4,no procurement history in PDF - investigate DLA management price; line stays unpriced,1,1,,,,,,,,,,
SPE4A626T34XH,SPE4A6-26-T-34XH,SPE4A626T34XH.PDF,2026-09-22,2026-09-29,22,HUBZone set-aside,2,True,3,True,9,True,8,True,9,False,,True,3,True,4,history older than 5 years - compare with DLA management price,1,1,4080.0,,240.0,2019-07-02,78.0,SPE4A619PJ068P00001,1XC80,SPE4A626T34XH.PDF p.7,7.2,3.0
SPE4A626T34XL,SPE4A6-26-T-34XL,SPE4A626T34XL.PDF,2026-09-22,2026-09-29,19,Total small business set-aside,2,False,,True,7,False,,False,,False,,True,2,True,3,recent exact-NSN history,1,0,25236.96,,525.77,2026-09-02,14.0,SPE4A126V1509,646V6,SPE4A626T34XL.PDF p.5,0.1,20.0
SPE4A626T34XU,SPE4A6-26-T-34XU,SPE4A626T34XU.PDF,2026-09-22,2026-09-29,22,HUBZone set-aside,2,True,3,True,8,True,8,True,9,False,,True,3,True,4,history older than 5 years - compare with DLA management price,1,1,3850.0,,350.0,2020-10-15,16.0,SPE4A621F0581P00001,0XPA4,SPE4A626T34XU.PDF p.7,6.0,10.0
SPE4A626T34ZZ,SPE4A6-26-T-34ZZ,SPE4A626T34ZZ.PDF,2026-09-23,2026-09-30,22,HUBZone set-aside,2,True,3,True,8,True,8,False,,False,,True,3,True,4,recent exact-NSN history,1,1,6574.92,,1095.82,2024-01-23,2.0,SPE7M124FA239P00001,54X10,SPE4A626T34ZZ.PDF p.7,2.7,2.0
SPE4A626T35BT,SPE4A6-26-T-35BT,SPE4A626T35BT.PDF,2026-09-23,2026-09-30,20,Total small business set-aside,2,True,3,True,7,True,7,True,8,False,,True,2,True,4,recent exact-NSN history,1,1,43654.0,,1898.0,2025-03-27,38.0,SPE4A625PL242P00001,02AV2,SPE4A626T35BT.PDF p.6,1.5,2.0
SPE4A626T35CL,SPE4A6-26-T-35CL,SPE4A626T35CL.PDF,2026-09-23,2026-09-30,21,HUBZone set-aside,2,True,3,True,8,True,8,True,9,False,,True,3,True,4,recent exact-NSN history,1,1,7664.0,,958.0,2024-08-22,11.0,SPE4A624PW466P00001,29056,SPE4A626T35CL.PDF p.7,2.1,10.0
SPE4A626T35FH,SPE4A6-26-T-35FH,SPE4A626T35FH.PDF,2026-09-23,2026-09-30,21,HUBZone set-aside,2,True,3,True,8,True,8,True,9,False,,True,3,True,4,recent exact-NSN history,1,1,7276.0,,428.0,2026-01-21,18.0,SPE4A626PC771P00001,8SKT8,SPE4A626T35FH.PDF p.7,0.7,18.0
SPE4A626T35GL,SPE4A6-26-T-35GL,SPE4A626T35GL.PDF,2026-09-23,2026-09-30,22,Total small business set-aside,2,True,3,True,8,True,8,True,9,False,,True,2,True,4,recent exact-NSN history,1,1,41250.0,,2750.0,2026-08-19,33.0,SPE4A126P1281,51819,SPE4A626T35GL.PDF p.7,0.1,6.0
SPE4A626T35HV,SPE4A6-26-T-35HV,SPE4A626T35HV.PDF,2026-09-23,2026-09-30,22,Total small business set-aside,2,False,,True,7,True,7,True,8,False,,True,2,True,3,recent exact-NSN history,1,0,22099.5,,2455.5,2026-09-16,4.0,SPE4A626P0W68,6ZSR8,SPE4A626T35HV.PDF p.5,0.0,12.0
SPE4A626T35JN,SPE4A6-26-T-35JN,SPE4A626T35JN.PDF,2026-09-23,2026-09-30,19,HUBZone set-aside,2,False,,True,7,False,,True,7,False,,True,3,True,3,recent exact-NSN history,1,0,8160.0,,1632.0,2026-06-22,3.0,SPE4A126V0855,3T8J4,SPE4A626T35JN.PDF p.6,0.3,19.0
SPE4A626T35LB,SPE4A6-26-T-35LB,SPE4A626T35LB.PDF,2026-09-23,2026-09-30,18,HUBZone set-aside,2,False,,False,,False,,False,,False,,False,,True,3,no procurement history in PDF - investigate DLA management price; line stays unpriced,1,0,,,,,,,,,,
SPE4A626T35MQ,SPE4A6-26-T-35MQ,SPE4A626T35MQ.PDF,2026-09-23,2026-09-30,21,No set-aside clause found (check SF18 block),,True,3,True,8,True,8,False,,False,,True,3,True,4,recent exact-NSN history,1,1,21600.0,,10800.0,2025-08-27,1.0,SPE4A625PAAAUP00001,6ZSR8,SPE4A626T35MQ.PDF p.7,1.1,10.0
SPE4A626T35NF,SPE4A6-26-T-35NF,SPE4A626T35NF.PDF,2026-09-23,2026-09-30,19,HUBZone set-aside,2,False,,True,7,True,7,True,8,False,,True,3,True,3,recent exact-NSN history,1,0,10564.0,,2641.0,2026-06-25,2.0,SPE4A626V230N,0HS46,SPE4A626T35NF.PDF p.6,0.3,8.0
SPE4A626T35SG,SPE4A6-26-T-35SG,SPE4A626T35SG.PDF,2026-09-23,2026-09-30,22,HUBZone set-aside,2,True,3,True,8,True,8,True,9,False,,True,3,True,4,history older than 5 years - compare with DLA management price,1,1,1501.5,,115.5,2020-02-20,23.0,SPE4A620P9778P00001,4VAS1,SPE4A626T35SG.PDF p.6,6.6,6.0
SPE4A626T35TB,SPE4A6-26-T-35TB,SPE4A626T35TB.PDF,2026-09-23,2026-09-30,21,HUBZone set-aside,2,True,3,True,8,True,8,True,9,False,,True,3,True,4,recent exact-NSN history,1,1,5560.0,,695.0,2026-06-11,29.0,SPE4A626PU681,23371,SPE4A626T35TB.PDF p.7,0.3,3.0
SPE4A626T35VP,SPE4A6-26-T-35VP,SPE4A626T35VP.PDF,2026-09-23,2026-09-30,22,HUBZone set-aside,2,True,3,True,8,True,8,True,9,False,,True,3,True,4,no procurement history in PDF - investigate DLA management price; line stays unpriced,1,1,,,,,,,,,,
SPE4A626T35VQ,SPE4A6-26-T-35VQ,SPE4A626T35VQ.PDF,2026-09-23,2026-09-30,19,HUBZone set-aside,2,False,,True,7,True,7,False,,False,,False,,True,3,recent exact-NSN history,1,0,216.0,,216.0,2026-05-07,2.0,SPE4A126V0541,3T8J4,SPE4A626T35VQ.PDF p.6,0.4,13.0
SPE4A626T35VW,SPE4A6-26-T-35VW,SPE4A626T35VW.PDF,2026-09-23,2026-09-30,22,HUBZone set-aside,2,True,3,True,8,True,8,True,9,False,,True,3,True,4,no procurement history in PDF - investigate DLA management price; line stays unpriced,1,1,,,,,,,,,,
SPE4A626T35XD,SPE4A6-26-T-35XD,SPE4A626T35XD.PDF,2026-09-24,2026-10-01,21,HUBZone set-aside; SDVOSB set-aside,2,True,3,True,8,True,8,True,9,False,,True,3,True,4,recent exact-NSN history,1,1,25408.0,,3176.0,2025-06-25,8.0,SPE4A625PX735,3WGD1,SPE4A626T35XD.PDF p.7,1.3,20.0
SPE4A626T35XE,SPE4A6-26-T-35XE,SPE4A626T35XE.PDF,2026-09-24,2026-10-01,21,HUBZone set-aside; SDVOSB set-aside,2,True,3,True,8,True,8,True,9,False,,True,3,True,4,recent exact-NSN history,1,1,19056.0,,3176.0,2025-06-25,8.0,SPE4A625PX735,3WGD1,SPE4A626T35XE.PDF p.7,1.3,20.0
SPE4A626T35XQ,SPE4A6-26-T-35XQ,SPE4A626T35XQ.PDF,2026-09-24,2026-10-01,19,HUBZone set-aside,2,False,,True,8,True,7,True,8,False,,True,3,True,3,recent exact-NSN history,1,0,10533.0,,1755.5,2025-10-08,6.0,SPE4A626P1202P00001,6ZSR8,SPE4A626T35XQ.PDF p.6,1.0,8.0
SPE4A626T35YA,SPE4A6-26-T-35YA,SPE4A626T35YA.PDF,2026-09-24,2026-10-01,20,HUBZone set-aside,2,False,,False,,False,,True,7,False,,False,,True,3,history older than 5 years - compare with DLA management price,2,0,1554.95,,11.35,2021-02-08,153.0,SPE4A621F7347,91729,SPE4A626T35YA.PDF p.6,5.6,20.0
SPE4A626T36AA,SPE4A6-26-T-36AA,SPE4A626T36AA.PDF,2026-09-24,2026-10-01,20,HUBZone set-aside,2,False,,True,8,True,7,True,8,False,,False,,True,3,recent exact-NSN history,1,0,2112.5,,81.25,2025-11-04,55.0,SPE4A626P4675P00001,646V6,SPE4A626T36AA.PDF p.6,0.9,8.0
SPE4A626T36AC,SPE4A6-26-T-36AC,SPE4A626T36AC.PDF,2026-09-24,2026-10-01,22,HUBZone set-aside,2,True,3,True,8,True,8,True,9,False,,True,3,True,4,recent exact-NSN history,1,1,3073.0,,439.0,2024-04-10,9.0,SPE4A624PL360P00001,29056,SPE4A626T36AC.PDF p.7,2.5,9.0
SPE4A626T36AZ,SPE4A6-26-T-36AZ,SPE4A626T36AZ.PDF,2026-09-24,2026-10-01,21,Total small business set-aside,2,False,,True,7,True,7,False,,False,,True,2,True,3,history older than 5 years - compare with DLA management price,1,0,64968.75,,1443.75,2019-10-31,66.0,SPE4A620P2174P00004,5S5W0,SPE4A626T36AZ.PDF p.6,6.9,10.0
SPE4A626T36BA,SPE4A6-26-T-36BA,SPE4A626T36BA.PDF,2026-09-24,2026-10-01,21,HUBZone set-aside,2,True,3,True,8,True,8,True,9,False,,True,3,True,4,recent exact-NSN history,1,1,11640.0,,11640.0,2025-06-27,2.0,SPE4A625PX971,7DWH2,SPE4A626T36BA.PDF p.7,1.3,19.0
SPE4A626T36BS,SPE4A6-26-T-36BS,SPE4A626T36BS.PDF,2026-09-24,2026-10-01,21,HUBZone set-aside,2,True,3,True,9,True,8,True,9,False,,True,3,True,4,recent exact-NSN history,1,1,10620.0,,265.5,2025-03-19,13.0,SPE4A625PK074P00001,6ZSR8,SPE4A626T36BS.PDF p.7,1.5,6.0
SPE4A626T36BW,SPE4A6-26-T-36BW,SPE4A626T36BW.PDF,2026-09-24,2026-10-01,23,HUBZone set-aside,2,True,3,True,9,True,8,False,,False,,True,3,True,4,recent exact-NSN history,1,1,4050.0,,2025.0,2026-08-20,2.0,SPE4A126P1348,19DN2,SPE4A626T36BW.PDF p.7,0.1,6.0
SPE4A626T36CB,SPE4A6-26-T-36CB,SPE4A626T36CB.PDF,2026-09-24,2026-10-01,22,HUBZone set-aside,2,True,3,True,8,True,8,True,9,False,,True,3,True,4,recent exact-NSN history,1,1,10187.25,,3395.75,2026-01-28,4.0,SPE4A626PD830,6ZSR8,SPE4A626T36CB.PDF p.7,0.7,13.0
SPE4A626T36CX,SPE4A6-26-T-36CX,SPE4A626T36CX.PDF,2026-09-24,2026-10-01,23,HUBZone set-aside,2,True,3,True,8,True,8,True,9,False,,True,3,True,4,recent exact-NSN history,1,1,5950.0,,2975.0,2025-06-16,4.0,SPE4A625PW499P00001,6ZSR8,SPE4A626T36CX.PDF p.7,1.3,5.0
SPE4A626T36F3,SPE4A6-26-T-36F3,SPE4A626T36F3.PDF,2026-04-27,2026-05-04,26,HUBZone set-aside,2,True,3,True,8,True,8,True,9,False,,True,3,True,4,recent exact-NSN history,2,1,697.5,,69.75,2023-01-20,96.0,SPE4A623PA287,012M4,SPE4A626T36F3.PDF p.7,3.7,14.0
SPE4A626T36F6,SPE4A6-26-T-36F6,SPE4A626T36F6.PDF,2026-04-27,2026-05-04,24,HUBZone set-aside,2,False,,True,7,True,7,True,8,False,,True,3,True,3,recent exact-NSN history,1,0,1580.0,,395.0,2023-05-10,5.0,SPE4A623PM326,0BTU8,SPE4A626T36F6.PDF p.6,3.4,9.0
SPE4A626T36FL,SPE4A6-26-T-36FL,SPE4A626T36FL.PDF,2026-09-24,2026-10-01,19,HUBZone set-aside,2,False,,True,8,True,7,True,8,False,,True,3,True,3,recent exact-NSN history,1,0,21300.0,,7100.0,2026-06-22,2.0,SPE4A126V0958P00001,8SKT8,SPE4A626T36FL.PDF p.6,0.3,5.0
SPE4A626T36G0,SPE4A6-26-T-36G0,SPE4A626T36G0.PDF,2026-04-27,2026-05-04,25,Total small business set-aside,2,False,,True,8,True,7,True,8,False,,True,2,True,3,recent exact-NSN history,1,0,20350.0,,1850.0,2025-11-03,9.0,SPE4A626V2314,8SKT8,SPE4A626T36G0.PDF p.5,0.9,13.0
SPE4A626T36HX,SPE4A6-26-T-36HX,SPE4A626T36HX.PDF,2026-09-25,2026-10-02,19,HUBZone set-aside,2,False,,True,7,False,,True,8,False,,True,3,True,3,recent exact-NSN history,1,0,3885.25,,3885.25,2025-12-09,1.0,SPE4A626P9043,6ZSR8,SPE4A626T36HX.PDF p.6,0.8,1.0
SPE4A626T36J8,SPE4A6-26-T-36J8,SPE4A626T36J8.PDF,2026-04-27,2026-05-04,25,HUBZone set-aside,2,True,3,True,8,True,8,False,,False,,True,3,True,4,recent exact-NSN history,1,1,3000.0,,600.0,2026-04-01,2.0,SPE4A626PL476,8SKT8,SPE4A626T36J8.PDF p.7,0.5,2.0
SPE4A626T36JR,SPE4A6-26-T-36JR,SPE4A626T36JR.PDF,2026-09-25,2026-10-02,19,HUBZone set-aside,2,False,,True,7,True,7,False,,False,,True,3,True,3,recent exact-NSN history,1,0,456.25,,456.25,2026-08-07,1.0,SPE4A626V296C,4VAS1,SPE4A626T36JR.PDF p.6,0.1,1.0
SPE4A626T36K9,SPE4A6-26-T-36K9,SPE4A626T36K9.PDF,2026-04-27,2026-05-04,25,HUBZone set-aside; SDVOSB set-aside,2,True,3,True,9,True,8,True,9,False,,True,3,True,4,recent exact-NSN history,1,1,20693.399999999998,,1478.1,2024-03-26,6.0,SPE4A624PK008,067A4,SPE4A626T36K9.PDF p.7,2.5,7.0
SPE4A626T36KC,SPE4A6-26-T-36KC,SPE4A626T36KC.PDF,2026-09-25,2026-10-02,18,Total small business set-aside,2,False,,True,7,True,6,False,,False,,False,,True,3,recent exact-NSN history,1,0,92500.0,,18500.0,2025-02-03,1.0,SPE4A625V8242P00001,0XPA4,SPE4A626T36KC.PDF p.5,1.7,1.0
SPE4A626T36KV,SPE4A6-26-T-36KV,SPE4A626T36KV.PDF,2026-09-25,2026-10-02,19,HUBZone set-aside,2,False,,True,7,True,7,False,,False,,False,,True,3,recent exact-NSN history,1,0,4192.75,,4192.75,2026-03-17,1.0,SPE4A626PJ940P00001,6ZSR8,SPE4A626T36KV.PDF p.6,0.5,1.0
SPE4A626T36LM,SPE4A6-26-T-36LM,SPE4A626T36LM.PDF,2026-09-25,2026-10-02,19,HUBZone set-aside,2,False,,True,7,False,,False,,False,,False,,True,3,no procurement history in PDF - investigate DLA management price; line stays unpriced,1,0,,,,,,,,,,
SPE4A626T36LN,SPE4A6-26-T-36LN,SPE4A626T36LN.PDF,2026-09-25,2026-10-02,19,HUBZone set-aside,2,False,,True,7,True,7,False,,False,,False,,True,3,no procurement history in PDF - investigate DLA management price; line stays unpriced,1,0,,,,,,,,,,
SPE4A626T36NA,SPE4A6-26-T-36NA,SPE4A626T36NA.PDF,2026-09-25,2026-10-02,19,HUBZone set-aside,2,False,,True,7,True,7,False,,False,,False,,True,3,recent exact-NSN history,1,0,2125.0,,2125.0,2026-01-28,1.0,SPE4A626V7519,646V6,SPE4A626T36NA.PDF p.6,0.7,2.0
SPE4A626T36ND,SPE4A6-26-T-36ND,SPE4A626T36ND.PDF,2026-09-25,2026-10-02,24,HUBZone set-aside,2,True,3,True,8,True,8,True,9,False,,True,3,True,4,recent exact-NSN history,1,1,52481.0,,1192.75,2026-08-14,3.0,SPE4A626PAY85,6ZSR8,SPE4A626T36ND.PDF p.7,0.1,9.0
SPE4A626T36PD,SPE4A6-26-T-36PD,SPE4A626T36PD.PDF,2026-09-25,2026-10-02,19,HUBZone set-aside,2,False,,True,7,True,7,True,8,False,,False,,True,3,recent exact-NSN history,1,0,13650.0,,195.0,2022-07-13,1.0,SPETA622P0454P00001,5A964,SPE4A626T36PD.PDF p.6,4.2,5.0
SPE4A626T36RK,SPE4A6-26-T-36RK,SPE4A626T36RK.PDF,2026-09-25,2026-10-02,22,HUBZone set-aside,2,True,3,True,9,True,8,True,9,False,,True,3,True,4,history older than 5 years - compare with DLA management price,1,1,3900.0,,1300.0,2019-04-01,14.0,SPE4A619PC724P00001,66791,SPE4A626T36RK.PDF p.6,7.5,3.0
SPE4A626T36SR,SPE4A6-26-T-36SR,SPE4A626T36SR.PDF,2026-09-25,2026-10-02,19,HUBZone set-aside,2,False,,False,,True,7,True,8,False,,True,3,True,3,no procurement history in PDF - investigate DLA management price; line stays unpriced,1,0,,,,,,,,,,
SPE4A626T36TB,SPE4A6-26-T-36TB,SPE4A626T36TB.PDF,2026-09-25,2026-10-02,20,HUBZone set-aside,2,False,,True,8,True,7,True,8,False,,True,3,True,3,history older than 5 years - compare with DLA management price,1,0,2117.5,,84.7,2020-05-20,184.0,SPE4A620PH510,6FN58,SPE4A626T36TB.PDF p.6,6.4,8.0
SPE4A626T36UX,SPE4A6-26-T-36UX,SPE4A626T36UX.PDF,2026-09-25,2026-10-02,21,HUBZone set-aside,2,True,3,True,8,True,8,True,9,False,,True,3,True,4,history older than 5 years - compare with DLA management price,1,1,1033.5,,79.5,2021-01-05,6.0,SPE4A621V8270,0XPA4,SPE4A626T36UX.PDF p.7,5.7,2.0
SPE4A626T36VC,SPE4A6-26-T-36VC,SPE4A626T36VC.PDF,2026-09-25,2026-10-02,19,HUBZone set-aside,2,False,,True,8,True,7,False,,False,,False,,True,3,no procurement history in PDF - investigate DLA management price; line stays unpriced,1,0,,,,,,,,,,
SPE4A626T36VJ,SPE4A6-26-T-36VJ,SPE4A626T36VJ.PDF,2026-09-25,2026-10-02,19,HUBZone set-aside,2,False,,True,7,True,7,True,8,False,,True,3,True,3,history older than 5 years - compare with DLA management price,1,0,1431.1200000000001,,2.68,2021-08-16,1249.0,SPE4A121V0729,6R888,SPE4A626T36VJ.PDF p.6,5.1,13.0
SPE4A626T36WD,SPE4A6-26-T-36WD,SPE4A626T36WD.PDF,2026-09-25,2026-10-02,21,HUBZone set-aside,2,True,3,True,8,True,8,True,9,False,,True,3,True,4,recent exact-NSN history,1,1,4295.5,,4295.5,2026-04-28,1.0,SPE4A626PP296P00001,6ZSR8,SPE4A626T36WD.PDF p.7,0.4,7.0
SPE4A626T36WP,SPE4A6-26-T-36WP,SPE4A626T36WP.PDF,2026-09-25,2026-10-02,22,HUBZone set-aside,2,True,3,True,9,True,8,True,9,False,,True,3,True,4,recent exact-NSN history,1,1,1672.65,,37.17,2025-12-18,57.0,SPE4A626PA300,75Q65,SPE4A626T36WP.PDF p.7,0.8,3.0
SPE4A626T36WQ,SPE4A6-26-T-36WQ,SPE4A626T36WQ.PDF,2026-09-25,2026-10-02,19,HUBZone set-aside,2,False,,True,8,True,7,True,8,False,,True,3,True,3,recent exact-NSN history,1,0,510.0,,255.0,2023-02-06,16.0,SPE4A123P0564,73F14,SPE4A626T36WQ.PDF p.6,3.6,17.0
SPE4A626T36XY,SPE4A6-26-T-36XY,SPE4A626T36XY.PDF,2026-09-25,2026-10-02,19,HUBZone set-aside,2,False,,True,7,True,7,False,,False,,False,,True,3,no procurement history in PDF - investigate DLA management price; line stays unpriced,1,0,,,,,,,,,,
SPE4A626T36YB,SPE4A6-26-T-36YB,SPE4A626T36YB.PDF,2026-09-25,2026-10-02,19,HUBZone set-aside,2,False,,True,7,True,7,True,8,False,,True,3,True,3,no procurement history in PDF - investigate DLA management price; line stays unpriced,1,0,,,,,,,,,,
SPE4A626T36ZD,SPE4A6-26-T-36ZD,SPE4A626T36ZD.PDF,2026-09-28,2026-10-05,19,HUBZone set-aside,2,False,,True,7,True,7,True,8,False,,True,3,True,3,recent exact-NSN history,1,0,13100.0,,6550.0,2026-02-26,5.0,SPE4A626PG968P00002,8SKT8,SPE4A626T36ZD.PDF p.6,0.6,1.0
SPE4A626T36ZJ,SPE4A6-26-T-36ZJ,SPE4A626T36ZJ.PDF,2026-09-28,2026-10-05,19,No set-aside clause found (check SF18 block),,False,,True,8,True,7,True,8,False,,True,3,True,3,recent exact-NSN history,1,0,800.0,,200.0,2026-02-18,5.0,SPE4A626PF859P00001,9XUD2,SPE4A626T36ZJ.PDF p.6,0.6,2.0
SPE4A626T37BB,SPE4A6-26-T-37BB,SPE4A626T37BB.PDF,2026-09-28,2026-10-05,19,HUBZone set-aside,2,False,,True,8,True,7,False,,False,,False,,True,3,history older than 5 years - compare with DLA management price,1,0,6300.0,,900.0,2020-05-08,8.0,SPE4A420P0718P00002,52115,SPE4A626T37BB.PDF p.6,6.4,2.0
SPE4A626T37DB,SPE4A6-26-T-37DB,SPE4A626T37DB.PDF,2026-09-28,2026-10-05,22,HUBZone set-aside,2,True,3,True,8,True,8,True,9,False,,True,3,True,4,recent exact-NSN history,1,1,2839.8,,1419.9,2026-08-31,2.0,SPE4A626P0E64,67291,SPE4A626T37DB.PDF p.6,0.1,5.0
SPE4A626T37DG,SPE4A6-26-T-37DG,SPE4A626T37DG.PDF,2026-09-28,2026-10-05,23,HUBZone set-aside,2,True,3,True,8,True,8,False,,False,,True,3,True,4,recent exact-NSN history,1,1,13200.0,,3300.0,2026-01-08,4.0,SPE4A626PB640,73F14,SPE4A626T37DG.PDF p.7,0.7,6.0
SPE4A626T37DJ,SPE4A6-26-T-37DJ,SPE4A626T37DJ.PDF,2026-09-28,2026-10-05,19,HUBZone set-aside,2,False,,True,7,True,7,False,,False,,False,,True,3,recent exact-NSN history,1,0,1752.0,,1752.0,2026-06-23,1.0,SPE4A626PV744,646V6,SPE4A626T37DJ.PDF p.6,0.3,2.0
SPE4A626T37DP,SPE4A6-26-T-37DP,SPE4A626T37DP.PDF,2026-09-28,2026-10-05,22,HUBZone set-aside,2,True,3,True,8,True,8,True,9,False,,True,3,True,4,recent exact-NSN history,1,1,9541.74,,733.98,2026-07-29,38.0,SPE4A626PAD27,8HBL2,SPE4A626T37DP.PDF p.7,0.2,12.0
SPE4A626T37EH,SPE4A6-26-T-37EH,SPE4A626T37EH.PDF,2026-09-28,2026-10-05,22,Total small business set-aside,2,True,3,True,8,True,8,True,9,False,,True,2,True,4,recent exact-NSN history,1,1,37500.0,,1250.0,2026-06-23,13.0,SPE4A626F212CP00001,73F14,SPE4A626T37EH.PDF p.6,0.3,19.0
SPE4A626T37EV,SPE4A6-26-T-37EV,SPE4A626T37EV.PDF,2026-09-28,2026-10-05,20,HUBZone set-aside,2,False,,True,7,True,7,False,,False,,True,3,True,3,history older than 5 years - compare with DLA management price,1,0,650.0,,65.0,2020-10-20,33.0,SPE4A621V2558,0XPA4,SPE4A626T37EV.PDF p.6,5.9,18.0
SPE4A626T37FE,SPE4A6-26-T-37FE,SPE4A626T37FE.PDF,2026-09-28,2026-10-05,20,HUBZone set-aside,2,False,,True,8,True,7,True,8,False,,True,3,True,3,recent exact-NSN history,1,0,7984.0,,998.0,2025-11-13,14.0,SPE4A626P5641,3T8J4,SPE4A626T37FE.PDF p.6,0.9,6.0
SPE4A626T37LT,SPE4A6-26-T-37LT,SPE4A626T37LT.PDF,2026-09-29,2026-10-06,24,Total small business set-aside,2,True,3,True,7,True,7,True,8,False,,True,2,True,4,recent exact-NSN history,1,1,81900.0,,6300.0,2025-02-06,3.0,SPE4A625PE652P00002,8WBD2,SPE4A626T37LT.PDF p.6,1.6,5.0
SPE4A626T37NX,SPE4A6-26-T-37NX,SPE4A626T37NX.PDF,2026-09-29,2026-10-06,20,Total small business set-aside,2,False,,True,8,True,7,True,8,False,,True,2,True,3,history older than 5 years - compare with DLA management price,1,0,20774.0,,10387.0,2015-06-19,1.0,SPE4AL15M0256,3T8J4,SPE4A626T37NX.PDF p.5,11.3,3.0
SPE4A626T37RP,SPE4A6-26-T-37RP,SPE4A626T37RP.PDF,2026-09-29,2026-10-06,19,HUBZone set-aside,2,False,,False,,True,7,False,,False,,True,3,True,3,no procurement history in PDF - investigate DLA management price; line stays unpriced,1,0,,,,,,,,,,
SPE4A626T37RR,SPE4A6-26-T-37RR,SPE4A626T37RR.PDF,2026-09-29,2026-10-06,20,HUBZone set-aside,2,False,,True,7,True,7,True,8,False,,True,3,True,3,recent exact-NSN history,1,0,3200.0,,3200.0,2026-03-31,1.0,SPE7M826P1244,646V6,SPE4A626T37RR.PDF p.6,0.5,7.0
SPE4A626T37RX,SPE4A6-26-T-37RX,SPE4A626T37RX.PDF,2026-09-29,2026-10-06,19,HUBZone set-aside,2,False,,False,,False,,True,7,False,,True,3,True,3,recent exact-NSN history,1,0,1271.81,,14.29,2023-11-01,305.0,SPE4A624F2123,5A910,SPE4A626T37RX.PDF p.6,2.9,10.0
SPE4A626T37RY,SPE4A6-26-T-37RY,SPE4A626T37RY.PDF,2026-09-29,2026-10-06,22,HUBZone set-aside,2,True,3,True,9,True,8,True,9,False,,True,3,True,4,recent exact-NSN history,1,1,5217.6,,869.6,2025-05-19,5.0,SPE4A625PT197P00001,012M4,SPE4A626T37RY.PDF p.7,1.4,10.0
SPE4A626T37RZ,SPE4A6-26-T-37RZ,SPE4A626T37RZ.PDF,2026-09-29,2026-10-06,19,HUBZone set-aside,2,False,,False,,False,,True,7,False,,True,3,True,3,recent exact-NSN history,1,0,2351.3999999999996,,195.95,2023-01-23,75.0,SPE4A623P9523,0BTU8,SPE4A626T37RZ.PDF p.6,3.7,15.0
SPE4A626T37SH,SPE4A6-26-T-37SH,SPE4A626T37SH.PDF,2026-09-30,2026-10-07,19,HUBZone set-aside,2,False,,True,7,True,7,True,8,False,,True,3,True,3,history older than 5 years - compare with DLA management price,1,0,298.0,,149.0,1998-09-18,4.0,SP045198MMG07,0HS46,SPE4A626T37SH.PDF p.6,28.0,1.0
SPE4A626T37VG,SPE4A6-26-T-37VG,SPE4A626T37VG.PDF,2026-09-30,2026-10-07,29,HUBZone set-aside,2,True,3,True,8,True,8,True,9,False,,True,3,True,4,recent exact-NSN history,2,1,20430.0,,3405.0,2026-08-11,5.0,SPE4A726PD145,0WW63,SPE4A626T37VG.PDF p.7,0.1,11.0
SPE4A626T37YE,SPE4A6-26-T-37YE,SPE4A626T37YE.PDF,2026-09-30,2026-10-07,19,HUBZone set-aside,2,False,,True,8,True,7,False,,False,,False,,True,3,history older than 5 years - compare with DLA management price,1,0,5553.72,,462.81,2017-11-21,30.0,SPE4A618V3299,2B195,SPE4A626T37YE.PDF p.6,8.9,9.0
SPE4A626T37YY,SPE4A6-26-T-37YY,SPE4A626T37YY.PDF,2026-09-30,2026-10-07,20,HUBZone set-aside,2,False,,True,7,False,,False,,False,,True,3,True,3,recent exact-NSN history,1,0,8995.0,,8995.0,2025-02-06,1.0,SPE4A625V8463P00001,6ZSR8,SPE4A626T37YY.PDF p.6,1.6,2.0
SPE4A626T38F2,SPE4A6-26-T-38F2,SPE4A626T38F2.PDF,2026-04-29,2026-05-06,25,HUBZone set-aside,2,True,3,True,8,True,8,True,9,False,,True,3,True,4,recent exact-NSN history,1,1,5681.25,,631.25,2025-11-24,8.0,SPE4A626P7162,31068,SPE4A626T38F2.PDF p.7,0.8,10.0
SPE4A626T40V4,SPE4A6-26-T-40V4,SPE4A626T40V4.PDF,2026-05-04,2026-05-11,25,HUBZone set-aside,2,True,3,True,9,True,8,True,9,False,,True,3,True,4,history older than 5 years - compare with DLA management price,1,1,4999.99,,4999.99,2014-07-02,5.0,SPE4A414VH564,35KC3,SPE4A626T40V4.PDF p.7,12.2,3.0
SPE4A626T41A6,SPE4A6-26-T-41A6,SPE4A626T41A6.PDF,2026-05-04,2026-05-11,23,HUBZone set-aside,2,False,,False,,True,7,True,8,False,,True,3,True,3,history older than 5 years - compare with DLA management price,1,0,141.41,,141.41,1986-05-24,6.0,DLA40086AB4091175,5R507,SPE4A626T41A6.PDF p.6,40.4,1.0
SPE4A626T41C0,SPE4A6-26-T-41C0,SPE4A626T41C0.PDF,2026-05-04,2026-05-11,23,HUBZone set-aside,2,False,,False,,True,7,False,,False,,True,3,True,3,no procurement history in PDF - investigate DLA management price; line stays unpriced,1,0,,,,,,,,,,
SPE4A626T42K0,SPE4A6-26-T-42K0,SPE4A626T42K0.PDF,2026-05-05,2026-05-12,23,HUBZone set-aside,2,False,,False,,True,7,False,,False,,False,,True,3,no procurement history in PDF - investigate DLA management price; line stays unpriced,1,0,,,,,,,,,,
SPE4A626T42V0,SPE4A6-26-T-42V0,SPE4A626T42V0.PDF,2026-05-06,2026-05-13,26,HUBZone set-aside,2,True,3,True,8,False,,True,9,False,,True,3,True,4,recent exact-NSN history,1,1,3967.9,,793.58,2026-02-03,6.0,SPE4A626PE141,012M4,SPE4A626T42V0.PDF p.7,0.7,9.0
SPE4A626T43T0,SPE4A6-26-T-43T0,SPE4A626T43T0.PDF,2026-05-06,2026-05-13,25,HUBZone set-aside,2,True,3,True,8,True,8,True,9,False,,True,3,True,4,history older than 5 years - compare with DLA management price,1,1,1209.44,,75.59,2014-08-08,61.0,SPE4A414VK754,19151,SPE4A626T43T0.PDF p.6,12.1,3.0
SPE4A626T44B9,SPE4A6-26-T-44B9,SPE4A626T44B9.PDF,2026-05-06,2026-05-13,25,No set-aside clause found (check SF18 block),,True,3,True,8,True,8,False,,False,,True,3,True,4,recent exact-NSN history,1,1,21600.0,,10800.0,2025-08-27,1.0,SPE4A625PAAAUP00001,6ZSR8,SPE4A626T44B9.PDF p.7,1.1,10.0
SPE4A626T44X9,SPE4A6-26-T-44X9,SPE4A626T44X9.PDF,2026-05-06,2026-05-13,26,HUBZone set-aside,2,True,3,True,8,True,8,True,9,False,,True,3,True,4,history older than 5 years - compare with DLA management price,1,1,1920.0,,640.0,2020-11-05,17.0,SPE4A621P2887,0XPA4,SPE4A626T44X9.PDF p.7,5.9,8.0
SPE4A626T456Z,SPE4A6-26-T-456Z,SPE4A626T456Z.PDF,2026-01-09,2026-01-16,30,HUBZone set-aside,2,True,3,True,9,True,8,False,,False,,True,3,True,4,recent exact-NSN history,1,1,6377.849999999999,,2125.95,2023-01-28,2.0,SPE4A623PB580P00001,6ZSR8,SPE4A626T456Z.PDF p.6,3.7,3.0
SPE4A626T45P4,SPE4A6-26-T-45P4,SPE4A626T45P4.PDF,2026-05-06,2026-05-13,23,HUBZone set-aside,2,False,,True,8,True,7,False,,False,,False,,True,3,history older than 5 years - compare with DLA management price,1,0,5553.72,,462.81,2017-11-21,30.0,SPE4A618V3299,2B195,SPE4A626T45P4.PDF p.6,8.9,9.0
SPE4A626T46C8,SPE4A6-26-T-46C8,SPE4A626T46C8.PDF,2026-05-06,2026-05-13,22,HUBZone set-aside,2,False,,False,,False,,True,7,False,,True,3,True,3,recent exact-NSN history,1,0,1860.4800000000002,,10.88,2025-06-25,362.0,SPE4A625PX755,0E8W5,SPE4A626T46C8.PDF p.6,1.3,2.0
SPE4A626T472Z,SPE4A6-26-T-472Z,SPE4A626T472Z.PDF,2026-01-13,2026-01-20,27,HUBZone set-aside,2,False,,True,8,True,7,True,8,False,,True,3,True,3,history older than 5 years - compare with DLA management price,1,0,12450.75,,12450.75,2018-07-27,1.0,SPE4A418V017PP00001,24600,SPE4A626T472Z.PDF p.6,8.2,6.0
SPE4A626T473D,SPE4A6-26-T-473D,SPE4A626T473D.PDF,2026-01-13,2026-01-20,32,HUBZone set-aside; SDVOSB set-aside,2,True,3,True,9,True,9,True,11,False,,True,3,True,5,recent exact-NSN history,1,2,110340.0,,3065.0,2025-07-15,60.0,SPE4A625PAJ94P00001,3B8L1,SPE4A626T473D.PDF p.7,1.2,20.0
SPE4A626T47P4,SPE4A6-26-T-47P4,SPE4A626T47P4.PDF,2026-05-07,2026-05-14,24,HUBZone set-aside,2,False,,False,,True,8,False,,False,,False,,True,3,history older than 5 years - compare with DLA management price,1,0,2600.1,,144.45,1989-04-19,62.0,DAAE0789P0893,4L516,SPE4A626T47P4.PDF p.6,37.4,1.0
SPE4A626T47R1,SPE4A6-26-T-47R1,SPE4A626T47R1.PDF,2026-05-08,2026-05-15,23,HUBZone set-aside,2,False,,False,,False,,False,,False,,False,,True,3,no procurement history in PDF - investigate DLA management price; line stays unpriced,1,0,,,,,,,,,,
SPE4A626T488Y,SPE4A6-26-T-488Y,SPE4A626T488Y.PDF,2026-01-14,2026-01-21,29,HUBZone set-aside,2,True,3,True,8,True,8,False,,False,,True,3,True,4,recent exact-NSN history,1,1,9500.0,,950.0,2025-04-29,4.0,SPE4A625PQ428,58078,SPE4A626T488Y.PDF p.7,1.4,2.0
SPE4A626T491G,SPE4A6-26-T-491G,SPE4A626T491G.PDF,2026-01-14,2026-01-21,29,Total small business set-aside,2,True,3,True,7,True,7,True,8,False,,True,2,True,4,recent exact-NSN history,1,1,21750.0,,1450.0,2025-06-12,15.0,SPE4A625PW139P00001,8WBD2,SPE4A626T491G.PDF p.6,1.3,1.0
SPE4A626T493M,SPE4A6-26-T-493M,SPE4A626T493M.PDF,2026-01-14,2026-01-21,30,HUBZone set-aside,2,True,3,True,8,True,8,True,9,False,,True,3,True,4,recent exact-NSN history,1,1,2238.0,,2238.0,2023-11-09,4.0,SPE4A624P4083P00001,29056,SPE4A626T493M.PDF p.7,2.9,1.0
SPE4A626T49D6,SPE4A6-26-T-49D6,SPE4A626T49D6.PDF,2026-05-08,2026-05-15,23,HUBZone set-aside,2,False,,True,8,True,7,True,8,False,,True,3,True,3,recent exact-NSN history,1,0,3750.0,,1875.0,2023-02-03,14.0,SPE4A623PC238P00001,6ZSR8,SPE4A626T49D6.PDF p.6,3.7,6.0
SPE4A626T50J3,SPE4A6-26-T-50J3,SPE4A626T50J3.PDF,2026-05-11,2026-05-18,23,HUBZone set-aside,2,False,,True,8,True,7,False,,False,,True,3,True,3,recent exact-NSN history,1,0,1430.25,,1430.25,2025-10-07,1.0,SPE4A626P1351P00004,646V6,SPE4A626T50J3.PDF p.6,1.0,20.0
SPE4A626T512F,SPE4A6-26-T-512F,SPE4A626T512F.PDF,2026-01-20,2026-01-27,30,HUBZone set-aside,2,True,3,True,9,True,8,False,,False,,True,3,True,4,history older than 5 years - compare with DLA management price,1,1,5300.0,,2650.0,2021-03-23,5.0,SPE4A621PE589P00002,73F14,SPE4A626T512F.PDF p.6,5.5,3.0
SPE4A626T51E1,SPE4A6-26-T-51E1,SPE4A626T51E1.PDF,2026-05-12,2026-05-19,26,Total small business set-aside,2,True,3,True,8,True,8,True,9,False,,True,2,True,4,history older than 5 years - compare with DLA management price,1,1,37090.5,,469.5,2019-01-23,58.0,SPE4A619P7147P00001,4VAS1,SPE4A626T51E1.PDF p.6,7.7,4.0
SPE4A626T51Q6,SPE4A6-26-T-51Q6,SPE4A626T51Q6.PDF,2026-05-13,2026-05-20,25,HUBZone set-aside,2,True,3,True,7,True,7,True,8,False,,True,3,True,4,history older than 5 years - compare with DLA management price,1,1,10258.2,,3419.4,2009-11-20,1.0,SPM45103D4085094602,90142,SPE4A626T51Q6.PDF p.6,16.9,2.0
SPE4A626T520X,SPE4A6-26-T-520X,SPE4A626T520X.PDF,2026-01-21,2026-01-28,27,Total small business set-aside,2,False,,True,8,True,7,True,8,False,,True,2,True,3,history older than 5 years - compare with DLA management price,1,0,37352.25,,12450.75,2018-07-27,1.0,SPE4A418V017PP00001,24600,SPE4A626T520X.PDF p.5,8.2,6.0
SPE4A626T52D8,SPE4A6-26-T-52D8,SPE4A626T52D8.PDF,2026-05-13,2026-05-20,23,Total small business set-aside,2,False,,True,7,True,7,True,8,False,,False,,True,3,recent exact-NSN history,1,0,24000.0,,1500.0,2025-12-10,13.0,SPE4A626V4930P00001,9XUD2,SPE4A626T52D8.PDF p.5,0.8,20.0
SPE4A626T52M5,SPE4A6-26-T-52M5,SPE4A626T52M5.PDF,2026-05-13,2026-05-20,25,HUBZone set-aside; SDVOSB set-aside,2,True,3,True,8,True,8,True,9,False,,True,3,True,4,history older than 5 years - compare with DLA management price,1,1,12099.78,,549.99,2021-09-10,27.0,SPE4A621PU764,83C25,SPE4A626T52M5.PDF p.7,5.1,10.0
SPE4A626T53H3,SPE4A6-26-T-53H3,SPE4A626T53H3.PDF,2026-05-13,2026-05-20,26,HUBZone set-aside,2,True,3,True,9,True,8,True,9,False,,True,3,True,4,recent exact-NSN history,1,1,4654.25,,930.85,2025-04-02,9.0,SPE4A625PM379P00002,5N063,SPE4A626T53H3.PDF p.7,1.5,8.0
SPE4A626T549S,SPE4A6-26-T-549S,SPE4A626T549S.PDF,2026-01-23,2026-01-30,30,HUBZone set-aside; SDVOSB set-aside,2,True,3,True,8,True,8,True,9,False,,True,3,True,4,history older than 5 years - compare with DLA management price,1,1,31349.43,,549.99,2021-09-10,27.0,SPE4A621PU764,83C25,SPE4A626T549S.PDF p.7,5.1,10.0
SPE4A626T54L2,SPE4A6-26-T-54L2,SPE4A626T54L2.PDF,2026-05-13,2026-05-20,23,HUBZone set-aside,2,False,,True,7,False,,True,7,False,,False,,True,3,no procurement history in PDF - investigate DLA management price; line stays unpriced,1,0,,,,,,,,,,
SPE4A626T54M0,SPE4A6-26-T-54M0,SPE4A626T54M0.PDF,2026-05-14,2026-05-21,25,HUBZone set-aside; SDVOSB set-aside,2,True,3,True,9,True,8,True,9,False,,True,3,True,4,history older than 5 years - compare with DLA management price,1,1,15884.1,,429.3,2019-03-19,48.0,SPE4A619PB988P00001,3B8L1,SPE4A626T54M0.PDF p.6,7.5,5.0
SPE4A626T54Y2,SPE4A6-26-T-54Y2,SPE4A626T54Y2.PDF,2026-05-14,2026-05-21,23,HUBZone set-aside,2,False,,False,,False,,True,7,False,,False,,True,3,recent exact-NSN history,1,0,800.8000000000001,,57.2,2025-04-17,17.0,SPE4A625V171KP00001,83803,SPE4A626T54Y2.PDF p.6,1.5,4.0
SPE4A626T559A,SPE4A6-26-T-559A,SPE4A626T559A.PDF,2026-01-23,2026-01-30,31,Total small business set-aside,2,True,3,True,8,True,8,True,10,True,10,True,2,True,4,recent exact-NSN history,1,1,16135.0,,1152.5,2025-09-22,9.0,SPE4A625P7767,5N063,SPE4A626T559A.PDF p.6,1.0,8.0
SPE4A626T55K3,SPE4A6-26-T-55K3,SPE4A626T55K3.PDF,2026-05-14,2026-05-21,19,HUBZone set-aside,2,False,,True,7,True,7,True,8,False,,True,3,True,3,recent exact-NSN history,1,0,11162.08,,1395.26,2024-01-29,10.0,SPE4A624PD773P00001,90095,SPE4A626T55K3.PDF p.6,2.7,2.0
SPE4A626T55M6,SPE4A6-26-T-55M6,SPE4A626T55M6.PDF,2026-05-15,2026-05-22,19,HUBZone set-aside,2,False,,True,8,True,7,True,8,False,,True,3,True,3,recent exact-NSN history,1,0,2205.0,,49.0,2025-12-09,136.0,SPE4A626V4962,13774,SPE4A626T55M6.PDF p.6,0.8,19.0
SPE4A626T56M3,SPE4A6-26-T-56M3,SPE4A626T56M3.PDF,2026-05-15,2026-05-22,19,HUBZone set-aside,2,False,,True,8,True,7,True,8,False,,False,,True,3,recent exact-NSN history,1,0,7978.86,,209.97,2025-06-02,18.0,SPE4A625PU654,012M4,SPE4A626T56M3.PDF p.6,1.3,20.0
SPE4A626T56S6,SPE4A6-26-T-56S6,SPE4A626T56S6.PDF,2026-05-15,2026-05-22,19,HUBZone set-aside,2,False,,False,,False,,True,8,False,,True,3,True,3,recent exact-NSN history,1,0,5797.1,,199.9,2025-10-30,27.0,SPE4A626V2245P00001,33583,SPE4A626T56S6.PDF p.6,0.9,15.0
SPE4A626T571B,SPE4A6-26-T-571B,SPE4A626T571B.PDF,2026-01-26,2026-02-02,30,HUBZone set-aside,2,True,3,True,8,True,8,True,9,False,,True,3,True,4,history older than 5 years - compare with DLA management price,1,1,622.95,,207.65,2010-04-15,14.0,SPM4A610MJ623,0SSP0,SPE4A626T571B.PDF p.6,16.5,3.0
SPE4A626T571K,SPE4A6-26-T-571K,SPE4A626T571K.PDF,2026-01-26,2026-02-02,30,HUBZone set-aside; SDVOSB set-aside,2,True,3,True,9,True,8,True,9,False,,True,3,True,4,recent exact-NSN history,1,1,46777.5,,5197.5,2024-07-31,7.0,SPE4A624PW135P00002,7BUL6,SPE4A626T571K.PDF p.6,2.2,14.0
SPE4A626T571P,SPE4A6-26-T-571P,SPE4A626T571P.PDF,2026-01-26,2026-02-02,30,HUBZone set-aside,2,True,3,True,9,True,8,False,,False,,True,3,True,4,history older than 5 years - compare with DLA management price,1,1,708.5,,27.25,2013-06-06,192.0,SPE4A613MJ477P00002,3BAS6,SPE4A626T571P.PDF p.6,13.3,4.0
SPE4A626T576S,SPE4A6-26-T-576S,SPE4A626T576S.PDF,2026-01-26,2026-02-02,27,HUBZone set-aside,2,False,,False,,False,,True,7,False,,False,,True,3,history older than 5 years - compare with DLA management price,1,0,594.5,,14.5,2006-05-04,5.0,SP057006M6524,2B195,SPE4A626T576S.PDF p.6,20.4,1.0
SPE4A626T57H3,SPE4A6-26-T-57H3,SPE4A626T57H3.PDF,2026-05-15,2026-05-22,20,HUBZone set-aside,2,False,,True,7,True,7,True,8,False,,True,3,True,3,recent exact-NSN history,1,0,4725.75,,1575.25,2025-10-02,5.0,SPE4A626V0208P00001,6ZSR8,SPE4A626T57H3.PDF p.6,1.0,20.0
SPE4A626T57R8,SPE4A6-26-T-57R8,SPE4A626T57R8.PDF,2026-05-15,2026-05-22,21,HUBZone set-aside,2,True,3,True,9,True,8,True,9,False,,True,3,True,4,recent exact-NSN history,1,1,13815.0,,4605.0,2025-11-14,8.0,SPE4A626P6167P00001,3B8L1,SPE4A626T57R8.PDF p.7,0.9,18.0
SPE4A626T58P6,SPE4A6-26-T-58P6,SPE4A626T58P6.PDF,2026-05-15,2026-05-22,19,HUBZone set-aside,2,False,,True,7,True,7,True,8,False,,False,,True,3,recent exact-NSN history,1,0,4684.5,,936.9,2026-01-07,9.0,SPE4A626PB487,85CZ7,SPE4A626T58P6.PDF p.6,0.7,13.0
SPE4A626T58R3,SPE4A6-26-T-58R3,SPE4A626T58R3.PDF,2026-05-15,2026-05-22,21,HUBZone set-aside,2,True,3,True,8,True,8,True,9,False,,True,3,True,4,recent exact-NSN history,1,1,3828.0,,957.0,2024-05-09,9.0,SPE4A624PN480P00001,1XC80,SPE4A626T58R3.PDF p.7,2.4,10.0
SPE4A626T58R5,SPE4A6-26-T-58R5,SPE4A626T58R5.PDF,2026-05-15,2026-05-22,21,Total small business set-aside,2,True,3,True,8,True,7,True,8,False,,True,2,True,3,recent exact-NSN history,1,1,25590.0,,4265.0,2025-07-18,5.0,SPE4A625PAQ46P00001,73F14,SPE4A626T58R5.PDF p.6,1.2,4.0
SPE4A626T59C0,SPE4A6-26-T-59C0,SPE4A626T59C0.PDF,2026-05-18,2026-05-26,19,HUBZone set-aside,2,False,,True,7,False,,False,,False,,False,,True,3,history older than 5 years - compare with DLA management price,1,0,2805.0,,165.0,2014-07-22,8.0,SPE4A614VJ268P00001,1GX03,SPE4A626T59C0.PDF p.6,12.2,9.0
SPE4A626T59Z9,SPE4A6-26-T-59Z9,SPE4A626T59Z9.PDF,2026-05-19,2026-05-26,19,HUBZone set-aside,2,False,,True,7,True,7,True,8,False,,True,3,True,3,recent exact-NSN history,1,0,13276.5,,4425.5,2026-02-26,3.0,SPE4A626PH075P00001,6ZSR8,SPE4A626T59Z9.PDF p.6,0.6,3.0
SPE4A626T60A7,SPE4A6-26-T-60A7,SPE4A626T60A7.PDF,2026-05-19,2026-05-26,20,HUBZone set-aside,2,False,,True,8,True,8,True,9,False,,True,3,True,3,recent exact-NSN history,1,0,5788.0,,1447.0,2025-01-28,1.0,SPE4A625PD369,08AF1,SPE4A626T60A7.PDF p.6,1.7,20.0
SPE4A626T60P3,SPE4A6-26-T-60P3,SPE4A626T60P3.PDF,2026-05-19,2026-05-26,21,HUBZone set-aside,2,True,3,True,8,True,9,True,9,False,,True,3,True,4,recent exact-NSN history,1,1,8940.0,,4470.0,2025-02-14,1.0,SPE4A625PF371,29056,SPE4A626T60P3.PDF p.7,1.6,1.0
SPE4A626T60Q5,SPE4A6-26-T-60Q5,SPE4A626T60Q5.PDF,2026-05-19,2026-05-26,22,HUBZone set-aside,2,True,3,True,9,True,8,True,9,False,,True,3,True,4,history older than 5 years - compare with DLA management price,1,1,2200.22,,1100.11,2020-04-27,1.0,SPE4A620PG439P00001,84JX8,SPE4A626T60Q5.PDF p.7,6.4,1.0
SPE4A626T60Q7,SPE4A6-26-T-60Q7,SPE4A626T60Q7.PDF,2026-05-19,2026-05-26,21,HUBZone set-aside,2,True,3,True,9,True,8,True,9,False,,True,3,True,4,recent exact-NSN history,1,1,7245.0,,483.0,2025-06-18,29.0,SPE4A625PW819P00001,3T8J4,SPE4A626T60Q7.PDF p.7,1.3,9.0
SPE4A626T613H,SPE4A6-26-T-613H,SPE4A626T613H.PDF,2026-01-30,2026-02-06,30,HUBZone set-aside,2,True,3,True,8,True,8,True,10,False,,True,3,True,4,recent exact-NSN history,1,1,12867.980000000001,,756.94,2025-02-07,8.0,SPE4A625PE705P00002,75Q65,SPE4A626T613H.PDF p.7,1.6,2.0
SPE4A626T616N,SPE4A6-26-T-616N,SPE4A626T616N.PDF,2026-02-03,2026-02-10,27,HUBZone set-aside,2,False,,False,,False,,False,,False,,True,3,True,3,no procurement history in PDF - investigate DLA management price; line stays unpriced,1,0,,,,,,,,,,
SPE4A626T621J,SPE4A6-26-T-621J,SPE4A626T621J.PDF,2026-02-03,2026-02-10,28,HUBZone set-aside,2,False,,True,8,True,7,False,,False,,True,3,True,3,recent exact-NSN history,1,0,21000.0,,5250.0,2024-06-20,2.0,SPE4A624V272SP00001,6ZSR8,SPE4A626T621J.PDF p.6,2.3,4.0
SPE4A626T636M,SPE4A6-26-T-636M,SPE4A626T636M.PDF,2026-02-06,2026-02-13,28,HUBZone set-aside,2,False,,False,,False,,False,,False,,False,,True,3,no procurement history in PDF - investigate DLA management price; line stays unpriced,1,0,,,,,,,,,,
SPE4A626T637J,SPE4A6-26-T-637J,SPE4A626T637J.PDF,2026-02-06,2026-02-13,29,HUBZone set-aside,2,False,,True,7,True,7,False,,False,,True,3,True,3,history older than 5 years - compare with DLA management price,1,0,1500.0,,750.0,2017-10-06,5.0,SPE4A618P0342,1JQZ6,SPE4A626T637J.PDF p.6,9.0,5.0
SPE4A626T63K5,SPE4A6-26-T-63K5,SPE4A626T63K5.PDF,2026-05-20,2026-05-27,21,HUBZone set-aside,2,True,3,True,8,True,8,True,9,False,,True,3,True,4,recent exact-NSN history,1,1,4150.0,,4150.0,2026-04-28,2.0,SPE4A626PP109,6ZSR8,SPE4A626T63K5.PDF p.7,0.4,3.0
SPE4A626T63P2,SPE4A6-26-T-63P2,SPE4A626T63P2.PDF,2026-05-20,2026-05-27,19,HUBZone set-aside,2,False,,True,7,True,7,False,,False,,False,,True,3,recent exact-NSN history,1,0,23795.410000000003,,1252.39,2026-05-18,4.0,SPE4A626PR784,646V6,SPE4A626T63P2.PDF p.6,0.4,1.0
SPE4A626T648Z,SPE4A6-26-T-648Z,SPE4A626T648Z.PDF,2026-02-09,2026-02-17,27,Total small business set-aside,2,False,,True,6,False,,False,,False,,False,,True,3,history older than 5 years - compare with DLA management price,2,0,1509.24,,125.77,2019-04-29,1.0,SPE4A619PE633P00001,65442,SPE4A626T648Z.PDF p.5,7.4,1.0
SPE4A626T64L4,SPE4A6-26-T-64L4,SPE4A626T64L4.PDF,2026-05-20,2026-05-27,21,HUBZone set-aside; SDVOSB set-aside,2,False,,True,7,True,7,True,8,False,,True,3,True,3,recent exact-NSN history,2,0,45101.0,,2653.0,2025-11-12,19.0,SPE4A626V2886P00001,4S7J4,SPE4A626T64L4.PDF p.6,0.9,20.0
SPE4A626T66K0,SPE4A6-26-T-66K0,SPE4A626T66K0.PDF,2026-05-21,2026-05-28,21,HUBZone set-aside,2,True,3,True,9,True,8,True,9,False,,True,3,True,4,recent exact-NSN history,1,1,1708.0,,122.0,2024-10-08,25.0,SPE4A625P1130P00001,90142,SPE4A626T66K0.PDF p.7,2.0,6.0
SPE4A626T67F1,SPE4A6-26-T-67F1,SPE4A626T67F1.PDF,2026-05-21,2026-05-28,19,HUBZone set-aside,2,False,,True,7,True,7,True,8,False,,False,,True,3,recent exact-NSN history,1,0,4443.0,,1110.75,2025-10-10,3.0,SPE4A626V0686P00001,6ZSR8,SPE4A626T67F1.PDF p.6,1.0,4.0
SPE4A626T67K2,SPE4A6-26-T-67K2,SPE4A626T67K2.PDF,2026-05-21,2026-05-28,20,HUBZone set-aside,2,True,3,True,8,False,,False,,False,,True,3,True,4,recent exact-NSN history,1,1,2497.5,,499.5,2025-02-06,6.0,SPE4A625PZ294P00001,9VP58,SPE4A626T67K2.PDF p.7,1.6,3.0
SPE4A626T68J1,SPE4A6-26-T-68J1,SPE4A626T68J1.PDF,2026-05-22,2026-05-29,19,HUBZone set-aside,2,False,,True,7,True,7,False,,False,,False,,True,3,recent exact-NSN history,1,0,577.77,,577.77,2026-04-02,1.0,SPE4A626PL708,646V6,SPE4A626T68J1.PDF p.6,0.5,1.0
SPE4A626T693Y,SPE4A6-26-T-693Y,SPE4A626T693Y.PDF,2026-02-13,2026-02-20,27,HUBZone set-aside,2,False,,True,8,True,7,True,8,False,,True,3,True,3,history older than 5 years - compare with DLA management price,1,0,2135.03,,125.59,2019-02-05,61.0,SPE8E719V0691,0BTU8,SPE4A626T693Y.PDF p.6,7.6,4.0
SPE4A626T69H5,SPE4A6-26-T-69H5,SPE4A626T69H5.PDF,2026-05-22,2026-05-29,22,No set-aside clause found (check SF18 block),,True,3,True,8,True,8,True,9,False,,True,3,True,4,no procurement history in PDF - investigate DLA management price; line stays unpriced,1,1,,,,,,,,,,
SPE4A626T69J9,SPE4A6-26-T-69J9,SPE4A626T69J9.PDF,2026-05-22,2026-05-29,19,HUBZone set-aside,2,False,,False,,True,7,True,8,False,,True,3,True,3,no procurement history in PDF - investigate DLA management price; line stays unpriced,1,0,,,,,,,,,,
SPE4A626T69M7,SPE4A6-26-T-69M7,SPE4A626T69M7.PDF,2026-05-22,2026-05-29,21,HUBZone set-aside,2,True,3,True,8,True,9,False,,False,,True,3,True,4,recent exact-NSN history,1,1,2025.0,,135.0,2023-05-30,6.0,SPE4A623PP772,6ZSR8,SPE4A626T69M7.PDF p.6,3.3,3.0
SPE4A626T69M9,SPE4A6-26-T-69M9,SPE4A626T69M9.PDF,2026-05-22,2026-05-29,19,HUBZone set-aside,2,False,,False,,False,,True,7,False,,False,,True,3,recent exact-NSN history,1,0,522.1500000000001,,34.81,2025-05-29,19.0,SPE4A625V304A,83803,SPE4A626T69M9.PDF p.6,1.3,6.0
SPE4A626T69S4,SPE4A6-26-T-69S4,SPE4A626T69S4.PDF,2026-05-22,2026-05-29,22,HUBZone set-aside,2,True,3,True,9,True,8,True,9,False,,True,3,True,4,history older than 5 years - compare with DLA management price,1,1,4980.0,,1245.0,2021-04-16,5.0,SPE4A421P0345P00002,67291,SPE4A626T69S4.PDF p.7,5.5,10.0
SPE4A626T69S6,SPE4A6-26-T-69S6,SPE4A626T69S6.PDF,2026-05-22,2026-05-29,20,HUBZone set-aside,2,False,,True,7,True,7,True,8,False,,True,3,True,3,recent exact-NSN history,1,0,5652.18,,2826.09,2024-07-12,2.0,SPE4A624V322EP00001,1B5X6,SPE4A626T69S6.PDF p.6,2.2,2.0
SPE4A626T69T3,SPE4A6-26-T-69T3,SPE4A626T69T3.PDF,2026-05-22,2026-05-29,21,HUBZone set-aside,2,True,3,True,9,True,8,True,9,False,,True,3,True,4,history older than 5 years - compare with DLA management price,1,1,14032.619999999999,,379.26,2018-02-28,36.0,SPE4AX18F2188,90142,SPE4A626T69T3.PDF p.6,8.6,16.0
SPE4A626T69U5,SPE4A6-26-T-69U5,SPE4A626T69U5.PDF,2026-05-22,2026-05-29,20,HUBZone set-aside,2,False,,True,7,True,8,True,8,False,,True,3,True,3,history older than 5 years - compare with DLA management price,1,0,5775.0,,2887.5,1992-02-03,2.0,F0470491C0016,60854,SPE4A626T69U5.PDF p.6,34.7,1.0
SPE4A626T71S4,SPE4A6-26-T-71S4,SPE4A626T71S4.PDF,2026-05-27,2026-06-03,19,HUBZone set-aside,2,False,,True,8,True,7,True,8,False,,True,3,True,3,history older than 5 years - compare with DLA management price,1,0,24901.5,,12450.75,2018-07-27,1.0,SPE4A418V017PP00001,24600,SPE4A626T71S4.PDF p.6,8.2,6.0
SPE4A626T71Z5,SPE4A6-26-T-71Z5,SPE4A626T71Z5.PDF,2026-05-28,2026-06-04,21,HUBZone set-aside,2,True,3,False,,False,,True,9,False,,True,3,True,4,recent exact-NSN history,1,1,1691.76,,12.72,2026-03-16,521.0,SPE4A626PJ726,83803,SPE4A626T71Z5.PDF p.7,0.5,19.0
SPE4A626T721X,SPE4A6-26-T-721X,SPE4A626T721X.PDF,2026-02-18,2026-02-25,27,HUBZone set-aside,2,False,,False,,True,7,False,,False,,False,,True,3,no procurement history in PDF - investigate DLA management price; line stays unpriced,1,0,,,,,,,,,,
SPE4A626T729A,SPE4A6-26-T-729A,SPE4A626T729A.PDF,2026-02-19,2026-02-26,27,HUBZone set-aside,2,False,,False,,True,7,False,,False,,False,,True,3,no procurement history in PDF - investigate DLA management price; line stays unpriced,1,0,,,,,,,,,,
SPE4A626T732K,SPE4A6-26-T-732K,SPE4A626T732K.PDF,2026-02-20,2026-02-27,27,HUBZone set-aside,2,True,3,True,8,True,8,False,,False,,True,3,True,4,history older than 5 years - compare with DLA management price,1,1,399.14,,199.57,2012-01-12,64.0,SPM4A612MDU03,1GX03,SPE4A626T732K.PDF p.6,14.7,6.0
SPE4A626T73G5,SPE4A6-26-T-73G5,SPE4A626T73G5.PDF,2026-05-29,2026-06-05,19,HUBZone set-aside,2,False,,True,7,True,7,True,8,False,,False,,True,3,recent exact-NSN history,1,0,6435.31,,919.33,2025-10-08,5.0,SPE4A526P0370P00001,72DG1,SPE4A626T73G5.PDF p.6,1.0,12.0
SPE4A626T746U,SPE4A6-26-T-746U,SPE4A626T746U.PDF,2026-02-20,2026-02-27,25,HUBZone set-aside,2,True,3,True,9,True,8,False,,False,,True,3,True,4,recent exact-NSN history,1,1,11192.0,,1399.0,2025-03-18,9.0,SPE4A625F8403,6ZSR8,SPE4A626T746U.PDF p.7,1.5,20.0
SPE4A626T74Q2,SPE4A6-26-T-74Q2,SPE4A626T74Q2.PDF,2026-06-01,2026-06-08,23,HUBZone set-aside; SDVOSB set-aside,2,True,3,True,8,True,8,True,9,False,,True,3,True,4,recent exact-NSN history,2,1,83168.0,,2599.0,2025-11-21,36.0,SPE4A626P7042P00001,8HBL2,SPE4A626T74Q2.PDF p.7,0.9,20.0
SPE4A626T74Q6,SPE4A6-26-T-74Q6,SPE4A626T74Q6.PDF,2026-06-01,2026-06-08,19,HUBZone set-aside,2,False,,False,,False,,True,8,False,,True,3,True,3,recent exact-NSN history,1,0,2670.2000000000003,,51.35,2025-02-28,57.0,SPE4A625V9963,85213,SPE4A626T74Q6.PDF p.6,1.6,7.0
SPE4A626T769J,SPE4A6-26-T-769J,SPE4A626T769J.PDF,2026-02-20,2026-02-27,26,HUBZone set-aside,2,True,3,True,9,True,8,True,9,False,,True,3,True,4,history older than 5 years - compare with DLA management price,1,1,614.59,,14.99,2020-04-22,499.0,SPE4A620PF160P00002,6ZSR8,SPE4A626T769J.PDF p.6,6.4,17.0
SPE4A626T76A3,SPE4A6-26-T-76A3,SPE4A626T76A3.PDF,2026-06-03,2026-06-10,21,HUBZone set-aside,2,True,3,True,9,True,8,True,9,False,,True,3,True,4,recent exact-NSN history,1,1,3120.0,,520.0,2023-11-28,5.0,SPE4A624P7014P00001,0XPA4,SPE4A626T76A3.PDF p.7,2.8,16.0
SPE4A626T76M7,SPE4A6-26-T-76M7,SPE4A626T76M7.PDF,2026-06-03,2026-06-10,21,HUBZone set-aside,2,True,3,True,8,True,8,True,9,False,,True,3,True,4,recent exact-NSN history,1,1,6421.0,,3210.5,2026-05-14,3.0,SPE4A626PQ852,6ZSR8,SPE4A626T76M7.PDF p.7,0.4,6.0
SPE4A626T76S1,SPE4A6-26-T-76S1,SPE4A626T76S1.PDF,2026-06-03,2026-06-10,20,Total small business set-aside,2,True,3,True,7,True,7,False,,False,,True,2,True,4,recent exact-NSN history,1,1,87500.0,,12500.0,2025-11-14,1.0,SPE4A626P5544P00001,8SKT8,SPE4A626T76S1.PDF p.6,0.9,3.0
SPE4A626T76X5,SPE4A6-26-T-76X5,SPE4A626T76X5.PDF,2026-06-03,2026-06-10,21,HUBZone set-aside,2,True,3,True,8,True,8,True,9,False,,True,3,True,4,recent exact-NSN history,1,1,12390.0,,3097.5,2026-01-06,7.0,SPE4A626PB329P00001,7BUL6,SPE4A626T76X5.PDF p.7,0.7,20.0
SPE4A626T773C,SPE4A6-26-T-773C,SPE4A626T773C.PDF,2026-02-23,2026-03-02,23,HUBZone set-aside,2,False,,True,8,True,7,False,,False,,False,,True,3,recent exact-NSN history,1,0,1479.92,,56.92,2025-04-03,38.0,SPE4A625V126E,02103,SPE4A626T773C.PDF p.6,1.5,6.0
SPE4A626T77P4,SPE4A6-26-T-77P4,SPE4A626T77P4.PDF,2026-06-03,2026-06-10,22,HUBZone set-aside; SDVOSB set-aside,2,True,3,True,8,True,8,True,9,False,,True,3,True,4,recent exact-NSN history,1,1,40268.76,,5752.68,2025-05-22,9.0,SPE4A625PT724P00001,0REY5,SPE4A626T77P4.PDF p.7,1.4,18.0
SPE4A626T782D,SPE4A6-26-T-782D,SPE4A626T782D.PDF,2026-02-23,2026-03-02,23,HUBZone set-aside,2,False,,True,8,True,7,True,8,False,,False,,True,3,history older than 5 years - compare with DLA management price,1,0,682.5,,9.75,2016-03-31,284.0,SPE4A616MA781,6LY89,SPE4A626T782D.PDF p.6,10.5,6.0
SPE4A626T78F8,SPE4A6-26-T-78F8,SPE4A626T78F8.PDF,2026-06-03,2026-06-10,20,Total small business set-aside,2,False,,True,8,True,7,True,8,False,,True,2,True,3,recent exact-NSN history,1,0,17629.68,,2203.71,2026-02-04,9.0,SPE4A626PE484P00001,646V6,SPE4A626T78F8.PDF p.5,0.7,8.0
SPE4A626T793J,SPE4A6-26-T-793J,SPE4A626T793J.PDF,2026-02-24,2026-03-03,26,HUBZone set-aside,2,True,3,True,8,True,8,False,,False,,True,3,True,4,recent exact-NSN history,1,1,4100.0,,4100.0,2025-05-08,1.0,SPE4A625PR611P00002,8SKT8,SPE4A626T793J.PDF p.7,1.4,6.0
SPE4A626T79W1,SPE4A6-26-T-79W1,SPE4A626T79W1.PDF,2026-06-04,2026-06-11,19,HUBZone set-aside,2,False,,True,7,True,7,True,8,False,,False,,True,3,recent exact-NSN history,1,0,1170.0,,130.0,2026-02-17,17.0,SPE4A626V8461P00001,9XUD2,SPE4A626T79W1.PDF p.6,0.6,7.0
SPE4A626T800G,SPE4A6-26-T-800G,SPE4A626T800G.PDF,2026-02-24,2026-03-03,23,Total small business set-aside,2,False,,False,,True,7,True,8,False,,True,2,True,3,no procurement history in PDF - investigate DLA management price; line stays unpriced,1,0,,,,,,,,,,
SPE4A626T803V,SPE4A6-26-T-803V,SPE4A626T803V.PDF,2026-02-25,2026-03-04,23,HUBZone set-aside,2,False,,False,,False,,True,7,False,,False,,True,3,recent exact-NSN history,1,0,429.09999999999997,,12.26,2022-01-03,45.0,SPE4A622P8378,83803,SPE4A626T803V.PDF p.6,4.7,2.0
SPE4A626T80G3,SPE4A6-26-T-80G3,SPE4A626T80G3.PDF,2026-06-04,2026-06-11,19,HUBZone set-aside,2,False,,True,7,True,7,False,,False,,False,,True,3,recent exact-NSN history,1,0,3550.5,,1775.25,2025-10-17,4.0,SPE4A626V1105,6ZSR8,SPE4A626T80G3.PDF p.6,1.0,1.0
SPE4A626T80V6,SPE4A6-26-T-80V6,SPE4A626T80V6.PDF,2026-06-05,2026-06-12,21,HUBZone set-aside,2,True,3,True,8,True,8,False,,False,,True,3,True,4,history older than 5 years - compare with DLA management price,1,1,1415.65,,1415.65,2015-07-10,13.0,SPE4A615MC065P00001,56Z87,SPE4A626T80V6.PDF p.6,11.2,2.0
SPE4A626T81P6,SPE4A6-26-T-81P6,SPE4A626T81P6.PDF,2026-06-05,2026-06-12,23,HUBZone set-aside,2,True,3,True,9,True,8,True,9,False,,True,3,True,4,recent exact-NSN history,1,1,100045.0,,5885.0,2026-04-08,62.0,SPE4A626PZ155,6ZSR8,SPE4A626T81P6.PDF p.6,0.5,19.0
SPE4A626T81S3,SPE4A6-26-T-81S3,SPE4A626T81S3.PDF,2026-06-05,2026-06-12,19,HUBZone set-aside,2,False,,True,8,True,7,False,,False,,False,,True,3,history older than 5 years - compare with DLA management price,1,0,1748.25,,1748.25,2020-10-23,4.0,SPE4A621P1162,34222,SPE4A626T81S3.PDF p.6,5.9,1.0
SPE4A626T81T3,SPE4A6-26-T-81T3,SPE4A626T81T3.PDF,2026-06-05,2026-06-12,22,HUBZone set-aside; SDVOSB set-aside,2,True,3,True,10,True,9,True,10,False,,True,3,True,4,recent exact-NSN history,1,1,117360.0,,720.0,2026-02-04,160.0,SPE4A626PE595P00001,9XUD2,SPE4A626T81T3.PDF p.7,0.7,18.0
SPE4A626T81V7,SPE4A6-26-T-81V7,SPE4A626T81V7.PDF,2026-06-08,2026-06-15,21,Total small business set-aside,2,True,3,True,8,True,8,True,9,False,,True,2,True,4,recent exact-NSN history,1,1,12000.0,,3000.0,2026-05-06,14.0,SPE4A626PQ311,30463,SPE4A626T81V7.PDF p.7,0.4,7.0
SPE4A626T81V8,SPE4A6-26-T-81V8,SPE4A626T81V8.PDF,2026-06-08,2026-06-15,25,Total small business set-aside,2,True,3,True,9,True,8,True,9,False,,True,2,True,4,recent exact-NSN history,1,1,43400.0,,3100.0,2026-06-02,12.0,SPE4A626PP004,6ZSR8,SPE4A626T81V8.PDF p.6,0.3,8.0
SPE4A626T822A,SPE4A6-26-T-822A,SPE4A626T822A.PDF,2026-02-25,2026-03-04,23,HUBZone set-aside,2,False,,True,7,True,7,True,8,False,,True,3,True,3,recent exact-NSN history,1,0,12034.25,,325.25,2025-09-24,14.0,SPE4A525P8885,646V6,SPE4A626T822A.PDF p.6,1.0,8.0
SPE4A626T831M,SPE4A6-26-T-831M,SPE4A626T831M.PDF,2026-02-26,2026-03-05,25,HUBZone set-aside,2,True,3,True,8,True,8,True,9,False,,True,3,True,4,recent exact-NSN history,1,1,5400.0,,1350.0,2025-09-25,12.0,SPE4A625P1E48,8SKT8,SPE4A626T831M.PDF p.7,1.0,8.0
SPE4A626T83H3,SPE4A6-26-T-83H3,SPE4A626T83H3.PDF,2026-06-09,2026-06-16,20,HUBZone set-aside,2,False,,True,8,True,7,False,,False,,False,,True,3,no procurement history in PDF - investigate DLA management price; line stays unpriced,1,0,,,,,,,,,,
SPE4A626T83Q9,SPE4A6-26-T-83Q9,SPE4A626T83Q9.PDF,2026-06-09,2026-06-16,20,Total small business set-aside,2,True,3,True,7,True,7,False,,False,,True,2,True,4,recent exact-NSN history,1,1,62000.0,,31000.0,2026-02-17,2.0,SPE4A626PF748P00001,9XUD2,SPE4A626T83Q9.PDF p.6,0.6,5.0
SPE4A626T83U6,SPE4A6-26-T-83U6,SPE4A626T83U6.PDF,2026-06-09,2026-06-16,21,HUBZone set-aside,2,True,3,True,8,True,8,True,9,False,,True,3,True,4,history older than 5 years - compare with DLA management price,1,1,5291.3,,75.59,2014-08-08,61.0,SPE4A414VK754,19151,SPE4A626T83U6.PDF p.6,12.1,3.0
SPE4A626T84C0,SPE4A6-26-T-84C0,SPE4A626T84C0.PDF,2026-06-09,2026-06-16,19,HUBZone set-aside,2,False,,True,7,True,7,True,8,False,,True,3,True,3,recent exact-NSN history,1,0,44100.0,,22050.0,2026-05-12,2.0,SPE4A026P1576P00001,7BUL6,SPE4A626T84C0.PDF p.6,0.4,14.0
SPE4A626T84D2,SPE4A6-26-T-84D2,SPE4A626T84D2.PDF,2026-06-09,2026-06-16,19,Total small business set-aside,2,False,,True,6,True,6,False,,False,,True,2,True,3,recent exact-NSN history,1,0,26600.0,,1900.0,2026-02-17,14.0,SPE4A626PF771P00001,9XUD2,SPE4A626T84D2.PDF p.5,0.6,3.0
SPE4A626T84J8,SPE4A6-26-T-84J8,SPE4A626T84J8.PDF,2026-06-10,2026-06-17,19,HUBZone set-aside,2,False,,True,7,True,7,True,8,False,,True,3,True,3,history older than 5 years - compare with DLA management price,1,0,6996.599999999999,,152.1,2016-11-03,140.0,SPE4A417V1075P00002,0X1H8,SPE4A626T84J8.PDF p.6,9.9,9.0
SPE4A626T84P1,SPE4A6-26-T-84P1,SPE4A626T84P1.PDF,2026-06-10,2026-06-17,21,Total small business set-aside,2,True,3,True,8,True,8,True,9,False,,True,2,True,4,recent exact-NSN history,1,1,16089.0,,5363.0,2024-05-08,2.0,SPE4A624PN823P00001,24581,SPE4A626T84P1.PDF p.7,2.4,2.0
SPE4A626T84R0,SPE4A6-26-T-84R0,SPE4A626T84R0.PDF,2026-06-10,2026-06-17,21,HUBZone set-aside; SDVOSB set-aside,2,True,3,True,8,True,8,True,9,False,,True,3,True,4,recent exact-NSN history,1,1,47700.0,,300.0,2026-02-17,109.0,SPE4A626PF816P00001,9XUD2,SPE4A626T84R0.PDF p.7,0.6,19.0
SPE4A626T84Z3,SPE4A6-26-T-84Z3,SPE4A626T84Z3.PDF,2026-06-10,2026-06-17,22,HUBZone set-aside,2,True,3,True,9,True,8,True,10,False,,True,3,True,4,recent exact-NSN history,1,1,4885.5,,2442.75,2026-02-19,2.0,SPE4A626PG074,6ZSR8,SPE4A626T84Z3.PDF p.6,0.6,3.0
SPE4A626T85B9,SPE4A6-26-T-85B9,SPE4A626T85B9.PDF,2026-06-10,2026-06-17,18,HUBZone set-aside,2,False,,True,7,False,,False,,False,,False,,True,3,recent exact-NSN history,1,0,9833.32,,702.38,2025-12-09,4.0,SPE4A626P8861P00001,9XUD2,SPE4A626T85B9.PDF p.6,0.8,14.0
SPE4A626T85V1,SPE4A6-26-T-85V1,SPE4A626T85V1.PDF,2026-06-10,2026-06-17,22,Total small business set-aside,2,True,3,True,9,True,8,False,,False,,True,2,True,4,recent exact-NSN history,1,1,15778.0,,1127.0,2022-05-02,3.0,SPE4A622PL214P00001,24581,SPE4A626T85V1.PDF p.6,4.4,2.0
SPE4A626T85W7,SPE4A6-26-T-85W7,SPE4A626T85W7.PDF,2026-06-10,2026-06-17,21,Total small business set-aside,2,True,3,True,8,True,8,True,9,False,,True,2,True,4,recent exact-NSN history,1,1,15683.55,,275.15,2024-01-19,14.0,SPE4A624PC727,75Q65,SPE4A626T85W7.PDF p.6,2.7,1.0
SPE4A626T86S0,SPE4A6-26-T-86S0,SPE4A626T86S0.PDF,2026-06-10,2026-06-17,18,HUBZone set-aside,2,False,,False,,False,,False,,False,,False,,True,3,history older than 5 years - compare with DLA management price,1,0,13.75,,13.75,2005-12-14,55.0,SP050006V2266,0NP10,SPE4A626T86S0.PDF p.6,20.8,1.0
SPE4A626T88D6,SPE4A6-26-T-88D6,SPE4A626T88D6.PDF,2026-06-12,2026-06-22,21,HUBZone set-aside; WOSB set-aside,2,True,3,True,9,True,8,False,,False,,True,3,True,4,recent exact-NSN history,1,1,40161.6,,2231.2,2026-05-27,27.0,SPE4A626PS284,0REY5,SPE4A626T88D6.PDF p.7,0.3,15.0
SPE4A626T88U0,SPE4A6-26-T-88U0,SPE4A626T88U0.PDF,2026-06-12,2026-06-22,22,HUBZone set-aside,2,True,3,True,9,True,8,True,9,False,,True,3,True,4,history older than 5 years - compare with DLA management price,1,1,205.76,,51.44,2015-08-03,129.0,SPE4A615MD458,00642,SPE4A626T88U0.PDF p.7,11.2,6.0
SPE4A626T88V1,SPE4A6-26-T-88V1,SPE4A626T88V1.PDF,2026-06-12,2026-06-22,20,HUBZone set-aside,2,False,,True,8,True,7,False,,False,,False,,True,3,recent exact-NSN history,1,0,7425.5,,7425.5,2025-01-22,1.0,SPE4A625PC712,6ZSR8,SPE4A626T88V1.PDF p.6,1.7,9.0
SPE4A626T88V5,SPE4A6-26-T-88V5,SPE4A626T88V5.PDF,2026-06-12,2026-06-22,19,HUBZone set-aside,2,False,,True,7,False,,True,8,False,,True,3,True,3,history older than 5 years - compare with DLA management price,1,0,1350.0,,450.0,2018-02-21,8.0,SPE4A418V4257,0BTU8,SPE4A626T88V5.PDF p.6,8.6,4.0
SPE4A626T88W2,SPE4A6-26-T-88W2,SPE4A626T88W2.PDF,2026-06-12,2026-06-22,23,HUBZone set-aside,2,True,3,True,8,True,8,False,,False,,True,3,True,4,recent exact-NSN history,1,1,3630.0,,1815.0,2025-04-30,2.0,SPE4A625PQ873P00003,9F5P2,SPE4A626T88W2.PDF p.7,1.4,4.0
SPE4A626T88Y8,SPE4A6-26-T-88Y8,SPE4A626T88Y8.PDF,2026-06-12,2026-06-22,21,HUBZone set-aside,2,True,3,True,9,True,8,True,9,False,,True,3,True,4,recent exact-NSN history,1,1,1508.8,,7.36,2025-08-05,100.0,SPE4A625F317L,33682,SPE4A626T88Y8.PDF p.7,1.2,20.0
SPE4A626T89P2,SPE4A6-26-T-89P2,SPE4A626T89P2.PDF,2026-06-15,2026-06-22,22,HUBZone set-aside,2,True,3,True,9,True,8,False,,False,,True,3,True,4,recent exact-NSN history,1,1,3867.0,,3867.0,2026-05-26,2.0,SPE4A626PS458,0HS46,SPE4A626T89P2.PDF p.7,0.3,11.0
SPE4A626T89S2,SPE4A6-26-T-89S2,SPE4A626T89S2.PDF,2026-06-15,2026-06-22,21,HUBZone set-aside,2,True,3,True,9,True,8,True,9,False,,True,3,True,4,recent exact-NSN history,1,1,6429.38,,3214.69,2026-05-27,18.0,SPE4A626PS347,56Z87,SPE4A626T89S2.PDF p.7,0.3,12.0
SPE4A626T90F3,SPE4A6-26-T-90F3,SPE4A626T90F3.PDF,2026-06-15,2026-06-22,21,HUBZone set-aside; SDVOSB set-aside,2,True,3,True,9,True,8,True,9,False,,True,3,True,4,recent exact-NSN history,1,1,67954.64,,894.14,2025-10-22,60.0,SPE4A626P3115P00001,8HBL2,SPE4A626T90F3.PDF p.6,0.9,20.0
SPE4A626T91J0,SPE4A6-26-T-91J0,SPE4A626T91J0.PDF,2026-06-15,2026-06-22,20,HUBZone set-aside; SDVOSB set-aside,2,False,,True,7,True,7,True,8,False,,True,3,True,3,recent exact-NSN history,1,0,162649.6,,2541.4,2026-03-05,154.0,SPE4A626PH575P00002,6FN58,SPE4A626T91J0.PDF p.6,0.6,20.0
SPE4A626T92N3,SPE4A6-26-T-92N3,SPE4A626T92N3.PDF,2026-06-16,2026-06-23,22,No set-aside clause found (check SF18 block),,True,3,True,8,True,8,True,9,False,,True,3,True,4,recent exact-NSN history,1,1,110712.59999999999,,12301.4,2024-01-31,39.0,SPE4A524F5521P00002,7VSL7,SPE4A626T92N3.PDF p.7,2.7,5.0
SPE4A626T93T9,SPE4A6-26-T-93T9,SPE4A626T93T9.PDF,2026-06-16,2026-06-23,20,HUBZone set-aside,2,False,,True,8,True,7,False,,False,,True,3,True,3,recent exact-NSN history,1,0,19840.0,,9920.0,2022-08-24,1.0,SPE4A622PU188P00001,0T0G3,SPE4A626T93T9.PDF p.6,4.1,7.0
SPE4A626T94B1,SPE4A6-26-T-94B1,SPE4A626T94B1.PDF,2026-06-17,2026-06-24,21,Total small business set-aside,2,True,3,True,9,True,8,True,9,False,,True,2,True,4,recent exact-NSN history,1,1,46885.16,,956.84,2026-05-28,53.0,SPE4A626PS907P00001,56Z87,SPE4A626T94B1.PDF p.6,0.3,10.0
SPE4A626T94P9,SPE4A6-26-T-94P9,SPE4A626T94P9.PDF,2026-06-17,2026-06-24,21,HUBZone set-aside; SDVOSB set-aside,2,True,3,True,8,True,8,False,,False,,True,3,True,4,recent exact-NSN history,1,1,52118.0,,2369.0,2025-12-03,22.0,SPE4A626P8196P00002,3WGD1,SPE4A626T94P9.PDF p.7,0.8,20.0
SPE4A626T94S4,SPE4A6-26-T-94S4,SPE4A626T94S4.PDF,2026-06-17,2026-06-24,20,Total small business set-aside,2,True,3,True,8,True,7,False,,False,,True,2,True,4,recent exact-NSN history,1,1,22275.0,,2475.0,2026-05-21,30.0,SPE4A626PS351,6ZSR8,SPE4A626T94S4.PDF p.6,0.4,2.0
SPE4A626T95A4,SPE4A6-26-T-95A4,SPE4A626T95A4.PDF,2026-06-17,2026-06-24,21,HUBZone set-aside,2,False,,True,8,True,7,False,,False,,True,3,True,3,history older than 5 years - compare with DLA management price,1,0,1130.04018,,565.02009,2020-12-28,3.0,SPE4A621V7918,00642,SPE4A626T95A4.PDF p.6,5.8,15.0
SPE4A626T95J9,SPE4A6-26-T-95J9,SPE4A626T95J9.PDF,2026-06-17,2026-06-24,22,HUBZone set-aside,2,True,3,True,9,True,8,True,9,False,,True,3,True,4,recent exact-NSN history,1,1,12989.0,,419.0,2023-09-25,8.0,SPE4A623PYY37P00002,02AV2,SPE4A626T95J9.PDF p.7,3.0,4.0
SPE4A626T95N8,SPE4A6-26-T-95N8,SPE4A626T95N8.PDF,2026-06-17,2026-06-24,25,HUBZone set-aside,2,True,3,True,9,True,8,True,9,False,,True,3,True,4,recent exact-NSN history,1,1,11500.0,,11500.0,2024-08-22,5.0,SPE4A624PY098P00001,6ZSR8,SPE4A626T95N8.PDF p.7,2.1,9.0
SPE4A626T96Y4,SPE4A6-26-T-96Y4,SPE4A626T96Y4.PDF,2026-06-18,2026-06-25,22,HUBZone set-aside,2,True,3,True,9,True,8,True,9,False,,True,3,True,4,history older than 5 years - compare with DLA management price,1,1,6225.0,,1245.0,2021-04-16,5.0,SPE4A421P0345P00002,67291,SPE4A626T96Y4.PDF p.7,5.5,10.0
SPE4A626T97S4,SPE4A6-26-T-97S4,SPE4A626T97S4.PDF,2026-06-18,2026-06-25,18,Total small business set-aside,2,False,,True,6,True,6,False,,False,,True,2,True,3,no procurement history in PDF - investigate DLA management price; line stays unpriced,1,0,,,,,,,,,,
SPE4A626T97T5,SPE4A6-26-T-97T5,SPE4A626T97T5.PDF,2026-06-18,2026-06-25,19,HUBZone set-aside,2,False,,True,8,True,7,False,,False,,False,,True,3,recent exact-NSN history,1,0,97460.0,,4873.0,2026-06-11,10.0,SPE4A626PT457,3T8J4,SPE4A626T97T5.PDF p.6,0.3,1.0
SPE4A626T97Y8,SPE4A6-26-T-97Y8,SPE4A626T97Y8.PDF,2026-06-18,2026-06-25,19,HUBZone set-aside,2,False,,False,,True,7,True,8,False,,True,3,True,3,history older than 5 years - compare with DLA management price,1,0,2147.8500000000004,,715.95,2018-01-25,8.0,SPE4A618V6743,0BTU8,SPE4A626T97Y8.PDF p.6,8.7,4.0
SPE4A626T97Z1,SPE4A6-26-T-97Z1,SPE4A626T97Z1.PDF,2026-06-18,2026-06-25,21,HUBZone set-aside,2,True,3,True,8,False,,True,9,False,,True,3,True,4,history older than 5 years - compare with DLA management price,1,1,620.0,,155.0,2018-10-18,9.0,SPE4A619P1135,92772,SPE4A626T97Z1.PDF p.6,8.0,4.0
SPE4A626T97Z5,SPE4A6-26-T-97Z5,SPE4A626T97Z5.PDF,2026-06-18,2026-06-25,19,HUBZone set-aside,2,False,,True,8,True,7,False,,False,,False,,True,3,recent exact-NSN history,1,0,4032.9900000000002,,310.23,2024-01-31,6.0,SPE4A624PE141,13028,SPE4A626T97Z5.PDF p.6,2.7,19.0
SPE4A626T97Z6,SPE4A6-26-T-97Z6,SPE4A626T97Z6.PDF,2026-06-18,2026-06-25,22,HUBZone set-aside,2,True,3,True,8,True,8,False,,False,,True,3,True,4,recent exact-NSN history,1,1,6178.5,,1029.75,2026-04-01,2.0,SPE4A626PK994P00001,6ZSR8,SPE4A626T97Z6.PDF p.7,0.5,3.0
SPE4A626T98B4,SPE4A6-26-T-98B4,SPE4A626T98B4.PDF,2026-06-18,2026-06-25,22,HUBZone set-aside,2,True,3,True,8,True,8,False,,False,,True,3,True,4,recent exact-NSN history,1,1,2250.0,,225.0,2024-08-28,7.0,SPE4A624PY767,9BKX7,SPE4A626T98B4.PDF p.7,2.1,1.0
SPE4A626T98C4,SPE4A6-26-T-98C4,SPE4A626T98C4.PDF,2026-06-18,2026-06-25,21,HUBZone set-aside,2,True,3,True,9,True,8,True,9,False,,True,3,True,4,recent exact-NSN history,1,1,1615.0,,95.0,2022-12-14,64.0,SPE4A623P7198P00002,51819,SPE4A626T98C4.PDF p.6,3.8,20.0
SPE4A626T98G7,SPE4A6-26-T-98G7,SPE4A626T98G7.PDF,2026-06-22,2026-06-29,21,HUBZone set-aside,2,True,3,True,9,True,8,True,9,False,,True,3,True,4,recent exact-NSN history,1,1,9450.0,,1575.0,2025-09-10,4.0,SPE4A625P0Q66P00001,8SKT8,SPE4A626T98G7.PDF p.6,1.1,7.0
SPE4A626T98H1,SPE4A6-26-T-98H1,SPE4A626T98H1.PDF,2026-06-22,2026-06-29,21,Total small business set-aside,2,True,3,True,9,True,8,False,,False,,True,2,True,4,recent exact-NSN history,1,1,87591.0,,834.2,2025-08-08,104.0,SPE4A625PYF70P00001,0REY5,SPE4A626T98H1.PDF p.6,1.1,20.0
SPE4A626T98H7,SPE4A6-26-T-98H7,SPE4A626T98H7.PDF,2026-06-22,2026-06-29,22,HUBZone set-aside,2,True,3,True,8,True,8,False,,False,,True,3,True,4,recent exact-NSN history,1,1,13300.0,,13300.0,2025-06-11,1.0,SPE4A625PV892P00001,02AV2,SPE4A626T98H7.PDF p.7,1.3,3.0
SPE4A626U2259,SPE4A6-26-U-2259,SPE4A626U2259.PDF,2026-02-26,2026-03-12,25,HUBZone set-aside,4,False,,True,10,True,9,False,,False,,False,,True,5,recent exact-NSN history,1,0,5192.0,,324.5,2022-02-24,28.0,SPE4A122P0900,2B195,SPE4A626U2259.PDF p.8,4.6,8.0
SPE4A626U2456,SPE4A6-26-U-2456,SPE4A626U2456.PDF,2026-03-26,2026-04-09,25,HUBZone set-aside,4,False,,True,9,True,9,True,10,False,,True,5,True,5,recent exact-NSN history,1,0,8896.16,,556.01,2025-10-24,16.0,SPE4A626P3602P00001,31068,SPE4A626U2456.PDF p.8,0.9,3.0
SPE4A626U2525,SPE4A6-26-U-2525,SPE4A626U2525.PDF,2026-04-09,2026-04-23,25,Total small business set-aside,4,False,,True,10,True,9,True,10,False,,True,4,True,5,recent exact-NSN history,1,0,4990.0,,998.0,2025-07-31,11.0,SPE4A625PF309P00001,3T8J4,SPE4A626U2525.PDF p.8,1.2,11.0
SPE4A626U2548,SPE4A6-26-U-2548,SPE4A626U2548.PDF,2026-04-09,2026-04-23,25,Total small business set-aside,4,False,,True,10,True,9,False,,False,,False,,True,5,history older than 5 years - compare with DLA management price,1,0,2998.0,,749.5,2017-10-16,23.0,SPE4A618P1004,3B8L1,SPE4A626U2548.PDF p.7,9.0,14.0
SPE4A626U2555,SPE4A6-26-U-2555,SPE4A626U2555.PDF,2026-04-09,2026-04-23,25,Total small business set-aside,4,False,,False,,True,9,False,,False,,False,,True,5,no procurement history in PDF - investigate DLA management price; line stays unpriced,1,0,,,,,,,,,,
SPE4A626U2578,SPE4A6-26-U-2578,SPE4A626U2578.PDF,2026-04-09,2026-04-23,25,Total small business set-aside,4,False,,True,9,True,9,False,,False,,True,4,True,5,recent exact-NSN history,1,0,14209.0,,3552.25,2025-09-10,2.0,SPE4A625P0N17,6ZSR8,SPE4A626U2578.PDF p.8,1.1,1.0
SPE4A626U2581,SPE4A6-26-U-2581,SPE4A626U2581.PDF,2026-04-09,2026-04-23,24,No set-aside clause found (check SF18 block),,False,,False,,True,9,False,,False,,False,,True,5,recent exact-NSN history,1,0,9737.72,,2434.43,2026-01-27,3.0,SPE4A626V7324P00001,646V6,SPE4A626U2581.PDF p.8,0.7,1.0
SPE4A626U2703,SPE4A6-26-U-2703,SPE4A626U2703.PDF,2026-04-13,2026-04-27,25,Total small business set-aside,4,False,,True,9,True,9,False,,False,,False,,True,5,recent exact-NSN history,1,0,6363.0,,303.0,2024-09-03,23.0,SPE4A624V459X,3R7N5,SPE4A626U2703.PDF p.7,2.1,17.0
SPE4A626U2739,SPE4A6-26-U-2739,SPE4A626U2739.PDF,2026-04-14,2026-04-28,25,Total small business set-aside,4,False,,True,9,True,9,True,10,False,,True,4,True,5,recent exact-NSN history,1,0,3048.0,,254.0,2024-05-06,5.0,SPE4A624PN592P00001,7CNH6,SPE4A626U2739.PDF p.8,2.4,6.0
SPE4A626U2795,SPE4A6-26-U-2795,SPE4A626U2795.PDF,2026-04-14,2026-04-28,25,No set-aside clause found (check SF18 block),,False,,True,10,True,9,False,,False,,False,,True,5,history older than 5 years - compare with DLA management price,1,0,4651.150000000001,,47.95,2020-05-18,316.0,SPE4A620PH873,3B3Z8,SPE4A626U2795.PDF p.8,6.4,2.0
SPE4A626U2817,SPE4A6-26-U-2817,SPE4A626U2817.PDF,2026-04-15,2026-04-29,25,HUBZone set-aside,4,False,,True,10,True,9,True,10,False,,True,5,True,5,recent exact-NSN history,1,0,3090.0,,3090.0,2025-01-28,1.0,SPE4A625V7763P00001,8BPE2,SPE4A626U2817.PDF p.8,1.7,6.0
SPE4A626U2838,SPE4A6-26-U-2838,SPE4A626U2838.PDF,2026-04-17,2026-05-01,25,Total small business set-aside,4,False,,True,9,True,9,True,10,False,,True,4,True,5,recent exact-NSN history,1,0,118490.0,,85.0,2022-12-12,5082.0,SPE4A623C0032P00004,3B8L1,SPE4A626U2838.PDF p.8,3.8,20.0
SPE4A626U2865,SPE4A6-26-U-2865,SPE4A626U2865.PDF,2026-04-21,2026-05-05,26,No set-aside clause found (check SF18 block),,False,,True,10,True,10,True,11,False,,True,5,True,6,recent exact-NSN history,1,0,5685.0,,379.0,2025-02-11,11.0,SPE4A625V8754,3T8J4,SPE4A626U2865.PDF p.8,1.6,20.0
SPE4A626U2873,SPE4A6-26-U-2873,SPE4A626U2873.PDF,2026-04-24,2026-05-08,27,Total small business set-aside,4,False,,True,9,True,9,True,10,False,,True,4,True,5,recent exact-NSN history,1,0,34612.5,,461.5,2023-07-05,41.0,SPE4A623F265EP00001,30842,SPE4A626U2873.PDF p.8,3.2,9.0
SPE4A626U2952,SPE4A6-26-U-2952,SPE4A626U2952.PDF,2026-04-30,2026-05-14,25,HUBZone set-aside,4,False,,True,10,True,9,True,10,False,,True,5,True,5,recent exact-NSN history,1,0,3396.15,,679.23,2025-01-14,9.0,SPE4A625V7024,012M4,SPE4A626U2952.PDF p.8,1.7,5.0
SPE4A626U2954,SPE4A6-26-U-2954,SPE4A626U2954.PDF,2026-04-30,2026-05-14,25,Total small business set-aside,4,False,,True,9,True,9,True,10,False,,True,4,True,5,recent exact-NSN history,1,0,12028.929999999998,,388.03,2025-04-24,28.0,SPE4A625F056KP00001,02AV2,SPE4A626U2954.PDF p.8,1.4,19.0
SPE4A626U3072,SPE4A6-26-U-3072,SPE4A626U3072.PDF,2026-05-19,2026-06-02,20,Total small business set-aside,4,False,,False,,False,,True,9,False,,False,,True,5,recent exact-NSN history,1,0,3295.7400000000002,,33.63,2023-01-18,142.0,SPE4A623V7134,54991,SPE4A626U3072.PDF p.8,3.7,10.0
SPE4A626U3099,SPE4A6-26-U-3099,SPE4A626U3099.PDF,2026-05-28,2026-06-11,23,Total small business set-aside,4,False,,True,9,True,9,True,10,False,,True,4,True,5,recent exact-NSN history,1,0,3094.7699999999995,,1031.59,2025-03-12,26.0,SPE4A525F6069P00001,0UWS0,SPE4A626U3099.PDF p.8,1.6,20.0
SPE4A626U3186,SPE4A6-26-U-3186,SPE4A626U3186.PDF,2026-06-09,2026-06-23,21,Total small business set-aside,4,False,,True,10,True,9,True,10,False,,True,4,True,5,recent exact-NSN history,1,0,33664.96,,4208.12,2025-07-31,12.0,SPE4A625PG407,8BPE2,SPE4A626U3186.PDF p.8,1.2,4.0
SPE4A626U3233,SPE4A6-26-U-3233,SPE4A626U3233.PDF,2026-06-18,2026-07-02,20,HUBZone set-aside; SDVOSB set-aside,4,False,,True,9,False,,True,9,False,,False,,True,5,recent exact-NSN history,1,0,23400.0,,650.0,2026-05-28,25.0,SPE4A626F131P,5PAL3,SPE4A626U3233.PDF p.8,0.3,20.0
SPE4A626U4199,SPE4A6-26-U-4199,SPE4A626U4199.PDF,2026-09-15,2026-09-29,22,HUBZone set-aside,4,False,,True,10,True,9,True,10,False,,True,5,True,5,recent exact-NSN history,1,0,3878.7000000000003,,554.1,2026-03-17,12.0,SPE4A626F7414,4VAS1,SPE4A626U4199.PDF p.8,0.5,6.0
SPE4A626U4203,SPE4A6-26-U-4203,SPE4A626U4203.PDF,2026-09-17,2026-10-01,21,HUBZone set-aside,4,False,,False,,False,,False,,False,,False,,True,5,recent exact-NSN history,1,0,118112.47,,849.73,2025-12-29,27.0,SPE4A626V5853,7NC52,SPE4A626U4203.PDF p.8,0.8,4.0
SPE4A627Q0006,SPE4A627Q0006,SPE4A627Q0006.PDF,2026-09-25,2026-09-27,25,Partial small business set-aside; HUBZone set-aside,12,False,,True,4,True,4,True,5,False,,False,,False,,no procurement history in PDF - investigate DLA management price; line stays unpriced,0,0,,no CLINs parsed,,,,,,,,
SPE4A726Q1089,SPE4A726Q1089,SPE4A726Q1089.PDF,2026-09-01,2026-09-10,19,Partial small business set-aside,12,False,,True,3,True,3,False,,False,,False,,False,,no procurement history in PDF - investigate DLA management price; line stays unpriced,0,0,,no CLINs parsed,,,,,,,,
SPE4A726T015N,SPE4A7-26-T-015N,SPE4A726T015N.PDF,2026-02-25,2026-03-04,23,HUBZone set-aside,2,False,,True,7,True,7,True,8,False,,True,3,True,3,history older than 5 years - compare with DLA management price,1,0,569.2,,284.6,2013-03-05,18.0,SPE4A713V0785,58918,SPE4A726T015N.PDF p.6,13.6,7.0
SPE4A726T021Z,SPE4A7-26-T-021Z,SPE4A726T021Z.PDF,2026-02-26,2026-03-05,25,HUBZone set-aside,2,True,3,True,8,False,,True,9,False,,True,3,True,4,recent exact-NSN history,1,1,7500.0,,2500.0,2025-09-16,35.0,SPE4A625F432RP00001,60118,SPE4A726T021Z.PDF p.7,1.0,17.0
SPE4A726T022V,SPE4A7-26-T-022V,SPE4A726T022V.PDF,2026-02-26,2026-03-05,22,Total small business set-aside,2,False,,True,6,True,6,False,,False,,True,2,True,3,no procurement history in PDF - investigate DLA management price; line stays unpriced,1,0,,,,,,,,,,
SPE4A726T026V,SPE4A7-26-T-026V,SPE4A726T026V.PDF,2026-02-27,2026-03-06,23,HUBZone set-aside,2,False,,False,,True,7,False,,False,,False,,True,3,no procurement history in PDF - investigate DLA management price; line stays unpriced,1,0,,,,,,,,,,
SPE4A726T029X,SPE4A7-26-T-029X,SPE4A726T029X.PDF,2026-02-27,2026-03-06,27,HUBZone set-aside,2,True,3,True,9,True,9,True,11,False,,True,3,True,5,history older than 5 years - compare with DLA management price,1,2,737.0999999999999,,245.7,2012-05-24,4.0,SPE4A612M1405,0SSP0,SPE4A726T029X.PDF p.8,14.4,7.0
SPE4A726T036X,SPE4A7-26-T-036X,SPE4A726T036X.PDF,2026-03-03,2026-03-10,25,HUBZone set-aside,2,True,3,True,9,True,8,True,9,False,,True,3,True,4,history older than 5 years - compare with DLA management price,1,1,1080.31,,6.71,1998-05-26,386.0,SP047598MNA97,55345,SPE4A726T036X.PDF p.7,28.3,1.0
SPE4A726T042J,SPE4A7-26-T-042J,SPE4A726T042J.PDF,2026-03-05,2026-03-12,27,Total small business set-aside,2,True,3,True,7,True,7,True,8,False,,True,2,True,3,history older than 5 years - compare with DLA management price,1,1,17626.0,,8813.0,2018-01-12,5.0,SPE4A618P6453P00002,67291,SPE4A726T042J.PDF p.6,8.7,2.0
SPE4A726T042L,SPE4A7-26-T-042L,SPE4A726T042L.PDF,2026-03-05,2026-03-12,25,Total small business set-aside,2,True,3,True,8,True,7,True,8,False,,True,2,True,3,recent exact-NSN history,1,1,18882.0,,1049.0,2025-05-27,23.0,SPE4A625PT679,02AV2,SPE4A726T042L.PDF p.6,1.3,7.0
SPE4A726T042N,SPE4A7-26-T-042N,SPE4A726T042N.PDF,2026-03-05,2026-03-12,26,HUBZone set-aside,2,True,3,True,9,True,8,True,9,False,,True,3,True,4,history older than 5 years - compare with DLA management price,1,1,2650.0,,530.0,2018-02-24,37.0,SPE4A618PA614,4EX55,SPE4A726T042N.PDF p.7,8.6,4.0
SPE4A726T043E,SPE4A7-26-T-043E,SPE4A726T043E.PDF,2026-03-05,2026-03-12,23,HUBZone set-aside,2,False,,True,7,True,7,False,,False,,False,,True,3,no procurement history in PDF - investigate DLA management price; line stays unpriced,1,0,,,,,,,,,,
SPE4A726T043F,SPE4A7-26-T-043F,SPE4A726T043F.PDF,2026-03-05,2026-03-12,26,HUBZone set-aside,2,False,,True,7,True,7,False,,False,,True,3,True,3,history older than 5 years - compare with DLA management price,1,0,11900.0,,700.0,2007-08-20,10.0,SPM4A607MB636,0XPA4,SPE4A726T043F.PDF p.6,19.1,2.0
SPE4A726T046D,SPE4A7-26-T-046D,SPE4A726T046D.PDF,2026-03-06,2026-03-13,24,HUBZone set-aside,2,False,,True,7,True,7,True,8,False,,True,3,True,3,recent exact-NSN history,1,0,2278.5,,325.5,2022-07-20,17.0,SPE4A422P0535P00001,6ZSR8,SPE4A726T046D.PDF p.6,4.2,3.0
SPE4A726T049U,SPE4A7-26-T-049U,SPE4A726T049U.PDF,2026-03-06,2026-03-13,23,HUBZone set-aside,2,False,,False,,True,7,False,,False,,False,,True,3,no procurement history in PDF - investigate DLA management price; line stays unpriced,1,0,,,,,,,,,,
SPE4A726T056R,SPE4A7-26-T-056R,SPE4A726T056R.PDF,2026-03-11,2026-03-18,29,No set-aside clause found (check SF18 block),,True,3,True,9,True,8,True,9,True,8,True,3,True,4,recent exact-NSN history,1,1,35700.0,,2100.0,2025-08-12,14.0,SPE4A625PYK23P00001,6ZSR8,SPE4A726T056R.PDF p.7,1.1,8.0
SPE4A726T061Q,SPE4A7-26-T-061Q,SPE4A726T061Q.PDF,2026-03-11,2026-03-18,25,HUBZone set-aside; SDVOSB set-aside,2,True,3,True,9,True,8,False,,False,,True,3,True,4,recent exact-NSN history,1,1,23434.5,,689.25,2025-06-24,15.0,SPE4A625PX451,6ZSR8,SPE4A726T061Q.PDF p.7,1.3,20.0
SPE4A726T062E,SPE4A7-26-T-062E,SPE4A726T062E.PDF,2026-03-11,2026-03-18,25,HUBZone set-aside,2,True,3,True,9,True,8,True,9,False,,True,3,True,4,recent exact-NSN history,1,1,3533.84,,441.73,2026-02-19,8.0,SPE4A626PG122,31068,SPE4A726T062E.PDF p.7,0.6,6.0
SPE4A726T066U,SPE4A7-26-T-066U,SPE4A726T066U.PDF,2026-03-11,2026-03-18,26,HUBZone set-aside,2,True,3,True,9,True,8,True,9,False,,True,3,True,4,recent exact-NSN history,1,1,8750.0,,1750.0,2025-12-10,1.0,SPE4A626P9233,8SKT8,SPE4A726T066U.PDF p.7,0.8,5.0
SPE4A726T069V,SPE4A7-26-T-069V,SPE4A726T069V.PDF,2026-03-11,2026-03-18,27,No set-aside clause found (check SF18 block),,True,3,True,8,True,8,True,9,False,,True,3,True,4,recent exact-NSN history,1,1,69000.0,,5750.0,2025-08-29,17.0,SPE4A625P0AZRP00001,3B8L1,SPE4A726T069V.PDF p.7,1.1,4.0
SPE4A726T070Y,SPE4A7-26-T-070Y,SPE4A726T070Y.PDF,2026-03-11,2026-03-18,23,HUBZone set-aside,2,False,,True,7,False,,True,8,False,,True,3,True,3,recent exact-NSN history,1,0,1776.35,,355.27,2025-06-06,7.0,SPE4A625PV518,55560,SPE4A726T070Y.PDF p.6,1.3,13.0
SPE4A726T073A,SPE4A7-26-T-073A,SPE4A726T073A.PDF,2026-03-11,2026-03-18,24,HUBZone set-aside,2,False,,True,8,True,7,True,8,False,,True,3,True,3,history older than 5 years - compare with DLA management price,1,0,6725.0,,269.0,2012-03-30,26.0,SPM4A612V5143,3T8J4,SPE4A726T073A.PDF p.6,14.5,2.0
SPE4A726T073M,SPE4A7-26-T-073M,SPE4A726T073M.PDF,2026-03-11,2026-03-18,25,HUBZone set-aside,2,True,3,False,,True,8,False,,False,,True,3,True,4,history older than 5 years - compare with DLA management price,1,1,600.0,,100.0,2020-02-21,10.0,SPE4A720P6395P00001,59157,SPE4A726T073M.PDF p.6,6.6,1.0
SPE4A726T075C,SPE4A7-26-T-075C,SPE4A726T075C.PDF,2026-03-11,2026-03-18,22,Total small business set-aside,2,False,,False,,True,6,True,7,False,,False,,True,3,no procurement history in PDF - investigate DLA management price; line stays unpriced,1,0,,,,,,,,,,
SPE4A726T075G,SPE4A7-26-T-075G,SPE4A726T075G.PDF,2026-03-11,2026-03-18,27,HUBZone set-aside,2,True,3,True,10,True,9,True,10,False,,True,3,True,4,history older than 5 years - compare with DLA management price,1,1,5720.0,,440.0,2020-12-16,8.0,SPE4A621F4269P00001,0XPA4,SPE4A726T075G.PDF p.7,5.8,14.0
SPE4A726T075M,SPE4A7-26-T-075M,SPE4A726T075M.PDF,2026-03-11,2026-03-18,24,Total small business set-aside,2,True,3,True,7,True,7,True,8,False,,True,2,True,4,no procurement history in PDF - investigate DLA management price; line stays unpriced,1,1,,,,,,,,,,
SPE4A726T084Z,SPE4A7-26-T-084Z,SPE4A726T084Z.PDF,2026-03-13,2026-03-20,24,HUBZone set-aside,2,False,,True,8,True,7,False,,False,,False,,True,3,history older than 5 years - compare with DLA management price,1,0,2248.5,,749.5,2017-10-16,23.0,SPE4A618P1004,3B8L1,SPE4A726T084Z.PDF p.6,9.0,14.0
SPE4A726T087Y,SPE4A7-26-T-087Y,SPE4A726T087Y.PDF,2026-03-13,2026-03-20,23,HUBZone set-aside,2,False,,False,,True,7,False,,False,,False,,True,3,recent exact-NSN history,1,0,14606.579999999998,,2434.43,2026-01-27,3.0,SPE4A626V7324P00001,646V6,SPE4A726T087Y.PDF p.6,0.7,1.0
SPE4A726T089Q,SPE4A7-26-T-089Q,SPE4A726T089Q.PDF,2026-03-13,2026-03-20,26,HUBZone set-aside,2,True,3,True,9,True,8,True,9,False,,True,3,True,4,recent exact-NSN history,1,1,6375.0,,2125.0,2025-10-15,4.0,SPE4A626P2211,6ZSR8,SPE4A726T089Q.PDF p.7,1.0,3.0
SPE4A726T091W,SPE4A7-26-T-091W,SPE4A726T091W.PDF,2026-03-16,2026-03-23,22,Total small business set-aside,2,False,,True,6,True,6,False,,False,,True,2,True,3,recent exact-NSN history,1,0,17730.0,,1970.0,2024-04-15,9.0,SPE4A524V1757,3T8J4,SPE4A726T091W.PDF p.5,2.5,1.0
SPE4A726T095U,SPE4A7-26-T-095U,SPE4A726T095U.PDF,2026-03-17,2026-03-24,28,HUBZone set-aside,2,True,3,True,7,True,7,True,8,False,,True,3,True,4,recent exact-NSN history,1,1,3600.0,,3600.0,2024-02-21,6.0,SPE4A624PF449P00001,1XC80,SPE4A726T095U.PDF p.6,2.6,1.0
SPE4A726T097C,SPE4A7-26-T-097C,SPE4A726T097C.PDF,2026-03-17,2026-03-24,25,HUBZone set-aside,2,True,3,True,9,True,8,True,9,False,,True,3,True,4,recent exact-NSN history,1,1,6312.0,,789.0,2023-01-31,9.0,SPE4A623PB817P00003,3R7N5,SPE4A726T097C.PDF p.7,3.7,9.0
SPE4A726T098J,SPE4A7-26-T-098J,SPE4A726T098J.PDF,2026-03-17,2026-03-24,26,Total small business set-aside,2,True,3,True,9,True,8,True,9,False,,True,2,True,4,recent exact-NSN history,1,1,5411.25,,146.25,2025-06-30,32.0,SPE4A625PY179P00001,7BUL6,SPE4A726T098J.PDF p.6,1.3,10.0
SPE4A726T103R,SPE4A7-26-T-103R,SPE4A726T103R.PDF,2026-03-18,2026-03-25,25,HUBZone set-aside,2,True,3,True,9,True,8,True,9,False,,True,3,True,4,recent exact-NSN history,1,1,6984.0,,3492.0,2026-03-10,2.0,SPE4A626PJ068,6ZSR8,SPE4A726T103R.PDF p.7,0.6,7.0
SPE4A726T111C,SPE4A7-26-T-111C,SPE4A726T111C.PDF,2026-03-18,2026-03-25,23,HUBZone set-aside,2,False,,True,7,False,,False,,False,,False,,True,3,no procurement history in PDF - investigate DLA management price; line stays unpriced,1,0,,,,,,,,,,
SPE4A726T111J,SPE4A7-26-T-111J,SPE4A726T111J.PDF,2026-03-18,2026-03-25,26,HUBZone set-aside,2,False,,True,7,True,7,True,8,False,,True,3,True,3,recent exact-NSN history,1,0,13383.5,,461.5,2023-07-05,41.0,SPE4A623F265EP00001,30842,SPE4A726T111J.PDF p.6,3.2,9.0
SPE4A726T111N,SPE4A7-26-T-111N,SPE4A726T111N.PDF,2026-03-18,2026-03-25,26,HUBZone set-aside,2,True,3,True,9,True,8,True,9,False,,True,3,True,4,recent exact-NSN history,1,1,4611.36,,768.56,2025-06-18,6.0,SPE4A625PN664P00001,012M4,SPE4A726T111N.PDF p.7,1.3,5.0
SPE4A726T111V,SPE4A7-26-T-111V,SPE4A726T111V.PDF,2026-03-18,2026-03-25,24,HUBZone set-aside,2,False,,True,8,True,7,True,8,False,,True,3,True,3,recent exact-NSN history,1,0,9218.25,,542.25,2025-10-20,34.0,SPE4A626P2804P00001,6ZSR8,SPE4A726T111V.PDF p.6,0.9,6.0
SPE4A726T113K,SPE4A7-26-T-113K,SPE4A726T113K.PDF,2026-03-19,2026-03-26,23,HUBZone set-aside,2,False,,True,7,True,7,True,8,False,,True,3,True,3,history older than 5 years - compare with DLA management price,1,0,304.2,,152.1,2016-11-03,140.0,SPE4A417V1075P00002,0X1H8,SPE4A726T113K.PDF p.6,9.9,9.0
SPE4A726T118B,SPE4A7-26-T-118B,SPE4A726T118B.PDF,2026-03-20,2026-03-27,23,HUBZone set-aside,2,False,,True,8,True,7,True,8,False,,True,3,True,3,recent exact-NSN history,1,0,72.0,,6.0,2025-09-17,6.0,SPE4A625P0Y52P00001,3T949,SPE4A726T118B.PDF p.6,1.0,20.0
SPE4A726T118L,SPE4A7-26-T-118L,SPE4A726T118L.PDF,2026-03-20,2026-03-27,24,HUBZone set-aside,2,False,,False,,False,,True,7,False,,True,3,True,3,recent exact-NSN history,2,0,636.16,,19.88,2024-09-18,198.0,SPE4A624V494X,61125,SPE4A726T118L.PDF p.6,2.0,20.0
SPE4A726T118U,SPE4A7-26-T-118U,SPE4A726T118U.PDF,2026-03-20,2026-03-27,23,HUBZone set-aside,2,False,,True,7,True,7,False,,False,,False,,True,3,history older than 5 years - compare with DLA management price,1,0,452.61999999999995,,8.54,2021-01-28,146.0,SPE4A721P4738P00001,01413,SPE4A726T118U.PDF p.6,5.7,6.0
SPE4A726T130V,SPE4A7-26-T-130V,SPE4A726T130V.PDF,2026-03-23,2026-03-30,23,HUBZone set-aside,2,False,,True,8,True,7,True,8,False,,True,3,True,3,no procurement history in PDF - investigate DLA management price; line stays unpriced,1,0,,,,,,,,,,
SPE4A726T136B,SPE4A7-26-T-136B,SPE4A726T136B.PDF,2026-03-24,2026-03-31,26,HUBZone set-aside,2,True,3,True,9,True,8,True,9,False,,True,3,True,4,history older than 5 years - compare with DLA management price,1,1,999.0,,999.0,2020-12-15,3.0,SPE4A621P6885,3T8J4,SPE4A726T136B.PDF p.7,5.8,7.0
SPE4A726T142K,SPE4A7-26-T-142K,SPE4A726T142K.PDF,2026-03-25,2026-04-01,25,Total small business set-aside,2,True,3,True,8,True,8,True,9,False,,True,2,True,4,recent exact-NSN history,1,1,19188.0,,9594.0,2022-10-18,3.0,SPE4AX23F0342P00003,88829,SPE4A726T142K.PDF p.6,4.0,3.0
SPE4A726T149S,SPE4A7-26-T-149S,SPE4A726T149S.PDF,2026-03-26,2026-04-02,22,HUBZone set-aside,2,False,,False,,False,,True,7,False,,False,,True,3,no procurement history in PDF - investigate DLA management price; line stays unpriced,1,0,,,,,,,,,,
SPE4A726T149Y,SPE4A7-26-T-149Y,SPE4A726T149Y.PDF,2026-03-26,2026-04-02,26,HUBZone set-aside,2,True,3,True,8,True,8,True,9,False,,True,3,True,4,recent exact-NSN history,1,1,3741.6,,249.44,2024-08-28,20.0,SPE4A624PV474P00002,02103,SPE4A726T149Y.PDF p.7,2.1,10.0
SPE4A726T149Z,SPE4A7-26-T-149Z,SPE4A726T149Z.PDF,2026-03-26,2026-04-02,23,HUBZone set-aside,2,False,,True,7,True,7,True,8,False,,True,3,True,3,recent exact-NSN history,1,0,1778.0,,254.0,2024-05-06,5.0,SPE4A624PN592P00001,7CNH6,SPE4A726T149Z.PDF p.6,2.4,6.0
SPE4A726T150C,SPE4A7-26-T-150C,SPE4A726T150C.PDF,2026-03-26,2026-04-02,24,HUBZone set-aside,2,False,,True,8,True,7,True,8,False,,True,3,True,3,recent exact-NSN history,1,0,3250.0,,650.0,2024-06-04,5.0,SPE4A624V229DP00002,5N063,SPE4A726T150C.PDF p.6,2.3,7.0
SPE4A726T150L,SPE4A7-26-T-150L,SPE4A726T150L.PDF,2026-03-26,2026-04-02,25,HUBZone set-aside,2,True,3,True,9,True,8,True,9,False,,True,3,True,4,recent exact-NSN history,1,1,6052.2,,172.92,2025-04-11,50.0,SPE4A625PN501P00001,012M4,SPE4A726T150L.PDF p.7,1.5,18.0
SPE4A726T159B,SPE4A7-26-T-159B,SPE4A726T159B.PDF,2026-03-26,2026-04-02,25,HUBZone set-aside,2,True,3,True,8,False,,True,9,False,,True,3,True,4,recent exact-NSN history,1,1,30000.0,,2500.0,2025-09-16,35.0,SPE4A625F432RP00001,60118,SPE4A726T159B.PDF p.7,1.0,17.0
SPE4A726T159H,SPE4A7-26-T-159H,SPE4A726T159H.PDF,2026-03-26,2026-04-02,25,HUBZone set-aside,2,True,3,True,8,True,8,True,9,False,,True,3,True,4,recent exact-NSN history,1,1,3672.1499999999996,,734.43,2026-01-23,11.0,SPE4A626PD301,2Y126,SPE4A726T159H.PDF p.7,0.7,18.0
SPE4A726T165K,SPE4A7-26-T-165K,SPE4A726T165K.PDF,2026-03-27,2026-04-03,25,HUBZone set-aside,2,True,3,True,9,True,8,True,9,False,,True,3,True,4,history older than 5 years - compare with DLA management price,1,1,1924.0,,481.0,2017-01-11,43.0,SPE4A617P4241P00001,82340,SPE4A726T165K.PDF p.6,9.7,3.0
SPE4A726T179T,SPE4A7-26-T-179T,SPE4A726T179T.PDF,2026-03-31,2026-04-07,23,HUBZone set-aside,2,False,,False,,True,7,True,8,False,,True,3,True,3,no procurement history in PDF - investigate DLA management price; line stays unpriced,1,0,,,,,,,,,,
SPE4A726T188B,SPE4A7-26-T-188B,SPE4A726T188B.PDF,2026-04-02,2026-04-09,27,No set-aside clause found (check SF18 block),,True,3,True,9,True,8,False,,False,,True,3,True,4,history older than 5 years - compare with DLA management price,1,1,23800.0,,1700.0,2021-04-28,81.0,SPE4A721P8703P00003,27456,SPE4A726T188B.PDF p.7,5.4,3.0
SPE4A726T192H,SPE4A7-26-T-192H,SPE4A726T192H.PDF,2026-04-03,2026-04-10,23,HUBZone set-aside,2,False,,True,7,True,7,True,8,False,,True,3,True,3,recent exact-NSN history,1,0,1751.04,,437.76,2026-01-15,4.0,SPE4A626PC231P00001,9XUD2,SPE4A726T192H.PDF p.6,0.7,1.0
SPE4A726T194P,SPE4A7-26-T-194P,SPE4A726T194P.PDF,2026-04-03,2026-04-10,23,HUBZone set-aside,2,False,,True,8,True,7,True,8,False,,True,3,True,3,history older than 5 years - compare with DLA management price,1,0,25398.0,,8466.0,2015-06-18,3.0,SPE4A615VG399P00001,25693,SPE4A726T194P.PDF p.6,11.3,3.0
SPE4A726T208W,SPE4A7-26-T-208W,SPE4A726T208W.PDF,2026-04-08,2026-04-15,23,HUBZone set-aside,2,False,,True,7,False,,True,8,False,,True,3,True,3,history older than 5 years - compare with DLA management price,1,0,0.35000000000000003,,0.01,1999-04-06,1.0,SP045197D4004F722,90142,SPE4A726T208W.PDF p.6,27.5,1.0
SPE4A726T210N,SPE4A7-26-T-210N,SPE4A726T210N.PDF,2026-04-08,2026-04-15,25,HUBZone set-aside; SDVOSB set-aside,2,True,3,True,9,True,8,True,9,False,,True,3,True,4,recent exact-NSN history,1,1,24000.0,,3000.0,2026-01-26,5.0,SPE4A626PD457,30463,SPE4A726T210N.PDF p.7,0.7,12.0
SPE4A726T212Q,SPE4A7-26-T-212Q,SPE4A726T212Q.PDF,2026-04-08,2026-04-15,25,HUBZone set-aside; SDVOSB set-aside,2,True,3,True,9,True,8,False,,False,,True,3,True,4,recent exact-NSN history,1,1,49820.0,,188.0,2025-11-12,197.0,SPE4A626P5733P00001,5S5W0,SPE4A726T212Q.PDF p.6,0.9,20.0
SPE4A726T214U,SPE4A7-26-T-214U,SPE4A726T214U.PDF,2026-04-08,2026-04-15,25,HUBZone set-aside,2,True,3,True,8,True,8,False,,False,,True,3,True,4,recent exact-NSN history,1,1,6319.0,,6319.0,2025-12-02,2.0,SPE4A626P8084P00001,29056,SPE4A726T214U.PDF p.7,0.8,2.0
SPE4A726T218K,SPE4A7-26-T-218K,SPE4A726T218K.PDF,2026-04-08,2026-04-15,24,Total small business set-aside,2,True,3,True,8,True,7,True,8,False,,True,2,True,3,history older than 5 years - compare with DLA management price,1,1,21876.0,,5469.0,1979-09-24,2.0,F0460679G0044QP01,94756,SPE4A726T218K.PDF p.6,47.0,1.0
SPE4A726T221C,SPE4A7-26-T-221C,SPE4A726T221C.PDF,2026-04-08,2026-04-15,24,HUBZone set-aside,2,False,,True,8,True,7,True,8,False,,True,3,True,3,history older than 5 years - compare with DLA management price,1,0,10696.06,,5348.03,2017-07-21,25.0,SPRPA117GC101Z69U,78286,SPE4A726T221C.PDF p.6,9.2,4.0
SPE4A726T227K,SPE4A7-26-T-227K,SPE4A726T227K.PDF,2026-04-10,2026-04-17,23,HUBZone set-aside,2,False,,False,,False,,True,7,False,,True,3,True,3,history older than 5 years - compare with DLA management price,1,0,1310.0,,131.0,2013-10-08,55.0,SPE4A614M0529,1T9K5,SPE4A726T227K.PDF p.6,13.0,3.0
SPE4A726T227Q,SPE4A7-26-T-227Q,SPE4A726T227Q.PDF,2026-04-10,2026-04-17,25,HUBZone set-aside; SDVOSB set-aside,2,True,3,True,9,True,8,True,9,False,,True,3,True,4,history older than 5 years - compare with DLA management price,1,1,16742.7,,429.3,2019-03-19,48.0,SPE4A619PB988P00001,3B8L1,SPE4A726T227Q.PDF p.6,7.5,5.0
SPE4A726T228D,SPE4A7-26-T-228D,SPE4A726T228D.PDF,2026-04-10,2026-04-17,25,HUBZone set-aside,2,True,3,True,8,True,8,True,9,False,,True,3,True,4,recent exact-NSN history,1,1,3600.0,,3600.0,2025-03-05,2.0,SPE4A625PH765P00002,8SKT8,SPE4A726T228D.PDF p.7,1.6,1.0
SPE4A726T237Q,SPE4A7-26-T-237Q,SPE4A726T237Q.PDF,2026-04-10,2026-04-17,23,HUBZone set-aside,2,False,,True,8,True,7,True,8,False,,True,3,True,3,recent exact-NSN history,1,0,6440.0,,1610.0,2024-05-28,5.0,SPE4A624V219Q,29056,SPE4A726T237Q.PDF p.6,2.3,9.0
SPE4A726T241Q,SPE4A7-26-T-241Q,SPE4A726T241Q.PDF,2026-04-13,2026-04-20,23,HUBZone set-aside,2,False,,False,,True,7,True,8,False,,True,3,True,3,no procurement history in PDF - investigate DLA management price; line stays unpriced,1,0,,,,,,,,,,
SPE4A726T244U,SPE4A7-26-T-244U,SPE4A726T244U.PDF,2026-04-14,2026-04-21,25,Total small business set-aside,2,True,3,True,8,True,8,True,9,False,,True,2,True,4,history older than 5 years - compare with DLA management price,1,1,17150.0,,175.0,2018-09-06,117.0,SPE4A618PP809P00003,634U1,SPE4A726T244U.PDF p.7,8.1,10.0
SPE4A726T245U,SPE4A7-26-T-245U,SPE4A726T245U.PDF,2026-04-15,2026-04-22,26,HUBZone set-aside,2,True,3,True,8,True,8,True,9,False,,True,3,True,4,recent exact-NSN history,1,1,11988.0,,5994.0,2026-03-09,1.0,SPE4A626PH975,29056,SPE4A726T245U.PDF p.7,0.6,4.0
SPE4A726T252W,SPE4A7-26-T-252W,SPE4A726T252W.PDF,2026-04-15,2026-04-22,27,HUBZone set-aside,2,True,3,True,9,True,9,True,10,False,,True,3,True,4,recent exact-NSN history,1,1,3672.0,,244.8,2022-03-16,10.0,SPE4A622F9471,0XPA4,SPE4A726T252W.PDF p.7,4.5,12.0
SPE4A726T253Y,SPE4A7-26-T-253Y,SPE4A726T253Y.PDF,2026-04-15,2026-04-22,26,Total small business set-aside,2,True,3,True,9,True,8,True,9,False,,True,2,True,4,recent exact-NSN history,1,1,15160.0,,1895.0,2025-09-11,6.0,SPE4A625P0R98,6ZSR8,SPE4A726T253Y.PDF p.7,1.1,6.0
SPE4A726T257B,SPE4A7-26-T-257B,SPE4A726T257B.PDF,2026-04-15,2026-04-22,23,HUBZone set-aside,2,False,,False,,True,7,False,,False,,False,,True,3,no procurement history in PDF - investigate DLA management price; line stays unpriced,1,0,,,,,,,,,,
SPE4A726T262A,SPE4A7-26-T-262A,SPE4A726T262A.PDF,2026-04-17,2026-04-24,27,Total small business set-aside,2,True,3,True,8,True,8,True,10,True,9,True,2,True,4,history older than 5 years - compare with DLA management price,1,1,27215.79,,1295.99,2020-01-23,15.0,SPE7L520P0408,6ZSR8,SPE4A726T262A.PDF p.6,6.7,6.0
SPE4A726T262W,SPE4A7-26-T-262W,SPE4A726T262W.PDF,2026-04-17,2026-04-24,23,HUBZone set-aside,2,False,,True,7,True,7,True,8,False,,True,3,True,3,no procurement history in PDF - investigate DLA management price; line stays unpriced,1,0,,,,,,,,,,
SPE4A726T272S,SPE4A7-26-T-272S,SPE4A726T272S.PDF,2026-04-21,2026-04-28,23,HUBZone set-aside,2,False,,True,7,True,7,True,8,False,,True,3,True,3,no procurement history in PDF - investigate DLA management price; line stays unpriced,1,0,,,,,,,,,,
SPE4A726T301F,SPE4A7-26-T-301F,SPE4A726T301F.PDF,2026-04-29,2026-05-06,25,HUBZone set-aside,2,True,3,True,9,True,8,True,9,False,,True,3,True,4,recent exact-NSN history,1,1,1954.88,,488.72,2024-11-19,14.0,SPE4A725P2220P00002,4EZD2,SPE4A726T301F.PDF p.6,1.9,4.0
SPE4A726T330Q,SPE4A7-26-T-330Q,SPE4A726T330Q.PDF,2026-05-11,2026-05-18,25,HUBZone set-aside,2,True,3,True,8,True,8,True,9,False,,True,3,True,4,recent exact-NSN history,1,1,323.32,,323.32,2025-02-26,23.0,SPE4A725F3837P00003,0PXV4,SPE4A726T330Q.PDF p.7,1.6,2.0
SPE4A726T359J,SPE4A7-26-T-359J,SPE4A726T359J.PDF,2026-05-15,2026-05-22,21,HUBZone set-aside,2,True,3,True,8,True,8,False,,False,,True,3,True,4,recent exact-NSN history,1,1,2630.1499999999996,,526.03,2025-08-21,5.0,SPE4A725PE355P00001,7L6Q3,SPE4A726T359J.PDF p.7,1.1,9.0
SPE4A726T395J,SPE4A7-26-T-395J,SPE4A726T395J.PDF,2026-05-21,2026-05-28,22,HUBZone set-aside,2,True,3,True,9,True,8,True,9,False,,True,3,True,4,history older than 5 years - compare with DLA management price,1,1,6490.0,,1298.0,2010-09-01,6.0,SPM4A610MAU31,24581,SPE4A726T395J.PDF p.7,16.1,7.0
SPE4A726T398N,SPE4A7-26-T-398N,SPE4A726T398N.PDF,2026-05-21,2026-05-28,21,HUBZone set-aside,2,True,3,True,8,True,8,True,9,False,,True,3,True,4,recent exact-NSN history,1,1,1191.95,,1191.95,2026-01-12,4.0,SPE4A726P5166,3CHR2,SPE4A726T398N.PDF p.7,0.7,14.0
SPE4A726T438E,SPE4A7-26-T-438E,SPE4A726T438E.PDF,2026-06-02,2026-06-09,23,HUBZone set-aside,2,True,3,True,10,True,9,True,10,False,,True,3,True,5,history older than 5 years - compare with DLA management price,1,2,502.59000000000003,,15.23,2016-10-06,273.0,SPE4A717P0104P00001,9J595,SPE4A726T438E.PDF p.8,10.0,2.0
SPE4A726T457Q,SPE4A7-26-T-457Q,SPE4A726T457Q.PDF,2026-06-05,2026-06-12,21,HUBZone set-aside,2,True,3,True,9,True,8,True,9,False,,True,3,True,4,recent exact-NSN history,1,1,2640.0,,33.0,2025-12-02,64.0,SPE4A726P3415P00001,34CZ9,SPE4A726T457Q.PDF p.7,0.8,20.0
SPE4A726T463X,SPE4A7-26-T-463X,SPE4A726T463X.PDF,2026-06-08,2026-06-15,19,HUBZone set-aside,2,False,,False,,True,7,True,8,False,,True,3,True,3,no procurement history in PDF - investigate DLA management price; line stays unpriced,1,0,,,,,,,,,,
SPE4A726T565Q,SPE4A7-26-T-565Q,SPE4A726T565Q.PDF,2026-07-13,2026-07-20,21,HUBZone set-aside,2,True,3,True,8,True,8,False,,False,,True,3,True,4,history older than 5 years - compare with DLA management price,1,1,1584.0,,792.0,2019-04-15,9.0,SPE4A619PD594,28210,SPE4A726T565Q.PDF p.7,7.5,6.0
SPE4A726T618M,SPE4A7-26-T-618M,SPE4A726T618M.PDF,2026-08-06,2026-08-13,21,HUBZone set-aside,2,True,3,True,9,True,8,True,9,False,,True,3,True,4,history older than 5 years - compare with DLA management price,1,1,1480.0,,46.25,2014-02-10,937.0,SPE4A714M5637P00001,65789,SPE4A726T618M.PDF p.7,12.6,3.0
SPE4A726T620R,SPE4A7-26-T-620R,SPE4A726T620R.PDF,2026-08-06,2026-08-13,20,HUBZone set-aside,2,False,,True,7,True,7,True,8,False,,True,3,True,3,history older than 5 years - compare with DLA management price,1,0,1489.6000000000001,,74.48,2017-04-05,79.0,SPE4A717P8004,98313,SPE4A726T620R.PDF p.6,9.5,10.0
SPE4A726T625E,SPE4A7-26-T-625E,SPE4A726T625E.PDF,2026-08-06,2026-08-13,26,HUBZone set-aside,2,False,,True,8,False,,True,8,False,,True,3,True,3,no procurement history in PDF - investigate DLA management price; line stays unpriced,1,0,,,,,,,,,,
SPE4A726T632Q,SPE4A7-26-T-632Q,SPE4A726T632Q.PDF,2026-08-10,2026-08-17,19,HUBZone set-aside,2,False,,False,,True,7,True,8,False,,True,3,True,3,no procurement history in PDF - investigate DLA management price; line stays unpriced,1,0,,,,,,,,,,
SPE4A726T633L,SPE4A7-26-T-633L,SPE4A726T633L.PDF,2026-08-10,2026-08-17,21,HUBZone set-aside,2,True,3,True,9,True,8,True,9,False,,True,3,True,4,recent exact-NSN history,1,1,3387.12,,25.66,2025-12-02,485.0,SPE4A726P3260,34623,SPE4A726T633L.PDF p.7,0.8,20.0
SPE4A726T634Z,SPE4A7-26-T-634Z,SPE4A726T634Z.PDF,2026-08-10,2026-08-17,22,HUBZone set-aside,2,True,3,True,8,True,8,True,9,False,,True,3,True,4,history older than 5 years - compare with DLA management price,1,1,6985.0,,635.0,1981-06-06,12.0,F0960380G1410SA1700,11960,SPE4A726T634Z.PDF p.7,45.3,1.0
SPE4A726T646D,SPE4A7-26-T-646D,SPE4A726T646D.PDF,2026-08-13,2026-08-20,23,HUBZone set-aside,2,True,3,True,9,True,8,True,9,False,,True,3,True,4,recent exact-NSN history,1,1,12000.0,,1000.0,2024-10-21,15.0,SPE4A725P0961P00003,9D1B0,SPE4A726T646D.PDF p.6,1.9,6.0
SPE4A726T649L,SPE4A7-26-T-649L,SPE4A726T649L.PDF,2026-08-13,2026-08-20,19,HUBZone set-aside,2,False,,True,7,True,7,False,,False,,False,,True,3,recent exact-NSN history,1,0,850.0,,850.0,2026-05-26,2.0,SPE4A726V3678,3BTS1,SPE4A726T649L.PDF p.6,0.3,9.0
SPE4A726T649S,SPE4A7-26-T-649S,SPE4A726T649S.PDF,2026-08-13,2026-08-20,20,HUBZone set-aside,2,False,,True,7,True,7,False,,False,,False,,True,3,no procurement history in PDF - investigate DLA management price; line stays unpriced,1,0,,,,,,,,,,
SPE4A726T656H,SPE4A7-26-T-656H,SPE4A726T656H.PDF,2026-08-17,2026-08-24,21,HUBZone set-aside,2,True,3,True,9,True,8,True,9,False,,True,3,True,4,no procurement history in PDF - investigate DLA management price; line stays unpriced,1,1,,,,,,,,,,
SPE4A726T662G,SPE4A7-26-T-662G,SPE4A726T662G.PDF,2026-08-17,2026-08-24,19,HUBZone set-aside,2,False,,True,7,True,7,True,8,False,,True,3,True,3,recent exact-NSN history,1,0,4808.8,,120.22,2025-12-29,55.0,SPE4A426V0005P00001,4U6M9,SPE4A726T662G.PDF p.6,0.8,9.0
SPE4A726T680J,SPE4A7-26-T-680J,SPE4A726T680J.PDF,2026-08-20,2026-08-27,21,HUBZone set-aside,2,True,3,True,8,True,8,True,9,False,,True,3,True,4,recent exact-NSN history,1,1,5060.0,,1265.0,2025-11-26,4.0,SPE4A726P3116,2Y126,SPE4A726T680J.PDF p.7,0.8,5.0
SPE4A726T684E,SPE4A7-26-T-684E,SPE4A726T684E.PDF,2026-08-21,2026-08-28,20,HUBZone set-aside,2,False,,True,8,True,7,True,8,False,,True,3,True,3,recent exact-NSN history,1,0,6394.95,,78.95,2026-03-10,15.0,SPE4A726V2655,9J595,SPE4A726T684E.PDF p.6,0.6,20.0
SPE4A726T690R,SPE4A7-26-T-690R,SPE4A726T690R.PDF,2026-08-26,2026-09-02,21,HUBZone set-aside,2,True,3,True,9,True,8,True,9,False,,True,3,True,4,history older than 5 years - compare with DLA management price,1,1,2266.25,,46.25,2014-02-10,937.0,SPE4A714M5637P00001,65789,SPE4A726T690R.PDF p.7,12.6,3.0
SPE4A726T701D,SPE4A7-26-T-701D,SPE4A726T701D.PDF,2026-08-28,2026-09-04,21,Total small business set-aside,2,True,3,True,9,True,8,True,9,False,,True,2,True,4,recent exact-NSN history,1,1,89533.05,,1755.55,2026-06-16,31.0,SPE4AX26F199ZP00001,30842,SPE4A726T701D.PDF p.6,0.3,20.0
SPE4A726T702H,SPE4A7-26-T-702H,SPE4A726T702H.PDF,2026-08-28,2026-09-04,19,HUBZone set-aside,2,False,,False,,True,7,True,8,False,,True,3,True,3,history older than 5 years - compare with DLA management price,1,0,2700.0,,150.0,2010-03-31,1.0,SPM4A610MH081,55345,SPE4A726T702H.PDF p.6,16.5,2.0
SPE4A726T703R,SPE4A7-26-T-703R,SPE4A726T703R.PDF,2026-08-31,2026-09-08,20,HUBZone set-aside,2,False,,True,7,True,7,True,8,False,,True,3,True,3,recent exact-NSN history,1,0,4270.35,,51.45,2024-02-27,13.0,SPE4A724P7709,50888,SPE4A726T703R.PDF p.6,2.6,9.0
SPE4A726T706Y,SPE4A7-26-T-706Y,SPE4A726T706Y.PDF,2026-09-01,2026-09-08,21,HUBZone set-aside,2,True,3,True,8,True,8,True,9,False,,True,3,True,4,history older than 5 years - compare with DLA management price,1,1,6823.0,,136.46,2019-03-18,116.0,SPE4A219F1113,38597,SPE4A726T706Y.PDF p.7,7.5,12.0
SPE4A726T721D,SPE4A7-26-T-721D,SPE4A726T721D.PDF,2026-09-09,2026-09-16,21,HUBZone set-aside,2,True,3,True,8,True,8,True,9,False,,True,3,True,4,history older than 5 years - compare with DLA management price,1,1,107309.09000000001,,15329.87,2021-07-28,4.0,SPE4A721PB959P00003,0JGJ8,SPE4A726T721D.PDF p.7,5.2,6.0
SPE4A726T722Q,SPE4A7-26-T-722Q,SPE4A726T722Q.PDF,2026-09-10,2026-09-17,21,Total small business set-aside,2,False,,True,7,True,7,True,8,False,,True,2,True,3,recent exact-NSN history,1,0,56879.06,,75.94,2026-07-02,167.0,SPE4A726F8532P00001,32821,SPE4A726T722Q.PDF p.6,0.2,20.0
SPE4A726T729Z,SPE4A7-26-T-729Z,SPE4A726T729Z.PDF,2026-09-10,2026-09-17,19,HUBZone set-aside,2,False,,True,8,True,7,True,8,False,,True,3,True,3,recent exact-NSN history,1,0,17058.510000000002,,1895.39,2026-01-15,6.0,SPE4A726V1901P00001,65534,SPE4A726T729Z.PDF p.6,0.7,13.0
SPE4A726T743E,SPE4A7-26-T-743E,SPE4A726T743E.PDF,2026-09-16,2026-09-23,19,HUBZone set-aside,2,False,,False,,False,,True,7,False,,True,3,True,3,recent exact-NSN history,1,0,4500.0,,2250.0,2026-03-10,4.0,SPE4A726P7684,646V6,SPE4A726T743E.PDF p.6,0.6,6.0
SPE4A726T755K,SPE4A7-26-T-755K,SPE4A726T755K.PDF,2026-09-18,2026-09-25,19,HUBZone set-aside,2,False,,True,8,True,7,False,,False,,False,,True,3,history older than 5 years - compare with DLA management price,1,0,1861.7199999999998,,8.54,2021-01-28,146.0,SPE4A721P4738P00001,01413,SPE4A726T755K.PDF p.6,5.7,6.0
SPE4A726T781U,SPE4A7-26-T-781U,SPE4A726T781U.PDF,2026-09-23,2026-09-30,21,HUBZone set-aside,2,True,3,True,9,True,8,True,9,False,,False,,True,4,recent exact-NSN history,1,1,4900.0,,2450.0,2026-02-12,6.0,SPE4A726P6810P00001,8SKT8,SPE4A726T781U.PDF p.6,0.6,5.0
SPE4A726T785J,SPE4A7-26-T-785J,SPE4A726T785J.PDF,2026-09-23,2026-09-30,22,HUBZone set-aside,2,True,3,True,8,True,8,True,9,True,9,True,3,True,4,recent exact-NSN history,1,1,5400.0,,600.0,2025-05-16,19.0,SPE4A725F5893,1HC54,SPE4A726T785J.PDF p.7,1.4,10.0
SPE4A726T789B,SPE4A7-26-T-789B,SPE4A726T789B.PDF,2026-09-24,2026-10-01,22,HUBZone set-aside,2,True,3,True,9,True,8,True,9,False,,True,3,True,4,history older than 5 years - compare with DLA management price,1,1,3564.0,,297.0,2018-09-10,34.0,SPE4A718PE947P00003,3H683,SPE4A726T789B.PDF p.7,8.1,14.0
SPE4A726T793H,SPE4A7-26-T-793H,SPE4A726T793H.PDF,2026-09-25,2026-10-02,19,HUBZone set-aside,2,False,,True,7,True,7,False,,False,,True,3,True,3,no procurement history in PDF - investigate DLA management price; line stays unpriced,1,0,,,,,,,,,,
SPE4A726T795C,SPE4A7-26-T-795C,SPE4A726T795C.PDF,2026-09-25,2026-10-02,19,HUBZone set-aside,2,False,,True,7,True,7,True,8,False,,True,3,True,3,recent exact-NSN history,1,0,576.8100000000001,,3.77,2025-09-24,186.0,SPE4A625P1AU0,0C2D2,SPE4A726T795C.PDF p.6,1.0,13.0
SPE4A726T798Z,SPE4A7-26-T-798Z,SPE4A726T798Z.PDF,2026-09-29,2026-10-06,19,HUBZone set-aside,2,False,,True,8,True,7,True,8,False,,True,3,True,3,recent exact-NSN history,1,0,3261.5,,296.5,2026-05-14,20.0,SPE4A726PB027,05SC4,SPE4A726T798Z.PDF p.6,0.4,4.0
SPE4A726T799B,SPE4A7-26-T-799B,SPE4A726T799B.PDF,2026-09-29,2026-10-06,26,Total small business set-aside,2,False,,True,7,True,7,True,8,True,7,True,2,True,3,recent exact-NSN history,1,0,55869.600000000006,,9311.6,2026-06-25,1.0,SPE4A726PC886,34623,SPE4A726T799B.PDF p.5,0.3,6.0
SPE4A726T8352,SPE4A7-26-T-8352,SPE4A726T8352.PDF,2026-01-26,2026-02-02,30,No set-aside clause found (check SF18 block),,True,3,True,8,True,8,True,9,False,,True,3,True,4,recent exact-NSN history,1,1,17600.0,,2200.0,2025-09-11,10.0,SPE4A725PF230P00001,8WBD2,SPE4A726T8352.PDF p.7,1.1,5.0
SPE4A726T9206,SPE4A7-26-T-9206,SPE4A726T9206.PDF,2026-02-13,2026-02-20,30,HUBZone set-aside,2,True,3,True,9,True,8,True,9,False,,True,3,True,4,history older than 5 years - compare with DLA management price,1,1,2312.0,,578.0,1993-11-08,14.0,F3460194M0174,94580,SPE4A726T9206.PDF p.7,32.9,1.0
SPE4A726T9463,SPE4A7-26-T-9463,SPE4A726T9463.PDF,2026-02-18,2026-02-25,29,Total small business set-aside,2,True,3,True,9,True,8,True,10,False,,True,2,True,3,recent exact-NSN history,1,1,58800.0,,3675.0,2024-12-02,4.0,SPE4A725P2794P00001,7BUL6,SPE4A726T9463.PDF p.6,1.8,17.0
SPE4A726T9492,SPE4A7-26-T-9492,SPE4A726T9492.PDF,2026-02-19,2026-02-26,29,HUBZone set-aside,2,True,3,False,,True,8,True,9,False,,True,3,True,4,no procurement history in PDF - investigate DLA management price; line stays unpriced,1,1,,,,,,,,,,
SPE4A726U0018,SPE4A7-26-U-0018,SPE4A726U0018.PDF,2026-06-09,2026-06-23,21,HUBZone set-aside,4,False,,True,9,True,9,True,10,False,,True,5,True,5,recent exact-NSN history,1,0,360.65999999999997,,120.22,2025-12-29,55.0,SPE4A426V0005,4U6M9,SPE4A726U0018.PDF p.8,0.8,9.0
SPE4AC26T0081,SPE4AC-26-T-0081,SPE4AC26T0081.PDF,2026-08-17,2026-08-24,26,HUBZone set-aside,2,False,,True,8,False,,True,8,False,,True,3,True,3,no procurement history in PDF - investigate DLA management price; line stays unpriced,1,0,,,,,,,,,,
SPE4AN26T0062,SPE4AN-26-T-0062,SPE4AN26T0062.PDF,2026-05-20,2026-05-27,19,HUBZone set-aside,2,False,,False,,True,8,True,8,False,,True,3,True,3,history older than 5 years - compare with DLA management price,1,0,12.06,,6.03,1991-01-18,34.0,DLA40091AB7090166,2P655,SPE4AN26T0062.PDF p.6,35.7,1.0
SPE4AN26T0077,SPE4AN-26-T-0077,SPE4AN26T0077.PDF,2026-08-14,2026-08-21,19,HUBZone set-aside,2,False,,True,8,True,7,False,,False,,False,,True,3,recent exact-NSN history,1,0,11340.0,,5670.0,2024-12-10,1.0,SPE4A625P8721,51283,SPE4AN26T0077.PDF p.6,1.8,3.0
SPE7L026T0300,SPE7L0-26-T-0300,SPE7L026T0300.PDF,2026-05-14,2026-05-26,24,HUBZone set-aside,2,False,,True,8,True,7,False,,True,8,True,3,True,3,no procurement history in PDF - investigate DLA management price; line stays unpriced,1,0,,,,,,,,,,
SPE7L026T0301,SPE7L0-26-T-0301,SPE7L026T0301.PDF,2026-05-14,2026-05-26,24,HUBZone set-aside,2,False,,True,8,True,7,False,,True,8,True,3,True,3,no procurement history in PDF - investigate DLA management price; line stays unpriced,1,0,,,,,,,,,,
SPE7L026T0306,SPE7L0-26-T-0306,SPE7L026T0306.PDF,2026-05-18,2026-05-28,20,HUBZone set-aside,2,False,,True,7,True,7,False,,True,8,True,3,True,3,no procurement history in PDF - investigate DLA management price; line stays unpriced,1,0,,,,,,,,,,
SPE7L026T0460,SPE7L0-26-T-0460,SPE7L026T0460.PDF,2026-09-16,2026-09-28,19,HUBZone set-aside,2,False,,False,,True,7,False,,True,8,False,,True,3,no procurement history in PDF - investigate DLA management price; line stays unpriced,1,0,,,,,,,,,,
SPE7L126Q1445,SPE7L126Q1445,SPE7L126Q1445.PDF,2026-08-05,2026-08-17,6,HUBZone set-aside,6,False,,True,2,True,2,False,,False,,False,,False,,no procurement history in PDF - investigate DLA management price; line stays unpriced,0,0,,no CLINs parsed,,,,,,,,
SPE7L126Q1464,SPE7L126Q1464,SPE7L126Q1464.PDF,2026-08-05,2026-08-19,18,Partial small business set-aside; HUBZone set-aside,8,False,,False,,False,,False,,True,4,False,,False,,no procurement history in PDF - investigate DLA management price; line stays unpriced,0,0,,no CLINs parsed,,,,,,,,
SPE7L126T01A7,SPE7L1-26-T-01A7,SPE7L126T01A7.PDF,2026-08-21,2026-08-31,19,HUBZone set-aside,2,False,,True,7,True,7,False,,True,8,False,,True,3,recent exact-NSN history,1,0,2430.0,,90.0,2022-01-27,72.0,SPE7L122V4169,5M721,SPE7L126T01A7.PDF p.6,4.7,9.0
SPE7L126T02F1,SPE7L1-26-T-02F1,SPE7L126T02F1.PDF,2026-08-26,2026-09-08,22,HUBZone set-aside,2,False,,True,7,False,,True,7,True,7,True,3,True,3,recent exact-NSN history,1,0,8500.0,,850.0,2026-01-15,1.0,SPE7L026V0693,61125,SPE7L126T02F1.PDF p.6,0.7,8.0
SPE7L126T03V1,SPE7L1-26-T-03V1,SPE7L126T03V1.PDF,2026-08-27,2026-09-08,18,HUBZone set-aside,2,False,,False,,False,,False,,False,,False,,True,3,history older than 5 years - compare with DLA management price,1,0,3572.0,,893.0,2015-04-15,7.0,SPE7L315V7426,T7652,SPE7L126T03V1.PDF p.6,11.5,4.0
SPE7L126T04N1,SPE7L1-26-T-04N1,SPE7L126T04N1.PDF,2026-08-28,2026-09-08,19,HUBZone set-aside,2,False,,True,8,True,7,True,8,True,7,False,,True,3,no procurement history in PDF - investigate DLA management price; line stays unpriced,1,0,,,,,,,,,,
SPE7L126T05K5,SPE7L1-26-T-05K5,SPE7L126T05K5.PDF,2026-09-01,2026-09-11,19,HUBZone set-aside,2,False,,True,7,False,,True,8,True,7,True,3,True,3,recent exact-NSN history,1,0,4291.49,,42.49,2025-07-29,98.0,SPE7L025V1931,0DEE1,SPE7L126T05K5.PDF p.6,1.2,7.0
SPE7L126T05M7,SPE7L1-26-T-05M7,SPE7L126T05M7.PDF,2026-09-01,2026-09-11,20,HUBZone set-aside,2,False,,True,7,True,7,True,8,True,8,False,,True,3,recent exact-NSN history,1,0,340.0,,68.0,2025-03-17,8.0,SPE7L325V3676P00001,0H2H1,SPE7L126T05M7.PDF p.6,1.5,3.0
SPE7L126T05Z7,SPE7L1-26-T-05Z7,SPE7L126T05Z7.PDF,2026-09-02,2026-09-14,19,HUBZone set-aside,2,False,,False,,True,7,False,,False,,False,,True,3,no procurement history in PDF - investigate DLA management price; line stays unpriced,1,0,,,,,,,,,,
SPE7L126T06B2,SPE7L1-26-T-06B2,SPE7L126T06B2.PDF,2026-09-02,2026-09-14,19,HUBZone set-aside,2,False,,False,,False,,False,,True,7,False,,True,3,no procurement history in PDF - investigate DLA management price; line stays unpriced,1,0,,,,,,,,,,
SPE7L126T07A2,SPE7L1-26-T-07A2,SPE7L126T07A2.PDF,2026-09-04,2026-09-14,19,HUBZone set-aside,2,False,,True,7,False,,True,7,True,7,False,,True,3,no procurement history in PDF - investigate DLA management price; line stays unpriced,1,0,,,,,,,,,,
SPE7L126T08W2,SPE7L1-26-T-08W2,SPE7L126T08W2.PDF,2026-09-10,2026-09-21,21,Total small business set-aside,2,True,3,True,9,True,8,True,9,False,,True,2,True,4,recent exact-NSN history,1,1,18850.0,,725.0,2024-11-14,26.0,SPE7L325P0952P00002,6ZSR8,SPE7L126T08W2.PDF p.6,1.9,2.0
SPE7L126T10Y9,SPE7L1-26-T-10Y9,SPE7L126T10Y9.PDF,2026-09-11,2026-09-21,20,HUBZone set-aside,2,False,,True,7,False,,False,,True,7,True,3,True,3,recent exact-NSN history,1,0,5384.599999999999,,283.4,2025-06-04,50.0,SPE7L125P6946,7BUL6,SPE7L126T10Y9.PDF p.6,1.3,5.0
SPE7L126T11K9,SPE7L1-26-T-11K9,SPE7L126T11K9.PDF,2026-09-14,2026-09-24,20,HUBZone set-aside,2,False,,True,8,True,7,False,,False,,True,3,True,3,history older than 5 years - compare with DLA management price,1,0,3000.0,,120.0,2021-08-17,8.0,SPE5E221V2938P00001,6K404,SPE7L126T11K9.PDF p.6,5.1,8.0
SPE7L126T11L1,SPE7L1-26-T-11L1,SPE7L126T11L1.PDF,2026-09-14,2026-09-24,20,Total small business set-aside,2,False,,True,7,True,7,True,8,True,7,False,,True,3,recent exact-NSN history,1,0,16320.0,,272.0,2026-08-27,3.0,SPE7L126V195Z,6K404,SPE7L126T11L1.PDF p.5,0.1,8.0
SPE7L126T11M5,SPE7L1-26-T-11M5,SPE7L126T11M5.PDF,2026-09-14,2026-09-24,22,Total small business set-aside,2,True,3,True,8,True,8,True,9,True,8,True,2,True,4,recent exact-NSN history,1,1,15598.63,,15598.63,2022-07-05,2.0,SPE7L722P2256P00001,1A424,SPE7L126T11M5.PDF p.6,4.2,1.0
SPE7L126T11Y6,SPE7L1-26-T-11Y6,SPE7L126T11Y6.PDF,2026-09-15,2026-09-25,19,HUBZone set-aside,2,False,,True,8,True,7,False,,True,7,False,,True,3,no procurement history in PDF - investigate DLA management price; line stays unpriced,1,0,,,,,,,,,,
SPE7L126T12P3,SPE7L1-26-T-12P3,SPE7L126T12P3.PDF,2026-09-16,2026-09-28,19,HUBZone set-aside,2,False,,True,7,True,7,False,,True,7,True,3,True,3,recent exact-NSN history,1,0,2939.0,,29.39,2024-06-29,100.0,SPE4A624FBWLK,1HEN9,SPE7L126T12P3.PDF p.6,2.3,5.0
SPE7L126T12Y5,SPE7L1-26-T-12Y5,SPE7L126T12Y5.PDF,2026-09-17,2026-09-28,19,HUBZone set-aside,2,False,,True,8,True,7,True,8,True,7,True,3,True,3,history older than 5 years - compare with DLA management price,1,0,212.68,,4.09,2020-01-16,186.0,SPE5EK20V1901,28548,SPE7L126T12Y5.PDF p.6,6.7,6.0
SPE7L126T14G2,SPE7L1-26-T-14G2,SPE7L126T14G2.PDF,2026-09-18,2026-09-28,19,HUBZone set-aside,2,False,,True,8,True,7,False,,True,7,False,,True,3,recent exact-NSN history,1,0,900.0,,18.0,2022-09-22,26.0,SPE7L322P6277,1N0P1,SPE7L126T14G2.PDF p.6,4.0,4.0
SPE7L126T14V5,SPE7L1-26-T-14V5,SPE7L126T14V5.PDF,2026-09-21,2026-10-01,19,HUBZone set-aside,2,False,,True,8,True,7,False,,True,8,False,,True,3,no procurement history in PDF - investigate DLA management price; line stays unpriced,1,0,,,,,,,,,,
SPE7L126T15G2,SPE7L1-26-T-15G2,SPE7L126T15G2.PDF,2026-09-22,2026-10-02,18,No set-aside clause found (check SF18 block),,False,,False,,False,,False,,False,,False,,True,3,recent exact-NSN history,1,0,25311.8,,1332.2,2024-11-12,19.0,SPE7M825V0296P00001,6PZL1,SPE7L126T15G2.PDF p.6,1.9,19.0
SPE7L126T16M9,SPE7L1-26-T-16M9,SPE7L126T16M9.PDF,2026-09-25,2026-10-05,19,HUBZone set-aside,2,False,,True,8,True,7,True,8,True,8,False,,True,3,recent exact-NSN history,1,0,6422.0,,26.0,2026-05-18,232.0,SPE7L126V7088P00001,34CZ9,SPE7L126T16M9.PDF p.6,0.4,4.0
SPE7L126T16Y7,SPE7L1-26-T-16Y7,SPE7L126T16Y7.PDF,2026-09-25,2026-10-05,19,HUBZone set-aside,2,False,,True,7,False,,True,8,True,7,False,,True,3,recent exact-NSN history,1,0,1904.0,,29.75,2024-08-27,71.0,SPE7L124P8872,3BTS1,SPE7L126T16Y7.PDF p.6,2.1,8.0
SPE7L126T17J0,SPE7L1-26-T-17J0,SPE7L126T17J0.PDF,2026-09-25,2026-10-05,19,Total small business set-aside,2,False,,True,8,True,7,True,8,True,8,False,,True,3,recent exact-NSN history,1,0,34250.0,,250.0,2026-07-01,23.0,SPE7L426V2008,9CZH4,SPE7L126T17J0.PDF p.5,0.2,20.0
SPE7L126T17V7,SPE7L1-26-T-17V7,SPE7L126T17V7.PDF,2026-09-28,2026-10-08,19,HUBZone set-aside,2,False,,True,7,True,7,False,,False,,True,3,True,3,recent exact-NSN history,1,0,1100.0,,1100.0,2025-12-18,1.0,SPE7L126V3602P00001,6K404,SPE7L126T17V7.PDF p.6,0.8,2.0
SPE7L126T17W1,SPE7L1-26-T-17W1,SPE7L126T17W1.PDF,2026-09-28,2026-10-08,18,HUBZone set-aside,2,False,,False,,False,,True,7,True,7,True,3,True,3,recent exact-NSN history,1,0,816.0,,816.0,2026-04-03,2.0,SPE7L126V7555P00001,6K404,SPE7L126T17W1.PDF p.6,0.5,3.0
SPE7L126T18W2,SPE7L1-26-T-18W2,SPE7L126T18W2.PDF,2026-09-30,2026-10-13,20,HUBZone set-aside,2,False,,True,8,True,7,False,,True,7,False,,True,3,no procurement history in PDF - investigate DLA management price; line stays unpriced,1,0,,,,,,,,,,
SPE7L126T19C5,SPE7L1-26-T-19C5,SPE7L126T19C5.PDF,2026-09-30,2026-10-13,19,HUBZone set-aside,2,False,,False,,False,,False,,False,,False,,True,3,recent exact-NSN history,1,0,58.0,,58.0,2026-08-12,5.0,SPE7L126V167C,1W810,SPE7L126T19C5.PDF p.6,0.1,4.0
SPE7L126T19E9,SPE7L1-26-T-19E9,SPE7L126T19E9.PDF,2026-09-30,2026-10-13,19,HUBZone set-aside,2,False,,True,8,True,7,True,8,True,7,True,3,True,3,no procurement history in PDF - investigate DLA management price; line stays unpriced,1,0,,,,,,,,,,
SPE7L126T19H9,SPE7L1-26-T-19H9,SPE7L126T19H9.PDF,2026-09-30,2026-10-13,20,HUBZone set-aside,2,False,,True,8,True,7,False,,True,7,False,,True,3,recent exact-NSN history,1,0,21845.98,,840.23,2024-12-11,1.0,SPE7L125V2330,7Z016,SPE7L126T19H9.PDF p.6,1.8,3.0
SPE7L126T19J4,SPE7L1-26-T-19J4,SPE7L126T19J4.PDF,2026-09-30,2026-10-13,19,HUBZone set-aside,2,False,,True,7,True,7,False,,True,7,False,,True,3,no procurement history in PDF - investigate DLA management price; line stays unpriced,1,0,,,,,,,,,,
SPE7L126T204U,SPE7L1-26-T-204U,SPE7L126T204U.PDF,2026-03-13,2026-03-23,25,HUBZone set-aside,2,False,,True,9,True,7,True,9,True,8,True,3,True,3,history older than 5 years - compare with DLA management price,1,0,14250.0,,2850.0,2019-05-22,5.0,SPE5EK19P1889P00001,4DEY3,SPE7L126T204U.PDF p.6,7.4,6.0
SPE7L126T266X,SPE7L1-26-T-266X,SPE7L126T266X.PDF,2026-03-30,2026-04-09,22,HUBZone set-aside,2,False,,False,,False,,True,7,True,7,True,3,True,3,recent exact-NSN history,1,0,1620.0,,810.0,2026-01-06,2.0,SPE7L126V4037,6K404,SPE7L126T266X.PDF p.6,0.7,2.0
SPE7L126T267V,SPE7L1-26-T-267V,SPE7L126T267V.PDF,2026-03-30,2026-04-09,23,HUBZone set-aside,2,False,,True,7,True,7,False,,False,,False,,True,3,history older than 5 years - compare with DLA management price,1,0,48.0,,48.0,2018-11-23,16.0,SPE5EK19V1191,7ZSF2,SPE7L126T267V.PDF p.6,7.9,3.0
SPE7L126T320E,SPE7L1-26-T-320E,SPE7L126T320E.PDF,2026-04-06,2026-04-16,23,HUBZone set-aside,2,False,,True,8,True,7,False,,True,8,False,,True,3,recent exact-NSN history,1,0,5252.77,,5252.77,2025-03-25,1.0,SPE7L025V1460P00001,646V6,SPE7L126T320E.PDF p.6,1.5,4.0
SPE7L126T333P,SPE7L1-26-T-333P,SPE7L126T333P.PDF,2026-04-10,2026-04-20,23,HUBZone set-aside,2,False,,False,,False,,False,,False,,False,,True,3,history older than 5 years - compare with DLA management price,1,0,300.0,,20.0,2017-02-23,18.0,SPE5E317V0476P00001,23480,SPE7L126T333P.PDF p.6,9.6,3.0
SPE7L126T340G,SPE7L1-26-T-340G,SPE7L126T340G.PDF,2026-04-10,2026-04-20,23,HUBZone set-aside,2,False,,True,7,True,7,False,,True,7,False,,True,3,recent exact-NSN history,1,0,2243.5,,64.1,2025-10-23,18.0,SPE7L126F0946,6F0K2,SPE7L126T340G.PDF p.6,0.9,18.0
SPE7L126T395A,SPE7L1-26-T-395A,SPE7L126T395A.PDF,2026-04-21,2026-05-01,23,HUBZone set-aside,2,False,,True,7,True,7,False,,True,8,True,3,True,3,history older than 5 years - compare with DLA management price,1,0,588.6,,29.43,2017-11-08,20.0,SPE7L018P0305P00001,1N0P1,SPE7L126T395A.PDF p.6,8.9,3.0
SPE7L126T401F,SPE7L1-26-T-401F,SPE7L126T401F.PDF,2026-04-22,2026-05-04,24,HUBZone set-aside,2,False,,True,7,True,7,False,,True,8,False,,True,3,recent exact-NSN history,1,0,3054.7,,277.7,2025-07-17,34.0,SPE7L125V072Z,7SK93,SPE7L126T401F.PDF p.6,1.2,13.0
SPE7L126T405P,SPE7L1-26-T-405P,SPE7L126T405P.PDF,2026-04-22,2026-05-04,23,HUBZone set-aside,2,False,,False,,False,,False,,True,7,False,,True,3,recent exact-NSN history,1,0,124.79,,124.79,2024-05-24,2.0,SPE4A624FBELKP00001,1HEN9,SPE7L126T405P.PDF p.6,2.4,10.0
SPE7L126T408G,SPE7L1-26-T-408G,SPE7L126T408G.PDF,2026-04-23,2026-05-04,24,HUBZone set-aside,2,False,,True,8,True,7,True,8,True,7,False,,True,3,recent exact-NSN history,1,0,26695.4,,1334.77,2026-02-26,23.0,SPE4A526FACKX,1HEN9,SPE7L126T408G.PDF p.6,0.6,8.0
SPE7L126T417H,SPE7L1-26-T-417H,SPE7L126T417H.PDF,2026-04-23,2026-05-04,24,HUBZone set-aside,2,False,,False,,True,7,False,,True,7,False,,True,3,no procurement history in PDF - investigate DLA management price; line stays unpriced,1,0,,,,,,,,,,
SPE7L126T420F,SPE7L1-26-T-420F,SPE7L126T420F.PDF,2026-04-24,2026-05-04,23,HUBZone set-aside,2,False,,True,7,True,7,True,8,True,7,False,,True,3,recent exact-NSN history,1,0,6156.599999999999,,99.3,2025-08-28,58.0,SPE7L125V164A,9LSA3,SPE7L126T420F.PDF p.6,1.1,20.0
SPE7L126T438V,SPE7L1-26-T-438V,SPE7L126T438V.PDF,2026-04-27,2026-05-07,27,HUBZone set-aside,2,False,,True,7,True,7,False,,True,8,True,3,True,3,recent exact-NSN history,1,0,10651.5,,1775.25,2024-11-15,6.0,SPE7L725P0475P00001,6ZSR8,SPE7L126T438V.PDF p.6,1.9,20.0
SPE7L126T511X,SPE7L1-26-T-511X,SPE7L126T511X.PDF,2026-05-08,2026-05-18,26,HUBZone set-aside,2,True,3,True,8,True,8,False,,True,8,True,3,True,4,recent exact-NSN history,1,1,7671.860000000001,,547.99,2025-01-07,32.0,SPE7L325P1924P00002,3WGD1,SPE7L126T511X.PDF p.7,1.7,17.0
SPE7L126T524D,SPE7L1-26-T-524D,SPE7L126T524D.PDF,2026-05-08,2026-05-18,23,HUBZone set-aside,2,False,,True,8,True,8,True,8,True,7,False,,True,3,no procurement history in PDF - investigate DLA management price; line stays unpriced,1,0,,,,,,,,,,
SPE7L126T536N,SPE7L1-26-T-536N,SPE7L126T536N.PDF,2026-05-12,2026-05-22,23,HUBZone set-aside,2,False,,True,8,True,7,False,,True,7,False,,True,3,no procurement history in PDF - investigate DLA management price; line stays unpriced,1,0,,,,,,,,,,
SPE7L126T564P,SPE7L1-26-T-564P,SPE7L126T564P.PDF,2026-05-18,2026-05-28,20,HUBZone set-aside,2,False,,True,7,True,7,False,,True,7,True,3,True,3,history older than 5 years - compare with DLA management price,1,0,4479.03,,4479.03,2013-03-01,1.0,SPM5EK13M2848,1VL99,SPE7L126T564P.PDF p.6,13.6,1.0
SPE7L126T610T,SPE7L1-26-T-610T,SPE7L126T610T.PDF,2026-05-27,2026-06-08,19,HUBZone set-aside,2,False,,True,7,True,7,True,8,True,7,True,3,True,3,no procurement history in PDF - investigate DLA management price; line stays unpriced,1,0,,,,,,,,,,
SPE7L126T628U,SPE7L1-26-T-628U,SPE7L126T628U.PDF,2026-05-29,2026-06-08,21,HUBZone set-aside,2,True,3,False,,False,,False,,False,,True,3,True,4,no procurement history in PDF - investigate DLA management price; line stays unpriced,1,1,,,,,,,,,,
SPE7L126T643J,SPE7L1-26-T-643J,SPE7L126T643J.PDF,2026-06-04,2026-06-15,20,HUBZone set-aside,2,False,,True,7,True,7,False,,True,8,False,,True,3,recent exact-NSN history,1,0,9441.8,,277.7,2025-07-17,34.0,SPE7L125V072Z,7SK93,SPE7L126T643J.PDF p.6,1.2,13.0
SPE7L126T671L,SPE7L1-26-T-671L,SPE7L126T671L.PDF,2026-06-05,2026-06-15,19,HUBZone set-aside,2,False,,True,7,True,7,True,8,True,8,True,3,True,3,recent exact-NSN history,1,0,1530.0,,170.0,2022-09-28,11.0,SPE7L322V217W,62WS2,SPE7L126T671L.PDF p.6,4.0,7.0
SPE7L126T696T,SPE7L1-26-T-696T,SPE7L126T696T.PDF,2026-06-12,2026-06-22,19,HUBZone set-aside,2,False,,True,8,True,7,False,,False,,False,,True,3,recent exact-NSN history,1,0,3961.44,,31.44,2025-10-16,50.0,SPE4A526FA64Q,1HEN9,SPE7L126T696T.PDF p.6,1.0,20.0
SPE7L126T700L,SPE7L1-26-T-700L,SPE7L126T700L.PDF,2026-06-12,2026-06-22,19,HUBZone set-aside,2,False,,True,7,True,7,True,8,True,7,False,,True,3,recent exact-NSN history,1,0,5555.62,,56.69,2023-11-29,110.0,SPE4A624FZ45V,1HEN9,SPE7L126T700L.PDF p.6,2.8,20.0
SPE7L126T733H,SPE7L1-26-T-733H,SPE7L126T733H.PDF,2026-06-22,2026-07-02,19,HUBZone set-aside,2,False,,False,,False,,True,7,True,7,False,,True,3,recent exact-NSN history,1,0,4168.32,,24.96,2026-03-26,31.0,SPE4A526FAPGB,1HEN9,SPE7L126T733H.PDF p.6,0.5,20.0
SPE7L126T746A,SPE7L1-26-T-746A,SPE7L126T746A.PDF,2026-06-22,2026-07-02,20,HUBZone set-aside,2,False,,True,7,True,7,True,8,True,7,False,,True,3,recent exact-NSN history,1,0,2252.8,,25.6,2026-02-19,88.0,SPE4A526FAXZ2,1HEN9,SPE7L126T746A.PDF p.6,0.6,8.0
SPE7L126T759P,SPE7L1-26-T-759P,SPE7L126T759P.PDF,2026-06-25,2026-07-06,18,HUBZone set-aside,2,False,,False,,False,,False,,False,,False,,True,3,history older than 5 years - compare with DLA management price,1,0,2679.0,,893.0,2015-04-15,7.0,SPE7L315V7426,T7652,SPE7L126T759P.PDF p.6,11.5,4.0
SPE7L126T766W,SPE7L1-26-T-766W,SPE7L126T766W.PDF,2026-06-26,2026-07-06,19,HUBZone set-aside,2,False,,True,7,True,7,False,,True,7,True,3,True,3,no procurement history in PDF - investigate DLA management price; line stays unpriced,1,0,,,,,,,,,,
SPE7L126T775V,SPE7L1-26-T-775V,SPE7L126T775V.PDF,2026-06-29,2026-07-09,20,HUBZone set-aside,2,False,,True,7,True,7,True,8,True,8,True,3,True,3,no procurement history in PDF - investigate DLA management price; line stays unpriced,1,0,,,,,,,,,,
SPE7L126T809C,SPE7L1-26-T-809C,SPE7L126T809C.PDF,2026-07-10,2026-07-20,22,HUBZone set-aside,2,True,3,True,8,True,8,True,10,True,8,True,3,True,4,recent exact-NSN history,1,1,7587.2699999999995,,4.59,2026-02-19,300.0,SPE4A526FAWK1P00001,1HEN9,SPE7L126T809C.PDF p.7,0.6,17.0
SPE7L126T817R,SPE7L1-26-T-817R,SPE7L126T817R.PDF,2026-07-10,2026-07-20,19,HUBZone set-aside,2,False,,False,,False,,False,,True,7,False,,True,3,recent exact-NSN history,1,0,3262.29,,88.17,2026-07-08,56.0,SPE7L426V1997,11MB9,SPE7L126T817R.PDF p.6,0.2,20.0
SPE7L126T862S,SPE7L1-26-T-862S,SPE7L126T862S.PDF,2026-07-23,2026-08-03,19,HUBZone set-aside,2,False,,False,,False,,False,,True,7,True,3,True,3,recent exact-NSN history,1,0,33.6,,33.6,2026-05-11,1.0,SPE7L126V9579P00001,6K404,SPE7L126T862S.PDF p.6,0.4,1.0
SPE7L126T907S,SPE7L1-26-T-907S,SPE7L126T907S.PDF,2026-08-04,2026-08-14,18,Total small business set-aside,2,False,,True,6,True,6,False,,True,7,False,,True,3,recent exact-NSN history,1,0,132149.85,,3775.71,2025-12-23,36.0,SPE7M126V4221P00001,11MB9,SPE7L126T907S.PDF p.5,0.8,3.0
SPE7L126T920P,SPE7L1-26-T-920P,SPE7L126T920P.PDF,2026-08-06,2026-08-17,20,HUBZone set-aside,2,False,,True,8,True,7,False,,True,8,True,3,True,3,history older than 5 years - compare with DLA management price,1,0,79.54,,39.77,2015-10-20,6.0,SPE5E716M0247,0DEE1,SPE7L126T920P.PDF p.6,10.9,2.0
SPE7L126T920W,SPE7L1-26-T-920W,SPE7L126T920W.PDF,2026-08-06,2026-08-17,20,HUBZone set-aside,2,False,,False,,False,,False,,False,,True,3,True,3,recent exact-NSN history,1,0,1863.14,,98.06,2026-05-14,17.0,SPE7L126P7008P00001,6K404,SPE7L126T920W.PDF p.6,0.4,8.0
SPE7L126T921C,SPE7L1-26-T-921C,SPE7L126T921C.PDF,2026-08-06,2026-08-17,19,HUBZone set-aside,2,False,,True,8,True,7,True,8,True,7,False,,True,3,recent exact-NSN history,1,0,302.58,,16.81,2026-05-08,33.0,SPE4A526FB20X,1HEN9,SPE7L126T921C.PDF p.6,0.4,13.0
SPE7L126T945M,SPE7L1-26-T-945M,SPE7L126T945M.PDF,2026-08-10,2026-08-20,19,HUBZone set-aside,2,False,,True,8,True,7,True,8,True,7,True,3,True,3,history older than 5 years - compare with DLA management price,1,0,4841.55,,537.95,2020-01-27,6.0,SPE5EK20V2044,62WS2,SPE7L126T945M.PDF p.6,6.7,11.0
SPE7L126T977W,SPE7L1-26-T-977W,SPE7L126T977W.PDF,2026-08-18,2026-08-28,19,HUBZone set-aside,2,False,,True,7,True,7,True,8,True,8,True,3,True,3,recent exact-NSN history,1,0,1530.0,,170.0,2022-09-28,11.0,SPE7L322V217W,62WS2,SPE7L126T977W.PDF p.6,4.0,7.0
SPE7L126T988B,SPE7L1-26-T-988B,SPE7L126T988B.PDF,2026-08-19,2026-08-31,20,HUBZone set-aside,2,False,,True,8,True,7,False,,True,8,True,3,True,3,history older than 5 years - compare with DLA management price,1,0,922.2,,92.22,2018-07-05,57.0,SPE7L318V8967P00001,6VTA5,SPE7L126T988B.PDF p.6,8.2,4.0
SPE7L126T9916,SPE7L1-26-T-9916,SPE7L126T9916.PDF,2026-01-14,2026-01-26,30,HUBZone set-aside,2,True,3,True,9,True,8,False,,False,,True,3,True,4,history older than 5 years - compare with DLA management price,1,1,7325.0,,1465.0,2017-06-04,5.0,SPE5EJ17P1633P00001,1DPK8,SPE7L126T9916.PDF p.7,9.3,1.0
SPE7L126T994T,SPE7L1-26-T-994T,SPE7L126T994T.PDF,2026-08-20,2026-08-31,19,HUBZone set-aside,2,False,,True,7,True,7,True,8,False,,True,3,True,3,recent exact-NSN history,1,0,1575.0,,225.0,2026-08-11,3.0,SPE7M126P9590,57094,SPE7L126T994T.PDF p.6,0.1,3.0
SPE7L126T996Z,SPE7L1-26-T-996Z,SPE7L126T996Z.PDF,2026-08-21,2026-08-31,23,HUBZone set-aside,2,False,,True,7,True,7,False,,False,,False,,True,3,recent exact-NSN history,3,0,1027.65,,0.51,2022-04-07,3616.0,SPE7L322V8023,34623,SPE7L126T996Z.PDF p.6,4.5,12.0
SPE7L326Q1013,SPE7L326Q1013,SPE7L326Q1013.PDF,2026-05-22,2026-06-05,21,Partial small business set-aside; HUBZone set-aside,12,False,,True,4,True,4,False,,False,,False,,True,2,no procurement history in PDF - investigate DLA management price; line stays unpriced,0,0,,no CLINs parsed,,,,,,,,
SPE7L326Q1276,SPE7L326Q1276,SPE7L326Q1276.PDF,2026-09-14,2026-09-28,10,Total small business set-aside; HUBZone set-aside,5,False,,False,,False,,False,,False,,False,,False,,no procurement history in PDF - investigate DLA management price; line stays unpriced,0,0,,no CLINs parsed,,,,,,,,
SPE7L326T094Z,SPE7L3-26-T-094Z,SPE7L326T094Z.PDF,2026-06-30,2026-07-10,18,HUBZone set-aside,2,True,3,False,,False,,False,,False,,True,3,True,4,no procurement history in PDF - investigate DLA management price; line stays unpriced,1,1,,,,,,,,,,
SPE7L326T114Z,SPE7L3-26-T-114Z,SPE7L326T114Z.PDF,2026-07-10,2026-07-20,22,HUBZone set-aside,2,True,8,True,8,True,7,True,8,True,7,True,3,True,3,no procurement history in PDF - investigate DLA management price; line stays unpriced,1,0,,,,,,,,,,
SPE7L326T144S,SPE7L3-26-T-144S,SPE7L326T144S.PDF,2026-08-03,2026-08-13,19,HUBZone set-aside,2,False,,True,7,False,,True,8,True,7,False,,True,3,no procurement history in PDF - investigate DLA management price; line stays unpriced,1,0,,,,,,,,,,
SPE7L326T147D,SPE7L3-26-T-147D,SPE7L326T147D.PDF,2026-08-05,2026-08-17,20,HUBZone set-aside,2,False,,True,7,True,7,False,,True,8,True,3,True,3,recent exact-NSN history,1,0,7617.51,,7617.51,2025-06-10,1.0,SPE7L125P7221P00001,1DA72,SPE7L326T147D.PDF p.6,1.3,1.0
SPE7L326T150D,SPE7L3-26-T-150D,SPE7L326T150D.PDF,2026-08-06,2026-08-17,21,HUBZone set-aside,2,False,,True,7,True,7,False,,True,8,True,3,True,3,recent exact-NSN history,1,0,6200.0,,775.0,2026-03-05,3.0,SPE7L126V6371,1F926,SPE7L326T150D.PDF p.6,0.6,6.0
SPE7L326T152K,SPE7L3-26-T-152K,SPE7L326T152K.PDF,2026-08-07,2026-08-17,19,HUBZone set-aside,2,False,,True,7,True,7,True,7,False,,True,3,True,3,recent exact-NSN history,1,0,3374.8,,337.48,2023-12-18,77.0,SPE7L324V2365,4R2Y5,SPE7L326T152K.PDF p.6,2.8,16.0
SPE7L326T154U,SPE7L3-26-T-154U,SPE7L326T154U.PDF,2026-08-07,2026-08-17,20,HUBZone set-aside,2,False,,True,8,True,7,False,,True,8,True,3,True,3,recent exact-NSN history,1,0,4409.099999999999,,489.9,2025-04-02,7.0,SPE7L325P3704,8UNV3,SPE7L326T154U.PDF p.6,1.5,6.0
SPE7L326T160T,SPE7L3-26-T-160T,SPE7L326T160T.PDF,2026-08-07,2026-08-17,20,HUBZone set-aside,2,False,,True,7,True,7,True,8,True,7,True,3,True,3,recent exact-NSN history,1,0,7000.0,,875.0,2026-06-17,4.0,SPE7L326P4215P00001,05RU8,SPE7L326T160T.PDF p.6,0.3,12.0
SPE7L326T167S,SPE7L3-26-T-167S,SPE7L326T167S.PDF,2026-08-07,2026-08-17,22,HUBZone set-aside,2,False,,True,7,True,7,True,9,True,8,True,3,True,3,no procurement history in PDF - investigate DLA management price; line stays unpriced,1,0,,,,,,,,,,
SPE7L326T192W,SPE7L3-26-T-192W,SPE7L326T192W.PDF,2026-08-21,2026-08-31,22,Total small business set-aside,2,False,,True,7,True,8,True,9,False,,True,2,True,3,recent exact-NSN history,1,0,49650.0,,8275.0,2025-12-11,3.0,SPE7L026V0438,1A004,SPE7L326T192W.PDF p.5,0.8,11.0
SPE7L326T202A,SPE7L3-26-T-202A,SPE7L326T202A.PDF,2026-08-24,2026-09-03,20,HUBZone set-aside,2,False,,True,7,True,7,False,,True,8,False,,True,3,recent exact-NSN history,1,0,3610.1,,277.7,2025-07-17,34.0,SPE7L125V072Z,7SK93,SPE7L326T202A.PDF p.6,1.2,13.0
SPE7L326T207G,SPE7L3-26-T-207G,SPE7L326T207G.PDF,2026-08-27,2026-09-08,20,HUBZone set-aside,2,False,,False,,False,,True,8,True,7,True,3,True,3,history older than 5 years - compare with DLA management price,1,0,810.0,,90.0,2016-10-03,20.0,SPE7L317P0056P00001,7FL29,SPE7L326T207G.PDF p.6,10.0,2.0
SPE7L326T227V,SPE7L3-26-T-227V,SPE7L326T227V.PDF,2026-09-08,2026-09-18,19,Total small business set-aside,2,False,,False,,False,,True,6,True,6,True,2,True,3,recent exact-NSN history,1,0,20400.0,,1200.0,2026-06-25,36.0,SPE7L326P4549,9RQJ0,SPE7L326T227V.PDF p.5,0.3,1.0
SPE7L326T237C,SPE7L3-26-T-237C,SPE7L326T237C.PDF,2026-09-11,2026-09-21,23,HUBZone set-aside,2,True,3,True,9,True,10,True,11,False,,True,3,True,4,history older than 5 years - compare with DLA management price,1,1,3668.5,,11.5,2009-02-11,276.0,SPM7L409M0737,32067,SPE7L326T237C.PDF p.7,17.6,5.0
SPE7L326T247Q,SPE7L3-26-T-247Q,SPE7L326T247Q.PDF,2026-09-11,2026-09-21,20,HUBZone set-aside,2,False,,True,7,True,7,False,,True,8,True,3,True,3,history older than 5 years - compare with DLA management price,1,0,7792.0,,487.0,2020-03-26,45.0,SPE7L320P3957P00001,33436,SPE7L326T247Q.PDF p.6,6.5,9.0
SPE7L326T250H,SPE7L3-26-T-250H,SPE7L326T250H.PDF,2026-09-14,2026-09-24,21,HUBZone set-aside,2,True,3,False,,False,,True,9,True,8,True,3,True,4,recent exact-NSN history,1,1,7200.0,,900.0,2025-03-31,9.0,SPE7L325P3527P00002,8RDE7,SPE7L326T250H.PDF p.7,1.5,2.0
SPE7L326T252M,SPE7L3-26-T-252M,SPE7L326T252M.PDF,2026-09-15,2026-09-25,19,HUBZone set-aside,2,False,,True,8,True,7,True,8,True,8,True,3,True,3,history older than 5 years - compare with DLA management price,1,0,493.91999999999996,,10.29,2011-05-31,437.0,SPM7LX09D9001YM5201,34623,SPE7L326T252M.PDF p.6,15.3,6.0
SPE7L326T254M,SPE7L3-26-T-254M,SPE7L326T254M.PDF,2026-09-16,2026-09-28,21,HUBZone set-aside,2,True,3,True,8,True,8,False,,True,8,True,3,True,4,recent exact-NSN history,1,1,33437.25,,530.75,2025-05-29,43.0,SPE7L325P4759,0JVY6,SPE7L326T254M.PDF p.7,1.3,4.0
SPE7L326T254Q,SPE7L3-26-T-254Q,SPE7L326T254Q.PDF,2026-09-16,2026-09-28,23,HUBZone set-aside,2,True,3,True,9,True,8,True,9,True,9,True,3,True,4,no procurement history in PDF - investigate DLA management price; line stays unpriced,1,1,,,,,,,,,,
SPE7L326T256E,SPE7L3-26-T-256E,SPE7L326T256E.PDF,2026-09-17,2026-09-28,19,HUBZone set-aside,2,False,,False,,True,7,False,,False,,True,3,True,3,no procurement history in PDF - investigate DLA management price; line stays unpriced,1,0,,,,,,,,,,
SPE7L326T257D,SPE7L3-26-T-257D,SPE7L326T257D.PDF,2026-09-17,2026-09-28,19,HUBZone set-aside,2,False,,False,,False,,False,,False,,True,3,True,3,history older than 5 years - compare with DLA management price,1,0,406.89,,45.21,2020-12-09,102.0,SPE7L321V2798,DP776,SPE7L326T257D.PDF p.6,5.8,20.0
SPE7L326T258P,SPE7L3-26-T-258P,SPE7L326T258P.PDF,2026-09-17,2026-09-28,19,HUBZone set-aside,2,False,,True,7,True,8,True,8,True,7,False,,True,3,recent exact-NSN history,1,0,1277.1,,29.7,2026-09-02,43.0,SPE7L326P5686,0GE52,SPE7L326T258P.PDF p.6,0.1,7.0
SPE7L326T282R,SPE7L3-26-T-282R,SPE7L326T282R.PDF,2026-09-25,2026-10-05,20,Total small business set-aside,2,True,3,True,7,True,7,False,,False,,True,2,True,4,recent exact-NSN history,1,1,28034.350000000002,,394.85,2026-05-27,211.0,SPE7L326P4061,0JVY6,SPE7L326T282R.PDF p.6,0.3,5.0
SPE7L326T290Q,SPE7L3-26-T-290Q,SPE7L326T290Q.PDF,2026-09-28,2026-10-08,21,HUBZone set-aside,2,False,,True,9,True,7,True,9,True,8,True,3,True,3,recent exact-NSN history,1,0,112056.0,,667.0,2025-02-26,253.0,SPE7L125F3887P00001,1CSL0,SPE7L326T290Q.PDF p.6,1.6,20.0
SPE7L326T4755,SPE7L3-26-T-4755,SPE7L326T4755.PDF,2026-01-21,2026-02-02,27,HUBZone set-aside,2,False,,False,,True,7,False,,False,,True,3,True,3,no procurement history in PDF - investigate DLA management price; line stays unpriced,1,0,,,,,,,,,,
SPE7L326T6345,SPE7L3-26-T-6345,SPE7L326T6345.PDF,2026-02-26,2026-03-09,26,HUBZone set-aside,2,False,,True,8,True,7,True,8,True,8,True,3,True,3,recent exact-NSN history,1,0,425.0,,425.0,2025-08-12,30.0,SPE7L325P6244,51819,SPE7L326T6345.PDF p.6,1.1,4.0
SPE7L326T9247,SPE7L3-26-T-9247,SPE7L326T9247.PDF,2026-04-28,2026-05-08,22,HUBZone set-aside,2,False,,False,,False,,False,,False,,False,,True,3,no procurement history in PDF - investigate DLA management price; line stays unpriced,1,0,,,,,,,,,,
SPE7L326T9995,SPE7L3-26-T-9995,SPE7L326T9995.PDF,2026-05-08,2026-05-18,24,HUBZone set-aside,2,False,,True,8,True,7,False,,True,7,True,3,True,3,history older than 5 years - compare with DLA management price,1,0,2946.44,,173.32,2021-02-19,18.0,SPE7L321V4554,00642,SPE7L326T9995.PDF p.6,5.6,3.0
SPE7L426T2972,SPE7L4-26-T-2972,SPE7L426T2972.PDF,2026-03-10,2026-03-20,27,HUBZone set-aside,2,True,3,True,8,True,8,True,9,True,9,True,3,True,4,recent exact-NSN history,1,1,6591.0,,131.82,2025-09-04,54.0,SPE7L325P6631,75Q65,SPE7L426T2972.PDF p.7,1.1,5.0
SPE7L426T3239,SPE7L4-26-T-3239,SPE7L426T3239.PDF,2026-03-23,2026-04-02,25,HUBZone set-aside,2,True,3,True,9,True,8,True,9,True,8,True,3,True,4,history older than 5 years - compare with DLA management price,1,1,3870.0,,645.0,2021-05-28,20.0,SPE7L221P0514,2Y126,SPE7L426T3239.PDF p.7,5.3,1.0
SPE7L426T4025,SPE7L4-26-T-4025,SPE7L426T4025.PDF,2026-04-24,2026-05-04,24,HUBZone set-aside,2,False,,False,,True,7,True,8,True,7,True,3,True,3,no procurement history in PDF - investigate DLA management price; line stays unpriced,1,0,,,,,,,,,,
SPE7L426T4469,SPE7L4-26-T-4469,SPE7L426T4469.PDF,2026-05-12,2026-05-22,23,HUBZone set-aside,2,False,,True,7,True,7,True,8,True,7,True,3,True,3,recent exact-NSN history,1,0,8260.0,,7.0,2025-05-09,963.0,SPE7L125P5905P00002,9ZQV3,SPE7L426T4469.PDF p.6,1.4,18.0
SPE7L426T4915,SPE7L4-26-T-4915,SPE7L426T4915.PDF,2026-06-05,2026-06-15,21,HUBZone set-aside,2,True,3,False,,False,,False,,True,8,True,3,True,4,recent exact-NSN history,1,1,6660.0,,90.0,2026-01-27,51.0,SPE7L526P0953,3RRM7,SPE7L426T4915.PDF p.7,0.7,12.0
SPE7L426T4984,SPE7L4-26-T-4984,SPE7L426T4984.PDF,2026-06-05,2026-06-15,19,HUBZone set-aside,2,False,,False,,True,7,False,,False,,False,,True,3,no procurement history in PDF - investigate DLA management price; line stays unpriced,1,0,,,,,,,,,,
SPE7L426T6402,SPE7L4-26-T-6402,SPE7L426T6402.PDF,2026-08-20,2026-08-31,20,HUBZone set-aside,2,False,,True,8,True,7,False,,False,,True,3,True,3,recent exact-NSN history,1,0,12000.0,,2000.0,2025-10-03,7.0,SPE7L126P0493,2Y126,SPE7L426T6402.PDF p.6,1.0,14.0
SPE7L426T6629,SPE7L4-26-T-6629,SPE7L426T6629.PDF,2026-08-28,2026-09-08,21,HUBZone set-aside,2,False,,True,7,True,7,True,8,True,8,True,3,True,3,recent exact-NSN history,1,0,28119.19,,2556.29,2026-03-10,17.0,SPE7L426V0916P00002,9B7H3,SPE7L426T6629.PDF p.6,0.6,10.0
SPE7L426T6658,SPE7L4-26-T-6658,SPE7L426T6658.PDF,2026-08-31,2026-09-10,21,HUBZone set-aside,2,False,,True,7,True,7,False,,False,,True,3,True,3,history older than 5 years - compare with DLA management price,1,0,225.16,,225.16,2005-11-03,6.0,SPM7L106V0474,50888,SPE7L426T6658.PDF p.6,20.9,2.0
SPE7L426T6955,SPE7L4-26-T-6955,SPE7L426T6955.PDF,2026-09-16,2026-09-28,20,HUBZone set-aside,2,False,,True,7,True,7,True,8,True,7,True,3,True,3,history older than 5 years - compare with DLA management price,1,0,774.0,,258.0,2010-11-10,9.0,SPM7L411M0503,5HP95,SPE7L426T6955.PDF p.6,15.9,3.0
SPE7L426T7210,SPE7L4-26-T-7210,SPE7L426T7210.PDF,2026-09-25,2026-10-05,23,HUBZone set-aside,2,True,3,True,8,True,8,False,,False,,True,3,True,4,history older than 5 years - compare with DLA management price,1,1,9692.22,,1938.444,2016-06-16,5.0,SPE7L116M2328,6ZSR8,SPE7L426T7210.PDF p.6,10.3,7.0
SPE7L426T7243,SPE7L4-26-T-7243,SPE7L426T7243.PDF,2026-09-28,2026-10-08,19,HUBZone set-aside,2,False,,False,,False,,False,,True,7,True,3,True,3,recent exact-NSN history,1,0,6120.0,,340.0,2026-06-29,2.0,SPE7L226V0829,6RUH0,SPE7L426T7243.PDF p.6,0.3,10.0
SPE7L426T7255,SPE7L4-26-T-7255,SPE7L426T7255.PDF,2026-09-28,2026-10-08,18,HUBZone set-aside,2,False,,False,,False,,False,,False,,True,3,True,3,recent exact-NSN history,1,0,2851.96,,1425.98,2024-06-21,9.0,SPE7L424V1927,012M4,SPE7L426T7255.PDF p.6,2.3,2.0
SPE7L426T7259,SPE7L4-26-T-7259,SPE7L426T7259.PDF,2026-09-28,2026-10-08,21,HUBZone set-aside,2,False,,True,8,True,7,True,8,False,,True,3,True,3,recent exact-NSN history,1,0,6162.0,,1027.0,2026-07-29,6.0,SPE7L426V2081,3T8J4,SPE7L426T7259.PDF p.6,0.2,8.0
SPE7L426T7273,SPE7L4-26-T-7273,SPE7L426T7273.PDF,2026-09-29,2026-10-09,22,HUBZone set-aside,2,True,3,True,9,True,8,True,9,True,8,True,3,True,4,history older than 5 years - compare with DLA management price,1,1,3870.0,,645.0,2021-05-28,20.0,SPE7L221P0514,2Y126,SPE7L426T7273.PDF p.7,5.3,1.0
SPE7L526T2133,SPE7L5-26-T-2133,SPE7L526T2133.PDF,2026-02-20,2026-03-02,23,HUBZone set-aside,2,False,,True,7,True,7,False,,True,7,False,,True,3,no procurement history in PDF - investigate DLA management price; line stays unpriced,1,0,,,,,,,,,,
SPE7L526T2335,SPE7L5-26-T-2335,SPE7L526T2335.PDF,2026-03-10,2026-03-20,24,HUBZone set-aside,2,False,,True,8,True,7,False,,True,7,False,,True,3,recent exact-NSN history,1,0,19393.800000000003,,646.46,2022-02-04,5.0,SPE7L122V4478,75Q65,SPE7L526T2335.PDF p.6,4.7,1.0
SPE7L526T3902,SPE7L5-26-T-3902,SPE7L526T3902.PDF,2026-06-05,2026-06-15,19,Total small business set-aside,2,False,,True,7,True,7,False,,False,,True,2,True,3,recent exact-NSN history,1,0,45598.799999999996,,701.52,2026-05-21,73.0,SPE7L326V3294,4EZD2,SPE7L526T3902.PDF p.5,0.4,20.0
SPE7L526T4284,SPE7L5-26-T-4284,SPE7L526T4284.PDF,2026-07-07,2026-07-17,19,HUBZone set-aside,2,False,,True,8,True,7,True,8,True,8,True,3,True,3,recent exact-NSN history,1,0,1800.0,,200.0,2024-06-13,1.0,SPE4A524P7325,55345,SPE7L526T4284.PDF p.6,2.3,2.0
SPE7L526T5200,SPE7L5-26-T-5200,SPE7L526T5200.PDF,2026-08-27,2026-09-08,22,HUBZone set-aside,2,True,3,True,9,True,8,False,,True,8,True,3,True,4,no procurement history in PDF - investigate DLA management price; line stays unpriced,1,1,,,,,,,,,,
SPE7L526T5302,SPE7L5-26-T-5302,SPE7L526T5302.PDF,2026-09-04,2026-09-14,25,HUBZone set-aside,2,False,,True,9,True,9,True,10,True,9,True,3,True,3,recent exact-NSN history,2,0,191528.0,,269.0,2025-11-14,615.0,SPE7L026F0887P00001,7R6A0,SPE7L526T5302.PDF p.7,0.9,20.0
SPE7L726Q2063,SPE7L726Q2063,SPE7L726Q2063.PDF,2026-07-23,2026-08-03,28,Partial small business set-aside; HUBZone set-aside,14,False,,True,4,True,3,False,,True,4,False,,False,,no procurement history in PDF - investigate DLA management price; line stays unpriced,0,0,,no CLINs parsed,,,,,,,,
SPE7L726Q2311,SPE7L726Q2311,SPE7L726Q2311.PDF,2026-08-27,2026-09-07,19,Partial small business set-aside; HUBZone set-aside,8,False,,False,,True,2,False,,True,2,False,,False,,no procurement history in PDF - investigate DLA management price; line stays unpriced,0,0,,no CLINs parsed,,,,,,,,
SPE7L726T4100,SPE7L7-26-T-4100,SPE7L726T4100.PDF,2026-06-29,2026-07-09,19,HUBZone set-aside,2,False,,True,7,True,7,True,8,True,8,True,3,True,3,recent exact-NSN history,1,0,1704.0,,21.3,2024-09-16,77.0,SPE7L724P3486,4U6M9,SPE7L726T4100.PDF p.6,2.0,7.0
SPE7L726T4141,SPE7L7-26-T-4141,SPE7L726T4141.PDF,2026-07-02,2026-07-13,23,HUBZone set-aside,2,True,3,True,8,True,8,True,10,True,10,True,3,True,4,recent exact-NSN history,1,1,7140.0,,714.0,2025-10-03,7.0,SPE7L726P0020P00001,8Z0Z2,SPE7L726T4141.PDF p.7,1.0,6.0
SPE7L726T4313,SPE7L7-26-T-4313,SPE7L726T4313.PDF,2026-07-15,2026-07-27,19,HUBZone set-aside,2,False,,True,7,True,7,False,,True,8,True,3,True,3,recent exact-NSN history,1,0,2565.0,,256.5,2026-05-19,10.0,SPE7M126P6984P00001,16XK4,SPE7L726T4313.PDF p.6,0.4,4.0
SPE7L726T4670,SPE7L7-26-T-4670,SPE7L726T4670.PDF,2026-08-10,2026-08-20,23,HUBZone set-aside; SDVOSB set-aside,2,True,3,True,8,True,8,True,11,False,,True,3,True,4,history older than 5 years - compare with DLA management price,1,1,16544.16,,689.34,2020-12-10,39.0,SPE7L121P1220,64V18,SPE7L726T4670.PDF p.6,5.8,20.0
SPE7L726T4945,SPE7L7-26-T-4945,SPE7L726T4945.PDF,2026-08-26,2026-09-08,22,HUBZone set-aside,2,True,3,True,8,True,8,False,,False,,True,3,True,4,no procurement history in PDF - investigate DLA management price; line stays unpriced,1,1,,,,,,,,,,
SPE7L726T5099,SPE7L7-26-T-5099,SPE7L726T5099.PDF,2026-09-03,2026-09-14,22,HUBZone set-aside,2,True,3,True,9,True,8,False,,True,9,True,3,True,4,history older than 5 years - compare with DLA management price,1,1,0.06,,0.01,2013-06-21,0.0,W56HZV13P0383,11934,SPE7L726T5099.PDF p.7,13.3,1.0
SPE7L726T5209,SPE7L7-26-T-5209,SPE7L726T5209.PDF,2026-09-11,2026-09-21,20,HUBZone set-aside,2,False,,True,7,False,,False,,False,,True,3,True,3,recent exact-NSN history,1,0,6100.0,,1525.0,2022-08-10,2.0,SPE7L422P3026,7VNH4,SPE7L726T5209.PDF p.6,4.1,6.0
SPE7L726T5256,SPE7L7-26-T-5256,SPE7L726T5256.PDF,2026-09-15,2026-09-25,23,HUBZone set-aside,2,True,3,True,8,True,8,True,11,True,10,True,3,True,4,recent exact-NSN history,1,1,6375.0,,85.0,2025-04-04,169.0,SPE7L725P1972P00002,8Z0Z2,SPE7L726T5256.PDF p.7,1.5,14.0
SPE7L726T5514,SPE7L7-26-T-5514,SPE7L726T5514.PDF,2026-09-28,2026-10-08,21,HUBZone set-aside,2,False,,True,8,True,9,True,9,False,,True,3,True,3,history older than 5 years - compare with DLA management price,1,0,1300.0,,1300.0,2017-08-23,6.0,SPE7L217P0980,1YDC9,SPE7L726T5514.PDF p.6,9.1,4.0
SPE7LX26U002T,SPE7LX-26-U-002T,SPE7LX26U002T.PDF,2026-09-14,2026-09-28,20,HUBZone set-aside,4,False,,True,9,True,9,True,10,True,10,False,,True,5,recent exact-NSN history,1,0,12459.97,,98.11,2026-09-10,43.0,SPE7L126F183Z,0NJT4,SPE7LX26U002T.PDF p.8,0.1,10.0
SPE7LX26U007R,SPE7LX-26-U-007R,SPE7LX26U007R.PDF,2026-09-23,2026-10-07,20,HUBZone set-aside; SDVOSB set-aside,4,False,,True,9,True,9,False,,True,10,False,,True,5,recent exact-NSN history,1,0,4480.0,,320.0,2026-05-13,6.0,SPE7L126V9135,8FM04,SPE7LX26U007R.PDF p.8,0.4,3.0
SPE7LX26U011D,SPE7LX-26-U-011D,SPE7LX26U011D.PDF,2026-09-30,2026-10-14,22,Total small business set-aside,4,False,,True,9,True,9,False,,True,9,False,,True,5,recent exact-NSN history,1,0,499.38,,11.89,2025-04-16,83.0,SPE7L125V7713,7YWT4,SPE7LX26U011D.PDF p.8,1.5,4.0
SPE7M026Q0855,SPE7M026Q0855,SPE7M026Q0855.PDF,2026-06-02,2026-06-16,13,Total small business set-aside; HUBZone set-aside,6,True,6,True,9,True,8,True,9,False,,False,,False,,no procurement history in PDF - investigate DLA management price; line stays unpriced,0,0,,no CLINs parsed,,,,,,,,
SPE7M026Q1221,SPE7M026Q1221,SPE7M026Q1221.PDF,2026-08-19,2026-08-26,18,Partial small business set-aside; HUBZone set-aside,8,False,,True,3,True,3,False,,True,3,False,,False,,no procurement history in PDF - investigate DLA management price; line stays unpriced,0,0,,no CLINs parsed,,,,,,,,
SPE7M026Q1238,SPE7M026Q1238,SPE7M026Q1238.PDF,2026-08-25,2026-09-08,24,Partial small business set-aside; HUBZone set-aside,11,False,,False,,False,,False,,False,,False,,False,,no procurement history in PDF - investigate DLA management price; line stays unpriced,0,0,,no CLINs parsed,,,,,,,,
SPE7M026T031T,SPE7M0-26-T-031T,SPE7M026T031T.PDF,2026-08-06,2026-08-17,21,HUBZone set-aside,2,False,,True,7,True,7,True,8,False,,True,3,True,3,history older than 5 years - compare with DLA management price,2,0,29.76,,0.93,1983-05-23,10.0,F4260083C4011,8Z052,SPE7M026T031T.PDF p.6,43.4,1.0
SPE7M026T063A,SPE7M0-26-T-063A,SPE7M026T063A.PDF,2026-08-28,2026-09-08,19,HUBZone set-aside,2,False,,True,8,True,7,False,,True,7,False,,True,3,no procurement history in PDF - investigate DLA management price; line stays unpriced,1,0,,,,,,,,,,
SPE7M026T074M,SPE7M0-26-T-074M,SPE7M026T074M.PDF,2026-09-08,2026-09-18,20,HUBZone set-aside,2,False,,False,,False,,False,,False,,False,,True,3,recent exact-NSN history,1,0,13500.0,,13500.0,2025-12-05,2.0,SPE7M026P0876P00001,1Q494,SPE7M026T074M.PDF p.6,0.8,3.0
SPE7M026T095W,SPE7M0-26-T-095W,SPE7M026T095W.PDF,2026-09-23,2026-10-05,19,HUBZone set-aside,2,False,,True,7,False,,False,,False,,False,,True,3,recent exact-NSN history,1,0,1559.17,,1559.17,2026-04-16,2.0,SPE7M126V8194,895S5,SPE7M026T095W.PDF p.6,0.5,5.0
SPE7M026T103A,SPE7M0-26-T-103A,SPE7M026T103A.PDF,2026-09-29,2026-10-09,19,HUBZone set-aside,2,False,,False,,False,,False,,False,,False,,True,3,history older than 5 years - compare with DLA management price,1,0,411.76,,411.76,2018-07-26,6.0,SPE7M818P3203,5BSD6,SPE7M026T103A.PDF p.6,8.2,4.0
SPE7M026T6027,SPE7M0-26-T-6027,SPE7M026T6027.PDF,2026-03-20,2026-03-30,23,HUBZone set-aside,2,False,,False,,True,7,False,,True,8,False,,True,3,no procurement history in PDF - investigate DLA management price; line stays unpriced,1,0,,,,,,,,,,
SPE7M026T6803,SPE7M0-26-T-6803,SPE7M026T6803.PDF,2026-04-13,2026-04-23,23,HUBZone set-aside,2,False,,True,7,False,,True,7,False,,True,3,True,3,history older than 5 years - compare with DLA management price,1,0,1232.0,,1232.0,2003-09-30,12.0,SP043003W3922,58475,SPE7M026T6803.PDF p.6,23.0,1.0
SPE7M026T7262,SPE7M0-26-T-7262,SPE7M026T7262.PDF,2026-04-24,2026-05-04,25,HUBZone set-aside,2,True,3,True,8,True,8,False,,False,,True,3,True,4,recent exact-NSN history,1,1,3459.42,,384.38,2023-03-15,10.0,SPE7M823P1388,7K6J5,SPE7M026T7262.PDF p.7,3.5,19.0
SPE7M026T7338,SPE7M0-26-T-7338,SPE7M026T7338.PDF,2026-04-27,2026-05-07,25,HUBZone set-aside,2,True,3,True,8,True,8,False,,False,,True,3,True,4,recent exact-NSN history,1,1,1537.52,,384.38,2023-03-15,10.0,SPE7M823P1388,7K6J5,SPE7M026T7338.PDF p.7,3.5,19.0
SPE7M026T7442,SPE7M0-26-T-7442,SPE7M026T7442.PDF,2026-04-28,2026-05-08,24,Total small business set-aside,2,True,3,True,7,True,7,False,,False,,True,2,True,3,recent exact-NSN history,1,1,32672.3,,384.38,2023-03-15,10.0,SPE7M823P1388,7K6J5,SPE7M026T7442.PDF p.6,3.5,19.0
SPE7M026T9763,SPE7M0-26-T-9763,SPE7M026T9763.PDF,2026-07-01,2026-07-13,20,HUBZone set-aside,2,True,3,False,,False,,True,8,False,,True,3,True,4,history older than 5 years - compare with DLA management price,1,1,3495.0,,3495.0,2016-02-02,3.0,SPE7M016M1624,92772,SPE7M026T9763.PDF p.6,10.7,7.0
SPE7M026T9937,SPE7M0-26-T-9937,SPE7M026T9937.PDF,2026-07-08,2026-07-20,19,HUBZone set-aside,2,False,,True,7,False,,True,7,True,7,False,,True,3,recent exact-NSN history,1,0,1628.0,,1628.0,2026-06-16,1.0,SPE7M026P3397,92772,SPE7M026T9937.PDF p.6,0.3,3.0
SPE7M126Q1035,SPE7M126Q1035,SPE7M126Q1035.PDF,2026-07-09,2026-07-23,15,Total small business set-aside; HUBZone set-aside,6,True,5,True,8,True,7,True,8,False,,False,,False,,no procurement history in PDF - investigate DLA management price; line stays unpriced,0,0,,no CLINs parsed,,,,,,,,
SPE7M126Q1235,SPE7M126Q1235,SPE7M126Q1235.PDF,2026-07-10,2026-08-10,14,HUBZone set-aside,14,True,2,True,10,True,9,True,10,True,10,False,,False,,no procurement history in PDF - investigate DLA management price; line stays unpriced,0,0,,no CLINs parsed,,,,,,,,
SPE7M126Q1465,SPE7M126Q1465,SPE7M126Q1465.PDF,2026-09-04,2026-09-18,12,Total small business set-aside; HUBZone set-aside,5,False,,True,7,True,7,False,,True,7,True,4,False,,no procurement history in PDF - investigate DLA management price; line stays unpriced,0,0,,no CLINs parsed,,,,,,,,
SPE7M126T021S,SPE7M1-26-T-021S,SPE7M126T021S.PDF,2026-05-01,2026-05-11,23,HUBZone set-aside,2,False,,False,,False,,True,7,True,7,True,3,True,3,history older than 5 years - compare with DLA management price,1,0,15600.0,,1200.0,2017-05-22,6.0,SPE7M917P1977,0HBH8,SPE7M126T021S.PDF p.6,9.4,2.0
SPE7M126T056D,SPE7M1-26-T-056D,SPE7M126T056D.PDF,2026-05-08,2026-05-18,23,HUBZone set-aside,2,False,,True,7,True,7,True,8,True,7,True,3,True,3,history older than 5 years - compare with DLA management price,1,0,137953.4,,6897.67,2014-06-11,3.0,SPE7MC14M7442,1N0P1,SPE7M126T056D.PDF p.6,12.3,2.0
SPE7M126T063J,SPE7M1-26-T-063J,SPE7M126T063J.PDF,2026-05-13,2026-05-26,24,HUBZone set-aside,2,True,3,False,,False,,False,,False,,True,3,True,4,history older than 5 years - compare with DLA management price,1,1,892.0,,892.0,2021-04-14,2.0,SPE7M821P2031,58985,SPE7M126T063J.PDF p.7,5.5,7.0
SPE7M126T125G,SPE7M1-26-T-125G,SPE7M126T125G.PDF,2026-06-05,2026-06-15,20,HUBZone set-aside,2,True,3,False,,False,,True,9,True,9,False,,True,4,recent exact-NSN history,1,1,2490.0,,1245.0,2024-09-26,6.0,SPE7M124PA743,92772,SPE7M126T125G.PDF p.7,2.0,9.0
SPE7M126T142H,SPE7M1-26-T-142H,SPE7M126T142H.PDF,2026-06-12,2026-06-22,19,HUBZone set-aside,2,False,,True,7,True,7,False,,True,7,False,,True,3,no procurement history in PDF - investigate DLA management price; line stays unpriced,1,0,,,,,,,,,,
SPE7M126T204J,SPE7M1-26-T-204J,SPE7M126T204J.PDF,2026-07-10,2026-07-20,18,HUBZone set-aside,2,False,,False,,False,,False,,False,,True,3,True,3,recent exact-NSN history,1,0,33000.0,,33000.0,2026-02-11,6.0,SPE7M126V6043P00001,84027,SPE7M126T204J.PDF p.6,0.6,16.0
SPE7M126T231N,SPE7M1-26-T-231N,SPE7M126T231N.PDF,2026-07-24,2026-08-03,23,HUBZone set-aside,2,True,3,True,8,True,8,True,9,True,8,True,3,True,4,history older than 5 years - compare with DLA management price,1,1,2745.5,,2745.5,2015-02-03,1.0,SPE7M915M1532,67291,SPE7M126T231N.PDF p.6,11.7,5.0
SPE7M126T285V,SPE7M1-26-T-285V,SPE7M126T285V.PDF,2026-08-18,2026-08-28,19,HUBZone set-aside,2,False,,True,7,True,7,False,,True,7,False,,True,3,no procurement history in PDF - investigate DLA management price; line stays unpriced,1,0,,,,,,,,,,
SPE7M126T289E,SPE7M1-26-T-289E,SPE7M126T289E.PDF,2026-08-19,2026-08-31,23,HUBZone set-aside; SDVOSB set-aside,2,False,,True,7,True,8,True,8,False,,True,3,True,3,recent exact-NSN history,1,0,93213.75,,1391.25,2026-06-23,15.0,SPE7M326V3265,7BUL6,SPE7M126T289E.PDF p.6,0.3,20.0
SPE7M126T296A,SPE7M1-26-T-296A,SPE7M126T296A.PDF,2026-08-21,2026-08-31,18,HUBZone set-aside,2,False,,False,,False,,False,,False,,False,,True,3,recent exact-NSN history,1,0,13500.0,,2700.0,2025-11-07,4.0,SPE7M126P0740,51819,SPE7M126T296A.PDF p.6,0.9,4.0
SPE7M126T308L,SPE7M1-26-T-308L,SPE7M126T308L.PDF,2026-08-26,2026-09-08,21,HUBZone set-aside,2,False,,True,7,True,7,False,,True,7,False,,True,3,no procurement history in PDF - investigate DLA management price; line stays unpriced,2,0,,,,,,,,,,
SPE7M126T316C,SPE7M1-26-T-316C,SPE7M126T316C.PDF,2026-08-28,2026-09-08,19,HUBZone set-aside,2,False,,True,7,True,7,False,,False,,False,,True,3,recent exact-NSN history,1,0,12000.0,,375.0,2025-09-18,39.0,SPE7M125PB087P00001,6ZSR8,SPE7M126T316C.PDF p.6,1.0,6.0
SPE7M126T324G,SPE7M1-26-T-324G,SPE7M126T324G.PDF,2026-09-02,2026-09-14,20,HUBZone set-aside,2,False,,True,7,True,8,True,8,True,7,False,,True,3,no procurement history in PDF - investigate DLA management price; line stays unpriced,1,0,,,,,,,,,,
SPE7M126T325G,SPE7M1-26-T-325G,SPE7M126T325G.PDF,2026-09-02,2026-09-14,20,Total small business set-aside,2,False,,False,,False,,False,,True,7,False,,True,3,recent exact-NSN history,1,0,31185.0,,5197.5,2025-09-29,2.0,SPE7M125V9886P00001,7BUL6,SPE7M126T325G.PDF p.5,1.0,20.0
SPE7M126T325T,SPE7M1-26-T-325T,SPE7M126T325T.PDF,2026-09-03,2026-09-14,28,HUBZone set-aside,2,True,3,True,8,True,8,True,9,True,8,True,3,True,4,recent exact-NSN history,1,1,10237.5,,10237.5,2026-08-19,7.0,SPE7L326P5497,7BUL6,SPE7M126T325T.PDF p.6,0.1,11.0
SPE7M126T346D,SPE7M1-26-T-346D,SPE7M126T346D.PDF,2026-09-11,2026-09-21,19,HUBZone set-aside,2,False,,True,7,True,7,False,,False,,False,,True,3,recent exact-NSN history,1,0,9663.0,,3221.0,2026-05-05,1.0,SPE7M026P2724,0HS46,SPE7M126T346D.PDF p.6,0.4,3.0
SPE7M126T351C,SPE7M1-26-T-351C,SPE7M126T351C.PDF,2026-09-14,2026-09-24,20,HUBZone set-aside,2,False,,True,7,True,8,True,8,True,7,False,,True,3,no procurement history in PDF - investigate DLA management price; line stays unpriced,1,0,,,,,,,,,,
SPE7M126T352B,SPE7M1-26-T-352B,SPE7M126T352B.PDF,2026-09-15,2026-09-25,21,HUBZone set-aside,2,False,,True,7,True,8,True,8,True,7,False,,True,3,recent exact-NSN history,1,0,9336.25,,9336.25,2026-09-03,1.0,SPE7M126V8182,00QR4,SPE7M126T352B.PDF p.6,0.1,3.0
SPE7M126T363A,SPE7M1-26-T-363A,SPE7M126T363A.PDF,2026-09-18,2026-09-28,19,HUBZone set-aside,2,False,,True,7,True,7,False,,True,7,False,,True,3,no procurement history in PDF - investigate DLA management price; line stays unpriced,1,0,,,,,,,,,,
SPE7M126T370P,SPE7M1-26-T-370P,SPE7M126T370P.PDF,2026-09-24,2026-10-05,25,Total small business set-aside,2,False,,True,7,True,7,True,8,True,7,False,,True,3,recent exact-NSN history,1,0,29214.18,,3246.02,2024-07-18,17.0,SPE7M124P8646,56Z87,SPE7M126T370P.PDF p.5,2.2,8.0
SPE7M126T387D,SPE7M1-26-T-387D,SPE7M126T387D.PDF,2026-09-28,2026-10-08,19,HUBZone set-aside,2,False,,True,7,True,7,False,,True,7,False,,True,3,no procurement history in PDF - investigate DLA management price; line stays unpriced,1,0,,,,,,,,,,
SPE7M126T6561,SPE7M1-26-T-6561,SPE7M126T6561.PDF,2026-02-27,2026-03-09,28,Total small business set-aside,2,True,3,True,8,True,8,True,9,False,,True,2,True,4,recent exact-NSN history,1,1,27995.8,,6998.95,2021-11-29,2.0,SPE7M922P0062P00002,67291,SPE7M126T6561.PDF p.6,4.8,14.0
SPE7M126T8769,SPE7M1-26-T-8769,SPE7M126T8769.PDF,2026-04-08,2026-04-20,23,HUBZone set-aside,2,False,,False,,True,7,False,,False,,False,,True,3,no procurement history in PDF - investigate DLA management price; line stays unpriced,1,0,,,,,,,,,,
SPE7M126U6293,SPE7M1-26-U-6293,SPE7M126U6293.PDF,2026-09-22,2026-10-06,20,HUBZone set-aside; SDVOSB set-aside,4,False,,True,9,False,,False,,True,9,False,,True,5,recent exact-NSN history,1,0,63856.0,,614.0,2025-12-10,57.0,SPE7M126V3611,23371,SPE7M126U6293.PDF p.8,0.8,20.0
SPE7M126U6566,SPE7M1-26-U-6566,SPE7M126U6566.PDF,2026-09-22,2026-10-06,21,Total small business set-aside,4,False,,True,9,True,9,True,10,False,,True,4,True,5,recent exact-NSN history,1,0,9706.0,,422.0,2026-04-30,17.0,SPE7M126V8015,0JP67,SPE7M126U6566.PDF p.8,0.4,20.0
SPE7M126U6953,SPE7M1-26-U-6953,SPE7M126U6953.PDF,2026-09-30,2026-10-14,24,HUBZone set-aside; SDVOSB set-aside,4,False,,True,9,True,10,True,10,False,,True,5,True,5,recent exact-NSN history,1,0,18086.25,,1391.25,2026-06-23,15.0,SPE7M326V3265,7BUL6,SPE7M126U6953.PDF p.8,0.3,20.0
SPE7M126U6954,SPE7M1-26-U-6954,SPE7M126U6954.PDF,2026-09-30,2026-10-14,24,Total small business set-aside,4,False,,True,9,True,9,True,10,False,,True,4,True,5,recent exact-NSN history,1,0,63970.75,,2558.83,2026-03-26,28.0,SPE7M126P5280P00001,56Z87,SPE7M126U6954.PDF p.8,0.5,19.0
SPE7M226T2175,SPE7M2-26-T-2175,SPE7M226T2175.PDF,2026-01-22,2026-02-02,27,HUBZone set-aside,2,False,,True,7,True,7,True,8,True,7,False,,True,3,no procurement history in PDF - investigate DLA management price; line stays unpriced,1,0,,,,,,,,,,
SPE7M226T2959,SPE7M2-26-T-2959,SPE7M226T2959.PDF,2026-03-13,2026-03-23,23,HUBZone set-aside,2,False,,True,7,True,7,False,,True,7,False,,True,3,recent exact-NSN history,1,0,972.0,,324.0,2025-12-29,2.0,SPE7M226V1240,13774,SPE7M226T2959.PDF p.6,0.8,2.0
SPE7M226T3238,SPE7M2-26-T-3238,SPE7M226T3238.PDF,2026-03-27,2026-04-06,23,HUBZone set-aside,2,False,,True,8,True,7,True,8,False,,True,3,True,3,history older than 5 years - compare with DLA management price,1,0,3542.0,,1771.0,2019-03-08,6.0,SPE7M219P1225,5V128,SPE7M226T3238.PDF p.6,7.6,6.0
SPE7M226T3365,SPE7M2-26-T-3365,SPE7M226T3365.PDF,2026-04-02,2026-04-13,23,HUBZone set-aside,2,False,,True,8,True,7,False,,True,7,False,,True,3,recent exact-NSN history,1,0,39930.0,,7986.0,2025-12-12,2.0,SPE7M226V1067,7EWN8,SPE7M226T3365.PDF p.6,0.8,2.0
SPE7M226T4245,SPE7M2-26-T-4245,SPE7M226T4245.PDF,2026-05-04,2026-05-14,22,Total small business set-aside,2,False,,False,,False,,False,,True,7,False,,True,3,recent exact-NSN history,1,0,23709.0,,3387.0,2026-03-04,8.0,SPE7M226P1828P00001,7DEX5,SPE7M226T4245.PDF p.5,0.6,4.0
SPE7M226T4450,SPE7M2-26-T-4450,SPE7M226T4450.PDF,2026-05-08,2026-05-18,23,HUBZone set-aside,2,False,,True,7,True,7,True,8,True,8,False,,True,3,recent exact-NSN history,1,0,5630.0,,5630.0,2025-07-01,2.0,SPE7M225P3402P00001,7EWN8,SPE7M226T4450.PDF p.6,1.2,1.0
SPE7M226T4655,SPE7M2-26-T-4655,SPE7M226T4655.PDF,2026-05-19,2026-05-29,18,HUBZone set-aside,2,False,,False,,False,,True,7,False,,False,,True,3,history older than 5 years - compare with DLA management price,1,0,51957.0,,207.0,2020-02-18,98.0,SPE7M220V0763,0BTU8,SPE7M226T4655.PDF p.6,6.6,6.0
SPE7M226T5582,SPE7M2-26-T-5582,SPE7M226T5582.PDF,2026-07-10,2026-07-20,19,HUBZone set-aside,2,False,,False,,False,,True,7,True,7,False,,True,3,recent exact-NSN history,1,0,2600.0,,260.0,2024-07-12,5.0,SPE7M224P4181,58985,SPE7M226T5582.PDF p.6,2.2,6.0
SPE7M226T6658,SPE7M2-26-T-6658,SPE7M226T6658.PDF,2026-09-04,2026-09-14,18,Total small business set-aside,2,False,,True,6,True,6,False,,False,,False,,True,3,recent exact-NSN history,1,0,17241.0,,5747.0,2025-05-16,4.0,SPE7M225V3053,0JP67,SPE7M226T6658.PDF p.5,1.4,2.0
SPE7M226T6718,SPE7M2-26-T-6718,SPE7M226T6718.PDF,2026-09-08,2026-09-18,19,HUBZone set-aside,2,False,,False,,True,7,True,8,True,7,False,,True,3,history older than 5 years - compare with DLA management price,1,0,235.17,,235.17,2005-08-09,2.0,SPM56005M1482,1HU38,SPE7M226T6718.PDF p.6,21.1,2.0
SPE7M226T6757,SPE7M2-26-T-6757,SPE7M226T6757.PDF,2026-09-10,2026-09-21,19,HUBZone set-aside,2,False,,True,7,True,7,False,,False,,False,,True,3,recent exact-NSN history,1,0,7826.0,,301.0,2026-03-26,30.0,SPE7M226V2574,57626,SPE7M226T6757.PDF p.6,0.5,4.0
SPE7M226T6767,SPE7M2-26-T-6767,SPE7M226T6767.PDF,2026-09-11,2026-09-21,19,HUBZone set-aside,2,False,,True,8,True,7,False,,False,,False,,True,3,history older than 5 years - compare with DLA management price,1,0,1554.0,,777.0,2021-02-24,2.0,SPE7M221P0790,5V128,SPE7M226T6767.PDF p.6,5.6,12.0
SPE7M226T6791,SPE7M2-26-T-6791,SPE7M226T6791.PDF,2026-09-11,2026-09-21,19,HUBZone set-aside,2,False,,False,,True,7,True,8,True,7,False,,True,3,history older than 5 years - compare with DLA management price,1,0,705.51,,235.17,2005-08-09,2.0,SPM56005M1482,1HU38,SPE7M226T6791.PDF p.6,21.1,2.0
SPE7M226T6794,SPE7M2-26-T-6794,SPE7M226T6794.PDF,2026-09-11,2026-09-21,20,HUBZone set-aside,2,False,,True,7,True,7,True,8,True,7,True,3,True,3,recent exact-NSN history,1,0,5940.0,,1980.0,2026-01-09,2.0,SPE7M226V1346,3T8J4,SPE7M226T6794.PDF p.6,0.7,17.0
SPE7M226T6844,SPE7M2-26-T-6844,SPE7M226T6844.PDF,2026-09-15,2026-09-25,19,HUBZone set-aside,2,False,,True,7,True,7,True,8,True,7,False,,True,3,recent exact-NSN history,1,0,862.0,,431.0,2024-02-29,2.0,SPE7M124P4155,0W778,SPE7M226T6844.PDF p.6,2.6,5.0
SPE7M226T6859,SPE7M2-26-T-6859,SPE7M226T6859.PDF,2026-09-15,2026-09-25,19,HUBZone set-aside,2,False,,True,8,True,7,False,,True,8,False,,True,3,recent exact-NSN history,1,0,2032.48,,1016.24,2023-09-07,1.0,SPE7M023V5822,2B195,SPE7M226T6859.PDF p.6,3.1,17.0
SPE7M226T6894,SPE7M2-26-T-6894,SPE7M226T6894.PDF,2026-09-18,2026-09-28,19,HUBZone set-aside,2,False,,False,,False,,False,,False,,False,,True,3,recent exact-NSN history,1,0,926.0,,926.0,2026-06-22,1.0,SPE7M226V4059,4VAS1,SPE7M226T6894.PDF p.6,0.3,7.0
SPE7M226T7017,SPE7M2-26-T-7017,SPE7M226T7017.PDF,2026-09-25,2026-10-05,19,HUBZone set-aside,2,False,,True,8,True,7,True,8,False,,False,,True,3,recent exact-NSN history,1,0,4802.1,,1600.7,2024-10-07,2.0,SPE4A625V0528P00001,646V6,SPE7M226T7017.PDF p.6,2.0,9.0
SPE7M226T7029,SPE7M2-26-T-7029,SPE7M226T7029.PDF,2026-09-25,2026-10-05,19,HUBZone set-aside,2,False,,True,7,True,7,False,,False,,False,,True,3,recent exact-NSN history,1,0,6680.52,,607.32,2024-04-22,4.0,SPE7M224V1410,4RF03,SPE7M226T7029.PDF p.6,2.4,11.0
SPE7M226T7070,SPE7M2-26-T-7070,SPE7M226T7070.PDF,2026-09-28,2026-10-08,19,HUBZone set-aside,2,False,,True,7,True,7,True,8,True,7,False,,True,3,recent exact-NSN history,1,0,75750.0,,25250.0,2025-09-17,2.0,SPE7M225P4294,5N582,SPE7M226T7070.PDF p.6,1.0,9.0
SPE7M326T3329,SPE7M3-26-T-3329,SPE7M326T3329.PDF,2026-02-23,2026-03-05,23,HUBZone set-aside,2,False,,True,7,True,7,False,,True,7,True,3,True,3,no procurement history in PDF - investigate DLA management price; line stays unpriced,1,0,,,,,,,,,,
SPE7M326T7151,SPE7M3-26-T-7151,SPE7M326T7151.PDF,2026-06-29,2026-07-09,19,HUBZone set-aside,2,False,,True,7,True,7,False,,True,7,False,,True,3,no procurement history in PDF - investigate DLA management price; line stays unpriced,1,0,,,,,,,,,,
SPE7M326T7152,SPE7M3-26-T-7152,SPE7M326T7152.PDF,2026-06-29,2026-07-09,19,HUBZone set-aside,2,False,,False,,True,7,False,,True,8,False,,True,3,no procurement history in PDF - investigate DLA management price; line stays unpriced,1,0,,,,,,,,,,
SPE7M326T7497,SPE7M3-26-T-7497,SPE7M326T7497.PDF,2026-07-16,2026-07-27,20,HUBZone set-aside,2,False,,False,,True,7,False,,True,7,False,,True,3,recent exact-NSN history,1,0,600.0,,600.0,2025-09-16,1.0,SPE7M025P5587,5W3A9,SPE7M326T7497.PDF p.6,1.0,1.0
SPE7M326T8352,SPE7M3-26-T-8352,SPE7M326T8352.PDF,2026-08-21,2026-08-31,19,HUBZone set-aside,2,False,,True,7,True,7,False,,True,8,False,,True,3,recent exact-NSN history,1,0,2979.4,,2979.4,2026-05-26,1.0,SPE7M126P7155,61125,SPE7M326T8352.PDF p.6,0.3,10.0
SPE7M326T8751,SPE7M3-26-T-8751,SPE7M326T8751.PDF,2026-09-01,2026-09-11,19,HUBZone set-aside,2,False,,True,7,True,7,False,,True,8,True,3,True,3,no procurement history in PDF - investigate DLA management price; line stays unpriced,1,0,,,,,,,,,,
SPE7M426Q0490,SPE7M426Q0490,SPE7M426Q0490.PDF,2026-03-05,2026-03-19,40,Partial small business set-aside; SDVOSB set-aside,22,True,2,True,4,True,4,True,5,True,5,False,,False,,no procurement history in PDF - investigate DLA management price; line stays unpriced,0,0,,no CLINs parsed,,,,,,,,
SPE7M426T161A,SPE7M4-26-T-161A,SPE7M426T161A.PDF,2026-06-05,2026-06-15,20,HUBZone set-aside,2,False,,True,8,False,,True,8,False,,False,,True,3,recent exact-NSN history,2,0,3841.6,,15.68,2026-05-08,26.0,SPE4A526FB00Q,1HEN9,SPE7M426T161A.PDF p.6,0.4,20.0
SPE7M426T185M,SPE7M4-26-T-185M,SPE7M426T185M.PDF,2026-06-16,2026-06-26,19,HUBZone set-aside,2,False,,True,7,True,7,True,8,True,7,True,3,True,3,no procurement history in PDF - investigate DLA management price; line stays unpriced,1,0,,,,,,,,,,
SPE7M426T315U,SPE7M4-26-T-315U,SPE7M426T315U.PDF,2026-08-07,2026-08-17,18,HUBZone set-aside,2,False,,False,,False,,False,,True,7,False,,True,3,recent exact-NSN history,1,0,14543.95,,2908.79,2026-03-30,4.0,SPE7L126P5530,8W9A9,SPE7M426T315U.PDF p.6,0.5,5.0
SPE7M426T346L,SPE7M4-26-T-346L,SPE7M426T346L.PDF,2026-08-18,2026-08-28,19,Total small business set-aside,2,False,,True,7,True,7,True,8,True,8,False,,True,3,recent exact-NSN history,1,0,198187.25,,4216.75,2026-06-18,37.0,SPE7M126P7999,3WGD1,SPE7M426T346L.PDF p.5,0.3,20.0
SPE7M426T385J,SPE7M4-26-T-385J,SPE7M426T385J.PDF,2026-09-10,2026-09-21,20,HUBZone set-aside,2,False,,True,7,True,7,True,8,False,,True,3,True,3,recent exact-NSN history,1,0,1082.9499999999998,,8.95,2026-05-20,61.0,SPE7L126P4603,97537,SPE7M426T385J.PDF p.6,0.4,13.0
SPE7M426T385N,SPE7M4-26-T-385N,SPE7M426T385N.PDF,2026-09-10,2026-09-21,19,HUBZone set-aside,2,False,,True,8,True,7,False,,False,,False,,True,3,history older than 5 years - compare with DLA management price,1,0,540.0,,54.0,2013-06-24,60.0,SPE7MC13V0622,6VRU8,SPE7M426T385N.PDF p.6,13.3,2.0
SPE7M426T395G,SPE7M4-26-T-395G,SPE7M426T395G.PDF,2026-09-11,2026-09-21,20,Total small business set-aside,2,False,,True,7,True,7,True,8,True,8,False,,True,3,recent exact-NSN history,1,0,17287.199999999997,,5762.4,2026-08-25,2.0,SPE7M126P8286,7H596,SPE7M426T395G.PDF p.6,0.1,18.0
SPE7M426T403Q,SPE7M4-26-T-403Q,SPE7M426T403Q.PDF,2026-09-11,2026-09-21,19,HUBZone set-aside,2,False,,True,8,True,7,False,,False,,False,,True,3,history older than 5 years - compare with DLA management price,1,0,108.0,,54.0,2013-06-24,60.0,SPE7MC13V0622,6VRU8,SPE7M426T403Q.PDF p.6,13.3,2.0
SPE7M426T450T,SPE7M4-26-T-450T,SPE7M426T450T.PDF,2026-09-28,2026-10-08,18,HUBZone set-aside,2,False,,False,,False,,False,,True,7,False,,True,3,no procurement history in PDF - investigate DLA management price; line stays unpriced,1,0,,,,,,,,,,
SPE7M426T8934,SPE7M4-26-T-8934,SPE7M426T8934.PDF,2026-03-31,2026-04-10,23,HUBZone set-aside,2,False,,True,7,True,7,True,8,True,7,True,3,True,3,no procurement history in PDF - investigate DLA management price; line stays unpriced,1,0,,,,,,,,,,
SPE7M426T9191,SPE7M4-26-T-9191,SPE7M426T9191.PDF,2026-04-02,2026-04-13,23,HUBZone set-aside,2,False,,True,7,True,7,False,,True,8,True,3,True,3,no procurement history in PDF - investigate DLA management price; line stays unpriced,1,0,,,,,,,,,,
SPE7M426T9831,SPE7M4-26-T-9831,SPE7M426T9831.PDF,2026-04-14,2026-04-24,23,HUBZone set-aside,2,False,,False,,True,7,True,8,True,7,False,,True,3,no procurement history in PDF - investigate DLA management price; line stays unpriced,1,0,,,,,,,,,,
SPE7M526Q0952,SPE7M526Q0952,SPE7M526Q0952.PDF,2026-08-31,2026-09-14,8,HUBZone set-aside,8,False,,True,2,True,2,False,,True,2,False,,False,,no procurement history in PDF - investigate DLA management price; line stays unpriced,0,0,,no CLINs parsed,,,,,,,,
SPE7M526T008Q,SPE7M5-26-T-008Q,SPE7M526T008Q.PDF,2026-04-02,2026-04-13,25,Total small business set-aside,2,True,3,True,8,True,7,True,8,False,,True,2,True,4,history older than 5 years - compare with DLA management price,1,1,30839.97,,4405.71,2021-07-16,21.0,SPE7M521F0190,15090,SPE7M526T008Q.PDF p.6,5.2,2.0
SPE7M526T105L,SPE7M5-26-T-105L,SPE7M526T105L.PDF,2026-05-01,2026-05-11,25,HUBZone set-aside,2,True,3,True,8,True,8,True,9,False,,True,3,True,4,history older than 5 years - compare with DLA management price,1,1,13146.96,,1095.58,2019-11-26,4.0,SPE7M520P1814,13499,SPE7M526T105L.PDF p.7,6.8,6.0
SPE7M526T114W,SPE7M5-26-T-114W,SPE7M526T114W.PDF,2026-05-05,2026-05-15,24,HUBZone set-aside,2,False,,True,7,True,7,True,8,False,,False,,True,3,recent exact-NSN history,1,0,8050.0,,575.0,2025-05-16,10.0,SPE7M525P4201,07A78,SPE7M526T114W.PDF p.6,1.4,20.0
SPE7M526T118T,SPE7M5-26-T-118T,SPE7M526T118T.PDF,2026-05-07,2026-05-18,25,HUBZone set-aside,2,True,3,True,8,True,8,True,9,True,8,True,3,True,4,recent exact-NSN history,1,1,29966.559999999998,,2305.12,2021-10-21,6.0,SPE7M522P0986P00001,5VEH9,SPE7M526T118T.PDF p.7,4.9,12.0
SPE7M526T153L,SPE7M5-26-T-153L,SPE7M526T153L.PDF,2026-05-11,2026-05-21,25,HUBZone set-aside,2,True,3,True,8,True,8,True,9,False,,True,3,True,4,history older than 5 years - compare with DLA management price,1,1,3286.74,,1095.58,2019-11-26,4.0,SPE7M520P1814,13499,SPE7M526T153L.PDF p.7,6.8,6.0
SPE7M526T195X,SPE7M5-26-T-195X,SPE7M526T195X.PDF,2026-05-22,2026-06-01,21,Total small business set-aside,2,True,3,True,8,True,8,True,9,True,8,True,2,True,3,recent exact-NSN history,1,1,22797.5,,455.95,2026-05-12,47.0,SPE7M526P3168,045F6,SPE7M526T195X.PDF p.6,0.4,20.0
SPE7M526T301T,SPE7M5-26-T-301T,SPE7M526T301T.PDF,2026-07-06,2026-07-16,19,Total small business set-aside,2,False,,True,7,True,7,False,,False,,False,,True,3,recent exact-NSN history,1,0,13193.32,,471.19,2022-03-29,48.0,SPE7M522V5269,3WGD1,SPE7M526T301T.PDF p.5,4.5,20.0
SPE7M526T406B,SPE7M5-26-T-406B,SPE7M526T406B.PDF,2026-08-13,2026-08-24,22,HUBZone set-aside,2,True,3,False,,False,,False,,False,,True,3,True,4,history older than 5 years - compare with DLA management price,2,1,3454.0,,1727.0,2015-02-05,4.0,SPE7M915M1569,3FEQ2,SPE7M526T406B.PDF p.7,11.6,3.0
SPE7M526T454A,SPE7M5-26-T-454A,SPE7M526T454A.PDF,2026-09-01,2026-09-11,21,HUBZone set-aside,2,True,3,True,8,True,8,True,9,False,,True,3,True,4,recent exact-NSN history,1,1,8718.8,,217.97,2023-05-25,54.0,SPE7M523P4831P00005,5S670,SPE7M526T454A.PDF p.7,3.4,9.0
SPE7M526T477J,SPE7M5-26-T-477J,SPE7M526T477J.PDF,2026-09-11,2026-09-21,21,HUBZone set-aside,2,True,3,False,,False,,True,9,False,,True,3,True,4,recent exact-NSN history,1,1,10976.0,,2744.0,2025-01-21,67.0,SPE7M025P2120P00001,12598,SPE7M526T477J.PDF p.6,1.7,4.0
SPE7M526T513R,SPE7M5-26-T-513R,SPE7M526T513R.PDF,2026-09-18,2026-09-28,19,HUBZone set-aside,2,False,,True,7,True,7,False,,False,,False,,True,3,recent exact-NSN history,1,0,1102.68,,1102.68,2024-03-26,7.0,SPE7M524P3712P00001,3WGD1,SPE7M526T513R.PDF p.6,2.5,12.0
SPE7M526T516C,SPE7M5-26-T-516C,SPE7M526T516C.PDF,2026-09-21,2026-10-01,21,Total small business set-aside,2,True,3,True,8,True,8,True,9,True,8,True,2,True,3,recent exact-NSN history,1,1,21885.6,,455.95,2026-05-12,47.0,SPE7M526P3168,045F6,SPE7M526T516C.PDF p.6,0.4,20.0
SPE7M526T525B,SPE7M5-26-T-525B,SPE7M526T525B.PDF,2026-09-25,2026-10-05,21,Total small business set-aside,2,True,3,False,,False,,True,8,False,,True,2,True,4,recent exact-NSN history,1,1,46827.0,,1419.0,2026-03-26,43.0,SPE7M526P2474,44291,SPE7M526T525B.PDF p.6,0.5,18.0
SPE7M826Q0091,SPE7M826Q0091,SPE7M826Q0091.PDF,2026-02-19,2026-03-02,31,Partial small business set-aside,14,False,,True,2,True,2,True,3,False,,False,,False,,no procurement history in PDF - investigate DLA management price; line stays unpriced,0,0,,no CLINs parsed,,,,,,,,
SPE7M826Q0197,SPE7M826Q0197,SPE7M826Q0197.PDF,2026-07-23,2026-08-06,12,HUBZone set-aside,12,True,4,False,,False,,True,9,False,,False,,False,,no procurement history in PDF - investigate DLA management price; line stays unpriced,0,0,,no CLINs parsed,,,,,,,,
SPE7M826Q0200,SPE7M826Q0200,SPE7M826Q0200.PDF,2026-07-30,2026-08-13,18,Partial small business set-aside; HUBZone set-aside,6,False,,False,,False,,False,,False,,False,,False,,no procurement history in PDF - investigate DLA management price; line stays unpriced,0,0,,no CLINs parsed,,,,,,,,
SPE7M826Q0240,SPE7M826Q0240,SPE7M826Q0240.PDF,2026-09-16,2026-09-29,40,Total small business set-aside; Partial small business set-aside; HUBZone set-aside,21,True,6,True,10,True,9,True,10,False,,False,,False,,no procurement history in PDF - investigate DLA management price; line stays unpriced,0,0,,no CLINs parsed,,,,,,,,
SPE7M826Q0242,SPE7M826Q0242,SPE7M826Q0242.PDF,2026-09-18,2026-10-02,19,Partial small business set-aside; HUBZone set-aside,10,True,2,True,5,True,5,False,,False,,False,,False,,no procurement history in PDF - investigate DLA management price; line stays unpriced,0,0,,no CLINs parsed,,,,,,,,
SPE7M826Q0261,SPE7M826Q0261,SPE7M826Q0261.PDF,2026-09-29,2026-10-06,25,Partial small business set-aside; HUBZone set-aside,9,False,,False,,True,10,True,2,False,,False,,False,,no procurement history in PDF - investigate DLA management price; line stays unpriced,0,0,,no CLINs parsed,,,,,,,,
SPE7M826T1719,SPE7M8-26-T-1719,SPE7M826T1719.PDF,2026-01-22,2026-02-02,26,HUBZone set-aside,2,False,,False,,False,,False,,False,,False,,True,3,no procurement history in PDF - investigate DLA management price; line stays unpriced,1,0,,,,,,,,,,
SPE7M826T2223,SPE7M8-26-T-2223,SPE7M826T2223.PDF,2026-02-19,2026-03-02,27,Total small business set-aside,2,False,,False,,False,,True,7,False,,False,,True,3,history older than 5 years - compare with DLA management price,1,0,17531.44,,8765.72,2021-06-09,3.0,SPE7M821P2737P00001,79343,SPE7M826T2223.PDF p.5,5.3,15.0
SPE7M826T2502,SPE7M8-26-T-2502,SPE7M826T2502.PDF,2026-02-27,2026-03-09,23,HUBZone set-aside,2,False,,False,,False,,False,,False,,True,3,True,3,history older than 5 years - compare with DLA management price,1,0,51.6,,10.32,1996-02-25,143.0,SP093096M4021,3B150,SPE7M826T2502.PDF p.6,30.6,1.0
SPE7M826T2579,SPE7M8-26-T-2579,SPE7M826T2579.PDF,2026-03-12,2026-03-23,23,HUBZone set-aside,2,False,,True,7,True,7,False,,False,,False,,True,3,history older than 5 years - compare with DLA management price,1,0,6305.0,,485.0,2021-09-25,3.0,SPE7M821V3094,0HBH8,SPE7M826T2579.PDF p.6,5.0,6.0
SPE7M826T3090,SPE7M8-26-T-3090,SPE7M826T3090.PDF,2026-04-06,2026-04-16,23,HUBZone set-aside,2,False,,True,7,False,,False,,False,,False,,True,3,no procurement history in PDF - investigate DLA management price; line stays unpriced,1,0,,,,,,,,,,
SPE7M826T3207,SPE7M8-26-T-3207,SPE7M826T3207.PDF,2026-04-10,2026-04-20,23,HUBZone set-aside,2,False,,False,,True,7,True,8,True,7,False,,True,3,no procurement history in PDF - investigate DLA management price; line stays unpriced,1,0,,,,,,,,,,
SPE7M826T3277,SPE7M8-26-T-3277,SPE7M826T3277.PDF,2026-04-10,2026-04-20,24,HUBZone set-aside,2,False,,True,7,True,7,True,8,False,,False,,True,3,no procurement history in PDF - investigate DLA management price; line stays unpriced,1,0,,,,,,,,,,
SPE7M826T3632,SPE7M8-26-T-3632,SPE7M826T3632.PDF,2026-04-27,2026-05-07,24,HUBZone set-aside,2,True,3,True,8,False,,False,,False,,True,3,True,4,recent exact-NSN history,1,1,16768.4,,2096.05,2024-04-27,7.0,SPE7M824P1352P00003,6FN58,SPE7M826T3632.PDF p.7,2.4,8.0
SPE7M826T3980,SPE7M8-26-T-3980,SPE7M826T3980.PDF,2026-05-08,2026-05-18,23,HUBZone set-aside,2,False,,True,7,False,,False,,False,,False,,True,3,no procurement history in PDF - investigate DLA management price; line stays unpriced,1,0,,,,,,,,,,
SPE7M826T4052,SPE7M8-26-T-4052,SPE7M826T4052.PDF,2026-05-11,2026-05-21,26,HUBZone set-aside,2,True,3,True,8,True,8,True,9,False,,True,3,True,4,recent exact-NSN history,1,1,6138.599999999999,,47.22,2025-06-16,63.0,SPE7M825P1775P00001,0GE52,SPE7M826T4052.PDF p.7,1.3,20.0
SPE7M826T4073,SPE7M8-26-T-4073,SPE7M826T4073.PDF,2026-05-11,2026-05-21,22,HUBZone set-aside,2,False,,False,,False,,False,,False,,True,3,True,3,no procurement history in PDF - investigate DLA management price; line stays unpriced,1,0,,,,,,,,,,
SPE7M826T4087,SPE7M8-26-T-4087,SPE7M826T4087.PDF,2026-05-12,2026-05-22,25,Total small business set-aside,2,True,3,True,8,True,8,True,9,False,,True,2,True,4,recent exact-NSN history,1,1,48876.799999999996,,3491.2,2022-07-06,19.0,SPE7M822P2959P00001,54208,SPE7M826T4087.PDF p.6,4.2,12.0
SPE7M826T4455,SPE7M8-26-T-4455,SPE7M826T4455.PDF,2026-05-22,2026-06-01,20,HUBZone set-aside,2,True,3,False,,False,,True,8,False,,False,,True,4,history older than 5 years - compare with DLA management price,1,1,1684.0,,421.0,2021-08-05,8.0,SPE7M821P2786,57626,SPE7M826T4455.PDF p.6,5.2,3.0
SPE7M826T4535,SPE7M8-26-T-4535,SPE7M826T4535.PDF,2026-06-01,2026-06-11,20,Total small business set-aside,2,True,3,True,7,True,7,False,,False,,False,,True,3,recent exact-NSN history,1,1,34460.0,,17230.0,2025-12-03,1.0,SPE7M826P0402,58078,SPE7M826T4535.PDF p.6,0.8,9.0
SPE7M826T4741,SPE7M8-26-T-4741,SPE7M826T4741.PDF,2026-06-08,2026-06-18,23,Total small business set-aside,2,True,3,True,8,True,8,True,9,False,,True,2,True,4,recent exact-NSN history,2,1,27249.6,,48.66,2026-05-20,99.0,SPE7M826P1653P00002,0GE52,SPE7M826T4741.PDF p.6,0.4,20.0
SPE7M826T4840,SPE7M8-26-T-4840,SPE7M826T4840.PDF,2026-06-17,2026-06-29,18,HUBZone set-aside,2,False,,False,,False,,False,,True,7,False,,True,3,no procurement history in PDF - investigate DLA management price; line stays unpriced,1,0,,,,,,,,,,
SPE7M826T5130,SPE7M8-26-T-5130,SPE7M826T5130.PDF,2026-06-30,2026-07-10,20,HUBZone set-aside,2,False,,True,7,True,7,True,8,False,,False,,True,3,recent exact-NSN history,1,0,25585.2,,41.2,2025-01-28,67.0,SPE7M325V1266,8BPE2,SPE7M826T5130.PDF p.6,1.7,11.0
SPE7M826T5182,SPE7M8-26-T-5182,SPE7M826T5182.PDF,2026-07-06,2026-07-16,19,HUBZone set-aside,2,False,,False,,True,7,True,8,True,7,False,,True,3,no procurement history in PDF - investigate DLA management price; line stays unpriced,1,0,,,,,,,,,,
SPE7M826T5225,SPE7M8-26-T-5225,SPE7M826T5225.PDF,2026-07-09,2026-07-20,21,HUBZone set-aside,2,True,3,False,,False,,True,9,True,8,True,3,True,4,recent exact-NSN history,1,1,2320.5,,2320.5,2024-04-18,6.0,SPE7M824P1242P00003,6FN58,SPE7M826T5225.PDF p.7,2.5,13.0
SPE7M826T5284,SPE7M8-26-T-5284,SPE7M826T5284.PDF,2026-07-10,2026-07-20,19,HUBZone set-aside,2,False,,True,7,True,7,False,,False,,False,,True,3,recent exact-NSN history,1,0,4400.0,,2200.0,2026-04-03,1.0,SPE7M826P1266,55097,SPE7M826T5284.PDF p.6,0.5,2.0
SPE7M826T5500,SPE7M8-26-T-5500,SPE7M826T5500.PDF,2026-07-23,2026-08-03,20,HUBZone set-aside,2,False,,True,7,True,7,True,8,False,,False,,True,3,recent exact-NSN history,1,0,99430.38,,1578.26,2023-06-08,4.0,SPE4A523F9425P00001,61423,SPE7M826T5500.PDF p.6,3.3,20.0
SPE7M826T5579,SPE7M8-26-T-5579,SPE7M826T5579.PDF,2026-07-24,2026-08-03,21,HUBZone set-aside,2,True,3,False,,False,,True,9,True,8,True,3,True,4,recent exact-NSN history,1,1,5000.0,,5000.0,2026-07-14,1.0,SPE7M826P2131,7Z016,SPE7M826T5579.PDF p.7,0.2,14.0
SPE7M826T5686,SPE7M8-26-T-5686,SPE7M826T5686.PDF,2026-08-03,2026-08-13,20,HUBZone set-aside,2,False,,True,7,True,7,True,8,False,,False,,True,3,recent exact-NSN history,1,0,14250.0,,4750.0,2025-12-15,2.0,SPE7M826P0475,87SW0,SPE7M826T5686.PDF p.6,0.8,15.0
SPE7M826T5716,SPE7M8-26-T-5716,SPE7M826T5716.PDF,2026-08-06,2026-08-17,19,HUBZone set-aside,2,True,3,False,,False,,False,,False,,True,3,True,4,history older than 5 years - compare with DLA management price,1,1,18115.0,,3623.0,2008-10-03,27.0,SPM70006G00010058,97942,SPE7M826T5716.PDF p.6,18.0,2.0
SPE7M826T5819,SPE7M8-26-T-5819,SPE7M826T5819.PDF,2026-08-07,2026-08-17,21,HUBZone set-aside,2,True,3,False,,False,,False,,False,,True,3,True,4,recent exact-NSN history,1,1,1150.0,,575.0,2026-06-23,50.0,SPE7M826P1659,9MCY1,SPE7M826T5819.PDF p.7,0.3,20.0
SPE7M826T5897,SPE7M8-26-T-5897,SPE7M826T5897.PDF,2026-08-07,2026-08-17,20,HUBZone set-aside,2,True,3,False,,False,,True,8,False,,True,3,True,4,recent exact-NSN history,1,1,16484.6,,69.85,2026-01-23,40.0,SPE7M826P0683,0ZSM8,SPE7M826T5897.PDF p.6,0.7,20.0
SPE7M826T5901,SPE7M8-26-T-5901,SPE7M826T5901.PDF,2026-08-07,2026-08-17,21,Total small business set-aside,2,True,3,False,,False,,True,9,False,,True,2,True,4,recent exact-NSN history,1,1,38763.21,,901.47,2026-02-10,53.0,SPE7M826P0812,00062,SPE7M826T5901.PDF p.6,0.6,13.0
SPE7M826T5908,SPE7M8-26-T-5908,SPE7M826T5908.PDF,2026-08-07,2026-08-17,18,HUBZone set-aside,2,False,,False,,False,,False,,False,,False,,True,3,history older than 5 years - compare with DLA management price,1,0,1.48,,1.48,1993-11-29,179.0,SP090094AA6730376,2B144,SPE7M826T5908.PDF p.6,32.8,1.0
SPE7M826T5948,SPE7M8-26-T-5948,SPE7M826T5948.PDF,2026-08-12,2026-08-24,21,Total small business set-aside,2,True,3,True,8,True,8,True,9,False,,True,2,True,4,recent exact-NSN history,1,1,64800.0,,1200.0,2026-03-31,115.0,SPE7M826P1232P00001,58918,SPE7M826T5948.PDF p.6,0.5,20.0
SPE7M826T6013,SPE7M8-26-T-6013,SPE7M826T6013.PDF,2026-08-18,2026-08-28,19,HUBZone set-aside,2,False,,False,,False,,True,7,False,,True,3,True,3,history older than 5 years - compare with DLA management price,1,0,894.88,,26.32,2020-12-28,387.0,SPE7M821P0878,6AFX5,SPE7M826T6013.PDF p.6,5.8,11.0
SPE7M826T6053,SPE7M8-26-T-6053,SPE7M826T6053.PDF,2026-08-20,2026-08-31,19,HUBZone set-aside,2,False,,True,7,True,7,True,8,False,,False,,True,3,no procurement history in PDF - investigate DLA management price; line stays unpriced,1,0,,,,,,,,,,
SPE7M826T6153,SPE7M8-26-T-6153,SPE7M826T6153.PDF,2026-08-21,2026-08-31,19,No set-aside clause found (check SF18 block),,False,,False,,False,,False,,False,,False,,True,3,recent exact-NSN history,1,0,20737.079999999998,,576.03,2026-06-17,37.0,SPE7M826V1421,3WGD1,SPE7M826T6153.PDF p.6,0.3,20.0
SPE7M826T6229,SPE7M8-26-T-6229,SPE7M826T6229.PDF,2026-08-26,2026-09-08,19,HUBZone set-aside,2,False,,True,7,True,7,True,8,True,8,False,,True,3,no procurement history in PDF - investigate DLA management price; line stays unpriced,1,0,,,,,,,,,,
SPE7M826T6252,SPE7M8-26-T-6252,SPE7M826T6252.PDF,2026-08-27,2026-09-08,22,HUBZone set-aside,2,True,3,True,8,True,8,False,,False,,True,3,True,4,recent exact-NSN history,1,1,555.37,,555.37,2026-08-20,62.0,SPE7M826P2444,6KK31,SPE7M826T6252.PDF p.6,0.1,19.0
SPE7M826T6263,SPE7M8-26-T-6263,SPE7M826T6263.PDF,2026-08-27,2026-09-08,20,HUBZone set-aside,2,False,,True,7,True,7,False,,False,,True,3,True,3,recent exact-NSN history,1,0,51433.06,,2236.22,2025-05-08,22.0,SPE7M825P1530P00001,0VVU9,SPE7M826T6263.PDF p.6,1.4,6.0
SPE7M826T6273,SPE7M8-26-T-6273,SPE7M826T6273.PDF,2026-08-27,2026-09-08,20,HUBZone set-aside,2,False,,True,7,True,7,False,,False,,False,,True,3,no procurement history in PDF - investigate DLA management price; line stays unpriced,1,0,,,,,,,,,,
SPE7M826T6329,SPE7M8-26-T-6329,SPE7M826T6329.PDF,2026-08-28,2026-09-08,19,HUBZone set-aside,2,False,,True,7,False,,True,7,False,,False,,True,3,history older than 5 years - compare with DLA management price,1,0,483.92,,60.49,2003-11-30,33.0,SP093504D5M870001,1JX19,SPE7M826T6329.PDF p.6,22.8,1.0
SPE7M826T6349,SPE7M8-26-T-6349,SPE7M826T6349.PDF,2026-08-28,2026-09-08,19,HUBZone set-aside,2,False,,True,7,True,7,False,,False,,False,,True,3,no procurement history in PDF - investigate DLA management price; line stays unpriced,1,0,,,,,,,,,,
SPE7M826T6356,SPE7M8-26-T-6356,SPE7M826T6356.PDF,2026-08-31,2026-09-10,20,HUBZone set-aside,2,False,,True,7,True,7,True,8,False,,False,,True,3,recent exact-NSN history,1,0,22500.0,,4500.0,2026-08-04,4.0,SPE7M826P2165,87SW0,SPE7M826T6356.PDF p.6,0.2,16.0
SPE7M826T6381,SPE7M8-26-T-6381,SPE7M826T6381.PDF,2026-09-01,2026-09-11,19,HUBZone set-aside,2,False,,True,8,True,7,True,8,False,,False,,True,3,recent exact-NSN history,1,0,41174.0,,1176.4,2025-09-02,12.0,SPE7M825V2105,83803,SPE7M826T6381.PDF p.6,1.1,20.0
SPE7M826T6395,SPE7M8-26-T-6395,SPE7M826T6395.PDF,2026-09-02,2026-09-14,19,HUBZone set-aside,2,False,,False,,False,,False,,False,,True,3,True,3,history older than 5 years - compare with DLA management price,1,0,126.71,,126.71,2015-11-14,64.0,SPE7M816M0675,07232,SPE7M826T6395.PDF p.6,10.9,3.0
SPE7M826T6408,SPE7M8-26-T-6408,SPE7M826T6408.PDF,2026-09-04,2026-09-14,20,Total small business set-aside,2,False,,True,7,True,7,True,8,False,,False,,True,3,recent exact-NSN history,1,0,46200.0,,1100.0,2026-04-28,25.0,SPE7M826P1434P00001,9MCY1,SPE7M826T6408.PDF p.5,0.4,20.0
SPE7M826T6451,SPE7M8-26-T-6451,SPE7M826T6451.PDF,2026-09-10,2026-09-21,19,HUBZone set-aside,2,False,,True,7,True,7,True,8,False,,False,,True,3,recent exact-NSN history,1,0,4950.5,,4950.5,2024-09-11,1.0,SPE7M824P2236P00001,6ZSR8,SPE7M826T6451.PDF p.6,2.1,1.0
SPE7M826T6534,SPE7M8-26-T-6534,SPE7M826T6534.PDF,2026-09-11,2026-09-21,22,Total small business set-aside,2,True,3,False,,False,,True,10,False,,True,2,True,4,recent exact-NSN history,1,1,42700.0,,175.0,2026-01-14,103.0,SPE7M126P3162,1Y5C0,SPE7M826T6534.PDF p.6,0.7,20.0
SPE7M826T6635,SPE7M8-26-T-6635,SPE7M826T6635.PDF,2026-09-14,2026-09-24,21,HUBZone set-aside,2,True,3,False,,False,,False,,False,,True,3,True,4,recent exact-NSN history,1,1,4600.0,,575.0,2026-06-23,50.0,SPE7M826P1659P00001,9MCY1,SPE7M826T6635.PDF p.7,0.3,20.0
SPE7M826T6640,SPE7M8-26-T-6640,SPE7M826T6640.PDF,2026-09-14,2026-09-24,22,HUBZone set-aside,2,True,3,True,9,True,8,True,9,True,9,True,3,True,4,recent exact-NSN history,1,1,12940.0,,647.0,2026-08-12,79.0,SPE7M826P2359,2G657,SPE7M826T6640.PDF p.6,0.1,20.0
SPE7M826T6649,SPE7M8-26-T-6649,SPE7M826T6649.PDF,2026-09-14,2026-09-24,19,HUBZone set-aside,2,False,,True,7,True,7,False,,False,,False,,True,3,no procurement history in PDF - investigate DLA management price; line stays unpriced,1,0,,,,,,,,,,
SPE7M826T6662,SPE7M8-26-T-6662,SPE7M826T6662.PDF,2026-09-15,2026-09-25,22,HUBZone set-aside,2,True,3,True,9,True,8,True,9,False,,True,3,True,4,recent exact-NSN history,1,1,262500.0,,1250.0,2026-05-21,234.0,SPE7M826P1625,58918,SPE7M826T6662.PDF p.6,0.4,20.0
SPE7M826T6677,SPE7M8-26-T-6677,SPE7M826T6677.PDF,2026-09-16,2026-09-28,20,HUBZone set-aside,2,True,7,False,,False,,True,8,False,,True,3,True,3,recent exact-NSN history,1,0,1251.8,,625.9,2025-10-16,3.0,SPE7M826V0068,07232,SPE7M826T6677.PDF p.6,1.0,8.0
SPE7M826T6719,SPE7M8-26-T-6719,SPE7M826T6719.PDF,2026-09-17,2026-09-28,19,HUBZone set-aside,2,False,,True,7,True,7,True,8,True,8,False,,True,3,recent exact-NSN history,1,0,795.1,,397.55,2025-11-26,13.0,SPE7M126P1624P00001,7Z016,SPE7M826T6719.PDF p.6,0.8,16.0
SPE7M826T6729,SPE7M8-26-T-6729,SPE7M826T6729.PDF,2026-09-17,2026-09-28,19,Total small business set-aside,2,False,,True,7,True,7,False,,False,,False,,True,3,recent exact-NSN history,1,0,35098.92,,649.98,2026-06-18,23.0,SPE7M226V4000P00001,3T8J4,SPE7M826T6729.PDF p.5,0.3,10.0
SPE7M826T6747,SPE7M8-26-T-6747,SPE7M826T6747.PDF,2026-09-18,2026-09-28,21,HUBZone set-aside; WOSB set-aside,2,True,3,False,,False,,True,9,False,,True,3,True,4,recent exact-NSN history,1,1,18880.0,,944.0,2026-01-09,16.0,SPE7M126P3054,5V049,SPE7M826T6747.PDF p.7,0.7,20.0
SPE7M826T6766,SPE7M8-26-T-6766,SPE7M826T6766.PDF,2026-09-21,2026-10-01,19,No set-aside clause found (check SF18 block),,False,,False,,False,,False,,False,,False,,True,3,recent exact-NSN history,1,0,28225.469999999998,,576.03,2026-06-17,37.0,SPE7M826V1421,3WGD1,SPE7M826T6766.PDF p.6,0.3,20.0
SPE7M826T6768,SPE7M8-26-T-6768,SPE7M826T6768.PDF,2026-09-21,2026-10-01,21,Total small business set-aside,2,True,3,True,8,True,8,True,9,False,,True,2,True,4,recent exact-NSN history,1,1,42322.600000000006,,729.7,2025-04-07,52.0,SPE7M825P1250P00001,51557,SPE7M826T6768.PDF p.7,1.5,18.0
SPE7M826T6773,SPE7M8-26-T-6773,SPE7M826T6773.PDF,2026-09-22,2026-10-02,19,HUBZone set-aside,2,False,,False,,True,7,False,,False,,False,,True,3,no procurement history in PDF - investigate DLA management price; line stays unpriced,1,0,,,,,,,,,,
SPE7M826T6777,SPE7M8-26-T-6777,SPE7M826T6777.PDF,2026-09-22,2026-10-02,19,HUBZone set-aside,2,False,,False,,True,7,False,,False,,False,,True,3,no procurement history in PDF - investigate DLA management price; line stays unpriced,1,0,,,,,,,,,,
SPE7M826T6864,SPE7M8-26-T-6864,SPE7M826T6864.PDF,2026-09-25,2026-10-05,20,Total small business set-aside,2,True,3,True,7,True,7,False,,False,,False,,True,3,recent exact-NSN history,1,1,17230.0,,17230.0,2025-12-03,1.0,SPE7M826P0402,58078,SPE7M826T6864.PDF p.6,0.8,9.0
SPE7M826T6879,SPE7M8-26-T-6879,SPE7M826T6879.PDF,2026-09-25,2026-10-05,20,HUBZone set-aside,2,False,,True,7,True,7,False,,False,,True,3,True,3,recent exact-NSN history,1,0,13861.5,,2310.25,2025-07-16,6.0,SPE7M825P2008,6ZSR8,SPE7M826T6879.PDF p.6,1.2,15.0
SPE7M826T6883,SPE7M8-26-T-6883,SPE7M826T6883.PDF,2026-09-25,2026-10-05,19,HUBZone set-aside,2,False,,True,7,True,7,True,8,True,8,False,,True,3,no procurement history in PDF - investigate DLA management price; line stays unpriced,1,0,,,,,,,,,,
SPE7M826T6890,SPE7M8-26-T-6890,SPE7M826T6890.PDF,2026-09-25,2026-10-05,20,Total small business set-aside,2,False,,True,7,True,7,True,8,False,,False,,True,3,recent exact-NSN history,1,0,23100.0,,1100.0,2026-04-28,25.0,SPE7M826P1434P00001,9MCY1,SPE7M826T6890.PDF p.5,0.4,20.0
SPE7M826T6916,SPE7M8-26-T-6916,SPE7M826T6916.PDF,2026-09-28,2026-10-08,21,HUBZone set-aside,2,True,3,True,8,True,8,False,,False,,False,,True,4,history older than 5 years - compare with DLA management price,1,1,2271.45,,119.55,2017-02-13,47.0,SPE7M817V0548,0BTU8,SPE7M826T6916.PDF p.6,9.6,10.0
SPE7M826T6928,SPE7M8-26-T-6928,SPE7M826T6928.PDF,2026-09-28,2026-10-08,21,Total small business set-aside,2,True,3,False,,False,,True,9,False,,True,2,True,4,recent exact-NSN history,1,1,73910.0,,972.5,2025-12-10,56.0,SPE7M826P0434,00062,SPE7M826T6928.PDF p.6,0.8,20.0
SPE7M826T6930,SPE7M8-26-T-6930,SPE7M826T6930.PDF,2026-09-28,2026-10-08,19,HUBZone set-aside,2,False,,True,7,True,7,False,,False,,True,3,True,3,recent exact-NSN history,1,0,2570.1499999999996,,514.03,2026-03-06,8.0,SPE7M126V6904,83803,SPE7M826T6930.PDF p.6,0.6,20.0
SPE7M826T6939,SPE7M8-26-T-6939,SPE7M826T6939.PDF,2026-09-29,2026-10-09,19,Total small business set-aside,2,False,,False,,False,,False,,False,,True,2,True,3,recent exact-NSN history,1,0,85440.0,,7120.0,2026-08-06,1.0,SPE7M826V1512,98505,SPE7M826T6939.PDF p.6,0.2,20.0
SPE7M826T6948,SPE7M8-26-T-6948,SPE7M826T6948.PDF,2026-09-29,2026-10-09,20,HUBZone set-aside; WOSB set-aside,2,False,,True,8,True,7,True,8,True,7,True,3,True,3,recent exact-NSN history,1,0,45059.01,,883.51,2025-07-01,62.0,SPE7M825P1916P00002,5X557,SPE7M826T6948.PDF p.6,1.2,20.0
SPE7M826T6956,SPE7M8-26-T-6956,SPE7M826T6956.PDF,2026-09-30,2026-10-13,21,HUBZone set-aside,2,True,3,False,,False,,False,,False,,True,3,True,4,recent exact-NSN history,1,1,4600.0,,575.0,2026-06-23,50.0,SPE7M826P1659P00001,9MCY1,SPE7M826T6956.PDF p.7,0.3,20.0
SPE7MC26T136C,SPE7MC-26-T-136C,SPE7MC26T136C.PDF,2026-07-15,2026-07-27,20,HUBZone set-aside,2,False,,True,7,True,7,False,,True,7,True,3,True,3,no procurement history in PDF - investigate DLA management price; line stays unpriced,1,0,,,,,,,,,,
SPE7MC26T7272,SPE7MC-26-T-7272,SPE7MC26T7272.PDF,2026-03-27,2026-04-06,23,HUBZone set-aside,2,False,,False,,False,,False,,False,,False,,True,3,recent exact-NSN history,1,0,63286.02,,7031.78,2026-02-11,8.0,SPE7MC26P1579P00001,U27T5,SPE7MC26T7272.PDF p.6,0.6,1.0
SPE7MX26Q0002,SPE7MX26Q0002,SPE7MX26Q0002.PDF,2026-03-04,2026-03-19,46,Total small business set-aside; Partial small business set-aside,21,True,2,True,7,True,5,True,5,False,,False,,False,,no procurement history in PDF - investigate DLA management price; line stays unpriced,0,0,,no CLINs parsed,,,,,,,,
SPE8E426Q0206,SPE8E426Q0206,SPE8E426Q0206.PDF,2026-06-05,2026-06-20,41,Partial small business set-aside; HUBZone set-aside,20,False,,False,,False,,False,,False,,False,,False,,no procurement history in PDF - investigate DLA management price; line stays unpriced,0,0,,no CLINs parsed,,,,,,,,
SPE8E426Q0398,SPE8E426Q0398,SPE8E426Q0398.PDF,2026-09-03,2026-09-10,25,Partial small business set-aside; HUBZone set-aside,12,False,,False,,False,,False,,False,,False,,False,,no procurement history in PDF - investigate DLA management price; line stays unpriced,0,0,,no CLINs parsed,,,,,,,,
SPE8E426Q0408,SPE8E426Q0408,SPE8E426Q0408.PDF,2026-09-17,2026-10-01,15,HUBZone set-aside,14,False,,True,3,True,3,False,,False,,False,,False,,no procurement history in PDF - investigate DLA management price; line stays unpriced,0,0,,no CLINs parsed,,,,,,,,
SPE8E426Q0410,SPE8E426Q0410,SPE8E426Q0410.PDF,2026-09-21,2026-10-01,15,HUBZone set-aside,14,False,,True,3,True,3,False,,False,,False,,False,,no procurement history in PDF - investigate DLA management price; line stays unpriced,0,0,,no CLINs parsed,,,,,,,,
SPE8E426Q0413,SPE8E426Q0413,SPE8E426Q0413.PDF,2026-09-25,2026-10-02,23,Partial small business set-aside; HUBZone set-aside,11,False,,False,,False,,True,4,False,,False,,False,,no procurement history in PDF - investigate DLA management price; line stays unpriced,0,0,,no CLINs parsed,,,,,,,,
SPE8E426Q0415,SPE8E426Q0415,SPE8E426Q0415.PDF,2026-09-25,2026-10-02,22,Partial small business set-aside; HUBZone set-aside,10,False,,True,3,True,3,False,,False,,False,,False,,no procurement history in PDF - investigate DLA management price; line stays unpriced,0,0,,no CLINs parsed,,,,,,,,
SPE8E426T1466,SPE8E4-26-T-1466,SPE8E426T1466.PDF,2026-05-06,2026-05-18,23,HUBZone set-aside,2,False,,True,7,True,7,False,,False,,False,,True,3,no procurement history in PDF - investigate DLA management price; line stays unpriced,1,0,,,,,,,,,,
SPE8E426T1487,SPE8E4-26-T-1487,SPE8E426T1487.PDF,2026-05-06,2026-05-18,24,HUBZone set-aside,2,False,,False,,False,,False,,False,,False,,True,3,recent exact-NSN history,1,0,6250.0,,625.0,2025-10-21,7.0,SPE8E426V0081,00DV6,SPE8E426T1487.PDF p.6,0.9,16.0
SPE8E426T1608,SPE8E4-26-T-1608,SPE8E426T1608.PDF,2026-05-18,2026-05-28,20,HUBZone set-aside,2,False,,False,,False,,False,,False,,False,,True,3,history older than 5 years - compare with DLA management price,1,0,2376.0,,99.0,2013-09-30,4.0,SPM8E513MQE08,34FP9,SPE8E426T1608.PDF p.6,13.0,10.0
SPE8E426T1620,SPE8E4-26-T-1620,SPE8E426T1620.PDF,2026-05-19,2026-05-29,20,HUBZone set-aside,2,False,,False,,False,,False,,False,,False,,True,3,recent exact-NSN history,1,0,3276.8999999999996,,148.95,2023-07-21,28.0,SPE8E423V1599,72AP1,SPE8E426T1620.PDF p.6,3.2,15.0
SPE8E426T1707,SPE8E4-26-T-1707,SPE8E426T1707.PDF,2026-06-02,2026-06-12,21,Total small business set-aside,2,False,,False,,False,,False,,False,,False,,True,3,recent exact-NSN history,1,0,21414.0,,3569.0,2025-12-05,5.0,SPE8E426V0374,1Q494,SPE8E426T1707.PDF p.5,0.8,20.0
SPE8E426T1759,SPE8E4-26-T-1759,SPE8E426T1759.PDF,2026-06-11,2026-06-22,21,Total small business set-aside,2,False,,False,,False,,False,,False,,False,,True,3,recent exact-NSN history,1,0,19180.0,,2740.0,2026-06-04,17.0,SPE8E426PQ253,00DV6,SPE8E426T1759.PDF p.5,0.3,20.0
SPE8E426T1766,SPE8E4-26-T-1766,SPE8E426T1766.PDF,2026-06-11,2026-06-22,19,HUBZone set-aside,2,False,,True,7,True,7,False,,False,,False,,True,3,recent exact-NSN history,1,0,8070.0,,2690.0,2025-07-10,9.0,SPE8E425P0153P00001,1M9A0,SPE8E426T1766.PDF p.6,1.2,6.0
SPE8E426T1781,SPE8E4-26-T-1781,SPE8E426T1781.PDF,2026-06-12,2026-06-22,20,Total small business set-aside,2,False,,True,7,True,7,False,,False,,False,,True,3,recent exact-NSN history,1,0,19369.0,,2767.0,2024-04-24,4.0,SPE8E424P0067,5W3A9,SPE8E426T1781.PDF p.5,2.4,7.0
SPE8E426T1791,SPE8E4-26-T-1791,SPE8E426T1791.PDF,2026-06-15,2026-06-25,20,Total small business set-aside,2,False,,False,,False,,True,8,False,,False,,True,3,recent exact-NSN history,1,0,19008.0,,864.0,2026-01-08,20.0,SPE8E426V0510,3V5Q1,SPE8E426T1791.PDF p.5,0.7,20.0
SPE8E426T1840,SPE8E4-26-T-1840,SPE8E426T1840.PDF,2026-06-17,2026-06-29,19,HUBZone set-aside,2,False,,True,7,True,7,False,,False,,False,,True,3,recent exact-NSN history,1,0,1645.0,,1645.0,2026-02-10,1.0,SPE8E426V0633P00001,57140,SPE8E426T1840.PDF p.6,0.6,2.0
SPE8E426T1842,SPE8E4-26-T-1842,SPE8E426T1842.PDF,2026-06-18,2026-06-29,21,HUBZone set-aside,2,True,3,True,8,True,8,True,9,False,,True,3,True,4,history older than 5 years - compare with DLA management price,1,1,4964.0,,292.0,2010-11-22,2.0,SPM8E511M0037,56064,SPE8E426T1842.PDF p.7,15.9,3.0
SPE8E426T1918,SPE8E4-26-T-1918,SPE8E426T1918.PDF,2026-07-23,2026-08-03,20,Total small business set-aside,2,False,,False,,False,,False,,False,,False,,True,3,recent exact-NSN history,1,0,27167.03,,2469.73,2026-06-05,11.0,SPE8E426V1236P00001,3L672,SPE8E426T1918.PDF p.5,0.3,20.0
SPE8E426T1936,SPE8E4-26-T-1936,SPE8E426T1936.PDF,2026-07-29,2026-08-10,20,Total small business set-aside,2,True,3,True,7,True,7,False,,False,,True,2,True,4,recent exact-NSN history,1,1,19414.36,,4853.59,2024-12-27,4.0,SPE8E425CF003P00003,4EZD2,SPE8E426T1936.PDF p.6,1.8,7.0
SPE8E426T1942,SPE8E4-26-T-1942,SPE8E426T1942.PDF,2026-08-06,2026-08-17,20,Total small business set-aside,2,False,,False,,False,,True,8,False,,False,,True,3,recent exact-NSN history,1,0,21168.0,,10584.0,2026-07-27,2.0,SPE8E426PQ302,3V5Q1,SPE8E426T1942.PDF p.5,0.2,20.0
SPE8E426T2024,SPE8E4-26-T-2024,SPE8E426T2024.PDF,2026-08-07,2026-08-17,21,HUBZone set-aside,2,False,,True,7,False,,True,9,False,,False,,True,3,recent exact-NSN history,1,0,8756.0,,398.0,2025-01-06,29.0,SPE8E425V0544,0TB20,SPE8E426T2024.PDF p.6,1.7,20.0
SPE8E426T2038,SPE8E4-26-T-2038,SPE8E426T2038.PDF,2026-08-10,2026-08-20,20,Total small business set-aside,2,False,,False,,False,,False,,False,,False,,True,3,recent exact-NSN history,1,0,33868.8,,2257.92,2026-05-26,1.0,SPE8E426V1183,3L672,SPE8E426T2038.PDF p.5,0.3,20.0
SPE8E426T2083,SPE8E4-26-T-2083,SPE8E426T2083.PDF,2026-08-12,2026-08-24,21,Total small business set-aside,2,False,,True,7,False,,False,,False,,False,,True,3,recent exact-NSN history,1,0,62550.0,,1390.0,2026-01-08,40.0,SPE8E426V0509,1Q494,SPE8E426T2083.PDF p.5,0.7,20.0
SPE8E426T2126,SPE8E4-26-T-2126,SPE8E426T2126.PDF,2026-08-17,2026-08-27,20,HUBZone set-aside,2,False,,False,,False,,False,,False,,False,,True,3,recent exact-NSN history,1,0,7909.25,,1581.85,2026-07-10,6.0,SPE8E426V1362,8V607,SPE8E426T2126.PDF p.6,0.2,20.0
SPE8E426T2171,SPE8E4-26-T-2171,SPE8E426T2171.PDF,2026-08-28,2026-09-08,20,Total small business set-aside,2,False,,False,,False,,False,,False,,False,,True,3,recent exact-NSN history,1,0,14376.48,,7188.24,2025-12-03,1.0,SPE8E426V0355P00001,1JT69,SPE8E426T2171.PDF p.5,0.8,20.0
SPE8E426T2174,SPE8E4-26-T-2174,SPE8E426T2174.PDF,2026-09-01,2026-09-11,20,HUBZone set-aside,2,False,,False,,False,,False,,False,,False,,True,3,recent exact-NSN history,1,0,16500.0,,5500.0,2025-04-22,3.0,SPE8E425PQ292P00001,00DV6,SPE8E426T2174.PDF p.6,1.4,13.0
SPE8E426T2190,SPE8E4-26-T-2190,SPE8E426T2190.PDF,2026-09-03,2026-09-14,21,Total small business set-aside,2,False,,True,7,False,,False,,False,,False,,True,3,recent exact-NSN history,1,0,39531.8,,9882.95,2026-03-06,4.0,SPE8E426V0766P00001,1JT69,SPE8E426T2190.PDF p.5,0.6,20.0
SPE8E426T2191,SPE8E4-26-T-2191,SPE8E426T2191.PDF,2026-09-03,2026-09-14,20,HUBZone set-aside,2,False,,False,,False,,False,,False,,False,,True,3,recent exact-NSN history,1,0,9050.0,,4525.0,2026-02-25,2.0,SPE8E426V0731,3A248,SPE8E426T2191.PDF p.6,0.6,18.0
SPE8E426T2205,SPE8E4-26-T-2205,SPE8E426T2205.PDF,2026-09-08,2026-09-18,20,Total small business set-aside,2,False,,False,,False,,False,,False,,False,,True,3,history older than 5 years - compare with DLA management price,1,0,18753.76,,4688.44,2018-10-11,3.0,SPE8E519V0156,0C0B1,SPE8E426T2205.PDF p.5,8.0,7.0
SPE8E426T2206,SPE8E4-26-T-2206,SPE8E426T2206.PDF,2026-09-08,2026-09-18,20,HUBZone set-aside,2,False,,False,,False,,False,,False,,False,,True,3,recent exact-NSN history,1,0,9498.3,,3166.1,2025-06-23,7.0,SPE8E425V1540,3WJU3,SPE8E426T2206.PDF p.6,1.3,20.0
SPE8E426T2247,SPE8E4-26-T-2247,SPE8E426T2247.PDF,2026-09-15,2026-09-25,20,Total small business set-aside,2,False,,False,,False,,False,,False,,False,,True,3,recent exact-NSN history,1,0,16636.0,,2079.5,2022-04-07,25.0,SPE8E422PQ453,6RG59,SPE8E426T2247.PDF p.5,4.5,20.0
SPE8E426T2248,SPE8E4-26-T-2248,SPE8E426T2248.PDF,2026-09-15,2026-09-25,20,HUBZone set-aside,2,False,,False,,False,,True,8,False,,False,,True,3,recent exact-NSN history,1,0,2680.0,,335.0,2026-02-10,11.0,SPE8E426V0651,00DV6,SPE8E426T2248.PDF p.6,0.6,20.0
SPE8E426T2249,SPE8E4-26-T-2249,SPE8E426T2249.PDF,2026-09-15,2026-09-25,22,HUBZone set-aside,2,False,,False,,False,,True,8,False,,False,,True,3,recent exact-NSN history,2,0,3685.0,,335.0,2026-02-10,11.0,SPE8E426V0651,00DV6,SPE8E426T2249.PDF p.6,0.6,20.0
SPE8E426T2330,SPE8E4-26-T-2330,SPE8E426T2330.PDF,2026-09-24,2026-10-05,20,HUBZone set-aside,2,False,,False,,False,,True,8,False,,False,,True,3,recent exact-NSN history,1,0,10636.6,,409.1,2026-01-15,8.0,SPE8E426PQ123,72AP1,SPE8E426T2330.PDF p.6,0.7,20.0
SPE8E426T2335,SPE8E4-26-T-2335,SPE8E426T2335.PDF,2026-09-25,2026-10-05,21,Total small business set-aside,2,False,,True,7,False,,False,,False,,False,,True,3,recent exact-NSN history,1,0,37575.0,,6262.5,2025-05-29,1.0,SPE8E425V1447,1JT69,SPE8E426T2335.PDF p.5,1.3,20.0
SPE8E426T2343,SPE8E4-26-T-2343,SPE8E426T2343.PDF,2026-09-25,2026-10-05,20,HUBZone set-aside,2,False,,False,,False,,True,9,False,,False,,True,3,history older than 5 years - compare with DLA management price,1,0,5305.5599999999995,,884.26,2021-06-01,13.0,SPE8E421V1300,72AP1,SPE8E426T2343.PDF p.6,5.3,8.0
SPE8E426T2366,SPE8E4-26-T-2366,SPE8E426T2366.PDF,2026-09-29,2026-10-09,20,HUBZone set-aside,2,False,,False,,False,,False,,False,,False,,True,3,recent exact-NSN history,1,0,11277.0,,3759.0,2024-09-25,9.0,SPE8E424PQ537,067C0,SPE8E426T2366.PDF p.6,2.0,20.0
SPE8E526T2248,SPE8E5-26-T-2248,SPE8E526T2248.PDF,2026-04-03,2026-04-13,25,HUBZone set-aside,2,True,3,True,8,True,8,True,9,False,,True,3,True,4,history older than 5 years - compare with DLA management price,1,1,435.0,,43.5,2021-05-13,95.0,SPE8E521CF022,11934,SPE8E526T2248.PDF p.7,5.4,3.0
SPE8E526T2281,SPE8E5-26-T-2281,SPE8E526T2281.PDF,2026-04-03,2026-04-13,23,HUBZone set-aside,2,False,,True,7,True,7,False,,False,,False,,True,3,no procurement history in PDF - investigate DLA management price; line stays unpriced,1,0,,,,,,,,,,
SPE8E526T2551,SPE8E5-26-T-2551,SPE8E526T2551.PDF,2026-04-23,2026-05-04,26,HUBZone set-aside,2,True,3,True,8,True,8,False,,False,,True,3,True,4,history older than 5 years - compare with DLA management price,1,1,3638.0,,26.75,2017-11-13,646.0,SPE8E518CF001NOVATE,09036,SPE8E526T2551.PDF p.6,8.9,20.0
SPE8E526T2940,SPE8E5-26-T-2940,SPE8E526T2940.PDF,2026-05-26,2026-06-05,19,HUBZone set-aside,2,False,,True,7,True,7,False,,False,,True,3,True,3,history older than 5 years - compare with DLA management price,1,0,2142.1800000000003,,39.67,2011-05-16,100.0,SPM8E311M1141,0ZBE8,SPE8E526T2940.PDF p.6,15.4,5.0
SPE8E526T3224,SPE8E5-26-T-3224,SPE8E526T3224.PDF,2026-06-11,2026-06-22,20,Total small business set-aside,2,True,3,True,8,True,7,False,,False,,True,2,True,3,recent exact-NSN history,1,1,128294.0,,2789.0,2022-12-01,57.0,SPE7L123F1917,0WU25,SPE8E526T3224.PDF p.6,3.8,16.0
SPE8E526T3361,SPE8E5-26-T-3361,SPE8E526T3361.PDF,2026-06-22,2026-07-02,22,HUBZone set-aside,2,True,3,True,8,True,8,False,,False,,True,3,True,4,history older than 5 years - compare with DLA management price,1,1,5082.5,,26.75,2017-11-13,646.0,SPE8E518CF001NOVATE,09036,SPE8E526T3361.PDF p.6,8.9,20.0
SPE8E526T3875,SPE8E5-26-T-3875,SPE8E526T3875.PDF,2026-08-06,2026-08-17,18,HUBZone set-aside,2,False,,False,,False,,True,7,False,,False,,True,3,recent exact-NSN history,1,0,19019.0,,500.5,2023-01-18,8.0,SPE8E523P0569,82686,SPE8E526T3875.PDF p.6,3.7,16.0
SPE8E526T4024,SPE8E5-26-T-4024,SPE8E526T4024.PDF,2026-08-20,2026-08-31,21,Total small business set-aside,2,True,3,True,8,True,7,False,,False,,True,2,True,3,recent exact-NSN history,1,1,27890.0,,2789.0,2022-12-01,57.0,SPE7L123F1917,0WU25,SPE8E526T4024.PDF p.6,3.8,16.0
SPE8E526T4185,SPE8E5-26-T-4185,SPE8E526T4185.PDF,2026-09-03,2026-09-14,19,HUBZone set-aside,2,False,,True,7,True,7,False,,False,,False,,True,3,history older than 5 years - compare with DLA management price,1,0,3520.0,,110.0,2018-06-25,47.0,SPE8E518P1046,7LLC2,SPE8E526T4185.PDF p.6,8.3,10.0
SPE8E526T4516,SPE8E5-26-T-4516,SPE8E526T4516.PDF,2026-09-30,2026-10-13,19,HUBZone set-aside,2,False,,True,7,True,7,True,8,False,,False,,True,3,recent exact-NSN history,1,0,2262.4,,282.8,2026-07-22,57.0,SPE8E526P1360,7H7B4,SPE8E526T4516.PDF p.6,0.2,7.0
SPE8E626Q0600,SPE8E626Q0600,SPE8E626Q0600.PDF,2026-08-14,2026-08-24,18,Partial small business set-aside; HUBZone set-aside,8,False,,True,4,True,3,False,,False,,False,,False,,no procurement history in PDF - investigate DLA management price; line stays unpriced,0,0,,no CLINs parsed,,,,,,,,
SPE8E626Q0633,SPE8E626Q0633,SPE8E626Q0633.PDF,2026-08-10,2026-08-17,31,Partial small business set-aside; HUBZone set-aside,20,False,,True,4,True,3,True,4,False,,False,,False,,no procurement history in PDF - investigate DLA management price; line stays unpriced,0,0,,no CLINs parsed,,,,,,,,
SPE8E626Q0655,SPE8E626Q0655,SPE8E626Q0655.PDF,2026-08-20,2026-09-03,7,HUBZone set-aside,7,False,,True,4,True,3,False,,False,,False,,False,,no procurement history in PDF - investigate DLA management price; line stays unpriced,0,0,,no CLINs parsed,,,,,,,,
SPE8E626T2266,SPE8E6-26-T-2266,SPE8E626T2266.PDF,2026-04-03,2026-04-13,25,HUBZone set-aside,2,True,3,True,9,True,9,False,,False,,True,3,True,4,no procurement history in PDF - investigate DLA management price; line stays unpriced,1,1,,,,,,,,,,
SPE8E626T2271,SPE8E6-26-T-2271,SPE8E626T2271.PDF,2026-04-03,2026-04-13,23,HUBZone set-aside,2,False,,True,8,True,7,False,,False,,False,,True,3,recent exact-NSN history,1,0,6399.1,,35.95,2026-03-24,8.0,SPE8E626V1034,0YVT7,SPE8E626T2271.PDF p.6,0.5,1.0
SPE8E626T2394,SPE8E6-26-T-2394,SPE8E626T2394.PDF,2026-04-08,2026-04-20,24,HUBZone set-aside,2,False,,False,,False,,False,,False,,False,,True,3,history older than 5 years - compare with DLA management price,1,0,4000.0,,40.0,2021-08-26,58.0,SPE8E621P1171,6US11,SPE8E626T2394.PDF p.6,5.1,9.0
SPE8E626T2737,SPE8E6-26-T-2737,SPE8E626T2737.PDF,2026-05-01,2026-05-11,24,HUBZone set-aside,2,False,,True,7,True,7,False,,False,,True,3,True,3,no procurement history in PDF - investigate DLA management price; line stays unpriced,1,0,,,,,,,,,,
SPE8E626T2978,SPE8E6-26-T-2978,SPE8E626T2978.PDF,2026-05-19,2026-05-29,19,HUBZone set-aside,2,False,,False,,False,,False,,False,,False,,True,3,history older than 5 years - compare with DLA management price,1,0,240.0,,6.0,2019-03-19,11.0,SPE8E619P0441P00001,L07T1,SPE8E626T2978.PDF p.6,7.5,5.0
SPE8E626T3036,SPE8E6-26-T-3036,SPE8E626T3036.PDF,2026-05-28,2026-06-08,20,HUBZone set-aside,2,False,,True,8,True,7,False,,False,,False,,True,3,recent exact-NSN history,2,0,6080.15,,21.95,2026-03-19,85.0,SPE8E626V1014,0YVT7,SPE8E626T3036.PDF p.6,0.5,20.0
SPE8E626T3071,SPE8E6-26-T-3071,SPE8E626T3071.PDF,2026-05-28,2026-06-08,19,HUBZone set-aside,2,False,,False,,False,,False,,False,,False,,True,3,recent exact-NSN history,1,0,446.25,,5.95,2024-09-26,100.0,SPE8E624V1533,0YVT7,SPE8E626T3071.PDF p.6,2.0,1.0
SPE8E626T3417,SPE8E6-26-T-3417,SPE8E626T3417.PDF,2026-06-18,2026-06-29,20,HUBZone set-aside,2,False,,True,7,True,7,False,,False,,True,3,True,3,no procurement history in PDF - investigate DLA management price; line stays unpriced,1,0,,,,,,,,,,
SPE8E626T3530,SPE8E6-26-T-3530,SPE8E626T3530.PDF,2026-06-30,2026-07-10,19,HUBZone set-aside,2,False,,True,8,True,7,False,,False,,True,3,True,3,history older than 5 years - compare with DLA management price,1,0,149.75,,29.95,2012-04-11,3.0,SPM8E912M0568,0YVT7,SPE8E626T3530.PDF p.6,14.5,1.0
SPE8E626T3708,SPE8E6-26-T-3708,SPE8E626T3708.PDF,2026-07-13,2026-07-23,19,HUBZone set-aside,2,False,,True,7,True,7,False,,False,,False,,True,3,recent exact-NSN history,1,0,7200.0,,225.0,2026-06-15,1.0,SPE8E626V1596,0YVT7,SPE8E626T3708.PDF p.6,0.3,19.0
SPE8E626T3724,SPE8E6-26-T-3724,SPE8E626T3724.PDF,2026-07-15,2026-07-27,19,HUBZone set-aside,2,False,,True,7,True,7,False,,False,,False,,True,3,recent exact-NSN history,1,0,250.0,,250.0,2025-12-02,1.0,SPE8E626V0349,0YVT7,SPE8E626T3724.PDF p.6,0.8,20.0
SPE8E626T4106,SPE8E6-26-T-4106,SPE8E626T4106.PDF,2026-08-06,2026-08-17,23,HUBZone set-aside,2,True,3,True,8,True,8,False,,False,,True,3,True,4,recent exact-NSN history,1,1,42750.0,,250.0,2025-06-26,155.0,SPE8E625CF021,53655,SPE8E626T4106.PDF p.7,1.3,1.0
SPE8E626T4155,SPE8E6-26-T-4155,SPE8E626T4155.PDF,2026-08-07,2026-08-17,19,HUBZone set-aside,2,False,,True,7,True,7,False,,False,,False,,True,3,no procurement history in PDF - investigate DLA management price; line stays unpriced,1,0,,,,,,,,,,
SPE8E626T4212,SPE8E6-26-T-4212,SPE8E626T4212.PDF,2026-08-12,2026-08-24,19,HUBZone set-aside,2,False,,True,7,True,7,False,,False,,False,,True,3,no procurement history in PDF - investigate DLA management price; line stays unpriced,1,0,,,,,,,,,,
SPE8E626T4247,SPE8E6-26-T-4247,SPE8E626T4247.PDF,2026-08-17,2026-08-27,19,HUBZone set-aside,2,False,,True,7,True,7,False,,False,,False,,True,3,recent exact-NSN history,1,0,150.0,,150.0,2026-08-12,4.0,SPE8E626V2002,0YVT7,SPE8E626T4247.PDF p.6,0.1,20.0
SPE8E626T4271,SPE8E6-26-T-4271,SPE8E626T4271.PDF,2026-08-19,2026-08-31,19,HUBZone set-aside,2,False,,True,7,True,7,False,,False,,False,,True,3,history older than 5 years - compare with DLA management price,1,0,312.5,,6.25,2011-08-01,24.0,SPM8EG11M0083,6M161,SPE8E626T4271.PDF p.6,15.2,3.0
SPE8E626T4316,SPE8E6-26-T-4316,SPE8E626T4316.PDF,2026-08-21,2026-08-31,20,HUBZone set-aside,2,False,,True,7,True,7,False,,False,,True,3,True,3,recent exact-NSN history,1,0,1099.75,,20.75,2025-06-23,137.0,SPE8E625V1436P00001,8T775,SPE8E626T4316.PDF p.6,1.3,6.0
SPE8E626T4343,SPE8E6-26-T-4343,SPE8E626T4343.PDF,2026-08-26,2026-09-08,19,HUBZone set-aside,2,False,,True,7,True,7,False,,False,,False,,True,3,recent exact-NSN history,1,0,3000.0,,150.0,2026-08-12,4.0,SPE8E626V2002,0YVT7,SPE8E626T4343.PDF p.6,0.1,20.0
SPE8E626T4351,SPE8E6-26-T-4351,SPE8E626T4351.PDF,2026-08-26,2026-09-08,18,HUBZone set-aside,2,False,,True,7,False,,False,,False,,False,,True,3,no procurement history in PDF - investigate DLA management price; line stays unpriced,1,0,,,,,,,,,,
SPE8E626T4359,SPE8E6-26-T-4359,SPE8E626T4359.PDF,2026-08-27,2026-09-08,19,HUBZone set-aside,2,False,,True,7,True,7,False,,False,,False,,True,3,no procurement history in PDF - investigate DLA management price; line stays unpriced,1,0,,,,,,,,,,
SPE8E626T4542,SPE8E6-26-T-4542,SPE8E626T4542.PDF,2026-09-09,2026-09-21,19,HUBZone set-aside,2,False,,True,7,True,7,False,,False,,False,,True,3,recent exact-NSN history,1,0,3260.8,,50.95,2026-09-04,5.0,SPE8E626P1287,0YVT7,SPE8E626T4542.PDF p.6,0.1,20.0
SPE8E626T4718,SPE8E6-26-T-4718,SPE8E626T4718.PDF,2026-09-25,2026-10-05,19,HUBZone set-aside,2,False,,True,7,True,7,False,,False,,False,,True,3,recent exact-NSN history,1,0,298.5,,9.95,2026-03-24,50.0,SPE8E626V1035,0YVT7,SPE8E626T4718.PDF p.6,0.5,9.0
SPE8E626T4728,SPE8E6-26-T-4728,SPE8E626T4728.PDF,2026-09-25,2026-10-05,19,HUBZone set-aside,2,False,,True,8,True,7,False,,False,,False,,True,3,recent exact-NSN history,1,0,120.0,,120.0,2026-08-18,1.0,SPE8E626V2066,3HTS6,SPE8E626T4728.PDF p.6,0.1,19.0
SPE8E626T4746,SPE8E6-26-T-4746,SPE8E626T4746.PDF,2026-09-29,2026-10-09,19,HUBZone set-aside,2,False,,True,7,True,7,False,,False,,True,3,True,3,recent exact-NSN history,1,0,180.0,,90.0,2021-10-06,7.0,SPE8E622P0025,8T775,SPE8E626T4746.PDF p.6,5.0,2.0
SPE8E626T4760,SPE8E6-26-T-4760,SPE8E626T4760.PDF,2026-09-30,2026-10-13,20,HUBZone set-aside,2,False,,True,7,True,7,False,,False,,True,3,True,3,recent exact-NSN history,1,0,3600.0,,225.0,2025-06-23,16.0,SPE8E625V1423P00001,8T775,SPE8E626T4760.PDF p.6,1.3,19.0
SPE8E626T4774,SPE8E6-26-T-4774,SPE8E626T4774.PDF,2026-09-30,2026-10-13,21,HUBZone set-aside,2,True,3,True,9,True,9,False,,False,,True,3,True,4,no procurement history in PDF - investigate DLA management price; line stays unpriced,1,1,,,,,,,,,,
SPE8E726T2421,SPE8E7-26-T-2421,SPE8E726T2421.PDF,2026-04-30,2026-05-11,23,HUBZone set-aside,2,False,,True,8,True,7,False,,False,,False,,True,3,recent exact-NSN history,1,0,1785.0,,1785.0,2023-09-22,1.0,SPE8E723P1667,0BTU8,SPE8E726T2421.PDF p.6,3.0,4.0
SPE8E726T2496,SPE8E7-26-T-2496,SPE8E726T2496.PDF,2026-05-06,2026-05-18,23,HUBZone set-aside,2,False,,False,,False,,False,,False,,True,3,True,3,history older than 5 years - compare with DLA management price,1,0,4332.96,,84.96,1998-09-20,10.0,SP056098MWU41,0RCD8,SPE8E726T2496.PDF p.6,28.0,1.0
SPE8E726T2517,SPE8E7-26-T-2517,SPE8E726T2517.PDF,2026-05-08,2026-05-18,29,HUBZone set-aside; SDVOSB set-aside,2,True,3,True,9,True,8,False,,False,,True,3,True,4,recent exact-NSN history,1,1,193767.75,,5871.75,2022-09-09,11.0,SPE8E722P1458,67291,SPE8E726T2517.PDF p.7,4.1,12.0
SPE8E726T2642,SPE8E7-26-T-2642,SPE8E726T2642.PDF,2026-05-15,2026-05-26,20,Total small business set-aside,2,True,3,True,7,True,7,False,,False,,False,,True,3,recent exact-NSN history,1,1,35376.0,,2948.0,2025-04-03,11.0,SPE8E725P0503,2Y126,SPE8E726T2642.PDF p.6,1.5,12.0
SPE8E726T2804,SPE8E7-26-T-2804,SPE8E726T2804.PDF,2026-06-02,2026-06-12,21,HUBZone set-aside,2,False,,True,7,True,7,False,,False,,False,,True,3,no procurement history in PDF - investigate DLA management price; line stays unpriced,2,0,,,,,,,,,,
SPE8E726T2817,SPE8E7-26-T-2817,SPE8E726T2817.PDF,2026-06-02,2026-06-12,19,HUBZone set-aside,2,False,,False,,False,,False,,False,,False,,True,3,history older than 5 years - compare with DLA management price,1,0,729.48,,60.79,1979-03-20,3.0,F3365778C0645,76301,SPE8E726T2817.PDF p.6,47.5,1.0
SPE8E726T2920,SPE8E7-26-T-2920,SPE8E726T2920.PDF,2026-06-11,2026-06-22,19,HUBZone set-aside,2,False,,True,8,True,7,False,,False,,False,,True,3,history older than 5 years - compare with DLA management price,1,0,3273.9,,46.77,2021-04-14,8.0,SPE8E721P1106,30194,SPE8E726T2920.PDF p.6,5.5,10.0
SPE8E726T2943,SPE8E7-26-T-2943,SPE8E726T2943.PDF,2026-06-11,2026-06-22,19,HUBZone set-aside,2,False,,True,7,True,7,True,8,False,,False,,True,3,history older than 5 years - compare with DLA management price,1,0,625.0,,125.0,2010-06-25,2.0,SPM4A610MR104,92772,SPE8E726T2943.PDF p.6,16.3,2.0
SPE8E726T3034,SPE8E7-26-T-3034,SPE8E726T3034.PDF,2026-06-11,2026-06-22,19,HUBZone set-aside,2,False,,True,7,True,7,False,,False,,True,3,True,3,recent exact-NSN history,1,0,2620.1,,19.7,2026-05-22,90.0,SPE8E726V0705,34623,SPE8E726T3034.PDF p.6,0.4,18.0
SPE8E726T3241,SPE8E7-26-T-3241,SPE8E726T3241.PDF,2026-07-02,2026-07-13,19,HUBZone set-aside,2,False,,False,,False,,False,,False,,True,3,True,3,history older than 5 years - compare with DLA management price,1,0,110.0,,55.0,2021-03-31,7.0,SPE8E721P1036,4WF58,SPE8E726T3241.PDF p.6,5.5,3.0
SPE8E726T3356,SPE8E7-26-T-3356,SPE8E726T3356.PDF,2026-07-15,2026-07-27,19,HUBZone set-aside,2,False,,True,7,True,7,True,8,False,,False,,True,3,history older than 5 years - compare with DLA management price,1,0,1250.0,,125.0,2010-06-25,2.0,SPM4A610MR104,92772,SPE8E726T3356.PDF p.6,16.3,2.0
SPE8E726T3572,SPE8E7-26-T-3572,SPE8E726T3572.PDF,2026-08-13,2026-08-24,18,HUBZone set-aside,2,False,,False,,False,,False,,False,,False,,True,3,no procurement history in PDF - investigate DLA management price; line stays unpriced,1,0,,,,,,,,,,
SPE8E726T3659,SPE8E7-26-T-3659,SPE8E726T3659.PDF,2026-08-21,2026-08-31,19,HUBZone set-aside,2,False,,True,7,False,,False,,False,,False,,True,3,recent exact-NSN history,1,0,173.31,,57.77,2026-08-11,3.0,SPE8E926V2094,30194,SPE8E726T3659.PDF p.6,0.1,3.0
SPE8E726T3689,SPE8E7-26-T-3689,SPE8E726T3689.PDF,2026-08-26,2026-09-08,20,HUBZone set-aside,2,False,,True,7,True,7,False,,False,,False,,True,3,no procurement history in PDF - investigate DLA management price; line stays unpriced,1,0,,,,,,,,,,
SPE8E726T3839,SPE8E7-26-T-3839,SPE8E726T3839.PDF,2026-09-10,2026-09-21,19,HUBZone set-aside,2,False,,True,7,True,7,True,8,False,,False,,True,3,history older than 5 years - compare with DLA management price,1,0,1750.0,,125.0,2010-06-25,2.0,SPM4A610MR104,92772,SPE8E726T3839.PDF p.6,16.3,2.0
SPE8E726T3856,SPE8E7-26-T-3856,SPE8E726T3856.PDF,2026-09-15,2026-09-25,22,HUBZone set-aside,2,True,3,True,8,True,8,True,9,False,,True,3,True,4,history older than 5 years - compare with DLA management price,1,1,5480.0,,685.0,2020-12-22,11.0,SPE4A621P7488,6ELP9,SPE8E726T3856.PDF p.6,5.8,10.0
SPE8E726T3863,SPE8E7-26-T-3863,SPE8E726T3863.PDF,2026-09-16,2026-09-28,20,HUBZone set-aside,2,False,,True,8,True,7,False,,False,,False,,True,3,history older than 5 years - compare with DLA management price,1,0,9516.0,,52.0,2021-03-04,750.0,SPE8E721V0714P00002,7BUL6,SPE8E726T3863.PDF p.6,5.6,4.0
SPE8E726T3923,SPE8E7-26-T-3923,SPE8E726T3923.PDF,2026-09-17,2026-09-28,19,HUBZone set-aside,2,False,,False,,False,,False,,False,,False,,True,3,history older than 5 years - compare with DLA management price,1,0,26.95,,26.95,2007-11-16,101.0,SPM4A608V0962,8B805,SPE8E726T3923.PDF p.6,18.9,2.0
SPE8E726T3983,SPE8E7-26-T-3983,SPE8E726T3983.PDF,2026-09-28,2026-10-08,21,HUBZone set-aside,2,False,,True,8,True,7,False,,False,,True,3,True,3,recent exact-NSN history,2,0,2718.6,,19.7,2026-05-22,90.0,SPE8E726V0705,34623,SPE8E726T3983.PDF p.6,0.4,18.0
SPE8E826T4122,SPE8E8-26-T-4122,SPE8E826T4122.PDF,2026-06-11,2026-06-22,20,HUBZone set-aside,2,False,,True,7,True,7,True,9,True,8,True,3,True,3,recent exact-NSN history,1,0,5430.0,,135.75,2023-05-22,17.0,SPE8E823P0613,1DPK8,SPE8E826T4122.PDF p.6,3.4,9.0
SPE8E926Q0496,SPE8E926Q0496,SPE8E926Q0496.PDF,2026-07-01,2026-07-08,26,Partial small business set-aside; HUBZone set-aside,13,False,,True,3,True,3,True,4,False,,False,,False,,no procurement history in PDF - investigate DLA management price; line stays unpriced,0,0,,no CLINs parsed,,,,,,,,
SPE8E926Q0708,SPE8E926Q0708,SPE8E926Q0708.PDF,2026-08-20,2026-08-20,24,Partial small business set-aside; HUBZone set-aside,11,False,,False,,False,,False,,False,,False,,False,,no procurement history in PDF - investigate DLA management price; line stays unpriced,0,0,,no CLINs parsed,,,,,,,,
SPE8E926T2754,SPE8E9-26-T-2754,SPE8E926T2754.PDF,2026-06-01,2026-06-11,20,Total small business set-aside,2,False,,False,,False,,False,,False,,True,2,True,3,recent exact-NSN history,1,0,14530.0,,7265.0,2024-10-09,1.0,SPE8E925V0088,1Q494,SPE8E926T2754.PDF p.5,2.0,10.0
SPE8E926T3206,SPE8E9-26-T-3206,SPE8E926T3206.PDF,2026-07-23,2026-08-03,20,Total small business set-aside,2,False,,False,,False,,False,,False,,False,,True,3,recent exact-NSN history,1,0,11599.5,,1054.5,2026-06-30,10.0,SPE8E926V1856P00001,3WJU3,SPE8E926T3206.PDF p.5,0.3,11.0
SPE8E926T3392,SPE8E9-26-T-3392,SPE8E926T3392.PDF,2026-08-06,2026-08-17,20,No set-aside clause found (check SF18 block),,False,,False,,False,,False,,False,,False,,True,3,recent exact-NSN history,1,0,80875.08,,8986.12,2026-05-21,12.0,SPE8E926P0949P00001,0C0B1,SPE8E926T3392.PDF p.6,0.4,19.0
SPE8E926T3558,SPE8E9-26-T-3558,SPE8E926T3558.PDF,2026-08-20,2026-08-31,22,Total small business set-aside,2,False,,False,,False,,True,8,False,,False,,True,3,recent exact-NSN history,2,0,51400.0,,257.0,2026-08-14,44.0,SPE8E926V2121,1Q494,SPE8E926T3558.PDF p.5,0.1,20.0
SPE8E926T3750,SPE8E9-26-T-3750,SPE8E926T3750.PDF,2026-09-09,2026-09-21,20,Total small business set-aside,2,False,,False,,False,,False,,False,,False,,True,3,recent exact-NSN history,1,0,20300.0,,290.0,2026-05-11,70.0,SPE8E926V1502,00DV6,SPE8E926T3750.PDF p.5,0.4,20.0
SPE8E926T3771,SPE8E9-26-T-3771,SPE8E926T3771.PDF,2026-09-11,2026-09-21,20,Total small business set-aside,2,False,,False,,False,,False,,False,,False,,True,3,recent exact-NSN history,1,0,63000.0,,1575.0,2026-05-06,6.0,SPE8E926V1442,00DV6,SPE8E926T3771.PDF p.5,0.4,20.0
SPE8E926T3884,SPE8E9-26-T-3884,SPE8E926T3884.PDF,2026-09-24,2026-10-05,20,HUBZone set-aside,2,False,,False,,False,,False,,False,,False,,True,3,recent exact-NSN history,1,0,5598.72,,1866.24,2022-12-22,4.0,SPE8E923V0609P00001,3V5Q1,SPE8E926T3884.PDF p.6,3.8,13.0
SPE8E926T3904,SPE8E9-26-T-3904,SPE8E926T3904.PDF,2026-09-28,2026-10-08,20,HUBZone set-aside,2,False,,False,,False,,False,,False,,False,,True,3,recent exact-NSN history,1,0,10077.83,,1439.69,2025-10-21,9.0,SPE8E926V0113,8V607,SPE8E926T3904.PDF p.6,0.9,20.0
SPE8EE26T1778,SPE8EE-26-T-1778,SPE8EE26T1778.PDF,2026-06-01,2026-06-11,18,HUBZone set-aside,2,False,,False,,False,,True,7,True,7,True,3,True,3,history older than 5 years - compare with DLA management price,1,0,136.85999999999999,,45.62,2010-02-18,11.0,SPM8EE10M0183,0MXV2,SPE8EE26T1778.PDF p.6,16.6,4.0
SPE8EE26T2689,SPE8EE-26-T-2689,SPE8EE26T2689.PDF,2026-09-28,2026-10-08,18,HUBZone set-aside,2,False,,False,,False,,True,7,True,7,True,3,True,3,history older than 5 years - compare with DLA management price,1,0,45.62,,45.62,2010-02-18,11.0,SPM8EE10M0183,0MXV2,SPE8EE26T2689.PDF p.6,16.6,4.0
SPE8EF26T1604,SPE8EF-26-T-1604,SPE8EF26T1604.PDF,2026-08-10,2026-08-20,19,HUBZone set-aside,2,False,,False,,False,,True,7,False,,False,,True,3,history older than 5 years - compare with DLA management price,1,0,2134.0,,1067.0,2021-01-05,6.0,SPE8EF21P0253P00001,3AD21,SPE8EF26T1604.PDF p.6,5.7,3.0
SPE8EN26T2916,SPE8EN-26-T-2916,SPE8EN26T2916.PDF,2026-08-13,2026-08-24,19,HUBZone set-aside,2,False,,True,7,True,7,False,,False,,False,,True,3,no procurement history in PDF - investigate DLA management price; line stays unpriced,1,0,,,,,,,,,,
SPE8EN26T3103,SPE8EN-26-T-3103,SPE8EN26T3103.PDF,2026-09-03,2026-09-14,22,HUBZone set-aside,2,False,,True,7,True,7,True,8,True,7,False,,True,3,recent exact-NSN history,1,0,9972.0,,4986.0,2025-12-16,2.0,SPE8EN26P0207,13774,SPE8EN26T3103.PDF p.6,0.8,4.0
SPE8EN26T3157,SPE8EN-26-T-3157,SPE8EN26T3157.PDF,2026-09-15,2026-09-25,20,HUBZone set-aside,2,False,,True,7,True,8,False,,False,,False,,True,3,recent exact-NSN history,1,0,13720.0,,686.0,2026-02-02,2.0,SPE8EN26V0289,56064,SPE8EN26T3157.PDF p.6,0.7,20.0
