sol_key,package_url,http_status,checked_utc,evidence_file,status,status_raw,issue_date,return_by,is_package_page,solicitation_display,no_longer_available,quote_link_present,pr_quantities,parse_issue,pdf
SPE7M026T9763,https://www.dibbs.bsm.dla.mil/RFQ/RFQRec.aspx?sn=SPE7M026T9763,200,20260930T191026Z,data\dibbs_status\status_20260930T191011Z\pages\SPE7M026T9763.html,Open,Open,07-01-2026,07-13-2026,True,SPE7M0-26-T-9763,False,True,7017334193: See Solicitation; 7017334193: 1,,already had
SPE4A626T37VG,https://www.dibbs.bsm.dla.mil/RFQ/RFQRec.aspx?sn=SPE4A626T37VG,200,20260930T191029Z,data\dibbs_status\status_20260930T191011Z\pages\SPE4A626T37VG.html,Open,Open,09-30-2026,10-07-2026,True,SPE4A6-26-T-37VG,False,True,7018341974: See Solicitation; 7018341974: 6,,already had
SPE7M126U6954,https://www.dibbs.bsm.dla.mil/RFQ/RFQRec.aspx?sn=SPE7M126U6954,200,20260930T191032Z,data\dibbs_status\status_20260930T191011Z\pages\SPE7M126U6954.html,Open,Open,09-30-2026,10-14-2026,True,SPE7M1-26-U-6954,False,True,1000243921: 25,,already had
SPE7M126U6953,https://www.dibbs.bsm.dla.mil/RFQ/RFQRec.aspx?sn=SPE7M126U6953,200,20260930T191036Z,data\dibbs_status\status_20260930T191011Z\pages\SPE7M126U6953.html,Open,Open,09-30-2026,10-14-2026,True,SPE7M1-26-U-6953,False,True,1000244321: 13,,already had
SPE7M126T387D,https://www.dibbs.bsm.dla.mil/RFQ/RFQRec.aspx?sn=SPE7M126T387D,200,20260930T191039Z,data\dibbs_status\status_20260930T191011Z\pages\SPE7M126T387D.html,Open,Open,09-28-2026,10-08-2026,True,SPE7M1-26-T-387D,False,True,7009671195: 1,,already had
SPE7M026T095W,https://www.dibbs.bsm.dla.mil/RFQ/RFQRec.aspx?sn=SPE7M026T095W,200,20260930T191042Z,data\dibbs_status\status_20260930T191011Z\pages\SPE7M026T095W.html,Open,Open,09-23-2026,10-05-2026,True,SPE7M0-26-T-095W,False,True,7018446230: 1,,already had
SPE4A026T4936,https://www.dibbs.bsm.dla.mil/RFQ/RFQRec.aspx?sn=SPE4A026T4936,200,20260930T191045Z,data\dibbs_status\status_20260930T191011Z\pages\SPE4A026T4936.html,Open,Open,09-21-2026,09-28-2026,True,SPE4A0-26-T-4936,False,True,7018319082: 1,,already had
SPE7M126T363A,https://www.dibbs.bsm.dla.mil/RFQ/RFQRec.aspx?sn=SPE7M126T363A,200,20260930T191048Z,data\dibbs_status\status_20260930T191011Z\pages\SPE7M126T363A.html,Open,Open,09-18-2026,09-28-2026,True,SPE7M1-26-T-363A,False,True,7014131043: 3,,already had
SPE7M126T325G,https://www.dibbs.bsm.dla.mil/RFQ/RFQRec.aspx?sn=SPE7M126T325G,200,20260930T191051Z,data\dibbs_status\status_20260930T191011Z\pages\SPE7M126T325G.html,Open,Open,09-02-2026,09-17-2026,True,SPE7M1-26-T-325G,False,True,7017695982: 6,,already had
SPE8E726T3856,https://www.dibbs.bsm.dla.mil/RFQ/RFQRec.aspx?sn=SPE8E726T3856,200,20260930T191054Z,data\dibbs_status\status_20260930T191011Z\pages\SPE8E726T3856.html,Open,Open,09-15-2026,09-25-2026,True,SPE8E7-26-T-3856,False,True,7018161692: See Solicitation; 7018161692: 8,,already had
SPE7M126T352B,https://www.dibbs.bsm.dla.mil/RFQ/RFQRec.aspx?sn=SPE7M126T352B,200,20260930T191057Z,data\dibbs_status\status_20260930T191011Z\pages\SPE7M126T352B.html,Open,Open,09-15-2026,09-25-2026,True,SPE7M1-26-T-352B,False,True,7018273128: 1,,already had
SPE1C127Q0005,https://www.dibbs.bsm.dla.mil/RFQ/RFQRec.aspx?sn=SPE1C127Q0005,200,20260930T191100Z,data\dibbs_status\status_20260930T191011Z\pages\SPE1C127Q0005.html,Open,Open,09-14-2026,09-21-2026,True,SPE1C1-27-Q-0005,False,True,7017988566: 70,,already had
SPE7M126Q1465,https://www.dibbs.bsm.dla.mil/RFQ/RFQRec.aspx?sn=SPE7M126Q1465,200,20260930T191103Z,data\dibbs_status\status_20260930T191011Z\pages\SPE7M126Q1465.html,Open,Open,09-04-2026,09-18-2026,True,SPE7M1-26-Q-1465,False,True,7012187078: 3,,already had
SPE7M226T6658,https://www.dibbs.bsm.dla.mil/RFQ/RFQRec.aspx?sn=SPE7M226T6658,200,20260930T191106Z,data\dibbs_status\status_20260930T191011Z\pages\SPE7M226T6658.html,Open,Open,09-04-2026,09-14-2026,True,SPE7M2-26-T-6658,False,True,7018182754: 3,,already had
SPE8EN26T3103,https://www.dibbs.bsm.dla.mil/RFQ/RFQRec.aspx?sn=SPE8EN26T3103,200,20260930T191110Z,data\dibbs_status\status_20260930T191011Z\pages\SPE8EN26T3103.html,Open,Open,09-03-2026,09-14-2026,True,SPE8EN-26-T-3103,False,True,7018161207: 2,,already had
SPE7M126T325T,https://www.dibbs.bsm.dla.mil/RFQ/RFQRec.aspx?sn=SPE7M126T325T,200,20260930T191113Z,data\dibbs_status\status_20260930T191011Z\pages\SPE7M126T325T.html,Open,Open,09-03-2026,09-14-2026,True,SPE7M1-26-T-325T,False,True,7018067569: See Solicitation; 7018067569: 1,,already had
SPE7M126T289E,https://www.dibbs.bsm.dla.mil/RFQ/RFQRec.aspx?sn=SPE7M126T289E,200,20260930T191116Z,data\dibbs_status\status_20260930T191011Z\pages\SPE7M126T289E.html,Open,Open,08-19-2026,09-03-2026,True,SPE7M1-26-T-289E,False,True,7017776689: 67,,already had
SPE7M526T454A,https://www.dibbs.bsm.dla.mil/RFQ/RFQRec.aspx?sn=SPE7M526T454A,200,20260930T191119Z,data\dibbs_status\status_20260930T191011Z\pages\SPE7M526T454A.html,Open,Open,09-01-2026,09-11-2026,True,SPE7M5-26-T-454A,False,True,7009463281: See Solicitation; 7009463281: 40,,downloaded
SPE4A726T701D,https://www.dibbs.bsm.dla.mil/RFQ/RFQRec.aspx?sn=SPE4A726T701D,200,20260930T191218Z,data\dibbs_status\status_20260930T191011Z\pages\SPE4A726T701D.html,Open,Open,08-28-2026,09-04-2026,True,SPE4A7-26-T-701D,False,True,7017940245: See Solicitation; 7017940245: 51,,downloaded
SPE7M126T308L,https://www.dibbs.bsm.dla.mil/RFQ/RFQRec.aspx?sn=SPE7M126T308L,200,20260930T191222Z,data\dibbs_status\status_20260930T191011Z\pages\SPE7M126T308L.html,Open,Open,08-26-2026,09-08-2026,True,SPE7M1-26-T-308L,False,True,7016129641: 1; 7016129638: 1,,already had
SPE7M126T296A,https://www.dibbs.bsm.dla.mil/RFQ/RFQRec.aspx?sn=SPE7M126T296A,200,20260930T191424Z,data\dibbs_status\status_20260930T191011Z\pages\SPE7M126T296A.html,Open,Open,08-21-2026,08-31-2026,True,SPE7M1-26-T-296A,False,True,7017982587: 5,,downloaded
SPE8E726T2517,https://www.dibbs.bsm.dla.mil/RFQ/RFQRec.aspx?sn=SPE8E726T2517,200,20260930T191435Z,data\dibbs_status\status_20260930T191011Z\pages\SPE8E726T2517.html,Open,Open,05-08-2026,05-18-2026,True,SPE8E7-26-T-2517,False,True,7016565358: See Solicitation; 7016565358: 33,,downloaded
SPE4A726T179T,https://www.dibbs.bsm.dla.mil/RFQ/RFQRec.aspx?sn=SPE4A726T179T,200,20260930T191439Z,data\dibbs_status\status_20260930T191011Z\pages\SPE4A726T179T.html,Open,Open,03-31-2026,04-07-2026,True,SPE4A7-26-T-179T,False,True,7015853562: 2,,downloaded
SPE7M026T6803,https://www.dibbs.bsm.dla.mil/RFQ/RFQRec.aspx?sn=SPE7M026T6803,200,20260930T191443Z,data\dibbs_status\status_20260930T191011Z\pages\SPE7M026T6803.html,Open,Open,04-13-2026,04-23-2026,True,SPE7M0-26-T-6803,False,True,7014201870: 1,,downloaded
SPE7M126T063J,https://www.dibbs.bsm.dla.mil/RFQ/RFQRec.aspx?sn=SPE7M126T063J,200,20260930T191447Z,data\dibbs_status\status_20260930T191011Z\pages\SPE7M126T063J.html,Open,Open,05-13-2026,05-26-2026,True,SPE7M1-26-T-063J,False,True,7016732203: See Solicitation; 7016732203: 1,,downloaded
SPE8E726T2642,https://www.dibbs.bsm.dla.mil/RFQ/RFQRec.aspx?sn=SPE8E726T2642,200,20260930T191451Z,data\dibbs_status\status_20260930T191011Z\pages\SPE8E726T2642.html,Open,Open,05-15-2026,05-26-2026,True,SPE8E7-26-T-2642,False,True,7016779109: See Solicitation; 7016779109: 12,,downloaded
SPE7M126T231N,https://www.dibbs.bsm.dla.mil/RFQ/RFQRec.aspx?sn=SPE7M126T231N,200,20260930T191454Z,data\dibbs_status\status_20260930T191011Z\pages\SPE7M126T231N.html,Open,Open,07-24-2026,08-03-2026,True,SPE7M1-26-T-231N,False,True,7014637663: See Solicitation; 7014637663: 1,,downloaded
SPE4A726T680J,https://www.dibbs.bsm.dla.mil/RFQ/RFQRec.aspx?sn=SPE4A726T680J,200,20260930T191458Z,data\dibbs_status\status_20260930T191011Z\pages\SPE4A726T680J.html,Open,Open,08-20-2026,08-27-2026,True,SPE4A7-26-T-680J,False,True,7017740626: See Solicitation; 7017740626: 4,,downloaded
SPE4A726T241Q,https://www.dibbs.bsm.dla.mil/RFQ/RFQRec.aspx?sn=SPE4A726T241Q,200,20260930T191502Z,data\dibbs_status\status_20260930T191011Z\pages\SPE4A726T241Q.html,Open,Open,04-13-2026,04-20-2026,True,SPE4A7-26-T-241Q,False,True,7015641495: 1,,downloaded
SPE7M526T406B,https://www.dibbs.bsm.dla.mil/RFQ/RFQRec.aspx?sn=SPE7M526T406B,200,20260930T191506Z,data\dibbs_status\status_20260930T191011Z\pages\SPE7M526T406B.html,Open,Open,08-13-2026,08-24-2026,True,SPE7M5-26-T-406B,False,True,7014850620: See Solicitation; 7014850620: 1; 7014850621: 1,,downloaded
SPE7M526T301T,https://www.dibbs.bsm.dla.mil/RFQ/RFQRec.aspx?sn=SPE7M526T301T,200,20260930T191510Z,data\dibbs_status\status_20260930T191011Z\pages\SPE7M526T301T.html,Open,Open,07-06-2026,07-21-2026,True,SPE7M5-26-T-301T,False,True,7017047065: 28,,downloaded
SPE7M426T185M,https://www.dibbs.bsm.dla.mil/RFQ/RFQRec.aspx?sn=SPE7M426T185M,200,20260930T191513Z,data\dibbs_status\status_20260930T191011Z\pages\SPE7M426T185M.html,Open,Open,06-16-2026,06-26-2026,True,SPE7M4-26-T-185M,False,True,7017049020: 27,,downloaded
SPE7M026T9937,https://www.dibbs.bsm.dla.mil/RFQ/RFQRec.aspx?sn=SPE7M026T9937,200,20260930T191517Z,data\dibbs_status\status_20260930T191011Z\pages\SPE7M026T9937.html,Open,Open,07-08-2026,07-20-2026,True,SPE7M0-26-T-9937,False,True,7017395906: 1,,downloaded
SPE7L326T147D,https://www.dibbs.bsm.dla.mil/RFQ/RFQRec.aspx?sn=SPE7L326T147D,200,20260930T191520Z,data\dibbs_status\status_20260930T191011Z\pages\SPE7L326T147D.html,Open,Open,08-05-2026,08-20-2026,True,SPE7L3-26-T-147D,False,True,7017730998: 1,,downloaded
SPE4A526T273W,https://www.dibbs.bsm.dla.mil/RFQ/RFQRec.aspx?sn=SPE4A526T273W,200,20260930T191524Z,data\dibbs_status\status_20260930T191011Z\pages\SPE4A526T273W.html,Open,Open,07-07-2026,07-14-2026,True,SPE4A5-26-T-273W,False,True,7017384944: 1,,downloaded
SPE7M426T9191,https://www.dibbs.bsm.dla.mil/RFQ/RFQRec.aspx?sn=SPE7M426T9191,200,20260930T191528Z,data\dibbs_status\status_20260930T191011Z\pages\SPE7M426T9191.html,Open,Open,04-02-2026,04-16-2026,True,SPE7M4-26-T-9191,False,True,7014137095: 13,,downloaded
SPE7M426T8934,https://www.dibbs.bsm.dla.mil/RFQ/RFQRec.aspx?sn=SPE7M426T8934,200,20260930T191532Z,data\dibbs_status\status_20260930T191011Z\pages\SPE7M426T8934.html,Open,Open,03-31-2026,04-15-2026,True,SPE7M4-26-T-8934,False,True,7015234765: 109,,downloaded
SPE7M126T6561,https://www.dibbs.bsm.dla.mil/RFQ/RFQRec.aspx?sn=SPE7M126T6561,200,20260930T191535Z,data\dibbs_status\status_20260930T191011Z\pages\SPE7M126T6561.html,Open,Open,02-27-2026,03-09-2026,True,SPE7M1-26-T-6561,False,True,7014415093: See Solicitation; 7014415093: 4,,downloaded
SPE7M126T285V,https://www.dibbs.bsm.dla.mil/RFQ/RFQRec.aspx?sn=SPE7M126T285V,200,20260930T191539Z,data\dibbs_status\status_20260930T191011Z\pages\SPE7M126T285V.html,Open,Open,08-18-2026,08-28-2026,True,SPE7M1-26-T-285V,False,True,7015496891: 1,,downloaded
SPE7M126T125G,https://www.dibbs.bsm.dla.mil/RFQ/RFQRec.aspx?sn=SPE7M126T125G,200,20260930T191543Z,data\dibbs_status\status_20260930T191011Z\pages\SPE7M126T125G.html,Open,Open,06-05-2026,06-15-2026,True,SPE7M1-26-T-125G,False,True,7017047009: See Solicitation; 7017047009: 2,,downloaded
SPE4A626T28KK,https://www.dibbs.bsm.dla.mil/RFQ/RFQRec.aspx?sn=SPE4A626T28KK,200,20260930T191547Z,data\dibbs_status\status_20260930T191011Z\pages\SPE4A626T28KK.html,Open,Open,09-10-2026,09-17-2026,True,SPE4A6-26-T-28KK,False,True,7012491643: 3,,downloaded
SPE7M126T204J,https://www.dibbs.bsm.dla.mil/RFQ/RFQRec.aspx?sn=SPE7M126T204J,200,20260930T191551Z,data\dibbs_status\status_20260930T191011Z\pages\SPE7M126T204J.html,Open,Open,07-10-2026,07-20-2026,True,SPE7M1-26-T-204J,False,True,7017316140: 1,,downloaded
SPE7M126T8769,https://www.dibbs.bsm.dla.mil/RFQ/RFQRec.aspx?sn=SPE7M126T8769,200,20260930T191555Z,data\dibbs_status\status_20260930T191011Z\pages\SPE7M126T8769.html,Open,Open,04-08-2026,05-27-2026,True,SPE7M1-26-T-8769,False,True,7015974783: 1,,downloaded
SPE4A726T702H,https://www.dibbs.bsm.dla.mil/RFQ/RFQRec.aspx?sn=SPE4A726T702H,200,20260930T191558Z,data\dibbs_status\status_20260930T191011Z\pages\SPE4A726T702H.html,Open,Open,08-28-2026,09-04-2026,True,SPE4A7-26-T-702H,False,True,7017940009: 18,,downloaded
SPE4A726T159H,https://www.dibbs.bsm.dla.mil/RFQ/RFQRec.aspx?sn=SPE4A726T159H,200,20260930T191602Z,data\dibbs_status\status_20260930T191011Z\pages\SPE4A726T159H.html,Open,Open,03-26-2026,04-02-2026,True,SPE4A7-26-T-159H,False,True,7016082178: See Solicitation; 7016082178: 5,,downloaded
SPE7L326T152K,https://www.dibbs.bsm.dla.mil/RFQ/RFQRec.aspx?sn=SPE7L326T152K,200,20260930T191606Z,data\dibbs_status\status_20260930T191011Z\pages\SPE7L326T152K.html,Open,Open,08-07-2026,08-17-2026,True,SPE7L3-26-T-152K,False,True,7017777616: 10,,downloaded
SPE7L326T160T,https://www.dibbs.bsm.dla.mil/RFQ/RFQRec.aspx?sn=SPE7L326T160T,200,20260930T191610Z,data\dibbs_status\status_20260930T191011Z\pages\SPE7L326T160T.html,Open,Open,08-07-2026,08-20-2026,True,SPE7L3-26-T-160T,False,True,7017780247: 8,,downloaded
SPE8E626T3417,https://www.dibbs.bsm.dla.mil/RFQ/RFQRec.aspx?sn=SPE8E626T3417,200,20260930T191614Z,data\dibbs_status\status_20260930T191011Z\pages\SPE8E626T3417.html,Open,Open,06-18-2026,07-07-2026,True,SPE8E6-26-T-3417,False,True,7016967139: 7,,downloaded
SPE8E626T2737,https://www.dibbs.bsm.dla.mil/RFQ/RFQRec.aspx?sn=SPE8E626T2737,200,20260930T191618Z,data\dibbs_status\status_20260930T191011Z\pages\SPE8E626T2737.html,Open,Open,05-01-2026,05-11-2026,True,SPE8E6-26-T-2737,False,True,7016555258: 3,,downloaded
SPE8E626T4106,https://www.dibbs.bsm.dla.mil/RFQ/RFQRec.aspx?sn=SPE8E626T4106,200,20260930T191621Z,data\dibbs_status\status_20260930T191011Z\pages\SPE8E626T4106.html,Open,Open,08-06-2026,08-17-2026,True,SPE8E6-26-T-4106,False,True,7016179631: See Solicitation; 7016179631: 171,,downloaded
SPE8E626Q0633,https://www.dibbs.bsm.dla.mil/RFQ/RFQRec.aspx?sn=SPE8E626Q0633,200,20260930T191626Z,data\dibbs_status\status_20260930T191011Z\pages\SPE8E626Q0633.html,Open,Open,08-10-2026,08-17-2026,True,SPE8E6-26-Q-0633,False,True,7016927385: See Solicitation; 7016927385: See Solicitation; 7016927385: 300,,downloaded
SPE7L126T19J4,https://www.dibbs.bsm.dla.mil/RFQ/RFQRec.aspx?sn=SPE7L126T19J4,200,20260930T191629Z,data\dibbs_status\status_20260930T191011Z\pages\SPE7L126T19J4.html,Open,Open,09-30-2026,10-13-2026,True,SPE7L1-26-T-19J4,False,True,7015141267: 1,,downloaded
SPE7LX26U011D,https://www.dibbs.bsm.dla.mil/RFQ/RFQRec.aspx?sn=SPE7LX26U011D,200,20260930T191633Z,data\dibbs_status\status_20260930T191011Z\pages\SPE7LX26U011D.html,Open,Open,09-30-2026,10-14-2026,True,SPE7LX-26-U-011D,False,True,1000237497: 42,,downloaded
SPE4A626T37YY,https://www.dibbs.bsm.dla.mil/RFQ/RFQRec.aspx?sn=SPE4A626T37YY,200,20260930T191636Z,data\dibbs_status\status_20260930T191011Z\pages\SPE4A626T37YY.html,Open,Open,09-30-2026,10-07-2026,True,SPE4A6-26-T-37YY,False,True,7018504975: 1,,downloaded
SPE7L126T19E9,https://www.dibbs.bsm.dla.mil/RFQ/RFQRec.aspx?sn=SPE7L126T19E9,200,20260930T191640Z,data\dibbs_status\status_20260930T191011Z\pages\SPE7L126T19E9.html,Open,Open,09-30-2026,10-13-2026,True,SPE7L1-26-T-19E9,False,True,7018038112: 1,,downloaded
SPE4A626T37YE,https://www.dibbs.bsm.dla.mil/RFQ/RFQRec.aspx?sn=SPE4A626T37YE,200,20260930T191644Z,data\dibbs_status\status_20260930T191011Z\pages\SPE4A626T37YE.html,Open,Open,09-30-2026,10-07-2026,True,SPE4A6-26-T-37YE,False,True,7018581880: 12,,downloaded
SPE7L126T19H9,https://www.dibbs.bsm.dla.mil/RFQ/RFQRec.aspx?sn=SPE7L126T19H9,200,20260930T191648Z,data\dibbs_status\status_20260930T191011Z\pages\SPE7L126T19H9.html,Open,Open,09-30-2026,10-13-2026,True,SPE7L1-26-T-19H9,False,True,7017227622: 26,,downloaded
SPE4A626T34WQ,https://www.dibbs.bsm.dla.mil/RFQ/RFQRec.aspx?sn=SPE4A626T34WQ,200,20260930T191652Z,data\dibbs_status\status_20260930T191011Z\pages\SPE4A626T34WQ.html,Open,Open,09-22-2026,10-02-2026,True,SPE4A6-26-T-34WQ,False,True,7016880703: 3,,downloaded
SPE4A626T34NS,https://www.dibbs.bsm.dla.mil/RFQ/RFQRec.aspx?sn=SPE4A626T34NS,200,20260930T191656Z,data\dibbs_status\status_20260930T191011Z\pages\SPE4A626T34NS.html,Open,Open,09-22-2026,10-02-2026,True,SPE4A6-26-T-34NS,False,True,7018373901: 3,,downloaded
SPE4A026T4944,https://www.dibbs.bsm.dla.mil/RFQ/RFQRec.aspx?sn=SPE4A026T4944,200,20260930T191659Z,data\dibbs_status\status_20260930T191011Z\pages\SPE4A026T4944.html,Open,Open,09-21-2026,10-02-2026,True,SPE4A0-26-T-4944,False,True,7017823796: 1,,downloaded
SPE4A626T34LK,https://www.dibbs.bsm.dla.mil/RFQ/RFQRec.aspx?sn=SPE4A626T34LK,200,20260930T191703Z,data\dibbs_status\status_20260930T191011Z\pages\SPE4A626T34LK.html,Open,Open,09-22-2026,10-02-2026,True,SPE4A6-26-T-34LK,False,True,7018368542: 2,,downloaded
SPE8E626T4774,https://www.dibbs.bsm.dla.mil/RFQ/RFQRec.aspx?sn=SPE8E626T4774,200,20260930T191707Z,data\dibbs_status\status_20260930T191011Z\pages\SPE8E626T4774.html,Open,Open,09-30-2026,10-13-2026,True,SPE8E6-26-T-4774,False,True,7018560679: See Solicitation; 7018560679: 6,,downloaded
SPE8E526T4516,https://www.dibbs.bsm.dla.mil/RFQ/RFQRec.aspx?sn=SPE8E526T4516,200,20260930T191711Z,data\dibbs_status\status_20260930T191011Z\pages\SPE8E526T4516.html,Open,Open,09-30-2026,10-13-2026,True,SPE8E5-26-T-4516,False,True,7018560096: 8,,downloaded
SPE7L126T19C5,https://www.dibbs.bsm.dla.mil/RFQ/RFQRec.aspx?sn=SPE7L126T19C5,200,20260930T191715Z,data\dibbs_status\status_20260930T191011Z\pages\SPE7L126T19C5.html,Open,Open,09-30-2026,10-13-2026,True,SPE7L1-26-T-19C5,False,True,7018558592: 1,,downloaded
SPE7M826T6956,https://www.dibbs.bsm.dla.mil/RFQ/RFQRec.aspx?sn=SPE7M826T6956,200,20260930T191720Z,data\dibbs_status\status_20260930T191011Z\pages\SPE7M826T6956.html,Open,Open,09-30-2026,10-13-2026,True,SPE7M8-26-T-6956,False,True,7018494633: See Solicitation; 7018494633: 8,,downloaded
SPE7L126T18W2,https://www.dibbs.bsm.dla.mil/RFQ/RFQRec.aspx?sn=SPE7L126T18W2,200,20260930T191724Z,data\dibbs_status\status_20260930T191011Z\pages\SPE7L126T18W2.html,Open,Open,09-30-2026,10-13-2026,True,SPE7L1-26-T-18W2,False,True,7018379092: 7,,downloaded
SPE4A026T5074,https://www.dibbs.bsm.dla.mil/RFQ/RFQRec.aspx?sn=SPE4A026T5074,200,20260930T191728Z,data\dibbs_status\status_20260930T191011Z\pages\SPE4A026T5074.html,Open,Open,09-30-2026,10-07-2026,True,SPE4A0-26-T-5074,False,True,7018469892: See Solicitation; 7018469892: 1,,downloaded
SPE8E626T4760,https://www.dibbs.bsm.dla.mil/RFQ/RFQRec.aspx?sn=SPE8E626T4760,200,20260930T191731Z,data\dibbs_status\status_20260930T191011Z\pages\SPE8E626T4760.html,Open,Open,09-30-2026,10-13-2026,True,SPE8E6-26-T-4760,False,True,7018146326: 16,,downloaded
SPE7M826T6939,https://www.dibbs.bsm.dla.mil/RFQ/RFQRec.aspx?sn=SPE7M826T6939,200,20260930T191735Z,data\dibbs_status\status_20260930T191011Z\pages\SPE7M826T6939.html,Open,Open,09-29-2026,10-09-2026,True,SPE7M8-26-T-6939,False,True,7018271883: 12,,downloaded
SPE7L126T12P3,https://www.dibbs.bsm.dla.mil/RFQ/RFQRec.aspx?sn=SPE7L126T12P3,200,20260930T191739Z,data\dibbs_status\status_20260930T191011Z\pages\SPE7L126T12P3.html,Open,Open,09-16-2026,10-01-2026,True,SPE7L1-26-T-12P3,False,True,7017900269: 100,,downloaded
SPE7L326T254Q,https://www.dibbs.bsm.dla.mil/RFQ/RFQRec.aspx?sn=SPE7L326T254Q,200,20260930T191743Z,data\dibbs_status\status_20260930T191011Z\pages\SPE7L326T254Q.html,Open,Open,09-16-2026,09-28-2026,True,SPE7L3-26-T-254Q,False,True,7018068861: See Solicitation; 7018068861: 4,,downloaded
SPE7M226T6791,https://www.dibbs.bsm.dla.mil/RFQ/RFQRec.aspx?sn=SPE7M226T6791,200,20260930T191747Z,data\dibbs_status\status_20260930T191011Z\pages\SPE7M226T6791.html,Open,Open,09-11-2026,09-21-2026,True,SPE7M2-26-T-6791,False,True,7018269956: 3,,downloaded
SPE7M226T6718,https://www.dibbs.bsm.dla.mil/RFQ/RFQRec.aspx?sn=SPE7M226T6718,200,20260930T191751Z,data\dibbs_status\status_20260930T191011Z\pages\SPE7M226T6718.html,Open,Open,09-08-2026,09-18-2026,True,SPE7M2-26-T-6718,False,True,7017799992: 1,,downloaded
SPE7L526T4284,https://www.dibbs.bsm.dla.mil/RFQ/RFQRec.aspx?sn=SPE7L526T4284,200,20260930T191755Z,data\dibbs_status\status_20260930T191011Z\pages\SPE7L526T4284.html,Open,Open,07-07-2026,07-17-2026,True,SPE7L5-26-T-4284,False,True,7013881160: 9,,downloaded
SPE7L126T405P,https://www.dibbs.bsm.dla.mil/RFQ/RFQRec.aspx?sn=SPE7L126T405P,200,20260930T191758Z,data\dibbs_status\status_20260930T191011Z\pages\SPE7L126T405P.html,Open,Open,04-22-2026,05-04-2026,True,SPE7L1-26-T-405P,False,True,7016359224: 1,,downloaded
SPE7L126T700L,https://www.dibbs.bsm.dla.mil/RFQ/RFQRec.aspx?sn=SPE7L126T700L,200,20260930T191802Z,data\dibbs_status\status_20260930T191011Z\pages\SPE7L126T700L.html,Open,Open,06-12-2026,06-22-2026,True,SPE7L1-26-T-700L,False,True,7017049972: 98,,downloaded
SPE7L126T333P,https://www.dibbs.bsm.dla.mil/RFQ/RFQRec.aspx?sn=SPE7L126T333P,200,20260930T191806Z,data\dibbs_status\status_20260930T191011Z\pages\SPE7L126T333P.html,Open,Open,04-10-2026,04-20-2026,True,SPE7L1-26-T-333P,False,True,7016268805: 15,,downloaded
SPE4A626T05BS,https://www.dibbs.bsm.dla.mil/RFQ/RFQRec.aspx?sn=SPE4A626T05BS,200,20260930T191810Z,data\dibbs_status\status_20260930T191011Z\pages\SPE4A626T05BS.html,Open,Open,07-10-2026,07-17-2026,True,SPE4A6-26-T-05BS,False,True,7013234814: 17,,downloaded
SPE4A626T10KA,https://www.dibbs.bsm.dla.mil/RFQ/RFQRec.aspx?sn=SPE4A626T10KA,200,20260930T191814Z,data\dibbs_status\status_20260930T191011Z\pages\SPE4A626T10KA.html,Open,Open,07-30-2026,08-06-2026,True,SPE4A6-26-T-10KA,False,True,7015111271: 10,,downloaded
SPE4A626T37RX,https://www.dibbs.bsm.dla.mil/RFQ/RFQRec.aspx?sn=SPE4A626T37RX,200,20260930T191817Z,data\dibbs_status\status_20260930T191011Z\pages\SPE4A626T37RX.html,Open,Open,09-29-2026,10-06-2026,True,SPE4A6-26-T-37RX,False,True,7017913765: 89,,downloaded
SPE4A626T37RZ,https://www.dibbs.bsm.dla.mil/RFQ/RFQRec.aspx?sn=SPE4A626T37RZ,200,20260930T191821Z,data\dibbs_status\status_20260930T191011Z\pages\SPE4A626T37RZ.html,Open,Open,09-29-2026,10-06-2026,True,SPE4A6-26-T-37RZ,False,True,7017697722: 12,,downloaded
SPE4A626T37BB,https://www.dibbs.bsm.dla.mil/RFQ/RFQRec.aspx?sn=SPE4A626T37BB,200,20260930T191825Z,data\dibbs_status\status_20260930T191011Z\pages\SPE4A626T37BB.html,Open,Open,09-28-2026,10-05-2026,True,SPE4A6-26-T-37BB,False,True,7014168809: 7,,downloaded
SPE4A626T35YA,https://www.dibbs.bsm.dla.mil/RFQ/RFQRec.aspx?sn=SPE4A626T35YA,200,20260930T191829Z,data\dibbs_status\status_20260930T191011Z\pages\SPE4A626T35YA.html,Open,Open,09-24-2026,10-01-2026,True,SPE4A6-26-T-35YA,False,True,7018458889: 137,,downloaded
SPE4A626T34QP,https://www.dibbs.bsm.dla.mil/RFQ/RFQRec.aspx?sn=SPE4A626T34QP,200,20260930T191832Z,data\dibbs_status\status_20260930T191011Z\pages\SPE4A626T34QP.html,Open,Open,09-22-2026,09-29-2026,True,SPE4A6-26-T-34QP,False,True,7018358813: 20,,downloaded
SPE4A626T33GU,https://www.dibbs.bsm.dla.mil/RFQ/RFQRec.aspx?sn=SPE4A626T33GU,200,20260930T191836Z,data\dibbs_status\status_20260930T191011Z\pages\SPE4A626T33GU.html,Open,Open,09-21-2026,09-28-2026,True,SPE4A6-26-T-33GU,False,True,7018411980: 15,,downloaded
SPE4A626T32DK,https://www.dibbs.bsm.dla.mil/RFQ/RFQRec.aspx?sn=SPE4A626T32DK,200,20260930T191840Z,data\dibbs_status\status_20260930T191011Z\pages\SPE4A626T32DK.html,Open,Open,09-18-2026,09-25-2026,True,SPE4A6-26-T-32DK,False,True,7018391726: 28,,downloaded
SPE4A626T31VN,https://www.dibbs.bsm.dla.mil/RFQ/RFQRec.aspx?sn=SPE4A626T31VN,200,20260930T191844Z,data\dibbs_status\status_20260930T191011Z\pages\SPE4A626T31VN.html,Open,Open,09-18-2026,09-25-2026,True,SPE4A6-26-T-31VN,False,True,7018389473: 20,,downloaded
SPE7L726T5256,https://www.dibbs.bsm.dla.mil/RFQ/RFQRec.aspx?sn=SPE7L726T5256,200,20260930T191848Z,data\dibbs_status\status_20260930T191011Z\pages\SPE7L726T5256.html,Open,Open,09-15-2026,09-25-2026,True,SPE7L7-26-T-5256,False,True,7017048324: See Solicitation; 7017048324: 75,,downloaded
SPE4A626T28PB,https://www.dibbs.bsm.dla.mil/RFQ/RFQRec.aspx?sn=SPE4A626T28PB,200,20260930T191852Z,data\dibbs_status\status_20260930T191011Z\pages\SPE4A626T28PB.html,Open,Open,09-11-2026,09-18-2026,True,SPE4A6-26-T-28PB,False,True,7018272910: 90,,downloaded
SPE7M226T6757,https://www.dibbs.bsm.dla.mil/RFQ/RFQRec.aspx?sn=SPE7M226T6757,200,20260930T191856Z,data\dibbs_status\status_20260930T191011Z\pages\SPE7M226T6757.html,Open,Open,09-10-2026,09-21-2026,True,SPE7M2-26-T-6757,False,True,7018249117: 26,,downloaded
SPE8E726T3839,https://www.dibbs.bsm.dla.mil/RFQ/RFQRec.aspx?sn=SPE8E726T3839,200,20260930T191900Z,data\dibbs_status\status_20260930T191011Z\pages\SPE8E726T3839.html,Open,Open,09-10-2026,09-21-2026,True,SPE8E7-26-T-3839,False,True,7018161263: 14,,downloaded
SPE7L726T5099,https://www.dibbs.bsm.dla.mil/RFQ/RFQRec.aspx?sn=SPE7L726T5099,200,20260930T191903Z,data\dibbs_status\status_20260930T191011Z\pages\SPE7L726T5099.html,Open,Open,09-03-2026,09-14-2026,True,SPE7L7-26-T-5099,False,True,7015896359: See Solicitation; 7015896359: 6,,downloaded
SPE7L726Q2311,https://www.dibbs.bsm.dla.mil/RFQ/RFQRec.aspx?sn=SPE7L726Q2311,200,20260930T191907Z,data\dibbs_status\status_20260930T191011Z\pages\SPE7L726Q2311.html,Open,Open,08-28-2026,09-07-2026,True,SPE7L7-26-Q-2311,False,True,7016250298: 18,,downloaded
SPE7L726T4945,https://www.dibbs.bsm.dla.mil/RFQ/RFQRec.aspx?sn=SPE7L726T4945,200,20260930T191911Z,data\dibbs_status\status_20260930T191011Z\pages\SPE7L726T4945.html,Open,Open,08-26-2026,09-08-2026,True,SPE7L7-26-T-4945,False,True,7016755672: See Solicitation; 7016755672: 2,,downloaded
SPE4A626T21XK,https://www.dibbs.bsm.dla.mil/RFQ/RFQRec.aspx?sn=SPE4A626T21XK,200,20260930T191914Z,data\dibbs_status\status_20260930T191011Z\pages\SPE4A626T21XK.html,Open,Open,08-25-2026,09-01-2026,True,SPE4A6-26-T-21XK,False,True,7014870755: See Solicitation; 7014870755: 54,,downloaded
SPE4AN26T0062,https://www.dibbs.bsm.dla.mil/RFQ/RFQRec.aspx?sn=SPE4AN26T0062,200,20260930T191919Z,data\dibbs_status\status_20260930T191011Z\pages\SPE4AN26T0062.html,Open,Open,05-20-2026,05-27-2026,True,SPE4AN-26-T-0062,False,True,7016735777: 2,,downloaded
SPE4A626T88V5,https://www.dibbs.bsm.dla.mil/RFQ/RFQRec.aspx?sn=SPE4A626T88V5,200,20260930T191922Z,data\dibbs_status\status_20260930T191011Z\pages\SPE4A626T88V5.html,Open,Open,06-12-2026,06-22-2026,True,SPE4A6-26-T-88V5,False,True,7017038859: 3,,downloaded
SPE4A626T54Y2,https://www.dibbs.bsm.dla.mil/RFQ/RFQRec.aspx?sn=SPE4A626T54Y2,200,20260930T191926Z,data\dibbs_status\status_20260930T191011Z\pages\SPE4A626T54Y2.html,Open,Open,05-14-2026,05-21-2026,True,SPE4A6-26-T-54Y2,False,True,7014487198: 14,,downloaded
SPE4A626T19AT,https://www.dibbs.bsm.dla.mil/RFQ/RFQRec.aspx?sn=SPE4A626T19AT,200,20260930T191930Z,data\dibbs_status\status_20260930T191011Z\pages\SPE4A626T19AT.html,Open,Open,08-18-2026,08-25-2026,True,SPE4A6-26-T-19AT,False,True,7017916380: 1,,downloaded
SPE4A726T272S,https://www.dibbs.bsm.dla.mil/RFQ/RFQRec.aspx?sn=SPE4A726T272S,200,20260930T191933Z,data\dibbs_status\status_20260930T191011Z\pages\SPE4A726T272S.html,Open,Open,04-21-2026,04-28-2026,True,SPE4A7-26-T-272S,False,True,7016286660: 3,,downloaded
SPE4A526T6635,https://www.dibbs.bsm.dla.mil/RFQ/RFQRec.aspx?sn=SPE4A526T6635,200,20260930T191937Z,data\dibbs_status\status_20260930T191011Z\pages\SPE4A526T6635.html,Open,Open,01-12-2026,01-20-2026,True,SPE4A5-26-T-6635,False,True,7015051984: 7,,downloaded
SPE7L726Q2063,https://www.dibbs.bsm.dla.mil/RFQ/RFQRec.aspx?sn=SPE7L726Q2063,200,20260930T191941Z,data\dibbs_status\status_20260930T191011Z\pages\SPE7L726Q2063.html,Open,Open,07-23-2026,08-03-2026,True,SPE7L7-26-Q-2063,False,True,7016086958: 94,,downloaded
SPE4A726T113K,https://www.dibbs.bsm.dla.mil/RFQ/RFQRec.aspx?sn=SPE4A726T113K,200,20260930T191944Z,data\dibbs_status\status_20260930T191011Z\pages\SPE4A726T113K.html,Open,Open,03-19-2026,03-31-2026,True,SPE4A7-26-T-113K,False,True,7015980003: 2,,downloaded
SPE4A626T36F6,https://www.dibbs.bsm.dla.mil/RFQ/RFQRec.aspx?sn=SPE4A626T36F6,200,20260930T191949Z,data\dibbs_status\status_20260930T191011Z\pages\SPE4A626T36F6.html,Open,Open,04-27-2026,05-04-2026,True,SPE4A6-26-T-36F6,False,True,7016439081: 4,,downloaded
SPE4A626T55M6,https://www.dibbs.bsm.dla.mil/RFQ/RFQRec.aspx?sn=SPE4A626T55M6,200,20260930T191952Z,data\dibbs_status\status_20260930T191011Z\pages\SPE4A626T55M6.html,Open,Open,05-15-2026,05-22-2026,True,SPE4A6-26-T-55M6,False,True,7016785560: 45,,downloaded
SPE4A626T05AQ,https://www.dibbs.bsm.dla.mil/RFQ/RFQRec.aspx?sn=SPE4A626T05AQ,200,20260930T191956Z,data\dibbs_status\status_20260930T191011Z\pages\SPE4A626T05AQ.html,Open,Open,07-10-2026,07-17-2026,True,SPE4A6-26-T-05AQ,False,True,7015610371: 9,,downloaded
SPE4A726T118B,https://www.dibbs.bsm.dla.mil/RFQ/RFQRec.aspx?sn=SPE4A726T118B,200,20260930T192002Z,data\dibbs_status\status_20260930T191011Z\pages\SPE4A726T118B.html,Open,Open,03-20-2026,03-27-2026,True,SPE4A7-26-T-118B,False,True,7015993744: 12,,downloaded
SPE8E726T2943,https://www.dibbs.bsm.dla.mil/RFQ/RFQRec.aspx?sn=SPE8E726T2943,200,20260930T192006Z,data\dibbs_status\status_20260930T191011Z\pages\SPE8E726T2943.html,Open,Open,06-11-2026,06-22-2026,True,SPE8E7-26-T-2943,False,True,7017122098: 5,,downloaded
SPE7L726T4313,https://www.dibbs.bsm.dla.mil/RFQ/RFQRec.aspx?sn=SPE7L726T4313,200,20260930T192018Z,data\dibbs_status\status_20260930T191011Z\pages\SPE7L726T4313.html,Open,Open,07-15-2026,07-27-2026,True,SPE7L7-26-T-4313,False,True,7017498444: 10,,downloaded
SPE7M226T5582,https://www.dibbs.bsm.dla.mil/RFQ/RFQRec.aspx?sn=SPE7M226T5582,200,20260930T192027Z,data\dibbs_status\status_20260930T191011Z\pages\SPE7M226T5582.html,Open,Open,07-10-2026,07-20-2026,True,SPE7M2-26-T-5582,False,True,7017233293: 10,,downloaded
SPE8E726T2920,https://www.dibbs.bsm.dla.mil/RFQ/RFQRec.aspx?sn=SPE8E726T2920,200,20260930T192035Z,data\dibbs_status\status_20260930T191011Z\pages\SPE8E726T2920.html,Open,Open,06-11-2026,06-22-2026,True,SPE8E7-26-T-2920,False,True,7017123329: 70,,downloaded
SPE7L726T4141,https://www.dibbs.bsm.dla.mil/RFQ/RFQRec.aspx?sn=SPE7L726T4141,200,20260930T192047Z,data\dibbs_status\status_20260930T191011Z\pages\SPE7L726T4141.html,Open,Open,07-02-2026,07-13-2026,True,SPE7L7-26-T-4141,False,True,7017367472: See Solicitation; 7017367472: 10,,downloaded
SPE4A626T64L4,https://www.dibbs.bsm.dla.mil/RFQ/RFQRec.aspx?sn=SPE4A626T64L4,200,20260930T192051Z,data\dibbs_status\status_20260930T191011Z\pages\SPE4A626T64L4.html,Open,Open,05-20-2026,06-01-2026,True,SPE4A6-26-T-64L4,False,True,7016849302: 17,,downloaded
SPE4A626T58P6,https://www.dibbs.bsm.dla.mil/RFQ/RFQRec.aspx?sn=SPE4A626T58P6,200,20260930T192057Z,data\dibbs_status\status_20260930T191011Z\pages\SPE4A626T58P6.html,Open,Open,05-15-2026,05-22-2026,True,SPE4A6-26-T-58P6,False,True,7016751524: 5,,downloaded
SPE4A626T576S,https://www.dibbs.bsm.dla.mil/RFQ/RFQRec.aspx?sn=SPE4A626T576S,200,20260930T192101Z,data\dibbs_status\status_20260930T191011Z\pages\SPE4A626T576S.html,Open,Open,01-26-2026,02-02-2026,True,SPE4A6-26-T-576S,False,True,7015245241: 41,,downloaded
SPE4A626T46C8,https://www.dibbs.bsm.dla.mil/RFQ/RFQRec.aspx?sn=SPE4A626T46C8,200,20260930T192107Z,data\dibbs_status\status_20260930T191011Z\pages\SPE4A626T46C8.html,Open,Open,05-06-2026,05-13-2026,True,SPE4A6-26-T-46C8,False,True,7016645724: 171,,downloaded
SPE4A726T632Q,https://www.dibbs.bsm.dla.mil/RFQ/RFQRec.aspx?sn=SPE4A726T632Q,200,20260930T192112Z,data\dibbs_status\status_20260930T191011Z\pages\SPE4A726T632Q.html,Open,Open,08-10-2026,08-17-2026,True,SPE4A7-26-T-632Q,False,True,7017697730: 3,,downloaded
SPE4A726T227K,https://www.dibbs.bsm.dla.mil/RFQ/RFQRec.aspx?sn=SPE4A726T227K,200,20260930T192117Z,data\dibbs_status\status_20260930T191011Z\pages\SPE4A726T227K.html,Open,Open,04-10-2026,04-17-2026,True,SPE4A7-26-T-227K,False,True,7016229310: 10,,downloaded
SPE4A626T97Z1,https://www.dibbs.bsm.dla.mil/RFQ/RFQRec.aspx?sn=SPE4A626T97Z1,200,20260930T192120Z,data\dibbs_status\status_20260930T191011Z\pages\SPE4A626T97Z1.html,Open,Open,06-18-2026,06-25-2026,True,SPE4A6-26-T-97Z1,False,True,7017038857: See Solicitation; 7017038857: 4,,downloaded
SPE4A626T84J8,https://www.dibbs.bsm.dla.mil/RFQ/RFQRec.aspx?sn=SPE4A626T84J8,200,20260930T192125Z,data\dibbs_status\status_20260930T191011Z\pages\SPE4A626T84J8.html,Open,Open,06-10-2026,06-17-2026,True,SPE4A6-26-T-84J8,False,True,7017108560: 46,,downloaded
SPE7M226T4655,https://www.dibbs.bsm.dla.mil/RFQ/RFQRec.aspx?sn=SPE7M226T4655,200,20260930T192129Z,data\dibbs_status\status_20260930T191011Z\pages\SPE7M226T4655.html,Open,Open,05-19-2026,05-29-2026,True,SPE7M2-26-T-4655,False,True,7015330208: 251,,downloaded
SPE4A626T88Y8,https://www.dibbs.bsm.dla.mil/RFQ/RFQRec.aspx?sn=SPE4A626T88Y8,200,20260930T192133Z,data\dibbs_status\status_20260930T191011Z\pages\SPE4A626T88Y8.html,Open,Open,06-12-2026,06-22-2026,True,SPE4A6-26-T-88Y8,False,True,7017011734: See Solicitation; 7017011734: 205,,downloaded
SPE4A626T41A6,https://www.dibbs.bsm.dla.mil/RFQ/RFQRec.aspx?sn=SPE4A626T41A6,200,20260930T192137Z,data\dibbs_status\status_20260930T191011Z\pages\SPE4A626T41A6.html,Open,Open,05-04-2026,05-11-2026,True,SPE4A6-26-T-41A6,False,True,7016534055: 1,,downloaded
SPE8E726T3572,https://www.dibbs.bsm.dla.mil/RFQ/RFQRec.aspx?sn=SPE8E726T3572,200,20260930T192140Z,data\dibbs_status\status_20260930T191011Z\pages\SPE8E726T3572.html,Open,Open,08-13-2026,08-24-2026,True,SPE8E7-26-T-3572,False,True,7017116854: 1,,downloaded
SPE8E726T3356,https://www.dibbs.bsm.dla.mil/RFQ/RFQRec.aspx?sn=SPE8E726T3356,200,20260930T192144Z,data\dibbs_status\status_20260930T191011Z\pages\SPE8E726T3356.html,Open,Open,07-15-2026,07-27-2026,True,SPE8E7-26-T-3356,False,True,7017422825: 10,,downloaded
SPE8E726T2496,https://www.dibbs.bsm.dla.mil/RFQ/RFQRec.aspx?sn=SPE8E726T2496,200,20260930T192148Z,data\dibbs_status\status_20260930T191011Z\pages\SPE8E726T2496.html,Open,Open,05-06-2026,05-18-2026,True,SPE8E7-26-T-2496,False,True,7016564741: 51,,downloaded
SPE4A626T97Y8,https://www.dibbs.bsm.dla.mil/RFQ/RFQRec.aspx?sn=SPE4A626T97Y8,200,20260930T192152Z,data\dibbs_status\status_20260930T191011Z\pages\SPE4A626T97Y8.html,Open,Open,06-18-2026,06-25-2026,True,SPE4A6-26-T-97Y8,False,True,7017038872: 3,,downloaded
SPE4A726T463X,https://www.dibbs.bsm.dla.mil/RFQ/RFQRec.aspx?sn=SPE4A726T463X,200,20260930T192156Z,data\dibbs_status\status_20260930T191011Z\pages\SPE4A726T463X.html,Open,Open,06-08-2026,06-15-2026,True,SPE4A7-26-T-463X,False,True,7017038577: 3,,downloaded
SPE4A526T399A,https://www.dibbs.bsm.dla.mil/RFQ/RFQRec.aspx?sn=SPE4A526T399A,200,20260930T192200Z,data\dibbs_status\status_20260930T191011Z\pages\SPE4A526T399A.html,Open,Open,09-01-2026,09-08-2026,True,SPE4A5-26-T-399A,False,True,7017732324: See Solicitation; 7017732324: 63,,downloaded
SPE4A626T56S6,https://www.dibbs.bsm.dla.mil/RFQ/RFQRec.aspx?sn=SPE4A626T56S6,200,20260930T192203Z,data\dibbs_status\status_20260930T191011Z\pages\SPE4A626T56S6.html,Open,Open,05-15-2026,05-22-2026,True,SPE4A6-26-T-56S6,False,True,7016785174: 29,,downloaded
SPE4A626T69M9,https://www.dibbs.bsm.dla.mil/RFQ/RFQRec.aspx?sn=SPE4A626T69M9,200,20260930T192207Z,data\dibbs_status\status_20260930T191011Z\pages\SPE4A626T69M9.html,Open,Open,05-22-2026,06-03-2026,True,SPE4A6-26-T-69M9,False,True,7016879190: 15,,downloaded
SPE8E526T4185,https://www.dibbs.bsm.dla.mil/RFQ/RFQRec.aspx?sn=SPE8E526T4185,200,20260930T192211Z,data\dibbs_status\status_20260930T191011Z\pages\SPE8E526T4185.html,Open,Open,09-03-2026,09-14-2026,True,SPE8E5-26-T-4185,False,True,7018161337: 32,,downloaded
SPE8E526T2551,https://www.dibbs.bsm.dla.mil/RFQ/RFQRec.aspx?sn=SPE8E526T2551,200,20260930T192215Z,data\dibbs_status\status_20260930T191011Z\pages\SPE8E526T2551.html,Open,Open,04-23-2026,05-04-2026,True,SPE8E5-26-T-2551,False,True,7016179075: See Solicitation; 7016179075: 136,,downloaded
SPE7M126Q1235,https://www.dibbs.bsm.dla.mil/RFQ/RFQRec.aspx?sn=SPE7M126Q1235,200,20260930T192219Z,data\dibbs_status\status_20260930T191011Z\pages\SPE7M126Q1235.html,Open,Open,07-13-2026,08-13-2026,True,SPE7M1-26-Q-1235,False,True,7014419324: See Solicitation; 7014419324: 183,,downloaded
SPE8E526T3875,https://www.dibbs.bsm.dla.mil/RFQ/RFQRec.aspx?sn=SPE8E526T3875,200,20260930T192223Z,data\dibbs_status\status_20260930T191011Z\pages\SPE8E526T3875.html,Open,Open,08-06-2026,08-17-2026,True,SPE8E5-26-T-3875,False,True,7016179049: 38,,downloaded
SPE7L126T775V,https://www.dibbs.bsm.dla.mil/RFQ/RFQRec.aspx?sn=SPE7L126T775V,200,20260930T192226Z,data\dibbs_status\status_20260930T191011Z\pages\SPE7L126T775V.html,Open,Open,06-29-2026,07-09-2026,True,SPE7L1-26-T-775V,False,True,7016014148: 2,,downloaded
SPE8E526T4024,https://www.dibbs.bsm.dla.mil/RFQ/RFQRec.aspx?sn=SPE8E526T4024,200,20260930T192230Z,data\dibbs_status\status_20260930T191011Z\pages\SPE8E526T4024.html,Open,Open,08-20-2026,08-31-2026,True,SPE8E5-26-T-4024,False,True,7017964092: See Solicitation; 7017964092: 10,,downloaded
SPE8E526T2281,https://www.dibbs.bsm.dla.mil/RFQ/RFQRec.aspx?sn=SPE8E526T2281,200,20260930T192234Z,data\dibbs_status\status_20260930T191011Z\pages\SPE8E526T2281.html,Open,Open,04-03-2026,04-16-2026,True,SPE8E5-26-T-2281,False,True,7016179525: 5,,downloaded
SPE8E526T2248,https://www.dibbs.bsm.dla.mil/RFQ/RFQRec.aspx?sn=SPE8E526T2248,200,20260930T192238Z,data\dibbs_status\status_20260930T191011Z\pages\SPE8E526T2248.html,Open,Open,04-03-2026,04-13-2026,True,SPE8E5-26-T-2248,False,True,7016178497: See Solicitation; 7016178497: 10,,downloaded
SPE8E926Q0496,https://www.dibbs.bsm.dla.mil/RFQ/RFQRec.aspx?sn=SPE8E926Q0496,200,20260930T192241Z,data\dibbs_status\status_20260930T191011Z\pages\SPE8E926Q0496.html,Open,Open,07-01-2026,07-08-2026,True,SPE8E9-26-Q-0496,False,True,7016566737: 290,,downloaded
SPE7L126T395A,https://www.dibbs.bsm.dla.mil/RFQ/RFQRec.aspx?sn=SPE7L126T395A,200,20260930T192246Z,data\dibbs_status\status_20260930T191011Z\pages\SPE7L126T395A.html,Open,Open,04-21-2026,05-01-2026,True,SPE7L1-26-T-395A,False,True,7015679882: 20,,downloaded
SPE8E526T3224,https://www.dibbs.bsm.dla.mil/RFQ/RFQRec.aspx?sn=SPE8E526T3224,200,20260930T192251Z,data\dibbs_status\status_20260930T191011Z\pages\SPE8E526T3224.html,Open,Open,06-11-2026,06-22-2026,True,SPE8E5-26-T-3224,False,True,7017122576: See Solicitation; 7017122576: 46,,downloaded
SPE8E526T2940,https://www.dibbs.bsm.dla.mil/RFQ/RFQRec.aspx?sn=SPE8E526T2940,200,20260930T192255Z,data\dibbs_status\status_20260930T191011Z\pages\SPE8E526T2940.html,Open,Open,05-26-2026,08-03-2026,True,SPE8E5-26-T-2940,False,True,7016566414: 54,,downloaded
SPE4A626T74Q6,https://www.dibbs.bsm.dla.mil/RFQ/RFQRec.aspx?sn=SPE4A626T74Q6,200,20260930T192258Z,data\dibbs_status\status_20260930T191011Z\pages\SPE4A626T74Q6.html,Open,Open,06-01-2026,06-08-2026,True,SPE4A6-26-T-74Q6,False,True,7016847246: 52,,downloaded
SPE8E526T3361,https://www.dibbs.bsm.dla.mil/RFQ/RFQRec.aspx?sn=SPE8E526T3361,200,20260930T192302Z,data\dibbs_status\status_20260930T191011Z\pages\SPE8E526T3361.html,Open,Open,06-22-2026,07-02-2026,True,SPE8E5-26-T-3361,False,True,7017122748: See Solicitation; 7017122748: 190,,downloaded
SPE7L426T4915,https://www.dibbs.bsm.dla.mil/RFQ/RFQRec.aspx?sn=SPE7L426T4915,200,20260930T192306Z,data\dibbs_status\status_20260930T191011Z\pages\SPE7L426T4915.html,Open,Open,06-05-2026,06-15-2026,True,SPE7L4-26-T-4915,False,True,7017045542: See Solicitation; 7017045542: 74,,downloaded
SPE4A626T12XU,https://www.dibbs.bsm.dla.mil/RFQ/RFQRec.aspx?sn=SPE4A626T12XU,200,20260930T192310Z,data\dibbs_status\status_20260930T191011Z\pages\SPE4A626T12XU.html,Open,Open,08-06-2026,09-17-2026,True,SPE4A6-26-T-12XU,False,True,7015212583: 17,,downloaded
SPE8E726T3689,https://www.dibbs.bsm.dla.mil/RFQ/RFQRec.aspx?sn=SPE8E726T3689,200,20260930T192314Z,data\dibbs_status\status_20260930T191011Z\pages\SPE8E726T3689.html,Open,Open,08-26-2026,09-08-2026,True,SPE8E7-26-T-3689,False,True,7015331849: 1,,downloaded
SPE4A726T257B,https://www.dibbs.bsm.dla.mil/RFQ/RFQRec.aspx?sn=SPE4A726T257B,200,20260930T192318Z,data\dibbs_status\status_20260930T191011Z\pages\SPE4A726T257B.html,Open,Open,04-15-2026,04-22-2026,True,SPE4A7-26-T-257B,False,True,7014488790: 4,,downloaded
SPE8E726T2804,https://www.dibbs.bsm.dla.mil/RFQ/RFQRec.aspx?sn=SPE8E726T2804,200,20260930T192322Z,data\dibbs_status\status_20260930T191011Z\pages\SPE8E726T2804.html,Open,Open,06-02-2026,06-12-2026,True,SPE8E7-26-T-2804,False,True,7016966685: 2; 7016966678: 2,,downloaded
SPE4A726Q1089,https://www.dibbs.bsm.dla.mil/RFQ/RFQRec.aspx?sn=SPE4A726Q1089,200,20260930T192326Z,data\dibbs_status\status_20260930T191011Z\pages\SPE4A726Q1089.html,Open,Open,09-01-2026,09-10-2026,True,SPE4A7-26-Q-1089,False,True,7014410002: 1,,downloaded
SPE7M426Q0490,https://www.dibbs.bsm.dla.mil/RFQ/RFQRec.aspx?sn=SPE7M426Q0490,200,20260930T192330Z,data\dibbs_status\status_20260930T191011Z\pages\SPE7M426Q0490.html,Open,Open,03-05-2026,03-19-2026,True,SPE7M4-26-Q-0490,False,True,7009900754: See Solicitation; 7009900754: 411,,downloaded
SPE8E426Q0206,https://www.dibbs.bsm.dla.mil/RFQ/RFQRec.aspx?sn=SPE8E426Q0206,200,20260930T192333Z,data\dibbs_status\status_20260930T191011Z\pages\SPE8E426Q0206.html,Open,Open,06-05-2026,06-20-2026,True,SPE8E4-26-Q-0206,False,True,7011697907: 63,,downloaded
SPE8E726T3983,https://www.dibbs.bsm.dla.mil/RFQ/RFQRec.aspx?sn=SPE8E726T3983,200,20260930T192337Z,data\dibbs_status\status_20260930T191011Z\pages\SPE8E726T3983.html,Open,Open,09-28-2026,10-08-2026,True,SPE8E7-26-T-3983,False,True,7018365035: 138,,downloaded
SPE4A626T32CQ,https://www.dibbs.bsm.dla.mil/RFQ/RFQRec.aspx?sn=SPE4A626T32CQ,200,20260930T192341Z,data\dibbs_status\status_20260930T191011Z\pages\SPE4A626T32CQ.html,Open,Open,09-18-2026,09-30-2026,True,SPE4A6-26-T-32CQ,False,True,7018391721: 159,,downloaded
SPE4A626T34DG,https://www.dibbs.bsm.dla.mil/RFQ/RFQRec.aspx?sn=SPE4A626T34DG,200,20260930T192344Z,data\dibbs_status\status_20260930T191011Z\pages\SPE4A626T34DG.html,Open,Open,09-21-2026,09-28-2026,True,SPE4A6-26-T-34DG,False,True,7014871054: 4,,downloaded
SPE8E726T3923,https://www.dibbs.bsm.dla.mil/RFQ/RFQRec.aspx?sn=SPE8E726T3923,200,20260930T192348Z,data\dibbs_status\status_20260930T191011Z\pages\SPE8E726T3923.html,Open,Open,09-17-2026,09-28-2026,True,SPE8E7-26-T-3923,False,True,7018316602: 1,,downloaded
SPE8E726T3863,https://www.dibbs.bsm.dla.mil/RFQ/RFQRec.aspx?sn=SPE8E726T3863,200,20260930T192352Z,data\dibbs_status\status_20260930T191011Z\pages\SPE8E726T3863.html,Open,Open,09-16-2026,09-28-2026,True,SPE8E7-26-T-3863,False,True,7018333870: 183,,downloaded
SPE4A626T28WU,https://www.dibbs.bsm.dla.mil/RFQ/RFQRec.aspx?sn=SPE4A626T28WU,200,20260930T192356Z,data\dibbs_status\status_20260930T191011Z\pages\SPE4A626T28WU.html,Open,Open,09-11-2026,09-18-2026,True,SPE4A6-26-T-28WU,False,True,7018277487: 5,,downloaded
SPE4A626T24KK,https://www.dibbs.bsm.dla.mil/RFQ/RFQRec.aspx?sn=SPE4A626T24KK,200,20260930T192359Z,data\dibbs_status\status_20260930T191011Z\pages\SPE4A626T24KK.html,Open,Open,08-28-2026,09-04-2026,True,SPE4A6-26-T-24KK,False,True,7018067841: See Solicitation; 7018067841: See Solicitation; 7018067841: 30,,downloaded
SPE8E726T3659,https://www.dibbs.bsm.dla.mil/RFQ/RFQRec.aspx?sn=SPE8E726T3659,200,20260930T192403Z,data\dibbs_status\status_20260930T191011Z\pages\SPE8E726T3659.html,Open,Open,08-21-2026,08-31-2026,True,SPE8E7-26-T-3659,False,True,7017911004: 3,,downloaded
SPE8E726T3241,https://www.dibbs.bsm.dla.mil/RFQ/RFQRec.aspx?sn=SPE8E726T3241,200,20260930T192407Z,data\dibbs_status\status_20260930T191011Z\pages\SPE8E726T3241.html,Open,Open,07-02-2026,07-13-2026,True,SPE8E7-26-T-3241,False,True,7017276986: 2,,downloaded
SPE4A626U2259,https://www.dibbs.bsm.dla.mil/RFQ/RFQRec.aspx?sn=SPE4A626U2259,200,20260930T192410Z,data\dibbs_status\status_20260930T191011Z\pages\SPE4A626U2259.html,Open,Open,02-26-2026,03-12-2026,True,SPE4A6-26-U-2259,False,True,1000223927: 16,,downloaded
SPE4A626T473D,https://www.dibbs.bsm.dla.mil/RFQ/RFQRec.aspx?sn=SPE4A626T473D,200,20260930T192414Z,data\dibbs_status\status_20260930T191011Z\pages\SPE4A626T473D.html,Open,Open,01-13-2026,01-20-2026,True,SPE4A6-26-T-473D,False,True,7015053246: See Solicitation; 7015053246: See Solicitation; 7015053246: 36,,downloaded
SPE4A626T12SG,https://www.dibbs.bsm.dla.mil/RFQ/RFQRec.aspx?sn=SPE4A626T12SG,200,20260930T192417Z,data\dibbs_status\status_20260930T191011Z\pages\SPE4A626T12SG.html,Open,Open,08-06-2026,08-13-2026,True,SPE4A6-26-T-12SG,False,True,7017742694: 265,,downloaded
SPE4A626T86S0,https://www.dibbs.bsm.dla.mil/RFQ/RFQRec.aspx?sn=SPE4A626T86S0,200,20260930T192421Z,data\dibbs_status\status_20260930T191011Z\pages\SPE4A626T86S0.html,Open,Open,06-10-2026,06-17-2026,True,SPE4A6-26-T-86S0,False,True,7016997107: 1,,downloaded
SPE4A626T803V,https://www.dibbs.bsm.dla.mil/RFQ/RFQRec.aspx?sn=SPE4A626T803V,200,20260930T192425Z,data\dibbs_status\status_20260930T191011Z\pages\SPE4A626T803V.html,Open,Open,02-25-2026,03-09-2026,True,SPE4A6-26-T-803V,False,True,7015658101: 35,,downloaded
SPE4A626T45P4,https://www.dibbs.bsm.dla.mil/RFQ/RFQRec.aspx?sn=SPE4A626T45P4,200,20260930T192429Z,data\dibbs_status\status_20260930T191011Z\pages\SPE4A626T45P4.html,Open,Open,05-06-2026,05-13-2026,True,SPE4A6-26-T-45P4,False,True,7016647102: 12,,downloaded
SPE4A526T332W,https://www.dibbs.bsm.dla.mil/RFQ/RFQRec.aspx?sn=SPE4A526T332W,200,20260930T192433Z,data\dibbs_status\status_20260930T191011Z\pages\SPE4A526T332W.html,Open,Open,08-06-2026,08-13-2026,True,SPE4A5-26-T-332W,False,True,7017696856: See Solicitation; 7017696856: 20,,downloaded
SPE4A726T118L,https://www.dibbs.bsm.dla.mil/RFQ/RFQRec.aspx?sn=SPE4A726T118L,200,20260930T192437Z,data\dibbs_status\status_20260930T191011Z\pages\SPE4A726T118L.html,Open,Open,03-20-2026,03-27-2026,True,SPE4A7-26-T-118L,False,True,7015994561: 32,,downloaded
SPE8E726T2817,https://www.dibbs.bsm.dla.mil/RFQ/RFQRec.aspx?sn=SPE8E726T2817,200,20260930T192441Z,data\dibbs_status\status_20260930T191011Z\pages\SPE8E726T2817.html,Open,Open,06-02-2026,06-12-2026,True,SPE8E7-26-T-2817,False,True,7016967103: 12,,downloaded
SPE4A626T693Y,https://www.dibbs.bsm.dla.mil/RFQ/RFQRec.aspx?sn=SPE4A626T693Y,200,20260930T192446Z,data\dibbs_status\status_20260930T191011Z\pages\SPE4A626T693Y.html,Open,Open,02-13-2026,02-25-2026,True,SPE4A6-26-T-693Y,False,True,7014628421: 17,,downloaded
SPE4A626T03TJ,https://www.dibbs.bsm.dla.mil/RFQ/RFQRec.aspx?sn=SPE4A626T03TJ,200,20260930T192450Z,data\dibbs_status\status_20260930T191011Z\pages\SPE4A626T03TJ.html,Open,Open,07-08-2026,07-15-2026,True,SPE4A6-26-T-03TJ,False,True,7017409309: 36,,downloaded
SPE4A626T97Z5,https://www.dibbs.bsm.dla.mil/RFQ/RFQRec.aspx?sn=SPE4A626T97Z5,200,20260930T192454Z,data\dibbs_status\status_20260930T191011Z\pages\SPE4A626T97Z5.html,Open,Open,06-18-2026,06-25-2026,True,SPE4A6-26-T-97Z5,False,True,7017108081: 13,,downloaded
SPE4A726T070Y,https://www.dibbs.bsm.dla.mil/RFQ/RFQRec.aspx?sn=SPE4A726T070Y,200,20260930T192458Z,data\dibbs_status\status_20260930T191011Z\pages\SPE4A726T070Y.html,Open,Open,03-11-2026,03-23-2026,True,SPE4A7-26-T-070Y,False,True,7015657744: 5,,downloaded
SPE8E726T3034,https://www.dibbs.bsm.dla.mil/RFQ/RFQRec.aspx?sn=SPE8E726T3034,200,20260930T192502Z,data\dibbs_status\status_20260930T191011Z\pages\SPE8E726T3034.html,Open,Open,06-11-2026,06-22-2026,True,SPE8E7-26-T-3034,False,True,7016937683: 133,,downloaded
SPE8E726T2421,https://www.dibbs.bsm.dla.mil/RFQ/RFQRec.aspx?sn=SPE8E726T2421,200,20260930T192505Z,data\dibbs_status\status_20260930T191011Z\pages\SPE8E726T2421.html,Open,Open,04-30-2026,05-11-2026,True,SPE8E7-26-T-2421,False,True,7016555301: 1,,downloaded
SPE4A626U3072,https://www.dibbs.bsm.dla.mil/RFQ/RFQRec.aspx?sn=SPE4A626U3072,200,20260930T192509Z,data\dibbs_status\status_20260930T191011Z\pages\SPE4A626U3072.html,Open,Open,05-19-2026,06-05-2026,True,SPE4A6-26-U-3072,False,True,1000232751: 98,,downloaded
SPE4A726T633L,https://www.dibbs.bsm.dla.mil/RFQ/RFQRec.aspx?sn=SPE4A726T633L,200,20260930T192513Z,data\dibbs_status\status_20260930T191011Z\pages\SPE4A726T633L.html,Open,Open,08-10-2026,08-17-2026,True,SPE4A7-26-T-633L,False,True,7017739978: See Solicitation; 7017739978: 132,,downloaded
SPE4A626T71Z5,https://www.dibbs.bsm.dla.mil/RFQ/RFQRec.aspx?sn=SPE4A626T71Z5,200,20260930T192517Z,data\dibbs_status\status_20260930T191011Z\pages\SPE4A626T71Z5.html,Open,Open,05-28-2026,06-04-2026,True,SPE4A6-26-T-71Z5,False,True,7016849495: See Solicitation; 7016849495: 133,,downloaded
SPE4A626T22QQ,https://www.dibbs.bsm.dla.mil/RFQ/RFQRec.aspx?sn=SPE4A626T22QQ,200,20260930T192521Z,data\dibbs_status\status_20260930T191011Z\pages\SPE4A626T22QQ.html,Open,Open,08-27-2026,09-03-2026,True,SPE4A6-26-T-22QQ,False,True,7016752872: 21,,downloaded
SPE4A526T356L,https://www.dibbs.bsm.dla.mil/RFQ/RFQRec.aspx?sn=SPE4A526T356L,200,20260930T192525Z,data\dibbs_status\status_20260930T191011Z\pages\SPE4A526T356L.html,Open,Open,08-17-2026,08-24-2026,True,SPE4A5-26-T-356L,False,True,7016694912: 1,,downloaded
SPE7M826Q0091,https://www.dibbs.bsm.dla.mil/RFQ/RFQRec.aspx?sn=SPE7M826Q0091,200,20260930T192528Z,data\dibbs_status\status_20260930T191011Z\pages\SPE7M826Q0091.html,Open,Open,02-19-2026,03-02-2026,True,SPE7M8-26-Q-0091,False,True,7015247634: 24,,downloaded
SPE7MX26Q0002,https://www.dibbs.bsm.dla.mil/RFQ/RFQRec.aspx?sn=SPE7MX26Q0002,200,20260930T192533Z,data\dibbs_status\status_20260930T191011Z\pages\SPE7MX26Q0002.html,Open,Open,03-04-2026,03-19-2026,True,SPE7MX-26-Q-0002,False,True,1000223701: 2000,,downloaded
SPE7M126Q1035,https://www.dibbs.bsm.dla.mil/RFQ/RFQRec.aspx?sn=SPE7M126Q1035,200,20260930T192537Z,data\dibbs_status\status_20260930T191011Z\pages\SPE7M126Q1035.html,Open,Open,07-09-2026,07-23-2026,True,SPE7M1-26-Q-1035,False,True,7016270201: See Solicitation; 7016270201: 15,,downloaded
SPE7M826T6948,https://www.dibbs.bsm.dla.mil/RFQ/RFQRec.aspx?sn=SPE7M826T6948,200,20260930T192541Z,data\dibbs_status\status_20260930T191011Z\pages\SPE7M826T6948.html,Open,Open,09-29-2026,10-09-2026,True,SPE7M8-26-T-6948,False,True,7018270628: 51,,downloaded
SPE7M826Q0261,https://www.dibbs.bsm.dla.mil/RFQ/RFQRec.aspx?sn=SPE7M826Q0261,200,20260930T192545Z,data\dibbs_status\status_20260930T191011Z\pages\SPE7M826Q0261.html,Open,Open,09-29-2026,10-06-2026,True,SPE7M8-26-Q-0261,False,True,7017236273: 2,,downloaded
SPE7M026T103A,https://www.dibbs.bsm.dla.mil/RFQ/RFQRec.aspx?sn=SPE7M026T103A,200,20260930T192549Z,data\dibbs_status\status_20260930T191011Z\pages\SPE7M026T103A.html,Open,Open,09-29-2026,10-09-2026,True,SPE7M0-26-T-103A,False,True,7017473386: 1,,downloaded
SPE7M826T6930,https://www.dibbs.bsm.dla.mil/RFQ/RFQRec.aspx?sn=SPE7M826T6930,200,20260930T192553Z,data\dibbs_status\status_20260930T191011Z\pages\SPE7M826T6930.html,Open,Open,09-28-2026,10-08-2026,True,SPE7M8-26-T-6930,False,True,7011382744: 5,,downloaded
SPE7M826T6928,https://www.dibbs.bsm.dla.mil/RFQ/RFQRec.aspx?sn=SPE7M826T6928,200,20260930T192557Z,data\dibbs_status\status_20260930T191011Z\pages\SPE7M826T6928.html,Open,Open,09-28-2026,10-08-2026,True,SPE7M8-26-T-6928,False,True,7017778497: See Solicitation; 7017778497: 76,,downloaded
SPE7M826T6916,https://www.dibbs.bsm.dla.mil/RFQ/RFQRec.aspx?sn=SPE7M826T6916,200,20260930T192601Z,data\dibbs_status\status_20260930T191011Z\pages\SPE7M826T6916.html,Open,Open,09-28-2026,10-08-2026,True,SPE7M8-26-T-6916,False,True,7005354215: See Solicitation; 7005354215: 19,,downloaded
SPE7M226T7070,https://www.dibbs.bsm.dla.mil/RFQ/RFQRec.aspx?sn=SPE7M226T7070,200,20260930T192605Z,data\dibbs_status\status_20260930T191011Z\pages\SPE7M226T7070.html,Open,Open,09-28-2026,10-08-2026,True,SPE7M2-26-T-7070,False,True,7018268485: 3,,downloaded
SPE7M826T6890,https://www.dibbs.bsm.dla.mil/RFQ/RFQRec.aspx?sn=SPE7M826T6890,200,20260930T192608Z,data\dibbs_status\status_20260930T191011Z\pages\SPE7M826T6890.html,Open,Open,09-25-2026,10-05-2026,True,SPE7M8-26-T-6890,False,True,7018498550: 21,,downloaded
SPE7M826T6883,https://www.dibbs.bsm.dla.mil/RFQ/RFQRec.aspx?sn=SPE7M826T6883,200,20260930T192612Z,data\dibbs_status\status_20260930T191011Z\pages\SPE7M826T6883.html,Open,Open,09-25-2026,10-05-2026,True,SPE7M8-26-T-6883,False,True,7018497527: 17,,downloaded
SPE7M826T6879,https://www.dibbs.bsm.dla.mil/RFQ/RFQRec.aspx?sn=SPE7M826T6879,200,20260930T192616Z,data\dibbs_status\status_20260930T191011Z\pages\SPE7M826T6879.html,Open,Open,09-25-2026,10-05-2026,True,SPE7M8-26-T-6879,False,True,7018498369: 6,,downloaded
SPE7M826T6864,https://www.dibbs.bsm.dla.mil/RFQ/RFQRec.aspx?sn=SPE7M826T6864,200,20260930T192620Z,data\dibbs_status\status_20260930T191011Z\pages\SPE7M826T6864.html,Open,Open,09-25-2026,10-05-2026,True,SPE7M8-26-T-6864,False,True,7018498362: See Solicitation; 7018498362: 1,,downloaded
SPE7M226T6767,https://www.dibbs.bsm.dla.mil/RFQ/RFQRec.aspx?sn=SPE7M226T6767,200,20260930T192624Z,data\dibbs_status\status_20260930T191011Z\pages\SPE7M226T6767.html,Open,Open,09-11-2026,09-24-2026,True,SPE7M2-26-T-6767,False,True,7018268488: 2,,downloaded
SPE7M226T6794,https://www.dibbs.bsm.dla.mil/RFQ/RFQRec.aspx?sn=SPE7M226T6794,200,20260930T192629Z,data\dibbs_status\status_20260930T191011Z\pages\SPE7M226T6794.html,Open,Open,09-11-2026,09-24-2026,True,SPE7M2-26-T-6794,False,True,7018271964: 3,,downloaded
SPE7L126T15G2,https://www.dibbs.bsm.dla.mil/RFQ/RFQRec.aspx?sn=SPE7L126T15G2,200,20260930T192633Z,data\dibbs_status\status_20260930T191011Z\pages\SPE7L126T15G2.html,Open,Open,09-22-2026,10-02-2026,True,SPE7L1-26-T-15G2,False,True,7015417166: 19,,downloaded
SPE7M826T6777,https://www.dibbs.bsm.dla.mil/RFQ/RFQRec.aspx?sn=SPE7M826T6777,200,20260930T192637Z,data\dibbs_status\status_20260930T191011Z\pages\SPE7M826T6777.html,Open,Open,09-22-2026,10-02-2026,True,SPE7M8-26-T-6777,False,True,7018064073: 2,,downloaded
SPE7M826T6773,https://www.dibbs.bsm.dla.mil/RFQ/RFQRec.aspx?sn=SPE7M826T6773,200,20260930T192641Z,data\dibbs_status\status_20260930T191011Z\pages\SPE7M826T6773.html,Open,Open,09-22-2026,10-02-2026,True,SPE7M8-26-T-6773,False,True,7018269025: 25,,downloaded
SPE7M526T516C,https://www.dibbs.bsm.dla.mil/RFQ/RFQRec.aspx?sn=SPE7M526T516C,200,20260930T192644Z,data\dibbs_status\status_20260930T191011Z\pages\SPE7M526T516C.html,Open,Open,09-21-2026,10-01-2026,True,SPE7M5-26-T-516C,False,True,7018274672: See Solicitation; 7018274672: 48,,downloaded
SPE7M826T6768,https://www.dibbs.bsm.dla.mil/RFQ/RFQRec.aspx?sn=SPE7M826T6768,200,20260930T192649Z,data\dibbs_status\status_20260930T191011Z\pages\SPE7M826T6768.html,Open,Open,09-21-2026,10-01-2026,True,SPE7M8-26-T-6768,False,True,7014264874: See Solicitation; 7014264874: 58,,downloaded
SPE7M826T6766,https://www.dibbs.bsm.dla.mil/RFQ/RFQRec.aspx?sn=SPE7M826T6766,200,20260930T192654Z,data\dibbs_status\status_20260930T191011Z\pages\SPE7M826T6766.html,Open,Open,09-21-2026,10-01-2026,True,SPE7M8-26-T-6766,False,True,7018271698: 49,,downloaded
SPE7M826T6747,https://www.dibbs.bsm.dla.mil/RFQ/RFQRec.aspx?sn=SPE7M826T6747,200,20260930T192659Z,data\dibbs_status\status_20260930T191011Z\pages\SPE7M826T6747.html,Open,Open,09-18-2026,09-28-2026,True,SPE7M8-26-T-6747,False,True,7018269366: See Solicitation; 7018269366: 20,,downloaded
SPE7M826T6719,https://www.dibbs.bsm.dla.mil/RFQ/RFQRec.aspx?sn=SPE7M826T6719,200,20260930T192702Z,data\dibbs_status\status_20260930T191011Z\pages\SPE7M826T6719.html,Open,Open,09-17-2026,09-28-2026,True,SPE7M8-26-T-6719,False,True,7018379573: 2,,downloaded
SPE7M826T6729,https://www.dibbs.bsm.dla.mil/RFQ/RFQRec.aspx?sn=SPE7M826T6729,200,20260930T192706Z,data\dibbs_status\status_20260930T191011Z\pages\SPE7M826T6729.html,Open,Open,09-17-2026,09-28-2026,True,SPE7M8-26-T-6729,False,True,7018378479: 54,,downloaded
SPE7M826Q0240,https://www.dibbs.bsm.dla.mil/RFQ/RFQRec.aspx?sn=SPE7M826Q0240,200,20260930T192710Z,data\dibbs_status\status_20260930T191011Z\pages\SPE7M826Q0240.html,Open,Open,09-16-2026,09-29-2026,True,SPE7M8-26-Q-0240,False,True,7016088124: See Solicitation; 7016088124: 948,,downloaded
SPE7L426T6955,https://www.dibbs.bsm.dla.mil/RFQ/RFQRec.aspx?sn=SPE7L426T6955,200,20260930T192714Z,data\dibbs_status\status_20260930T191011Z\pages\SPE7L426T6955.html,Open,Open,09-16-2026,09-28-2026,True,SPE7L4-26-T-6955,False,True,7018340481: 3,,downloaded
SPE7M826T6677,https://www.dibbs.bsm.dla.mil/RFQ/RFQRec.aspx?sn=SPE7M826T6677,200,20260930T192718Z,data\dibbs_status\status_20260930T191011Z\pages\SPE7M826T6677.html,Open,Open,09-16-2026,09-28-2026,True,SPE7M8-26-T-6677,False,True,7018340673: 2,,downloaded
SPE7M226T6859,https://www.dibbs.bsm.dla.mil/RFQ/RFQRec.aspx?sn=SPE7M226T6859,200,20260930T192722Z,data\dibbs_status\status_20260930T191011Z\pages\SPE7M226T6859.html,Open,Open,09-15-2026,09-25-2026,True,SPE7M2-26-T-6859,False,True,7017780483: 2,,downloaded
SPE7M826T6662,https://www.dibbs.bsm.dla.mil/RFQ/RFQRec.aspx?sn=SPE7M826T6662,200,20260930T192726Z,data\dibbs_status\status_20260930T191011Z\pages\SPE7M826T6662.html,Open,Open,09-15-2026,09-25-2026,True,SPE7M8-26-T-6662,False,True,7018273074: See Solicitation; 7018273074: 210,,downloaded
SPE7M226T6844,https://www.dibbs.bsm.dla.mil/RFQ/RFQRec.aspx?sn=SPE7M226T6844,200,20260930T192730Z,data\dibbs_status\status_20260930T191011Z\pages\SPE7M226T6844.html,Open,Open,09-15-2026,09-25-2026,True,SPE7M2-26-T-6844,False,True,7018268487: 2,,downloaded
SPE7M826T6649,https://www.dibbs.bsm.dla.mil/RFQ/RFQRec.aspx?sn=SPE7M826T6649,200,20260930T192733Z,data\dibbs_status\status_20260930T191011Z\pages\SPE7M826T6649.html,Open,Open,09-14-2026,09-24-2026,True,SPE7M8-26-T-6649,False,True,7016095042: 1,,downloaded
SPE7M826T6635,https://www.dibbs.bsm.dla.mil/RFQ/RFQRec.aspx?sn=SPE7M826T6635,200,20260930T192737Z,data\dibbs_status\status_20260930T191011Z\pages\SPE7M826T6635.html,Open,Open,09-14-2026,09-24-2026,True,SPE7M8-26-T-6635,False,True,7018270595: See Solicitation; 7018270595: 8,,downloaded
SPE7M526T477J,https://www.dibbs.bsm.dla.mil/RFQ/RFQRec.aspx?sn=SPE7M526T477J,200,20260930T192741Z,data\dibbs_status\status_20260930T191011Z\pages\SPE7M526T477J.html,Open,Open,09-11-2026,09-21-2026,True,SPE7M5-26-T-477J,False,True,7018272319: See Solicitation; 7018272319: 4,,downloaded
SPE7M826T6534,https://www.dibbs.bsm.dla.mil/RFQ/RFQRec.aspx?sn=SPE7M826T6534,200,20260930T192745Z,data\dibbs_status\status_20260930T191011Z\pages\SPE7M826T6534.html,Open,Open,09-11-2026,09-21-2026,True,SPE7M8-26-T-6534,False,True,7018271326: See Solicitation; 7018271326: 244,,downloaded
SPE7M826T6451,https://www.dibbs.bsm.dla.mil/RFQ/RFQRec.aspx?sn=SPE7M826T6451,200,20260930T192748Z,data\dibbs_status\status_20260930T191011Z\pages\SPE7M826T6451.html,Open,Open,09-10-2026,09-21-2026,True,SPE7M8-26-T-6451,False,True,7013820782: 1,,downloaded
SPE7M426T9831,https://www.dibbs.bsm.dla.mil/RFQ/RFQRec.aspx?sn=SPE7M426T9831,200,20260930T192753Z,data\dibbs_status\status_20260930T191011Z\pages\SPE7M426T9831.html,Open,Open,04-14-2026,09-10-2026,True,SPE7M4-26-T-9831,False,True,7016087372: 5,,downloaded
SPE7M826T6408,https://www.dibbs.bsm.dla.mil/RFQ/RFQRec.aspx?sn=SPE7M826T6408,200,20260930T192757Z,data\dibbs_status\status_20260930T191011Z\pages\SPE7M826T6408.html,Open,Open,09-04-2026,09-14-2026,True,SPE7M8-26-T-6408,False,True,7017984458: 42,,downloaded
SPE7M826T6395,https://www.dibbs.bsm.dla.mil/RFQ/RFQRec.aspx?sn=SPE7M826T6395,200,20260930T192801Z,data\dibbs_status\status_20260930T191011Z\pages\SPE7M826T6395.html,Open,Open,09-02-2026,09-14-2026,True,SPE7M8-26-T-6395,False,True,7018016569: 1,,downloaded
SPE7M826T6381,https://www.dibbs.bsm.dla.mil/RFQ/RFQRec.aspx?sn=SPE7M826T6381,200,20260930T192804Z,data\dibbs_status\status_20260930T191011Z\pages\SPE7M826T6381.html,Open,Open,09-01-2026,09-11-2026,True,SPE7M8-26-T-6381,False,True,7017986516: 35,,downloaded
SPE7M826T6013,https://www.dibbs.bsm.dla.mil/RFQ/RFQRec.aspx?sn=SPE7M826T6013,200,20260930T192808Z,data\dibbs_status\status_20260930T191011Z\pages\SPE7M826T6013.html,Open,Open,08-18-2026,09-02-2026,True,SPE7M8-26-T-6013,False,True,7011801548: 34,,downloaded
SPE7M826T6356,https://www.dibbs.bsm.dla.mil/RFQ/RFQRec.aspx?sn=SPE7M826T6356,200,20260930T192812Z,data\dibbs_status\status_20260930T191011Z\pages\SPE7M826T6356.html,Open,Open,08-31-2026,09-10-2026,True,SPE7M8-26-T-6356,False,True,7018068526: 5,,downloaded
SPE7M826T6349,https://www.dibbs.bsm.dla.mil/RFQ/RFQRec.aspx?sn=SPE7M826T6349,200,20260930T192816Z,data\dibbs_status\status_20260930T191011Z\pages\SPE7M826T6349.html,Open,Open,08-28-2026,09-08-2026,True,SPE7M8-26-T-6349,False,True,7012919075: 2,,downloaded
SPE7M826T6329,https://www.dibbs.bsm.dla.mil/RFQ/RFQRec.aspx?sn=SPE7M826T6329,200,20260930T192819Z,data\dibbs_status\status_20260930T191011Z\pages\SPE7M826T6329.html,Open,Open,08-28-2026,09-08-2026,True,SPE7M8-26-T-6329,False,True,7009278723: 8,,downloaded
SPE7M826T6273,https://www.dibbs.bsm.dla.mil/RFQ/RFQRec.aspx?sn=SPE7M826T6273,200,20260930T192823Z,data\dibbs_status\status_20260930T191011Z\pages\SPE7M826T6273.html,Open,Open,08-27-2026,09-08-2026,True,SPE7M8-26-T-6273,False,True,7014131236: 13,,downloaded
SPE7M826T6263,https://www.dibbs.bsm.dla.mil/RFQ/RFQRec.aspx?sn=SPE7M826T6263,200,20260930T192827Z,data\dibbs_status\status_20260930T191011Z\pages\SPE7M826T6263.html,Open,Open,08-27-2026,09-08-2026,True,SPE7M8-26-T-6263,False,True,7013879871: 23,,downloaded
SPE7M826T6252,https://www.dibbs.bsm.dla.mil/RFQ/RFQRec.aspx?sn=SPE7M826T6252,200,20260930T192830Z,data\dibbs_status\status_20260930T191011Z\pages\SPE7M826T6252.html,Open,Open,08-27-2026,09-08-2026,True,SPE7M8-26-T-6252,False,True,7018038189: See Solicitation; 7018038189: 1,,downloaded
SPE7M826T6229,https://www.dibbs.bsm.dla.mil/RFQ/RFQRec.aspx?sn=SPE7M826T6229,200,20260930T192834Z,data\dibbs_status\status_20260930T191011Z\pages\SPE7M826T6229.html,Open,Open,08-26-2026,09-08-2026,True,SPE7M8-26-T-6229,False,True,7009536231: 11,,downloaded
SPE7M826T6153,https://www.dibbs.bsm.dla.mil/RFQ/RFQRec.aspx?sn=SPE7M826T6153,200,20260930T192838Z,data\dibbs_status\status_20260930T191011Z\pages\SPE7M826T6153.html,Open,Open,08-21-2026,08-31-2026,True,SPE7M8-26-T-6153,False,True,7017986441: 36,,downloaded
SPE7M826T4455,https://www.dibbs.bsm.dla.mil/RFQ/RFQRec.aspx?sn=SPE7M826T4455,200,20260930T192841Z,data\dibbs_status\status_20260930T191011Z\pages\SPE7M826T4455.html,Open,Open,05-22-2026,06-01-2026,True,SPE7M8-26-T-4455,False,True,7013986782: See Solicitation; 7013986782: 4,,downloaded
SPE7M226T4245,https://www.dibbs.bsm.dla.mil/RFQ/RFQRec.aspx?sn=SPE7M226T4245,200,20260930T192845Z,data\dibbs_status\status_20260930T191011Z\pages\SPE7M226T4245.html,Open,Open,05-04-2026,05-19-2026,True,SPE7M2-26-T-4245,False,True,7016620563: 7,,downloaded
SPE7M826Q0200,https://www.dibbs.bsm.dla.mil/RFQ/RFQRec.aspx?sn=SPE7M826Q0200,200,20260930T192850Z,data\dibbs_status\status_20260930T191011Z\pages\SPE7M826Q0200.html,Open,Open,07-30-2026,08-13-2026,True,SPE7M8-26-Q-0200,False,True,7016687300: 3,,downloaded
SPE7M826T5901,https://www.dibbs.bsm.dla.mil/RFQ/RFQRec.aspx?sn=SPE7M826T5901,200,20260930T192853Z,data\dibbs_status\status_20260930T191011Z\pages\SPE7M826T5901.html,Open,Open,08-07-2026,08-17-2026,True,SPE7M8-26-T-5901,False,True,7017778498: See Solicitation; 7017778498: 43,,downloaded
SPE7M126T021S,https://www.dibbs.bsm.dla.mil/RFQ/RFQRec.aspx?sn=SPE7M126T021S,200,20260930T192857Z,data\dibbs_status\status_20260930T191011Z\pages\SPE7M126T021S.html,Open,Open,05-01-2026,05-11-2026,True,SPE7M1-26-T-021S,False,True,7013875834: 13,,downloaded
SPE7M826T5819,https://www.dibbs.bsm.dla.mil/RFQ/RFQRec.aspx?sn=SPE7M826T5819,200,20260930T192901Z,data\dibbs_status\status_20260930T191011Z\pages\SPE7M826T5819.html,Open,Open,08-07-2026,08-17-2026,True,SPE7M8-26-T-5819,False,True,7017775500: See Solicitation; 7017775500: 2,,downloaded
SPE7M526T008Q,https://www.dibbs.bsm.dla.mil/RFQ/RFQRec.aspx?sn=SPE7M526T008Q,200,20260930T192905Z,data\dibbs_status\status_20260930T191011Z\pages\SPE7M526T008Q.html,Open,Open,04-02-2026,04-13-2026,True,SPE7M5-26-T-008Q,False,True,7015892596: See Solicitation; 7015892596: 7,,downloaded
SPE7M826T5500,https://www.dibbs.bsm.dla.mil/RFQ/RFQRec.aspx?sn=SPE7M826T5500,200,20260930T192910Z,data\dibbs_status\status_20260930T191011Z\pages\SPE7M826T5500.html,Open,Open,07-23-2026,08-03-2026,True,SPE7M8-26-T-5500,False,True,7008310126: 63,,downloaded
SPE7M526T118T,https://www.dibbs.bsm.dla.mil/RFQ/RFQRec.aspx?sn=SPE7M526T118T,200,20260930T192914Z,data\dibbs_status\status_20260930T191011Z\pages\SPE7M526T118T.html,Open,Open,05-07-2026,05-18-2026,True,SPE7M5-26-T-118T,False,True,7015893643: See Solicitation; 7015893643: 13,,downloaded
SPE7M026T7262,https://www.dibbs.bsm.dla.mil/RFQ/RFQRec.aspx?sn=SPE7M026T7262,200,20260930T192918Z,data\dibbs_status\status_20260930T191011Z\pages\SPE7M026T7262.html,Open,Open,04-24-2026,05-04-2026,True,SPE7M0-26-T-7262,False,True,7016494246: See Solicitation; 7016494246: 9,,downloaded
SPE7M526T195X,https://www.dibbs.bsm.dla.mil/RFQ/RFQRec.aspx?sn=SPE7M526T195X,200,20260930T192921Z,data\dibbs_status\status_20260930T191011Z\pages\SPE7M526T195X.html,Open,Open,05-22-2026,06-01-2026,True,SPE7M5-26-T-195X,False,True,7016888807: See Solicitation; 7016888807: 50,,downloaded
SPE7M826T3207,https://www.dibbs.bsm.dla.mil/RFQ/RFQRec.aspx?sn=SPE7M826T3207,200,20260930T192926Z,data\dibbs_status\status_20260930T191011Z\pages\SPE7M826T3207.html,Open,Open,04-10-2026,04-20-2026,True,SPE7M8-26-T-3207,False,True,7016267630: 11,,downloaded
SPE7M826T5897,https://www.dibbs.bsm.dla.mil/RFQ/RFQRec.aspx?sn=SPE7M826T5897,200,20260930T192930Z,data\dibbs_status\status_20260930T191011Z\pages\SPE7M826T5897.html,Open,Open,08-07-2026,08-17-2026,True,SPE7M8-26-T-5897,False,True,7017779374: See Solicitation; 7017779374: 236,,downloaded
SPE7M826T3980,https://www.dibbs.bsm.dla.mil/RFQ/RFQRec.aspx?sn=SPE7M826T3980,200,20260930T192934Z,data\dibbs_status\status_20260930T191011Z\pages\SPE7M826T3980.html,Open,Open,05-08-2026,05-18-2026,True,SPE7M8-26-T-3980,False,True,7015162664: 1,,downloaded
SPE7M826T3277,https://www.dibbs.bsm.dla.mil/RFQ/RFQRec.aspx?sn=SPE7M826T3277,200,20260930T192938Z,data\dibbs_status\status_20260930T191011Z\pages\SPE7M826T3277.html,Open,Open,04-10-2026,04-20-2026,True,SPE7M8-26-T-3277,False,True,7013007963: 10,,downloaded
SPE7M026Q0855,https://www.dibbs.bsm.dla.mil/RFQ/RFQRec.aspx?sn=SPE7M026Q0855,200,20260930T192942Z,data\dibbs_status\status_20260930T191011Z\pages\SPE7M026Q0855.html,Open,Open,06-02-2026,06-16-2026,True,SPE7M0-26-Q-0855,False,True,7015892853: See Solicitation; 7015892853: 14,,downloaded
SPE7M826T5579,https://www.dibbs.bsm.dla.mil/RFQ/RFQRec.aspx?sn=SPE7M826T5579,200,20260930T192946Z,data\dibbs_status\status_20260930T191011Z\pages\SPE7M826T5579.html,Open,Open,07-24-2026,08-03-2026,True,SPE7M8-26-T-5579,False,True,7017589341: See Solicitation; 7017589341: 1,,downloaded
SPE7M826T6053,https://www.dibbs.bsm.dla.mil/RFQ/RFQRec.aspx?sn=SPE7M826T6053,200,20260930T192949Z,data\dibbs_status\status_20260930T191011Z\pages\SPE7M826T6053.html,Open,Open,08-20-2026,08-31-2026,True,SPE7M8-26-T-6053,False,True,7005359768: 11,,downloaded
SPE7M226T3365,https://www.dibbs.bsm.dla.mil/RFQ/RFQRec.aspx?sn=SPE7M226T3365,200,20260930T192954Z,data\dibbs_status\status_20260930T191011Z\pages\SPE7M226T3365.html,Open,Open,04-02-2026,04-13-2026,True,SPE7M2-26-T-3365,False,True,7016173175: 5,,downloaded
SPE7M226T3238,https://www.dibbs.bsm.dla.mil/RFQ/RFQRec.aspx?sn=SPE7M226T3238,200,20260930T192957Z,data\dibbs_status\status_20260930T191011Z\pages\SPE7M226T3238.html,Open,Open,03-27-2026,04-06-2026,True,SPE7M2-26-T-3238,False,True,7016086844: 2,,downloaded
SPE7M226T2959,https://www.dibbs.bsm.dla.mil/RFQ/RFQRec.aspx?sn=SPE7M226T2959,200,20260930T193001Z,data\dibbs_status\status_20260930T191011Z\pages\SPE7M226T2959.html,Open,Open,03-13-2026,03-23-2026,True,SPE7M2-26-T-2959,False,True,7015897466: 3,,downloaded
SPE7M826T5284,https://www.dibbs.bsm.dla.mil/RFQ/RFQRec.aspx?sn=SPE7M826T5284,200,20260930T193005Z,data\dibbs_status\status_20260930T191011Z\pages\SPE7M826T5284.html,Open,Open,07-10-2026,07-20-2026,True,SPE7M8-26-T-5284,False,True,7017441448: 2,,downloaded
SPE7M826T1719,https://www.dibbs.bsm.dla.mil/RFQ/RFQRec.aspx?sn=SPE7M826T1719,200,20260930T193009Z,data\dibbs_status\status_20260930T191011Z\pages\SPE7M826T1719.html,Open,Open,01-22-2026,02-05-2026,True,SPE7M8-26-T-1719,False,True,7014130777: 3,,downloaded
SPE7M026T7442,https://www.dibbs.bsm.dla.mil/RFQ/RFQRec.aspx?sn=SPE7M026T7442,200,20260930T193013Z,data\dibbs_status\status_20260930T191011Z\pages\SPE7M026T7442.html,Open,Open,04-28-2026,05-08-2026,True,SPE7M0-26-T-7442,False,True,7016540192: See Solicitation; 7016540192: 85,,downloaded
SPE7M826T5225,https://www.dibbs.bsm.dla.mil/RFQ/RFQRec.aspx?sn=SPE7M826T5225,200,20260930T193016Z,data\dibbs_status\status_20260930T191011Z\pages\SPE7M826T5225.html,Open,Open,07-09-2026,07-20-2026,True,SPE7M8-26-T-5225,False,True,7017411156: See Solicitation; 7017411156: 1,,downloaded
SPE7M826T2502,https://www.dibbs.bsm.dla.mil/RFQ/RFQRec.aspx?sn=SPE7M826T2502,200,20260930T193020Z,data\dibbs_status\status_20260930T191011Z\pages\SPE7M826T2502.html,Open,Open,02-27-2026,03-09-2026,True,SPE7M8-26-T-2502,False,True,7008951871: 5,,downloaded
SPE7M826T5716,https://www.dibbs.bsm.dla.mil/RFQ/RFQRec.aspx?sn=SPE7M826T5716,200,20260930T193025Z,data\dibbs_status\status_20260930T191011Z\pages\SPE7M826T5716.html,Open,Open,08-06-2026,08-17-2026,True,SPE7M8-26-T-5716,False,True,7017039909: See Solicitation; 7017039909: 5,,downloaded
SPE7L326T9247,https://www.dibbs.bsm.dla.mil/RFQ/RFQRec.aspx?sn=SPE7L326T9247,200,20260930T193029Z,data\dibbs_status\status_20260930T191011Z\pages\SPE7L326T9247.html,Open,Open,04-28-2026,05-08-2026,True,SPE7L3-26-T-9247,False,True,7015835519: 1,,downloaded
SPE7M826T2223,https://www.dibbs.bsm.dla.mil/RFQ/RFQRec.aspx?sn=SPE7M826T2223,200,20260930T193034Z,data\dibbs_status\status_20260930T191011Z\pages\SPE7M826T2223.html,Open,Open,02-19-2026,03-05-2026,True,SPE7M8-26-T-2223,False,True,7007469818: 2,,downloaded
SPE7M026T7338,https://www.dibbs.bsm.dla.mil/RFQ/RFQRec.aspx?sn=SPE7M026T7338,200,20260930T193038Z,data\dibbs_status\status_20260930T191011Z\pages\SPE7M026T7338.html,Open,Open,04-27-2026,05-07-2026,True,SPE7M0-26-T-7338,False,True,7016514533: See Solicitation; 7016514533: 4,,downloaded
SPE7L126T438V,https://www.dibbs.bsm.dla.mil/RFQ/RFQRec.aspx?sn=SPE7L126T438V,200,20260930T193042Z,data\dibbs_status\status_20260930T191011Z\pages\SPE7L126T438V.html,Open,Open,04-27-2026,05-07-2026,True,SPE7L1-26-T-438V,False,True,7015744898: 6,,downloaded
SPE7L126Q1445,https://www.dibbs.bsm.dla.mil/RFQ/RFQRec.aspx?sn=SPE7L126Q1445,200,20260930T193047Z,data\dibbs_status\status_20260930T191011Z\pages\SPE7L126Q1445.html,Open,Open,08-05-2026,08-17-2026,True,SPE7L1-26-Q-1445,False,True,7015230678: 6,,downloaded
SPE7M826T2579,https://www.dibbs.bsm.dla.mil/RFQ/RFQRec.aspx?sn=SPE7M826T2579,200,20260930T193051Z,data\dibbs_status\status_20260930T191011Z\pages\SPE7M826T2579.html,Open,Open,03-12-2026,03-27-2026,True,SPE7M8-26-T-2579,False,True,7005516269: 13,,downloaded
SPE7M826T5948,https://www.dibbs.bsm.dla.mil/RFQ/RFQRec.aspx?sn=SPE7M826T5948,200,20260930T193055Z,data\dibbs_status\status_20260930T191011Z\pages\SPE7M826T5948.html,Open,Open,08-12-2026,08-24-2026,True,SPE7M8-26-T-5948,False,True,7017438062: See Solicitation; 7017438062: 54,,downloaded
SPE7M826T5182,https://www.dibbs.bsm.dla.mil/RFQ/RFQRec.aspx?sn=SPE7M826T5182,200,20260930T193059Z,data\dibbs_status\status_20260930T191011Z\pages\SPE7M826T5182.html,Open,Open,07-06-2026,07-16-2026,True,SPE7M8-26-T-5182,False,True,7017383018: 1,,downloaded
SPE7M826T3090,https://www.dibbs.bsm.dla.mil/RFQ/RFQRec.aspx?sn=SPE7M826T3090,200,20260930T193103Z,data\dibbs_status\status_20260930T191011Z\pages\SPE7M826T3090.html,Open,Open,04-06-2026,04-16-2026,True,SPE7M8-26-T-3090,False,True,7016182674: 1,,downloaded
SPE7M826T4073,https://www.dibbs.bsm.dla.mil/RFQ/RFQRec.aspx?sn=SPE7M826T4073,200,20260930T193107Z,data\dibbs_status\status_20260930T191011Z\pages\SPE7M826T4073.html,Open,Open,05-11-2026,05-21-2026,True,SPE7M8-26-T-4073,False,True,7014130960: 4,,downloaded
SPE7M826T3632,https://www.dibbs.bsm.dla.mil/RFQ/RFQRec.aspx?sn=SPE7M826T3632,200,20260930T193110Z,data\dibbs_status\status_20260930T191011Z\pages\SPE7M826T3632.html,Open,Open,04-27-2026,05-07-2026,True,SPE7M8-26-T-3632,False,True,7015602426: See Solicitation; 7015602426: 8,,downloaded
SPE4A626T08LE,https://www.dibbs.bsm.dla.mil/RFQ/RFQRec.aspx?sn=SPE4A626T08LE,200,20260930T193114Z,data\dibbs_status\status_20260930T191011Z\pages\SPE4A626T08LE.html,Open,Open,07-22-2026,07-29-2026,True,SPE4A6-26-T-08LE,False,True,7017572678: See Solicitation; 7017572678: 5,,downloaded
SPE4A726T015N,https://www.dibbs.bsm.dla.mil/RFQ/RFQRec.aspx?sn=SPE4A726T015N,200,20260930T193118Z,data\dibbs_status\status_20260930T191011Z\pages\SPE4A726T015N.html,Open,Open,02-25-2026,03-04-2026,True,SPE4A7-26-T-015N,False,True,7015475611: 2,,downloaded
SPE7M826T5686,https://www.dibbs.bsm.dla.mil/RFQ/RFQRec.aspx?sn=SPE7M826T5686,200,20260930T193121Z,data\dibbs_status\status_20260930T191011Z\pages\SPE7M826T5686.html,Open,Open,08-03-2026,08-13-2026,True,SPE7M8-26-T-5686,False,True,7017696810: 3,,downloaded
SPE7M826T4087,https://www.dibbs.bsm.dla.mil/RFQ/RFQRec.aspx?sn=SPE7M826T4087,200,20260930T193125Z,data\dibbs_status\status_20260930T191011Z\pages\SPE7M826T4087.html,Open,Open,05-12-2026,05-22-2026,True,SPE7M8-26-T-4087,False,True,7016687117: See Solicitation; 7016687117: 14,,downloaded
SPE7M526T114W,https://www.dibbs.bsm.dla.mil/RFQ/RFQRec.aspx?sn=SPE7M526T114W,200,20260930T193128Z,data\dibbs_status\status_20260930T191011Z\pages\SPE7M526T114W.html,Open,Open,05-05-2026,05-20-2026,True,SPE7M5-26-T-114W,False,True,7015891902: 14,,downloaded
SPE4A726T565Q,https://www.dibbs.bsm.dla.mil/RFQ/RFQRec.aspx?sn=SPE4A726T565Q,200,20260930T193132Z,data\dibbs_status\status_20260930T191011Z\pages\SPE4A726T565Q.html,Open,Open,07-13-2026,07-20-2026,True,SPE4A7-26-T-565Q,False,True,7017399373: See Solicitation; 7017399373: 2,,downloaded
SPE7M826T4535,https://www.dibbs.bsm.dla.mil/RFQ/RFQRec.aspx?sn=SPE7M826T4535,200,20260930T193136Z,data\dibbs_status\status_20260930T191011Z\pages\SPE7M826T4535.html,Open,Open,06-01-2026,06-11-2026,True,SPE7M8-26-T-4535,False,True,7016090864: See Solicitation; 7016090864: 2,,downloaded
SPE7M826T4741,https://www.dibbs.bsm.dla.mil/RFQ/RFQRec.aspx?sn=SPE7M826T4741,200,20260930T193140Z,data\dibbs_status\status_20260930T191011Z\pages\SPE7M826T4741.html,Open,Open,06-08-2026,06-18-2026,True,SPE7M8-26-T-4741,False,True,7017049256: See Solicitation; 7017049256: 560,,downloaded
SPE7M826T5130,https://www.dibbs.bsm.dla.mil/RFQ/RFQRec.aspx?sn=SPE7M826T5130,200,20260930T193143Z,data\dibbs_status\status_20260930T191011Z\pages\SPE7M826T5130.html,Open,Open,06-30-2026,07-10-2026,True,SPE7M8-26-T-5130,False,True,7017227229: 621,,downloaded
SPE7M826T4840,https://www.dibbs.bsm.dla.mil/RFQ/RFQRec.aspx?sn=SPE7M826T4840,200,20260930T193147Z,data\dibbs_status\status_20260930T191011Z\pages\SPE7M826T4840.html,Open,Open,06-17-2026,07-02-2026,True,SPE7M8-26-T-4840,False,True,7016735801: 2,,downloaded
SPE7M826T4052,https://www.dibbs.bsm.dla.mil/RFQ/RFQRec.aspx?sn=SPE7M826T4052,200,20260930T193151Z,data\dibbs_status\status_20260930T191011Z\pages\SPE7M826T4052.html,Open,Open,05-11-2026,05-21-2026,True,SPE7M8-26-T-4052,False,True,7016689617: See Solicitation; 7016689617: 130,,downloaded
SPE7M826Q0197,https://www.dibbs.bsm.dla.mil/RFQ/RFQRec.aspx?sn=SPE7M826Q0197,200,20260930T193155Z,data\dibbs_status\status_20260930T191011Z\pages\SPE7M826Q0197.html,Open,Open,07-23-2026,08-06-2026,True,SPE7M8-26-Q-0197,False,True,7014134627: See Solicitation; 7014134627: See Solicitation; 7014134627: 19,,downloaded
SPE7M526T525B,https://www.dibbs.bsm.dla.mil/RFQ/RFQRec.aspx?sn=SPE7M526T525B,200,20260930T193159Z,data\dibbs_status\status_20260930T191011Z\pages\SPE7M526T525B.html,Open,Open,09-25-2026,10-05-2026,True,SPE7M5-26-T-525B,False,True,7018495190: See Solicitation; 7018495190: 33,,downloaded
SPE7M026T063A,https://www.dibbs.bsm.dla.mil/RFQ/RFQRec.aspx?sn=SPE7M026T063A,200,20260930T193203Z,data\dibbs_status\status_20260930T191011Z\pages\SPE7M026T063A.html,Open,Open,08-28-2026,09-08-2026,True,SPE7M0-26-T-063A,False,True,7018065071: 50,,downloaded
SPE8E626T4359,https://www.dibbs.bsm.dla.mil/RFQ/RFQRec.aspx?sn=SPE8E626T4359,200,20260930T193206Z,data\dibbs_status\status_20260930T191011Z\pages\SPE8E626T4359.html,Open,Open,08-27-2026,09-08-2026,True,SPE8E6-26-T-4359,False,True,7018038124: 1,,downloaded
SPE8E626T4155,https://www.dibbs.bsm.dla.mil/RFQ/RFQRec.aspx?sn=SPE8E626T4155,200,20260930T193210Z,data\dibbs_status\status_20260930T191011Z\pages\SPE8E626T4155.html,Open,Open,08-07-2026,08-17-2026,True,SPE8E6-26-T-4155,False,True,7016668856: 1,,downloaded
SPE7M826T6640,https://www.dibbs.bsm.dla.mil/RFQ/RFQRec.aspx?sn=SPE7M826T6640,200,20260930T193215Z,data\dibbs_status\status_20260930T191011Z\pages\SPE7M826T6640.html,Open,Open,09-14-2026,09-24-2026,True,SPE7M8-26-T-6640,False,True,7018274773: See Solicitation; 7018274773: 20,,downloaded
SPE7M826T5908,https://www.dibbs.bsm.dla.mil/RFQ/RFQRec.aspx?sn=SPE7M826T5908,200,20260930T193218Z,data\dibbs_status\status_20260930T191011Z\pages\SPE7M826T5908.html,Open,Open,08-07-2026,08-17-2026,True,SPE7M8-26-T-5908,False,True,7017608424: 1,,downloaded
SPE8EN26T3157,https://www.dibbs.bsm.dla.mil/RFQ/RFQRec.aspx?sn=SPE8EN26T3157,200,20260930T193222Z,data\dibbs_status\status_20260930T191011Z\pages\SPE8EN26T3157.html,Open,Open,09-15-2026,09-25-2026,True,SPE8EN-26-T-3157,False,True,7018161510: 20,,downloaded
SPE8EN26T2916,https://www.dibbs.bsm.dla.mil/RFQ/RFQRec.aspx?sn=SPE8EN26T2916,200,20260930T193226Z,data\dibbs_status\status_20260930T191011Z\pages\SPE8EN26T2916.html,Open,Open,08-13-2026,08-24-2026,True,SPE8EN-26-T-2916,False,True,7014346274: 1,,downloaded
SPE7M526Q0952,https://www.dibbs.bsm.dla.mil/RFQ/RFQRec.aspx?sn=SPE7M526Q0952,200,20260930T193231Z,data\dibbs_status\status_20260930T191011Z\pages\SPE7M526Q0952.html,Open,Open,08-31-2026,09-14-2026,True,SPE7M5-26-Q-0952,False,True,7015264687: 1; 7015264686: 1,,downloaded
SPE7L726T5514,https://www.dibbs.bsm.dla.mil/RFQ/RFQRec.aspx?sn=SPE7L726T5514,200,20260930T193234Z,data\dibbs_status\status_20260930T191011Z\pages\SPE7L726T5514.html,Open,Open,09-28-2026,10-08-2026,True,SPE7L7-26-T-5514,False,True,7018346035: 1,,downloaded
SPE7L326T290Q,https://www.dibbs.bsm.dla.mil/RFQ/RFQRec.aspx?sn=SPE7L326T290Q,200,20260930T193238Z,data\dibbs_status\status_20260930T191011Z\pages\SPE7L326T290Q.html,Open,Open,09-28-2026,10-08-2026,True,SPE7L3-26-T-290Q,False,True,7017235020: 168,,downloaded
SPE7L326T256E,https://www.dibbs.bsm.dla.mil/RFQ/RFQRec.aspx?sn=SPE7L326T256E,200,20260930T193242Z,data\dibbs_status\status_20260930T191011Z\pages\SPE7L326T256E.html,Open,Open,09-17-2026,09-28-2026,True,SPE7L3-26-T-256E,False,True,7017660793: 1,,downloaded
SPE4A726T721D,https://www.dibbs.bsm.dla.mil/RFQ/RFQRec.aspx?sn=SPE4A726T721D,200,20260930T193247Z,data\dibbs_status\status_20260930T191011Z\pages\SPE4A726T721D.html,Open,Open,09-09-2026,09-16-2026,True,SPE4A7-26-T-721D,False,True,7017940919: See Solicitation; 7017940919: 7,,downloaded
SPE7L326T192W,https://www.dibbs.bsm.dla.mil/RFQ/RFQRec.aspx?sn=SPE7L326T192W,200,20260930T193250Z,data\dibbs_status\status_20260930T191011Z\pages\SPE7L326T192W.html,Open,Open,08-21-2026,09-03-2026,True,SPE7L3-26-T-192W,False,True,7017985245: 6,,downloaded
SPE4A626T83U6,https://www.dibbs.bsm.dla.mil/RFQ/RFQRec.aspx?sn=SPE4A626T83U6,200,20260930T193254Z,data\dibbs_status\status_20260930T191011Z\pages\SPE4A626T83U6.html,Open,Open,06-09-2026,06-16-2026,True,SPE4A6-26-T-83U6,False,True,7012491196: See Solicitation; 7012491196: 70,,downloaded
SPE7L326T4755,https://www.dibbs.bsm.dla.mil/RFQ/RFQRec.aspx?sn=SPE7L326T4755,200,20260930T193258Z,data\dibbs_status\status_20260930T191011Z\pages\SPE7L326T4755.html,Open,Open,01-21-2026,02-02-2026,True,SPE7L3-26-T-4755,False,True,7015016139: 1,,downloaded
SPE7L326T144S,https://www.dibbs.bsm.dla.mil/RFQ/RFQRec.aspx?sn=SPE7L326T144S,200,20260930T193301Z,data\dibbs_status\status_20260930T191011Z\pages\SPE7L326T144S.html,Open,Open,08-03-2026,08-13-2026,True,SPE7L3-26-T-144S,False,True,7008308581: 2,,downloaded
SPE7L126T610T,https://www.dibbs.bsm.dla.mil/RFQ/RFQRec.aspx?sn=SPE7L126T610T,200,20260930T193305Z,data\dibbs_status\status_20260930T191011Z\pages\SPE7L126T610T.html,Open,Open,05-27-2026,06-08-2026,True,SPE7L1-26-T-610T,False,True,7012858461: 2,,downloaded
SPE4A626T43T0,https://www.dibbs.bsm.dla.mil/RFQ/RFQRec.aspx?sn=SPE4A626T43T0,200,20260930T193308Z,data\dibbs_status\status_20260930T191011Z\pages\SPE4A626T43T0.html,Open,Open,05-06-2026,05-13-2026,True,SPE4A6-26-T-43T0,False,True,7016645357: See Solicitation; 7016645357: 16,,downloaded
SPE7L326T114Z,https://www.dibbs.bsm.dla.mil/RFQ/RFQRec.aspx?sn=SPE7L326T114Z,200,20260930T193312Z,data\dibbs_status\status_20260930T191011Z\pages\SPE7L326T114Z.html,Open,Open,07-10-2026,07-20-2026,True,SPE7L3-26-T-114Z,False,True,7017438782: 2,,downloaded
SPE7MC26T7272,https://www.dibbs.bsm.dla.mil/RFQ/RFQRec.aspx?sn=SPE7MC26T7272,200,20260930T193316Z,data\dibbs_status\status_20260930T191011Z\pages\SPE7MC26T7272.html,Open,Open,03-27-2026,04-06-2026,True,SPE7MC-26-T-7272,False,True,7016089223: 9,,downloaded
SPE7L326T167S,https://www.dibbs.bsm.dla.mil/RFQ/RFQRec.aspx?sn=SPE7L326T167S,200,20260930T193319Z,data\dibbs_status\status_20260930T191011Z\pages\SPE7L326T167S.html,Open,Open,08-07-2026,08-17-2026,True,SPE7L3-26-T-167S,False,True,7017275364: 1,,downloaded
SPE7MC26T136C,https://www.dibbs.bsm.dla.mil/RFQ/RFQRec.aspx?sn=SPE7MC26T136C,200,20260930T193323Z,data\dibbs_status\status_20260930T191011Z\pages\SPE7MC26T136C.html,Open,Open,07-15-2026,07-27-2026,True,SPE7MC-26-T-136C,False,True,7017425359: 1,,downloaded
SPE7L326Q1276,https://www.dibbs.bsm.dla.mil/RFQ/RFQRec.aspx?sn=SPE7L326Q1276,200,20260930T193326Z,data\dibbs_status\status_20260930T191011Z\pages\SPE7L326Q1276.html,Open,Open,09-14-2026,09-28-2026,True,SPE7L3-26-Q-1276,False,True,7010167876: 20,,downloaded
SPE7L326T094Z,https://www.dibbs.bsm.dla.mil/RFQ/RFQRec.aspx?sn=SPE7L326T094Z,200,20260930T193330Z,data\dibbs_status\status_20260930T191011Z\pages\SPE7L326T094Z.html,Open,Open,06-30-2026,07-10-2026,True,SPE7L3-26-T-094Z,False,True,7017315824: See Solicitation; 7017315824: 4,,downloaded
SPE8E926T3884,https://www.dibbs.bsm.dla.mil/RFQ/RFQRec.aspx?sn=SPE8E926T3884,200,20260930T193334Z,data\dibbs_status\status_20260930T191011Z\pages\SPE8E926T3884.html,Open,Open,09-24-2026,10-05-2026,True,SPE8E9-26-T-3884,False,True,7018364256: 3,,downloaded
SPE8E426Q0398,https://www.dibbs.bsm.dla.mil/RFQ/RFQRec.aspx?sn=SPE8E426Q0398,200,20260930T193337Z,data\dibbs_status\status_20260930T191011Z\pages\SPE8E426Q0398.html,Open,Open,09-03-2026,09-10-2026,True,SPE8E4-26-Q-0398,False,True,7017758554: 2; 7017585391: 2,,downloaded
SPE8E626T4271,https://www.dibbs.bsm.dla.mil/RFQ/RFQRec.aspx?sn=SPE8E626T4271,200,20260930T193341Z,data\dibbs_status\status_20260930T191011Z\pages\SPE8E626T4271.html,Open,Open,08-19-2026,08-31-2026,True,SPE8E6-26-T-4271,False,True,7017923927: 50,,downloaded
SPE8E626T3530,https://www.dibbs.bsm.dla.mil/RFQ/RFQRec.aspx?sn=SPE8E626T3530,200,20260930T193346Z,data\dibbs_status\status_20260930T191011Z\pages\SPE8E626T3530.html,Open,Open,06-30-2026,07-10-2026,True,SPE8E6-26-T-3530,False,True,7017276192: 5,,downloaded
SPE7L326T257D,https://www.dibbs.bsm.dla.mil/RFQ/RFQRec.aspx?sn=SPE7L326T257D,200,20260930T193351Z,data\dibbs_status\status_20260930T191011Z\pages\SPE7L326T257D.html,Open,Open,09-17-2026,10-01-2026,True,SPE7L3-26-T-257D,False,True,7018069464: 9,,downloaded
SPE8E426T2366,https://www.dibbs.bsm.dla.mil/RFQ/RFQRec.aspx?sn=SPE8E426T2366,200,20260930T193355Z,data\dibbs_status\status_20260930T191011Z\pages\SPE8E426T2366.html,Open,Open,09-29-2026,10-09-2026,True,SPE8E4-26-T-2366,False,True,7016565236: 3,,downloaded
SPE8E926T3904,https://www.dibbs.bsm.dla.mil/RFQ/RFQRec.aspx?sn=SPE8E926T3904,200,20260930T193358Z,data\dibbs_status\status_20260930T191011Z\pages\SPE8E926T3904.html,Open,Open,09-28-2026,10-08-2026,True,SPE8E9-26-T-3904,False,True,7018364544: 7,,downloaded
SPE8E426T2249,https://www.dibbs.bsm.dla.mil/RFQ/RFQRec.aspx?sn=SPE8E426T2249,200,20260930T193403Z,data\dibbs_status\status_20260930T191011Z\pages\SPE8E426T2249.html,Open,Open,09-15-2026,09-30-2026,True,SPE8E4-26-T-2249,False,True,7016564739: 11,,downloaded
SPE8E426T2248,https://www.dibbs.bsm.dla.mil/RFQ/RFQRec.aspx?sn=SPE8E426T2248,200,20260930T193407Z,data\dibbs_status\status_20260930T191011Z\pages\SPE8E426T2248.html,Open,Open,09-15-2026,09-30-2026,True,SPE8E4-26-T-2248,False,True,7016768666: 8,,downloaded
SPE8E426T2343,https://www.dibbs.bsm.dla.mil/RFQ/RFQRec.aspx?sn=SPE8E426T2343,200,20260930T193411Z,data\dibbs_status\status_20260930T191011Z\pages\SPE8E426T2343.html,Open,Open,09-25-2026,10-05-2026,True,SPE8E4-26-T-2343,False,True,7016566597: 6,,downloaded
SPE8E426Q0413,https://www.dibbs.bsm.dla.mil/RFQ/RFQRec.aspx?sn=SPE8E426Q0413,200,20260930T193415Z,data\dibbs_status\status_20260930T191011Z\pages\SPE8E426Q0413.html,Open,Open,09-25-2026,10-02-2026,True,SPE8E4-26-Q-0413,False,True,7017622899: 1,,downloaded
SPE8E426T2335,https://www.dibbs.bsm.dla.mil/RFQ/RFQRec.aspx?sn=SPE8E426T2335,200,20260930T193418Z,data\dibbs_status\status_20260930T191011Z\pages\SPE8E426T2335.html,Open,Open,09-25-2026,10-05-2026,True,SPE8E4-26-T-2335,False,True,7016566549: 6,,downloaded
SPE8E426T2330,https://www.dibbs.bsm.dla.mil/RFQ/RFQRec.aspx?sn=SPE8E426T2330,200,20260930T193422Z,data\dibbs_status\status_20260930T191011Z\pages\SPE8E426T2330.html,Open,Open,09-24-2026,10-05-2026,True,SPE8E4-26-T-2330,False,True,7016565917: 26,,downloaded
SPE8E926T3750,https://www.dibbs.bsm.dla.mil/RFQ/RFQRec.aspx?sn=SPE8E926T3750,200,20260930T193426Z,data\dibbs_status\status_20260930T191011Z\pages\SPE8E926T3750.html,Open,Open,09-09-2026,09-24-2026,True,SPE8E9-26-T-3750,False,True,7018161716: 70,,downloaded
SPE8E426T2205,https://www.dibbs.bsm.dla.mil/RFQ/RFQRec.aspx?sn=SPE8E426T2205,200,20260930T193430Z,data\dibbs_status\status_20260930T191011Z\pages\SPE8E426T2205.html,Open,Open,09-08-2026,09-23-2026,True,SPE8E4-26-T-2205,False,True,7018161358: 4,,downloaded
SPE8E426T2191,https://www.dibbs.bsm.dla.mil/RFQ/RFQRec.aspx?sn=SPE8E426T2191,200,20260930T193434Z,data\dibbs_status\status_20260930T191011Z\pages\SPE8E426T2191.html,Open,Open,09-03-2026,09-17-2026,True,SPE8E4-26-T-2191,False,True,7017585614: 2,,downloaded
SPE8E426T2190,https://www.dibbs.bsm.dla.mil/RFQ/RFQRec.aspx?sn=SPE8E426T2190,200,20260930T193438Z,data\dibbs_status\status_20260930T191011Z\pages\SPE8E426T2190.html,Open,Open,09-03-2026,09-17-2026,True,SPE8E4-26-T-2190,False,True,7016376521: 4,,downloaded
SPE8E426T2247,https://www.dibbs.bsm.dla.mil/RFQ/RFQRec.aspx?sn=SPE8E426T2247,200,20260930T193441Z,data\dibbs_status\status_20260930T191011Z\pages\SPE8E426T2247.html,Open,Open,09-15-2026,09-25-2026,True,SPE8E4-26-T-2247,False,True,7018161619: 8,,downloaded
SPE8E926T3771,https://www.dibbs.bsm.dla.mil/RFQ/RFQRec.aspx?sn=SPE8E926T3771,200,20260930T193445Z,data\dibbs_status\status_20260930T191011Z\pages\SPE8E926T3771.html,Open,Open,09-11-2026,09-21-2026,True,SPE8E9-26-T-3771,False,True,7017964674: 40,,downloaded
SPE7L126T10Y9,https://www.dibbs.bsm.dla.mil/RFQ/RFQRec.aspx?sn=SPE7L126T10Y9,200,20260930T193449Z,data\dibbs_status\status_20260930T191011Z\pages\SPE7L126T10Y9.html,Open,Open,09-11-2026,09-21-2026,True,SPE7L1-26-T-10Y9,False,True,7017984372: 19,,downloaded
SPE8E426T2206,https://www.dibbs.bsm.dla.mil/RFQ/RFQRec.aspx?sn=SPE8E426T2206,200,20260930T193452Z,data\dibbs_status\status_20260930T191011Z\pages\SPE8E426T2206.html,Open,Open,09-08-2026,09-18-2026,True,SPE8E4-26-T-2206,False,True,7018160222: 3,,downloaded
SPE7M026T074M,https://www.dibbs.bsm.dla.mil/RFQ/RFQRec.aspx?sn=SPE7M026T074M,200,20260930T193456Z,data\dibbs_status\status_20260930T191011Z\pages\SPE7M026T074M.html,Open,Open,09-08-2026,09-18-2026,True,SPE7M0-26-T-074M,False,True,7017281970: 1,,downloaded
SPE8E926T3558,https://www.dibbs.bsm.dla.mil/RFQ/RFQRec.aspx?sn=SPE8E926T3558,200,20260930T193500Z,data\dibbs_status\status_20260930T191011Z\pages\SPE8E926T3558.html,Open,Open,08-20-2026,09-03-2026,True,SPE8E9-26-T-3558,False,True,7017758298: 200,,downloaded
SPE8E426T2174,https://www.dibbs.bsm.dla.mil/RFQ/RFQRec.aspx?sn=SPE8E426T2174,200,20260930T193503Z,data\dibbs_status\status_20260930T191011Z\pages\SPE8E426T2174.html,Open,Open,09-01-2026,09-11-2026,True,SPE8E4-26-T-2174,False,True,7016376235: 3,,downloaded
SPE8E426T2171,https://www.dibbs.bsm.dla.mil/RFQ/RFQRec.aspx?sn=SPE8E426T2171,200,20260930T193507Z,data\dibbs_status\status_20260930T191011Z\pages\SPE8E426T2171.html,Open,Open,08-28-2026,09-08-2026,True,SPE8E4-26-T-2171,False,True,7017963950: 2,,downloaded
SPE8E426T2083,https://www.dibbs.bsm.dla.mil/RFQ/RFQRec.aspx?sn=SPE8E426T2083,200,20260930T193510Z,data\dibbs_status\status_20260930T191011Z\pages\SPE8E426T2083.html,Open,Open,08-12-2026,08-28-2026,True,SPE8E4-26-T-2083,False,True,7017422259: 45,,downloaded
SPE7M026Q1238,https://www.dibbs.bsm.dla.mil/RFQ/RFQRec.aspx?sn=SPE7M026Q1238,200,20260930T193514Z,data\dibbs_status\status_20260930T191011Z\pages\SPE7M026Q1238.html,Open,Open,08-26-2026,09-09-2026,True,SPE7M0-26-Q-1238,False,True,7017281419: 1,,downloaded
SPE8E926Q0708,https://www.dibbs.bsm.dla.mil/RFQ/RFQRec.aspx?sn=SPE8E926Q0708,200,20260930T193518Z,data\dibbs_status\status_20260930T191011Z\pages\SPE8E926Q0708.html,Open,Open,08-20-2026,08-20-2026,True,SPE8E9-26-Q-0708,False,True,7016769221: 3,,downloaded
SPE7M326T8352,https://www.dibbs.bsm.dla.mil/RFQ/RFQRec.aspx?sn=SPE7M326T8352,200,20260930T193522Z,data\dibbs_status\status_20260930T191011Z\pages\SPE7M326T8352.html,Open,Open,08-21-2026,08-31-2026,True,SPE7M3-26-T-8352,False,True,7017808957: 1,,downloaded
SPE8E426T1918,https://www.dibbs.bsm.dla.mil/RFQ/RFQRec.aspx?sn=SPE8E426T1918,200,20260930T193525Z,data\dibbs_status\status_20260930T191011Z\pages\SPE8E426T1918.html,Open,Open,07-23-2026,08-06-2026,True,SPE8E4-26-T-1918,False,True,7017585148: 11,,downloaded
SPE8E926T2754,https://www.dibbs.bsm.dla.mil/RFQ/RFQRec.aspx?sn=SPE8E926T2754,200,20260930T193529Z,data\dibbs_status\status_20260930T191011Z\pages\SPE8E926T2754.html,Open,Open,06-01-2026,06-16-2026,True,SPE8E9-26-T-2754,False,True,7016956704: 2,,downloaded
SPE8E426T1487,https://www.dibbs.bsm.dla.mil/RFQ/RFQRec.aspx?sn=SPE8E426T1487,200,20260930T193532Z,data\dibbs_status\status_20260930T191011Z\pages\SPE8E426T1487.html,Open,Open,05-06-2026,05-18-2026,True,SPE8E4-26-T-1487,False,True,7015990322: 10,,downloaded
SPE7L126Q1464,https://www.dibbs.bsm.dla.mil/RFQ/RFQRec.aspx?sn=SPE7L126Q1464,200,20260930T193537Z,data\dibbs_status\status_20260930T191011Z\pages\SPE7L126Q1464.html,Open,Open,08-05-2026,08-19-2026,True,SPE7L1-26-Q-1464,False,True,7012126082: 10,,downloaded
SPE8E926T3206,https://www.dibbs.bsm.dla.mil/RFQ/RFQRec.aspx?sn=SPE8E926T3206,200,20260930T193541Z,data\dibbs_status\status_20260930T191011Z\pages\SPE8E926T3206.html,Open,Open,07-23-2026,08-03-2026,True,SPE8E9-26-T-3206,False,True,7017585638: 11,,downloaded
SPE8E426T1791,https://www.dibbs.bsm.dla.mil/RFQ/RFQRec.aspx?sn=SPE8E426T1791,200,20260930T193546Z,data\dibbs_status\status_20260930T191011Z\pages\SPE8E426T1791.html,Open,Open,06-15-2026,06-30-2026,True,SPE8E4-26-T-1791,False,True,7017122655: 22,,downloaded
SPE8E426T2024,https://www.dibbs.bsm.dla.mil/RFQ/RFQRec.aspx?sn=SPE8E426T2024,200,20260930T193550Z,data\dibbs_status\status_20260930T191011Z\pages\SPE8E426T2024.html,Open,Open,08-07-2026,08-20-2026,True,SPE8E4-26-T-2024,False,True,7016566605: 22,,downloaded
SPE8E426T1942,https://www.dibbs.bsm.dla.mil/RFQ/RFQRec.aspx?sn=SPE8E426T1942,200,20260930T193553Z,data\dibbs_status\status_20260930T191011Z\pages\SPE8E426T1942.html,Open,Open,08-06-2026,08-17-2026,True,SPE8E4-26-T-1942,False,True,7017758629: 2,,downloaded
SPE8E426T1759,https://www.dibbs.bsm.dla.mil/RFQ/RFQRec.aspx?sn=SPE8E426T1759,200,20260930T193557Z,data\dibbs_status\status_20260930T191011Z\pages\SPE8E426T1759.html,Open,Open,06-11-2026,06-25-2026,True,SPE8E4-26-T-1759,False,True,7017123083: 7,,downloaded
SPE8E926T3392,https://www.dibbs.bsm.dla.mil/RFQ/RFQRec.aspx?sn=SPE8E926T3392,200,20260930T193601Z,data\dibbs_status\status_20260930T191011Z\pages\SPE8E926T3392.html,Open,Open,08-06-2026,08-20-2026,True,SPE8E9-26-T-3392,False,True,7017585295: 9,,downloaded
SPE8E426T1620,https://www.dibbs.bsm.dla.mil/RFQ/RFQRec.aspx?sn=SPE8E426T1620,200,20260930T193604Z,data\dibbs_status\status_20260930T191011Z\pages\SPE8E426T1620.html,Open,Open,05-19-2026,05-29-2026,True,SPE8E4-26-T-1620,False,True,7016768687: 22,,downloaded
SPE8E426T1707,https://www.dibbs.bsm.dla.mil/RFQ/RFQRec.aspx?sn=SPE8E426T1707,200,20260930T193608Z,data\dibbs_status\status_20260930T191011Z\pages\SPE8E426T1707.html,Open,Open,06-02-2026,06-12-2026,True,SPE8E4-26-T-1707,False,True,7016179644: 6,,downloaded
SPE8E426T2126,https://www.dibbs.bsm.dla.mil/RFQ/RFQRec.aspx?sn=SPE8E426T2126,200,20260930T193612Z,data\dibbs_status\status_20260930T191011Z\pages\SPE8E426T2126.html,Open,Open,08-17-2026,08-27-2026,True,SPE8E4-26-T-2126,False,True,7017757179: 5,,downloaded
SPE8E426T1608,https://www.dibbs.bsm.dla.mil/RFQ/RFQRec.aspx?sn=SPE8E426T1608,200,20260930T193616Z,data\dibbs_status\status_20260930T191011Z\pages\SPE8E426T1608.html,Open,Open,05-18-2026,05-28-2026,True,SPE8E4-26-T-1608,False,True,7016564785: 24,,downloaded
SPE8E426T2038,https://www.dibbs.bsm.dla.mil/RFQ/RFQRec.aspx?sn=SPE8E426T2038,200,20260930T193620Z,data\dibbs_status\status_20260930T191011Z\pages\SPE8E426T2038.html,Open,Open,08-10-2026,08-20-2026,True,SPE8E4-26-T-2038,False,True,7017758404: 15,,downloaded
SPE7M526T513R,https://www.dibbs.bsm.dla.mil/RFQ/RFQRec.aspx?sn=SPE7M526T513R,200,20260930T193623Z,data\dibbs_status\status_20260930T191011Z\pages\SPE7M526T513R.html,Open,Open,09-18-2026,10-01-2026,True,SPE7M5-26-T-513R,False,True,7018376993: 1,,downloaded
SPE7L126T12Y5,https://www.dibbs.bsm.dla.mil/RFQ/RFQRec.aspx?sn=SPE7L126T12Y5,200,20260930T193627Z,data\dibbs_status\status_20260930T191011Z\pages\SPE7L126T12Y5.html,Open,Open,09-17-2026,10-01-2026,True,SPE7L1-26-T-12Y5,False,True,7018379612: 52,,downloaded
SPE8E626T4746,https://www.dibbs.bsm.dla.mil/RFQ/RFQRec.aspx?sn=SPE8E626T4746,200,20260930T193631Z,data\dibbs_status\status_20260930T191011Z\pages\SPE8E626T4746.html,Open,Open,09-29-2026,10-09-2026,True,SPE8E6-26-T-4746,False,True,7018560178: 2,,downloaded
SPE4A726T798Z,https://www.dibbs.bsm.dla.mil/RFQ/RFQRec.aspx?sn=SPE4A726T798Z,200,20260930T193636Z,data\dibbs_status\status_20260930T191011Z\pages\SPE4A726T798Z.html,Open,Open,09-29-2026,10-06-2026,True,SPE4A7-26-T-798Z,False,True,7018343307: 11,,downloaded
SPE7M426T450T,https://www.dibbs.bsm.dla.mil/RFQ/RFQRec.aspx?sn=SPE7M426T450T,200,20260930T193640Z,data\dibbs_status\status_20260930T191011Z\pages\SPE7M426T450T.html,Open,Open,09-28-2026,10-08-2026,True,SPE7M4-26-T-450T,False,True,7017919111: 16,,downloaded
SPE7L426T7243,https://www.dibbs.bsm.dla.mil/RFQ/RFQRec.aspx?sn=SPE7L426T7243,200,20260930T193645Z,data\dibbs_status\status_20260930T191011Z\pages\SPE7L426T7243.html,Open,Open,09-28-2026,10-08-2026,True,SPE7L4-26-T-7243,False,True,7018517341: 18,,downloaded
SPE8EE26T2689,https://www.dibbs.bsm.dla.mil/RFQ/RFQRec.aspx?sn=SPE8EE26T2689,200,20260930T193649Z,data\dibbs_status\status_20260930T191011Z\pages\SPE8EE26T2689.html,Open,Open,09-28-2026,10-08-2026,True,SPE8EE-26-T-2689,False,True,7018517343: 1,,downloaded
SPE7L126T17W1,https://www.dibbs.bsm.dla.mil/RFQ/RFQRec.aspx?sn=SPE7L126T17W1,200,20260930T193652Z,data\dibbs_status\status_20260930T191011Z\pages\SPE7L126T17W1.html,Open,Open,09-28-2026,10-08-2026,True,SPE7L1-26-T-17W1,False,True,7018517248: 1,,downloaded
SPE7L126T17V7,https://www.dibbs.bsm.dla.mil/RFQ/RFQRec.aspx?sn=SPE7L126T17V7,200,20260930T193656Z,data\dibbs_status\status_20260930T191011Z\pages\SPE7L126T17V7.html,Open,Open,09-28-2026,10-08-2026,True,SPE7L1-26-T-17V7,False,True,7018517417: 1,,downloaded
SPE7L126T11Y6,https://www.dibbs.bsm.dla.mil/RFQ/RFQRec.aspx?sn=SPE7L126T11Y6,200,20260930T193659Z,data\dibbs_status\status_20260930T191011Z\pages\SPE7L126T11Y6.html,Open,Open,09-15-2026,09-30-2026,True,SPE7L1-26-T-11Y6,False,True,7018068488: 2,,downloaded
SPE8E626T4728,https://www.dibbs.bsm.dla.mil/RFQ/RFQRec.aspx?sn=SPE8E626T4728,200,20260930T193703Z,data\dibbs_status\status_20260930T191011Z\pages\SPE8E626T4728.html,Open,Open,09-25-2026,10-05-2026,True,SPE8E6-26-T-4728,False,True,7018468439: 1,,downloaded
SPE4A626T36VJ,https://www.dibbs.bsm.dla.mil/RFQ/RFQRec.aspx?sn=SPE4A626T36VJ,200,20260930T193707Z,data\dibbs_status\status_20260930T191011Z\pages\SPE4A626T36VJ.html,Open,Open,09-25-2026,10-02-2026,True,SPE4A6-26-T-36VJ,False,True,7018249325: 534,,downloaded
SPE8E626T4718,https://www.dibbs.bsm.dla.mil/RFQ/RFQRec.aspx?sn=SPE8E626T4718,200,20260930T193710Z,data\dibbs_status\status_20260930T191011Z\pages\SPE8E626T4718.html,Open,Open,09-25-2026,10-05-2026,True,SPE8E6-26-T-4718,False,True,7018487299: 30,,downloaded
SPE8E426Q0415,https://www.dibbs.bsm.dla.mil/RFQ/RFQRec.aspx?sn=SPE8E426Q0415,200,20260930T193714Z,data\dibbs_status\status_20260930T191011Z\pages\SPE8E426Q0415.html,Open,Open,09-25-2026,10-02-2026,True,SPE8E4-26-Q-0415,False,True,7016178908: 54,,downloaded
SPE4A626T36TB,https://www.dibbs.bsm.dla.mil/RFQ/RFQRec.aspx?sn=SPE4A626T36TB,200,20260930T193718Z,data\dibbs_status\status_20260930T191011Z\pages\SPE4A626T36TB.html,Open,Open,09-25-2026,10-02-2026,True,SPE4A6-26-T-36TB,False,True,7018379738: 25,,downloaded
SPE4A726T793H,https://www.dibbs.bsm.dla.mil/RFQ/RFQRec.aspx?sn=SPE4A726T793H,200,20260930T193721Z,data\dibbs_status\status_20260930T191011Z\pages\SPE4A726T793H.html,Open,Open,09-25-2026,10-02-2026,True,SPE4A7-26-T-793H,False,True,7018045402: 1,,downloaded
SPE4A626T36PD,https://www.dibbs.bsm.dla.mil/RFQ/RFQRec.aspx?sn=SPE4A626T36PD,200,20260930T193725Z,data\dibbs_status\status_20260930T191011Z\pages\SPE4A626T36PD.html,Open,Open,09-25-2026,10-02-2026,True,SPE4A6-26-T-36PD,False,True,7018343115: 70,,downloaded
SPE7L126T17J0,https://www.dibbs.bsm.dla.mil/RFQ/RFQRec.aspx?sn=SPE7L126T17J0,200,20260930T193729Z,data\dibbs_status\status_20260930T191011Z\pages\SPE7L126T17J0.html,Open,Open,09-25-2026,10-05-2026,True,SPE7L1-26-T-17J0,False,True,7017236878: 137,,downloaded
SPE7L126T16Y7,https://www.dibbs.bsm.dla.mil/RFQ/RFQRec.aspx?sn=SPE7L126T16Y7,200,20260930T193734Z,data\dibbs_status\status_20260930T191011Z\pages\SPE7L126T16Y7.html,Open,Open,09-25-2026,10-05-2026,True,SPE7L1-26-T-16Y7,False,True,7018496509: 64,,downloaded
SPE7L126T16M9,https://www.dibbs.bsm.dla.mil/RFQ/RFQRec.aspx?sn=SPE7L126T16M9,200,20260930T193738Z,data\dibbs_status\status_20260930T191011Z\pages\SPE7L126T16M9.html,Open,Open,09-25-2026,10-05-2026,True,SPE7L1-26-T-16M9,False,True,7018496489: 247,,downloaded
SPE4A726T789B,https://www.dibbs.bsm.dla.mil/RFQ/RFQRec.aspx?sn=SPE4A726T789B,200,20260930T193741Z,data\dibbs_status\status_20260930T191011Z\pages\SPE4A726T789B.html,Open,Open,09-24-2026,10-01-2026,True,SPE4A7-26-T-789B,False,True,7018458904: See Solicitation; 7018458904: 12,,downloaded
SPE7LX26U007R,https://www.dibbs.bsm.dla.mil/RFQ/RFQRec.aspx?sn=SPE7LX26U007R,200,20260930T193745Z,data\dibbs_status\status_20260930T191011Z\pages\SPE7LX26U007R.html,Open,Open,09-23-2026,10-07-2026,True,SPE7LX-26-U-007R,False,True,1000244770: 14,,downloaded
SPE4A726T785J,https://www.dibbs.bsm.dla.mil/RFQ/RFQRec.aspx?sn=SPE4A726T785J,200,20260930T193749Z,data\dibbs_status\status_20260930T191011Z\pages\SPE4A726T785J.html,Open,Open,09-23-2026,09-30-2026,True,SPE4A7-26-T-785J,False,True,7018249465: See Solicitation; 7018249465: 9,,downloaded
SPE7L726T5209,https://www.dibbs.bsm.dla.mil/RFQ/RFQRec.aspx?sn=SPE7L726T5209,200,20260930T193753Z,data\dibbs_status\status_20260930T191011Z\pages\SPE7L726T5209.html,Open,Open,09-11-2026,09-24-2026,True,SPE7L7-26-T-5209,False,True,7017800035: 4,,downloaded
SPE7M426T395G,https://www.dibbs.bsm.dla.mil/RFQ/RFQRec.aspx?sn=SPE7M426T395G,200,20260930T193758Z,data\dibbs_status\status_20260930T191011Z\pages\SPE7M426T395G.html,Open,Open,09-11-2026,09-24-2026,True,SPE7M4-26-T-395G,False,True,7018271750: 3,,downloaded
SPE7M126U6566,https://www.dibbs.bsm.dla.mil/RFQ/RFQRec.aspx?sn=SPE7M126U6566,200,20260930T193802Z,data\dibbs_status\status_20260930T191011Z\pages\SPE7M126U6566.html,Open,Open,09-22-2026,10-06-2026,True,SPE7M1-26-U-6566,False,True,1000244644: 23,,downloaded
SPE8E426Q0410,https://www.dibbs.bsm.dla.mil/RFQ/RFQRec.aspx?sn=SPE8E426Q0410,200,20260930T193805Z,data\dibbs_status\status_20260930T191011Z\pages\SPE8E426Q0410.html,Open,Open,09-21-2026,10-01-2026,True,SPE8E4-26-Q-0410,False,True,7016695137: 6,,downloaded
SPE7L126T14V5,https://www.dibbs.bsm.dla.mil/RFQ/RFQRec.aspx?sn=SPE7L126T14V5,200,20260930T193809Z,data\dibbs_status\status_20260930T191011Z\pages\SPE7L126T14V5.html,Open,Open,09-21-2026,10-01-2026,True,SPE7L1-26-T-14V5,False,True,7017559693: 16,,downloaded
SPE7L126T07A2,https://www.dibbs.bsm.dla.mil/RFQ/RFQRec.aspx?sn=SPE7L126T07A2,200,20260930T193813Z,data\dibbs_status\status_20260930T191011Z\pages\SPE7L126T07A2.html,Open,Open,09-04-2026,09-23-2026,True,SPE7L1-26-T-07A2,False,True,7017673507: 1,,downloaded
SPE4A626T28DZ,https://www.dibbs.bsm.dla.mil/RFQ/RFQRec.aspx?sn=SPE4A626T28DZ,200,20260930T193817Z,data\dibbs_status\status_20260930T191011Z\pages\SPE4A626T28DZ.html,Open,Open,09-10-2026,09-22-2026,True,SPE4A6-26-T-28DZ,False,True,7015607076: 21,,downloaded
SPE8E426Q0408,https://www.dibbs.bsm.dla.mil/RFQ/RFQRec.aspx?sn=SPE8E426Q0408,200,20260930T193821Z,data\dibbs_status\status_20260930T191011Z\pages\SPE8E426Q0408.html,Open,Open,09-17-2026,10-01-2026,True,SPE8E4-26-Q-0408,False,True,7012197849: 6,,downloaded
SPE7L126T14G2,https://www.dibbs.bsm.dla.mil/RFQ/RFQRec.aspx?sn=SPE7L126T14G2,200,20260930T193825Z,data\dibbs_status\status_20260930T191011Z\pages\SPE7L126T14G2.html,Open,Open,09-18-2026,09-28-2026,True,SPE7L1-26-T-14G2,False,True,7018271876: 50,,downloaded
SPE4A726T755K,https://www.dibbs.bsm.dla.mil/RFQ/RFQRec.aspx?sn=SPE4A726T755K,200,20260930T193829Z,data\dibbs_status\status_20260930T191011Z\pages\SPE4A726T755K.html,Open,Open,09-18-2026,09-25-2026,True,SPE4A7-26-T-755K,False,True,7018390017: 218,,downloaded
SPE7L326T258P,https://www.dibbs.bsm.dla.mil/RFQ/RFQRec.aspx?sn=SPE7L326T258P,200,20260930T193832Z,data\dibbs_status\status_20260930T191011Z\pages\SPE7L326T258P.html,Open,Open,09-17-2026,09-28-2026,True,SPE7L3-26-T-258P,False,True,7018378697: 43,,downloaded
SPE7L026T0460,https://www.dibbs.bsm.dla.mil/RFQ/RFQRec.aspx?sn=SPE7L026T0460,200,20260930T193836Z,data\dibbs_status\status_20260930T191011Z\pages\SPE7L026T0460.html,Open,Open,09-16-2026,09-28-2026,True,SPE7L0-26-T-0460,False,True,7018324087: 1,,downloaded
SPE7L326T252M,https://www.dibbs.bsm.dla.mil/RFQ/RFQRec.aspx?sn=SPE7L326T252M,200,20260930T193840Z,data\dibbs_status\status_20260930T191011Z\pages\SPE7L326T252M.html,Open,Open,09-15-2026,09-25-2026,True,SPE7L3-26-T-252M,False,True,7017528328: 48,,downloaded
SPE7L126T11M5,https://www.dibbs.bsm.dla.mil/RFQ/RFQRec.aspx?sn=SPE7L126T11M5,200,20260930T193844Z,data\dibbs_status\status_20260930T191011Z\pages\SPE7L126T11M5.html,Open,Open,09-14-2026,09-24-2026,True,SPE7L1-26-T-11M5,False,True,7018274203: See Solicitation; 7018274203: 1,,downloaded
SPE7LX26U002T,https://www.dibbs.bsm.dla.mil/RFQ/RFQRec.aspx?sn=SPE7LX26U002T,200,20260930T193849Z,data\dibbs_status\status_20260930T191011Z\pages\SPE7LX26U002T.html,Open,Open,09-14-2026,09-28-2026,True,SPE7LX-26-U-002T,False,True,1000240960: 127,,downloaded
SPE7L126T11K9,https://www.dibbs.bsm.dla.mil/RFQ/RFQRec.aspx?sn=SPE7L126T11K9,200,20260930T193852Z,data\dibbs_status\status_20260930T191011Z\pages\SPE7L126T11K9.html,Open,Open,09-14-2026,09-24-2026,True,SPE7L1-26-T-11K9,False,True,7016270895: 25,,downloaded
SPE7L126T11L1,https://www.dibbs.bsm.dla.mil/RFQ/RFQRec.aspx?sn=SPE7L126T11L1,200,20260930T193856Z,data\dibbs_status\status_20260930T191011Z\pages\SPE7L126T11L1.html,Open,Open,09-14-2026,09-24-2026,True,SPE7L1-26-T-11L1,False,True,7018271073: 60,,downloaded
SPE7L326T250H,https://www.dibbs.bsm.dla.mil/RFQ/RFQRec.aspx?sn=SPE7L326T250H,200,20260930T193901Z,data\dibbs_status\status_20260930T191011Z\pages\SPE7L326T250H.html,Open,Open,09-14-2026,09-24-2026,True,SPE7L3-26-T-250H,False,True,7014422417: See Solicitation; 7014422417: 8,,downloaded
SPE7L126T05K5,https://www.dibbs.bsm.dla.mil/RFQ/RFQRec.aspx?sn=SPE7L126T05K5,200,20260930T193905Z,data\dibbs_status\status_20260930T191011Z\pages\SPE7L126T05K5.html,Open,Open,09-01-2026,09-16-2026,True,SPE7L1-26-T-05K5,False,True,7017437833: 101,,downloaded
SPE7L326T247Q,https://www.dibbs.bsm.dla.mil/RFQ/RFQRec.aspx?sn=SPE7L326T247Q,200,20260930T193909Z,data\dibbs_status\status_20260930T191011Z\pages\SPE7L326T247Q.html,Open,Open,09-11-2026,09-21-2026,True,SPE7L3-26-T-247Q,False,True,7018269357: 16,,downloaded
SPE7M426T403Q,https://www.dibbs.bsm.dla.mil/RFQ/RFQRec.aspx?sn=SPE7M426T403Q,200,20260930T193913Z,data\dibbs_status\status_20260930T191011Z\pages\SPE7M426T403Q.html,Open,Open,09-11-2026,09-21-2026,True,SPE7M4-26-T-403Q,False,True,7017659254: 2,,downloaded
SPE4A726T729Z,https://www.dibbs.bsm.dla.mil/RFQ/RFQRec.aspx?sn=SPE4A726T729Z,200,20260930T193916Z,data\dibbs_status\status_20260930T191011Z\pages\SPE4A726T729Z.html,Open,Open,09-10-2026,09-17-2026,True,SPE4A7-26-T-729Z,False,True,7017011444: 9,,downloaded
SPE8E626T4316,https://www.dibbs.bsm.dla.mil/RFQ/RFQRec.aspx?sn=SPE8E626T4316,200,20260930T193920Z,data\dibbs_status\status_20260930T191011Z\pages\SPE8E626T4316.html,Open,Open,08-21-2026,09-14-2026,True,SPE8E6-26-T-4316,False,True,7017964276: 53,,downloaded
SPE7M426T385N,https://www.dibbs.bsm.dla.mil/RFQ/RFQRec.aspx?sn=SPE7M426T385N,200,20260930T193924Z,data\dibbs_status\status_20260930T191011Z\pages\SPE7M426T385N.html,Open,Open,09-10-2026,09-21-2026,True,SPE7M4-26-T-385N,False,True,7017777343: 10,,downloaded
SPE7M426T385J,https://www.dibbs.bsm.dla.mil/RFQ/RFQRec.aspx?sn=SPE7M426T385J,200,20260930T193928Z,data\dibbs_status\status_20260930T191011Z\pages\SPE7M426T385J.html,Open,Open,09-10-2026,09-21-2026,True,SPE7M4-26-T-385J,False,True,7017983567: 121,,downloaded
SPE4A726T722Q,https://www.dibbs.bsm.dla.mil/RFQ/RFQRec.aspx?sn=SPE4A726T722Q,200,20260930T193932Z,data\dibbs_status\status_20260930T191011Z\pages\SPE4A726T722Q.html,Open,Open,09-10-2026,09-17-2026,True,SPE4A7-26-T-722Q,False,True,7018247745: 749,,downloaded
SPE8E626T4542,https://www.dibbs.bsm.dla.mil/RFQ/RFQRec.aspx?sn=SPE8E626T4542,200,20260930T193935Z,data\dibbs_status\status_20260930T191011Z\pages\SPE8E626T4542.html,Open,Open,09-09-2026,09-21-2026,True,SPE8E6-26-T-4542,False,True,7018161245: 64,,downloaded
SPE7L326T227V,https://www.dibbs.bsm.dla.mil/RFQ/RFQRec.aspx?sn=SPE7L326T227V,200,20260930T193940Z,data\dibbs_status\status_20260930T191011Z\pages\SPE7L326T227V.html,Open,Open,09-08-2026,09-18-2026,True,SPE7L3-26-T-227V,False,True,7018067618: 17,,downloaded
SPE4A726T684E,https://www.dibbs.bsm.dla.mil/RFQ/RFQRec.aspx?sn=SPE4A726T684E,200,20260930T193944Z,data\dibbs_status\status_20260930T191011Z\pages\SPE4A726T684E.html,Open,Open,08-21-2026,09-10-2026,True,SPE4A7-26-T-684E,False,True,7017148695: 81,,downloaded
SPE4A726T625E,https://www.dibbs.bsm.dla.mil/RFQ/RFQRec.aspx?sn=SPE4A726T625E,200,20260930T193948Z,data\dibbs_status\status_20260930T191011Z\pages\SPE4A726T625E.html,Open,Open,08-06-2026,09-04-2026,True,SPE4A7-26-T-625E,False,True,7017571454: 2,,downloaded
SPE4A626T25UP,https://www.dibbs.bsm.dla.mil/RFQ/RFQRec.aspx?sn=SPE4A626T25UP,200,20260930T193951Z,data\dibbs_status\status_20260930T191011Z\pages\SPE4A626T25UP.html,Open,Open,09-02-2026,09-09-2026,True,SPE4A6-26-T-25UP,False,True,7017941003: 52,,downloaded
SPE7L126T06B2,https://www.dibbs.bsm.dla.mil/RFQ/RFQRec.aspx?sn=SPE7L126T06B2,200,20260930T193955Z,data\dibbs_status\status_20260930T191011Z\pages\SPE7L126T06B2.html,Open,Open,09-02-2026,09-14-2026,True,SPE7L1-26-T-06B2,False,True,7018118755: 4,,downloaded
SPE7L126T05Z7,https://www.dibbs.bsm.dla.mil/RFQ/RFQRec.aspx?sn=SPE7L126T05Z7,200,20260930T193959Z,data\dibbs_status\status_20260930T191011Z\pages\SPE7L126T05Z7.html,Open,Open,09-02-2026,09-14-2026,True,SPE7L1-26-T-05Z7,False,True,7018118540: 4,,downloaded
SPE7L126T996Z,https://www.dibbs.bsm.dla.mil/RFQ/RFQRec.aspx?sn=SPE7L126T996Z,200,20260930T194003Z,data\dibbs_status\status_20260930T191011Z\pages\SPE7L126T996Z.html,Open,Open,08-21-2026,09-03-2026,True,SPE7L1-26-T-996Z,False,True,7017982377: 2015,,downloaded
SPE7L126T05M7,https://www.dibbs.bsm.dla.mil/RFQ/RFQRec.aspx?sn=SPE7L126T05M7,200,20260930T194007Z,data\dibbs_status\status_20260930T191011Z\pages\SPE7L126T05M7.html,Open,Open,09-01-2026,09-11-2026,True,SPE7L1-26-T-05M7,False,True,7018063987: 5,,downloaded
SPE7M326T8751,https://www.dibbs.bsm.dla.mil/RFQ/RFQRec.aspx?sn=SPE7M326T8751,200,20260930T194012Z,data\dibbs_status\status_20260930T191011Z\pages\SPE7M326T8751.html,Open,Open,09-01-2026,09-11-2026,True,SPE7M3-26-T-8751,False,True,7018016166: 1,,downloaded
SPE7L426T6658,https://www.dibbs.bsm.dla.mil/RFQ/RFQRec.aspx?sn=SPE7L426T6658,200,20260930T194016Z,data\dibbs_status\status_20260930T191011Z\pages\SPE7L426T6658.html,Open,Open,08-31-2026,09-10-2026,True,SPE7L4-26-T-6658,False,True,7016992052: 1,,downloaded
SPE4A726T703R,https://www.dibbs.bsm.dla.mil/RFQ/RFQRec.aspx?sn=SPE4A726T703R,200,20260930T194019Z,data\dibbs_status\status_20260930T191011Z\pages\SPE4A726T703R.html,Open,Open,08-31-2026,09-08-2026,True,SPE4A7-26-T-703R,False,True,7017572344: 83,,downloaded
SPE7L126T04N1,https://www.dibbs.bsm.dla.mil/RFQ/RFQRec.aspx?sn=SPE7L126T04N1,200,20260930T194023Z,data\dibbs_status\status_20260930T191011Z\pages\SPE7L126T04N1.html,Open,Open,08-28-2026,09-08-2026,True,SPE7L1-26-T-04N1,False,True,7017529406: 8,,downloaded
SPE4A626T24DH,https://www.dibbs.bsm.dla.mil/RFQ/RFQRec.aspx?sn=SPE4A626T24DH,200,20260930T194028Z,data\dibbs_status\status_20260930T191011Z\pages\SPE4A626T24DH.html,Open,Open,08-28-2026,09-04-2026,True,SPE4A6-26-T-24DH,False,True,7018069466: 5,,downloaded
SPE7L126T03V1,https://www.dibbs.bsm.dla.mil/RFQ/RFQRec.aspx?sn=SPE7L126T03V1,200,20260930T194032Z,data\dibbs_status\status_20260930T191011Z\pages\SPE7L126T03V1.html,Open,Open,08-27-2026,09-08-2026,True,SPE7L1-26-T-03V1,False,True,7018068377: 4,,downloaded
SPE7L326T207G,https://www.dibbs.bsm.dla.mil/RFQ/RFQRec.aspx?sn=SPE7L326T207G,200,20260930T194036Z,data\dibbs_status\status_20260930T191011Z\pages\SPE7L326T207G.html,Open,Open,08-27-2026,09-08-2026,True,SPE7L3-26-T-207G,False,True,7017367452: 9,,downloaded
SPE4AC26T0081,https://www.dibbs.bsm.dla.mil/RFQ/RFQRec.aspx?sn=SPE4AC26T0081,200,20260930T194039Z,data\dibbs_status\status_20260930T191011Z\pages\SPE4AC26T0081.html,Open,Open,08-17-2026,08-28-2026,True,SPE4AC-26-T-0081,False,True,7016992048: 1,,downloaded
SPE8E626T4351,https://www.dibbs.bsm.dla.mil/RFQ/RFQRec.aspx?sn=SPE8E626T4351,200,20260930T194043Z,data\dibbs_status\status_20260930T191011Z\pages\SPE8E626T4351.html,Open,Open,08-26-2026,09-08-2026,True,SPE8E6-26-T-4351,False,True,7018016392: 1,,downloaded
SPE4A726T690R,https://www.dibbs.bsm.dla.mil/RFQ/RFQRec.aspx?sn=SPE4A726T690R,200,20260930T194047Z,data\dibbs_status\status_20260930T191011Z\pages\SPE4A726T690R.html,Open,Open,08-26-2026,09-02-2026,True,SPE4A7-26-T-690R,False,True,7018036819: See Solicitation; 7018036819: 49,,downloaded
SPE7L126T02F1,https://www.dibbs.bsm.dla.mil/RFQ/RFQRec.aspx?sn=SPE7L126T02F1,200,20260930T194051Z,data\dibbs_status\status_20260930T191011Z\pages\SPE7L126T02F1.html,Open,Open,08-26-2026,09-08-2026,True,SPE7L1-26-T-02F1,False,True,7018016522: 10,,downloaded
SPE8E626T4343,https://www.dibbs.bsm.dla.mil/RFQ/RFQRec.aspx?sn=SPE8E626T4343,200,20260930T194055Z,data\dibbs_status\status_20260930T191011Z\pages\SPE8E626T4343.html,Open,Open,08-26-2026,09-08-2026,True,SPE8E6-26-T-4343,False,True,7018014347: 20,,downloaded
SPE8E626Q0655,https://www.dibbs.bsm.dla.mil/RFQ/RFQRec.aspx?sn=SPE8E626Q0655,200,20260930T194059Z,data\dibbs_status\status_20260930T191011Z\pages\SPE8E626Q0655.html,Open,Open,08-25-2026,09-08-2026,True,SPE8E6-26-Q-0655,False,True,7017963946: 434,,downloaded
SPE7L126T945M,https://www.dibbs.bsm.dla.mil/RFQ/RFQRec.aspx?sn=SPE7L126T945M,200,20260930T194102Z,data\dibbs_status\status_20260930T191011Z\pages\SPE7L126T945M.html,Open,Open,08-10-2026,08-25-2026,True,SPE7L1-26-T-945M,False,True,7017252415: 9,,downloaded
SPE7L326T202A,https://www.dibbs.bsm.dla.mil/RFQ/RFQRec.aspx?sn=SPE7L326T202A,200,20260930T194106Z,data\dibbs_status\status_20260930T191011Z\pages\SPE7L326T202A.html,Open,Open,08-24-2026,09-03-2026,True,SPE7L3-26-T-202A,False,True,7017809044: 13,,downloaded
SPE7L126T01A7,https://www.dibbs.bsm.dla.mil/RFQ/RFQRec.aspx?sn=SPE7L126T01A7,200,20260930T194110Z,data\dibbs_status\status_20260930T191011Z\pages\SPE7L126T01A7.html,Open,Open,08-21-2026,08-31-2026,True,SPE7L1-26-T-01A7,False,True,7017987529: 27,,downloaded
SPE7L526T3902,https://www.dibbs.bsm.dla.mil/RFQ/RFQRec.aspx?sn=SPE7L526T3902,200,20260930T194113Z,data\dibbs_status\status_20260930T191011Z\pages\SPE7L526T3902.html,Open,Open,06-05-2026,06-15-2026,True,SPE7L5-26-T-3902,False,True,7017049825: 65,,downloaded
SPE4A726T457Q,https://www.dibbs.bsm.dla.mil/RFQ/RFQRec.aspx?sn=SPE4A726T457Q,200,20260930T194117Z,data\dibbs_status\status_20260930T191011Z\pages\SPE4A726T457Q.html,Open,Open,06-05-2026,06-12-2026,True,SPE4A7-26-T-457Q,False,True,7016787595: See Solicitation; 7016787595: 80,,downloaded
SPE7L126T511X,https://www.dibbs.bsm.dla.mil/RFQ/RFQRec.aspx?sn=SPE7L126T511X,200,20260930T194120Z,data\dibbs_status\status_20260930T191011Z\pages\SPE7L126T511X.html,Open,Open,05-08-2026,05-18-2026,True,SPE7L1-26-T-511X,False,True,7016690427: See Solicitation; 7016690427: 14,,downloaded
SPE7M426T161A,https://www.dibbs.bsm.dla.mil/RFQ/RFQRec.aspx?sn=SPE7M426T161A,200,20260930T194124Z,data\dibbs_status\status_20260930T191011Z\pages\SPE7M426T161A.html,Open,Open,06-05-2026,06-15-2026,True,SPE7M4-26-T-161A,False,True,7017046656: 245,,downloaded
SPE7L126T267V,https://www.dibbs.bsm.dla.mil/RFQ/RFQRec.aspx?sn=SPE7L126T267V,200,20260930T194127Z,data\dibbs_status\status_20260930T191011Z\pages\SPE7L126T267V.html,Open,Open,03-30-2026,04-14-2026,True,SPE7L1-26-T-267V,False,True,7015900171: 1,,downloaded
SPE7L126T524D,https://www.dibbs.bsm.dla.mil/RFQ/RFQRec.aspx?sn=SPE7L126T524D,200,20260930T194131Z,data\dibbs_status\status_20260930T191011Z\pages\SPE7L126T524D.html,Open,Open,05-08-2026,05-18-2026,True,SPE7L1-26-T-524D,False,True,7016708503: 27,,downloaded
SPE7L326Q1013,https://www.dibbs.bsm.dla.mil/RFQ/RFQRec.aspx?sn=SPE7L326Q1013,200,20260930T194136Z,data\dibbs_status\status_20260930T191011Z\pages\SPE7L326Q1013.html,Open,Open,05-22-2026,06-05-2026,True,SPE7L3-26-Q-1013,False,True,7016489696: 1,,downloaded
SPE7M526T105L,https://www.dibbs.bsm.dla.mil/RFQ/RFQRec.aspx?sn=SPE7M526T105L,200,20260930T194139Z,data\dibbs_status\status_20260930T191011Z\pages\SPE7M526T105L.html,Open,Open,05-01-2026,05-11-2026,True,SPE7M5-26-T-105L,False,True,7015697190: See Solicitation; 7015697190: 12,,downloaded
SPE4A626T14BG,https://www.dibbs.bsm.dla.mil/RFQ/RFQRec.aspx?sn=SPE4A626T14BG,200,20260930T194143Z,data\dibbs_status\status_20260930T191011Z\pages\SPE4A626T14BG.html,Open,Open,08-07-2026,08-14-2026,True,SPE4A6-26-T-14BG,False,True,7017722152: 1,,downloaded
SPE7M226T4450,https://www.dibbs.bsm.dla.mil/RFQ/RFQRec.aspx?sn=SPE7M226T4450,200,20260930T194147Z,data\dibbs_status\status_20260930T191011Z\pages\SPE7M226T4450.html,Open,Open,05-08-2026,06-15-2026,True,SPE7M2-26-T-4450,False,True,7016707608: 1,,downloaded
SPE8E426T1781,https://www.dibbs.bsm.dla.mil/RFQ/RFQRec.aspx?sn=SPE8E426T1781,200,20260930T194152Z,data\dibbs_status\status_20260930T191011Z\pages\SPE8E426T1781.html,Open,Open,06-12-2026,06-22-2026,True,SPE8E4-26-T-1781,False,True,7015990401: 7,,downloaded
SPE7M426T315U,https://www.dibbs.bsm.dla.mil/RFQ/RFQRec.aspx?sn=SPE7M426T315U,200,20260930T194155Z,data\dibbs_status\status_20260930T191011Z\pages\SPE7M426T315U.html,Open,Open,08-07-2026,08-17-2026,True,SPE7M4-26-T-315U,False,True,7017778717: 5,,downloaded
SPE8E426T1766,https://www.dibbs.bsm.dla.mil/RFQ/RFQRec.aspx?sn=SPE8E426T1766,200,20260930T194159Z,data\dibbs_status\status_20260930T191011Z\pages\SPE8E426T1766.html,Open,Open,06-11-2026,06-22-2026,True,SPE8E4-26-T-1766,False,True,7017122049: 3,,downloaded
SPE4A726T649L,https://www.dibbs.bsm.dla.mil/RFQ/RFQRec.aspx?sn=SPE4A726T649L,200,20260930T194203Z,data\dibbs_status\status_20260930T191011Z\pages\SPE4A726T649L.html,Open,Open,08-13-2026,08-20-2026,True,SPE4A7-26-T-649L,False,True,7017869978: 1,,downloaded
SPE4A726T649S,https://www.dibbs.bsm.dla.mil/RFQ/RFQRec.aspx?sn=SPE4A726T649S,200,20260930T194206Z,data\dibbs_status\status_20260930T191011Z\pages\SPE4A726T649S.html,Open,Open,08-13-2026,08-20-2026,True,SPE4A7-26-T-649S,False,True,7017870364: 3,,downloaded
SPE7L126T628U,https://www.dibbs.bsm.dla.mil/RFQ/RFQRec.aspx?sn=SPE7L126T628U,200,20260930T194211Z,data\dibbs_status\status_20260930T191011Z\pages\SPE7L126T628U.html,Open,Open,05-29-2026,06-08-2026,True,SPE7L1-26-T-628U,False,True,7012653504: See Solicitation; 7012653504: 11,,downloaded
SPE7L126T862S,https://www.dibbs.bsm.dla.mil/RFQ/RFQRec.aspx?sn=SPE7L126T862S,200,20260930T194214Z,data\dibbs_status\status_20260930T191011Z\pages\SPE7L126T862S.html,Open,Open,07-23-2026,08-03-2026,True,SPE7L1-26-T-862S,False,True,7017574933: 1,,downloaded
SPE7L126T696T,https://www.dibbs.bsm.dla.mil/RFQ/RFQRec.aspx?sn=SPE7L126T696T,200,20260930T194218Z,data\dibbs_status\status_20260930T191011Z\pages\SPE7L126T696T.html,Open,Open,06-12-2026,06-22-2026,True,SPE7L1-26-T-696T,False,True,7017134142: 126,,downloaded
SPE7L126T643J,https://www.dibbs.bsm.dla.mil/RFQ/RFQRec.aspx?sn=SPE7L126T643J,200,20260930T194222Z,data\dibbs_status\status_20260930T191011Z\pages\SPE7L126T643J.html,Open,Open,06-04-2026,06-15-2026,True,SPE7L1-26-T-643J,False,True,7017014663: 34,,downloaded
SPE4A726T359J,https://www.dibbs.bsm.dla.mil/RFQ/RFQRec.aspx?sn=SPE4A726T359J,200,20260930T194225Z,data\dibbs_status\status_20260930T191011Z\pages\SPE4A726T359J.html,Open,Open,05-15-2026,05-22-2026,True,SPE4A7-26-T-359J,False,True,7016645154: See Solicitation; 7016645154: 5,,downloaded
SPE4A626T47P4,https://www.dibbs.bsm.dla.mil/RFQ/RFQRec.aspx?sn=SPE4A626T47P4,200,20260930T194230Z,data\dibbs_status\status_20260930T191011Z\pages\SPE4A626T47P4.html,Open,Open,05-07-2026,05-14-2026,True,SPE4A6-26-T-47P4,False,True,7016613931: 18,,downloaded
SPE7L126T340G,https://www.dibbs.bsm.dla.mil/RFQ/RFQRec.aspx?sn=SPE7L126T340G,200,20260930T194234Z,data\dibbs_status\status_20260930T191011Z\pages\SPE7L126T340G.html,Open,Open,04-10-2026,04-20-2026,True,SPE7L1-26-T-340G,False,True,7016267490: 35,,downloaded
SPE8E626T2394,https://www.dibbs.bsm.dla.mil/RFQ/RFQRec.aspx?sn=SPE8E626T2394,200,20260930T194238Z,data\dibbs_status\status_20260930T191011Z\pages\SPE8E626T2394.html,Open,Open,04-08-2026,04-20-2026,True,SPE8E6-26-T-2394,False,True,7016179377: 100,,downloaded
SPE7L126T988B,https://www.dibbs.bsm.dla.mil/RFQ/RFQRec.aspx?sn=SPE7L126T988B,200,20260930T194241Z,data\dibbs_status\status_20260930T191011Z\pages\SPE7L126T988B.html,Open,Open,08-19-2026,08-31-2026,True,SPE7L1-26-T-988B,False,True,7017204501: 10,,downloaded
SPE8E626T2271,https://www.dibbs.bsm.dla.mil/RFQ/RFQRec.aspx?sn=SPE8E626T2271,200,20260930T194245Z,data\dibbs_status\status_20260930T191011Z\pages\SPE8E626T2271.html,Open,Open,04-03-2026,04-13-2026,True,SPE8E6-26-T-2271,False,True,7016180037: 178,,downloaded
SPE8E426T1842,https://www.dibbs.bsm.dla.mil/RFQ/RFQRec.aspx?sn=SPE8E426T1842,200,20260930T194249Z,data\dibbs_status\status_20260930T191011Z\pages\SPE8E426T1842.html,Open,Open,06-18-2026,06-29-2026,True,SPE8E4-26-T-1842,False,True,7016179945: See Solicitation; 7016179945: 17,,downloaded
SPE8E626T2266,https://www.dibbs.bsm.dla.mil/RFQ/RFQRec.aspx?sn=SPE8E626T2266,200,20260930T194252Z,data\dibbs_status\status_20260930T191011Z\pages\SPE8E626T2266.html,Open,Open,04-03-2026,04-13-2026,True,SPE8E6-26-T-2266,False,True,7016179429: See Solicitation; 7016179429: 62,,downloaded
SPE4A726T398N,https://www.dibbs.bsm.dla.mil/RFQ/RFQRec.aspx?sn=SPE4A726T398N,200,20260930T194256Z,data\dibbs_status\status_20260930T191011Z\pages\SPE4A726T398N.html,Open,Open,05-21-2026,05-28-2026,True,SPE4A7-26-T-398N,False,True,7016880444: See Solicitation; 7016880444: 1,,downloaded
SPE7L126T994T,https://www.dibbs.bsm.dla.mil/RFQ/RFQRec.aspx?sn=SPE7L126T994T,200,20260930T194300Z,data\dibbs_status\status_20260930T191011Z\pages\SPE7L126T994T.html,Open,Open,08-20-2026,08-31-2026,True,SPE7L1-26-T-994T,False,True,7017252534: 7,,downloaded
SPE7L126T920P,https://www.dibbs.bsm.dla.mil/RFQ/RFQRec.aspx?sn=SPE7L126T920P,200,20260930T194304Z,data\dibbs_status\status_20260930T191011Z\pages\SPE7L126T920P.html,Open,Open,08-06-2026,08-17-2026,True,SPE7L1-26-T-920P,False,True,7017039402: 2,,downloaded
SPE7L126T920W,https://www.dibbs.bsm.dla.mil/RFQ/RFQRec.aspx?sn=SPE7L126T920W,200,20260930T194309Z,data\dibbs_status\status_20260930T191011Z\pages\SPE7L126T920W.html,Open,Open,08-06-2026,08-17-2026,True,SPE7L1-26-T-920W,False,True,7017315181: 19,,downloaded
SPE7L526T2133,https://www.dibbs.bsm.dla.mil/RFQ/RFQRec.aspx?sn=SPE7L526T2133,200,20260930T194313Z,data\dibbs_status\status_20260930T191011Z\pages\SPE7L526T2133.html,Open,Open,02-20-2026,03-02-2026,True,SPE7L5-26-T-2133,False,True,7012918669: 1,,downloaded
SPE7M026T6027,https://www.dibbs.bsm.dla.mil/RFQ/RFQRec.aspx?sn=SPE7M026T6027,200,20260930T194317Z,data\dibbs_status\status_20260930T191011Z\pages\SPE7M026T6027.html,Open,Open,03-20-2026,04-02-2026,True,SPE7M0-26-T-6027,False,True,7015725895: 3,,downloaded
SPE4A726U0018,https://www.dibbs.bsm.dla.mil/RFQ/RFQRec.aspx?sn=SPE4A726U0018,200,20260930T194320Z,data\dibbs_status\status_20260930T191011Z\pages\SPE4A726U0018.html,Open,Open,06-09-2026,06-26-2026,True,SPE4A7-26-U-0018,False,True,1000187499: 3,,downloaded
SPE7L126T408G,https://www.dibbs.bsm.dla.mil/RFQ/RFQRec.aspx?sn=SPE7L126T408G,200,20260930T194325Z,data\dibbs_status\status_20260930T191011Z\pages\SPE7L126T408G.html,Open,Open,04-23-2026,05-04-2026,True,SPE7L1-26-T-408G,False,True,7016271053: 20,,downloaded
SPE7L126T809C,https://www.dibbs.bsm.dla.mil/RFQ/RFQRec.aspx?sn=SPE7L126T809C,200,20260930T194329Z,data\dibbs_status\status_20260930T191011Z\pages\SPE7L126T809C.html,Open,Open,07-10-2026,07-20-2026,True,SPE7L1-26-T-809C,False,True,7017436955: See Solicitation; 7017436955: 1653,,downloaded
SPE4A526T111H,https://www.dibbs.bsm.dla.mil/RFQ/RFQRec.aspx?sn=SPE4A526T111H,200,20260930T194333Z,data\dibbs_status\status_20260930T191011Z\pages\SPE4A526T111H.html,Open,Open,05-06-2026,05-18-2026,True,SPE4A5-26-T-111H,False,True,7016646773: 5,,downloaded
SPE7L126T759P,https://www.dibbs.bsm.dla.mil/RFQ/RFQRec.aspx?sn=SPE7L126T759P,200,20260930T194339Z,data\dibbs_status\status_20260930T191011Z\pages\SPE7L126T759P.html,Open,Open,06-25-2026,07-06-2026,True,SPE7L1-26-T-759P,False,True,7014131694: 3,,downloaded
SPE7L126T420F,https://www.dibbs.bsm.dla.mil/RFQ/RFQRec.aspx?sn=SPE7L126T420F,200,20260930T194342Z,data\dibbs_status\status_20260930T191011Z\pages\SPE7L126T420F.html,Open,Open,04-24-2026,05-11-2026,True,SPE7L1-26-T-420F,False,True,7016485549: 62,,downloaded
SPE7M426T346L,https://www.dibbs.bsm.dla.mil/RFQ/RFQRec.aspx?sn=SPE7M426T346L,200,20260930T194346Z,data\dibbs_status\status_20260930T191011Z\pages\SPE7M426T346L.html,Open,Open,08-18-2026,08-28-2026,True,SPE7M4-26-T-346L,False,True,7017437334: 47,,downloaded
SPE8E426T1840,https://www.dibbs.bsm.dla.mil/RFQ/RFQRec.aspx?sn=SPE8E426T1840,200,20260930T194350Z,data\dibbs_status\status_20260930T191011Z\pages\SPE8E426T1840.html,Open,Open,06-17-2026,06-29-2026,True,SPE8E4-26-T-1840,False,True,7016157433: 1,,downloaded
SPE8E626T4212,https://www.dibbs.bsm.dla.mil/RFQ/RFQRec.aspx?sn=SPE8E626T4212,200,20260930T194353Z,data\dibbs_status\status_20260930T191011Z\pages\SPE8E626T4212.html,Open,Open,08-12-2026,08-24-2026,True,SPE8E6-26-T-4212,False,True,7017423150: 48,,downloaded
SPE4A726T036X,https://www.dibbs.bsm.dla.mil/RFQ/RFQRec.aspx?sn=SPE4A726T036X,200,20260930T194357Z,data\dibbs_status\status_20260930T191011Z\pages\SPE4A726T036X.html,Open,Open,03-03-2026,03-10-2026,True,SPE4A7-26-T-036X,False,True,7014383952: See Solicitation; 7014383952: 161,,downloaded
SPE7L126T746A,https://www.dibbs.bsm.dla.mil/RFQ/RFQRec.aspx?sn=SPE7L126T746A,200,20260930T194401Z,data\dibbs_status\status_20260930T191011Z\pages\SPE7L126T746A.html,Open,Open,06-22-2026,07-08-2026,True,SPE7L1-26-T-746A,False,True,7017233330: 88,,downloaded
SPE7M026T031T,https://www.dibbs.bsm.dla.mil/RFQ/RFQRec.aspx?sn=SPE7M026T031T,200,20260930T194404Z,data\dibbs_status\status_20260930T191011Z\pages\SPE7M026T031T.html,Open,Open,08-06-2026,08-17-2026,True,SPE7M0-26-T-031T,False,True,7017603382: 32,,downloaded
SPE7L126T9916,https://www.dibbs.bsm.dla.mil/RFQ/RFQRec.aspx?sn=SPE7L126T9916,200,20260930T194409Z,data\dibbs_status\status_20260930T191011Z\pages\SPE7L126T9916.html,Open,Open,01-14-2026,01-26-2026,True,SPE7L1-26-T-9916,False,True,7015087605: See Solicitation; 7015087605: 5,,downloaded
SPE7M226T2175,https://www.dibbs.bsm.dla.mil/RFQ/RFQRec.aspx?sn=SPE7M226T2175,200,20260930T194413Z,data\dibbs_status\status_20260930T191011Z\pages\SPE7M226T2175.html,Open,Open,01-22-2026,02-02-2026,True,SPE7M2-26-T-2175,False,True,7014811137: 25,,downloaded
SPE8E426T1466,https://www.dibbs.bsm.dla.mil/RFQ/RFQRec.aspx?sn=SPE8E426T1466,200,20260930T194417Z,data\dibbs_status\status_20260930T191011Z\pages\SPE8E426T1466.html,Open,Open,05-06-2026,05-21-2026,True,SPE8E4-26-T-1466,False,True,7015773192: 1,,downloaded
SPE7L126T817R,https://www.dibbs.bsm.dla.mil/RFQ/RFQRec.aspx?sn=SPE7L126T817R,200,20260930T194420Z,data\dibbs_status\status_20260930T191011Z\pages\SPE7L126T817R.html,Open,Open,07-10-2026,07-20-2026,True,SPE7L1-26-T-817R,False,True,7017440083: 37,,downloaded
SPE7L326T154U,https://www.dibbs.bsm.dla.mil/RFQ/RFQRec.aspx?sn=SPE7L326T154U,200,20260930T194425Z,data\dibbs_status\status_20260930T191011Z\pages\SPE7L326T154U.html,Open,Open,08-07-2026,08-20-2026,True,SPE7L3-26-T-154U,False,True,7017777166: 9,,downloaded
SPE7L426T4984,https://www.dibbs.bsm.dla.mil/RFQ/RFQRec.aspx?sn=SPE7L426T4984,200,20260930T194429Z,data\dibbs_status\status_20260930T191011Z\pages\SPE7L426T4984.html,Open,Open,06-05-2026,06-18-2026,True,SPE7L4-26-T-4984,False,True,7016471619: 1,,downloaded
SPE8E826T4122,https://www.dibbs.bsm.dla.mil/RFQ/RFQRec.aspx?sn=SPE8E826T4122,200,20260930T194433Z,data\dibbs_status\status_20260930T191011Z\pages\SPE8E826T4122.html,Open,Open,06-11-2026,06-25-2026,True,SPE8E8-26-T-4122,False,True,7017122916: 40,,downloaded
SPE7L126T921C,https://www.dibbs.bsm.dla.mil/RFQ/RFQRec.aspx?sn=SPE7L126T921C,200,20260930T194436Z,data\dibbs_status\status_20260930T191011Z\pages\SPE7L126T921C.html,Open,Open,08-06-2026,08-20-2026,True,SPE7L1-26-T-921C,False,True,7017233748: 18,,downloaded
SPE7L126T733H,https://www.dibbs.bsm.dla.mil/RFQ/RFQRec.aspx?sn=SPE7L126T733H,200,20260930T194441Z,data\dibbs_status\status_20260930T191011Z\pages\SPE7L126T733H.html,Open,Open,06-22-2026,07-02-2026,True,SPE7L1-26-T-733H,False,True,7017234373: 167,,downloaded
SPE7L126T266X,https://www.dibbs.bsm.dla.mil/RFQ/RFQRec.aspx?sn=SPE7L126T266X,200,20260930T194445Z,data\dibbs_status\status_20260930T191011Z\pages\SPE7L126T266X.html,Open,Open,03-30-2026,04-09-2026,True,SPE7L1-26-T-266X,False,True,7016117061: 2,,downloaded
SPE7L126T671L,https://www.dibbs.bsm.dla.mil/RFQ/RFQRec.aspx?sn=SPE7L126T671L,200,20260930T194451Z,data\dibbs_status\status_20260930T191011Z\pages\SPE7L126T671L.html,Open,Open,06-05-2026,06-15-2026,True,SPE7L1-26-T-671L,False,True,7017039541: 9,,downloaded
SPE4A726T149Z,https://www.dibbs.bsm.dla.mil/RFQ/RFQRec.aspx?sn=SPE4A726T149Z,200,20260930T194454Z,data\dibbs_status\status_20260930T191011Z\pages\SPE4A726T149Z.html,Open,Open,03-26-2026,04-02-2026,True,SPE4A7-26-T-149Z,False,True,7015955827: 7,,downloaded
SPE4A726T618M,https://www.dibbs.bsm.dla.mil/RFQ/RFQRec.aspx?sn=SPE4A726T618M,200,20260930T194458Z,data\dibbs_status\status_20260930T191011Z\pages\SPE4A726T618M.html,Open,Open,08-06-2026,08-13-2026,True,SPE4A7-26-T-618M,False,True,7017200364: See Solicitation; 7017200364: 32,,downloaded
SPE7L126T204U,https://www.dibbs.bsm.dla.mil/RFQ/RFQRec.aspx?sn=SPE7L126T204U,200,20260930T194501Z,data\dibbs_status\status_20260930T191011Z\pages\SPE7L126T204U.html,Open,Open,03-13-2026,03-27-2026,True,SPE7L1-26-T-204U,False,True,7015893463: 5,,downloaded
SPE4A726T656H,https://www.dibbs.bsm.dla.mil/RFQ/RFQRec.aspx?sn=SPE4A726T656H,200,20260930T194506Z,data\dibbs_status\status_20260930T191011Z\pages\SPE4A726T656H.html,Open,Open,08-17-2026,08-24-2026,True,SPE4A7-26-T-656H,False,True,7017869669: See Solicitation; 7017869669: 7,,downloaded
SPE7M326T7151,https://www.dibbs.bsm.dla.mil/RFQ/RFQRec.aspx?sn=SPE7M326T7151,200,20260930T194510Z,data\dibbs_status\status_20260930T191011Z\pages\SPE7M326T7151.html,Open,Open,06-29-2026,07-09-2026,True,SPE7M3-26-T-7151,False,True,7017127158: 1,,downloaded
SPE7L126T417H,https://www.dibbs.bsm.dla.mil/RFQ/RFQRec.aspx?sn=SPE7L126T417H,200,20260930T194514Z,data\dibbs_status\status_20260930T191011Z\pages\SPE7L126T417H.html,Open,Open,04-23-2026,05-04-2026,True,SPE7L1-26-T-417H,False,True,7016182612: 1,,downloaded
SPE4A726T118U,https://www.dibbs.bsm.dla.mil/RFQ/RFQRec.aspx?sn=SPE4A726T118U,200,20260930T194518Z,data\dibbs_status\status_20260930T191011Z\pages\SPE4A726T118U.html,Open,Open,03-20-2026,03-27-2026,True,SPE4A7-26-T-118U,False,True,7015994295: 53,,downloaded
SPE4A726T646D,https://www.dibbs.bsm.dla.mil/RFQ/RFQRec.aspx?sn=SPE4A726T646D,200,20260930T194522Z,data\dibbs_status\status_20260930T191011Z\pages\SPE4A726T646D.html,Open,Open,08-13-2026,08-20-2026,True,SPE4A7-26-T-646D,False,True,7017697714: See Solicitation; 7017697714: 12,,downloaded
SPE7L126T401F,https://www.dibbs.bsm.dla.mil/RFQ/RFQRec.aspx?sn=SPE7L126T401F,200,20260930T194525Z,data\dibbs_status\status_20260930T191011Z\pages\SPE7L126T401F.html,Open,Open,04-22-2026,05-04-2026,True,SPE7L1-26-T-401F,False,True,7016416465: 11,,downloaded
SPE7M326T7497,https://www.dibbs.bsm.dla.mil/RFQ/RFQRec.aspx?sn=SPE7M326T7497,200,20260930T194529Z,data\dibbs_status\status_20260930T191011Z\pages\SPE7M326T7497.html,Open,Open,07-16-2026,07-30-2026,True,SPE7M3-26-T-7497,False,True,7017289997: 1,,downloaded
SPE7L126T977W,https://www.dibbs.bsm.dla.mil/RFQ/RFQRec.aspx?sn=SPE7L126T977W,200,20260930T194532Z,data\dibbs_status\status_20260930T191011Z\pages\SPE7L126T977W.html,Open,Open,08-18-2026,08-28-2026,True,SPE7L1-26-T-977W,False,True,7017869859: 9,,downloaded
SPE7L726T4100,https://www.dibbs.bsm.dla.mil/RFQ/RFQRec.aspx?sn=SPE7L726T4100,200,20260930T194536Z,data\dibbs_status\status_20260930T191011Z\pages\SPE7L726T4100.html,Open,Open,06-29-2026,07-09-2026,True,SPE7L7-26-T-4100,False,True,7017315033: 80,,downloaded
SPE8E626T2978,https://www.dibbs.bsm.dla.mil/RFQ/RFQRec.aspx?sn=SPE8E626T2978,200,20260930T194540Z,data\dibbs_status\status_20260930T191011Z\pages\SPE8E626T2978.html,Open,Open,05-19-2026,05-29-2026,True,SPE8E6-26-T-2978,False,True,7016650150: 40,,downloaded
SPE8E626T3724,https://www.dibbs.bsm.dla.mil/RFQ/RFQRec.aspx?sn=SPE8E626T3724,200,20260930T194544Z,data\dibbs_status\status_20260930T191011Z\pages\SPE8E626T3724.html,Open,Open,07-15-2026,07-27-2026,True,SPE8E6-26-T-3724,False,True,7017471450: 1,,downloaded
SPE7L126T564P,https://www.dibbs.bsm.dla.mil/RFQ/RFQRec.aspx?sn=SPE7L126T564P,200,20260930T194547Z,data\dibbs_status\status_20260930T191011Z\pages\SPE7L126T564P.html,Open,Open,05-18-2026,05-28-2026,True,SPE7L1-26-T-564P,False,True,7014385184: 1,,downloaded
SPE7L126T907S,https://www.dibbs.bsm.dla.mil/RFQ/RFQRec.aspx?sn=SPE7L126T907S,200,20260930T194551Z,data\dibbs_status\status_20260930T191011Z\pages\SPE7L126T907S.html,Open,Open,08-04-2026,08-14-2026,True,SPE7L1-26-T-907S,False,True,7017450056: 35,,downloaded
SPE7L026T0306,https://www.dibbs.bsm.dla.mil/RFQ/RFQRec.aspx?sn=SPE7L026T0306,200,20260930T194555Z,data\dibbs_status\status_20260930T191011Z\pages\SPE7L026T0306.html,Open,Open,05-18-2026,05-28-2026,True,SPE7L0-26-T-0306,False,True,7016732266: 17,,downloaded
SPE7L426T4469,https://www.dibbs.bsm.dla.mil/RFQ/RFQRec.aspx?sn=SPE7L426T4469,200,20260930T194558Z,data\dibbs_status\status_20260930T191011Z\pages\SPE7L426T4469.html,Open,Open,05-12-2026,05-22-2026,True,SPE7L4-26-T-4469,False,True,7016088641: 1180,,downloaded
SPE7L026T0301,https://www.dibbs.bsm.dla.mil/RFQ/RFQRec.aspx?sn=SPE7L026T0301,200,20260930T194602Z,data\dibbs_status\status_20260930T191011Z\pages\SPE7L026T0301.html,Open,Open,05-14-2026,05-29-2026,True,SPE7L0-26-T-0301,False,True,7016489703: 1,,downloaded
SPE8E426T1936,https://www.dibbs.bsm.dla.mil/RFQ/RFQRec.aspx?sn=SPE8E426T1936,200,20260930T194606Z,data\dibbs_status\status_20260930T191011Z\pages\SPE8E426T1936.html,Open,Open,07-29-2026,08-10-2026,True,SPE8E4-26-T-1936,False,True,7016178423: See Solicitation; 7016178423: 4,,downloaded
SPE7M326T7152,https://www.dibbs.bsm.dla.mil/RFQ/RFQRec.aspx?sn=SPE7M326T7152,200,20260930T194611Z,data\dibbs_status\status_20260930T191011Z\pages\SPE7M326T7152.html,Open,Open,06-29-2026,07-22-2026,True,SPE7M3-26-T-7152,False,True,7017127160: 1,,downloaded
SPE8EE26T1778,https://www.dibbs.bsm.dla.mil/RFQ/RFQRec.aspx?sn=SPE8EE26T1778,200,20260930T194616Z,data\dibbs_status\status_20260930T191011Z\pages\SPE8EE26T1778.html,Open,Open,06-01-2026,06-11-2026,True,SPE8EE-26-T-1778,False,True,7016967590: 3,,downloaded
SPE7L126T536N,https://www.dibbs.bsm.dla.mil/RFQ/RFQRec.aspx?sn=SPE7L126T536N,200,20260930T194620Z,data\dibbs_status\status_20260930T191011Z\pages\SPE7L126T536N.html,Open,Open,05-12-2026,05-22-2026,True,SPE7L1-26-T-536N,False,True,7015974694: 1,,downloaded
SPE8E626T3708,https://www.dibbs.bsm.dla.mil/RFQ/RFQRec.aspx?sn=SPE8E626T3708,200,20260930T194623Z,data\dibbs_status\status_20260930T191011Z\pages\SPE8E626T3708.html,Open,Open,07-13-2026,07-23-2026,True,SPE8E6-26-T-3708,False,True,7017422488: 32,,downloaded
SPE4A726T662G,https://www.dibbs.bsm.dla.mil/RFQ/RFQRec.aspx?sn=SPE4A726T662G,200,20260930T194627Z,data\dibbs_status\status_20260930T191011Z\pages\SPE4A726T662G.html,Open,Open,08-17-2026,08-24-2026,True,SPE4A7-26-T-662G,False,True,7017913490: 40,,downloaded
SPE4A626U2739,https://www.dibbs.bsm.dla.mil/RFQ/RFQRec.aspx?sn=SPE4A626U2739,200,20260930T194631Z,data\dibbs_status\status_20260930T191011Z\pages\SPE4A626U2739.html,Open,Open,04-14-2026,05-01-2026,True,SPE4A6-26-U-2739,False,True,1000231096: 12,,downloaded
SPE7L726T4670,https://www.dibbs.bsm.dla.mil/RFQ/RFQRec.aspx?sn=SPE7L726T4670,200,20260930T194636Z,data\dibbs_status\status_20260930T191011Z\pages\SPE7L726T4670.html,Open,Open,08-10-2026,08-20-2026,True,SPE7L7-26-T-4670,False,True,7016887831: See Solicitation; 7016887831: 24,,downloaded
SPE4A726T634Z,https://www.dibbs.bsm.dla.mil/RFQ/RFQRec.aspx?sn=SPE4A726T634Z,200,20260930T194640Z,data\dibbs_status\status_20260930T191011Z\pages\SPE4A726T634Z.html,Open,Open,08-10-2026,08-17-2026,True,SPE4A7-26-T-634Z,False,True,7016846555: See Solicitation; 7016846555: 11,,downloaded
SPE8E626Q0600,https://www.dibbs.bsm.dla.mil/RFQ/RFQRec.aspx?sn=SPE8E626Q0600,200,20260930T194643Z,data\dibbs_status\status_20260930T191011Z\pages\SPE8E626Q0600.html,Open,Open,08-17-2026,08-27-2026,True,SPE8E6-26-Q-0600,False,True,7017275212: 21,,downloaded
SPE8E626T3071,https://www.dibbs.bsm.dla.mil/RFQ/RFQRec.aspx?sn=SPE8E626T3071,200,20260930T194647Z,data\dibbs_status\status_20260930T191011Z\pages\SPE8E626T3071.html,Open,Open,05-28-2026,06-11-2026,True,SPE8E6-26-T-3071,False,True,7016922640: 75,,downloaded
SPE7L126T320E,https://www.dibbs.bsm.dla.mil/RFQ/RFQRec.aspx?sn=SPE7L126T320E,200,20260930T194650Z,data\dibbs_status\status_20260930T191011Z\pages\SPE7L126T320E.html,Open,Open,04-06-2026,04-16-2026,True,SPE7L1-26-T-320E,False,True,7011949190: 1,,downloaded
SPE4A726T301F,https://www.dibbs.bsm.dla.mil/RFQ/RFQRec.aspx?sn=SPE4A726T301F,200,20260930T194654Z,data\dibbs_status\status_20260930T191011Z\pages\SPE4A726T301F.html,Open,Open,04-29-2026,05-06-2026,True,SPE4A7-26-T-301F,False,True,7016336761: See Solicitation; 7016336761: 4,,downloaded
SPE8E626T4247,https://www.dibbs.bsm.dla.mil/RFQ/RFQRec.aspx?sn=SPE8E626T4247,200,20260930T194657Z,data\dibbs_status\status_20260930T191011Z\pages\SPE8E626T4247.html,Open,Open,08-17-2026,08-27-2026,True,SPE8E6-26-T-4247,False,True,7017873151: 1,,downloaded
SPE7L026T0300,https://www.dibbs.bsm.dla.mil/RFQ/RFQRec.aspx?sn=SPE7L026T0300,200,20260930T194701Z,data\dibbs_status\status_20260930T191011Z\pages\SPE7L026T0300.html,Open,Open,05-14-2026,05-26-2026,True,SPE7L0-26-T-0300,False,True,7016529863: 1,,downloaded
SPE4A726T330Q,https://www.dibbs.bsm.dla.mil/RFQ/RFQRec.aspx?sn=SPE4A726T330Q,200,20260930T194705Z,data\dibbs_status\status_20260930T191011Z\pages\SPE4A726T330Q.html,Open,Open,05-11-2026,05-18-2026,True,SPE4A7-26-T-330Q,False,True,7016468000: See Solicitation; 7016468000: 1,,downloaded
SPE4A626T782D,https://www.dibbs.bsm.dla.mil/RFQ/RFQRec.aspx?sn=SPE4A626T782D,200,20260930T194709Z,data\dibbs_status\status_20260930T191011Z\pages\SPE4A626T782D.html,Open,Open,02-23-2026,03-05-2026,True,SPE4A6-26-T-782D,False,True,7015599986: 70,,downloaded
SPE7L426T4025,https://www.dibbs.bsm.dla.mil/RFQ/RFQRec.aspx?sn=SPE7L426T4025,200,20260930T194714Z,data\dibbs_status\status_20260930T191011Z\pages\SPE7L426T4025.html,Open,Open,04-24-2026,05-07-2026,True,SPE7L4-26-T-4025,False,True,7016081440: 2,,downloaded
SPE8E626T3036,https://www.dibbs.bsm.dla.mil/RFQ/RFQRec.aspx?sn=SPE8E626T3036,200,20260930T194718Z,data\dibbs_status\status_20260930T191011Z\pages\SPE8E626T3036.html,Open,Open,05-28-2026,06-11-2026,True,SPE8E6-26-T-3036,False,True,7016936808: 277,,downloaded
SPE4A526T9993,https://www.dibbs.bsm.dla.mil/RFQ/RFQRec.aspx?sn=SPE4A526T9993,200,20260930T194722Z,data\dibbs_status\status_20260930T191011Z\pages\SPE4A526T9993.html,Open,Open,03-16-2026,03-23-2026,True,SPE4A5-26-T-9993,False,True,7015905066: 92,,downloaded
SPE7M326T3329,https://www.dibbs.bsm.dla.mil/RFQ/RFQRec.aspx?sn=SPE7M326T3329,200,20260930T194726Z,data\dibbs_status\status_20260930T191011Z\pages\SPE7M326T3329.html,Open,Open,02-23-2026,03-05-2026,True,SPE7M3-26-T-3329,False,True,7011934776: 1,,downloaded
SPE7M526T153L,https://www.dibbs.bsm.dla.mil/RFQ/RFQRec.aspx?sn=SPE7M526T153L,200,20260930T194730Z,data\dibbs_status\status_20260930T191011Z\pages\SPE7M526T153L.html,Open,Open,05-11-2026,05-21-2026,True,SPE7M5-26-T-153L,False,True,7016691287: See Solicitation; 7016691287: 3,,downloaded
SPE4A627Q0006,https://www.dibbs.bsm.dla.mil/RFQ/RFQRec.aspx?sn=SPE4A627Q0006,200,20260930T194734Z,data\dibbs_status\status_20260930T191011Z\pages\SPE4A627Q0006.html,Open,Open,09-25-2026,09-27-2026,True,SPE4A6-27-Q-0006,False,True,7015537516: 6,,downloaded
SPE4A726T795C,https://www.dibbs.bsm.dla.mil/RFQ/RFQRec.aspx?sn=SPE4A726T795C,200,20260930T194737Z,data\dibbs_status\status_20260930T191011Z\pages\SPE4A726T795C.html,Open,Open,09-25-2026,10-02-2026,True,SPE4A7-26-T-795C,False,True,7017148762: 153,,downloaded
SPE4A026T5032,https://www.dibbs.bsm.dla.mil/RFQ/RFQRec.aspx?sn=SPE4A026T5032,200,20260930T194741Z,data\dibbs_status\status_20260930T191011Z\pages\SPE4A026T5032.html,Open,Open,09-25-2026,10-02-2026,True,SPE4A0-26-T-5032,False,True,7018402225: 1; 7018420583: 1,,downloaded
SPE4A626T15TA,https://www.dibbs.bsm.dla.mil/RFQ/RFQRec.aspx?sn=SPE4A626T15TA,200,20260930T194745Z,data\dibbs_status\status_20260930T191011Z\pages\SPE4A626T15TA.html,Open,Open,08-12-2026,08-19-2026,True,SPE4A6-26-T-15TA,False,True,7017837107: See Solicitation; 7017837107: 16,,downloaded
SPE4A626T03JE,https://www.dibbs.bsm.dla.mil/RFQ/RFQRec.aspx?sn=SPE4A626T03JE,200,20260930T194749Z,data\dibbs_status\status_20260930T191011Z\pages\SPE4A626T03JE.html,Open,Open,07-07-2026,07-14-2026,True,SPE4A6-26-T-03JE,False,True,7008784244: 18,,downloaded
SPE4A626T60A7,https://www.dibbs.bsm.dla.mil/RFQ/RFQRec.aspx?sn=SPE4A626T60A7,200,20260930T194752Z,data\dibbs_status\status_20260930T191011Z\pages\SPE4A626T60A7.html,Open,Open,05-19-2026,05-26-2026,True,SPE4A6-26-T-60A7,False,True,7016785431: 4,,downloaded
SPE7M126T056D,https://www.dibbs.bsm.dla.mil/RFQ/RFQRec.aspx?sn=SPE7M126T056D,200,20260930T194756Z,data\dibbs_status\status_20260930T191011Z\pages\SPE7M126T056D.html,Open,Open,05-08-2026,05-18-2026,True,SPE7M1-26-T-056D,False,True,7008203949: 20,,downloaded
SPE7M826Q0242,https://www.dibbs.bsm.dla.mil/RFQ/RFQRec.aspx?sn=SPE7M826Q0242,200,20260930T194800Z,data\dibbs_status\status_20260930T191011Z\pages\SPE7M826Q0242.html,Open,Open,09-18-2026,10-02-2026,True,SPE7M8-26-Q-0242,False,True,7002362522: See Solicitation; 7002362522: 12,,downloaded
SPE4A626Q1200,https://www.dibbs.bsm.dla.mil/RFQ/RFQRec.aspx?sn=SPE4A626Q1200,200,20260930T194804Z,data\dibbs_status\status_20260930T191011Z\pages\SPE4A626Q1200.html,Open,Open,07-22-2026,07-30-2026,True,SPE4A6-26-Q-1200,False,True,7017572408: See Solicitation; 7017572408: 6,,downloaded
SPE7M026Q1221,https://www.dibbs.bsm.dla.mil/RFQ/RFQRec.aspx?sn=SPE7M026Q1221,200,20260930T194809Z,data\dibbs_status\status_20260930T191011Z\pages\SPE7M026Q1221.html,Open,Open,08-19-2026,08-26-2026,True,SPE7M0-26-Q-1221,False,True,7017799987: 1,,downloaded
SPE4A626Q0866,https://www.dibbs.bsm.dla.mil/RFQ/RFQRec.aspx?sn=SPE4A626Q0866,200,20260930T194813Z,data\dibbs_status\status_20260930T191011Z\pages\SPE4A626Q0866.html,Open,Open,04-30-2026,05-15-2026,True,SPE4A6-26-Q-0866,False,True,7015997253: 1,,downloaded
SPE4A626T58R5,https://www.dibbs.bsm.dla.mil/RFQ/RFQRec.aspx?sn=SPE4A626T58R5,200,20260930T194824Z,data\dibbs_status\status_20260930T191011Z\pages\SPE4A626T58R5.html,Open,Open,05-15-2026,05-22-2026,True,SPE4A6-26-T-58R5,False,True,7016471701: See Solicitation; 7016471701: 6,,downloaded
SPE4A626T37LT,https://www.dibbs.bsm.dla.mil/RFQ/RFQRec.aspx?sn=SPE4A626T37LT,200,20260930T194830Z,data\dibbs_status\status_20260930T191011Z\pages\SPE4A626T37LT.html,Open,Open,09-29-2026,10-06-2026,True,SPE4A6-26-T-37LT,False,True,7018560847: See Solicitation; 7018560847: 13,,downloaded
SPE7L426T7273,https://www.dibbs.bsm.dla.mil/RFQ/RFQRec.aspx?sn=SPE7L426T7273,200,20260930T194834Z,data\dibbs_status\status_20260930T191011Z\pages\SPE7L426T7273.html,Open,Open,09-29-2026,10-09-2026,True,SPE7L4-26-T-7273,False,True,7018496487: See Solicitation; 7018496487: 6,,downloaded
SPE7L426T7259,https://www.dibbs.bsm.dla.mil/RFQ/RFQRec.aspx?sn=SPE7L426T7259,200,20260930T194840Z,data\dibbs_status\status_20260930T191011Z\pages\SPE7L426T7259.html,Open,Open,09-28-2026,10-08-2026,True,SPE7L4-26-T-7259,False,True,7018494717: 6,,downloaded
SPE4A626T37DP,https://www.dibbs.bsm.dla.mil/RFQ/RFQRec.aspx?sn=SPE4A626T37DP,200,20260930T194845Z,data\dibbs_status\status_20260930T191011Z\pages\SPE4A626T37DP.html,Open,Open,09-28-2026,10-05-2026,True,SPE4A6-26-T-37DP,False,True,7018237589: See Solicitation; 7018237589: 13,,downloaded
SPE4A626T37EH,https://www.dibbs.bsm.dla.mil/RFQ/RFQRec.aspx?sn=SPE4A626T37EH,200,20260930T194849Z,data\dibbs_status\status_20260930T191011Z\pages\SPE4A626T37EH.html,Open,Open,09-28-2026,10-05-2026,True,SPE4A6-26-T-37EH,False,True,7018458087: See Solicitation; 7018458087: 30,,downloaded
SPE4A626T37DG,https://www.dibbs.bsm.dla.mil/RFQ/RFQRec.aspx?sn=SPE4A626T37DG,200,20260930T194853Z,data\dibbs_status\status_20260930T191011Z\pages\SPE4A626T37DG.html,Open,Open,09-28-2026,10-05-2026,True,SPE4A6-26-T-37DG,False,True,7018459392: See Solicitation; 7018459392: 4,,downloaded
SPE4A626T37FE,https://www.dibbs.bsm.dla.mil/RFQ/RFQRec.aspx?sn=SPE4A626T37FE,200,20260930T194858Z,data\dibbs_status\status_20260930T191011Z\pages\SPE4A626T37FE.html,Open,Open,09-28-2026,10-05-2026,True,SPE4A6-26-T-37FE,False,True,7018458821: 8,,downloaded
SPE4A626T37DB,https://www.dibbs.bsm.dla.mil/RFQ/RFQRec.aspx?sn=SPE4A626T37DB,200,20260930T194902Z,data\dibbs_status\status_20260930T191011Z\pages\SPE4A626T37DB.html,Open,Open,09-28-2026,10-05-2026,True,SPE4A6-26-T-37DB,False,True,7018377705: See Solicitation; 7018377705: 2,,downloaded
SPE4A626T32QP,https://www.dibbs.bsm.dla.mil/RFQ/RFQRec.aspx?sn=SPE4A626T32QP,200,20260930T194906Z,data\dibbs_status\status_20260930T191011Z\pages\SPE4A626T32QP.html,Open,Open,09-18-2026,09-30-2026,True,SPE4A6-26-T-32QP,False,True,7018380872: 3,,downloaded
SPE4A026T4896,https://www.dibbs.bsm.dla.mil/RFQ/RFQRec.aspx?sn=SPE4A026T4896,200,20260930T194909Z,data\dibbs_status\status_20260930T191011Z\pages\SPE4A026T4896.html,Open,Open,09-18-2026,09-30-2026,True,SPE4A0-26-T-4896,False,True,7018319028: 1,,downloaded
SPE4A626T36WQ,https://www.dibbs.bsm.dla.mil/RFQ/RFQRec.aspx?sn=SPE4A626T36WQ,200,20260930T194913Z,data\dibbs_status\status_20260930T191011Z\pages\SPE4A626T36WQ.html,Open,Open,09-25-2026,10-02-2026,True,SPE4A6-26-T-36WQ,False,True,7018414189: 2,,downloaded
SPE4A626T36WP,https://www.dibbs.bsm.dla.mil/RFQ/RFQRec.aspx?sn=SPE4A626T36WP,200,20260930T194916Z,data\dibbs_status\status_20260930T191011Z\pages\SPE4A626T36WP.html,Open,Open,09-25-2026,10-02-2026,True,SPE4A6-26-T-36WP,False,True,7017940713: See Solicitation; 7017940713: 45,,downloaded
SPE4A626T31NC,https://www.dibbs.bsm.dla.mil/RFQ/RFQRec.aspx?sn=SPE4A626T31NC,200,20260930T194922Z,data\dibbs_status\status_20260930T191011Z\pages\SPE4A626T31NC.html,Open,Open,09-17-2026,09-29-2026,True,SPE4A6-26-T-31NC,False,True,7018377086: 3,,downloaded
SPE4A626T29GW,https://www.dibbs.bsm.dla.mil/RFQ/RFQRec.aspx?sn=SPE4A626T29GW,200,20260930T194926Z,data\dibbs_status\status_20260930T191011Z\pages\SPE4A626T29GW.html,Open,Open,09-15-2026,09-29-2026,True,SPE4A6-26-T-29GW,False,True,7017727276: 1,,downloaded
SPE4A626T31TV,https://www.dibbs.bsm.dla.mil/RFQ/RFQRec.aspx?sn=SPE4A626T31TV,200,20260930T194930Z,data\dibbs_status\status_20260930T191011Z\pages\SPE4A626T31TV.html,Open,Open,09-17-2026,09-29-2026,True,SPE4A6-26-T-31TV,False,True,7018368680: 3,,downloaded
SPE4A626T31NY,https://www.dibbs.bsm.dla.mil/RFQ/RFQRec.aspx?sn=SPE4A626T31NY,200,20260930T194935Z,data\dibbs_status\status_20260930T191011Z\pages\SPE4A626T31NY.html,Open,Open,09-17-2026,09-29-2026,True,SPE4A6-26-T-31NY,False,True,7018377084: 2,,downloaded
SPE4A626T36LM,https://www.dibbs.bsm.dla.mil/RFQ/RFQRec.aspx?sn=SPE4A626T36LM,200,20260930T194939Z,data\dibbs_status\status_20260930T191011Z\pages\SPE4A626T36LM.html,Open,Open,09-25-2026,10-02-2026,True,SPE4A6-26-T-36LM,False,True,7018436982: 5,,downloaded
SPE4A626T30RC,https://www.dibbs.bsm.dla.mil/RFQ/RFQRec.aspx?sn=SPE4A626T30RC,200,20260930T194943Z,data\dibbs_status\status_20260930T191011Z\pages\SPE4A626T30RC.html,Open,Open,09-16-2026,09-28-2026,True,SPE4A6-26-T-30RC,False,True,7018341514: 2,,downloaded
SPE4A626T30QR,https://www.dibbs.bsm.dla.mil/RFQ/RFQRec.aspx?sn=SPE4A626T30QR,200,20260930T194946Z,data\dibbs_status\status_20260930T191011Z\pages\SPE4A626T30QR.html,Open,Open,09-16-2026,09-28-2026,True,SPE4A6-26-T-30QR,False,True,7018342030: 3,,downloaded
SPE4A626T36BS,https://www.dibbs.bsm.dla.mil/RFQ/RFQRec.aspx?sn=SPE4A626T36BS,200,20260930T194951Z,data\dibbs_status\status_20260930T191011Z\pages\SPE4A626T36BS.html,Open,Open,09-24-2026,10-01-2026,True,SPE4A6-26-T-36BS,False,True,7018458570: See Solicitation; 7018458570: 40,,downloaded
SPE4A626T35VW,https://www.dibbs.bsm.dla.mil/RFQ/RFQRec.aspx?sn=SPE4A626T35VW,200,20260930T194955Z,data\dibbs_status\status_20260930T191011Z\pages\SPE4A626T35VW.html,Open,Open,09-23-2026,09-30-2026,True,SPE4A6-26-T-35VW,False,True,7018406963: See Solicitation; 7018406963: 1,,downloaded
SPE4A626T29NE,https://www.dibbs.bsm.dla.mil/RFQ/RFQRec.aspx?sn=SPE4A626T29NE,200,20260930T194959Z,data\dibbs_status\status_20260930T191011Z\pages\SPE4A626T29NE.html,Open,Open,09-15-2026,09-25-2026,True,SPE4A6-26-T-29NE,False,True,7018333235: 550,,downloaded
SPE4A626T35HV,https://www.dibbs.bsm.dla.mil/RFQ/RFQRec.aspx?sn=SPE4A626T35HV,200,20260930T195003Z,data\dibbs_status\status_20260930T191011Z\pages\SPE4A626T35HV.html,Open,Open,09-23-2026,09-30-2026,True,SPE4A6-26-T-35HV,False,True,7018457622: 9,,downloaded
SPE4A626T35FH,https://www.dibbs.bsm.dla.mil/RFQ/RFQRec.aspx?sn=SPE4A626T35FH,200,20260930T195006Z,data\dibbs_status\status_20260930T191011Z\pages\SPE4A626T35FH.html,Open,Open,09-23-2026,09-30-2026,True,SPE4A6-26-T-35FH,False,True,7018458772: See Solicitation; 7018458772: 17,,downloaded
SPE4A626T34XH,https://www.dibbs.bsm.dla.mil/RFQ/RFQRec.aspx?sn=SPE4A626T34XH,200,20260930T195010Z,data\dibbs_status\status_20260930T191011Z\pages\SPE4A626T34XH.html,Open,Open,09-22-2026,09-29-2026,True,SPE4A6-26-T-34XH,False,True,7018248674: See Solicitation; 7018248674: 17,,downloaded
SPE4A626T33NC,https://www.dibbs.bsm.dla.mil/RFQ/RFQRec.aspx?sn=SPE4A626T33NC,200,20260930T195013Z,data\dibbs_status\status_20260930T191011Z\pages\SPE4A626T33NC.html,Open,Open,09-21-2026,09-28-2026,True,SPE4A6-26-T-33NC,False,True,7018413999: See Solicitation; 7018413999: 9,,downloaded
SPE4A626T34AH,https://www.dibbs.bsm.dla.mil/RFQ/RFQRec.aspx?sn=SPE4A626T34AH,200,20260930T195017Z,data\dibbs_status\status_20260930T191011Z\pages\SPE4A626T34AH.html,Open,Open,09-21-2026,09-28-2026,True,SPE4A6-26-T-34AH,False,True,7018343408: See Solicitation; 7018343408: 9,,downloaded
SPE4A626T33TM,https://www.dibbs.bsm.dla.mil/RFQ/RFQRec.aspx?sn=SPE4A626T33TM,200,20260930T195021Z,data\dibbs_status\status_20260930T191011Z\pages\SPE4A626T33TM.html,Open,Open,09-21-2026,09-28-2026,True,SPE4A6-26-T-33TM,False,True,7018412009: 17,,downloaded
SPE4A626T34HD,https://www.dibbs.bsm.dla.mil/RFQ/RFQRec.aspx?sn=SPE4A626T34HD,200,20260930T195024Z,data\dibbs_status\status_20260930T191011Z\pages\SPE4A626T34HD.html,Open,Open,09-21-2026,09-28-2026,True,SPE4A6-26-T-34HD,False,True,7018066948: See Solicitation; 7018066948: 10,,downloaded
SPE4A626T28TQ,https://www.dibbs.bsm.dla.mil/RFQ/RFQRec.aspx?sn=SPE4A626T28TQ,200,20260930T195028Z,data\dibbs_status\status_20260930T191011Z\pages\SPE4A626T28TQ.html,Open,Open,09-11-2026,09-23-2026,True,SPE4A6-26-T-28TQ,False,True,7018248677: 23,,downloaded
SPE4A426T0200,https://www.dibbs.bsm.dla.mil/RFQ/RFQRec.aspx?sn=SPE4A426T0200,200,20260930T195032Z,data\dibbs_status\status_20260930T191011Z\pages\SPE4A426T0200.html,Open,Open,09-17-2026,09-24-2026,True,SPE4A4-26-T-0200,False,True,7018378352: See Solicitation; 7018378352: 5,,downloaded
SPE4A626T31CQ,https://www.dibbs.bsm.dla.mil/RFQ/RFQRec.aspx?sn=SPE4A626T31CQ,200,20260930T195036Z,data\dibbs_status\status_20260930T191011Z\pages\SPE4A626T31CQ.html,Open,Open,09-17-2026,09-24-2026,True,SPE4A6-26-T-31CQ,False,True,7018379458: See Solicitation; 7018379458: 42,,downloaded
SPE4A626T27GW,https://www.dibbs.bsm.dla.mil/RFQ/RFQRec.aspx?sn=SPE4A626T27GW,200,20260930T195039Z,data\dibbs_status\status_20260930T191011Z\pages\SPE4A626T27GW.html,Open,Open,09-09-2026,09-21-2026,True,SPE4A6-26-T-27GW,False,True,7018147053: 1,,downloaded
SPE4A626T31AH,https://www.dibbs.bsm.dla.mil/RFQ/RFQRec.aspx?sn=SPE4A626T31AH,200,20260930T195043Z,data\dibbs_status\status_20260930T191011Z\pages\SPE4A626T31AH.html,Open,Open,09-17-2026,09-24-2026,True,SPE4A6-26-T-31AH,False,True,7018377598: 2,,downloaded
SPE4A626T30ZQ,https://www.dibbs.bsm.dla.mil/RFQ/RFQRec.aspx?sn=SPE4A626T30ZQ,200,20260930T195047Z,data\dibbs_status\status_20260930T191011Z\pages\SPE4A626T30ZQ.html,Open,Open,09-17-2026,09-24-2026,True,SPE4A6-26-T-30ZQ,False,True,7018377184: See Solicitation; 7018377184: 36,,downloaded
SPE4A626U4203,https://www.dibbs.bsm.dla.mil/RFQ/RFQRec.aspx?sn=SPE4A626U4203,200,20260930T195050Z,data\dibbs_status\status_20260930T191011Z\pages\SPE4A626U4203.html,Open,Open,09-17-2026,10-01-2026,True,SPE4A6-26-U-4203,False,True,1000238725: 139,,downloaded
SPE4A626T30QW,https://www.dibbs.bsm.dla.mil/RFQ/RFQRec.aspx?sn=SPE4A626T30QW,200,20260930T195054Z,data\dibbs_status\status_20260930T191011Z\pages\SPE4A626T30QW.html,Open,Open,09-16-2026,09-23-2026,True,SPE4A6-26-T-30QW,False,True,7018341551: See Solicitation; 7018341551: 1,,downloaded
SPE4A626T30HU,https://www.dibbs.bsm.dla.mil/RFQ/RFQRec.aspx?sn=SPE4A626T30HU,200,20260930T195058Z,data\dibbs_status\status_20260930T191011Z\pages\SPE4A626T30HU.html,Open,Open,09-16-2026,09-23-2026,True,SPE4A6-26-T-30HU,False,True,7018341481: See Solicitation; 7018341481: 9,,downloaded
SPE4A626T30CF,https://www.dibbs.bsm.dla.mil/RFQ/RFQRec.aspx?sn=SPE4A626T30CF,200,20260930T195101Z,data\dibbs_status\status_20260930T191011Z\pages\SPE4A626T30CF.html,Open,Open,09-16-2026,09-23-2026,True,SPE4A6-26-T-30CF,False,True,7018343328: See Solicitation; 7018343328: 2,,downloaded
SPE4A626T29JB,https://www.dibbs.bsm.dla.mil/RFQ/RFQRec.aspx?sn=SPE4A626T29JB,200,20260930T195105Z,data\dibbs_status\status_20260930T191011Z\pages\SPE4A626T29JB.html,Open,Open,09-15-2026,09-22-2026,True,SPE4A6-26-T-29JB,False,True,7016227678: See Solicitation; 7016227678: 16,,downloaded
SPE4A626T29DB,https://www.dibbs.bsm.dla.mil/RFQ/RFQRec.aspx?sn=SPE4A626T29DB,200,20260930T195109Z,data\dibbs_status\status_20260930T191011Z\pages\SPE4A626T29DB.html,Open,Open,09-14-2026,09-21-2026,True,SPE4A6-26-T-29DB,False,True,7018067940: 6,,downloaded
SPE4A626T29CT,https://www.dibbs.bsm.dla.mil/RFQ/RFQRec.aspx?sn=SPE4A626T29CT,200,20260930T195113Z,data\dibbs_status\status_20260930T191011Z\pages\SPE4A626T29CT.html,Open,Open,09-14-2026,09-21-2026,True,SPE4A6-26-T-29CT,False,True,7015657007: See Solicitation; 7015657007: 15,,downloaded
SPE4A626T28WS,https://www.dibbs.bsm.dla.mil/RFQ/RFQRec.aspx?sn=SPE4A626T28WS,200,20260930T195117Z,data\dibbs_status\status_20260930T191011Z\pages\SPE4A626T28WS.html,Open,Open,09-11-2026,09-18-2026,True,SPE4A6-26-T-28WS,False,True,7017939282: 3,,downloaded
SPE4A626T28WN,https://www.dibbs.bsm.dla.mil/RFQ/RFQRec.aspx?sn=SPE4A626T28WN,200,20260930T195121Z,data\dibbs_status\status_20260930T191011Z\pages\SPE4A626T28WN.html,Open,Open,09-11-2026,09-18-2026,True,SPE4A6-26-T-28WN,False,True,7018248673: See Solicitation; 7018248673: 19,,downloaded
SPE7L326T237C,https://www.dibbs.bsm.dla.mil/RFQ/RFQRec.aspx?sn=SPE7L326T237C,200,20260930T195125Z,data\dibbs_status\status_20260930T191011Z\pages\SPE7L326T237C.html,Open,Open,09-11-2026,09-21-2026,True,SPE7L3-26-T-237C,False,True,7018270748: See Solicitation; 7018270748: 319,,downloaded
SPE4A626T27PJ,https://www.dibbs.bsm.dla.mil/RFQ/RFQRec.aspx?sn=SPE4A626T27PJ,200,20260930T195130Z,data\dibbs_status\status_20260930T191011Z\pages\SPE4A626T27PJ.html,Open,Open,09-10-2026,09-17-2026,True,SPE4A6-26-T-27PJ,False,True,7018247843: 2,,downloaded
SPE4A026T4734,https://www.dibbs.bsm.dla.mil/RFQ/RFQRec.aspx?sn=SPE4A026T4734,200,20260930T195133Z,data\dibbs_status\status_20260930T191011Z\pages\SPE4A026T4734.html,Open,Open,09-09-2026,09-16-2026,True,SPE4A0-26-T-4734,False,True,7018121994: See Solicitation; 7018121994: 1,,downloaded
SPE4A626T27DN,https://www.dibbs.bsm.dla.mil/RFQ/RFQRec.aspx?sn=SPE4A626T27DN,200,20260930T195137Z,data\dibbs_status\status_20260930T191011Z\pages\SPE4A626T27DN.html,Open,Open,09-09-2026,09-16-2026,True,SPE4A6-26-T-27DN,False,True,7015853798: See Solicitation; 7015853798: 35,,downloaded
SPE4A626T26ZV,https://www.dibbs.bsm.dla.mil/RFQ/RFQRec.aspx?sn=SPE4A626T26ZV,200,20260930T195141Z,data\dibbs_status\status_20260930T191011Z\pages\SPE4A626T26ZV.html,Open,Open,09-08-2026,09-15-2026,True,SPE4A6-26-T-26ZV,False,True,7017914608: See Solicitation; 7017914608: 99,,downloaded
SPE4A626T26SS,https://www.dibbs.bsm.dla.mil/RFQ/RFQRec.aspx?sn=SPE4A626T26SS,200,20260930T195145Z,data\dibbs_status\status_20260930T191011Z\pages\SPE4A626T26SS.html,Open,Open,09-04-2026,09-11-2026,True,SPE4A6-26-T-26SS,False,True,7017272651: See Solicitation; 7017272651: 18,,downloaded
SPE4A626T26QT,https://www.dibbs.bsm.dla.mil/RFQ/RFQRec.aspx?sn=SPE4A626T26QT,200,20260930T195149Z,data\dibbs_status\status_20260930T191011Z\pages\SPE4A626T26QT.html,Open,Open,09-04-2026,09-11-2026,True,SPE4A6-26-T-26QT,False,True,7018194839: 6,,downloaded
SPE4A626T26PD,https://www.dibbs.bsm.dla.mil/RFQ/RFQRec.aspx?sn=SPE4A626T26PD,200,20260930T195153Z,data\dibbs_status\status_20260930T191011Z\pages\SPE4A626T26PD.html,Open,Open,09-04-2026,09-11-2026,True,SPE4A6-26-T-26PD,False,True,7017529361: 9,,downloaded
SPE4A626T25TL,https://www.dibbs.bsm.dla.mil/RFQ/RFQRec.aspx?sn=SPE4A626T25TL,200,20260930T195158Z,data\dibbs_status\status_20260930T191011Z\pages\SPE4A626T25TL.html,Open,Open,09-02-2026,09-09-2026,True,SPE4A6-26-T-25TL,False,True,7017837761: See Solicitation; 7017837761: 4,,downloaded
SPE7L426T6629,https://www.dibbs.bsm.dla.mil/RFQ/RFQRec.aspx?sn=SPE7L426T6629,200,20260930T195202Z,data\dibbs_status\status_20260930T191011Z\pages\SPE7L426T6629.html,Open,Open,08-28-2026,09-08-2026,True,SPE7L4-26-T-6629,False,True,7018068157: 11,,downloaded
SPE7L526T5200,https://www.dibbs.bsm.dla.mil/RFQ/RFQRec.aspx?sn=SPE7L526T5200,200,20260930T195205Z,data\dibbs_status\status_20260930T191011Z\pages\SPE7L526T5200.html,Open,Open,08-27-2026,09-08-2026,True,SPE7L5-26-T-5200,False,True,7017777215: See Solicitation; 7017777215: 2,,downloaded
SPE4A626T17DX,https://www.dibbs.bsm.dla.mil/RFQ/RFQRec.aspx?sn=SPE4A626T17DX,200,20260930T195209Z,data\dibbs_status\status_20260930T191011Z\pages\SPE4A626T17DX.html,Open,Open,08-17-2026,08-28-2026,True,SPE4A6-26-T-17DX,False,True,7017868247: 2,,downloaded
SPE4A626T22QY,https://www.dibbs.bsm.dla.mil/RFQ/RFQRec.aspx?sn=SPE4A626T22QY,200,20260930T195213Z,data\dibbs_status\status_20260930T191011Z\pages\SPE4A626T22QY.html,Open,Open,08-27-2026,09-03-2026,True,SPE4A6-26-T-22QY,False,True,7017740930: 46,,downloaded
SPE4A626T22NG,https://www.dibbs.bsm.dla.mil/RFQ/RFQRec.aspx?sn=SPE4A626T22NG,200,20260930T195216Z,data\dibbs_status\status_20260930T191011Z\pages\SPE4A626T22NG.html,Open,Open,08-26-2026,09-02-2026,True,SPE4A6-26-T-22NG,False,True,7017940738: See Solicitation; 7017940738: 2,,downloaded
SPE4A626T22ND,https://www.dibbs.bsm.dla.mil/RFQ/RFQRec.aspx?sn=SPE4A626T22ND,200,20260930T195220Z,data\dibbs_status\status_20260930T191011Z\pages\SPE4A626T22ND.html,Open,Open,08-26-2026,09-02-2026,True,SPE4A6-26-T-22ND,False,True,7017698084: 2,,downloaded
SPE4A626T22HS,https://www.dibbs.bsm.dla.mil/RFQ/RFQRec.aspx?sn=SPE4A626T22HS,200,20260930T195224Z,data\dibbs_status\status_20260930T191011Z\pages\SPE4A626T22HS.html,Open,Open,08-26-2026,09-02-2026,True,SPE4A6-26-T-22HS,False,True,7014870284: See Solicitation; 7014870284: 36,,downloaded
SPE4A626T22GG,https://www.dibbs.bsm.dla.mil/RFQ/RFQRec.aspx?sn=SPE4A626T22GG,200,20260930T195229Z,data\dibbs_status\status_20260930T191011Z\pages\SPE4A626T22GG.html,Open,Open,08-26-2026,09-02-2026,True,SPE4A6-26-T-22GG,False,True,7017486289: 10,,downloaded
SPE4A626T04WE,https://www.dibbs.bsm.dla.mil/RFQ/RFQRec.aspx?sn=SPE4A626T04WE,200,20260930T195232Z,data\dibbs_status\status_20260930T191011Z\pages\SPE4A626T04WE.html,Open,Open,07-09-2026,07-16-2026,True,SPE4A6-26-T-04WE,False,True,7017039385: 110,,downloaded
SPE4A726T221C,https://www.dibbs.bsm.dla.mil/RFQ/RFQRec.aspx?sn=SPE4A726T221C,200,20260930T195236Z,data\dibbs_status\status_20260930T191011Z\pages\SPE4A726T221C.html,Open,Open,04-08-2026,04-15-2026,True,SPE4A7-26-T-221C,False,True,7016227766: 2,,downloaded
SPE4A726T073A,https://www.dibbs.bsm.dla.mil/RFQ/RFQRec.aspx?sn=SPE4A726T073A,200,20260930T195240Z,data\dibbs_status\status_20260930T191011Z\pages\SPE4A726T073A.html,Open,Open,03-11-2026,03-18-2026,True,SPE4A7-26-T-073A,False,True,7015853240: 25,,downloaded
SPE4A726T066U,https://www.dibbs.bsm.dla.mil/RFQ/RFQRec.aspx?sn=SPE4A726T066U,200,20260930T195243Z,data\dibbs_status\status_20260930T191011Z\pages\SPE4A726T066U.html,Open,Open,03-11-2026,03-18-2026,True,SPE4A7-26-T-066U,False,True,7015853770: See Solicitation; 7015853770: 5,,downloaded
SPE4A726T043E,https://www.dibbs.bsm.dla.mil/RFQ/RFQRec.aspx?sn=SPE4A726T043E,200,20260930T195247Z,data\dibbs_status\status_20260930T191011Z\pages\SPE4A726T043E.html,Open,Open,03-05-2026,03-12-2026,True,SPE4A7-26-T-043E,False,True,7015689295: 4,,downloaded
SPE4A626T95J9,https://www.dibbs.bsm.dla.mil/RFQ/RFQRec.aspx?sn=SPE4A626T95J9,200,20260930T195250Z,data\dibbs_status\status_20260930T191011Z\pages\SPE4A626T95J9.html,Open,Open,06-17-2026,06-24-2026,True,SPE4A6-26-T-95J9,False,True,7017200525: See Solicitation; 7017200525: 31,,downloaded
SPE4A626T94P9,https://www.dibbs.bsm.dla.mil/RFQ/RFQRec.aspx?sn=SPE4A626T94P9,200,20260930T195254Z,data\dibbs_status\status_20260930T191011Z\pages\SPE4A626T94P9.html,Open,Open,06-17-2026,06-24-2026,True,SPE4A6-26-T-94P9,False,True,7017199443: See Solicitation; 7017199443: 22,,downloaded
SPE4A626T88D6,https://www.dibbs.bsm.dla.mil/RFQ/RFQRec.aspx?sn=SPE4A626T88D6,200,20260930T195257Z,data\dibbs_status\status_20260930T191011Z\pages\SPE4A626T88D6.html,Open,Open,06-12-2026,06-22-2026,True,SPE4A6-26-T-88D6,False,True,7017011083: See Solicitation; 7017011083: 18,,downloaded
SPE4A626T67F1,https://www.dibbs.bsm.dla.mil/RFQ/RFQRec.aspx?sn=SPE4A626T67F1,200,20260930T195301Z,data\dibbs_status\status_20260930T191011Z\pages\SPE4A626T67F1.html,Open,Open,05-21-2026,05-28-2026,True,SPE4A6-26-T-67F1,False,True,7016879251: 4,,downloaded
SPE4A626T637J,https://www.dibbs.bsm.dla.mil/RFQ/RFQRec.aspx?sn=SPE4A626T637J,200,20260930T195305Z,data\dibbs_status\status_20260930T191011Z\pages\SPE4A626T637J.html,Open,Open,02-06-2026,02-13-2026,True,SPE4A6-26-T-637J,False,True,7015403560: 2,,downloaded
SPE4A626T59C0,https://www.dibbs.bsm.dla.mil/RFQ/RFQRec.aspx?sn=SPE4A626T59C0,200,20260930T195308Z,data\dibbs_status\status_20260930T191011Z\pages\SPE4A626T59C0.html,Open,Open,05-18-2026,05-26-2026,True,SPE4A6-26-T-59C0,False,True,7016799010: 17,,downloaded
SPE4A626T549S,https://www.dibbs.bsm.dla.mil/RFQ/RFQRec.aspx?sn=SPE4A626T549S,200,20260930T195313Z,data\dibbs_status\status_20260930T191011Z\pages\SPE4A626T549S.html,Open,Open,01-23-2026,01-30-2026,True,SPE4A6-26-T-549S,False,True,7014384092: See Solicitation; 7014384092: 57,,downloaded
SPE4A626T512F,https://www.dibbs.bsm.dla.mil/RFQ/RFQRec.aspx?sn=SPE4A626T512F,200,20260930T195317Z,data\dibbs_status\status_20260930T191011Z\pages\SPE4A626T512F.html,Open,Open,01-20-2026,01-27-2026,True,SPE4A6-26-T-512F,False,True,7014382170: See Solicitation; 7014382170: 2,,downloaded
SPE4A626T44X9,https://www.dibbs.bsm.dla.mil/RFQ/RFQRec.aspx?sn=SPE4A626T44X9,200,20260930T195321Z,data\dibbs_status\status_20260930T191011Z\pages\SPE4A626T44X9.html,Open,Open,05-06-2026,05-13-2026,True,SPE4A6-26-T-44X9,False,True,7016647193: See Solicitation; 7016647193: 3,,downloaded
SPE4A626T19HK,https://www.dibbs.bsm.dla.mil/RFQ/RFQRec.aspx?sn=SPE4A626T19HK,200,20260930T195325Z,data\dibbs_status\status_20260930T191011Z\pages\SPE4A626T19HK.html,Open,Open,08-19-2026,08-26-2026,True,SPE4A6-26-T-19HK,False,True,7017939806: See Solicitation; 7017939806: 12,,downloaded
SPE4A626T15ST,https://www.dibbs.bsm.dla.mil/RFQ/RFQRec.aspx?sn=SPE4A626T15ST,200,20260930T195329Z,data\dibbs_status\status_20260930T191011Z\pages\SPE4A626T15ST.html,Open,Open,08-12-2026,08-19-2026,True,SPE4A6-26-T-15ST,False,True,7017838324: See Solicitation; 7017838324: 82,,downloaded
SPE4A626T15LX,https://www.dibbs.bsm.dla.mil/RFQ/RFQRec.aspx?sn=SPE4A626T15LX,200,20260930T195333Z,data\dibbs_status\status_20260930T191011Z\pages\SPE4A626T15LX.html,Open,Open,08-12-2026,08-19-2026,True,SPE4A6-26-T-15LX,False,True,7017838977: See Solicitation; 7017838977: 10,,downloaded
SPE4A626T20QD,https://www.dibbs.bsm.dla.mil/RFQ/RFQRec.aspx?sn=SPE4A626T20QD,200,20260930T195338Z,data\dibbs_status\status_20260930T191011Z\pages\SPE4A626T20QD.html,Open,Open,08-20-2026,08-27-2026,True,SPE4A6-26-T-20QD,False,True,7017939619: See Solicitation; 7017939619: 14,,downloaded
SPE4A626T01QF,https://www.dibbs.bsm.dla.mil/RFQ/RFQRec.aspx?sn=SPE4A626T01QF,200,20260930T195341Z,data\dibbs_status\status_20260930T191011Z\pages\SPE4A626T01QF.html,Open,Open,06-29-2026,07-06-2026,True,SPE4A6-26-T-01QF,False,True,7017272541: See Solicitation; 7017272541: 5,,downloaded
SPE4A726T244U,https://www.dibbs.bsm.dla.mil/RFQ/RFQRec.aspx?sn=SPE4A726T244U,200,20260930T195345Z,data\dibbs_status\status_20260930T191011Z\pages\SPE4A726T244U.html,Open,Open,04-14-2026,04-21-2026,True,SPE4A7-26-T-244U,False,True,7016285417: See Solicitation; 7016285417: 98,,downloaded
SPE4A626T98H1,https://www.dibbs.bsm.dla.mil/RFQ/RFQRec.aspx?sn=SPE4A626T98H1,200,20260930T195349Z,data\dibbs_status\status_20260930T191011Z\pages\SPE4A626T98H1.html,Open,Open,06-22-2026,06-29-2026,True,SPE4A6-26-T-98H1,False,True,7017147884: See Solicitation; 7017147884: 105,,downloaded
SPE4A626T88U0,https://www.dibbs.bsm.dla.mil/RFQ/RFQRec.aspx?sn=SPE4A626T88U0,200,20260930T195352Z,data\dibbs_status\status_20260930T191011Z\pages\SPE4A626T88U0.html,Open,Open,06-12-2026,06-22-2026,True,SPE4A6-26-T-88U0,False,True,7016294042: See Solicitation; 7016294042: 4,,downloaded
SPE4A626T84Z3,https://www.dibbs.bsm.dla.mil/RFQ/RFQRec.aspx?sn=SPE4A626T84Z3,200,20260930T195356Z,data\dibbs_status\status_20260930T191011Z\pages\SPE4A626T84Z3.html,Open,Open,06-10-2026,06-17-2026,True,SPE4A6-26-T-84Z3,False,True,7017107963: See Solicitation; 7017107963: 2,,downloaded
SPE7L426T3239,https://www.dibbs.bsm.dla.mil/RFQ/RFQRec.aspx?sn=SPE7L426T3239,200,20260930T195400Z,data\dibbs_status\status_20260930T191011Z\pages\SPE7L426T3239.html,Open,Open,03-23-2026,04-02-2026,True,SPE7L4-26-T-3239,False,True,7015697306: See Solicitation; 7015697306: 6,,downloaded
SPE4A126T1682,https://www.dibbs.bsm.dla.mil/RFQ/RFQRec.aspx?sn=SPE4A126T1682,200,20260930T195403Z,data\dibbs_status\status_20260930T191011Z\pages\SPE4A126T1682.html,Open,Open,03-18-2026,03-30-2026,True,SPE4A1-26-T-1682,False,True,0080394037: 36,,downloaded
SPE4A626T74Q2,https://www.dibbs.bsm.dla.mil/RFQ/RFQRec.aspx?sn=SPE4A626T74Q2,200,20260930T195407Z,data\dibbs_status\status_20260930T191011Z\pages\SPE4A626T74Q2.html,Open,Open,06-01-2026,06-08-2026,True,SPE4A6-26-T-74Q2,False,True,7016751753: See Solicitation; 7016751753: 32,,downloaded
SPE4A626T69S4,https://www.dibbs.bsm.dla.mil/RFQ/RFQRec.aspx?sn=SPE4A626T69S4,200,20260930T195412Z,data\dibbs_status\status_20260930T191011Z\pages\SPE4A626T69S4.html,Open,Open,05-22-2026,05-29-2026,True,SPE4A6-26-T-69S4,False,True,7016878816: See Solicitation; 7016878816: 4,,downloaded
SPE4A626T621J,https://www.dibbs.bsm.dla.mil/RFQ/RFQRec.aspx?sn=SPE4A626T621J,200,20260930T195415Z,data\dibbs_status\status_20260930T191011Z\pages\SPE4A626T621J.html,Open,Open,02-03-2026,02-10-2026,True,SPE4A6-26-T-621J,False,True,7015213350: 4,,downloaded
SPE4A626T12CU,https://www.dibbs.bsm.dla.mil/RFQ/RFQRec.aspx?sn=SPE4A626T12CU,200,20260930T195419Z,data\dibbs_status\status_20260930T191011Z\pages\SPE4A626T12CU.html,Open,Open,08-05-2026,08-12-2026,True,SPE4A6-26-T-12CU,False,True,7017741924: 8,,downloaded
SPE4A626T10DZ,https://www.dibbs.bsm.dla.mil/RFQ/RFQRec.aspx?sn=SPE4A626T10DZ,200,20260930T195423Z,data\dibbs_status\status_20260930T191011Z\pages\SPE4A626T10DZ.html,Open,Open,07-29-2026,08-05-2026,True,SPE4A6-26-T-10DZ,False,True,7017662722: 12,,downloaded
SPE4A626T08VN,https://www.dibbs.bsm.dla.mil/RFQ/RFQRec.aspx?sn=SPE4A626T08VN,200,20260930T195426Z,data\dibbs_status\status_20260930T191011Z\pages\SPE4A626T08VN.html,Open,Open,07-22-2026,07-29-2026,True,SPE4A6-26-T-08VN,False,True,7017571644: See Solicitation; 7017571644: 19,,downloaded
SPE4A726T262A,https://www.dibbs.bsm.dla.mil/RFQ/RFQRec.aspx?sn=SPE4A726T262A,200,20260930T195430Z,data\dibbs_status\status_20260930T191011Z\pages\SPE4A726T262A.html,Open,Open,04-17-2026,04-24-2026,True,SPE4A7-26-T-262A,False,True,7016337538: See Solicitation; 7016337538: 21,,downloaded
SPE4A726T111C,https://www.dibbs.bsm.dla.mil/RFQ/RFQRec.aspx?sn=SPE4A726T111C,200,20260930T195434Z,data\dibbs_status\status_20260930T191011Z\pages\SPE4A726T111C.html,Open,Open,03-18-2026,03-25-2026,True,SPE4A7-26-T-111C,False,True,7015876812: 1,,downloaded
SPE4A726T103R,https://www.dibbs.bsm.dla.mil/RFQ/RFQRec.aspx?sn=SPE4A726T103R,200,20260930T195438Z,data\dibbs_status\status_20260930T191011Z\pages\SPE4A726T103R.html,Open,Open,03-18-2026,03-25-2026,True,SPE4A7-26-T-103R,False,True,7015956152: See Solicitation; 7015956152: 2,,downloaded
SPE4A626U2555,https://www.dibbs.bsm.dla.mil/RFQ/RFQRec.aspx?sn=SPE4A626U2555,200,20260930T195442Z,data\dibbs_status\status_20260930T191011Z\pages\SPE4A626U2555.html,Open,Open,04-09-2026,04-28-2026,True,SPE4A6-26-U-2555,False,True,1000229518: 1,,downloaded
SPE4A626T95N8,https://www.dibbs.bsm.dla.mil/RFQ/RFQRec.aspx?sn=SPE4A626T95N8,200,20260930T195447Z,data\dibbs_status\status_20260930T191011Z\pages\SPE4A626T95N8.html,Open,Open,06-17-2026,06-24-2026,True,SPE4A6-26-T-95N8,False,True,7017200602: See Solicitation; 7017200602: 1,,downloaded
SPE4A626T831M,https://www.dibbs.bsm.dla.mil/RFQ/RFQRec.aspx?sn=SPE4A626T831M,200,20260930T195451Z,data\dibbs_status\status_20260930T191011Z\pages\SPE4A626T831M.html,Open,Open,02-26-2026,03-05-2026,True,SPE4A6-26-T-831M,False,True,7015657021: See Solicitation; 7015657021: 4,,downloaded
SPE4A626T81P6,https://www.dibbs.bsm.dla.mil/RFQ/RFQRec.aspx?sn=SPE4A626T81P6,200,20260930T195457Z,data\dibbs_status\status_20260930T191011Z\pages\SPE4A626T81P6.html,Open,Open,06-05-2026,06-12-2026,True,SPE4A6-26-T-81P6,False,True,7017060369: See Solicitation; 7017060369: 17,,downloaded
SPE4A626T52M5,https://www.dibbs.bsm.dla.mil/RFQ/RFQRec.aspx?sn=SPE4A626T52M5,200,20260930T195501Z,data\dibbs_status\status_20260930T191011Z\pages\SPE4A626T52M5.html,Open,Open,05-13-2026,05-20-2026,True,SPE4A6-26-T-52M5,False,True,7016753168: See Solicitation; 7016753168: 22,,downloaded
SPE4A626T491G,https://www.dibbs.bsm.dla.mil/RFQ/RFQRec.aspx?sn=SPE4A626T491G,200,20260930T195506Z,data\dibbs_status\status_20260930T191011Z\pages\SPE4A626T491G.html,Open,Open,01-14-2026,01-21-2026,True,SPE4A6-26-T-491G,False,True,7015050348: See Solicitation; 7015050348: 15,,downloaded
SPE4A626T36G0,https://www.dibbs.bsm.dla.mil/RFQ/RFQRec.aspx?sn=SPE4A626T36G0,200,20260930T195510Z,data\dibbs_status\status_20260930T191011Z\pages\SPE4A626T36G0.html,Open,Open,04-27-2026,05-04-2026,True,SPE4A6-26-T-36G0,False,True,7016439220: 11,,downloaded
SPE4A626T15YM,https://www.dibbs.bsm.dla.mil/RFQ/RFQRec.aspx?sn=SPE4A626T15YM,200,20260930T195514Z,data\dibbs_status\status_20260930T191011Z\pages\SPE4A626T15YM.html,Open,Open,08-13-2026,08-20-2026,True,SPE4A6-26-T-15YM,False,True,7016753861: See Solicitation; 7016753861: 22,,downloaded
SPE4A626T13PV,https://www.dibbs.bsm.dla.mil/RFQ/RFQRec.aspx?sn=SPE4A626T13PV,200,20260930T195517Z,data\dibbs_status\status_20260930T191011Z\pages\SPE4A626T13PV.html,Open,Open,08-06-2026,08-18-2026,True,SPE4A6-26-T-13PV,False,True,7017695697: 2,,downloaded
SPE4A626T09KX,https://www.dibbs.bsm.dla.mil/RFQ/RFQRec.aspx?sn=SPE4A626T09KX,200,20260930T195521Z,data\dibbs_status\status_20260930T191011Z\pages\SPE4A626T09KX.html,Open,Open,07-24-2026,07-31-2026,True,SPE4A6-26-T-09KX,False,True,7016048839: See Solicitation; 7016048839: 2,,downloaded
SPE4A626T07KK,https://www.dibbs.bsm.dla.mil/RFQ/RFQRec.aspx?sn=SPE4A626T07KK,200,20260930T195525Z,data\dibbs_status\status_20260930T191011Z\pages\SPE4A626T07KK.html,Open,Open,07-17-2026,07-24-2026,True,SPE4A6-26-T-07KK,False,True,7017487649: See Solicitation; 7017487649: 12,,downloaded
SPE4A726T620R,https://www.dibbs.bsm.dla.mil/RFQ/RFQRec.aspx?sn=SPE4A726T620R,200,20260930T195528Z,data\dibbs_status\status_20260930T191011Z\pages\SPE4A726T620R.html,Open,Open,08-06-2026,08-13-2026,True,SPE4A7-26-T-620R,False,True,7017409180: 20,,downloaded
SPE4A626T03WD,https://www.dibbs.bsm.dla.mil/RFQ/RFQRec.aspx?sn=SPE4A626T03WD,200,20260930T195532Z,data\dibbs_status\status_20260930T191011Z\pages\SPE4A626T03WD.html,Open,Open,07-08-2026,07-15-2026,True,SPE4A6-26-T-03WD,False,True,7017408410: See Solicitation; 7017408410: 13,,downloaded
SPE4A626T60Q5,https://www.dibbs.bsm.dla.mil/RFQ/RFQRec.aspx?sn=SPE4A626T60Q5,200,20260930T195536Z,data\dibbs_status\status_20260930T191011Z\pages\SPE4A626T60Q5.html,Open,Open,05-19-2026,05-26-2026,True,SPE4A6-26-T-60Q5,False,True,7016438543: See Solicitation; 7016438543: 2,,downloaded
SPE4A626T57H3,https://www.dibbs.bsm.dla.mil/RFQ/RFQRec.aspx?sn=SPE4A626T57H3,200,20260930T195539Z,data\dibbs_status\status_20260930T191011Z\pages\SPE4A626T57H3.html,Open,Open,05-15-2026,05-22-2026,True,SPE4A6-26-T-57H3,False,True,7015537819: 3,,downloaded
SPE4A626T571K,https://www.dibbs.bsm.dla.mil/RFQ/RFQRec.aspx?sn=SPE4A626T571K,200,20260930T195543Z,data\dibbs_status\status_20260930T191011Z\pages\SPE4A626T571K.html,Open,Open,01-26-2026,02-02-2026,True,SPE4A6-26-T-571K,False,True,7015211921: See Solicitation; 7015211921: 9,,downloaded
SPE4A626T15VS,https://www.dibbs.bsm.dla.mil/RFQ/RFQRec.aspx?sn=SPE4A626T15VS,200,20260930T195546Z,data\dibbs_status\status_20260930T191011Z\pages\SPE4A626T15VS.html,Open,Open,08-13-2026,08-20-2026,True,SPE4A6-26-T-15VS,False,True,7017838785: See Solicitation; 7017838785: 51,,downloaded
SPE4A626T12FM,https://www.dibbs.bsm.dla.mil/RFQ/RFQRec.aspx?sn=SPE4A626T12FM,200,20260930T195550Z,data\dibbs_status\status_20260930T191011Z\pages\SPE4A626T12FM.html,Open,Open,08-05-2026,08-12-2026,True,SPE4A6-26-T-12FM,False,True,7017740968: See Solicitation; 7017740968: 13,,downloaded
SPE4A626T11CA,https://www.dibbs.bsm.dla.mil/RFQ/RFQRec.aspx?sn=SPE4A626T11CA,200,20260930T195554Z,data\dibbs_status\status_20260930T191011Z\pages\SPE4A626T11CA.html,Open,Open,08-03-2026,08-10-2026,True,SPE4A6-26-T-11CA,False,True,7017697267: 6,,downloaded
SPE4A626T10XZ,https://www.dibbs.bsm.dla.mil/RFQ/RFQRec.aspx?sn=SPE4A626T10XZ,200,20260930T195558Z,data\dibbs_status\status_20260930T191011Z\pages\SPE4A626T10XZ.html,Open,Open,07-31-2026,08-07-2026,True,SPE4A6-26-T-10XZ,False,True,7017696977: See Solicitation; 7017696977: 2,,downloaded
SPE4A726T188B,https://www.dibbs.bsm.dla.mil/RFQ/RFQRec.aspx?sn=SPE4A726T188B,200,20260930T195602Z,data\dibbs_status\status_20260930T191011Z\pages\SPE4A726T188B.html,Open,Open,04-02-2026,04-09-2026,True,SPE4A7-26-T-188B,False,True,7015658490: See Solicitation; 7015658490: 14,,downloaded
SPE4A726T026V,https://www.dibbs.bsm.dla.mil/RFQ/RFQRec.aspx?sn=SPE4A726T026V,200,20260930T195607Z,data\dibbs_status\status_20260930T191011Z\pages\SPE4A726T026V.html,Open,Open,02-27-2026,03-06-2026,True,SPE4A7-26-T-026V,False,True,7015689296: 1,,downloaded
SPE4A626T60Q7,https://www.dibbs.bsm.dla.mil/RFQ/RFQRec.aspx?sn=SPE4A626T60Q7,200,20260930T195611Z,data\dibbs_status\status_20260930T191011Z\pages\SPE4A626T60Q7.html,Open,Open,05-19-2026,05-26-2026,True,SPE4A6-26-T-60Q7,False,True,7016244096: See Solicitation; 7016244096: 15,,downloaded
SPE4A626T571P,https://www.dibbs.bsm.dla.mil/RFQ/RFQRec.aspx?sn=SPE4A626T571P,200,20260930T195616Z,data\dibbs_status\status_20260930T191011Z\pages\SPE4A626T571P.html,Open,Open,01-26-2026,02-02-2026,True,SPE4A6-26-T-571P,False,True,7015246467: See Solicitation; 7015246467: 26,,downloaded
SPE4A626T488Y,https://www.dibbs.bsm.dla.mil/RFQ/RFQRec.aspx?sn=SPE4A626T488Y,200,20260930T195620Z,data\dibbs_status\status_20260930T191011Z\pages\SPE4A626T488Y.html,Open,Open,01-14-2026,01-21-2026,True,SPE4A6-26-T-488Y,False,True,7015054119: See Solicitation; 7015054119: 10,,downloaded
SPE4A626T41C0,https://www.dibbs.bsm.dla.mil/RFQ/RFQRec.aspx?sn=SPE4A626T41C0,200,20260930T195624Z,data\dibbs_status\status_20260930T191011Z\pages\SPE4A626T41C0.html,Open,Open,05-04-2026,05-14-2026,True,SPE4A6-26-T-41C0,False,True,7015905833: 1,,downloaded
SPE4A626T17KL,https://www.dibbs.bsm.dla.mil/RFQ/RFQRec.aspx?sn=SPE4A626T17KL,200,20260930T195628Z,data\dibbs_status\status_20260930T191011Z\pages\SPE4A626T17KL.html,Open,Open,08-17-2026,08-24-2026,True,SPE4A6-26-T-17KL,False,True,7017809732: 1,,downloaded
SPE4A626T16LA,https://www.dibbs.bsm.dla.mil/RFQ/RFQRec.aspx?sn=SPE4A626T16LA,200,20260930T195631Z,data\dibbs_status\status_20260930T191011Z\pages\SPE4A626T16LA.html,Open,Open,08-13-2026,08-20-2026,True,SPE4A6-26-T-16LA,False,True,7017868529: 8,,downloaded
SPE4A626T15HV,https://www.dibbs.bsm.dla.mil/RFQ/RFQRec.aspx?sn=SPE4A626T15HV,200,20260930T195634Z,data\dibbs_status\status_20260930T191011Z\pages\SPE4A626T15HV.html,Open,Open,08-12-2026,08-19-2026,True,SPE4A6-26-T-15HV,False,True,7017836899: 56,,downloaded
SPE4A626T12HY,https://www.dibbs.bsm.dla.mil/RFQ/RFQRec.aspx?sn=SPE4A626T12HY,200,20260930T195638Z,data\dibbs_status\status_20260930T191011Z\pages\SPE4A626T12HY.html,Open,Open,08-05-2026,08-12-2026,True,SPE4A6-26-T-12HY,False,True,7017741005: See Solicitation; 7017741005: 5,,downloaded
SPE4A626T05UF,https://www.dibbs.bsm.dla.mil/RFQ/RFQRec.aspx?sn=SPE4A626T05UF,200,20260930T195642Z,data\dibbs_status\status_20260930T191011Z\pages\SPE4A626T05UF.html,Open,Open,07-14-2026,07-21-2026,True,SPE4A6-26-T-05UF,False,True,7017409391: See Solicitation; 7017409391: 30,,downloaded
SPE4A726T111V,https://www.dibbs.bsm.dla.mil/RFQ/RFQRec.aspx?sn=SPE4A726T111V,200,20260930T195646Z,data\dibbs_status\status_20260930T191011Z\pages\SPE4A726T111V.html,Open,Open,03-18-2026,03-25-2026,True,SPE4A7-26-T-111V,False,True,7015954846: 17,,downloaded
SPE4A726T061Q,https://www.dibbs.bsm.dla.mil/RFQ/RFQRec.aspx?sn=SPE4A726T061Q,200,20260930T195651Z,data\dibbs_status\status_20260930T191011Z\pages\SPE4A726T061Q.html,Open,Open,03-11-2026,03-18-2026,True,SPE4A7-26-T-061Q,False,True,7015854934: See Solicitation; 7015854934: 34,,downloaded
SPE4A626T98H7,https://www.dibbs.bsm.dla.mil/RFQ/RFQRec.aspx?sn=SPE4A626T98H7,200,20260930T195655Z,data\dibbs_status\status_20260930T191011Z\pages\SPE4A626T98H7.html,Open,Open,06-22-2026,06-29-2026,True,SPE4A6-26-T-98H7,False,True,7017109164: See Solicitation; 7017109164: 1,,downloaded
SPE4A626T97S4,https://www.dibbs.bsm.dla.mil/RFQ/RFQRec.aspx?sn=SPE4A626T97S4,200,20260930T195700Z,data\dibbs_status\status_20260930T191011Z\pages\SPE4A626T97S4.html,Open,Open,06-18-2026,06-30-2026,True,SPE4A6-26-T-97S4,False,True,7017226376: 6,,downloaded
SPE4A626T96Y4,https://www.dibbs.bsm.dla.mil/RFQ/RFQRec.aspx?sn=SPE4A626T96Y4,200,20260930T195704Z,data\dibbs_status\status_20260930T191011Z\pages\SPE4A626T96Y4.html,Open,Open,06-18-2026,06-25-2026,True,SPE4A6-26-T-96Y4,False,True,7017227540: See Solicitation; 7017227540: 5,,downloaded
SPE7L426T2972,https://www.dibbs.bsm.dla.mil/RFQ/RFQRec.aspx?sn=SPE7L426T2972,200,20260930T195709Z,data\dibbs_status\status_20260930T191011Z\pages\SPE7L426T2972.html,Open,Open,03-10-2026,03-20-2026,True,SPE7L4-26-T-2972,False,True,7015698915: See Solicitation; 7015698915: 50,,downloaded
SPE4A626T721X,https://www.dibbs.bsm.dla.mil/RFQ/RFQRec.aspx?sn=SPE4A626T721X,200,20260930T195712Z,data\dibbs_status\status_20260930T191011Z\pages\SPE4A626T721X.html,Open,Open,02-18-2026,02-25-2026,True,SPE4A6-26-T-721X,False,True,7015246214: 2,,downloaded
SPE7L326T150D,https://www.dibbs.bsm.dla.mil/RFQ/RFQRec.aspx?sn=SPE7L326T150D,200,20260930T195716Z,data\dibbs_status\status_20260930T191011Z\pages\SPE7L326T150D.html,Open,Open,08-06-2026,08-17-2026,True,SPE7L3-26-T-150D,False,True,7017573895: 8,,downloaded
SPE4A626T59Z9,https://www.dibbs.bsm.dla.mil/RFQ/RFQRec.aspx?sn=SPE4A626T59Z9,200,20260930T195720Z,data\dibbs_status\status_20260930T191011Z\pages\SPE4A626T59Z9.html,Open,Open,05-19-2026,05-26-2026,True,SPE4A6-26-T-59Z9,False,True,7016811358: 3,,downloaded
SPE4A626T456Z,https://www.dibbs.bsm.dla.mil/RFQ/RFQRec.aspx?sn=SPE4A626T456Z,200,20260930T195724Z,data\dibbs_status\status_20260930T191011Z\pages\SPE4A626T456Z.html,Open,Open,01-09-2026,01-16-2026,True,SPE4A6-26-T-456Z,False,True,7014383558: See Solicitation; 7014383558: 3,,downloaded
SPE4A626T15ZG,https://www.dibbs.bsm.dla.mil/RFQ/RFQRec.aspx?sn=SPE4A626T15ZG,200,20260930T195729Z,data\dibbs_status\status_20260930T191011Z\pages\SPE4A626T15ZG.html,Open,Open,08-13-2026,08-20-2026,True,SPE4A6-26-T-15ZG,False,True,7017864757: See Solicitation; 7017864757: 2,,downloaded
SPE4A626T18SA,https://www.dibbs.bsm.dla.mil/RFQ/RFQRec.aspx?sn=SPE4A626T18SA,200,20260930T195733Z,data\dibbs_status\status_20260930T191011Z\pages\SPE4A626T18SA.html,Open,Open,08-18-2026,08-25-2026,True,SPE4A6-26-T-18SA,False,True,7016753816: See Solicitation; 7016753816: 4,,downloaded
SPE4A726T095U,https://www.dibbs.bsm.dla.mil/RFQ/RFQRec.aspx?sn=SPE4A726T095U,200,20260930T195737Z,data\dibbs_status\status_20260930T191011Z\pages\SPE4A726T095U.html,Open,Open,03-17-2026,03-24-2026,True,SPE4A7-26-T-095U,False,True,7015765954: See Solicitation; 7015765954: 1,,downloaded
SPE4A726T043F,https://www.dibbs.bsm.dla.mil/RFQ/RFQRec.aspx?sn=SPE4A726T043F,200,20260930T195741Z,data\dibbs_status\status_20260930T191011Z\pages\SPE4A726T043F.html,Open,Open,03-05-2026,03-17-2026,True,SPE4A7-26-T-043F,False,True,7015746430: 17,,downloaded
SPE4A626T95A4,https://www.dibbs.bsm.dla.mil/RFQ/RFQRec.aspx?sn=SPE4A626T95A4,200,20260930T195744Z,data\dibbs_status\status_20260930T191011Z\pages\SPE4A626T95A4.html,Open,Open,06-17-2026,06-24-2026,True,SPE4A6-26-T-95A4,False,True,7017204504: 2,,downloaded
SPE4A626T69M7,https://www.dibbs.bsm.dla.mil/RFQ/RFQRec.aspx?sn=SPE4A626T69M7,200,20260930T195748Z,data\dibbs_status\status_20260930T191011Z\pages\SPE4A626T69M7.html,Open,Open,05-22-2026,05-29-2026,True,SPE4A6-26-T-69M7,False,True,7016879984: See Solicitation; 7016879984: 15,,downloaded
SPE4A626T613H,https://www.dibbs.bsm.dla.mil/RFQ/RFQRec.aspx?sn=SPE4A626T613H,200,20260930T195752Z,data\dibbs_status\status_20260930T191011Z\pages\SPE4A626T613H.html,Open,Open,01-30-2026,02-06-2026,True,SPE4A6-26-T-613H,False,True,7015246441: See Solicitation; 7015246441: 17,,downloaded
SPE4A726T042J,https://www.dibbs.bsm.dla.mil/RFQ/RFQRec.aspx?sn=SPE4A726T042J,200,20260930T195756Z,data\dibbs_status\status_20260930T191011Z\pages\SPE4A726T042J.html,Open,Open,03-05-2026,03-12-2026,True,SPE4A7-26-T-042J,False,True,7014631023: See Solicitation; 7014631023: 2,,downloaded
SPE4A726T022V,https://www.dibbs.bsm.dla.mil/RFQ/RFQRec.aspx?sn=SPE4A726T022V,200,20260930T195759Z,data\dibbs_status\status_20260930T191011Z\pages\SPE4A726T022V.html,Open,Open,02-26-2026,03-10-2026,True,SPE4A7-26-T-022V,False,True,7015689079: 3,,downloaded
SPE4A626T98C4,https://www.dibbs.bsm.dla.mil/RFQ/RFQRec.aspx?sn=SPE4A626T98C4,200,20260930T195803Z,data\dibbs_status\status_20260930T191011Z\pages\SPE4A626T98C4.html,Open,Open,06-18-2026,06-25-2026,True,SPE4A6-26-T-98C4,False,True,7016990194: See Solicitation; 7016990194: 17,,downloaded
SPE4A626T88W2,https://www.dibbs.bsm.dla.mil/RFQ/RFQRec.aspx?sn=SPE4A626T88W2,200,20260930T195807Z,data\dibbs_status\status_20260930T191011Z\pages\SPE4A626T88W2.html,Open,Open,06-12-2026,06-22-2026,True,SPE4A6-26-T-88W2,False,True,7015501550: See Solicitation; 7015501550: 2,,downloaded
SPE4A626T81V8,https://www.dibbs.bsm.dla.mil/RFQ/RFQRec.aspx?sn=SPE4A626T81V8,200,20260930T195811Z,data\dibbs_status\status_20260930T191011Z\pages\SPE4A626T81V8.html,Open,Open,06-08-2026,06-15-2026,True,SPE4A6-26-T-81V8,False,True,7016849239: See Solicitation; 7016849239: 14,,downloaded
SPE4A626T559A,https://www.dibbs.bsm.dla.mil/RFQ/RFQRec.aspx?sn=SPE4A626T559A,200,20260930T195814Z,data\dibbs_status\status_20260930T191011Z\pages\SPE4A626T559A.html,Open,Open,01-23-2026,01-30-2026,True,SPE4A6-26-T-559A,False,True,7015247883: See Solicitation; 7015247883: 14,,downloaded
SPE4A626T36F3,https://www.dibbs.bsm.dla.mil/RFQ/RFQRec.aspx?sn=SPE4A626T36F3,200,20260930T195818Z,data\dibbs_status\status_20260930T191011Z\pages\SPE4A626T36F3.html,Open,Open,04-27-2026,05-04-2026,True,SPE4A6-26-T-36F3,False,True,7016438250: See Solicitation; 7016438250: 10,,downloaded
SPE4A626T27T7,https://www.dibbs.bsm.dla.mil/RFQ/RFQRec.aspx?sn=SPE4A626T27T7,200,20260930T195822Z,data\dibbs_status\status_20260930T191011Z\pages\SPE4A626T27T7.html,Open,Open,04-22-2026,04-29-2026,True,SPE4A6-26-T-27T7,False,True,7016438254: See Solicitation; 7016438254: 5,,downloaded
SPE4A626T15VU,https://www.dibbs.bsm.dla.mil/RFQ/RFQRec.aspx?sn=SPE4A626T15VU,200,20260930T195826Z,data\dibbs_status\status_20260930T191011Z\pages\SPE4A626T15VU.html,Open,Open,08-13-2026,08-20-2026,True,SPE4A6-26-T-15VU,False,True,7017838927: See Solicitation; 7017838927: 11,,downloaded
SPE4A626T10ZE,https://www.dibbs.bsm.dla.mil/RFQ/RFQRec.aspx?sn=SPE4A626T10ZE,200,20260930T195829Z,data\dibbs_status\status_20260930T191011Z\pages\SPE4A626T10ZE.html,Open,Open,07-31-2026,08-07-2026,True,SPE4A6-26-T-10ZE,False,True,7017694833: 4,,downloaded
SPE4A626T08ZV,https://www.dibbs.bsm.dla.mil/RFQ/RFQRec.aspx?sn=SPE4A626T08ZV,200,20260930T195835Z,data\dibbs_status\status_20260930T191011Z\pages\SPE4A626T08ZV.html,Open,Open,07-23-2026,07-30-2026,True,SPE4A6-26-T-08ZV,False,True,7017572524: 5,,downloaded
SPE4A626T06HC,https://www.dibbs.bsm.dla.mil/RFQ/RFQRec.aspx?sn=SPE4A626T06HC,200,20260930T195840Z,data\dibbs_status\status_20260930T191011Z\pages\SPE4A626T06HC.html,Open,Open,07-15-2026,07-22-2026,True,SPE4A6-26-T-06HC,False,True,7017496412: 9,,downloaded
SPE4A626T06BU,https://www.dibbs.bsm.dla.mil/RFQ/RFQRec.aspx?sn=SPE4A626T06BU,200,20260930T195845Z,data\dibbs_status\status_20260930T191011Z\pages\SPE4A626T06BU.html,Open,Open,07-15-2026,07-22-2026,True,SPE4A6-26-T-06BU,False,True,7017487358: See Solicitation; 7017487358: 6,,downloaded
SPE8EF26T1604,https://www.dibbs.bsm.dla.mil/RFQ/RFQRec.aspx?sn=SPE8EF26T1604,200,20260930T195850Z,data\dibbs_status\status_20260930T191011Z\pages\SPE8EF26T1604.html,Open,Open,08-10-2026,08-20-2026,True,SPE8EF-26-T-1604,False,True,7017585479: 2,,downloaded
SPE4A626T19PC,https://www.dibbs.bsm.dla.mil/RFQ/RFQRec.aspx?sn=SPE4A626T19PC,200,20260930T195854Z,data\dibbs_status\status_20260930T191011Z\pages\SPE4A626T19PC.html,Open,Open,08-19-2026,08-26-2026,True,SPE4A6-26-T-19PC,False,True,7017940786: See Solicitation; 7017940786: 24,,downloaded
SPE4A026T4334,https://www.dibbs.bsm.dla.mil/RFQ/RFQRec.aspx?sn=SPE4A026T4334,200,20260930T195857Z,data\dibbs_status\status_20260930T191011Z\pages\SPE4A026T4334.html,Open,Open,08-19-2026,08-26-2026,True,SPE4A0-26-T-4334,False,True,7017861125: See Solicitation; 7017861125: 1,,downloaded
SPE7L326T9995,https://www.dibbs.bsm.dla.mil/RFQ/RFQRec.aspx?sn=SPE7L326T9995,200,20260930T195901Z,data\dibbs_status\status_20260930T191011Z\pages\SPE7L326T9995.html,Open,Open,05-08-2026,05-18-2026,True,SPE7L3-26-T-9995,False,True,7016691938: 17,,downloaded
SPE4A726T111J,https://www.dibbs.bsm.dla.mil/RFQ/RFQRec.aspx?sn=SPE4A726T111J,200,20260930T195905Z,data\dibbs_status\status_20260930T191011Z\pages\SPE4A726T111J.html,Open,Open,03-18-2026,03-30-2026,True,SPE4A7-26-T-111J,False,True,7015956014: 29,,downloaded
SPE4A726T091W,https://www.dibbs.bsm.dla.mil/RFQ/RFQRec.aspx?sn=SPE4A726T091W,200,20260930T195909Z,data\dibbs_status\status_20260930T191011Z\pages\SPE4A726T091W.html,Open,Open,03-16-2026,03-27-2026,True,SPE4A7-26-T-091W,False,True,7015905308: 9,,downloaded
SPE4A626U2873,https://www.dibbs.bsm.dla.mil/RFQ/RFQRec.aspx?sn=SPE4A626U2873,200,20260930T195912Z,data\dibbs_status\status_20260930T191011Z\pages\SPE4A626U2873.html,Open,Open,04-24-2026,05-13-2026,True,SPE4A6-26-U-2873,False,True,1000231105: 75,,downloaded
SPE4A726T438E,https://www.dibbs.bsm.dla.mil/RFQ/RFQRec.aspx?sn=SPE4A726T438E,200,20260930T195916Z,data\dibbs_status\status_20260930T191011Z\pages\SPE4A726T438E.html,Open,Open,06-02-2026,06-09-2026,True,SPE4A7-26-T-438E,False,True,7016645688: See Solicitation; 7016645688: See Solicitation; 7016645688: 33,,downloaded
SPE4A626T94B1,https://www.dibbs.bsm.dla.mil/RFQ/RFQRec.aspx?sn=SPE4A626T94B1,200,20260930T195920Z,data\dibbs_status\status_20260930T191011Z\pages\SPE4A626T94B1.html,Open,Open,06-17-2026,06-24-2026,True,SPE4A6-26-T-94B1,False,True,7017200535: See Solicitation; 7017200535: 49,,downloaded
SPE4A626T90F3,https://www.dibbs.bsm.dla.mil/RFQ/RFQRec.aspx?sn=SPE4A626T90F3,200,20260930T195923Z,data\dibbs_status\status_20260930T191011Z\pages\SPE4A626T90F3.html,Open,Open,06-15-2026,06-22-2026,True,SPE4A6-26-T-90F3,False,True,7017146835: See Solicitation; 7017146835: 76,,downloaded
SPE4A626T13UF,https://www.dibbs.bsm.dla.mil/RFQ/RFQRec.aspx?sn=SPE4A626T13UF,200,20260930T195927Z,data\dibbs_status\status_20260930T191011Z\pages\SPE4A626T13UF.html,Open,Open,08-06-2026,08-13-2026,True,SPE4A6-26-T-13UF,False,True,7017487223: See Solicitation; 7017487223: 19,,downloaded
SPE4A626T81S3,https://www.dibbs.bsm.dla.mil/RFQ/RFQRec.aspx?sn=SPE4A626T81S3,200,20260930T195931Z,data\dibbs_status\status_20260930T191011Z\pages\SPE4A626T81S3.html,Open,Open,06-05-2026,06-12-2026,True,SPE4A6-26-T-81S3,False,True,7017004664: 1,,downloaded
SPE4A626T636M,https://www.dibbs.bsm.dla.mil/RFQ/RFQRec.aspx?sn=SPE4A626T636M,200,20260930T195935Z,data\dibbs_status\status_20260930T191011Z\pages\SPE4A626T636M.html,Open,Open,02-06-2026,02-13-2026,True,SPE4A6-26-T-636M,False,True,7014381016: 4,,downloaded
SPE4A626T31D5,https://www.dibbs.bsm.dla.mil/RFQ/RFQRec.aspx?sn=SPE4A626T31D5,200,20260930T195938Z,data\dibbs_status\status_20260930T191011Z\pages\SPE4A626T31D5.html,Open,Open,04-23-2026,04-30-2026,True,SPE4A6-26-T-31D5,False,True,7016471184: See Solicitation; 7016471184: 11,,downloaded
SPE4A626T30S2,https://www.dibbs.bsm.dla.mil/RFQ/RFQRec.aspx?sn=SPE4A626T30S2,200,20260930T195943Z,data\dibbs_status\status_20260930T191011Z\pages\SPE4A626T30S2.html,Open,Open,04-23-2026,04-30-2026,True,SPE4A6-26-T-30S2,False,True,7016469374: See Solicitation; 7016469374: 11,,downloaded
SPE4A626T12SJ,https://www.dibbs.bsm.dla.mil/RFQ/RFQRec.aspx?sn=SPE4A626T12SJ,200,20260930T195948Z,data\dibbs_status\status_20260930T191011Z\pages\SPE4A626T12SJ.html,Open,Open,08-06-2026,08-13-2026,True,SPE4A6-26-T-12SJ,False,True,7017741000: See Solicitation; 7017741000: 1,,downloaded
SPE4A626T10TM,https://www.dibbs.bsm.dla.mil/RFQ/RFQRec.aspx?sn=SPE4A626T10TM,200,20260930T195953Z,data\dibbs_status\status_20260930T191011Z\pages\SPE4A626T10TM.html,Open,Open,07-31-2026,08-12-2026,True,SPE4A6-26-T-10TM,False,True,7017697269: 5,,downloaded
SPE4A626T07GY,https://www.dibbs.bsm.dla.mil/RFQ/RFQRec.aspx?sn=SPE4A626T07GY,200,20260930T195956Z,data\dibbs_status\status_20260930T191011Z\pages\SPE4A626T07GY.html,Open,Open,07-17-2026,07-24-2026,True,SPE4A6-26-T-07GY,False,True,7017527678: 5,,downloaded
SPE7L426T7255,https://www.dibbs.bsm.dla.mil/RFQ/RFQRec.aspx?sn=SPE7L426T7255,200,20260930T200000Z,data\dibbs_status\status_20260930T191011Z\pages\SPE7L426T7255.html,Open,Open,09-28-2026,10-08-2026,True,SPE7L4-26-T-7255,False,True,7017697565: 2,,downloaded
SPE7L126T08W2,https://www.dibbs.bsm.dla.mil/RFQ/RFQRec.aspx?sn=SPE7L126T08W2,200,20260930T200004Z,data\dibbs_status\status_20260930T191011Z\pages\SPE7L126T08W2.html,Open,Open,09-10-2026,09-21-2026,True,SPE7L1-26-T-08W2,False,True,7015609833: See Solicitation; 7015609833: 26,,downloaded
SPE7M126T316C,https://www.dibbs.bsm.dla.mil/RFQ/RFQRec.aspx?sn=SPE7M126T316C,200,20260930T200008Z,data\dibbs_status\status_20260930T191011Z\pages\SPE7M126T316C.html,Open,Open,08-28-2026,09-08-2026,True,SPE7M1-26-T-316C,False,True,7017439715: 32,,downloaded
SPE4A626T13UM,https://www.dibbs.bsm.dla.mil/RFQ/RFQRec.aspx?sn=SPE4A626T13UM,200,20260930T200015Z,data\dibbs_status\status_20260930T191011Z\pages\SPE4A626T13UM.html,Open,Open,08-06-2026,08-13-2026,True,SPE4A6-26-T-13UM,False,True,7017108293: See Solicitation; 7017108293: 132,,downloaded
SPE4A626T77P4,https://www.dibbs.bsm.dla.mil/RFQ/RFQRec.aspx?sn=SPE4A626T77P4,200,20260930T200019Z,data\dibbs_status\status_20260930T191011Z\pages\SPE4A626T77P4.html,Open,Open,06-03-2026,06-10-2026,True,SPE4A6-26-T-77P4,False,True,7015111024: See Solicitation; 7015111024: 7,,downloaded
SPE4A626T06QD,https://www.dibbs.bsm.dla.mil/RFQ/RFQRec.aspx?sn=SPE4A626T06QD,200,20260930T200023Z,data\dibbs_status\status_20260930T191011Z\pages\SPE4A626T06QD.html,Open,Open,07-15-2026,07-22-2026,True,SPE4A6-26-T-06QD,False,True,7017487359: See Solicitation; 7017487359: 6,,downloaded
SPE7L326T6345,https://www.dibbs.bsm.dla.mil/RFQ/RFQRec.aspx?sn=SPE7L326T6345,200,20260930T200027Z,data\dibbs_status\status_20260930T191011Z\pages\SPE7L326T6345.html,Open,Open,02-26-2026,03-09-2026,True,SPE7L3-26-T-6345,False,True,7015689010: 1,,downloaded
SPE4A626U3099,https://www.dibbs.bsm.dla.mil/RFQ/RFQRec.aspx?sn=SPE4A626U3099,200,20260930T200030Z,data\dibbs_status\status_20260930T191011Z\pages\SPE4A626U3099.html,Open,Open,05-28-2026,06-16-2026,True,SPE4A6-26-U-3099,False,True,1000232665: 3,,downloaded
SPE4A626T19FJ,https://www.dibbs.bsm.dla.mil/RFQ/RFQRec.aspx?sn=SPE4A626T19FJ,200,20260930T200034Z,data\dibbs_status\status_20260930T191011Z\pages\SPE4A626T19FJ.html,Open,Open,08-19-2026,08-26-2026,True,SPE4A6-26-T-19FJ,False,True,7017939444: See Solicitation; 7017939444: 75,,downloaded
SPE4A626T02XN,https://www.dibbs.bsm.dla.mil/RFQ/RFQRec.aspx?sn=SPE4A626T02XN,200,20260930T200037Z,data\dibbs_status\status_20260930T191011Z\pages\SPE4A626T02XN.html,Open,Open,07-06-2026,07-13-2026,True,SPE4A6-26-T-02XN,False,True,7017385068: See Solicitation; 7017385068: 4,,downloaded
SPE4A726T084Z,https://www.dibbs.bsm.dla.mil/RFQ/RFQRec.aspx?sn=SPE4A726T084Z,200,20260930T200041Z,data\dibbs_status\status_20260930T191011Z\pages\SPE4A726T084Z.html,Open,Open,03-13-2026,03-20-2026,True,SPE4A7-26-T-084Z,False,True,7015904148: 3,,downloaded
SPE4A626U2548,https://www.dibbs.bsm.dla.mil/RFQ/RFQRec.aspx?sn=SPE4A626U2548,200,20260930T200046Z,data\dibbs_status\status_20260930T191011Z\pages\SPE4A626U2548.html,Open,Open,04-09-2026,04-23-2026,True,SPE4A6-26-U-2548,False,True,1000229481: 4,,downloaded
SPE4A626T769J,https://www.dibbs.bsm.dla.mil/RFQ/RFQRec.aspx?sn=SPE4A626T769J,200,20260930T200050Z,data\dibbs_status\status_20260930T191011Z\pages\SPE4A626T769J.html,Open,Open,02-20-2026,02-27-2026,True,SPE4A6-26-T-769J,False,True,7015601767: See Solicitation; 7015601767: 41,,downloaded
SPE4A626T04RC,https://www.dibbs.bsm.dla.mil/RFQ/RFQRec.aspx?sn=SPE4A626T04RC,200,20260930T200054Z,data\dibbs_status\status_20260930T191011Z\pages\SPE4A626T04RC.html,Open,Open,07-09-2026,07-16-2026,True,SPE4A6-26-T-04RC,False,True,7017409125: See Solicitation; 7017409125: 13,,downloaded
SPE4A626T19WV,https://www.dibbs.bsm.dla.mil/RFQ/RFQRec.aspx?sn=SPE4A626T19WV,200,20260930T200057Z,data\dibbs_status\status_20260930T191011Z\pages\SPE4A626T19WV.html,Open,Open,08-19-2026,08-26-2026,True,SPE4A6-26-T-19WV,False,True,7017940533: See Solicitation; 7017940533: 100,,downloaded
SPE4A626T15VZ,https://www.dibbs.bsm.dla.mil/RFQ/RFQRec.aspx?sn=SPE4A626T15VZ,200,20260930T200101Z,data\dibbs_status\status_20260930T191011Z\pages\SPE4A626T15VZ.html,Open,Open,08-13-2026,08-20-2026,True,SPE4A6-26-T-15VZ,False,True,7017838582: See Solicitation; 7017838582: 289,,downloaded
SPE4A626T37SH,https://www.dibbs.bsm.dla.mil/RFQ/RFQRec.aspx?sn=SPE4A626T37SH,200,20260930T200105Z,data\dibbs_status\status_20260930T191011Z\pages\SPE4A626T37SH.html,Open,Open,09-30-2026,10-07-2026,True,SPE4A6-26-T-37SH,False,True,7016337477: 2,,downloaded
SPE4A626T37RY,https://www.dibbs.bsm.dla.mil/RFQ/RFQRec.aspx?sn=SPE4A626T37RY,200,20260930T200108Z,data\dibbs_status\status_20260930T191011Z\pages\SPE4A626T37RY.html,Open,Open,09-29-2026,10-06-2026,True,SPE4A6-26-T-37RY,False,True,7018458949: See Solicitation; 7018458949: 6,,downloaded
SPE4A626T37RR,https://www.dibbs.bsm.dla.mil/RFQ/RFQRec.aspx?sn=SPE4A626T37RR,200,20260930T200112Z,data\dibbs_status\status_20260930T191011Z\pages\SPE4A626T37RR.html,Open,Open,09-29-2026,10-06-2026,True,SPE4A6-26-T-37RR,False,True,7018529577: 1,,downloaded
SPE4A626T37RP,https://www.dibbs.bsm.dla.mil/RFQ/RFQRec.aspx?sn=SPE4A626T37RP,200,20260930T200117Z,data\dibbs_status\status_20260930T191011Z\pages\SPE4A626T37RP.html,Open,Open,09-29-2026,10-06-2026,True,SPE4A6-26-T-37RP,False,True,7018186216: 1,,downloaded
SPE4A626T33RS,https://www.dibbs.bsm.dla.mil/RFQ/RFQRec.aspx?sn=SPE4A626T33RS,200,20260930T200121Z,data\dibbs_status\status_20260930T191011Z\pages\SPE4A626T33RS.html,Open,Open,09-21-2026,10-01-2026,True,SPE4A6-26-T-33RS,False,True,7018413572: 6,,downloaded
SPE4A626T37NX,https://www.dibbs.bsm.dla.mil/RFQ/RFQRec.aspx?sn=SPE4A626T37NX,200,20260930T200124Z,data\dibbs_status\status_20260930T191011Z\pages\SPE4A626T37NX.html,Open,Open,09-29-2026,10-06-2026,True,SPE4A6-26-T-37NX,False,True,7018470518: 2,,downloaded
SPE4A726T799B,https://www.dibbs.bsm.dla.mil/RFQ/RFQRec.aspx?sn=SPE4A726T799B,200,20260930T200129Z,data\dibbs_status\status_20260930T191011Z\pages\SPE4A726T799B.html,Open,Open,09-29-2026,10-06-2026,True,SPE4A7-26-T-799B,False,True,7017741408: 6,,downloaded
SPE4A626T37EV,https://www.dibbs.bsm.dla.mil/RFQ/RFQRec.aspx?sn=SPE4A626T37EV,200,20260930T200133Z,data\dibbs_status\status_20260930T191011Z\pages\SPE4A626T37EV.html,Open,Open,09-28-2026,10-05-2026,True,SPE4A6-26-T-37EV,False,True,7017528798: 10,,downloaded
SPE4A626T37DJ,https://www.dibbs.bsm.dla.mil/RFQ/RFQRec.aspx?sn=SPE4A626T37DJ,200,20260930T200137Z,data\dibbs_status\status_20260930T191011Z\pages\SPE4A626T37DJ.html,Open,Open,09-28-2026,10-05-2026,True,SPE4A6-26-T-37DJ,False,True,7018469380: 1,,downloaded
SPE4A626T36ZD,https://www.dibbs.bsm.dla.mil/RFQ/RFQRec.aspx?sn=SPE4A626T36ZD,200,20260930T200140Z,data\dibbs_status\status_20260930T191011Z\pages\SPE4A626T36ZD.html,Open,Open,09-28-2026,10-05-2026,True,SPE4A6-26-T-36ZD,False,True,7018517308: 2,,downloaded
SPE4A626T36ZJ,https://www.dibbs.bsm.dla.mil/RFQ/RFQRec.aspx?sn=SPE4A626T36ZJ,200,20260930T200144Z,data\dibbs_status\status_20260930T191011Z\pages\SPE4A626T36ZJ.html,Open,Open,09-28-2026,10-05-2026,True,SPE4A6-26-T-36ZJ,False,True,7018516616: 4,,downloaded
SPE4A626T33BP,https://www.dibbs.bsm.dla.mil/RFQ/RFQRec.aspx?sn=SPE4A626T33BP,200,20260930T200148Z,data\dibbs_status\status_20260930T191011Z\pages\SPE4A626T33BP.html,Open,Open,09-18-2026,09-30-2026,True,SPE4A6-26-T-33BP,False,True,7017274290: 1; 7017274291: 1; 7017274292: 1,,downloaded
SPE4A526T449D,https://www.dibbs.bsm.dla.mil/RFQ/RFQRec.aspx?sn=SPE4A526T449D,200,20260930T200152Z,data\dibbs_status\status_20260930T191011Z\pages\SPE4A526T449D.html,Open,Open,09-18-2026,09-30-2026,True,SPE4A5-26-T-449D,False,True,7018069416: 4,,downloaded
SPE4A626T36YB,https://www.dibbs.bsm.dla.mil/RFQ/RFQRec.aspx?sn=SPE4A626T36YB,200,20260930T200156Z,data\dibbs_status\status_20260930T191011Z\pages\SPE4A626T36YB.html,Open,Open,09-25-2026,10-02-2026,True,SPE4A6-26-T-36YB,False,True,7018447070: 1,,downloaded
SPE4A626T36XY,https://www.dibbs.bsm.dla.mil/RFQ/RFQRec.aspx?sn=SPE4A626T36XY,200,20260930T200200Z,data\dibbs_status\status_20260930T191011Z\pages\SPE4A626T36XY.html,Open,Open,09-25-2026,10-02-2026,True,SPE4A6-26-T-36XY,False,True,7018436979: 1,,downloaded
SPE4A626T31QU,https://www.dibbs.bsm.dla.mil/RFQ/RFQRec.aspx?sn=SPE4A626T31QU,200,20260930T200204Z,data\dibbs_status\status_20260930T191011Z\pages\SPE4A626T31QU.html,Open,Open,09-17-2026,09-29-2026,True,SPE4A6-26-T-31QU,False,True,7018379586: 3,,downloaded
SPE4A626T36WD,https://www.dibbs.bsm.dla.mil/RFQ/RFQRec.aspx?sn=SPE4A626T36WD,200,20260930T200208Z,data\dibbs_status\status_20260930T191011Z\pages\SPE4A626T36WD.html,Open,Open,09-25-2026,10-02-2026,True,SPE4A6-26-T-36WD,False,True,7018451764: See Solicitation; 7018451764: 1,,downloaded
SPE4A626T27BJ,https://www.dibbs.bsm.dla.mil/RFQ/RFQRec.aspx?sn=SPE4A626T27BJ,200,20260930T200212Z,data\dibbs_status\status_20260930T191011Z\pages\SPE4A626T27BJ.html,Open,Open,09-08-2026,09-29-2026,True,SPE4A6-26-T-27BJ,False,True,7017730384: 3,,downloaded
SPE4A626T31SC,https://www.dibbs.bsm.dla.mil/RFQ/RFQRec.aspx?sn=SPE4A626T31SC,200,20260930T200216Z,data\dibbs_status\status_20260930T191011Z\pages\SPE4A626T31SC.html,Open,Open,09-17-2026,09-29-2026,True,SPE4A6-26-T-31SC,False,True,7018379013: 5,,downloaded
SPE4A626T36VC,https://www.dibbs.bsm.dla.mil/RFQ/RFQRec.aspx?sn=SPE4A626T36VC,200,20260930T200219Z,data\dibbs_status\status_20260930T191011Z\pages\SPE4A626T36VC.html,Open,Open,09-25-2026,10-02-2026,True,SPE4A6-26-T-36VC,False,True,7014998779: 1,,downloaded
SPE4A626T36UX,https://www.dibbs.bsm.dla.mil/RFQ/RFQRec.aspx?sn=SPE4A626T36UX,200,20260930T200223Z,data\dibbs_status\status_20260930T191011Z\pages\SPE4A626T36UX.html,Open,Open,09-25-2026,10-02-2026,True,SPE4A6-26-T-36UX,False,True,7018247337: See Solicitation; 7018247337: 13,,downloaded
SPE4A626T36SR,https://www.dibbs.bsm.dla.mil/RFQ/RFQRec.aspx?sn=SPE4A626T36SR,200,20260930T200226Z,data\dibbs_status\status_20260930T191011Z\pages\SPE4A626T36SR.html,Open,Open,09-25-2026,10-02-2026,True,SPE4A6-26-T-36SR,False,True,7017740646: 2,,downloaded
SPE4A626T36RK,https://www.dibbs.bsm.dla.mil/RFQ/RFQRec.aspx?sn=SPE4A626T36RK,200,20260930T200231Z,data\dibbs_status\status_20260930T191011Z\pages\SPE4A626T36RK.html,Open,Open,09-25-2026,10-02-2026,True,SPE4A6-26-T-36RK,False,True,7017696804: See Solicitation; 7017696804: 3,,downloaded
SPE4A626T36ND,https://www.dibbs.bsm.dla.mil/RFQ/RFQRec.aspx?sn=SPE4A626T36ND,200,20260930T200235Z,data\dibbs_status\status_20260930T191011Z\pages\SPE4A626T36ND.html,Open,Open,09-25-2026,10-02-2026,True,SPE4A6-26-T-36ND,False,True,7018468186: See Solicitation; 7018468186: 44,,downloaded
SPE4A626T36NA,https://www.dibbs.bsm.dla.mil/RFQ/RFQRec.aspx?sn=SPE4A626T36NA,200,20260930T200239Z,data\dibbs_status\status_20260930T191011Z\pages\SPE4A626T36NA.html,Open,Open,09-25-2026,10-02-2026,True,SPE4A6-26-T-36NA,False,True,7018437812: 1,,downloaded
SPE4A626T36JR,https://www.dibbs.bsm.dla.mil/RFQ/RFQRec.aspx?sn=SPE4A626T36JR,200,20260930T200243Z,data\dibbs_status\status_20260930T191011Z\pages\SPE4A626T36JR.html,Open,Open,09-25-2026,10-02-2026,True,SPE4A6-26-T-36JR,False,True,7018446271: 1,,downloaded
SPE4A626T36LN,https://www.dibbs.bsm.dla.mil/RFQ/RFQRec.aspx?sn=SPE4A626T36LN,200,20260930T200246Z,data\dibbs_status\status_20260930T191011Z\pages\SPE4A626T36LN.html,Open,Open,09-25-2026,10-02-2026,True,SPE4A6-26-T-36LN,False,True,7018436987: 1,,downloaded
SPE4A626T36HX,https://www.dibbs.bsm.dla.mil/RFQ/RFQRec.aspx?sn=SPE4A626T36HX,200,20260930T200250Z,data\dibbs_status\status_20260930T191011Z\pages\SPE4A626T36HX.html,Open,Open,09-25-2026,10-02-2026,True,SPE4A6-26-T-36HX,False,True,7018446323: 1,,downloaded
SPE4A626T36KV,https://www.dibbs.bsm.dla.mil/RFQ/RFQRec.aspx?sn=SPE4A626T36KV,200,20260930T200254Z,data\dibbs_status\status_20260930T191011Z\pages\SPE4A626T36KV.html,Open,Open,09-25-2026,10-02-2026,True,SPE4A6-26-T-36KV,False,True,7018445148: 1,,downloaded
SPE4A626T36KC,https://www.dibbs.bsm.dla.mil/RFQ/RFQRec.aspx?sn=SPE4A626T36KC,200,20260930T200258Z,data\dibbs_status\status_20260930T191011Z\pages\SPE4A626T36KC.html,Open,Open,09-25-2026,10-02-2026,True,SPE4A6-26-T-36KC,False,True,7018446305: 5,,downloaded
SPE7L426T7210,https://www.dibbs.bsm.dla.mil/RFQ/RFQRec.aspx?sn=SPE7L426T7210,200,20260930T200301Z,data\dibbs_status\status_20260930T191011Z\pages\SPE7L426T7210.html,Open,Open,09-25-2026,10-05-2026,True,SPE7L4-26-T-7210,False,True,7018497657: See Solicitation; 7018497657: 5,,downloaded
SPE7M226T7017,https://www.dibbs.bsm.dla.mil/RFQ/RFQRec.aspx?sn=SPE7M226T7017,200,20260930T200305Z,data\dibbs_status\status_20260930T191011Z\pages\SPE7M226T7017.html,Open,Open,09-25-2026,10-05-2026,True,SPE7M2-26-T-7017,False,True,7018496288: 3,,downloaded
SPE7M226T7029,https://www.dibbs.bsm.dla.mil/RFQ/RFQRec.aspx?sn=SPE7M226T7029,200,20260930T200309Z,data\dibbs_status\status_20260930T191011Z\pages\SPE7M226T7029.html,Open,Open,09-25-2026,10-05-2026,True,SPE7M2-26-T-7029,False,True,7018496099: 11,,downloaded
SPE7L326T282R,https://www.dibbs.bsm.dla.mil/RFQ/RFQRec.aspx?sn=SPE7L326T282R,200,20260930T200312Z,data\dibbs_status\status_20260930T191011Z\pages\SPE7L326T282R.html,Open,Open,09-25-2026,10-05-2026,True,SPE7L3-26-T-282R,False,True,7018495006: See Solicitation; 7018495006: 71,,downloaded
SPE4A626T36FL,https://www.dibbs.bsm.dla.mil/RFQ/RFQRec.aspx?sn=SPE4A626T36FL,200,20260930T200316Z,data\dibbs_status\status_20260930T191011Z\pages\SPE4A626T36FL.html,Open,Open,09-24-2026,10-01-2026,True,SPE4A6-26-T-36FL,False,True,7018343320: 3,,downloaded
SPE4A626T30CG,https://www.dibbs.bsm.dla.mil/RFQ/RFQRec.aspx?sn=SPE4A626T30CG,200,20260930T200320Z,data\dibbs_status\status_20260930T191011Z\pages\SPE4A626T30CG.html,Open,Open,09-16-2026,09-28-2026,True,SPE4A6-26-T-30CG,False,True,7018342074: 3,,downloaded
SPE4A626T36BA,https://www.dibbs.bsm.dla.mil/RFQ/RFQRec.aspx?sn=SPE4A626T36BA,200,20260930T200323Z,data\dibbs_status\status_20260930T191011Z\pages\SPE4A626T36BA.html,Open,Open,09-24-2026,10-01-2026,True,SPE4A6-26-T-36BA,False,True,7018459034: See Solicitation; 7018459034: 1,,downloaded
SPE4A626T36BW,https://www.dibbs.bsm.dla.mil/RFQ/RFQRec.aspx?sn=SPE4A626T36BW,200,20260930T200328Z,data\dibbs_status\status_20260930T191011Z\pages\SPE4A626T36BW.html,Open,Open,09-24-2026,10-01-2026,True,SPE4A6-26-T-36BW,False,True,7018459267: See Solicitation; 7018459267: 2,,downloaded
SPE4A626T36AA,https://www.dibbs.bsm.dla.mil/RFQ/RFQRec.aspx?sn=SPE4A626T36AA,200,20260930T200332Z,data\dibbs_status\status_20260930T191011Z\pages\SPE4A626T36AA.html,Open,Open,09-24-2026,10-01-2026,True,SPE4A6-26-T-36AA,False,True,7018458515: 26,,downloaded
SPE4A626T36CB,https://www.dibbs.bsm.dla.mil/RFQ/RFQRec.aspx?sn=SPE4A626T36CB,200,20260930T200336Z,data\dibbs_status\status_20260930T191011Z\pages\SPE4A626T36CB.html,Open,Open,09-24-2026,10-01-2026,True,SPE4A6-26-T-36CB,False,True,7018457896: See Solicitation; 7018457896: 3,,downloaded
SPE4A626T36CX,https://www.dibbs.bsm.dla.mil/RFQ/RFQRec.aspx?sn=SPE4A626T36CX,200,20260930T200339Z,data\dibbs_status\status_20260930T191011Z\pages\SPE4A626T36CX.html,Open,Open,09-24-2026,10-01-2026,True,SPE4A6-26-T-36CX,False,True,7018458168: See Solicitation; 7018458168: 2,,downloaded
SPE4A626T36AC,https://www.dibbs.bsm.dla.mil/RFQ/RFQRec.aspx?sn=SPE4A626T36AC,200,20260930T200344Z,data\dibbs_status\status_20260930T191011Z\pages\SPE4A626T36AC.html,Open,Open,09-24-2026,10-01-2026,True,SPE4A6-26-T-36AC,False,True,7018459075: See Solicitation; 7018459075: 7,,downloaded
SPE4A626T36AZ,https://www.dibbs.bsm.dla.mil/RFQ/RFQRec.aspx?sn=SPE4A626T36AZ,200,20260930T200348Z,data\dibbs_status\status_20260930T191011Z\pages\SPE4A626T36AZ.html,Open,Open,09-24-2026,10-01-2026,True,SPE4A6-26-T-36AZ,False,True,7018470558: 45,,downloaded
SPE4A626T35XQ,https://www.dibbs.bsm.dla.mil/RFQ/RFQRec.aspx?sn=SPE4A626T35XQ,200,20260930T200354Z,data\dibbs_status\status_20260930T191011Z\pages\SPE4A626T35XQ.html,Open,Open,09-24-2026,10-01-2026,True,SPE4A6-26-T-35XQ,False,True,7015604440: 6,,downloaded
SPE4A626T35XD,https://www.dibbs.bsm.dla.mil/RFQ/RFQRec.aspx?sn=SPE4A626T35XD,200,20260930T200406Z,data\dibbs_status\status_20260930T191011Z\pages\SPE4A626T35XD.html,Open,Open,09-24-2026,10-01-2026,True,SPE4A6-26-T-35XD,False,True,7017108106: See Solicitation; 7017108106: 8,,downloaded
SPE4A626T35XE,https://www.dibbs.bsm.dla.mil/RFQ/RFQRec.aspx?sn=SPE4A626T35XE,200,20260930T200422Z,data\dibbs_status\status_20260930T191011Z\pages\SPE4A626T35XE.html,Open,Open,09-24-2026,10-01-2026,True,SPE4A6-26-T-35XE,False,True,7016644577: See Solicitation; 7016644577: 6,,downloaded
SPE4A626T29HB,https://www.dibbs.bsm.dla.mil/RFQ/RFQRec.aspx?sn=SPE4A626T29HB,200,20260930T200428Z,data\dibbs_status\status_20260930T191011Z\pages\SPE4A626T29HB.html,Open,Open,09-15-2026,09-25-2026,True,SPE4A6-26-T-29HB,False,True,7017493470: 1,,downloaded
SPE4A526T425M,https://www.dibbs.bsm.dla.mil/RFQ/RFQRec.aspx?sn=SPE4A526T425M,200,20260930T200432Z,data\dibbs_status\status_20260930T191011Z\pages\SPE4A526T425M.html,Open,Open,09-15-2026,09-25-2026,True,SPE4A5-26-T-425M,False,True,7018069038: 10,,downloaded
SPE4A626T35VQ,https://www.dibbs.bsm.dla.mil/RFQ/RFQRec.aspx?sn=SPE4A626T35VQ,200,20260930T200437Z,data\dibbs_status\status_20260930T191011Z\pages\SPE4A626T35VQ.html,Open,Open,09-23-2026,09-30-2026,True,SPE4A6-26-T-35VQ,False,True,7015629117: 1,,downloaded
SPE4A626T35VP,https://www.dibbs.bsm.dla.mil/RFQ/RFQRec.aspx?sn=SPE4A626T35VP,200,20260930T200443Z,data\dibbs_status\status_20260930T191011Z\pages\SPE4A626T35VP.html,Open,Open,09-23-2026,09-30-2026,True,SPE4A6-26-T-35VP,False,True,7017226608: See Solicitation; 7017226608: 4,,downloaded
SPE4A626T35TB,https://www.dibbs.bsm.dla.mil/RFQ/RFQRec.aspx?sn=SPE4A626T35TB,200,20260930T200450Z,data\dibbs_status\status_20260930T191011Z\pages\SPE4A626T35TB.html,Open,Open,09-23-2026,09-30-2026,True,SPE4A6-26-T-35TB,False,True,7018458669: See Solicitation; 7018458669: 8,,downloaded
SPE4A626T35SG,https://www.dibbs.bsm.dla.mil/RFQ/RFQRec.aspx?sn=SPE4A626T35SG,200,20260930T200454Z,data\dibbs_status\status_20260930T191011Z\pages\SPE4A626T35SG.html,Open,Open,09-23-2026,09-30-2026,True,SPE4A6-26-T-35SG,False,True,7018458974: See Solicitation; 7018458974: 13,,downloaded
SPE4A626T34ZZ,https://www.dibbs.bsm.dla.mil/RFQ/RFQRec.aspx?sn=SPE4A626T34ZZ,200,20260930T200457Z,data\dibbs_status\status_20260930T191011Z\pages\SPE4A626T34ZZ.html,Open,Open,09-23-2026,09-30-2026,True,SPE4A6-26-T-34ZZ,False,True,7018458720: See Solicitation; 7018458720: 6,,downloaded
SPE4A626T35MQ,https://www.dibbs.bsm.dla.mil/RFQ/RFQRec.aspx?sn=SPE4A626T35MQ,200,20260930T200501Z,data\dibbs_status\status_20260930T191011Z\pages\SPE4A626T35MQ.html,Open,Open,09-23-2026,09-30-2026,True,SPE4A6-26-T-35MQ,False,True,7018459375: See Solicitation; 7018459375: 2,,downloaded
SPE4A626T35GL,https://www.dibbs.bsm.dla.mil/RFQ/RFQRec.aspx?sn=SPE4A626T35GL,200,20260930T200505Z,data\dibbs_status\status_20260930T191011Z\pages\SPE4A626T35GL.html,Open,Open,09-23-2026,09-30-2026,True,SPE4A6-26-T-35GL,False,True,7018458041: See Solicitation; 7018458041: 15,,downloaded
SPE4A626T35LB,https://www.dibbs.bsm.dla.mil/RFQ/RFQRec.aspx?sn=SPE4A626T35LB,200,20260930T200508Z,data\dibbs_status\status_20260930T191011Z\pages\SPE4A626T35LB.html,Open,Open,09-23-2026,09-30-2026,True,SPE4A6-26-T-35LB,False,True,7018459246: 2,,downloaded
SPE4A626T35NF,https://www.dibbs.bsm.dla.mil/RFQ/RFQRec.aspx?sn=SPE4A626T35NF,200,20260930T200513Z,data\dibbs_status\status_20260930T191011Z\pages\SPE4A626T35NF.html,Open,Open,09-23-2026,09-30-2026,True,SPE4A6-26-T-35NF,False,True,7018457583: 4,,downloaded
SPE4A626T35JN,https://www.dibbs.bsm.dla.mil/RFQ/RFQRec.aspx?sn=SPE4A626T35JN,200,20260930T200517Z,data\dibbs_status\status_20260930T191011Z\pages\SPE4A626T35JN.html,Open,Open,09-23-2026,09-30-2026,True,SPE4A6-26-T-35JN,False,True,7018458837: 5,,downloaded
SPE4A626T35BT,https://www.dibbs.bsm.dla.mil/RFQ/RFQRec.aspx?sn=SPE4A626T35BT,200,20260930T200521Z,data\dibbs_status\status_20260930T191011Z\pages\SPE4A626T35BT.html,Open,Open,09-23-2026,09-30-2026,True,SPE4A6-26-T-35BT,False,True,7018457789: See Solicitation; 7018457789: 23,,downloaded
SPE4A626T35CL,https://www.dibbs.bsm.dla.mil/RFQ/RFQRec.aspx?sn=SPE4A626T35CL,200,20260930T200524Z,data\dibbs_status\status_20260930T191011Z\pages\SPE4A626T35CL.html,Open,Open,09-23-2026,09-30-2026,True,SPE4A6-26-T-35CL,False,True,7018458963: See Solicitation; 7018458963: 8,,downloaded
SPE4A726T781U,https://www.dibbs.bsm.dla.mil/RFQ/RFQRec.aspx?sn=SPE4A726T781U,200,20260930T200529Z,data\dibbs_status\status_20260930T191011Z\pages\SPE4A726T781U.html,Open,Open,09-23-2026,09-30-2026,True,SPE4A7-26-T-781U,False,True,7018457765: See Solicitation; 7018457765: 2,,downloaded
SPE4A626T34XL,https://www.dibbs.bsm.dla.mil/RFQ/RFQRec.aspx?sn=SPE4A626T34XL,200,20260930T200533Z,data\dibbs_status\status_20260930T191011Z\pages\SPE4A626T34XL.html,Open,Open,09-22-2026,09-29-2026,True,SPE4A6-26-T-34XL,False,True,7018414313: 48,,downloaded
SPE4A626T34XU,https://www.dibbs.bsm.dla.mil/RFQ/RFQRec.aspx?sn=SPE4A626T34XU,200,20260930T200537Z,data\dibbs_status\status_20260930T191011Z\pages\SPE4A626T34XU.html,Open,Open,09-22-2026,09-29-2026,True,SPE4A6-26-T-34XU,False,True,7017739807: See Solicitation; 7017739807: 11,,downloaded
SPE4A026T4963,https://www.dibbs.bsm.dla.mil/RFQ/RFQRec.aspx?sn=SPE4A026T4963,200,20260930T200541Z,data\dibbs_status\status_20260930T191011Z\pages\SPE4A026T4963.html,Open,Open,09-22-2026,09-29-2026,True,SPE4A0-26-T-4963,False,True,7018016208: 1,,downloaded
SPE4A626T34XD,https://www.dibbs.bsm.dla.mil/RFQ/RFQRec.aspx?sn=SPE4A626T34XD,200,20260930T200545Z,data\dibbs_status\status_20260930T191011Z\pages\SPE4A626T34XD.html,Open,Open,09-22-2026,09-29-2026,True,SPE4A6-26-T-34XD,False,True,7017911176: See Solicitation; 7017911176: 1,,downloaded
SPE7M126U6293,https://www.dibbs.bsm.dla.mil/RFQ/RFQRec.aspx?sn=SPE7M126U6293,200,20260930T200549Z,data\dibbs_status\status_20260930T191011Z\pages\SPE7M126U6293.html,Open,Open,09-22-2026,10-06-2026,True,SPE7M1-26-U-6293,False,True,1000244194: 104,,downloaded
SPE4A626T34TV,https://www.dibbs.bsm.dla.mil/RFQ/RFQRec.aspx?sn=SPE4A626T34TV,200,20260930T200552Z,data\dibbs_status\status_20260930T191011Z\pages\SPE4A626T34TV.html,Open,Open,09-22-2026,09-29-2026,True,SPE4A6-26-T-34TV,False,True,7018377299: See Solicitation; 7018377299: 1,,downloaded
SPE4A026T4954,https://www.dibbs.bsm.dla.mil/RFQ/RFQRec.aspx?sn=SPE4A026T4954,200,20260930T200557Z,data\dibbs_status\status_20260930T191011Z\pages\SPE4A026T4954.html,Open,Open,09-22-2026,09-29-2026,True,SPE4A0-26-T-4954,False,True,7018373917: 1,,downloaded
SPE4A626T34LM,https://www.dibbs.bsm.dla.mil/RFQ/RFQRec.aspx?sn=SPE4A626T34LM,200,20260930T200600Z,data\dibbs_status\status_20260930T191011Z\pages\SPE4A626T34LM.html,Open,Open,09-22-2026,09-29-2026,True,SPE4A6-26-T-34LM,False,True,7018368544: 1,,downloaded
SPE4A626T33ZD,https://www.dibbs.bsm.dla.mil/RFQ/RFQRec.aspx?sn=SPE4A626T33ZD,200,20260930T200604Z,data\dibbs_status\status_20260930T191011Z\pages\SPE4A626T33ZD.html,Open,Open,09-21-2026,09-28-2026,True,SPE4A6-26-T-33ZD,False,True,7018345979: 12,,downloaded
SPE4A626T33ZN,https://www.dibbs.bsm.dla.mil/RFQ/RFQRec.aspx?sn=SPE4A626T33ZN,200,20260930T200607Z,data\dibbs_status\status_20260930T191011Z\pages\SPE4A626T33ZN.html,Open,Open,09-21-2026,09-28-2026,True,SPE4A6-26-T-33ZN,False,True,7018346085: See Solicitation; 7018346084: 2; 7018346085: 2,,downloaded
SPE4A626T33UC,https://www.dibbs.bsm.dla.mil/RFQ/RFQRec.aspx?sn=SPE4A626T33UC,200,20260930T200611Z,data\dibbs_status\status_20260930T191011Z\pages\SPE4A626T33UC.html,Open,Open,09-21-2026,09-28-2026,True,SPE4A6-26-T-33UC,False,True,7018412511: See Solicitation; 7018412511: 7,,downloaded
SPE4A626T34GN,https://www.dibbs.bsm.dla.mil/RFQ/RFQRec.aspx?sn=SPE4A626T34GN,200,20260930T200614Z,data\dibbs_status\status_20260930T191011Z\pages\SPE4A626T34GN.html,Open,Open,09-21-2026,09-28-2026,True,SPE4A6-26-T-34GN,False,True,7016891985: See Solicitation; 7016891985: 1,,downloaded
SPE4A626T33LK,https://www.dibbs.bsm.dla.mil/RFQ/RFQRec.aspx?sn=SPE4A626T33LK,200,20260930T200618Z,data\dibbs_status\status_20260930T191011Z\pages\SPE4A626T33LK.html,Open,Open,09-21-2026,09-28-2026,True,SPE4A6-26-T-33LK,False,True,7018414304: See Solicitation; 7018414304: 10,,downloaded
SPE4A626T33AM,https://www.dibbs.bsm.dla.mil/RFQ/RFQRec.aspx?sn=SPE4A626T33AM,200,20260930T200621Z,data\dibbs_status\status_20260930T191011Z\pages\SPE4A626T33AM.html,Open,Open,09-18-2026,09-25-2026,True,SPE4A6-26-T-33AM,False,True,7018343180: See Solicitation; 7018343180: 7,,downloaded
SPE4A626T32PZ,https://www.dibbs.bsm.dla.mil/RFQ/RFQRec.aspx?sn=SPE4A626T32PZ,200,20260930T200625Z,data\dibbs_status\status_20260930T191011Z\pages\SPE4A626T32PZ.html,Open,Open,09-18-2026,09-25-2026,True,SPE4A6-26-T-32PZ,False,True,7018382319: 1,,downloaded
SPE4A626T32PX,https://www.dibbs.bsm.dla.mil/RFQ/RFQRec.aspx?sn=SPE4A626T32PX,200,20260930T200629Z,data\dibbs_status\status_20260930T191011Z\pages\SPE4A626T32PX.html,Open,Open,09-18-2026,09-25-2026,True,SPE4A6-26-T-32PX,False,True,7018329390: 1,,downloaded
SPE4A626T32LP,https://www.dibbs.bsm.dla.mil/RFQ/RFQRec.aspx?sn=SPE4A626T32LP,200,20260930T200634Z,data\dibbs_status\status_20260930T191011Z\pages\SPE4A626T32LP.html,Open,Open,09-18-2026,09-25-2026,True,SPE4A6-26-T-32LP,False,True,7018392390: 19,,downloaded
SPE4A626T32HS,https://www.dibbs.bsm.dla.mil/RFQ/RFQRec.aspx?sn=SPE4A626T32HS,200,20260930T200638Z,data\dibbs_status\status_20260930T191011Z\pages\SPE4A626T32HS.html,Open,Open,09-18-2026,09-25-2026,True,SPE4A6-26-T-32HS,False,True,7018391541: See Solicitation; 7018391541: 14,,downloaded
SPE7M226T6894,https://www.dibbs.bsm.dla.mil/RFQ/RFQRec.aspx?sn=SPE7M226T6894,200,20260930T200641Z,data\dibbs_status\status_20260930T191011Z\pages\SPE7M226T6894.html,Open,Open,09-18-2026,09-28-2026,True,SPE7M2-26-T-6894,False,True,7018390124: 1,,downloaded
SPE4A626T31RH,https://www.dibbs.bsm.dla.mil/RFQ/RFQRec.aspx?sn=SPE4A626T31RH,200,20260930T200645Z,data\dibbs_status\status_20260930T191011Z\pages\SPE4A626T31RH.html,Open,Open,09-17-2026,09-24-2026,True,SPE4A6-26-T-31RH,False,True,7018378894: 2,,downloaded
SPE4A626T31RK,https://www.dibbs.bsm.dla.mil/RFQ/RFQRec.aspx?sn=SPE4A626T31RK,200,20260930T200650Z,data\dibbs_status\status_20260930T191011Z\pages\SPE4A626T31RK.html,Open,Open,09-17-2026,09-24-2026,True,SPE4A6-26-T-31RK,False,True,7018378335: 2,,downloaded
SPE4A626T31JF,https://www.dibbs.bsm.dla.mil/RFQ/RFQRec.aspx?sn=SPE4A626T31JF,200,20260930T200655Z,data\dibbs_status\status_20260930T191011Z\pages\SPE4A626T31JF.html,Open,Open,09-17-2026,09-24-2026,True,SPE4A6-26-T-31JF,False,True,7018378960: See Solicitation; 7018378960: 6,,downloaded
SPE4A626T31NN,https://www.dibbs.bsm.dla.mil/RFQ/RFQRec.aspx?sn=SPE4A626T31NN,200,20260930T200659Z,data\dibbs_status\status_20260930T191011Z\pages\SPE4A626T31NN.html,Open,Open,09-17-2026,09-24-2026,True,SPE4A6-26-T-31NN,False,True,7018379327: 1,,downloaded
SPE4A626T31NK,https://www.dibbs.bsm.dla.mil/RFQ/RFQRec.aspx?sn=SPE4A626T31NK,200,20260930T200702Z,data\dibbs_status\status_20260930T191011Z\pages\SPE4A626T31NK.html,Open,Open,09-17-2026,09-24-2026,True,SPE4A6-26-T-31NK,False,True,7018343402: 4,,downloaded
SPE4A626T31KS,https://www.dibbs.bsm.dla.mil/RFQ/RFQRec.aspx?sn=SPE4A626T31KS,200,20260930T200706Z,data\dibbs_status\status_20260930T191011Z\pages\SPE4A626T31KS.html,Open,Open,09-17-2026,09-24-2026,True,SPE4A6-26-T-31KS,False,True,7018377645: 15,,downloaded
SPE4A626T31ML,https://www.dibbs.bsm.dla.mil/RFQ/RFQRec.aspx?sn=SPE4A626T31ML,200,20260930T200710Z,data\dibbs_status\status_20260930T191011Z\pages\SPE4A626T31ML.html,Open,Open,09-17-2026,09-24-2026,True,SPE4A6-26-T-31ML,False,True,7018378317: 2,,downloaded
SPE4A626T31KN,https://www.dibbs.bsm.dla.mil/RFQ/RFQRec.aspx?sn=SPE4A626T31KN,200,20260930T200713Z,data\dibbs_status\status_20260930T191011Z\pages\SPE4A626T31KN.html,Open,Open,09-17-2026,09-24-2026,True,SPE4A6-26-T-31KN,False,True,7018377671: 7,,downloaded
SPE4A626T31TQ,https://www.dibbs.bsm.dla.mil/RFQ/RFQRec.aspx?sn=SPE4A626T31TQ,200,20260930T200717Z,data\dibbs_status\status_20260930T191011Z\pages\SPE4A626T31TQ.html,Open,Open,09-17-2026,09-24-2026,True,SPE4A6-26-T-31TQ,False,True,7018377828: 2,,downloaded
SPE4A626T31PH,https://www.dibbs.bsm.dla.mil/RFQ/RFQRec.aspx?sn=SPE4A626T31PH,200,20260930T200720Z,data\dibbs_status\status_20260930T191011Z\pages\SPE4A626T31PH.html,Open,Open,09-17-2026,09-24-2026,True,SPE4A6-26-T-31PH,False,True,7018379172: 18,,downloaded
SPE4A626T31DF,https://www.dibbs.bsm.dla.mil/RFQ/RFQRec.aspx?sn=SPE4A626T31DF,200,20260930T200724Z,data\dibbs_status\status_20260930T191011Z\pages\SPE4A626T31DF.html,Open,Open,09-17-2026,09-24-2026,True,SPE4A6-26-T-31DF,False,True,7018378188: See Solicitation; 7018378188: 5,,downloaded
SPE4A626T31RQ,https://www.dibbs.bsm.dla.mil/RFQ/RFQRec.aspx?sn=SPE4A626T31RQ,200,20260930T200728Z,data\dibbs_status\status_20260930T191011Z\pages\SPE4A626T31RQ.html,Open,Open,09-17-2026,09-24-2026,True,SPE4A6-26-T-31RQ,False,True,7018377861: See Solicitation; 7018377861: 3,,downloaded
SPE4A626T31PF,https://www.dibbs.bsm.dla.mil/RFQ/RFQRec.aspx?sn=SPE4A626T31PF,200,20260930T200731Z,data\dibbs_status\status_20260930T191011Z\pages\SPE4A626T31PF.html,Open,Open,09-17-2026,09-24-2026,True,SPE4A6-26-T-31PF,False,True,7018379329: 1,,downloaded
SPE4A626T31KJ,https://www.dibbs.bsm.dla.mil/RFQ/RFQRec.aspx?sn=SPE4A626T31KJ,200,20260930T200735Z,data\dibbs_status\status_20260930T191011Z\pages\SPE4A626T31KJ.html,Open,Open,09-17-2026,09-24-2026,True,SPE4A6-26-T-31KJ,False,True,7018378989: 2,,downloaded
SPE4A626T31SN,https://www.dibbs.bsm.dla.mil/RFQ/RFQRec.aspx?sn=SPE4A626T31SN,200,20260930T200738Z,data\dibbs_status\status_20260930T191011Z\pages\SPE4A626T31SN.html,Open,Open,09-17-2026,09-24-2026,True,SPE4A6-26-T-31SN,False,True,7018379071: 14,,downloaded
SPE4A626T31NL,https://www.dibbs.bsm.dla.mil/RFQ/RFQRec.aspx?sn=SPE4A626T31NL,200,20260930T200741Z,data\dibbs_status\status_20260930T191011Z\pages\SPE4A626T31NL.html,Open,Open,09-17-2026,09-24-2026,True,SPE4A6-26-T-31NL,False,True,7018379320: 1,,downloaded
SPE4A626T31JR,https://www.dibbs.bsm.dla.mil/RFQ/RFQRec.aspx?sn=SPE4A626T31JR,200,20260930T200745Z,data\dibbs_status\status_20260930T191011Z\pages\SPE4A626T31JR.html,Open,Open,09-17-2026,09-24-2026,True,SPE4A6-26-T-31JR,False,True,7018377436: 2,,downloaded
SPE4A626T31GB,https://www.dibbs.bsm.dla.mil/RFQ/RFQRec.aspx?sn=SPE4A626T31GB,200,20260930T200748Z,data\dibbs_status\status_20260930T191011Z\pages\SPE4A626T31GB.html,Open,Open,09-17-2026,09-24-2026,True,SPE4A6-26-T-31GB,False,True,7018378121: 9,,downloaded
SPE4A626T27EK,https://www.dibbs.bsm.dla.mil/RFQ/RFQRec.aspx?sn=SPE4A626T27EK,200,20260930T200752Z,data\dibbs_status\status_20260930T191011Z\pages\SPE4A626T27EK.html,Open,Open,09-09-2026,09-21-2026,True,SPE4A6-26-T-27EK,False,True,7017697068: 3,,downloaded
SPE4A626T30XV,https://www.dibbs.bsm.dla.mil/RFQ/RFQRec.aspx?sn=SPE4A626T30XV,200,20260930T200756Z,data\dibbs_status\status_20260930T191011Z\pages\SPE4A626T30XV.html,Open,Open,09-17-2026,09-24-2026,True,SPE4A6-26-T-30XV,False,True,7018378817: 5,,downloaded
SPE4A626T30YE,https://www.dibbs.bsm.dla.mil/RFQ/RFQRec.aspx?sn=SPE4A626T30YE,200,20260930T200759Z,data\dibbs_status\status_20260930T191011Z\pages\SPE4A626T30YE.html,Open,Open,09-17-2026,09-24-2026,True,SPE4A6-26-T-30YE,False,True,7018378395: See Solicitation; 7018378395: 2,,downloaded
SPE4A626T30UZ,https://www.dibbs.bsm.dla.mil/RFQ/RFQRec.aspx?sn=SPE4A626T30UZ,200,20260930T200802Z,data\dibbs_status\status_20260930T191011Z\pages\SPE4A626T30UZ.html,Open,Open,09-17-2026,09-24-2026,True,SPE4A6-26-T-30UZ,False,True,7017696058: See Solicitation; 7017696058: 8,,downloaded
SPE4A626T30TK,https://www.dibbs.bsm.dla.mil/RFQ/RFQRec.aspx?sn=SPE4A626T30TK,200,20260930T200806Z,data\dibbs_status\status_20260930T191011Z\pages\SPE4A626T30TK.html,Open,Open,09-17-2026,09-24-2026,True,SPE4A6-26-T-30TK,False,True,7018342606: 19,,downloaded
SPE4A626T30SU,https://www.dibbs.bsm.dla.mil/RFQ/RFQRec.aspx?sn=SPE4A626T30SU,200,20260930T200810Z,data\dibbs_status\status_20260930T191011Z\pages\SPE4A626T30SU.html,Open,Open,09-17-2026,09-24-2026,True,SPE4A6-26-T-30SU,False,True,7018301767: See Solicitation; 7018301767: 1,,downloaded
SPE4A626T30RX,https://www.dibbs.bsm.dla.mil/RFQ/RFQRec.aspx?sn=SPE4A626T30RX,200,20260930T200813Z,data\dibbs_status\status_20260930T191011Z\pages\SPE4A626T30RX.html,Open,Open,09-17-2026,09-24-2026,True,SPE4A6-26-T-30RX,False,True,7018298979: 1,,downloaded
SPE4A626T30RJ,https://www.dibbs.bsm.dla.mil/RFQ/RFQRec.aspx?sn=SPE4A626T30RJ,200,20260930T200817Z,data\dibbs_status\status_20260930T191011Z\pages\SPE4A626T30RJ.html,Open,Open,09-16-2026,09-23-2026,True,SPE4A6-26-T-30RJ,False,True,7018283081: 1,,downloaded
SPE4A626T30QS,https://www.dibbs.bsm.dla.mil/RFQ/RFQRec.aspx?sn=SPE4A626T30QS,200,20260930T200821Z,data\dibbs_status\status_20260930T191011Z\pages\SPE4A626T30QS.html,Open,Open,09-16-2026,09-23-2026,True,SPE4A6-26-T-30QS,False,True,7018341517: 6,,downloaded
SPE4A626T30QM,https://www.dibbs.bsm.dla.mil/RFQ/RFQRec.aspx?sn=SPE4A626T30QM,200,20260930T200825Z,data\dibbs_status\status_20260930T191011Z\pages\SPE4A626T30QM.html,Open,Open,09-16-2026,09-23-2026,True,SPE4A6-26-T-30QM,False,True,7018342899: See Solicitation; 7018342899: 8,,downloaded
SPE4A626T30QE,https://www.dibbs.bsm.dla.mil/RFQ/RFQRec.aspx?sn=SPE4A626T30QE,200,20260930T200829Z,data\dibbs_status\status_20260930T191011Z\pages\SPE4A626T30QE.html,Open,Open,09-16-2026,09-23-2026,True,SPE4A6-26-T-30QE,False,True,7018249045: See Solicitation; 7018249045: 9,,downloaded
SPE4A626T30QD,https://www.dibbs.bsm.dla.mil/RFQ/RFQRec.aspx?sn=SPE4A626T30QD,200,20260930T200833Z,data\dibbs_status\status_20260930T191011Z\pages\SPE4A626T30QD.html,Open,Open,09-16-2026,09-23-2026,True,SPE4A6-26-T-30QD,False,True,7018341538: See Solicitation; 7018341538: 15,,downloaded
SPE4A626T30QJ,https://www.dibbs.bsm.dla.mil/RFQ/RFQRec.aspx?sn=SPE4A626T30QJ,200,20260930T200837Z,data\dibbs_status\status_20260930T191011Z\pages\SPE4A626T30QJ.html,Open,Open,09-16-2026,09-23-2026,True,SPE4A6-26-T-30QJ,False,True,7018342303: See Solicitation; 7018342303: 5,,downloaded
SPE7L326T254M,https://www.dibbs.bsm.dla.mil/RFQ/RFQRec.aspx?sn=SPE7L326T254M,200,20260930T200842Z,data\dibbs_status\status_20260930T191011Z\pages\SPE7L326T254M.html,Open,Open,09-16-2026,09-28-2026,True,SPE7L3-26-T-254M,False,True,7017778174: See Solicitation; 7017778174: 63,,downloaded
SPE4A626T30DZ,https://www.dibbs.bsm.dla.mil/RFQ/RFQRec.aspx?sn=SPE4A626T30DZ,200,20260930T200846Z,data\dibbs_status\status_20260930T191011Z\pages\SPE4A626T30DZ.html,Open,Open,09-16-2026,09-23-2026,True,SPE4A6-26-T-30DZ,False,True,7018343342: 5,,downloaded
SPE4A626T29TD,https://www.dibbs.bsm.dla.mil/RFQ/RFQRec.aspx?sn=SPE4A626T29TD,200,20260930T200851Z,data\dibbs_status\status_20260930T191011Z\pages\SPE4A626T29TD.html,Open,Open,09-16-2026,09-23-2026,True,SPE4A6-26-T-29TD,False,True,7018343103: See Solicitation; 7018343103: 6,,downloaded
SPE4A726T743E,https://www.dibbs.bsm.dla.mil/RFQ/RFQRec.aspx?sn=SPE4A726T743E,200,20260930T200855Z,data\dibbs_status\status_20260930T191011Z\pages\SPE4A726T743E.html,Open,Open,09-16-2026,09-23-2026,True,SPE4A7-26-T-743E,False,True,7018341484: 2,,downloaded
SPE4A626T30AH,https://www.dibbs.bsm.dla.mil/RFQ/RFQRec.aspx?sn=SPE4A626T30AH,200,20260930T200858Z,data\dibbs_status\status_20260930T191011Z\pages\SPE4A626T30AH.html,Open,Open,09-16-2026,09-23-2026,True,SPE4A6-26-T-30AH,False,True,7018342076: See Solicitation; 7018342076: 19,,downloaded
SPE4A626T30AL,https://www.dibbs.bsm.dla.mil/RFQ/RFQRec.aspx?sn=SPE4A626T30AL,200,20260930T200902Z,data\dibbs_status\status_20260930T191011Z\pages\SPE4A626T30AL.html,Open,Open,09-16-2026,09-23-2026,True,SPE4A6-26-T-30AL,False,True,7018342195: See Solicitation; 7018342195: 33,,downloaded
SPE4A626T29UH,https://www.dibbs.bsm.dla.mil/RFQ/RFQRec.aspx?sn=SPE4A626T29UH,200,20260930T200905Z,data\dibbs_status\status_20260930T191011Z\pages\SPE4A626T29UH.html,Open,Open,09-16-2026,09-23-2026,True,SPE4A6-26-T-29UH,False,True,7018343636: See Solicitation; 7018343636: 3,,downloaded
SPE4A626U4199,https://www.dibbs.bsm.dla.mil/RFQ/RFQRec.aspx?sn=SPE4A626U4199,200,20260930T200909Z,data\dibbs_status\status_20260930T191011Z\pages\SPE4A626U4199.html,Open,Open,09-15-2026,09-29-2026,True,SPE4A6-26-U-4199,False,True,1000236145: 7,,downloaded
SPE4A626T29MD,https://www.dibbs.bsm.dla.mil/RFQ/RFQRec.aspx?sn=SPE4A626T29MD,200,20260930T200913Z,data\dibbs_status\status_20260930T191011Z\pages\SPE4A626T29MD.html,Open,Open,09-15-2026,09-22-2026,True,SPE4A6-26-T-29MD,False,True,7018186226: See Solicitation; 7018186226: 1,,downloaded
SPE4A126T2772,https://www.dibbs.bsm.dla.mil/RFQ/RFQRec.aspx?sn=SPE4A126T2772,200,20260930T200916Z,data\dibbs_status\status_20260930T191011Z\pages\SPE4A126T2772.html,Open,Open,09-15-2026,09-22-2026,True,SPE4A1-26-T-2772,False,True,7016627919: 1,,downloaded
SPE4A626T29JQ,https://www.dibbs.bsm.dla.mil/RFQ/RFQRec.aspx?sn=SPE4A626T29JQ,200,20260930T200920Z,data\dibbs_status\status_20260930T191011Z\pages\SPE4A626T29JQ.html,Open,Open,09-15-2026,09-22-2026,True,SPE4A6-26-T-29JQ,False,True,7018256254: 2,,downloaded
SPE4A626T29HA,https://www.dibbs.bsm.dla.mil/RFQ/RFQRec.aspx?sn=SPE4A626T29HA,200,20260930T200923Z,data\dibbs_status\status_20260930T191011Z\pages\SPE4A626T29HA.html,Open,Open,09-15-2026,09-22-2026,True,SPE4A6-26-T-29HA,False,True,7018027438: 1,,downloaded
SPE4A626T29HF,https://www.dibbs.bsm.dla.mil/RFQ/RFQRec.aspx?sn=SPE4A626T29HF,200,20260930T200927Z,data\dibbs_status\status_20260930T191011Z\pages\SPE4A626T29HF.html,Open,Open,09-15-2026,09-22-2026,True,SPE4A6-26-T-29HF,False,True,7017636714: See Solicitation; 7017636714: 2,,downloaded
SPE4A626T29CL,https://www.dibbs.bsm.dla.mil/RFQ/RFQRec.aspx?sn=SPE4A626T29CL,200,20260930T200930Z,data\dibbs_status\status_20260930T191011Z\pages\SPE4A626T29CL.html,Open,Open,09-14-2026,09-21-2026,True,SPE4A6-26-T-29CL,False,True,7018235004: 1,,downloaded
SPE4A626T28YD,https://www.dibbs.bsm.dla.mil/RFQ/RFQRec.aspx?sn=SPE4A626T28YD,200,20260930T200934Z,data\dibbs_status\status_20260930T191011Z\pages\SPE4A626T28YD.html,Open,Open,09-14-2026,09-21-2026,True,SPE4A6-26-T-28YD,False,True,7018227186: See Solicitation; 7018227186: 1,,downloaded
SPE4A026T4677,https://www.dibbs.bsm.dla.mil/RFQ/RFQRec.aspx?sn=SPE4A026T4677,200,20260930T200937Z,data\dibbs_status\status_20260930T191011Z\pages\SPE4A026T4677.html,Open,Open,09-04-2026,09-16-2026,True,SPE4A0-26-T-4677,False,True,7017801122: 1,,downloaded
SPE4A626T28WR,https://www.dibbs.bsm.dla.mil/RFQ/RFQRec.aspx?sn=SPE4A626T28WR,200,20260930T200940Z,data\dibbs_status\status_20260930T191011Z\pages\SPE4A626T28WR.html,Open,Open,09-11-2026,09-18-2026,True,SPE4A6-26-T-28WR,False,True,7018249075: See Solicitation; 7018249075: 3,,downloaded
SPE4A626T28VW,https://www.dibbs.bsm.dla.mil/RFQ/RFQRec.aspx?sn=SPE4A626T28VW,200,20260930T200944Z,data\dibbs_status\status_20260930T191011Z\pages\SPE4A626T28VW.html,Open,Open,09-11-2026,09-18-2026,True,SPE4A6-26-T-28VW,False,True,7015245951: 4,,downloaded
SPE4A626T28QS,https://www.dibbs.bsm.dla.mil/RFQ/RFQRec.aspx?sn=SPE4A626T28QS,200,20260930T200947Z,data\dibbs_status\status_20260930T191011Z\pages\SPE4A626T28QS.html,Open,Open,09-11-2026,09-18-2026,True,SPE4A6-26-T-28QS,False,True,7016716733: See Solicitation; 7016716733: 1,,downloaded
SPE4A626T28QH,https://www.dibbs.bsm.dla.mil/RFQ/RFQRec.aspx?sn=SPE4A626T28QH,200,20260930T200951Z,data\dibbs_status\status_20260930T191011Z\pages\SPE4A626T28QH.html,Open,Open,09-11-2026,09-18-2026,True,SPE4A6-26-T-28QH,False,True,7018248681: See Solicitation; 7018248681: 73,,downloaded
SPE4A626T28VS,https://www.dibbs.bsm.dla.mil/RFQ/RFQRec.aspx?sn=SPE4A626T28VS,200,20260930T200955Z,data\dibbs_status\status_20260930T191011Z\pages\SPE4A626T28VS.html,Open,Open,09-11-2026,09-18-2026,True,SPE4A6-26-T-28VS,False,True,7018248440: See Solicitation; 7018248440: 19,,downloaded
SPE4A626T28UP,https://www.dibbs.bsm.dla.mil/RFQ/RFQRec.aspx?sn=SPE4A626T28UP,200,20260930T200958Z,data\dibbs_status\status_20260930T191011Z\pages\SPE4A626T28UP.html,Open,Open,09-11-2026,09-18-2026,True,SPE4A6-26-T-28UP,False,True,7018287825: 181,,downloaded
SPE4A626T28VK,https://www.dibbs.bsm.dla.mil/RFQ/RFQRec.aspx?sn=SPE4A626T28VK,200,20260930T201002Z,data\dibbs_status\status_20260930T191011Z\pages\SPE4A626T28VK.html,Open,Open,09-11-2026,09-18-2026,True,SPE4A6-26-T-28VK,False,True,7018283486: 5,,downloaded
SPE7M126T346D,https://www.dibbs.bsm.dla.mil/RFQ/RFQRec.aspx?sn=SPE7M126T346D,200,20260930T201006Z,data\dibbs_status\status_20260930T191011Z\pages\SPE7M126T346D.html,Open,Open,09-11-2026,09-21-2026,True,SPE7M1-26-T-346D,False,True,7018271860: 3,,downloaded
SPE4A626T28NP,https://www.dibbs.bsm.dla.mil/RFQ/RFQRec.aspx?sn=SPE4A626T28NP,200,20260930T201010Z,data\dibbs_status\status_20260930T191011Z\pages\SPE4A626T28NP.html,Open,Open,09-11-2026,09-18-2026,True,SPE4A6-26-T-28NP,False,True,7018247866: See Solicitation; 7018247866: 9,,downloaded
SPE4A626T28NV,https://www.dibbs.bsm.dla.mil/RFQ/RFQRec.aspx?sn=SPE4A626T28NV,200,20260930T201014Z,data\dibbs_status\status_20260930T191011Z\pages\SPE4A626T28NV.html,Open,Open,09-11-2026,09-18-2026,True,SPE4A6-26-T-28NV,False,True,7018247664: See Solicitation; 7018247664: 8,,downloaded
SPE4A626T24CG,https://www.dibbs.bsm.dla.mil/RFQ/RFQRec.aspx?sn=SPE4A626T24CG,200,20260930T201018Z,data\dibbs_status\status_20260930T191011Z\pages\SPE4A626T24CG.html,Open,Open,08-28-2026,09-14-2026,True,SPE4A6-26-T-24CG,False,True,7015974592: 2,,downloaded
SPE4A626T28HX,https://www.dibbs.bsm.dla.mil/RFQ/RFQRec.aspx?sn=SPE4A626T28HX,200,20260930T201022Z,data\dibbs_status\status_20260930T191011Z\pages\SPE4A626T28HX.html,Open,Open,09-10-2026,09-17-2026,True,SPE4A6-26-T-28HX,False,True,7016848835: See Solicitation; 7016848835: 2,,downloaded
SPE4A626T28HP,https://www.dibbs.bsm.dla.mil/RFQ/RFQRec.aspx?sn=SPE4A626T28HP,200,20260930T201026Z,data\dibbs_status\status_20260930T191011Z\pages\SPE4A626T28HP.html,Open,Open,09-10-2026,09-17-2026,True,SPE4A6-26-T-28HP,False,True,7017947105: 1; 7017949660: 1,,downloaded
SPE4A626T28CN,https://www.dibbs.bsm.dla.mil/RFQ/RFQRec.aspx?sn=SPE4A626T28CN,200,20260930T201029Z,data\dibbs_status\status_20260930T191011Z\pages\SPE4A626T28CN.html,Open,Open,09-10-2026,09-17-2026,True,SPE4A6-26-T-28CN,False,True,7018185808: 2,,downloaded
SPE4A626T28BU,https://www.dibbs.bsm.dla.mil/RFQ/RFQRec.aspx?sn=SPE4A626T28BU,200,20260930T201032Z,data\dibbs_status\status_20260930T191011Z\pages\SPE4A626T28BU.html,Open,Open,09-10-2026,09-17-2026,True,SPE4A6-26-T-28BU,False,True,7018185637: 2,,downloaded
SPE4A626T27XC,https://www.dibbs.bsm.dla.mil/RFQ/RFQRec.aspx?sn=SPE4A626T27XC,200,20260930T201036Z,data\dibbs_status\status_20260930T191011Z\pages\SPE4A626T27XC.html,Open,Open,09-10-2026,09-17-2026,True,SPE4A6-26-T-27XC,False,True,7018248043: See Solicitation; 7018248043: 3,,downloaded
SPE4A626T27TB,https://www.dibbs.bsm.dla.mil/RFQ/RFQRec.aspx?sn=SPE4A626T27TB,200,20260930T201039Z,data\dibbs_status\status_20260930T191011Z\pages\SPE4A626T27TB.html,Open,Open,09-10-2026,09-17-2026,True,SPE4A6-26-T-27TB,False,True,7018247775: 170,,downloaded
SPE4A626T27WX,https://www.dibbs.bsm.dla.mil/RFQ/RFQRec.aspx?sn=SPE4A626T27WX,200,20260930T201043Z,data\dibbs_status\status_20260930T191011Z\pages\SPE4A626T27WX.html,Open,Open,09-10-2026,09-17-2026,True,SPE4A6-26-T-27WX,False,True,7018247290: See Solicitation; 7018247290: 2,,downloaded
SPE4A626T27YB,https://www.dibbs.bsm.dla.mil/RFQ/RFQRec.aspx?sn=SPE4A626T27YB,200,20260930T201046Z,data\dibbs_status\status_20260930T191011Z\pages\SPE4A626T27YB.html,Open,Open,09-10-2026,09-17-2026,True,SPE4A6-26-T-27YB,False,True,7018247279: See Solicitation; 7018247279: 2,,downloaded
SPE4A626T27YM,https://www.dibbs.bsm.dla.mil/RFQ/RFQRec.aspx?sn=SPE4A626T27YM,200,20260930T201050Z,data\dibbs_status\status_20260930T191011Z\pages\SPE4A626T27YM.html,Open,Open,09-10-2026,09-17-2026,True,SPE4A6-26-T-27YM,False,True,7018247349: 200,,downloaded
SPE4A626T27PN,https://www.dibbs.bsm.dla.mil/RFQ/RFQRec.aspx?sn=SPE4A626T27PN,200,20260930T201054Z,data\dibbs_status\status_20260930T191011Z\pages\SPE4A626T27PN.html,Open,Open,09-10-2026,09-17-2026,True,SPE4A6-26-T-27PN,False,True,7018247848: See Solicitation; 7018247848: 13,,downloaded
SPE4A626T27AA,https://www.dibbs.bsm.dla.mil/RFQ/RFQRec.aspx?sn=SPE4A626T27AA,200,20260930T201057Z,data\dibbs_status\status_20260930T191011Z\pages\SPE4A626T27AA.html,Open,Open,09-08-2026,09-15-2026,True,SPE4A6-26-T-27AA,False,True,7018067928: See Solicitation; 7018067928: 13,,downloaded
SPE4A626T26YV,https://www.dibbs.bsm.dla.mil/RFQ/RFQRec.aspx?sn=SPE4A626T26YV,200,20260930T201102Z,data\dibbs_status\status_20260930T191011Z\pages\SPE4A626T26YV.html,Open,Open,09-08-2026,09-15-2026,True,SPE4A6-26-T-26YV,False,True,7018067859: See Solicitation; 7018067859: 2,,downloaded
SPE4A626T27AV,https://www.dibbs.bsm.dla.mil/RFQ/RFQRec.aspx?sn=SPE4A626T27AV,200,20260930T201105Z,data\dibbs_status\status_20260930T191011Z\pages\SPE4A626T27AV.html,Open,Open,09-08-2026,09-15-2026,True,SPE4A6-26-T-27AV,False,True,7017837155: 2,,downloaded
SPE4A626T27AM,https://www.dibbs.bsm.dla.mil/RFQ/RFQRec.aspx?sn=SPE4A626T27AM,200,20260930T201109Z,data\dibbs_status\status_20260930T191011Z\pages\SPE4A626T27AM.html,Open,Open,09-08-2026,09-15-2026,True,SPE4A6-26-T-27AM,False,True,7018068426: 5,,downloaded
SPE4A626T23YH,https://www.dibbs.bsm.dla.mil/RFQ/RFQRec.aspx?sn=SPE4A626T23YH,200,20260930T201113Z,data\dibbs_status\status_20260930T191011Z\pages\SPE4A626T23YH.html,Open,Open,08-28-2026,09-10-2026,True,SPE4A6-26-T-23YH,False,True,7017990829: 3,,downloaded
SPE4A626T23YA,https://www.dibbs.bsm.dla.mil/RFQ/RFQRec.aspx?sn=SPE4A626T23YA,200,20260930T201117Z,data\dibbs_status\status_20260930T191011Z\pages\SPE4A626T23YA.html,Open,Open,08-28-2026,09-10-2026,True,SPE4A6-26-T-23YA,False,True,7018020383: 1,,downloaded
SPE4A626T26SE,https://www.dibbs.bsm.dla.mil/RFQ/RFQRec.aspx?sn=SPE4A626T26SE,200,20260930T201122Z,data\dibbs_status\status_20260930T191011Z\pages\SPE4A626T26SE.html,Open,Open,09-04-2026,09-11-2026,True,SPE4A6-26-T-26SE,False,True,7018197372: 41,,downloaded
SPE4A626T26RT,https://www.dibbs.bsm.dla.mil/RFQ/RFQRec.aspx?sn=SPE4A626T26RT,200,20260930T201126Z,data\dibbs_status\status_20260930T191011Z\pages\SPE4A626T26RT.html,Open,Open,09-04-2026,09-11-2026,True,SPE4A6-26-T-26RT,False,True,7018129760: See Solicitation; 7018129761: 1; 7018129760: 2,,downloaded
SPE7L526T5302,https://www.dibbs.bsm.dla.mil/RFQ/RFQRec.aspx?sn=SPE7L526T5302,200,20260930T201129Z,data\dibbs_status\status_20260930T191011Z\pages\SPE7L526T5302.html,Open,Open,09-04-2026,09-14-2026,True,SPE7L5-26-T-5302,False,True,7018075920: 712,,downloaded
SPE4A026T4658,https://www.dibbs.bsm.dla.mil/RFQ/RFQRec.aspx?sn=SPE4A026T4658,200,20260930T201133Z,data\dibbs_status\status_20260930T191011Z\pages\SPE4A026T4658.html,Open,Open,09-04-2026,09-11-2026,True,SPE4A0-26-T-4658,False,True,7018118565: 1,,downloaded
SPE4A026T4617,https://www.dibbs.bsm.dla.mil/RFQ/RFQRec.aspx?sn=SPE4A026T4617,200,20260930T201137Z,data\dibbs_status\status_20260930T191011Z\pages\SPE4A026T4617.html,Open,Open,09-04-2026,09-11-2026,True,SPE4A0-26-T-4617,False,True,7018121860: 1,,downloaded
SPE4A626T26JS,https://www.dibbs.bsm.dla.mil/RFQ/RFQRec.aspx?sn=SPE4A626T26JS,200,20260930T201140Z,data\dibbs_status\status_20260930T191011Z\pages\SPE4A626T26JS.html,Open,Open,09-04-2026,09-11-2026,True,SPE4A6-26-T-26JS,False,True,7018115989: 1,,downloaded
SPE4A626T25XG,https://www.dibbs.bsm.dla.mil/RFQ/RFQRec.aspx?sn=SPE4A626T25XG,200,20260930T201144Z,data\dibbs_status\status_20260930T191011Z\pages\SPE4A626T25XG.html,Open,Open,09-02-2026,09-09-2026,True,SPE4A6-26-T-25XG,False,True,7017939446: See Solicitation; 7017939446: 42,,downloaded
SPE4A626T25VG,https://www.dibbs.bsm.dla.mil/RFQ/RFQRec.aspx?sn=SPE4A626T25VG,200,20260930T201147Z,data\dibbs_status\status_20260930T191011Z\pages\SPE4A626T25VG.html,Open,Open,09-02-2026,09-09-2026,True,SPE4A6-26-T-25VG,False,True,7018087632: 2,,downloaded
SPE4A626T21SE,https://www.dibbs.bsm.dla.mil/RFQ/RFQRec.aspx?sn=SPE4A626T21SE,200,20260930T201151Z,data\dibbs_status\status_20260930T191011Z\pages\SPE4A626T21SE.html,Open,Open,08-24-2026,09-04-2026,True,SPE4A6-26-T-21SE,False,True,7017674703: 1,,downloaded
SPE4A626T21NK,https://www.dibbs.bsm.dla.mil/RFQ/RFQRec.aspx?sn=SPE4A626T21NK,200,20260930T201155Z,data\dibbs_status\status_20260930T191011Z\pages\SPE4A626T21NK.html,Open,Open,08-24-2026,09-03-2026,True,SPE4A6-26-T-21NK,False,True,7017880078: 1,,downloaded
SPE4A726T706Y,https://www.dibbs.bsm.dla.mil/RFQ/RFQRec.aspx?sn=SPE4A726T706Y,200,20260930T201159Z,data\dibbs_status\status_20260930T191011Z\pages\SPE4A726T706Y.html,Open,Open,09-01-2026,09-08-2026,True,SPE4A7-26-T-706Y,False,True,7016473538: See Solicitation; 7016473538: 50,,downloaded
SPE4A626T25AL,https://www.dibbs.bsm.dla.mil/RFQ/RFQRec.aspx?sn=SPE4A626T25AL,200,20260930T201203Z,data\dibbs_status\status_20260930T191011Z\pages\SPE4A626T25AL.html,Open,Open,09-01-2026,09-08-2026,True,SPE4A6-26-T-25AL,False,True,7018067777: See Solicitation; 7018067777: 2,,downloaded
SPE4A626T24YD,https://www.dibbs.bsm.dla.mil/RFQ/RFQRec.aspx?sn=SPE4A626T24YD,200,20260930T201207Z,data\dibbs_status\status_20260930T191011Z\pages\SPE4A626T24YD.html,Open,Open,08-31-2026,09-08-2026,True,SPE4A6-26-T-24YD,False,True,7017395757: 1,,downloaded
SPE4A626Q1360,https://www.dibbs.bsm.dla.mil/RFQ/RFQRec.aspx?sn=SPE4A626Q1360,200,20260930T201211Z,data\dibbs_status\status_20260930T191011Z\pages\SPE4A626Q1360.html,Open,Open,08-27-2026,09-10-2026,True,SPE4A6-26-Q-1360,False,True,7017272364: See Solicitation; 7017272364: 4,,downloaded
SPE4A626T24NQ,https://www.dibbs.bsm.dla.mil/RFQ/RFQRec.aspx?sn=SPE4A626T24NQ,200,20260930T201215Z,data\dibbs_status\status_20260930T191011Z\pages\SPE4A626T24NQ.html,Open,Open,08-28-2026,09-04-2026,True,SPE4A6-26-T-24NQ,False,True,7018016322: 10,,downloaded
SPE4A426T0192,https://www.dibbs.bsm.dla.mil/RFQ/RFQRec.aspx?sn=SPE4A426T0192,200,20260930T201218Z,data\dibbs_status\status_20260930T191011Z\pages\SPE4A426T0192.html,Open,Open,08-28-2026,09-04-2026,True,SPE4A4-26-T-0192,False,True,7018068030: See Solicitation; 7018068030: 1,,downloaded
SPE4A626T20GV,https://www.dibbs.bsm.dla.mil/RFQ/RFQRec.aspx?sn=SPE4A626T20GV,200,20260930T201222Z,data\dibbs_status\status_20260930T191011Z\pages\SPE4A626T20GV.html,Open,Open,08-20-2026,09-01-2026,True,SPE4A6-26-T-20GV,False,True,7017836987: 27,,downloaded
SPE4A626T20QC,https://www.dibbs.bsm.dla.mil/RFQ/RFQRec.aspx?sn=SPE4A626T20QC,200,20260930T201225Z,data\dibbs_status\status_20260930T191011Z\pages\SPE4A626T20QC.html,Open,Open,08-20-2026,09-01-2026,True,SPE4A6-26-T-20QC,False,True,7017939594: 13,,downloaded
SPE4A626T20RL,https://www.dibbs.bsm.dla.mil/RFQ/RFQRec.aspx?sn=SPE4A626T20RL,200,20260930T201229Z,data\dibbs_status\status_20260930T191011Z\pages\SPE4A626T20RL.html,Open,Open,08-20-2026,09-01-2026,True,SPE4A6-26-T-20RL,False,True,7017839108: 2,,downloaded
SPE4A626T24JC,https://www.dibbs.bsm.dla.mil/RFQ/RFQRec.aspx?sn=SPE4A626T24JC,200,20260930T201232Z,data\dibbs_status\status_20260930T191011Z\pages\SPE4A626T24JC.html,Open,Open,08-28-2026,09-04-2026,True,SPE4A6-26-T-24JC,False,True,7017838923: See Solicitation; 7017838923: 15,,downloaded
SPE4A626T24DK,https://www.dibbs.bsm.dla.mil/RFQ/RFQRec.aspx?sn=SPE4A626T24DK,200,20260930T201236Z,data\dibbs_status\status_20260930T191011Z\pages\SPE4A626T24DK.html,Open,Open,08-28-2026,09-04-2026,True,SPE4A6-26-T-24DK,False,True,7016227738: See Solicitation; 7016227738: 10,,downloaded
SPE4A626T24CJ,https://www.dibbs.bsm.dla.mil/RFQ/RFQRec.aspx?sn=SPE4A626T24CJ,200,20260930T201240Z,data\dibbs_status\status_20260930T191011Z\pages\SPE4A626T24CJ.html,Open,Open,08-28-2026,09-04-2026,True,SPE4A6-26-T-24CJ,False,True,7017274394: 2,,downloaded
SPE4A626T24DD,https://www.dibbs.bsm.dla.mil/RFQ/RFQRec.aspx?sn=SPE4A626T24DD,200,20260930T201244Z,data\dibbs_status\status_20260930T191011Z\pages\SPE4A626T24DD.html,Open,Open,08-28-2026,09-04-2026,True,SPE4A6-26-T-24DD,False,True,7018024547: 1,,downloaded
SPE4A626T23RC,https://www.dibbs.bsm.dla.mil/RFQ/RFQRec.aspx?sn=SPE4A626T23RC,200,20260930T201247Z,data\dibbs_status\status_20260930T191011Z\pages\SPE4A626T23RC.html,Open,Open,08-27-2026,09-03-2026,True,SPE4A6-26-T-23RC,False,True,7018066578: 7,,downloaded
SPE4A626T23LL,https://www.dibbs.bsm.dla.mil/RFQ/RFQRec.aspx?sn=SPE4A626T23LL,200,20260930T201251Z,data\dibbs_status\status_20260930T191011Z\pages\SPE4A626T23LL.html,Open,Open,08-27-2026,09-03-2026,True,SPE4A6-26-T-23LL,False,True,7018069530: 6,,downloaded
SPE4A626T23GU,https://www.dibbs.bsm.dla.mil/RFQ/RFQRec.aspx?sn=SPE4A626T23GU,200,20260930T201254Z,data\dibbs_status\status_20260930T191011Z\pages\SPE4A626T23GU.html,Open,Open,08-27-2026,09-03-2026,True,SPE4A6-26-T-23GU,False,True,7018066625: 2,,downloaded
SPE4A626T23DU,https://www.dibbs.bsm.dla.mil/RFQ/RFQRec.aspx?sn=SPE4A626T23DU,200,20260930T201258Z,data\dibbs_status\status_20260930T191011Z\pages\SPE4A626T23DU.html,Open,Open,08-27-2026,09-03-2026,True,SPE4A6-26-T-23DU,False,True,7017940890: See Solicitation; 7017940890: 13,,downloaded
SPE4A626T22NN,https://www.dibbs.bsm.dla.mil/RFQ/RFQRec.aspx?sn=SPE4A626T22NN,200,20260930T201302Z,data\dibbs_status\status_20260930T191011Z\pages\SPE4A626T22NN.html,Open,Open,08-26-2026,09-02-2026,True,SPE4A6-26-T-22NN,False,True,7017913232: 10,,downloaded
SPE4A626T07QC,https://www.dibbs.bsm.dla.mil/RFQ/RFQRec.aspx?sn=SPE4A626T07QC,200,20260930T201306Z,data\dibbs_status\status_20260930T191011Z\pages\SPE4A626T07QC.html,Open,Open,07-20-2026,08-28-2026,True,SPE4A6-26-T-07QC,False,True,7017528834: 4,,downloaded
SPE4A626T22JX,https://www.dibbs.bsm.dla.mil/RFQ/RFQRec.aspx?sn=SPE4A626T22JX,200,20260930T201310Z,data\dibbs_status\status_20260930T191011Z\pages\SPE4A626T22JX.html,Open,Open,08-26-2026,09-02-2026,True,SPE4A6-26-T-22JX,False,True,7017408491: See Solicitation; 7017408491: 5,,downloaded
SPE4A626T22HM,https://www.dibbs.bsm.dla.mil/RFQ/RFQRec.aspx?sn=SPE4A626T22HM,200,20260930T201315Z,data\dibbs_status\status_20260930T191011Z\pages\SPE4A626T22HM.html,Open,Open,08-26-2026,09-02-2026,True,SPE4A6-26-T-22HM,False,True,7017837283: See Solicitation; 7017837283: 18,,downloaded
SPE4A626T22JE,https://www.dibbs.bsm.dla.mil/RFQ/RFQRec.aspx?sn=SPE4A626T22JE,200,20260930T201318Z,data\dibbs_status\status_20260930T191011Z\pages\SPE4A626T22JE.html,Open,Open,08-26-2026,09-02-2026,True,SPE4A6-26-T-22JE,False,True,7015454344: 6,,downloaded
SPE4A626T21YM,https://www.dibbs.bsm.dla.mil/RFQ/RFQRec.aspx?sn=SPE4A626T21YM,200,20260930T201322Z,data\dibbs_status\status_20260930T191011Z\pages\SPE4A626T21YM.html,Open,Open,08-25-2026,09-01-2026,True,SPE4A6-26-T-21YM,False,True,7014545125: See Solicitation; 7014545125: 3,,downloaded
SPE4A626T21YK,https://www.dibbs.bsm.dla.mil/RFQ/RFQRec.aspx?sn=SPE4A626T21YK,200,20260930T201326Z,data\dibbs_status\status_20260930T191011Z\pages\SPE4A626T21YK.html,Open,Open,08-25-2026,09-01-2026,True,SPE4A6-26-T-21YK,False,True,7017383791: See Solicitation; 7017383791: 11,,downloaded
SPE4A626T21YD,https://www.dibbs.bsm.dla.mil/RFQ/RFQRec.aspx?sn=SPE4A626T21YD,200,20260930T201330Z,data\dibbs_status\status_20260930T191011Z\pages\SPE4A626T21YD.html,Open,Open,08-25-2026,09-01-2026,True,SPE4A6-26-T-21YD,False,True,7014545656: See Solicitation; 7014545656: 14,,downloaded
SPE4A626T21XL,https://www.dibbs.bsm.dla.mil/RFQ/RFQRec.aspx?sn=SPE4A626T21XL,200,20260930T201333Z,data\dibbs_status\status_20260930T191011Z\pages\SPE4A626T21XL.html,Open,Open,08-25-2026,09-01-2026,True,SPE4A6-26-T-21XL,False,True,7017741001: See Solicitation; 7017741001: 14,,downloaded
SPE4A626T21XB,https://www.dibbs.bsm.dla.mil/RFQ/RFQRec.aspx?sn=SPE4A626T21XB,200,20260930T201337Z,data\dibbs_status\status_20260930T191011Z\pages\SPE4A626T21XB.html,Open,Open,08-25-2026,09-01-2026,True,SPE4A6-26-T-21XB,False,True,7017965621: 1,,downloaded
SPE4A626T21WK,https://www.dibbs.bsm.dla.mil/RFQ/RFQRec.aspx?sn=SPE4A626T21WK,200,20260930T201341Z,data\dibbs_status\status_20260930T191011Z\pages\SPE4A626T21WK.html,Open,Open,08-25-2026,09-01-2026,True,SPE4A6-26-T-21WK,False,True,7015955179: See Solicitation; 7015955179: 40,,downloaded
SPE4A626T15VY,https://www.dibbs.bsm.dla.mil/RFQ/RFQRec.aspx?sn=SPE4A626T15VY,200,20260930T201345Z,data\dibbs_status\status_20260930T191011Z\pages\SPE4A626T15VY.html,Open,Open,08-13-2026,08-25-2026,True,SPE4A6-26-T-15VY,False,True,7017837207: 6,,downloaded
SPE4A626T21UT,https://www.dibbs.bsm.dla.mil/RFQ/RFQRec.aspx?sn=SPE4A626T21UT,200,20260930T201351Z,data\dibbs_status\status_20260930T191011Z\pages\SPE4A626T21UT.html,Open,Open,08-25-2026,09-01-2026,True,SPE4A6-26-T-21UT,False,True,7016471861: See Solicitation; 7016471861: See Solicitation; 7016471861: 124,,downloaded
SPE4A626T21SH,https://www.dibbs.bsm.dla.mil/RFQ/RFQRec.aspx?sn=SPE4A626T21SH,200,20260930T201356Z,data\dibbs_status\status_20260930T191011Z\pages\SPE4A626T21SH.html,Open,Open,08-24-2026,08-31-2026,True,SPE4A6-26-T-21SH,False,True,7017480873: See Solicitation; 7017480873: 3,,downloaded
SPE4A026T4439,https://www.dibbs.bsm.dla.mil/RFQ/RFQRec.aspx?sn=SPE4A026T4439,200,20260930T201359Z,data\dibbs_status\status_20260930T191011Z\pages\SPE4A026T4439.html,Open,Open,08-24-2026,08-31-2026,True,SPE4A0-26-T-4439,False,True,7017947626: See Solicitation; 7017947626: 1,,downloaded
SPE4A626T19NS,https://www.dibbs.bsm.dla.mil/RFQ/RFQRec.aspx?sn=SPE4A626T19NS,200,20260930T201405Z,data\dibbs_status\status_20260930T191011Z\pages\SPE4A626T19NS.html,Open,Open,08-19-2026,08-26-2026,True,SPE4A6-26-T-19NS,False,True,7017938689: 7,,downloaded
SPE4A626T19LF,https://www.dibbs.bsm.dla.mil/RFQ/RFQRec.aspx?sn=SPE4A626T19LF,200,20260930T201409Z,data\dibbs_status\status_20260930T191011Z\pages\SPE4A626T19LF.html,Open,Open,08-19-2026,08-26-2026,True,SPE4A6-26-T-19LF,False,True,7017939506: See Solicitation; 7017939506: 38,,downloaded
SPE4A626T18QM,https://www.dibbs.bsm.dla.mil/RFQ/RFQRec.aspx?sn=SPE4A626T18QM,200,20260930T201413Z,data\dibbs_status\status_20260930T191011Z\pages\SPE4A626T18QM.html,Open,Open,08-18-2026,08-25-2026,True,SPE4A6-26-T-18QM,False,True,7017858540: 1,,downloaded
SPE4AN26T0077,https://www.dibbs.bsm.dla.mil/RFQ/RFQRec.aspx?sn=SPE4AN26T0077,200,20260930T201417Z,data\dibbs_status\status_20260930T191011Z\pages\SPE4AN26T0077.html,Open,Open,08-14-2026,08-21-2026,True,SPE4AN-26-T-0077,False,True,7017809406: 2,,downloaded
SPE4A726T8352,https://www.dibbs.bsm.dla.mil/RFQ/RFQRec.aspx?sn=SPE4A726T8352,200,20260930T201422Z,data\dibbs_status\status_20260930T191011Z\pages\SPE4A726T8352.html,Open,Open,01-26-2026,02-02-2026,True,SPE4A7-26-T-8352,False,True,7015211013: See Solicitation; 7015211013: 8,,downloaded
SPE4A626T06EU,https://www.dibbs.bsm.dla.mil/RFQ/RFQRec.aspx?sn=SPE4A626T06EU,200,20260930T201425Z,data\dibbs_status\status_20260930T191011Z\pages\SPE4A626T06EU.html,Open,Open,07-15-2026,07-27-2026,True,SPE4A6-26-T-06EU,False,True,7017486388: 2,,downloaded
SPE4A626T05XS,https://www.dibbs.bsm.dla.mil/RFQ/RFQRec.aspx?sn=SPE4A626T05XS,200,20260930T201429Z,data\dibbs_status\status_20260930T191011Z\pages\SPE4A626T05XS.html,Open,Open,07-15-2026,07-22-2026,True,SPE4A6-26-T-05XS,False,True,7017487509: See Solicitation; 7017487509: 5,,downloaded
SPE4A626T03PY,https://www.dibbs.bsm.dla.mil/RFQ/RFQRec.aspx?sn=SPE4A626T03PY,200,20260930T201432Z,data\dibbs_status\status_20260930T191011Z\pages\SPE4A626T03PY.html,Open,Open,07-07-2026,07-14-2026,True,SPE4A6-26-T-03PY,False,True,7017382609: See Solicitation; 7017382609: 4,,downloaded
SPE4A626T02JC,https://www.dibbs.bsm.dla.mil/RFQ/RFQRec.aspx?sn=SPE4A626T02JC,200,20260930T201436Z,data\dibbs_status\status_20260930T191011Z\pages\SPE4A626T02JC.html,Open,Open,07-02-2026,07-09-2026,True,SPE4A6-26-T-02JC,False,True,7016335097: See Solicitation; 7016335097: 17,,downloaded
SPE4A626T02AD,https://www.dibbs.bsm.dla.mil/RFQ/RFQRec.aspx?sn=SPE4A626T02AD,200,20260930T201440Z,data\dibbs_status\status_20260930T191011Z\pages\SPE4A626T02AD.html,Open,Open,06-30-2026,07-07-2026,True,SPE4A6-26-T-02AD,False,True,7016336438: See Solicitation; 7016336438: 8,,downloaded
SPE4A726T395J,https://www.dibbs.bsm.dla.mil/RFQ/RFQRec.aspx?sn=SPE4A726T395J,200,20260930T201443Z,data\dibbs_status\status_20260930T191011Z\pages\SPE4A726T395J.html,Open,Open,05-21-2026,05-28-2026,True,SPE4A7-26-T-395J,False,True,7016049154: See Solicitation; 7016049154: 5,,downloaded
SPE4A726T150C,https://www.dibbs.bsm.dla.mil/RFQ/RFQRec.aspx?sn=SPE4A726T150C,200,20260930T201447Z,data\dibbs_status\status_20260930T191011Z\pages\SPE4A726T150C.html,Open,Open,03-26-2026,04-02-2026,True,SPE4A7-26-T-150C,False,True,7015854145: 5,,downloaded
SPE4A726T111N,https://www.dibbs.bsm.dla.mil/RFQ/RFQRec.aspx?sn=SPE4A726T111N,200,20260930T201450Z,data\dibbs_status\status_20260930T191011Z\pages\SPE4A726T111N.html,Open,Open,03-18-2026,03-25-2026,True,SPE4A7-26-T-111N,False,True,7015954748: See Solicitation; 7015954748: 6,,downloaded
SPE4A726T062E,https://www.dibbs.bsm.dla.mil/RFQ/RFQRec.aspx?sn=SPE4A726T062E,200,20260930T201454Z,data\dibbs_status\status_20260930T191011Z\pages\SPE4A726T062E.html,Open,Open,03-11-2026,03-18-2026,True,SPE4A7-26-T-062E,False,True,7015852075: See Solicitation; 7015852075: 8,,downloaded
SPE4A526T211W,https://www.dibbs.bsm.dla.mil/RFQ/RFQRec.aspx?sn=SPE4A526T211W,200,20260930T201458Z,data\dibbs_status\status_20260930T191011Z\pages\SPE4A526T211W.html,Open,Open,06-04-2026,06-16-2026,True,SPE4A5-26-T-211W,False,True,7017039029: 11,,downloaded
SPE4A626T92N3,https://www.dibbs.bsm.dla.mil/RFQ/RFQRec.aspx?sn=SPE4A626T92N3,200,20260930T201501Z,data\dibbs_status\status_20260930T191011Z\pages\SPE4A626T92N3.html,Open,Open,06-16-2026,06-23-2026,True,SPE4A6-26-T-92N3,False,True,7014871384: See Solicitation; 7014871384: 9,,downloaded
SPE4A626T91J0,https://www.dibbs.bsm.dla.mil/RFQ/RFQRec.aspx?sn=SPE4A626T91J0,200,20260930T201505Z,data\dibbs_status\status_20260930T191011Z\pages\SPE4A626T91J0.html,Open,Open,06-15-2026,06-22-2026,True,SPE4A6-26-T-91J0,False,True,7017147376: 64,,downloaded
SPE4A626T85V1,https://www.dibbs.bsm.dla.mil/RFQ/RFQRec.aspx?sn=SPE4A626T85V1,200,20260930T201508Z,data\dibbs_status\status_20260930T191011Z\pages\SPE4A626T85V1.html,Open,Open,06-10-2026,06-17-2026,True,SPE4A6-26-T-85V1,False,True,7014630134: See Solicitation; 7014630134: 14,,downloaded
SPE4A626T83Q9,https://www.dibbs.bsm.dla.mil/RFQ/RFQRec.aspx?sn=SPE4A626T83Q9,200,20260930T201512Z,data\dibbs_status\status_20260930T191011Z\pages\SPE4A626T83Q9.html,Open,Open,06-09-2026,06-16-2026,True,SPE4A6-26-T-83Q9,False,True,7017034563: See Solicitation; 7017034563: 2,,downloaded
SPE4A626T81V7,https://www.dibbs.bsm.dla.mil/RFQ/RFQRec.aspx?sn=SPE4A626T81V7,200,20260930T201515Z,data\dibbs_status\status_20260930T191011Z\pages\SPE4A626T81V7.html,Open,Open,06-08-2026,06-15-2026,True,SPE4A6-26-T-81V7,False,True,7017011436: See Solicitation; 7017011436: 4,,downloaded
SPE4A626T793J,https://www.dibbs.bsm.dla.mil/RFQ/RFQRec.aspx?sn=SPE4A626T793J,200,20260930T201519Z,data\dibbs_status\status_20260930T191011Z\pages\SPE4A626T793J.html,Open,Open,02-24-2026,03-03-2026,True,SPE4A6-26-T-793J,False,True,7015603680: See Solicitation; 7015603680: 1,,downloaded
SPE4A126T1498,https://www.dibbs.bsm.dla.mil/RFQ/RFQRec.aspx?sn=SPE4A126T1498,200,20260930T201523Z,data\dibbs_status\status_20260930T191011Z\pages\SPE4A126T1498.html,Open,Open,02-26-2026,03-05-2026,True,SPE4A1-26-T-1498,False,True,0070306942: 4,,downloaded
SPE4A626T729A,https://www.dibbs.bsm.dla.mil/RFQ/RFQRec.aspx?sn=SPE4A626T729A,200,20260930T201528Z,data\dibbs_status\status_20260930T191011Z\pages\SPE4A626T729A.html,Open,Open,02-19-2026,02-26-2026,True,SPE4A6-26-T-729A,False,True,7015536656: 1,,downloaded
SPE4A626T69U5,https://www.dibbs.bsm.dla.mil/RFQ/RFQRec.aspx?sn=SPE4A626T69U5,200,20260930T201533Z,data\dibbs_status\status_20260930T191011Z\pages\SPE4A626T69U5.html,Open,Open,05-22-2026,05-29-2026,True,SPE4A6-26-T-69U5,False,True,7016646310: 2,,downloaded
SPE4A626T69T3,https://www.dibbs.bsm.dla.mil/RFQ/RFQRec.aspx?sn=SPE4A626T69T3,200,20260930T201536Z,data\dibbs_status\status_20260930T191011Z\pages\SPE4A626T69T3.html,Open,Open,05-22-2026,05-29-2026,True,SPE4A6-26-T-69T3,False,True,7016049529: See Solicitation; 7016049529: 37,,downloaded
SPE4A626T648Z,https://www.dibbs.bsm.dla.mil/RFQ/RFQRec.aspx?sn=SPE4A626T648Z,200,20260930T201540Z,data\dibbs_status\status_20260930T191011Z\pages\SPE4A626T648Z.html,Open,Open,02-09-2026,02-20-2026,True,SPE4A6-26-T-648Z,False,True,7015378587: 10; 7015378586: 2,,downloaded
SPE4A626T571B,https://www.dibbs.bsm.dla.mil/RFQ/RFQRec.aspx?sn=SPE4A626T571B,200,20260930T201544Z,data\dibbs_status\status_20260930T191011Z\pages\SPE4A626T571B.html,Open,Open,01-26-2026,02-02-2026,True,SPE4A6-26-T-571B,False,True,7014232649: See Solicitation; 7014232649: 3,,downloaded
SPE4A626T51Q6,https://www.dibbs.bsm.dla.mil/RFQ/RFQRec.aspx?sn=SPE4A626T51Q6,200,20260930T201547Z,data\dibbs_status\status_20260930T191011Z\pages\SPE4A626T51Q6.html,Open,Open,05-13-2026,05-20-2026,True,SPE4A6-26-T-51Q6,False,True,7016753289: See Solicitation; 7016753289: 3,,downloaded
SPE4A626T38F2,https://www.dibbs.bsm.dla.mil/RFQ/RFQRec.aspx?sn=SPE4A626T38F2,200,20260930T201551Z,data\dibbs_status\status_20260930T191011Z\pages\SPE4A626T38F2.html,Open,Open,04-29-2026,05-06-2026,True,SPE4A6-26-T-38F2,False,True,7016437734: See Solicitation; 7016437734: 9,,downloaded
SPE4A626T19Q2,https://www.dibbs.bsm.dla.mil/RFQ/RFQRec.aspx?sn=SPE4A626T19Q2,200,20260930T201554Z,data\dibbs_status\status_20260930T191011Z\pages\SPE4A626T19Q2.html,Open,Open,04-13-2026,04-20-2026,True,SPE4A6-26-T-19Q2,False,True,7013233837: 81,,downloaded
SPE4A626T14TD,https://www.dibbs.bsm.dla.mil/RFQ/RFQRec.aspx?sn=SPE4A626T14TD,200,20260930T201558Z,data\dibbs_status\status_20260930T191011Z\pages\SPE4A626T14TD.html,Open,Open,08-11-2026,08-18-2026,True,SPE4A6-26-T-14TD,False,True,7013631170: See Solicitation; 7013631170: 82,,downloaded
SPE4A626T14PE,https://www.dibbs.bsm.dla.mil/RFQ/RFQRec.aspx?sn=SPE4A626T14PE,200,20260930T201602Z,data\dibbs_status\status_20260930T191011Z\pages\SPE4A626T14PE.html,Open,Open,08-10-2026,08-17-2026,True,SPE4A6-26-T-14PE,False,True,7017226411: 10,,downloaded
SPE4A626T13XZ,https://www.dibbs.bsm.dla.mil/RFQ/RFQRec.aspx?sn=SPE4A626T13XZ,200,20260930T201605Z,data\dibbs_status\status_20260930T191011Z\pages\SPE4A626T13XZ.html,Open,Open,08-06-2026,08-20-2026,True,SPE4A6-26-T-13XZ,False,True,7017741521: 4,,downloaded
SPE4A626T18ZT,https://www.dibbs.bsm.dla.mil/RFQ/RFQRec.aspx?sn=SPE4A626T18ZT,200,20260930T201609Z,data\dibbs_status\status_20260930T191011Z\pages\SPE4A626T18ZT.html,Open,Open,08-18-2026,08-25-2026,True,SPE4A6-26-T-18ZT,False,True,7017868889: See Solicitation; 7017868889: 1,,downloaded
SPE4A626T11LQ,https://www.dibbs.bsm.dla.mil/RFQ/RFQRec.aspx?sn=SPE4A626T11LQ,200,20260930T201612Z,data\dibbs_status\status_20260930T191011Z\pages\SPE4A626T11LQ.html,Open,Open,08-04-2026,08-11-2026,True,SPE4A6-26-T-11LQ,False,True,7015926073: See Solicitation; 7015926073: 25,,downloaded
SPE4A626T11AB,https://www.dibbs.bsm.dla.mil/RFQ/RFQRec.aspx?sn=SPE4A626T11AB,200,20260930T201616Z,data\dibbs_status\status_20260930T191011Z\pages\SPE4A626T11AB.html,Open,Open,07-31-2026,08-07-2026,True,SPE4A6-26-T-11AB,False,True,7015926072: See Solicitation; 7015926072: 20,,downloaded
SPE4A026T4348,https://www.dibbs.bsm.dla.mil/RFQ/RFQRec.aspx?sn=SPE4A026T4348,200,20260930T201620Z,data\dibbs_status\status_20260930T191011Z\pages\SPE4A026T4348.html,Open,Open,08-19-2026,08-26-2026,True,SPE4A0-26-T-4348,False,True,7017426040: See Solicitation; 7017426040: 1,,downloaded
SPE4A426T0083,https://www.dibbs.bsm.dla.mil/RFQ/RFQRec.aspx?sn=SPE4A426T0083,200,20260930T201624Z,data\dibbs_status\status_20260930T191011Z\pages\SPE4A426T0083.html,Open,Open,04-10-2026,04-17-2026,True,SPE4A4-26-T-0083,False,True,7016227685: 14,,downloaded
SPE4A626T03UC,https://www.dibbs.bsm.dla.mil/RFQ/RFQRec.aspx?sn=SPE4A626T03UC,200,20260930T201628Z,data\dibbs_status\status_20260930T191011Z\pages\SPE4A626T03UC.html,Open,Open,07-08-2026,07-15-2026,True,SPE4A6-26-T-03UC,False,True,7017410172: See Solicitation; 7017410172: 3,,downloaded
SPE4A626T03PH,https://www.dibbs.bsm.dla.mil/RFQ/RFQRec.aspx?sn=SPE4A626T03PH,200,20260930T201631Z,data\dibbs_status\status_20260930T191011Z\pages\SPE4A626T03PH.html,Open,Open,07-07-2026,07-14-2026,True,SPE4A6-26-T-03PH,False,True,7017274283: See Solicitation; 7017274283: 3,,downloaded
SPE4A726T237Q,https://www.dibbs.bsm.dla.mil/RFQ/RFQRec.aspx?sn=SPE4A726T237Q,200,20260930T201636Z,data\dibbs_status\status_20260930T191011Z\pages\SPE4A726T237Q.html,Open,Open,04-10-2026,04-17-2026,True,SPE4A7-26-T-237Q,False,True,7016285795: 4,,downloaded
SPE4A726T208W,https://www.dibbs.bsm.dla.mil/RFQ/RFQRec.aspx?sn=SPE4A726T208W,200,20260930T201639Z,data\dibbs_status\status_20260930T191011Z\pages\SPE4A726T208W.html,Open,Open,04-08-2026,04-28-2026,True,SPE4A7-26-T-208W,False,True,7016227808: 35,,downloaded
SPE4A726T159B,https://www.dibbs.bsm.dla.mil/RFQ/RFQRec.aspx?sn=SPE4A726T159B,200,20260930T201643Z,data\dibbs_status\status_20260930T191011Z\pages\SPE4A726T159B.html,Open,Open,03-26-2026,04-02-2026,True,SPE4A7-26-T-159B,False,True,7016081211: See Solicitation; 7016081211: 12,,downloaded
SPE4A526T8110,https://www.dibbs.bsm.dla.mil/RFQ/RFQRec.aspx?sn=SPE4A526T8110,200,20260930T201646Z,data\dibbs_status\status_20260930T191011Z\pages\SPE4A526T8110.html,Open,Open,02-17-2026,02-24-2026,True,SPE4A5-26-T-8110,False,True,7015537504: 7,,downloaded
SPE4A726T056R,https://www.dibbs.bsm.dla.mil/RFQ/RFQRec.aspx?sn=SPE4A726T056R,200,20260930T201650Z,data\dibbs_status\status_20260930T191011Z\pages\SPE4A726T056R.html,Open,Open,03-11-2026,03-18-2026,True,SPE4A7-26-T-056R,False,True,7015601210: See Solicitation; 7015601210: 17,,downloaded
SPE4A726T046D,https://www.dibbs.bsm.dla.mil/RFQ/RFQRec.aspx?sn=SPE4A726T046D,200,20260930T201654Z,data\dibbs_status\status_20260930T191011Z\pages\SPE4A726T046D.html,Open,Open,03-06-2026,03-13-2026,True,SPE4A7-26-T-046D,False,True,7015609178: 7,,downloaded
SPE4A726T042L,https://www.dibbs.bsm.dla.mil/RFQ/RFQRec.aspx?sn=SPE4A726T042L,200,20260930T201658Z,data\dibbs_status\status_20260930T191011Z\pages\SPE4A726T042L.html,Open,Open,03-05-2026,03-12-2026,True,SPE4A7-26-T-042L,False,True,7015601256: See Solicitation; 7015601256: 18,,downloaded
SPE4A726T029X,https://www.dibbs.bsm.dla.mil/RFQ/RFQRec.aspx?sn=SPE4A726T029X,200,20260930T201701Z,data\dibbs_status\status_20260930T191011Z\pages\SPE4A726T029X.html,Open,Open,02-27-2026,03-06-2026,True,SPE4A7-26-T-029X,False,True,7015689418: See Solicitation; 7015689418: See Solicitation; 7015689418: 3,,downloaded
SPE4A626U2954,https://www.dibbs.bsm.dla.mil/RFQ/RFQRec.aspx?sn=SPE4A626U2954,200,20260930T201705Z,data\dibbs_status\status_20260930T191011Z\pages\SPE4A626U2954.html,Open,Open,04-30-2026,05-14-2026,True,SPE4A6-26-U-2954,False,True,1000219605: 31,,downloaded
SPE4A626U2865,https://www.dibbs.bsm.dla.mil/RFQ/RFQRec.aspx?sn=SPE4A626U2865,200,20260930T201708Z,data\dibbs_status\status_20260930T191011Z\pages\SPE4A626U2865.html,Open,Open,04-21-2026,05-08-2026,True,SPE4A6-26-U-2865,False,True,1000231603: 15,,downloaded
SPE4A626T84D2,https://www.dibbs.bsm.dla.mil/RFQ/RFQRec.aspx?sn=SPE4A626T84D2,200,20260930T201712Z,data\dibbs_status\status_20260930T191011Z\pages\SPE4A626T84D2.html,Open,Open,06-09-2026,06-22-2026,True,SPE4A6-26-T-84D2,False,True,7017098115: 14,,downloaded
SPE4A626T81T3,https://www.dibbs.bsm.dla.mil/RFQ/RFQRec.aspx?sn=SPE4A626T81T3,200,20260930T201716Z,data\dibbs_status\status_20260930T191011Z\pages\SPE4A626T81T3.html,Open,Open,06-05-2026,06-12-2026,True,SPE4A6-26-T-81T3,False,True,7017061840: See Solicitation; 7017061840: 163,,downloaded
SPE4A626T76M7,https://www.dibbs.bsm.dla.mil/RFQ/RFQRec.aspx?sn=SPE4A626T76M7,200,20260930T201719Z,data\dibbs_status\status_20260930T191011Z\pages\SPE4A626T76M7.html,Open,Open,06-03-2026,06-10-2026,True,SPE4A6-26-T-76M7,False,True,7017010194: See Solicitation; 7017010194: 2,,downloaded
SPE4A626T732K,https://www.dibbs.bsm.dla.mil/RFQ/RFQRec.aspx?sn=SPE4A626T732K,200,20260930T201723Z,data\dibbs_status\status_20260930T191011Z\pages\SPE4A626T732K.html,Open,Open,02-20-2026,02-27-2026,True,SPE4A6-26-T-732K,False,True,7015596084: See Solicitation; 7015596084: 2,,downloaded
SPE4A626T69S6,https://www.dibbs.bsm.dla.mil/RFQ/RFQRec.aspx?sn=SPE4A626T69S6,200,20260930T201726Z,data\dibbs_status\status_20260930T191011Z\pages\SPE4A626T69S6.html,Open,Open,05-22-2026,05-29-2026,True,SPE4A6-26-T-69S6,False,True,7016833276: 2,,downloaded
SPE4A626T69J9,https://www.dibbs.bsm.dla.mil/RFQ/RFQRec.aspx?sn=SPE4A626T69J9,200,20260930T201731Z,data\dibbs_status\status_20260930T191011Z\pages\SPE4A626T69J9.html,Open,Open,05-22-2026,05-29-2026,True,SPE4A6-26-T-69J9,False,True,7016771951: 8,,downloaded
SPE4A026T4230,https://www.dibbs.bsm.dla.mil/RFQ/RFQRec.aspx?sn=SPE4A026T4230,200,20260930T201735Z,data\dibbs_status\status_20260930T191011Z\pages\SPE4A026T4230.html,Open,Open,08-10-2026,08-17-2026,True,SPE4A0-26-T-4230,False,True,7017752493: 1,,downloaded
SPE4A026T4020,https://www.dibbs.bsm.dla.mil/RFQ/RFQRec.aspx?sn=SPE4A026T4020,200,20260930T201739Z,data\dibbs_status\status_20260930T191011Z\pages\SPE4A026T4020.html,Open,Open,07-24-2026,07-31-2026,True,SPE4A0-26-T-4020,False,True,7017559893: See Solicitation; 7017559893: 1,,downloaded
SPE4A626T53H3,https://www.dibbs.bsm.dla.mil/RFQ/RFQRec.aspx?sn=SPE4A626T53H3,200,20260930T201743Z,data\dibbs_status\status_20260930T191011Z\pages\SPE4A626T53H3.html,Open,Open,05-13-2026,05-20-2026,True,SPE4A6-26-T-53H3,False,True,7016752709: See Solicitation; 7016752709: 5,,downloaded
SPE4A626T30N6,https://www.dibbs.bsm.dla.mil/RFQ/RFQRec.aspx?sn=SPE4A626T30N6,200,20260930T201746Z,data\dibbs_status\status_20260930T191011Z\pages\SPE4A626T30N6.html,Open,Open,04-23-2026,04-30-2026,True,SPE4A6-26-T-30N6,False,True,7015955506: See Solicitation; 7015955506: 9,,downloaded
SPE4A626T18Q0,https://www.dibbs.bsm.dla.mil/RFQ/RFQRec.aspx?sn=SPE4A626T18Q0,200,20260930T201750Z,data\dibbs_status\status_20260930T191011Z\pages\SPE4A626T18Q0.html,Open,Open,04-13-2026,04-20-2026,True,SPE4A6-26-T-18Q0,False,True,7016285629: 555,,downloaded
SPE4A626T17WY,https://www.dibbs.bsm.dla.mil/RFQ/RFQRec.aspx?sn=SPE4A626T17WY,200,20260930T201755Z,data\dibbs_status\status_20260930T191011Z\pages\SPE4A626T17WY.html,Open,Open,08-17-2026,08-24-2026,True,SPE4A6-26-T-17WY,False,True,7017912291: 22,,downloaded
SPE4A626T17HR,https://www.dibbs.bsm.dla.mil/RFQ/RFQRec.aspx?sn=SPE4A626T17HR,200,20260930T201759Z,data\dibbs_status\status_20260930T191011Z\pages\SPE4A626T17HR.html,Open,Open,08-17-2026,08-24-2026,True,SPE4A6-26-T-17HR,False,True,7017274277: 3,,downloaded
SPE4A626T17HE,https://www.dibbs.bsm.dla.mil/RFQ/RFQRec.aspx?sn=SPE4A626T17HE,200,20260930T201803Z,data\dibbs_status\status_20260930T191011Z\pages\SPE4A626T17HE.html,Open,Open,08-17-2026,08-24-2026,True,SPE4A6-26-T-17HE,False,True,7017868622: See Solicitation; 7017868622: 20,,downloaded
SPE4A626T17FX,https://www.dibbs.bsm.dla.mil/RFQ/RFQRec.aspx?sn=SPE4A626T17FX,200,20260930T201806Z,data\dibbs_status\status_20260930T191011Z\pages\SPE4A626T17FX.html,Open,Open,08-17-2026,08-24-2026,True,SPE4A6-26-T-17FX,False,True,7017055656: 1,,downloaded
SPE4A626T19MT,https://www.dibbs.bsm.dla.mil/RFQ/RFQRec.aspx?sn=SPE4A626T19MT,200,20260930T201809Z,data\dibbs_status\status_20260930T191011Z\pages\SPE4A626T19MT.html,Open,Open,08-19-2026,08-26-2026,True,SPE4A6-26-T-19MT,False,True,7017939708: 5,,downloaded
SPE4A626T16DW,https://www.dibbs.bsm.dla.mil/RFQ/RFQRec.aspx?sn=SPE4A626T16DW,200,20260930T201813Z,data\dibbs_status\status_20260930T191011Z\pages\SPE4A626T16DW.html,Open,Open,08-13-2026,08-20-2026,True,SPE4A6-26-T-16DW,False,True,7017870265: See Solicitation; 7017870265: 4,,downloaded
SPE4A626T16DS,https://www.dibbs.bsm.dla.mil/RFQ/RFQRec.aspx?sn=SPE4A626T16DS,200,20260930T201816Z,data\dibbs_status\status_20260930T191011Z\pages\SPE4A626T16DS.html,Open,Open,08-13-2026,08-20-2026,True,SPE4A6-26-T-16DS,False,True,7017869232: See Solicitation; 7017869232: 59,,downloaded
SPE4A626T14UH,https://www.dibbs.bsm.dla.mil/RFQ/RFQRec.aspx?sn=SPE4A626T14UH,200,20260930T201820Z,data\dibbs_status\status_20260930T191011Z\pages\SPE4A626T14UH.html,Open,Open,08-11-2026,08-21-2026,True,SPE4A6-26-T-14UH,False,True,7017825847: 1,,downloaded
SPE4A626T20RA,https://www.dibbs.bsm.dla.mil/RFQ/RFQRec.aspx?sn=SPE4A626T20RA,200,20260930T201824Z,data\dibbs_status\status_20260930T191011Z\pages\SPE4A626T20RA.html,Open,Open,08-20-2026,08-27-2026,True,SPE4A6-26-T-20RA,False,True,7017940804: See Solicitation; 7017940804: 2,,downloaded
SPE4A626T20QA,https://www.dibbs.bsm.dla.mil/RFQ/RFQRec.aspx?sn=SPE4A626T20QA,200,20260930T201827Z,data\dibbs_status\status_20260930T191011Z\pages\SPE4A626T20QA.html,Open,Open,08-20-2026,08-27-2026,True,SPE4A6-26-T-20QA,False,True,7017938887: 13,,downloaded
SPE4A626T13TS,https://www.dibbs.bsm.dla.mil/RFQ/RFQRec.aspx?sn=SPE4A626T13TS,200,20260930T201832Z,data\dibbs_status\status_20260930T191011Z\pages\SPE4A626T13TS.html,Open,Open,08-06-2026,08-13-2026,True,SPE4A6-26-T-13TS,False,True,7017570079: 1,,downloaded
SPE4A626T13MB,https://www.dibbs.bsm.dla.mil/RFQ/RFQRec.aspx?sn=SPE4A626T13MB,200,20260930T201836Z,data\dibbs_status\status_20260930T191011Z\pages\SPE4A626T13MB.html,Open,Open,08-06-2026,08-13-2026,True,SPE4A6-26-T-13MB,False,True,7017109009: See Solicitation; 7017109009: 4,,downloaded
SPE4A626T12SK,https://www.dibbs.bsm.dla.mil/RFQ/RFQRec.aspx?sn=SPE4A626T12SK,200,20260930T201840Z,data\dibbs_status\status_20260930T191011Z\pages\SPE4A626T12SK.html,Open,Open,08-06-2026,08-13-2026,True,SPE4A6-26-T-12SK,False,True,7017739740: See Solicitation; 7017739740: 49,,downloaded
SPE4A626T19TL,https://www.dibbs.bsm.dla.mil/RFQ/RFQRec.aspx?sn=SPE4A626T19TL,200,20260930T201844Z,data\dibbs_status\status_20260930T191011Z\pages\SPE4A626T19TL.html,Open,Open,08-19-2026,08-26-2026,True,SPE4A6-26-T-19TL,False,True,7017939373: See Solicitation; 7017939373: 2,,downloaded
SPE4A726T9206,https://www.dibbs.bsm.dla.mil/RFQ/RFQRec.aspx?sn=SPE4A726T9206,200,20260930T201848Z,data\dibbs_status\status_20260930T191011Z\pages\SPE4A726T9206.html,Open,Open,02-13-2026,02-20-2026,True,SPE4A7-26-T-9206,False,True,7010532503: See Solicitation; 7010532503: 4,,downloaded
SPE4A626T11CU,https://www.dibbs.bsm.dla.mil/RFQ/RFQRec.aspx?sn=SPE4A626T11CU,200,20260930T201852Z,data\dibbs_status\status_20260930T191011Z\pages\SPE4A626T11CU.html,Open,Open,08-03-2026,08-10-2026,True,SPE4A6-26-T-11CU,False,True,7017695609: 5,,downloaded
SPE4A626T10HZ,https://www.dibbs.bsm.dla.mil/RFQ/RFQRec.aspx?sn=SPE4A626T10HZ,200,20260930T201856Z,data\dibbs_status\status_20260930T191011Z\pages\SPE4A626T10HZ.html,Open,Open,07-30-2026,08-11-2026,True,SPE4A6-26-T-10HZ,False,True,7017677428: 21,,downloaded
SPE4A626T06QF,https://www.dibbs.bsm.dla.mil/RFQ/RFQRec.aspx?sn=SPE4A626T06QF,200,20260930T201900Z,data\dibbs_status\status_20260930T191011Z\pages\SPE4A626T06QF.html,Open,Open,07-15-2026,07-22-2026,True,SPE4A6-26-T-06QF,False,True,7017486638: See Solicitation; 7017486638: 20,,downloaded
SPE4A726T228D,https://www.dibbs.bsm.dla.mil/RFQ/RFQRec.aspx?sn=SPE4A726T228D,200,20260930T201903Z,data\dibbs_status\status_20260930T191011Z\pages\SPE4A726T228D.html,Open,Open,04-10-2026,04-17-2026,True,SPE4A7-26-T-228D,False,True,7016226812: See Solicitation; 7016226812: 1,,downloaded
SPE4A726T165K,https://www.dibbs.bsm.dla.mil/RFQ/RFQRec.aspx?sn=SPE4A726T165K,200,20260930T201906Z,data\dibbs_status\status_20260930T191011Z\pages\SPE4A726T165K.html,Open,Open,03-27-2026,04-03-2026,True,SPE4A7-26-T-165K,False,True,7016080342: See Solicitation; 7016080342: 4,,downloaded
SPE4A726T098J,https://www.dibbs.bsm.dla.mil/RFQ/RFQRec.aspx?sn=SPE4A726T098J,200,20260930T201910Z,data\dibbs_status\status_20260930T191011Z\pages\SPE4A726T098J.html,Open,Open,03-17-2026,03-24-2026,True,SPE4A7-26-T-098J,False,True,7015913079: See Solicitation; 7015913079: 37,,downloaded
SPE4A726T087Y,https://www.dibbs.bsm.dla.mil/RFQ/RFQRec.aspx?sn=SPE4A726T087Y,200,20260930T201914Z,data\dibbs_status\status_20260930T191011Z\pages\SPE4A726T087Y.html,Open,Open,03-13-2026,03-20-2026,True,SPE4A7-26-T-087Y,False,True,7015904312: 6,,downloaded
SPE4A726T021Z,https://www.dibbs.bsm.dla.mil/RFQ/RFQRec.aspx?sn=SPE4A726T021Z,200,20260930T201917Z,data\dibbs_status\status_20260930T191011Z\pages\SPE4A726T021Z.html,Open,Open,02-26-2026,03-05-2026,True,SPE4A7-26-T-021Z,False,True,7015689393: See Solicitation; 7015689393: 3,,downloaded
SPE4A626U2581,https://www.dibbs.bsm.dla.mil/RFQ/RFQRec.aspx?sn=SPE4A626U2581,200,20260930T201921Z,data\dibbs_status\status_20260930T191011Z\pages\SPE4A626U2581.html,Open,Open,04-09-2026,04-23-2026,True,SPE4A6-26-U-2581,False,True,1000229484: 4,,downloaded
SPE4A626T98G7,https://www.dibbs.bsm.dla.mil/RFQ/RFQRec.aspx?sn=SPE4A626T98G7,200,20260930T201924Z,data\dibbs_status\status_20260930T191011Z\pages\SPE4A626T98G7.html,Open,Open,06-22-2026,06-29-2026,True,SPE4A6-26-T-98G7,False,True,7016644692: See Solicitation; 7016644692: 6,,downloaded
SPE4A626T97Z6,https://www.dibbs.bsm.dla.mil/RFQ/RFQRec.aspx?sn=SPE4A626T97Z6,200,20260930T201927Z,data\dibbs_status\status_20260930T191011Z\pages\SPE4A626T97Z6.html,Open,Open,06-18-2026,06-25-2026,True,SPE4A6-26-T-97Z6,False,True,7017226601: See Solicitation; 7017226601: 6,,downloaded
SPE4A626T94S4,https://www.dibbs.bsm.dla.mil/RFQ/RFQRec.aspx?sn=SPE4A626T94S4,200,20260930T201931Z,data\dibbs_status\status_20260930T191011Z\pages\SPE4A626T94S4.html,Open,Open,06-17-2026,06-24-2026,True,SPE4A6-26-T-94S4,False,True,7017200913: See Solicitation; 7017200913: 9,,downloaded
SPE4A626T84R0,https://www.dibbs.bsm.dla.mil/RFQ/RFQRec.aspx?sn=SPE4A626T84R0,200,20260930T201934Z,data\dibbs_status\status_20260930T191011Z\pages\SPE4A626T84R0.html,Open,Open,06-10-2026,06-17-2026,True,SPE4A6-26-T-84R0,False,True,7017108830: See Solicitation; 7017108830: 159,,downloaded
SPE4A126T1925,https://www.dibbs.bsm.dla.mil/RFQ/RFQRec.aspx?sn=SPE4A126T1925,200,20260930T201938Z,data\dibbs_status\status_20260930T191011Z\pages\SPE4A126T1925.html,Open,Open,04-22-2026,04-29-2026,True,SPE4A1-26-T-1925,False,True,0084603376: See Solicitation; 0084603376: 1,,downloaded
SPE4A626T746U,https://www.dibbs.bsm.dla.mil/RFQ/RFQRec.aspx?sn=SPE4A626T746U,200,20260930T201941Z,data\dibbs_status\status_20260930T191011Z\pages\SPE4A626T746U.html,Open,Open,02-20-2026,02-27-2026,True,SPE4A6-26-T-746U,False,True,7015601619: See Solicitation; 7015601619: 8,,downloaded
SPE4A026T2701,https://www.dibbs.bsm.dla.mil/RFQ/RFQRec.aspx?sn=SPE4A026T2701,200,20260930T201945Z,data\dibbs_status\status_20260930T191011Z\pages\SPE4A026T2701.html,Open,Open,04-21-2026,05-13-2026,True,SPE4A0-26-T-2701,False,True,7016368624: 1,,downloaded
SPE4A626T58R3,https://www.dibbs.bsm.dla.mil/RFQ/RFQRec.aspx?sn=SPE4A626T58R3,200,20260930T201948Z,data\dibbs_status\status_20260930T191011Z\pages\SPE4A626T58R3.html,Open,Open,05-15-2026,05-22-2026,True,SPE4A6-26-T-58R3,False,True,7016752730: See Solicitation; 7016752730: 4,,downloaded
SPE4A626T54L2,https://www.dibbs.bsm.dla.mil/RFQ/RFQRec.aspx?sn=SPE4A626T54L2,200,20260930T201952Z,data\dibbs_status\status_20260930T191011Z\pages\SPE4A626T54L2.html,Open,Open,05-13-2026,05-27-2026,True,SPE4A6-26-T-54L2,False,True,7016049552: 41,,downloaded
SPE4A626T52D8,https://www.dibbs.bsm.dla.mil/RFQ/RFQRec.aspx?sn=SPE4A626T52D8,200,20260930T201956Z,data\dibbs_status\status_20260930T191011Z\pages\SPE4A626T52D8.html,Open,Open,05-13-2026,05-20-2026,True,SPE4A6-26-T-52D8,False,True,7016753867: 16,,downloaded
SPE4A626T42V0,https://www.dibbs.bsm.dla.mil/RFQ/RFQRec.aspx?sn=SPE4A626T42V0,200,20260930T201959Z,data\dibbs_status\status_20260930T191011Z\pages\SPE4A626T42V0.html,Open,Open,05-06-2026,05-13-2026,True,SPE4A6-26-T-42V0,False,True,7016645344: See Solicitation; 7016645344: 5,,downloaded
SPE4A626T40V4,https://www.dibbs.bsm.dla.mil/RFQ/RFQRec.aspx?sn=SPE4A626T40V4,200,20260930T202003Z,data\dibbs_status\status_20260930T191011Z\pages\SPE4A626T40V4.html,Open,Open,05-04-2026,05-11-2026,True,SPE4A6-26-T-40V4,False,True,7013345300: See Solicitation; 7013345300: 1,,downloaded
SPE4A626T20EA,https://www.dibbs.bsm.dla.mil/RFQ/RFQRec.aspx?sn=SPE4A626T20EA,200,20260930T202008Z,data\dibbs_status\status_20260930T191011Z\pages\SPE4A626T20EA.html,Open,Open,08-19-2026,08-26-2026,True,SPE4A6-26-T-20EA,False,True,7017838181: See Solicitation; 7017838181: 7,,downloaded
SPE4A626T19BM,https://www.dibbs.bsm.dla.mil/RFQ/RFQRec.aspx?sn=SPE4A626T19BM,200,20260930T202012Z,data\dibbs_status\status_20260930T191011Z\pages\SPE4A626T19BM.html,Open,Open,08-18-2026,08-25-2026,True,SPE4A6-26-T-19BM,False,True,7017696659: See Solicitation; 7017696659: 3,,downloaded
SPE4A626T18CH,https://www.dibbs.bsm.dla.mil/RFQ/RFQRec.aspx?sn=SPE4A626T18CH,200,20260930T202016Z,data\dibbs_status\status_20260930T191011Z\pages\SPE4A626T18CH.html,Open,Open,08-17-2026,08-24-2026,True,SPE4A6-26-T-18CH,False,True,7017915638: See Solicitation; 7017915638: 45,,downloaded
SPE4A626T19VU,https://www.dibbs.bsm.dla.mil/RFQ/RFQRec.aspx?sn=SPE4A626T19VU,200,20260930T202023Z,data\dibbs_status\status_20260930T191011Z\pages\SPE4A626T19VU.html,Open,Open,08-19-2026,08-26-2026,True,SPE4A6-26-T-19VU,False,True,7017940715: See Solicitation; 7017940715: 1,,downloaded
SPE4A626T11AR,https://www.dibbs.bsm.dla.mil/RFQ/RFQRec.aspx?sn=SPE4A626T11AR,200,20260930T202027Z,data\dibbs_status\status_20260930T191011Z\pages\SPE4A626T11AR.html,Open,Open,07-31-2026,08-07-2026,True,SPE4A6-26-T-11AR,False,True,7017695839: 1,,downloaded
SPE4A626T10BX,https://www.dibbs.bsm.dla.mil/RFQ/RFQRec.aspx?sn=SPE4A626T10BX,200,20260930T202031Z,data\dibbs_status\status_20260930T191011Z\pages\SPE4A626T10BX.html,Open,Open,07-29-2026,08-05-2026,True,SPE4A6-26-T-10BX,False,True,7014545850: See Solicitation; 7014545850: 275,,downloaded
SPE4A426T0111,https://www.dibbs.bsm.dla.mil/RFQ/RFQRec.aspx?sn=SPE4A426T0111,200,20260930T202035Z,data\dibbs_status\status_20260930T191011Z\pages\SPE4A426T0111.html,Open,Open,05-18-2026,05-29-2026,True,SPE4A4-26-T-0111,False,True,7016752729: 12,,downloaded
SPE4A626T06YT,https://www.dibbs.bsm.dla.mil/RFQ/RFQRec.aspx?sn=SPE4A626T06YT,200,20260930T202040Z,data\dibbs_status\status_20260930T191011Z\pages\SPE4A626T06YT.html,Open,Open,07-17-2026,07-24-2026,True,SPE4A6-26-T-06YT,False,True,7017476883: 1,,downloaded
SPE4A626T04RM,https://www.dibbs.bsm.dla.mil/RFQ/RFQRec.aspx?sn=SPE4A626T04RM,200,20260930T202043Z,data\dibbs_status\status_20260930T191011Z\pages\SPE4A626T04RM.html,Open,Open,07-09-2026,07-16-2026,True,SPE4A6-26-T-04RM,False,True,7017410066: See Solicitation; 7017410066: 8,,downloaded
SPE4A626T04RG,https://www.dibbs.bsm.dla.mil/RFQ/RFQRec.aspx?sn=SPE4A626T04RG,200,20260930T202047Z,data\dibbs_status\status_20260930T191011Z\pages\SPE4A626T04RG.html,Open,Open,07-09-2026,07-16-2026,True,SPE4A6-26-T-04RG,False,True,7017408990: See Solicitation; 7017408990: 161,,downloaded
SPE4A626T02ZR,https://www.dibbs.bsm.dla.mil/RFQ/RFQRec.aspx?sn=SPE4A626T02ZR,200,20260930T202051Z,data\dibbs_status\status_20260930T191011Z\pages\SPE4A626T02ZR.html,Open,Open,07-06-2026,07-13-2026,True,SPE4A6-26-T-02ZR,False,True,7017385416: 42,,downloaded
SPE4A626U2525,https://www.dibbs.bsm.dla.mil/RFQ/RFQRec.aspx?sn=SPE4A626U2525,200,20260930T202056Z,data\dibbs_status\status_20260930T191011Z\pages\SPE4A626U2525.html,Open,Open,04-09-2026,04-23-2026,True,SPE4A6-26-U-2525,False,True,1000229491: 5,,downloaded
SPE4A626T97T5,https://www.dibbs.bsm.dla.mil/RFQ/RFQRec.aspx?sn=SPE4A626T97T5,200,20260930T202059Z,data\dibbs_status\status_20260930T191011Z\pages\SPE4A626T97T5.html,Open,Open,06-18-2026,06-25-2026,True,SPE4A6-26-T-97T5,False,True,7017225689: 20,,downloaded
SPE4A626T93T9,https://www.dibbs.bsm.dla.mil/RFQ/RFQRec.aspx?sn=SPE4A626T93T9,200,20260930T202103Z,data\dibbs_status\status_20260930T191011Z\pages\SPE4A626T93T9.html,Open,Open,06-16-2026,06-23-2026,True,SPE4A6-26-T-93T9,False,True,7013413966: 2,,downloaded
SPE4A626T89S2,https://www.dibbs.bsm.dla.mil/RFQ/RFQRec.aspx?sn=SPE4A626T89S2,200,20260930T202107Z,data\dibbs_status\status_20260930T191011Z\pages\SPE4A626T89S2.html,Open,Open,06-15-2026,06-22-2026,True,SPE4A6-26-T-89S2,False,True,7017149422: See Solicitation; 7017149422: 2,,downloaded
SPE4A626T85W7,https://www.dibbs.bsm.dla.mil/RFQ/RFQRec.aspx?sn=SPE4A626T85W7,200,20260930T202114Z,data\dibbs_status\status_20260930T191011Z\pages\SPE4A626T85W7.html,Open,Open,06-10-2026,06-17-2026,True,SPE4A6-26-T-85W7,False,True,7015112070: See Solicitation; 7015112070: 57,,downloaded
SPE4A626T85B9,https://www.dibbs.bsm.dla.mil/RFQ/RFQRec.aspx?sn=SPE4A626T85B9,200,20260930T202118Z,data\dibbs_status\status_20260930T191011Z\pages\SPE4A626T85B9.html,Open,Open,06-10-2026,06-23-2026,True,SPE4A6-26-T-85B9,False,True,7017109236: 14,,downloaded
SPE4A626T84P1,https://www.dibbs.bsm.dla.mil/RFQ/RFQRec.aspx?sn=SPE4A626T84P1,200,20260930T202122Z,data\dibbs_status\status_20260930T191011Z\pages\SPE4A626T84P1.html,Open,Open,06-10-2026,06-17-2026,True,SPE4A6-26-T-84P1,False,True,7017108871: See Solicitation; 7017108871: 3,,downloaded
SPE4A626T80G3,https://www.dibbs.bsm.dla.mil/RFQ/RFQRec.aspx?sn=SPE4A626T80G3,200,20260930T202125Z,data\dibbs_status\status_20260930T191011Z\pages\SPE4A626T80G3.html,Open,Open,06-04-2026,06-11-2026,True,SPE4A6-26-T-80G3,False,True,7017039719: 2,,downloaded
SPE4A626T79W1,https://www.dibbs.bsm.dla.mil/RFQ/RFQRec.aspx?sn=SPE4A626T79W1,200,20260930T202129Z,data\dibbs_status\status_20260930T191011Z\pages\SPE4A626T79W1.html,Open,Open,06-04-2026,06-11-2026,True,SPE4A6-26-T-79W1,False,True,7017039783: 9,,downloaded
SPE4A626T78F8,https://www.dibbs.bsm.dla.mil/RFQ/RFQRec.aspx?sn=SPE4A626T78F8,200,20260930T202132Z,data\dibbs_status\status_20260930T191011Z\pages\SPE4A626T78F8.html,Open,Open,06-03-2026,06-10-2026,True,SPE4A6-26-T-78F8,False,True,7017011928: 8,,downloaded
SPE4A626T76X5,https://www.dibbs.bsm.dla.mil/RFQ/RFQRec.aspx?sn=SPE4A626T76X5,200,20260930T202136Z,data\dibbs_status\status_20260930T191011Z\pages\SPE4A626T76X5.html,Open,Open,06-03-2026,06-10-2026,True,SPE4A6-26-T-76X5,False,True,7017011435: See Solicitation; 7017011435: 4,,downloaded
SPE4A626T76S1,https://www.dibbs.bsm.dla.mil/RFQ/RFQRec.aspx?sn=SPE4A626T76S1,200,20260930T202140Z,data\dibbs_status\status_20260930T191011Z\pages\SPE4A626T76S1.html,Open,Open,06-03-2026,06-10-2026,True,SPE4A6-26-T-76S1,False,True,7017010222: See Solicitation; 7017010222: 7,,downloaded
SPE4A626T71S4,https://www.dibbs.bsm.dla.mil/RFQ/RFQRec.aspx?sn=SPE4A626T71S4,200,20260930T202143Z,data\dibbs_status\status_20260930T191011Z\pages\SPE4A626T71S4.html,Open,Open,05-27-2026,06-03-2026,True,SPE4A6-26-T-71S4,False,True,7016802998: 2,,downloaded
SPE4A626T56M3,https://www.dibbs.bsm.dla.mil/RFQ/RFQRec.aspx?sn=SPE4A626T56M3,200,20260930T202147Z,data\dibbs_status\status_20260930T191011Z\pages\SPE4A626T56M3.html,Open,Open,05-15-2026,05-28-2026,True,SPE4A6-26-T-56M3,False,True,7016785055: 38,,downloaded
SPE4A626T47R1,https://www.dibbs.bsm.dla.mil/RFQ/RFQRec.aspx?sn=SPE4A626T47R1,200,20260930T202151Z,data\dibbs_status\status_20260930T191011Z\pages\SPE4A626T47R1.html,Open,Open,05-08-2026,05-15-2026,True,SPE4A6-26-T-47R1,False,True,7016529330: 1,,downloaded
SPE4A626T44B9,https://www.dibbs.bsm.dla.mil/RFQ/RFQRec.aspx?sn=SPE4A626T44B9,200,20260930T202155Z,data\dibbs_status\status_20260930T191011Z\pages\SPE4A626T44B9.html,Open,Open,05-06-2026,05-13-2026,True,SPE4A6-26-T-44B9,False,True,7016644726: See Solicitation; 7016644726: 2,,downloaded
SPE4A626T36K9,https://www.dibbs.bsm.dla.mil/RFQ/RFQRec.aspx?sn=SPE4A626T36K9,200,20260930T202200Z,data\dibbs_status\status_20260930T191011Z\pages\SPE4A626T36K9.html,Open,Open,04-27-2026,05-04-2026,True,SPE4A6-26-T-36K9,False,True,7016471778: See Solicitation; 7016471778: 14,,downloaded
SPE4A626T20FP,https://www.dibbs.bsm.dla.mil/RFQ/RFQRec.aspx?sn=SPE4A626T20FP,200,20260930T202204Z,data\dibbs_status\status_20260930T191011Z\pages\SPE4A626T20FP.html,Open,Open,08-19-2026,08-26-2026,True,SPE4A6-26-T-20FP,False,True,7017870012: 2,,downloaded
SPE4A626T17LC,https://www.dibbs.bsm.dla.mil/RFQ/RFQRec.aspx?sn=SPE4A626T17LC,200,20260930T202208Z,data\dibbs_status\status_20260930T191011Z\pages\SPE4A626T17LC.html,Open,Open,08-17-2026,08-24-2026,True,SPE4A6-26-T-17LC,False,True,7017837833: 1,,downloaded
SPE4A626T17EH,https://www.dibbs.bsm.dla.mil/RFQ/RFQRec.aspx?sn=SPE4A626T17EH,200,20260930T202211Z,data\dibbs_status\status_20260930T191011Z\pages\SPE4A626T17EH.html,Open,Open,08-17-2026,08-24-2026,True,SPE4A6-26-T-17EH,False,True,7017868221: 9,,downloaded
SPE4A626T16MB,https://www.dibbs.bsm.dla.mil/RFQ/RFQRec.aspx?sn=SPE4A626T16MB,200,20260930T202215Z,data\dibbs_status\status_20260930T191011Z\pages\SPE4A626T16MB.html,Open,Open,08-14-2026,08-21-2026,True,SPE4A6-26-T-16MB,False,True,7017868236: 5,,downloaded
SPE4A626T19SR,https://www.dibbs.bsm.dla.mil/RFQ/RFQRec.aspx?sn=SPE4A626T19SR,200,20260930T202219Z,data\dibbs_status\status_20260930T191011Z\pages\SPE4A626T19SR.html,Open,Open,08-19-2026,08-26-2026,True,SPE4A6-26-T-19SR,False,True,7017858527: 1,,downloaded
SPE4A626T20KG,https://www.dibbs.bsm.dla.mil/RFQ/RFQRec.aspx?sn=SPE4A626T20KG,200,20260930T202222Z,data\dibbs_status\status_20260930T191011Z\pages\SPE4A626T20KG.html,Open,Open,08-20-2026,08-27-2026,True,SPE4A6-26-T-20KG,False,True,7017895818: 1,,downloaded
SPE4A626T14TS,https://www.dibbs.bsm.dla.mil/RFQ/RFQRec.aspx?sn=SPE4A626T14TS,200,20260930T202226Z,data\dibbs_status\status_20260930T191011Z\pages\SPE4A626T14TS.html,Open,Open,08-11-2026,08-24-2026,True,SPE4A6-26-T-14TS,False,True,7017763231: 10,,downloaded
SPE4A626T21AL,https://www.dibbs.bsm.dla.mil/RFQ/RFQRec.aspx?sn=SPE4A626T21AL,200,20260930T202230Z,data\dibbs_status\status_20260930T191011Z\pages\SPE4A626T21AL.html,Open,Open,08-20-2026,08-27-2026,True,SPE4A6-26-T-21AL,False,True,7017837703: See Solicitation; 7017837703: 27,,downloaded
SPE4A626T12BY,https://www.dibbs.bsm.dla.mil/RFQ/RFQRec.aspx?sn=SPE4A626T12BY,200,20260930T202233Z,data\dibbs_status\status_20260930T191011Z\pages\SPE4A626T12BY.html,Open,Open,08-05-2026,08-12-2026,True,SPE4A6-26-T-12BY,False,True,7017739939: See Solicitation; 7017739939: 1,,downloaded
SPE4A626T11CV,https://www.dibbs.bsm.dla.mil/RFQ/RFQRec.aspx?sn=SPE4A626T11CV,200,20260930T202237Z,data\dibbs_status\status_20260930T191011Z\pages\SPE4A626T11CV.html,Open,Open,08-03-2026,08-10-2026,True,SPE4A6-26-T-11CV,False,True,7017492986: 1,,downloaded
SPE4A626T10YY,https://www.dibbs.bsm.dla.mil/RFQ/RFQRec.aspx?sn=SPE4A626T10YY,200,20260930T202240Z,data\dibbs_status\status_20260930T191011Z\pages\SPE4A626T10YY.html,Open,Open,07-31-2026,08-07-2026,True,SPE4A6-26-T-10YY,False,True,7015926069: See Solicitation; 7015926069: 35,,downloaded
SPE4A626T10TY,https://www.dibbs.bsm.dla.mil/RFQ/RFQRec.aspx?sn=SPE4A626T10TY,200,20260930T202244Z,data\dibbs_status\status_20260930T191011Z\pages\SPE4A626T10TY.html,Open,Open,07-31-2026,08-07-2026,True,SPE4A6-26-T-10TY,False,True,7017695574: See Solicitation; 7017695574: 62,,downloaded
SPE4A626T20CZ,https://www.dibbs.bsm.dla.mil/RFQ/RFQRec.aspx?sn=SPE4A626T20CZ,200,20260930T202247Z,data\dibbs_status\status_20260930T191011Z\pages\SPE4A626T20CZ.html,Open,Open,08-19-2026,08-26-2026,True,SPE4A6-26-T-20CZ,False,True,7017950219: See Solicitation; 7017950219: See Solicitation; 7017950219: 762,,downloaded
SPE4A626T09VA,https://www.dibbs.bsm.dla.mil/RFQ/RFQRec.aspx?sn=SPE4A626T09VA,200,20260930T202251Z,data\dibbs_status\status_20260930T191011Z\pages\SPE4A626T09VA.html,Open,Open,07-28-2026,08-04-2026,True,SPE4A6-26-T-09VA,False,True,7017486956: See Solicitation; 7017486956: 12,,downloaded
SPE4A626T07GA,https://www.dibbs.bsm.dla.mil/RFQ/RFQRec.aspx?sn=SPE4A626T07GA,200,20260930T202254Z,data\dibbs_status\status_20260930T191011Z\pages\SPE4A626T07GA.html,Open,Open,07-17-2026,07-24-2026,True,SPE4A6-26-T-07GA,False,True,7017529412: 19,,downloaded
SPE4A626T07EU,https://www.dibbs.bsm.dla.mil/RFQ/RFQRec.aspx?sn=SPE4A626T07EU,200,20260930T202258Z,data\dibbs_status\status_20260930T191011Z\pages\SPE4A626T07EU.html,Open,Open,07-17-2026,07-24-2026,True,SPE4A6-26-T-07EU,False,True,7017528022: 7,,downloaded
SPE4A626T04CZ,https://www.dibbs.bsm.dla.mil/RFQ/RFQRec.aspx?sn=SPE4A626T04CZ,200,20260930T202301Z,data\dibbs_status\status_20260930T191011Z\pages\SPE4A626T04CZ.html,Open,Open,07-08-2026,07-15-2026,True,SPE4A6-26-T-04CZ,False,True,7017409626: See Solicitation; 7017409626: 4,,downloaded
SPE4A626T04AD,https://www.dibbs.bsm.dla.mil/RFQ/RFQRec.aspx?sn=SPE4A626T04AD,200,20260930T202306Z,data\dibbs_status\status_20260930T191011Z\pages\SPE4A626T04AD.html,Open,Open,07-08-2026,07-15-2026,True,SPE4A6-26-T-04AD,False,True,7017408384: 7,,downloaded
SPE4A626T03PJ,https://www.dibbs.bsm.dla.mil/RFQ/RFQRec.aspx?sn=SPE4A626T03PJ,200,20260930T202310Z,data\dibbs_status\status_20260930T191011Z\pages\SPE4A626T03PJ.html,Open,Open,07-07-2026,07-17-2026,True,SPE4A6-26-T-03PJ,False,True,7017274279: 3,,downloaded
SPE4A626T03B7,https://www.dibbs.bsm.dla.mil/RFQ/RFQRec.aspx?sn=SPE4A626T03B7,200,20260930T202315Z,data\dibbs_status\status_20260930T191011Z\pages\SPE4A626T03B7.html,Open,Open,03-23-2026,03-30-2026,True,SPE4A6-26-T-03B7,False,True,7015934266: See Solicitation; 7015934266: 1,,downloaded
SPE4A626T02ZD,https://www.dibbs.bsm.dla.mil/RFQ/RFQRec.aspx?sn=SPE4A626T02ZD,200,20260930T202318Z,data\dibbs_status\status_20260930T191011Z\pages\SPE4A626T02ZD.html,Open,Open,07-06-2026,07-13-2026,True,SPE4A6-26-T-02ZD,False,True,7017384949: See Solicitation; 7017384949: 3,,downloaded
SPE4A726T253Y,https://www.dibbs.bsm.dla.mil/RFQ/RFQRec.aspx?sn=SPE4A726T253Y,200,20260930T202322Z,data\dibbs_status\status_20260930T191011Z\pages\SPE4A726T253Y.html,Open,Open,04-15-2026,04-22-2026,True,SPE4A7-26-T-253Y,False,True,7016336302: See Solicitation; 7016336302: 8,,downloaded
SPE4A726T149S,https://www.dibbs.bsm.dla.mil/RFQ/RFQRec.aspx?sn=SPE4A726T149S,200,20260930T202326Z,data\dibbs_status\status_20260930T191011Z\pages\SPE4A726T149S.html,Open,Open,03-26-2026,04-02-2026,True,SPE4A7-26-T-149S,False,True,7016017688: 1,,downloaded
SPE4A726T130V,https://www.dibbs.bsm.dla.mil/RFQ/RFQRec.aspx?sn=SPE4A726T130V,200,20260930T202329Z,data\dibbs_status\status_20260930T191011Z\pages\SPE4A726T130V.html,Open,Open,03-23-2026,03-30-2026,True,SPE4A7-26-T-130V,False,True,7015658497: 3,,downloaded
SPE4A626U2817,https://www.dibbs.bsm.dla.mil/RFQ/RFQRec.aspx?sn=SPE4A626U2817,200,20260930T202333Z,data\dibbs_status\status_20260930T191011Z\pages\SPE4A626U2817.html,Open,Open,04-15-2026,04-29-2026,True,SPE4A6-26-U-2817,False,True,1000230362: 1,,downloaded
SPE7L526T2335,https://www.dibbs.bsm.dla.mil/RFQ/RFQRec.aspx?sn=SPE7L526T2335,200,20260930T202336Z,data\dibbs_status\status_20260930T191011Z\pages\SPE7L526T2335.html,Open,Open,03-10-2026,03-25-2026,True,SPE7L5-26-T-2335,False,True,7015053634: 30,,downloaded
SPE4A626T84C0,https://www.dibbs.bsm.dla.mil/RFQ/RFQRec.aspx?sn=SPE4A626T84C0,200,20260930T202340Z,data\dibbs_status\status_20260930T191011Z\pages\SPE4A626T84C0.html,Open,Open,06-09-2026,06-16-2026,True,SPE4A6-26-T-84C0,False,True,7016930064: 2,,downloaded
SPE4A626T83H3,https://www.dibbs.bsm.dla.mil/RFQ/RFQRec.aspx?sn=SPE4A626T83H3,200,20260930T202344Z,data\dibbs_status\status_20260930T191011Z\pages\SPE4A626T83H3.html,Open,Open,06-09-2026,06-16-2026,True,SPE4A6-26-T-83H3,False,True,7017038970: 1,,downloaded
SPE4A626T800G,https://www.dibbs.bsm.dla.mil/RFQ/RFQRec.aspx?sn=SPE4A626T800G,200,20260930T202347Z,data\dibbs_status\status_20260930T191011Z\pages\SPE4A626T800G.html,Open,Open,02-24-2026,03-06-2026,True,SPE4A6-26-T-800G,False,True,7014383126: 3,,downloaded
SPE4A626T773C,https://www.dibbs.bsm.dla.mil/RFQ/RFQRec.aspx?sn=SPE4A626T773C,200,20260930T202352Z,data\dibbs_status\status_20260930T191011Z\pages\SPE4A626T773C.html,Open,Open,02-23-2026,03-02-2026,True,SPE4A6-26-T-773C,False,True,7015607934: 26,,downloaded
SPE4A626T73G5,https://www.dibbs.bsm.dla.mil/RFQ/RFQRec.aspx?sn=SPE4A626T73G5,200,20260930T202356Z,data\dibbs_status\status_20260930T191011Z\pages\SPE4A626T73G5.html,Open,Open,05-29-2026,06-05-2026,True,SPE4A6-26-T-73G5,False,True,7016645021: 7,,downloaded
SPE4A626T66K0,https://www.dibbs.bsm.dla.mil/RFQ/RFQRec.aspx?sn=SPE4A626T66K0,200,20260930T202400Z,data\dibbs_status\status_20260930T191011Z\pages\SPE4A626T66K0.html,Open,Open,05-21-2026,05-28-2026,True,SPE4A6-26-T-66K0,False,True,7015051491: See Solicitation; 7015051491: 14,,downloaded
SPE4A626T63P2,https://www.dibbs.bsm.dla.mil/RFQ/RFQRec.aspx?sn=SPE4A626T63P2,200,20260930T202404Z,data\dibbs_status\status_20260930T191011Z\pages\SPE4A626T63P2.html,Open,Open,05-20-2026,05-27-2026,True,SPE4A6-26-T-63P2,False,True,7016846652: 19,,downloaded
SPE4A626T616N,https://www.dibbs.bsm.dla.mil/RFQ/RFQRec.aspx?sn=SPE4A626T616N,200,20260930T202408Z,data\dibbs_status\status_20260930T191011Z\pages\SPE4A626T616N.html,Open,Open,02-03-2026,02-10-2026,True,SPE4A6-26-T-616N,False,True,7015153843: 1,,downloaded
SPE4A626T520X,https://www.dibbs.bsm.dla.mil/RFQ/RFQRec.aspx?sn=SPE4A626T520X,200,20260930T202412Z,data\dibbs_status\status_20260930T191011Z\pages\SPE4A626T520X.html,Open,Open,01-21-2026,02-02-2026,True,SPE4A6-26-T-520X,False,True,7015191713: 3,,downloaded
SPE4A626T50J3,https://www.dibbs.bsm.dla.mil/RFQ/RFQRec.aspx?sn=SPE4A626T50J3,200,20260930T202415Z,data\dibbs_status\status_20260930T191011Z\pages\SPE4A626T50J3.html,Open,Open,05-11-2026,05-21-2026,True,SPE4A6-26-T-50J3,False,True,7016723243: 1,,downloaded
SPE4A626T49D6,https://www.dibbs.bsm.dla.mil/RFQ/RFQRec.aspx?sn=SPE4A626T49D6,200,20260930T202419Z,data\dibbs_status\status_20260930T191011Z\pages\SPE4A626T49D6.html,Open,Open,05-08-2026,05-20-2026,True,SPE4A6-26-T-49D6,False,True,7016708338: 2,,downloaded
SPE4A626T493M,https://www.dibbs.bsm.dla.mil/RFQ/RFQRec.aspx?sn=SPE4A626T493M,200,20260930T202423Z,data\dibbs_status\status_20260930T191011Z\pages\SPE4A626T493M.html,Open,Open,01-14-2026,01-21-2026,True,SPE4A6-26-T-493M,False,True,7015054694: See Solicitation; 7015054694: 1,,downloaded
SPE4A626T42K0,https://www.dibbs.bsm.dla.mil/RFQ/RFQRec.aspx?sn=SPE4A626T42K0,200,20260930T202426Z,data\dibbs_status\status_20260930T191011Z\pages\SPE4A626T42K0.html,Open,Open,05-05-2026,05-15-2026,True,SPE4A6-26-T-42K0,False,True,7016437624: 9,,downloaded
SPE4A626T36J8,https://www.dibbs.bsm.dla.mil/RFQ/RFQRec.aspx?sn=SPE4A626T36J8,200,20260930T202429Z,data\dibbs_status\status_20260930T191011Z\pages\SPE4A626T36J8.html,Open,Open,04-27-2026,05-04-2026,True,SPE4A6-26-T-36J8,False,True,7016438481: See Solicitation; 7016438481: 5,,downloaded
SPE4A626T30M8,https://www.dibbs.bsm.dla.mil/RFQ/RFQRec.aspx?sn=SPE4A626T30M8,200,20260930T202434Z,data\dibbs_status\status_20260930T191011Z\pages\SPE4A626T30M8.html,Open,Open,04-23-2026,04-30-2026,True,SPE4A6-26-T-30M8,False,True,7016403392: See Solicitation; 7016403392: 5,,downloaded
SPE4A626T25V8,https://www.dibbs.bsm.dla.mil/RFQ/RFQRec.aspx?sn=SPE4A626T25V8,200,20260930T202438Z,data\dibbs_status\status_20260930T191011Z\pages\SPE4A626T25V8.html,Open,Open,04-17-2026,04-24-2026,True,SPE4A6-26-T-25V8,False,True,7016309985: 1,,downloaded
SPE4A626T18MR,https://www.dibbs.bsm.dla.mil/RFQ/RFQRec.aspx?sn=SPE4A626T18MR,200,20260930T202443Z,data\dibbs_status\status_20260930T191011Z\pages\SPE4A626T18MR.html,Open,Open,08-17-2026,08-24-2026,True,SPE4A6-26-T-18MR,False,True,7017913384: See Solicitation; 7017913384: 166,,downloaded
SPE4A626T17MX,https://www.dibbs.bsm.dla.mil/RFQ/RFQRec.aspx?sn=SPE4A626T17MX,200,20260930T202446Z,data\dibbs_status\status_20260930T191011Z\pages\SPE4A626T17MX.html,Open,Open,08-17-2026,08-24-2026,True,SPE4A6-26-T-17MX,False,True,7017915316: 12,,downloaded
SPE4A626T17JL,https://www.dibbs.bsm.dla.mil/RFQ/RFQRec.aspx?sn=SPE4A626T17JL,200,20260930T202450Z,data\dibbs_status\status_20260930T191011Z\pages\SPE4A626T17JL.html,Open,Open,08-17-2026,08-24-2026,True,SPE4A6-26-T-17JL,False,True,7017493617: See Solicitation; 7017493617: 1,,downloaded
SPE4A626T18XV,https://www.dibbs.bsm.dla.mil/RFQ/RFQRec.aspx?sn=SPE4A626T18XV,200,20260930T202453Z,data\dibbs_status\status_20260930T191011Z\pages\SPE4A626T18XV.html,Open,Open,08-18-2026,08-25-2026,True,SPE4A6-26-T-18XV,False,True,7017912717: See Solicitation; 7017912717: 3,,downloaded
SPE4A626T12ET,https://www.dibbs.bsm.dla.mil/RFQ/RFQRec.aspx?sn=SPE4A626T12ET,200,20260930T202457Z,data\dibbs_status\status_20260930T191011Z\pages\SPE4A626T12ET.html,Open,Open,08-05-2026,08-12-2026,True,SPE4A6-26-T-12ET,False,True,7017739916: See Solicitation; 7017739916: 10,,downloaded
SPE4A626T12AR,https://www.dibbs.bsm.dla.mil/RFQ/RFQRec.aspx?sn=SPE4A626T12AR,200,20260930T202500Z,data\dibbs_status\status_20260930T191011Z\pages\SPE4A626T12AR.html,Open,Open,08-05-2026,08-12-2026,True,SPE4A6-26-T-12AR,False,True,7017740772: See Solicitation; 7017740772: 7,,downloaded
SPE4A626T04QZ,https://www.dibbs.bsm.dla.mil/RFQ/RFQRec.aspx?sn=SPE4A626T04QZ,200,20260930T202505Z,data\dibbs_status\status_20260930T191011Z\pages\SPE4A626T04QZ.html,Open,Open,07-09-2026,07-16-2026,True,SPE4A6-26-T-04QZ,False,True,7017409521: See Solicitation; 7017409521: 2,,downloaded
SPE4A626T03QD,https://www.dibbs.bsm.dla.mil/RFQ/RFQRec.aspx?sn=SPE4A626T03QD,200,20260930T202508Z,data\dibbs_status\status_20260930T191011Z\pages\SPE4A626T03QD.html,Open,Open,07-07-2026,07-14-2026,True,SPE4A6-26-T-03QD,False,True,7017380506: See Solicitation; 7017380506: 5,,downloaded
SPE4A626T02UC,https://www.dibbs.bsm.dla.mil/RFQ/RFQRec.aspx?sn=SPE4A626T02UC,200,20260930T202513Z,data\dibbs_status\status_20260930T191011Z\pages\SPE4A626T02UC.html,Open,Open,07-06-2026,07-13-2026,True,SPE4A6-26-T-02UC,False,True,7017384058: See Solicitation; 7017384058: 4,,downloaded
SPE4A626T02EX,https://www.dibbs.bsm.dla.mil/RFQ/RFQRec.aspx?sn=SPE4A626T02EX,200,20260930T202517Z,data\dibbs_status\status_20260930T191011Z\pages\SPE4A626T02EX.html,Open,Open,07-01-2026,07-08-2026,True,SPE4A6-26-T-02EX,False,True,7014230306: See Solicitation; 7014230306: 4,,downloaded
SPE4A626T01ZM,https://www.dibbs.bsm.dla.mil/RFQ/RFQRec.aspx?sn=SPE4A626T01ZM,200,20260930T202520Z,data\dibbs_status\status_20260930T191011Z\pages\SPE4A626T01ZM.html,Open,Open,06-30-2026,07-07-2026,True,SPE4A6-26-T-01ZM,False,True,7017108990: See Solicitation; 7017108990: 13,,downloaded
SPE4A626T01VB,https://www.dibbs.bsm.dla.mil/RFQ/RFQRec.aspx?sn=SPE4A626T01VB,200,20260930T202524Z,data\dibbs_status\status_20260930T191011Z\pages\SPE4A626T01VB.html,Open,Open,06-30-2026,07-07-2026,True,SPE4A6-26-T-01VB,False,True,7015852557: 3,,downloaded
SPE4A726T252W,https://www.dibbs.bsm.dla.mil/RFQ/RFQRec.aspx?sn=SPE4A726T252W,200,20260930T202527Z,data\dibbs_status\status_20260930T191011Z\pages\SPE4A726T252W.html,Open,Open,04-15-2026,04-22-2026,True,SPE4A7-26-T-252W,False,True,7016336633: See Solicitation; 7016336633: 15,,downloaded
SPE4A726T245U,https://www.dibbs.bsm.dla.mil/RFQ/RFQRec.aspx?sn=SPE4A726T245U,200,20260930T202531Z,data\dibbs_status\status_20260930T191011Z\pages\SPE4A726T245U.html,Open,Open,04-15-2026,04-22-2026,True,SPE4A7-26-T-245U,False,True,7016336008: See Solicitation; 7016336008: 2,,downloaded
SPE4A726T194P,https://www.dibbs.bsm.dla.mil/RFQ/RFQRec.aspx?sn=SPE4A726T194P,200,20260930T202535Z,data\dibbs_status\status_20260930T191011Z\pages\SPE4A726T194P.html,Open,Open,04-03-2026,04-10-2026,True,SPE4A7-26-T-194P,False,True,7016080702: 3,,downloaded
SPE4A726T142K,https://www.dibbs.bsm.dla.mil/RFQ/RFQRec.aspx?sn=SPE4A726T142K,200,20260930T202539Z,data\dibbs_status\status_20260930T191011Z\pages\SPE4A726T142K.html,Open,Open,03-25-2026,04-01-2026,True,SPE4A7-26-T-142K,False,True,7015955357: See Solicitation; 7015955357: 2,,downloaded
SPE4A726T136B,https://www.dibbs.bsm.dla.mil/RFQ/RFQRec.aspx?sn=SPE4A726T136B,200,20260930T202543Z,data\dibbs_status\status_20260930T191011Z\pages\SPE4A726T136B.html,Open,Open,03-24-2026,03-31-2026,True,SPE4A7-26-T-136B,False,True,7015905806: See Solicitation; 7015905806: 1,,downloaded
SPE4A626U3186,https://www.dibbs.bsm.dla.mil/RFQ/RFQRec.aspx?sn=SPE4A626U3186,200,20260930T202548Z,data\dibbs_status\status_20260930T191011Z\pages\SPE4A626U3186.html,Open,Open,06-09-2026,06-26-2026,True,SPE4A6-26-U-3186,False,True,1000181655: 8,,downloaded
SPE4A626U2838,https://www.dibbs.bsm.dla.mil/RFQ/RFQRec.aspx?sn=SPE4A626U2838,200,20260930T202554Z,data\dibbs_status\status_20260930T191011Z\pages\SPE4A626U2838.html,Open,Open,04-17-2026,05-01-2026,True,SPE4A6-26-U-2838,False,True,1000229510: 1394,,downloaded
SPE4A626U2703,https://www.dibbs.bsm.dla.mil/RFQ/RFQRec.aspx?sn=SPE4A626U2703,200,20260930T202559Z,data\dibbs_status\status_20260930T191011Z\pages\SPE4A626U2703.html,Open,Open,04-13-2026,04-27-2026,True,SPE4A6-26-U-2703,False,True,1000230779: 21,,downloaded
SPE4A626T98B4,https://www.dibbs.bsm.dla.mil/RFQ/RFQRec.aspx?sn=SPE4A626T98B4,200,20260930T202603Z,data\dibbs_status\status_20260930T191011Z\pages\SPE4A626T98B4.html,Open,Open,06-18-2026,06-25-2026,True,SPE4A6-26-T-98B4,False,True,7017226603: See Solicitation; 7017226603: 10,,downloaded
SPE4A626T76A3,https://www.dibbs.bsm.dla.mil/RFQ/RFQRec.aspx?sn=SPE4A626T76A3,200,20260930T202607Z,data\dibbs_status\status_20260930T191011Z\pages\SPE4A626T76A3.html,Open,Open,06-03-2026,06-10-2026,True,SPE4A6-26-T-76A3,False,True,7017010239: See Solicitation; 7017010239: 6,,downloaded
SPE4A026T2909,https://www.dibbs.bsm.dla.mil/RFQ/RFQRec.aspx?sn=SPE4A026T2909,200,20260930T202611Z,data\dibbs_status\status_20260930T191011Z\pages\SPE4A026T2909.html,Open,Open,05-04-2026,05-11-2026,True,SPE4A0-26-T-2909,False,True,7016548596: 1,,downloaded
SPE4A626T63K5,https://www.dibbs.bsm.dla.mil/RFQ/RFQRec.aspx?sn=SPE4A626T63K5,200,20260930T202614Z,data\dibbs_status\status_20260930T191011Z\pages\SPE4A626T63K5.html,Open,Open,05-20-2026,05-27-2026,True,SPE4A6-26-T-63K5,False,True,7016848771: See Solicitation; 7016848771: 1,,downloaded
SPE4A626T57R8,https://www.dibbs.bsm.dla.mil/RFQ/RFQRec.aspx?sn=SPE4A626T57R8,200,20260930T202618Z,data\dibbs_status\status_20260930T191011Z\pages\SPE4A626T57R8.html,Open,Open,05-15-2026,05-22-2026,True,SPE4A6-26-T-57R8,False,True,7014382949: See Solicitation; 7014382949: 3,,downloaded
SPE4A626T54M0,https://www.dibbs.bsm.dla.mil/RFQ/RFQRec.aspx?sn=SPE4A626T54M0,200,20260930T202621Z,data\dibbs_status\status_20260930T191011Z\pages\SPE4A626T54M0.html,Open,Open,05-14-2026,05-21-2026,True,SPE4A6-26-T-54M0,False,True,7016645005: See Solicitation; 7016645005: 37,,downloaded
SPE4A626T51E1,https://www.dibbs.bsm.dla.mil/RFQ/RFQRec.aspx?sn=SPE4A626T51E1,200,20260930T202625Z,data\dibbs_status\status_20260930T191011Z\pages\SPE4A626T51E1.html,Open,Open,05-12-2026,05-19-2026,True,SPE4A6-26-T-51E1,False,True,7013333849: See Solicitation; 7013333849: 79,,downloaded
SPE4A626T472Z,https://www.dibbs.bsm.dla.mil/RFQ/RFQRec.aspx?sn=SPE4A626T472Z,200,20260930T202630Z,data\dibbs_status\status_20260930T191011Z\pages\SPE4A626T472Z.html,Open,Open,01-13-2026,01-20-2026,True,SPE4A6-26-T-472Z,False,True,7015084954: 1,,downloaded
SPE4A626T21M9,https://www.dibbs.bsm.dla.mil/RFQ/RFQRec.aspx?sn=SPE4A626T21M9,200,20260930T202634Z,data\dibbs_status\status_20260930T191011Z\pages\SPE4A626T21M9.html,Open,Open,04-15-2026,04-22-2026,True,SPE4A6-26-T-21M9,False,True,7016336347: 2,,downloaded
SPE4A626T19MD,https://www.dibbs.bsm.dla.mil/RFQ/RFQRec.aspx?sn=SPE4A626T19MD,200,20260930T202638Z,data\dibbs_status\status_20260930T191011Z\pages\SPE4A626T19MD.html,Open,Open,08-19-2026,08-26-2026,True,SPE4A6-26-T-19MD,False,True,7017939264: See Solicitation; 7017939264: 88,,downloaded
SPE4A626T19GG,https://www.dibbs.bsm.dla.mil/RFQ/RFQRec.aspx?sn=SPE4A626T19GG,200,20260930T202642Z,data\dibbs_status\status_20260930T191011Z\pages\SPE4A626T19GG.html,Open,Open,08-19-2026,08-26-2026,True,SPE4A6-26-T-19GG,False,True,7017940998: 30,,downloaded
SPE4A626T17AR,https://www.dibbs.bsm.dla.mil/RFQ/RFQRec.aspx?sn=SPE4A626T17AR,200,20260930T202645Z,data\dibbs_status\status_20260930T191011Z\pages\SPE4A626T17AR.html,Open,Open,08-17-2026,08-24-2026,True,SPE4A6-26-T-17AR,False,True,7017868048: 1,,downloaded
SPE4A626T16JH,https://www.dibbs.bsm.dla.mil/RFQ/RFQRec.aspx?sn=SPE4A626T16JH,200,20260930T202649Z,data\dibbs_status\status_20260930T191011Z\pages\SPE4A626T16JH.html,Open,Open,08-13-2026,08-20-2026,True,SPE4A6-26-T-16JH,False,True,7017869424: See Solicitation; 7017869424: 2,,downloaded
SPE4A626T15YY,https://www.dibbs.bsm.dla.mil/RFQ/RFQRec.aspx?sn=SPE4A626T15YY,200,20260930T202653Z,data\dibbs_status\status_20260930T191011Z\pages\SPE4A626T15YY.html,Open,Open,08-13-2026,08-20-2026,True,SPE4A6-26-T-15YY,False,True,7017528909: 1,,downloaded
SPE4A626T14CT,https://www.dibbs.bsm.dla.mil/RFQ/RFQRec.aspx?sn=SPE4A626T14CT,200,20260930T202656Z,data\dibbs_status\status_20260930T191011Z\pages\SPE4A626T14CT.html,Open,Open,08-07-2026,08-14-2026,True,SPE4A6-26-T-14CT,False,True,7017765834: See Solicitation; 7017765834: See Solicitation; 7017765834: 3,,downloaded
SPE4A626T13NZ,https://www.dibbs.bsm.dla.mil/RFQ/RFQRec.aspx?sn=SPE4A626T13NZ,200,20260930T202700Z,data\dibbs_status\status_20260930T191011Z\pages\SPE4A626T13NZ.html,Open,Open,08-06-2026,08-13-2026,True,SPE4A6-26-T-13NZ,False,True,7017739714: See Solicitation; 7017739714: 27,,downloaded
SPE4A626T13NF,https://www.dibbs.bsm.dla.mil/RFQ/RFQRec.aspx?sn=SPE4A626T13NF,200,20260930T202704Z,data\dibbs_status\status_20260930T191011Z\pages\SPE4A626T13NF.html,Open,Open,08-06-2026,08-13-2026,True,SPE4A6-26-T-13NF,False,True,7017109454: See Solicitation; 7017109454: 29,,downloaded
SPE4A626T09SV,https://www.dibbs.bsm.dla.mil/RFQ/RFQRec.aspx?sn=SPE4A626T09SV,200,20260930T202708Z,data\dibbs_status\status_20260930T191011Z\pages\SPE4A626T09SV.html,Open,Open,07-27-2026,08-03-2026,True,SPE4A6-26-T-09SV,False,True,7017148387: See Solicitation; 7017148387: 13,,downloaded
SPE4A626T07LC,https://www.dibbs.bsm.dla.mil/RFQ/RFQRec.aspx?sn=SPE4A626T07LC,200,20260930T202711Z,data\dibbs_status\status_20260930T191011Z\pages\SPE4A626T07LC.html,Open,Open,07-17-2026,07-24-2026,True,SPE4A6-26-T-07LC,False,True,7017527853: See Solicitation; 7017527853: 1,,downloaded
SPE4A626T07BX,https://www.dibbs.bsm.dla.mil/RFQ/RFQRec.aspx?sn=SPE4A626T07BX,200,20260930T202715Z,data\dibbs_status\status_20260930T191011Z\pages\SPE4A626T07BX.html,Open,Open,07-17-2026,07-24-2026,True,SPE4A6-26-T-07BX,False,True,7017528826: 4,,downloaded
SPE7M126T142H,https://www.dibbs.bsm.dla.mil/RFQ/RFQRec.aspx?sn=SPE7M126T142H,200,20260930T202718Z,data\dibbs_status\status_20260930T191011Z\pages\SPE7M126T142H.html,Open,Open,06-12-2026,06-25-2026,True,SPE7M1-26-T-142H,False,True,7017112723: 1,,downloaded
SPE4A626T05BB,https://www.dibbs.bsm.dla.mil/RFQ/RFQRec.aspx?sn=SPE4A626T05BB,200,20260930T202722Z,data\dibbs_status\status_20260930T191011Z\pages\SPE4A626T05BB.html,Open,Open,07-10-2026,07-17-2026,True,SPE4A6-26-T-05BB,False,True,7015604319: 3,,downloaded
SPE4A626T04HS,https://www.dibbs.bsm.dla.mil/RFQ/RFQRec.aspx?sn=SPE4A626T04HS,200,20260930T202726Z,data\dibbs_status\status_20260930T191011Z\pages\SPE4A626T04HS.html,Open,Open,07-08-2026,07-15-2026,True,SPE4A6-26-T-04HS,False,True,7017408211: 11,,downloaded
SPE4A626T03QA,https://www.dibbs.bsm.dla.mil/RFQ/RFQRec.aspx?sn=SPE4A626T03QA,200,20260930T202729Z,data\dibbs_status\status_20260930T191011Z\pages\SPE4A626T03QA.html,Open,Open,07-07-2026,07-14-2026,True,SPE4A6-26-T-03QA,False,True,7017380507: See Solicitation; 7017380507: 2,,downloaded
SPE4A626T02CQ,https://www.dibbs.bsm.dla.mil/RFQ/RFQRec.aspx?sn=SPE4A626T02CQ,200,20260930T202733Z,data\dibbs_status\status_20260930T191011Z\pages\SPE4A626T02CQ.html,Open,Open,07-01-2026,07-13-2026,True,SPE4A6-26-T-02CQ,False,True,7017274275: 4,,downloaded
SPE4A626T01MM,https://www.dibbs.bsm.dla.mil/RFQ/RFQRec.aspx?sn=SPE4A626T01MM,200,20260930T202737Z,data\dibbs_status\status_20260930T191011Z\pages\SPE4A626T01MM.html,Open,Open,06-29-2026,07-06-2026,True,SPE4A6-26-T-01MM,False,True,7015955884: See Solicitation; 7015955884: 5,,downloaded
SPE4A626T01LL,https://www.dibbs.bsm.dla.mil/RFQ/RFQRec.aspx?sn=SPE4A626T01LL,200,20260930T202741Z,data\dibbs_status\status_20260930T191011Z\pages\SPE4A626T01LL.html,Open,Open,06-29-2026,07-06-2026,True,SPE4A6-26-T-01LL,False,True,7015853352: 17,,downloaded
SPE4A726T218K,https://www.dibbs.bsm.dla.mil/RFQ/RFQRec.aspx?sn=SPE4A726T218K,200,20260930T202745Z,data\dibbs_status\status_20260930T191011Z\pages\SPE4A726T218K.html,Open,Open,04-08-2026,04-15-2026,True,SPE4A7-26-T-218K,False,True,7016227372: See Solicitation; 7016227372: 4,,downloaded
SPE4A726T210N,https://www.dibbs.bsm.dla.mil/RFQ/RFQRec.aspx?sn=SPE4A726T210N,200,20260930T202749Z,data\dibbs_status\status_20260930T191011Z\pages\SPE4A726T210N.html,Open,Open,04-08-2026,04-15-2026,True,SPE4A7-26-T-210N,False,True,7016227101: See Solicitation; 7016227101: 8,,downloaded
SPE4A726T150L,https://www.dibbs.bsm.dla.mil/RFQ/RFQRec.aspx?sn=SPE4A726T150L,200,20260930T202753Z,data\dibbs_status\status_20260930T191011Z\pages\SPE4A726T150L.html,Open,Open,03-26-2026,04-02-2026,True,SPE4A7-26-T-150L,False,True,7016049267: See Solicitation; 7016049267: 35,,downloaded
SPE4A726T089Q,https://www.dibbs.bsm.dla.mil/RFQ/RFQRec.aspx?sn=SPE4A726T089Q,200,20260930T202757Z,data\dibbs_status\status_20260930T191011Z\pages\SPE4A726T089Q.html,Open,Open,03-13-2026,03-20-2026,True,SPE4A7-26-T-089Q,False,True,7015853651: See Solicitation; 7015853651: 3,,downloaded
SPE4A726T075C,https://www.dibbs.bsm.dla.mil/RFQ/RFQRec.aspx?sn=SPE4A726T075C,200,20260930T202801Z,data\dibbs_status\status_20260930T191011Z\pages\SPE4A726T075C.html,Open,Open,03-11-2026,03-23-2026,True,SPE4A7-26-T-075C,False,True,7015854618: 23,,downloaded
SPE4A726T049U,https://www.dibbs.bsm.dla.mil/RFQ/RFQRec.aspx?sn=SPE4A726T049U,200,20260930T202804Z,data\dibbs_status\status_20260930T191011Z\pages\SPE4A726T049U.html,Open,Open,03-06-2026,03-13-2026,True,SPE4A7-26-T-049U,False,True,7015537058: 10,,downloaded
SPE4A626U3233,https://www.dibbs.bsm.dla.mil/RFQ/RFQRec.aspx?sn=SPE4A626U3233,200,20260930T202808Z,data\dibbs_status\status_20260930T191011Z\pages\SPE4A626U3233.html,Open,Open,06-18-2026,07-08-2026,True,SPE4A6-26-U-3233,False,True,1000235461: 36,,downloaded
SPE4A626U2952,https://www.dibbs.bsm.dla.mil/RFQ/RFQRec.aspx?sn=SPE4A626U2952,200,20260930T202811Z,data\dibbs_status\status_20260930T191011Z\pages\SPE4A626U2952.html,Open,Open,04-30-2026,05-14-2026,True,SPE4A6-26-U-2952,False,True,1000223909: 5,,downloaded
SPE4A626U2456,https://www.dibbs.bsm.dla.mil/RFQ/RFQRec.aspx?sn=SPE4A626U2456,200,20260930T202815Z,data\dibbs_status\status_20260930T191011Z\pages\SPE4A626U2456.html,Open,Open,03-26-2026,04-14-2026,True,SPE4A6-26-U-2456,False,True,1000227258: 16,,downloaded
SPE4A626T89P2,https://www.dibbs.bsm.dla.mil/RFQ/RFQRec.aspx?sn=SPE4A626T89P2,200,20260930T202818Z,data\dibbs_status\status_20260930T191011Z\pages\SPE4A626T89P2.html,Open,Open,06-15-2026,06-22-2026,True,SPE4A6-26-T-89P2,False,True,7017147146: See Solicitation; 7017147146: 1,,downloaded
SPE4A626T88V1,https://www.dibbs.bsm.dla.mil/RFQ/RFQRec.aspx?sn=SPE4A626T88V1,200,20260930T202822Z,data\dibbs_status\status_20260930T191011Z\pages\SPE4A626T88V1.html,Open,Open,06-12-2026,06-22-2026,True,SPE4A6-26-T-88V1,False,True,7017010242: 1,,downloaded
SPE4A626T822A,https://www.dibbs.bsm.dla.mil/RFQ/RFQRec.aspx?sn=SPE4A626T822A,200,20260930T202825Z,data\dibbs_status\status_20260930T191011Z\pages\SPE4A626T822A.html,Open,Open,02-25-2026,03-04-2026,True,SPE4A6-26-T-822A,False,True,7015604954: 37,,downloaded
SPE4A626T80V6,https://www.dibbs.bsm.dla.mil/RFQ/RFQRec.aspx?sn=SPE4A626T80V6,200,20260930T202831Z,data\dibbs_status\status_20260930T191011Z\pages\SPE4A626T80V6.html,Open,Open,06-05-2026,06-12-2026,True,SPE4A6-26-T-80V6,False,True,7016869814: See Solicitation; 7016869814: 1,,downloaded
SPE4A726T262W,https://www.dibbs.bsm.dla.mil/RFQ/RFQRec.aspx?sn=SPE4A726T262W,200,20260930T202834Z,data\dibbs_status\status_20260930T191011Z\pages\SPE4A726T262W.html,Open,Open,04-17-2026,04-24-2026,True,SPE4A7-26-T-262W,False,True,7016376418: 3,,downloaded
SPE4A726T227Q,https://www.dibbs.bsm.dla.mil/RFQ/RFQRec.aspx?sn=SPE4A726T227Q,200,20260930T202838Z,data\dibbs_status\status_20260930T191011Z\pages\SPE4A726T227Q.html,Open,Open,04-10-2026,04-17-2026,True,SPE4A7-26-T-227Q,False,True,7015599429: See Solicitation; 7015599429: 39,,downloaded
SPE4A726T214U,https://www.dibbs.bsm.dla.mil/RFQ/RFQRec.aspx?sn=SPE4A726T214U,200,20260930T202841Z,data\dibbs_status\status_20260930T191011Z\pages\SPE4A726T214U.html,Open,Open,04-08-2026,04-15-2026,True,SPE4A7-26-T-214U,False,True,7016228516: See Solicitation; 7016228516: 1,,downloaded
SPE4A726T212Q,https://www.dibbs.bsm.dla.mil/RFQ/RFQRec.aspx?sn=SPE4A726T212Q,200,20260930T202844Z,data\dibbs_status\status_20260930T191011Z\pages\SPE4A726T212Q.html,Open,Open,04-08-2026,04-15-2026,True,SPE4A7-26-T-212Q,False,True,7016228632: See Solicitation; 7016228632: 265,,downloaded
SPE4A726T9492,https://www.dibbs.bsm.dla.mil/RFQ/RFQRec.aspx?sn=SPE4A726T9492,200,20260930T202848Z,data\dibbs_status\status_20260930T191011Z\pages\SPE4A726T9492.html,Open,Open,02-19-2026,02-26-2026,True,SPE4A7-26-T-9492,False,True,7014544895: See Solicitation; 7014544895: 9,,downloaded
SPE4A726T9463,https://www.dibbs.bsm.dla.mil/RFQ/RFQRec.aspx?sn=SPE4A726T9463,200,20260930T202851Z,data\dibbs_status\status_20260930T191011Z\pages\SPE4A726T9463.html,Open,Open,02-18-2026,02-25-2026,True,SPE4A7-26-T-9463,False,True,7015476410: See Solicitation; 7015476410: 16,,downloaded
SPE4A626T69H5,https://www.dibbs.bsm.dla.mil/RFQ/RFQRec.aspx?sn=SPE4A626T69H5,200,20260930T202855Z,data\dibbs_status\status_20260930T191011Z\pages\SPE4A626T69H5.html,Open,Open,05-22-2026,05-29-2026,True,SPE4A6-26-T-69H5,False,True,7016845218: See Solicitation; 7016845218: 5,,downloaded
SPE4A626T68J1,https://www.dibbs.bsm.dla.mil/RFQ/RFQRec.aspx?sn=SPE4A626T68J1,200,20260930T202859Z,data\dibbs_status\status_20260930T191011Z\pages\SPE4A626T68J1.html,Open,Open,05-22-2026,06-04-2026,True,SPE4A6-26-T-68J1,False,True,7016832984: 1,,downloaded
SPE4A626T67K2,https://www.dibbs.bsm.dla.mil/RFQ/RFQRec.aspx?sn=SPE4A626T67K2,200,20260930T202902Z,data\dibbs_status\status_20260930T191011Z\pages\SPE4A626T67K2.html,Open,Open,05-21-2026,05-28-2026,True,SPE4A6-26-T-67K2,False,True,7016879964: See Solicitation; 7016879964: 5,,downloaded
SPE4A626T60P3,https://www.dibbs.bsm.dla.mil/RFQ/RFQRec.aspx?sn=SPE4A626T60P3,200,20260930T202906Z,data\dibbs_status\status_20260930T191011Z\pages\SPE4A626T60P3.html,Open,Open,05-19-2026,05-26-2026,True,SPE4A6-26-T-60P3,False,True,7014545161: See Solicitation; 7014545161: 2,,downloaded
SPE4A626T55K3,https://www.dibbs.bsm.dla.mil/RFQ/RFQRec.aspx?sn=SPE4A626T55K3,200,20260930T202909Z,data\dibbs_status\status_20260930T191011Z\pages\SPE4A626T55K3.html,Open,Open,05-14-2026,05-28-2026,True,SPE4A6-26-T-55K3,False,True,7016783267: 8,,downloaded
SPE4A726T192H,https://www.dibbs.bsm.dla.mil/RFQ/RFQRec.aspx?sn=SPE4A726T192H,200,20260930T202913Z,data\dibbs_status\status_20260930T191011Z\pages\SPE4A726T192H.html,Open,Open,04-03-2026,06-26-2026,True,SPE4A7-26-T-192H,False,True,7016153671: 4,,downloaded
SPE4A726T149Y,https://www.dibbs.bsm.dla.mil/RFQ/RFQRec.aspx?sn=SPE4A726T149Y,200,20260930T202918Z,data\dibbs_status\status_20260930T191011Z\pages\SPE4A726T149Y.html,Open,Open,03-26-2026,04-02-2026,True,SPE4A7-26-T-149Y,False,True,7016048569: See Solicitation; 7016048569: 15,,downloaded
SPE4A726T097C,https://www.dibbs.bsm.dla.mil/RFQ/RFQRec.aspx?sn=SPE4A726T097C,200,20260930T202922Z,data\dibbs_status\status_20260930T191011Z\pages\SPE4A726T097C.html,Open,Open,03-17-2026,03-24-2026,True,SPE4A7-26-T-097C,False,True,7015854473: See Solicitation; 7015854473: 8,,downloaded
SPE4A726T075M,https://www.dibbs.bsm.dla.mil/RFQ/RFQRec.aspx?sn=SPE4A726T075M,200,20260930T202925Z,data\dibbs_status\status_20260930T191011Z\pages\SPE4A726T075M.html,Open,Open,03-11-2026,03-18-2026,True,SPE4A7-26-T-075M,False,True,7015854006: See Solicitation; 7015854006: 17,,downloaded
SPE4A726T075G,https://www.dibbs.bsm.dla.mil/RFQ/RFQRec.aspx?sn=SPE4A726T075G,200,20260930T202929Z,data\dibbs_status\status_20260930T191011Z\pages\SPE4A726T075G.html,Open,Open,03-11-2026,03-18-2026,True,SPE4A7-26-T-075G,False,True,7015853304: See Solicitation; 7015853304: 13,,downloaded
SPE4A726T073M,https://www.dibbs.bsm.dla.mil/RFQ/RFQRec.aspx?sn=SPE4A726T073M,200,20260930T202932Z,data\dibbs_status\status_20260930T191011Z\pages\SPE4A726T073M.html,Open,Open,03-11-2026,03-18-2026,True,SPE4A7-26-T-073M,False,True,7015688843: See Solicitation; 7015688843: 6,,downloaded
SPE4A726T069V,https://www.dibbs.bsm.dla.mil/RFQ/RFQRec.aspx?sn=SPE4A726T069V,200,20260930T202936Z,data\dibbs_status\status_20260930T191011Z\pages\SPE4A726T069V.html,Open,Open,03-11-2026,03-18-2026,True,SPE4A7-26-T-069V,False,True,7015853738: See Solicitation; 7015853738: 12,,downloaded
SPE4A726T042N,https://www.dibbs.bsm.dla.mil/RFQ/RFQRec.aspx?sn=SPE4A726T042N,200,20260930T202939Z,data\dibbs_status\status_20260930T191011Z\pages\SPE4A726T042N.html,Open,Open,03-05-2026,03-12-2026,True,SPE4A7-26-T-042N,False,True,7013943647: See Solicitation; 7013943647: 5,,downloaded
SPE4A626U2795,https://www.dibbs.bsm.dla.mil/RFQ/RFQRec.aspx?sn=SPE4A626U2795,200,20260930T202943Z,data\dibbs_status\status_20260930T191011Z\pages\SPE4A626U2795.html,Open,Open,04-14-2026,05-01-2026,True,SPE4A6-26-U-2795,False,True,1000231153: 97,,downloaded
SPE4A626U2578,https://www.dibbs.bsm.dla.mil/RFQ/RFQRec.aspx?sn=SPE4A626U2578,200,20260930T202946Z,data\dibbs_status\status_20260930T191011Z\pages\SPE4A626U2578.html,Open,Open,04-09-2026,04-23-2026,True,SPE4A6-26-U-2578,False,True,1000229528: 4,,downloaded
SPE7M126T370P,https://www.dibbs.bsm.dla.mil/RFQ/RFQRec.aspx?sn=SPE7M126T370P,200,20260930T202952Z,data\dibbs_status\status_20260930T191011Z\pages\SPE7M126T370P.html,Open,Open,09-24-2026,10-05-2026,True,SPE7M1-26-T-370P,False,True,7017437855: 9,,downloaded
SPE7M126T351C,https://www.dibbs.bsm.dla.mil/RFQ/RFQRec.aspx?sn=SPE7M126T351C,200,20260930T202957Z,data\dibbs_status\status_20260930T191011Z\pages\SPE7M126T351C.html,Open,Open,09-14-2026,09-24-2026,True,SPE7M1-26-T-351C,False,True,7017780995: 2,,downloaded
SPE7M126T324G,https://www.dibbs.bsm.dla.mil/RFQ/RFQRec.aspx?sn=SPE7M126T324G,200,20260930T203001Z,data\dibbs_status\status_20260930T191011Z\pages\SPE7M126T324G.html,Open,Open,09-02-2026,09-14-2026,True,SPE7M1-26-T-324G,False,True,7017397569: 1,,downloaded
SPE7L126T766W,https://www.dibbs.bsm.dla.mil/RFQ/RFQRec.aspx?sn=SPE7L126T766W,200,20260930T203004Z,data\dibbs_status\status_20260930T191011Z\pages\SPE7L126T766W.html,Open,Open,06-26-2026,07-06-2026,True,SPE7L1-26-T-766W,False,True,7016983041: 1,,downloaded
SPE7L426T6402,https://www.dibbs.bsm.dla.mil/RFQ/RFQRec.aspx?sn=SPE7L426T6402,200,20260930T203008Z,data\dibbs_status\status_20260930T191011Z\pages\SPE7L426T6402.html,Open,Open,08-20-2026,08-31-2026,True,SPE7L4-26-T-6402,False,True,7017777467: 6,,downloaded
